<?xml version="1.0" encoding="UTF-8" ?>
<feature
	id="org.eclipse.babel.nls_technology.dltk_zh_TW"
	label="Babel Language Pack for technology.dltk in Chinese (Traditional) (57.78%)"
	image="eclipse_update_120.jpg"
	provider-name="%providerName"
	version="3.5.0.v20090620043401">
	<copyright>
		%copyright
	</copyright>
	<license url="%licenseURL">
		%license
	</license>
	<description>Babel Language Pack for technology.dltk in Chinese (Traditional)</description>
	<plugin fragment="true" id="org.eclipse.dltk.console.nl_zh_TW" unpack="false" version="3.5.0.v20090620043401" download-size="1389" install-size="1389" />
	<plugin fragment="true" id="org.eclipse.dltk.console.ui.nl_zh_TW" unpack="false" version="3.5.0.v20090620043401" download-size="2450" install-size="2450" />
	<plugin fragment="true" id="org.eclipse.dltk.core.doc.isv.nl_zh_TW" unpack="false" version="3.5.0.v20090620043401" download-size="1394" install-size="1394" />
	<plugin fragment="true" id="org.eclipse.dltk.core.nl_zh_TW" unpack="false" version="3.5.0.v20090620043401" download-size="5823" install-size="5823" />
	<plugin fragment="true" id="org.eclipse.dltk.debug.nl_zh_TW" unpack="false" version="3.5.0.v20090620043401" download-size="3323" install-size="3323" />
	<plugin fragment="true" id="org.eclipse.dltk.debug.ui.nl_zh_TW" unpack="false" version="3.5.0.v20090620043401" download-size="10570" install-size="10570" />
	<plugin fragment="true" id="org.eclipse.dltk.formatter.nl_zh_TW" unpack="false" version="3.5.0.v20090620043401" download-size="2361" install-size="2361" />
	<plugin fragment="true" id="org.eclipse.dltk.itcl.core.nl_zh_TW" unpack="false" version="3.5.0.v20090620043401" download-size="1391" install-size="1391" />
	<plugin fragment="true" id="org.eclipse.dltk.itcl.nl_zh_TW" unpack="false" version="3.5.0.v20090620043401" download-size="1386" install-size="1386" />
	<plugin fragment="true" id="org.eclipse.dltk.itcl.ui.nl_zh_TW" unpack="false" version="3.5.0.v20090620043401" download-size="1390" install-size="1390" />
	<plugin fragment="true" id="org.eclipse.dltk.javascript.core.dom.support.nl_zh_TW" unpack="false" version="3.5.0.v20090620043401" download-size="1405" install-size="1405" />
	<plugin fragment="true" id="org.eclipse.dltk.javascript.core.nl_zh_TW" unpack="false" version="3.5.0.v20090620043401" download-size="1395" install-size="1395" />
	<plugin fragment="true" id="org.eclipse.dltk.javascript.debug.nl_zh_TW" unpack="false" version="3.5.0.v20090620043401" download-size="1396" install-size="1396" />
	<plugin fragment="true" id="org.eclipse.dltk.javascript.debug.ui.nl_zh_TW" unpack="false" version="3.5.0.v20090620043401" download-size="3415" install-size="3415" />
	<plugin fragment="true" id="org.eclipse.dltk.javascript.formatter.nl_zh_TW" unpack="false" version="3.5.0.v20090620043401" download-size="3148" install-size="3148" />
	<plugin fragment="true" id="org.eclipse.dltk.javascript.jsjdtdebugger.nl_zh_TW" unpack="false" version="3.5.0.v20090620043401" download-size="1405" install-size="1405" />
	<plugin fragment="true" id="org.eclipse.dltk.javascript.launching.nl_zh_TW" unpack="false" version="3.5.0.v20090620043401" download-size="1399" install-size="1399" />
	<plugin fragment="true" id="org.eclipse.dltk.javascript.rhino.dbgp.nl_zh_TW" unpack="false" version="3.5.0.v20090620043401" download-size="1402" install-size="1402" />
	<plugin fragment="true" id="org.eclipse.dltk.javascript.rhino.nl_zh_TW" unpack="false" version="3.5.0.v20090620043401" download-size="1395" install-size="1395" />
	<plugin fragment="true" id="org.eclipse.dltk.javascript.ui.nl_zh_TW" unpack="false" version="3.5.0.v20090620043401" download-size="3428" install-size="3428" />
	<plugin fragment="true" id="org.eclipse.dltk.launching.nl_zh_TW" unpack="false" version="3.5.0.v20090620043401" download-size="3065" install-size="3065" />
	<plugin fragment="true" id="org.eclipse.dltk.mylyn.nl_zh_TW" unpack="false" version="3.5.0.v20090620043401" download-size="1388" install-size="1388" />
	<plugin fragment="true" id="org.eclipse.dltk.nl_zh_TW" unpack="false" version="3.5.0.v20090620043401" download-size="1383" install-size="1383" />
	<plugin fragment="true" id="org.eclipse.dltk.python.activestatedebugger.nl_zh_TW" unpack="false" version="3.5.0.v20090620043401" download-size="1402" install-size="1402" />
	<plugin fragment="true" id="org.eclipse.dltk.python.core.nl_zh_TW" unpack="false" version="3.5.0.v20090620043401" download-size="1391" install-size="1391" />
	<plugin fragment="true" id="org.eclipse.dltk.python.debug.nl_zh_TW" unpack="false" version="3.5.0.v20090620043401" download-size="1393" install-size="1393" />
	<plugin fragment="true" id="org.eclipse.dltk.python.debug.ui.nl_zh_TW" unpack="false" version="3.5.0.v20090620043401" download-size="3186" install-size="3186" />
	<plugin fragment="true" id="org.eclipse.dltk.python.launching.nl_zh_TW" unpack="false" version="3.5.0.v20090620043401" download-size="1395" install-size="1395" />
	<plugin fragment="true" id="org.eclipse.dltk.python.ui.nl_zh_TW" unpack="false" version="3.5.0.v20090620043401" download-size="2844" install-size="2844" />
	<plugin fragment="true" id="org.eclipse.dltk.rse.core.nl_zh_TW" unpack="false" version="3.5.0.v20090620043401" download-size="1390" install-size="1390" />
	<plugin fragment="true" id="org.eclipse.dltk.rse.nl_zh_TW" unpack="false" version="3.5.0.v20090620043401" download-size="1385" install-size="1385" />
	<plugin fragment="true" id="org.eclipse.dltk.rse.ui.nl_zh_TW" unpack="false" version="3.5.0.v20090620043401" download-size="1388" install-size="1388" />
	<plugin fragment="true" id="org.eclipse.dltk.ruby.abstractdebugger.nl_zh_TW" unpack="false" version="3.5.0.v20090620043401" download-size="1401" install-size="1401" />
	<plugin fragment="true" id="org.eclipse.dltk.ruby.activestatedebugger.nl_zh_TW" unpack="false" version="3.5.0.v20090620043401" download-size="1404" install-size="1404" />
	<plugin fragment="true" id="org.eclipse.dltk.ruby.basicdebugger.nl_zh_TW" unpack="false" version="3.5.0.v20090620043401" download-size="1397" install-size="1397" />
	<plugin fragment="true" id="org.eclipse.dltk.ruby.core.nl_zh_TW" unpack="false" version="3.5.0.v20090620043401" download-size="1955" install-size="1955" />
	<plugin fragment="true" id="org.eclipse.dltk.ruby.debug.nl_zh_TW" unpack="false" version="3.5.0.v20090620043401" download-size="1390" install-size="1390" />
	<plugin fragment="true" id="org.eclipse.dltk.ruby.debug.ui.nl_zh_TW" unpack="false" version="3.5.0.v20090620043401" download-size="3185" install-size="3185" />
	<plugin fragment="true" id="org.eclipse.dltk.ruby.fastdebugger.nl_zh_TW" unpack="false" version="3.5.0.v20090620043401" download-size="1398" install-size="1398" />
	<plugin fragment="true" id="org.eclipse.dltk.ruby.formatter.nl_zh_TW" unpack="false" version="3.5.0.v20090620043401" download-size="2570" install-size="2570" />
	<plugin fragment="true" id="org.eclipse.dltk.ruby.launching.nl_zh_TW" unpack="false" version="3.5.0.v20090620043401" download-size="1394" install-size="1394" />
	<plugin fragment="true" id="org.eclipse.dltk.ruby.nl_zh_TW" unpack="false" version="3.5.0.v20090620043401" download-size="1387" install-size="1387" />
	<plugin fragment="true" id="org.eclipse.dltk.ruby.testing.nl_zh_TW" unpack="false" version="3.5.0.v20090620043401" download-size="2434" install-size="2434" />
	<plugin fragment="true" id="org.eclipse.dltk.ruby.ui.nl_zh_TW" unpack="false" version="3.5.0.v20090620043401" download-size="5199" install-size="5199" />
	<plugin fragment="true" id="org.eclipse.dltk.tcl.activestatedebugger.nl_zh_TW" unpack="false" version="3.5.0.v20090620043401" download-size="2786" install-size="2786" />
	<plugin fragment="true" id="org.eclipse.dltk.tcl.core.nl_zh_TW" unpack="false" version="3.5.0.v20090620043401" download-size="1409" install-size="1409" />
	<plugin fragment="true" id="org.eclipse.dltk.tcl.debug.nl_zh_TW" unpack="false" version="3.5.0.v20090620043401" download-size="1391" install-size="1391" />
	<plugin fragment="true" id="org.eclipse.dltk.tcl.debug.ui.nl_zh_TW" unpack="false" version="3.5.0.v20090620043401" download-size="3683" install-size="3683" />
	<plugin fragment="true" id="org.eclipse.dltk.tcl.doc.user.nl_zh_TW" unpack="false" version="3.5.0.v20090620043401" download-size="1761" install-size="1761" />
	<plugin fragment="true" id="org.eclipse.dltk.tcl.launching.nl_zh_TW" unpack="false" version="3.5.0.v20090620043401" download-size="1394" install-size="1394" />
	<plugin fragment="true" id="org.eclipse.dltk.tcl.nl_zh_TW" unpack="false" version="3.5.0.v20090620043401" download-size="1385" install-size="1385" />
	<plugin fragment="true" id="org.eclipse.dltk.tcl.parser.nl_zh_TW" unpack="false" version="3.5.0.v20090620043401" download-size="3021" install-size="3021" />
	<plugin fragment="true" id="org.eclipse.dltk.tcl.tclchecker.nl_zh_TW" unpack="false" version="3.5.0.v20090620043401" download-size="4335" install-size="4335" />
	<plugin fragment="true" id="org.eclipse.dltk.tcl.tcllib.nl_zh_TW" unpack="false" version="3.5.0.v20090620043401" download-size="1391" install-size="1391" />
	<plugin fragment="true" id="org.eclipse.dltk.tcl.testing.nl_zh_TW" unpack="false" version="3.5.0.v20090620043401" download-size="1391" install-size="1391" />
	<plugin fragment="true" id="org.eclipse.dltk.tcl.testing.tcltest.nl_zh_TW" unpack="false" version="3.5.0.v20090620043401" download-size="1396" install-size="1396" />
	<plugin fragment="true" id="org.eclipse.dltk.tcl.ui.nl_zh_TW" unpack="false" version="3.5.0.v20090620043401" download-size="4480" install-size="4480" />
	<plugin fragment="true" id="org.eclipse.dltk.tcl.validators.nl_zh_TW" unpack="false" version="3.5.0.v20090620043401" download-size="1397" install-size="1397" />
	<plugin fragment="true" id="org.eclipse.dltk.testing.nl_zh_TW" unpack="false" version="3.5.0.v20090620043401" download-size="10115" install-size="10115" />
	<plugin fragment="true" id="org.eclipse.dltk.ui.nl_zh_TW" unpack="false" version="3.5.0.v20090620043401" download-size="80806" install-size="80806" />
	<plugin fragment="true" id="org.eclipse.dltk.validators.core.nl_zh_TW" unpack="false" version="3.5.0.v20090620043401" download-size="2966" install-size="2966" />
	<plugin fragment="true" id="org.eclipse.dltk.validators.externalchecker.nl_zh_TW" unpack="false" version="3.5.0.v20090620043401" download-size="3473" install-size="3473" />
	<plugin fragment="true" id="org.eclipse.dltk.validators.ui.nl_zh_TW" unpack="false" version="3.5.0.v20090620043401" download-size="3366" install-size="3366" />
	<plugin fragment="true" id="org.eclipse.dltk.xotcl.core.nl_zh_TW" unpack="false" version="3.5.0.v20090620043401" download-size="1391" install-size="1391" />
	<plugin fragment="true" id="org.eclipse.dltk.xotcl.nl_zh_TW" unpack="false" version="3.5.0.v20090620043401" download-size="1387" install-size="1387" />
	<plugin fragment="true" id="org.eclipse.dltk.xotcl.testing.xounit.nl_zh_TW" unpack="false" version="3.5.0.v20090620043401" download-size="1398" install-size="1398" />
	<plugin fragment="true" id="org.eclipse.dltk.xotcl.ui.nl_zh_TW" unpack="false" version="3.5.0.v20090620043401" download-size="1391" install-size="1391" />
</feature>