<?xml version="1.0" encoding="UTF-8" ?>
<feature
	id="org.eclipse.babel.nls_technology.dltk_ko"
	label="Babel Language Pack for technology.dltk in Korean (57.87%)"
	image="eclipse_update_120.jpg"
	provider-name="%providerName"
	version="3.5.0.v20090620043401">
	<copyright>
		%copyright
	</copyright>
	<license url="%licenseURL">
		%license
	</license>
	<description>Babel Language Pack for technology.dltk in Korean</description>
	<plugin fragment="true" id="org.eclipse.dltk.console.nl_ko" unpack="false" version="3.5.0.v20090620043401" download-size="1368" install-size="1368" />
	<plugin fragment="true" id="org.eclipse.dltk.console.ui.nl_ko" unpack="false" version="3.5.0.v20090620043401" download-size="2420" install-size="2420" />
	<plugin fragment="true" id="org.eclipse.dltk.core.doc.isv.nl_ko" unpack="false" version="3.5.0.v20090620043401" download-size="1370" install-size="1370" />
	<plugin fragment="true" id="org.eclipse.dltk.core.nl_ko" unpack="false" version="3.5.0.v20090620043401" download-size="5862" install-size="5862" />
	<plugin fragment="true" id="org.eclipse.dltk.debug.nl_ko" unpack="false" version="3.5.0.v20090620043401" download-size="3301" install-size="3301" />
	<plugin fragment="true" id="org.eclipse.dltk.debug.ui.nl_ko" unpack="false" version="3.5.0.v20090620043401" download-size="10595" install-size="10595" />
	<plugin fragment="true" id="org.eclipse.dltk.formatter.nl_ko" unpack="false" version="3.5.0.v20090620043401" download-size="2337" install-size="2337" />
	<plugin fragment="true" id="org.eclipse.dltk.itcl.core.nl_ko" unpack="false" version="3.5.0.v20090620043401" download-size="1369" install-size="1369" />
	<plugin fragment="true" id="org.eclipse.dltk.itcl.nl_ko" unpack="false" version="3.5.0.v20090620043401" download-size="1365" install-size="1365" />
	<plugin fragment="true" id="org.eclipse.dltk.itcl.ui.nl_ko" unpack="false" version="3.5.0.v20090620043401" download-size="1368" install-size="1368" />
	<plugin fragment="true" id="org.eclipse.dltk.javascript.core.dom.support.nl_ko" unpack="false" version="3.5.0.v20090620043401" download-size="1379" install-size="1379" />
	<plugin fragment="true" id="org.eclipse.dltk.javascript.core.nl_ko" unpack="false" version="3.5.0.v20090620043401" download-size="1373" install-size="1373" />
	<plugin fragment="true" id="org.eclipse.dltk.javascript.debug.nl_ko" unpack="false" version="3.5.0.v20090620043401" download-size="1375" install-size="1375" />
	<plugin fragment="true" id="org.eclipse.dltk.javascript.debug.ui.nl_ko" unpack="false" version="3.5.0.v20090620043401" download-size="3423" install-size="3423" />
	<plugin fragment="true" id="org.eclipse.dltk.javascript.formatter.nl_ko" unpack="false" version="3.5.0.v20090620043401" download-size="3099" install-size="3099" />
	<plugin fragment="true" id="org.eclipse.dltk.javascript.jsjdtdebugger.nl_ko" unpack="false" version="3.5.0.v20090620043401" download-size="1382" install-size="1382" />
	<plugin fragment="true" id="org.eclipse.dltk.javascript.launching.nl_ko" unpack="false" version="3.5.0.v20090620043401" download-size="1378" install-size="1378" />
	<plugin fragment="true" id="org.eclipse.dltk.javascript.rhino.dbgp.nl_ko" unpack="false" version="3.5.0.v20090620043401" download-size="1378" install-size="1378" />
	<plugin fragment="true" id="org.eclipse.dltk.javascript.rhino.nl_ko" unpack="false" version="3.5.0.v20090620043401" download-size="1374" install-size="1374" />
	<plugin fragment="true" id="org.eclipse.dltk.javascript.ui.nl_ko" unpack="false" version="3.5.0.v20090620043401" download-size="4321" install-size="4321" />
	<plugin fragment="true" id="org.eclipse.dltk.launching.nl_ko" unpack="false" version="3.5.0.v20090620043401" download-size="3121" install-size="3121" />
	<plugin fragment="true" id="org.eclipse.dltk.mylyn.nl_ko" unpack="false" version="3.5.0.v20090620043401" download-size="1367" install-size="1367" />
	<plugin fragment="true" id="org.eclipse.dltk.nl_ko" unpack="false" version="3.5.0.v20090620043401" download-size="1362" install-size="1362" />
	<plugin fragment="true" id="org.eclipse.dltk.python.activestatedebugger.nl_ko" unpack="false" version="3.5.0.v20090620043401" download-size="1381" install-size="1381" />
	<plugin fragment="true" id="org.eclipse.dltk.python.core.nl_ko" unpack="false" version="3.5.0.v20090620043401" download-size="1371" install-size="1371" />
	<plugin fragment="true" id="org.eclipse.dltk.python.debug.nl_ko" unpack="false" version="3.5.0.v20090620043401" download-size="1373" install-size="1373" />
	<plugin fragment="true" id="org.eclipse.dltk.python.debug.ui.nl_ko" unpack="false" version="3.5.0.v20090620043401" download-size="3216" install-size="3216" />
	<plugin fragment="true" id="org.eclipse.dltk.python.launching.nl_ko" unpack="false" version="3.5.0.v20090620043401" download-size="1375" install-size="1375" />
	<plugin fragment="true" id="org.eclipse.dltk.python.ui.nl_ko" unpack="false" version="3.5.0.v20090620043401" download-size="2825" install-size="2825" />
	<plugin fragment="true" id="org.eclipse.dltk.rse.core.nl_ko" unpack="false" version="3.5.0.v20090620043401" download-size="1369" install-size="1369" />
	<plugin fragment="true" id="org.eclipse.dltk.rse.nl_ko" unpack="false" version="3.5.0.v20090620043401" download-size="1364" install-size="1364" />
	<plugin fragment="true" id="org.eclipse.dltk.rse.ui.nl_ko" unpack="false" version="3.5.0.v20090620043401" download-size="1367" install-size="1367" />
	<plugin fragment="true" id="org.eclipse.dltk.ruby.abstractdebugger.nl_ko" unpack="false" version="3.5.0.v20090620043401" download-size="1380" install-size="1380" />
	<plugin fragment="true" id="org.eclipse.dltk.ruby.activestatedebugger.nl_ko" unpack="false" version="3.5.0.v20090620043401" download-size="1382" install-size="1382" />
	<plugin fragment="true" id="org.eclipse.dltk.ruby.basicdebugger.nl_ko" unpack="false" version="3.5.0.v20090620043401" download-size="1375" install-size="1375" />
	<plugin fragment="true" id="org.eclipse.dltk.ruby.core.nl_ko" unpack="false" version="3.5.0.v20090620043401" download-size="1940" install-size="1940" />
	<plugin fragment="true" id="org.eclipse.dltk.ruby.debug.nl_ko" unpack="false" version="3.5.0.v20090620043401" download-size="1370" install-size="1370" />
	<plugin fragment="true" id="org.eclipse.dltk.ruby.debug.ui.nl_ko" unpack="false" version="3.5.0.v20090620043401" download-size="3207" install-size="3207" />
	<plugin fragment="true" id="org.eclipse.dltk.ruby.fastdebugger.nl_ko" unpack="false" version="3.5.0.v20090620043401" download-size="1375" install-size="1375" />
	<plugin fragment="true" id="org.eclipse.dltk.ruby.formatter.nl_ko" unpack="false" version="3.5.0.v20090620043401" download-size="2549" install-size="2549" />
	<plugin fragment="true" id="org.eclipse.dltk.ruby.launching.nl_ko" unpack="false" version="3.5.0.v20090620043401" download-size="1374" install-size="1374" />
	<plugin fragment="true" id="org.eclipse.dltk.ruby.nl_ko" unpack="false" version="3.5.0.v20090620043401" download-size="1366" install-size="1366" />
	<plugin fragment="true" id="org.eclipse.dltk.ruby.testing.nl_ko" unpack="false" version="3.5.0.v20090620043401" download-size="2410" install-size="2410" />
	<plugin fragment="true" id="org.eclipse.dltk.ruby.ui.nl_ko" unpack="false" version="3.5.0.v20090620043401" download-size="5158" install-size="5158" />
	<plugin fragment="true" id="org.eclipse.dltk.tcl.activestatedebugger.nl_ko" unpack="false" version="3.5.0.v20090620043401" download-size="2778" install-size="2778" />
	<plugin fragment="true" id="org.eclipse.dltk.tcl.core.nl_ko" unpack="false" version="3.5.0.v20090620043401" download-size="1387" install-size="1387" />
	<plugin fragment="true" id="org.eclipse.dltk.tcl.debug.nl_ko" unpack="false" version="3.5.0.v20090620043401" download-size="1370" install-size="1370" />
	<plugin fragment="true" id="org.eclipse.dltk.tcl.debug.ui.nl_ko" unpack="false" version="3.5.0.v20090620043401" download-size="3698" install-size="3698" />
	<plugin fragment="true" id="org.eclipse.dltk.tcl.doc.user.nl_ko" unpack="false" version="3.5.0.v20090620043401" download-size="1759" install-size="1759" />
	<plugin fragment="true" id="org.eclipse.dltk.tcl.launching.nl_ko" unpack="false" version="3.5.0.v20090620043401" download-size="1373" install-size="1373" />
	<plugin fragment="true" id="org.eclipse.dltk.tcl.nl_ko" unpack="false" version="3.5.0.v20090620043401" download-size="1365" install-size="1365" />
	<plugin fragment="true" id="org.eclipse.dltk.tcl.parser.nl_ko" unpack="false" version="3.5.0.v20090620043401" download-size="2992" install-size="2992" />
	<plugin fragment="true" id="org.eclipse.dltk.tcl.tclchecker.nl_ko" unpack="false" version="3.5.0.v20090620043401" download-size="4347" install-size="4347" />
	<plugin fragment="true" id="org.eclipse.dltk.tcl.tcllib.nl_ko" unpack="false" version="3.5.0.v20090620043401" download-size="1370" install-size="1370" />
	<plugin fragment="true" id="org.eclipse.dltk.tcl.testing.nl_ko" unpack="false" version="3.5.0.v20090620043401" download-size="1370" install-size="1370" />
	<plugin fragment="true" id="org.eclipse.dltk.tcl.testing.tcltest.nl_ko" unpack="false" version="3.5.0.v20090620043401" download-size="1374" install-size="1374" />
	<plugin fragment="true" id="org.eclipse.dltk.tcl.ui.nl_ko" unpack="false" version="3.5.0.v20090620043401" download-size="4482" install-size="4482" />
	<plugin fragment="true" id="org.eclipse.dltk.tcl.validators.nl_ko" unpack="false" version="3.5.0.v20090620043401" download-size="1373" install-size="1373" />
	<plugin fragment="true" id="org.eclipse.dltk.testing.nl_ko" unpack="false" version="3.5.0.v20090620043401" download-size="10421" install-size="10421" />
	<plugin fragment="true" id="org.eclipse.dltk.ui.nl_ko" unpack="false" version="3.5.0.v20090620043401" download-size="83531" install-size="83531" />
	<plugin fragment="true" id="org.eclipse.dltk.validators.core.nl_ko" unpack="false" version="3.5.0.v20090620043401" download-size="2925" install-size="2925" />
	<plugin fragment="true" id="org.eclipse.dltk.validators.externalchecker.nl_ko" unpack="false" version="3.5.0.v20090620043401" download-size="3444" install-size="3444" />
	<plugin fragment="true" id="org.eclipse.dltk.validators.ui.nl_ko" unpack="false" version="3.5.0.v20090620043401" download-size="3363" install-size="3363" />
	<plugin fragment="true" id="org.eclipse.dltk.xotcl.core.nl_ko" unpack="false" version="3.5.0.v20090620043401" download-size="1370" install-size="1370" />
	<plugin fragment="true" id="org.eclipse.dltk.xotcl.nl_ko" unpack="false" version="3.5.0.v20090620043401" download-size="1366" install-size="1366" />
	<plugin fragment="true" id="org.eclipse.dltk.xotcl.testing.xounit.nl_ko" unpack="false" version="3.5.0.v20090620043401" download-size="1377" install-size="1377" />
	<plugin fragment="true" id="org.eclipse.dltk.xotcl.ui.nl_ko" unpack="false" version="3.5.0.v20090620043401" download-size="1369" install-size="1369" />
</feature>