<?xml version="1.0" encoding="UTF-8" ?>
<feature
	id="org.eclipse.babel.nls_rt.equinox_ru"
	label="Babel Language Pack for rt.equinox in Russian (29.55%)"
	image="eclipse_update_120.jpg"
	provider-name="%providerName"
	version="3.5.0.v20090620043401">
	<copyright>
		%copyright
	</copyright>
	<license url="%licenseURL">
		%license
	</license>
	<description>Babel Language Pack for rt.equinox in Russian</description>
	<plugin fragment="true" id="org.eclipse.core.resources.jmx.nl_ru" unpack="false" version="3.5.0.v20090620043401" download-size="2227" install-size="2227" />
	<plugin fragment="true" id="org.eclipse.equinox.frameworkadmin.equinox.nl_ru" unpack="false" version="3.5.0.v20090620043401" download-size="1378" install-size="1378" />
	<plugin fragment="true" id="org.eclipse.equinox.frameworkadmin.nl_ru" unpack="false" version="3.5.0.v20090620043401" download-size="1376" install-size="1376" />
	<plugin fragment="true" id="org.eclipse.equinox.initializer.nl_ru" unpack="false" version="3.5.0.v20090620043401" download-size="1408" install-size="1408" />
	<plugin fragment="true" id="org.eclipse.equinox.jmx.client.nl_ru" unpack="false" version="3.5.0.v20090620043401" download-size="4594" install-size="4594" />
	<plugin fragment="true" id="org.eclipse.equinox.jmx.common.nl_ru" unpack="false" version="3.5.0.v20090620043401" download-size="2272" install-size="2272" />
	<plugin fragment="true" id="org.eclipse.equinox.jmx.server.nl_ru" unpack="false" version="3.5.0.v20090620043401" download-size="2368" install-size="2368" />
	<plugin fragment="true" id="org.eclipse.equinox.jmx.vm.nl_ru" unpack="false" version="3.5.0.v20090620043401" download-size="2332" install-size="2332" />
	<plugin fragment="true" id="org.eclipse.equinox.p2.artifact.repository.nl_ru" unpack="false" version="3.5.0.v20090620043401" download-size="2660" install-size="2660" />
	<plugin fragment="true" id="org.eclipse.equinox.p2.console.nl_ru" unpack="false" version="3.5.0.v20090620043401" download-size="1372" install-size="1372" />
	<plugin fragment="true" id="org.eclipse.equinox.p2.core.nl_ru" unpack="false" version="3.5.0.v20090620043401" download-size="1370" install-size="1370" />
	<plugin fragment="true" id="org.eclipse.equinox.p2.director.app.nl_ru" unpack="false" version="3.5.0.v20090620043401" download-size="1375" install-size="1375" />
	<plugin fragment="true" id="org.eclipse.equinox.p2.director.nl_ru" unpack="false" version="3.5.0.v20090620043401" download-size="2438" install-size="2438" />
	<plugin fragment="true" id="org.eclipse.equinox.p2.directorywatcher.nl_ru" unpack="false" version="3.5.0.v20090620043401" download-size="1379" install-size="1379" />
	<plugin fragment="true" id="org.eclipse.equinox.p2.engine.nl_ru" unpack="false" version="3.5.0.v20090620043401" download-size="2887" install-size="2887" />
	<plugin fragment="true" id="org.eclipse.equinox.p2.exemplarysetup.nl_ru" unpack="false" version="3.5.0.v20090620043401" download-size="1377" install-size="1377" />
	<plugin fragment="true" id="org.eclipse.equinox.p2.extensionlocation.nl_ru" unpack="false" version="3.5.0.v20090620043401" download-size="1378" install-size="1378" />
	<plugin fragment="true" id="org.eclipse.equinox.p2.garbagecollector.nl_ru" unpack="false" version="3.5.0.v20090620043401" download-size="1377" install-size="1377" />
	<plugin fragment="true" id="org.eclipse.equinox.p2.installer.nl_ru" unpack="false" version="3.5.0.v20090620043401" download-size="2849" install-size="2849" />
	<plugin fragment="true" id="org.eclipse.equinox.p2.jarprocessor.nl_ru" unpack="false" version="3.5.0.v20090620043401" download-size="1374" install-size="1374" />
	<plugin fragment="true" id="org.eclipse.equinox.p2.metadata.generator.nl_ru" unpack="false" version="3.5.0.v20090620043401" download-size="4048" install-size="4048" />
	<plugin fragment="true" id="org.eclipse.equinox.p2.metadata.nl_ru" unpack="false" version="3.5.0.v20090620043401" download-size="1373" install-size="1373" />
	<plugin fragment="true" id="org.eclipse.equinox.p2.metadata.repository.nl_ru" unpack="false" version="3.5.0.v20090620043401" download-size="2656" install-size="2656" />
	<plugin fragment="true" id="org.eclipse.equinox.p2.publisher.nl_ru" unpack="false" version="3.5.0.v20090620043401" download-size="2493" install-size="2493" />
	<plugin fragment="true" id="org.eclipse.equinox.p2.reconciler.dropins.nl_ru" unpack="false" version="3.5.0.v20090620043401" download-size="1377" install-size="1377" />
	<plugin fragment="true" id="org.eclipse.equinox.p2.repository.nl_ru" unpack="false" version="3.5.0.v20090620043401" download-size="3000" install-size="3000" />
	<plugin fragment="true" id="org.eclipse.equinox.p2.repository.tools.nl_ru" unpack="false" version="3.5.0.v20090620043401" download-size="3571" install-size="3571" />
	<plugin fragment="true" id="org.eclipse.equinox.p2.selfhosting.nl_ru" unpack="false" version="3.5.0.v20090620043401" download-size="1375" install-size="1375" />
	<plugin fragment="true" id="org.eclipse.equinox.p2.tests.nl_ru" unpack="false" version="3.5.0.v20090620043401" download-size="1846" install-size="1846" />
	<plugin fragment="true" id="org.eclipse.equinox.p2.tests.ui.nl_ru" unpack="false" version="3.5.0.v20090620043401" download-size="1373" install-size="1373" />
	<plugin fragment="true" id="org.eclipse.equinox.p2.tools.nl_ru" unpack="false" version="3.5.0.v20090620043401" download-size="1371" install-size="1371" />
	<plugin fragment="true" id="org.eclipse.equinox.p2.touchpoint.eclipse.nl_ru" unpack="false" version="3.5.0.v20090620043401" download-size="1376" install-size="1376" />
	<plugin fragment="true" id="org.eclipse.equinox.p2.touchpoint.natives.nl_ru" unpack="false" version="3.5.0.v20090620043401" download-size="1378" install-size="1378" />
	<plugin fragment="true" id="org.eclipse.equinox.p2.ui.admin.nl_ru" unpack="false" version="3.5.0.v20090620043401" download-size="2887" install-size="2887" />
	<plugin fragment="true" id="org.eclipse.equinox.p2.ui.admin.rcp.nl_ru" unpack="false" version="3.5.0.v20090620043401" download-size="2800" install-size="2800" />
	<plugin fragment="true" id="org.eclipse.equinox.p2.ui.nl_ru" unpack="false" version="3.5.0.v20090620043401" download-size="5565" install-size="5565" />
	<plugin fragment="true" id="org.eclipse.equinox.p2.ui.sdk.nl_ru" unpack="false" version="3.5.0.v20090620043401" download-size="3308" install-size="3308" />
	<plugin fragment="true" id="org.eclipse.equinox.p2.ui.sdk.scheduler.nl_ru" unpack="false" version="3.5.0.v20090620043401" download-size="4497" install-size="4497" />
	<plugin fragment="true" id="org.eclipse.equinox.p2.updatechecker.nl_ru" unpack="false" version="3.5.0.v20090620043401" download-size="1359" install-size="1359" />
	<plugin fragment="true" id="org.eclipse.equinox.p2.updatesite.nl_ru" unpack="false" version="3.5.0.v20090620043401" download-size="3219" install-size="3219" />
	<plugin fragment="true" id="org.eclipse.equinox.preferences.jmx.nl_ru" unpack="false" version="3.5.0.v20090620043401" download-size="2259" install-size="2259" />
	<plugin fragment="true" id="org.eclipse.equinox.simpleconfigurator.manipulator.nl_ru" unpack="false" version="3.5.0.v20090620043401" download-size="1371" install-size="1371" />
	<plugin fragment="true" id="org.eclipse.equinox.simpleconfigurator.nl_ru" unpack="false" version="3.5.0.v20090620043401" download-size="1360" install-size="1360" />
	<plugin fragment="true" id="org.eclipse.osgi.jmx.nl_ru" unpack="false" version="3.5.0.v20090620043401" download-size="2376" install-size="2376" />
	<plugin fragment="true" id="org.eclipse.swt.jmx.nl_ru" unpack="false" version="3.5.0.v20090620043401" download-size="2003" install-size="2003" />
</feature>