<?xml version="1.0" encoding="UTF-8" ?>
<feature
	id="org.eclipse.babel.nls_webtools.servertools_pl"
	label="Babel Language Pack for webtools.servertools in Polish (72%)"
	image="eclipse_update_120.jpg"
	provider-name="%providerName"
	version="3.5.0.v20090620043401">
	<copyright>
		%copyright
	</copyright>
	<license url="%licenseURL">
		%license
	</license>
	<description>Babel Language Pack for webtools.servertools in Polish</description>
	<plugin fragment="true" id="org.apache.cactus.nl_pl" unpack="false" version="3.5.0.v20090620043401" download-size="1369" install-size="1369" />
	<plugin fragment="true" id="org.eclipse.jst.server.core.nl_pl" unpack="false" version="3.5.0.v20090620043401" download-size="3344" install-size="3344" />
	<plugin fragment="true" id="org.eclipse.jst.server.generic.core.nl_pl" unpack="false" version="3.5.0.v20090620043401" download-size="3552" install-size="3552" />
	<plugin fragment="true" id="org.eclipse.jst.server.generic.jboss.nl_pl" unpack="false" version="3.5.0.v20090620043401" download-size="1736" install-size="1736" />
	<plugin fragment="true" id="org.eclipse.jst.server.generic.jonas.nl_pl" unpack="false" version="3.5.0.v20090620043401" download-size="1785" install-size="1785" />
	<plugin fragment="true" id="org.eclipse.jst.server.generic.oc4j.nl_pl" unpack="false" version="3.5.0.v20090620043401" download-size="1917" install-size="1917" />
	<plugin fragment="true" id="org.eclipse.jst.server.generic.ui.nl_pl" unpack="false" version="3.5.0.v20090620043401" download-size="3017" install-size="3017" />
	<plugin fragment="true" id="org.eclipse.jst.server.installable.nl_pl" unpack="false" version="3.5.0.v20090620043401" download-size="1449" install-size="1449" />
	<plugin fragment="true" id="org.eclipse.jst.server.preview.adapter.nl_pl" unpack="false" version="3.5.0.v20090620043401" download-size="2776" install-size="2776" />
	<plugin fragment="true" id="org.eclipse.jst.server.tomcat.core.nl_pl" unpack="false" version="3.5.0.v20090620043401" download-size="4875" install-size="4875" />
	<plugin fragment="true" id="org.eclipse.jst.server.tomcat.ui.nl_pl" unpack="false" version="3.5.0.v20090620043401" download-size="3496" install-size="3496" />
	<plugin fragment="true" id="org.eclipse.jst.server.ui.doc.user.nl_pl" unpack="false" version="3.5.0.v20090620043401" download-size="1375" install-size="1375" />
	<plugin fragment="true" id="org.eclipse.jst.server.ui.infopop.nl_pl" unpack="false" version="3.5.0.v20090620043401" download-size="1435" install-size="1435" />
	<plugin fragment="true" id="org.eclipse.jst.server.ui.nl_pl" unpack="false" version="3.5.0.v20090620043401" download-size="2840" install-size="2840" />
	<plugin fragment="true" id="org.eclipse.jst.server.websphere.core.nl_pl" unpack="false" version="3.5.0.v20090620043401" download-size="1667" install-size="1667" />
	<plugin fragment="true" id="org.eclipse.servertools.doc.isv.nl_pl" unpack="false" version="3.5.0.v20090620043401" download-size="1371" install-size="1371" />
	<plugin fragment="true" id="org.eclipse.wst.internet.monitor.core.nl_pl" unpack="false" version="3.5.0.v20090620043401" download-size="2914" install-size="2914" />
	<plugin fragment="true" id="org.eclipse.wst.internet.monitor.ui.nl_pl" unpack="false" version="3.5.0.v20090620043401" download-size="3353" install-size="3353" />
	<plugin fragment="true" id="org.eclipse.wst.server.core.nl_pl" unpack="false" version="3.5.0.v20090620043401" download-size="3810" install-size="3810" />
	<plugin fragment="true" id="org.eclipse.wst.server.discovery.nl_pl" unpack="false" version="3.5.0.v20090620043401" download-size="2631" install-size="2631" />
	<plugin fragment="true" id="org.eclipse.wst.server.http.core.nl_pl" unpack="false" version="3.5.0.v20090620043401" download-size="2704" install-size="2704" />
	<plugin fragment="true" id="org.eclipse.wst.server.http.ui.nl_pl" unpack="false" version="3.5.0.v20090620043401" download-size="2551" install-size="2551" />
	<plugin fragment="true" id="org.eclipse.wst.server.preview.adapter.nl_pl" unpack="false" version="3.5.0.v20090620043401" download-size="2942" install-size="2942" />
	<plugin fragment="true" id="org.eclipse.wst.server.preview.nl_pl" unpack="false" version="3.5.0.v20090620043401" download-size="2803" install-size="2803" />
	<plugin fragment="true" id="org.eclipse.wst.server.ui.doc.user.nl_pl" unpack="false" version="3.5.0.v20090620043401" download-size="1412" install-size="1412" />
	<plugin fragment="true" id="org.eclipse.wst.server.ui.infopop.nl_pl" unpack="false" version="3.5.0.v20090620043401" download-size="1441" install-size="1441" />
	<plugin fragment="true" id="org.eclipse.wst.server.ui.nl_pl" unpack="false" version="3.5.0.v20090620043401" download-size="7154" install-size="7154" />
</feature>