<?xml version="1.0" encoding="UTF-8" ?>
<feature
	id="org.eclipse.babel.nls_technology.dltk_el"
	label="Babel Language Pack for technology.dltk in Greek (56.49%)"
	image="eclipse_update_120.jpg"
	provider-name="%providerName"
	version="3.5.0.v20090620043401">
	<copyright>
		%copyright
	</copyright>
	<license url="%licenseURL">
		%license
	</license>
	<description>Babel Language Pack for technology.dltk in Greek</description>
	<plugin fragment="true" id="org.eclipse.dltk.console.nl_el" unpack="false" version="3.5.0.v20090620043401" download-size="1367" install-size="1367" />
	<plugin fragment="true" id="org.eclipse.dltk.console.ui.nl_el" unpack="false" version="3.5.0.v20090620043401" download-size="2452" install-size="2452" />
	<plugin fragment="true" id="org.eclipse.dltk.core.doc.isv.nl_el" unpack="false" version="3.5.0.v20090620043401" download-size="1372" install-size="1372" />
	<plugin fragment="true" id="org.eclipse.dltk.core.nl_el" unpack="false" version="3.5.0.v20090620043401" download-size="6350" install-size="6350" />
	<plugin fragment="true" id="org.eclipse.dltk.debug.nl_el" unpack="false" version="3.5.0.v20090620043401" download-size="3341" install-size="3341" />
	<plugin fragment="true" id="org.eclipse.dltk.debug.ui.nl_el" unpack="false" version="3.5.0.v20090620043401" download-size="11197" install-size="11197" />
	<plugin fragment="true" id="org.eclipse.dltk.formatter.nl_el" unpack="false" version="3.5.0.v20090620043401" download-size="2391" install-size="2391" />
	<plugin fragment="true" id="org.eclipse.dltk.itcl.core.nl_el" unpack="false" version="3.5.0.v20090620043401" download-size="1369" install-size="1369" />
	<plugin fragment="true" id="org.eclipse.dltk.itcl.nl_el" unpack="false" version="3.5.0.v20090620043401" download-size="1365" install-size="1365" />
	<plugin fragment="true" id="org.eclipse.dltk.itcl.ui.nl_el" unpack="false" version="3.5.0.v20090620043401" download-size="1368" install-size="1368" />
	<plugin fragment="true" id="org.eclipse.dltk.javascript.core.dom.support.nl_el" unpack="false" version="3.5.0.v20090620043401" download-size="1380" install-size="1380" />
	<plugin fragment="true" id="org.eclipse.dltk.javascript.core.nl_el" unpack="false" version="3.5.0.v20090620043401" download-size="1374" install-size="1374" />
	<plugin fragment="true" id="org.eclipse.dltk.javascript.debug.nl_el" unpack="false" version="3.5.0.v20090620043401" download-size="1374" install-size="1374" />
	<plugin fragment="true" id="org.eclipse.dltk.javascript.debug.ui.nl_el" unpack="false" version="3.5.0.v20090620043401" download-size="3617" install-size="3617" />
	<plugin fragment="true" id="org.eclipse.dltk.javascript.formatter.nl_el" unpack="false" version="3.5.0.v20090620043401" download-size="3303" install-size="3303" />
	<plugin fragment="true" id="org.eclipse.dltk.javascript.jsjdtdebugger.nl_el" unpack="false" version="3.5.0.v20090620043401" download-size="1379" install-size="1379" />
	<plugin fragment="true" id="org.eclipse.dltk.javascript.launching.nl_el" unpack="false" version="3.5.0.v20090620043401" download-size="1378" install-size="1378" />
	<plugin fragment="true" id="org.eclipse.dltk.javascript.rhino.dbgp.nl_el" unpack="false" version="3.5.0.v20090620043401" download-size="1378" install-size="1378" />
	<plugin fragment="true" id="org.eclipse.dltk.javascript.rhino.nl_el" unpack="false" version="3.5.0.v20090620043401" download-size="1374" install-size="1374" />
	<plugin fragment="true" id="org.eclipse.dltk.javascript.ui.nl_el" unpack="false" version="3.5.0.v20090620043401" download-size="3606" install-size="3606" />
	<plugin fragment="true" id="org.eclipse.dltk.launching.nl_el" unpack="false" version="3.5.0.v20090620043401" download-size="3358" install-size="3358" />
	<plugin fragment="true" id="org.eclipse.dltk.mylyn.nl_el" unpack="false" version="3.5.0.v20090620043401" download-size="1367" install-size="1367" />
	<plugin fragment="true" id="org.eclipse.dltk.nl_el" unpack="false" version="3.5.0.v20090620043401" download-size="1360" install-size="1360" />
	<plugin fragment="true" id="org.eclipse.dltk.python.activestatedebugger.nl_el" unpack="false" version="3.5.0.v20090620043401" download-size="1380" install-size="1380" />
	<plugin fragment="true" id="org.eclipse.dltk.python.core.nl_el" unpack="false" version="3.5.0.v20090620043401" download-size="1371" install-size="1371" />
	<plugin fragment="true" id="org.eclipse.dltk.python.debug.nl_el" unpack="false" version="3.5.0.v20090620043401" download-size="1372" install-size="1372" />
	<plugin fragment="true" id="org.eclipse.dltk.python.debug.ui.nl_el" unpack="false" version="3.5.0.v20090620043401" download-size="3351" install-size="3351" />
	<plugin fragment="true" id="org.eclipse.dltk.python.launching.nl_el" unpack="false" version="3.5.0.v20090620043401" download-size="1374" install-size="1374" />
	<plugin fragment="true" id="org.eclipse.dltk.python.ui.nl_el" unpack="false" version="3.5.0.v20090620043401" download-size="2918" install-size="2918" />
	<plugin fragment="true" id="org.eclipse.dltk.rse.core.nl_el" unpack="false" version="3.5.0.v20090620043401" download-size="1368" install-size="1368" />
	<plugin fragment="true" id="org.eclipse.dltk.rse.nl_el" unpack="false" version="3.5.0.v20090620043401" download-size="1364" install-size="1364" />
	<plugin fragment="true" id="org.eclipse.dltk.rse.ui.nl_el" unpack="false" version="3.5.0.v20090620043401" download-size="1367" install-size="1367" />
	<plugin fragment="true" id="org.eclipse.dltk.ruby.abstractdebugger.nl_el" unpack="false" version="3.5.0.v20090620043401" download-size="1376" install-size="1376" />
	<plugin fragment="true" id="org.eclipse.dltk.ruby.activestatedebugger.nl_el" unpack="false" version="3.5.0.v20090620043401" download-size="1379" install-size="1379" />
	<plugin fragment="true" id="org.eclipse.dltk.ruby.basicdebugger.nl_el" unpack="false" version="3.5.0.v20090620043401" download-size="1374" install-size="1374" />
	<plugin fragment="true" id="org.eclipse.dltk.ruby.core.nl_el" unpack="false" version="3.5.0.v20090620043401" download-size="2004" install-size="2004" />
	<plugin fragment="true" id="org.eclipse.dltk.ruby.debug.nl_el" unpack="false" version="3.5.0.v20090620043401" download-size="1370" install-size="1370" />
	<plugin fragment="true" id="org.eclipse.dltk.ruby.debug.ui.nl_el" unpack="false" version="3.5.0.v20090620043401" download-size="3345" install-size="3345" />
	<plugin fragment="true" id="org.eclipse.dltk.ruby.fastdebugger.nl_el" unpack="false" version="3.5.0.v20090620043401" download-size="1374" install-size="1374" />
	<plugin fragment="true" id="org.eclipse.dltk.ruby.formatter.nl_el" unpack="false" version="3.5.0.v20090620043401" download-size="2591" install-size="2591" />
	<plugin fragment="true" id="org.eclipse.dltk.ruby.launching.nl_el" unpack="false" version="3.5.0.v20090620043401" download-size="1373" install-size="1373" />
	<plugin fragment="true" id="org.eclipse.dltk.ruby.nl_el" unpack="false" version="3.5.0.v20090620043401" download-size="1365" install-size="1365" />
	<plugin fragment="true" id="org.eclipse.dltk.ruby.testing.nl_el" unpack="false" version="3.5.0.v20090620043401" download-size="1372" install-size="1372" />
	<plugin fragment="true" id="org.eclipse.dltk.ruby.ui.nl_el" unpack="false" version="3.5.0.v20090620043401" download-size="5377" install-size="5377" />
	<plugin fragment="true" id="org.eclipse.dltk.tcl.activestatedebugger.nl_el" unpack="false" version="3.5.0.v20090620043401" download-size="2809" install-size="2809" />
	<plugin fragment="true" id="org.eclipse.dltk.tcl.core.nl_el" unpack="false" version="3.5.0.v20090620043401" download-size="1387" install-size="1387" />
	<plugin fragment="true" id="org.eclipse.dltk.tcl.debug.nl_el" unpack="false" version="3.5.0.v20090620043401" download-size="1370" install-size="1370" />
	<plugin fragment="true" id="org.eclipse.dltk.tcl.debug.ui.nl_el" unpack="false" version="3.5.0.v20090620043401" download-size="3845" install-size="3845" />
	<plugin fragment="true" id="org.eclipse.dltk.tcl.doc.user.nl_el" unpack="false" version="3.5.0.v20090620043401" download-size="1830" install-size="1830" />
	<plugin fragment="true" id="org.eclipse.dltk.tcl.launching.nl_el" unpack="false" version="3.5.0.v20090620043401" download-size="1372" install-size="1372" />
	<plugin fragment="true" id="org.eclipse.dltk.tcl.nl_el" unpack="false" version="3.5.0.v20090620043401" download-size="1364" install-size="1364" />
	<plugin fragment="true" id="org.eclipse.dltk.tcl.parser.nl_el" unpack="false" version="3.5.0.v20090620043401" download-size="3016" install-size="3016" />
	<plugin fragment="true" id="org.eclipse.dltk.tcl.tclchecker.nl_el" unpack="false" version="3.5.0.v20090620043401" download-size="4431" install-size="4431" />
	<plugin fragment="true" id="org.eclipse.dltk.tcl.tcllib.nl_el" unpack="false" version="3.5.0.v20090620043401" download-size="1370" install-size="1370" />
	<plugin fragment="true" id="org.eclipse.dltk.tcl.testing.nl_el" unpack="false" version="3.5.0.v20090620043401" download-size="1369" install-size="1369" />
	<plugin fragment="true" id="org.eclipse.dltk.tcl.testing.tcltest.nl_el" unpack="false" version="3.5.0.v20090620043401" download-size="1374" install-size="1374" />
	<plugin fragment="true" id="org.eclipse.dltk.tcl.ui.nl_el" unpack="false" version="3.5.0.v20090620043401" download-size="4715" install-size="4715" />
	<plugin fragment="true" id="org.eclipse.dltk.tcl.validators.nl_el" unpack="false" version="3.5.0.v20090620043401" download-size="1372" install-size="1372" />
	<plugin fragment="true" id="org.eclipse.dltk.testing.nl_el" unpack="false" version="3.5.0.v20090620043401" download-size="10704" install-size="10704" />
	<plugin fragment="true" id="org.eclipse.dltk.ui.nl_el" unpack="false" version="3.5.0.v20090620043401" download-size="105540" install-size="105540" />
	<plugin fragment="true" id="org.eclipse.dltk.validators.core.nl_el" unpack="false" version="3.5.0.v20090620043401" download-size="2950" install-size="2950" />
	<plugin fragment="true" id="org.eclipse.dltk.validators.externalchecker.nl_el" unpack="false" version="3.5.0.v20090620043401" download-size="3527" install-size="3527" />
	<plugin fragment="true" id="org.eclipse.dltk.validators.ui.nl_el" unpack="false" version="3.5.0.v20090620043401" download-size="3426" install-size="3426" />
	<plugin fragment="true" id="org.eclipse.dltk.xotcl.core.nl_el" unpack="false" version="3.5.0.v20090620043401" download-size="1370" install-size="1370" />
	<plugin fragment="true" id="org.eclipse.dltk.xotcl.nl_el" unpack="false" version="3.5.0.v20090620043401" download-size="1366" install-size="1366" />
	<plugin fragment="true" id="org.eclipse.dltk.xotcl.testing.xounit.nl_el" unpack="false" version="3.5.0.v20090620043401" download-size="1377" install-size="1377" />
	<plugin fragment="true" id="org.eclipse.dltk.xotcl.ui.nl_el" unpack="false" version="3.5.0.v20090620043401" download-size="1369" install-size="1369" />
</feature>