<?xml version="1.0" encoding="UTF-8" ?>
<feature
	id="org.eclipse.babel.nls_webtools.jsf_it"
	label="Babel Language Pack for webtools.jsf in Italian (24.8%)"
	image="eclipse_update_120.jpg"
	provider-name="%providerName"
	version="3.5.0.v20090620043401">
	<copyright>
		%copyright
	</copyright>
	<license url="%licenseURL">
		%license
	</license>
	<description>Babel Language Pack for webtools.jsf in Italian</description>
	<plugin fragment="true" id="org.eclipse.jst.jsf.apache.trinidad.tagsupport.nl_it" unpack="false" version="3.5.0.v20090620043401" download-size="3091" install-size="3091" />
	<plugin fragment="true" id="org.eclipse.jst.jsf.common.nl_it" unpack="false" version="3.5.0.v20090620043401" download-size="2744" install-size="2744" />
	<plugin fragment="true" id="org.eclipse.jst.jsf.common.runtime.nl_it" unpack="false" version="3.5.0.v20090620043401" download-size="1377" install-size="1377" />
	<plugin fragment="true" id="org.eclipse.jst.jsf.common.ui.nl_it" unpack="false" version="3.5.0.v20090620043401" download-size="4802" install-size="4802" />
	<plugin fragment="true" id="org.eclipse.jst.jsf.core.nl_it" unpack="false" version="3.5.0.v20090620043401" download-size="6385" install-size="6385" />
	<plugin fragment="true" id="org.eclipse.jst.jsf.facesconfig.nl_it" unpack="false" version="3.5.0.v20090620043401" download-size="4918" install-size="4918" />
	<plugin fragment="true" id="org.eclipse.jst.jsf.facesconfig.ui.nl_it" unpack="false" version="3.5.0.v20090620043401" download-size="6763" install-size="6763" />
	<plugin fragment="true" id="org.eclipse.jst.jsf.standard.tagsupport.nl_it" unpack="false" version="3.5.0.v20090620043401" download-size="2645" install-size="2645" />
	<plugin fragment="true" id="org.eclipse.jst.jsf.ui.nl_it" unpack="false" version="3.5.0.v20090620043401" download-size="4322" install-size="4322" />
	<plugin fragment="true" id="org.eclipse.jst.pagedesigner.jsf.ui.nl_it" unpack="false" version="3.5.0.v20090620043401" download-size="4738" install-size="4738" />
	<plugin fragment="true" id="org.eclipse.jst.pagedesigner.jsp.core.nl_it" unpack="false" version="3.5.0.v20090620043401" download-size="1376" install-size="1376" />
	<plugin fragment="true" id="org.eclipse.jst.pagedesigner.nl_it" unpack="false" version="3.5.0.v20090620043401" download-size="8949" install-size="8949" />
</feature>