<?xml version="1.0" encoding="UTF-8" ?>
<feature
	id="org.eclipse.babel.nls_modeling.m2t_uk"
	label="Babel Language Pack for modeling.m2t in Ukrainian (5.88%)"
	image="eclipse_update_120.jpg"
	provider-name="%providerName"
	version="3.5.0.v20090620043401">
	<copyright>
		%copyright
	</copyright>
	<license url="%licenseURL">
		%license
	</license>
	<description>Babel Language Pack for modeling.m2t in Ukrainian</description>
	<plugin fragment="true" id="org.eclipse.acceleo.common.nl_uk" unpack="false" version="3.5.0.v20090620043401" download-size="1370" install-size="1370" />
	<plugin fragment="true" id="org.eclipse.acceleo.engine.nl_uk" unpack="false" version="3.5.0.v20090620043401" download-size="1370" install-size="1370" />
	<plugin fragment="true" id="org.eclipse.acceleo.ide.ui.nl_uk" unpack="false" version="3.5.0.v20090620043401" download-size="2611" install-size="2611" />
	<plugin fragment="true" id="org.eclipse.acceleo.model.nl_uk" unpack="false" version="3.5.0.v20090620043401" download-size="1370" install-size="1370" />
	<plugin fragment="true" id="org.eclipse.acceleo.parser.nl_uk" unpack="false" version="3.5.0.v20090620043401" download-size="1370" install-size="1370" />
</feature>