<?xml version="1.0" encoding="UTF-8" ?>
<feature
	id="org.eclipse.babel.nls_rt.ecf_ja"
	label="Babel Language Pack for rt.ecf in Japanese (54.36%)"
	image="eclipse_update_120.jpg"
	provider-name="%providerName"
	version="3.5.0.v20090620043401">
	<copyright>
		%copyright
	</copyright>
	<license url="%licenseURL">
		%license
	</license>
	<description>Babel Language Pack for rt.ecf in Japanese</description>
	<plugin fragment="true" id="org.eclipse.ecf.datashare.nl_ja" unpack="false" version="3.5.0.v20090620043401" download-size="2132" install-size="2132" />
	<plugin fragment="true" id="org.eclipse.ecf.discovery.nl_ja" unpack="false" version="3.5.0.v20090620043401" download-size="1398" install-size="1398" />
	<plugin fragment="true" id="org.eclipse.ecf.discovery.ui.browser.nl_ja" unpack="false" version="3.5.0.v20090620043401" download-size="1383" install-size="1383" />
	<plugin fragment="true" id="org.eclipse.ecf.discovery.ui.edit.nl_ja" unpack="false" version="3.5.0.v20090620043401" download-size="1935" install-size="1935" />
	<plugin fragment="true" id="org.eclipse.ecf.discovery.ui.model.nl_ja" unpack="false" version="3.5.0.v20090620043401" download-size="2677" install-size="2677" />
	<plugin fragment="true" id="org.eclipse.ecf.discovery.ui.nl_ja" unpack="false" version="3.5.0.v20090620043401" download-size="1441" install-size="1441" />
	<plugin fragment="true" id="org.eclipse.ecf.doc.nl_ja" unpack="false" version="3.5.0.v20090620043401" download-size="1389" install-size="1389" />
	<plugin fragment="true" id="org.eclipse.ecf.docshare.nl_ja" unpack="false" version="3.5.0.v20090620043401" download-size="3081" install-size="3081" />
	<plugin fragment="true" id="org.eclipse.ecf.example.clients.nl_ja" unpack="false" version="3.5.0.v20090620043401" download-size="1398" install-size="1398" />
	<plugin fragment="true" id="org.eclipse.ecf.example.collab.editor.nl_ja" unpack="false" version="3.5.0.v20090620043401" download-size="1409" install-size="1409" />
	<plugin fragment="true" id="org.eclipse.ecf.example.collab.nl_ja" unpack="false" version="3.5.0.v20090620043401" download-size="8355" install-size="8355" />
	<plugin fragment="true" id="org.eclipse.ecf.examples.remoteservices.common.nl_ja" unpack="false" version="3.5.0.v20090620043401" download-size="1418" install-size="1418" />
	<plugin fragment="true" id="org.eclipse.ecf.examples.remoteservices.server.nl_ja" unpack="false" version="3.5.0.v20090620043401" download-size="1418" install-size="1418" />
	<plugin fragment="true" id="org.eclipse.ecf.examples.updatesite.client.nl_ja" unpack="false" version="3.5.0.v20090620043401" download-size="2680" install-size="2680" />
	<plugin fragment="true" id="org.eclipse.ecf.examples.updatesite.server.nl_ja" unpack="false" version="3.5.0.v20090620043401" download-size="1414" install-size="1414" />
	<plugin fragment="true" id="org.eclipse.ecf.filetransfer.nl_ja" unpack="false" version="3.5.0.v20090620043401" download-size="1398" install-size="1398" />
	<plugin fragment="true" id="org.eclipse.ecf.filetransfer.ui.nl_ja" unpack="false" version="3.5.0.v20090620043401" download-size="3650" install-size="3650" />
	<plugin fragment="true" id="org.eclipse.ecf.identity.nl_ja" unpack="false" version="3.5.0.v20090620043401" download-size="1396" install-size="1396" />
	<plugin fragment="true" id="org.eclipse.ecf.nl_ja" unpack="false" version="3.5.0.v20090620043401" download-size="2955" install-size="2955" />
	<plugin fragment="true" id="org.eclipse.ecf.osgi.services.discovery.nl_ja" unpack="false" version="3.5.0.v20090620043401" download-size="1429" install-size="1429" />
	<plugin fragment="true" id="org.eclipse.ecf.osgi.services.distribution.nl_ja" unpack="false" version="3.5.0.v20090620043401" download-size="1431" install-size="1431" />
	<plugin fragment="true" id="org.eclipse.ecf.osgi.services.nl_ja" unpack="false" version="3.5.0.v20090620043401" download-size="1355" install-size="1355" />
	<plugin fragment="true" id="org.eclipse.ecf.presence.bot.nl_ja" unpack="false" version="3.5.0.v20090620043401" download-size="1398" install-size="1398" />
	<plugin fragment="true" id="org.eclipse.ecf.presence.collab.ui.nl_ja" unpack="false" version="3.5.0.v20090620043401" download-size="2682" install-size="2682" />
	<plugin fragment="true" id="org.eclipse.ecf.presence.nl_ja" unpack="false" version="3.5.0.v20090620043401" download-size="1396" install-size="1396" />
	<plugin fragment="true" id="org.eclipse.ecf.presence.ui.nl_ja" unpack="false" version="3.5.0.v20090620043401" download-size="6282" install-size="6282" />
	<plugin fragment="true" id="org.eclipse.ecf.protocol.bittorrent.nl_ja" unpack="false" version="3.5.0.v20090620043401" download-size="1414" install-size="1414" />
	<plugin fragment="true" id="org.eclipse.ecf.protocol.msn.nl_ja" unpack="false" version="3.5.0.v20090620043401" download-size="1408" install-size="1408" />
	<plugin fragment="true" id="org.eclipse.ecf.provider.bittorrent.nl_ja" unpack="false" version="3.5.0.v20090620043401" download-size="1402" install-size="1402" />
	<plugin fragment="true" id="org.eclipse.ecf.provider.bittorrent.ui.nl_ja" unpack="false" version="3.5.0.v20090620043401" download-size="2640" install-size="2640" />
	<plugin fragment="true" id="org.eclipse.ecf.provider.datashare.nio.nl_ja" unpack="false" version="3.5.0.v20090620043401" download-size="1377" install-size="1377" />
	<plugin fragment="true" id="org.eclipse.ecf.provider.datashare.nl_ja" unpack="false" version="3.5.0.v20090620043401" download-size="1402" install-size="1402" />
	<plugin fragment="true" id="org.eclipse.ecf.provider.discovery.nl_ja" unpack="false" version="3.5.0.v20090620043401" download-size="1402" install-size="1402" />
	<plugin fragment="true" id="org.eclipse.ecf.provider.filetransfer.efs.nl_ja" unpack="false" version="3.5.0.v20090620043401" download-size="1403" install-size="1403" />
	<plugin fragment="true" id="org.eclipse.ecf.provider.filetransfer.httpclient.nl_ja" unpack="false" version="3.5.0.v20090620043401" download-size="2783" install-size="2783" />
	<plugin fragment="true" id="org.eclipse.ecf.provider.filetransfer.nl_ja" unpack="false" version="3.5.0.v20090620043401" download-size="2801" install-size="2801" />
	<plugin fragment="true" id="org.eclipse.ecf.provider.filetransfer.scp.nl_ja" unpack="false" version="3.5.0.v20090620043401" download-size="1412" install-size="1412" />
	<plugin fragment="true" id="org.eclipse.ecf.provider.irc.nl_ja" unpack="false" version="3.5.0.v20090620043401" download-size="2446" install-size="2446" />
	<plugin fragment="true" id="org.eclipse.ecf.provider.irc.ui.nl_ja" unpack="false" version="3.5.0.v20090620043401" download-size="2485" install-size="2485" />
	<plugin fragment="true" id="org.eclipse.ecf.provider.jmdns.nl_ja" unpack="false" version="3.5.0.v20090620043401" download-size="1400" install-size="1400" />
	<plugin fragment="true" id="org.eclipse.ecf.provider.jslp.nl_ja" unpack="false" version="3.5.0.v20090620043401" download-size="1404" install-size="1404" />
	<plugin fragment="true" id="org.eclipse.ecf.provider.msn.nl_ja" unpack="false" version="3.5.0.v20090620043401" download-size="2429" install-size="2429" />
	<plugin fragment="true" id="org.eclipse.ecf.provider.msn.ui.nl_ja" unpack="false" version="3.5.0.v20090620043401" download-size="2585" install-size="2585" />
	<plugin fragment="true" id="org.eclipse.ecf.provider.nl_ja" unpack="false" version="3.5.0.v20090620043401" download-size="2906" install-size="2906" />
	<plugin fragment="true" id="org.eclipse.ecf.provider.remoteservice.nl_ja" unpack="false" version="3.5.0.v20090620043401" download-size="1407" install-size="1407" />
	<plugin fragment="true" id="org.eclipse.ecf.provider.ui.nl_ja" unpack="false" version="3.5.0.v20090620043401" download-size="1376" install-size="1376" />
	<plugin fragment="true" id="org.eclipse.ecf.provider.xmpp.nl_ja" unpack="false" version="3.5.0.v20090620043401" download-size="3751" install-size="3751" />
	<plugin fragment="true" id="org.eclipse.ecf.provider.xmpp.ui.nl_ja" unpack="false" version="3.5.0.v20090620043401" download-size="2824" install-size="2824" />
	<plugin fragment="true" id="org.eclipse.ecf.remoteservice.nl_ja" unpack="false" version="3.5.0.v20090620043401" download-size="1401" install-size="1401" />
	<plugin fragment="true" id="org.eclipse.ecf.remoteservice.ui.nl_ja" unpack="false" version="3.5.0.v20090620043401" download-size="2555" install-size="2555" />
	<plugin fragment="true" id="org.eclipse.ecf.server.generic.nl_ja" unpack="false" version="3.5.0.v20090620043401" download-size="2422" install-size="2422" />
	<plugin fragment="true" id="org.eclipse.ecf.server.nl_ja" unpack="false" version="3.5.0.v20090620043401" download-size="1394" install-size="1394" />
	<plugin fragment="true" id="org.eclipse.ecf.sharedobject.nl_ja" unpack="false" version="3.5.0.v20090620043401" download-size="2559" install-size="2559" />
	<plugin fragment="true" id="org.eclipse.ecf.storage.nl_ja" unpack="false" version="3.5.0.v20090620043401" download-size="1399" install-size="1399" />
	<plugin fragment="true" id="org.eclipse.ecf.sync.nl_ja" unpack="false" version="3.5.0.v20090620043401" download-size="1399" install-size="1399" />
	<plugin fragment="true" id="org.eclipse.ecf.telephony.call.nl_ja" unpack="false" version="3.5.0.v20090620043401" download-size="1405" install-size="1405" />
	<plugin fragment="true" id="org.eclipse.ecf.telephony.call.ui.nl_ja" unpack="false" version="3.5.0.v20090620043401" download-size="1398" install-size="1398" />
	<plugin fragment="true" id="org.eclipse.ecf.ui.capabilities.nl_ja" unpack="false" version="3.5.0.v20090620043401" download-size="1378" install-size="1378" />
	<plugin fragment="true" id="org.eclipse.ecf.ui.nl_ja" unpack="false" version="3.5.0.v20090620043401" download-size="2708" install-size="2708" />
	<plugin fragment="true" id="org.eclipse.team.ecf.core.nl_ja" unpack="false" version="3.5.0.v20090620043401" download-size="1398" install-size="1398" />
	<plugin fragment="true" id="org.eclipse.team.ecf.ui.nl_ja" unpack="false" version="3.5.0.v20090620043401" download-size="2506" install-size="2506" />
	<plugin fragment="true" id="org.jivesoftware.smack.nl_ja" unpack="false" version="3.5.0.v20090620043401" download-size="1406" install-size="1406" />
</feature>