<?xml version="1.0" encoding="UTF-8" ?>
<feature
	id="org.eclipse.babel.nls_webtools.common_de"
	label="Babel Language Pack for webtools.common in German (49.69%)"
	image="eclipse_update_120.jpg"
	provider-name="%providerName"
	version="3.5.0.v20090620043401">
	<copyright>
		%copyright
	</copyright>
	<license url="%licenseURL">
		%license
	</license>
	<description>Babel Language Pack for webtools.common in German</description>
	<plugin fragment="true" id="org.eclipse.jem.util.nl_de" unpack="false" version="3.5.0.v20090620043401" download-size="1883" install-size="1883" />
	<plugin fragment="true" id="org.eclipse.jst.common.annotations.controller.nl_de" unpack="false" version="3.5.0.v20090620043401" download-size="2042" install-size="2042" />
	<plugin fragment="true" id="org.eclipse.jst.common.annotations.core.nl_de" unpack="false" version="3.5.0.v20090620043401" download-size="1789" install-size="1789" />
	<plugin fragment="true" id="org.eclipse.jst.common.annotations.ui.nl_de" unpack="false" version="3.5.0.v20090620043401" download-size="1755" install-size="1755" />
	<plugin fragment="true" id="org.eclipse.jst.common.fproj.enablement.jdt.sdk.nl_de" unpack="false" version="3.5.0.v20090620043401" download-size="1381" install-size="1381" />
	<plugin fragment="true" id="org.eclipse.jst.common.frameworks.nl_de" unpack="false" version="3.5.0.v20090620043401" download-size="1405" install-size="1405" />
	<plugin fragment="true" id="org.eclipse.jst.common.project.facet.core.nl_de" unpack="false" version="3.5.0.v20090620043401" download-size="4200" install-size="4200" />
	<plugin fragment="true" id="org.eclipse.jst.common.project.facet.ui.nl_de" unpack="false" version="3.5.0.v20090620043401" download-size="5168" install-size="5168" />
	<plugin fragment="true" id="org.eclipse.perfmsr.core.stub.nl_de" unpack="false" version="3.5.0.v20090620043401" download-size="1376" install-size="1376" />
	<plugin fragment="true" id="org.eclipse.wst.common.api.doc.nl_de" unpack="false" version="3.5.0.v20090620043401" download-size="1660" install-size="1660" />
	<plugin fragment="true" id="org.eclipse.wst.common.core.nl_de" unpack="false" version="3.5.0.v20090620043401" download-size="2642" install-size="2642" />
	<plugin fragment="true" id="org.eclipse.wst.common.emf.nl_de" unpack="false" version="3.5.0.v20090620043401" download-size="2068" install-size="2068" />
	<plugin fragment="true" id="org.eclipse.wst.common.emfworkbench.integration.nl_de" unpack="false" version="3.5.0.v20090620043401" download-size="2838" install-size="2838" />
	<plugin fragment="true" id="org.eclipse.wst.common.environment.nl_de" unpack="false" version="3.5.0.v20090620043401" download-size="3172" install-size="3172" />
	<plugin fragment="true" id="org.eclipse.wst.common.fproj.sdk.nl_de" unpack="false" version="3.5.0.v20090620043401" download-size="1373" install-size="1373" />
	<plugin fragment="true" id="org.eclipse.wst.common.frameworks.nl_de" unpack="false" version="3.5.0.v20090620043401" download-size="2886" install-size="2886" />
	<plugin fragment="true" id="org.eclipse.wst.common.frameworks.ui.nl_de" unpack="false" version="3.5.0.v20090620043401" download-size="4350" install-size="4350" />
	<plugin fragment="true" id="org.eclipse.wst.common.infopop.nl_de" unpack="false" version="3.5.0.v20090620043401" download-size="1402" install-size="1402" />
	<plugin fragment="true" id="org.eclipse.wst.common.modulecore.nl_de" unpack="false" version="3.5.0.v20090620043401" download-size="2475" install-size="2475" />
	<plugin fragment="true" id="org.eclipse.wst.common.project.facet.core.nl_de" unpack="false" version="3.5.0.v20090620043401" download-size="10141" install-size="10141" />
	<plugin fragment="true" id="org.eclipse.wst.common.project.facet.doc.api.nl_de" unpack="false" version="3.5.0.v20090620043401" download-size="1378" install-size="1378" />
	<plugin fragment="true" id="org.eclipse.wst.common.project.facet.ui.nl_de" unpack="false" version="3.5.0.v20090620043401" download-size="7744" install-size="7744" />
	<plugin fragment="true" id="org.eclipse.wst.common.snippets.nl_de" unpack="false" version="3.5.0.v20090620043401" download-size="3408" install-size="3408" />
	<plugin fragment="true" id="org.eclipse.wst.common.ui.nl_de" unpack="false" version="3.5.0.v20090620043401" download-size="5557" install-size="5557" />
	<plugin fragment="true" id="org.eclipse.wst.common.ui.properties.nl_de" unpack="false" version="3.5.0.v20090620043401" download-size="3401" install-size="3401" />
	<plugin fragment="true" id="org.eclipse.wst.common.uriresolver.nl_de" unpack="false" version="3.5.0.v20090620043401" download-size="1445" install-size="1445" />
	<plugin fragment="true" id="org.eclipse.wst.internet.cache.nl_de" unpack="false" version="3.5.0.v20090620043401" download-size="3195" install-size="3195" />
	<plugin fragment="true" id="org.eclipse.wst.validation.doc.isv.nl_de" unpack="false" version="3.5.0.v20090620043401" download-size="1377" install-size="1377" />
	<plugin fragment="true" id="org.eclipse.wst.validation.infopop.nl_de" unpack="false" version="3.5.0.v20090620043401" download-size="1422" install-size="1422" />
	<plugin fragment="true" id="org.eclipse.wst.validation.nl_de" unpack="false" version="3.5.0.v20090620043401" download-size="4913" install-size="4913" />
	<plugin fragment="true" id="org.eclipse.wst.validation.ui.nl_de" unpack="false" version="3.5.0.v20090620043401" download-size="3713" install-size="3713" />
</feature>