<?xml version="1.0" encoding="UTF-8" ?>
<feature
	id="org.eclipse.babel.nls_tools.pdt_zh_TW"
	label="Babel Language Pack for tools.pdt in Chinese (Traditional) (67.66%)"
	image="eclipse_update_120.jpg"
	provider-name="%providerName"
	version="3.5.0.v20090620043401">
	<copyright>
		%copyright
	</copyright>
	<license url="%licenseURL">
		%license
	</license>
	<description>Babel Language Pack for tools.pdt in Chinese (Traditional)</description>
	<plugin fragment="true" id="org.eclipse.dltk.core.tests.nl_zh_TW" unpack="false" version="3.5.0.v20090620043401" download-size="1391" install-size="1391" />
	<plugin fragment="true" id="org.eclipse.php.core.nl_zh_TW" unpack="false" version="3.5.0.v20090620043401" download-size="2824" install-size="2824" />
	<plugin fragment="true" id="org.eclipse.php.core.parser.nl_zh_TW" unpack="false" version="3.5.0.v20090620043401" download-size="1390" install-size="1390" />
	<plugin fragment="true" id="org.eclipse.php.debug.core.nl_zh_TW" unpack="false" version="3.5.0.v20090620043401" download-size="2431" install-size="2431" />
	<plugin fragment="true" id="org.eclipse.php.debug.ui.nl_zh_TW" unpack="false" version="3.5.0.v20090620043401" download-size="3478" install-size="3478" />
	<plugin fragment="true" id="org.eclipse.php.nl_zh_TW" unpack="false" version="3.5.0.v20090620043401" download-size="1383" install-size="1383" />
	<plugin fragment="true" id="org.eclipse.php.server.core.nl_zh_TW" unpack="false" version="3.5.0.v20090620043401" download-size="2309" install-size="2309" />
	<plugin fragment="true" id="org.eclipse.php.server.ui.nl_zh_TW" unpack="false" version="3.5.0.v20090620043401" download-size="2289" install-size="2289" />
	<plugin fragment="true" id="org.eclipse.php.test.nl_zh_TW" unpack="false" version="3.5.0.v20090620043401" download-size="1386" install-size="1386" />
	<plugin fragment="true" id="org.eclipse.php.ui.nl_zh_TW" unpack="false" version="3.5.0.v20090620043401" download-size="45827" install-size="45827" />
</feature>