<?xml version="1.0" encoding="UTF-8" ?>
<feature
	id="org.eclipse.babel.nls_webtools.jeetools_de"
	label="Babel Language Pack for webtools.jeetools in German (94.82%)"
	image="eclipse_update_120.jpg"
	provider-name="%providerName"
	version="3.5.0.v20090620043401">
	<copyright>
		%copyright
	</copyright>
	<license url="%licenseURL">
		%license
	</license>
	<description>Babel Language Pack for webtools.jeetools in German</description>
	<plugin fragment="true" id="org.eclipse.jem.beaninfo.nl_de" unpack="false" version="3.5.0.v20090620043401" download-size="3183" install-size="3183" />
	<plugin fragment="true" id="org.eclipse.jem.beaninfo.vm.common.nl_de" unpack="false" version="3.5.0.v20090620043401" download-size="1377" install-size="1377" />
	<plugin fragment="true" id="org.eclipse.jem.beaninfo.vm.nl_de" unpack="false" version="3.5.0.v20090620043401" download-size="3064" install-size="3064" />
	<plugin fragment="true" id="org.eclipse.jem.nl_de" unpack="false" version="3.5.0.v20090620043401" download-size="4018" install-size="4018" />
	<plugin fragment="true" id="org.eclipse.jem.proxy.nl_de" unpack="false" version="3.5.0.v20090620043401" download-size="7408" install-size="7408" />
	<plugin fragment="true" id="org.eclipse.jem.tests.nl_de" unpack="false" version="3.5.0.v20090620043401" download-size="1365" install-size="1365" />
	<plugin fragment="true" id="org.eclipse.jem.workbench.nl_de" unpack="false" version="3.5.0.v20090620043401" download-size="2497" install-size="2497" />
	<plugin fragment="true" id="org.eclipse.jst.j2ee.core.nl_de" unpack="false" version="3.5.0.v20090620043401" download-size="31288" install-size="31288" />
	<plugin fragment="true" id="org.eclipse.jst.j2ee.doc.user.nl_de" unpack="false" version="3.5.0.v20090620043401" download-size="1402" install-size="1402" />
	<plugin fragment="true" id="org.eclipse.jst.j2ee.infopop.nl_de" unpack="false" version="3.5.0.v20090620043401" download-size="1405" install-size="1405" />
	<plugin fragment="true" id="org.eclipse.jst.j2ee.jca.nl_de" unpack="false" version="3.5.0.v20090620043401" download-size="2496" install-size="2496" />
	<plugin fragment="true" id="org.eclipse.jst.j2ee.jca.ui.nl_de" unpack="false" version="3.5.0.v20090620043401" download-size="2056" install-size="2056" />
	<plugin fragment="true" id="org.eclipse.jst.j2ee.navigator.ui.nl_de" unpack="false" version="3.5.0.v20090620043401" download-size="3584" install-size="3584" />
	<plugin fragment="true" id="org.eclipse.jst.j2ee.nl_de" unpack="false" version="3.5.0.v20090620043401" download-size="28511" install-size="28511" />
	<plugin fragment="true" id="org.eclipse.jst.j2ee.ui.nl_de" unpack="false" version="3.5.0.v20090620043401" download-size="15789" install-size="15789" />
	<plugin fragment="true" id="org.eclipse.jst.j2ee.web.nl_de" unpack="false" version="3.5.0.v20090620043401" download-size="19347" install-size="19347" />
	<plugin fragment="true" id="org.eclipse.jst.j2ee.webservice.nl_de" unpack="false" version="3.5.0.v20090620043401" download-size="2716" install-size="2716" />
	<plugin fragment="true" id="org.eclipse.jst.j2ee.webservice.ui.nl_de" unpack="false" version="3.5.0.v20090620043401" download-size="2447" install-size="2447" />
	<plugin fragment="true" id="org.eclipse.jst.j2ee.xdoclet.runtime.nl_de" unpack="false" version="3.5.0.v20090620043401" download-size="2422" install-size="2422" />
	<plugin fragment="true" id="org.eclipse.jst.jee.nl_de" unpack="false" version="3.5.0.v20090620043401" download-size="1368" install-size="1368" />
	<plugin fragment="true" id="org.eclipse.jst.jee.ui.nl_de" unpack="false" version="3.5.0.v20090620043401" download-size="2612" install-size="2612" />
	<plugin fragment="true" id="org.eclipse.jst.jee.web.nl_de" unpack="false" version="3.5.0.v20090620043401" download-size="1371" install-size="1371" />
	<plugin fragment="true" id="org.eclipse.jst.servlet.ui.infopop.nl_de" unpack="false" version="3.5.0.v20090620043401" download-size="1411" install-size="1411" />
	<plugin fragment="true" id="org.eclipse.jst.servlet.ui.nl_de" unpack="false" version="3.5.0.v20090620043401" download-size="5631" install-size="5631" />
	<plugin fragment="true" id="org.eclipse.wst.web.ui.infopop.nl_de" unpack="false" version="3.5.0.v20090620043401" download-size="1407" install-size="1407" />
</feature>