<?xml version="1.0" encoding="UTF-8" ?>
<feature
	id="org.eclipse.babel.nls_webtools.jsf_tr"
	label="Babel Language Pack for webtools.jsf in Turkish (30.01%)"
	image="eclipse_update_120.jpg"
	provider-name="%providerName"
	version="3.5.0.v20090620043401">
	<copyright>
		%copyright
	</copyright>
	<license url="%licenseURL">
		%license
	</license>
	<description>Babel Language Pack for webtools.jsf in Turkish</description>
	<plugin fragment="true" id="org.eclipse.jst.jsf.apache.trinidad.tagsupport.nl_tr" unpack="false" version="3.5.0.v20090620043401" download-size="3065" install-size="3065" />
	<plugin fragment="true" id="org.eclipse.jst.jsf.common.nl_tr" unpack="false" version="3.5.0.v20090620043401" download-size="2751" install-size="2751" />
	<plugin fragment="true" id="org.eclipse.jst.jsf.common.runtime.nl_tr" unpack="false" version="3.5.0.v20090620043401" download-size="1378" install-size="1378" />
	<plugin fragment="true" id="org.eclipse.jst.jsf.common.ui.nl_tr" unpack="false" version="3.5.0.v20090620043401" download-size="4873" install-size="4873" />
	<plugin fragment="true" id="org.eclipse.jst.jsf.core.nl_tr" unpack="false" version="3.5.0.v20090620043401" download-size="6462" install-size="6462" />
	<plugin fragment="true" id="org.eclipse.jst.jsf.facesconfig.nl_tr" unpack="false" version="3.5.0.v20090620043401" download-size="5331" install-size="5331" />
	<plugin fragment="true" id="org.eclipse.jst.jsf.facesconfig.ui.nl_tr" unpack="false" version="3.5.0.v20090620043401" download-size="7124" install-size="7124" />
	<plugin fragment="true" id="org.eclipse.jst.jsf.standard.tagsupport.nl_tr" unpack="false" version="3.5.0.v20090620043401" download-size="2789" install-size="2789" />
	<plugin fragment="true" id="org.eclipse.jst.jsf.ui.nl_tr" unpack="false" version="3.5.0.v20090620043401" download-size="4432" install-size="4432" />
	<plugin fragment="true" id="org.eclipse.jst.pagedesigner.jsf.ui.nl_tr" unpack="false" version="3.5.0.v20090620043401" download-size="4987" install-size="4987" />
	<plugin fragment="true" id="org.eclipse.jst.pagedesigner.jsp.core.nl_tr" unpack="false" version="3.5.0.v20090620043401" download-size="1377" install-size="1377" />
	<plugin fragment="true" id="org.eclipse.jst.pagedesigner.nl_tr" unpack="false" version="3.5.0.v20090620043401" download-size="10487" install-size="10487" />
</feature>