<?xml version="1.0" encoding="UTF-8" ?>
<feature
	id="org.eclipse.babel.nls_webtools.common_en_AA"
	label="Babel Language Pack for webtools.common in Pseudo Translations (100%)"
	image="eclipse_update_120.jpg"
	provider-name="%providerName"
	version="3.5.0.v20090620043401">
	<copyright>
		%copyright
	</copyright>
	<license url="%licenseURL">
		%license
	</license>
	<description>Babel Language Pack for webtools.common in Pseudo Translations</description>
	<plugin fragment="true" id="org.eclipse.jem.util.nl_en_AA" unpack="false" version="3.5.0.v20090620043401" download-size="1907" install-size="1907" />
	<plugin fragment="true" id="org.eclipse.jst.common.annotations.controller.nl_en_AA" unpack="false" version="3.5.0.v20090620043401" download-size="2072" install-size="2072" />
	<plugin fragment="true" id="org.eclipse.jst.common.annotations.core.nl_en_AA" unpack="false" version="3.5.0.v20090620043401" download-size="1860" install-size="1860" />
	<plugin fragment="true" id="org.eclipse.jst.common.annotations.ui.nl_en_AA" unpack="false" version="3.5.0.v20090620043401" download-size="1773" install-size="1773" />
	<plugin fragment="true" id="org.eclipse.jst.common.fproj.enablement.jdt.sdk.nl_en_AA" unpack="false" version="3.5.0.v20090620043401" download-size="1909" install-size="1909" />
	<plugin fragment="true" id="org.eclipse.jst.common.frameworks.nl_en_AA" unpack="false" version="3.5.0.v20090620043401" download-size="1439" install-size="1439" />
	<plugin fragment="true" id="org.eclipse.jst.common.project.facet.core.nl_en_AA" unpack="false" version="3.5.0.v20090620043401" download-size="9890" install-size="9890" />
	<plugin fragment="true" id="org.eclipse.jst.common.project.facet.ui.nl_en_AA" unpack="false" version="3.5.0.v20090620043401" download-size="7893" install-size="7893" />
	<plugin fragment="true" id="org.eclipse.perfmsr.core.stub.nl_en_AA" unpack="false" version="3.5.0.v20090620043401" download-size="1414" install-size="1414" />
	<plugin fragment="true" id="org.eclipse.wst.common.api.doc.nl_en_AA" unpack="false" version="3.5.0.v20090620043401" download-size="2138" install-size="2138" />
	<plugin fragment="true" id="org.eclipse.wst.common.core.nl_en_AA" unpack="false" version="3.5.0.v20090620043401" download-size="2674" install-size="2674" />
	<plugin fragment="true" id="org.eclipse.wst.common.emf.nl_en_AA" unpack="false" version="3.5.0.v20090620043401" download-size="2098" install-size="2098" />
	<plugin fragment="true" id="org.eclipse.wst.common.emfworkbench.integration.nl_en_AA" unpack="false" version="3.5.0.v20090620043401" download-size="2776" install-size="2776" />
	<plugin fragment="true" id="org.eclipse.wst.common.environment.nl_en_AA" unpack="false" version="3.5.0.v20090620043401" download-size="3190" install-size="3190" />
	<plugin fragment="true" id="org.eclipse.wst.common.fproj.sdk.nl_en_AA" unpack="false" version="3.5.0.v20090620043401" download-size="1874" install-size="1874" />
	<plugin fragment="true" id="org.eclipse.wst.common.frameworks.nl_en_AA" unpack="false" version="3.5.0.v20090620043401" download-size="2869" install-size="2869" />
	<plugin fragment="true" id="org.eclipse.wst.common.frameworks.ui.nl_en_AA" unpack="false" version="3.5.0.v20090620043401" download-size="4363" install-size="4363" />
	<plugin fragment="true" id="org.eclipse.wst.common.infopop.nl_en_AA" unpack="false" version="3.5.0.v20090620043401" download-size="1435" install-size="1435" />
	<plugin fragment="true" id="org.eclipse.wst.common.modulecore.nl_en_AA" unpack="false" version="3.5.0.v20090620043401" download-size="7071" install-size="7071" />
	<plugin fragment="true" id="org.eclipse.wst.common.project.facet.core.nl_en_AA" unpack="false" version="3.5.0.v20090620043401" download-size="17198" install-size="17198" />
	<plugin fragment="true" id="org.eclipse.wst.common.project.facet.doc.api.nl_en_AA" unpack="false" version="3.5.0.v20090620043401" download-size="1475" install-size="1475" />
	<plugin fragment="true" id="org.eclipse.wst.common.project.facet.ui.nl_en_AA" unpack="false" version="3.5.0.v20090620043401" download-size="9954" install-size="9954" />
	<plugin fragment="true" id="org.eclipse.wst.common.snippets.nl_en_AA" unpack="false" version="3.5.0.v20090620043401" download-size="3446" install-size="3446" />
	<plugin fragment="true" id="org.eclipse.wst.common.ui.nl_en_AA" unpack="false" version="3.5.0.v20090620043401" download-size="7883" install-size="7883" />
	<plugin fragment="true" id="org.eclipse.wst.common.ui.properties.nl_en_AA" unpack="false" version="3.5.0.v20090620043401" download-size="3377" install-size="3377" />
	<plugin fragment="true" id="org.eclipse.wst.common.uriresolver.nl_en_AA" unpack="false" version="3.5.0.v20090620043401" download-size="1467" install-size="1467" />
	<plugin fragment="true" id="org.eclipse.wst.internet.cache.nl_en_AA" unpack="false" version="3.5.0.v20090620043401" download-size="3206" install-size="3206" />
	<plugin fragment="true" id="org.eclipse.wst.validation.doc.isv.nl_en_AA" unpack="false" version="3.5.0.v20090620043401" download-size="2152" install-size="2152" />
	<plugin fragment="true" id="org.eclipse.wst.validation.infopop.nl_en_AA" unpack="false" version="3.5.0.v20090620043401" download-size="1445" install-size="1445" />
	<plugin fragment="true" id="org.eclipse.wst.validation.nl_en_AA" unpack="false" version="3.5.0.v20090620043401" download-size="6283" install-size="6283" />
	<plugin fragment="true" id="org.eclipse.wst.validation.ui.nl_en_AA" unpack="false" version="3.5.0.v20090620043401" download-size="5576" install-size="5576" />
</feature>