<?xml version="1.0" encoding="UTF-8" ?>
<feature
	id="org.eclipse.babel.nls_webtools.jsf_fi"
	label="Babel Language Pack for webtools.jsf in Finnish (29.98%)"
	image="eclipse_update_120.jpg"
	provider-name="%providerName"
	version="3.5.0.v20090620043401">
	<copyright>
		%copyright
	</copyright>
	<license url="%licenseURL">
		%license
	</license>
	<description>Babel Language Pack for webtools.jsf in Finnish</description>
	<plugin fragment="true" id="org.eclipse.jst.jsf.apache.trinidad.tagsupport.nl_fi" unpack="false" version="3.5.0.v20090620043401" download-size="3056" install-size="3056" />
	<plugin fragment="true" id="org.eclipse.jst.jsf.common.nl_fi" unpack="false" version="3.5.0.v20090620043401" download-size="2756" install-size="2756" />
	<plugin fragment="true" id="org.eclipse.jst.jsf.common.runtime.nl_fi" unpack="false" version="3.5.0.v20090620043401" download-size="1377" install-size="1377" />
	<plugin fragment="true" id="org.eclipse.jst.jsf.common.ui.nl_fi" unpack="false" version="3.5.0.v20090620043401" download-size="4841" install-size="4841" />
	<plugin fragment="true" id="org.eclipse.jst.jsf.core.nl_fi" unpack="false" version="3.5.0.v20090620043401" download-size="6443" install-size="6443" />
	<plugin fragment="true" id="org.eclipse.jst.jsf.facesconfig.nl_fi" unpack="false" version="3.5.0.v20090620043401" download-size="5219" install-size="5219" />
	<plugin fragment="true" id="org.eclipse.jst.jsf.facesconfig.ui.nl_fi" unpack="false" version="3.5.0.v20090620043401" download-size="6966" install-size="6966" />
	<plugin fragment="true" id="org.eclipse.jst.jsf.standard.tagsupport.nl_fi" unpack="false" version="3.5.0.v20090620043401" download-size="2733" install-size="2733" />
	<plugin fragment="true" id="org.eclipse.jst.jsf.ui.nl_fi" unpack="false" version="3.5.0.v20090620043401" download-size="4359" install-size="4359" />
	<plugin fragment="true" id="org.eclipse.jst.pagedesigner.jsf.ui.nl_fi" unpack="false" version="3.5.0.v20090620043401" download-size="4963" install-size="4963" />
	<plugin fragment="true" id="org.eclipse.jst.pagedesigner.jsp.core.nl_fi" unpack="false" version="3.5.0.v20090620043401" download-size="1376" install-size="1376" />
	<plugin fragment="true" id="org.eclipse.jst.pagedesigner.nl_fi" unpack="false" version="3.5.0.v20090620043401" download-size="10329" install-size="10329" />
</feature>