<?xml version="1.0" encoding="UTF-8" ?>
<feature
	id="org.eclipse.babel.nls_datatools_zh"
	label="Babel Language Pack for datatools in Chinese (Simplified) (86.26%)"
	image="eclipse_update_120.jpg"
	provider-name="%providerName"
	version="3.5.0.v20090620043401">
	<copyright>
		%copyright
	</copyright>
	<license url="%licenseURL">
		%license
	</license>
	<description>Babel Language Pack for datatools in Chinese (Simplified)</description>
	<plugin fragment="true" id="org.eclipse.datatools.connectivity.apache.derby.dbdefinition.nl_zh" unpack="false" version="3.5.0.v20090620043401" download-size="1483" install-size="1483" />
	<plugin fragment="true" id="org.eclipse.datatools.connectivity.apache.derby.nl_zh" unpack="false" version="3.5.0.v20090620043401" download-size="1894" install-size="1894" />
	<plugin fragment="true" id="org.eclipse.datatools.connectivity.apache.derby.ui.nl_zh" unpack="false" version="3.5.0.v20090620043401" download-size="5274" install-size="5274" />
	<plugin fragment="true" id="org.eclipse.datatools.connectivity.console.profile.nl_zh" unpack="false" version="3.5.0.v20090620043401" download-size="4137" install-size="4137" />
	<plugin fragment="true" id="org.eclipse.datatools.connectivity.db.generic.nl_zh" unpack="false" version="3.5.0.v20090620043401" download-size="3408" install-size="3408" />
	<plugin fragment="true" id="org.eclipse.datatools.connectivity.db.generic.ui.nl_zh" unpack="false" version="3.5.0.v20090620043401" download-size="1545" install-size="1545" />
	<plugin fragment="true" id="org.eclipse.datatools.connectivity.dbdefinition.genericJDBC.nl_zh" unpack="false" version="3.5.0.v20090620043401" download-size="1487" install-size="1487" />
	<plugin fragment="true" id="org.eclipse.datatools.connectivity.nl_zh" unpack="false" version="3.5.0.v20090620043401" download-size="7134" install-size="7134" />
	<plugin fragment="true" id="org.eclipse.datatools.connectivity.oda.consumer.nl_zh" unpack="false" version="3.5.0.v20090620043401" download-size="3226" install-size="3226" />
	<plugin fragment="true" id="org.eclipse.datatools.connectivity.oda.design.nl_zh" unpack="false" version="3.5.0.v20090620043401" download-size="2803" install-size="2803" />
	<plugin fragment="true" id="org.eclipse.datatools.connectivity.oda.design.ui.nl_zh" unpack="false" version="3.5.0.v20090620043401" download-size="4429" install-size="4429" />
	<plugin fragment="true" id="org.eclipse.datatools.connectivity.oda.flatfile.nl_zh" unpack="false" version="3.5.0.v20090620043401" download-size="4057" install-size="4057" />
	<plugin fragment="true" id="org.eclipse.datatools.connectivity.oda.flatfile.ui.nl_zh" unpack="false" version="3.5.0.v20090620043401" download-size="4294" install-size="4294" />
	<plugin fragment="true" id="org.eclipse.datatools.connectivity.oda.nl_zh" unpack="false" version="3.5.0.v20090620043401" download-size="3631" install-size="3631" />
	<plugin fragment="true" id="org.eclipse.datatools.connectivity.oda.profile.nl_zh" unpack="false" version="3.5.0.v20090620043401" download-size="2734" install-size="2734" />
	<plugin fragment="true" id="org.eclipse.datatools.connectivity.oda.template.ui.nl_zh" unpack="false" version="3.5.0.v20090620043401" download-size="3468" install-size="3468" />
	<plugin fragment="true" id="org.eclipse.datatools.connectivity.sqm.core.nl_zh" unpack="false" version="3.5.0.v20090620043401" download-size="5307" install-size="5307" />
	<plugin fragment="true" id="org.eclipse.datatools.connectivity.sqm.core.ui.nl_zh" unpack="false" version="3.5.0.v20090620043401" download-size="7688" install-size="7688" />
	<plugin fragment="true" id="org.eclipse.datatools.connectivity.sqm.server.ui.nl_zh" unpack="false" version="3.5.0.v20090620043401" download-size="5243" install-size="5243" />
	<plugin fragment="true" id="org.eclipse.datatools.connectivity.ui.dse.nl_zh" unpack="false" version="3.5.0.v20090620043401" download-size="4425" install-size="4425" />
	<plugin fragment="true" id="org.eclipse.datatools.connectivity.ui.nl_zh" unpack="false" version="3.5.0.v20090620043401" download-size="7643" install-size="7643" />
	<plugin fragment="true" id="org.eclipse.datatools.connectivity.ui.templates.nl_zh" unpack="false" version="3.5.0.v20090620043401" download-size="4099" install-size="4099" />
	<plugin fragment="true" id="org.eclipse.datatools.enablement.finfo.nl_zh" unpack="false" version="3.5.0.v20090620043401" download-size="1793" install-size="1793" />
	<plugin fragment="true" id="org.eclipse.datatools.enablement.hsqldb.dbdefinition.nl_zh" unpack="false" version="3.5.0.v20090620043401" download-size="1530" install-size="1530" />
	<plugin fragment="true" id="org.eclipse.datatools.enablement.hsqldb.nl_zh" unpack="false" version="3.5.0.v20090620043401" download-size="1756" install-size="1756" />
	<plugin fragment="true" id="org.eclipse.datatools.enablement.hsqldb.ui.nl_zh" unpack="false" version="3.5.0.v20090620043401" download-size="3398" install-size="3398" />
	<plugin fragment="true" id="org.eclipse.datatools.enablement.ibm.db2.iseries.dbdefinition.nl_zh" unpack="false" version="3.5.0.v20090620043401" download-size="1545" install-size="1545" />
	<plugin fragment="true" id="org.eclipse.datatools.enablement.ibm.db2.iseries.nl_zh" unpack="false" version="3.5.0.v20090620043401" download-size="1765" install-size="1765" />
	<plugin fragment="true" id="org.eclipse.datatools.enablement.ibm.db2.iseries.ui.nl_zh" unpack="false" version="3.5.0.v20090620043401" download-size="3829" install-size="3829" />
	<plugin fragment="true" id="org.eclipse.datatools.enablement.ibm.db2.luw.dbdefinition.nl_zh" unpack="false" version="3.5.0.v20090620043401" download-size="1571" install-size="1571" />
	<plugin fragment="true" id="org.eclipse.datatools.enablement.ibm.db2.luw.nl_zh" unpack="false" version="3.5.0.v20090620043401" download-size="1734" install-size="1734" />
	<plugin fragment="true" id="org.eclipse.datatools.enablement.ibm.db2.luw.ui.nl_zh" unpack="false" version="3.5.0.v20090620043401" download-size="3863" install-size="3863" />
	<plugin fragment="true" id="org.eclipse.datatools.enablement.ibm.db2.zseries.dbdefinition.nl_zh" unpack="false" version="3.5.0.v20090620043401" download-size="1656" install-size="1656" />
	<plugin fragment="true" id="org.eclipse.datatools.enablement.ibm.db2.zseries.nl_zh" unpack="false" version="3.5.0.v20090620043401" download-size="1780" install-size="1780" />
	<plugin fragment="true" id="org.eclipse.datatools.enablement.ibm.db2.zseries.ui.nl_zh" unpack="false" version="3.5.0.v20090620043401" download-size="3878" install-size="3878" />
	<plugin fragment="true" id="org.eclipse.datatools.enablement.ibm.informix.dbdefinition.nl_zh" unpack="false" version="3.5.0.v20090620043401" download-size="1533" install-size="1533" />
	<plugin fragment="true" id="org.eclipse.datatools.enablement.ibm.informix.nl_zh" unpack="false" version="3.5.0.v20090620043401" download-size="1772" install-size="1772" />
	<plugin fragment="true" id="org.eclipse.datatools.enablement.ibm.informix.ui.nl_zh" unpack="false" version="3.5.0.v20090620043401" download-size="3620" install-size="3620" />
	<plugin fragment="true" id="org.eclipse.datatools.enablement.ibm.ui.nl_zh" unpack="false" version="3.5.0.v20090620043401" download-size="3432" install-size="3432" />
	<plugin fragment="true" id="org.eclipse.datatools.enablement.ingres.dbdefinition.nl_zh" unpack="false" version="3.5.0.v20090620043401" download-size="1401" install-size="1401" />
	<plugin fragment="true" id="org.eclipse.datatools.enablement.ingres.nl_zh" unpack="false" version="3.5.0.v20090620043401" download-size="1544" install-size="1544" />
	<plugin fragment="true" id="org.eclipse.datatools.enablement.ingres.ui.nl_zh" unpack="false" version="3.5.0.v20090620043401" download-size="2920" install-size="2920" />
	<plugin fragment="true" id="org.eclipse.datatools.enablement.jdt.classpath.nl_zh" unpack="false" version="3.5.0.v20090620043401" download-size="3311" install-size="3311" />
	<plugin fragment="true" id="org.eclipse.datatools.enablement.msft.sqlserver.dbdefinition.nl_zh" unpack="false" version="3.5.0.v20090620043401" download-size="1519" install-size="1519" />
	<plugin fragment="true" id="org.eclipse.datatools.enablement.msft.sqlserver.nl_zh" unpack="false" version="3.5.0.v20090620043401" download-size="1786" install-size="1786" />
	<plugin fragment="true" id="org.eclipse.datatools.enablement.msft.sqlserver.ui.nl_zh" unpack="false" version="3.5.0.v20090620043401" download-size="3977" install-size="3977" />
	<plugin fragment="true" id="org.eclipse.datatools.enablement.mysql.dbdefinition.nl_zh" unpack="false" version="3.5.0.v20090620043401" download-size="1496" install-size="1496" />
	<plugin fragment="true" id="org.eclipse.datatools.enablement.mysql.nl_zh" unpack="false" version="3.5.0.v20090620043401" download-size="1732" install-size="1732" />
	<plugin fragment="true" id="org.eclipse.datatools.enablement.mysql.ui.nl_zh" unpack="false" version="3.5.0.v20090620043401" download-size="1542" install-size="1542" />
	<plugin fragment="true" id="org.eclipse.datatools.enablement.oda.ws.nl_zh" unpack="false" version="3.5.0.v20090620043401" download-size="3016" install-size="3016" />
	<plugin fragment="true" id="org.eclipse.datatools.enablement.oda.ws.ui.nl_zh" unpack="false" version="3.5.0.v20090620043401" download-size="4284" install-size="4284" />
	<plugin fragment="true" id="org.eclipse.datatools.enablement.oda.xml.nl_zh" unpack="false" version="3.5.0.v20090620043401" download-size="3435" install-size="3435" />
	<plugin fragment="true" id="org.eclipse.datatools.enablement.oda.xml.ui.nl_zh" unpack="false" version="3.5.0.v20090620043401" download-size="5309" install-size="5309" />
	<plugin fragment="true" id="org.eclipse.datatools.enablement.oracle.dbdefinition.nl_zh" unpack="false" version="3.5.0.v20090620043401" download-size="1497" install-size="1497" />
	<plugin fragment="true" id="org.eclipse.datatools.enablement.oracle.nl_zh" unpack="false" version="3.5.0.v20090620043401" download-size="1764" install-size="1764" />
	<plugin fragment="true" id="org.eclipse.datatools.enablement.oracle.ui.nl_zh" unpack="false" version="3.5.0.v20090620043401" download-size="3437" install-size="3437" />
	<plugin fragment="true" id="org.eclipse.datatools.enablement.postgresql.dbdefinition.nl_zh" unpack="false" version="3.5.0.v20090620043401" download-size="1401" install-size="1401" />
	<plugin fragment="true" id="org.eclipse.datatools.enablement.postgresql.nl_zh" unpack="false" version="3.5.0.v20090620043401" download-size="1665" install-size="1665" />
	<plugin fragment="true" id="org.eclipse.datatools.enablement.postgresql.ui.nl_zh" unpack="false" version="3.5.0.v20090620043401" download-size="1525" install-size="1525" />
	<plugin fragment="true" id="org.eclipse.datatools.enablement.sap.maxdb.dbdefinition.nl_zh" unpack="false" version="3.5.0.v20090620043401" download-size="1479" install-size="1479" />
	<plugin fragment="true" id="org.eclipse.datatools.enablement.sap.maxdb.nl_zh" unpack="false" version="3.5.0.v20090620043401" download-size="2717" install-size="2717" />
	<plugin fragment="true" id="org.eclipse.datatools.enablement.sap.maxdb.ui.nl_zh" unpack="false" version="3.5.0.v20090620043401" download-size="1548" install-size="1548" />
	<plugin fragment="true" id="org.eclipse.datatools.enablement.sqlite.dbdefinition.nl_zh" unpack="false" version="3.5.0.v20090620043401" download-size="1400" install-size="1400" />
	<plugin fragment="true" id="org.eclipse.datatools.enablement.sqlite.nl_zh" unpack="false" version="3.5.0.v20090620043401" download-size="2485" install-size="2485" />
	<plugin fragment="true" id="org.eclipse.datatools.enablement.sqlite.ui.nl_zh" unpack="false" version="3.5.0.v20090620043401" download-size="3014" install-size="3014" />
	<plugin fragment="true" id="org.eclipse.datatools.enablement.sybase.asa.dbdefinition.nl_zh" unpack="false" version="3.5.0.v20090620043401" download-size="1528" install-size="1528" />
	<plugin fragment="true" id="org.eclipse.datatools.enablement.sybase.asa.models.nl_zh" unpack="false" version="3.5.0.v20090620043401" download-size="1423" install-size="1423" />
	<plugin fragment="true" id="org.eclipse.datatools.enablement.sybase.asa.nl_zh" unpack="false" version="3.5.0.v20090620043401" download-size="4793" install-size="4793" />
	<plugin fragment="true" id="org.eclipse.datatools.enablement.sybase.asa.schemaobjecteditor.examples.nl_zh" unpack="false" version="3.5.0.v20090620043401" download-size="19184" install-size="19184" />
	<plugin fragment="true" id="org.eclipse.datatools.enablement.sybase.asa.ui.nl_zh" unpack="false" version="3.5.0.v20090620043401" download-size="1757" install-size="1757" />
	<plugin fragment="true" id="org.eclipse.datatools.enablement.sybase.ase.dbdefinition.nl_zh" unpack="false" version="3.5.0.v20090620043401" download-size="1506" install-size="1506" />
	<plugin fragment="true" id="org.eclipse.datatools.enablement.sybase.ase.models.nl_zh" unpack="false" version="3.5.0.v20090620043401" download-size="1438" install-size="1438" />
	<plugin fragment="true" id="org.eclipse.datatools.enablement.sybase.ase.nl_zh" unpack="false" version="3.5.0.v20090620043401" download-size="3142" install-size="3142" />
	<plugin fragment="true" id="org.eclipse.datatools.enablement.sybase.ase.ui.nl_zh" unpack="false" version="3.5.0.v20090620043401" download-size="1884" install-size="1884" />
	<plugin fragment="true" id="org.eclipse.datatools.enablement.sybase.models.nl_zh" unpack="false" version="3.5.0.v20090620043401" download-size="1433" install-size="1433" />
	<plugin fragment="true" id="org.eclipse.datatools.enablement.sybase.nl_zh" unpack="false" version="3.5.0.v20090620043401" download-size="4594" install-size="4594" />
	<plugin fragment="true" id="org.eclipse.datatools.enablement.sybase.ui.nl_zh" unpack="false" version="3.5.0.v20090620043401" download-size="4792" install-size="4792" />
	<plugin fragment="true" id="org.eclipse.datatools.help.nl_zh" unpack="false" version="3.5.0.v20090620043401" download-size="1418" install-size="1418" />
	<plugin fragment="true" id="org.eclipse.datatools.modelbase.dbdefinition.nl_zh" unpack="false" version="3.5.0.v20090620043401" download-size="1433" install-size="1433" />
	<plugin fragment="true" id="org.eclipse.datatools.modelbase.derby.nl_zh" unpack="false" version="3.5.0.v20090620043401" download-size="1427" install-size="1427" />
	<plugin fragment="true" id="org.eclipse.datatools.modelbase.sql.edit.nl_zh" unpack="false" version="3.5.0.v20090620043401" download-size="6630" install-size="6630" />
	<plugin fragment="true" id="org.eclipse.datatools.modelbase.sql.nl_zh" unpack="false" version="3.5.0.v20090620043401" download-size="1809" install-size="1809" />
	<plugin fragment="true" id="org.eclipse.datatools.modelbase.sql.query.edit.nl_zh" unpack="false" version="3.5.0.v20090620043401" download-size="3692" install-size="3692" />
	<plugin fragment="true" id="org.eclipse.datatools.modelbase.sql.query.nl_zh" unpack="false" version="3.5.0.v20090620043401" download-size="1482" install-size="1482" />
	<plugin fragment="true" id="org.eclipse.datatools.modelbase.sql.xml.query.nl_zh" unpack="false" version="3.5.0.v20090620043401" download-size="1464" install-size="1464" />
	<plugin fragment="true" id="org.eclipse.datatools.sqltools.common.ui.nl_zh" unpack="false" version="3.5.0.v20090620043401" download-size="7286" install-size="7286" />
	<plugin fragment="true" id="org.eclipse.datatools.sqltools.data.core.nl_zh" unpack="false" version="3.5.0.v20090620043401" download-size="5334" install-size="5334" />
	<plugin fragment="true" id="org.eclipse.datatools.sqltools.data.ui.nl_zh" unpack="false" version="3.5.0.v20090620043401" download-size="5672" install-size="5672" />
	<plugin fragment="true" id="org.eclipse.datatools.sqltools.db.derby.nl_zh" unpack="false" version="3.5.0.v20090620043401" download-size="2870" install-size="2870" />
	<plugin fragment="true" id="org.eclipse.datatools.sqltools.db.derby.ui.nl_zh" unpack="false" version="3.5.0.v20090620043401" download-size="1395" install-size="1395" />
	<plugin fragment="true" id="org.eclipse.datatools.sqltools.db.generic.nl_zh" unpack="false" version="3.5.0.v20090620043401" download-size="2885" install-size="2885" />
	<plugin fragment="true" id="org.eclipse.datatools.sqltools.db.generic.ui.nl_zh" unpack="false" version="3.5.0.v20090620043401" download-size="1424" install-size="1424" />
	<plugin fragment="true" id="org.eclipse.datatools.sqltools.ddlgen.ui.nl_zh" unpack="false" version="3.5.0.v20090620043401" download-size="4917" install-size="4917" />
	<plugin fragment="true" id="org.eclipse.datatools.sqltools.debugger.core.nl_zh" unpack="false" version="3.5.0.v20090620043401" download-size="7184" install-size="7184" />
	<plugin fragment="true" id="org.eclipse.datatools.sqltools.debugger.core.ui.nl_zh" unpack="false" version="3.5.0.v20090620043401" download-size="5081" install-size="5081" />
	<plugin fragment="true" id="org.eclipse.datatools.sqltools.editor.core.nl_zh" unpack="false" version="3.5.0.v20090620043401" download-size="8026" install-size="8026" />
	<plugin fragment="true" id="org.eclipse.datatools.sqltools.editor.core.ui.nl_zh" unpack="false" version="3.5.0.v20090620043401" download-size="2740" install-size="2740" />
	<plugin fragment="true" id="org.eclipse.datatools.sqltools.parsers.sql.lexer.nl_zh" unpack="false" version="3.5.0.v20090620043401" download-size="1430" install-size="1430" />
	<plugin fragment="true" id="org.eclipse.datatools.sqltools.parsers.sql.nl_zh" unpack="false" version="3.5.0.v20090620043401" download-size="3571" install-size="3571" />
	<plugin fragment="true" id="org.eclipse.datatools.sqltools.parsers.sql.query.nl_zh" unpack="false" version="3.5.0.v20090620043401" download-size="5474" install-size="5474" />
	<plugin fragment="true" id="org.eclipse.datatools.sqltools.parsers.sql.xml.query.nl_zh" unpack="false" version="3.5.0.v20090620043401" download-size="1500" install-size="1500" />
	<plugin fragment="true" id="org.eclipse.datatools.sqltools.plan.nl_zh" unpack="false" version="3.5.0.v20090620043401" download-size="7108" install-size="7108" />
	<plugin fragment="true" id="org.eclipse.datatools.sqltools.result.nl_zh" unpack="false" version="3.5.0.v20090620043401" download-size="8800" install-size="8800" />
	<plugin fragment="true" id="org.eclipse.datatools.sqltools.result.ui.nl_zh" unpack="false" version="3.5.0.v20090620043401" download-size="7804" install-size="7804" />
	<plugin fragment="true" id="org.eclipse.datatools.sqltools.routineeditor.nl_zh" unpack="false" version="3.5.0.v20090620043401" download-size="9945" install-size="9945" />
	<plugin fragment="true" id="org.eclipse.datatools.sqltools.routineeditor.ui.nl_zh" unpack="false" version="3.5.0.v20090620043401" download-size="8233" install-size="8233" />
	<plugin fragment="true" id="org.eclipse.datatools.sqltools.schemaobjecteditor.nl_zh" unpack="false" version="3.5.0.v20090620043401" download-size="1402" install-size="1402" />
	<plugin fragment="true" id="org.eclipse.datatools.sqltools.schemaobjecteditor.ui.nl_zh" unpack="false" version="3.5.0.v20090620043401" download-size="6917" install-size="6917" />
	<plugin fragment="true" id="org.eclipse.datatools.sqltools.schemaobjecteditor.ui.pages.nl_zh" unpack="false" version="3.5.0.v20090620043401" download-size="4310" install-size="4310" />
	<plugin fragment="true" id="org.eclipse.datatools.sqltools.sql.nl_zh" unpack="false" version="3.5.0.v20090620043401" download-size="4455" install-size="4455" />
	<plugin fragment="true" id="org.eclipse.datatools.sqltools.sql.ui.nl_zh" unpack="false" version="3.5.0.v20090620043401" download-size="1383" install-size="1383" />
	<plugin fragment="true" id="org.eclipse.datatools.sqltools.sqlbuilder.nl_zh" unpack="false" version="3.5.0.v20090620043401" download-size="10022" install-size="10022" />
	<plugin fragment="true" id="org.eclipse.datatools.sqltools.sqleditor.nl_zh" unpack="false" version="3.5.0.v20090620043401" download-size="14406" install-size="14406" />
	<plugin fragment="true" id="org.eclipse.datatools.sqltools.sqlscrapbook.nl_zh" unpack="false" version="3.5.0.v20090620043401" download-size="7872" install-size="7872" />
	<plugin fragment="true" id="org.eclipse.datatools.sqltools.tabledataeditor.nl_zh" unpack="false" version="3.5.0.v20090620043401" download-size="3329" install-size="3329" />
</feature>