<?xml version="1.0" encoding="UTF-8" ?>
<feature
	id="org.eclipse.babel.nls_modeling.m2t_nl"
	label="Babel Language Pack for modeling.m2t in Dutch (14.48%)"
	image="eclipse_update_120.jpg"
	provider-name="%providerName"
	version="3.5.0.v20090620043401">
	<copyright>
		%copyright
	</copyright>
	<license url="%licenseURL">
		%license
	</license>
	<description>Babel Language Pack for modeling.m2t in Dutch</description>
	<plugin fragment="true" id="org.eclipse.acceleo.common.nl_nl" unpack="false" version="3.5.0.v20090620043401" download-size="2304" install-size="2304" />
	<plugin fragment="true" id="org.eclipse.acceleo.engine.nl_nl" unpack="false" version="3.5.0.v20090620043401" download-size="2205" install-size="2205" />
	<plugin fragment="true" id="org.eclipse.acceleo.ide.ui.nl_nl" unpack="false" version="3.5.0.v20090620043401" download-size="2685" install-size="2685" />
	<plugin fragment="true" id="org.eclipse.acceleo.model.nl_nl" unpack="false" version="3.5.0.v20090620043401" download-size="1367" install-size="1367" />
	<plugin fragment="true" id="org.eclipse.acceleo.parser.nl_nl" unpack="false" version="3.5.0.v20090620043401" download-size="2323" install-size="2323" />
</feature>