<?xml version="1.0" encoding="UTF-8" ?>
<feature
	id="org.eclipse.babel.nls_webtools.ejbtools_pl"
	label="Babel Language Pack for webtools.ejbtools in Polish (96.28%)"
	image="eclipse_update_120.jpg"
	provider-name="%providerName"
	version="3.5.0.v20090620043401">
	<copyright>
		%copyright
	</copyright>
	<license url="%licenseURL">
		%license
	</license>
	<description>Babel Language Pack for webtools.ejbtools in Polish</description>
	<plugin fragment="true" id="org.eclipse.jst.ejb.doc.user.nl_pl" unpack="false" version="3.5.0.v20090620043401" download-size="1396" install-size="1396" />
	<plugin fragment="true" id="org.eclipse.jst.ejb.ui.infopop.nl_pl" unpack="false" version="3.5.0.v20090620043401" download-size="1373" install-size="1373" />
	<plugin fragment="true" id="org.eclipse.jst.ejb.ui.nl_pl" unpack="false" version="3.5.0.v20090620043401" download-size="3873" install-size="3873" />
	<plugin fragment="true" id="org.eclipse.jst.j2ee.ejb.annotation.model.nl_pl" unpack="false" version="3.5.0.v20090620043401" download-size="3728" install-size="3728" />
	<plugin fragment="true" id="org.eclipse.jst.j2ee.ejb.annotations.emitter.nl_pl" unpack="false" version="3.5.0.v20090620043401" download-size="1384" install-size="1384" />
	<plugin fragment="true" id="org.eclipse.jst.j2ee.ejb.annotations.ui.nl_pl" unpack="false" version="3.5.0.v20090620043401" download-size="3913" install-size="3913" />
	<plugin fragment="true" id="org.eclipse.jst.j2ee.ejb.annotations.xdoclet.nl_pl" unpack="false" version="3.5.0.v20090620043401" download-size="3623" install-size="3623" />
	<plugin fragment="true" id="org.eclipse.jst.j2ee.ejb.nl_pl" unpack="false" version="3.5.0.v20090620043401" download-size="26015" install-size="26015" />
	<plugin fragment="true" id="org.eclipse.jst.jee.ejb.nl_pl" unpack="false" version="3.5.0.v20090620043401" download-size="1372" install-size="1372" />
</feature>