<?xml version="1.0" encoding="UTF-8" ?>
<feature
	id="org.eclipse.babel.nls_technology.subversive_tr"
	label="Babel Language Pack for technology.subversive in Turkish (18.45%)"
	image="eclipse_update_120.jpg"
	provider-name="%providerName"
	version="3.5.0.v20090620043401">
	<copyright>
		%copyright
	</copyright>
	<license url="%licenseURL">
		%license
	</license>
	<description>Babel Language Pack for technology.subversive in Turkish</description>
	<plugin fragment="true" id="org.eclipse.team.svn.core.nl_tr" unpack="false" version="3.5.0.v20090620043401" download-size="2875" install-size="2875" />
	<plugin fragment="true" id="org.eclipse.team.svn.mylyn.nl_tr" unpack="false" version="3.5.0.v20090620043401" download-size="2214" install-size="2214" />
	<plugin fragment="true" id="org.eclipse.team.svn.ui.nl_tr" unpack="false" version="3.5.0.v20090620043401" download-size="7351" install-size="7351" />
</feature>