<?xml version="1.0" encoding="UTF-8" ?>
<feature
	id="org.eclipse.babel.nls_webtools.sourceediting_el"
	label="Babel Language Pack for webtools.sourceediting in Greek (73.35%)"
	image="eclipse_update_120.jpg"
	provider-name="%providerName"
	version="3.5.0.v20090620043401">
	<copyright>
		%copyright
	</copyright>
	<license url="%licenseURL">
		%license
	</license>
	<description>Babel Language Pack for webtools.sourceediting in Greek</description>
	<plugin fragment="true" id="org.eclipse.jst.jsp.core.nl_el" unpack="false" version="3.5.0.v20090620043401" download-size="3456" install-size="3456" />
	<plugin fragment="true" id="org.eclipse.jst.jsp.ui.infopop.nl_el" unpack="false" version="3.5.0.v20090620043401" download-size="1466" install-size="1466" />
	<plugin fragment="true" id="org.eclipse.jst.jsp.ui.nl_el" unpack="false" version="3.5.0.v20090620043401" download-size="7141" install-size="7141" />
	<plugin fragment="true" id="org.eclipse.jst.standard.schemas.nl_el" unpack="false" version="3.5.0.v20090620043401" download-size="1377" install-size="1377" />
	<plugin fragment="true" id="org.eclipse.wst.css.core.nl_el" unpack="false" version="3.5.0.v20090620043401" download-size="3800" install-size="3800" />
	<plugin fragment="true" id="org.eclipse.wst.css.ui.nl_el" unpack="false" version="3.5.0.v20090620043401" download-size="5928" install-size="5928" />
	<plugin fragment="true" id="org.eclipse.wst.doc.user.nl_el" unpack="false" version="3.5.0.v20090620043401" download-size="1456" install-size="1456" />
	<plugin fragment="true" id="org.eclipse.wst.dtd.core.nl_el" unpack="false" version="3.5.0.v20090620043401" download-size="5212" install-size="5212" />
	<plugin fragment="true" id="org.eclipse.wst.dtd.ui.infopop.nl_el" unpack="false" version="3.5.0.v20090620043401" download-size="1480" install-size="1480" />
	<plugin fragment="true" id="org.eclipse.wst.dtd.ui.nl_el" unpack="false" version="3.5.0.v20090620043401" download-size="5836" install-size="5836" />
	<plugin fragment="true" id="org.eclipse.wst.dtdeditor.doc.user.nl_el" unpack="false" version="3.5.0.v20090620043401" download-size="1373" install-size="1373" />
	<plugin fragment="true" id="org.eclipse.wst.html.core.nl_el" unpack="false" version="3.5.0.v20090620043401" download-size="6685" install-size="6685" />
	<plugin fragment="true" id="org.eclipse.wst.html.ui.infopop.nl_el" unpack="false" version="3.5.0.v20090620043401" download-size="1484" install-size="1484" />
	<plugin fragment="true" id="org.eclipse.wst.html.ui.nl_el" unpack="false" version="3.5.0.v20090620043401" download-size="7350" install-size="7350" />
	<plugin fragment="true" id="org.eclipse.wst.javascript.core.nl_el" unpack="false" version="3.5.0.v20090620043401" download-size="2784" install-size="2784" />
	<plugin fragment="true" id="org.eclipse.wst.javascript.ui.infopop.nl_el" unpack="false" version="3.5.0.v20090620043401" download-size="1456" install-size="1456" />
	<plugin fragment="true" id="org.eclipse.wst.javascript.ui.nl_el" unpack="false" version="3.5.0.v20090620043401" download-size="6638" install-size="6638" />
	<plugin fragment="true" id="org.eclipse.wst.jsdt.core.nl_el" unpack="false" version="3.5.0.v20090620043401" download-size="26879" install-size="26879" />
	<plugin fragment="true" id="org.eclipse.wst.jsdt.doc.nl_el" unpack="false" version="3.5.0.v20090620043401" download-size="1368" install-size="1368" />
	<plugin fragment="true" id="org.eclipse.wst.jsdt.manipulation.nl_el" unpack="false" version="3.5.0.v20090620043401" download-size="3399" install-size="3399" />
	<plugin fragment="true" id="org.eclipse.wst.jsdt.support.firefox.nl_el" unpack="false" version="3.5.0.v20090620043401" download-size="1375" install-size="1375" />
	<plugin fragment="true" id="org.eclipse.wst.jsdt.support.ie.nl_el" unpack="false" version="3.5.0.v20090620043401" download-size="1374" install-size="1374" />
	<plugin fragment="true" id="org.eclipse.wst.jsdt.ui.nl_el" unpack="false" version="3.5.0.v20090620043401" download-size="157470" install-size="157470" />
	<plugin fragment="true" id="org.eclipse.wst.jsdt.web.core.nl_el" unpack="false" version="3.5.0.v20090620043401" download-size="2710" install-size="2710" />
	<plugin fragment="true" id="org.eclipse.wst.jsdt.web.support.jsp.nl_el" unpack="false" version="3.5.0.v20090620043401" download-size="1377" install-size="1377" />
	<plugin fragment="true" id="org.eclipse.wst.jsdt.web.ui.nl_el" unpack="false" version="3.5.0.v20090620043401" download-size="5721" install-size="5721" />
	<plugin fragment="true" id="org.eclipse.wst.sse.core.nl_el" unpack="false" version="3.5.0.v20090620043401" download-size="4687" install-size="4687" />
	<plugin fragment="true" id="org.eclipse.wst.sse.doc.user.nl_el" unpack="false" version="3.5.0.v20090620043401" download-size="1373" install-size="1373" />
	<plugin fragment="true" id="org.eclipse.wst.sse.ui.infopop.nl_el" unpack="false" version="3.5.0.v20090620043401" download-size="1446" install-size="1446" />
	<plugin fragment="true" id="org.eclipse.wst.sse.ui.nl_el" unpack="false" version="3.5.0.v20090620043401" download-size="10714" install-size="10714" />
	<plugin fragment="true" id="org.eclipse.wst.standard.schemas.nl_el" unpack="false" version="3.5.0.v20090620043401" download-size="1377" install-size="1377" />
	<plugin fragment="true" id="org.eclipse.wst.web.nl_el" unpack="false" version="3.5.0.v20090620043401" download-size="2337" install-size="2337" />
	<plugin fragment="true" id="org.eclipse.wst.web.ui.nl_el" unpack="false" version="3.5.0.v20090620043401" download-size="1482" install-size="1482" />
	<plugin fragment="true" id="org.eclipse.wst.webtools.doc.user.nl_el" unpack="false" version="3.5.0.v20090620043401" download-size="1372" install-size="1372" />
	<plugin fragment="true" id="org.eclipse.wst.xml.core.nl_el" unpack="false" version="3.5.0.v20090620043401" download-size="4181" install-size="4181" />
	<plugin fragment="true" id="org.eclipse.wst.xml.ui.infopop.nl_el" unpack="false" version="3.5.0.v20090620043401" download-size="1447" install-size="1447" />
	<plugin fragment="true" id="org.eclipse.wst.xml.ui.nl_el" unpack="false" version="3.5.0.v20090620043401" download-size="17429" install-size="17429" />
	<plugin fragment="true" id="org.eclipse.wst.xml.xpath.core.nl_el" unpack="false" version="3.5.0.v20090620043401" download-size="1372" install-size="1372" />
	<plugin fragment="true" id="org.eclipse.wst.xml.xpath.ui.nl_el" unpack="false" version="3.5.0.v20090620043401" download-size="3189" install-size="3189" />
	<plugin fragment="true" id="org.eclipse.wst.xml.xpath2.processor.nl_el" unpack="false" version="3.5.0.v20090620043401" download-size="1375" install-size="1375" />
	<plugin fragment="true" id="org.eclipse.wst.xmleditor.doc.user.nl_el" unpack="false" version="3.5.0.v20090620043401" download-size="1374" install-size="1374" />
	<plugin fragment="true" id="org.eclipse.wst.xsd.core.nl_el" unpack="false" version="3.5.0.v20090620043401" download-size="1563" install-size="1563" />
	<plugin fragment="true" id="org.eclipse.wst.xsd.ui.nl_el" unpack="false" version="3.5.0.v20090620043401" download-size="24827" install-size="24827" />
	<plugin fragment="true" id="org.eclipse.wst.xsdeditor.doc.user.nl_el" unpack="false" version="3.5.0.v20090620043401" download-size="1459" install-size="1459" />
	<plugin fragment="true" id="org.eclipse.wst.xsl.core.nl_el" unpack="false" version="3.5.0.v20090620043401" download-size="1384" install-size="1384" />
	<plugin fragment="true" id="org.eclipse.wst.xsl.debug.ui.nl_el" unpack="false" version="3.5.0.v20090620043401" download-size="4410" install-size="4410" />
	<plugin fragment="true" id="org.eclipse.wst.xsl.doc.nl_el" unpack="false" version="3.5.0.v20090620043401" download-size="1366" install-size="1366" />
	<plugin fragment="true" id="org.eclipse.wst.xsl.jaxp.debug.nl_el" unpack="false" version="3.5.0.v20090620043401" download-size="3093" install-size="3093" />
	<plugin fragment="true" id="org.eclipse.wst.xsl.jaxp.debug.ui.nl_el" unpack="false" version="3.5.0.v20090620043401" download-size="4246" install-size="4246" />
	<plugin fragment="true" id="org.eclipse.wst.xsl.jaxp.launching.nl_el" unpack="false" version="3.5.0.v20090620043401" download-size="2992" install-size="2992" />
	<plugin fragment="true" id="org.eclipse.wst.xsl.launching.nl_el" unpack="false" version="3.5.0.v20090620043401" download-size="1402" install-size="1402" />
	<plugin fragment="true" id="org.eclipse.wst.xsl.launching.tests.nl_el" unpack="false" version="3.5.0.v20090620043401" download-size="1379" install-size="1379" />
	<plugin fragment="true" id="org.eclipse.wst.xsl.nl_el" unpack="false" version="3.5.0.v20090620043401" download-size="1368" install-size="1368" />
	<plugin fragment="true" id="org.eclipse.wst.xsl.saxon.nl_el" unpack="false" version="3.5.0.v20090620043401" download-size="1758" install-size="1758" />
	<plugin fragment="true" id="org.eclipse.wst.xsl.sdk.documentation.nl_el" unpack="false" version="3.5.0.v20090620043401" download-size="1376" install-size="1376" />
	<plugin fragment="true" id="org.eclipse.wst.xsl.tests.nl_el" unpack="false" version="3.5.0.v20090620043401" download-size="1371" install-size="1371" />
	<plugin fragment="true" id="org.eclipse.wst.xsl.ui.nl_el" unpack="false" version="3.5.0.v20090620043401" download-size="2830" install-size="2830" />
	<plugin fragment="true" id="org.eclipse.wst.xsl.xalan.nl_el" unpack="false" version="3.5.0.v20090620043401" download-size="1713" install-size="1713" />
</feature>