<?xml version="1.0" encoding="UTF-8" ?>
<feature
	id="org.eclipse.babel.nls_webtools.jeetools_fi"
	label="Babel Language Pack for webtools.jeetools in Finnish (94.79%)"
	image="eclipse_update_120.jpg"
	provider-name="%providerName"
	version="3.5.0.v20090620043401">
	<copyright>
		%copyright
	</copyright>
	<license url="%licenseURL">
		%license
	</license>
	<description>Babel Language Pack for webtools.jeetools in Finnish</description>
	<plugin fragment="true" id="org.eclipse.jem.beaninfo.nl_fi" unpack="false" version="3.5.0.v20090620043401" download-size="3179" install-size="3179" />
	<plugin fragment="true" id="org.eclipse.jem.beaninfo.vm.common.nl_fi" unpack="false" version="3.5.0.v20090620043401" download-size="1377" install-size="1377" />
	<plugin fragment="true" id="org.eclipse.jem.beaninfo.vm.nl_fi" unpack="false" version="3.5.0.v20090620043401" download-size="3043" install-size="3043" />
	<plugin fragment="true" id="org.eclipse.jem.nl_fi" unpack="false" version="3.5.0.v20090620043401" download-size="3984" install-size="3984" />
	<plugin fragment="true" id="org.eclipse.jem.proxy.nl_fi" unpack="false" version="3.5.0.v20090620043401" download-size="7313" install-size="7313" />
	<plugin fragment="true" id="org.eclipse.jem.tests.nl_fi" unpack="false" version="3.5.0.v20090620043401" download-size="1365" install-size="1365" />
	<plugin fragment="true" id="org.eclipse.jem.workbench.nl_fi" unpack="false" version="3.5.0.v20090620043401" download-size="2501" install-size="2501" />
	<plugin fragment="true" id="org.eclipse.jst.j2ee.core.nl_fi" unpack="false" version="3.5.0.v20090620043401" download-size="30472" install-size="30472" />
	<plugin fragment="true" id="org.eclipse.jst.j2ee.doc.user.nl_fi" unpack="false" version="3.5.0.v20090620043401" download-size="1410" install-size="1410" />
	<plugin fragment="true" id="org.eclipse.jst.j2ee.infopop.nl_fi" unpack="false" version="3.5.0.v20090620043401" download-size="1407" install-size="1407" />
	<plugin fragment="true" id="org.eclipse.jst.j2ee.jca.nl_fi" unpack="false" version="3.5.0.v20090620043401" download-size="2503" install-size="2503" />
	<plugin fragment="true" id="org.eclipse.jst.j2ee.jca.ui.nl_fi" unpack="false" version="3.5.0.v20090620043401" download-size="2040" install-size="2040" />
	<plugin fragment="true" id="org.eclipse.jst.j2ee.navigator.ui.nl_fi" unpack="false" version="3.5.0.v20090620043401" download-size="3597" install-size="3597" />
	<plugin fragment="true" id="org.eclipse.jst.j2ee.nl_fi" unpack="false" version="3.5.0.v20090620043401" download-size="27895" install-size="27895" />
	<plugin fragment="true" id="org.eclipse.jst.j2ee.ui.nl_fi" unpack="false" version="3.5.0.v20090620043401" download-size="15595" install-size="15595" />
	<plugin fragment="true" id="org.eclipse.jst.j2ee.web.nl_fi" unpack="false" version="3.5.0.v20090620043401" download-size="19318" install-size="19318" />
	<plugin fragment="true" id="org.eclipse.jst.j2ee.webservice.nl_fi" unpack="false" version="3.5.0.v20090620043401" download-size="2677" install-size="2677" />
	<plugin fragment="true" id="org.eclipse.jst.j2ee.webservice.ui.nl_fi" unpack="false" version="3.5.0.v20090620043401" download-size="2458" install-size="2458" />
	<plugin fragment="true" id="org.eclipse.jst.j2ee.xdoclet.runtime.nl_fi" unpack="false" version="3.5.0.v20090620043401" download-size="2367" install-size="2367" />
	<plugin fragment="true" id="org.eclipse.jst.jee.nl_fi" unpack="false" version="3.5.0.v20090620043401" download-size="1368" install-size="1368" />
	<plugin fragment="true" id="org.eclipse.jst.jee.ui.nl_fi" unpack="false" version="3.5.0.v20090620043401" download-size="2611" install-size="2611" />
	<plugin fragment="true" id="org.eclipse.jst.jee.web.nl_fi" unpack="false" version="3.5.0.v20090620043401" download-size="1371" install-size="1371" />
	<plugin fragment="true" id="org.eclipse.jst.servlet.ui.infopop.nl_fi" unpack="false" version="3.5.0.v20090620043401" download-size="1422" install-size="1422" />
	<plugin fragment="true" id="org.eclipse.jst.servlet.ui.nl_fi" unpack="false" version="3.5.0.v20090620043401" download-size="5549" install-size="5549" />
	<plugin fragment="true" id="org.eclipse.wst.web.ui.infopop.nl_fi" unpack="false" version="3.5.0.v20090620043401" download-size="1404" install-size="1404" />
</feature>