<?xml version="1.0" encoding="UTF-8" ?>
<feature
	id="org.eclipse.babel.nls_technology.mat_da"
	label="Babel Language Pack for technology.mat in Danish (2.91%)"
	image="eclipse_update_120.jpg"
	provider-name="%providerName"
	version="3.5.0.v20090620043401">
	<copyright>
		%copyright
	</copyright>
	<license url="%licenseURL">
		%license
	</license>
	<description>Babel Language Pack for technology.mat in Danish</description>
	<plugin fragment="true" id="org.eclipse.mat.api.nl_da" unpack="false" version="3.5.0.v20090620043401" download-size="2253" install-size="2253" />
	<plugin fragment="true" id="org.eclipse.mat.chart.nl_da" unpack="false" version="3.5.0.v20090620043401" download-size="1366" install-size="1366" />
	<plugin fragment="true" id="org.eclipse.mat.chart.ui.nl_da" unpack="false" version="3.5.0.v20090620043401" download-size="1368" install-size="1368" />
	<plugin fragment="true" id="org.eclipse.mat.hprof.nl_da" unpack="false" version="3.5.0.v20090620043401" download-size="1367" install-size="1367" />
	<plugin fragment="true" id="org.eclipse.mat.jdt.nl_da" unpack="false" version="3.5.0.v20090620043401" download-size="1365" install-size="1365" />
	<plugin fragment="true" id="org.eclipse.mat.parser.nl_da" unpack="false" version="3.5.0.v20090620043401" download-size="1367" install-size="1367" />
	<plugin fragment="true" id="org.eclipse.mat.report.nl_da" unpack="false" version="3.5.0.v20090620043401" download-size="2257" install-size="2257" />
	<plugin fragment="true" id="org.eclipse.mat.ui.nl_da" unpack="false" version="3.5.0.v20090620043401" download-size="2790" install-size="2790" />
	<plugin fragment="true" id="org.eclipse.mat.ui.rcp.nl_da" unpack="false" version="3.5.0.v20090620043401" download-size="1367" install-size="1367" />
</feature>