<?xml version="1.0" encoding="UTF-8" ?>
<feature
	id="org.eclipse.babel.nls_modeling.emf_uk"
	label="Babel Language Pack for modeling.emf in Ukrainian (8.28%)"
	image="eclipse_update_120.jpg"
	provider-name="%providerName"
	version="3.5.0.v20090620043401">
	<copyright>
		%copyright
	</copyright>
	<license url="%licenseURL">
		%license
	</license>
	<description>Babel Language Pack for modeling.emf in Ukrainian</description>
	<plugin fragment="true" id="org.eclipse.emf.activities.nl_uk" unpack="false" version="3.5.0.v20090620043401" download-size="1371" install-size="1371" />
	<plugin fragment="true" id="org.eclipse.emf.ant.nl_uk" unpack="false" version="3.5.0.v20090620043401" download-size="1366" install-size="1366" />
	<plugin fragment="true" id="org.eclipse.emf.cdo.common.nl_uk" unpack="false" version="3.5.0.v20090620043401" download-size="1371" install-size="1371" />
	<plugin fragment="true" id="org.eclipse.emf.cdo.defs.nl_uk" unpack="false" version="3.5.0.v20090620043401" download-size="1369" install-size="1369" />
	<plugin fragment="true" id="org.eclipse.emf.cdo.doc.nl_uk" unpack="false" version="3.5.0.v20090620043401" download-size="1369" install-size="1369" />
	<plugin fragment="true" id="org.eclipse.emf.cdo.edit.nl_uk" unpack="false" version="3.5.0.v20090620043401" download-size="3416" install-size="3416" />
	<plugin fragment="true" id="org.eclipse.emf.cdo.examples.nl_uk" unpack="false" version="3.5.0.v20090620043401" download-size="1372" install-size="1372" />
	<plugin fragment="true" id="org.eclipse.emf.cdo.examples.spring.nl_uk" unpack="false" version="3.5.0.v20090620043401" download-size="1377" install-size="1377" />
	<plugin fragment="true" id="org.eclipse.emf.cdo.migrator.nl_uk" unpack="false" version="3.5.0.v20090620043401" download-size="1372" install-size="1372" />
	<plugin fragment="true" id="org.eclipse.emf.cdo.nl_uk" unpack="false" version="3.5.0.v20090620043401" download-size="1366" install-size="1366" />
	<plugin fragment="true" id="org.eclipse.emf.cdo.server.db.nl_uk" unpack="false" version="3.5.0.v20090620043401" download-size="1372" install-size="1372" />
	<plugin fragment="true" id="org.eclipse.emf.cdo.server.hibernate.id.nl_uk" unpack="false" version="3.5.0.v20090620043401" download-size="1379" install-size="1379" />
	<plugin fragment="true" id="org.eclipse.emf.cdo.server.hibernate.nl_uk" unpack="false" version="3.5.0.v20090620043401" download-size="1376" install-size="1376" />
	<plugin fragment="true" id="org.eclipse.emf.cdo.server.hibernate.teneo.nl_uk" unpack="false" version="3.5.0.v20090620043401" download-size="1380" install-size="1380" />
	<plugin fragment="true" id="org.eclipse.emf.cdo.server.nl_uk" unpack="false" version="3.5.0.v20090620043401" download-size="1371" install-size="1371" />
	<plugin fragment="true" id="org.eclipse.emf.cdo.tests.db.nl_uk" unpack="false" version="3.5.0.v20090620043401" download-size="1372" install-size="1372" />
	<plugin fragment="true" id="org.eclipse.emf.cdo.tests.hibernate.client.nl_uk" unpack="false" version="3.5.0.v20090620043401" download-size="1380" install-size="1380" />
	<plugin fragment="true" id="org.eclipse.emf.cdo.tests.hibernate.nl_uk" unpack="false" version="3.5.0.v20090620043401" download-size="1590" install-size="1590" />
	<plugin fragment="true" id="org.eclipse.emf.cdo.tests.mango.edit.nl_uk" unpack="false" version="3.5.0.v20090620043401" download-size="1502" install-size="1502" />
	<plugin fragment="true" id="org.eclipse.emf.cdo.tests.mango.nl_uk" unpack="false" version="3.5.0.v20090620043401" download-size="1374" install-size="1374" />
	<plugin fragment="true" id="org.eclipse.emf.cdo.tests.model1.edit.nl_uk" unpack="false" version="3.5.0.v20090620043401" download-size="1561" install-size="1561" />
	<plugin fragment="true" id="org.eclipse.emf.cdo.tests.model1.nl_uk" unpack="false" version="3.5.0.v20090620043401" download-size="1374" install-size="1374" />
	<plugin fragment="true" id="org.eclipse.emf.cdo.tests.model2.edit.nl_uk" unpack="false" version="3.5.0.v20090620043401" download-size="1498" install-size="1498" />
	<plugin fragment="true" id="org.eclipse.emf.cdo.tests.model2.nl_uk" unpack="false" version="3.5.0.v20090620043401" download-size="1374" install-size="1374" />
	<plugin fragment="true" id="org.eclipse.emf.cdo.tests.model3.edit.nl_uk" unpack="false" version="3.5.0.v20090620043401" download-size="1438" install-size="1438" />
	<plugin fragment="true" id="org.eclipse.emf.cdo.tests.model3.nl_uk" unpack="false" version="3.5.0.v20090620043401" download-size="1374" install-size="1374" />
	<plugin fragment="true" id="org.eclipse.emf.cdo.tests.model4.nl_uk" unpack="false" version="3.5.0.v20090620043401" download-size="1374" install-size="1374" />
	<plugin fragment="true" id="org.eclipse.emf.cdo.tests.model4interfaces.nl_uk" unpack="false" version="3.5.0.v20090620043401" download-size="1380" install-size="1380" />
	<plugin fragment="true" id="org.eclipse.emf.cdo.tests.model5.nl_uk" unpack="false" version="3.5.0.v20090620043401" download-size="1374" install-size="1374" />
	<plugin fragment="true" id="org.eclipse.emf.cdo.tests.nl_uk" unpack="false" version="3.5.0.v20090620043401" download-size="1370" install-size="1370" />
	<plugin fragment="true" id="org.eclipse.emf.cdo.ui.capabilities.nl_uk" unpack="false" version="3.5.0.v20090620043401" download-size="1376" install-size="1376" />
	<plugin fragment="true" id="org.eclipse.emf.cdo.ui.defs.nl_uk" unpack="false" version="3.5.0.v20090620043401" download-size="1371" install-size="1371" />
	<plugin fragment="true" id="org.eclipse.emf.cdo.ui.nl_uk" unpack="false" version="3.5.0.v20090620043401" download-size="3495" install-size="3495" />
	<plugin fragment="true" id="org.eclipse.emf.cheatsheets.nl_uk" unpack="false" version="3.5.0.v20090620043401" download-size="1372" install-size="1372" />
	<plugin fragment="true" id="org.eclipse.emf.codegen.ecore.nl_uk" unpack="false" version="3.5.0.v20090620043401" download-size="1373" install-size="1373" />
	<plugin fragment="true" id="org.eclipse.emf.codegen.ecore.ui.nl_uk" unpack="false" version="3.5.0.v20090620043401" download-size="1690" install-size="1690" />
	<plugin fragment="true" id="org.eclipse.emf.codegen.nl_uk" unpack="false" version="3.5.0.v20090620043401" download-size="1369" install-size="1369" />
	<plugin fragment="true" id="org.eclipse.emf.codegen.ui.nl_uk" unpack="false" version="3.5.0.v20090620043401" download-size="1441" install-size="1441" />
	<plugin fragment="true" id="org.eclipse.emf.common.nl_uk" unpack="false" version="3.5.0.v20090620043401" download-size="1425" install-size="1425" />
	<plugin fragment="true" id="org.eclipse.emf.common.ui.nl_uk" unpack="false" version="3.5.0.v20090620043401" download-size="1534" install-size="1534" />
	<plugin fragment="true" id="org.eclipse.emf.converter.nl_uk" unpack="false" version="3.5.0.v20090620043401" download-size="1559" install-size="1559" />
	<plugin fragment="true" id="org.eclipse.emf.databinding.edit.nl_uk" unpack="false" version="3.5.0.v20090620043401" download-size="1375" install-size="1375" />
	<plugin fragment="true" id="org.eclipse.emf.databinding.nl_uk" unpack="false" version="3.5.0.v20090620043401" download-size="1372" install-size="1372" />
	<plugin fragment="true" id="org.eclipse.emf.doc.nl_uk" unpack="false" version="3.5.0.v20090620043401" download-size="1366" install-size="1366" />
	<plugin fragment="true" id="org.eclipse.emf.ecore.change.edit.nl_uk" unpack="false" version="3.5.0.v20090620043401" download-size="1507" install-size="1507" />
	<plugin fragment="true" id="org.eclipse.emf.ecore.change.nl_uk" unpack="false" version="3.5.0.v20090620043401" download-size="1373" install-size="1373" />
	<plugin fragment="true" id="org.eclipse.emf.ecore.edit.nl_uk" unpack="false" version="3.5.0.v20090620043401" download-size="1537" install-size="1537" />
	<plugin fragment="true" id="org.eclipse.emf.ecore.editor.nl_uk" unpack="false" version="3.5.0.v20090620043401" download-size="1412" install-size="1412" />
	<plugin fragment="true" id="org.eclipse.emf.ecore.nl_uk" unpack="false" version="3.5.0.v20090620043401" download-size="1422" install-size="1422" />
	<plugin fragment="true" id="org.eclipse.emf.ecore.xmi.nl_uk" unpack="false" version="3.5.0.v20090620043401" download-size="1371" install-size="1371" />
	<plugin fragment="true" id="org.eclipse.emf.edit.nl_uk" unpack="false" version="3.5.0.v20090620043401" download-size="1555" install-size="1555" />
	<plugin fragment="true" id="org.eclipse.emf.edit.ui.nl_uk" unpack="false" version="3.5.0.v20090620043401" download-size="1547" install-size="1547" />
	<plugin fragment="true" id="org.eclipse.emf.example.installer.nl_uk" unpack="false" version="3.5.0.v20090620043401" download-size="1374" install-size="1374" />
	<plugin fragment="true" id="org.eclipse.emf.examples.generator.validator.nl_uk" unpack="false" version="3.5.0.v20090620043401" download-size="1382" install-size="1382" />
	<plugin fragment="true" id="org.eclipse.emf.examples.jet.article2.nl_uk" unpack="false" version="3.5.0.v20090620043401" download-size="1563" install-size="1563" />
	<plugin fragment="true" id="org.eclipse.emf.examples.nl_uk" unpack="false" version="3.5.0.v20090620043401" download-size="1370" install-size="1370" />
	<plugin fragment="true" id="org.eclipse.emf.exporter.html.nl_uk" unpack="false" version="3.5.0.v20090620043401" download-size="1373" install-size="1373" />
	<plugin fragment="true" id="org.eclipse.emf.exporter.nl_uk" unpack="false" version="3.5.0.v20090620043401" download-size="1413" install-size="1413" />
	<plugin fragment="true" id="org.eclipse.emf.importer.ecore.nl_uk" unpack="false" version="3.5.0.v20090620043401" download-size="1373" install-size="1373" />
	<plugin fragment="true" id="org.eclipse.emf.importer.java.nl_uk" unpack="false" version="3.5.0.v20090620043401" download-size="1373" install-size="1373" />
	<plugin fragment="true" id="org.eclipse.emf.importer.nl_uk" unpack="false" version="3.5.0.v20090620043401" download-size="1409" install-size="1409" />
	<plugin fragment="true" id="org.eclipse.emf.importer.rose.nl_uk" unpack="false" version="3.5.0.v20090620043401" download-size="1372" install-size="1372" />
	<plugin fragment="true" id="org.eclipse.emf.java.edit.nl_uk" unpack="false" version="3.5.0.v20090620043401" download-size="1543" install-size="1543" />
	<plugin fragment="true" id="org.eclipse.emf.java.editor.nl_uk" unpack="false" version="3.5.0.v20090620043401" download-size="1438" install-size="1438" />
	<plugin fragment="true" id="org.eclipse.emf.java.nl_uk" unpack="false" version="3.5.0.v20090620043401" download-size="1367" install-size="1367" />
	<plugin fragment="true" id="org.eclipse.emf.mapping.ecore.editor.nl_uk" unpack="false" version="3.5.0.v20090620043401" download-size="1376" install-size="1376" />
	<plugin fragment="true" id="org.eclipse.emf.mapping.ecore.nl_uk" unpack="false" version="3.5.0.v20090620043401" download-size="1372" install-size="1372" />
	<plugin fragment="true" id="org.eclipse.emf.mapping.ecore2ecore.editor.nl_uk" unpack="false" version="3.5.0.v20090620043401" download-size="1445" install-size="1445" />
	<plugin fragment="true" id="org.eclipse.emf.mapping.ecore2ecore.nl_uk" unpack="false" version="3.5.0.v20090620043401" download-size="1419" install-size="1419" />
	<plugin fragment="true" id="org.eclipse.emf.mapping.ecore2xml.nl_uk" unpack="false" version="3.5.0.v20090620043401" download-size="1375" install-size="1375" />
	<plugin fragment="true" id="org.eclipse.emf.mapping.ecore2xml.ui.nl_uk" unpack="false" version="3.5.0.v20090620043401" download-size="1546" install-size="1546" />
	<plugin fragment="true" id="org.eclipse.emf.mapping.nl_uk" unpack="false" version="3.5.0.v20090620043401" download-size="1433" install-size="1433" />
	<plugin fragment="true" id="org.eclipse.emf.mapping.ui.nl_uk" unpack="false" version="3.5.0.v20090620043401" download-size="1409" install-size="1409" />
	<plugin fragment="true" id="org.eclipse.emf.mapping.xsd2ecore.editor.nl_uk" unpack="false" version="3.5.0.v20090620043401" download-size="1423" install-size="1423" />
	<plugin fragment="true" id="org.eclipse.emf.mapping.xsd2ecore.nl_uk" unpack="false" version="3.5.0.v20090620043401" download-size="1421" install-size="1421" />
	<plugin fragment="true" id="org.eclipse.emf.nl_uk" unpack="false" version="3.5.0.v20090620043401" download-size="1363" install-size="1363" />
	<plugin fragment="true" id="org.eclipse.emf.query.doc.nl_uk" unpack="false" version="3.5.0.v20090620043401" download-size="1371" install-size="1371" />
	<plugin fragment="true" id="org.eclipse.emf.query.examples.nl_uk" unpack="false" version="3.5.0.v20090620043401" download-size="1378" install-size="1378" />
	<plugin fragment="true" id="org.eclipse.emf.query.examples.ocl.nl_uk" unpack="false" version="3.5.0.v20090620043401" download-size="1381" install-size="1381" />
	<plugin fragment="true" id="org.eclipse.emf.query.examples.statements.nl_uk" unpack="false" version="3.5.0.v20090620043401" download-size="1384" install-size="1384" />
	<plugin fragment="true" id="org.eclipse.emf.query.nl_uk" unpack="false" version="3.5.0.v20090620043401" download-size="1373" install-size="1373" />
	<plugin fragment="true" id="org.eclipse.emf.query.ocl.nl_uk" unpack="false" version="3.5.0.v20090620043401" download-size="1375" install-size="1375" />
	<plugin fragment="true" id="org.eclipse.emf.query.ocl.tests.nl_uk" unpack="false" version="3.5.0.v20090620043401" download-size="1379" install-size="1379" />
	<plugin fragment="true" id="org.eclipse.emf.query.tests.nl_uk" unpack="false" version="3.5.0.v20090620043401" download-size="1376" install-size="1376" />
	<plugin fragment="true" id="org.eclipse.emf.test.build.nl_uk" unpack="false" version="3.5.0.v20090620043401" download-size="1371" install-size="1371" />
	<plugin fragment="true" id="org.eclipse.emf.test.common.nl_uk" unpack="false" version="3.5.0.v20090620043401" download-size="1527" install-size="1527" />
	<plugin fragment="true" id="org.eclipse.emf.test.core.nl_uk" unpack="false" version="3.5.0.v20090620043401" download-size="1369" install-size="1369" />
	<plugin fragment="true" id="org.eclipse.emf.test.edit.nl_uk" unpack="false" version="3.5.0.v20090620043401" download-size="1568" install-size="1568" />
	<plugin fragment="true" id="org.eclipse.emf.test.examples.nl_uk" unpack="false" version="3.5.0.v20090620043401" download-size="1372" install-size="1372" />
	<plugin fragment="true" id="org.eclipse.emf.test.tools.nl_uk" unpack="false" version="3.5.0.v20090620043401" download-size="1370" install-size="1370" />
	<plugin fragment="true" id="org.eclipse.emf.test.xml.nl_uk" unpack="false" version="3.5.0.v20090620043401" download-size="1369" install-size="1369" />
	<plugin fragment="true" id="org.eclipse.emf.tests.nl_uk" unpack="false" version="3.5.0.v20090620043401" download-size="1367" install-size="1367" />
	<plugin fragment="true" id="org.eclipse.emf.transaction.doc.nl_uk" unpack="false" version="3.5.0.v20090620043401" download-size="1374" install-size="1374" />
	<plugin fragment="true" id="org.eclipse.emf.transaction.examples.nl_uk" unpack="false" version="3.5.0.v20090620043401" download-size="1381" install-size="1381" />
	<plugin fragment="true" id="org.eclipse.emf.transaction.nl_uk" unpack="false" version="3.5.0.v20090620043401" download-size="1376" install-size="1376" />
	<plugin fragment="true" id="org.eclipse.emf.transaction.tests.nl_uk" unpack="false" version="3.5.0.v20090620043401" download-size="1379" install-size="1379" />
	<plugin fragment="true" id="org.eclipse.emf.transaction.ui.nl_uk" unpack="false" version="3.5.0.v20090620043401" download-size="1377" install-size="1377" />
	<plugin fragment="true" id="org.eclipse.emf.validation.doc.nl_uk" unpack="false" version="3.5.0.v20090620043401" download-size="1374" install-size="1374" />
	<plugin fragment="true" id="org.eclipse.emf.validation.examples.adapter.nl_uk" unpack="false" version="3.5.0.v20090620043401" download-size="1385" install-size="1385" />
	<plugin fragment="true" id="org.eclipse.emf.validation.examples.general.nl_uk" unpack="false" version="3.5.0.v20090620043401" download-size="1385" install-size="1385" />
	<plugin fragment="true" id="org.eclipse.emf.validation.examples.nl_uk" unpack="false" version="3.5.0.v20090620043401" download-size="1381" install-size="1381" />
	<plugin fragment="true" id="org.eclipse.emf.validation.examples.ocl.nl_uk" unpack="false" version="3.5.0.v20090620043401" download-size="1384" install-size="1384" />
	<plugin fragment="true" id="org.eclipse.emf.validation.nl_uk" unpack="false" version="3.5.0.v20090620043401" download-size="2420" install-size="2420" />
	<plugin fragment="true" id="org.eclipse.emf.validation.ocl.nl_uk" unpack="false" version="3.5.0.v20090620043401" download-size="1378" install-size="1378" />
	<plugin fragment="true" id="org.eclipse.emf.validation.tests.nl_uk" unpack="false" version="3.5.0.v20090620043401" download-size="1379" install-size="1379" />
	<plugin fragment="true" id="org.eclipse.emf.validation.ui.ide.nl_uk" unpack="false" version="3.5.0.v20090620043401" download-size="1379" install-size="1379" />
	<plugin fragment="true" id="org.eclipse.emf.validation.ui.nl_uk" unpack="false" version="3.5.0.v20090620043401" download-size="1377" install-size="1377" />
	<plugin fragment="true" id="org.eclipse.emf.workspace.doc.nl_uk" unpack="false" version="3.5.0.v20090620043401" download-size="1374" install-size="1374" />
	<plugin fragment="true" id="org.eclipse.emf.workspace.examples.library.editor.nl_uk" unpack="false" version="3.5.0.v20090620043401" download-size="1456" install-size="1456" />
	<plugin fragment="true" id="org.eclipse.emf.workspace.examples.nl_uk" unpack="false" version="3.5.0.v20090620043401" download-size="1382" install-size="1382" />
	<plugin fragment="true" id="org.eclipse.emf.workspace.nl_uk" unpack="false" version="3.5.0.v20090620043401" download-size="1375" install-size="1375" />
	<plugin fragment="true" id="org.eclipse.emf.workspace.tests.nl_uk" unpack="false" version="3.5.0.v20090620043401" download-size="1379" install-size="1379" />
	<plugin fragment="true" id="org.eclipse.emf.workspace.ui.nl_uk" unpack="false" version="3.5.0.v20090620043401" download-size="1377" install-size="1377" />
	<plugin fragment="true" id="org.eclipse.net4j.buddies.chat.nl_uk" unpack="false" version="3.5.0.v20090620043401" download-size="1373" install-size="1373" />
	<plugin fragment="true" id="org.eclipse.net4j.buddies.chat.ui.nl_uk" unpack="false" version="3.5.0.v20090620043401" download-size="1375" install-size="1375" />
	<plugin fragment="true" id="org.eclipse.net4j.buddies.common.nl_uk" unpack="false" version="3.5.0.v20090620043401" download-size="1374" install-size="1374" />
	<plugin fragment="true" id="org.eclipse.net4j.buddies.nl_uk" unpack="false" version="3.5.0.v20090620043401" download-size="1370" install-size="1370" />
	<plugin fragment="true" id="org.eclipse.net4j.buddies.server.nl_uk" unpack="false" version="3.5.0.v20090620043401" download-size="1374" install-size="1374" />
	<plugin fragment="true" id="org.eclipse.net4j.buddies.ui.nl_uk" unpack="false" version="3.5.0.v20090620043401" download-size="2642" install-size="2642" />
	<plugin fragment="true" id="org.eclipse.net4j.db.derby.nl_uk" unpack="false" version="3.5.0.v20090620043401" download-size="1371" install-size="1371" />
	<plugin fragment="true" id="org.eclipse.net4j.db.hsqldb.nl_uk" unpack="false" version="3.5.0.v20090620043401" download-size="1373" install-size="1373" />
	<plugin fragment="true" id="org.eclipse.net4j.db.mysql.nl_uk" unpack="false" version="3.5.0.v20090620043401" download-size="1372" install-size="1372" />
	<plugin fragment="true" id="org.eclipse.net4j.db.nl_uk" unpack="false" version="3.5.0.v20090620043401" download-size="1367" install-size="1367" />
	<plugin fragment="true" id="org.eclipse.net4j.db.postgresql.nl_uk" unpack="false" version="3.5.0.v20090620043401" download-size="1374" install-size="1374" />
	<plugin fragment="true" id="org.eclipse.net4j.debug.nl_uk" unpack="false" version="3.5.0.v20090620043401" download-size="2476" install-size="2476" />
	<plugin fragment="true" id="org.eclipse.net4j.defs.nl_uk" unpack="false" version="3.5.0.v20090620043401" download-size="1368" install-size="1368" />
	<plugin fragment="true" id="org.eclipse.net4j.doc.nl_uk" unpack="false" version="3.5.0.v20090620043401" download-size="1368" install-size="1368" />
	<plugin fragment="true" id="org.eclipse.net4j.examples.nl_uk" unpack="false" version="3.5.0.v20090620043401" download-size="1371" install-size="1371" />
	<plugin fragment="true" id="org.eclipse.net4j.http.common.nl_uk" unpack="false" version="3.5.0.v20090620043401" download-size="1373" install-size="1373" />
	<plugin fragment="true" id="org.eclipse.net4j.http.nl_uk" unpack="false" version="3.5.0.v20090620043401" download-size="1368" install-size="1368" />
	<plugin fragment="true" id="org.eclipse.net4j.http.server.nl_uk" unpack="false" version="3.5.0.v20090620043401" download-size="1373" install-size="1373" />
	<plugin fragment="true" id="org.eclipse.net4j.http.tests.nl_uk" unpack="false" version="3.5.0.v20090620043401" download-size="1372" install-size="1372" />
	<plugin fragment="true" id="org.eclipse.net4j.jms.admin.nl_uk" unpack="false" version="3.5.0.v20090620043401" download-size="1372" install-size="1372" />
	<plugin fragment="true" id="org.eclipse.net4j.jms.api.nl_uk" unpack="false" version="3.5.0.v20090620043401" download-size="1370" install-size="1370" />
	<plugin fragment="true" id="org.eclipse.net4j.jms.nl_uk" unpack="false" version="3.5.0.v20090620043401" download-size="1368" install-size="1368" />
	<plugin fragment="true" id="org.eclipse.net4j.jms.server.jdbc.nl_uk" unpack="false" version="3.5.0.v20090620043401" download-size="1375" install-size="1375" />
	<plugin fragment="true" id="org.eclipse.net4j.jms.server.nl_uk" unpack="false" version="3.5.0.v20090620043401" download-size="1372" install-size="1372" />
	<plugin fragment="true" id="org.eclipse.net4j.jms.tests.nl_uk" unpack="false" version="3.5.0.v20090620043401" download-size="1371" install-size="1371" />
	<plugin fragment="true" id="org.eclipse.net4j.jvm.nl_uk" unpack="false" version="3.5.0.v20090620043401" download-size="1368" install-size="1368" />
	<plugin fragment="true" id="org.eclipse.net4j.nl_uk" unpack="false" version="3.5.0.v20090620043401" download-size="1365" install-size="1365" />
	<plugin fragment="true" id="org.eclipse.net4j.tcp.nl_uk" unpack="false" version="3.5.0.v20090620043401" download-size="1368" install-size="1368" />
	<plugin fragment="true" id="org.eclipse.net4j.tests.nl_uk" unpack="false" version="3.5.0.v20090620043401" download-size="1368" install-size="1368" />
	<plugin fragment="true" id="org.eclipse.net4j.ui.capabilities.nl_uk" unpack="false" version="3.5.0.v20090620043401" download-size="1374" install-size="1374" />
	<plugin fragment="true" id="org.eclipse.net4j.ui.defs.nl_uk" unpack="false" version="3.5.0.v20090620043401" download-size="1370" install-size="1370" />
	<plugin fragment="true" id="org.eclipse.net4j.ui.nl_uk" unpack="false" version="3.5.0.v20090620043401" download-size="2412" install-size="2412" />
	<plugin fragment="true" id="org.eclipse.net4j.util.defs.nl_uk" unpack="false" version="3.5.0.v20090620043401" download-size="1372" install-size="1372" />
	<plugin fragment="true" id="org.eclipse.net4j.util.nl_uk" unpack="false" version="3.5.0.v20090620043401" download-size="1368" install-size="1368" />
	<plugin fragment="true" id="org.eclipse.net4j.util.ui.nl_uk" unpack="false" version="3.5.0.v20090620043401" download-size="2759" install-size="2759" />
	<plugin fragment="true" id="org.eclipse.xsd.cheatsheets.nl_uk" unpack="false" version="3.5.0.v20090620043401" download-size="1372" install-size="1372" />
	<plugin fragment="true" id="org.eclipse.xsd.doc.nl_uk" unpack="false" version="3.5.0.v20090620043401" download-size="1366" install-size="1366" />
	<plugin fragment="true" id="org.eclipse.xsd.ecore.converter.nl_uk" unpack="false" version="3.5.0.v20090620043401" download-size="1374" install-size="1374" />
	<plugin fragment="true" id="org.eclipse.xsd.ecore.exporter.nl_uk" unpack="false" version="3.5.0.v20090620043401" download-size="1373" install-size="1373" />
	<plugin fragment="true" id="org.eclipse.xsd.ecore.importer.nl_uk" unpack="false" version="3.5.0.v20090620043401" download-size="1373" install-size="1373" />
	<plugin fragment="true" id="org.eclipse.xsd.edit.nl_uk" unpack="false" version="3.5.0.v20090620043401" download-size="1521" install-size="1521" />
	<plugin fragment="true" id="org.eclipse.xsd.editor.nl_uk" unpack="false" version="3.5.0.v20090620043401" download-size="1368" install-size="1368" />
	<plugin fragment="true" id="org.eclipse.xsd.example.installer.nl_uk" unpack="false" version="3.5.0.v20090620043401" download-size="1374" install-size="1374" />
	<plugin fragment="true" id="org.eclipse.xsd.example.nl_uk" unpack="false" version="3.5.0.v20090620043401" download-size="1369" install-size="1369" />
	<plugin fragment="true" id="org.eclipse.xsd.mapping.editor.nl_uk" unpack="false" version="3.5.0.v20090620043401" download-size="1374" install-size="1374" />
	<plugin fragment="true" id="org.eclipse.xsd.mapping.nl_uk" unpack="false" version="3.5.0.v20090620043401" download-size="1370" install-size="1370" />
	<plugin fragment="true" id="org.eclipse.xsd.nl_uk" unpack="false" version="3.5.0.v20090620043401" download-size="1443" install-size="1443" />
</feature>