<?xml version="1.0" encoding="UTF-8" ?>
<feature
	id="org.eclipse.babel.nls_modeling.mdt_fi"
	label="Babel Language Pack for modeling.mdt in Finnish (22.87%)"
	image="eclipse_update_120.jpg"
	provider-name="%providerName"
	version="3.5.0.v20090620043401">
	<copyright>
		%copyright
	</copyright>
	<license url="%licenseURL">
		%license
	</license>
	<description>Babel Language Pack for modeling.mdt in Finnish</description>
	<plugin fragment="true" id="org.eclipse.emf.examples.library.edit.nl_fi" unpack="false" version="3.5.0.v20090620043401" download-size="1759" install-size="1759" />
	<plugin fragment="true" id="org.eclipse.emf.examples.library.editor.nl_fi" unpack="false" version="3.5.0.v20090620043401" download-size="2051" install-size="2051" />
	<plugin fragment="true" id="org.eclipse.emf.examples.library.nl_fi" unpack="false" version="3.5.0.v20090620043401" download-size="1373" install-size="1373" />
	<plugin fragment="true" id="org.eclipse.emf.ocl.doc.nl_fi" unpack="false" version="3.5.0.v20090620043401" download-size="1368" install-size="1368" />
	<plugin fragment="true" id="org.eclipse.emf.ocl.examples.interpreter.nl_fi" unpack="false" version="3.5.0.v20090620043401" download-size="2849" install-size="2849" />
	<plugin fragment="true" id="org.eclipse.emf.ocl.examples.nl_fi" unpack="false" version="3.5.0.v20090620043401" download-size="1376" install-size="1376" />
	<plugin fragment="true" id="org.eclipse.emf.ocl.nl_fi" unpack="false" version="3.5.0.v20090620043401" download-size="1369" install-size="1369" />
	<plugin fragment="true" id="org.eclipse.emf.ocl.tests.nl_fi" unpack="false" version="3.5.0.v20090620043401" download-size="1373" install-size="1373" />
	<plugin fragment="true" id="org.eclipse.ocl.doc.nl_fi" unpack="false" version="3.5.0.v20090620043401" download-size="1364" install-size="1364" />
	<plugin fragment="true" id="org.eclipse.ocl.ecore.nl_fi" unpack="false" version="3.5.0.v20090620043401" download-size="1370" install-size="1370" />
	<plugin fragment="true" id="org.eclipse.ocl.ecore.tests.nl_fi" unpack="false" version="3.5.0.v20090620043401" download-size="1373" install-size="1373" />
	<plugin fragment="true" id="org.eclipse.ocl.nl_fi" unpack="false" version="3.5.0.v20090620043401" download-size="2484" install-size="2484" />
	<plugin fragment="true" id="org.eclipse.ocl.uml.nl_fi" unpack="false" version="3.5.0.v20090620043401" download-size="1368" install-size="1368" />
	<plugin fragment="true" id="org.eclipse.ocl.uml.tests.nl_fi" unpack="false" version="3.5.0.v20090620043401" download-size="1372" install-size="1372" />
	<plugin fragment="true" id="org.eclipse.uml2.codegen.ecore.nl_fi" unpack="false" version="3.5.0.v20090620043401" download-size="1372" install-size="1372" />
	<plugin fragment="true" id="org.eclipse.uml2.codegen.ecore.ui.nl_fi" unpack="false" version="3.5.0.v20090620043401" download-size="1537" install-size="1537" />
	<plugin fragment="true" id="org.eclipse.uml2.common.edit.nl_fi" unpack="false" version="3.5.0.v20090620043401" download-size="1370" install-size="1370" />
	<plugin fragment="true" id="org.eclipse.uml2.common.nl_fi" unpack="false" version="3.5.0.v20090620043401" download-size="1367" install-size="1367" />
	<plugin fragment="true" id="org.eclipse.uml2.diagram.activity.nl_fi" unpack="false" version="3.5.0.v20090620043401" download-size="2133" install-size="2133" />
	<plugin fragment="true" id="org.eclipse.uml2.diagram.clazz.nl_fi" unpack="false" version="3.5.0.v20090620043401" download-size="3390" install-size="3390" />
	<plugin fragment="true" id="org.eclipse.uml2.diagram.clazz.tests.nl_fi" unpack="false" version="3.5.0.v20090620043401" download-size="1377" install-size="1377" />
	<plugin fragment="true" id="org.eclipse.uml2.diagram.codegen.edit.nl_fi" unpack="false" version="3.5.0.v20090620043401" download-size="1735" install-size="1735" />
	<plugin fragment="true" id="org.eclipse.uml2.diagram.codegen.nl_fi" unpack="false" version="3.5.0.v20090620043401" download-size="1373" install-size="1373" />
	<plugin fragment="true" id="org.eclipse.uml2.diagram.common.nl_fi" unpack="false" version="3.5.0.v20090620043401" download-size="2023" install-size="2023" />
	<plugin fragment="true" id="org.eclipse.uml2.diagram.common.notation.nl_fi" unpack="false" version="3.5.0.v20090620043401" download-size="1378" install-size="1378" />
	<plugin fragment="true" id="org.eclipse.uml2.diagram.common.tests.nl_fi" unpack="false" version="3.5.0.v20090620043401" download-size="1376" install-size="1376" />
	<plugin fragment="true" id="org.eclipse.uml2.diagram.component.nl_fi" unpack="false" version="3.5.0.v20090620043401" download-size="2606" install-size="2606" />
	<plugin fragment="true" id="org.eclipse.uml2.diagram.csd.nl_fi" unpack="false" version="3.5.0.v20090620043401" download-size="2629" install-size="2629" />
	<plugin fragment="true" id="org.eclipse.uml2.diagram.def.nl_fi" unpack="false" version="3.5.0.v20090620043401" download-size="1371" install-size="1371" />
	<plugin fragment="true" id="org.eclipse.uml2.diagram.deploy.nl_fi" unpack="false" version="3.5.0.v20090620043401" download-size="2366" install-size="2366" />
	<plugin fragment="true" id="org.eclipse.uml2.diagram.examples.activity.nl_fi" unpack="false" version="3.5.0.v20090620043401" download-size="1379" install-size="1379" />
	<plugin fragment="true" id="org.eclipse.uml2.diagram.examples.clazz.nl_fi" unpack="false" version="3.5.0.v20090620043401" download-size="1378" install-size="1378" />
	<plugin fragment="true" id="org.eclipse.uml2.diagram.examples.profile.nl_fi" unpack="false" version="3.5.0.v20090620043401" download-size="1378" install-size="1378" />
	<plugin fragment="true" id="org.eclipse.uml2.diagram.examples.statemachine.nl_fi" unpack="false" version="3.5.0.v20090620043401" download-size="1382" install-size="1382" />
	<plugin fragment="true" id="org.eclipse.uml2.diagram.nl_fi" unpack="false" version="3.5.0.v20090620043401" download-size="1368" install-size="1368" />
	<plugin fragment="true" id="org.eclipse.uml2.diagram.parser.nl_fi" unpack="false" version="3.5.0.v20090620043401" download-size="1372" install-size="1372" />
	<plugin fragment="true" id="org.eclipse.uml2.diagram.profile.nl_fi" unpack="false" version="3.5.0.v20090620043401" download-size="2671" install-size="2671" />
	<plugin fragment="true" id="org.eclipse.uml2.diagram.profile.tests.nl_fi" unpack="false" version="3.5.0.v20090620043401" download-size="1377" install-size="1377" />
	<plugin fragment="true" id="org.eclipse.uml2.diagram.sequence.model.nl_fi" unpack="false" version="3.5.0.v20090620043401" download-size="1377" install-size="1377" />
	<plugin fragment="true" id="org.eclipse.uml2.diagram.sequence.nl_fi" unpack="false" version="3.5.0.v20090620043401" download-size="1984" install-size="1984" />
	<plugin fragment="true" id="org.eclipse.uml2.diagram.sequence.tests.nl_fi" unpack="false" version="3.5.0.v20090620043401" download-size="1377" install-size="1377" />
	<plugin fragment="true" id="org.eclipse.uml2.diagram.statemachine.nl_fi" unpack="false" version="3.5.0.v20090620043401" download-size="2001" install-size="2001" />
	<plugin fragment="true" id="org.eclipse.uml2.diagram.statemachine.tests.nl_fi" unpack="false" version="3.5.0.v20090620043401" download-size="1379" install-size="1379" />
	<plugin fragment="true" id="org.eclipse.uml2.diagram.usecase.nl_fi" unpack="false" version="3.5.0.v20090620043401" download-size="2398" install-size="2398" />
	<plugin fragment="true" id="org.eclipse.uml2.doc.nl_fi" unpack="false" version="3.5.0.v20090620043401" download-size="1366" install-size="1366" />
	<plugin fragment="true" id="org.eclipse.uml2.examples.nl_fi" unpack="false" version="3.5.0.v20090620043401" download-size="1369" install-size="1369" />
	<plugin fragment="true" id="org.eclipse.uml2.examples.uml.ui.nl_fi" unpack="false" version="3.5.0.v20090620043401" download-size="1439" install-size="1439" />
	<plugin fragment="true" id="org.eclipse.uml2.nl_fi" unpack="false" version="3.5.0.v20090620043401" download-size="1363" install-size="1363" />
	<plugin fragment="true" id="org.eclipse.uml2.tests.nl_fi" unpack="false" version="3.5.0.v20090620043401" download-size="1367" install-size="1367" />
	<plugin fragment="true" id="org.eclipse.uml2.uml.ecore.importer.nl_fi" unpack="false" version="3.5.0.v20090620043401" download-size="1373" install-size="1373" />
	<plugin fragment="true" id="org.eclipse.uml2.uml.edit.nl_fi" unpack="false" version="3.5.0.v20090620043401" download-size="3957" install-size="3957" />
	<plugin fragment="true" id="org.eclipse.uml2.uml.editor.nl_fi" unpack="false" version="3.5.0.v20090620043401" download-size="2083" install-size="2083" />
	<plugin fragment="true" id="org.eclipse.uml2.uml.nl_fi" unpack="false" version="3.5.0.v20090620043401" download-size="1457" install-size="1457" />
	<plugin fragment="true" id="org.eclipse.uml2.uml.resources.nl_fi" unpack="false" version="3.5.0.v20090620043401" download-size="8894" install-size="8894" />
	<plugin fragment="true" id="org.eclipse.uml2.uml.tests.nl_fi" unpack="false" version="3.5.0.v20090620043401" download-size="1368" install-size="1368" />
	<plugin fragment="true" id="org.eclipse.uml2tools.doc.nl_fi" unpack="false" version="3.5.0.v20090620043401" download-size="1369" install-size="1369" />
	<plugin fragment="true" id="org.eclipse.uml2tools.nl_fi" unpack="false" version="3.5.0.v20090620043401" download-size="1366" install-size="1366" />
</feature>