<?xml version="1.0" encoding="UTF-8" ?>
<feature
	id="org.eclipse.babel.nls_tptp.platform_hu"
	label="Babel Language Pack for tptp.platform in Hungarian (17.22%)"
	image="eclipse_update_120.jpg"
	provider-name="%providerName"
	version="3.5.0.v20090620043401">
	<copyright>
		%copyright
	</copyright>
	<license url="%licenseURL">
		%license
	</license>
	<description>Babel Language Pack for tptp.platform in Hungarian</description>
	<plugin fragment="true" id="org.eclipse.hyades.analysis.engine.nl_hu" unpack="false" version="3.5.0.v20090620043401" download-size="1374" install-size="1374" />
	<plugin fragment="true" id="org.eclipse.hyades.logging.adapter.nl_hu" unpack="false" version="3.5.0.v20090620043401" download-size="3078" install-size="3078" />
	<plugin fragment="true" id="org.eclipse.hyades.logging.adapter.ui.nl_hu" unpack="false" version="3.5.0.v20090620043401" download-size="4659" install-size="4659" />
	<plugin fragment="true" id="org.eclipse.hyades.logging.parsers.nl_hu" unpack="false" version="3.5.0.v20090620043401" download-size="2464" install-size="2464" />
	<plugin fragment="true" id="org.eclipse.hyades.probekit.ui.nl_hu" unpack="false" version="3.5.0.v20090620043401" download-size="4033" install-size="4033" />
	<plugin fragment="true" id="org.eclipse.hyades.resources.database.nl_hu" unpack="false" version="3.5.0.v20090620043401" download-size="1378" install-size="1378" />
	<plugin fragment="true" id="org.eclipse.hyades.sdb.nl_hu" unpack="false" version="3.5.0.v20090620043401" download-size="6541" install-size="6541" />
	<plugin fragment="true" id="org.eclipse.hyades.statistical.ui.nl_hu" unpack="false" version="3.5.0.v20090620043401" download-size="1379" install-size="1379" />
	<plugin fragment="true" id="org.eclipse.hyades.test.core.nl_hu" unpack="false" version="3.5.0.v20090620043401" download-size="3263" install-size="3263" />
	<plugin fragment="true" id="org.eclipse.hyades.test.tools.ui.nl_hu" unpack="false" version="3.5.0.v20090620043401" download-size="3564" install-size="3564" />
	<plugin fragment="true" id="org.eclipse.hyades.test.ui.extensions.nl_hu" unpack="false" version="3.5.0.v20090620043401" download-size="2680" install-size="2680" />
	<plugin fragment="true" id="org.eclipse.hyades.test.ui.nl_hu" unpack="false" version="3.5.0.v20090620043401" download-size="9288" install-size="9288" />
	<plugin fragment="true" id="org.eclipse.hyades.trace.ui.nl_hu" unpack="false" version="3.5.0.v20090620043401" download-size="5958" install-size="5958" />
	<plugin fragment="true" id="org.eclipse.hyades.trace.views.nl_hu" unpack="false" version="3.5.0.v20090620043401" download-size="2658" install-size="2658" />
	<plugin fragment="true" id="org.eclipse.hyades.ui.nl_hu" unpack="false" version="3.5.0.v20090620043401" download-size="1395" install-size="1395" />
	<plugin fragment="true" id="org.eclipse.tptp.lta.gla.ui.epi.nl_hu" unpack="false" version="3.5.0.v20090620043401" download-size="1372" install-size="1372" />
	<plugin fragment="true" id="org.eclipse.tptp.lta.log.epi.nl_hu" unpack="false" version="3.5.0.v20090620043401" download-size="1428" install-size="1428" />
	<plugin fragment="true" id="org.eclipse.tptp.lta.runtime.nl_hu" unpack="false" version="3.5.0.v20090620043401" download-size="1372" install-size="1372" />
	<plugin fragment="true" id="org.eclipse.tptp.lta.sdb.epi.nl_hu" unpack="false" version="3.5.0.v20090620043401" download-size="1374" install-size="1374" />
	<plugin fragment="true" id="org.eclipse.tptp.lta.symptom.epi.nl_hu" unpack="false" version="3.5.0.v20090620043401" download-size="1376" install-size="1376" />
	<plugin fragment="true" id="org.eclipse.tptp.monitoring.la.core.nl_hu" unpack="false" version="3.5.0.v20090620043401" download-size="1375" install-size="1375" />
	<plugin fragment="true" id="org.eclipse.tptp.monitoring.logui.nl_hu" unpack="false" version="3.5.0.v20090620043401" download-size="2819" install-size="2819" />
	<plugin fragment="true" id="org.eclipse.tptp.monitoring.lta.doc.isv.nl_hu" unpack="false" version="3.5.0.v20090620043401" download-size="1379" install-size="1379" />
	<plugin fragment="true" id="org.eclipse.tptp.monitoring.lta.doc.user.nl_hu" unpack="false" version="3.5.0.v20090620043401" download-size="1378" install-size="1378" />
	<plugin fragment="true" id="org.eclipse.tptp.monitoring.lta.examples.isv.nl_hu" unpack="false" version="3.5.0.v20090620043401" download-size="2989" install-size="2989" />
	<plugin fragment="true" id="org.eclipse.tptp.monitoring.lta.examples.nl_hu" unpack="false" version="3.5.0.v20090620043401" download-size="2691" install-size="2691" />
	<plugin fragment="true" id="org.eclipse.tptp.monitoring.managedagent.jmx.nl_hu" unpack="false" version="3.5.0.v20090620043401" download-size="2659" install-size="2659" />
	<plugin fragment="true" id="org.eclipse.tptp.monitoring.managedagent.ui.nl_hu" unpack="false" version="3.5.0.v20090620043401" download-size="4976" install-size="4976" />
	<plugin fragment="true" id="org.eclipse.tptp.monitoring.profile.server.nl_hu" unpack="false" version="3.5.0.v20090620043401" download-size="1382" install-size="1382" />
	<plugin fragment="true" id="org.eclipse.tptp.monitoring.report.birt.nl_hu" unpack="false" version="3.5.0.v20090620043401" download-size="2629" install-size="2629" />
	<plugin fragment="true" id="org.eclipse.tptp.monitoring.symptom.doc.user.nl_hu" unpack="false" version="3.5.0.v20090620043401" download-size="1385" install-size="1385" />
	<plugin fragment="true" id="org.eclipse.tptp.monitoring.symptom.editor.nl_hu" unpack="false" version="3.5.0.v20090620043401" download-size="1379" install-size="1379" />
	<plugin fragment="true" id="org.eclipse.tptp.platform.agentcontroller.nl_hu" unpack="false" version="3.5.0.v20090620043401" download-size="2606" install-size="2606" />
	<plugin fragment="true" id="org.eclipse.tptp.platform.analysis.codereview.cpp.nl_hu" unpack="false" version="3.5.0.v20090620043401" download-size="1385" install-size="1385" />
	<plugin fragment="true" id="org.eclipse.tptp.platform.analysis.codereview.cpp.rules.nl_hu" unpack="false" version="3.5.0.v20090620043401" download-size="1503" install-size="1503" />
	<plugin fragment="true" id="org.eclipse.tptp.platform.analysis.codereview.java.nl_hu" unpack="false" version="3.5.0.v20090620043401" download-size="1419" install-size="1419" />
	<plugin fragment="true" id="org.eclipse.tptp.platform.analysis.codereview.java.rules.nl_hu" unpack="false" version="3.5.0.v20090620043401" download-size="1595" install-size="1595" />
	<plugin fragment="true" id="org.eclipse.tptp.platform.analysis.core.nl_hu" unpack="false" version="3.5.0.v20090620043401" download-size="2534" install-size="2534" />
	<plugin fragment="true" id="org.eclipse.tptp.platform.analysis.core.ui.nl_hu" unpack="false" version="3.5.0.v20090620043401" download-size="3014" install-size="3014" />
	<plugin fragment="true" id="org.eclipse.tptp.platform.common.nl_hu" unpack="false" version="3.5.0.v20090620043401" download-size="2323" install-size="2323" />
	<plugin fragment="true" id="org.eclipse.tptp.platform.common.ui.nl_hu" unpack="false" version="3.5.0.v20090620043401" download-size="4931" install-size="4931" />
	<plugin fragment="true" id="org.eclipse.tptp.platform.common.ui.trace.nl_hu" unpack="false" version="3.5.0.v20090620043401" download-size="3097" install-size="3097" />
	<plugin fragment="true" id="org.eclipse.tptp.platform.examples.isv.nl_hu" unpack="false" version="3.5.0.v20090620043401" download-size="2651" install-size="2651" />
	<plugin fragment="true" id="org.eclipse.tptp.platform.examples.nl_hu" unpack="false" version="3.5.0.v20090620043401" download-size="1412" install-size="1412" />
	<plugin fragment="true" id="org.eclipse.tptp.platform.iac.administrator.nl_hu" unpack="false" version="3.5.0.v20090620043401" download-size="3324" install-size="3324" />
	<plugin fragment="true" id="org.eclipse.tptp.platform.instrumentation.ui.nl_hu" unpack="false" version="3.5.0.v20090620043401" download-size="3239" install-size="3239" />
	<plugin fragment="true" id="org.eclipse.tptp.platform.integration.pde.nl_hu" unpack="false" version="3.5.0.v20090620043401" download-size="2747" install-size="2747" />
	<plugin fragment="true" id="org.eclipse.tptp.platform.la.core.nl_hu" unpack="false" version="3.5.0.v20090620043401" download-size="2639" install-size="2639" />
	<plugin fragment="true" id="org.eclipse.tptp.platform.llc.core.nl_hu" unpack="false" version="3.5.0.v20090620043401" download-size="1375" install-size="1375" />
	<plugin fragment="true" id="org.eclipse.tptp.platform.llc.doc.user.nl_hu" unpack="false" version="3.5.0.v20090620043401" download-size="1378" install-size="1378" />
	<plugin fragment="true" id="org.eclipse.tptp.platform.llc.launch.nl_hu" unpack="false" version="3.5.0.v20090620043401" download-size="2859" install-size="2859" />
	<plugin fragment="true" id="org.eclipse.tptp.platform.llc.ui.nl_hu" unpack="false" version="3.5.0.v20090620043401" download-size="1374" install-size="1374" />
	<plugin fragment="true" id="org.eclipse.tptp.platform.log.doc.user.nl_hu" unpack="false" version="3.5.0.v20090620043401" download-size="1379" install-size="1379" />
	<plugin fragment="true" id="org.eclipse.tptp.platform.log.views.nl_hu" unpack="false" version="3.5.0.v20090620043401" download-size="3910" install-size="3910" />
	<plugin fragment="true" id="org.eclipse.tptp.platform.lta.common.nl_hu" unpack="false" version="3.5.0.v20090620043401" download-size="2419" install-size="2419" />
	<plugin fragment="true" id="org.eclipse.tptp.platform.models.lta.nl_hu" unpack="false" version="3.5.0.v20090620043401" download-size="1376" install-size="1376" />
	<plugin fragment="true" id="org.eclipse.tptp.platform.models.nl_hu" unpack="false" version="3.5.0.v20090620043401" download-size="3161" install-size="3161" />
	<plugin fragment="true" id="org.eclipse.tptp.platform.probekit.launch.nl_hu" unpack="false" version="3.5.0.v20090620043401" download-size="3691" install-size="3691" />
	<plugin fragment="true" id="org.eclipse.tptp.platform.report.birt.nl_hu" unpack="false" version="3.5.0.v20090620043401" download-size="1385" install-size="1385" />
	<plugin fragment="true" id="org.eclipse.tptp.platform.report.birt.ui.nl_hu" unpack="false" version="3.5.0.v20090620043401" download-size="2533" install-size="2533" />
	<plugin fragment="true" id="org.eclipse.tptp.platform.report.core.nl_hu" unpack="false" version="3.5.0.v20090620043401" download-size="1469" install-size="1469" />
	<plugin fragment="true" id="org.eclipse.tptp.platform.report.ui.nl_hu" unpack="false" version="3.5.0.v20090620043401" download-size="1477" install-size="1477" />
	<plugin fragment="true" id="org.eclipse.tptp.test.auto.gui.nl_hu" unpack="false" version="3.5.0.v20090620043401" download-size="2912" install-size="2912" />
	<plugin fragment="true" id="org.eclipse.tptp.test.auto.nl_hu" unpack="false" version="3.5.0.v20090620043401" download-size="1370" install-size="1370" />
	<plugin fragment="true" id="org.eclipse.tptp.test.recorders.url.nl_hu" unpack="false" version="3.5.0.v20090620043401" download-size="4741" install-size="4741" />
	<plugin fragment="true" id="org.eclipse.tptp.test.report.birt.nl_hu" unpack="false" version="3.5.0.v20090620043401" download-size="3409" install-size="3409" />
	<plugin fragment="true" id="org.eclipse.tptp.test.samples.nl_hu" unpack="false" version="3.5.0.v20090620043401" download-size="2859" install-size="2859" />
	<plugin fragment="true" id="org.eclipse.tptp.test.tools.junit.plugin.nl_hu" unpack="false" version="3.5.0.v20090620043401" download-size="3230" install-size="3230" />
	<plugin fragment="true" id="org.eclipse.tptp.test.tools.manual.doc.user.nl_hu" unpack="false" version="3.5.0.v20090620043401" download-size="1379" install-size="1379" />
	<plugin fragment="true" id="org.eclipse.tptp.test.tools.manual.nl_hu" unpack="false" version="3.5.0.v20090620043401" download-size="4134" install-size="4134" />
	<plugin fragment="true" id="org.eclipse.tptp.trace.arm.nl_hu" unpack="false" version="3.5.0.v20090620043401" download-size="1410" install-size="1410" />
	<plugin fragment="true" id="org.eclipse.tptp.trace.arm.ui.nl_hu" unpack="false" version="3.5.0.v20090620043401" download-size="2511" install-size="2511" />
	<plugin fragment="true" id="org.eclipse.tptp.trace.jvmti.client.nl_hu" unpack="false" version="3.5.0.v20090620043401" download-size="2750" install-size="2750" />
	<plugin fragment="true" id="org.eclipse.tptp.trace.memory.nl_hu" unpack="false" version="3.5.0.v20090620043401" download-size="1374" install-size="1374" />
	<plugin fragment="true" id="org.eclipse.tptp.trace.report.birt.nl_hu" unpack="false" version="3.5.0.v20090620043401" download-size="2513" install-size="2513" />
</feature>