<?xml version="1.0" encoding="UTF-8" ?>
<feature
	id="org.eclipse.babel.nls_webtools.ejbtools_ko"
	label="Babel Language Pack for webtools.ejbtools in Korean (96.43%)"
	image="eclipse_update_120.jpg"
	provider-name="%providerName"
	version="3.5.0.v20090620043401">
	<copyright>
		%copyright
	</copyright>
	<license url="%licenseURL">
		%license
	</license>
	<description>Babel Language Pack for webtools.ejbtools in Korean</description>
	<plugin fragment="true" id="org.eclipse.jst.ejb.doc.user.nl_ko" unpack="false" version="3.5.0.v20090620043401" download-size="1381" install-size="1381" />
	<plugin fragment="true" id="org.eclipse.jst.ejb.ui.infopop.nl_ko" unpack="false" version="3.5.0.v20090620043401" download-size="1373" install-size="1373" />
	<plugin fragment="true" id="org.eclipse.jst.ejb.ui.nl_ko" unpack="false" version="3.5.0.v20090620043401" download-size="4138" install-size="4138" />
	<plugin fragment="true" id="org.eclipse.jst.j2ee.ejb.annotation.model.nl_ko" unpack="false" version="3.5.0.v20090620043401" download-size="3862" install-size="3862" />
	<plugin fragment="true" id="org.eclipse.jst.j2ee.ejb.annotations.emitter.nl_ko" unpack="false" version="3.5.0.v20090620043401" download-size="1383" install-size="1383" />
	<plugin fragment="true" id="org.eclipse.jst.j2ee.ejb.annotations.ui.nl_ko" unpack="false" version="3.5.0.v20090620043401" download-size="4009" install-size="4009" />
	<plugin fragment="true" id="org.eclipse.jst.j2ee.ejb.annotations.xdoclet.nl_ko" unpack="false" version="3.5.0.v20090620043401" download-size="3692" install-size="3692" />
	<plugin fragment="true" id="org.eclipse.jst.j2ee.ejb.nl_ko" unpack="false" version="3.5.0.v20090620043401" download-size="26546" install-size="26546" />
	<plugin fragment="true" id="org.eclipse.jst.jee.ejb.nl_ko" unpack="false" version="3.5.0.v20090620043401" download-size="1371" install-size="1371" />
</feature>