<?xml version="1.0" encoding="UTF-8" ?>
<feature
	id="org.eclipse.babel.nls_modeling.mdt_ja"
	label="Babel Language Pack for modeling.mdt in Japanese (81.08%)"
	image="eclipse_update_120.jpg"
	provider-name="%providerName"
	version="3.5.0.v20090620043401">
	<copyright>
		%copyright
	</copyright>
	<license url="%licenseURL">
		%license
	</license>
	<description>Babel Language Pack for modeling.mdt in Japanese</description>
	<plugin fragment="true" id="org.eclipse.emf.examples.library.edit.nl_ja" unpack="false" version="3.5.0.v20090620043401" download-size="1916" install-size="1916" />
	<plugin fragment="true" id="org.eclipse.emf.examples.library.editor.nl_ja" unpack="false" version="3.5.0.v20090620043401" download-size="2193" install-size="2193" />
	<plugin fragment="true" id="org.eclipse.emf.examples.library.nl_ja" unpack="false" version="3.5.0.v20090620043401" download-size="1374" install-size="1374" />
	<plugin fragment="true" id="org.eclipse.emf.ocl.doc.nl_ja" unpack="false" version="3.5.0.v20090620043401" download-size="1660" install-size="1660" />
	<plugin fragment="true" id="org.eclipse.emf.ocl.examples.interpreter.nl_ja" unpack="false" version="3.5.0.v20090620043401" download-size="2895" install-size="2895" />
	<plugin fragment="true" id="org.eclipse.emf.ocl.examples.nl_ja" unpack="false" version="3.5.0.v20090620043401" download-size="1448" install-size="1448" />
	<plugin fragment="true" id="org.eclipse.emf.ocl.nl_ja" unpack="false" version="3.5.0.v20090620043401" download-size="1637" install-size="1637" />
	<plugin fragment="true" id="org.eclipse.emf.ocl.tests.nl_ja" unpack="false" version="3.5.0.v20090620043401" download-size="1375" install-size="1375" />
	<plugin fragment="true" id="org.eclipse.ocl.doc.nl_ja" unpack="false" version="3.5.0.v20090620043401" download-size="1727" install-size="1727" />
	<plugin fragment="true" id="org.eclipse.ocl.ecore.nl_ja" unpack="false" version="3.5.0.v20090620043401" download-size="1371" install-size="1371" />
	<plugin fragment="true" id="org.eclipse.ocl.ecore.tests.nl_ja" unpack="false" version="3.5.0.v20090620043401" download-size="1375" install-size="1375" />
	<plugin fragment="true" id="org.eclipse.ocl.nl_ja" unpack="false" version="3.5.0.v20090620043401" download-size="2825" install-size="2825" />
	<plugin fragment="true" id="org.eclipse.ocl.uml.nl_ja" unpack="false" version="3.5.0.v20090620043401" download-size="1665" install-size="1665" />
	<plugin fragment="true" id="org.eclipse.ocl.uml.tests.nl_ja" unpack="false" version="3.5.0.v20090620043401" download-size="1374" install-size="1374" />
	<plugin fragment="true" id="org.eclipse.uml2.codegen.ecore.nl_ja" unpack="false" version="3.5.0.v20090620043401" download-size="1553" install-size="1553" />
	<plugin fragment="true" id="org.eclipse.uml2.codegen.ecore.ui.nl_ja" unpack="false" version="3.5.0.v20090620043401" download-size="1954" install-size="1954" />
	<plugin fragment="true" id="org.eclipse.uml2.common.edit.nl_ja" unpack="false" version="3.5.0.v20090620043401" download-size="1422" install-size="1422" />
	<plugin fragment="true" id="org.eclipse.uml2.common.nl_ja" unpack="false" version="3.5.0.v20090620043401" download-size="1396" install-size="1396" />
	<plugin fragment="true" id="org.eclipse.uml2.diagram.activity.nl_ja" unpack="false" version="3.5.0.v20090620043401" download-size="5443" install-size="5443" />
	<plugin fragment="true" id="org.eclipse.uml2.diagram.clazz.nl_ja" unpack="false" version="3.5.0.v20090620043401" download-size="6897" install-size="6897" />
	<plugin fragment="true" id="org.eclipse.uml2.diagram.clazz.tests.nl_ja" unpack="false" version="3.5.0.v20090620043401" download-size="1377" install-size="1377" />
	<plugin fragment="true" id="org.eclipse.uml2.diagram.codegen.edit.nl_ja" unpack="false" version="3.5.0.v20090620043401" download-size="1905" install-size="1905" />
	<plugin fragment="true" id="org.eclipse.uml2.diagram.codegen.nl_ja" unpack="false" version="3.5.0.v20090620043401" download-size="1373" install-size="1373" />
	<plugin fragment="true" id="org.eclipse.uml2.diagram.common.nl_ja" unpack="false" version="3.5.0.v20090620043401" download-size="2585" install-size="2585" />
	<plugin fragment="true" id="org.eclipse.uml2.diagram.common.notation.nl_ja" unpack="false" version="3.5.0.v20090620043401" download-size="1378" install-size="1378" />
	<plugin fragment="true" id="org.eclipse.uml2.diagram.common.tests.nl_ja" unpack="false" version="3.5.0.v20090620043401" download-size="1377" install-size="1377" />
	<plugin fragment="true" id="org.eclipse.uml2.diagram.component.nl_ja" unpack="false" version="3.5.0.v20090620043401" download-size="4670" install-size="4670" />
	<plugin fragment="true" id="org.eclipse.uml2.diagram.csd.nl_ja" unpack="false" version="3.5.0.v20090620043401" download-size="4613" install-size="4613" />
	<plugin fragment="true" id="org.eclipse.uml2.diagram.def.nl_ja" unpack="false" version="3.5.0.v20090620043401" download-size="1440" install-size="1440" />
	<plugin fragment="true" id="org.eclipse.uml2.diagram.deploy.nl_ja" unpack="false" version="3.5.0.v20090620043401" download-size="3930" install-size="3930" />
	<plugin fragment="true" id="org.eclipse.uml2.diagram.examples.activity.nl_ja" unpack="false" version="3.5.0.v20090620043401" download-size="1380" install-size="1380" />
	<plugin fragment="true" id="org.eclipse.uml2.diagram.examples.clazz.nl_ja" unpack="false" version="3.5.0.v20090620043401" download-size="1379" install-size="1379" />
	<plugin fragment="true" id="org.eclipse.uml2.diagram.examples.profile.nl_ja" unpack="false" version="3.5.0.v20090620043401" download-size="1443" install-size="1443" />
	<plugin fragment="true" id="org.eclipse.uml2.diagram.examples.statemachine.nl_ja" unpack="false" version="3.5.0.v20090620043401" download-size="1382" install-size="1382" />
	<plugin fragment="true" id="org.eclipse.uml2.diagram.nl_ja" unpack="false" version="3.5.0.v20090620043401" download-size="1601" install-size="1601" />
	<plugin fragment="true" id="org.eclipse.uml2.diagram.parser.nl_ja" unpack="false" version="3.5.0.v20090620043401" download-size="1438" install-size="1438" />
	<plugin fragment="true" id="org.eclipse.uml2.diagram.profile.nl_ja" unpack="false" version="3.5.0.v20090620043401" download-size="4227" install-size="4227" />
	<plugin fragment="true" id="org.eclipse.uml2.diagram.profile.tests.nl_ja" unpack="false" version="3.5.0.v20090620043401" download-size="1451" install-size="1451" />
	<plugin fragment="true" id="org.eclipse.uml2.diagram.sequence.model.nl_ja" unpack="false" version="3.5.0.v20090620043401" download-size="1379" install-size="1379" />
	<plugin fragment="true" id="org.eclipse.uml2.diagram.sequence.nl_ja" unpack="false" version="3.5.0.v20090620043401" download-size="3199" install-size="3199" />
	<plugin fragment="true" id="org.eclipse.uml2.diagram.sequence.tests.nl_ja" unpack="false" version="3.5.0.v20090620043401" download-size="1378" install-size="1378" />
	<plugin fragment="true" id="org.eclipse.uml2.diagram.statemachine.nl_ja" unpack="false" version="3.5.0.v20090620043401" download-size="3626" install-size="3626" />
	<plugin fragment="true" id="org.eclipse.uml2.diagram.statemachine.tests.nl_ja" unpack="false" version="3.5.0.v20090620043401" download-size="1380" install-size="1380" />
	<plugin fragment="true" id="org.eclipse.uml2.diagram.usecase.nl_ja" unpack="false" version="3.5.0.v20090620043401" download-size="4004" install-size="4004" />
	<plugin fragment="true" id="org.eclipse.uml2.doc.nl_ja" unpack="false" version="3.5.0.v20090620043401" download-size="1414" install-size="1414" />
	<plugin fragment="true" id="org.eclipse.uml2.examples.nl_ja" unpack="false" version="3.5.0.v20090620043401" download-size="1402" install-size="1402" />
	<plugin fragment="true" id="org.eclipse.uml2.examples.uml.ui.nl_ja" unpack="false" version="3.5.0.v20090620043401" download-size="2060" install-size="2060" />
	<plugin fragment="true" id="org.eclipse.uml2.nl_ja" unpack="false" version="3.5.0.v20090620043401" download-size="1364" install-size="1364" />
	<plugin fragment="true" id="org.eclipse.uml2.tests.nl_ja" unpack="false" version="3.5.0.v20090620043401" download-size="1368" install-size="1368" />
	<plugin fragment="true" id="org.eclipse.uml2.uml.ecore.exporter.nl_ja" unpack="false" version="3.5.0.v20090620043401" download-size="1566" install-size="1566" />
	<plugin fragment="true" id="org.eclipse.uml2.uml.ecore.importer.nl_ja" unpack="false" version="3.5.0.v20090620043401" download-size="1618" install-size="1618" />
	<plugin fragment="true" id="org.eclipse.uml2.uml.edit.nl_ja" unpack="false" version="3.5.0.v20090620043401" download-size="12446" install-size="12446" />
	<plugin fragment="true" id="org.eclipse.uml2.uml.editor.nl_ja" unpack="false" version="3.5.0.v20090620043401" download-size="2978" install-size="2978" />
	<plugin fragment="true" id="org.eclipse.uml2.uml.nl_ja" unpack="false" version="3.5.0.v20090620043401" download-size="5684" install-size="5684" />
	<plugin fragment="true" id="org.eclipse.uml2.uml.resources.nl_ja" unpack="false" version="3.5.0.v20090620043401" download-size="24892" install-size="24892" />
	<plugin fragment="true" id="org.eclipse.uml2.uml.tests.nl_ja" unpack="false" version="3.5.0.v20090620043401" download-size="1370" install-size="1370" />
	<plugin fragment="true" id="org.eclipse.uml2tools.doc.nl_ja" unpack="false" version="3.5.0.v20090620043401" download-size="1654" install-size="1654" />
	<plugin fragment="true" id="org.eclipse.uml2tools.nl_ja" unpack="false" version="3.5.0.v20090620043401" download-size="1367" install-size="1367" />
</feature>