<?xml version="1.0" encoding="UTF-8" ?>
<feature
	id="org.eclipse.babel.nls_technology.dltk_it"
	label="Babel Language Pack for technology.dltk in Italian (56.31%)"
	image="eclipse_update_120.jpg"
	provider-name="%providerName"
	version="3.5.0.v20090620043401">
	<copyright>
		%copyright
	</copyright>
	<license url="%licenseURL">
		%license
	</license>
	<description>Babel Language Pack for technology.dltk in Italian</description>
	<plugin fragment="true" id="org.eclipse.dltk.console.nl_it" unpack="false" version="3.5.0.v20090620043401" download-size="1368" install-size="1368" />
	<plugin fragment="true" id="org.eclipse.dltk.console.ui.nl_it" unpack="false" version="3.5.0.v20090620043401" download-size="2409" install-size="2409" />
	<plugin fragment="true" id="org.eclipse.dltk.core.doc.isv.nl_it" unpack="false" version="3.5.0.v20090620043401" download-size="1373" install-size="1373" />
	<plugin fragment="true" id="org.eclipse.dltk.core.nl_it" unpack="false" version="3.5.0.v20090620043401" download-size="5447" install-size="5447" />
	<plugin fragment="true" id="org.eclipse.dltk.debug.nl_it" unpack="false" version="3.5.0.v20090620043401" download-size="2370" install-size="2370" />
	<plugin fragment="true" id="org.eclipse.dltk.debug.ui.nl_it" unpack="false" version="3.5.0.v20090620043401" download-size="9763" install-size="9763" />
	<plugin fragment="true" id="org.eclipse.dltk.formatter.nl_it" unpack="false" version="3.5.0.v20090620043401" download-size="2313" install-size="2313" />
	<plugin fragment="true" id="org.eclipse.dltk.itcl.core.nl_it" unpack="false" version="3.5.0.v20090620043401" download-size="1370" install-size="1370" />
	<plugin fragment="true" id="org.eclipse.dltk.itcl.nl_it" unpack="false" version="3.5.0.v20090620043401" download-size="1366" install-size="1366" />
	<plugin fragment="true" id="org.eclipse.dltk.itcl.ui.nl_it" unpack="false" version="3.5.0.v20090620043401" download-size="1368" install-size="1368" />
	<plugin fragment="true" id="org.eclipse.dltk.javascript.core.dom.support.nl_it" unpack="false" version="3.5.0.v20090620043401" download-size="1380" install-size="1380" />
	<plugin fragment="true" id="org.eclipse.dltk.javascript.core.nl_it" unpack="false" version="3.5.0.v20090620043401" download-size="1374" install-size="1374" />
	<plugin fragment="true" id="org.eclipse.dltk.javascript.debug.nl_it" unpack="false" version="3.5.0.v20090620043401" download-size="1375" install-size="1375" />
	<plugin fragment="true" id="org.eclipse.dltk.javascript.debug.ui.nl_it" unpack="false" version="3.5.0.v20090620043401" download-size="3294" install-size="3294" />
	<plugin fragment="true" id="org.eclipse.dltk.javascript.formatter.nl_it" unpack="false" version="3.5.0.v20090620043401" download-size="3023" install-size="3023" />
	<plugin fragment="true" id="org.eclipse.dltk.javascript.jsjdtdebugger.nl_it" unpack="false" version="3.5.0.v20090620043401" download-size="1380" install-size="1380" />
	<plugin fragment="true" id="org.eclipse.dltk.javascript.launching.nl_it" unpack="false" version="3.5.0.v20090620043401" download-size="1378" install-size="1378" />
	<plugin fragment="true" id="org.eclipse.dltk.javascript.rhino.dbgp.nl_it" unpack="false" version="3.5.0.v20090620043401" download-size="1379" install-size="1379" />
	<plugin fragment="true" id="org.eclipse.dltk.javascript.rhino.nl_it" unpack="false" version="3.5.0.v20090620043401" download-size="1375" install-size="1375" />
	<plugin fragment="true" id="org.eclipse.dltk.javascript.ui.nl_it" unpack="false" version="3.5.0.v20090620043401" download-size="4056" install-size="4056" />
	<plugin fragment="true" id="org.eclipse.dltk.launching.nl_it" unpack="false" version="3.5.0.v20090620043401" download-size="2949" install-size="2949" />
	<plugin fragment="true" id="org.eclipse.dltk.mylyn.nl_it" unpack="false" version="3.5.0.v20090620043401" download-size="1368" install-size="1368" />
	<plugin fragment="true" id="org.eclipse.dltk.nl_it" unpack="false" version="3.5.0.v20090620043401" download-size="1363" install-size="1363" />
	<plugin fragment="true" id="org.eclipse.dltk.python.activestatedebugger.nl_it" unpack="false" version="3.5.0.v20090620043401" download-size="1381" install-size="1381" />
	<plugin fragment="true" id="org.eclipse.dltk.python.core.nl_it" unpack="false" version="3.5.0.v20090620043401" download-size="1372" install-size="1372" />
	<plugin fragment="true" id="org.eclipse.dltk.python.debug.nl_it" unpack="false" version="3.5.0.v20090620043401" download-size="1373" install-size="1373" />
	<plugin fragment="true" id="org.eclipse.dltk.python.debug.ui.nl_it" unpack="false" version="3.5.0.v20090620043401" download-size="3103" install-size="3103" />
	<plugin fragment="true" id="org.eclipse.dltk.python.launching.nl_it" unpack="false" version="3.5.0.v20090620043401" download-size="1375" install-size="1375" />
	<plugin fragment="true" id="org.eclipse.dltk.python.ui.nl_it" unpack="false" version="3.5.0.v20090620043401" download-size="2782" install-size="2782" />
	<plugin fragment="true" id="org.eclipse.dltk.rse.core.nl_it" unpack="false" version="3.5.0.v20090620043401" download-size="1369" install-size="1369" />
	<plugin fragment="true" id="org.eclipse.dltk.rse.nl_it" unpack="false" version="3.5.0.v20090620043401" download-size="1365" install-size="1365" />
	<plugin fragment="true" id="org.eclipse.dltk.rse.ui.nl_it" unpack="false" version="3.5.0.v20090620043401" download-size="1367" install-size="1367" />
	<plugin fragment="true" id="org.eclipse.dltk.ruby.abstractdebugger.nl_it" unpack="false" version="3.5.0.v20090620043401" download-size="1377" install-size="1377" />
	<plugin fragment="true" id="org.eclipse.dltk.ruby.activestatedebugger.nl_it" unpack="false" version="3.5.0.v20090620043401" download-size="1380" install-size="1380" />
	<plugin fragment="true" id="org.eclipse.dltk.ruby.basicdebugger.nl_it" unpack="false" version="3.5.0.v20090620043401" download-size="1375" install-size="1375" />
	<plugin fragment="true" id="org.eclipse.dltk.ruby.core.nl_it" unpack="false" version="3.5.0.v20090620043401" download-size="1745" install-size="1745" />
	<plugin fragment="true" id="org.eclipse.dltk.ruby.debug.nl_it" unpack="false" version="3.5.0.v20090620043401" download-size="1371" install-size="1371" />
	<plugin fragment="true" id="org.eclipse.dltk.ruby.debug.ui.nl_it" unpack="false" version="3.5.0.v20090620043401" download-size="3094" install-size="3094" />
	<plugin fragment="true" id="org.eclipse.dltk.ruby.fastdebugger.nl_it" unpack="false" version="3.5.0.v20090620043401" download-size="1375" install-size="1375" />
	<plugin fragment="true" id="org.eclipse.dltk.ruby.formatter.nl_it" unpack="false" version="3.5.0.v20090620043401" download-size="2521" install-size="2521" />
	<plugin fragment="true" id="org.eclipse.dltk.ruby.launching.nl_it" unpack="false" version="3.5.0.v20090620043401" download-size="1374" install-size="1374" />
	<plugin fragment="true" id="org.eclipse.dltk.ruby.nl_it" unpack="false" version="3.5.0.v20090620043401" download-size="1367" install-size="1367" />
	<plugin fragment="true" id="org.eclipse.dltk.ruby.testing.nl_it" unpack="false" version="3.5.0.v20090620043401" download-size="1373" install-size="1373" />
	<plugin fragment="true" id="org.eclipse.dltk.ruby.ui.nl_it" unpack="false" version="3.5.0.v20090620043401" download-size="4989" install-size="4989" />
	<plugin fragment="true" id="org.eclipse.dltk.tcl.activestatedebugger.nl_it" unpack="false" version="3.5.0.v20090620043401" download-size="2720" install-size="2720" />
	<plugin fragment="true" id="org.eclipse.dltk.tcl.core.nl_it" unpack="false" version="3.5.0.v20090620043401" download-size="1388" install-size="1388" />
	<plugin fragment="true" id="org.eclipse.dltk.tcl.debug.nl_it" unpack="false" version="3.5.0.v20090620043401" download-size="1370" install-size="1370" />
	<plugin fragment="true" id="org.eclipse.dltk.tcl.debug.ui.nl_it" unpack="false" version="3.5.0.v20090620043401" download-size="3574" install-size="3574" />
	<plugin fragment="true" id="org.eclipse.dltk.tcl.doc.user.nl_it" unpack="false" version="3.5.0.v20090620043401" download-size="1713" install-size="1713" />
	<plugin fragment="true" id="org.eclipse.dltk.tcl.launching.nl_it" unpack="false" version="3.5.0.v20090620043401" download-size="1373" install-size="1373" />
	<plugin fragment="true" id="org.eclipse.dltk.tcl.nl_it" unpack="false" version="3.5.0.v20090620043401" download-size="1365" install-size="1365" />
	<plugin fragment="true" id="org.eclipse.dltk.tcl.parser.nl_it" unpack="false" version="3.5.0.v20090620043401" download-size="2978" install-size="2978" />
	<plugin fragment="true" id="org.eclipse.dltk.tcl.tclchecker.nl_it" unpack="false" version="3.5.0.v20090620043401" download-size="4190" install-size="4190" />
	<plugin fragment="true" id="org.eclipse.dltk.tcl.tcllib.nl_it" unpack="false" version="3.5.0.v20090620043401" download-size="1370" install-size="1370" />
	<plugin fragment="true" id="org.eclipse.dltk.tcl.testing.nl_it" unpack="false" version="3.5.0.v20090620043401" download-size="1370" install-size="1370" />
	<plugin fragment="true" id="org.eclipse.dltk.tcl.testing.tcltest.nl_it" unpack="false" version="3.5.0.v20090620043401" download-size="1375" install-size="1375" />
	<plugin fragment="true" id="org.eclipse.dltk.tcl.ui.nl_it" unpack="false" version="3.5.0.v20090620043401" download-size="4303" install-size="4303" />
	<plugin fragment="true" id="org.eclipse.dltk.tcl.validators.nl_it" unpack="false" version="3.5.0.v20090620043401" download-size="1373" install-size="1373" />
	<plugin fragment="true" id="org.eclipse.dltk.testing.nl_it" unpack="false" version="3.5.0.v20090620043401" download-size="8284" install-size="8284" />
	<plugin fragment="true" id="org.eclipse.dltk.ui.nl_it" unpack="false" version="3.5.0.v20090620043401" download-size="74393" install-size="74393" />
	<plugin fragment="true" id="org.eclipse.dltk.validators.core.nl_it" unpack="false" version="3.5.0.v20090620043401" download-size="2895" install-size="2895" />
	<plugin fragment="true" id="org.eclipse.dltk.validators.externalchecker.nl_it" unpack="false" version="3.5.0.v20090620043401" download-size="3393" install-size="3393" />
	<plugin fragment="true" id="org.eclipse.dltk.validators.ui.nl_it" unpack="false" version="3.5.0.v20090620043401" download-size="3291" install-size="3291" />
	<plugin fragment="true" id="org.eclipse.dltk.xotcl.core.nl_it" unpack="false" version="3.5.0.v20090620043401" download-size="1371" install-size="1371" />
	<plugin fragment="true" id="org.eclipse.dltk.xotcl.nl_it" unpack="false" version="3.5.0.v20090620043401" download-size="1366" install-size="1366" />
	<plugin fragment="true" id="org.eclipse.dltk.xotcl.testing.xounit.nl_it" unpack="false" version="3.5.0.v20090620043401" download-size="1377" install-size="1377" />
	<plugin fragment="true" id="org.eclipse.dltk.xotcl.ui.nl_it" unpack="false" version="3.5.0.v20090620043401" download-size="1370" install-size="1370" />
</feature>