<?xml version="1.0" encoding="UTF-8" ?>
<feature
	id="org.eclipse.babel.nls_webtools.jsf_zh_TW"
	label="Babel Language Pack for webtools.jsf in Chinese (Traditional) (30.42%)"
	image="eclipse_update_120.jpg"
	provider-name="%providerName"
	version="3.5.0.v20090620043401">
	<copyright>
		%copyright
	</copyright>
	<license url="%licenseURL">
		%license
	</license>
	<description>Babel Language Pack for webtools.jsf in Chinese (Traditional)</description>
	<plugin fragment="true" id="org.eclipse.jst.jsf.apache.trinidad.tagsupport.nl_zh_TW" unpack="false" version="3.5.0.v20090620043401" download-size="3113" install-size="3113" />
	<plugin fragment="true" id="org.eclipse.jst.jsf.common.nl_zh_TW" unpack="false" version="3.5.0.v20090620043401" download-size="2817" install-size="2817" />
	<plugin fragment="true" id="org.eclipse.jst.jsf.common.runtime.nl_zh_TW" unpack="false" version="3.5.0.v20090620043401" download-size="1398" install-size="1398" />
	<plugin fragment="true" id="org.eclipse.jst.jsf.common.ui.nl_zh_TW" unpack="false" version="3.5.0.v20090620043401" download-size="5007" install-size="5007" />
	<plugin fragment="true" id="org.eclipse.jst.jsf.core.nl_zh_TW" unpack="false" version="3.5.0.v20090620043401" download-size="6550" install-size="6550" />
	<plugin fragment="true" id="org.eclipse.jst.jsf.facesconfig.nl_zh_TW" unpack="false" version="3.5.0.v20090620043401" download-size="5366" install-size="5366" />
	<plugin fragment="true" id="org.eclipse.jst.jsf.facesconfig.ui.nl_zh_TW" unpack="false" version="3.5.0.v20090620043401" download-size="7364" install-size="7364" />
	<plugin fragment="true" id="org.eclipse.jst.jsf.standard.tagsupport.nl_zh_TW" unpack="false" version="3.5.0.v20090620043401" download-size="2893" install-size="2893" />
	<plugin fragment="true" id="org.eclipse.jst.jsf.ui.nl_zh_TW" unpack="false" version="3.5.0.v20090620043401" download-size="4547" install-size="4547" />
	<plugin fragment="true" id="org.eclipse.jst.pagedesigner.jsf.ui.nl_zh_TW" unpack="false" version="3.5.0.v20090620043401" download-size="5140" install-size="5140" />
	<plugin fragment="true" id="org.eclipse.jst.pagedesigner.jsp.core.nl_zh_TW" unpack="false" version="3.5.0.v20090620043401" download-size="1397" install-size="1397" />
	<plugin fragment="true" id="org.eclipse.jst.pagedesigner.nl_zh_TW" unpack="false" version="3.5.0.v20090620043401" download-size="10700" install-size="10700" />
</feature>