<?xml version="1.0" encoding="UTF-8" ?>
<feature
	id="org.eclipse.babel.nls_datatools_cs"
	label="Babel Language Pack for datatools in Czech (22.91%)"
	image="eclipse_update_120.jpg"
	provider-name="%providerName"
	version="3.5.0.v20090620043401">
	<copyright>
		%copyright
	</copyright>
	<license url="%licenseURL">
		%license
	</license>
	<description>Babel Language Pack for datatools in Czech</description>
	<plugin fragment="true" id="org.eclipse.datatools.connectivity.apache.derby.dbdefinition.nl_cs" unpack="false" version="3.5.0.v20090620043401" download-size="1377" install-size="1377" />
	<plugin fragment="true" id="org.eclipse.datatools.connectivity.apache.derby.nl_cs" unpack="false" version="3.5.0.v20090620043401" download-size="1434" install-size="1434" />
	<plugin fragment="true" id="org.eclipse.datatools.connectivity.apache.derby.ui.nl_cs" unpack="false" version="3.5.0.v20090620043401" download-size="3609" install-size="3609" />
	<plugin fragment="true" id="org.eclipse.datatools.connectivity.console.profile.nl_cs" unpack="false" version="3.5.0.v20090620043401" download-size="2564" install-size="2564" />
	<plugin fragment="true" id="org.eclipse.datatools.connectivity.db.generic.nl_cs" unpack="false" version="3.5.0.v20090620043401" download-size="2643" install-size="2643" />
	<plugin fragment="true" id="org.eclipse.datatools.connectivity.db.generic.ui.nl_cs" unpack="false" version="3.5.0.v20090620043401" download-size="1365" install-size="1365" />
	<plugin fragment="true" id="org.eclipse.datatools.connectivity.dbdefinition.genericJDBC.nl_cs" unpack="false" version="3.5.0.v20090620043401" download-size="1398" install-size="1398" />
	<plugin fragment="true" id="org.eclipse.datatools.connectivity.nl_cs" unpack="false" version="3.5.0.v20090620043401" download-size="3215" install-size="3215" />
	<plugin fragment="true" id="org.eclipse.datatools.connectivity.oda.consumer.nl_cs" unpack="false" version="3.5.0.v20090620043401" download-size="2902" install-size="2902" />
	<plugin fragment="true" id="org.eclipse.datatools.connectivity.oda.design.nl_cs" unpack="false" version="3.5.0.v20090620043401" download-size="1363" install-size="1363" />
	<plugin fragment="true" id="org.eclipse.datatools.connectivity.oda.design.ui.nl_cs" unpack="false" version="3.5.0.v20090620043401" download-size="2958" install-size="2958" />
	<plugin fragment="true" id="org.eclipse.datatools.connectivity.oda.flatfile.nl_cs" unpack="false" version="3.5.0.v20090620043401" download-size="2787" install-size="2787" />
	<plugin fragment="true" id="org.eclipse.datatools.connectivity.oda.flatfile.ui.nl_cs" unpack="false" version="3.5.0.v20090620043401" download-size="3115" install-size="3115" />
	<plugin fragment="true" id="org.eclipse.datatools.connectivity.oda.template.ui.nl_cs" unpack="false" version="3.5.0.v20090620043401" download-size="2959" install-size="2959" />
	<plugin fragment="true" id="org.eclipse.datatools.connectivity.sqm.core.nl_cs" unpack="false" version="3.5.0.v20090620043401" download-size="3083" install-size="3083" />
	<plugin fragment="true" id="org.eclipse.datatools.connectivity.sqm.core.ui.nl_cs" unpack="false" version="3.5.0.v20090620043401" download-size="4193" install-size="4193" />
	<plugin fragment="true" id="org.eclipse.datatools.connectivity.sqm.server.ui.nl_cs" unpack="false" version="3.5.0.v20090620043401" download-size="3560" install-size="3560" />
	<plugin fragment="true" id="org.eclipse.datatools.connectivity.ui.dse.nl_cs" unpack="false" version="3.5.0.v20090620043401" download-size="2921" install-size="2921" />
	<plugin fragment="true" id="org.eclipse.datatools.connectivity.ui.nl_cs" unpack="false" version="3.5.0.v20090620043401" download-size="3543" install-size="3543" />
	<plugin fragment="true" id="org.eclipse.datatools.connectivity.ui.templates.nl_cs" unpack="false" version="3.5.0.v20090620043401" download-size="2762" install-size="2762" />
	<plugin fragment="true" id="org.eclipse.datatools.enablement.finfo.nl_cs" unpack="false" version="3.5.0.v20090620043401" download-size="1375" install-size="1375" />
	<plugin fragment="true" id="org.eclipse.datatools.enablement.hsqldb.dbdefinition.nl_cs" unpack="false" version="3.5.0.v20090620043401" download-size="1386" install-size="1386" />
	<plugin fragment="true" id="org.eclipse.datatools.enablement.hsqldb.nl_cs" unpack="false" version="3.5.0.v20090620043401" download-size="1432" install-size="1432" />
	<plugin fragment="true" id="org.eclipse.datatools.enablement.hsqldb.ui.nl_cs" unpack="false" version="3.5.0.v20090620043401" download-size="2716" install-size="2716" />
	<plugin fragment="true" id="org.eclipse.datatools.enablement.ibm.db2.iseries.dbdefinition.nl_cs" unpack="false" version="3.5.0.v20090620043401" download-size="1394" install-size="1394" />
	<plugin fragment="true" id="org.eclipse.datatools.enablement.ibm.db2.iseries.nl_cs" unpack="false" version="3.5.0.v20090620043401" download-size="1429" install-size="1429" />
	<plugin fragment="true" id="org.eclipse.datatools.enablement.ibm.db2.iseries.ui.nl_cs" unpack="false" version="3.5.0.v20090620043401" download-size="3393" install-size="3393" />
	<plugin fragment="true" id="org.eclipse.datatools.enablement.ibm.db2.luw.dbdefinition.nl_cs" unpack="false" version="3.5.0.v20090620043401" download-size="1389" install-size="1389" />
	<plugin fragment="true" id="org.eclipse.datatools.enablement.ibm.db2.luw.nl_cs" unpack="false" version="3.5.0.v20090620043401" download-size="1427" install-size="1427" />
	<plugin fragment="true" id="org.eclipse.datatools.enablement.ibm.db2.luw.ui.nl_cs" unpack="false" version="3.5.0.v20090620043401" download-size="3348" install-size="3348" />
	<plugin fragment="true" id="org.eclipse.datatools.enablement.ibm.db2.zseries.dbdefinition.nl_cs" unpack="false" version="3.5.0.v20090620043401" download-size="1395" install-size="1395" />
	<plugin fragment="true" id="org.eclipse.datatools.enablement.ibm.db2.zseries.nl_cs" unpack="false" version="3.5.0.v20090620043401" download-size="1429" install-size="1429" />
	<plugin fragment="true" id="org.eclipse.datatools.enablement.ibm.db2.zseries.ui.nl_cs" unpack="false" version="3.5.0.v20090620043401" download-size="3416" install-size="3416" />
	<plugin fragment="true" id="org.eclipse.datatools.enablement.ibm.informix.dbdefinition.nl_cs" unpack="false" version="3.5.0.v20090620043401" download-size="1408" install-size="1408" />
	<plugin fragment="true" id="org.eclipse.datatools.enablement.ibm.informix.nl_cs" unpack="false" version="3.5.0.v20090620043401" download-size="1427" install-size="1427" />
	<plugin fragment="true" id="org.eclipse.datatools.enablement.ibm.informix.ui.nl_cs" unpack="false" version="3.5.0.v20090620043401" download-size="3217" install-size="3217" />
	<plugin fragment="true" id="org.eclipse.datatools.enablement.ibm.ui.nl_cs" unpack="false" version="3.5.0.v20090620043401" download-size="2989" install-size="2989" />
	<plugin fragment="true" id="org.eclipse.datatools.enablement.ingres.dbdefinition.nl_cs" unpack="false" version="3.5.0.v20090620043401" download-size="1387" install-size="1387" />
	<plugin fragment="true" id="org.eclipse.datatools.enablement.ingres.nl_cs" unpack="false" version="3.5.0.v20090620043401" download-size="1438" install-size="1438" />
	<plugin fragment="true" id="org.eclipse.datatools.enablement.ingres.ui.nl_cs" unpack="false" version="3.5.0.v20090620043401" download-size="2878" install-size="2878" />
	<plugin fragment="true" id="org.eclipse.datatools.enablement.jdt.classpath.nl_cs" unpack="false" version="3.5.0.v20090620043401" download-size="1390" install-size="1390" />
	<plugin fragment="true" id="org.eclipse.datatools.enablement.msft.sqlserver.dbdefinition.nl_cs" unpack="false" version="3.5.0.v20090620043401" download-size="1393" install-size="1393" />
	<plugin fragment="true" id="org.eclipse.datatools.enablement.msft.sqlserver.nl_cs" unpack="false" version="3.5.0.v20090620043401" download-size="1428" install-size="1428" />
	<plugin fragment="true" id="org.eclipse.datatools.enablement.msft.sqlserver.ui.nl_cs" unpack="false" version="3.5.0.v20090620043401" download-size="3488" install-size="3488" />
	<plugin fragment="true" id="org.eclipse.datatools.enablement.mysql.dbdefinition.nl_cs" unpack="false" version="3.5.0.v20090620043401" download-size="1405" install-size="1405" />
	<plugin fragment="true" id="org.eclipse.datatools.enablement.mysql.nl_cs" unpack="false" version="3.5.0.v20090620043401" download-size="1451" install-size="1451" />
	<plugin fragment="true" id="org.eclipse.datatools.enablement.mysql.ui.nl_cs" unpack="false" version="3.5.0.v20090620043401" download-size="1377" install-size="1377" />
	<plugin fragment="true" id="org.eclipse.datatools.enablement.oda.ws.ui.nl_cs" unpack="false" version="3.5.0.v20090620043401" download-size="2998" install-size="2998" />
	<plugin fragment="true" id="org.eclipse.datatools.enablement.oda.xml.nl_cs" unpack="false" version="3.5.0.v20090620043401" download-size="3039" install-size="3039" />
	<plugin fragment="true" id="org.eclipse.datatools.enablement.oda.xml.ui.nl_cs" unpack="false" version="3.5.0.v20090620043401" download-size="3480" install-size="3480" />
	<plugin fragment="true" id="org.eclipse.datatools.enablement.oracle.dbdefinition.nl_cs" unpack="false" version="3.5.0.v20090620043401" download-size="1438" install-size="1438" />
	<plugin fragment="true" id="org.eclipse.datatools.enablement.oracle.nl_cs" unpack="false" version="3.5.0.v20090620043401" download-size="1507" install-size="1507" />
	<plugin fragment="true" id="org.eclipse.datatools.enablement.oracle.ui.nl_cs" unpack="false" version="3.5.0.v20090620043401" download-size="3051" install-size="3051" />
	<plugin fragment="true" id="org.eclipse.datatools.enablement.postgresql.dbdefinition.nl_cs" unpack="false" version="3.5.0.v20090620043401" download-size="1388" install-size="1388" />
	<plugin fragment="true" id="org.eclipse.datatools.enablement.postgresql.nl_cs" unpack="false" version="3.5.0.v20090620043401" download-size="1444" install-size="1444" />
	<plugin fragment="true" id="org.eclipse.datatools.enablement.postgresql.ui.nl_cs" unpack="false" version="3.5.0.v20090620043401" download-size="1381" install-size="1381" />
	<plugin fragment="true" id="org.eclipse.datatools.enablement.sap.maxdb.dbdefinition.nl_cs" unpack="false" version="3.5.0.v20090620043401" download-size="1370" install-size="1370" />
	<plugin fragment="true" id="org.eclipse.datatools.enablement.sap.maxdb.nl_cs" unpack="false" version="3.5.0.v20090620043401" download-size="1421" install-size="1421" />
	<plugin fragment="true" id="org.eclipse.datatools.enablement.sap.maxdb.ui.nl_cs" unpack="false" version="3.5.0.v20090620043401" download-size="1381" install-size="1381" />
	<plugin fragment="true" id="org.eclipse.datatools.enablement.sqlite.dbdefinition.nl_cs" unpack="false" version="3.5.0.v20090620043401" download-size="1386" install-size="1386" />
	<plugin fragment="true" id="org.eclipse.datatools.enablement.sqlite.nl_cs" unpack="false" version="3.5.0.v20090620043401" download-size="1431" install-size="1431" />
	<plugin fragment="true" id="org.eclipse.datatools.enablement.sqlite.ui.nl_cs" unpack="false" version="3.5.0.v20090620043401" download-size="2671" install-size="2671" />
	<plugin fragment="true" id="org.eclipse.datatools.enablement.sybase.asa.dbdefinition.nl_cs" unpack="false" version="3.5.0.v20090620043401" download-size="1391" install-size="1391" />
	<plugin fragment="true" id="org.eclipse.datatools.enablement.sybase.asa.models.nl_cs" unpack="false" version="3.5.0.v20090620043401" download-size="1383" install-size="1383" />
	<plugin fragment="true" id="org.eclipse.datatools.enablement.sybase.asa.nl_cs" unpack="false" version="3.5.0.v20090620043401" download-size="2906" install-size="2906" />
	<plugin fragment="true" id="org.eclipse.datatools.enablement.sybase.asa.schemaobjecteditor.examples.nl_cs" unpack="false" version="3.5.0.v20090620043401" download-size="15826" install-size="15826" />
	<plugin fragment="true" id="org.eclipse.datatools.enablement.sybase.asa.ui.nl_cs" unpack="false" version="3.5.0.v20090620043401" download-size="1433" install-size="1433" />
	<plugin fragment="true" id="org.eclipse.datatools.enablement.sybase.ase.dbdefinition.nl_cs" unpack="false" version="3.5.0.v20090620043401" download-size="1387" install-size="1387" />
	<plugin fragment="true" id="org.eclipse.datatools.enablement.sybase.ase.models.nl_cs" unpack="false" version="3.5.0.v20090620043401" download-size="1383" install-size="1383" />
	<plugin fragment="true" id="org.eclipse.datatools.enablement.sybase.ase.nl_cs" unpack="false" version="3.5.0.v20090620043401" download-size="2465" install-size="2465" />
	<plugin fragment="true" id="org.eclipse.datatools.enablement.sybase.ase.ui.nl_cs" unpack="false" version="3.5.0.v20090620043401" download-size="1445" install-size="1445" />
	<plugin fragment="true" id="org.eclipse.datatools.enablement.sybase.models.nl_cs" unpack="false" version="3.5.0.v20090620043401" download-size="1381" install-size="1381" />
	<plugin fragment="true" id="org.eclipse.datatools.enablement.sybase.nl_cs" unpack="false" version="3.5.0.v20090620043401" download-size="2944" install-size="2944" />
	<plugin fragment="true" id="org.eclipse.datatools.enablement.sybase.ui.nl_cs" unpack="false" version="3.5.0.v20090620043401" download-size="2914" install-size="2914" />
	<plugin fragment="true" id="org.eclipse.datatools.help.nl_cs" unpack="false" version="3.5.0.v20090620043401" download-size="1352" install-size="1352" />
	<plugin fragment="true" id="org.eclipse.datatools.modelbase.dbdefinition.nl_cs" unpack="false" version="3.5.0.v20090620043401" download-size="1380" install-size="1380" />
	<plugin fragment="true" id="org.eclipse.datatools.modelbase.derby.nl_cs" unpack="false" version="3.5.0.v20090620043401" download-size="1376" install-size="1376" />
	<plugin fragment="true" id="org.eclipse.datatools.modelbase.sql.edit.nl_cs" unpack="false" version="3.5.0.v20090620043401" download-size="2669" install-size="2669" />
	<plugin fragment="true" id="org.eclipse.datatools.modelbase.sql.nl_cs" unpack="false" version="3.5.0.v20090620043401" download-size="1375" install-size="1375" />
	<plugin fragment="true" id="org.eclipse.datatools.modelbase.sql.query.edit.nl_cs" unpack="false" version="3.5.0.v20090620043401" download-size="1746" install-size="1746" />
	<plugin fragment="true" id="org.eclipse.datatools.modelbase.sql.query.nl_cs" unpack="false" version="3.5.0.v20090620043401" download-size="1379" install-size="1379" />
	<plugin fragment="true" id="org.eclipse.datatools.modelbase.sql.xml.query.nl_cs" unpack="false" version="3.5.0.v20090620043401" download-size="1382" install-size="1382" />
	<plugin fragment="true" id="org.eclipse.datatools.sqltools.common.ui.nl_cs" unpack="false" version="3.5.0.v20090620043401" download-size="5601" install-size="5601" />
	<plugin fragment="true" id="org.eclipse.datatools.sqltools.data.core.nl_cs" unpack="false" version="3.5.0.v20090620043401" download-size="2847" install-size="2847" />
	<plugin fragment="true" id="org.eclipse.datatools.sqltools.data.ui.nl_cs" unpack="false" version="3.5.0.v20090620043401" download-size="3497" install-size="3497" />
	<plugin fragment="true" id="org.eclipse.datatools.sqltools.db.derby.nl_cs" unpack="false" version="3.5.0.v20090620043401" download-size="2628" install-size="2628" />
	<plugin fragment="true" id="org.eclipse.datatools.sqltools.db.derby.ui.nl_cs" unpack="false" version="3.5.0.v20090620043401" download-size="1384" install-size="1384" />
	<plugin fragment="true" id="org.eclipse.datatools.sqltools.db.generic.nl_cs" unpack="false" version="3.5.0.v20090620043401" download-size="2640" install-size="2640" />
	<plugin fragment="true" id="org.eclipse.datatools.sqltools.db.generic.ui.nl_cs" unpack="false" version="3.5.0.v20090620043401" download-size="1385" install-size="1385" />
	<plugin fragment="true" id="org.eclipse.datatools.sqltools.ddlgen.ui.nl_cs" unpack="false" version="3.5.0.v20090620043401" download-size="3270" install-size="3270" />
	<plugin fragment="true" id="org.eclipse.datatools.sqltools.debugger.core.nl_cs" unpack="false" version="3.5.0.v20090620043401" download-size="4530" install-size="4530" />
	<plugin fragment="true" id="org.eclipse.datatools.sqltools.debugger.core.ui.nl_cs" unpack="false" version="3.5.0.v20090620043401" download-size="3752" install-size="3752" />
	<plugin fragment="true" id="org.eclipse.datatools.sqltools.editor.core.nl_cs" unpack="false" version="3.5.0.v20090620043401" download-size="2484" install-size="2484" />
	<plugin fragment="true" id="org.eclipse.datatools.sqltools.editor.core.ui.nl_cs" unpack="false" version="3.5.0.v20090620043401" download-size="1385" install-size="1385" />
	<plugin fragment="true" id="org.eclipse.datatools.sqltools.parsers.sql.lexer.nl_cs" unpack="false" version="3.5.0.v20090620043401" download-size="1382" install-size="1382" />
	<plugin fragment="true" id="org.eclipse.datatools.sqltools.parsers.sql.nl_cs" unpack="false" version="3.5.0.v20090620043401" download-size="1377" install-size="1377" />
	<plugin fragment="true" id="org.eclipse.datatools.sqltools.parsers.sql.query.nl_cs" unpack="false" version="3.5.0.v20090620043401" download-size="2685" install-size="2685" />
	<plugin fragment="true" id="org.eclipse.datatools.sqltools.parsers.sql.xml.query.nl_cs" unpack="false" version="3.5.0.v20090620043401" download-size="1385" install-size="1385" />
	<plugin fragment="true" id="org.eclipse.datatools.sqltools.plan.nl_cs" unpack="false" version="3.5.0.v20090620043401" download-size="4155" install-size="4155" />
	<plugin fragment="true" id="org.eclipse.datatools.sqltools.result.nl_cs" unpack="false" version="3.5.0.v20090620043401" download-size="4075" install-size="4075" />
	<plugin fragment="true" id="org.eclipse.datatools.sqltools.result.ui.nl_cs" unpack="false" version="3.5.0.v20090620043401" download-size="3681" install-size="3681" />
	<plugin fragment="true" id="org.eclipse.datatools.sqltools.routineeditor.nl_cs" unpack="false" version="3.5.0.v20090620043401" download-size="5725" install-size="5725" />
	<plugin fragment="true" id="org.eclipse.datatools.sqltools.routineeditor.ui.nl_cs" unpack="false" version="3.5.0.v20090620043401" download-size="5037" install-size="5037" />
	<plugin fragment="true" id="org.eclipse.datatools.sqltools.schemaobjecteditor.nl_cs" unpack="false" version="3.5.0.v20090620043401" download-size="1388" install-size="1388" />
	<plugin fragment="true" id="org.eclipse.datatools.sqltools.schemaobjecteditor.ui.nl_cs" unpack="false" version="3.5.0.v20090620043401" download-size="5854" install-size="5854" />
	<plugin fragment="true" id="org.eclipse.datatools.sqltools.schemaobjecteditor.ui.pages.nl_cs" unpack="false" version="3.5.0.v20090620043401" download-size="3624" install-size="3624" />
	<plugin fragment="true" id="org.eclipse.datatools.sqltools.sql.nl_cs" unpack="false" version="3.5.0.v20090620043401" download-size="2628" install-size="2628" />
	<plugin fragment="true" id="org.eclipse.datatools.sqltools.sql.ui.nl_cs" unpack="false" version="3.5.0.v20090620043401" download-size="1373" install-size="1373" />
	<plugin fragment="true" id="org.eclipse.datatools.sqltools.sqlbuilder.nl_cs" unpack="false" version="3.5.0.v20090620043401" download-size="3580" install-size="3580" />
	<plugin fragment="true" id="org.eclipse.datatools.sqltools.sqleditor.nl_cs" unpack="false" version="3.5.0.v20090620043401" download-size="8530" install-size="8530" />
	<plugin fragment="true" id="org.eclipse.datatools.sqltools.sqlscrapbook.nl_cs" unpack="false" version="3.5.0.v20090620043401" download-size="4817" install-size="4817" />
	<plugin fragment="true" id="org.eclipse.datatools.sqltools.tabledataeditor.nl_cs" unpack="false" version="3.5.0.v20090620043401" download-size="1380" install-size="1380" />
</feature>