<?xml version="1.0" encoding="UTF-8" ?>
<feature
	id="org.eclipse.babel.nls_modeling.tmf_el"
	label="Babel Language Pack for modeling.tmf in Greek (41.26%)"
	image="eclipse_update_120.jpg"
	provider-name="%providerName"
	version="3.5.0.v20090620043401">
	<copyright>
		%copyright
	</copyright>
	<license url="%licenseURL">
		%license
	</license>
	<description>Babel Language Pack for modeling.tmf in Greek</description>
	<plugin fragment="true" id="org.eclipse.xtext.activities.nl_el" unpack="false" version="3.5.0.v20090620043401" download-size="1369" install-size="1369" />
	<plugin fragment="true" id="org.eclipse.xtext.bootstrap.nl_el" unpack="false" version="3.5.0.v20090620043401" download-size="1369" install-size="1369" />
	<plugin fragment="true" id="org.eclipse.xtext.doc.nl_el" unpack="false" version="3.5.0.v20090620043401" download-size="1365" install-size="1365" />
	<plugin fragment="true" id="org.eclipse.xtext.example.domainmodel.nl_el" unpack="false" version="3.5.0.v20090620043401" download-size="1380" install-size="1380" />
	<plugin fragment="true" id="org.eclipse.xtext.example.ecoredsl.nl_el" unpack="false" version="3.5.0.v20090620043401" download-size="1379" install-size="1379" />
	<plugin fragment="true" id="org.eclipse.xtext.example.fowlerdsl.nl_el" unpack="false" version="3.5.0.v20090620043401" download-size="1378" install-size="1378" />
	<plugin fragment="true" id="org.eclipse.xtext.generator.nl_el" unpack="false" version="3.5.0.v20090620043401" download-size="1368" install-size="1368" />
	<plugin fragment="true" id="org.eclipse.xtext.generator.tests.nl_el" unpack="false" version="3.5.0.v20090620043401" download-size="1376" install-size="1376" />
	<plugin fragment="true" id="org.eclipse.xtext.logging.nl_el" unpack="false" version="3.5.0.v20090620043401" download-size="1368" install-size="1368" />
	<plugin fragment="true" id="org.eclipse.xtext.nl_el" unpack="false" version="3.5.0.v20090620043401" download-size="1362" install-size="1362" />
	<plugin fragment="true" id="org.eclipse.xtext.reference.nl_el" unpack="false" version="3.5.0.v20090620043401" download-size="1373" install-size="1373" />
	<plugin fragment="true" id="org.eclipse.xtext.ui.common.nl_el" unpack="false" version="3.5.0.v20090620043401" download-size="1369" install-size="1369" />
	<plugin fragment="true" id="org.eclipse.xtext.ui.common.tests.nl_el" unpack="false" version="3.5.0.v20090620043401" download-size="1377" install-size="1377" />
	<plugin fragment="true" id="org.eclipse.xtext.ui.core.nl_el" unpack="false" version="3.5.0.v20090620043401" download-size="3378" install-size="3378" />
	<plugin fragment="true" id="org.eclipse.xtext.ui.integration.tests.nl_el" unpack="false" version="3.5.0.v20090620043401" download-size="1380" install-size="1380" />
	<plugin fragment="true" id="org.eclipse.xtext.util.nl_el" unpack="false" version="3.5.0.v20090620043401" download-size="1365" install-size="1365" />
	<plugin fragment="true" id="org.eclipse.xtext.xtend.tests.nl_el" unpack="false" version="3.5.0.v20090620043401" download-size="1374" install-size="1374" />
	<plugin fragment="true" id="org.eclipse.xtext.xtext.ui.nl_el" unpack="false" version="3.5.0.v20090620043401" download-size="2102" install-size="2102" />
</feature>