<?xml version="1.0" encoding="UTF-8" ?>
<feature
	id="org.eclipse.babel.nls_webtools.ejbtools_hu"
	label="Babel Language Pack for webtools.ejbtools in Hungarian (96.28%)"
	image="eclipse_update_120.jpg"
	provider-name="%providerName"
	version="3.5.0.v20090620043401">
	<copyright>
		%copyright
	</copyright>
	<license url="%licenseURL">
		%license
	</license>
	<description>Babel Language Pack for webtools.ejbtools in Hungarian</description>
	<plugin fragment="true" id="org.eclipse.jst.ejb.doc.user.nl_hu" unpack="false" version="3.5.0.v20090620043401" download-size="1379" install-size="1379" />
	<plugin fragment="true" id="org.eclipse.jst.ejb.ui.infopop.nl_hu" unpack="false" version="3.5.0.v20090620043401" download-size="1374" install-size="1374" />
	<plugin fragment="true" id="org.eclipse.jst.ejb.ui.nl_hu" unpack="false" version="3.5.0.v20090620043401" download-size="3936" install-size="3936" />
	<plugin fragment="true" id="org.eclipse.jst.j2ee.ejb.annotation.model.nl_hu" unpack="false" version="3.5.0.v20090620043401" download-size="3781" install-size="3781" />
	<plugin fragment="true" id="org.eclipse.jst.j2ee.ejb.annotations.emitter.nl_hu" unpack="false" version="3.5.0.v20090620043401" download-size="1385" install-size="1385" />
	<plugin fragment="true" id="org.eclipse.jst.j2ee.ejb.annotations.ui.nl_hu" unpack="false" version="3.5.0.v20090620043401" download-size="3914" install-size="3914" />
	<plugin fragment="true" id="org.eclipse.jst.j2ee.ejb.annotations.xdoclet.nl_hu" unpack="false" version="3.5.0.v20090620043401" download-size="3662" install-size="3662" />
	<plugin fragment="true" id="org.eclipse.jst.j2ee.ejb.nl_hu" unpack="false" version="3.5.0.v20090620043401" download-size="26162" install-size="26162" />
	<plugin fragment="true" id="org.eclipse.jst.jee.ejb.nl_hu" unpack="false" version="3.5.0.v20090620043401" download-size="1373" install-size="1373" />
</feature>