<?xml version="1.0" encoding="UTF-8" ?>
<feature
	id="org.eclipse.babel.nls_birt_nl"
	label="Babel Language Pack for birt in Dutch (70.39%)"
	image="eclipse_update_120.jpg"
	provider-name="%providerName"
	version="3.5.0.v20090620043401">
	<copyright>
		%copyright
	</copyright>
	<license url="%licenseURL">
		%license
	</license>
	<description>Babel Language Pack for birt in Dutch</description>
	<plugin fragment="true" id="org.eclipse.birt.chart.cshelp.nl_nl" unpack="false" version="3.5.0.v20090620043401" download-size="1506" install-size="1506" />
	<plugin fragment="true" id="org.eclipse.birt.chart.device.extension.nl_nl" unpack="false" version="3.5.0.v20090620043401" download-size="3581" install-size="3581" />
	<plugin fragment="true" id="org.eclipse.birt.chart.device.svg.nl_nl" unpack="false" version="3.5.0.v20090620043401" download-size="2897" install-size="2897" />
	<plugin fragment="true" id="org.eclipse.birt.chart.device.swt.nl_nl" unpack="false" version="3.5.0.v20090620043401" download-size="2941" install-size="2941" />
	<plugin fragment="true" id="org.eclipse.birt.chart.doc.isv.nl_nl" unpack="false" version="3.5.0.v20090620043401" download-size="1503" install-size="1503" />
	<plugin fragment="true" id="org.eclipse.birt.chart.engine.extension.nl_nl" unpack="false" version="3.5.0.v20090620043401" download-size="4373" install-size="4373" />
	<plugin fragment="true" id="org.eclipse.birt.chart.engine.nl_nl" unpack="false" version="3.5.0.v20090620043401" download-size="8277" install-size="8277" />
	<plugin fragment="true" id="org.eclipse.birt.chart.examples.nl_nl" unpack="false" version="3.5.0.v20090620043401" download-size="2481" install-size="2481" />
	<plugin fragment="true" id="org.eclipse.birt.chart.integration.wtp.ui.nl_nl" unpack="false" version="3.5.0.v20090620043401" download-size="2764" install-size="2764" />
	<plugin fragment="true" id="org.eclipse.birt.chart.reportitem.nl_nl" unpack="false" version="3.5.0.v20090620043401" download-size="3436" install-size="3436" />
	<plugin fragment="true" id="org.eclipse.birt.chart.reportitem.ui.nl_nl" unpack="false" version="3.5.0.v20090620043401" download-size="3931" install-size="3931" />
	<plugin fragment="true" id="org.eclipse.birt.chart.runtime.nl_nl" unpack="false" version="3.5.0.v20090620043401" download-size="1499" install-size="1499" />
	<plugin fragment="true" id="org.eclipse.birt.chart.ui.extension.nl_nl" unpack="false" version="3.5.0.v20090620043401" download-size="13020" install-size="13020" />
	<plugin fragment="true" id="org.eclipse.birt.chart.ui.nl_nl" unpack="false" version="3.5.0.v20090620043401" download-size="3717" install-size="3717" />
	<plugin fragment="true" id="org.eclipse.birt.core.nl_nl" unpack="false" version="3.5.0.v20090620043401" download-size="2128" install-size="2128" />
	<plugin fragment="true" id="org.eclipse.birt.core.script.function.nl_nl" unpack="false" version="3.5.0.v20090620043401" download-size="1432" install-size="1432" />
	<plugin fragment="true" id="org.eclipse.birt.core.ui.nl_nl" unpack="false" version="3.5.0.v20090620043401" download-size="2589" install-size="2589" />
	<plugin fragment="true" id="org.eclipse.birt.cshelp.nl_nl" unpack="false" version="3.5.0.v20090620043401" download-size="1497" install-size="1497" />
	<plugin fragment="true" id="org.eclipse.birt.data.aggregation.nl_nl" unpack="false" version="3.5.0.v20090620043401" download-size="2324" install-size="2324" />
	<plugin fragment="true" id="org.eclipse.birt.data.nl_nl" unpack="false" version="3.5.0.v20090620043401" download-size="7106" install-size="7106" />
	<plugin fragment="true" id="org.eclipse.birt.data.tests.nl_nl" unpack="false" version="3.5.0.v20090620043401" download-size="1383" install-size="1383" />
	<plugin fragment="true" id="org.eclipse.birt.doc.isv.nl_nl" unpack="false" version="3.5.0.v20090620043401" download-size="1496" install-size="1496" />
	<plugin fragment="true" id="org.eclipse.birt.doc.nl_nl" unpack="false" version="3.5.0.v20090620043401" download-size="1489" install-size="1489" />
	<plugin fragment="true" id="org.eclipse.birt.example.nl_nl" unpack="false" version="3.5.0.v20090620043401" download-size="1491" install-size="1491" />
	<plugin fragment="true" id="org.eclipse.birt.integration.wtp.ui.nl_nl" unpack="false" version="3.5.0.v20090620043401" download-size="2739" install-size="2739" />
	<plugin fragment="true" id="org.eclipse.birt.nl_nl" unpack="false" version="3.5.0.v20090620043401" download-size="1394" install-size="1394" />
	<plugin fragment="true" id="org.eclipse.birt.report.data.adapter.nl_nl" unpack="false" version="3.5.0.v20090620043401" download-size="2575" install-size="2575" />
	<plugin fragment="true" id="org.eclipse.birt.report.data.oda.jdbc.dbprofile.nl_nl" unpack="false" version="3.5.0.v20090620043401" download-size="1508" install-size="1508" />
	<plugin fragment="true" id="org.eclipse.birt.report.data.oda.jdbc.dbprofile.ui.nl_nl" unpack="false" version="3.5.0.v20090620043401" download-size="1402" install-size="1402" />
	<plugin fragment="true" id="org.eclipse.birt.report.data.oda.jdbc.nl_nl" unpack="false" version="3.5.0.v20090620043401" download-size="4276" install-size="4276" />
	<plugin fragment="true" id="org.eclipse.birt.report.data.oda.jdbc.ui.nl_nl" unpack="false" version="3.5.0.v20090620043401" download-size="5180" install-size="5180" />
	<plugin fragment="true" id="org.eclipse.birt.report.data.oda.sampledb.nl_nl" unpack="false" version="3.5.0.v20090620043401" download-size="1586" install-size="1586" />
	<plugin fragment="true" id="org.eclipse.birt.report.data.oda.sampledb.ui.nl_nl" unpack="false" version="3.5.0.v20090620043401" download-size="3369" install-size="3369" />
	<plugin fragment="true" id="org.eclipse.birt.report.data.oda.xml.nl_nl" unpack="false" version="3.5.0.v20090620043401" download-size="2996" install-size="2996" />
	<plugin fragment="true" id="org.eclipse.birt.report.data.oda.xml.ui.nl_nl" unpack="false" version="3.5.0.v20090620043401" download-size="1699" install-size="1699" />
	<plugin fragment="true" id="org.eclipse.birt.report.debug.core.nl_nl" unpack="false" version="3.5.0.v20090620043401" download-size="1499" install-size="1499" />
	<plugin fragment="true" id="org.eclipse.birt.report.debug.ui.nl_nl" unpack="false" version="3.5.0.v20090620043401" download-size="2735" install-size="2735" />
	<plugin fragment="true" id="org.eclipse.birt.report.designer.core.nl_nl" unpack="false" version="3.5.0.v20090620043401" download-size="32479" install-size="32479" />
	<plugin fragment="true" id="org.eclipse.birt.report.designer.nl_nl" unpack="false" version="3.5.0.v20090620043401" download-size="1496" install-size="1496" />
	<plugin fragment="true" id="org.eclipse.birt.report.designer.tests.nl_nl" unpack="false" version="3.5.0.v20090620043401" download-size="2618" install-size="2618" />
	<plugin fragment="true" id="org.eclipse.birt.report.designer.ui.cubebuilder.nl_nl" unpack="false" version="3.5.0.v20090620043401" download-size="3175" install-size="3175" />
	<plugin fragment="true" id="org.eclipse.birt.report.designer.ui.editor.script.nl_nl" unpack="false" version="3.5.0.v20090620043401" download-size="1406" install-size="1406" />
	<plugin fragment="true" id="org.eclipse.birt.report.designer.ui.editor.xml.wtp.nl_nl" unpack="false" version="3.5.0.v20090620043401" download-size="1757" install-size="1757" />
	<plugin fragment="true" id="org.eclipse.birt.report.designer.ui.editors.nl_nl" unpack="false" version="3.5.0.v20090620043401" download-size="1398" install-size="1398" />
	<plugin fragment="true" id="org.eclipse.birt.report.designer.ui.editors.schematic.nl_nl" unpack="false" version="3.5.0.v20090620043401" download-size="1492" install-size="1492" />
	<plugin fragment="true" id="org.eclipse.birt.report.designer.ui.ide.nl_nl" unpack="false" version="3.5.0.v20090620043401" download-size="1651" install-size="1651" />
	<plugin fragment="true" id="org.eclipse.birt.report.designer.ui.lib.explorer.nl_nl" unpack="false" version="3.5.0.v20090620043401" download-size="1393" install-size="1393" />
	<plugin fragment="true" id="org.eclipse.birt.report.designer.ui.lib.nl_nl" unpack="false" version="3.5.0.v20090620043401" download-size="1569" install-size="1569" />
	<plugin fragment="true" id="org.eclipse.birt.report.designer.ui.nl_nl" unpack="false" version="3.5.0.v20090620043401" download-size="1799" install-size="1799" />
	<plugin fragment="true" id="org.eclipse.birt.report.designer.ui.preview.nl_nl" unpack="false" version="3.5.0.v20090620043401" download-size="1453" install-size="1453" />
	<plugin fragment="true" id="org.eclipse.birt.report.designer.ui.preview.web.nl_nl" unpack="false" version="3.5.0.v20090620043401" download-size="1486" install-size="1486" />
	<plugin fragment="true" id="org.eclipse.birt.report.designer.ui.rcp.nl_nl" unpack="false" version="3.5.0.v20090620043401" download-size="3022" install-size="3022" />
	<plugin fragment="true" id="org.eclipse.birt.report.designer.ui.samples.ide.nl_nl" unpack="false" version="3.5.0.v20090620043401" download-size="3032" install-size="3032" />
	<plugin fragment="true" id="org.eclipse.birt.report.designer.ui.views.nl_nl" unpack="false" version="3.5.0.v20090620043401" download-size="1402" install-size="1402" />
	<plugin fragment="true" id="org.eclipse.birt.report.engine.emitter.config.html.nl_nl" unpack="false" version="3.5.0.v20090620043401" download-size="2788" install-size="2788" />
	<plugin fragment="true" id="org.eclipse.birt.report.engine.emitter.config.pdf.nl_nl" unpack="false" version="3.5.0.v20090620043401" download-size="2742" install-size="2742" />
	<plugin fragment="true" id="org.eclipse.birt.report.engine.nl_nl" unpack="false" version="3.5.0.v20090620043401" download-size="3103" install-size="3103" />
	<plugin fragment="true" id="org.eclipse.birt.report.item.crosstab.core.nl_nl" unpack="false" version="3.5.0.v20090620043401" download-size="3075" install-size="3075" />
	<plugin fragment="true" id="org.eclipse.birt.report.item.crosstab.ui.nl_nl" unpack="false" version="3.5.0.v20090620043401" download-size="4081" install-size="4081" />
	<plugin fragment="true" id="org.eclipse.birt.report.model.nl_nl" unpack="false" version="3.5.0.v20090620043401" download-size="33650" install-size="33650" />
	<plugin fragment="true" id="org.eclipse.birt.report.model.tests.nl_nl" unpack="false" version="3.5.0.v20090620043401" download-size="2312" install-size="2312" />
	<plugin fragment="true" id="org.eclipse.birt.report.runtime.nl_nl" unpack="false" version="3.5.0.v20090620043401" download-size="1495" install-size="1495" />
	<plugin fragment="true" id="org.eclipse.birt.report.viewer.nl_nl" unpack="false" version="3.5.0.v20090620043401" download-size="3438" install-size="3438" />
	<plugin fragment="true" id="org.eclipse.birt.resources.nl_nl" unpack="false" version="3.5.0.v20090620043401" download-size="1425" install-size="1425" />
	<plugin fragment="true" id="org.eclipse.birt.sdk.nl_nl" unpack="false" version="3.5.0.v20090620043401" download-size="1491" install-size="1491" />
	<plugin fragment="true" id="org.eclipse.birt.tests.data.nl_nl" unpack="false" version="3.5.0.v20090620043401" download-size="1383" install-size="1383" />
</feature>