<?xml version="1.0" encoding="UTF-8" ?>
<feature
	id="org.eclipse.babel.nls_tptp.platform_ar"
	label="Babel Language Pack for tptp.platform in Arabic (17.13%)"
	image="eclipse_update_120.jpg"
	provider-name="%providerName"
	version="3.5.0.v20090620043401">
	<copyright>
		%copyright
	</copyright>
	<license url="%licenseURL">
		%license
	</license>
	<description>Babel Language Pack for tptp.platform in Arabic</description>
	<plugin fragment="true" id="org.eclipse.hyades.analysis.engine.nl_ar" unpack="false" version="3.5.0.v20090620043401" download-size="1373" install-size="1373" />
	<plugin fragment="true" id="org.eclipse.hyades.logging.adapter.nl_ar" unpack="false" version="3.5.0.v20090620043401" download-size="3087" install-size="3087" />
	<plugin fragment="true" id="org.eclipse.hyades.logging.adapter.ui.nl_ar" unpack="false" version="3.5.0.v20090620043401" download-size="4866" install-size="4866" />
	<plugin fragment="true" id="org.eclipse.hyades.logging.parsers.nl_ar" unpack="false" version="3.5.0.v20090620043401" download-size="2470" install-size="2470" />
	<plugin fragment="true" id="org.eclipse.hyades.probekit.ui.nl_ar" unpack="false" version="3.5.0.v20090620043401" download-size="4230" install-size="4230" />
	<plugin fragment="true" id="org.eclipse.hyades.resources.database.nl_ar" unpack="false" version="3.5.0.v20090620043401" download-size="1377" install-size="1377" />
	<plugin fragment="true" id="org.eclipse.hyades.sdb.nl_ar" unpack="false" version="3.5.0.v20090620043401" download-size="6767" install-size="6767" />
	<plugin fragment="true" id="org.eclipse.hyades.statistical.ui.nl_ar" unpack="false" version="3.5.0.v20090620043401" download-size="1378" install-size="1378" />
	<plugin fragment="true" id="org.eclipse.hyades.test.core.nl_ar" unpack="false" version="3.5.0.v20090620043401" download-size="3334" install-size="3334" />
	<plugin fragment="true" id="org.eclipse.hyades.test.tools.ui.nl_ar" unpack="false" version="3.5.0.v20090620043401" download-size="3649" install-size="3649" />
	<plugin fragment="true" id="org.eclipse.hyades.test.ui.extensions.nl_ar" unpack="false" version="3.5.0.v20090620043401" download-size="2694" install-size="2694" />
	<plugin fragment="true" id="org.eclipse.hyades.test.ui.nl_ar" unpack="false" version="3.5.0.v20090620043401" download-size="9656" install-size="9656" />
	<plugin fragment="true" id="org.eclipse.hyades.trace.ui.nl_ar" unpack="false" version="3.5.0.v20090620043401" download-size="6196" install-size="6196" />
	<plugin fragment="true" id="org.eclipse.hyades.trace.views.nl_ar" unpack="false" version="3.5.0.v20090620043401" download-size="2756" install-size="2756" />
	<plugin fragment="true" id="org.eclipse.hyades.ui.nl_ar" unpack="false" version="3.5.0.v20090620043401" download-size="1399" install-size="1399" />
	<plugin fragment="true" id="org.eclipse.tptp.lta.gla.ui.epi.nl_ar" unpack="false" version="3.5.0.v20090620043401" download-size="1372" install-size="1372" />
	<plugin fragment="true" id="org.eclipse.tptp.lta.log.epi.nl_ar" unpack="false" version="3.5.0.v20090620043401" download-size="1429" install-size="1429" />
	<plugin fragment="true" id="org.eclipse.tptp.lta.runtime.nl_ar" unpack="false" version="3.5.0.v20090620043401" download-size="1371" install-size="1371" />
	<plugin fragment="true" id="org.eclipse.tptp.lta.sdb.epi.nl_ar" unpack="false" version="3.5.0.v20090620043401" download-size="1373" install-size="1373" />
	<plugin fragment="true" id="org.eclipse.tptp.lta.symptom.epi.nl_ar" unpack="false" version="3.5.0.v20090620043401" download-size="1375" install-size="1375" />
	<plugin fragment="true" id="org.eclipse.tptp.monitoring.la.core.nl_ar" unpack="false" version="3.5.0.v20090620043401" download-size="1373" install-size="1373" />
	<plugin fragment="true" id="org.eclipse.tptp.monitoring.logui.nl_ar" unpack="false" version="3.5.0.v20090620043401" download-size="2873" install-size="2873" />
	<plugin fragment="true" id="org.eclipse.tptp.monitoring.lta.doc.isv.nl_ar" unpack="false" version="3.5.0.v20090620043401" download-size="1377" install-size="1377" />
	<plugin fragment="true" id="org.eclipse.tptp.monitoring.lta.doc.user.nl_ar" unpack="false" version="3.5.0.v20090620043401" download-size="1376" install-size="1376" />
	<plugin fragment="true" id="org.eclipse.tptp.monitoring.lta.examples.isv.nl_ar" unpack="false" version="3.5.0.v20090620043401" download-size="3044" install-size="3044" />
	<plugin fragment="true" id="org.eclipse.tptp.monitoring.lta.examples.nl_ar" unpack="false" version="3.5.0.v20090620043401" download-size="2718" install-size="2718" />
	<plugin fragment="true" id="org.eclipse.tptp.monitoring.managedagent.jmx.nl_ar" unpack="false" version="3.5.0.v20090620043401" download-size="2680" install-size="2680" />
	<plugin fragment="true" id="org.eclipse.tptp.monitoring.managedagent.ui.nl_ar" unpack="false" version="3.5.0.v20090620043401" download-size="5045" install-size="5045" />
	<plugin fragment="true" id="org.eclipse.tptp.monitoring.profile.server.nl_ar" unpack="false" version="3.5.0.v20090620043401" download-size="1381" install-size="1381" />
	<plugin fragment="true" id="org.eclipse.tptp.monitoring.report.birt.nl_ar" unpack="false" version="3.5.0.v20090620043401" download-size="2628" install-size="2628" />
	<plugin fragment="true" id="org.eclipse.tptp.monitoring.symptom.doc.user.nl_ar" unpack="false" version="3.5.0.v20090620043401" download-size="1380" install-size="1380" />
	<plugin fragment="true" id="org.eclipse.tptp.monitoring.symptom.editor.nl_ar" unpack="false" version="3.5.0.v20090620043401" download-size="1377" install-size="1377" />
	<plugin fragment="true" id="org.eclipse.tptp.platform.agentcontroller.nl_ar" unpack="false" version="3.5.0.v20090620043401" download-size="2653" install-size="2653" />
	<plugin fragment="true" id="org.eclipse.tptp.platform.analysis.codereview.cpp.nl_ar" unpack="false" version="3.5.0.v20090620043401" download-size="1383" install-size="1383" />
	<plugin fragment="true" id="org.eclipse.tptp.platform.analysis.codereview.cpp.rules.nl_ar" unpack="false" version="3.5.0.v20090620043401" download-size="1514" install-size="1514" />
	<plugin fragment="true" id="org.eclipse.tptp.platform.analysis.codereview.java.nl_ar" unpack="false" version="3.5.0.v20090620043401" download-size="1443" install-size="1443" />
	<plugin fragment="true" id="org.eclipse.tptp.platform.analysis.codereview.java.rules.nl_ar" unpack="false" version="3.5.0.v20090620043401" download-size="1638" install-size="1638" />
	<plugin fragment="true" id="org.eclipse.tptp.platform.analysis.core.nl_ar" unpack="false" version="3.5.0.v20090620043401" download-size="2552" install-size="2552" />
	<plugin fragment="true" id="org.eclipse.tptp.platform.analysis.core.ui.nl_ar" unpack="false" version="3.5.0.v20090620043401" download-size="3042" install-size="3042" />
	<plugin fragment="true" id="org.eclipse.tptp.platform.common.nl_ar" unpack="false" version="3.5.0.v20090620043401" download-size="2350" install-size="2350" />
	<plugin fragment="true" id="org.eclipse.tptp.platform.common.ui.nl_ar" unpack="false" version="3.5.0.v20090620043401" download-size="5115" install-size="5115" />
	<plugin fragment="true" id="org.eclipse.tptp.platform.common.ui.trace.nl_ar" unpack="false" version="3.5.0.v20090620043401" download-size="3113" install-size="3113" />
	<plugin fragment="true" id="org.eclipse.tptp.platform.examples.isv.nl_ar" unpack="false" version="3.5.0.v20090620043401" download-size="2664" install-size="2664" />
	<plugin fragment="true" id="org.eclipse.tptp.platform.examples.nl_ar" unpack="false" version="3.5.0.v20090620043401" download-size="1413" install-size="1413" />
	<plugin fragment="true" id="org.eclipse.tptp.platform.iac.administrator.nl_ar" unpack="false" version="3.5.0.v20090620043401" download-size="3354" install-size="3354" />
	<plugin fragment="true" id="org.eclipse.tptp.platform.instrumentation.ui.nl_ar" unpack="false" version="3.5.0.v20090620043401" download-size="3357" install-size="3357" />
	<plugin fragment="true" id="org.eclipse.tptp.platform.integration.pde.nl_ar" unpack="false" version="3.5.0.v20090620043401" download-size="2786" install-size="2786" />
	<plugin fragment="true" id="org.eclipse.tptp.platform.la.core.nl_ar" unpack="false" version="3.5.0.v20090620043401" download-size="2672" install-size="2672" />
	<plugin fragment="true" id="org.eclipse.tptp.platform.llc.core.nl_ar" unpack="false" version="3.5.0.v20090620043401" download-size="1373" install-size="1373" />
	<plugin fragment="true" id="org.eclipse.tptp.platform.llc.doc.user.nl_ar" unpack="false" version="3.5.0.v20090620043401" download-size="1377" install-size="1377" />
	<plugin fragment="true" id="org.eclipse.tptp.platform.llc.launch.nl_ar" unpack="false" version="3.5.0.v20090620043401" download-size="2875" install-size="2875" />
	<plugin fragment="true" id="org.eclipse.tptp.platform.llc.ui.nl_ar" unpack="false" version="3.5.0.v20090620043401" download-size="1372" install-size="1372" />
	<plugin fragment="true" id="org.eclipse.tptp.platform.log.doc.user.nl_ar" unpack="false" version="3.5.0.v20090620043401" download-size="1376" install-size="1376" />
	<plugin fragment="true" id="org.eclipse.tptp.platform.log.views.nl_ar" unpack="false" version="3.5.0.v20090620043401" download-size="3959" install-size="3959" />
	<plugin fragment="true" id="org.eclipse.tptp.platform.lta.common.nl_ar" unpack="false" version="3.5.0.v20090620043401" download-size="2439" install-size="2439" />
	<plugin fragment="true" id="org.eclipse.tptp.platform.models.lta.nl_ar" unpack="false" version="3.5.0.v20090620043401" download-size="1374" install-size="1374" />
	<plugin fragment="true" id="org.eclipse.tptp.platform.models.nl_ar" unpack="false" version="3.5.0.v20090620043401" download-size="3231" install-size="3231" />
	<plugin fragment="true" id="org.eclipse.tptp.platform.probekit.launch.nl_ar" unpack="false" version="3.5.0.v20090620043401" download-size="3801" install-size="3801" />
	<plugin fragment="true" id="org.eclipse.tptp.platform.report.birt.nl_ar" unpack="false" version="3.5.0.v20090620043401" download-size="1405" install-size="1405" />
	<plugin fragment="true" id="org.eclipse.tptp.platform.report.birt.ui.nl_ar" unpack="false" version="3.5.0.v20090620043401" download-size="2536" install-size="2536" />
	<plugin fragment="true" id="org.eclipse.tptp.platform.report.core.nl_ar" unpack="false" version="3.5.0.v20090620043401" download-size="1503" install-size="1503" />
	<plugin fragment="true" id="org.eclipse.tptp.platform.report.ui.nl_ar" unpack="false" version="3.5.0.v20090620043401" download-size="1517" install-size="1517" />
	<plugin fragment="true" id="org.eclipse.tptp.test.auto.gui.nl_ar" unpack="false" version="3.5.0.v20090620043401" download-size="2916" install-size="2916" />
	<plugin fragment="true" id="org.eclipse.tptp.test.auto.nl_ar" unpack="false" version="3.5.0.v20090620043401" download-size="1368" install-size="1368" />
	<plugin fragment="true" id="org.eclipse.tptp.test.recorders.url.nl_ar" unpack="false" version="3.5.0.v20090620043401" download-size="4787" install-size="4787" />
	<plugin fragment="true" id="org.eclipse.tptp.test.report.birt.nl_ar" unpack="false" version="3.5.0.v20090620043401" download-size="3444" install-size="3444" />
	<plugin fragment="true" id="org.eclipse.tptp.test.samples.nl_ar" unpack="false" version="3.5.0.v20090620043401" download-size="2938" install-size="2938" />
	<plugin fragment="true" id="org.eclipse.tptp.test.tools.junit.plugin.nl_ar" unpack="false" version="3.5.0.v20090620043401" download-size="3243" install-size="3243" />
	<plugin fragment="true" id="org.eclipse.tptp.test.tools.manual.doc.user.nl_ar" unpack="false" version="3.5.0.v20090620043401" download-size="1378" install-size="1378" />
	<plugin fragment="true" id="org.eclipse.tptp.test.tools.manual.nl_ar" unpack="false" version="3.5.0.v20090620043401" download-size="4170" install-size="4170" />
	<plugin fragment="true" id="org.eclipse.tptp.trace.arm.nl_ar" unpack="false" version="3.5.0.v20090620043401" download-size="1404" install-size="1404" />
	<plugin fragment="true" id="org.eclipse.tptp.trace.arm.ui.nl_ar" unpack="false" version="3.5.0.v20090620043401" download-size="2526" install-size="2526" />
	<plugin fragment="true" id="org.eclipse.tptp.trace.jvmti.client.nl_ar" unpack="false" version="3.5.0.v20090620043401" download-size="2794" install-size="2794" />
	<plugin fragment="true" id="org.eclipse.tptp.trace.memory.nl_ar" unpack="false" version="3.5.0.v20090620043401" download-size="1373" install-size="1373" />
	<plugin fragment="true" id="org.eclipse.tptp.trace.report.birt.nl_ar" unpack="false" version="3.5.0.v20090620043401" download-size="2518" install-size="2518" />
</feature>