<?xml version="1.0" encoding="UTF-8" ?>
<feature
	id="org.eclipse.babel.nls_modeling.m2t_fr"
	label="Babel Language Pack for modeling.m2t in French (16.74%)"
	image="eclipse_update_120.jpg"
	provider-name="%providerName"
	version="3.5.0.v20090620043401">
	<copyright>
		%copyright
	</copyright>
	<license url="%licenseURL">
		%license
	</license>
	<description>Babel Language Pack for modeling.m2t in French</description>
	<plugin fragment="true" id="org.eclipse.acceleo.common.nl_fr" unpack="false" version="3.5.0.v20090620043401" download-size="2352" install-size="2352" />
	<plugin fragment="true" id="org.eclipse.acceleo.engine.nl_fr" unpack="false" version="3.5.0.v20090620043401" download-size="2215" install-size="2215" />
	<plugin fragment="true" id="org.eclipse.acceleo.ide.ui.nl_fr" unpack="false" version="3.5.0.v20090620043401" download-size="2782" install-size="2782" />
	<plugin fragment="true" id="org.eclipse.acceleo.model.nl_fr" unpack="false" version="3.5.0.v20090620043401" download-size="1367" install-size="1367" />
	<plugin fragment="true" id="org.eclipse.acceleo.parser.nl_fr" unpack="false" version="3.5.0.v20090620043401" download-size="2292" install-size="2292" />
</feature>