<?xml version="1.0" encoding="UTF-8" ?>
<feature
	id="org.eclipse.babel.nls_tools.gef_fi"
	label="Babel Language Pack for tools.gef in Finnish (60.61%)"
	image="eclipse_update_120.jpg"
	provider-name="%providerName"
	version="3.5.0.v20090620043401">
	<copyright>
		%copyright
	</copyright>
	<license url="%licenseURL">
		%license
	</license>
	<description>Babel Language Pack for tools.gef in Finnish</description>
	<plugin fragment="true" id="org.eclipse.draw2d.doc.isv.nl_fi" unpack="false" version="3.5.0.v20090620043401" download-size="1397" install-size="1397" />
	<plugin fragment="true" id="org.eclipse.draw2d.nl_fi" unpack="false" version="3.5.0.v20090620043401" download-size="1710" install-size="1710" />
	<plugin fragment="true" id="org.eclipse.draw2d.test.nl_fi" unpack="false" version="3.5.0.v20090620043401" download-size="1373" install-size="1373" />
	<plugin fragment="true" id="org.eclipse.gef.doc.isv.nl_fi" unpack="false" version="3.5.0.v20090620043401" download-size="1495" install-size="1495" />
	<plugin fragment="true" id="org.eclipse.gef.examples.flow.nl_fi" unpack="false" version="3.5.0.v20090620043401" download-size="1377" install-size="1377" />
	<plugin fragment="true" id="org.eclipse.gef.examples.logic.nl_fi" unpack="false" version="3.5.0.v20090620043401" download-size="2709" install-size="2709" />
	<plugin fragment="true" id="org.eclipse.gef.examples.shapes.nl_fi" unpack="false" version="3.5.0.v20090620043401" download-size="1377" install-size="1377" />
	<plugin fragment="true" id="org.eclipse.gef.examples.text.nl_fi" unpack="false" version="3.5.0.v20090620043401" download-size="1376" install-size="1376" />
	<plugin fragment="true" id="org.eclipse.gef.examples.ui.pde.nl_fi" unpack="false" version="3.5.0.v20090620043401" download-size="1377" install-size="1377" />
	<plugin fragment="true" id="org.eclipse.gef.nl_fi" unpack="false" version="3.5.0.v20090620043401" download-size="4795" install-size="4795" />
	<plugin fragment="true" id="org.eclipse.gef.test.nl_fi" unpack="false" version="3.5.0.v20090620043401" download-size="1369" install-size="1369" />
	<plugin fragment="true" id="org.eclipse.zest.core.nl_fi" unpack="false" version="3.5.0.v20090620043401" download-size="2218" install-size="2218" />
	<plugin fragment="true" id="org.eclipse.zest.layouts.nl_fi" unpack="false" version="3.5.0.v20090620043401" download-size="1373" install-size="1373" />
</feature>