<?xml version="1.0" encoding="UTF-8" ?>
<feature
	id="org.eclipse.babel.nls_technology.packaging_nl"
	label="Babel Language Pack for technology.packaging in Dutch (11.11%)"
	image="eclipse_update_120.jpg"
	provider-name="%providerName"
	version="3.5.0.v20090620043401">
	<copyright>
		%copyright
	</copyright>
	<license url="%licenseURL">
		%license
	</license>
	<description>Babel Language Pack for technology.packaging in Dutch</description>
	<plugin fragment="true" id="org.eclipse.epp.usagedata.gathering.nl_nl" unpack="false" version="3.5.0.v20090620043401" download-size="1377" install-size="1377" />
	<plugin fragment="true" id="org.eclipse.epp.usagedata.recording.nl_nl" unpack="false" version="3.5.0.v20090620043401" download-size="1377" install-size="1377" />
	<plugin fragment="true" id="org.eclipse.epp.usagedata.ui.nl_nl" unpack="false" version="3.5.0.v20090620043401" download-size="3079" install-size="3079" />
</feature>