<?xml version="1.0" encoding="UTF-8" ?>
<feature
	id="org.eclipse.babel.nls_rt.equinox_fi"
	label="Babel Language Pack for rt.equinox in Finnish (20.56%)"
	image="eclipse_update_120.jpg"
	provider-name="%providerName"
	version="3.5.0.v20090620043401">
	<copyright>
		%copyright
	</copyright>
	<license url="%licenseURL">
		%license
	</license>
	<description>Babel Language Pack for rt.equinox in Finnish</description>
	<plugin fragment="true" id="org.eclipse.core.resources.jmx.nl_fi" unpack="false" version="3.5.0.v20090620043401" download-size="2175" install-size="2175" />
	<plugin fragment="true" id="org.eclipse.equinox.frameworkadmin.equinox.nl_fi" unpack="false" version="3.5.0.v20090620043401" download-size="1377" install-size="1377" />
	<plugin fragment="true" id="org.eclipse.equinox.frameworkadmin.nl_fi" unpack="false" version="3.5.0.v20090620043401" download-size="1375" install-size="1375" />
	<plugin fragment="true" id="org.eclipse.equinox.initializer.nl_fi" unpack="false" version="3.5.0.v20090620043401" download-size="1380" install-size="1380" />
	<plugin fragment="true" id="org.eclipse.equinox.jmx.client.nl_fi" unpack="false" version="3.5.0.v20090620043401" download-size="3823" install-size="3823" />
	<plugin fragment="true" id="org.eclipse.equinox.jmx.vm.nl_fi" unpack="false" version="3.5.0.v20090620043401" download-size="2207" install-size="2207" />
	<plugin fragment="true" id="org.eclipse.equinox.p2.artifact.repository.nl_fi" unpack="false" version="3.5.0.v20090620043401" download-size="2631" install-size="2631" />
	<plugin fragment="true" id="org.eclipse.equinox.p2.console.nl_fi" unpack="false" version="3.5.0.v20090620043401" download-size="1372" install-size="1372" />
	<plugin fragment="true" id="org.eclipse.equinox.p2.core.nl_fi" unpack="false" version="3.5.0.v20090620043401" download-size="1370" install-size="1370" />
	<plugin fragment="true" id="org.eclipse.equinox.p2.director.app.nl_fi" unpack="false" version="3.5.0.v20090620043401" download-size="1374" install-size="1374" />
	<plugin fragment="true" id="org.eclipse.equinox.p2.director.nl_fi" unpack="false" version="3.5.0.v20090620043401" download-size="2434" install-size="2434" />
	<plugin fragment="true" id="org.eclipse.equinox.p2.directorywatcher.nl_fi" unpack="false" version="3.5.0.v20090620043401" download-size="1378" install-size="1378" />
	<plugin fragment="true" id="org.eclipse.equinox.p2.engine.nl_fi" unpack="false" version="3.5.0.v20090620043401" download-size="2868" install-size="2868" />
	<plugin fragment="true" id="org.eclipse.equinox.p2.exemplarysetup.nl_fi" unpack="false" version="3.5.0.v20090620043401" download-size="1377" install-size="1377" />
	<plugin fragment="true" id="org.eclipse.equinox.p2.extensionlocation.nl_fi" unpack="false" version="3.5.0.v20090620043401" download-size="1378" install-size="1378" />
	<plugin fragment="true" id="org.eclipse.equinox.p2.garbagecollector.nl_fi" unpack="false" version="3.5.0.v20090620043401" download-size="1378" install-size="1378" />
	<plugin fragment="true" id="org.eclipse.equinox.p2.installer.nl_fi" unpack="false" version="3.5.0.v20090620043401" download-size="2779" install-size="2779" />
	<plugin fragment="true" id="org.eclipse.equinox.p2.jarprocessor.nl_fi" unpack="false" version="3.5.0.v20090620043401" download-size="1375" install-size="1375" />
	<plugin fragment="true" id="org.eclipse.equinox.p2.metadata.generator.nl_fi" unpack="false" version="3.5.0.v20090620043401" download-size="3764" install-size="3764" />
	<plugin fragment="true" id="org.eclipse.equinox.p2.metadata.nl_fi" unpack="false" version="3.5.0.v20090620043401" download-size="1373" install-size="1373" />
	<plugin fragment="true" id="org.eclipse.equinox.p2.metadata.repository.nl_fi" unpack="false" version="3.5.0.v20090620043401" download-size="2629" install-size="2629" />
	<plugin fragment="true" id="org.eclipse.equinox.p2.publisher.nl_fi" unpack="false" version="3.5.0.v20090620043401" download-size="2453" install-size="2453" />
	<plugin fragment="true" id="org.eclipse.equinox.p2.reconciler.dropins.nl_fi" unpack="false" version="3.5.0.v20090620043401" download-size="1378" install-size="1378" />
	<plugin fragment="true" id="org.eclipse.equinox.p2.repository.nl_fi" unpack="false" version="3.5.0.v20090620043401" download-size="2945" install-size="2945" />
	<plugin fragment="true" id="org.eclipse.equinox.p2.repository.tools.nl_fi" unpack="false" version="3.5.0.v20090620043401" download-size="3447" install-size="3447" />
	<plugin fragment="true" id="org.eclipse.equinox.p2.selfhosting.nl_fi" unpack="false" version="3.5.0.v20090620043401" download-size="1374" install-size="1374" />
	<plugin fragment="true" id="org.eclipse.equinox.p2.tests.nl_fi" unpack="false" version="3.5.0.v20090620043401" download-size="1831" install-size="1831" />
	<plugin fragment="true" id="org.eclipse.equinox.p2.tests.ui.nl_fi" unpack="false" version="3.5.0.v20090620043401" download-size="1372" install-size="1372" />
	<plugin fragment="true" id="org.eclipse.equinox.p2.tools.nl_fi" unpack="false" version="3.5.0.v20090620043401" download-size="1371" install-size="1371" />
	<plugin fragment="true" id="org.eclipse.equinox.p2.touchpoint.eclipse.nl_fi" unpack="false" version="3.5.0.v20090620043401" download-size="1375" install-size="1375" />
	<plugin fragment="true" id="org.eclipse.equinox.p2.touchpoint.natives.nl_fi" unpack="false" version="3.5.0.v20090620043401" download-size="1378" install-size="1378" />
	<plugin fragment="true" id="org.eclipse.equinox.p2.ui.admin.nl_fi" unpack="false" version="3.5.0.v20090620043401" download-size="2790" install-size="2790" />
	<plugin fragment="true" id="org.eclipse.equinox.p2.ui.admin.rcp.nl_fi" unpack="false" version="3.5.0.v20090620043401" download-size="2776" install-size="2776" />
	<plugin fragment="true" id="org.eclipse.equinox.p2.ui.nl_fi" unpack="false" version="3.5.0.v20090620043401" download-size="3332" install-size="3332" />
	<plugin fragment="true" id="org.eclipse.equinox.p2.ui.sdk.nl_fi" unpack="false" version="3.5.0.v20090620043401" download-size="2676" install-size="2676" />
	<plugin fragment="true" id="org.eclipse.equinox.p2.ui.sdk.scheduler.nl_fi" unpack="false" version="3.5.0.v20090620043401" download-size="3220" install-size="3220" />
	<plugin fragment="true" id="org.eclipse.equinox.p2.updatechecker.nl_fi" unpack="false" version="3.5.0.v20090620043401" download-size="1359" install-size="1359" />
	<plugin fragment="true" id="org.eclipse.equinox.p2.updatesite.nl_fi" unpack="false" version="3.5.0.v20090620043401" download-size="2975" install-size="2975" />
	<plugin fragment="true" id="org.eclipse.equinox.preferences.jmx.nl_fi" unpack="false" version="3.5.0.v20090620043401" download-size="2237" install-size="2237" />
	<plugin fragment="true" id="org.eclipse.equinox.simpleconfigurator.manipulator.nl_fi" unpack="false" version="3.5.0.v20090620043401" download-size="1367" install-size="1367" />
	<plugin fragment="true" id="org.eclipse.equinox.simpleconfigurator.nl_fi" unpack="false" version="3.5.0.v20090620043401" download-size="1360" install-size="1360" />
	<plugin fragment="true" id="org.eclipse.osgi.jmx.nl_fi" unpack="false" version="3.5.0.v20090620043401" download-size="2315" install-size="2315" />
	<plugin fragment="true" id="org.eclipse.swt.jmx.nl_fi" unpack="false" version="3.5.0.v20090620043401" download-size="1975" install-size="1975" />
</feature>