<?xml version="1.0" encoding="UTF-8" ?>
<feature
	id="org.eclipse.babel.nls_eclipse_ja"
	label="Babel Language Pack for eclipse in Japanese (92.98%)"
	image="eclipse_update_120.jpg"
	provider-name="%providerName"
	version="3.5.0.v20090620043401">
	<copyright>
		%copyright
	</copyright>
	<license url="%licenseURL">
		%license
	</license>
	<description>Babel Language Pack for eclipse in Japanese</description>
	<plugin fragment="true" id="org.eclipse.ant.core.nl_ja" unpack="false" version="3.5.0.v20090620043401" download-size="5003" install-size="5003" />
	<plugin fragment="true" id="org.eclipse.ant.tests.core.nl_ja" unpack="false" version="3.5.0.v20090620043401" download-size="1676" install-size="1676" />
	<plugin fragment="true" id="org.eclipse.ant.tests.ui.nl_ja" unpack="false" version="3.5.0.v20090620043401" download-size="1413" install-size="1413" />
	<plugin fragment="true" id="org.eclipse.ant.ui.nl_ja" unpack="false" version="3.5.0.v20090620043401" download-size="27443" install-size="27443" />
	<plugin fragment="true" id="org.eclipse.compare.core.nl_ja" unpack="false" version="3.5.0.v20090620043401" download-size="2442" install-size="2442" />
	<plugin fragment="true" id="org.eclipse.compare.examples.nl_ja" unpack="false" version="3.5.0.v20090620043401" download-size="2394" install-size="2394" />
	<plugin fragment="true" id="org.eclipse.compare.examples.xml.nl_ja" unpack="false" version="3.5.0.v20090620043401" download-size="2904" install-size="2904" />
	<plugin fragment="true" id="org.eclipse.compare.nl_ja" unpack="false" version="3.5.0.v20090620043401" download-size="15689" install-size="15689" />
	<plugin fragment="true" id="org.eclipse.compare.tests.nl_ja" unpack="false" version="3.5.0.v20090620043401" download-size="1639" install-size="1639" />
	<plugin fragment="true" id="org.eclipse.compare.win32.nl_ja" unpack="false" version="3.5.0.v20090620043401" download-size="2562" install-size="2562" />
	<plugin fragment="true" id="org.eclipse.core.boot.nl_ja" unpack="false" version="3.5.0.v20090620043401" download-size="1399" install-size="1399" />
	<plugin fragment="true" id="org.eclipse.core.commands.nl_ja" unpack="false" version="3.5.0.v20090620043401" download-size="1394" install-size="1394" />
	<plugin fragment="true" id="org.eclipse.core.contenttype.nl_ja" unpack="false" version="3.5.0.v20090620043401" download-size="2775" install-size="2775" />
	<plugin fragment="true" id="org.eclipse.core.databinding.beans.nl_ja" unpack="false" version="3.5.0.v20090620043401" download-size="1429" install-size="1429" />
	<plugin fragment="true" id="org.eclipse.core.databinding.nl_ja" unpack="false" version="3.5.0.v20090620043401" download-size="2887" install-size="2887" />
	<plugin fragment="true" id="org.eclipse.core.databinding.observable.nl_ja" unpack="false" version="3.5.0.v20090620043401" download-size="1378" install-size="1378" />
	<plugin fragment="true" id="org.eclipse.core.databinding.property.nl_ja" unpack="false" version="3.5.0.v20090620043401" download-size="1424" install-size="1424" />
	<plugin fragment="true" id="org.eclipse.core.expressions.nl_ja" unpack="false" version="3.5.0.v20090620043401" download-size="3140" install-size="3140" />
	<plugin fragment="true" id="org.eclipse.core.expressions.tests.nl_ja" unpack="false" version="3.5.0.v20090620043401" download-size="1433" install-size="1433" />
	<plugin fragment="true" id="org.eclipse.core.filebuffers.nl_ja" unpack="false" version="3.5.0.v20090620043401" download-size="4424" install-size="4424" />
	<plugin fragment="true" id="org.eclipse.core.filebuffers.tests.nl_ja" unpack="false" version="3.5.0.v20090620043401" download-size="1432" install-size="1432" />
	<plugin fragment="true" id="org.eclipse.core.filesystem.nl_ja" unpack="false" version="3.5.0.v20090620043401" download-size="3162" install-size="3162" />
	<plugin fragment="true" id="org.eclipse.core.jobs.nl_ja" unpack="false" version="3.5.0.v20090620043401" download-size="2454" install-size="2454" />
	<plugin fragment="true" id="org.eclipse.core.net.linux.x86.nl_ja" unpack="false" version="3.5.0.v20090620043401" download-size="1411" install-size="1411" />
	<plugin fragment="true" id="org.eclipse.core.net.nl_ja" unpack="false" version="3.5.0.v20090620043401" download-size="2283" install-size="2283" />
	<plugin fragment="true" id="org.eclipse.core.net.win32.x86.nl_ja" unpack="false" version="3.5.0.v20090620043401" download-size="1419" install-size="1419" />
	<plugin fragment="true" id="org.eclipse.core.resources.nl_ja" unpack="false" version="3.5.0.v20090620043401" download-size="10292" install-size="10292" />
	<plugin fragment="true" id="org.eclipse.core.runtime.compatibility.auth.nl_ja" unpack="false" version="3.5.0.v20090620043401" download-size="2804" install-size="2804" />
	<plugin fragment="true" id="org.eclipse.core.runtime.compatibility.nl_ja" unpack="false" version="3.5.0.v20090620043401" download-size="2541" install-size="2541" />
	<plugin fragment="true" id="org.eclipse.core.runtime.nl_ja" unpack="false" version="3.5.0.v20090620043401" download-size="4180" install-size="4180" />
	<plugin fragment="true" id="org.eclipse.core.variables.nl_ja" unpack="false" version="3.5.0.v20090620043401" download-size="2613" install-size="2613" />
	<plugin fragment="true" id="org.eclipse.cvs.nl_ja" unpack="false" version="3.5.0.v20090620043401" download-size="1403" install-size="1403" />
	<plugin fragment="true" id="org.eclipse.debug.core.nl_ja" unpack="false" version="3.5.0.v20090620043401" download-size="7670" install-size="7670" />
	<plugin fragment="true" id="org.eclipse.debug.examples.ui.nl_ja" unpack="false" version="3.5.0.v20090620043401" download-size="2408" install-size="2408" />
	<plugin fragment="true" id="org.eclipse.debug.ui.nl_ja" unpack="false" version="3.5.0.v20090620043401" download-size="37845" install-size="37845" />
	<plugin fragment="true" id="org.eclipse.equinox.app.nl_ja" unpack="false" version="3.5.0.v20090620043401" download-size="2974" install-size="2974" />
	<plugin fragment="true" id="org.eclipse.equinox.cm.nl_ja" unpack="false" version="3.5.0.v20090620043401" download-size="1399" install-size="1399" />
	<plugin fragment="true" id="org.eclipse.equinox.common.nl_ja" unpack="false" version="3.5.0.v20090620043401" download-size="3441" install-size="3441" />
	<plugin fragment="true" id="org.eclipse.equinox.concurrent.nl_ja" unpack="false" version="3.5.0.v20090620043401" download-size="1373" install-size="1373" />
	<plugin fragment="true" id="org.eclipse.equinox.device.nl_ja" unpack="false" version="3.5.0.v20090620043401" download-size="3224" install-size="3224" />
	<plugin fragment="true" id="org.eclipse.equinox.ds.nl_ja" unpack="false" version="3.5.0.v20090620043401" download-size="1368" install-size="1368" />
	<plugin fragment="true" id="org.eclipse.equinox.event.nl_ja" unpack="false" version="3.5.0.v20090620043401" download-size="3059" install-size="3059" />
	<plugin fragment="true" id="org.eclipse.equinox.http.jetty5.nl_ja" unpack="false" version="3.5.0.v20090620043401" download-size="1456" install-size="1456" />
	<plugin fragment="true" id="org.eclipse.equinox.http.jetty6.nl_ja" unpack="false" version="3.5.0.v20090620043401" download-size="1456" install-size="1456" />
	<plugin fragment="true" id="org.eclipse.equinox.http.nl_ja" unpack="false" version="3.5.0.v20090620043401" download-size="4415" install-size="4415" />
	<plugin fragment="true" id="org.eclipse.equinox.http.registry.nl_ja" unpack="false" version="3.5.0.v20090620043401" download-size="1476" install-size="1476" />
	<plugin fragment="true" id="org.eclipse.equinox.http.servlet.nl_ja" unpack="false" version="3.5.0.v20090620043401" download-size="1421" install-size="1421" />
	<plugin fragment="true" id="org.eclipse.equinox.http.servletbridge.nl_ja" unpack="false" version="3.5.0.v20090620043401" download-size="1419" install-size="1419" />
	<plugin fragment="true" id="org.eclipse.equinox.io.nl_ja" unpack="false" version="3.5.0.v20090620043401" download-size="1367" install-size="1367" />
	<plugin fragment="true" id="org.eclipse.equinox.ip.nl_ja" unpack="false" version="3.5.0.v20090620043401" download-size="1368" install-size="1368" />
	<plugin fragment="true" id="org.eclipse.equinox.jsp.jasper.nl_ja" unpack="false" version="3.5.0.v20090620043401" download-size="1373" install-size="1373" />
	<plugin fragment="true" id="org.eclipse.equinox.jsp.jasper.registry.nl_ja" unpack="false" version="3.5.0.v20090620043401" download-size="1378" install-size="1378" />
	<plugin fragment="true" id="org.eclipse.equinox.launcher.carbon.macosx.nl_ja" unpack="false" version="3.5.0.v20090620043401" download-size="1465" install-size="1465" />
	<plugin fragment="true" id="org.eclipse.equinox.launcher.cocoa.macosx.nl_ja" unpack="false" version="3.5.0.v20090620043401" download-size="1409" install-size="1409" />
	<plugin fragment="true" id="org.eclipse.equinox.launcher.gtk.linux.ppc.nl_ja" unpack="false" version="3.5.0.v20090620043401" download-size="1466" install-size="1466" />
	<plugin fragment="true" id="org.eclipse.equinox.launcher.gtk.linux.s390.nl_ja" unpack="false" version="3.5.0.v20090620043401" download-size="1468" install-size="1468" />
	<plugin fragment="true" id="org.eclipse.equinox.launcher.gtk.linux.s390x.nl_ja" unpack="false" version="3.5.0.v20090620043401" download-size="1471" install-size="1471" />
	<plugin fragment="true" id="org.eclipse.equinox.launcher.gtk.linux.x86.nl_ja" unpack="false" version="3.5.0.v20090620043401" download-size="1466" install-size="1466" />
	<plugin fragment="true" id="org.eclipse.equinox.launcher.gtk.solaris.sparc.nl_ja" unpack="false" version="3.5.0.v20090620043401" download-size="1426" install-size="1426" />
	<plugin fragment="true" id="org.eclipse.equinox.launcher.gtk.solaris.x86.nl_ja" unpack="false" version="3.5.0.v20090620043401" download-size="1473" install-size="1473" />
	<plugin fragment="true" id="org.eclipse.equinox.launcher.motif.aix.ppc.nl_ja" unpack="false" version="3.5.0.v20090620043401" download-size="1412" install-size="1412" />
	<plugin fragment="true" id="org.eclipse.equinox.launcher.motif.linux.x86.nl_ja" unpack="false" version="3.5.0.v20090620043401" download-size="1418" install-size="1418" />
	<plugin fragment="true" id="org.eclipse.equinox.launcher.motif.solaris.sparc.nl_ja" unpack="false" version="3.5.0.v20090620043401" download-size="1491" install-size="1491" />
	<plugin fragment="true" id="org.eclipse.equinox.launcher.nl_ja" unpack="false" version="3.5.0.v20090620043401" download-size="1411" install-size="1411" />
	<plugin fragment="true" id="org.eclipse.equinox.launcher.win32.win32.ia64.nl_ja" unpack="false" version="3.5.0.v20090620043401" download-size="1474" install-size="1474" />
	<plugin fragment="true" id="org.eclipse.equinox.launcher.win32.win32.x86.nl_ja" unpack="false" version="3.5.0.v20090620043401" download-size="1468" install-size="1468" />
	<plugin fragment="true" id="org.eclipse.equinox.launcher.wpf.win32.x86.nl_ja" unpack="false" version="3.5.0.v20090620043401" download-size="1471" install-size="1471" />
	<plugin fragment="true" id="org.eclipse.equinox.log.nl_ja" unpack="false" version="3.5.0.v20090620043401" download-size="1368" install-size="1368" />
	<plugin fragment="true" id="org.eclipse.equinox.metatype.nl_ja" unpack="false" version="3.5.0.v20090620043401" download-size="2929" install-size="2929" />
	<plugin fragment="true" id="org.eclipse.equinox.preferences.nl_ja" unpack="false" version="3.5.0.v20090620043401" download-size="3229" install-size="3229" />
	<plugin fragment="true" id="org.eclipse.equinox.registry.nl_ja" unpack="false" version="3.5.0.v20090620043401" download-size="3922" install-size="3922" />
	<plugin fragment="true" id="org.eclipse.equinox.security.nl_ja" unpack="false" version="3.5.0.v20090620043401" download-size="5104" install-size="5104" />
	<plugin fragment="true" id="org.eclipse.equinox.security.ui.nl_ja" unpack="false" version="3.5.0.v20090620043401" download-size="8493" install-size="8493" />
	<plugin fragment="true" id="org.eclipse.equinox.servletbridge.nl_ja" unpack="false" version="3.5.0.v20090620043401" download-size="1375" install-size="1375" />
	<plugin fragment="true" id="org.eclipse.equinox.transforms.xslt.nl_ja" unpack="false" version="3.5.0.v20090620043401" download-size="1423" install-size="1423" />
	<plugin fragment="true" id="org.eclipse.equinox.useradmin.nl_ja" unpack="false" version="3.5.0.v20090620043401" download-size="3321" install-size="3321" />
	<plugin fragment="true" id="org.eclipse.equinox.util.nl_ja" unpack="false" version="3.5.0.v20090620043401" download-size="1369" install-size="1369" />
	<plugin fragment="true" id="org.eclipse.equinox.wireadmin.nl_ja" unpack="false" version="3.5.0.v20090620043401" download-size="1373" install-size="1373" />
	<plugin fragment="true" id="org.eclipse.help.appserver.nl_ja" unpack="false" version="3.5.0.v20090620043401" download-size="2656" install-size="2656" />
	<plugin fragment="true" id="org.eclipse.help.base.nl_ja" unpack="false" version="3.5.0.v20090620043401" download-size="4480" install-size="4480" />
	<plugin fragment="true" id="org.eclipse.help.nl_ja" unpack="false" version="3.5.0.v20090620043401" download-size="1535" install-size="1535" />
	<plugin fragment="true" id="org.eclipse.help.ui.nl_ja" unpack="false" version="3.5.0.v20090620043401" download-size="6132" install-size="6132" />
	<plugin fragment="true" id="org.eclipse.help.webapp.nl_ja" unpack="false" version="3.5.0.v20090620043401" download-size="5207" install-size="5207" />
	<plugin fragment="true" id="org.eclipse.jdt.apt.core.nl_ja" unpack="false" version="3.5.0.v20090620043401" download-size="4018" install-size="4018" />
	<plugin fragment="true" id="org.eclipse.jdt.apt.pluggable.core.nl_ja" unpack="false" version="3.5.0.v20090620043401" download-size="1472" install-size="1472" />
	<plugin fragment="true" id="org.eclipse.jdt.apt.pluggable.tests.nl_ja" unpack="false" version="3.5.0.v20090620043401" download-size="1420" install-size="1420" />
	<plugin fragment="true" id="org.eclipse.jdt.apt.tests.nl_ja" unpack="false" version="3.5.0.v20090620043401" download-size="1414" install-size="1414" />
	<plugin fragment="true" id="org.eclipse.jdt.apt.ui.nl_ja" unpack="false" version="3.5.0.v20090620043401" download-size="4914" install-size="4914" />
	<plugin fragment="true" id="org.eclipse.jdt.compiler.apt.tests.nl_ja" unpack="false" version="3.5.0.v20090620043401" download-size="1419" install-size="1419" />
	<plugin fragment="true" id="org.eclipse.jdt.compiler.tool.tests.nl_ja" unpack="false" version="3.5.0.v20090620043401" download-size="1423" install-size="1423" />
	<plugin fragment="true" id="org.eclipse.jdt.core.manipulation.nl_ja" unpack="false" version="3.5.0.v20090620043401" download-size="4481" install-size="4481" />
	<plugin fragment="true" id="org.eclipse.jdt.core.nl_ja" unpack="false" version="3.5.0.v20090620043401" download-size="34141" install-size="34141" />
	<plugin fragment="true" id="org.eclipse.jdt.core.tests.builder.nl_ja" unpack="false" version="3.5.0.v20090620043401" download-size="1411" install-size="1411" />
	<plugin fragment="true" id="org.eclipse.jdt.core.tests.compiler.nl_ja" unpack="false" version="3.5.0.v20090620043401" download-size="1417" install-size="1417" />
	<plugin fragment="true" id="org.eclipse.jdt.core.tests.model.nl_ja" unpack="false" version="3.5.0.v20090620043401" download-size="14911" install-size="14911" />
	<plugin fragment="true" id="org.eclipse.jdt.core.tests.performance.nl_ja" unpack="false" version="3.5.0.v20090620043401" download-size="1425" install-size="1425" />
	<plugin fragment="true" id="org.eclipse.jdt.debug.nl_ja" unpack="false" version="3.5.0.v20090620043401" download-size="24730" install-size="24730" />
	<plugin fragment="true" id="org.eclipse.jdt.debug.tests.nl_ja" unpack="false" version="3.5.0.v20090620043401" download-size="1421" install-size="1421" />
	<plugin fragment="true" id="org.eclipse.jdt.debug.ui.nl_ja" unpack="false" version="3.5.0.v20090620043401" download-size="34442" install-size="34442" />
	<plugin fragment="true" id="org.eclipse.jdt.doc.isv.nl_ja" unpack="false" version="3.5.0.v20090620043401" download-size="1800" install-size="1800" />
	<plugin fragment="true" id="org.eclipse.jdt.doc.user.nl_ja" unpack="false" version="3.5.0.v20090620043401" download-size="1786" install-size="1786" />
	<plugin fragment="true" id="org.eclipse.jdt.junit.nl_ja" unpack="false" version="3.5.0.v20090620043401" download-size="11868" install-size="11868" />
	<plugin fragment="true" id="org.eclipse.jdt.junit.runtime.nl_ja" unpack="false" version="3.5.0.v20090620043401" download-size="3087" install-size="3087" />
	<plugin fragment="true" id="org.eclipse.jdt.junit4.runtime.nl_ja" unpack="false" version="3.5.0.v20090620043401" download-size="1440" install-size="1440" />
	<plugin fragment="true" id="org.eclipse.jdt.launching.macosx.nl_ja" unpack="false" version="3.5.0.v20090620043401" download-size="2599" install-size="2599" />
	<plugin fragment="true" id="org.eclipse.jdt.launching.nl_ja" unpack="false" version="3.5.0.v20090620043401" download-size="8045" install-size="8045" />
	<plugin fragment="true" id="org.eclipse.jdt.launching.ui.macosx.nl_ja" unpack="false" version="3.5.0.v20090620043401" download-size="3290" install-size="3290" />
	<plugin fragment="true" id="org.eclipse.jdt.nl_ja" unpack="false" version="3.5.0.v20090620043401" download-size="1397" install-size="1397" />
	<plugin fragment="true" id="org.eclipse.jdt.text.tests.nl_ja" unpack="false" version="3.5.0.v20090620043401" download-size="1421" install-size="1421" />
	<plugin fragment="true" id="org.eclipse.jdt.ui.examples.projects.nl_ja" unpack="false" version="3.5.0.v20090620043401" download-size="2863" install-size="2863" />
	<plugin fragment="true" id="org.eclipse.jdt.ui.nl_ja" unpack="false" version="3.5.0.v20090620043401" download-size="201034" install-size="201034" />
	<plugin fragment="true" id="org.eclipse.jdt.ui.tests.nl_ja" unpack="false" version="3.5.0.v20090620043401" download-size="1594" install-size="1594" />
	<plugin fragment="true" id="org.eclipse.jdt.ui.tests.refactoring.nl_ja" unpack="false" version="3.5.0.v20090620043401" download-size="1434" install-size="1434" />
	<plugin fragment="true" id="org.eclipse.jface.databinding.nl_ja" unpack="false" version="3.5.0.v20090620043401" download-size="1434" install-size="1434" />
	<plugin fragment="true" id="org.eclipse.jface.examples.databinding.nl_ja" unpack="false" version="3.5.0.v20090620043401" download-size="1430" install-size="1430" />
	<plugin fragment="true" id="org.eclipse.jface.nl_ja" unpack="false" version="3.5.0.v20090620043401" download-size="10378" install-size="10378" />
	<plugin fragment="true" id="org.eclipse.jface.tests.databinding.conformance.nl_ja" unpack="false" version="3.5.0.v20090620043401" download-size="1451" install-size="1451" />
	<plugin fragment="true" id="org.eclipse.jface.tests.databinding.nl_ja" unpack="false" version="3.5.0.v20090620043401" download-size="1427" install-size="1427" />
	<plugin fragment="true" id="org.eclipse.jface.text.nl_ja" unpack="false" version="3.5.0.v20090620043401" download-size="13111" install-size="13111" />
	<plugin fragment="true" id="org.eclipse.jface.text.tests.nl_ja" unpack="false" version="3.5.0.v20090620043401" download-size="1423" install-size="1423" />
	<plugin fragment="true" id="org.eclipse.jsch.core.nl_ja" unpack="false" version="3.5.0.v20090620043401" download-size="2593" install-size="2593" />
	<plugin fragment="true" id="org.eclipse.jsch.ui.nl_ja" unpack="false" version="3.5.0.v20090620043401" download-size="4202" install-size="4202" />
	<plugin fragment="true" id="org.eclipse.ltk.core.refactoring.nl_ja" unpack="false" version="3.5.0.v20090620043401" download-size="6283" install-size="6283" />
	<plugin fragment="true" id="org.eclipse.ltk.core.refactoring.tests.nl_ja" unpack="false" version="3.5.0.v20090620043401" download-size="1508" install-size="1508" />
	<plugin fragment="true" id="org.eclipse.ltk.ui.refactoring.nl_ja" unpack="false" version="3.5.0.v20090620043401" download-size="9291" install-size="9291" />
	<plugin fragment="true" id="org.eclipse.ltk.ui.refactoring.tests.nl_ja" unpack="false" version="3.5.0.v20090620043401" download-size="1437" install-size="1437" />
	<plugin fragment="true" id="org.eclipse.osgi.nl_ja" unpack="false" version="3.5.0.v20090620043401" download-size="16489" install-size="16489" />
	<plugin fragment="true" id="org.eclipse.osgi.services.nl_ja" unpack="false" version="3.5.0.v20090620043401" download-size="1581" install-size="1581" />
	<plugin fragment="true" id="org.eclipse.osgi.util.nl_ja" unpack="false" version="3.5.0.v20090620043401" download-size="1578" install-size="1578" />
	<plugin fragment="true" id="org.eclipse.pde.api.tools.nl_ja" unpack="false" version="3.5.0.v20090620043401" download-size="11566" install-size="11566" />
	<plugin fragment="true" id="org.eclipse.pde.api.tools.ui.nl_ja" unpack="false" version="3.5.0.v20090620043401" download-size="10610" install-size="10610" />
	<plugin fragment="true" id="org.eclipse.pde.build.nl_ja" unpack="false" version="3.5.0.v20090620043401" download-size="6097" install-size="6097" />
	<plugin fragment="true" id="org.eclipse.pde.build.tests.nl_ja" unpack="false" version="3.5.0.v20090620043401" download-size="1372" install-size="1372" />
	<plugin fragment="true" id="org.eclipse.pde.core.nl_ja" unpack="false" version="3.5.0.v20090620043401" download-size="9588" install-size="9588" />
	<plugin fragment="true" id="org.eclipse.pde.doc.user.nl_ja" unpack="false" version="3.5.0.v20090620043401" download-size="1778" install-size="1778" />
	<plugin fragment="true" id="org.eclipse.pde.ds.core.nl_ja" unpack="false" version="3.5.0.v20090620043401" download-size="2377" install-size="2377" />
	<plugin fragment="true" id="org.eclipse.pde.ds.tests.nl_ja" unpack="false" version="3.5.0.v20090620043401" download-size="1368" install-size="1368" />
	<plugin fragment="true" id="org.eclipse.pde.ds.ui.nl_ja" unpack="false" version="3.5.0.v20090620043401" download-size="2991" install-size="2991" />
	<plugin fragment="true" id="org.eclipse.pde.junit.runtime.nl_ja" unpack="false" version="3.5.0.v20090620043401" download-size="1421" install-size="1421" />
	<plugin fragment="true" id="org.eclipse.pde.nl_ja" unpack="false" version="3.5.0.v20090620043401" download-size="1392" install-size="1392" />
	<plugin fragment="true" id="org.eclipse.pde.runtime.nl_ja" unpack="false" version="3.5.0.v20090620043401" download-size="3663" install-size="3663" />
	<plugin fragment="true" id="org.eclipse.pde.tools.versioning.nl_ja" unpack="false" version="3.5.0.v20090620043401" download-size="5167" install-size="5167" />
	<plugin fragment="true" id="org.eclipse.pde.ua.core.nl_ja" unpack="false" version="3.5.0.v20090620043401" download-size="1368" install-size="1368" />
	<plugin fragment="true" id="org.eclipse.pde.ua.ui.nl_ja" unpack="false" version="3.5.0.v20090620043401" download-size="16878" install-size="16878" />
	<plugin fragment="true" id="org.eclipse.pde.ui.nl_ja" unpack="false" version="3.5.0.v20090620043401" download-size="47928" install-size="47928" />
	<plugin fragment="true" id="org.eclipse.pde.ui.templates.nl_ja" unpack="false" version="3.5.0.v20090620043401" download-size="11111" install-size="11111" />
	<plugin fragment="true" id="org.eclipse.platform.doc.isv.nl_ja" unpack="false" version="3.5.0.v20090620043401" download-size="1442" install-size="1442" />
	<plugin fragment="true" id="org.eclipse.platform.doc.user.nl_ja" unpack="false" version="3.5.0.v20090620043401" download-size="1412" install-size="1412" />
	<plugin fragment="true" id="org.eclipse.platform.nl_ja" unpack="false" version="3.5.0.v20090620043401" download-size="2468" install-size="2468" />
	<plugin fragment="true" id="org.eclipse.rcp.nl_ja" unpack="false" version="3.5.0.v20090620043401" download-size="1707" install-size="1707" />
	<plugin fragment="true" id="org.eclipse.releng.tools.nl_ja" unpack="false" version="3.5.0.v20090620043401" download-size="4321" install-size="4321" />
	<plugin fragment="true" id="org.eclipse.sdk.examples.nl_ja" unpack="false" version="3.5.0.v20090620043401" download-size="1757" install-size="1757" />
	<plugin fragment="true" id="org.eclipse.sdk.nl_ja" unpack="false" version="3.5.0.v20090620043401" download-size="2986" install-size="2986" />
	<plugin fragment="true" id="org.eclipse.sdk.tests.nl_ja" unpack="false" version="3.5.0.v20090620043401" download-size="1748" install-size="1748" />
	<plugin fragment="true" id="org.eclipse.search.nl_ja" unpack="false" version="3.5.0.v20090620043401" download-size="9450" install-size="9450" />
	<plugin fragment="true" id="org.eclipse.search.tests.nl_ja" unpack="false" version="3.5.0.v20090620043401" download-size="1368" install-size="1368" />
	<plugin fragment="true" id="org.eclipse.swt.examples.browser.demos.nl_ja" unpack="false" version="3.5.0.v20090620043401" download-size="2245" install-size="2245" />
	<plugin fragment="true" id="org.eclipse.swt.examples.browser.nl_ja" unpack="false" version="3.5.0.v20090620043401" download-size="1905" install-size="1905" />
	<plugin fragment="true" id="org.eclipse.swt.examples.controls.nl_ja" unpack="false" version="3.5.0.v20090620043401" download-size="1898" install-size="1898" />
	<plugin fragment="true" id="org.eclipse.swt.examples.launcher.nl_ja" unpack="false" version="3.5.0.v20090620043401" download-size="2349" install-size="2349" />
	<plugin fragment="true" id="org.eclipse.swt.examples.layouts.nl_ja" unpack="false" version="3.5.0.v20090620043401" download-size="1903" install-size="1903" />
	<plugin fragment="true" id="org.eclipse.swt.examples.nl_ja" unpack="false" version="3.5.0.v20090620043401" download-size="20978" install-size="20978" />
	<plugin fragment="true" id="org.eclipse.swt.examples.ole.win32.nl_ja" unpack="false" version="3.5.0.v20090620043401" download-size="2402" install-size="2402" />
	<plugin fragment="true" id="org.eclipse.swt.examples.paint.nl_ja" unpack="false" version="3.5.0.v20090620043401" download-size="2072" install-size="2072" />
	<plugin fragment="true" id="org.eclipse.swt.nl_ja" unpack="false" version="3.5.0.v20090620043401" download-size="3123" install-size="3123" />
	<plugin fragment="true" id="org.eclipse.swt.tests.nl_ja" unpack="false" version="3.5.0.v20090620043401" download-size="1389" install-size="1389" />
	<plugin fragment="true" id="org.eclipse.swt.tools.nl_ja" unpack="false" version="3.5.0.v20090620043401" download-size="1394" install-size="1394" />
	<plugin fragment="true" id="org.eclipse.team.core.nl_ja" unpack="false" version="3.5.0.v20090620043401" download-size="4870" install-size="4870" />
	<plugin fragment="true" id="org.eclipse.team.cvs.core.nl_ja" unpack="false" version="3.5.0.v20090620043401" download-size="9224" install-size="9224" />
	<plugin fragment="true" id="org.eclipse.team.cvs.ssh.nl_ja" unpack="false" version="3.5.0.v20090620043401" download-size="3390" install-size="3390" />
	<plugin fragment="true" id="org.eclipse.team.cvs.ssh2.nl_ja" unpack="false" version="3.5.0.v20090620043401" download-size="3779" install-size="3779" />
	<plugin fragment="true" id="org.eclipse.team.cvs.ui.nl_ja" unpack="false" version="3.5.0.v20090620043401" download-size="31169" install-size="31169" />
	<plugin fragment="true" id="org.eclipse.team.examples.filesystem.nl_ja" unpack="false" version="3.5.0.v20090620043401" download-size="3537" install-size="3537" />
	<plugin fragment="true" id="org.eclipse.team.tests.cvs.core.nl_ja" unpack="false" version="3.5.0.v20090620043401" download-size="1429" install-size="1429" />
	<plugin fragment="true" id="org.eclipse.team.ui.nl_ja" unpack="false" version="3.5.0.v20090620043401" download-size="14971" install-size="14971" />
	<plugin fragment="true" id="org.eclipse.text.nl_ja" unpack="false" version="3.5.0.v20090620043401" download-size="4556" install-size="4556" />
	<plugin fragment="true" id="org.eclipse.text.tests.nl_ja" unpack="false" version="3.5.0.v20090620043401" download-size="1412" install-size="1412" />
	<plugin fragment="true" id="org.eclipse.ui.browser.nl_ja" unpack="false" version="3.5.0.v20090620043401" download-size="4012" install-size="4012" />
	<plugin fragment="true" id="org.eclipse.ui.cheatsheets.nl_ja" unpack="false" version="3.5.0.v20090620043401" download-size="6473" install-size="6473" />
	<plugin fragment="true" id="org.eclipse.ui.console.nl_ja" unpack="false" version="3.5.0.v20090620043401" download-size="3656" install-size="3656" />
	<plugin fragment="true" id="org.eclipse.ui.editors.nl_ja" unpack="false" version="3.5.0.v20090620043401" download-size="15615" install-size="15615" />
	<plugin fragment="true" id="org.eclipse.ui.editors.tests.nl_ja" unpack="false" version="3.5.0.v20090620043401" download-size="1421" install-size="1421" />
	<plugin fragment="true" id="org.eclipse.ui.examples.contributions.nl_ja" unpack="false" version="3.5.0.v20090620043401" download-size="3619" install-size="3619" />
	<plugin fragment="true" id="org.eclipse.ui.examples.fieldassist.nl_ja" unpack="false" version="3.5.0.v20090620043401" download-size="4000" install-size="4000" />
	<plugin fragment="true" id="org.eclipse.ui.examples.javaeditor.nl_ja" unpack="false" version="3.5.0.v20090620043401" download-size="4099" install-size="4099" />
	<plugin fragment="true" id="org.eclipse.ui.examples.multipageeditor.nl_ja" unpack="false" version="3.5.0.v20090620043401" download-size="2530" install-size="2530" />
	<plugin fragment="true" id="org.eclipse.ui.examples.propertysheet.nl_ja" unpack="false" version="3.5.0.v20090620043401" download-size="3892" install-size="3892" />
	<plugin fragment="true" id="org.eclipse.ui.examples.readmetool.nl_ja" unpack="false" version="3.5.0.v20090620043401" download-size="4816" install-size="4816" />
	<plugin fragment="true" id="org.eclipse.ui.examples.undo.nl_ja" unpack="false" version="3.5.0.v20090620043401" download-size="3014" install-size="3014" />
	<plugin fragment="true" id="org.eclipse.ui.examples.views.properties.tabbed.article.nl_ja" unpack="false" version="3.5.0.v20090620043401" download-size="1550" install-size="1550" />
	<plugin fragment="true" id="org.eclipse.ui.externaltools.nl_ja" unpack="false" version="3.5.0.v20090620043401" download-size="9970" install-size="9970" />
	<plugin fragment="true" id="org.eclipse.ui.forms.nl_ja" unpack="false" version="3.5.0.v20090620043401" download-size="2492" install-size="2492" />
	<plugin fragment="true" id="org.eclipse.ui.ide.application.nl_ja" unpack="false" version="3.5.0.v20090620043401" download-size="1727" install-size="1727" />
	<plugin fragment="true" id="org.eclipse.ui.ide.nl_ja" unpack="false" version="3.5.0.v20090620043401" download-size="36686" install-size="36686" />
	<plugin fragment="true" id="org.eclipse.ui.intro.nl_ja" unpack="false" version="3.5.0.v20090620043401" download-size="3973" install-size="3973" />
	<plugin fragment="true" id="org.eclipse.ui.intro.universal.nl_ja" unpack="false" version="3.5.0.v20090620043401" download-size="6040" install-size="6040" />
	<plugin fragment="true" id="org.eclipse.ui.navigator.nl_ja" unpack="false" version="3.5.0.v20090620043401" download-size="4265" install-size="4265" />
	<plugin fragment="true" id="org.eclipse.ui.navigator.resources.nl_ja" unpack="false" version="3.5.0.v20090620043401" download-size="3754" install-size="3754" />
	<plugin fragment="true" id="org.eclipse.ui.net.nl_ja" unpack="false" version="3.5.0.v20090620043401" download-size="2745" install-size="2745" />
	<plugin fragment="true" id="org.eclipse.ui.nl_ja" unpack="false" version="3.5.0.v20090620043401" download-size="5971" install-size="5971" />
	<plugin fragment="true" id="org.eclipse.ui.presentations.r21.nl_ja" unpack="false" version="3.5.0.v20090620043401" download-size="2602" install-size="2602" />
	<plugin fragment="true" id="org.eclipse.ui.tests.navigator.nl_ja" unpack="false" version="3.5.0.v20090620043401" download-size="1516" install-size="1516" />
	<plugin fragment="true" id="org.eclipse.ui.tests.views.properties.tabbed.nl_ja" unpack="false" version="3.5.0.v20090620043401" download-size="1560" install-size="1560" />
	<plugin fragment="true" id="org.eclipse.ui.views.log.nl_ja" unpack="false" version="3.5.0.v20090620043401" download-size="4017" install-size="4017" />
	<plugin fragment="true" id="org.eclipse.ui.views.nl_ja" unpack="false" version="3.5.0.v20090620043401" download-size="3327" install-size="3327" />
	<plugin fragment="true" id="org.eclipse.ui.views.properties.tabbed.nl_ja" unpack="false" version="3.5.0.v20090620043401" download-size="3284" install-size="3284" />
	<plugin fragment="true" id="org.eclipse.ui.workbench.nl_ja" unpack="false" version="3.5.0.v20090620043401" download-size="31806" install-size="31806" />
	<plugin fragment="true" id="org.eclipse.ui.workbench.texteditor.nl_ja" unpack="false" version="3.5.0.v20090620043401" download-size="15244" install-size="15244" />
	<plugin fragment="true" id="org.eclipse.ui.workbench.texteditor.tests.nl_ja" unpack="false" version="3.5.0.v20090620043401" download-size="1449" install-size="1449" />
	<plugin fragment="true" id="org.eclipse.update.configurator.nl_ja" unpack="false" version="3.5.0.v20090620043401" download-size="3773" install-size="3773" />
	<plugin fragment="true" id="org.eclipse.update.core.nl_ja" unpack="false" version="3.5.0.v20090620043401" download-size="9647" install-size="9647" />
	<plugin fragment="true" id="org.eclipse.update.scheduler.nl_ja" unpack="false" version="3.5.0.v20090620043401" download-size="2991" install-size="2991" />
	<plugin fragment="true" id="org.eclipse.update.tests.core.nl_ja" unpack="false" version="3.5.0.v20090620043401" download-size="1696" install-size="1696" />
	<plugin fragment="true" id="org.eclipse.update.ui.nl_ja" unpack="false" version="3.5.0.v20090620043401" download-size="10501" install-size="10501" />
	<plugin fragment="true" id="org.junit4.nl_ja" unpack="false" version="3.5.0.v20090620043401" download-size="1408" install-size="1408" />
	<plugin fragment="true" id="security.a.frag.a.nl_ja" unpack="false" version="3.5.0.v20090620043401" download-size="1400" install-size="1400" />
	<plugin fragment="true" id="security.a.nl_ja" unpack="false" version="3.5.0.v20090620043401" download-size="1384" install-size="1384" />
</feature>