<?xml version="1.0" encoding="UTF-8" ?>
<feature
	id="org.eclipse.babel.nls_tools.mylyn_de"
	label="Babel Language Pack for tools.mylyn in German (29.51%)"
	image="eclipse_update_120.jpg"
	provider-name="%providerName"
	version="3.5.0.v20090620043401">
	<copyright>
		%copyright
	</copyright>
	<license url="%licenseURL">
		%license
	</license>
	<description>Babel Language Pack for tools.mylyn in German</description>
	<plugin fragment="true" id="org.eclipse.mylyn.bugzilla.core.nl_de" unpack="false" version="3.5.0.v20090620043401" download-size="3923" install-size="3923" />
	<plugin fragment="true" id="org.eclipse.mylyn.bugzilla.ide.nl_de" unpack="false" version="3.5.0.v20090620043401" download-size="1393" install-size="1393" />
	<plugin fragment="true" id="org.eclipse.mylyn.bugzilla.ui.nl_de" unpack="false" version="3.5.0.v20090620043401" download-size="6564" install-size="6564" />
	<plugin fragment="true" id="org.eclipse.mylyn.commons.core.nl_de" unpack="false" version="3.5.0.v20090620043401" download-size="2654" install-size="2654" />
	<plugin fragment="true" id="org.eclipse.mylyn.commons.net.nl_de" unpack="false" version="3.5.0.v20090620043401" download-size="2548" install-size="2548" />
	<plugin fragment="true" id="org.eclipse.mylyn.commons.soap.nl_de" unpack="false" version="3.5.0.v20090620043401" download-size="1354" install-size="1354" />
	<plugin fragment="true" id="org.eclipse.mylyn.commons.ui.nl_de" unpack="false" version="3.5.0.v20090620043401" download-size="3484" install-size="3484" />
	<plugin fragment="true" id="org.eclipse.mylyn.compatibility.nl_de" unpack="false" version="3.5.0.v20090620043401" download-size="2457" install-size="2457" />
	<plugin fragment="true" id="org.eclipse.mylyn.context.core.nl_de" unpack="false" version="3.5.0.v20090620043401" download-size="1354" install-size="1354" />
	<plugin fragment="true" id="org.eclipse.mylyn.context.ui.nl_de" unpack="false" version="3.5.0.v20090620043401" download-size="5194" install-size="5194" />
	<plugin fragment="true" id="org.eclipse.mylyn.discovery.core.nl_de" unpack="false" version="3.5.0.v20090620043401" download-size="2648" install-size="2648" />
	<plugin fragment="true" id="org.eclipse.mylyn.discovery.ui.nl_de" unpack="false" version="3.5.0.v20090620043401" download-size="2708" install-size="2708" />
	<plugin fragment="true" id="org.eclipse.mylyn.help.ui.nl_de" unpack="false" version="3.5.0.v20090620043401" download-size="1374" install-size="1374" />
	<plugin fragment="true" id="org.eclipse.mylyn.ide.ant.nl_de" unpack="false" version="3.5.0.v20090620043401" download-size="1351" install-size="1351" />
	<plugin fragment="true" id="org.eclipse.mylyn.ide.capabilities.nl_de" unpack="false" version="3.5.0.v20090620043401" download-size="1374" install-size="1374" />
	<plugin fragment="true" id="org.eclipse.mylyn.ide.ui.nl_de" unpack="false" version="3.5.0.v20090620043401" download-size="1526" install-size="1526" />
	<plugin fragment="true" id="org.eclipse.mylyn.java.tasks.nl_de" unpack="false" version="3.5.0.v20090620043401" download-size="2532" install-size="2532" />
	<plugin fragment="true" id="org.eclipse.mylyn.java.ui.nl_de" unpack="false" version="3.5.0.v20090620043401" download-size="1518" install-size="1518" />
	<plugin fragment="true" id="org.eclipse.mylyn.jira.core.nl_de" unpack="false" version="3.5.0.v20090620043401" download-size="3076" install-size="3076" />
	<plugin fragment="true" id="org.eclipse.mylyn.jira.ui.nl_de" unpack="false" version="3.5.0.v20090620043401" download-size="3573" install-size="3573" />
	<plugin fragment="true" id="org.eclipse.mylyn.monitor.core.nl_de" unpack="false" version="3.5.0.v20090620043401" download-size="2653" install-size="2653" />
	<plugin fragment="true" id="org.eclipse.mylyn.monitor.ui.nl_de" unpack="false" version="3.5.0.v20090620043401" download-size="1353" install-size="1353" />
	<plugin fragment="true" id="org.eclipse.mylyn.nl_de" unpack="false" version="3.5.0.v20090620043401" download-size="1346" install-size="1346" />
	<plugin fragment="true" id="org.eclipse.mylyn.pde.ui.nl_de" unpack="false" version="3.5.0.v20090620043401" download-size="1350" install-size="1350" />
	<plugin fragment="true" id="org.eclipse.mylyn.resources.ui.nl_de" unpack="false" version="3.5.0.v20090620043401" download-size="2665" install-size="2665" />
	<plugin fragment="true" id="org.eclipse.mylyn.tasks.bugs.nl_de" unpack="false" version="3.5.0.v20090620043401" download-size="3367" install-size="3367" />
	<plugin fragment="true" id="org.eclipse.mylyn.tasks.core.nl_de" unpack="false" version="3.5.0.v20090620043401" download-size="3621" install-size="3621" />
	<plugin fragment="true" id="org.eclipse.mylyn.tasks.ui.nl_de" unpack="false" version="3.5.0.v20090620043401" download-size="12161" install-size="12161" />
	<plugin fragment="true" id="org.eclipse.mylyn.team.cvs.nl_de" unpack="false" version="3.5.0.v20090620043401" download-size="1352" install-size="1352" />
	<plugin fragment="true" id="org.eclipse.mylyn.team.ui.nl_de" unpack="false" version="3.5.0.v20090620043401" download-size="4651" install-size="4651" />
	<plugin fragment="true" id="org.eclipse.mylyn.trac.core.nl_de" unpack="false" version="3.5.0.v20090620043401" download-size="3079" install-size="3079" />
	<plugin fragment="true" id="org.eclipse.mylyn.trac.ui.nl_de" unpack="false" version="3.5.0.v20090620043401" download-size="3265" install-size="3265" />
	<plugin fragment="true" id="org.eclipse.mylyn.wikitext.confluence.core.nl_de" unpack="false" version="3.5.0.v20090620043401" download-size="1362" install-size="1362" />
	<plugin fragment="true" id="org.eclipse.mylyn.wikitext.confluence.ui.nl_de" unpack="false" version="3.5.0.v20090620043401" download-size="1407" install-size="1407" />
	<plugin fragment="true" id="org.eclipse.mylyn.wikitext.core.nl_de" unpack="false" version="3.5.0.v20090620043401" download-size="4410" install-size="4410" />
	<plugin fragment="true" id="org.eclipse.mylyn.wikitext.help.sdk.nl_de" unpack="false" version="3.5.0.v20090620043401" download-size="1379" install-size="1379" />
	<plugin fragment="true" id="org.eclipse.mylyn.wikitext.help.ui.nl_de" unpack="false" version="3.5.0.v20090620043401" download-size="1378" install-size="1378" />
	<plugin fragment="true" id="org.eclipse.mylyn.wikitext.mediawiki.core.nl_de" unpack="false" version="3.5.0.v20090620043401" download-size="1386" install-size="1386" />
	<plugin fragment="true" id="org.eclipse.mylyn.wikitext.mediawiki.ui.nl_de" unpack="false" version="3.5.0.v20090620043401" download-size="1425" install-size="1425" />
	<plugin fragment="true" id="org.eclipse.mylyn.wikitext.tasks.ui.nl_de" unpack="false" version="3.5.0.v20090620043401" download-size="2832" install-size="2832" />
	<plugin fragment="true" id="org.eclipse.mylyn.wikitext.tests.nl_de" unpack="false" version="3.5.0.v20090620043401" download-size="1356" install-size="1356" />
	<plugin fragment="true" id="org.eclipse.mylyn.wikitext.textile.core.nl_de" unpack="false" version="3.5.0.v20090620043401" download-size="1359" install-size="1359" />
	<plugin fragment="true" id="org.eclipse.mylyn.wikitext.textile.ui.nl_de" unpack="false" version="3.5.0.v20090620043401" download-size="1419" install-size="1419" />
	<plugin fragment="true" id="org.eclipse.mylyn.wikitext.tracwiki.core.nl_de" unpack="false" version="3.5.0.v20090620043401" download-size="1361" install-size="1361" />
	<plugin fragment="true" id="org.eclipse.mylyn.wikitext.tracwiki.ui.nl_de" unpack="false" version="3.5.0.v20090620043401" download-size="1387" install-size="1387" />
	<plugin fragment="true" id="org.eclipse.mylyn.wikitext.twiki.core.nl_de" unpack="false" version="3.5.0.v20090620043401" download-size="1360" install-size="1360" />
	<plugin fragment="true" id="org.eclipse.mylyn.wikitext.twiki.ui.nl_de" unpack="false" version="3.5.0.v20090620043401" download-size="1400" install-size="1400" />
	<plugin fragment="true" id="org.eclipse.mylyn.wikitext.ui.nl_de" unpack="false" version="3.5.0.v20090620043401" download-size="7737" install-size="7737" />
	<plugin fragment="true" id="org.eclipse.mylyn.xplanner.core.nl_de" unpack="false" version="3.5.0.v20090620043401" download-size="2416" install-size="2416" />
	<plugin fragment="true" id="org.eclipse.mylyn.xplanner.tests.nl_de" unpack="false" version="3.5.0.v20090620043401" download-size="1378" install-size="1378" />
	<plugin fragment="true" id="org.eclipse.mylyn.xplanner.ui.nl_de" unpack="false" version="3.5.0.v20090620043401" download-size="4454" install-size="4454" />
</feature>