<?xml version="1.0" encoding="UTF-8" ?>
<feature
	id="org.eclipse.babel.nls_webtools.ejbtools_it"
	label="Babel Language Pack for webtools.ejbtools in Italian (96.28%)"
	image="eclipse_update_120.jpg"
	provider-name="%providerName"
	version="3.5.0.v20090620043401">
	<copyright>
		%copyright
	</copyright>
	<license url="%licenseURL">
		%license
	</license>
	<description>Babel Language Pack for webtools.ejbtools in Italian</description>
	<plugin fragment="true" id="org.eclipse.jst.ejb.doc.user.nl_it" unpack="false" version="3.5.0.v20090620043401" download-size="1373" install-size="1373" />
	<plugin fragment="true" id="org.eclipse.jst.ejb.ui.infopop.nl_it" unpack="false" version="3.5.0.v20090620043401" download-size="1373" install-size="1373" />
	<plugin fragment="true" id="org.eclipse.jst.ejb.ui.nl_it" unpack="false" version="3.5.0.v20090620043401" download-size="3676" install-size="3676" />
	<plugin fragment="true" id="org.eclipse.jst.j2ee.ejb.annotation.model.nl_it" unpack="false" version="3.5.0.v20090620043401" download-size="3637" install-size="3637" />
	<plugin fragment="true" id="org.eclipse.jst.j2ee.ejb.annotations.emitter.nl_it" unpack="false" version="3.5.0.v20090620043401" download-size="1383" install-size="1383" />
	<plugin fragment="true" id="org.eclipse.jst.j2ee.ejb.annotations.ui.nl_it" unpack="false" version="3.5.0.v20090620043401" download-size="3857" install-size="3857" />
	<plugin fragment="true" id="org.eclipse.jst.j2ee.ejb.annotations.xdoclet.nl_it" unpack="false" version="3.5.0.v20090620043401" download-size="3515" install-size="3515" />
	<plugin fragment="true" id="org.eclipse.jst.j2ee.ejb.nl_it" unpack="false" version="3.5.0.v20090620043401" download-size="24610" install-size="24610" />
	<plugin fragment="true" id="org.eclipse.jst.jee.ejb.nl_it" unpack="false" version="3.5.0.v20090620043401" download-size="1371" install-size="1371" />
</feature>