<?xml version="1.0" encoding="UTF-8" ?>
<feature
	id="org.eclipse.babel.nls_webtools.dali_zh"
	label="Babel Language Pack for webtools.dali in Chinese (Simplified) (31.89%)"
	image="eclipse_update_120.jpg"
	provider-name="%providerName"
	version="3.5.0.v20090620043401">
	<copyright>
		%copyright
	</copyright>
	<license url="%licenseURL">
		%license
	</license>
	<description>Babel Language Pack for webtools.dali in Chinese (Simplified)</description>
	<plugin fragment="true" id="org.eclipse.jpt.branding.nl_zh" unpack="false" version="3.5.0.v20090620043401" download-size="1379" install-size="1379" />
	<plugin fragment="true" id="org.eclipse.jpt.core.nl_zh" unpack="false" version="3.5.0.v20090620043401" download-size="1785" install-size="1785" />
	<plugin fragment="true" id="org.eclipse.jpt.db.nl_zh" unpack="false" version="3.5.0.v20090620043401" download-size="1375" install-size="1375" />
	<plugin fragment="true" id="org.eclipse.jpt.db.ui.nl_zh" unpack="false" version="3.5.0.v20090620043401" download-size="1377" install-size="1377" />
	<plugin fragment="true" id="org.eclipse.jpt.doc.isv.nl_zh" unpack="false" version="3.5.0.v20090620043401" download-size="1383" install-size="1383" />
	<plugin fragment="true" id="org.eclipse.jpt.doc.user.nl_zh" unpack="false" version="3.5.0.v20090620043401" download-size="1440" install-size="1440" />
	<plugin fragment="true" id="org.eclipse.jpt.eclipselink.branding.nl_zh" unpack="false" version="3.5.0.v20090620043401" download-size="1383" install-size="1383" />
	<plugin fragment="true" id="org.eclipse.jpt.eclipselink.core.ddlgen.nl_zh" unpack="false" version="3.5.0.v20090620043401" download-size="1385" install-size="1385" />
	<plugin fragment="true" id="org.eclipse.jpt.eclipselink.core.nl_zh" unpack="false" version="3.5.0.v20090620043401" download-size="1381" install-size="1381" />
	<plugin fragment="true" id="org.eclipse.jpt.eclipselink.ui.nl_zh" unpack="false" version="3.5.0.v20090620043401" download-size="3453" install-size="3453" />
	<plugin fragment="true" id="org.eclipse.jpt.gen.nl_zh" unpack="false" version="3.5.0.v20090620043401" download-size="1375" install-size="1375" />
	<plugin fragment="true" id="org.eclipse.jpt.ui.nl_zh" unpack="false" version="3.5.0.v20090620043401" download-size="6637" install-size="6637" />
	<plugin fragment="true" id="org.eclipse.jpt.utility.nl_zh" unpack="false" version="3.5.0.v20090620043401" download-size="1378" install-size="1378" />
</feature>