<?xml version="1.0" encoding="UTF-8" ?>
<feature
	id="org.eclipse.babel.nls_birt_da"
	label="Babel Language Pack for birt in Danish (70.3%)"
	image="eclipse_update_120.jpg"
	provider-name="%providerName"
	version="3.5.0.v20090620043401">
	<copyright>
		%copyright
	</copyright>
	<license url="%licenseURL">
		%license
	</license>
	<description>Babel Language Pack for birt in Danish</description>
	<plugin fragment="true" id="org.eclipse.birt.chart.cshelp.nl_da" unpack="false" version="3.5.0.v20090620043401" download-size="1500" install-size="1500" />
	<plugin fragment="true" id="org.eclipse.birt.chart.device.extension.nl_da" unpack="false" version="3.5.0.v20090620043401" download-size="3535" install-size="3535" />
	<plugin fragment="true" id="org.eclipse.birt.chart.device.svg.nl_da" unpack="false" version="3.5.0.v20090620043401" download-size="2908" install-size="2908" />
	<plugin fragment="true" id="org.eclipse.birt.chart.device.swt.nl_da" unpack="false" version="3.5.0.v20090620043401" download-size="2890" install-size="2890" />
	<plugin fragment="true" id="org.eclipse.birt.chart.doc.isv.nl_da" unpack="false" version="3.5.0.v20090620043401" download-size="1492" install-size="1492" />
	<plugin fragment="true" id="org.eclipse.birt.chart.engine.extension.nl_da" unpack="false" version="3.5.0.v20090620043401" download-size="4253" install-size="4253" />
	<plugin fragment="true" id="org.eclipse.birt.chart.engine.nl_da" unpack="false" version="3.5.0.v20090620043401" download-size="8306" install-size="8306" />
	<plugin fragment="true" id="org.eclipse.birt.chart.examples.nl_da" unpack="false" version="3.5.0.v20090620043401" download-size="2494" install-size="2494" />
	<plugin fragment="true" id="org.eclipse.birt.chart.integration.wtp.ui.nl_da" unpack="false" version="3.5.0.v20090620043401" download-size="2763" install-size="2763" />
	<plugin fragment="true" id="org.eclipse.birt.chart.reportitem.nl_da" unpack="false" version="3.5.0.v20090620043401" download-size="3463" install-size="3463" />
	<plugin fragment="true" id="org.eclipse.birt.chart.reportitem.ui.nl_da" unpack="false" version="3.5.0.v20090620043401" download-size="3941" install-size="3941" />
	<plugin fragment="true" id="org.eclipse.birt.chart.runtime.nl_da" unpack="false" version="3.5.0.v20090620043401" download-size="1487" install-size="1487" />
	<plugin fragment="true" id="org.eclipse.birt.chart.ui.extension.nl_da" unpack="false" version="3.5.0.v20090620043401" download-size="12864" install-size="12864" />
	<plugin fragment="true" id="org.eclipse.birt.chart.ui.nl_da" unpack="false" version="3.5.0.v20090620043401" download-size="3733" install-size="3733" />
	<plugin fragment="true" id="org.eclipse.birt.core.nl_da" unpack="false" version="3.5.0.v20090620043401" download-size="2124" install-size="2124" />
	<plugin fragment="true" id="org.eclipse.birt.core.script.function.nl_da" unpack="false" version="3.5.0.v20090620043401" download-size="1450" install-size="1450" />
	<plugin fragment="true" id="org.eclipse.birt.core.ui.nl_da" unpack="false" version="3.5.0.v20090620043401" download-size="2587" install-size="2587" />
	<plugin fragment="true" id="org.eclipse.birt.cshelp.nl_da" unpack="false" version="3.5.0.v20090620043401" download-size="1492" install-size="1492" />
	<plugin fragment="true" id="org.eclipse.birt.data.aggregation.nl_da" unpack="false" version="3.5.0.v20090620043401" download-size="2334" install-size="2334" />
	<plugin fragment="true" id="org.eclipse.birt.data.nl_da" unpack="false" version="3.5.0.v20090620043401" download-size="7164" install-size="7164" />
	<plugin fragment="true" id="org.eclipse.birt.data.tests.nl_da" unpack="false" version="3.5.0.v20090620043401" download-size="1384" install-size="1384" />
	<plugin fragment="true" id="org.eclipse.birt.doc.isv.nl_da" unpack="false" version="3.5.0.v20090620043401" download-size="1485" install-size="1485" />
	<plugin fragment="true" id="org.eclipse.birt.doc.nl_da" unpack="false" version="3.5.0.v20090620043401" download-size="1481" install-size="1481" />
	<plugin fragment="true" id="org.eclipse.birt.example.nl_da" unpack="false" version="3.5.0.v20090620043401" download-size="1481" install-size="1481" />
	<plugin fragment="true" id="org.eclipse.birt.integration.wtp.ui.nl_da" unpack="false" version="3.5.0.v20090620043401" download-size="2733" install-size="2733" />
	<plugin fragment="true" id="org.eclipse.birt.nl_da" unpack="false" version="3.5.0.v20090620043401" download-size="1402" install-size="1402" />
	<plugin fragment="true" id="org.eclipse.birt.report.data.adapter.nl_da" unpack="false" version="3.5.0.v20090620043401" download-size="2599" install-size="2599" />
	<plugin fragment="true" id="org.eclipse.birt.report.data.oda.jdbc.dbprofile.nl_da" unpack="false" version="3.5.0.v20090620043401" download-size="1510" install-size="1510" />
	<plugin fragment="true" id="org.eclipse.birt.report.data.oda.jdbc.dbprofile.ui.nl_da" unpack="false" version="3.5.0.v20090620043401" download-size="1415" install-size="1415" />
	<plugin fragment="true" id="org.eclipse.birt.report.data.oda.jdbc.nl_da" unpack="false" version="3.5.0.v20090620043401" download-size="4233" install-size="4233" />
	<plugin fragment="true" id="org.eclipse.birt.report.data.oda.jdbc.ui.nl_da" unpack="false" version="3.5.0.v20090620043401" download-size="5171" install-size="5171" />
	<plugin fragment="true" id="org.eclipse.birt.report.data.oda.sampledb.nl_da" unpack="false" version="3.5.0.v20090620043401" download-size="1611" install-size="1611" />
	<plugin fragment="true" id="org.eclipse.birt.report.data.oda.sampledb.ui.nl_da" unpack="false" version="3.5.0.v20090620043401" download-size="3340" install-size="3340" />
	<plugin fragment="true" id="org.eclipse.birt.report.data.oda.xml.nl_da" unpack="false" version="3.5.0.v20090620043401" download-size="3014" install-size="3014" />
	<plugin fragment="true" id="org.eclipse.birt.report.data.oda.xml.ui.nl_da" unpack="false" version="3.5.0.v20090620043401" download-size="1700" install-size="1700" />
	<plugin fragment="true" id="org.eclipse.birt.report.debug.core.nl_da" unpack="false" version="3.5.0.v20090620043401" download-size="1501" install-size="1501" />
	<plugin fragment="true" id="org.eclipse.birt.report.debug.ui.nl_da" unpack="false" version="3.5.0.v20090620043401" download-size="2740" install-size="2740" />
	<plugin fragment="true" id="org.eclipse.birt.report.designer.core.nl_da" unpack="false" version="3.5.0.v20090620043401" download-size="31926" install-size="31926" />
	<plugin fragment="true" id="org.eclipse.birt.report.designer.nl_da" unpack="false" version="3.5.0.v20090620043401" download-size="1487" install-size="1487" />
	<plugin fragment="true" id="org.eclipse.birt.report.designer.tests.nl_da" unpack="false" version="3.5.0.v20090620043401" download-size="2623" install-size="2623" />
	<plugin fragment="true" id="org.eclipse.birt.report.designer.ui.cubebuilder.nl_da" unpack="false" version="3.5.0.v20090620043401" download-size="3180" install-size="3180" />
	<plugin fragment="true" id="org.eclipse.birt.report.designer.ui.editor.script.nl_da" unpack="false" version="3.5.0.v20090620043401" download-size="1406" install-size="1406" />
	<plugin fragment="true" id="org.eclipse.birt.report.designer.ui.editor.xml.wtp.nl_da" unpack="false" version="3.5.0.v20090620043401" download-size="1760" install-size="1760" />
	<plugin fragment="true" id="org.eclipse.birt.report.designer.ui.editors.nl_da" unpack="false" version="3.5.0.v20090620043401" download-size="1394" install-size="1394" />
	<plugin fragment="true" id="org.eclipse.birt.report.designer.ui.editors.schematic.nl_da" unpack="false" version="3.5.0.v20090620043401" download-size="1493" install-size="1493" />
	<plugin fragment="true" id="org.eclipse.birt.report.designer.ui.ide.nl_da" unpack="false" version="3.5.0.v20090620043401" download-size="1673" install-size="1673" />
	<plugin fragment="true" id="org.eclipse.birt.report.designer.ui.lib.explorer.nl_da" unpack="false" version="3.5.0.v20090620043401" download-size="1385" install-size="1385" />
	<plugin fragment="true" id="org.eclipse.birt.report.designer.ui.lib.nl_da" unpack="false" version="3.5.0.v20090620043401" download-size="1579" install-size="1579" />
	<plugin fragment="true" id="org.eclipse.birt.report.designer.ui.nl_da" unpack="false" version="3.5.0.v20090620043401" download-size="1813" install-size="1813" />
	<plugin fragment="true" id="org.eclipse.birt.report.designer.ui.preview.nl_da" unpack="false" version="3.5.0.v20090620043401" download-size="1455" install-size="1455" />
	<plugin fragment="true" id="org.eclipse.birt.report.designer.ui.preview.web.nl_da" unpack="false" version="3.5.0.v20090620043401" download-size="1492" install-size="1492" />
	<plugin fragment="true" id="org.eclipse.birt.report.designer.ui.rcp.nl_da" unpack="false" version="3.5.0.v20090620043401" download-size="3031" install-size="3031" />
	<plugin fragment="true" id="org.eclipse.birt.report.designer.ui.samples.ide.nl_da" unpack="false" version="3.5.0.v20090620043401" download-size="3023" install-size="3023" />
	<plugin fragment="true" id="org.eclipse.birt.report.designer.ui.views.nl_da" unpack="false" version="3.5.0.v20090620043401" download-size="1401" install-size="1401" />
	<plugin fragment="true" id="org.eclipse.birt.report.engine.emitter.config.html.nl_da" unpack="false" version="3.5.0.v20090620043401" download-size="2793" install-size="2793" />
	<plugin fragment="true" id="org.eclipse.birt.report.engine.emitter.config.pdf.nl_da" unpack="false" version="3.5.0.v20090620043401" download-size="2742" install-size="2742" />
	<plugin fragment="true" id="org.eclipse.birt.report.engine.nl_da" unpack="false" version="3.5.0.v20090620043401" download-size="3115" install-size="3115" />
	<plugin fragment="true" id="org.eclipse.birt.report.item.crosstab.core.nl_da" unpack="false" version="3.5.0.v20090620043401" download-size="3083" install-size="3083" />
	<plugin fragment="true" id="org.eclipse.birt.report.item.crosstab.ui.nl_da" unpack="false" version="3.5.0.v20090620043401" download-size="4068" install-size="4068" />
	<plugin fragment="true" id="org.eclipse.birt.report.model.nl_da" unpack="false" version="3.5.0.v20090620043401" download-size="33636" install-size="33636" />
	<plugin fragment="true" id="org.eclipse.birt.report.model.tests.nl_da" unpack="false" version="3.5.0.v20090620043401" download-size="2313" install-size="2313" />
	<plugin fragment="true" id="org.eclipse.birt.report.runtime.nl_da" unpack="false" version="3.5.0.v20090620043401" download-size="1486" install-size="1486" />
	<plugin fragment="true" id="org.eclipse.birt.report.viewer.nl_da" unpack="false" version="3.5.0.v20090620043401" download-size="3438" install-size="3438" />
	<plugin fragment="true" id="org.eclipse.birt.resources.nl_da" unpack="false" version="3.5.0.v20090620043401" download-size="1428" install-size="1428" />
	<plugin fragment="true" id="org.eclipse.birt.sdk.nl_da" unpack="false" version="3.5.0.v20090620043401" download-size="1493" install-size="1493" />
	<plugin fragment="true" id="org.eclipse.birt.tests.data.nl_da" unpack="false" version="3.5.0.v20090620043401" download-size="1384" install-size="1384" />
</feature>