<?xml version="1.0" encoding="UTF-8" ?>
<feature
	id="org.eclipse.babel.nls_webtools.ejbtools_de"
	label="Babel Language Pack for webtools.ejbtools in German (96.43%)"
	image="eclipse_update_120.jpg"
	provider-name="%providerName"
	version="3.5.0.v20090620043401">
	<copyright>
		%copyright
	</copyright>
	<license url="%licenseURL">
		%license
	</license>
	<description>Babel Language Pack for webtools.ejbtools in German</description>
	<plugin fragment="true" id="org.eclipse.jst.ejb.doc.user.nl_de" unpack="false" version="3.5.0.v20090620043401" download-size="1378" install-size="1378" />
	<plugin fragment="true" id="org.eclipse.jst.ejb.ui.infopop.nl_de" unpack="false" version="3.5.0.v20090620043401" download-size="1373" install-size="1373" />
	<plugin fragment="true" id="org.eclipse.jst.ejb.ui.nl_de" unpack="false" version="3.5.0.v20090620043401" download-size="3840" install-size="3840" />
	<plugin fragment="true" id="org.eclipse.jst.j2ee.ejb.annotation.model.nl_de" unpack="false" version="3.5.0.v20090620043401" download-size="3745" install-size="3745" />
	<plugin fragment="true" id="org.eclipse.jst.j2ee.ejb.annotations.emitter.nl_de" unpack="false" version="3.5.0.v20090620043401" download-size="1383" install-size="1383" />
	<plugin fragment="true" id="org.eclipse.jst.j2ee.ejb.annotations.ui.nl_de" unpack="false" version="3.5.0.v20090620043401" download-size="3897" install-size="3897" />
	<plugin fragment="true" id="org.eclipse.jst.j2ee.ejb.annotations.xdoclet.nl_de" unpack="false" version="3.5.0.v20090620043401" download-size="3574" install-size="3574" />
	<plugin fragment="true" id="org.eclipse.jst.j2ee.ejb.nl_de" unpack="false" version="3.5.0.v20090620043401" download-size="25706" install-size="25706" />
	<plugin fragment="true" id="org.eclipse.jst.jee.ejb.nl_de" unpack="false" version="3.5.0.v20090620043401" download-size="1371" install-size="1371" />
</feature>