<?xml version="1.0" encoding="UTF-8" ?>
<feature
	id="org.eclipse.babel.nls_stp.bpmn_ar"
	label="Babel Language Pack for stp.bpmn in Arabic (19%)"
	image="eclipse_update_120.jpg"
	provider-name="%providerName"
	version="3.5.0.v20090620043401">
	<copyright>
		%copyright
	</copyright>
	<license url="%licenseURL">
		%license
	</license>
	<description>Babel Language Pack for stp.bpmn in Arabic</description>
	<plugin fragment="true" id="org.eclipse.stp.bpmn.diagram.nl_ar" unpack="false" version="3.5.0.v20090620043401" download-size="2828" install-size="2828" />
	<plugin fragment="true" id="org.eclipse.stp.bpmn.edit.nl_ar" unpack="false" version="3.5.0.v20090620043401" download-size="2476" install-size="2476" />
	<plugin fragment="true" id="org.eclipse.stp.bpmn.nl_ar" unpack="false" version="3.5.0.v20090620043401" download-size="2267" install-size="2267" />
	<plugin fragment="true" id="org.eclipse.stp.bpmn.validation.nl_ar" unpack="false" version="3.5.0.v20090620043401" download-size="2355" install-size="2355" />
</feature>