<?xml version="1.0" encoding="UTF-8" ?>
<feature
	id="org.eclipse.babel.nls_technology.subversive_ar"
	label="Babel Language Pack for technology.subversive in Arabic (18.19%)"
	image="eclipse_update_120.jpg"
	provider-name="%providerName"
	version="3.5.0.v20090620043401">
	<copyright>
		%copyright
	</copyright>
	<license url="%licenseURL">
		%license
	</license>
	<description>Babel Language Pack for technology.subversive in Arabic</description>
	<plugin fragment="true" id="org.eclipse.team.svn.core.nl_ar" unpack="false" version="3.5.0.v20090620043401" download-size="2898" install-size="2898" />
	<plugin fragment="true" id="org.eclipse.team.svn.mylyn.nl_ar" unpack="false" version="3.5.0.v20090620043401" download-size="1369" install-size="1369" />
	<plugin fragment="true" id="org.eclipse.team.svn.ui.nl_ar" unpack="false" version="3.5.0.v20090620043401" download-size="8007" install-size="8007" />
</feature>