<?xml version="1.0" encoding="UTF-8" ?>
<feature
	id="org.eclipse.babel.nls_tools.gef_tr"
	label="Babel Language Pack for tools.gef in Turkish (61.28%)"
	image="eclipse_update_120.jpg"
	provider-name="%providerName"
	version="3.5.0.v20090620043401">
	<copyright>
		%copyright
	</copyright>
	<license url="%licenseURL">
		%license
	</license>
	<description>Babel Language Pack for tools.gef in Turkish</description>
	<plugin fragment="true" id="org.eclipse.draw2d.doc.isv.nl_tr" unpack="false" version="3.5.0.v20090620043401" download-size="1396" install-size="1396" />
	<plugin fragment="true" id="org.eclipse.draw2d.nl_tr" unpack="false" version="3.5.0.v20090620043401" download-size="1724" install-size="1724" />
	<plugin fragment="true" id="org.eclipse.draw2d.test.nl_tr" unpack="false" version="3.5.0.v20090620043401" download-size="1373" install-size="1373" />
	<plugin fragment="true" id="org.eclipse.gef.doc.isv.nl_tr" unpack="false" version="3.5.0.v20090620043401" download-size="1501" install-size="1501" />
	<plugin fragment="true" id="org.eclipse.gef.examples.flow.nl_tr" unpack="false" version="3.5.0.v20090620043401" download-size="1378" install-size="1378" />
	<plugin fragment="true" id="org.eclipse.gef.examples.logic.nl_tr" unpack="false" version="3.5.0.v20090620043401" download-size="2786" install-size="2786" />
	<plugin fragment="true" id="org.eclipse.gef.examples.shapes.nl_tr" unpack="false" version="3.5.0.v20090620043401" download-size="1378" install-size="1378" />
	<plugin fragment="true" id="org.eclipse.gef.examples.text.nl_tr" unpack="false" version="3.5.0.v20090620043401" download-size="1377" install-size="1377" />
	<plugin fragment="true" id="org.eclipse.gef.examples.ui.pde.nl_tr" unpack="false" version="3.5.0.v20090620043401" download-size="1378" install-size="1378" />
	<plugin fragment="true" id="org.eclipse.gef.nl_tr" unpack="false" version="3.5.0.v20090620043401" download-size="4973" install-size="4973" />
	<plugin fragment="true" id="org.eclipse.gef.test.nl_tr" unpack="false" version="3.5.0.v20090620043401" download-size="1370" install-size="1370" />
	<plugin fragment="true" id="org.eclipse.zest.core.nl_tr" unpack="false" version="3.5.0.v20090620043401" download-size="2238" install-size="2238" />
	<plugin fragment="true" id="org.eclipse.zest.layouts.nl_tr" unpack="false" version="3.5.0.v20090620043401" download-size="1374" install-size="1374" />
</feature>