<?xml version="1.0" encoding="UTF-8" ?>
<feature
	id="org.eclipse.babel.nls_webtools.sourceediting_et"
	label="Babel Language Pack for webtools.sourceediting in Estonian (0.92%)"
	image="eclipse_update_120.jpg"
	provider-name="%providerName"
	version="3.5.0.v20090620043401">
	<copyright>
		%copyright
	</copyright>
	<license url="%licenseURL">
		%license
	</license>
	<description>Babel Language Pack for webtools.sourceediting in Estonian</description>
	<plugin fragment="true" id="org.eclipse.jst.jsp.core.nl_et" unpack="false" version="3.5.0.v20090620043401" download-size="1368" install-size="1368" />
	<plugin fragment="true" id="org.eclipse.jst.jsp.ui.infopop.nl_et" unpack="false" version="3.5.0.v20090620043401" download-size="1375" install-size="1375" />
	<plugin fragment="true" id="org.eclipse.jst.jsp.ui.nl_et" unpack="false" version="3.5.0.v20090620043401" download-size="2341" install-size="2341" />
	<plugin fragment="true" id="org.eclipse.jst.standard.schemas.nl_et" unpack="false" version="3.5.0.v20090620043401" download-size="1377" install-size="1377" />
	<plugin fragment="true" id="org.eclipse.wst.css.core.nl_et" unpack="false" version="3.5.0.v20090620043401" download-size="1367" install-size="1367" />
	<plugin fragment="true" id="org.eclipse.wst.css.ui.nl_et" unpack="false" version="3.5.0.v20090620043401" download-size="2361" install-size="2361" />
	<plugin fragment="true" id="org.eclipse.wst.doc.user.nl_et" unpack="false" version="3.5.0.v20090620043401" download-size="1368" install-size="1368" />
	<plugin fragment="true" id="org.eclipse.wst.dtd.core.nl_et" unpack="false" version="3.5.0.v20090620043401" download-size="1368" install-size="1368" />
	<plugin fragment="true" id="org.eclipse.wst.dtd.ui.infopop.nl_et" unpack="false" version="3.5.0.v20090620043401" download-size="1372" install-size="1372" />
	<plugin fragment="true" id="org.eclipse.wst.dtd.ui.nl_et" unpack="false" version="3.5.0.v20090620043401" download-size="2353" install-size="2353" />
	<plugin fragment="true" id="org.eclipse.wst.dtdeditor.doc.user.nl_et" unpack="false" version="3.5.0.v20090620043401" download-size="1374" install-size="1374" />
	<plugin fragment="true" id="org.eclipse.wst.html.core.nl_et" unpack="false" version="3.5.0.v20090620043401" download-size="1368" install-size="1368" />
	<plugin fragment="true" id="org.eclipse.wst.html.ui.infopop.nl_et" unpack="false" version="3.5.0.v20090620043401" download-size="1376" install-size="1376" />
	<plugin fragment="true" id="org.eclipse.wst.html.ui.nl_et" unpack="false" version="3.5.0.v20090620043401" download-size="2352" install-size="2352" />
	<plugin fragment="true" id="org.eclipse.wst.javascript.core.nl_et" unpack="false" version="3.5.0.v20090620043401" download-size="1372" install-size="1372" />
	<plugin fragment="true" id="org.eclipse.wst.javascript.ui.infopop.nl_et" unpack="false" version="3.5.0.v20090620043401" download-size="1380" install-size="1380" />
	<plugin fragment="true" id="org.eclipse.wst.javascript.ui.nl_et" unpack="false" version="3.5.0.v20090620043401" download-size="1372" install-size="1372" />
	<plugin fragment="true" id="org.eclipse.wst.jsdt.core.nl_et" unpack="false" version="3.5.0.v20090620043401" download-size="1368" install-size="1368" />
	<plugin fragment="true" id="org.eclipse.wst.jsdt.manipulation.nl_et" unpack="false" version="3.5.0.v20090620043401" download-size="1373" install-size="1373" />
	<plugin fragment="true" id="org.eclipse.wst.jsdt.support.ie.nl_et" unpack="false" version="3.5.0.v20090620043401" download-size="1375" install-size="1375" />
	<plugin fragment="true" id="org.eclipse.wst.jsdt.ui.nl_et" unpack="false" version="3.5.0.v20090620043401" download-size="8109" install-size="8109" />
	<plugin fragment="true" id="org.eclipse.wst.jsdt.web.core.nl_et" unpack="false" version="3.5.0.v20090620043401" download-size="1388" install-size="1388" />
	<plugin fragment="true" id="org.eclipse.wst.jsdt.web.ui.nl_et" unpack="false" version="3.5.0.v20090620043401" download-size="1374" install-size="1374" />
	<plugin fragment="true" id="org.eclipse.wst.sse.core.nl_et" unpack="false" version="3.5.0.v20090620043401" download-size="1368" install-size="1368" />
	<plugin fragment="true" id="org.eclipse.wst.sse.doc.user.nl_et" unpack="false" version="3.5.0.v20090620043401" download-size="1374" install-size="1374" />
	<plugin fragment="true" id="org.eclipse.wst.sse.ui.infopop.nl_et" unpack="false" version="3.5.0.v20090620043401" download-size="1376" install-size="1376" />
	<plugin fragment="true" id="org.eclipse.wst.sse.ui.nl_et" unpack="false" version="3.5.0.v20090620043401" download-size="2422" install-size="2422" />
	<plugin fragment="true" id="org.eclipse.wst.standard.schemas.nl_et" unpack="false" version="3.5.0.v20090620043401" download-size="1377" install-size="1377" />
	<plugin fragment="true" id="org.eclipse.wst.web.nl_et" unpack="false" version="3.5.0.v20090620043401" download-size="1348" install-size="1348" />
	<plugin fragment="true" id="org.eclipse.wst.web.ui.nl_et" unpack="false" version="3.5.0.v20090620043401" download-size="1350" install-size="1350" />
	<plugin fragment="true" id="org.eclipse.wst.webtools.doc.user.nl_et" unpack="false" version="3.5.0.v20090620043401" download-size="1372" install-size="1372" />
	<plugin fragment="true" id="org.eclipse.wst.xml.core.nl_et" unpack="false" version="3.5.0.v20090620043401" download-size="1368" install-size="1368" />
	<plugin fragment="true" id="org.eclipse.wst.xml.ui.infopop.nl_et" unpack="false" version="3.5.0.v20090620043401" download-size="1373" install-size="1373" />
	<plugin fragment="true" id="org.eclipse.wst.xml.ui.nl_et" unpack="false" version="3.5.0.v20090620043401" download-size="2522" install-size="2522" />
	<plugin fragment="true" id="org.eclipse.wst.xml.xpath2.processor.nl_et" unpack="false" version="3.5.0.v20090620043401" download-size="1375" install-size="1375" />
	<plugin fragment="true" id="org.eclipse.wst.xmleditor.doc.user.nl_et" unpack="false" version="3.5.0.v20090620043401" download-size="1375" install-size="1375" />
	<plugin fragment="true" id="org.eclipse.wst.xsd.core.nl_et" unpack="false" version="3.5.0.v20090620043401" download-size="1372" install-size="1372" />
	<plugin fragment="true" id="org.eclipse.wst.xsd.ui.nl_et" unpack="false" version="3.5.0.v20090620043401" download-size="3203" install-size="3203" />
	<plugin fragment="true" id="org.eclipse.wst.xsdeditor.doc.user.nl_et" unpack="false" version="3.5.0.v20090620043401" download-size="1378" install-size="1378" />
</feature>