<?xml version="1.0" encoding="UTF-8" ?>
<feature
	id="org.eclipse.babel.nls_modeling.emft_cs"
	label="Babel Language Pack for modeling.emft in Czech (26.84%)"
	image="eclipse_update_120.jpg"
	provider-name="%providerName"
	version="3.5.0.v20090620043401">
	<copyright>
		%copyright
	</copyright>
	<license url="%licenseURL">
		%license
	</license>
	<description>Babel Language Pack for modeling.emft in Czech</description>
	<plugin fragment="true" id="org.eclipse.emf.compare.diff.edit.nl_cs" unpack="false" version="3.5.0.v20090620043401" download-size="1856" install-size="1856" />
	<plugin fragment="true" id="org.eclipse.emf.compare.diff.nl_cs" unpack="false" version="3.5.0.v20090620043401" download-size="1370" install-size="1370" />
	<plugin fragment="true" id="org.eclipse.emf.compare.epatch.nl_cs" unpack="false" version="3.5.0.v20090620043401" download-size="1371" install-size="1371" />
	<plugin fragment="true" id="org.eclipse.emf.compare.match.nl_cs" unpack="false" version="3.5.0.v20090620043401" download-size="1700" install-size="1700" />
	<plugin fragment="true" id="org.eclipse.emf.compare.nl_cs" unpack="false" version="3.5.0.v20090620043401" download-size="1367" install-size="1367" />
	<plugin fragment="true" id="org.eclipse.emf.compare.tests.nl_cs" unpack="false" version="3.5.0.v20090620043401" download-size="1371" install-size="1371" />
	<plugin fragment="true" id="org.eclipse.emf.compare.ui.nl_cs" unpack="false" version="3.5.0.v20090620043401" download-size="3705" install-size="3705" />
	<plugin fragment="true" id="org.eclipse.emf.mwe.activities.nl_cs" unpack="false" version="3.5.0.v20090620043401" download-size="1372" install-size="1372" />
	<plugin fragment="true" id="org.eclipse.emf.mwe.core.nl_cs" unpack="false" version="3.5.0.v20090620043401" download-size="1589" install-size="1589" />
	<plugin fragment="true" id="org.eclipse.emf.mwe.doc.nl_cs" unpack="false" version="3.5.0.v20090620043401" download-size="1621" install-size="1621" />
	<plugin fragment="true" id="org.eclipse.emf.mwe.examples.nl_cs" unpack="false" version="3.5.0.v20090620043401" download-size="1371" install-size="1371" />
	<plugin fragment="true" id="org.eclipse.emf.mwe.tests.nl_cs" unpack="false" version="3.5.0.v20090620043401" download-size="1577" install-size="1577" />
	<plugin fragment="true" id="org.eclipse.emf.mwe.ui.editor.nl_cs" unpack="false" version="3.5.0.v20090620043401" download-size="2568" install-size="2568" />
	<plugin fragment="true" id="org.eclipse.emf.mwe.ui.nl_cs" unpack="false" version="3.5.0.v20090620043401" download-size="2464" install-size="2464" />
	<plugin fragment="true" id="org.eclipse.emf.mwe.ui.simpleEditor.nl_cs" unpack="false" version="3.5.0.v20090620043401" download-size="1374" install-size="1374" />
	<plugin fragment="true" id="org.eclipse.emf.mwe.utils.nl_cs" unpack="false" version="3.5.0.v20090620043401" download-size="1368" install-size="1368" />
</feature>