<?xml version="1.0" encoding="UTF-8" ?>
<feature
	id="org.eclipse.babel.nls_dsdp.mtj_ro"
	label="Babel Language Pack for dsdp.mtj in Romanian (1.86%)"
	image="eclipse_update_120.jpg"
	provider-name="%providerName"
	version="3.5.0.v20090620043401">
	<copyright>
		%copyright
	</copyright>
	<license url="%licenseURL">
		%license
	</license>
	<description>Babel Language Pack for dsdp.mtj in Romanian</description>
	<plugin fragment="true" id="org.eclipse.mtj.jmunit.nl_ro" unpack="false" version="3.5.0.v20090620043401" download-size="1367" install-size="1367" />
	<plugin fragment="true" id="org.eclipse.mtj.pulsar.ui.nl_ro" unpack="false" version="3.5.0.v20090620043401" download-size="2328" install-size="2328" />
	<plugin fragment="true" id="org.eclipse.mtj.ui.nl_ro" unpack="false" version="3.5.0.v20090620043401" download-size="3898" install-size="3898" />
</feature>