<?xml version="1.0" encoding="UTF-8" ?>
<feature
	id="org.eclipse.babel.nls_modeling.m2t_de"
	label="Babel Language Pack for modeling.m2t in German (14.93%)"
	image="eclipse_update_120.jpg"
	provider-name="%providerName"
	version="3.5.0.v20090620043401">
	<copyright>
		%copyright
	</copyright>
	<license url="%licenseURL">
		%license
	</license>
	<description>Babel Language Pack for modeling.m2t in German</description>
	<plugin fragment="true" id="org.eclipse.acceleo.common.nl_de" unpack="false" version="3.5.0.v20090620043401" download-size="2309" install-size="2309" />
	<plugin fragment="true" id="org.eclipse.acceleo.engine.nl_de" unpack="false" version="3.5.0.v20090620043401" download-size="2208" install-size="2208" />
	<plugin fragment="true" id="org.eclipse.acceleo.ide.ui.nl_de" unpack="false" version="3.5.0.v20090620043401" download-size="2721" install-size="2721" />
	<plugin fragment="true" id="org.eclipse.acceleo.model.nl_de" unpack="false" version="3.5.0.v20090620043401" download-size="1368" install-size="1368" />
	<plugin fragment="true" id="org.eclipse.acceleo.parser.nl_de" unpack="false" version="3.5.0.v20090620043401" download-size="2297" install-size="2297" />
</feature>