<?xml version="1.0" encoding="UTF-8" ?>
<feature
	id="org.eclipse.babel.nls_webtools.dali_el"
	label="Babel Language Pack for webtools.dali in Greek (21.87%)"
	image="eclipse_update_120.jpg"
	provider-name="%providerName"
	version="3.5.0.v20090620043401">
	<copyright>
		%copyright
	</copyright>
	<license url="%licenseURL">
		%license
	</license>
	<description>Babel Language Pack for webtools.dali in Greek</description>
	<plugin fragment="true" id="org.eclipse.jpt.branding.nl_el" unpack="false" version="3.5.0.v20090620043401" download-size="1368" install-size="1368" />
	<plugin fragment="true" id="org.eclipse.jpt.core.nl_el" unpack="false" version="3.5.0.v20090620043401" download-size="1719" install-size="1719" />
	<plugin fragment="true" id="org.eclipse.jpt.db.nl_el" unpack="false" version="3.5.0.v20090620043401" download-size="1363" install-size="1363" />
	<plugin fragment="true" id="org.eclipse.jpt.db.ui.nl_el" unpack="false" version="3.5.0.v20090620043401" download-size="1365" install-size="1365" />
	<plugin fragment="true" id="org.eclipse.jpt.doc.isv.nl_el" unpack="false" version="3.5.0.v20090620043401" download-size="1370" install-size="1370" />
	<plugin fragment="true" id="org.eclipse.jpt.doc.user.nl_el" unpack="false" version="3.5.0.v20090620043401" download-size="1367" install-size="1367" />
	<plugin fragment="true" id="org.eclipse.jpt.eclipselink.branding.nl_el" unpack="false" version="3.5.0.v20090620043401" download-size="1371" install-size="1371" />
	<plugin fragment="true" id="org.eclipse.jpt.eclipselink.core.ddlgen.nl_el" unpack="false" version="3.5.0.v20090620043401" download-size="1374" install-size="1374" />
	<plugin fragment="true" id="org.eclipse.jpt.eclipselink.core.nl_el" unpack="false" version="3.5.0.v20090620043401" download-size="1369" install-size="1369" />
	<plugin fragment="true" id="org.eclipse.jpt.eclipselink.ui.nl_el" unpack="false" version="3.5.0.v20090620043401" download-size="3329" install-size="3329" />
	<plugin fragment="true" id="org.eclipse.jpt.gen.nl_el" unpack="false" version="3.5.0.v20090620043401" download-size="1364" install-size="1364" />
	<plugin fragment="true" id="org.eclipse.jpt.ui.nl_el" unpack="false" version="3.5.0.v20090620043401" download-size="5922" install-size="5922" />
	<plugin fragment="true" id="org.eclipse.jpt.utility.nl_el" unpack="false" version="3.5.0.v20090620043401" download-size="1367" install-size="1367" />
</feature>