<?xml version="1.0" encoding="UTF-8" ?>
<feature
	id="org.eclipse.babel.nls_tptp.platform_ko"
	label="Babel Language Pack for tptp.platform in Korean (18.47%)"
	image="eclipse_update_120.jpg"
	provider-name="%providerName"
	version="3.5.0.v20090620043401">
	<copyright>
		%copyright
	</copyright>
	<license url="%licenseURL">
		%license
	</license>
	<description>Babel Language Pack for tptp.platform in Korean</description>
	<plugin fragment="true" id="org.eclipse.hyades.analysis.engine.nl_ko" unpack="false" version="3.5.0.v20090620043401" download-size="1373" install-size="1373" />
	<plugin fragment="true" id="org.eclipse.hyades.logging.adapter.nl_ko" unpack="false" version="3.5.0.v20090620043401" download-size="3073" install-size="3073" />
	<plugin fragment="true" id="org.eclipse.hyades.logging.adapter.ui.nl_ko" unpack="false" version="3.5.0.v20090620043401" download-size="4722" install-size="4722" />
	<plugin fragment="true" id="org.eclipse.hyades.logging.parsers.nl_ko" unpack="false" version="3.5.0.v20090620043401" download-size="2458" install-size="2458" />
	<plugin fragment="true" id="org.eclipse.hyades.probekit.ui.nl_ko" unpack="false" version="3.5.0.v20090620043401" download-size="4126" install-size="4126" />
	<plugin fragment="true" id="org.eclipse.hyades.resources.database.nl_ko" unpack="false" version="3.5.0.v20090620043401" download-size="1376" install-size="1376" />
	<plugin fragment="true" id="org.eclipse.hyades.sdb.nl_ko" unpack="false" version="3.5.0.v20090620043401" download-size="7963" install-size="7963" />
	<plugin fragment="true" id="org.eclipse.hyades.statistical.ui.nl_ko" unpack="false" version="3.5.0.v20090620043401" download-size="1377" install-size="1377" />
	<plugin fragment="true" id="org.eclipse.hyades.test.core.nl_ko" unpack="false" version="3.5.0.v20090620043401" download-size="3294" install-size="3294" />
	<plugin fragment="true" id="org.eclipse.hyades.test.tools.ui.nl_ko" unpack="false" version="3.5.0.v20090620043401" download-size="3664" install-size="3664" />
	<plugin fragment="true" id="org.eclipse.hyades.test.ui.extensions.nl_ko" unpack="false" version="3.5.0.v20090620043401" download-size="2691" install-size="2691" />
	<plugin fragment="true" id="org.eclipse.hyades.test.ui.nl_ko" unpack="false" version="3.5.0.v20090620043401" download-size="9772" install-size="9772" />
	<plugin fragment="true" id="org.eclipse.hyades.trace.ui.nl_ko" unpack="false" version="3.5.0.v20090620043401" download-size="6154" install-size="6154" />
	<plugin fragment="true" id="org.eclipse.hyades.trace.views.nl_ko" unpack="false" version="3.5.0.v20090620043401" download-size="2734" install-size="2734" />
	<plugin fragment="true" id="org.eclipse.hyades.ui.nl_ko" unpack="false" version="3.5.0.v20090620043401" download-size="1394" install-size="1394" />
	<plugin fragment="true" id="org.eclipse.tptp.lta.gla.ui.epi.nl_ko" unpack="false" version="3.5.0.v20090620043401" download-size="1371" install-size="1371" />
	<plugin fragment="true" id="org.eclipse.tptp.lta.log.epi.nl_ko" unpack="false" version="3.5.0.v20090620043401" download-size="1497" install-size="1497" />
	<plugin fragment="true" id="org.eclipse.tptp.lta.runtime.nl_ko" unpack="false" version="3.5.0.v20090620043401" download-size="1370" install-size="1370" />
	<plugin fragment="true" id="org.eclipse.tptp.lta.sdb.epi.nl_ko" unpack="false" version="3.5.0.v20090620043401" download-size="1372" install-size="1372" />
	<plugin fragment="true" id="org.eclipse.tptp.lta.symptom.epi.nl_ko" unpack="false" version="3.5.0.v20090620043401" download-size="1374" install-size="1374" />
	<plugin fragment="true" id="org.eclipse.tptp.monitoring.la.core.nl_ko" unpack="false" version="3.5.0.v20090620043401" download-size="1373" install-size="1373" />
	<plugin fragment="true" id="org.eclipse.tptp.monitoring.logui.nl_ko" unpack="false" version="3.5.0.v20090620043401" download-size="2875" install-size="2875" />
	<plugin fragment="true" id="org.eclipse.tptp.monitoring.lta.doc.isv.nl_ko" unpack="false" version="3.5.0.v20090620043401" download-size="1376" install-size="1376" />
	<plugin fragment="true" id="org.eclipse.tptp.monitoring.lta.doc.user.nl_ko" unpack="false" version="3.5.0.v20090620043401" download-size="1377" install-size="1377" />
	<plugin fragment="true" id="org.eclipse.tptp.monitoring.lta.examples.isv.nl_ko" unpack="false" version="3.5.0.v20090620043401" download-size="3026" install-size="3026" />
	<plugin fragment="true" id="org.eclipse.tptp.monitoring.lta.examples.nl_ko" unpack="false" version="3.5.0.v20090620043401" download-size="2757" install-size="2757" />
	<plugin fragment="true" id="org.eclipse.tptp.monitoring.managedagent.jmx.nl_ko" unpack="false" version="3.5.0.v20090620043401" download-size="2682" install-size="2682" />
	<plugin fragment="true" id="org.eclipse.tptp.monitoring.managedagent.ui.nl_ko" unpack="false" version="3.5.0.v20090620043401" download-size="5045" install-size="5045" />
	<plugin fragment="true" id="org.eclipse.tptp.monitoring.profile.server.nl_ko" unpack="false" version="3.5.0.v20090620043401" download-size="1380" install-size="1380" />
	<plugin fragment="true" id="org.eclipse.tptp.monitoring.report.birt.nl_ko" unpack="false" version="3.5.0.v20090620043401" download-size="2622" install-size="2622" />
	<plugin fragment="true" id="org.eclipse.tptp.monitoring.symptom.doc.user.nl_ko" unpack="false" version="3.5.0.v20090620043401" download-size="1379" install-size="1379" />
	<plugin fragment="true" id="org.eclipse.tptp.monitoring.symptom.editor.nl_ko" unpack="false" version="3.5.0.v20090620043401" download-size="1377" install-size="1377" />
	<plugin fragment="true" id="org.eclipse.tptp.platform.agentcontroller.nl_ko" unpack="false" version="3.5.0.v20090620043401" download-size="2640" install-size="2640" />
	<plugin fragment="true" id="org.eclipse.tptp.platform.analysis.codereview.cpp.nl_ko" unpack="false" version="3.5.0.v20090620043401" download-size="1383" install-size="1383" />
	<plugin fragment="true" id="org.eclipse.tptp.platform.analysis.codereview.cpp.rules.nl_ko" unpack="false" version="3.5.0.v20090620043401" download-size="1527" install-size="1527" />
	<plugin fragment="true" id="org.eclipse.tptp.platform.analysis.codereview.java.nl_ko" unpack="false" version="3.5.0.v20090620043401" download-size="1427" install-size="1427" />
	<plugin fragment="true" id="org.eclipse.tptp.platform.analysis.codereview.java.rules.nl_ko" unpack="false" version="3.5.0.v20090620043401" download-size="1629" install-size="1629" />
	<plugin fragment="true" id="org.eclipse.tptp.platform.analysis.core.nl_ko" unpack="false" version="3.5.0.v20090620043401" download-size="2561" install-size="2561" />
	<plugin fragment="true" id="org.eclipse.tptp.platform.analysis.core.ui.nl_ko" unpack="false" version="3.5.0.v20090620043401" download-size="3059" install-size="3059" />
	<plugin fragment="true" id="org.eclipse.tptp.platform.common.nl_ko" unpack="false" version="3.5.0.v20090620043401" download-size="2379" install-size="2379" />
	<plugin fragment="true" id="org.eclipse.tptp.platform.common.ui.nl_ko" unpack="false" version="3.5.0.v20090620043401" download-size="5072" install-size="5072" />
	<plugin fragment="true" id="org.eclipse.tptp.platform.common.ui.trace.nl_ko" unpack="false" version="3.5.0.v20090620043401" download-size="3116" install-size="3116" />
	<plugin fragment="true" id="org.eclipse.tptp.platform.examples.isv.nl_ko" unpack="false" version="3.5.0.v20090620043401" download-size="2653" install-size="2653" />
	<plugin fragment="true" id="org.eclipse.tptp.platform.examples.nl_ko" unpack="false" version="3.5.0.v20090620043401" download-size="1691" install-size="1691" />
	<plugin fragment="true" id="org.eclipse.tptp.platform.iac.administrator.nl_ko" unpack="false" version="3.5.0.v20090620043401" download-size="3344" install-size="3344" />
	<plugin fragment="true" id="org.eclipse.tptp.platform.instrumentation.ui.nl_ko" unpack="false" version="3.5.0.v20090620043401" download-size="3304" install-size="3304" />
	<plugin fragment="true" id="org.eclipse.tptp.platform.integration.pde.nl_ko" unpack="false" version="3.5.0.v20090620043401" download-size="2811" install-size="2811" />
	<plugin fragment="true" id="org.eclipse.tptp.platform.la.core.nl_ko" unpack="false" version="3.5.0.v20090620043401" download-size="2656" install-size="2656" />
	<plugin fragment="true" id="org.eclipse.tptp.platform.llc.core.nl_ko" unpack="false" version="3.5.0.v20090620043401" download-size="1372" install-size="1372" />
	<plugin fragment="true" id="org.eclipse.tptp.platform.llc.doc.user.nl_ko" unpack="false" version="3.5.0.v20090620043401" download-size="1376" install-size="1376" />
	<plugin fragment="true" id="org.eclipse.tptp.platform.llc.launch.nl_ko" unpack="false" version="3.5.0.v20090620043401" download-size="2886" install-size="2886" />
	<plugin fragment="true" id="org.eclipse.tptp.platform.llc.ui.nl_ko" unpack="false" version="3.5.0.v20090620043401" download-size="1372" install-size="1372" />
	<plugin fragment="true" id="org.eclipse.tptp.platform.log.doc.user.nl_ko" unpack="false" version="3.5.0.v20090620043401" download-size="1375" install-size="1375" />
	<plugin fragment="true" id="org.eclipse.tptp.platform.log.views.nl_ko" unpack="false" version="3.5.0.v20090620043401" download-size="4011" install-size="4011" />
	<plugin fragment="true" id="org.eclipse.tptp.platform.lta.common.nl_ko" unpack="false" version="3.5.0.v20090620043401" download-size="2472" install-size="2472" />
	<plugin fragment="true" id="org.eclipse.tptp.platform.models.lta.nl_ko" unpack="false" version="3.5.0.v20090620043401" download-size="1373" install-size="1373" />
	<plugin fragment="true" id="org.eclipse.tptp.platform.models.nl_ko" unpack="false" version="3.5.0.v20090620043401" download-size="3218" install-size="3218" />
	<plugin fragment="true" id="org.eclipse.tptp.platform.probekit.launch.nl_ko" unpack="false" version="3.5.0.v20090620043401" download-size="3740" install-size="3740" />
	<plugin fragment="true" id="org.eclipse.tptp.platform.report.birt.nl_ko" unpack="false" version="3.5.0.v20090620043401" download-size="1397" install-size="1397" />
	<plugin fragment="true" id="org.eclipse.tptp.platform.report.birt.ui.nl_ko" unpack="false" version="3.5.0.v20090620043401" download-size="2533" install-size="2533" />
	<plugin fragment="true" id="org.eclipse.tptp.platform.report.core.nl_ko" unpack="false" version="3.5.0.v20090620043401" download-size="1491" install-size="1491" />
	<plugin fragment="true" id="org.eclipse.tptp.platform.report.ui.nl_ko" unpack="false" version="3.5.0.v20090620043401" download-size="1490" install-size="1490" />
	<plugin fragment="true" id="org.eclipse.tptp.test.auto.gui.nl_ko" unpack="false" version="3.5.0.v20090620043401" download-size="2955" install-size="2955" />
	<plugin fragment="true" id="org.eclipse.tptp.test.auto.nl_ko" unpack="false" version="3.5.0.v20090620043401" download-size="1368" install-size="1368" />
	<plugin fragment="true" id="org.eclipse.tptp.test.recorders.url.nl_ko" unpack="false" version="3.5.0.v20090620043401" download-size="4788" install-size="4788" />
	<plugin fragment="true" id="org.eclipse.tptp.test.report.birt.nl_ko" unpack="false" version="3.5.0.v20090620043401" download-size="3418" install-size="3418" />
	<plugin fragment="true" id="org.eclipse.tptp.test.samples.nl_ko" unpack="false" version="3.5.0.v20090620043401" download-size="2874" install-size="2874" />
	<plugin fragment="true" id="org.eclipse.tptp.test.tools.junit.plugin.nl_ko" unpack="false" version="3.5.0.v20090620043401" download-size="3243" install-size="3243" />
	<plugin fragment="true" id="org.eclipse.tptp.test.tools.manual.doc.user.nl_ko" unpack="false" version="3.5.0.v20090620043401" download-size="1377" install-size="1377" />
	<plugin fragment="true" id="org.eclipse.tptp.test.tools.manual.nl_ko" unpack="false" version="3.5.0.v20090620043401" download-size="4191" install-size="4191" />
	<plugin fragment="true" id="org.eclipse.tptp.trace.arm.nl_ko" unpack="false" version="3.5.0.v20090620043401" download-size="1394" install-size="1394" />
	<plugin fragment="true" id="org.eclipse.tptp.trace.arm.ui.nl_ko" unpack="false" version="3.5.0.v20090620043401" download-size="2510" install-size="2510" />
	<plugin fragment="true" id="org.eclipse.tptp.trace.jvmti.client.nl_ko" unpack="false" version="3.5.0.v20090620043401" download-size="2836" install-size="2836" />
	<plugin fragment="true" id="org.eclipse.tptp.trace.memory.nl_ko" unpack="false" version="3.5.0.v20090620043401" download-size="1373" install-size="1373" />
	<plugin fragment="true" id="org.eclipse.tptp.trace.report.birt.nl_ko" unpack="false" version="3.5.0.v20090620043401" download-size="2513" install-size="2513" />
</feature>