<?xml version="1.0" encoding="UTF-8" ?>
<feature
	id="org.eclipse.babel.nls_technology.actf_hi"
	label="Babel Language Pack for technology.actf in Hindi (0.43%)"
	image="eclipse_update_120.jpg"
	provider-name="%providerName"
	version="3.5.0.v20090620043401">
	<copyright>
		%copyright
	</copyright>
	<license url="%licenseURL">
		%license
	</license>
	<description>Babel Language Pack for technology.actf in Hindi</description>
	<plugin fragment="true" id="org.eclipse.actf.core.nl_hi" unpack="false" version="3.5.0.v20090620043401" download-size="1591" install-size="1591" />
	<plugin fragment="true" id="org.eclipse.actf.ui.nl_hi" unpack="false" version="3.5.0.v20090620043401" download-size="1585" install-size="1585" />
	<plugin fragment="true" id="org.eclipse.actf.visualization.doc.isv.nl_hi" unpack="false" version="3.5.0.v20090620043401" download-size="1376" install-size="1376" />
	<plugin fragment="true" id="org.eclipse.actf.visualization.ui.report.nl_hi" unpack="false" version="3.5.0.v20090620043401" download-size="1386" install-size="1386" />
</feature>