<?xml version="1.0" encoding="UTF-8" ?>
<feature
	id="org.eclipse.babel.nls_tptp.platform_pl"
	label="Babel Language Pack for tptp.platform in Polish (16.56%)"
	image="eclipse_update_120.jpg"
	provider-name="%providerName"
	version="3.5.0.v20090620043401">
	<copyright>
		%copyright
	</copyright>
	<license url="%licenseURL">
		%license
	</license>
	<description>Babel Language Pack for tptp.platform in Polish</description>
	<plugin fragment="true" id="org.eclipse.hyades.analysis.engine.nl_pl" unpack="false" version="3.5.0.v20090620043401" download-size="1374" install-size="1374" />
	<plugin fragment="true" id="org.eclipse.hyades.logging.adapter.nl_pl" unpack="false" version="3.5.0.v20090620043401" download-size="3076" install-size="3076" />
	<plugin fragment="true" id="org.eclipse.hyades.logging.adapter.ui.nl_pl" unpack="false" version="3.5.0.v20090620043401" download-size="4486" install-size="4486" />
	<plugin fragment="true" id="org.eclipse.hyades.logging.parsers.nl_pl" unpack="false" version="3.5.0.v20090620043401" download-size="2459" install-size="2459" />
	<plugin fragment="true" id="org.eclipse.hyades.probekit.ui.nl_pl" unpack="false" version="3.5.0.v20090620043401" download-size="3986" install-size="3986" />
	<plugin fragment="true" id="org.eclipse.hyades.resources.database.nl_pl" unpack="false" version="3.5.0.v20090620043401" download-size="1377" install-size="1377" />
	<plugin fragment="true" id="org.eclipse.hyades.sdb.nl_pl" unpack="false" version="3.5.0.v20090620043401" download-size="6388" install-size="6388" />
	<plugin fragment="true" id="org.eclipse.hyades.statistical.ui.nl_pl" unpack="false" version="3.5.0.v20090620043401" download-size="1379" install-size="1379" />
	<plugin fragment="true" id="org.eclipse.hyades.test.core.nl_pl" unpack="false" version="3.5.0.v20090620043401" download-size="3227" install-size="3227" />
	<plugin fragment="true" id="org.eclipse.hyades.test.tools.ui.nl_pl" unpack="false" version="3.5.0.v20090620043401" download-size="3547" install-size="3547" />
	<plugin fragment="true" id="org.eclipse.hyades.test.ui.extensions.nl_pl" unpack="false" version="3.5.0.v20090620043401" download-size="2665" install-size="2665" />
	<plugin fragment="true" id="org.eclipse.hyades.test.ui.nl_pl" unpack="false" version="3.5.0.v20090620043401" download-size="8955" install-size="8955" />
	<plugin fragment="true" id="org.eclipse.hyades.trace.ui.nl_pl" unpack="false" version="3.5.0.v20090620043401" download-size="5925" install-size="5925" />
	<plugin fragment="true" id="org.eclipse.hyades.trace.views.nl_pl" unpack="false" version="3.5.0.v20090620043401" download-size="2642" install-size="2642" />
	<plugin fragment="true" id="org.eclipse.hyades.ui.nl_pl" unpack="false" version="3.5.0.v20090620043401" download-size="1381" install-size="1381" />
	<plugin fragment="true" id="org.eclipse.tptp.lta.gla.ui.epi.nl_pl" unpack="false" version="3.5.0.v20090620043401" download-size="1371" install-size="1371" />
	<plugin fragment="true" id="org.eclipse.tptp.lta.log.epi.nl_pl" unpack="false" version="3.5.0.v20090620043401" download-size="1458" install-size="1458" />
	<plugin fragment="true" id="org.eclipse.tptp.lta.runtime.nl_pl" unpack="false" version="3.5.0.v20090620043401" download-size="1370" install-size="1370" />
	<plugin fragment="true" id="org.eclipse.tptp.lta.sdb.epi.nl_pl" unpack="false" version="3.5.0.v20090620043401" download-size="1373" install-size="1373" />
	<plugin fragment="true" id="org.eclipse.tptp.lta.symptom.epi.nl_pl" unpack="false" version="3.5.0.v20090620043401" download-size="1375" install-size="1375" />
	<plugin fragment="true" id="org.eclipse.tptp.monitoring.la.core.nl_pl" unpack="false" version="3.5.0.v20090620043401" download-size="1374" install-size="1374" />
	<plugin fragment="true" id="org.eclipse.tptp.monitoring.logui.nl_pl" unpack="false" version="3.5.0.v20090620043401" download-size="2767" install-size="2767" />
	<plugin fragment="true" id="org.eclipse.tptp.monitoring.lta.doc.isv.nl_pl" unpack="false" version="3.5.0.v20090620043401" download-size="1377" install-size="1377" />
	<plugin fragment="true" id="org.eclipse.tptp.monitoring.lta.doc.user.nl_pl" unpack="false" version="3.5.0.v20090620043401" download-size="1377" install-size="1377" />
	<plugin fragment="true" id="org.eclipse.tptp.monitoring.lta.examples.isv.nl_pl" unpack="false" version="3.5.0.v20090620043401" download-size="2911" install-size="2911" />
	<plugin fragment="true" id="org.eclipse.tptp.monitoring.lta.examples.nl_pl" unpack="false" version="3.5.0.v20090620043401" download-size="2694" install-size="2694" />
	<plugin fragment="true" id="org.eclipse.tptp.monitoring.managedagent.jmx.nl_pl" unpack="false" version="3.5.0.v20090620043401" download-size="2676" install-size="2676" />
	<plugin fragment="true" id="org.eclipse.tptp.monitoring.managedagent.ui.nl_pl" unpack="false" version="3.5.0.v20090620043401" download-size="5013" install-size="5013" />
	<plugin fragment="true" id="org.eclipse.tptp.monitoring.profile.server.nl_pl" unpack="false" version="3.5.0.v20090620043401" download-size="1380" install-size="1380" />
	<plugin fragment="true" id="org.eclipse.tptp.monitoring.report.birt.nl_pl" unpack="false" version="3.5.0.v20090620043401" download-size="2617" install-size="2617" />
	<plugin fragment="true" id="org.eclipse.tptp.monitoring.symptom.doc.user.nl_pl" unpack="false" version="3.5.0.v20090620043401" download-size="1380" install-size="1380" />
	<plugin fragment="true" id="org.eclipse.tptp.monitoring.symptom.editor.nl_pl" unpack="false" version="3.5.0.v20090620043401" download-size="1378" install-size="1378" />
	<plugin fragment="true" id="org.eclipse.tptp.platform.agentcontroller.nl_pl" unpack="false" version="3.5.0.v20090620043401" download-size="2564" install-size="2564" />
	<plugin fragment="true" id="org.eclipse.tptp.platform.analysis.codereview.cpp.nl_pl" unpack="false" version="3.5.0.v20090620043401" download-size="1384" install-size="1384" />
	<plugin fragment="true" id="org.eclipse.tptp.platform.analysis.codereview.cpp.rules.nl_pl" unpack="false" version="3.5.0.v20090620043401" download-size="1516" install-size="1516" />
	<plugin fragment="true" id="org.eclipse.tptp.platform.analysis.codereview.java.nl_pl" unpack="false" version="3.5.0.v20090620043401" download-size="1417" install-size="1417" />
	<plugin fragment="true" id="org.eclipse.tptp.platform.analysis.codereview.java.rules.nl_pl" unpack="false" version="3.5.0.v20090620043401" download-size="1598" install-size="1598" />
	<plugin fragment="true" id="org.eclipse.tptp.platform.analysis.core.nl_pl" unpack="false" version="3.5.0.v20090620043401" download-size="2547" install-size="2547" />
	<plugin fragment="true" id="org.eclipse.tptp.platform.analysis.core.ui.nl_pl" unpack="false" version="3.5.0.v20090620043401" download-size="2944" install-size="2944" />
	<plugin fragment="true" id="org.eclipse.tptp.platform.common.nl_pl" unpack="false" version="3.5.0.v20090620043401" download-size="2313" install-size="2313" />
	<plugin fragment="true" id="org.eclipse.tptp.platform.common.ui.nl_pl" unpack="false" version="3.5.0.v20090620043401" download-size="4835" install-size="4835" />
	<plugin fragment="true" id="org.eclipse.tptp.platform.common.ui.trace.nl_pl" unpack="false" version="3.5.0.v20090620043401" download-size="3107" install-size="3107" />
	<plugin fragment="true" id="org.eclipse.tptp.platform.examples.isv.nl_pl" unpack="false" version="3.5.0.v20090620043401" download-size="2620" install-size="2620" />
	<plugin fragment="true" id="org.eclipse.tptp.platform.examples.nl_pl" unpack="false" version="3.5.0.v20090620043401" download-size="1408" install-size="1408" />
	<plugin fragment="true" id="org.eclipse.tptp.platform.iac.administrator.nl_pl" unpack="false" version="3.5.0.v20090620043401" download-size="2749" install-size="2749" />
	<plugin fragment="true" id="org.eclipse.tptp.platform.instrumentation.ui.nl_pl" unpack="false" version="3.5.0.v20090620043401" download-size="3208" install-size="3208" />
	<plugin fragment="true" id="org.eclipse.tptp.platform.integration.pde.nl_pl" unpack="false" version="3.5.0.v20090620043401" download-size="2730" install-size="2730" />
	<plugin fragment="true" id="org.eclipse.tptp.platform.la.core.nl_pl" unpack="false" version="3.5.0.v20090620043401" download-size="2633" install-size="2633" />
	<plugin fragment="true" id="org.eclipse.tptp.platform.llc.core.nl_pl" unpack="false" version="3.5.0.v20090620043401" download-size="1374" install-size="1374" />
	<plugin fragment="true" id="org.eclipse.tptp.platform.llc.doc.user.nl_pl" unpack="false" version="3.5.0.v20090620043401" download-size="1378" install-size="1378" />
	<plugin fragment="true" id="org.eclipse.tptp.platform.llc.launch.nl_pl" unpack="false" version="3.5.0.v20090620043401" download-size="2839" install-size="2839" />
	<plugin fragment="true" id="org.eclipse.tptp.platform.llc.ui.nl_pl" unpack="false" version="3.5.0.v20090620043401" download-size="1373" install-size="1373" />
	<plugin fragment="true" id="org.eclipse.tptp.platform.log.doc.user.nl_pl" unpack="false" version="3.5.0.v20090620043401" download-size="1376" install-size="1376" />
	<plugin fragment="true" id="org.eclipse.tptp.platform.log.views.nl_pl" unpack="false" version="3.5.0.v20090620043401" download-size="3938" install-size="3938" />
	<plugin fragment="true" id="org.eclipse.tptp.platform.lta.common.nl_pl" unpack="false" version="3.5.0.v20090620043401" download-size="2426" install-size="2426" />
	<plugin fragment="true" id="org.eclipse.tptp.platform.models.lta.nl_pl" unpack="false" version="3.5.0.v20090620043401" download-size="1374" install-size="1374" />
	<plugin fragment="true" id="org.eclipse.tptp.platform.models.nl_pl" unpack="false" version="3.5.0.v20090620043401" download-size="3155" install-size="3155" />
	<plugin fragment="true" id="org.eclipse.tptp.platform.probekit.launch.nl_pl" unpack="false" version="3.5.0.v20090620043401" download-size="3664" install-size="3664" />
	<plugin fragment="true" id="org.eclipse.tptp.platform.report.birt.ui.nl_pl" unpack="false" version="3.5.0.v20090620043401" download-size="2524" install-size="2524" />
	<plugin fragment="true" id="org.eclipse.tptp.platform.report.core.nl_pl" unpack="false" version="3.5.0.v20090620043401" download-size="1442" install-size="1442" />
	<plugin fragment="true" id="org.eclipse.tptp.platform.report.ui.nl_pl" unpack="false" version="3.5.0.v20090620043401" download-size="1472" install-size="1472" />
	<plugin fragment="true" id="org.eclipse.tptp.test.auto.gui.nl_pl" unpack="false" version="3.5.0.v20090620043401" download-size="2826" install-size="2826" />
	<plugin fragment="true" id="org.eclipse.tptp.test.auto.nl_pl" unpack="false" version="3.5.0.v20090620043401" download-size="1367" install-size="1367" />
	<plugin fragment="true" id="org.eclipse.tptp.test.recorders.url.nl_pl" unpack="false" version="3.5.0.v20090620043401" download-size="3848" install-size="3848" />
	<plugin fragment="true" id="org.eclipse.tptp.test.report.birt.nl_pl" unpack="false" version="3.5.0.v20090620043401" download-size="2564" install-size="2564" />
	<plugin fragment="true" id="org.eclipse.tptp.test.samples.nl_pl" unpack="false" version="3.5.0.v20090620043401" download-size="2746" install-size="2746" />
	<plugin fragment="true" id="org.eclipse.tptp.test.tools.junit.plugin.nl_pl" unpack="false" version="3.5.0.v20090620043401" download-size="3201" install-size="3201" />
	<plugin fragment="true" id="org.eclipse.tptp.test.tools.manual.doc.user.nl_pl" unpack="false" version="3.5.0.v20090620043401" download-size="1378" install-size="1378" />
	<plugin fragment="true" id="org.eclipse.tptp.test.tools.manual.nl_pl" unpack="false" version="3.5.0.v20090620043401" download-size="4078" install-size="4078" />
	<plugin fragment="true" id="org.eclipse.tptp.trace.arm.nl_pl" unpack="false" version="3.5.0.v20090620043401" download-size="1407" install-size="1407" />
	<plugin fragment="true" id="org.eclipse.tptp.trace.arm.ui.nl_pl" unpack="false" version="3.5.0.v20090620043401" download-size="2496" install-size="2496" />
	<plugin fragment="true" id="org.eclipse.tptp.trace.jvmti.client.nl_pl" unpack="false" version="3.5.0.v20090620043401" download-size="2724" install-size="2724" />
	<plugin fragment="true" id="org.eclipse.tptp.trace.memory.nl_pl" unpack="false" version="3.5.0.v20090620043401" download-size="1374" install-size="1374" />
	<plugin fragment="true" id="org.eclipse.tptp.trace.report.birt.nl_pl" unpack="false" version="3.5.0.v20090620043401" download-size="2505" install-size="2505" />
</feature>