<?xml version="1.0" encoding="UTF-8" ?>
<feature
	id="org.eclipse.babel.nls_webtools.jsf_uk"
	label="Babel Language Pack for webtools.jsf in Ukrainian (9.84%)"
	image="eclipse_update_120.jpg"
	provider-name="%providerName"
	version="3.5.0.v20090620043401">
	<copyright>
		%copyright
	</copyright>
	<license url="%licenseURL">
		%license
	</license>
	<description>Babel Language Pack for webtools.jsf in Ukrainian</description>
	<plugin fragment="true" id="org.eclipse.jst.jsf.apache.trinidad.tagsupport.nl_uk" unpack="false" version="3.5.0.v20090620043401" download-size="3142" install-size="3142" />
	<plugin fragment="true" id="org.eclipse.jst.jsf.common.nl_uk" unpack="false" version="3.5.0.v20090620043401" download-size="1371" install-size="1371" />
	<plugin fragment="true" id="org.eclipse.jst.jsf.common.runtime.nl_uk" unpack="false" version="3.5.0.v20090620043401" download-size="1379" install-size="1379" />
	<plugin fragment="true" id="org.eclipse.jst.jsf.common.ui.nl_uk" unpack="false" version="3.5.0.v20090620043401" download-size="4175" install-size="4175" />
	<plugin fragment="true" id="org.eclipse.jst.jsf.core.nl_uk" unpack="false" version="3.5.0.v20090620043401" download-size="3569" install-size="3569" />
	<plugin fragment="true" id="org.eclipse.jst.jsf.facesconfig.nl_uk" unpack="false" version="3.5.0.v20090620043401" download-size="3474" install-size="3474" />
	<plugin fragment="true" id="org.eclipse.jst.jsf.facesconfig.ui.nl_uk" unpack="false" version="3.5.0.v20090620043401" download-size="6093" install-size="6093" />
	<plugin fragment="true" id="org.eclipse.jst.jsf.standard.tagsupport.nl_uk" unpack="false" version="3.5.0.v20090620043401" download-size="2232" install-size="2232" />
	<plugin fragment="true" id="org.eclipse.jst.jsf.ui.nl_uk" unpack="false" version="3.5.0.v20090620043401" download-size="3570" install-size="3570" />
	<plugin fragment="true" id="org.eclipse.jst.pagedesigner.jsf.ui.nl_uk" unpack="false" version="3.5.0.v20090620043401" download-size="3913" install-size="3913" />
	<plugin fragment="true" id="org.eclipse.jst.pagedesigner.jsp.core.nl_uk" unpack="false" version="3.5.0.v20090620043401" download-size="1378" install-size="1378" />
	<plugin fragment="true" id="org.eclipse.jst.pagedesigner.nl_uk" unpack="false" version="3.5.0.v20090620043401" download-size="5866" install-size="5866" />
</feature>