<?xml version="1.0" encoding="UTF-8" ?>
<feature
	id="org.eclipse.babel.nls_technology.dltk_fi"
	label="Babel Language Pack for technology.dltk in Finnish (56.49%)"
	image="eclipse_update_120.jpg"
	provider-name="%providerName"
	version="3.5.0.v20090620043401">
	<copyright>
		%copyright
	</copyright>
	<license url="%licenseURL">
		%license
	</license>
	<description>Babel Language Pack for technology.dltk in Finnish</description>
	<plugin fragment="true" id="org.eclipse.dltk.console.nl_fi" unpack="false" version="3.5.0.v20090620043401" download-size="1368" install-size="1368" />
	<plugin fragment="true" id="org.eclipse.dltk.console.ui.nl_fi" unpack="false" version="3.5.0.v20090620043401" download-size="2412" install-size="2412" />
	<plugin fragment="true" id="org.eclipse.dltk.core.doc.isv.nl_fi" unpack="false" version="3.5.0.v20090620043401" download-size="1373" install-size="1373" />
	<plugin fragment="true" id="org.eclipse.dltk.core.nl_fi" unpack="false" version="3.5.0.v20090620043401" download-size="5530" install-size="5530" />
	<plugin fragment="true" id="org.eclipse.dltk.debug.nl_fi" unpack="false" version="3.5.0.v20090620043401" download-size="3279" install-size="3279" />
	<plugin fragment="true" id="org.eclipse.dltk.debug.ui.nl_fi" unpack="false" version="3.5.0.v20090620043401" download-size="9845" install-size="9845" />
	<plugin fragment="true" id="org.eclipse.dltk.formatter.nl_fi" unpack="false" version="3.5.0.v20090620043401" download-size="2333" install-size="2333" />
	<plugin fragment="true" id="org.eclipse.dltk.itcl.core.nl_fi" unpack="false" version="3.5.0.v20090620043401" download-size="1370" install-size="1370" />
	<plugin fragment="true" id="org.eclipse.dltk.itcl.nl_fi" unpack="false" version="3.5.0.v20090620043401" download-size="1366" install-size="1366" />
	<plugin fragment="true" id="org.eclipse.dltk.itcl.ui.nl_fi" unpack="false" version="3.5.0.v20090620043401" download-size="1368" install-size="1368" />
	<plugin fragment="true" id="org.eclipse.dltk.javascript.core.dom.support.nl_fi" unpack="false" version="3.5.0.v20090620043401" download-size="1381" install-size="1381" />
	<plugin fragment="true" id="org.eclipse.dltk.javascript.core.nl_fi" unpack="false" version="3.5.0.v20090620043401" download-size="1374" install-size="1374" />
	<plugin fragment="true" id="org.eclipse.dltk.javascript.debug.nl_fi" unpack="false" version="3.5.0.v20090620043401" download-size="1375" install-size="1375" />
	<plugin fragment="true" id="org.eclipse.dltk.javascript.debug.ui.nl_fi" unpack="false" version="3.5.0.v20090620043401" download-size="3306" install-size="3306" />
	<plugin fragment="true" id="org.eclipse.dltk.javascript.formatter.nl_fi" unpack="false" version="3.5.0.v20090620043401" download-size="3056" install-size="3056" />
	<plugin fragment="true" id="org.eclipse.dltk.javascript.jsjdtdebugger.nl_fi" unpack="false" version="3.5.0.v20090620043401" download-size="1381" install-size="1381" />
	<plugin fragment="true" id="org.eclipse.dltk.javascript.launching.nl_fi" unpack="false" version="3.5.0.v20090620043401" download-size="1379" install-size="1379" />
	<plugin fragment="true" id="org.eclipse.dltk.javascript.rhino.dbgp.nl_fi" unpack="false" version="3.5.0.v20090620043401" download-size="1379" install-size="1379" />
	<plugin fragment="true" id="org.eclipse.dltk.javascript.rhino.nl_fi" unpack="false" version="3.5.0.v20090620043401" download-size="1375" install-size="1375" />
	<plugin fragment="true" id="org.eclipse.dltk.javascript.ui.nl_fi" unpack="false" version="3.5.0.v20090620043401" download-size="3207" install-size="3207" />
	<plugin fragment="true" id="org.eclipse.dltk.launching.nl_fi" unpack="false" version="3.5.0.v20090620043401" download-size="2991" install-size="2991" />
	<plugin fragment="true" id="org.eclipse.dltk.mylyn.nl_fi" unpack="false" version="3.5.0.v20090620043401" download-size="1368" install-size="1368" />
	<plugin fragment="true" id="org.eclipse.dltk.nl_fi" unpack="false" version="3.5.0.v20090620043401" download-size="1363" install-size="1363" />
	<plugin fragment="true" id="org.eclipse.dltk.python.activestatedebugger.nl_fi" unpack="false" version="3.5.0.v20090620043401" download-size="1381" install-size="1381" />
	<plugin fragment="true" id="org.eclipse.dltk.python.core.nl_fi" unpack="false" version="3.5.0.v20090620043401" download-size="1371" install-size="1371" />
	<plugin fragment="true" id="org.eclipse.dltk.python.debug.nl_fi" unpack="false" version="3.5.0.v20090620043401" download-size="1373" install-size="1373" />
	<plugin fragment="true" id="org.eclipse.dltk.python.debug.ui.nl_fi" unpack="false" version="3.5.0.v20090620043401" download-size="3114" install-size="3114" />
	<plugin fragment="true" id="org.eclipse.dltk.python.launching.nl_fi" unpack="false" version="3.5.0.v20090620043401" download-size="1375" install-size="1375" />
	<plugin fragment="true" id="org.eclipse.dltk.python.ui.nl_fi" unpack="false" version="3.5.0.v20090620043401" download-size="2781" install-size="2781" />
	<plugin fragment="true" id="org.eclipse.dltk.rse.core.nl_fi" unpack="false" version="3.5.0.v20090620043401" download-size="1370" install-size="1370" />
	<plugin fragment="true" id="org.eclipse.dltk.rse.nl_fi" unpack="false" version="3.5.0.v20090620043401" download-size="1365" install-size="1365" />
	<plugin fragment="true" id="org.eclipse.dltk.rse.ui.nl_fi" unpack="false" version="3.5.0.v20090620043401" download-size="1368" install-size="1368" />
	<plugin fragment="true" id="org.eclipse.dltk.ruby.abstractdebugger.nl_fi" unpack="false" version="3.5.0.v20090620043401" download-size="1378" install-size="1378" />
	<plugin fragment="true" id="org.eclipse.dltk.ruby.activestatedebugger.nl_fi" unpack="false" version="3.5.0.v20090620043401" download-size="1380" install-size="1380" />
	<plugin fragment="true" id="org.eclipse.dltk.ruby.basicdebugger.nl_fi" unpack="false" version="3.5.0.v20090620043401" download-size="1375" install-size="1375" />
	<plugin fragment="true" id="org.eclipse.dltk.ruby.core.nl_fi" unpack="false" version="3.5.0.v20090620043401" download-size="1916" install-size="1916" />
	<plugin fragment="true" id="org.eclipse.dltk.ruby.debug.nl_fi" unpack="false" version="3.5.0.v20090620043401" download-size="1371" install-size="1371" />
	<plugin fragment="true" id="org.eclipse.dltk.ruby.debug.ui.nl_fi" unpack="false" version="3.5.0.v20090620043401" download-size="3107" install-size="3107" />
	<plugin fragment="true" id="org.eclipse.dltk.ruby.fastdebugger.nl_fi" unpack="false" version="3.5.0.v20090620043401" download-size="1375" install-size="1375" />
	<plugin fragment="true" id="org.eclipse.dltk.ruby.formatter.nl_fi" unpack="false" version="3.5.0.v20090620043401" download-size="2534" install-size="2534" />
	<plugin fragment="true" id="org.eclipse.dltk.ruby.launching.nl_fi" unpack="false" version="3.5.0.v20090620043401" download-size="1374" install-size="1374" />
	<plugin fragment="true" id="org.eclipse.dltk.ruby.nl_fi" unpack="false" version="3.5.0.v20090620043401" download-size="1367" install-size="1367" />
	<plugin fragment="true" id="org.eclipse.dltk.ruby.testing.nl_fi" unpack="false" version="3.5.0.v20090620043401" download-size="1373" install-size="1373" />
	<plugin fragment="true" id="org.eclipse.dltk.ruby.ui.nl_fi" unpack="false" version="3.5.0.v20090620043401" download-size="4992" install-size="4992" />
	<plugin fragment="true" id="org.eclipse.dltk.tcl.activestatedebugger.nl_fi" unpack="false" version="3.5.0.v20090620043401" download-size="2727" install-size="2727" />
	<plugin fragment="true" id="org.eclipse.dltk.tcl.core.nl_fi" unpack="false" version="3.5.0.v20090620043401" download-size="1388" install-size="1388" />
	<plugin fragment="true" id="org.eclipse.dltk.tcl.debug.nl_fi" unpack="false" version="3.5.0.v20090620043401" download-size="1371" install-size="1371" />
	<plugin fragment="true" id="org.eclipse.dltk.tcl.debug.ui.nl_fi" unpack="false" version="3.5.0.v20090620043401" download-size="3592" install-size="3592" />
	<plugin fragment="true" id="org.eclipse.dltk.tcl.doc.user.nl_fi" unpack="false" version="3.5.0.v20090620043401" download-size="1736" install-size="1736" />
	<plugin fragment="true" id="org.eclipse.dltk.tcl.launching.nl_fi" unpack="false" version="3.5.0.v20090620043401" download-size="1374" install-size="1374" />
	<plugin fragment="true" id="org.eclipse.dltk.tcl.nl_fi" unpack="false" version="3.5.0.v20090620043401" download-size="1365" install-size="1365" />
	<plugin fragment="true" id="org.eclipse.dltk.tcl.parser.nl_fi" unpack="false" version="3.5.0.v20090620043401" download-size="2977" install-size="2977" />
	<plugin fragment="true" id="org.eclipse.dltk.tcl.tclchecker.nl_fi" unpack="false" version="3.5.0.v20090620043401" download-size="4197" install-size="4197" />
	<plugin fragment="true" id="org.eclipse.dltk.tcl.tcllib.nl_fi" unpack="false" version="3.5.0.v20090620043401" download-size="1371" install-size="1371" />
	<plugin fragment="true" id="org.eclipse.dltk.tcl.testing.nl_fi" unpack="false" version="3.5.0.v20090620043401" download-size="1370" install-size="1370" />
	<plugin fragment="true" id="org.eclipse.dltk.tcl.testing.tcltest.nl_fi" unpack="false" version="3.5.0.v20090620043401" download-size="1375" install-size="1375" />
	<plugin fragment="true" id="org.eclipse.dltk.tcl.ui.nl_fi" unpack="false" version="3.5.0.v20090620043401" download-size="4329" install-size="4329" />
	<plugin fragment="true" id="org.eclipse.dltk.tcl.validators.nl_fi" unpack="false" version="3.5.0.v20090620043401" download-size="1373" install-size="1373" />
	<plugin fragment="true" id="org.eclipse.dltk.testing.nl_fi" unpack="false" version="3.5.0.v20090620043401" download-size="8233" install-size="8233" />
	<plugin fragment="true" id="org.eclipse.dltk.ui.nl_fi" unpack="false" version="3.5.0.v20090620043401" download-size="75657" install-size="75657" />
	<plugin fragment="true" id="org.eclipse.dltk.validators.core.nl_fi" unpack="false" version="3.5.0.v20090620043401" download-size="2895" install-size="2895" />
	<plugin fragment="true" id="org.eclipse.dltk.validators.externalchecker.nl_fi" unpack="false" version="3.5.0.v20090620043401" download-size="3390" install-size="3390" />
	<plugin fragment="true" id="org.eclipse.dltk.validators.ui.nl_fi" unpack="false" version="3.5.0.v20090620043401" download-size="3299" install-size="3299" />
	<plugin fragment="true" id="org.eclipse.dltk.xotcl.core.nl_fi" unpack="false" version="3.5.0.v20090620043401" download-size="1371" install-size="1371" />
	<plugin fragment="true" id="org.eclipse.dltk.xotcl.nl_fi" unpack="false" version="3.5.0.v20090620043401" download-size="1367" install-size="1367" />
	<plugin fragment="true" id="org.eclipse.dltk.xotcl.testing.xounit.nl_fi" unpack="false" version="3.5.0.v20090620043401" download-size="1378" install-size="1378" />
	<plugin fragment="true" id="org.eclipse.dltk.xotcl.ui.nl_fi" unpack="false" version="3.5.0.v20090620043401" download-size="1370" install-size="1370" />
</feature>