<?xml version="1.0" encoding="UTF-8" ?>
<feature
	id="org.eclipse.babel.nls_tptp.platform_tr"
	label="Babel Language Pack for tptp.platform in Turkish (17.22%)"
	image="eclipse_update_120.jpg"
	provider-name="%providerName"
	version="3.5.0.v20090620043401">
	<copyright>
		%copyright
	</copyright>
	<license url="%licenseURL">
		%license
	</license>
	<description>Babel Language Pack for tptp.platform in Turkish</description>
	<plugin fragment="true" id="org.eclipse.hyades.analysis.engine.nl_tr" unpack="false" version="3.5.0.v20090620043401" download-size="1374" install-size="1374" />
	<plugin fragment="true" id="org.eclipse.hyades.logging.adapter.nl_tr" unpack="false" version="3.5.0.v20090620043401" download-size="3089" install-size="3089" />
	<plugin fragment="true" id="org.eclipse.hyades.logging.adapter.ui.nl_tr" unpack="false" version="3.5.0.v20090620043401" download-size="4615" install-size="4615" />
	<plugin fragment="true" id="org.eclipse.hyades.logging.parsers.nl_tr" unpack="false" version="3.5.0.v20090620043401" download-size="2473" install-size="2473" />
	<plugin fragment="true" id="org.eclipse.hyades.probekit.ui.nl_tr" unpack="false" version="3.5.0.v20090620043401" download-size="3968" install-size="3968" />
	<plugin fragment="true" id="org.eclipse.hyades.resources.database.nl_tr" unpack="false" version="3.5.0.v20090620043401" download-size="1377" install-size="1377" />
	<plugin fragment="true" id="org.eclipse.hyades.sdb.nl_tr" unpack="false" version="3.5.0.v20090620043401" download-size="6403" install-size="6403" />
	<plugin fragment="true" id="org.eclipse.hyades.statistical.ui.nl_tr" unpack="false" version="3.5.0.v20090620043401" download-size="1379" install-size="1379" />
	<plugin fragment="true" id="org.eclipse.hyades.test.core.nl_tr" unpack="false" version="3.5.0.v20090620043401" download-size="3257" install-size="3257" />
	<plugin fragment="true" id="org.eclipse.hyades.test.tools.ui.nl_tr" unpack="false" version="3.5.0.v20090620043401" download-size="3587" install-size="3587" />
	<plugin fragment="true" id="org.eclipse.hyades.test.ui.extensions.nl_tr" unpack="false" version="3.5.0.v20090620043401" download-size="2660" install-size="2660" />
	<plugin fragment="true" id="org.eclipse.hyades.test.ui.nl_tr" unpack="false" version="3.5.0.v20090620043401" download-size="9112" install-size="9112" />
	<plugin fragment="true" id="org.eclipse.hyades.trace.ui.nl_tr" unpack="false" version="3.5.0.v20090620043401" download-size="5964" install-size="5964" />
	<plugin fragment="true" id="org.eclipse.hyades.trace.views.nl_tr" unpack="false" version="3.5.0.v20090620043401" download-size="2703" install-size="2703" />
	<plugin fragment="true" id="org.eclipse.hyades.ui.nl_tr" unpack="false" version="3.5.0.v20090620043401" download-size="1390" install-size="1390" />
	<plugin fragment="true" id="org.eclipse.tptp.lta.gla.ui.epi.nl_tr" unpack="false" version="3.5.0.v20090620043401" download-size="1372" install-size="1372" />
	<plugin fragment="true" id="org.eclipse.tptp.lta.log.epi.nl_tr" unpack="false" version="3.5.0.v20090620043401" download-size="1415" install-size="1415" />
	<plugin fragment="true" id="org.eclipse.tptp.lta.runtime.nl_tr" unpack="false" version="3.5.0.v20090620043401" download-size="1371" install-size="1371" />
	<plugin fragment="true" id="org.eclipse.tptp.lta.sdb.epi.nl_tr" unpack="false" version="3.5.0.v20090620043401" download-size="1374" install-size="1374" />
	<plugin fragment="true" id="org.eclipse.tptp.lta.symptom.epi.nl_tr" unpack="false" version="3.5.0.v20090620043401" download-size="1376" install-size="1376" />
	<plugin fragment="true" id="org.eclipse.tptp.monitoring.la.core.nl_tr" unpack="false" version="3.5.0.v20090620043401" download-size="1374" install-size="1374" />
	<plugin fragment="true" id="org.eclipse.tptp.monitoring.logui.nl_tr" unpack="false" version="3.5.0.v20090620043401" download-size="2755" install-size="2755" />
	<plugin fragment="true" id="org.eclipse.tptp.monitoring.lta.doc.isv.nl_tr" unpack="false" version="3.5.0.v20090620043401" download-size="1378" install-size="1378" />
	<plugin fragment="true" id="org.eclipse.tptp.monitoring.lta.doc.user.nl_tr" unpack="false" version="3.5.0.v20090620043401" download-size="1377" install-size="1377" />
	<plugin fragment="true" id="org.eclipse.tptp.monitoring.lta.examples.isv.nl_tr" unpack="false" version="3.5.0.v20090620043401" download-size="2936" install-size="2936" />
	<plugin fragment="true" id="org.eclipse.tptp.monitoring.lta.examples.nl_tr" unpack="false" version="3.5.0.v20090620043401" download-size="2696" install-size="2696" />
	<plugin fragment="true" id="org.eclipse.tptp.monitoring.managedagent.jmx.nl_tr" unpack="false" version="3.5.0.v20090620043401" download-size="2658" install-size="2658" />
	<plugin fragment="true" id="org.eclipse.tptp.monitoring.managedagent.ui.nl_tr" unpack="false" version="3.5.0.v20090620043401" download-size="5002" install-size="5002" />
	<plugin fragment="true" id="org.eclipse.tptp.monitoring.profile.server.nl_tr" unpack="false" version="3.5.0.v20090620043401" download-size="1381" install-size="1381" />
	<plugin fragment="true" id="org.eclipse.tptp.monitoring.report.birt.nl_tr" unpack="false" version="3.5.0.v20090620043401" download-size="2597" install-size="2597" />
	<plugin fragment="true" id="org.eclipse.tptp.monitoring.symptom.doc.user.nl_tr" unpack="false" version="3.5.0.v20090620043401" download-size="1383" install-size="1383" />
	<plugin fragment="true" id="org.eclipse.tptp.monitoring.symptom.editor.nl_tr" unpack="false" version="3.5.0.v20090620043401" download-size="1378" install-size="1378" />
	<plugin fragment="true" id="org.eclipse.tptp.platform.agentcontroller.nl_tr" unpack="false" version="3.5.0.v20090620043401" download-size="2596" install-size="2596" />
	<plugin fragment="true" id="org.eclipse.tptp.platform.analysis.codereview.cpp.nl_tr" unpack="false" version="3.5.0.v20090620043401" download-size="1384" install-size="1384" />
	<plugin fragment="true" id="org.eclipse.tptp.platform.analysis.codereview.cpp.rules.nl_tr" unpack="false" version="3.5.0.v20090620043401" download-size="1488" install-size="1488" />
	<plugin fragment="true" id="org.eclipse.tptp.platform.analysis.codereview.java.nl_tr" unpack="false" version="3.5.0.v20090620043401" download-size="1429" install-size="1429" />
	<plugin fragment="true" id="org.eclipse.tptp.platform.analysis.codereview.java.rules.nl_tr" unpack="false" version="3.5.0.v20090620043401" download-size="1597" install-size="1597" />
	<plugin fragment="true" id="org.eclipse.tptp.platform.analysis.core.nl_tr" unpack="false" version="3.5.0.v20090620043401" download-size="2527" install-size="2527" />
	<plugin fragment="true" id="org.eclipse.tptp.platform.analysis.core.ui.nl_tr" unpack="false" version="3.5.0.v20090620043401" download-size="2994" install-size="2994" />
	<plugin fragment="true" id="org.eclipse.tptp.platform.common.nl_tr" unpack="false" version="3.5.0.v20090620043401" download-size="2317" install-size="2317" />
	<plugin fragment="true" id="org.eclipse.tptp.platform.common.ui.nl_tr" unpack="false" version="3.5.0.v20090620043401" download-size="4821" install-size="4821" />
	<plugin fragment="true" id="org.eclipse.tptp.platform.common.ui.trace.nl_tr" unpack="false" version="3.5.0.v20090620043401" download-size="3097" install-size="3097" />
	<plugin fragment="true" id="org.eclipse.tptp.platform.examples.isv.nl_tr" unpack="false" version="3.5.0.v20090620043401" download-size="2635" install-size="2635" />
	<plugin fragment="true" id="org.eclipse.tptp.platform.examples.nl_tr" unpack="false" version="3.5.0.v20090620043401" download-size="1403" install-size="1403" />
	<plugin fragment="true" id="org.eclipse.tptp.platform.iac.administrator.nl_tr" unpack="false" version="3.5.0.v20090620043401" download-size="3314" install-size="3314" />
	<plugin fragment="true" id="org.eclipse.tptp.platform.instrumentation.ui.nl_tr" unpack="false" version="3.5.0.v20090620043401" download-size="3202" install-size="3202" />
	<plugin fragment="true" id="org.eclipse.tptp.platform.integration.pde.nl_tr" unpack="false" version="3.5.0.v20090620043401" download-size="2757" install-size="2757" />
	<plugin fragment="true" id="org.eclipse.tptp.platform.la.core.nl_tr" unpack="false" version="3.5.0.v20090620043401" download-size="2650" install-size="2650" />
	<plugin fragment="true" id="org.eclipse.tptp.platform.llc.core.nl_tr" unpack="false" version="3.5.0.v20090620043401" download-size="1373" install-size="1373" />
	<plugin fragment="true" id="org.eclipse.tptp.platform.llc.doc.user.nl_tr" unpack="false" version="3.5.0.v20090620043401" download-size="1378" install-size="1378" />
	<plugin fragment="true" id="org.eclipse.tptp.platform.llc.launch.nl_tr" unpack="false" version="3.5.0.v20090620043401" download-size="2837" install-size="2837" />
	<plugin fragment="true" id="org.eclipse.tptp.platform.llc.ui.nl_tr" unpack="false" version="3.5.0.v20090620043401" download-size="1373" install-size="1373" />
	<plugin fragment="true" id="org.eclipse.tptp.platform.log.doc.user.nl_tr" unpack="false" version="3.5.0.v20090620043401" download-size="1377" install-size="1377" />
	<plugin fragment="true" id="org.eclipse.tptp.platform.log.views.nl_tr" unpack="false" version="3.5.0.v20090620043401" download-size="3844" install-size="3844" />
	<plugin fragment="true" id="org.eclipse.tptp.platform.lta.common.nl_tr" unpack="false" version="3.5.0.v20090620043401" download-size="2418" install-size="2418" />
	<plugin fragment="true" id="org.eclipse.tptp.platform.models.lta.nl_tr" unpack="false" version="3.5.0.v20090620043401" download-size="1375" install-size="1375" />
	<plugin fragment="true" id="org.eclipse.tptp.platform.models.nl_tr" unpack="false" version="3.5.0.v20090620043401" download-size="3172" install-size="3172" />
	<plugin fragment="true" id="org.eclipse.tptp.platform.probekit.launch.nl_tr" unpack="false" version="3.5.0.v20090620043401" download-size="3665" install-size="3665" />
	<plugin fragment="true" id="org.eclipse.tptp.platform.report.birt.nl_tr" unpack="false" version="3.5.0.v20090620043401" download-size="1389" install-size="1389" />
	<plugin fragment="true" id="org.eclipse.tptp.platform.report.birt.ui.nl_tr" unpack="false" version="3.5.0.v20090620043401" download-size="2526" install-size="2526" />
	<plugin fragment="true" id="org.eclipse.tptp.platform.report.core.nl_tr" unpack="false" version="3.5.0.v20090620043401" download-size="1461" install-size="1461" />
	<plugin fragment="true" id="org.eclipse.tptp.platform.report.ui.nl_tr" unpack="false" version="3.5.0.v20090620043401" download-size="1486" install-size="1486" />
	<plugin fragment="true" id="org.eclipse.tptp.test.auto.gui.nl_tr" unpack="false" version="3.5.0.v20090620043401" download-size="2850" install-size="2850" />
	<plugin fragment="true" id="org.eclipse.tptp.test.auto.nl_tr" unpack="false" version="3.5.0.v20090620043401" download-size="1369" install-size="1369" />
	<plugin fragment="true" id="org.eclipse.tptp.test.recorders.url.nl_tr" unpack="false" version="3.5.0.v20090620043401" download-size="4733" install-size="4733" />
	<plugin fragment="true" id="org.eclipse.tptp.test.report.birt.nl_tr" unpack="false" version="3.5.0.v20090620043401" download-size="3405" install-size="3405" />
	<plugin fragment="true" id="org.eclipse.tptp.test.samples.nl_tr" unpack="false" version="3.5.0.v20090620043401" download-size="2862" install-size="2862" />
	<plugin fragment="true" id="org.eclipse.tptp.test.tools.junit.plugin.nl_tr" unpack="false" version="3.5.0.v20090620043401" download-size="3226" install-size="3226" />
	<plugin fragment="true" id="org.eclipse.tptp.test.tools.manual.doc.user.nl_tr" unpack="false" version="3.5.0.v20090620043401" download-size="1380" install-size="1380" />
	<plugin fragment="true" id="org.eclipse.tptp.test.tools.manual.nl_tr" unpack="false" version="3.5.0.v20090620043401" download-size="4117" install-size="4117" />
	<plugin fragment="true" id="org.eclipse.tptp.trace.arm.nl_tr" unpack="false" version="3.5.0.v20090620043401" download-size="1395" install-size="1395" />
	<plugin fragment="true" id="org.eclipse.tptp.trace.arm.ui.nl_tr" unpack="false" version="3.5.0.v20090620043401" download-size="2514" install-size="2514" />
	<plugin fragment="true" id="org.eclipse.tptp.trace.jvmti.client.nl_tr" unpack="false" version="3.5.0.v20090620043401" download-size="2772" install-size="2772" />
	<plugin fragment="true" id="org.eclipse.tptp.trace.memory.nl_tr" unpack="false" version="3.5.0.v20090620043401" download-size="1374" install-size="1374" />
	<plugin fragment="true" id="org.eclipse.tptp.trace.report.birt.nl_tr" unpack="false" version="3.5.0.v20090620043401" download-size="2513" install-size="2513" />
</feature>