<?xml version="1.0" encoding="UTF-8" ?>
<feature
	id="org.eclipse.babel.nls_tptp.platform_pt_BR"
	label="Babel Language Pack for tptp.platform in Portuguese (Brazilian) (17.75%)"
	image="eclipse_update_120.jpg"
	provider-name="%providerName"
	version="3.5.0.v20090620043401">
	<copyright>
		%copyright
	</copyright>
	<license url="%licenseURL">
		%license
	</license>
	<description>Babel Language Pack for tptp.platform in Portuguese (Brazilian)</description>
	<plugin fragment="true" id="org.eclipse.hyades.analysis.engine.nl_pt_BR" unpack="false" version="3.5.0.v20090620043401" download-size="1398" install-size="1398" />
	<plugin fragment="true" id="org.eclipse.hyades.logging.adapter.nl_pt_BR" unpack="false" version="3.5.0.v20090620043401" download-size="3110" install-size="3110" />
	<plugin fragment="true" id="org.eclipse.hyades.logging.adapter.ui.nl_pt_BR" unpack="false" version="3.5.0.v20090620043401" download-size="4578" install-size="4578" />
	<plugin fragment="true" id="org.eclipse.hyades.logging.parsers.nl_pt_BR" unpack="false" version="3.5.0.v20090620043401" download-size="2481" install-size="2481" />
	<plugin fragment="true" id="org.eclipse.hyades.probekit.ui.nl_pt_BR" unpack="false" version="3.5.0.v20090620043401" download-size="3980" install-size="3980" />
	<plugin fragment="true" id="org.eclipse.hyades.resources.database.nl_pt_BR" unpack="false" version="3.5.0.v20090620043401" download-size="1397" install-size="1397" />
	<plugin fragment="true" id="org.eclipse.hyades.sdb.nl_pt_BR" unpack="false" version="3.5.0.v20090620043401" download-size="6430" install-size="6430" />
	<plugin fragment="true" id="org.eclipse.hyades.statistical.ui.nl_pt_BR" unpack="false" version="3.5.0.v20090620043401" download-size="1402" install-size="1402" />
	<plugin fragment="true" id="org.eclipse.hyades.test.core.nl_pt_BR" unpack="false" version="3.5.0.v20090620043401" download-size="3280" install-size="3280" />
	<plugin fragment="true" id="org.eclipse.hyades.test.tools.ui.nl_pt_BR" unpack="false" version="3.5.0.v20090620043401" download-size="3601" install-size="3601" />
	<plugin fragment="true" id="org.eclipse.hyades.test.ui.extensions.nl_pt_BR" unpack="false" version="3.5.0.v20090620043401" download-size="2682" install-size="2682" />
	<plugin fragment="true" id="org.eclipse.hyades.test.ui.nl_pt_BR" unpack="false" version="3.5.0.v20090620043401" download-size="9160" install-size="9160" />
	<plugin fragment="true" id="org.eclipse.hyades.trace.ui.nl_pt_BR" unpack="false" version="3.5.0.v20090620043401" download-size="5942" install-size="5942" />
	<plugin fragment="true" id="org.eclipse.hyades.trace.views.nl_pt_BR" unpack="false" version="3.5.0.v20090620043401" download-size="2662" install-size="2662" />
	<plugin fragment="true" id="org.eclipse.hyades.ui.nl_pt_BR" unpack="false" version="3.5.0.v20090620043401" download-size="1406" install-size="1406" />
	<plugin fragment="true" id="org.eclipse.tptp.lta.gla.ui.epi.nl_pt_BR" unpack="false" version="3.5.0.v20090620043401" download-size="1394" install-size="1394" />
	<plugin fragment="true" id="org.eclipse.tptp.lta.log.epi.nl_pt_BR" unpack="false" version="3.5.0.v20090620043401" download-size="1517" install-size="1517" />
	<plugin fragment="true" id="org.eclipse.tptp.lta.runtime.nl_pt_BR" unpack="false" version="3.5.0.v20090620043401" download-size="1391" install-size="1391" />
	<plugin fragment="true" id="org.eclipse.tptp.lta.sdb.epi.nl_pt_BR" unpack="false" version="3.5.0.v20090620043401" download-size="1394" install-size="1394" />
	<plugin fragment="true" id="org.eclipse.tptp.lta.symptom.epi.nl_pt_BR" unpack="false" version="3.5.0.v20090620043401" download-size="1396" install-size="1396" />
	<plugin fragment="true" id="org.eclipse.tptp.monitoring.la.core.nl_pt_BR" unpack="false" version="3.5.0.v20090620043401" download-size="1398" install-size="1398" />
	<plugin fragment="true" id="org.eclipse.tptp.monitoring.logui.nl_pt_BR" unpack="false" version="3.5.0.v20090620043401" download-size="2798" install-size="2798" />
	<plugin fragment="true" id="org.eclipse.tptp.monitoring.lta.doc.isv.nl_pt_BR" unpack="false" version="3.5.0.v20090620043401" download-size="1401" install-size="1401" />
	<plugin fragment="true" id="org.eclipse.tptp.monitoring.lta.doc.user.nl_pt_BR" unpack="false" version="3.5.0.v20090620043401" download-size="1401" install-size="1401" />
	<plugin fragment="true" id="org.eclipse.tptp.monitoring.lta.examples.isv.nl_pt_BR" unpack="false" version="3.5.0.v20090620043401" download-size="2925" install-size="2925" />
	<plugin fragment="true" id="org.eclipse.tptp.monitoring.lta.examples.nl_pt_BR" unpack="false" version="3.5.0.v20090620043401" download-size="2722" install-size="2722" />
	<plugin fragment="true" id="org.eclipse.tptp.monitoring.managedagent.jmx.nl_pt_BR" unpack="false" version="3.5.0.v20090620043401" download-size="2673" install-size="2673" />
	<plugin fragment="true" id="org.eclipse.tptp.monitoring.managedagent.ui.nl_pt_BR" unpack="false" version="3.5.0.v20090620043401" download-size="5005" install-size="5005" />
	<plugin fragment="true" id="org.eclipse.tptp.monitoring.profile.server.nl_pt_BR" unpack="false" version="3.5.0.v20090620043401" download-size="1405" install-size="1405" />
	<plugin fragment="true" id="org.eclipse.tptp.monitoring.report.birt.nl_pt_BR" unpack="false" version="3.5.0.v20090620043401" download-size="2638" install-size="2638" />
	<plugin fragment="true" id="org.eclipse.tptp.monitoring.symptom.doc.user.nl_pt_BR" unpack="false" version="3.5.0.v20090620043401" download-size="1405" install-size="1405" />
	<plugin fragment="true" id="org.eclipse.tptp.monitoring.symptom.editor.nl_pt_BR" unpack="false" version="3.5.0.v20090620043401" download-size="1399" install-size="1399" />
	<plugin fragment="true" id="org.eclipse.tptp.platform.agentcontroller.nl_pt_BR" unpack="false" version="3.5.0.v20090620043401" download-size="2622" install-size="2622" />
	<plugin fragment="true" id="org.eclipse.tptp.platform.analysis.codereview.cpp.nl_pt_BR" unpack="false" version="3.5.0.v20090620043401" download-size="1408" install-size="1408" />
	<plugin fragment="true" id="org.eclipse.tptp.platform.analysis.codereview.cpp.rules.nl_pt_BR" unpack="false" version="3.5.0.v20090620043401" download-size="1523" install-size="1523" />
	<plugin fragment="true" id="org.eclipse.tptp.platform.analysis.codereview.java.nl_pt_BR" unpack="false" version="3.5.0.v20090620043401" download-size="1445" install-size="1445" />
	<plugin fragment="true" id="org.eclipse.tptp.platform.analysis.codereview.java.rules.nl_pt_BR" unpack="false" version="3.5.0.v20090620043401" download-size="1599" install-size="1599" />
	<plugin fragment="true" id="org.eclipse.tptp.platform.analysis.core.nl_pt_BR" unpack="false" version="3.5.0.v20090620043401" download-size="2561" install-size="2561" />
	<plugin fragment="true" id="org.eclipse.tptp.platform.analysis.core.ui.nl_pt_BR" unpack="false" version="3.5.0.v20090620043401" download-size="2969" install-size="2969" />
	<plugin fragment="true" id="org.eclipse.tptp.platform.common.nl_pt_BR" unpack="false" version="3.5.0.v20090620043401" download-size="2385" install-size="2385" />
	<plugin fragment="true" id="org.eclipse.tptp.platform.common.ui.nl_pt_BR" unpack="false" version="3.5.0.v20090620043401" download-size="4902" install-size="4902" />
	<plugin fragment="true" id="org.eclipse.tptp.platform.common.ui.trace.nl_pt_BR" unpack="false" version="3.5.0.v20090620043401" download-size="3128" install-size="3128" />
	<plugin fragment="true" id="org.eclipse.tptp.platform.examples.isv.nl_pt_BR" unpack="false" version="3.5.0.v20090620043401" download-size="2649" install-size="2649" />
	<plugin fragment="true" id="org.eclipse.tptp.platform.examples.nl_pt_BR" unpack="false" version="3.5.0.v20090620043401" download-size="1430" install-size="1430" />
	<plugin fragment="true" id="org.eclipse.tptp.platform.iac.administrator.nl_pt_BR" unpack="false" version="3.5.0.v20090620043401" download-size="3321" install-size="3321" />
	<plugin fragment="true" id="org.eclipse.tptp.platform.instrumentation.ui.nl_pt_BR" unpack="false" version="3.5.0.v20090620043401" download-size="3217" install-size="3217" />
	<plugin fragment="true" id="org.eclipse.tptp.platform.integration.pde.nl_pt_BR" unpack="false" version="3.5.0.v20090620043401" download-size="2757" install-size="2757" />
	<plugin fragment="true" id="org.eclipse.tptp.platform.la.core.nl_pt_BR" unpack="false" version="3.5.0.v20090620043401" download-size="2662" install-size="2662" />
	<plugin fragment="true" id="org.eclipse.tptp.platform.llc.core.nl_pt_BR" unpack="false" version="3.5.0.v20090620043401" download-size="1397" install-size="1397" />
	<plugin fragment="true" id="org.eclipse.tptp.platform.llc.doc.user.nl_pt_BR" unpack="false" version="3.5.0.v20090620043401" download-size="1402" install-size="1402" />
	<plugin fragment="true" id="org.eclipse.tptp.platform.llc.launch.nl_pt_BR" unpack="false" version="3.5.0.v20090620043401" download-size="2851" install-size="2851" />
	<plugin fragment="true" id="org.eclipse.tptp.platform.llc.ui.nl_pt_BR" unpack="false" version="3.5.0.v20090620043401" download-size="1393" install-size="1393" />
	<plugin fragment="true" id="org.eclipse.tptp.platform.log.doc.user.nl_pt_BR" unpack="false" version="3.5.0.v20090620043401" download-size="1401" install-size="1401" />
	<plugin fragment="true" id="org.eclipse.tptp.platform.log.views.nl_pt_BR" unpack="false" version="3.5.0.v20090620043401" download-size="3953" install-size="3953" />
	<plugin fragment="true" id="org.eclipse.tptp.platform.lta.common.nl_pt_BR" unpack="false" version="3.5.0.v20090620043401" download-size="2440" install-size="2440" />
	<plugin fragment="true" id="org.eclipse.tptp.platform.models.lta.nl_pt_BR" unpack="false" version="3.5.0.v20090620043401" download-size="1398" install-size="1398" />
	<plugin fragment="true" id="org.eclipse.tptp.platform.models.nl_pt_BR" unpack="false" version="3.5.0.v20090620043401" download-size="3186" install-size="3186" />
	<plugin fragment="true" id="org.eclipse.tptp.platform.probekit.launch.nl_pt_BR" unpack="false" version="3.5.0.v20090620043401" download-size="3682" install-size="3682" />
	<plugin fragment="true" id="org.eclipse.tptp.platform.report.birt.nl_pt_BR" unpack="false" version="3.5.0.v20090620043401" download-size="1409" install-size="1409" />
	<plugin fragment="true" id="org.eclipse.tptp.platform.report.birt.ui.nl_pt_BR" unpack="false" version="3.5.0.v20090620043401" download-size="2557" install-size="2557" />
	<plugin fragment="true" id="org.eclipse.tptp.platform.report.core.nl_pt_BR" unpack="false" version="3.5.0.v20090620043401" download-size="1470" install-size="1470" />
	<plugin fragment="true" id="org.eclipse.tptp.platform.report.ui.nl_pt_BR" unpack="false" version="3.5.0.v20090620043401" download-size="1476" install-size="1476" />
	<plugin fragment="true" id="org.eclipse.tptp.test.auto.gui.nl_pt_BR" unpack="false" version="3.5.0.v20090620043401" download-size="2902" install-size="2902" />
	<plugin fragment="true" id="org.eclipse.tptp.test.auto.nl_pt_BR" unpack="false" version="3.5.0.v20090620043401" download-size="1389" install-size="1389" />
	<plugin fragment="true" id="org.eclipse.tptp.test.recorders.url.nl_pt_BR" unpack="false" version="3.5.0.v20090620043401" download-size="4781" install-size="4781" />
	<plugin fragment="true" id="org.eclipse.tptp.test.report.birt.nl_pt_BR" unpack="false" version="3.5.0.v20090620043401" download-size="3427" install-size="3427" />
	<plugin fragment="true" id="org.eclipse.tptp.test.samples.nl_pt_BR" unpack="false" version="3.5.0.v20090620043401" download-size="2863" install-size="2863" />
	<plugin fragment="true" id="org.eclipse.tptp.test.tools.junit.plugin.nl_pt_BR" unpack="false" version="3.5.0.v20090620043401" download-size="3236" install-size="3236" />
	<plugin fragment="true" id="org.eclipse.tptp.test.tools.manual.doc.user.nl_pt_BR" unpack="false" version="3.5.0.v20090620043401" download-size="1399" install-size="1399" />
	<plugin fragment="true" id="org.eclipse.tptp.test.tools.manual.nl_pt_BR" unpack="false" version="3.5.0.v20090620043401" download-size="4137" install-size="4137" />
	<plugin fragment="true" id="org.eclipse.tptp.trace.arm.nl_pt_BR" unpack="false" version="3.5.0.v20090620043401" download-size="1415" install-size="1415" />
	<plugin fragment="true" id="org.eclipse.tptp.trace.arm.ui.nl_pt_BR" unpack="false" version="3.5.0.v20090620043401" download-size="2529" install-size="2529" />
	<plugin fragment="true" id="org.eclipse.tptp.trace.jvmti.client.nl_pt_BR" unpack="false" version="3.5.0.v20090620043401" download-size="2740" install-size="2740" />
	<plugin fragment="true" id="org.eclipse.tptp.trace.memory.nl_pt_BR" unpack="false" version="3.5.0.v20090620043401" download-size="1398" install-size="1398" />
	<plugin fragment="true" id="org.eclipse.tptp.trace.report.birt.nl_pt_BR" unpack="false" version="3.5.0.v20090620043401" download-size="2535" install-size="2535" />
</feature>