<?xml version="1.0" encoding="UTF-8" ?>
<feature
	id="org.eclipse.babel.nls_modeling.m2t_pt_BR"
	label="Babel Language Pack for modeling.m2t in Portuguese (Brazilian) (10.41%)"
	image="eclipse_update_120.jpg"
	provider-name="%providerName"
	version="3.5.0.v20090620043401">
	<copyright>
		%copyright
	</copyright>
	<license url="%licenseURL">
		%license
	</license>
	<description>Babel Language Pack for modeling.m2t in Portuguese (Brazilian)</description>
	<plugin fragment="true" id="org.eclipse.acceleo.common.nl_pt_BR" unpack="false" version="3.5.0.v20090620043401" download-size="1389" install-size="1389" />
	<plugin fragment="true" id="org.eclipse.acceleo.engine.nl_pt_BR" unpack="false" version="3.5.0.v20090620043401" download-size="1389" install-size="1389" />
	<plugin fragment="true" id="org.eclipse.acceleo.ide.ui.nl_pt_BR" unpack="false" version="3.5.0.v20090620043401" download-size="2762" install-size="2762" />
	<plugin fragment="true" id="org.eclipse.acceleo.model.nl_pt_BR" unpack="false" version="3.5.0.v20090620043401" download-size="1389" install-size="1389" />
	<plugin fragment="true" id="org.eclipse.acceleo.parser.nl_pt_BR" unpack="false" version="3.5.0.v20090620043401" download-size="2361" install-size="2361" />
</feature>