<?xml version="1.0" encoding="UTF-8" ?>
<feature
	id="org.eclipse.babel.nls_webtools.webservices_sv"
	label="Babel Language Pack for webtools.webservices in Swedish (89.12%)"
	image="eclipse_update_120.jpg"
	provider-name="%providerName"
	version="3.5.0.v20090620043401">
	<copyright>
		%copyright
	</copyright>
	<license url="%licenseURL">
		%license
	</license>
	<description>Babel Language Pack for webtools.webservices in Swedish</description>
	<plugin fragment="true" id="org.eclipse.jst.ws.axis.consumption.core.nl_sv" unpack="false" version="3.5.0.v20090620043401" download-size="4265" install-size="4265" />
	<plugin fragment="true" id="org.eclipse.jst.ws.axis.consumption.ui.nl_sv" unpack="false" version="3.5.0.v20090620043401" download-size="4627" install-size="4627" />
	<plugin fragment="true" id="org.eclipse.jst.ws.axis.creation.ui.nl_sv" unpack="false" version="3.5.0.v20090620043401" download-size="3992" install-size="3992" />
	<plugin fragment="true" id="org.eclipse.jst.ws.axis2.consumption.core.nl_sv" unpack="false" version="3.5.0.v20090620043401" download-size="2811" install-size="2811" />
	<plugin fragment="true" id="org.eclipse.jst.ws.axis2.consumption.ui.nl_sv" unpack="false" version="3.5.0.v20090620043401" download-size="1426" install-size="1426" />
	<plugin fragment="true" id="org.eclipse.jst.ws.axis2.core.nl_sv" unpack="false" version="3.5.0.v20090620043401" download-size="2691" install-size="2691" />
	<plugin fragment="true" id="org.eclipse.jst.ws.axis2.creation.core.nl_sv" unpack="false" version="3.5.0.v20090620043401" download-size="2778" install-size="2778" />
	<plugin fragment="true" id="org.eclipse.jst.ws.axis2.creation.ui.nl_sv" unpack="false" version="3.5.0.v20090620043401" download-size="1381" install-size="1381" />
	<plugin fragment="true" id="org.eclipse.jst.ws.axis2.ui.doc.user.nl_sv" unpack="false" version="3.5.0.v20090620043401" download-size="1377" install-size="1377" />
	<plugin fragment="true" id="org.eclipse.jst.ws.axis2.ui.nl_sv" unpack="false" version="3.5.0.v20090620043401" download-size="1376" install-size="1376" />
	<plugin fragment="true" id="org.eclipse.jst.ws.consumption.nl_sv" unpack="false" version="3.5.0.v20090620043401" download-size="4865" install-size="4865" />
	<plugin fragment="true" id="org.eclipse.jst.ws.consumption.ui.nl_sv" unpack="false" version="3.5.0.v20090620043401" download-size="10228" install-size="10228" />
	<plugin fragment="true" id="org.eclipse.jst.ws.creation.ejb.ui.nl_sv" unpack="false" version="3.5.0.v20090620043401" download-size="1513" install-size="1513" />
	<plugin fragment="true" id="org.eclipse.jst.ws.creation.ui.nl_sv" unpack="false" version="3.5.0.v20090620043401" download-size="3021" install-size="3021" />
	<plugin fragment="true" id="org.eclipse.jst.ws.nl_sv" unpack="false" version="3.5.0.v20090620043401" download-size="3652" install-size="3652" />
	<plugin fragment="true" id="org.eclipse.jst.ws.uddiregistry.nl_sv" unpack="false" version="3.5.0.v20090620043401" download-size="2827" install-size="2827" />
	<plugin fragment="true" id="org.eclipse.jst.ws.ui.nl_sv" unpack="false" version="3.5.0.v20090620043401" download-size="3607" install-size="3607" />
	<plugin fragment="true" id="org.eclipse.wst.command.env.core.nl_sv" unpack="false" version="3.5.0.v20090620043401" download-size="2714" install-size="2714" />
	<plugin fragment="true" id="org.eclipse.wst.command.env.nl_sv" unpack="false" version="3.5.0.v20090620043401" download-size="4998" install-size="4998" />
	<plugin fragment="true" id="org.eclipse.wst.command.env.ui.nl_sv" unpack="false" version="3.5.0.v20090620043401" download-size="3266" install-size="3266" />
	<plugin fragment="true" id="org.eclipse.wst.ws.explorer.nl_sv" unpack="false" version="3.5.0.v20090620043401" download-size="17029" install-size="17029" />
	<plugin fragment="true" id="org.eclipse.wst.ws.nl_sv" unpack="false" version="3.5.0.v20090620043401" download-size="2801" install-size="2801" />
	<plugin fragment="true" id="org.eclipse.wst.ws.parser.nl_sv" unpack="false" version="3.5.0.v20090620043401" download-size="3261" install-size="3261" />
	<plugin fragment="true" id="org.eclipse.wst.ws.service.policy.nl_sv" unpack="false" version="3.5.0.v20090620043401" download-size="1501" install-size="1501" />
	<plugin fragment="true" id="org.eclipse.wst.ws.service.policy.ui.nl_sv" unpack="false" version="3.5.0.v20090620043401" download-size="2885" install-size="2885" />
	<plugin fragment="true" id="org.eclipse.wst.ws.ui.nl_sv" unpack="false" version="3.5.0.v20090620043401" download-size="3089" install-size="3089" />
	<plugin fragment="true" id="org.eclipse.wst.wsdl.nl_sv" unpack="false" version="3.5.0.v20090620043401" download-size="1366" install-size="1366" />
	<plugin fragment="true" id="org.eclipse.wst.wsdl.ui.nl_sv" unpack="false" version="3.5.0.v20090620043401" download-size="6177" install-size="6177" />
	<plugin fragment="true" id="org.eclipse.wst.wsdl.validation.nl_sv" unpack="false" version="3.5.0.v20090620043401" download-size="7903" install-size="7903" />
	<plugin fragment="true" id="org.eclipse.wst.wsi.nl_sv" unpack="false" version="3.5.0.v20090620043401" download-size="5860" install-size="5860" />
	<plugin fragment="true" id="org.eclipse.wst.wsi.ui.nl_sv" unpack="false" version="3.5.0.v20090620043401" download-size="3937" install-size="3937" />
</feature>