<?xml version="1.0" encoding="UTF-8" ?>
<feature
	id="org.eclipse.babel.nls_modeling.mdt_da"
	label="Babel Language Pack for modeling.mdt in Danish (23.57%)"
	image="eclipse_update_120.jpg"
	provider-name="%providerName"
	version="3.5.0.v20090620043401">
	<copyright>
		%copyright
	</copyright>
	<license url="%licenseURL">
		%license
	</license>
	<description>Babel Language Pack for modeling.mdt in Danish</description>
	<plugin fragment="true" id="org.eclipse.emf.examples.library.edit.nl_da" unpack="false" version="3.5.0.v20090620043401" download-size="1744" install-size="1744" />
	<plugin fragment="true" id="org.eclipse.emf.examples.library.editor.nl_da" unpack="false" version="3.5.0.v20090620043401" download-size="1997" install-size="1997" />
	<plugin fragment="true" id="org.eclipse.emf.examples.library.nl_da" unpack="false" version="3.5.0.v20090620043401" download-size="1372" install-size="1372" />
	<plugin fragment="true" id="org.eclipse.emf.ocl.doc.nl_da" unpack="false" version="3.5.0.v20090620043401" download-size="1380" install-size="1380" />
	<plugin fragment="true" id="org.eclipse.emf.ocl.examples.interpreter.nl_da" unpack="false" version="3.5.0.v20090620043401" download-size="2857" install-size="2857" />
	<plugin fragment="true" id="org.eclipse.emf.ocl.examples.nl_da" unpack="false" version="3.5.0.v20090620043401" download-size="1389" install-size="1389" />
	<plugin fragment="true" id="org.eclipse.emf.ocl.nl_da" unpack="false" version="3.5.0.v20090620043401" download-size="1383" install-size="1383" />
	<plugin fragment="true" id="org.eclipse.emf.ocl.tests.nl_da" unpack="false" version="3.5.0.v20090620043401" download-size="1386" install-size="1386" />
	<plugin fragment="true" id="org.eclipse.ocl.doc.nl_da" unpack="false" version="3.5.0.v20090620043401" download-size="1377" install-size="1377" />
	<plugin fragment="true" id="org.eclipse.ocl.ecore.nl_da" unpack="false" version="3.5.0.v20090620043401" download-size="1383" install-size="1383" />
	<plugin fragment="true" id="org.eclipse.ocl.ecore.tests.nl_da" unpack="false" version="3.5.0.v20090620043401" download-size="1387" install-size="1387" />
	<plugin fragment="true" id="org.eclipse.ocl.nl_da" unpack="false" version="3.5.0.v20090620043401" download-size="2493" install-size="2493" />
	<plugin fragment="true" id="org.eclipse.ocl.uml.nl_da" unpack="false" version="3.5.0.v20090620043401" download-size="1383" install-size="1383" />
	<plugin fragment="true" id="org.eclipse.ocl.uml.tests.nl_da" unpack="false" version="3.5.0.v20090620043401" download-size="1386" install-size="1386" />
	<plugin fragment="true" id="org.eclipse.uml2.codegen.ecore.nl_da" unpack="false" version="3.5.0.v20090620043401" download-size="1386" install-size="1386" />
	<plugin fragment="true" id="org.eclipse.uml2.codegen.ecore.ui.nl_da" unpack="false" version="3.5.0.v20090620043401" download-size="1538" install-size="1538" />
	<plugin fragment="true" id="org.eclipse.uml2.common.edit.nl_da" unpack="false" version="3.5.0.v20090620043401" download-size="1384" install-size="1384" />
	<plugin fragment="true" id="org.eclipse.uml2.common.nl_da" unpack="false" version="3.5.0.v20090620043401" download-size="1381" install-size="1381" />
	<plugin fragment="true" id="org.eclipse.uml2.diagram.activity.nl_da" unpack="false" version="3.5.0.v20090620043401" download-size="2108" install-size="2108" />
	<plugin fragment="true" id="org.eclipse.uml2.diagram.clazz.nl_da" unpack="false" version="3.5.0.v20090620043401" download-size="3317" install-size="3317" />
	<plugin fragment="true" id="org.eclipse.uml2.diagram.clazz.tests.nl_da" unpack="false" version="3.5.0.v20090620043401" download-size="1376" install-size="1376" />
	<plugin fragment="true" id="org.eclipse.uml2.diagram.codegen.edit.nl_da" unpack="false" version="3.5.0.v20090620043401" download-size="1720" install-size="1720" />
	<plugin fragment="true" id="org.eclipse.uml2.diagram.codegen.nl_da" unpack="false" version="3.5.0.v20090620043401" download-size="1372" install-size="1372" />
	<plugin fragment="true" id="org.eclipse.uml2.diagram.common.nl_da" unpack="false" version="3.5.0.v20090620043401" download-size="2014" install-size="2014" />
	<plugin fragment="true" id="org.eclipse.uml2.diagram.common.notation.nl_da" unpack="false" version="3.5.0.v20090620043401" download-size="1377" install-size="1377" />
	<plugin fragment="true" id="org.eclipse.uml2.diagram.common.tests.nl_da" unpack="false" version="3.5.0.v20090620043401" download-size="1376" install-size="1376" />
	<plugin fragment="true" id="org.eclipse.uml2.diagram.component.nl_da" unpack="false" version="3.5.0.v20090620043401" download-size="2564" install-size="2564" />
	<plugin fragment="true" id="org.eclipse.uml2.diagram.csd.nl_da" unpack="false" version="3.5.0.v20090620043401" download-size="2592" install-size="2592" />
	<plugin fragment="true" id="org.eclipse.uml2.diagram.def.nl_da" unpack="false" version="3.5.0.v20090620043401" download-size="1370" install-size="1370" />
	<plugin fragment="true" id="org.eclipse.uml2.diagram.deploy.nl_da" unpack="false" version="3.5.0.v20090620043401" download-size="2311" install-size="2311" />
	<plugin fragment="true" id="org.eclipse.uml2.diagram.examples.activity.nl_da" unpack="false" version="3.5.0.v20090620043401" download-size="1378" install-size="1378" />
	<plugin fragment="true" id="org.eclipse.uml2.diagram.examples.clazz.nl_da" unpack="false" version="3.5.0.v20090620043401" download-size="1377" install-size="1377" />
	<plugin fragment="true" id="org.eclipse.uml2.diagram.examples.profile.nl_da" unpack="false" version="3.5.0.v20090620043401" download-size="1378" install-size="1378" />
	<plugin fragment="true" id="org.eclipse.uml2.diagram.examples.statemachine.nl_da" unpack="false" version="3.5.0.v20090620043401" download-size="1382" install-size="1382" />
	<plugin fragment="true" id="org.eclipse.uml2.diagram.nl_da" unpack="false" version="3.5.0.v20090620043401" download-size="1368" install-size="1368" />
	<plugin fragment="true" id="org.eclipse.uml2.diagram.parser.nl_da" unpack="false" version="3.5.0.v20090620043401" download-size="1372" install-size="1372" />
	<plugin fragment="true" id="org.eclipse.uml2.diagram.profile.nl_da" unpack="false" version="3.5.0.v20090620043401" download-size="2635" install-size="2635" />
	<plugin fragment="true" id="org.eclipse.uml2.diagram.profile.tests.nl_da" unpack="false" version="3.5.0.v20090620043401" download-size="1376" install-size="1376" />
	<plugin fragment="true" id="org.eclipse.uml2.diagram.sequence.model.nl_da" unpack="false" version="3.5.0.v20090620043401" download-size="1390" install-size="1390" />
	<plugin fragment="true" id="org.eclipse.uml2.diagram.sequence.nl_da" unpack="false" version="3.5.0.v20090620043401" download-size="1955" install-size="1955" />
	<plugin fragment="true" id="org.eclipse.uml2.diagram.sequence.tests.nl_da" unpack="false" version="3.5.0.v20090620043401" download-size="1391" install-size="1391" />
	<plugin fragment="true" id="org.eclipse.uml2.diagram.statemachine.nl_da" unpack="false" version="3.5.0.v20090620043401" download-size="1970" install-size="1970" />
	<plugin fragment="true" id="org.eclipse.uml2.diagram.statemachine.tests.nl_da" unpack="false" version="3.5.0.v20090620043401" download-size="1379" install-size="1379" />
	<plugin fragment="true" id="org.eclipse.uml2.diagram.usecase.nl_da" unpack="false" version="3.5.0.v20090620043401" download-size="2364" install-size="2364" />
	<plugin fragment="true" id="org.eclipse.uml2.doc.nl_da" unpack="false" version="3.5.0.v20090620043401" download-size="1379" install-size="1379" />
	<plugin fragment="true" id="org.eclipse.uml2.examples.nl_da" unpack="false" version="3.5.0.v20090620043401" download-size="1382" install-size="1382" />
	<plugin fragment="true" id="org.eclipse.uml2.examples.uml.ui.nl_da" unpack="false" version="3.5.0.v20090620043401" download-size="1448" install-size="1448" />
	<plugin fragment="true" id="org.eclipse.uml2.nl_da" unpack="false" version="3.5.0.v20090620043401" download-size="1376" install-size="1376" />
	<plugin fragment="true" id="org.eclipse.uml2.tests.nl_da" unpack="false" version="3.5.0.v20090620043401" download-size="1380" install-size="1380" />
	<plugin fragment="true" id="org.eclipse.uml2.uml.ecore.importer.nl_da" unpack="false" version="3.5.0.v20090620043401" download-size="1387" install-size="1387" />
	<plugin fragment="true" id="org.eclipse.uml2.uml.edit.nl_da" unpack="false" version="3.5.0.v20090620043401" download-size="3949" install-size="3949" />
	<plugin fragment="true" id="org.eclipse.uml2.uml.editor.nl_da" unpack="false" version="3.5.0.v20090620043401" download-size="2035" install-size="2035" />
	<plugin fragment="true" id="org.eclipse.uml2.uml.nl_da" unpack="false" version="3.5.0.v20090620043401" download-size="1463" install-size="1463" />
	<plugin fragment="true" id="org.eclipse.uml2.uml.resources.nl_da" unpack="false" version="3.5.0.v20090620043401" download-size="8883" install-size="8883" />
	<plugin fragment="true" id="org.eclipse.uml2.uml.tests.nl_da" unpack="false" version="3.5.0.v20090620043401" download-size="1382" install-size="1382" />
	<plugin fragment="true" id="org.eclipse.uml2tools.doc.nl_da" unpack="false" version="3.5.0.v20090620043401" download-size="1368" install-size="1368" />
	<plugin fragment="true" id="org.eclipse.uml2tools.nl_da" unpack="false" version="3.5.0.v20090620043401" download-size="1366" install-size="1366" />
</feature>