<?xml version="1.0" encoding="UTF-8" ?>
<feature
	id="org.eclipse.babel.nls_datatools_iw"
	label="Babel Language Pack for datatools in Hebrew (19.9%)"
	image="eclipse_update_120.jpg"
	provider-name="%providerName"
	version="3.5.0.v20090620043401">
	<copyright>
		%copyright
	</copyright>
	<license url="%licenseURL">
		%license
	</license>
	<description>Babel Language Pack for datatools in Hebrew</description>
	<plugin fragment="true" id="org.eclipse.datatools.connectivity.apache.derby.dbdefinition.nl_iw" unpack="false" version="3.5.0.v20090620043401" download-size="1376" install-size="1376" />
	<plugin fragment="true" id="org.eclipse.datatools.connectivity.apache.derby.nl_iw" unpack="false" version="3.5.0.v20090620043401" download-size="1441" install-size="1441" />
	<plugin fragment="true" id="org.eclipse.datatools.connectivity.apache.derby.ui.nl_iw" unpack="false" version="3.5.0.v20090620043401" download-size="3558" install-size="3558" />
	<plugin fragment="true" id="org.eclipse.datatools.connectivity.console.profile.nl_iw" unpack="false" version="3.5.0.v20090620043401" download-size="2524" install-size="2524" />
	<plugin fragment="true" id="org.eclipse.datatools.connectivity.db.generic.nl_iw" unpack="false" version="3.5.0.v20090620043401" download-size="2600" install-size="2600" />
	<plugin fragment="true" id="org.eclipse.datatools.connectivity.db.generic.ui.nl_iw" unpack="false" version="3.5.0.v20090620043401" download-size="1365" install-size="1365" />
	<plugin fragment="true" id="org.eclipse.datatools.connectivity.dbdefinition.genericJDBC.nl_iw" unpack="false" version="3.5.0.v20090620043401" download-size="1398" install-size="1398" />
	<plugin fragment="true" id="org.eclipse.datatools.connectivity.nl_iw" unpack="false" version="3.5.0.v20090620043401" download-size="3165" install-size="3165" />
	<plugin fragment="true" id="org.eclipse.datatools.connectivity.oda.design.nl_iw" unpack="false" version="3.5.0.v20090620043401" download-size="1363" install-size="1363" />
	<plugin fragment="true" id="org.eclipse.datatools.connectivity.oda.design.ui.nl_iw" unpack="false" version="3.5.0.v20090620043401" download-size="2921" install-size="2921" />
	<plugin fragment="true" id="org.eclipse.datatools.connectivity.oda.flatfile.nl_iw" unpack="false" version="3.5.0.v20090620043401" download-size="2728" install-size="2728" />
	<plugin fragment="true" id="org.eclipse.datatools.connectivity.oda.flatfile.ui.nl_iw" unpack="false" version="3.5.0.v20090620043401" download-size="3067" install-size="3067" />
	<plugin fragment="true" id="org.eclipse.datatools.connectivity.oda.template.ui.nl_iw" unpack="false" version="3.5.0.v20090620043401" download-size="2915" install-size="2915" />
	<plugin fragment="true" id="org.eclipse.datatools.connectivity.sqm.core.nl_iw" unpack="false" version="3.5.0.v20090620043401" download-size="3076" install-size="3076" />
	<plugin fragment="true" id="org.eclipse.datatools.connectivity.sqm.core.ui.nl_iw" unpack="false" version="3.5.0.v20090620043401" download-size="4150" install-size="4150" />
	<plugin fragment="true" id="org.eclipse.datatools.connectivity.sqm.server.ui.nl_iw" unpack="false" version="3.5.0.v20090620043401" download-size="3515" install-size="3515" />
	<plugin fragment="true" id="org.eclipse.datatools.connectivity.ui.dse.nl_iw" unpack="false" version="3.5.0.v20090620043401" download-size="2928" install-size="2928" />
	<plugin fragment="true" id="org.eclipse.datatools.connectivity.ui.nl_iw" unpack="false" version="3.5.0.v20090620043401" download-size="3546" install-size="3546" />
	<plugin fragment="true" id="org.eclipse.datatools.connectivity.ui.templates.nl_iw" unpack="false" version="3.5.0.v20090620043401" download-size="2724" install-size="2724" />
	<plugin fragment="true" id="org.eclipse.datatools.enablement.finfo.nl_iw" unpack="false" version="3.5.0.v20090620043401" download-size="1375" install-size="1375" />
	<plugin fragment="true" id="org.eclipse.datatools.enablement.hsqldb.dbdefinition.nl_iw" unpack="false" version="3.5.0.v20090620043401" download-size="1386" install-size="1386" />
	<plugin fragment="true" id="org.eclipse.datatools.enablement.hsqldb.nl_iw" unpack="false" version="3.5.0.v20090620043401" download-size="1435" install-size="1435" />
	<plugin fragment="true" id="org.eclipse.datatools.enablement.hsqldb.ui.nl_iw" unpack="false" version="3.5.0.v20090620043401" download-size="2668" install-size="2668" />
	<plugin fragment="true" id="org.eclipse.datatools.enablement.ibm.db2.iseries.dbdefinition.nl_iw" unpack="false" version="3.5.0.v20090620043401" download-size="1394" install-size="1394" />
	<plugin fragment="true" id="org.eclipse.datatools.enablement.ibm.db2.iseries.nl_iw" unpack="false" version="3.5.0.v20090620043401" download-size="1436" install-size="1436" />
	<plugin fragment="true" id="org.eclipse.datatools.enablement.ibm.db2.iseries.ui.nl_iw" unpack="false" version="3.5.0.v20090620043401" download-size="3373" install-size="3373" />
	<plugin fragment="true" id="org.eclipse.datatools.enablement.ibm.db2.luw.dbdefinition.nl_iw" unpack="false" version="3.5.0.v20090620043401" download-size="1391" install-size="1391" />
	<plugin fragment="true" id="org.eclipse.datatools.enablement.ibm.db2.luw.nl_iw" unpack="false" version="3.5.0.v20090620043401" download-size="1432" install-size="1432" />
	<plugin fragment="true" id="org.eclipse.datatools.enablement.ibm.db2.luw.ui.nl_iw" unpack="false" version="3.5.0.v20090620043401" download-size="3332" install-size="3332" />
	<plugin fragment="true" id="org.eclipse.datatools.enablement.ibm.db2.zseries.dbdefinition.nl_iw" unpack="false" version="3.5.0.v20090620043401" download-size="1394" install-size="1394" />
	<plugin fragment="true" id="org.eclipse.datatools.enablement.ibm.db2.zseries.nl_iw" unpack="false" version="3.5.0.v20090620043401" download-size="1436" install-size="1436" />
	<plugin fragment="true" id="org.eclipse.datatools.enablement.ibm.db2.zseries.ui.nl_iw" unpack="false" version="3.5.0.v20090620043401" download-size="3391" install-size="3391" />
	<plugin fragment="true" id="org.eclipse.datatools.enablement.ibm.informix.dbdefinition.nl_iw" unpack="false" version="3.5.0.v20090620043401" download-size="1407" install-size="1407" />
	<plugin fragment="true" id="org.eclipse.datatools.enablement.ibm.informix.nl_iw" unpack="false" version="3.5.0.v20090620043401" download-size="1433" install-size="1433" />
	<plugin fragment="true" id="org.eclipse.datatools.enablement.ibm.informix.ui.nl_iw" unpack="false" version="3.5.0.v20090620043401" download-size="3199" install-size="3199" />
	<plugin fragment="true" id="org.eclipse.datatools.enablement.ibm.ui.nl_iw" unpack="false" version="3.5.0.v20090620043401" download-size="2986" install-size="2986" />
	<plugin fragment="true" id="org.eclipse.datatools.enablement.ingres.dbdefinition.nl_iw" unpack="false" version="3.5.0.v20090620043401" download-size="1387" install-size="1387" />
	<plugin fragment="true" id="org.eclipse.datatools.enablement.ingres.nl_iw" unpack="false" version="3.5.0.v20090620043401" download-size="1437" install-size="1437" />
	<plugin fragment="true" id="org.eclipse.datatools.enablement.ingres.ui.nl_iw" unpack="false" version="3.5.0.v20090620043401" download-size="2876" install-size="2876" />
	<plugin fragment="true" id="org.eclipse.datatools.enablement.jdt.classpath.nl_iw" unpack="false" version="3.5.0.v20090620043401" download-size="1387" install-size="1387" />
	<plugin fragment="true" id="org.eclipse.datatools.enablement.msft.sqlserver.dbdefinition.nl_iw" unpack="false" version="3.5.0.v20090620043401" download-size="1393" install-size="1393" />
	<plugin fragment="true" id="org.eclipse.datatools.enablement.msft.sqlserver.nl_iw" unpack="false" version="3.5.0.v20090620043401" download-size="1437" install-size="1437" />
	<plugin fragment="true" id="org.eclipse.datatools.enablement.msft.sqlserver.ui.nl_iw" unpack="false" version="3.5.0.v20090620043401" download-size="3468" install-size="3468" />
	<plugin fragment="true" id="org.eclipse.datatools.enablement.mysql.dbdefinition.nl_iw" unpack="false" version="3.5.0.v20090620043401" download-size="1405" install-size="1405" />
	<plugin fragment="true" id="org.eclipse.datatools.enablement.mysql.nl_iw" unpack="false" version="3.5.0.v20090620043401" download-size="1455" install-size="1455" />
	<plugin fragment="true" id="org.eclipse.datatools.enablement.mysql.ui.nl_iw" unpack="false" version="3.5.0.v20090620043401" download-size="1377" install-size="1377" />
	<plugin fragment="true" id="org.eclipse.datatools.enablement.oda.ws.ui.nl_iw" unpack="false" version="3.5.0.v20090620043401" download-size="2948" install-size="2948" />
	<plugin fragment="true" id="org.eclipse.datatools.enablement.oda.xml.ui.nl_iw" unpack="false" version="3.5.0.v20090620043401" download-size="3042" install-size="3042" />
	<plugin fragment="true" id="org.eclipse.datatools.enablement.oracle.dbdefinition.nl_iw" unpack="false" version="3.5.0.v20090620043401" download-size="1418" install-size="1418" />
	<plugin fragment="true" id="org.eclipse.datatools.enablement.oracle.nl_iw" unpack="false" version="3.5.0.v20090620043401" download-size="1469" install-size="1469" />
	<plugin fragment="true" id="org.eclipse.datatools.enablement.oracle.ui.nl_iw" unpack="false" version="3.5.0.v20090620043401" download-size="2999" install-size="2999" />
	<plugin fragment="true" id="org.eclipse.datatools.enablement.postgresql.dbdefinition.nl_iw" unpack="false" version="3.5.0.v20090620043401" download-size="1388" install-size="1388" />
	<plugin fragment="true" id="org.eclipse.datatools.enablement.postgresql.nl_iw" unpack="false" version="3.5.0.v20090620043401" download-size="1451" install-size="1451" />
	<plugin fragment="true" id="org.eclipse.datatools.enablement.postgresql.ui.nl_iw" unpack="false" version="3.5.0.v20090620043401" download-size="1380" install-size="1380" />
	<plugin fragment="true" id="org.eclipse.datatools.enablement.sap.maxdb.dbdefinition.nl_iw" unpack="false" version="3.5.0.v20090620043401" download-size="1370" install-size="1370" />
	<plugin fragment="true" id="org.eclipse.datatools.enablement.sap.maxdb.nl_iw" unpack="false" version="3.5.0.v20090620043401" download-size="1426" install-size="1426" />
	<plugin fragment="true" id="org.eclipse.datatools.enablement.sap.maxdb.ui.nl_iw" unpack="false" version="3.5.0.v20090620043401" download-size="1380" install-size="1380" />
	<plugin fragment="true" id="org.eclipse.datatools.enablement.sqlite.dbdefinition.nl_iw" unpack="false" version="3.5.0.v20090620043401" download-size="1386" install-size="1386" />
	<plugin fragment="true" id="org.eclipse.datatools.enablement.sqlite.nl_iw" unpack="false" version="3.5.0.v20090620043401" download-size="1434" install-size="1434" />
	<plugin fragment="true" id="org.eclipse.datatools.enablement.sqlite.ui.nl_iw" unpack="false" version="3.5.0.v20090620043401" download-size="2649" install-size="2649" />
	<plugin fragment="true" id="org.eclipse.datatools.enablement.sybase.asa.dbdefinition.nl_iw" unpack="false" version="3.5.0.v20090620043401" download-size="1391" install-size="1391" />
	<plugin fragment="true" id="org.eclipse.datatools.enablement.sybase.asa.models.nl_iw" unpack="false" version="3.5.0.v20090620043401" download-size="1383" install-size="1383" />
	<plugin fragment="true" id="org.eclipse.datatools.enablement.sybase.asa.nl_iw" unpack="false" version="3.5.0.v20090620043401" download-size="2849" install-size="2849" />
	<plugin fragment="true" id="org.eclipse.datatools.enablement.sybase.asa.schemaobjecteditor.examples.nl_iw" unpack="false" version="3.5.0.v20090620043401" download-size="15678" install-size="15678" />
	<plugin fragment="true" id="org.eclipse.datatools.enablement.sybase.asa.ui.nl_iw" unpack="false" version="3.5.0.v20090620043401" download-size="1419" install-size="1419" />
	<plugin fragment="true" id="org.eclipse.datatools.enablement.sybase.ase.dbdefinition.nl_iw" unpack="false" version="3.5.0.v20090620043401" download-size="1387" install-size="1387" />
	<plugin fragment="true" id="org.eclipse.datatools.enablement.sybase.ase.models.nl_iw" unpack="false" version="3.5.0.v20090620043401" download-size="1383" install-size="1383" />
	<plugin fragment="true" id="org.eclipse.datatools.enablement.sybase.ase.nl_iw" unpack="false" version="3.5.0.v20090620043401" download-size="2487" install-size="2487" />
	<plugin fragment="true" id="org.eclipse.datatools.enablement.sybase.ase.ui.nl_iw" unpack="false" version="3.5.0.v20090620043401" download-size="1448" install-size="1448" />
	<plugin fragment="true" id="org.eclipse.datatools.enablement.sybase.models.nl_iw" unpack="false" version="3.5.0.v20090620043401" download-size="1381" install-size="1381" />
	<plugin fragment="true" id="org.eclipse.datatools.enablement.sybase.nl_iw" unpack="false" version="3.5.0.v20090620043401" download-size="2943" install-size="2943" />
	<plugin fragment="true" id="org.eclipse.datatools.enablement.sybase.ui.nl_iw" unpack="false" version="3.5.0.v20090620043401" download-size="2855" install-size="2855" />
	<plugin fragment="true" id="org.eclipse.datatools.help.nl_iw" unpack="false" version="3.5.0.v20090620043401" download-size="1352" install-size="1352" />
	<plugin fragment="true" id="org.eclipse.datatools.modelbase.dbdefinition.nl_iw" unpack="false" version="3.5.0.v20090620043401" download-size="1380" install-size="1380" />
	<plugin fragment="true" id="org.eclipse.datatools.modelbase.derby.nl_iw" unpack="false" version="3.5.0.v20090620043401" download-size="1376" install-size="1376" />
	<plugin fragment="true" id="org.eclipse.datatools.modelbase.sql.edit.nl_iw" unpack="false" version="3.5.0.v20090620043401" download-size="2359" install-size="2359" />
	<plugin fragment="true" id="org.eclipse.datatools.modelbase.sql.nl_iw" unpack="false" version="3.5.0.v20090620043401" download-size="1375" install-size="1375" />
	<plugin fragment="true" id="org.eclipse.datatools.modelbase.sql.query.edit.nl_iw" unpack="false" version="3.5.0.v20090620043401" download-size="1571" install-size="1571" />
	<plugin fragment="true" id="org.eclipse.datatools.modelbase.sql.query.nl_iw" unpack="false" version="3.5.0.v20090620043401" download-size="1379" install-size="1379" />
	<plugin fragment="true" id="org.eclipse.datatools.modelbase.sql.xml.query.nl_iw" unpack="false" version="3.5.0.v20090620043401" download-size="1382" install-size="1382" />
	<plugin fragment="true" id="org.eclipse.datatools.sqltools.common.ui.nl_iw" unpack="false" version="3.5.0.v20090620043401" download-size="5640" install-size="5640" />
	<plugin fragment="true" id="org.eclipse.datatools.sqltools.data.core.nl_iw" unpack="false" version="3.5.0.v20090620043401" download-size="1378" install-size="1378" />
	<plugin fragment="true" id="org.eclipse.datatools.sqltools.data.ui.nl_iw" unpack="false" version="3.5.0.v20090620043401" download-size="3470" install-size="3470" />
	<plugin fragment="true" id="org.eclipse.datatools.sqltools.db.derby.nl_iw" unpack="false" version="3.5.0.v20090620043401" download-size="2643" install-size="2643" />
	<plugin fragment="true" id="org.eclipse.datatools.sqltools.db.derby.ui.nl_iw" unpack="false" version="3.5.0.v20090620043401" download-size="1384" install-size="1384" />
	<plugin fragment="true" id="org.eclipse.datatools.sqltools.db.generic.nl_iw" unpack="false" version="3.5.0.v20090620043401" download-size="2656" install-size="2656" />
	<plugin fragment="true" id="org.eclipse.datatools.sqltools.db.generic.ui.nl_iw" unpack="false" version="3.5.0.v20090620043401" download-size="1385" install-size="1385" />
	<plugin fragment="true" id="org.eclipse.datatools.sqltools.ddlgen.ui.nl_iw" unpack="false" version="3.5.0.v20090620043401" download-size="3237" install-size="3237" />
	<plugin fragment="true" id="org.eclipse.datatools.sqltools.debugger.core.nl_iw" unpack="false" version="3.5.0.v20090620043401" download-size="4558" install-size="4558" />
	<plugin fragment="true" id="org.eclipse.datatools.sqltools.debugger.core.ui.nl_iw" unpack="false" version="3.5.0.v20090620043401" download-size="3762" install-size="3762" />
	<plugin fragment="true" id="org.eclipse.datatools.sqltools.editor.core.nl_iw" unpack="false" version="3.5.0.v20090620043401" download-size="2492" install-size="2492" />
	<plugin fragment="true" id="org.eclipse.datatools.sqltools.editor.core.ui.nl_iw" unpack="false" version="3.5.0.v20090620043401" download-size="1385" install-size="1385" />
	<plugin fragment="true" id="org.eclipse.datatools.sqltools.parsers.sql.lexer.nl_iw" unpack="false" version="3.5.0.v20090620043401" download-size="1382" install-size="1382" />
	<plugin fragment="true" id="org.eclipse.datatools.sqltools.parsers.sql.nl_iw" unpack="false" version="3.5.0.v20090620043401" download-size="1378" install-size="1378" />
	<plugin fragment="true" id="org.eclipse.datatools.sqltools.parsers.sql.query.nl_iw" unpack="false" version="3.5.0.v20090620043401" download-size="2664" install-size="2664" />
	<plugin fragment="true" id="org.eclipse.datatools.sqltools.parsers.sql.xml.query.nl_iw" unpack="false" version="3.5.0.v20090620043401" download-size="1385" install-size="1385" />
	<plugin fragment="true" id="org.eclipse.datatools.sqltools.plan.nl_iw" unpack="false" version="3.5.0.v20090620043401" download-size="4153" install-size="4153" />
	<plugin fragment="true" id="org.eclipse.datatools.sqltools.result.nl_iw" unpack="false" version="3.5.0.v20090620043401" download-size="4010" install-size="4010" />
	<plugin fragment="true" id="org.eclipse.datatools.sqltools.result.ui.nl_iw" unpack="false" version="3.5.0.v20090620043401" download-size="3592" install-size="3592" />
	<plugin fragment="true" id="org.eclipse.datatools.sqltools.routineeditor.nl_iw" unpack="false" version="3.5.0.v20090620043401" download-size="5744" install-size="5744" />
	<plugin fragment="true" id="org.eclipse.datatools.sqltools.routineeditor.ui.nl_iw" unpack="false" version="3.5.0.v20090620043401" download-size="5071" install-size="5071" />
	<plugin fragment="true" id="org.eclipse.datatools.sqltools.schemaobjecteditor.nl_iw" unpack="false" version="3.5.0.v20090620043401" download-size="1388" install-size="1388" />
	<plugin fragment="true" id="org.eclipse.datatools.sqltools.schemaobjecteditor.ui.nl_iw" unpack="false" version="3.5.0.v20090620043401" download-size="5896" install-size="5896" />
	<plugin fragment="true" id="org.eclipse.datatools.sqltools.schemaobjecteditor.ui.pages.nl_iw" unpack="false" version="3.5.0.v20090620043401" download-size="3620" install-size="3620" />
	<plugin fragment="true" id="org.eclipse.datatools.sqltools.sql.nl_iw" unpack="false" version="3.5.0.v20090620043401" download-size="2630" install-size="2630" />
	<plugin fragment="true" id="org.eclipse.datatools.sqltools.sql.ui.nl_iw" unpack="false" version="3.5.0.v20090620043401" download-size="1372" install-size="1372" />
	<plugin fragment="true" id="org.eclipse.datatools.sqltools.sqlbuilder.nl_iw" unpack="false" version="3.5.0.v20090620043401" download-size="3402" install-size="3402" />
	<plugin fragment="true" id="org.eclipse.datatools.sqltools.sqleditor.nl_iw" unpack="false" version="3.5.0.v20090620043401" download-size="8588" install-size="8588" />
	<plugin fragment="true" id="org.eclipse.datatools.sqltools.sqlscrapbook.nl_iw" unpack="false" version="3.5.0.v20090620043401" download-size="3702" install-size="3702" />
	<plugin fragment="true" id="org.eclipse.datatools.sqltools.tabledataeditor.nl_iw" unpack="false" version="3.5.0.v20090620043401" download-size="1380" install-size="1380" />
</feature>