<?xml version="1.0" encoding="UTF-8" ?>
<feature
	id="org.eclipse.babel.nls_tools.gef_en_AA"
	label="Babel Language Pack for tools.gef in Pseudo Translations (100%)"
	image="eclipse_update_120.jpg"
	provider-name="%providerName"
	version="3.5.0.v20090620043401">
	<copyright>
		%copyright
	</copyright>
	<license url="%licenseURL">
		%license
	</license>
	<description>Babel Language Pack for tools.gef in Pseudo Translations</description>
	<plugin fragment="true" id="org.eclipse.draw2d.doc.isv.nl_en_AA" unpack="false" version="3.5.0.v20090620043401" download-size="1459" install-size="1459" />
	<plugin fragment="true" id="org.eclipse.draw2d.nl_en_AA" unpack="false" version="3.5.0.v20090620043401" download-size="1790" install-size="1790" />
	<plugin fragment="true" id="org.eclipse.draw2d.test.nl_en_AA" unpack="false" version="3.5.0.v20090620043401" download-size="1453" install-size="1453" />
	<plugin fragment="true" id="org.eclipse.gef.doc.isv.nl_en_AA" unpack="false" version="3.5.0.v20090620043401" download-size="1517" install-size="1517" />
	<plugin fragment="true" id="org.eclipse.gef.examples.flow.nl_en_AA" unpack="false" version="3.5.0.v20090620043401" download-size="1460" install-size="1460" />
	<plugin fragment="true" id="org.eclipse.gef.examples.logic.nl_en_AA" unpack="false" version="3.5.0.v20090620043401" download-size="4239" install-size="4239" />
	<plugin fragment="true" id="org.eclipse.gef.examples.shapes.nl_en_AA" unpack="false" version="3.5.0.v20090620043401" download-size="1462" install-size="1462" />
	<plugin fragment="true" id="org.eclipse.gef.examples.text.nl_en_AA" unpack="false" version="3.5.0.v20090620043401" download-size="1461" install-size="1461" />
	<plugin fragment="true" id="org.eclipse.gef.examples.ui.pde.nl_en_AA" unpack="false" version="3.5.0.v20090620043401" download-size="3197" install-size="3197" />
	<plugin fragment="true" id="org.eclipse.gef.nl_en_AA" unpack="false" version="3.5.0.v20090620043401" download-size="5365" install-size="5365" />
	<plugin fragment="true" id="org.eclipse.gef.test.nl_en_AA" unpack="false" version="3.5.0.v20090620043401" download-size="1449" install-size="1449" />
	<plugin fragment="true" id="org.eclipse.zest.core.nl_en_AA" unpack="false" version="3.5.0.v20090620043401" download-size="3112" install-size="3112" />
	<plugin fragment="true" id="org.eclipse.zest.layouts.nl_en_AA" unpack="false" version="3.5.0.v20090620043401" download-size="1453" install-size="1453" />
</feature>