<?xml version="1.0" encoding="UTF-8" ?>
<feature
	id="org.eclipse.babel.nls_rt.equinox_de"
	label="Babel Language Pack for rt.equinox in German (36.29%)"
	image="eclipse_update_120.jpg"
	provider-name="%providerName"
	version="3.5.0.v20090620043401">
	<copyright>
		%copyright
	</copyright>
	<license url="%licenseURL">
		%license
	</license>
	<description>Babel Language Pack for rt.equinox in German</description>
	<plugin fragment="true" id="org.eclipse.core.resources.jmx.nl_de" unpack="false" version="3.5.0.v20090620043401" download-size="2226" install-size="2226" />
	<plugin fragment="true" id="org.eclipse.equinox.frameworkadmin.equinox.nl_de" unpack="false" version="3.5.0.v20090620043401" download-size="1377" install-size="1377" />
	<plugin fragment="true" id="org.eclipse.equinox.frameworkadmin.nl_de" unpack="false" version="3.5.0.v20090620043401" download-size="1375" install-size="1375" />
	<plugin fragment="true" id="org.eclipse.equinox.initializer.nl_de" unpack="false" version="3.5.0.v20090620043401" download-size="1387" install-size="1387" />
	<plugin fragment="true" id="org.eclipse.equinox.jmx.client.nl_de" unpack="false" version="3.5.0.v20090620043401" download-size="4639" install-size="4639" />
	<plugin fragment="true" id="org.eclipse.equinox.jmx.common.nl_de" unpack="false" version="3.5.0.v20090620043401" download-size="2287" install-size="2287" />
	<plugin fragment="true" id="org.eclipse.equinox.jmx.server.nl_de" unpack="false" version="3.5.0.v20090620043401" download-size="2944" install-size="2944" />
	<plugin fragment="true" id="org.eclipse.equinox.jmx.vm.nl_de" unpack="false" version="3.5.0.v20090620043401" download-size="2593" install-size="2593" />
	<plugin fragment="true" id="org.eclipse.equinox.p2.artifact.repository.nl_de" unpack="false" version="3.5.0.v20090620043401" download-size="2624" install-size="2624" />
	<plugin fragment="true" id="org.eclipse.equinox.p2.console.nl_de" unpack="false" version="3.5.0.v20090620043401" download-size="1371" install-size="1371" />
	<plugin fragment="true" id="org.eclipse.equinox.p2.core.nl_de" unpack="false" version="3.5.0.v20090620043401" download-size="1369" install-size="1369" />
	<plugin fragment="true" id="org.eclipse.equinox.p2.director.app.nl_de" unpack="false" version="3.5.0.v20090620043401" download-size="1374" install-size="1374" />
	<plugin fragment="true" id="org.eclipse.equinox.p2.director.nl_de" unpack="false" version="3.5.0.v20090620043401" download-size="2427" install-size="2427" />
	<plugin fragment="true" id="org.eclipse.equinox.p2.directorywatcher.nl_de" unpack="false" version="3.5.0.v20090620043401" download-size="1378" install-size="1378" />
	<plugin fragment="true" id="org.eclipse.equinox.p2.engine.nl_de" unpack="false" version="3.5.0.v20090620043401" download-size="2881" install-size="2881" />
	<plugin fragment="true" id="org.eclipse.equinox.p2.exemplarysetup.nl_de" unpack="false" version="3.5.0.v20090620043401" download-size="1376" install-size="1376" />
	<plugin fragment="true" id="org.eclipse.equinox.p2.extensionlocation.nl_de" unpack="false" version="3.5.0.v20090620043401" download-size="1378" install-size="1378" />
	<plugin fragment="true" id="org.eclipse.equinox.p2.garbagecollector.nl_de" unpack="false" version="3.5.0.v20090620043401" download-size="1377" install-size="1377" />
	<plugin fragment="true" id="org.eclipse.equinox.p2.installer.nl_de" unpack="false" version="3.5.0.v20090620043401" download-size="2784" install-size="2784" />
	<plugin fragment="true" id="org.eclipse.equinox.p2.jarprocessor.nl_de" unpack="false" version="3.5.0.v20090620043401" download-size="1374" install-size="1374" />
	<plugin fragment="true" id="org.eclipse.equinox.p2.metadata.generator.nl_de" unpack="false" version="3.5.0.v20090620043401" download-size="3777" install-size="3777" />
	<plugin fragment="true" id="org.eclipse.equinox.p2.metadata.nl_de" unpack="false" version="3.5.0.v20090620043401" download-size="1372" install-size="1372" />
	<plugin fragment="true" id="org.eclipse.equinox.p2.metadata.repository.nl_de" unpack="false" version="3.5.0.v20090620043401" download-size="2623" install-size="2623" />
	<plugin fragment="true" id="org.eclipse.equinox.p2.publisher.nl_de" unpack="false" version="3.5.0.v20090620043401" download-size="2457" install-size="2457" />
	<plugin fragment="true" id="org.eclipse.equinox.p2.reconciler.dropins.nl_de" unpack="false" version="3.5.0.v20090620043401" download-size="1377" install-size="1377" />
	<plugin fragment="true" id="org.eclipse.equinox.p2.repository.nl_de" unpack="false" version="3.5.0.v20090620043401" download-size="2935" install-size="2935" />
	<plugin fragment="true" id="org.eclipse.equinox.p2.repository.tools.nl_de" unpack="false" version="3.5.0.v20090620043401" download-size="3384" install-size="3384" />
	<plugin fragment="true" id="org.eclipse.equinox.p2.selfhosting.nl_de" unpack="false" version="3.5.0.v20090620043401" download-size="1374" install-size="1374" />
	<plugin fragment="true" id="org.eclipse.equinox.p2.tests.nl_de" unpack="false" version="3.5.0.v20090620043401" download-size="1831" install-size="1831" />
	<plugin fragment="true" id="org.eclipse.equinox.p2.tests.ui.nl_de" unpack="false" version="3.5.0.v20090620043401" download-size="1372" install-size="1372" />
	<plugin fragment="true" id="org.eclipse.equinox.p2.tools.nl_de" unpack="false" version="3.5.0.v20090620043401" download-size="1370" install-size="1370" />
	<plugin fragment="true" id="org.eclipse.equinox.p2.touchpoint.eclipse.nl_de" unpack="false" version="3.5.0.v20090620043401" download-size="1375" install-size="1375" />
	<plugin fragment="true" id="org.eclipse.equinox.p2.touchpoint.natives.nl_de" unpack="false" version="3.5.0.v20090620043401" download-size="1378" install-size="1378" />
	<plugin fragment="true" id="org.eclipse.equinox.p2.ui.admin.nl_de" unpack="false" version="3.5.0.v20090620043401" download-size="2797" install-size="2797" />
	<plugin fragment="true" id="org.eclipse.equinox.p2.ui.admin.rcp.nl_de" unpack="false" version="3.5.0.v20090620043401" download-size="2773" install-size="2773" />
	<plugin fragment="true" id="org.eclipse.equinox.p2.ui.nl_de" unpack="false" version="3.5.0.v20090620043401" download-size="3393" install-size="3393" />
	<plugin fragment="true" id="org.eclipse.equinox.p2.ui.sdk.nl_de" unpack="false" version="3.5.0.v20090620043401" download-size="2700" install-size="2700" />
	<plugin fragment="true" id="org.eclipse.equinox.p2.ui.sdk.scheduler.nl_de" unpack="false" version="3.5.0.v20090620043401" download-size="3197" install-size="3197" />
	<plugin fragment="true" id="org.eclipse.equinox.p2.updatechecker.nl_de" unpack="false" version="3.5.0.v20090620043401" download-size="1358" install-size="1358" />
	<plugin fragment="true" id="org.eclipse.equinox.p2.updatesite.nl_de" unpack="false" version="3.5.0.v20090620043401" download-size="2984" install-size="2984" />
	<plugin fragment="true" id="org.eclipse.equinox.preferences.jmx.nl_de" unpack="false" version="3.5.0.v20090620043401" download-size="2434" install-size="2434" />
	<plugin fragment="true" id="org.eclipse.equinox.simpleconfigurator.manipulator.nl_de" unpack="false" version="3.5.0.v20090620043401" download-size="1367" install-size="1367" />
	<plugin fragment="true" id="org.eclipse.equinox.simpleconfigurator.nl_de" unpack="false" version="3.5.0.v20090620043401" download-size="1359" install-size="1359" />
	<plugin fragment="true" id="org.eclipse.osgi.jmx.nl_de" unpack="false" version="3.5.0.v20090620043401" download-size="2892" install-size="2892" />
	<plugin fragment="true" id="org.eclipse.swt.jmx.nl_de" unpack="false" version="3.5.0.v20090620043401" download-size="2111" install-size="2111" />
</feature>