<?xml version="1.0" encoding="UTF-8" ?>
<feature
	id="org.eclipse.babel.nls_tools.pdt_mn"
	label="Babel Language Pack for tools.pdt in Mongolian (0.88%)"
	image="eclipse_update_120.jpg"
	provider-name="%providerName"
	version="3.5.0.v20090620043401">
	<copyright>
		%copyright
	</copyright>
	<license url="%licenseURL">
		%license
	</license>
	<description>Babel Language Pack for tools.pdt in Mongolian</description>
	<plugin fragment="true" id="org.eclipse.dltk.core.tests.nl_mn" unpack="false" version="3.5.0.v20090620043401" download-size="1372" install-size="1372" />
	<plugin fragment="true" id="org.eclipse.php.core.parser.nl_mn" unpack="false" version="3.5.0.v20090620043401" download-size="1368" install-size="1368" />
	<plugin fragment="true" id="org.eclipse.php.debug.core.nl_mn" unpack="false" version="3.5.0.v20090620043401" download-size="2196" install-size="2196" />
	<plugin fragment="true" id="org.eclipse.php.debug.ui.nl_mn" unpack="false" version="3.5.0.v20090620043401" download-size="2250" install-size="2250" />
	<plugin fragment="true" id="org.eclipse.php.nl_mn" unpack="false" version="3.5.0.v20090620043401" download-size="1364" install-size="1364" />
	<plugin fragment="true" id="org.eclipse.php.server.ui.nl_mn" unpack="false" version="3.5.0.v20090620043401" download-size="2044" install-size="2044" />
	<plugin fragment="true" id="org.eclipse.php.test.nl_mn" unpack="false" version="3.5.0.v20090620043401" download-size="1367" install-size="1367" />
	<plugin fragment="true" id="org.eclipse.php.ui.nl_mn" unpack="false" version="3.5.0.v20090620043401" download-size="3627" install-size="3627" />
</feature>