<?xml version="1.0" encoding="UTF-8" ?>
<feature
	id="org.eclipse.babel.nls_tools.orbit_sv"
	label="Babel Language Pack for tools.orbit in Swedish (4.59%)"
	image="eclipse_update_120.jpg"
	provider-name="%providerName"
	version="3.5.0.v20090620043401">
	<copyright>
		%copyright
	</copyright>
	<license url="%licenseURL">
		%license
	</license>
	<description>Babel Language Pack for tools.orbit in Swedish</description>
	<plugin fragment="true" id="com.sun.syndication.nl_sv" unpack="false" version="3.5.0.v20090620043401" download-size="1366" install-size="1366" />
	<plugin fragment="true" id="com.sun.xml.bind.nl_sv" unpack="false" version="3.5.0.v20090620043401" download-size="1370" install-size="1370" />
	<plugin fragment="true" id="commonj.sdo.nl_sv" unpack="false" version="3.5.0.v20090620043401" download-size="1361" install-size="1361" />
	<plugin fragment="true" id="edu.emory.mathcs.backport.nl_sv" unpack="false" version="3.5.0.v20090620043401" download-size="1373" install-size="1373" />
	<plugin fragment="true" id="javax.activation.nl_sv" unpack="false" version="3.5.0.v20090620043401" download-size="1369" install-size="1369" />
	<plugin fragment="true" id="javax.jws.nl_sv" unpack="false" version="3.5.0.v20090620043401" download-size="1364" install-size="1364" />
	<plugin fragment="true" id="javax.mail.glassfish.nl_sv" unpack="false" version="3.5.0.v20090620043401" download-size="1372" install-size="1372" />
	<plugin fragment="true" id="javax.mail.nl_sv" unpack="false" version="3.5.0.v20090620043401" download-size="1364" install-size="1364" />
	<plugin fragment="true" id="javax.management.nl_sv" unpack="false" version="3.5.0.v20090620043401" download-size="1370" install-size="1370" />
	<plugin fragment="true" id="javax.management.remote.nl_sv" unpack="false" version="3.5.0.v20090620043401" download-size="1374" install-size="1374" />
	<plugin fragment="true" id="javax.persistence.nl_sv" unpack="false" version="3.5.0.v20090620043401" download-size="1367" install-size="1367" />
	<plugin fragment="true" id="javax.servlet.jsp.nl_sv" unpack="false" version="3.5.0.v20090620043401" download-size="1368" install-size="1368" />
	<plugin fragment="true" id="javax.servlet.nl_sv" unpack="false" version="3.5.0.v20090620043401" download-size="3018" install-size="3018" />
	<plugin fragment="true" id="javax.wsdl.nl_sv" unpack="false" version="3.5.0.v20090620043401" download-size="1364" install-size="1364" />
	<plugin fragment="true" id="javax.xml.bind.nl_sv" unpack="false" version="3.5.0.v20090620043401" download-size="1368" install-size="1368" />
	<plugin fragment="true" id="javax.xml.nl_sv" unpack="false" version="3.5.0.v20090620043401" download-size="1364" install-size="1364" />
	<plugin fragment="true" id="javax.xml.rpc.nl_sv" unpack="false" version="3.5.0.v20090620043401" download-size="1367" install-size="1367" />
	<plugin fragment="true" id="javax.xml.soap.nl_sv" unpack="false" version="3.5.0.v20090620043401" download-size="1367" install-size="1367" />
	<plugin fragment="true" id="net.sourceforge.lpg.lpgjavaruntime.nl_sv" unpack="false" version="3.5.0.v20090620043401" download-size="1377" install-size="1377" />
	<plugin fragment="true" id="net.sourceforge.mx4j.nl_sv" unpack="false" version="3.5.0.v20090620043401" download-size="1372" install-size="1372" />
	<plugin fragment="true" id="net.sourceforge.mx4j.remote.nl_sv" unpack="false" version="3.5.0.v20090620043401" download-size="1377" install-size="1377" />
	<plugin fragment="true" id="org.antlr.runtime.nl_sv" unpack="false" version="3.5.0.v20090620043401" download-size="1365" install-size="1365" />
	<plugin fragment="true" id="org.apache.axis.nl_sv" unpack="false" version="3.5.0.v20090620043401" download-size="2652" install-size="2652" />
	<plugin fragment="true" id="org.apache.batik.bridge.nl_sv" unpack="false" version="3.5.0.v20090620043401" download-size="1371" install-size="1371" />
	<plugin fragment="true" id="org.apache.batik.css.nl_sv" unpack="false" version="3.5.0.v20090620043401" download-size="1368" install-size="1368" />
	<plugin fragment="true" id="org.apache.batik.dom.nl_sv" unpack="false" version="3.5.0.v20090620043401" download-size="1368" install-size="1368" />
	<plugin fragment="true" id="org.apache.batik.dom.svg.nl_sv" unpack="false" version="3.5.0.v20090620043401" download-size="1371" install-size="1371" />
	<plugin fragment="true" id="org.apache.batik.ext.awt.nl_sv" unpack="false" version="3.5.0.v20090620043401" download-size="2799" install-size="2799" />
	<plugin fragment="true" id="org.apache.batik.extension.nl_sv" unpack="false" version="3.5.0.v20090620043401" download-size="1372" install-size="1372" />
	<plugin fragment="true" id="org.apache.batik.parser.nl_sv" unpack="false" version="3.5.0.v20090620043401" download-size="1370" install-size="1370" />
	<plugin fragment="true" id="org.apache.batik.pdf.nl_sv" unpack="false" version="3.5.0.v20090620043401" download-size="1369" install-size="1369" />
	<plugin fragment="true" id="org.apache.batik.svggen.nl_sv" unpack="false" version="3.5.0.v20090620043401" download-size="1370" install-size="1370" />
	<plugin fragment="true" id="org.apache.batik.swing.nl_sv" unpack="false" version="3.5.0.v20090620043401" download-size="1370" install-size="1370" />
	<plugin fragment="true" id="org.apache.batik.transcoder.nl_sv" unpack="false" version="3.5.0.v20090620043401" download-size="1373" install-size="1373" />
	<plugin fragment="true" id="org.apache.batik.util.gui.nl_sv" unpack="false" version="3.5.0.v20090620043401" download-size="7386" install-size="7386" />
	<plugin fragment="true" id="org.apache.batik.util.nl_sv" unpack="false" version="3.5.0.v20090620043401" download-size="1369" install-size="1369" />
	<plugin fragment="true" id="org.apache.batik.xml.nl_sv" unpack="false" version="3.5.0.v20090620043401" download-size="1368" install-size="1368" />
	<plugin fragment="true" id="org.apache.bcel.nl_sv" unpack="false" version="3.5.0.v20090620043401" download-size="1364" install-size="1364" />
	<plugin fragment="true" id="org.apache.bsf.nl_sv" unpack="false" version="3.5.0.v20090620043401" download-size="1363" install-size="1363" />
	<plugin fragment="true" id="org.apache.commons.beanutils.nl_sv" unpack="false" version="3.5.0.v20090620043401" download-size="1373" install-size="1373" />
	<plugin fragment="true" id="org.apache.commons.collections.nl_sv" unpack="false" version="3.5.0.v20090620043401" download-size="1374" install-size="1374" />
	<plugin fragment="true" id="org.apache.commons.discovery.nl_sv" unpack="false" version="3.5.0.v20090620043401" download-size="1378" install-size="1378" />
	<plugin fragment="true" id="org.apache.commons.el.nl_sv" unpack="false" version="3.5.0.v20090620043401" download-size="1369" install-size="1369" />
	<plugin fragment="true" id="org.apache.commons.lang.nl_sv" unpack="false" version="3.5.0.v20090620043401" download-size="1370" install-size="1370" />
	<plugin fragment="true" id="org.apache.commons.logging.nl_sv" unpack="false" version="3.5.0.v20090620043401" download-size="1373" install-size="1373" />
	<plugin fragment="true" id="org.apache.commons.net.nl_sv" unpack="false" version="3.5.0.v20090620043401" download-size="1369" install-size="1369" />
	<plugin fragment="true" id="org.apache.derby.nl_sv" unpack="false" version="3.5.0.v20090620043401" download-size="19068" install-size="19068" />
	<plugin fragment="true" id="org.apache.httpcomponents.httpcore.nio.nl_sv" unpack="false" version="3.5.0.v20090620043401" download-size="1378" install-size="1378" />
	<plugin fragment="true" id="org.apache.httpcomponents.httpcore.nl_sv" unpack="false" version="3.5.0.v20090620043401" download-size="1375" install-size="1375" />
	<plugin fragment="true" id="org.apache.jasper.nl_sv" unpack="false" version="3.5.0.v20090620043401" download-size="12751" install-size="12751" />
	<plugin fragment="true" id="org.apache.log4j.nl_sv" unpack="false" version="3.5.0.v20090620043401" download-size="1370" install-size="1370" />
	<plugin fragment="true" id="org.apache.oro.nl_sv" unpack="false" version="3.5.0.v20090620043401" download-size="1363" install-size="1363" />
	<plugin fragment="true" id="org.apache.solr.client.solrj.embedded.nl_sv" unpack="false" version="3.5.0.v20090620043401" download-size="1377" install-size="1377" />
	<plugin fragment="true" id="org.apache.solr.client.solrj.nl_sv" unpack="false" version="3.5.0.v20090620043401" download-size="1372" install-size="1372" />
	<plugin fragment="true" id="org.apache.velocity.nl_sv" unpack="false" version="3.5.0.v20090620043401" download-size="1371" install-size="1371" />
	<plugin fragment="true" id="org.apache.ws.commons.schema.nl_sv" unpack="false" version="3.5.0.v20090620043401" download-size="1378" install-size="1378" />
	<plugin fragment="true" id="org.apache.wsil4j.nl_sv" unpack="false" version="3.5.0.v20090620043401" download-size="1370" install-size="1370" />
	<plugin fragment="true" id="org.apache.xalan.nl_sv" unpack="false" version="3.5.0.v20090620043401" download-size="2611" install-size="2611" />
	<plugin fragment="true" id="org.apache.xerces.nl_sv" unpack="false" version="3.5.0.v20090620043401" download-size="2312" install-size="2312" />
	<plugin fragment="true" id="org.apache.xml.resolver.nl_sv" unpack="false" version="3.5.0.v20090620043401" download-size="1374" install-size="1374" />
	<plugin fragment="true" id="org.apache.xml.security.nl_sv" unpack="false" version="3.5.0.v20090620043401" download-size="1859" install-size="1859" />
	<plugin fragment="true" id="org.apache.xml.serializer.nl_sv" unpack="false" version="3.5.0.v20090620043401" download-size="2412" install-size="2412" />
	<plugin fragment="true" id="org.eclipse.orbit.nl_sv" unpack="false" version="3.5.0.v20090620043401" download-size="1362" install-size="1362" />
	<plugin fragment="true" id="org.hamcrest.core.nl_sv" unpack="false" version="3.5.0.v20090620043401" download-size="1365" install-size="1365" />
	<plugin fragment="true" id="org.hamcrest.generator.nl_sv" unpack="false" version="3.5.0.v20090620043401" download-size="1369" install-size="1369" />
	<plugin fragment="true" id="org.hamcrest.integration.nl_sv" unpack="false" version="3.5.0.v20090620043401" download-size="1370" install-size="1370" />
	<plugin fragment="true" id="org.hamcrest.library.nl_sv" unpack="false" version="3.5.0.v20090620043401" download-size="1367" install-size="1367" />
	<plugin fragment="true" id="org.hamcrest.nl_sv" unpack="false" version="3.5.0.v20090620043401" download-size="1362" install-size="1362" />
	<plugin fragment="true" id="org.hamcrest.text.nl_sv" unpack="false" version="3.5.0.v20090620043401" download-size="1365" install-size="1365" />
	<plugin fragment="true" id="org.jdom.nl_sv" unpack="false" version="3.5.0.v20090620043401" download-size="1358" install-size="1358" />
	<plugin fragment="true" id="org.mortbay.jetty.nl_sv" unpack="false" version="3.5.0.v20090620043401" download-size="2663" install-size="2663" />
	<plugin fragment="true" id="org.mortbay.jetty.server.nl_sv" unpack="false" version="3.5.0.v20090620043401" download-size="1839" install-size="1839" />
	<plugin fragment="true" id="org.mortbay.jetty.util.nl_sv" unpack="false" version="3.5.0.v20090620043401" download-size="1370" install-size="1370" />
	<plugin fragment="true" id="org.mozilla.javascript.nl_sv" unpack="false" version="3.5.0.v20090620043401" download-size="1374" install-size="1374" />
	<plugin fragment="true" id="org.objectweb.asm.nl_sv" unpack="false" version="3.5.0.v20090620043401" download-size="4622" install-size="4622" />
	<plugin fragment="true" id="org.opensaml.nl_sv" unpack="false" version="3.5.0.v20090620043401" download-size="1395" install-size="1395" />
	<plugin fragment="true" id="org.slf4j.api.nl_sv" unpack="false" version="3.5.0.v20090620043401" download-size="1366" install-size="1366" />
	<plugin fragment="true" id="org.uddi4j.nl_sv" unpack="false" version="3.5.0.v20090620043401" download-size="1365" install-size="1365" />
	<plugin fragment="true" id="org.w3c.css.sac.nl_sv" unpack="false" version="3.5.0.v20090620043401" download-size="1364" install-size="1364" />
	<plugin fragment="true" id="org.w3c.dom.events.nl_sv" unpack="false" version="3.5.0.v20090620043401" download-size="1365" install-size="1365" />
	<plugin fragment="true" id="org.w3c.dom.smil.nl_sv" unpack="false" version="3.5.0.v20090620043401" download-size="1365" install-size="1365" />
	<plugin fragment="true" id="org.w3c.dom.svg.nl_sv" unpack="false" version="3.5.0.v20090620043401" download-size="1364" install-size="1364" />
</feature>