<?xml version="1.0" encoding="UTF-8" ?>
<feature
	id="org.eclipse.babel.nls_stp.bpmn_en_AA"
	label="Babel Language Pack for stp.bpmn in Pseudo Translations (100%)"
	image="eclipse_update_120.jpg"
	provider-name="%providerName"
	version="3.5.0.v20090620043401">
	<copyright>
		%copyright
	</copyright>
	<license url="%licenseURL">
		%license
	</license>
	<description>Babel Language Pack for stp.bpmn in Pseudo Translations</description>
	<plugin fragment="true" id="org.eclipse.stp.bpmn.diagram.nl_en_AA" unpack="false" version="3.5.0.v20090620043401" download-size="8952" install-size="8952" />
	<plugin fragment="true" id="org.eclipse.stp.bpmn.edit.nl_en_AA" unpack="false" version="3.5.0.v20090620043401" download-size="4008" install-size="4008" />
	<plugin fragment="true" id="org.eclipse.stp.bpmn.nl_en_AA" unpack="false" version="3.5.0.v20090620043401" download-size="3262" install-size="3262" />
	<plugin fragment="true" id="org.eclipse.stp.bpmn.validation.nl_en_AA" unpack="false" version="3.5.0.v20090620043401" download-size="4033" install-size="4033" />
</feature>