<?xml version="1.0" encoding="UTF-8" ?>
<feature
	id="org.eclipse.babel.nls_stp.bpmn_hu"
	label="Babel Language Pack for stp.bpmn in Hungarian (19%)"
	image="eclipse_update_120.jpg"
	provider-name="%providerName"
	version="3.5.0.v20090620043401">
	<copyright>
		%copyright
	</copyright>
	<license url="%licenseURL">
		%license
	</license>
	<description>Babel Language Pack for stp.bpmn in Hungarian</description>
	<plugin fragment="true" id="org.eclipse.stp.bpmn.diagram.nl_hu" unpack="false" version="3.5.0.v20090620043401" download-size="2723" install-size="2723" />
	<plugin fragment="true" id="org.eclipse.stp.bpmn.edit.nl_hu" unpack="false" version="3.5.0.v20090620043401" download-size="2355" install-size="2355" />
	<plugin fragment="true" id="org.eclipse.stp.bpmn.nl_hu" unpack="false" version="3.5.0.v20090620043401" download-size="2230" install-size="2230" />
	<plugin fragment="true" id="org.eclipse.stp.bpmn.validation.nl_hu" unpack="false" version="3.5.0.v20090620043401" download-size="2320" install-size="2320" />
</feature>