<?xml version="1.0" encoding="UTF-8" ?>
<feature
	id="org.eclipse.babel.nls_modeling.m2t_ja"
	label="Babel Language Pack for modeling.m2t in Japanese (10.41%)"
	image="eclipse_update_120.jpg"
	provider-name="%providerName"
	version="3.5.0.v20090620043401">
	<copyright>
		%copyright
	</copyright>
	<license url="%licenseURL">
		%license
	</license>
	<description>Babel Language Pack for modeling.m2t in Japanese</description>
	<plugin fragment="true" id="org.eclipse.acceleo.common.nl_ja" unpack="false" version="3.5.0.v20090620043401" download-size="1370" install-size="1370" />
	<plugin fragment="true" id="org.eclipse.acceleo.engine.nl_ja" unpack="false" version="3.5.0.v20090620043401" download-size="2134" install-size="2134" />
	<plugin fragment="true" id="org.eclipse.acceleo.ide.ui.nl_ja" unpack="false" version="3.5.0.v20090620043401" download-size="2789" install-size="2789" />
	<plugin fragment="true" id="org.eclipse.acceleo.model.nl_ja" unpack="false" version="3.5.0.v20090620043401" download-size="1370" install-size="1370" />
	<plugin fragment="true" id="org.eclipse.acceleo.parser.nl_ja" unpack="false" version="3.5.0.v20090620043401" download-size="2308" install-size="2308" />
</feature>