<?xml version="1.0" encoding="UTF-8" ?>
<feature
	id="org.eclipse.babel.nls_webtools.sourceediting_pt_BR"
	label="Babel Language Pack for webtools.sourceediting in Portuguese (Brazilian) (73.81%)"
	image="eclipse_update_120.jpg"
	provider-name="%providerName"
	version="3.5.0.v20090620043401">
	<copyright>
		%copyright
	</copyright>
	<license url="%licenseURL">
		%license
	</license>
	<description>Babel Language Pack for webtools.sourceediting in Portuguese (Brazilian)</description>
	<plugin fragment="true" id="org.eclipse.jst.jsp.core.nl_pt_BR" unpack="false" version="3.5.0.v20090620043401" download-size="3085" install-size="3085" />
	<plugin fragment="true" id="org.eclipse.jst.jsp.ui.infopop.nl_pt_BR" unpack="false" version="3.5.0.v20090620043401" download-size="1426" install-size="1426" />
	<plugin fragment="true" id="org.eclipse.jst.jsp.ui.nl_pt_BR" unpack="false" version="3.5.0.v20090620043401" download-size="5928" install-size="5928" />
	<plugin fragment="true" id="org.eclipse.jst.standard.schemas.nl_pt_BR" unpack="false" version="3.5.0.v20090620043401" download-size="1399" install-size="1399" />
	<plugin fragment="true" id="org.eclipse.wst.css.core.nl_pt_BR" unpack="false" version="3.5.0.v20090620043401" download-size="3459" install-size="3459" />
	<plugin fragment="true" id="org.eclipse.wst.css.ui.nl_pt_BR" unpack="false" version="3.5.0.v20090620043401" download-size="5012" install-size="5012" />
	<plugin fragment="true" id="org.eclipse.wst.doc.user.nl_pt_BR" unpack="false" version="3.5.0.v20090620043401" download-size="1426" install-size="1426" />
	<plugin fragment="true" id="org.eclipse.wst.dtd.core.nl_pt_BR" unpack="false" version="3.5.0.v20090620043401" download-size="4532" install-size="4532" />
	<plugin fragment="true" id="org.eclipse.wst.dtd.ui.infopop.nl_pt_BR" unpack="false" version="3.5.0.v20090620043401" download-size="1423" install-size="1423" />
	<plugin fragment="true" id="org.eclipse.wst.dtd.ui.nl_pt_BR" unpack="false" version="3.5.0.v20090620043401" download-size="5043" install-size="5043" />
	<plugin fragment="true" id="org.eclipse.wst.dtdeditor.doc.user.nl_pt_BR" unpack="false" version="3.5.0.v20090620043401" download-size="1398" install-size="1398" />
	<plugin fragment="true" id="org.eclipse.wst.html.core.nl_pt_BR" unpack="false" version="3.5.0.v20090620043401" download-size="5340" install-size="5340" />
	<plugin fragment="true" id="org.eclipse.wst.html.ui.infopop.nl_pt_BR" unpack="false" version="3.5.0.v20090620043401" download-size="1427" install-size="1427" />
	<plugin fragment="true" id="org.eclipse.wst.html.ui.nl_pt_BR" unpack="false" version="3.5.0.v20090620043401" download-size="6052" install-size="6052" />
	<plugin fragment="true" id="org.eclipse.wst.javascript.core.nl_pt_BR" unpack="false" version="3.5.0.v20090620043401" download-size="2697" install-size="2697" />
	<plugin fragment="true" id="org.eclipse.wst.javascript.ui.infopop.nl_pt_BR" unpack="false" version="3.5.0.v20090620043401" download-size="1426" install-size="1426" />
	<plugin fragment="true" id="org.eclipse.wst.javascript.ui.nl_pt_BR" unpack="false" version="3.5.0.v20090620043401" download-size="5555" install-size="5555" />
	<plugin fragment="true" id="org.eclipse.wst.jsdt.core.nl_pt_BR" unpack="false" version="3.5.0.v20090620043401" download-size="20038" install-size="20038" />
	<plugin fragment="true" id="org.eclipse.wst.jsdt.doc.nl_pt_BR" unpack="false" version="3.5.0.v20090620043401" download-size="1390" install-size="1390" />
	<plugin fragment="true" id="org.eclipse.wst.jsdt.manipulation.nl_pt_BR" unpack="false" version="3.5.0.v20090620043401" download-size="3520" install-size="3520" />
	<plugin fragment="true" id="org.eclipse.wst.jsdt.support.firefox.nl_pt_BR" unpack="false" version="3.5.0.v20090620043401" download-size="1399" install-size="1399" />
	<plugin fragment="true" id="org.eclipse.wst.jsdt.support.ie.nl_pt_BR" unpack="false" version="3.5.0.v20090620043401" download-size="1396" install-size="1396" />
	<plugin fragment="true" id="org.eclipse.wst.jsdt.ui.nl_pt_BR" unpack="false" version="3.5.0.v20090620043401" download-size="118067" install-size="118067" />
	<plugin fragment="true" id="org.eclipse.wst.jsdt.web.core.nl_pt_BR" unpack="false" version="3.5.0.v20090620043401" download-size="2666" install-size="2666" />
	<plugin fragment="true" id="org.eclipse.wst.jsdt.web.support.jsp.nl_pt_BR" unpack="false" version="3.5.0.v20090620043401" download-size="1398" install-size="1398" />
	<plugin fragment="true" id="org.eclipse.wst.jsdt.web.ui.nl_pt_BR" unpack="false" version="3.5.0.v20090620043401" download-size="4950" install-size="4950" />
	<plugin fragment="true" id="org.eclipse.wst.sse.core.nl_pt_BR" unpack="false" version="3.5.0.v20090620043401" download-size="4240" install-size="4240" />
	<plugin fragment="true" id="org.eclipse.wst.sse.doc.user.nl_pt_BR" unpack="false" version="3.5.0.v20090620043401" download-size="1395" install-size="1395" />
	<plugin fragment="true" id="org.eclipse.wst.sse.ui.infopop.nl_pt_BR" unpack="false" version="3.5.0.v20090620043401" download-size="1414" install-size="1414" />
	<plugin fragment="true" id="org.eclipse.wst.sse.ui.nl_pt_BR" unpack="false" version="3.5.0.v20090620043401" download-size="8287" install-size="8287" />
	<plugin fragment="true" id="org.eclipse.wst.standard.schemas.nl_pt_BR" unpack="false" version="3.5.0.v20090620043401" download-size="1401" install-size="1401" />
	<plugin fragment="true" id="org.eclipse.wst.web.nl_pt_BR" unpack="false" version="3.5.0.v20090620043401" download-size="2091" install-size="2091" />
	<plugin fragment="true" id="org.eclipse.wst.web.ui.nl_pt_BR" unpack="false" version="3.5.0.v20090620043401" download-size="1445" install-size="1445" />
	<plugin fragment="true" id="org.eclipse.wst.webtools.doc.user.nl_pt_BR" unpack="false" version="3.5.0.v20090620043401" download-size="1397" install-size="1397" />
	<plugin fragment="true" id="org.eclipse.wst.xml.core.nl_pt_BR" unpack="false" version="3.5.0.v20090620043401" download-size="3744" install-size="3744" />
	<plugin fragment="true" id="org.eclipse.wst.xml.ui.infopop.nl_pt_BR" unpack="false" version="3.5.0.v20090620043401" download-size="1417" install-size="1417" />
	<plugin fragment="true" id="org.eclipse.wst.xml.ui.nl_pt_BR" unpack="false" version="3.5.0.v20090620043401" download-size="13886" install-size="13886" />
	<plugin fragment="true" id="org.eclipse.wst.xml.xpath.core.nl_pt_BR" unpack="false" version="3.5.0.v20090620043401" download-size="1393" install-size="1393" />
	<plugin fragment="true" id="org.eclipse.wst.xml.xpath.ui.nl_pt_BR" unpack="false" version="3.5.0.v20090620043401" download-size="3106" install-size="3106" />
	<plugin fragment="true" id="org.eclipse.wst.xml.xpath2.processor.nl_pt_BR" unpack="false" version="3.5.0.v20090620043401" download-size="1400" install-size="1400" />
	<plugin fragment="true" id="org.eclipse.wst.xmleditor.doc.user.nl_pt_BR" unpack="false" version="3.5.0.v20090620043401" download-size="1400" install-size="1400" />
	<plugin fragment="true" id="org.eclipse.wst.xsd.core.nl_pt_BR" unpack="false" version="3.5.0.v20090620043401" download-size="1518" install-size="1518" />
	<plugin fragment="true" id="org.eclipse.wst.xsd.ui.nl_pt_BR" unpack="false" version="3.5.0.v20090620043401" download-size="18929" install-size="18929" />
	<plugin fragment="true" id="org.eclipse.wst.xsdeditor.doc.user.nl_pt_BR" unpack="false" version="3.5.0.v20090620043401" download-size="1429" install-size="1429" />
	<plugin fragment="true" id="org.eclipse.wst.xsl.core.nl_pt_BR" unpack="false" version="3.5.0.v20090620043401" download-size="1406" install-size="1406" />
	<plugin fragment="true" id="org.eclipse.wst.xsl.debug.ui.nl_pt_BR" unpack="false" version="3.5.0.v20090620043401" download-size="4144" install-size="4144" />
	<plugin fragment="true" id="org.eclipse.wst.xsl.doc.nl_pt_BR" unpack="false" version="3.5.0.v20090620043401" download-size="1388" install-size="1388" />
	<plugin fragment="true" id="org.eclipse.wst.xsl.jaxp.debug.nl_pt_BR" unpack="false" version="3.5.0.v20090620043401" download-size="3075" install-size="3075" />
	<plugin fragment="true" id="org.eclipse.wst.xsl.jaxp.debug.ui.nl_pt_BR" unpack="false" version="3.5.0.v20090620043401" download-size="4121" install-size="4121" />
	<plugin fragment="true" id="org.eclipse.wst.xsl.jaxp.launching.nl_pt_BR" unpack="false" version="3.5.0.v20090620043401" download-size="3231" install-size="3231" />
	<plugin fragment="true" id="org.eclipse.wst.xsl.launching.nl_pt_BR" unpack="false" version="3.5.0.v20090620043401" download-size="1424" install-size="1424" />
	<plugin fragment="true" id="org.eclipse.wst.xsl.launching.tests.nl_pt_BR" unpack="false" version="3.5.0.v20090620043401" download-size="1403" install-size="1403" />
	<plugin fragment="true" id="org.eclipse.wst.xsl.nl_pt_BR" unpack="false" version="3.5.0.v20090620043401" download-size="1390" install-size="1390" />
	<plugin fragment="true" id="org.eclipse.wst.xsl.saxon.nl_pt_BR" unpack="false" version="3.5.0.v20090620043401" download-size="1786" install-size="1786" />
	<plugin fragment="true" id="org.eclipse.wst.xsl.sdk.documentation.nl_pt_BR" unpack="false" version="3.5.0.v20090620043401" download-size="1401" install-size="1401" />
	<plugin fragment="true" id="org.eclipse.wst.xsl.tests.nl_pt_BR" unpack="false" version="3.5.0.v20090620043401" download-size="1393" install-size="1393" />
	<plugin fragment="true" id="org.eclipse.wst.xsl.ui.nl_pt_BR" unpack="false" version="3.5.0.v20090620043401" download-size="2675" install-size="2675" />
	<plugin fragment="true" id="org.eclipse.wst.xsl.xalan.nl_pt_BR" unpack="false" version="3.5.0.v20090620043401" download-size="1701" install-size="1701" />
</feature>