<?xml version="1.0" encoding="UTF-8" ?>
<feature
	id="org.eclipse.babel.nls_birt_en_AA"
	label="Babel Language Pack for birt in Pseudo Translations (100%)"
	image="eclipse_update_120.jpg"
	provider-name="%providerName"
	version="3.5.0.v20090620043401">
	<copyright>
		%copyright
	</copyright>
	<license url="%licenseURL">
		%license
	</license>
	<description>Babel Language Pack for birt in Pseudo Translations</description>
	<plugin fragment="true" id="com.lowagie.itext.nl_en_AA" unpack="false" version="3.5.0.v20090620043401" download-size="1495" install-size="1495" />
	<plugin fragment="true" id="org.apache.derby.core.nl_en_AA" unpack="false" version="3.5.0.v20090620043401" download-size="1499" install-size="1499" />
	<plugin fragment="true" id="org.eclipse.birt.chart.cshelp.nl_en_AA" unpack="false" version="3.5.0.v20090620043401" download-size="1751" install-size="1751" />
	<plugin fragment="true" id="org.eclipse.birt.chart.device.extension.nl_en_AA" unpack="false" version="3.5.0.v20090620043401" download-size="3523" install-size="3523" />
	<plugin fragment="true" id="org.eclipse.birt.chart.device.svg.nl_en_AA" unpack="false" version="3.5.0.v20090620043401" download-size="2970" install-size="2970" />
	<plugin fragment="true" id="org.eclipse.birt.chart.device.swt.nl_en_AA" unpack="false" version="3.5.0.v20090620043401" download-size="2899" install-size="2899" />
	<plugin fragment="true" id="org.eclipse.birt.chart.doc.isv.nl_en_AA" unpack="false" version="3.5.0.v20090620043401" download-size="1510" install-size="1510" />
	<plugin fragment="true" id="org.eclipse.birt.chart.engine.extension.nl_en_AA" unpack="false" version="3.5.0.v20090620043401" download-size="5010" install-size="5010" />
	<plugin fragment="true" id="org.eclipse.birt.chart.engine.nl_en_AA" unpack="false" version="3.5.0.v20090620043401" download-size="9212" install-size="9212" />
	<plugin fragment="true" id="org.eclipse.birt.chart.examples.nl_en_AA" unpack="false" version="3.5.0.v20090620043401" download-size="5948" install-size="5948" />
	<plugin fragment="true" id="org.eclipse.birt.chart.integration.wtp.ui.nl_en_AA" unpack="false" version="3.5.0.v20090620043401" download-size="4551" install-size="4551" />
	<plugin fragment="true" id="org.eclipse.birt.chart.nl_en_AA" unpack="false" version="3.5.0.v20090620043401" download-size="1501" install-size="1501" />
	<plugin fragment="true" id="org.eclipse.birt.chart.reportitem.nl_en_AA" unpack="false" version="3.5.0.v20090620043401" download-size="3718" install-size="3718" />
	<plugin fragment="true" id="org.eclipse.birt.chart.reportitem.ui.nl_en_AA" unpack="false" version="3.5.0.v20090620043401" download-size="4765" install-size="4765" />
	<plugin fragment="true" id="org.eclipse.birt.chart.runtime.nl_en_AA" unpack="false" version="3.5.0.v20090620043401" download-size="1504" install-size="1504" />
	<plugin fragment="true" id="org.eclipse.birt.chart.ui.extension.nl_en_AA" unpack="false" version="3.5.0.v20090620043401" download-size="18783" install-size="18783" />
	<plugin fragment="true" id="org.eclipse.birt.chart.ui.nl_en_AA" unpack="false" version="3.5.0.v20090620043401" download-size="4092" install-size="4092" />
	<plugin fragment="true" id="org.eclipse.birt.core.nl_en_AA" unpack="false" version="3.5.0.v20090620043401" download-size="2221" install-size="2221" />
	<plugin fragment="true" id="org.eclipse.birt.core.script.function.nl_en_AA" unpack="false" version="3.5.0.v20090620043401" download-size="3191" install-size="3191" />
	<plugin fragment="true" id="org.eclipse.birt.core.tests.nl_en_AA" unpack="false" version="3.5.0.v20090620043401" download-size="2971" install-size="2971" />
	<plugin fragment="true" id="org.eclipse.birt.core.ui.nl_en_AA" unpack="false" version="3.5.0.v20090620043401" download-size="2905" install-size="2905" />
	<plugin fragment="true" id="org.eclipse.birt.cshelp.nl_en_AA" unpack="false" version="3.5.0.v20090620043401" download-size="1706" install-size="1706" />
	<plugin fragment="true" id="org.eclipse.birt.data.aggregation.nl_en_AA" unpack="false" version="3.5.0.v20090620043401" download-size="3881" install-size="3881" />
	<plugin fragment="true" id="org.eclipse.birt.data.nl_en_AA" unpack="false" version="3.5.0.v20090620043401" download-size="10622" install-size="10622" />
	<plugin fragment="true" id="org.eclipse.birt.data.tests.nl_en_AA" unpack="false" version="3.5.0.v20090620043401" download-size="4913" install-size="4913" />
	<plugin fragment="true" id="org.eclipse.birt.doc.isv.nl_en_AA" unpack="false" version="3.5.0.v20090620043401" download-size="1503" install-size="1503" />
	<plugin fragment="true" id="org.eclipse.birt.doc.nl_en_AA" unpack="false" version="3.5.0.v20090620043401" download-size="1495" install-size="1495" />
	<plugin fragment="true" id="org.eclipse.birt.example.nl_en_AA" unpack="false" version="3.5.0.v20090620043401" download-size="1492" install-size="1492" />
	<plugin fragment="true" id="org.eclipse.birt.integration.wtp.ui.nl_en_AA" unpack="false" version="3.5.0.v20090620043401" download-size="5105" install-size="5105" />
	<plugin fragment="true" id="org.eclipse.birt.nl_en_AA" unpack="false" version="3.5.0.v20090620043401" download-size="1801" install-size="1801" />
	<plugin fragment="true" id="org.eclipse.birt.report.data.adapter.nl_en_AA" unpack="false" version="3.5.0.v20090620043401" download-size="2957" install-size="2957" />
	<plugin fragment="true" id="org.eclipse.birt.report.data.oda.jdbc.dbprofile.nl_en_AA" unpack="false" version="3.5.0.v20090620043401" download-size="3605" install-size="3605" />
	<plugin fragment="true" id="org.eclipse.birt.report.data.oda.jdbc.dbprofile.sampledb.nl_en_AA" unpack="false" version="3.5.0.v20090620043401" download-size="3358" install-size="3358" />
	<plugin fragment="true" id="org.eclipse.birt.report.data.oda.jdbc.dbprofile.ui.nl_en_AA" unpack="false" version="3.5.0.v20090620043401" download-size="3831" install-size="3831" />
	<plugin fragment="true" id="org.eclipse.birt.report.data.oda.jdbc.nl_en_AA" unpack="false" version="3.5.0.v20090620043401" download-size="4640" install-size="4640" />
	<plugin fragment="true" id="org.eclipse.birt.report.data.oda.jdbc.ui.nl_en_AA" unpack="false" version="3.5.0.v20090620043401" download-size="5748" install-size="5748" />
	<plugin fragment="true" id="org.eclipse.birt.report.data.oda.sampledb.nl_en_AA" unpack="false" version="3.5.0.v20090620043401" download-size="1662" install-size="1662" />
	<plugin fragment="true" id="org.eclipse.birt.report.data.oda.sampledb.ui.nl_en_AA" unpack="false" version="3.5.0.v20090620043401" download-size="3389" install-size="3389" />
	<plugin fragment="true" id="org.eclipse.birt.report.data.oda.xml.nl_en_AA" unpack="false" version="3.5.0.v20090620043401" download-size="3083" install-size="3083" />
	<plugin fragment="true" id="org.eclipse.birt.report.data.oda.xml.ui.nl_en_AA" unpack="false" version="3.5.0.v20090620043401" download-size="1761" install-size="1761" />
	<plugin fragment="true" id="org.eclipse.birt.report.debug.core.nl_en_AA" unpack="false" version="3.5.0.v20090620043401" download-size="3132" install-size="3132" />
	<plugin fragment="true" id="org.eclipse.birt.report.debug.ui.nl_en_AA" unpack="false" version="3.5.0.v20090620043401" download-size="3314" install-size="3314" />
	<plugin fragment="true" id="org.eclipse.birt.report.designer.core.nl_en_AA" unpack="false" version="3.5.0.v20090620043401" download-size="50355" install-size="50355" />
	<plugin fragment="true" id="org.eclipse.birt.report.designer.nl_en_AA" unpack="false" version="3.5.0.v20090620043401" download-size="1504" install-size="1504" />
	<plugin fragment="true" id="org.eclipse.birt.report.designer.tests.nl_en_AA" unpack="false" version="3.5.0.v20090620043401" download-size="2821" install-size="2821" />
	<plugin fragment="true" id="org.eclipse.birt.report.designer.ui.cubebuilder.nl_en_AA" unpack="false" version="3.5.0.v20090620043401" download-size="4978" install-size="4978" />
	<plugin fragment="true" id="org.eclipse.birt.report.designer.ui.editor.script.nl_en_AA" unpack="false" version="3.5.0.v20090620043401" download-size="1447" install-size="1447" />
	<plugin fragment="true" id="org.eclipse.birt.report.designer.ui.editor.xml.wtp.nl_en_AA" unpack="false" version="3.5.0.v20090620043401" download-size="1809" install-size="1809" />
	<plugin fragment="true" id="org.eclipse.birt.report.designer.ui.editors.nl_en_AA" unpack="false" version="3.5.0.v20090620043401" download-size="1460" install-size="1460" />
	<plugin fragment="true" id="org.eclipse.birt.report.designer.ui.editors.schematic.nl_en_AA" unpack="false" version="3.5.0.v20090620043401" download-size="1558" install-size="1558" />
	<plugin fragment="true" id="org.eclipse.birt.report.designer.ui.ide.nl_en_AA" unpack="false" version="3.5.0.v20090620043401" download-size="1843" install-size="1843" />
	<plugin fragment="true" id="org.eclipse.birt.report.designer.ui.lib.explorer.nl_en_AA" unpack="false" version="3.5.0.v20090620043401" download-size="1423" install-size="1423" />
	<plugin fragment="true" id="org.eclipse.birt.report.designer.ui.lib.nl_en_AA" unpack="false" version="3.5.0.v20090620043401" download-size="1614" install-size="1614" />
	<plugin fragment="true" id="org.eclipse.birt.report.designer.ui.nl_en_AA" unpack="false" version="3.5.0.v20090620043401" download-size="1898" install-size="1898" />
	<plugin fragment="true" id="org.eclipse.birt.report.designer.ui.preview.nl_en_AA" unpack="false" version="3.5.0.v20090620043401" download-size="1573" install-size="1573" />
	<plugin fragment="true" id="org.eclipse.birt.report.designer.ui.preview.web.nl_en_AA" unpack="false" version="3.5.0.v20090620043401" download-size="1609" install-size="1609" />
	<plugin fragment="true" id="org.eclipse.birt.report.designer.ui.rcp.nl_en_AA" unpack="false" version="3.5.0.v20090620043401" download-size="3339" install-size="3339" />
	<plugin fragment="true" id="org.eclipse.birt.report.designer.ui.samples.ide.nl_en_AA" unpack="false" version="3.5.0.v20090620043401" download-size="3319" install-size="3319" />
	<plugin fragment="true" id="org.eclipse.birt.report.designer.ui.samplesview.nl_en_AA" unpack="false" version="3.5.0.v20090620043401" download-size="6564" install-size="6564" />
	<plugin fragment="true" id="org.eclipse.birt.report.designer.ui.views.nl_en_AA" unpack="false" version="3.5.0.v20090620043401" download-size="1466" install-size="1466" />
	<plugin fragment="true" id="org.eclipse.birt.report.engine.dataextraction.csv.nl_en_AA" unpack="false" version="3.5.0.v20090620043401" download-size="1417" install-size="1417" />
	<plugin fragment="true" id="org.eclipse.birt.report.engine.dataextraction.nl_en_AA" unpack="false" version="3.5.0.v20090620043401" download-size="2538" install-size="2538" />
	<plugin fragment="true" id="org.eclipse.birt.report.engine.emitter.config.excel.nl_en_AA" unpack="false" version="3.5.0.v20090620043401" download-size="2973" install-size="2973" />
	<plugin fragment="true" id="org.eclipse.birt.report.engine.emitter.config.html.nl_en_AA" unpack="false" version="3.5.0.v20090620043401" download-size="3312" install-size="3312" />
	<plugin fragment="true" id="org.eclipse.birt.report.engine.emitter.config.pdf.nl_en_AA" unpack="false" version="3.5.0.v20090620043401" download-size="3158" install-size="3158" />
	<plugin fragment="true" id="org.eclipse.birt.report.engine.emitter.config.postscript.nl_en_AA" unpack="false" version="3.5.0.v20090620043401" download-size="3190" install-size="3190" />
	<plugin fragment="true" id="org.eclipse.birt.report.engine.emitter.config.ppt.nl_en_AA" unpack="false" version="3.5.0.v20090620043401" download-size="3170" install-size="3170" />
	<plugin fragment="true" id="org.eclipse.birt.report.engine.emitter.config.wpml.nl_en_AA" unpack="false" version="3.5.0.v20090620043401" download-size="2847" install-size="2847" />
	<plugin fragment="true" id="org.eclipse.birt.report.engine.nl_en_AA" unpack="false" version="3.5.0.v20090620043401" download-size="4387" install-size="4387" />
	<plugin fragment="true" id="org.eclipse.birt.report.engine.tests.nl_en_AA" unpack="false" version="3.5.0.v20090620043401" download-size="2577" install-size="2577" />
	<plugin fragment="true" id="org.eclipse.birt.report.item.crosstab.core.nl_en_AA" unpack="false" version="3.5.0.v20090620043401" download-size="5045" install-size="5045" />
	<plugin fragment="true" id="org.eclipse.birt.report.item.crosstab.ui.nl_en_AA" unpack="false" version="3.5.0.v20090620043401" download-size="6756" install-size="6756" />
	<plugin fragment="true" id="org.eclipse.birt.report.model.adapter.oda.nl_en_AA" unpack="false" version="3.5.0.v20090620043401" download-size="1421" install-size="1421" />
	<plugin fragment="true" id="org.eclipse.birt.report.model.nl_en_AA" unpack="false" version="3.5.0.v20090620043401" download-size="47118" install-size="47118" />
	<plugin fragment="true" id="org.eclipse.birt.report.model.tests.nl_en_AA" unpack="false" version="3.5.0.v20090620043401" download-size="9164" install-size="9164" />
	<plugin fragment="true" id="org.eclipse.birt.report.runtime.nl_en_AA" unpack="false" version="3.5.0.v20090620043401" download-size="1504" install-size="1504" />
	<plugin fragment="true" id="org.eclipse.birt.report.tests.engine.nl_en_AA" unpack="false" version="3.5.0.v20090620043401" download-size="3087" install-size="3087" />
	<plugin fragment="true" id="org.eclipse.birt.report.tests.model.nl_en_AA" unpack="false" version="3.5.0.v20090620043401" download-size="4178" install-size="4178" />
	<plugin fragment="true" id="org.eclipse.birt.report.viewer.nl_en_AA" unpack="false" version="3.5.0.v20090620043401" download-size="6668" install-size="6668" />
	<plugin fragment="true" id="org.eclipse.birt.resources.nl_en_AA" unpack="false" version="3.5.0.v20090620043401" download-size="1546" install-size="1546" />
	<plugin fragment="true" id="org.eclipse.birt.sdk.nl_en_AA" unpack="false" version="3.5.0.v20090620043401" download-size="1514" install-size="1514" />
	<plugin fragment="true" id="org.eclipse.birt.tests.core.nl_en_AA" unpack="false" version="3.5.0.v20090620043401" download-size="1434" install-size="1434" />
	<plugin fragment="true" id="org.eclipse.birt.tests.data.nl_en_AA" unpack="false" version="3.5.0.v20090620043401" download-size="4362" install-size="4362" />
	<plugin fragment="true" id="org.mozilla.rhino.nl_en_AA" unpack="false" version="3.5.0.v20090620043401" download-size="1497" install-size="1497" />
	<plugin fragment="true" id="org.w3c.sac.nl_en_AA" unpack="false" version="3.5.0.v20090620043401" download-size="1470" install-size="1470" />
</feature>