<?xml version="1.0" encoding="UTF-8" ?>
<feature
	id="org.eclipse.babel.nls_dsdp.mtj_iw"
	label="Babel Language Pack for dsdp.mtj in Hebrew (5.86%)"
	image="eclipse_update_120.jpg"
	provider-name="%providerName"
	version="3.5.0.v20090620043401">
	<copyright>
		%copyright
	</copyright>
	<license url="%licenseURL">
		%license
	</license>
	<description>Babel Language Pack for dsdp.mtj in Hebrew</description>
	<plugin fragment="true" id="org.eclipse.mtj.core.nl_iw" unpack="false" version="3.5.0.v20090620043401" download-size="2148" install-size="2148" />
	<plugin fragment="true" id="org.eclipse.mtj.eswt.templates.nl_iw" unpack="false" version="3.5.0.v20090620043401" download-size="2183" install-size="2183" />
	<plugin fragment="true" id="org.eclipse.mtj.jmunit.nl_iw" unpack="false" version="3.5.0.v20090620043401" download-size="2272" install-size="2272" />
	<plugin fragment="true" id="org.eclipse.mtj.pulsar.ui.nl_iw" unpack="false" version="3.5.0.v20090620043401" download-size="2393" install-size="2393" />
	<plugin fragment="true" id="org.eclipse.mtj.ui.nl_iw" unpack="false" version="3.5.0.v20090620043401" download-size="5055" install-size="5055" />
</feature>