<?xml version="1.0" encoding="UTF-8" ?>
<feature
	id="org.eclipse.babel.nls_rt.ecf_en_AA"
	label="Babel Language Pack for rt.ecf in Pseudo Translations (100%)"
	image="eclipse_update_120.jpg"
	provider-name="%providerName"
	version="3.5.0.v20090620043401">
	<copyright>
		%copyright
	</copyright>
	<license url="%licenseURL">
		%license
	</license>
	<description>Babel Language Pack for rt.ecf in Pseudo Translations</description>
	<plugin fragment="true" id="org.eclipse.ecf.datashare.nl_en_AA" unpack="false" version="3.5.0.v20090620043401" download-size="2156" install-size="2156" />
	<plugin fragment="true" id="org.eclipse.ecf.discovery.nl_en_AA" unpack="false" version="3.5.0.v20090620043401" download-size="2430" install-size="2430" />
	<plugin fragment="true" id="org.eclipse.ecf.discovery.ui.browser.nl_en_AA" unpack="false" version="3.5.0.v20090620043401" download-size="1465" install-size="1465" />
	<plugin fragment="true" id="org.eclipse.ecf.discovery.ui.edit.nl_en_AA" unpack="false" version="3.5.0.v20090620043401" download-size="1981" install-size="1981" />
	<plugin fragment="true" id="org.eclipse.ecf.discovery.ui.model.nl_en_AA" unpack="false" version="3.5.0.v20090620043401" download-size="2732" install-size="2732" />
	<plugin fragment="true" id="org.eclipse.ecf.discovery.ui.nl_en_AA" unpack="false" version="3.5.0.v20090620043401" download-size="1446" install-size="1446" />
	<plugin fragment="true" id="org.eclipse.ecf.doc.nl_en_AA" unpack="false" version="3.5.0.v20090620043401" download-size="1419" install-size="1419" />
	<plugin fragment="true" id="org.eclipse.ecf.docshare.nl_en_AA" unpack="false" version="3.5.0.v20090620043401" download-size="3061" install-size="3061" />
	<plugin fragment="true" id="org.eclipse.ecf.example.clients.nl_en_AA" unpack="false" version="3.5.0.v20090620043401" download-size="1428" install-size="1428" />
	<plugin fragment="true" id="org.eclipse.ecf.example.collab.editor.nl_en_AA" unpack="false" version="3.5.0.v20090620043401" download-size="1439" install-size="1439" />
	<plugin fragment="true" id="org.eclipse.ecf.example.collab.nl_en_AA" unpack="false" version="3.5.0.v20090620043401" download-size="8181" install-size="8181" />
	<plugin fragment="true" id="org.eclipse.ecf.examples.remoteservices.common.nl_en_AA" unpack="false" version="3.5.0.v20090620043401" download-size="1449" install-size="1449" />
	<plugin fragment="true" id="org.eclipse.ecf.examples.remoteservices.server.nl_en_AA" unpack="false" version="3.5.0.v20090620043401" download-size="1454" install-size="1454" />
	<plugin fragment="true" id="org.eclipse.ecf.examples.updatesite.client.nl_en_AA" unpack="false" version="3.5.0.v20090620043401" download-size="2835" install-size="2835" />
	<plugin fragment="true" id="org.eclipse.ecf.examples.updatesite.server.nl_en_AA" unpack="false" version="3.5.0.v20090620043401" download-size="2523" install-size="2523" />
	<plugin fragment="true" id="org.eclipse.ecf.filetransfer.nl_en_AA" unpack="false" version="3.5.0.v20090620043401" download-size="2370" install-size="2370" />
	<plugin fragment="true" id="org.eclipse.ecf.filetransfer.ui.nl_en_AA" unpack="false" version="3.5.0.v20090620043401" download-size="3499" install-size="3499" />
	<plugin fragment="true" id="org.eclipse.ecf.identity.nl_en_AA" unpack="false" version="3.5.0.v20090620043401" download-size="2648" install-size="2648" />
	<plugin fragment="true" id="org.eclipse.ecf.nl_en_AA" unpack="false" version="3.5.0.v20090620043401" download-size="3293" install-size="3293" />
	<plugin fragment="true" id="org.eclipse.ecf.osgi.services.discovery.nl_en_AA" unpack="false" version="3.5.0.v20090620043401" download-size="1459" install-size="1459" />
	<plugin fragment="true" id="org.eclipse.ecf.osgi.services.distribution.nl_en_AA" unpack="false" version="3.5.0.v20090620043401" download-size="1463" install-size="1463" />
	<plugin fragment="true" id="org.eclipse.ecf.osgi.services.nl_en_AA" unpack="false" version="3.5.0.v20090620043401" download-size="1370" install-size="1370" />
	<plugin fragment="true" id="org.eclipse.ecf.presence.bot.nl_en_AA" unpack="false" version="3.5.0.v20090620043401" download-size="2546" install-size="2546" />
	<plugin fragment="true" id="org.eclipse.ecf.presence.collab.ui.nl_en_AA" unpack="false" version="3.5.0.v20090620043401" download-size="3796" install-size="3796" />
	<plugin fragment="true" id="org.eclipse.ecf.presence.nl_en_AA" unpack="false" version="3.5.0.v20090620043401" download-size="1424" install-size="1424" />
	<plugin fragment="true" id="org.eclipse.ecf.presence.ui.nl_en_AA" unpack="false" version="3.5.0.v20090620043401" download-size="6075" install-size="6075" />
	<plugin fragment="true" id="org.eclipse.ecf.protocol.bittorrent.nl_en_AA" unpack="false" version="3.5.0.v20090620043401" download-size="1445" install-size="1445" />
	<plugin fragment="true" id="org.eclipse.ecf.protocol.msn.nl_en_AA" unpack="false" version="3.5.0.v20090620043401" download-size="1438" install-size="1438" />
	<plugin fragment="true" id="org.eclipse.ecf.provider.bittorrent.nl_en_AA" unpack="false" version="3.5.0.v20090620043401" download-size="2726" install-size="2726" />
	<plugin fragment="true" id="org.eclipse.ecf.provider.bittorrent.ui.nl_en_AA" unpack="false" version="3.5.0.v20090620043401" download-size="2978" install-size="2978" />
	<plugin fragment="true" id="org.eclipse.ecf.provider.datashare.nio.nl_en_AA" unpack="false" version="3.5.0.v20090620043401" download-size="2594" install-size="2594" />
	<plugin fragment="true" id="org.eclipse.ecf.provider.datashare.nl_en_AA" unpack="false" version="3.5.0.v20090620043401" download-size="2765" install-size="2765" />
	<plugin fragment="true" id="org.eclipse.ecf.provider.discovery.nl_en_AA" unpack="false" version="3.5.0.v20090620043401" download-size="2628" install-size="2628" />
	<plugin fragment="true" id="org.eclipse.ecf.provider.filetransfer.efs.nl_en_AA" unpack="false" version="3.5.0.v20090620043401" download-size="2732" install-size="2732" />
	<plugin fragment="true" id="org.eclipse.ecf.provider.filetransfer.httpclient.nl_en_AA" unpack="false" version="3.5.0.v20090620043401" download-size="3243" install-size="3243" />
	<plugin fragment="true" id="org.eclipse.ecf.provider.filetransfer.nl_en_AA" unpack="false" version="3.5.0.v20090620043401" download-size="3688" install-size="3688" />
	<plugin fragment="true" id="org.eclipse.ecf.provider.filetransfer.scp.nl_en_AA" unpack="false" version="3.5.0.v20090620043401" download-size="3002" install-size="3002" />
	<plugin fragment="true" id="org.eclipse.ecf.provider.irc.nl_en_AA" unpack="false" version="3.5.0.v20090620043401" download-size="3282" install-size="3282" />
	<plugin fragment="true" id="org.eclipse.ecf.provider.irc.ui.nl_en_AA" unpack="false" version="3.5.0.v20090620043401" download-size="3205" install-size="3205" />
	<plugin fragment="true" id="org.eclipse.ecf.provider.jmdns.nl_en_AA" unpack="false" version="3.5.0.v20090620043401" download-size="3088" install-size="3088" />
	<plugin fragment="true" id="org.eclipse.ecf.provider.jslp.nl_en_AA" unpack="false" version="3.5.0.v20090620043401" download-size="2711" install-size="2711" />
	<plugin fragment="true" id="org.eclipse.ecf.provider.msn.nl_en_AA" unpack="false" version="3.5.0.v20090620043401" download-size="2553" install-size="2553" />
	<plugin fragment="true" id="org.eclipse.ecf.provider.msn.ui.nl_en_AA" unpack="false" version="3.5.0.v20090620043401" download-size="2900" install-size="2900" />
	<plugin fragment="true" id="org.eclipse.ecf.provider.nl_en_AA" unpack="false" version="3.5.0.v20090620043401" download-size="4222" install-size="4222" />
	<plugin fragment="true" id="org.eclipse.ecf.provider.remoteservice.nl_en_AA" unpack="false" version="3.5.0.v20090620043401" download-size="3178" install-size="3178" />
	<plugin fragment="true" id="org.eclipse.ecf.provider.ui.nl_en_AA" unpack="false" version="3.5.0.v20090620043401" download-size="1460" install-size="1460" />
	<plugin fragment="true" id="org.eclipse.ecf.provider.xmpp.nl_en_AA" unpack="false" version="3.5.0.v20090620043401" download-size="3578" install-size="3578" />
	<plugin fragment="true" id="org.eclipse.ecf.provider.xmpp.ui.nl_en_AA" unpack="false" version="3.5.0.v20090620043401" download-size="3858" install-size="3858" />
	<plugin fragment="true" id="org.eclipse.ecf.remoteservice.nl_en_AA" unpack="false" version="3.5.0.v20090620043401" download-size="2445" install-size="2445" />
	<plugin fragment="true" id="org.eclipse.ecf.remoteservice.ui.nl_en_AA" unpack="false" version="3.5.0.v20090620043401" download-size="2753" install-size="2753" />
	<plugin fragment="true" id="org.eclipse.ecf.server.generic.nl_en_AA" unpack="false" version="3.5.0.v20090620043401" download-size="2611" install-size="2611" />
	<plugin fragment="true" id="org.eclipse.ecf.server.nl_en_AA" unpack="false" version="3.5.0.v20090620043401" download-size="1424" install-size="1424" />
	<plugin fragment="true" id="org.eclipse.ecf.sharedobject.nl_en_AA" unpack="false" version="3.5.0.v20090620043401" download-size="2961" install-size="2961" />
	<plugin fragment="true" id="org.eclipse.ecf.storage.nl_en_AA" unpack="false" version="3.5.0.v20090620043401" download-size="1432" install-size="1432" />
	<plugin fragment="true" id="org.eclipse.ecf.sync.nl_en_AA" unpack="false" version="3.5.0.v20090620043401" download-size="1428" install-size="1428" />
	<plugin fragment="true" id="org.eclipse.ecf.telephony.call.nl_en_AA" unpack="false" version="3.5.0.v20090620043401" download-size="1436" install-size="1436" />
	<plugin fragment="true" id="org.eclipse.ecf.telephony.call.ui.nl_en_AA" unpack="false" version="3.5.0.v20090620043401" download-size="2775" install-size="2775" />
	<plugin fragment="true" id="org.eclipse.ecf.ui.capabilities.nl_en_AA" unpack="false" version="3.5.0.v20090620043401" download-size="1499" install-size="1499" />
	<plugin fragment="true" id="org.eclipse.ecf.ui.nl_en_AA" unpack="false" version="3.5.0.v20090620043401" download-size="3395" install-size="3395" />
	<plugin fragment="true" id="org.eclipse.team.ecf.core.nl_en_AA" unpack="false" version="3.5.0.v20090620043401" download-size="2455" install-size="2455" />
	<plugin fragment="true" id="org.eclipse.team.ecf.ui.nl_en_AA" unpack="false" version="3.5.0.v20090620043401" download-size="3057" install-size="3057" />
	<plugin fragment="true" id="org.jivesoftware.smack.nl_en_AA" unpack="false" version="3.5.0.v20090620043401" download-size="1436" install-size="1436" />
</feature>