<?xml version="1.0" encoding="UTF-8" ?>
<feature
	id="org.eclipse.babel.nls_rt.equinox_zh"
	label="Babel Language Pack for rt.equinox in Chinese (Simplified) (37.32%)"
	image="eclipse_update_120.jpg"
	provider-name="%providerName"
	version="3.5.0.v20090620043401">
	<copyright>
		%copyright
	</copyright>
	<license url="%licenseURL">
		%license
	</license>
	<description>Babel Language Pack for rt.equinox in Chinese (Simplified)</description>
	<plugin fragment="true" id="org.eclipse.core.resources.jmx.nl_zh" unpack="false" version="3.5.0.v20090620043401" download-size="2247" install-size="2247" />
	<plugin fragment="true" id="org.eclipse.equinox.frameworkadmin.equinox.nl_zh" unpack="false" version="3.5.0.v20090620043401" download-size="1440" install-size="1440" />
	<plugin fragment="true" id="org.eclipse.equinox.frameworkadmin.nl_zh" unpack="false" version="3.5.0.v20090620043401" download-size="1425" install-size="1425" />
	<plugin fragment="true" id="org.eclipse.equinox.initializer.nl_zh" unpack="false" version="3.5.0.v20090620043401" download-size="2516" install-size="2516" />
	<plugin fragment="true" id="org.eclipse.equinox.jmx.client.nl_zh" unpack="false" version="3.5.0.v20090620043401" download-size="4744" install-size="4744" />
	<plugin fragment="true" id="org.eclipse.equinox.jmx.common.nl_zh" unpack="false" version="3.5.0.v20090620043401" download-size="2324" install-size="2324" />
	<plugin fragment="true" id="org.eclipse.equinox.jmx.server.nl_zh" unpack="false" version="3.5.0.v20090620043401" download-size="2987" install-size="2987" />
	<plugin fragment="true" id="org.eclipse.equinox.jmx.vm.nl_zh" unpack="false" version="3.5.0.v20090620043401" download-size="2652" install-size="2652" />
	<plugin fragment="true" id="org.eclipse.equinox.p2.artifact.repository.nl_zh" unpack="false" version="3.5.0.v20090620043401" download-size="2651" install-size="2651" />
	<plugin fragment="true" id="org.eclipse.equinox.p2.console.nl_zh" unpack="false" version="3.5.0.v20090620043401" download-size="1382" install-size="1382" />
	<plugin fragment="true" id="org.eclipse.equinox.p2.core.nl_zh" unpack="false" version="3.5.0.v20090620043401" download-size="2560" install-size="2560" />
	<plugin fragment="true" id="org.eclipse.equinox.p2.director.app.nl_zh" unpack="false" version="3.5.0.v20090620043401" download-size="1385" install-size="1385" />
	<plugin fragment="true" id="org.eclipse.equinox.p2.director.nl_zh" unpack="false" version="3.5.0.v20090620043401" download-size="2442" install-size="2442" />
	<plugin fragment="true" id="org.eclipse.equinox.p2.directorywatcher.nl_zh" unpack="false" version="3.5.0.v20090620043401" download-size="1393" install-size="1393" />
	<plugin fragment="true" id="org.eclipse.equinox.p2.engine.nl_zh" unpack="false" version="3.5.0.v20090620043401" download-size="2907" install-size="2907" />
	<plugin fragment="true" id="org.eclipse.equinox.p2.exemplarysetup.nl_zh" unpack="false" version="3.5.0.v20090620043401" download-size="1388" install-size="1388" />
	<plugin fragment="true" id="org.eclipse.equinox.p2.extensionlocation.nl_zh" unpack="false" version="3.5.0.v20090620043401" download-size="1389" install-size="1389" />
	<plugin fragment="true" id="org.eclipse.equinox.p2.garbagecollector.nl_zh" unpack="false" version="3.5.0.v20090620043401" download-size="1390" install-size="1390" />
	<plugin fragment="true" id="org.eclipse.equinox.p2.installer.nl_zh" unpack="false" version="3.5.0.v20090620043401" download-size="2841" install-size="2841" />
	<plugin fragment="true" id="org.eclipse.equinox.p2.jarprocessor.nl_zh" unpack="false" version="3.5.0.v20090620043401" download-size="1387" install-size="1387" />
	<plugin fragment="true" id="org.eclipse.equinox.p2.metadata.generator.nl_zh" unpack="false" version="3.5.0.v20090620043401" download-size="3884" install-size="3884" />
	<plugin fragment="true" id="org.eclipse.equinox.p2.metadata.nl_zh" unpack="false" version="3.5.0.v20090620043401" download-size="1383" install-size="1383" />
	<plugin fragment="true" id="org.eclipse.equinox.p2.metadata.repository.nl_zh" unpack="false" version="3.5.0.v20090620043401" download-size="2651" install-size="2651" />
	<plugin fragment="true" id="org.eclipse.equinox.p2.publisher.nl_zh" unpack="false" version="3.5.0.v20090620043401" download-size="2478" install-size="2478" />
	<plugin fragment="true" id="org.eclipse.equinox.p2.reconciler.dropins.nl_zh" unpack="false" version="3.5.0.v20090620043401" download-size="1389" install-size="1389" />
	<plugin fragment="true" id="org.eclipse.equinox.p2.repository.nl_zh" unpack="false" version="3.5.0.v20090620043401" download-size="2976" install-size="2976" />
	<plugin fragment="true" id="org.eclipse.equinox.p2.repository.tools.nl_zh" unpack="false" version="3.5.0.v20090620043401" download-size="3504" install-size="3504" />
	<plugin fragment="true" id="org.eclipse.equinox.p2.selfhosting.nl_zh" unpack="false" version="3.5.0.v20090620043401" download-size="1385" install-size="1385" />
	<plugin fragment="true" id="org.eclipse.equinox.p2.tests.nl_zh" unpack="false" version="3.5.0.v20090620043401" download-size="1841" install-size="1841" />
	<plugin fragment="true" id="org.eclipse.equinox.p2.tests.ui.nl_zh" unpack="false" version="3.5.0.v20090620043401" download-size="1383" install-size="1383" />
	<plugin fragment="true" id="org.eclipse.equinox.p2.tools.nl_zh" unpack="false" version="3.5.0.v20090620043401" download-size="1381" install-size="1381" />
	<plugin fragment="true" id="org.eclipse.equinox.p2.touchpoint.eclipse.nl_zh" unpack="false" version="3.5.0.v20090620043401" download-size="1389" install-size="1389" />
	<plugin fragment="true" id="org.eclipse.equinox.p2.touchpoint.natives.nl_zh" unpack="false" version="3.5.0.v20090620043401" download-size="2664" install-size="2664" />
	<plugin fragment="true" id="org.eclipse.equinox.p2.ui.admin.nl_zh" unpack="false" version="3.5.0.v20090620043401" download-size="2856" install-size="2856" />
	<plugin fragment="true" id="org.eclipse.equinox.p2.ui.admin.rcp.nl_zh" unpack="false" version="3.5.0.v20090620043401" download-size="2809" install-size="2809" />
	<plugin fragment="true" id="org.eclipse.equinox.p2.ui.nl_zh" unpack="false" version="3.5.0.v20090620043401" download-size="3818" install-size="3818" />
	<plugin fragment="true" id="org.eclipse.equinox.p2.ui.sdk.nl_zh" unpack="false" version="3.5.0.v20090620043401" download-size="2938" install-size="2938" />
	<plugin fragment="true" id="org.eclipse.equinox.p2.ui.sdk.scheduler.nl_zh" unpack="false" version="3.5.0.v20090620043401" download-size="3265" install-size="3265" />
	<plugin fragment="true" id="org.eclipse.equinox.p2.updatechecker.nl_zh" unpack="false" version="3.5.0.v20090620043401" download-size="1369" install-size="1369" />
	<plugin fragment="true" id="org.eclipse.equinox.p2.updatesite.nl_zh" unpack="false" version="3.5.0.v20090620043401" download-size="3076" install-size="3076" />
	<plugin fragment="true" id="org.eclipse.equinox.preferences.jmx.nl_zh" unpack="false" version="3.5.0.v20090620043401" download-size="2426" install-size="2426" />
	<plugin fragment="true" id="org.eclipse.equinox.simpleconfigurator.manipulator.nl_zh" unpack="false" version="3.5.0.v20090620043401" download-size="1380" install-size="1380" />
	<plugin fragment="true" id="org.eclipse.equinox.simpleconfigurator.nl_zh" unpack="false" version="3.5.0.v20090620043401" download-size="1370" install-size="1370" />
	<plugin fragment="true" id="org.eclipse.osgi.jmx.nl_zh" unpack="false" version="3.5.0.v20090620043401" download-size="2962" install-size="2962" />
	<plugin fragment="true" id="org.eclipse.swt.jmx.nl_zh" unpack="false" version="3.5.0.v20090620043401" download-size="2162" install-size="2162" />
</feature>