<?xml version="1.0" encoding="UTF-8" ?>
<feature
	id="org.eclipse.babel.nls_webtools.jsf_zh"
	label="Babel Language Pack for webtools.jsf in Chinese (Simplified) (41.1%)"
	image="eclipse_update_120.jpg"
	provider-name="%providerName"
	version="3.5.0.v20090620043401">
	<copyright>
		%copyright
	</copyright>
	<license url="%licenseURL">
		%license
	</license>
	<description>Babel Language Pack for webtools.jsf in Chinese (Simplified)</description>
	<plugin fragment="true" id="org.eclipse.jst.jsf.apache.trinidad.tagsupport.nl_zh" unpack="false" version="3.5.0.v20090620043401" download-size="3259" install-size="3259" />
	<plugin fragment="true" id="org.eclipse.jst.jsf.common.nl_zh" unpack="false" version="3.5.0.v20090620043401" download-size="2821" install-size="2821" />
	<plugin fragment="true" id="org.eclipse.jst.jsf.common.runtime.nl_zh" unpack="false" version="3.5.0.v20090620043401" download-size="1388" install-size="1388" />
	<plugin fragment="true" id="org.eclipse.jst.jsf.common.ui.nl_zh" unpack="false" version="3.5.0.v20090620043401" download-size="5169" install-size="5169" />
	<plugin fragment="true" id="org.eclipse.jst.jsf.core.nl_zh" unpack="false" version="3.5.0.v20090620043401" download-size="6921" install-size="6921" />
	<plugin fragment="true" id="org.eclipse.jst.jsf.facesconfig.nl_zh" unpack="false" version="3.5.0.v20090620043401" download-size="6747" install-size="6747" />
	<plugin fragment="true" id="org.eclipse.jst.jsf.facesconfig.ui.nl_zh" unpack="false" version="3.5.0.v20090620043401" download-size="7485" install-size="7485" />
	<plugin fragment="true" id="org.eclipse.jst.jsf.standard.tagsupport.nl_zh" unpack="false" version="3.5.0.v20090620043401" download-size="2880" install-size="2880" />
	<plugin fragment="true" id="org.eclipse.jst.jsf.ui.nl_zh" unpack="false" version="3.5.0.v20090620043401" download-size="5088" install-size="5088" />
	<plugin fragment="true" id="org.eclipse.jst.pagedesigner.jsf.ui.nl_zh" unpack="false" version="3.5.0.v20090620043401" download-size="5713" install-size="5713" />
	<plugin fragment="true" id="org.eclipse.jst.pagedesigner.jsp.core.nl_zh" unpack="false" version="3.5.0.v20090620043401" download-size="1388" install-size="1388" />
	<plugin fragment="true" id="org.eclipse.jst.pagedesigner.nl_zh" unpack="false" version="3.5.0.v20090620043401" download-size="11055" install-size="11055" />
</feature>