<?xml version="1.0" encoding="UTF-8" ?>
<feature
	id="org.eclipse.babel.nls_webtools_cs"
	label="Babel Language Pack for webtools in Czech (24.21%)"
	image="eclipse_update_120.jpg"
	provider-name="%providerName"
	version="3.5.0.v20090620043401">
	<copyright>
		%copyright
	</copyright>
	<license url="%licenseURL">
		%license
	</license>
	<description>Babel Language Pack for webtools in Czech</description>
	<plugin fragment="true" id="org.eclipse.wst.xml.xpath.core.nl_cs" unpack="false" version="3.5.0.v20090620043401" download-size="1372" install-size="1372" />
	<plugin fragment="true" id="org.eclipse.wst.xsl.core.nl_cs" unpack="false" version="3.5.0.v20090620043401" download-size="1385" install-size="1385" />
	<plugin fragment="true" id="org.eclipse.wst.xsl.debug.ui.nl_cs" unpack="false" version="3.5.0.v20090620043401" download-size="4161" install-size="4161" />
	<plugin fragment="true" id="org.eclipse.wst.xsl.doc.nl_cs" unpack="false" version="3.5.0.v20090620043401" download-size="1366" install-size="1366" />
	<plugin fragment="true" id="org.eclipse.wst.xsl.jaxp.debug.nl_cs" unpack="false" version="3.5.0.v20090620043401" download-size="3035" install-size="3035" />
	<plugin fragment="true" id="org.eclipse.wst.xsl.jaxp.debug.ui.nl_cs" unpack="false" version="3.5.0.v20090620043401" download-size="4082" install-size="4082" />
	<plugin fragment="true" id="org.eclipse.wst.xsl.jaxp.launching.nl_cs" unpack="false" version="3.5.0.v20090620043401" download-size="2921" install-size="2921" />
	<plugin fragment="true" id="org.eclipse.wst.xsl.launching.nl_cs" unpack="false" version="3.5.0.v20090620043401" download-size="1403" install-size="1403" />
	<plugin fragment="true" id="org.eclipse.wst.xsl.launching.tests.nl_cs" unpack="false" version="3.5.0.v20090620043401" download-size="1379" install-size="1379" />
	<plugin fragment="true" id="org.eclipse.wst.xsl.nl_cs" unpack="false" version="3.5.0.v20090620043401" download-size="1369" install-size="1369" />
	<plugin fragment="true" id="org.eclipse.wst.xsl.saxon.nl_cs" unpack="false" version="3.5.0.v20090620043401" download-size="1758" install-size="1758" />
	<plugin fragment="true" id="org.eclipse.wst.xsl.sdk.documentation.nl_cs" unpack="false" version="3.5.0.v20090620043401" download-size="1377" install-size="1377" />
	<plugin fragment="true" id="org.eclipse.wst.xsl.tests.nl_cs" unpack="false" version="3.5.0.v20090620043401" download-size="1372" install-size="1372" />
	<plugin fragment="true" id="org.eclipse.wst.xsl.ui.nl_cs" unpack="false" version="3.5.0.v20090620043401" download-size="2693" install-size="2693" />
	<plugin fragment="true" id="org.eclipse.wst.xsl.xalan.nl_cs" unpack="false" version="3.5.0.v20090620043401" download-size="1671" install-size="1671" />
</feature>