<?xml version="1.0" encoding="UTF-8" ?>
<feature
	id="org.eclipse.babel.nls_tptp.platform_nl"
	label="Babel Language Pack for tptp.platform in Dutch (17.22%)"
	image="eclipse_update_120.jpg"
	provider-name="%providerName"
	version="3.5.0.v20090620043401">
	<copyright>
		%copyright
	</copyright>
	<license url="%licenseURL">
		%license
	</license>
	<description>Babel Language Pack for tptp.platform in Dutch</description>
	<plugin fragment="true" id="org.eclipse.hyades.analysis.engine.nl_nl" unpack="false" version="3.5.0.v20090620043401" download-size="1372" install-size="1372" />
	<plugin fragment="true" id="org.eclipse.hyades.logging.adapter.nl_nl" unpack="false" version="3.5.0.v20090620043401" download-size="3075" install-size="3075" />
	<plugin fragment="true" id="org.eclipse.hyades.logging.adapter.ui.nl_nl" unpack="false" version="3.5.0.v20090620043401" download-size="4530" install-size="4530" />
	<plugin fragment="true" id="org.eclipse.hyades.logging.parsers.nl_nl" unpack="false" version="3.5.0.v20090620043401" download-size="2455" install-size="2455" />
	<plugin fragment="true" id="org.eclipse.hyades.probekit.ui.nl_nl" unpack="false" version="3.5.0.v20090620043401" download-size="3906" install-size="3906" />
	<plugin fragment="true" id="org.eclipse.hyades.resources.database.nl_nl" unpack="false" version="3.5.0.v20090620043401" download-size="1376" install-size="1376" />
	<plugin fragment="true" id="org.eclipse.hyades.sdb.nl_nl" unpack="false" version="3.5.0.v20090620043401" download-size="6289" install-size="6289" />
	<plugin fragment="true" id="org.eclipse.hyades.statistical.ui.nl_nl" unpack="false" version="3.5.0.v20090620043401" download-size="1377" install-size="1377" />
	<plugin fragment="true" id="org.eclipse.hyades.test.core.nl_nl" unpack="false" version="3.5.0.v20090620043401" download-size="3218" install-size="3218" />
	<plugin fragment="true" id="org.eclipse.hyades.test.tools.ui.nl_nl" unpack="false" version="3.5.0.v20090620043401" download-size="3523" install-size="3523" />
	<plugin fragment="true" id="org.eclipse.hyades.test.ui.extensions.nl_nl" unpack="false" version="3.5.0.v20090620043401" download-size="2649" install-size="2649" />
	<plugin fragment="true" id="org.eclipse.hyades.test.ui.nl_nl" unpack="false" version="3.5.0.v20090620043401" download-size="8984" install-size="8984" />
	<plugin fragment="true" id="org.eclipse.hyades.trace.ui.nl_nl" unpack="false" version="3.5.0.v20090620043401" download-size="5890" install-size="5890" />
	<plugin fragment="true" id="org.eclipse.hyades.trace.views.nl_nl" unpack="false" version="3.5.0.v20090620043401" download-size="2601" install-size="2601" />
	<plugin fragment="true" id="org.eclipse.hyades.ui.nl_nl" unpack="false" version="3.5.0.v20090620043401" download-size="1377" install-size="1377" />
	<plugin fragment="true" id="org.eclipse.tptp.lta.gla.ui.epi.nl_nl" unpack="false" version="3.5.0.v20090620043401" download-size="1371" install-size="1371" />
	<plugin fragment="true" id="org.eclipse.tptp.lta.log.epi.nl_nl" unpack="false" version="3.5.0.v20090620043401" download-size="1420" install-size="1420" />
	<plugin fragment="true" id="org.eclipse.tptp.lta.runtime.nl_nl" unpack="false" version="3.5.0.v20090620043401" download-size="1370" install-size="1370" />
	<plugin fragment="true" id="org.eclipse.tptp.lta.sdb.epi.nl_nl" unpack="false" version="3.5.0.v20090620043401" download-size="1372" install-size="1372" />
	<plugin fragment="true" id="org.eclipse.tptp.lta.symptom.epi.nl_nl" unpack="false" version="3.5.0.v20090620043401" download-size="1375" install-size="1375" />
	<plugin fragment="true" id="org.eclipse.tptp.monitoring.la.core.nl_nl" unpack="false" version="3.5.0.v20090620043401" download-size="1373" install-size="1373" />
	<plugin fragment="true" id="org.eclipse.tptp.monitoring.logui.nl_nl" unpack="false" version="3.5.0.v20090620043401" download-size="2733" install-size="2733" />
	<plugin fragment="true" id="org.eclipse.tptp.monitoring.lta.doc.isv.nl_nl" unpack="false" version="3.5.0.v20090620043401" download-size="1376" install-size="1376" />
	<plugin fragment="true" id="org.eclipse.tptp.monitoring.lta.doc.user.nl_nl" unpack="false" version="3.5.0.v20090620043401" download-size="1376" install-size="1376" />
	<plugin fragment="true" id="org.eclipse.tptp.monitoring.lta.examples.isv.nl_nl" unpack="false" version="3.5.0.v20090620043401" download-size="2912" install-size="2912" />
	<plugin fragment="true" id="org.eclipse.tptp.monitoring.lta.examples.nl_nl" unpack="false" version="3.5.0.v20090620043401" download-size="2695" install-size="2695" />
	<plugin fragment="true" id="org.eclipse.tptp.monitoring.managedagent.jmx.nl_nl" unpack="false" version="3.5.0.v20090620043401" download-size="2652" install-size="2652" />
	<plugin fragment="true" id="org.eclipse.tptp.monitoring.managedagent.ui.nl_nl" unpack="false" version="3.5.0.v20090620043401" download-size="4911" install-size="4911" />
	<plugin fragment="true" id="org.eclipse.tptp.monitoring.profile.server.nl_nl" unpack="false" version="3.5.0.v20090620043401" download-size="1380" install-size="1380" />
	<plugin fragment="true" id="org.eclipse.tptp.monitoring.report.birt.nl_nl" unpack="false" version="3.5.0.v20090620043401" download-size="2586" install-size="2586" />
	<plugin fragment="true" id="org.eclipse.tptp.monitoring.symptom.doc.user.nl_nl" unpack="false" version="3.5.0.v20090620043401" download-size="1379" install-size="1379" />
	<plugin fragment="true" id="org.eclipse.tptp.monitoring.symptom.editor.nl_nl" unpack="false" version="3.5.0.v20090620043401" download-size="1377" install-size="1377" />
	<plugin fragment="true" id="org.eclipse.tptp.platform.agentcontroller.nl_nl" unpack="false" version="3.5.0.v20090620043401" download-size="2584" install-size="2584" />
	<plugin fragment="true" id="org.eclipse.tptp.platform.analysis.codereview.cpp.nl_nl" unpack="false" version="3.5.0.v20090620043401" download-size="1383" install-size="1383" />
	<plugin fragment="true" id="org.eclipse.tptp.platform.analysis.codereview.cpp.rules.nl_nl" unpack="false" version="3.5.0.v20090620043401" download-size="1480" install-size="1480" />
	<plugin fragment="true" id="org.eclipse.tptp.platform.analysis.codereview.java.nl_nl" unpack="false" version="3.5.0.v20090620043401" download-size="1421" install-size="1421" />
	<plugin fragment="true" id="org.eclipse.tptp.platform.analysis.codereview.java.rules.nl_nl" unpack="false" version="3.5.0.v20090620043401" download-size="1567" install-size="1567" />
	<plugin fragment="true" id="org.eclipse.tptp.platform.analysis.core.nl_nl" unpack="false" version="3.5.0.v20090620043401" download-size="2509" install-size="2509" />
	<plugin fragment="true" id="org.eclipse.tptp.platform.analysis.core.ui.nl_nl" unpack="false" version="3.5.0.v20090620043401" download-size="2954" install-size="2954" />
	<plugin fragment="true" id="org.eclipse.tptp.platform.common.nl_nl" unpack="false" version="3.5.0.v20090620043401" download-size="2299" install-size="2299" />
	<plugin fragment="true" id="org.eclipse.tptp.platform.common.ui.nl_nl" unpack="false" version="3.5.0.v20090620043401" download-size="4752" install-size="4752" />
	<plugin fragment="true" id="org.eclipse.tptp.platform.common.ui.trace.nl_nl" unpack="false" version="3.5.0.v20090620043401" download-size="3073" install-size="3073" />
	<plugin fragment="true" id="org.eclipse.tptp.platform.examples.isv.nl_nl" unpack="false" version="3.5.0.v20090620043401" download-size="2596" install-size="2596" />
	<plugin fragment="true" id="org.eclipse.tptp.platform.examples.nl_nl" unpack="false" version="3.5.0.v20090620043401" download-size="1410" install-size="1410" />
	<plugin fragment="true" id="org.eclipse.tptp.platform.iac.administrator.nl_nl" unpack="false" version="3.5.0.v20090620043401" download-size="3279" install-size="3279" />
	<plugin fragment="true" id="org.eclipse.tptp.platform.instrumentation.ui.nl_nl" unpack="false" version="3.5.0.v20090620043401" download-size="3181" install-size="3181" />
	<plugin fragment="true" id="org.eclipse.tptp.platform.integration.pde.nl_nl" unpack="false" version="3.5.0.v20090620043401" download-size="2727" install-size="2727" />
	<plugin fragment="true" id="org.eclipse.tptp.platform.la.core.nl_nl" unpack="false" version="3.5.0.v20090620043401" download-size="2630" install-size="2630" />
	<plugin fragment="true" id="org.eclipse.tptp.platform.llc.core.nl_nl" unpack="false" version="3.5.0.v20090620043401" download-size="1372" install-size="1372" />
	<plugin fragment="true" id="org.eclipse.tptp.platform.llc.doc.user.nl_nl" unpack="false" version="3.5.0.v20090620043401" download-size="1376" install-size="1376" />
	<plugin fragment="true" id="org.eclipse.tptp.platform.llc.launch.nl_nl" unpack="false" version="3.5.0.v20090620043401" download-size="2827" install-size="2827" />
	<plugin fragment="true" id="org.eclipse.tptp.platform.llc.ui.nl_nl" unpack="false" version="3.5.0.v20090620043401" download-size="1372" install-size="1372" />
	<plugin fragment="true" id="org.eclipse.tptp.platform.log.doc.user.nl_nl" unpack="false" version="3.5.0.v20090620043401" download-size="1375" install-size="1375" />
	<plugin fragment="true" id="org.eclipse.tptp.platform.log.views.nl_nl" unpack="false" version="3.5.0.v20090620043401" download-size="3805" install-size="3805" />
	<plugin fragment="true" id="org.eclipse.tptp.platform.lta.common.nl_nl" unpack="false" version="3.5.0.v20090620043401" download-size="2409" install-size="2409" />
	<plugin fragment="true" id="org.eclipse.tptp.platform.models.lta.nl_nl" unpack="false" version="3.5.0.v20090620043401" download-size="1373" install-size="1373" />
	<plugin fragment="true" id="org.eclipse.tptp.platform.models.nl_nl" unpack="false" version="3.5.0.v20090620043401" download-size="3135" install-size="3135" />
	<plugin fragment="true" id="org.eclipse.tptp.platform.probekit.launch.nl_nl" unpack="false" version="3.5.0.v20090620043401" download-size="3601" install-size="3601" />
	<plugin fragment="true" id="org.eclipse.tptp.platform.report.birt.nl_nl" unpack="false" version="3.5.0.v20090620043401" download-size="1378" install-size="1378" />
	<plugin fragment="true" id="org.eclipse.tptp.platform.report.birt.ui.nl_nl" unpack="false" version="3.5.0.v20090620043401" download-size="2525" install-size="2525" />
	<plugin fragment="true" id="org.eclipse.tptp.platform.report.core.nl_nl" unpack="false" version="3.5.0.v20090620043401" download-size="1439" install-size="1439" />
	<plugin fragment="true" id="org.eclipse.tptp.platform.report.ui.nl_nl" unpack="false" version="3.5.0.v20090620043401" download-size="1452" install-size="1452" />
	<plugin fragment="true" id="org.eclipse.tptp.test.auto.gui.nl_nl" unpack="false" version="3.5.0.v20090620043401" download-size="2853" install-size="2853" />
	<plugin fragment="true" id="org.eclipse.tptp.test.auto.nl_nl" unpack="false" version="3.5.0.v20090620043401" download-size="1367" install-size="1367" />
	<plugin fragment="true" id="org.eclipse.tptp.test.recorders.url.nl_nl" unpack="false" version="3.5.0.v20090620043401" download-size="4722" install-size="4722" />
	<plugin fragment="true" id="org.eclipse.tptp.test.report.birt.nl_nl" unpack="false" version="3.5.0.v20090620043401" download-size="3382" install-size="3382" />
	<plugin fragment="true" id="org.eclipse.tptp.test.samples.nl_nl" unpack="false" version="3.5.0.v20090620043401" download-size="2820" install-size="2820" />
	<plugin fragment="true" id="org.eclipse.tptp.test.tools.junit.plugin.nl_nl" unpack="false" version="3.5.0.v20090620043401" download-size="3175" install-size="3175" />
	<plugin fragment="true" id="org.eclipse.tptp.test.tools.manual.doc.user.nl_nl" unpack="false" version="3.5.0.v20090620043401" download-size="1377" install-size="1377" />
	<plugin fragment="true" id="org.eclipse.tptp.test.tools.manual.nl_nl" unpack="false" version="3.5.0.v20090620043401" download-size="4084" install-size="4084" />
	<plugin fragment="true" id="org.eclipse.tptp.trace.arm.nl_nl" unpack="false" version="3.5.0.v20090620043401" download-size="1401" install-size="1401" />
	<plugin fragment="true" id="org.eclipse.tptp.trace.arm.ui.nl_nl" unpack="false" version="3.5.0.v20090620043401" download-size="2499" install-size="2499" />
	<plugin fragment="true" id="org.eclipse.tptp.trace.jvmti.client.nl_nl" unpack="false" version="3.5.0.v20090620043401" download-size="2705" install-size="2705" />
	<plugin fragment="true" id="org.eclipse.tptp.trace.memory.nl_nl" unpack="false" version="3.5.0.v20090620043401" download-size="1373" install-size="1373" />
	<plugin fragment="true" id="org.eclipse.tptp.trace.report.birt.nl_nl" unpack="false" version="3.5.0.v20090620043401" download-size="2499" install-size="2499" />
</feature>