<?xml version="1.0" encoding="UTF-8" ?>
<feature
	id="org.eclipse.babel.nls_modeling.m2t_zh"
	label="Babel Language Pack for modeling.m2t in Chinese (Simplified) (10.41%)"
	image="eclipse_update_120.jpg"
	provider-name="%providerName"
	version="3.5.0.v20090620043401">
	<copyright>
		%copyright
	</copyright>
	<license url="%licenseURL">
		%license
	</license>
	<description>Babel Language Pack for modeling.m2t in Chinese (Simplified)</description>
	<plugin fragment="true" id="org.eclipse.acceleo.common.nl_zh" unpack="false" version="3.5.0.v20090620043401" download-size="1379" install-size="1379" />
	<plugin fragment="true" id="org.eclipse.acceleo.engine.nl_zh" unpack="false" version="3.5.0.v20090620043401" download-size="2164" install-size="2164" />
	<plugin fragment="true" id="org.eclipse.acceleo.ide.ui.nl_zh" unpack="false" version="3.5.0.v20090620043401" download-size="2766" install-size="2766" />
	<plugin fragment="true" id="org.eclipse.acceleo.model.nl_zh" unpack="false" version="3.5.0.v20090620043401" download-size="1379" install-size="1379" />
	<plugin fragment="true" id="org.eclipse.acceleo.parser.nl_zh" unpack="false" version="3.5.0.v20090620043401" download-size="2315" install-size="2315" />
</feature>