<?xml version="1.0" encoding="UTF-8" ?>
<feature
	id="org.eclipse.babel.nls_tools.pdt_pt_BR"
	label="Babel Language Pack for tools.pdt in Portuguese (Brazilian) (62.86%)"
	image="eclipse_update_120.jpg"
	provider-name="%providerName"
	version="3.5.0.v20090620043401">
	<copyright>
		%copyright
	</copyright>
	<license url="%licenseURL">
		%license
	</license>
	<description>Babel Language Pack for tools.pdt in Portuguese (Brazilian)</description>
	<plugin fragment="true" id="org.eclipse.dltk.core.tests.nl_pt_BR" unpack="false" version="3.5.0.v20090620043401" download-size="1392" install-size="1392" />
	<plugin fragment="true" id="org.eclipse.php.core.nl_pt_BR" unpack="false" version="3.5.0.v20090620043401" download-size="2686" install-size="2686" />
	<plugin fragment="true" id="org.eclipse.php.core.parser.nl_pt_BR" unpack="false" version="3.5.0.v20090620043401" download-size="1390" install-size="1390" />
	<plugin fragment="true" id="org.eclipse.php.debug.core.nl_pt_BR" unpack="false" version="3.5.0.v20090620043401" download-size="2384" install-size="2384" />
	<plugin fragment="true" id="org.eclipse.php.debug.ui.nl_pt_BR" unpack="false" version="3.5.0.v20090620043401" download-size="3385" install-size="3385" />
	<plugin fragment="true" id="org.eclipse.php.nl_pt_BR" unpack="false" version="3.5.0.v20090620043401" download-size="1384" install-size="1384" />
	<plugin fragment="true" id="org.eclipse.php.server.core.nl_pt_BR" unpack="false" version="3.5.0.v20090620043401" download-size="2270" install-size="2270" />
	<plugin fragment="true" id="org.eclipse.php.server.ui.nl_pt_BR" unpack="false" version="3.5.0.v20090620043401" download-size="2246" install-size="2246" />
	<plugin fragment="true" id="org.eclipse.php.test.nl_pt_BR" unpack="false" version="3.5.0.v20090620043401" download-size="1386" install-size="1386" />
	<plugin fragment="true" id="org.eclipse.php.ui.nl_pt_BR" unpack="false" version="3.5.0.v20090620043401" download-size="40375" install-size="40375" />
	<plugin fragment="true" id="org.eclipse.test.nl_pt_BR" unpack="false" version="3.5.0.v20090620043401" download-size="1414" install-size="1414" />
</feature>