<?xml version="1.0" encoding="UTF-8" ?>
<feature
	id="org.eclipse.babel.nls_webtools.dali_pt_BR"
	label="Babel Language Pack for webtools.dali in Portuguese (Brazilian) (22.13%)"
	image="eclipse_update_120.jpg"
	provider-name="%providerName"
	version="3.5.0.v20090620043401">
	<copyright>
		%copyright
	</copyright>
	<license url="%licenseURL">
		%license
	</license>
	<description>Babel Language Pack for webtools.dali in Portuguese (Brazilian)</description>
	<plugin fragment="true" id="org.eclipse.jpt.branding.nl_pt_BR" unpack="false" version="3.5.0.v20090620043401" download-size="1389" install-size="1389" />
	<plugin fragment="true" id="org.eclipse.jpt.core.nl_pt_BR" unpack="false" version="3.5.0.v20090620043401" download-size="1684" install-size="1684" />
	<plugin fragment="true" id="org.eclipse.jpt.db.nl_pt_BR" unpack="false" version="3.5.0.v20090620043401" download-size="1385" install-size="1385" />
	<plugin fragment="true" id="org.eclipse.jpt.db.ui.nl_pt_BR" unpack="false" version="3.5.0.v20090620043401" download-size="1387" install-size="1387" />
	<plugin fragment="true" id="org.eclipse.jpt.doc.isv.nl_pt_BR" unpack="false" version="3.5.0.v20090620043401" download-size="1392" install-size="1392" />
	<plugin fragment="true" id="org.eclipse.jpt.doc.user.nl_pt_BR" unpack="false" version="3.5.0.v20090620043401" download-size="1389" install-size="1389" />
	<plugin fragment="true" id="org.eclipse.jpt.eclipselink.branding.nl_pt_BR" unpack="false" version="3.5.0.v20090620043401" download-size="1394" install-size="1394" />
	<plugin fragment="true" id="org.eclipse.jpt.eclipselink.core.ddlgen.nl_pt_BR" unpack="false" version="3.5.0.v20090620043401" download-size="1396" install-size="1396" />
	<plugin fragment="true" id="org.eclipse.jpt.eclipselink.core.nl_pt_BR" unpack="false" version="3.5.0.v20090620043401" download-size="1391" install-size="1391" />
	<plugin fragment="true" id="org.eclipse.jpt.eclipselink.ui.nl_pt_BR" unpack="false" version="3.5.0.v20090620043401" download-size="2956" install-size="2956" />
	<plugin fragment="true" id="org.eclipse.jpt.gen.nl_pt_BR" unpack="false" version="3.5.0.v20090620043401" download-size="1385" install-size="1385" />
	<plugin fragment="true" id="org.eclipse.jpt.ui.nl_pt_BR" unpack="false" version="3.5.0.v20090620043401" download-size="5056" install-size="5056" />
	<plugin fragment="true" id="org.eclipse.jpt.utility.nl_pt_BR" unpack="false" version="3.5.0.v20090620043401" download-size="1388" install-size="1388" />
</feature>