<?xml version="1.0" encoding="UTF-8" ?>
<feature
	id="org.eclipse.babel.nls_technology.actf_pt_BR"
	label="Babel Language Pack for technology.actf in Portuguese (Brazilian) (7.22%)"
	image="eclipse_update_120.jpg"
	provider-name="%providerName"
	version="3.5.0.v20090620043401">
	<copyright>
		%copyright
	</copyright>
	<license url="%licenseURL">
		%license
	</license>
	<description>Babel Language Pack for technology.actf in Portuguese (Brazilian)</description>
	<plugin fragment="true" id="org.eclipse.actf.core.nl_pt_BR" unpack="false" version="3.5.0.v20090620043401" download-size="1630" install-size="1630" />
	<plugin fragment="true" id="org.eclipse.actf.model.flash.proxy.nl_pt_BR" unpack="false" version="3.5.0.v20090620043401" download-size="1914" install-size="1914" />
	<plugin fragment="true" id="org.eclipse.actf.model.ui.nl_pt_BR" unpack="false" version="3.5.0.v20090620043401" download-size="1542" install-size="1542" />
	<plugin fragment="true" id="org.eclipse.actf.ui.nl_pt_BR" unpack="false" version="3.5.0.v20090620043401" download-size="1982" install-size="1982" />
	<plugin fragment="true" id="org.eclipse.actf.util.vocab.nl_pt_BR" unpack="false" version="3.5.0.v20090620043401" download-size="1405" install-size="1405" />
	<plugin fragment="true" id="org.eclipse.actf.visualization.doc.isv.nl_pt_BR" unpack="false" version="3.5.0.v20090620043401" download-size="1398" install-size="1398" />
	<plugin fragment="true" id="org.eclipse.actf.visualization.engines.blind.html.nl_pt_BR" unpack="false" version="3.5.0.v20090620043401" download-size="1439" install-size="1439" />
	<plugin fragment="true" id="org.eclipse.actf.visualization.engines.blind.nl_pt_BR" unpack="false" version="3.5.0.v20090620043401" download-size="1718" install-size="1718" />
	<plugin fragment="true" id="org.eclipse.actf.visualization.eval.nl_pt_BR" unpack="false" version="3.5.0.v20090620043401" download-size="1943" install-size="1943" />
	<plugin fragment="true" id="org.eclipse.actf.visualization.gui.nl_pt_BR" unpack="false" version="3.5.0.v20090620043401" download-size="2111" install-size="2111" />
	<plugin fragment="true" id="org.eclipse.actf.visualization.presentation.nl_pt_BR" unpack="false" version="3.5.0.v20090620043401" download-size="1421" install-size="1421" />
	<plugin fragment="true" id="org.eclipse.actf.visualization.ui.report.nl_pt_BR" unpack="false" version="3.5.0.v20090620043401" download-size="1476" install-size="1476" />
</feature>