<?xml version="1.0" encoding="UTF-8" ?>
<feature
	id="org.eclipse.babel.nls_rt.ecf_hi"
	label="Babel Language Pack for rt.ecf in Hindi (0.25%)"
	image="eclipse_update_120.jpg"
	provider-name="%providerName"
	version="3.5.0.v20090620043401">
	<copyright>
		%copyright
	</copyright>
	<license url="%licenseURL">
		%license
	</license>
	<description>Babel Language Pack for rt.ecf in Hindi</description>
	<plugin fragment="true" id="org.eclipse.ecf.filetransfer.ui.nl_hi" unpack="false" version="3.5.0.v20090620043401" download-size="2227" install-size="2227" />
	<plugin fragment="true" id="org.eclipse.ecf.presence.ui.nl_hi" unpack="false" version="3.5.0.v20090620043401" download-size="2190" install-size="2190" />
	<plugin fragment="true" id="org.eclipse.ecf.provider.bittorrent.ui.nl_hi" unpack="false" version="3.5.0.v20090620043401" download-size="2398" install-size="2398" />
</feature>