<?xml version="1.0" encoding="UTF-8" ?>
<feature
	id="org.eclipse.babel.nls_modeling.emf_fi"
	label="Babel Language Pack for modeling.emf in Finnish (68.72%)"
	image="eclipse_update_120.jpg"
	provider-name="%providerName"
	version="3.5.0.v20090620043401">
	<copyright>
		%copyright
	</copyright>
	<license url="%licenseURL">
		%license
	</license>
	<description>Babel Language Pack for modeling.emf in Finnish</description>
	<plugin fragment="true" id="library.ecore.nl_fi" unpack="false" version="3.5.0.v20090620043401" download-size="1366" install-size="1366" />
	<plugin fragment="true" id="library.java.nl_fi" unpack="false" version="3.5.0.v20090620043401" download-size="1366" install-size="1366" />
	<plugin fragment="true" id="library.rose.nl_fi" unpack="false" version="3.5.0.v20090620043401" download-size="1366" install-size="1366" />
	<plugin fragment="true" id="library.xsd.nl_fi" unpack="false" version="3.5.0.v20090620043401" download-size="1365" install-size="1365" />
	<plugin fragment="true" id="library.xsds.nl_fi" unpack="false" version="3.5.0.v20090620043401" download-size="1365" install-size="1365" />
	<plugin fragment="true" id="org.eclipse.emf.activities.nl_fi" unpack="false" version="3.5.0.v20090620043401" download-size="1405" install-size="1405" />
	<plugin fragment="true" id="org.eclipse.emf.ant.nl_fi" unpack="false" version="3.5.0.v20090620043401" download-size="1395" install-size="1395" />
	<plugin fragment="true" id="org.eclipse.emf.cdo.common.nl_fi" unpack="false" version="3.5.0.v20090620043401" download-size="1369" install-size="1369" />
	<plugin fragment="true" id="org.eclipse.emf.cdo.defs.nl_fi" unpack="false" version="3.5.0.v20090620043401" download-size="1368" install-size="1368" />
	<plugin fragment="true" id="org.eclipse.emf.cdo.doc.nl_fi" unpack="false" version="3.5.0.v20090620043401" download-size="1367" install-size="1367" />
	<plugin fragment="true" id="org.eclipse.emf.cdo.edit.nl_fi" unpack="false" version="3.5.0.v20090620043401" download-size="3572" install-size="3572" />
	<plugin fragment="true" id="org.eclipse.emf.cdo.examples.nl_fi" unpack="false" version="3.5.0.v20090620043401" download-size="1371" install-size="1371" />
	<plugin fragment="true" id="org.eclipse.emf.cdo.examples.spring.nl_fi" unpack="false" version="3.5.0.v20090620043401" download-size="1375" install-size="1375" />
	<plugin fragment="true" id="org.eclipse.emf.cdo.migrator.nl_fi" unpack="false" version="3.5.0.v20090620043401" download-size="2622" install-size="2622" />
	<plugin fragment="true" id="org.eclipse.emf.cdo.nl_fi" unpack="false" version="3.5.0.v20090620043401" download-size="2900" install-size="2900" />
	<plugin fragment="true" id="org.eclipse.emf.cdo.server.db.nl_fi" unpack="false" version="3.5.0.v20090620043401" download-size="1371" install-size="1371" />
	<plugin fragment="true" id="org.eclipse.emf.cdo.server.hibernate.id.nl_fi" unpack="false" version="3.5.0.v20090620043401" download-size="1377" install-size="1377" />
	<plugin fragment="true" id="org.eclipse.emf.cdo.server.hibernate.nl_fi" unpack="false" version="3.5.0.v20090620043401" download-size="1696" install-size="1696" />
	<plugin fragment="true" id="org.eclipse.emf.cdo.server.hibernate.teneo.nl_fi" unpack="false" version="3.5.0.v20090620043401" download-size="1378" install-size="1378" />
	<plugin fragment="true" id="org.eclipse.emf.cdo.server.nl_fi" unpack="false" version="3.5.0.v20090620043401" download-size="1369" install-size="1369" />
	<plugin fragment="true" id="org.eclipse.emf.cdo.tests.db.nl_fi" unpack="false" version="3.5.0.v20090620043401" download-size="1371" install-size="1371" />
	<plugin fragment="true" id="org.eclipse.emf.cdo.tests.hibernate.client.nl_fi" unpack="false" version="3.5.0.v20090620043401" download-size="1378" install-size="1378" />
	<plugin fragment="true" id="org.eclipse.emf.cdo.tests.hibernate.nl_fi" unpack="false" version="3.5.0.v20090620043401" download-size="1918" install-size="1918" />
	<plugin fragment="true" id="org.eclipse.emf.cdo.tests.mango.edit.nl_fi" unpack="false" version="3.5.0.v20090620043401" download-size="1653" install-size="1653" />
	<plugin fragment="true" id="org.eclipse.emf.cdo.tests.mango.nl_fi" unpack="false" version="3.5.0.v20090620043401" download-size="1372" install-size="1372" />
	<plugin fragment="true" id="org.eclipse.emf.cdo.tests.model1.edit.nl_fi" unpack="false" version="3.5.0.v20090620043401" download-size="1734" install-size="1734" />
	<plugin fragment="true" id="org.eclipse.emf.cdo.tests.model1.nl_fi" unpack="false" version="3.5.0.v20090620043401" download-size="1373" install-size="1373" />
	<plugin fragment="true" id="org.eclipse.emf.cdo.tests.model2.edit.nl_fi" unpack="false" version="3.5.0.v20090620043401" download-size="1658" install-size="1658" />
	<plugin fragment="true" id="org.eclipse.emf.cdo.tests.model2.nl_fi" unpack="false" version="3.5.0.v20090620043401" download-size="1373" install-size="1373" />
	<plugin fragment="true" id="org.eclipse.emf.cdo.tests.model3.edit.nl_fi" unpack="false" version="3.5.0.v20090620043401" download-size="1603" install-size="1603" />
	<plugin fragment="true" id="org.eclipse.emf.cdo.tests.model3.nl_fi" unpack="false" version="3.5.0.v20090620043401" download-size="1373" install-size="1373" />
	<plugin fragment="true" id="org.eclipse.emf.cdo.tests.model4.nl_fi" unpack="false" version="3.5.0.v20090620043401" download-size="1373" install-size="1373" />
	<plugin fragment="true" id="org.eclipse.emf.cdo.tests.model4interfaces.nl_fi" unpack="false" version="3.5.0.v20090620043401" download-size="1378" install-size="1378" />
	<plugin fragment="true" id="org.eclipse.emf.cdo.tests.model5.nl_fi" unpack="false" version="3.5.0.v20090620043401" download-size="1372" install-size="1372" />
	<plugin fragment="true" id="org.eclipse.emf.cdo.tests.nl_fi" unpack="false" version="3.5.0.v20090620043401" download-size="1368" install-size="1368" />
	<plugin fragment="true" id="org.eclipse.emf.cdo.ui.capabilities.nl_fi" unpack="false" version="3.5.0.v20090620043401" download-size="1374" install-size="1374" />
	<plugin fragment="true" id="org.eclipse.emf.cdo.ui.defs.nl_fi" unpack="false" version="3.5.0.v20090620043401" download-size="1370" install-size="1370" />
	<plugin fragment="true" id="org.eclipse.emf.cdo.ui.nl_fi" unpack="false" version="3.5.0.v20090620043401" download-size="4361" install-size="4361" />
	<plugin fragment="true" id="org.eclipse.emf.cheatsheets.nl_fi" unpack="false" version="3.5.0.v20090620043401" download-size="1370" install-size="1370" />
	<plugin fragment="true" id="org.eclipse.emf.codegen.ecore.nl_fi" unpack="false" version="3.5.0.v20090620043401" download-size="3143" install-size="3143" />
	<plugin fragment="true" id="org.eclipse.emf.codegen.ecore.ui.nl_fi" unpack="false" version="3.5.0.v20090620043401" download-size="6756" install-size="6756" />
	<plugin fragment="true" id="org.eclipse.emf.codegen.nl_fi" unpack="false" version="3.5.0.v20090620043401" download-size="2556" install-size="2556" />
	<plugin fragment="true" id="org.eclipse.emf.codegen.ui.nl_fi" unpack="false" version="3.5.0.v20090620043401" download-size="2072" install-size="2072" />
	<plugin fragment="true" id="org.eclipse.emf.common.nl_fi" unpack="false" version="3.5.0.v20090620043401" download-size="1992" install-size="1992" />
	<plugin fragment="true" id="org.eclipse.emf.common.ui.nl_fi" unpack="false" version="3.5.0.v20090620043401" download-size="2466" install-size="2466" />
	<plugin fragment="true" id="org.eclipse.emf.converter.nl_fi" unpack="false" version="3.5.0.v20090620043401" download-size="2277" install-size="2277" />
	<plugin fragment="true" id="org.eclipse.emf.databinding.edit.nl_fi" unpack="false" version="3.5.0.v20090620043401" download-size="1373" install-size="1373" />
	<plugin fragment="true" id="org.eclipse.emf.databinding.nl_fi" unpack="false" version="3.5.0.v20090620043401" download-size="1370" install-size="1370" />
	<plugin fragment="true" id="org.eclipse.emf.doc.nl_fi" unpack="false" version="3.5.0.v20090620043401" download-size="1645" install-size="1645" />
	<plugin fragment="true" id="org.eclipse.emf.ecore.change.edit.nl_fi" unpack="false" version="3.5.0.v20090620043401" download-size="1879" install-size="1879" />
	<plugin fragment="true" id="org.eclipse.emf.ecore.change.nl_fi" unpack="false" version="3.5.0.v20090620043401" download-size="1398" install-size="1398" />
	<plugin fragment="true" id="org.eclipse.emf.ecore.edit.nl_fi" unpack="false" version="3.5.0.v20090620043401" download-size="2747" install-size="2747" />
	<plugin fragment="true" id="org.eclipse.emf.ecore.editor.nl_fi" unpack="false" version="3.5.0.v20090620043401" download-size="2571" install-size="2571" />
	<plugin fragment="true" id="org.eclipse.emf.ecore.nl_fi" unpack="false" version="3.5.0.v20090620043401" download-size="3003" install-size="3003" />
	<plugin fragment="true" id="org.eclipse.emf.ecore.xmi.nl_fi" unpack="false" version="3.5.0.v20090620043401" download-size="1385" install-size="1385" />
	<plugin fragment="true" id="org.eclipse.emf.edit.nl_fi" unpack="false" version="3.5.0.v20090620043401" download-size="2465" install-size="2465" />
	<plugin fragment="true" id="org.eclipse.emf.edit.ui.nl_fi" unpack="false" version="3.5.0.v20090620043401" download-size="2522" install-size="2522" />
	<plugin fragment="true" id="org.eclipse.emf.example.installer.nl_fi" unpack="false" version="3.5.0.v20090620043401" download-size="1417" install-size="1417" />
	<plugin fragment="true" id="org.eclipse.emf.examples.databinding.project.core.model.nl_fi" unpack="false" version="3.5.0.v20090620043401" download-size="1397" install-size="1397" />
	<plugin fragment="true" id="org.eclipse.emf.examples.generator.validator.nl_fi" unpack="false" version="3.5.0.v20090620043401" download-size="1380" install-size="1380" />
	<plugin fragment="true" id="org.eclipse.emf.examples.jet.article2.nl_fi" unpack="false" version="3.5.0.v20090620043401" download-size="1562" install-size="1562" />
	<plugin fragment="true" id="org.eclipse.emf.examples.nl_fi" unpack="false" version="3.5.0.v20090620043401" download-size="1368" install-size="1368" />
	<plugin fragment="true" id="org.eclipse.emf.exporter.html.nl_fi" unpack="false" version="3.5.0.v20090620043401" download-size="1416" install-size="1416" />
	<plugin fragment="true" id="org.eclipse.emf.exporter.nl_fi" unpack="false" version="3.5.0.v20090620043401" download-size="1397" install-size="1397" />
	<plugin fragment="true" id="org.eclipse.emf.importer.ecore.nl_fi" unpack="false" version="3.5.0.v20090620043401" download-size="1676" install-size="1676" />
	<plugin fragment="true" id="org.eclipse.emf.importer.java.nl_fi" unpack="false" version="3.5.0.v20090620043401" download-size="1841" install-size="1841" />
	<plugin fragment="true" id="org.eclipse.emf.importer.nl_fi" unpack="false" version="3.5.0.v20090620043401" download-size="2276" install-size="2276" />
	<plugin fragment="true" id="org.eclipse.emf.importer.rose.nl_fi" unpack="false" version="3.5.0.v20090620043401" download-size="3160" install-size="3160" />
	<plugin fragment="true" id="org.eclipse.emf.java.edit.nl_fi" unpack="false" version="3.5.0.v20090620043401" download-size="2055" install-size="2055" />
	<plugin fragment="true" id="org.eclipse.emf.java.editor.nl_fi" unpack="false" version="3.5.0.v20090620043401" download-size="1990" install-size="1990" />
	<plugin fragment="true" id="org.eclipse.emf.java.nl_fi" unpack="false" version="3.5.0.v20090620043401" download-size="1365" install-size="1365" />
	<plugin fragment="true" id="org.eclipse.emf.mapping.ecore.editor.nl_fi" unpack="false" version="3.5.0.v20090620043401" download-size="1375" install-size="1375" />
	<plugin fragment="true" id="org.eclipse.emf.mapping.ecore.nl_fi" unpack="false" version="3.5.0.v20090620043401" download-size="1370" install-size="1370" />
	<plugin fragment="true" id="org.eclipse.emf.mapping.ecore2ecore.editor.nl_fi" unpack="false" version="3.5.0.v20090620043401" download-size="2472" install-size="2472" />
	<plugin fragment="true" id="org.eclipse.emf.mapping.ecore2ecore.nl_fi" unpack="false" version="3.5.0.v20090620043401" download-size="1516" install-size="1516" />
	<plugin fragment="true" id="org.eclipse.emf.mapping.ecore2xml.nl_fi" unpack="false" version="3.5.0.v20090620043401" download-size="1398" install-size="1398" />
	<plugin fragment="true" id="org.eclipse.emf.mapping.ecore2xml.ui.nl_fi" unpack="false" version="3.5.0.v20090620043401" download-size="2503" install-size="2503" />
	<plugin fragment="true" id="org.eclipse.emf.mapping.nl_fi" unpack="false" version="3.5.0.v20090620043401" download-size="2499" install-size="2499" />
	<plugin fragment="true" id="org.eclipse.emf.mapping.ui.nl_fi" unpack="false" version="3.5.0.v20090620043401" download-size="2376" install-size="2376" />
	<plugin fragment="true" id="org.eclipse.emf.mapping.xsd2ecore.editor.nl_fi" unpack="false" version="3.5.0.v20090620043401" download-size="2054" install-size="2054" />
	<plugin fragment="true" id="org.eclipse.emf.mapping.xsd2ecore.nl_fi" unpack="false" version="3.5.0.v20090620043401" download-size="1523" install-size="1523" />
	<plugin fragment="true" id="org.eclipse.emf.nl_fi" unpack="false" version="3.5.0.v20090620043401" download-size="1361" install-size="1361" />
	<plugin fragment="true" id="org.eclipse.emf.query.doc.nl_fi" unpack="false" version="3.5.0.v20090620043401" download-size="1654" install-size="1654" />
	<plugin fragment="true" id="org.eclipse.emf.query.examples.nl_fi" unpack="false" version="3.5.0.v20090620043401" download-size="1657" install-size="1657" />
	<plugin fragment="true" id="org.eclipse.emf.query.examples.ocl.nl_fi" unpack="false" version="3.5.0.v20090620043401" download-size="1379" install-size="1379" />
	<plugin fragment="true" id="org.eclipse.emf.query.examples.statements.nl_fi" unpack="false" version="3.5.0.v20090620043401" download-size="1383" install-size="1383" />
	<plugin fragment="true" id="org.eclipse.emf.query.nl_fi" unpack="false" version="3.5.0.v20090620043401" download-size="2668" install-size="2668" />
	<plugin fragment="true" id="org.eclipse.emf.query.ocl.nl_fi" unpack="false" version="3.5.0.v20090620043401" download-size="1664" install-size="1664" />
	<plugin fragment="true" id="org.eclipse.emf.query.ocl.tests.nl_fi" unpack="false" version="3.5.0.v20090620043401" download-size="1377" install-size="1377" />
	<plugin fragment="true" id="org.eclipse.emf.query.tests.nl_fi" unpack="false" version="3.5.0.v20090620043401" download-size="1375" install-size="1375" />
	<plugin fragment="true" id="org.eclipse.emf.test.build.nl_fi" unpack="false" version="3.5.0.v20090620043401" download-size="1369" install-size="1369" />
	<plugin fragment="true" id="org.eclipse.emf.test.common.nl_fi" unpack="false" version="3.5.0.v20090620043401" download-size="1777" install-size="1777" />
	<plugin fragment="true" id="org.eclipse.emf.test.core.nl_fi" unpack="false" version="3.5.0.v20090620043401" download-size="1368" install-size="1368" />
	<plugin fragment="true" id="org.eclipse.emf.test.edit.nl_fi" unpack="false" version="3.5.0.v20090620043401" download-size="2291" install-size="2291" />
	<plugin fragment="true" id="org.eclipse.emf.test.examples.nl_fi" unpack="false" version="3.5.0.v20090620043401" download-size="1371" install-size="1371" />
	<plugin fragment="true" id="org.eclipse.emf.test.tools.nl_fi" unpack="false" version="3.5.0.v20090620043401" download-size="1368" install-size="1368" />
	<plugin fragment="true" id="org.eclipse.emf.test.xml.nl_fi" unpack="false" version="3.5.0.v20090620043401" download-size="1367" install-size="1367" />
	<plugin fragment="true" id="org.eclipse.emf.tests.nl_fi" unpack="false" version="3.5.0.v20090620043401" download-size="1365" install-size="1365" />
	<plugin fragment="true" id="org.eclipse.emf.transaction.doc.nl_fi" unpack="false" version="3.5.0.v20090620043401" download-size="1659" install-size="1659" />
	<plugin fragment="true" id="org.eclipse.emf.transaction.examples.nl_fi" unpack="false" version="3.5.0.v20090620043401" download-size="1662" install-size="1662" />
	<plugin fragment="true" id="org.eclipse.emf.transaction.nl_fi" unpack="false" version="3.5.0.v20090620043401" download-size="3359" install-size="3359" />
	<plugin fragment="true" id="org.eclipse.emf.transaction.tests.nl_fi" unpack="false" version="3.5.0.v20090620043401" download-size="1377" install-size="1377" />
	<plugin fragment="true" id="org.eclipse.emf.transaction.ui.nl_fi" unpack="false" version="3.5.0.v20090620043401" download-size="2681" install-size="2681" />
	<plugin fragment="true" id="org.eclipse.emf.validation.doc.nl_fi" unpack="false" version="3.5.0.v20090620043401" download-size="1659" install-size="1659" />
	<plugin fragment="true" id="org.eclipse.emf.validation.examples.adapter.nl_fi" unpack="false" version="3.5.0.v20090620043401" download-size="1384" install-size="1384" />
	<plugin fragment="true" id="org.eclipse.emf.validation.examples.general.nl_fi" unpack="false" version="3.5.0.v20090620043401" download-size="3006" install-size="3006" />
	<plugin fragment="true" id="org.eclipse.emf.validation.examples.nl_fi" unpack="false" version="3.5.0.v20090620043401" download-size="1420" install-size="1420" />
	<plugin fragment="true" id="org.eclipse.emf.validation.examples.ocl.nl_fi" unpack="false" version="3.5.0.v20090620043401" download-size="1382" install-size="1382" />
	<plugin fragment="true" id="org.eclipse.emf.validation.nl_fi" unpack="false" version="3.5.0.v20090620043401" download-size="4756" install-size="4756" />
	<plugin fragment="true" id="org.eclipse.emf.validation.ocl.nl_fi" unpack="false" version="3.5.0.v20090620043401" download-size="1675" install-size="1675" />
	<plugin fragment="true" id="org.eclipse.emf.validation.tests.nl_fi" unpack="false" version="3.5.0.v20090620043401" download-size="1378" install-size="1378" />
	<plugin fragment="true" id="org.eclipse.emf.validation.ui.ide.nl_fi" unpack="false" version="3.5.0.v20090620043401" download-size="2873" install-size="2873" />
	<plugin fragment="true" id="org.eclipse.emf.validation.ui.nl_fi" unpack="false" version="3.5.0.v20090620043401" download-size="3441" install-size="3441" />
	<plugin fragment="true" id="org.eclipse.emf.workspace.doc.nl_fi" unpack="false" version="3.5.0.v20090620043401" download-size="1696" install-size="1696" />
	<plugin fragment="true" id="org.eclipse.emf.workspace.examples.library.editor.nl_fi" unpack="false" version="3.5.0.v20090620043401" download-size="2062" install-size="2062" />
	<plugin fragment="true" id="org.eclipse.emf.workspace.examples.nl_fi" unpack="false" version="3.5.0.v20090620043401" download-size="1381" install-size="1381" />
	<plugin fragment="true" id="org.eclipse.emf.workspace.nl_fi" unpack="false" version="3.5.0.v20090620043401" download-size="3215" install-size="3215" />
	<plugin fragment="true" id="org.eclipse.emf.workspace.tests.nl_fi" unpack="false" version="3.5.0.v20090620043401" download-size="1378" install-size="1378" />
	<plugin fragment="true" id="org.eclipse.emf.workspace.ui.nl_fi" unpack="false" version="3.5.0.v20090620043401" download-size="1437" install-size="1437" />
	<plugin fragment="true" id="org.eclipse.net4j.buddies.chat.nl_fi" unpack="false" version="3.5.0.v20090620043401" download-size="1372" install-size="1372" />
	<plugin fragment="true" id="org.eclipse.net4j.buddies.chat.ui.nl_fi" unpack="false" version="3.5.0.v20090620043401" download-size="1373" install-size="1373" />
	<plugin fragment="true" id="org.eclipse.net4j.buddies.common.nl_fi" unpack="false" version="3.5.0.v20090620043401" download-size="1373" install-size="1373" />
	<plugin fragment="true" id="org.eclipse.net4j.buddies.nl_fi" unpack="false" version="3.5.0.v20090620043401" download-size="1368" install-size="1368" />
	<plugin fragment="true" id="org.eclipse.net4j.buddies.server.nl_fi" unpack="false" version="3.5.0.v20090620043401" download-size="1373" install-size="1373" />
	<plugin fragment="true" id="org.eclipse.net4j.buddies.ui.nl_fi" unpack="false" version="3.5.0.v20090620043401" download-size="2685" install-size="2685" />
	<plugin fragment="true" id="org.eclipse.net4j.db.derby.nl_fi" unpack="false" version="3.5.0.v20090620043401" download-size="1370" install-size="1370" />
	<plugin fragment="true" id="org.eclipse.net4j.db.hsqldb.nl_fi" unpack="false" version="3.5.0.v20090620043401" download-size="1371" install-size="1371" />
	<plugin fragment="true" id="org.eclipse.net4j.db.mysql.nl_fi" unpack="false" version="3.5.0.v20090620043401" download-size="1370" install-size="1370" />
	<plugin fragment="true" id="org.eclipse.net4j.db.nl_fi" unpack="false" version="3.5.0.v20090620043401" download-size="1365" install-size="1365" />
	<plugin fragment="true" id="org.eclipse.net4j.db.postgresql.nl_fi" unpack="false" version="3.5.0.v20090620043401" download-size="1373" install-size="1373" />
	<plugin fragment="true" id="org.eclipse.net4j.debug.nl_fi" unpack="false" version="3.5.0.v20090620043401" download-size="2471" install-size="2471" />
	<plugin fragment="true" id="org.eclipse.net4j.defs.nl_fi" unpack="false" version="3.5.0.v20090620043401" download-size="1366" install-size="1366" />
	<plugin fragment="true" id="org.eclipse.net4j.doc.nl_fi" unpack="false" version="3.5.0.v20090620043401" download-size="1366" install-size="1366" />
	<plugin fragment="true" id="org.eclipse.net4j.examples.nl_fi" unpack="false" version="3.5.0.v20090620043401" download-size="1370" install-size="1370" />
	<plugin fragment="true" id="org.eclipse.net4j.http.common.nl_fi" unpack="false" version="3.5.0.v20090620043401" download-size="1371" install-size="1371" />
	<plugin fragment="true" id="org.eclipse.net4j.http.nl_fi" unpack="false" version="3.5.0.v20090620043401" download-size="1366" install-size="1366" />
	<plugin fragment="true" id="org.eclipse.net4j.http.server.nl_fi" unpack="false" version="3.5.0.v20090620043401" download-size="1371" install-size="1371" />
	<plugin fragment="true" id="org.eclipse.net4j.http.tests.nl_fi" unpack="false" version="3.5.0.v20090620043401" download-size="1370" install-size="1370" />
	<plugin fragment="true" id="org.eclipse.net4j.jms.admin.nl_fi" unpack="false" version="3.5.0.v20090620043401" download-size="1370" install-size="1370" />
	<plugin fragment="true" id="org.eclipse.net4j.jms.api.nl_fi" unpack="false" version="3.5.0.v20090620043401" download-size="1369" install-size="1369" />
	<plugin fragment="true" id="org.eclipse.net4j.jms.nl_fi" unpack="false" version="3.5.0.v20090620043401" download-size="1366" install-size="1366" />
	<plugin fragment="true" id="org.eclipse.net4j.jms.server.jdbc.nl_fi" unpack="false" version="3.5.0.v20090620043401" download-size="1374" install-size="1374" />
	<plugin fragment="true" id="org.eclipse.net4j.jms.server.nl_fi" unpack="false" version="3.5.0.v20090620043401" download-size="1370" install-size="1370" />
	<plugin fragment="true" id="org.eclipse.net4j.jms.tests.nl_fi" unpack="false" version="3.5.0.v20090620043401" download-size="1369" install-size="1369" />
	<plugin fragment="true" id="org.eclipse.net4j.jvm.nl_fi" unpack="false" version="3.5.0.v20090620043401" download-size="1366" install-size="1366" />
	<plugin fragment="true" id="org.eclipse.net4j.nl_fi" unpack="false" version="3.5.0.v20090620043401" download-size="1363" install-size="1363" />
	<plugin fragment="true" id="org.eclipse.net4j.tcp.nl_fi" unpack="false" version="3.5.0.v20090620043401" download-size="1366" install-size="1366" />
	<plugin fragment="true" id="org.eclipse.net4j.tests.nl_fi" unpack="false" version="3.5.0.v20090620043401" download-size="1367" install-size="1367" />
	<plugin fragment="true" id="org.eclipse.net4j.ui.capabilities.nl_fi" unpack="false" version="3.5.0.v20090620043401" download-size="1373" install-size="1373" />
	<plugin fragment="true" id="org.eclipse.net4j.ui.defs.nl_fi" unpack="false" version="3.5.0.v20090620043401" download-size="1368" install-size="1368" />
	<plugin fragment="true" id="org.eclipse.net4j.ui.nl_fi" unpack="false" version="3.5.0.v20090620043401" download-size="2388" install-size="2388" />
	<plugin fragment="true" id="org.eclipse.net4j.util.defs.nl_fi" unpack="false" version="3.5.0.v20090620043401" download-size="1369" install-size="1369" />
	<plugin fragment="true" id="org.eclipse.net4j.util.nl_fi" unpack="false" version="3.5.0.v20090620043401" download-size="1366" install-size="1366" />
	<plugin fragment="true" id="org.eclipse.net4j.util.ui.nl_fi" unpack="false" version="3.5.0.v20090620043401" download-size="7814" install-size="7814" />
	<plugin fragment="true" id="org.eclipse.xsd.cheatsheets.nl_fi" unpack="false" version="3.5.0.v20090620043401" download-size="1370" install-size="1370" />
	<plugin fragment="true" id="org.eclipse.xsd.doc.nl_fi" unpack="false" version="3.5.0.v20090620043401" download-size="1650" install-size="1650" />
	<plugin fragment="true" id="org.eclipse.xsd.ecore.converter.nl_fi" unpack="false" version="3.5.0.v20090620043401" download-size="1372" install-size="1372" />
	<plugin fragment="true" id="org.eclipse.xsd.ecore.exporter.nl_fi" unpack="false" version="3.5.0.v20090620043401" download-size="1555" install-size="1555" />
	<plugin fragment="true" id="org.eclipse.xsd.ecore.importer.nl_fi" unpack="false" version="3.5.0.v20090620043401" download-size="1767" install-size="1767" />
	<plugin fragment="true" id="org.eclipse.xsd.edit.nl_fi" unpack="false" version="3.5.0.v20090620043401" download-size="4834" install-size="4834" />
	<plugin fragment="true" id="org.eclipse.xsd.editor.nl_fi" unpack="false" version="3.5.0.v20090620043401" download-size="2263" install-size="2263" />
	<plugin fragment="true" id="org.eclipse.xsd.example.installer.nl_fi" unpack="false" version="3.5.0.v20090620043401" download-size="1373" install-size="1373" />
	<plugin fragment="true" id="org.eclipse.xsd.example.nl_fi" unpack="false" version="3.5.0.v20090620043401" download-size="1368" install-size="1368" />
	<plugin fragment="true" id="org.eclipse.xsd.mapping.editor.nl_fi" unpack="false" version="3.5.0.v20090620043401" download-size="1371" install-size="1371" />
	<plugin fragment="true" id="org.eclipse.xsd.mapping.nl_fi" unpack="false" version="3.5.0.v20090620043401" download-size="1368" install-size="1368" />
	<plugin fragment="true" id="org.eclipse.xsd.nl_fi" unpack="false" version="3.5.0.v20090620043401" download-size="1524" install-size="1524" />
</feature>