<?xml version="1.0" encoding="UTF-8" ?>
<feature
	id="org.eclipse.babel.nls_webtools.jsf_fr"
	label="Babel Language Pack for webtools.jsf in French (46.15%)"
	image="eclipse_update_120.jpg"
	provider-name="%providerName"
	version="3.5.0.v20090620043401">
	<copyright>
		%copyright
	</copyright>
	<license url="%licenseURL">
		%license
	</license>
	<description>Babel Language Pack for webtools.jsf in French</description>
	<plugin fragment="true" id="org.eclipse.jst.jsf.apache.trinidad.tagsupport.nl_fr" unpack="false" version="3.5.0.v20090620043401" download-size="3361" install-size="3361" />
	<plugin fragment="true" id="org.eclipse.jst.jsf.common.nl_fr" unpack="false" version="3.5.0.v20090620043401" download-size="3666" install-size="3666" />
	<plugin fragment="true" id="org.eclipse.jst.jsf.common.runtime.nl_fr" unpack="false" version="3.5.0.v20090620043401" download-size="1377" install-size="1377" />
	<plugin fragment="true" id="org.eclipse.jst.jsf.common.ui.nl_fr" unpack="false" version="3.5.0.v20090620043401" download-size="6289" install-size="6289" />
	<plugin fragment="true" id="org.eclipse.jst.jsf.core.nl_fr" unpack="false" version="3.5.0.v20090620043401" download-size="9119" install-size="9119" />
	<plugin fragment="true" id="org.eclipse.jst.jsf.facesconfig.nl_fr" unpack="false" version="3.5.0.v20090620043401" download-size="5753" install-size="5753" />
	<plugin fragment="true" id="org.eclipse.jst.jsf.facesconfig.ui.nl_fr" unpack="false" version="3.5.0.v20090620043401" download-size="7394" install-size="7394" />
	<plugin fragment="true" id="org.eclipse.jst.jsf.standard.tagsupport.nl_fr" unpack="false" version="3.5.0.v20090620043401" download-size="3114" install-size="3114" />
	<plugin fragment="true" id="org.eclipse.jst.jsf.ui.nl_fr" unpack="false" version="3.5.0.v20090620043401" download-size="5507" install-size="5507" />
	<plugin fragment="true" id="org.eclipse.jst.pagedesigner.jsf.ui.nl_fr" unpack="false" version="3.5.0.v20090620043401" download-size="5566" install-size="5566" />
	<plugin fragment="true" id="org.eclipse.jst.pagedesigner.jsp.core.nl_fr" unpack="false" version="3.5.0.v20090620043401" download-size="1376" install-size="1376" />
	<plugin fragment="true" id="org.eclipse.jst.pagedesigner.nl_fr" unpack="false" version="3.5.0.v20090620043401" download-size="12590" install-size="12590" />
</feature>