<?xml version="1.0" encoding="UTF-8" ?>
<feature
	id="org.eclipse.babel.nls_tools.mylyn_pt_BR"
	label="Babel Language Pack for tools.mylyn in Portuguese (Brazilian) (16.15%)"
	image="eclipse_update_120.jpg"
	provider-name="%providerName"
	version="3.5.0.v20090620043401">
	<copyright>
		%copyright
	</copyright>
	<license url="%licenseURL">
		%license
	</license>
	<description>Babel Language Pack for tools.mylyn in Portuguese (Brazilian)</description>
	<plugin fragment="true" id="org.eclipse.mylyn.bugzilla.core.nl_pt_BR" unpack="false" version="3.5.0.v20090620043401" download-size="2575" install-size="2575" />
	<plugin fragment="true" id="org.eclipse.mylyn.bugzilla.ide.nl_pt_BR" unpack="false" version="3.5.0.v20090620043401" download-size="1375" install-size="1375" />
	<plugin fragment="true" id="org.eclipse.mylyn.bugzilla.ui.nl_pt_BR" unpack="false" version="3.5.0.v20090620043401" download-size="3748" install-size="3748" />
	<plugin fragment="true" id="org.eclipse.mylyn.commons.core.nl_pt_BR" unpack="false" version="3.5.0.v20090620043401" download-size="1375" install-size="1375" />
	<plugin fragment="true" id="org.eclipse.mylyn.commons.net.nl_pt_BR" unpack="false" version="3.5.0.v20090620043401" download-size="2566" install-size="2566" />
	<plugin fragment="true" id="org.eclipse.mylyn.commons.soap.nl_pt_BR" unpack="false" version="3.5.0.v20090620043401" download-size="1375" install-size="1375" />
	<plugin fragment="true" id="org.eclipse.mylyn.commons.ui.nl_pt_BR" unpack="false" version="3.5.0.v20090620043401" download-size="2599" install-size="2599" />
	<plugin fragment="true" id="org.eclipse.mylyn.compatibility.nl_pt_BR" unpack="false" version="3.5.0.v20090620043401" download-size="1376" install-size="1376" />
	<plugin fragment="true" id="org.eclipse.mylyn.context.core.nl_pt_BR" unpack="false" version="3.5.0.v20090620043401" download-size="1375" install-size="1375" />
	<plugin fragment="true" id="org.eclipse.mylyn.context.ui.nl_pt_BR" unpack="false" version="3.5.0.v20090620043401" download-size="4623" install-size="4623" />
	<plugin fragment="true" id="org.eclipse.mylyn.discovery.core.nl_pt_BR" unpack="false" version="3.5.0.v20090620043401" download-size="2667" install-size="2667" />
	<plugin fragment="true" id="org.eclipse.mylyn.discovery.ui.nl_pt_BR" unpack="false" version="3.5.0.v20090620043401" download-size="2703" install-size="2703" />
	<plugin fragment="true" id="org.eclipse.mylyn.help.ui.nl_pt_BR" unpack="false" version="3.5.0.v20090620043401" download-size="1395" install-size="1395" />
	<plugin fragment="true" id="org.eclipse.mylyn.ide.ant.nl_pt_BR" unpack="false" version="3.5.0.v20090620043401" download-size="1372" install-size="1372" />
	<plugin fragment="true" id="org.eclipse.mylyn.ide.capabilities.nl_pt_BR" unpack="false" version="3.5.0.v20090620043401" download-size="1396" install-size="1396" />
	<plugin fragment="true" id="org.eclipse.mylyn.ide.ui.nl_pt_BR" unpack="false" version="3.5.0.v20090620043401" download-size="1371" install-size="1371" />
	<plugin fragment="true" id="org.eclipse.mylyn.java.tasks.nl_pt_BR" unpack="false" version="3.5.0.v20090620043401" download-size="2436" install-size="2436" />
	<plugin fragment="true" id="org.eclipse.mylyn.java.ui.nl_pt_BR" unpack="false" version="3.5.0.v20090620043401" download-size="1432" install-size="1432" />
	<plugin fragment="true" id="org.eclipse.mylyn.jira.core.nl_pt_BR" unpack="false" version="3.5.0.v20090620043401" download-size="3047" install-size="3047" />
	<plugin fragment="true" id="org.eclipse.mylyn.jira.ui.nl_pt_BR" unpack="false" version="3.5.0.v20090620043401" download-size="3559" install-size="3559" />
	<plugin fragment="true" id="org.eclipse.mylyn.monitor.core.nl_pt_BR" unpack="false" version="3.5.0.v20090620043401" download-size="2661" install-size="2661" />
	<plugin fragment="true" id="org.eclipse.mylyn.monitor.ui.nl_pt_BR" unpack="false" version="3.5.0.v20090620043401" download-size="1373" install-size="1373" />
	<plugin fragment="true" id="org.eclipse.mylyn.nl_pt_BR" unpack="false" version="3.5.0.v20090620043401" download-size="1367" install-size="1367" />
	<plugin fragment="true" id="org.eclipse.mylyn.pde.ui.nl_pt_BR" unpack="false" version="3.5.0.v20090620043401" download-size="1372" install-size="1372" />
	<plugin fragment="true" id="org.eclipse.mylyn.resources.ui.nl_pt_BR" unpack="false" version="3.5.0.v20090620043401" download-size="2681" install-size="2681" />
	<plugin fragment="true" id="org.eclipse.mylyn.tasks.bugs.nl_pt_BR" unpack="false" version="3.5.0.v20090620043401" download-size="3419" install-size="3419" />
	<plugin fragment="true" id="org.eclipse.mylyn.tasks.core.nl_pt_BR" unpack="false" version="3.5.0.v20090620043401" download-size="3533" install-size="3533" />
	<plugin fragment="true" id="org.eclipse.mylyn.tasks.ui.nl_pt_BR" unpack="false" version="3.5.0.v20090620043401" download-size="11815" install-size="11815" />
	<plugin fragment="true" id="org.eclipse.mylyn.team.cvs.nl_pt_BR" unpack="false" version="3.5.0.v20090620043401" download-size="1373" install-size="1373" />
	<plugin fragment="true" id="org.eclipse.mylyn.team.ui.nl_pt_BR" unpack="false" version="3.5.0.v20090620043401" download-size="3645" install-size="3645" />
	<plugin fragment="true" id="org.eclipse.mylyn.trac.core.nl_pt_BR" unpack="false" version="3.5.0.v20090620043401" download-size="3025" install-size="3025" />
	<plugin fragment="true" id="org.eclipse.mylyn.trac.ui.nl_pt_BR" unpack="false" version="3.5.0.v20090620043401" download-size="2677" install-size="2677" />
	<plugin fragment="true" id="org.eclipse.mylyn.wikitext.confluence.core.nl_pt_BR" unpack="false" version="3.5.0.v20090620043401" download-size="1385" install-size="1385" />
	<plugin fragment="true" id="org.eclipse.mylyn.wikitext.confluence.ui.nl_pt_BR" unpack="false" version="3.5.0.v20090620043401" download-size="1412" install-size="1412" />
	<plugin fragment="true" id="org.eclipse.mylyn.wikitext.core.nl_pt_BR" unpack="false" version="3.5.0.v20090620043401" download-size="4449" install-size="4449" />
	<plugin fragment="true" id="org.eclipse.mylyn.wikitext.help.sdk.nl_pt_BR" unpack="false" version="3.5.0.v20090620043401" download-size="1405" install-size="1405" />
	<plugin fragment="true" id="org.eclipse.mylyn.wikitext.help.ui.nl_pt_BR" unpack="false" version="3.5.0.v20090620043401" download-size="1404" install-size="1404" />
	<plugin fragment="true" id="org.eclipse.mylyn.wikitext.mediawiki.core.nl_pt_BR" unpack="false" version="3.5.0.v20090620043401" download-size="1408" install-size="1408" />
	<plugin fragment="true" id="org.eclipse.mylyn.wikitext.mediawiki.ui.nl_pt_BR" unpack="false" version="3.5.0.v20090620043401" download-size="1460" install-size="1460" />
	<plugin fragment="true" id="org.eclipse.mylyn.wikitext.tasks.ui.nl_pt_BR" unpack="false" version="3.5.0.v20090620043401" download-size="2867" install-size="2867" />
	<plugin fragment="true" id="org.eclipse.mylyn.wikitext.tests.nl_pt_BR" unpack="false" version="3.5.0.v20090620043401" download-size="1381" install-size="1381" />
	<plugin fragment="true" id="org.eclipse.mylyn.wikitext.textile.core.nl_pt_BR" unpack="false" version="3.5.0.v20090620043401" download-size="1384" install-size="1384" />
	<plugin fragment="true" id="org.eclipse.mylyn.wikitext.textile.ui.nl_pt_BR" unpack="false" version="3.5.0.v20090620043401" download-size="1434" install-size="1434" />
	<plugin fragment="true" id="org.eclipse.mylyn.wikitext.tracwiki.core.nl_pt_BR" unpack="false" version="3.5.0.v20090620043401" download-size="1387" install-size="1387" />
	<plugin fragment="true" id="org.eclipse.mylyn.wikitext.tracwiki.ui.nl_pt_BR" unpack="false" version="3.5.0.v20090620043401" download-size="1409" install-size="1409" />
	<plugin fragment="true" id="org.eclipse.mylyn.wikitext.twiki.core.nl_pt_BR" unpack="false" version="3.5.0.v20090620043401" download-size="1385" install-size="1385" />
	<plugin fragment="true" id="org.eclipse.mylyn.wikitext.twiki.ui.nl_pt_BR" unpack="false" version="3.5.0.v20090620043401" download-size="1433" install-size="1433" />
	<plugin fragment="true" id="org.eclipse.mylyn.wikitext.ui.nl_pt_BR" unpack="false" version="3.5.0.v20090620043401" download-size="6696" install-size="6696" />
	<plugin fragment="true" id="org.eclipse.mylyn.xplanner.core.nl_pt_BR" unpack="false" version="3.5.0.v20090620043401" download-size="2439" install-size="2439" />
	<plugin fragment="true" id="org.eclipse.mylyn.xplanner.ui.nl_pt_BR" unpack="false" version="3.5.0.v20090620043401" download-size="3709" install-size="3709" />
</feature>