<?xml version="1.0" encoding="UTF-8" ?>
<feature
	id="org.eclipse.babel.nls_eclipse_en_AA"
	label="Babel Language Pack for eclipse in Pseudo Translations (100%)"
	image="eclipse_update_120.jpg"
	provider-name="%providerName"
	version="3.5.0.v20090620043401">
	<copyright>
		%copyright
	</copyright>
	<license url="%licenseURL">
		%license
	</license>
	<description>Babel Language Pack for eclipse in Pseudo Translations</description>
	<plugin fragment="true" id="org.eclipse.ant.core.nl_en_AA" unpack="false" version="3.5.0.v20090620043401" download-size="4578" install-size="4578" />
	<plugin fragment="true" id="org.eclipse.ant.tests.core.nl_en_AA" unpack="false" version="3.5.0.v20090620043401" download-size="1879" install-size="1879" />
	<plugin fragment="true" id="org.eclipse.ant.tests.ui.nl_en_AA" unpack="false" version="3.5.0.v20090620043401" download-size="1630" install-size="1630" />
	<plugin fragment="true" id="org.eclipse.ant.ui.nl_en_AA" unpack="false" version="3.5.0.v20090620043401" download-size="24869" install-size="24869" />
	<plugin fragment="true" id="org.eclipse.compare.core.nl_en_AA" unpack="false" version="3.5.0.v20090620043401" download-size="2476" install-size="2476" />
	<plugin fragment="true" id="org.eclipse.compare.examples.nl_en_AA" unpack="false" version="3.5.0.v20090620043401" download-size="2400" install-size="2400" />
	<plugin fragment="true" id="org.eclipse.compare.examples.xml.nl_en_AA" unpack="false" version="3.5.0.v20090620043401" download-size="3598" install-size="3598" />
	<plugin fragment="true" id="org.eclipse.compare.nl_en_AA" unpack="false" version="3.5.0.v20090620043401" download-size="14759" install-size="14759" />
	<plugin fragment="true" id="org.eclipse.compare.tests.nl_en_AA" unpack="false" version="3.5.0.v20090620043401" download-size="1719" install-size="1719" />
	<plugin fragment="true" id="org.eclipse.compare.win32.nl_en_AA" unpack="false" version="3.5.0.v20090620043401" download-size="3187" install-size="3187" />
	<plugin fragment="true" id="org.eclipse.core.boot.nl_en_AA" unpack="false" version="3.5.0.v20090620043401" download-size="1411" install-size="1411" />
	<plugin fragment="true" id="org.eclipse.core.commands.nl_en_AA" unpack="false" version="3.5.0.v20090620043401" download-size="1413" install-size="1413" />
	<plugin fragment="true" id="org.eclipse.core.contenttype.nl_en_AA" unpack="false" version="3.5.0.v20090620043401" download-size="2627" install-size="2627" />
	<plugin fragment="true" id="org.eclipse.core.databinding.beans.nl_en_AA" unpack="false" version="3.5.0.v20090620043401" download-size="1437" install-size="1437" />
	<plugin fragment="true" id="org.eclipse.core.databinding.nl_en_AA" unpack="false" version="3.5.0.v20090620043401" download-size="2753" install-size="2753" />
	<plugin fragment="true" id="org.eclipse.core.databinding.observable.nl_en_AA" unpack="false" version="3.5.0.v20090620043401" download-size="1443" install-size="1443" />
	<plugin fragment="true" id="org.eclipse.core.databinding.property.nl_en_AA" unpack="false" version="3.5.0.v20090620043401" download-size="1435" install-size="1435" />
	<plugin fragment="true" id="org.eclipse.core.expressions.nl_en_AA" unpack="false" version="3.5.0.v20090620043401" download-size="2953" install-size="2953" />
	<plugin fragment="true" id="org.eclipse.core.expressions.tests.nl_en_AA" unpack="false" version="3.5.0.v20090620043401" download-size="1448" install-size="1448" />
	<plugin fragment="true" id="org.eclipse.core.filebuffers.nl_en_AA" unpack="false" version="3.5.0.v20090620043401" download-size="4035" install-size="4035" />
	<plugin fragment="true" id="org.eclipse.core.filebuffers.tests.nl_en_AA" unpack="false" version="3.5.0.v20090620043401" download-size="1433" install-size="1433" />
	<plugin fragment="true" id="org.eclipse.core.filesystem.nl_en_AA" unpack="false" version="3.5.0.v20090620043401" download-size="2905" install-size="2905" />
	<plugin fragment="true" id="org.eclipse.core.jobs.nl_en_AA" unpack="false" version="3.5.0.v20090620043401" download-size="2448" install-size="2448" />
	<plugin fragment="true" id="org.eclipse.core.net.linux.x86.nl_en_AA" unpack="false" version="3.5.0.v20090620043401" download-size="1428" install-size="1428" />
	<plugin fragment="true" id="org.eclipse.core.net.nl_en_AA" unpack="false" version="3.5.0.v20090620043401" download-size="2310" install-size="2310" />
	<plugin fragment="true" id="org.eclipse.core.net.win32.x86.nl_en_AA" unpack="false" version="3.5.0.v20090620043401" download-size="1430" install-size="1430" />
	<plugin fragment="true" id="org.eclipse.core.resources.nl_en_AA" unpack="false" version="3.5.0.v20090620043401" download-size="9181" install-size="9181" />
	<plugin fragment="true" id="org.eclipse.core.runtime.compatibility.auth.nl_en_AA" unpack="false" version="3.5.0.v20090620043401" download-size="2698" install-size="2698" />
	<plugin fragment="true" id="org.eclipse.core.runtime.compatibility.nl_en_AA" unpack="false" version="3.5.0.v20090620043401" download-size="2466" install-size="2466" />
	<plugin fragment="true" id="org.eclipse.core.runtime.nl_en_AA" unpack="false" version="3.5.0.v20090620043401" download-size="3720" install-size="3720" />
	<plugin fragment="true" id="org.eclipse.core.variables.nl_en_AA" unpack="false" version="3.5.0.v20090620043401" download-size="2565" install-size="2565" />
	<plugin fragment="true" id="org.eclipse.cvs.nl_en_AA" unpack="false" version="3.5.0.v20090620043401" download-size="1745" install-size="1745" />
	<plugin fragment="true" id="org.eclipse.debug.core.nl_en_AA" unpack="false" version="3.5.0.v20090620043401" download-size="6908" install-size="6908" />
	<plugin fragment="true" id="org.eclipse.debug.examples.ui.nl_en_AA" unpack="false" version="3.5.0.v20090620043401" download-size="2415" install-size="2415" />
	<plugin fragment="true" id="org.eclipse.debug.ui.nl_en_AA" unpack="false" version="3.5.0.v20090620043401" download-size="35079" install-size="35079" />
	<plugin fragment="true" id="org.eclipse.equinox.app.nl_en_AA" unpack="false" version="3.5.0.v20090620043401" download-size="2838" install-size="2838" />
	<plugin fragment="true" id="org.eclipse.equinox.cm.nl_en_AA" unpack="false" version="3.5.0.v20090620043401" download-size="1427" install-size="1427" />
	<plugin fragment="true" id="org.eclipse.equinox.common.nl_en_AA" unpack="false" version="3.5.0.v20090620043401" download-size="3155" install-size="3155" />
	<plugin fragment="true" id="org.eclipse.equinox.concurrent.nl_en_AA" unpack="false" version="3.5.0.v20090620043401" download-size="1434" install-size="1434" />
	<plugin fragment="true" id="org.eclipse.equinox.device.nl_en_AA" unpack="false" version="3.5.0.v20090620043401" download-size="3016" install-size="3016" />
	<plugin fragment="true" id="org.eclipse.equinox.ds.nl_en_AA" unpack="false" version="3.5.0.v20090620043401" download-size="7606" install-size="7606" />
	<plugin fragment="true" id="org.eclipse.equinox.event.nl_en_AA" unpack="false" version="3.5.0.v20090620043401" download-size="2944" install-size="2944" />
	<plugin fragment="true" id="org.eclipse.equinox.http.jetty5.nl_en_AA" unpack="false" version="3.5.0.v20090620043401" download-size="1482" install-size="1482" />
	<plugin fragment="true" id="org.eclipse.equinox.http.jetty6.nl_en_AA" unpack="false" version="3.5.0.v20090620043401" download-size="1482" install-size="1482" />
	<plugin fragment="true" id="org.eclipse.equinox.http.nl_en_AA" unpack="false" version="3.5.0.v20090620043401" download-size="4261" install-size="4261" />
	<plugin fragment="true" id="org.eclipse.equinox.http.registry.nl_en_AA" unpack="false" version="3.5.0.v20090620043401" download-size="1487" install-size="1487" />
	<plugin fragment="true" id="org.eclipse.equinox.http.servlet.nl_en_AA" unpack="false" version="3.5.0.v20090620043401" download-size="1436" install-size="1436" />
	<plugin fragment="true" id="org.eclipse.equinox.http.servletbridge.nl_en_AA" unpack="false" version="3.5.0.v20090620043401" download-size="1447" install-size="1447" />
	<plugin fragment="true" id="org.eclipse.equinox.io.nl_en_AA" unpack="false" version="3.5.0.v20090620043401" download-size="1430" install-size="1430" />
	<plugin fragment="true" id="org.eclipse.equinox.ip.nl_en_AA" unpack="false" version="3.5.0.v20090620043401" download-size="1428" install-size="1428" />
	<plugin fragment="true" id="org.eclipse.equinox.jsp.jasper.nl_en_AA" unpack="false" version="3.5.0.v20090620043401" download-size="1435" install-size="1435" />
	<plugin fragment="true" id="org.eclipse.equinox.jsp.jasper.registry.nl_en_AA" unpack="false" version="3.5.0.v20090620043401" download-size="1454" install-size="1454" />
	<plugin fragment="true" id="org.eclipse.equinox.launcher.carbon.macosx.nl_en_AA" unpack="false" version="3.5.0.v20090620043401" download-size="1489" install-size="1489" />
	<plugin fragment="true" id="org.eclipse.equinox.launcher.cocoa.macosx.nl_en_AA" unpack="false" version="3.5.0.v20090620043401" download-size="1482" install-size="1482" />
	<plugin fragment="true" id="org.eclipse.equinox.launcher.gtk.linux.ppc.nl_en_AA" unpack="false" version="3.5.0.v20090620043401" download-size="1482" install-size="1482" />
	<plugin fragment="true" id="org.eclipse.equinox.launcher.gtk.linux.s390.nl_en_AA" unpack="false" version="3.5.0.v20090620043401" download-size="1485" install-size="1485" />
	<plugin fragment="true" id="org.eclipse.equinox.launcher.gtk.linux.s390x.nl_en_AA" unpack="false" version="3.5.0.v20090620043401" download-size="1492" install-size="1492" />
	<plugin fragment="true" id="org.eclipse.equinox.launcher.gtk.linux.x86.nl_en_AA" unpack="false" version="3.5.0.v20090620043401" download-size="1482" install-size="1482" />
	<plugin fragment="true" id="org.eclipse.equinox.launcher.gtk.solaris.sparc.nl_en_AA" unpack="false" version="3.5.0.v20090620043401" download-size="1490" install-size="1490" />
	<plugin fragment="true" id="org.eclipse.equinox.launcher.gtk.solaris.x86.nl_en_AA" unpack="false" version="3.5.0.v20090620043401" download-size="1491" install-size="1491" />
	<plugin fragment="true" id="org.eclipse.equinox.launcher.motif.aix.ppc.nl_en_AA" unpack="false" version="3.5.0.v20090620043401" download-size="1482" install-size="1482" />
	<plugin fragment="true" id="org.eclipse.equinox.launcher.motif.linux.x86.nl_en_AA" unpack="false" version="3.5.0.v20090620043401" download-size="1491" install-size="1491" />
	<plugin fragment="true" id="org.eclipse.equinox.launcher.motif.solaris.sparc.nl_en_AA" unpack="false" version="3.5.0.v20090620043401" download-size="1505" install-size="1505" />
	<plugin fragment="true" id="org.eclipse.equinox.launcher.nl_en_AA" unpack="false" version="3.5.0.v20090620043401" download-size="1429" install-size="1429" />
	<plugin fragment="true" id="org.eclipse.equinox.launcher.win32.win32.ia64.nl_en_AA" unpack="false" version="3.5.0.v20090620043401" download-size="1490" install-size="1490" />
	<plugin fragment="true" id="org.eclipse.equinox.launcher.win32.win32.x86.nl_en_AA" unpack="false" version="3.5.0.v20090620043401" download-size="1486" install-size="1486" />
	<plugin fragment="true" id="org.eclipse.equinox.launcher.wpf.win32.x86.nl_en_AA" unpack="false" version="3.5.0.v20090620043401" download-size="1488" install-size="1488" />
	<plugin fragment="true" id="org.eclipse.equinox.log.nl_en_AA" unpack="false" version="3.5.0.v20090620043401" download-size="1431" install-size="1431" />
	<plugin fragment="true" id="org.eclipse.equinox.metatype.nl_en_AA" unpack="false" version="3.5.0.v20090620043401" download-size="2805" install-size="2805" />
	<plugin fragment="true" id="org.eclipse.equinox.preferences.nl_en_AA" unpack="false" version="3.5.0.v20090620043401" download-size="3047" install-size="3047" />
	<plugin fragment="true" id="org.eclipse.equinox.registry.nl_en_AA" unpack="false" version="3.5.0.v20090620043401" download-size="3522" install-size="3522" />
	<plugin fragment="true" id="org.eclipse.equinox.security.nl_en_AA" unpack="false" version="3.5.0.v20090620043401" download-size="4750" install-size="4750" />
	<plugin fragment="true" id="org.eclipse.equinox.security.ui.nl_en_AA" unpack="false" version="3.5.0.v20090620043401" download-size="8045" install-size="8045" />
	<plugin fragment="true" id="org.eclipse.equinox.servletbridge.nl_en_AA" unpack="false" version="3.5.0.v20090620043401" download-size="1431" install-size="1431" />
	<plugin fragment="true" id="org.eclipse.equinox.transforms.xslt.nl_en_AA" unpack="false" version="3.5.0.v20090620043401" download-size="1441" install-size="1441" />
	<plugin fragment="true" id="org.eclipse.equinox.useradmin.nl_en_AA" unpack="false" version="3.5.0.v20090620043401" download-size="3189" install-size="3189" />
	<plugin fragment="true" id="org.eclipse.equinox.util.nl_en_AA" unpack="false" version="3.5.0.v20090620043401" download-size="1423" install-size="1423" />
	<plugin fragment="true" id="org.eclipse.equinox.wireadmin.nl_en_AA" unpack="false" version="3.5.0.v20090620043401" download-size="1432" install-size="1432" />
	<plugin fragment="true" id="org.eclipse.help.appserver.nl_en_AA" unpack="false" version="3.5.0.v20090620043401" download-size="2571" install-size="2571" />
	<plugin fragment="true" id="org.eclipse.help.base.nl_en_AA" unpack="false" version="3.5.0.v20090620043401" download-size="4014" install-size="4014" />
	<plugin fragment="true" id="org.eclipse.help.nl_en_AA" unpack="false" version="3.5.0.v20090620043401" download-size="1516" install-size="1516" />
	<plugin fragment="true" id="org.eclipse.help.ui.nl_en_AA" unpack="false" version="3.5.0.v20090620043401" download-size="5991" install-size="5991" />
	<plugin fragment="true" id="org.eclipse.help.webapp.nl_en_AA" unpack="false" version="3.5.0.v20090620043401" download-size="4903" install-size="4903" />
	<plugin fragment="true" id="org.eclipse.jdt.apt.core.nl_en_AA" unpack="false" version="3.5.0.v20090620043401" download-size="3833" install-size="3833" />
	<plugin fragment="true" id="org.eclipse.jdt.apt.pluggable.core.nl_en_AA" unpack="false" version="3.5.0.v20090620043401" download-size="1468" install-size="1468" />
	<plugin fragment="true" id="org.eclipse.jdt.apt.pluggable.tests.nl_en_AA" unpack="false" version="3.5.0.v20090620043401" download-size="1435" install-size="1435" />
	<plugin fragment="true" id="org.eclipse.jdt.apt.tests.nl_en_AA" unpack="false" version="3.5.0.v20090620043401" download-size="1429" install-size="1429" />
	<plugin fragment="true" id="org.eclipse.jdt.apt.ui.nl_en_AA" unpack="false" version="3.5.0.v20090620043401" download-size="4572" install-size="4572" />
	<plugin fragment="true" id="org.eclipse.jdt.compiler.apt.tests.nl_en_AA" unpack="false" version="3.5.0.v20090620043401" download-size="1434" install-size="1434" />
	<plugin fragment="true" id="org.eclipse.jdt.compiler.tool.tests.nl_en_AA" unpack="false" version="3.5.0.v20090620043401" download-size="1431" install-size="1431" />
	<plugin fragment="true" id="org.eclipse.jdt.core.manipulation.nl_en_AA" unpack="false" version="3.5.0.v20090620043401" download-size="4110" install-size="4110" />
	<plugin fragment="true" id="org.eclipse.jdt.core.nl_en_AA" unpack="false" version="3.5.0.v20090620043401" download-size="33046" install-size="33046" />
	<plugin fragment="true" id="org.eclipse.jdt.core.tests.builder.nl_en_AA" unpack="false" version="3.5.0.v20090620043401" download-size="1431" install-size="1431" />
	<plugin fragment="true" id="org.eclipse.jdt.core.tests.compiler.nl_en_AA" unpack="false" version="3.5.0.v20090620043401" download-size="1432" install-size="1432" />
	<plugin fragment="true" id="org.eclipse.jdt.core.tests.model.nl_en_AA" unpack="false" version="3.5.0.v20090620043401" download-size="14560" install-size="14560" />
	<plugin fragment="true" id="org.eclipse.jdt.core.tests.performance.nl_en_AA" unpack="false" version="3.5.0.v20090620043401" download-size="1438" install-size="1438" />
	<plugin fragment="true" id="org.eclipse.jdt.debug.nl_en_AA" unpack="false" version="3.5.0.v20090620043401" download-size="21870" install-size="21870" />
	<plugin fragment="true" id="org.eclipse.jdt.debug.tests.nl_en_AA" unpack="false" version="3.5.0.v20090620043401" download-size="1424" install-size="1424" />
	<plugin fragment="true" id="org.eclipse.jdt.debug.ui.nl_en_AA" unpack="false" version="3.5.0.v20090620043401" download-size="31167" install-size="31167" />
	<plugin fragment="true" id="org.eclipse.jdt.doc.isv.nl_en_AA" unpack="false" version="3.5.0.v20090620043401" download-size="1780" install-size="1780" />
	<plugin fragment="true" id="org.eclipse.jdt.doc.user.nl_en_AA" unpack="false" version="3.5.0.v20090620043401" download-size="1770" install-size="1770" />
	<plugin fragment="true" id="org.eclipse.jdt.junit.nl_en_AA" unpack="false" version="3.5.0.v20090620043401" download-size="10880" install-size="10880" />
	<plugin fragment="true" id="org.eclipse.jdt.junit.runtime.nl_en_AA" unpack="false" version="3.5.0.v20090620043401" download-size="2930" install-size="2930" />
	<plugin fragment="true" id="org.eclipse.jdt.junit4.runtime.nl_en_AA" unpack="false" version="3.5.0.v20090620043401" download-size="1442" install-size="1442" />
	<plugin fragment="true" id="org.eclipse.jdt.launching.macosx.nl_en_AA" unpack="false" version="3.5.0.v20090620043401" download-size="2589" install-size="2589" />
	<plugin fragment="true" id="org.eclipse.jdt.launching.nl_en_AA" unpack="false" version="3.5.0.v20090620043401" download-size="7330" install-size="7330" />
	<plugin fragment="true" id="org.eclipse.jdt.launching.ui.macosx.nl_en_AA" unpack="false" version="3.5.0.v20090620043401" download-size="3251" install-size="3251" />
	<plugin fragment="true" id="org.eclipse.jdt.nl_en_AA" unpack="false" version="3.5.0.v20090620043401" download-size="3250" install-size="3250" />
	<plugin fragment="true" id="org.eclipse.jdt.text.tests.nl_en_AA" unpack="false" version="3.5.0.v20090620043401" download-size="1427" install-size="1427" />
	<plugin fragment="true" id="org.eclipse.jdt.ui.examples.projects.nl_en_AA" unpack="false" version="3.5.0.v20090620043401" download-size="2821" install-size="2821" />
	<plugin fragment="true" id="org.eclipse.jdt.ui.nl_en_AA" unpack="false" version="3.5.0.v20090620043401" download-size="185163" install-size="185163" />
	<plugin fragment="true" id="org.eclipse.jdt.ui.tests.nl_en_AA" unpack="false" version="3.5.0.v20090620043401" download-size="1555" install-size="1555" />
	<plugin fragment="true" id="org.eclipse.jdt.ui.tests.refactoring.nl_en_AA" unpack="false" version="3.5.0.v20090620043401" download-size="1658" install-size="1658" />
	<plugin fragment="true" id="org.eclipse.jface.databinding.nl_en_AA" unpack="false" version="3.5.0.v20090620043401" download-size="1437" install-size="1437" />
	<plugin fragment="true" id="org.eclipse.jface.examples.databinding.nl_en_AA" unpack="false" version="3.5.0.v20090620043401" download-size="1437" install-size="1437" />
	<plugin fragment="true" id="org.eclipse.jface.nl_en_AA" unpack="false" version="3.5.0.v20090620043401" download-size="11072" install-size="11072" />
	<plugin fragment="true" id="org.eclipse.jface.tests.databinding.conformance.nl_en_AA" unpack="false" version="3.5.0.v20090620043401" download-size="1453" install-size="1453" />
	<plugin fragment="true" id="org.eclipse.jface.tests.databinding.nl_en_AA" unpack="false" version="3.5.0.v20090620043401" download-size="1433" install-size="1433" />
	<plugin fragment="true" id="org.eclipse.jface.text.nl_en_AA" unpack="false" version="3.5.0.v20090620043401" download-size="12602" install-size="12602" />
	<plugin fragment="true" id="org.eclipse.jface.text.tests.nl_en_AA" unpack="false" version="3.5.0.v20090620043401" download-size="1430" install-size="1430" />
	<plugin fragment="true" id="org.eclipse.jsch.core.nl_en_AA" unpack="false" version="3.5.0.v20090620043401" download-size="2508" install-size="2508" />
	<plugin fragment="true" id="org.eclipse.jsch.ui.nl_en_AA" unpack="false" version="3.5.0.v20090620043401" download-size="4074" install-size="4074" />
	<plugin fragment="true" id="org.eclipse.ltk.core.refactoring.nl_en_AA" unpack="false" version="3.5.0.v20090620043401" download-size="5710" install-size="5710" />
	<plugin fragment="true" id="org.eclipse.ltk.core.refactoring.tests.nl_en_AA" unpack="false" version="3.5.0.v20090620043401" download-size="1532" install-size="1532" />
	<plugin fragment="true" id="org.eclipse.ltk.ui.refactoring.nl_en_AA" unpack="false" version="3.5.0.v20090620043401" download-size="8641" install-size="8641" />
	<plugin fragment="true" id="org.eclipse.ltk.ui.refactoring.tests.nl_en_AA" unpack="false" version="3.5.0.v20090620043401" download-size="1440" install-size="1440" />
	<plugin fragment="true" id="org.eclipse.newMultiEditor.nl_en_AA" unpack="false" version="3.5.0.v20090620043401" download-size="1432" install-size="1432" />
	<plugin fragment="true" id="org.eclipse.osgi.nl_en_AA" unpack="false" version="3.5.0.v20090620043401" download-size="15559" install-size="15559" />
	<plugin fragment="true" id="org.eclipse.osgi.services.nl_en_AA" unpack="false" version="3.5.0.v20090620043401" download-size="1630" install-size="1630" />
	<plugin fragment="true" id="org.eclipse.osgi.util.nl_en_AA" unpack="false" version="3.5.0.v20090620043401" download-size="1624" install-size="1624" />
	<plugin fragment="true" id="org.eclipse.pde.api.tools.nl_en_AA" unpack="false" version="3.5.0.v20090620043401" download-size="16709" install-size="16709" />
	<plugin fragment="true" id="org.eclipse.pde.api.tools.ui.nl_en_AA" unpack="false" version="3.5.0.v20090620043401" download-size="12782" install-size="12782" />
	<plugin fragment="true" id="org.eclipse.pde.build.nl_en_AA" unpack="false" version="3.5.0.v20090620043401" download-size="8862" install-size="8862" />
	<plugin fragment="true" id="org.eclipse.pde.build.tests.nl_en_AA" unpack="false" version="3.5.0.v20090620043401" download-size="3523" install-size="3523" />
	<plugin fragment="true" id="org.eclipse.pde.core.nl_en_AA" unpack="false" version="3.5.0.v20090620043401" download-size="11021" install-size="11021" />
	<plugin fragment="true" id="org.eclipse.pde.doc.user.nl_en_AA" unpack="false" version="3.5.0.v20090620043401" download-size="1766" install-size="1766" />
	<plugin fragment="true" id="org.eclipse.pde.ds.core.nl_en_AA" unpack="false" version="3.5.0.v20090620043401" download-size="3249" install-size="3249" />
	<plugin fragment="true" id="org.eclipse.pde.ds.tests.nl_en_AA" unpack="false" version="3.5.0.v20090620043401" download-size="1418" install-size="1418" />
	<plugin fragment="true" id="org.eclipse.pde.ds.ui.nl_en_AA" unpack="false" version="3.5.0.v20090620043401" download-size="4215" install-size="4215" />
	<plugin fragment="true" id="org.eclipse.pde.junit.runtime.nl_en_AA" unpack="false" version="3.5.0.v20090620043401" download-size="1428" install-size="1428" />
	<plugin fragment="true" id="org.eclipse.pde.nl_en_AA" unpack="false" version="3.5.0.v20090620043401" download-size="2967" install-size="2967" />
	<plugin fragment="true" id="org.eclipse.pde.runtime.nl_en_AA" unpack="false" version="3.5.0.v20090620043401" download-size="3700" install-size="3700" />
	<plugin fragment="true" id="org.eclipse.pde.tools.versioning.nl_en_AA" unpack="false" version="3.5.0.v20090620043401" download-size="4824" install-size="4824" />
	<plugin fragment="true" id="org.eclipse.pde.ua.core.nl_en_AA" unpack="false" version="3.5.0.v20090620043401" download-size="1508" install-size="1508" />
	<plugin fragment="true" id="org.eclipse.pde.ua.ui.nl_en_AA" unpack="false" version="3.5.0.v20090620043401" download-size="15848" install-size="15848" />
	<plugin fragment="true" id="org.eclipse.pde.ui.nl_en_AA" unpack="false" version="3.5.0.v20090620043401" download-size="49104" install-size="49104" />
	<plugin fragment="true" id="org.eclipse.pde.ui.templates.nl_en_AA" unpack="false" version="3.5.0.v20090620043401" download-size="10816" install-size="10816" />
	<plugin fragment="true" id="org.eclipse.platform.doc.isv.nl_en_AA" unpack="false" version="3.5.0.v20090620043401" download-size="1437" install-size="1437" />
	<plugin fragment="true" id="org.eclipse.platform.doc.user.nl_en_AA" unpack="false" version="3.5.0.v20090620043401" download-size="1429" install-size="1429" />
	<plugin fragment="true" id="org.eclipse.platform.nl_en_AA" unpack="false" version="3.5.0.v20090620043401" download-size="4293" install-size="4293" />
	<plugin fragment="true" id="org.eclipse.rcp.nl_en_AA" unpack="false" version="3.5.0.v20090620043401" download-size="1724" install-size="1724" />
	<plugin fragment="true" id="org.eclipse.releng.tests.nl_en_AA" unpack="false" version="3.5.0.v20090620043401" download-size="1647" install-size="1647" />
	<plugin fragment="true" id="org.eclipse.releng.tools.nl_en_AA" unpack="false" version="3.5.0.v20090620043401" download-size="4290" install-size="4290" />
	<plugin fragment="true" id="org.eclipse.sdk.examples.nl_en_AA" unpack="false" version="3.5.0.v20090620043401" download-size="1745" install-size="1745" />
	<plugin fragment="true" id="org.eclipse.sdk.nl_en_AA" unpack="false" version="3.5.0.v20090620043401" download-size="3182" install-size="3182" />
	<plugin fragment="true" id="org.eclipse.sdk.tests.nl_en_AA" unpack="false" version="3.5.0.v20090620043401" download-size="1741" install-size="1741" />
	<plugin fragment="true" id="org.eclipse.search.nl_en_AA" unpack="false" version="3.5.0.v20090620043401" download-size="8595" install-size="8595" />
	<plugin fragment="true" id="org.eclipse.search.tests.nl_en_AA" unpack="false" version="3.5.0.v20090620043401" download-size="1427" install-size="1427" />
	<plugin fragment="true" id="org.eclipse.swt.examples.browser.demos.nl_en_AA" unpack="false" version="3.5.0.v20090620043401" download-size="2054" install-size="2054" />
	<plugin fragment="true" id="org.eclipse.swt.examples.browser.nl_en_AA" unpack="false" version="3.5.0.v20090620043401" download-size="2098" install-size="2098" />
	<plugin fragment="true" id="org.eclipse.swt.examples.controls.nl_en_AA" unpack="false" version="3.5.0.v20090620043401" download-size="2101" install-size="2101" />
	<plugin fragment="true" id="org.eclipse.swt.examples.launcher.nl_en_AA" unpack="false" version="3.5.0.v20090620043401" download-size="2455" install-size="2455" />
	<plugin fragment="true" id="org.eclipse.swt.examples.layouts.nl_en_AA" unpack="false" version="3.5.0.v20090620043401" download-size="2126" install-size="2126" />
	<plugin fragment="true" id="org.eclipse.swt.examples.nl_en_AA" unpack="false" version="3.5.0.v20090620043401" download-size="21119" install-size="21119" />
	<plugin fragment="true" id="org.eclipse.swt.examples.ole.win32.nl_en_AA" unpack="false" version="3.5.0.v20090620043401" download-size="2566" install-size="2566" />
	<plugin fragment="true" id="org.eclipse.swt.examples.paint.nl_en_AA" unpack="false" version="3.5.0.v20090620043401" download-size="2241" install-size="2241" />
	<plugin fragment="true" id="org.eclipse.swt.nl_en_AA" unpack="false" version="3.5.0.v20090620043401" download-size="2971" install-size="2971" />
	<plugin fragment="true" id="org.eclipse.swt.tests.nl_en_AA" unpack="false" version="3.5.0.v20090620043401" download-size="1409" install-size="1409" />
	<plugin fragment="true" id="org.eclipse.swt.tools.nl_en_AA" unpack="false" version="3.5.0.v20090620043401" download-size="1506" install-size="1506" />
	<plugin fragment="true" id="org.eclipse.team.core.nl_en_AA" unpack="false" version="3.5.0.v20090620043401" download-size="4387" install-size="4387" />
	<plugin fragment="true" id="org.eclipse.team.cvs.core.nl_en_AA" unpack="false" version="3.5.0.v20090620043401" download-size="8325" install-size="8325" />
	<plugin fragment="true" id="org.eclipse.team.cvs.ssh.nl_en_AA" unpack="false" version="3.5.0.v20090620043401" download-size="3121" install-size="3121" />
	<plugin fragment="true" id="org.eclipse.team.cvs.ssh2.nl_en_AA" unpack="false" version="3.5.0.v20090620043401" download-size="3740" install-size="3740" />
	<plugin fragment="true" id="org.eclipse.team.cvs.ui.nl_en_AA" unpack="false" version="3.5.0.v20090620043401" download-size="29202" install-size="29202" />
	<plugin fragment="true" id="org.eclipse.team.examples.filesystem.nl_en_AA" unpack="false" version="3.5.0.v20090620043401" download-size="3265" install-size="3265" />
	<plugin fragment="true" id="org.eclipse.team.tests.cvs.core.nl_en_AA" unpack="false" version="3.5.0.v20090620043401" download-size="1564" install-size="1564" />
	<plugin fragment="true" id="org.eclipse.team.ui.nl_en_AA" unpack="false" version="3.5.0.v20090620043401" download-size="14494" install-size="14494" />
	<plugin fragment="true" id="org.eclipse.text.nl_en_AA" unpack="false" version="3.5.0.v20090620043401" download-size="4312" install-size="4312" />
	<plugin fragment="true" id="org.eclipse.text.tests.nl_en_AA" unpack="false" version="3.5.0.v20090620043401" download-size="1419" install-size="1419" />
	<plugin fragment="true" id="org.eclipse.ui.browser.nl_en_AA" unpack="false" version="3.5.0.v20090620043401" download-size="3739" install-size="3739" />
	<plugin fragment="true" id="org.eclipse.ui.cheatsheets.nl_en_AA" unpack="false" version="3.5.0.v20090620043401" download-size="5995" install-size="5995" />
	<plugin fragment="true" id="org.eclipse.ui.console.nl_en_AA" unpack="false" version="3.5.0.v20090620043401" download-size="3438" install-size="3438" />
	<plugin fragment="true" id="org.eclipse.ui.editors.nl_en_AA" unpack="false" version="3.5.0.v20090620043401" download-size="14284" install-size="14284" />
	<plugin fragment="true" id="org.eclipse.ui.editors.tests.nl_en_AA" unpack="false" version="3.5.0.v20090620043401" download-size="1425" install-size="1425" />
	<plugin fragment="true" id="org.eclipse.ui.examples.contributions.nl_en_AA" unpack="false" version="3.5.0.v20090620043401" download-size="3463" install-size="3463" />
	<plugin fragment="true" id="org.eclipse.ui.examples.fieldassist.nl_en_AA" unpack="false" version="3.5.0.v20090620043401" download-size="3743" install-size="3743" />
	<plugin fragment="true" id="org.eclipse.ui.examples.javaeditor.nl_en_AA" unpack="false" version="3.5.0.v20090620043401" download-size="3977" install-size="3977" />
	<plugin fragment="true" id="org.eclipse.ui.examples.multipageeditor.nl_en_AA" unpack="false" version="3.5.0.v20090620043401" download-size="2447" install-size="2447" />
	<plugin fragment="true" id="org.eclipse.ui.examples.propertysheet.nl_en_AA" unpack="false" version="3.5.0.v20090620043401" download-size="3676" install-size="3676" />
	<plugin fragment="true" id="org.eclipse.ui.examples.readmetool.nl_en_AA" unpack="false" version="3.5.0.v20090620043401" download-size="4415" install-size="4415" />
	<plugin fragment="true" id="org.eclipse.ui.examples.undo.nl_en_AA" unpack="false" version="3.5.0.v20090620043401" download-size="2850" install-size="2850" />
	<plugin fragment="true" id="org.eclipse.ui.examples.views.properties.tabbed.article.nl_en_AA" unpack="false" version="3.5.0.v20090620043401" download-size="1528" install-size="1528" />
	<plugin fragment="true" id="org.eclipse.ui.externaltools.nl_en_AA" unpack="false" version="3.5.0.v20090620043401" download-size="8945" install-size="8945" />
	<plugin fragment="true" id="org.eclipse.ui.forms.nl_en_AA" unpack="false" version="3.5.0.v20090620043401" download-size="2453" install-size="2453" />
	<plugin fragment="true" id="org.eclipse.ui.ide.application.nl_en_AA" unpack="false" version="3.5.0.v20090620043401" download-size="1660" install-size="1660" />
	<plugin fragment="true" id="org.eclipse.ui.ide.nl_en_AA" unpack="false" version="3.5.0.v20090620043401" download-size="34071" install-size="34071" />
	<plugin fragment="true" id="org.eclipse.ui.intro.nl_en_AA" unpack="false" version="3.5.0.v20090620043401" download-size="3853" install-size="3853" />
	<plugin fragment="true" id="org.eclipse.ui.intro.universal.nl_en_AA" unpack="false" version="3.5.0.v20090620043401" download-size="7156" install-size="7156" />
	<plugin fragment="true" id="org.eclipse.ui.navigator.nl_en_AA" unpack="false" version="3.5.0.v20090620043401" download-size="4062" install-size="4062" />
	<plugin fragment="true" id="org.eclipse.ui.navigator.resources.nl_en_AA" unpack="false" version="3.5.0.v20090620043401" download-size="3542" install-size="3542" />
	<plugin fragment="true" id="org.eclipse.ui.net.nl_en_AA" unpack="false" version="3.5.0.v20090620043401" download-size="2932" install-size="2932" />
	<plugin fragment="true" id="org.eclipse.ui.nl_en_AA" unpack="false" version="3.5.0.v20090620043401" download-size="6086" install-size="6086" />
	<plugin fragment="true" id="org.eclipse.ui.presentations.r21.nl_en_AA" unpack="false" version="3.5.0.v20090620043401" download-size="2570" install-size="2570" />
	<plugin fragment="true" id="org.eclipse.ui.tests.navigator.nl_en_AA" unpack="false" version="3.5.0.v20090620043401" download-size="1502" install-size="1502" />
	<plugin fragment="true" id="org.eclipse.ui.tests.views.properties.tabbed.nl_en_AA" unpack="false" version="3.5.0.v20090620043401" download-size="1536" install-size="1536" />
	<plugin fragment="true" id="org.eclipse.ui.views.log.nl_en_AA" unpack="false" version="3.5.0.v20090620043401" download-size="3799" install-size="3799" />
	<plugin fragment="true" id="org.eclipse.ui.views.nl_en_AA" unpack="false" version="3.5.0.v20090620043401" download-size="3311" install-size="3311" />
	<plugin fragment="true" id="org.eclipse.ui.views.properties.tabbed.nl_en_AA" unpack="false" version="3.5.0.v20090620043401" download-size="3139" install-size="3139" />
	<plugin fragment="true" id="org.eclipse.ui.workbench.nl_en_AA" unpack="false" version="3.5.0.v20090620043401" download-size="29718" install-size="29718" />
	<plugin fragment="true" id="org.eclipse.ui.workbench.texteditor.nl_en_AA" unpack="false" version="3.5.0.v20090620043401" download-size="14352" install-size="14352" />
	<plugin fragment="true" id="org.eclipse.ui.workbench.texteditor.tests.nl_en_AA" unpack="false" version="3.5.0.v20090620043401" download-size="1450" install-size="1450" />
	<plugin fragment="true" id="org.eclipse.update.configurator.nl_en_AA" unpack="false" version="3.5.0.v20090620043401" download-size="3395" install-size="3395" />
	<plugin fragment="true" id="org.eclipse.update.core.nl_en_AA" unpack="false" version="3.5.0.v20090620043401" download-size="8793" install-size="8793" />
	<plugin fragment="true" id="org.eclipse.update.scheduler.nl_en_AA" unpack="false" version="3.5.0.v20090620043401" download-size="2943" install-size="2943" />
	<plugin fragment="true" id="org.eclipse.update.tests.core.nl_en_AA" unpack="false" version="3.5.0.v20090620043401" download-size="2869" install-size="2869" />
	<plugin fragment="true" id="org.eclipse.update.ui.nl_en_AA" unpack="false" version="3.5.0.v20090620043401" download-size="9358" install-size="9358" />
	<plugin fragment="true" id="org.junit4.nl_en_AA" unpack="false" version="3.5.0.v20090620043401" download-size="1423" install-size="1423" />
	<plugin fragment="true" id="security.a.frag.a.nl_en_AA" unpack="false" version="3.5.0.v20090620043401" download-size="1415" install-size="1415" />
	<plugin fragment="true" id="security.a.nl_en_AA" unpack="false" version="3.5.0.v20090620043401" download-size="1396" install-size="1396" />
</feature>