<?xml version="1.0" encoding="UTF-8" ?>
<feature
	id="org.eclipse.babel.nls_birt_zh_TW"
	label="Babel Language Pack for birt in Chinese (Traditional) (70.63%)"
	image="eclipse_update_120.jpg"
	provider-name="%providerName"
	version="3.5.0.v20090620043401">
	<copyright>
		%copyright
	</copyright>
	<license url="%licenseURL">
		%license
	</license>
	<description>Babel Language Pack for birt in Chinese (Traditional)</description>
	<plugin fragment="true" id="org.eclipse.birt.chart.cshelp.nl_zh_TW" unpack="false" version="3.5.0.v20090620043401" download-size="1551" install-size="1551" />
	<plugin fragment="true" id="org.eclipse.birt.chart.device.extension.nl_zh_TW" unpack="false" version="3.5.0.v20090620043401" download-size="3765" install-size="3765" />
	<plugin fragment="true" id="org.eclipse.birt.chart.device.svg.nl_zh_TW" unpack="false" version="3.5.0.v20090620043401" download-size="2951" install-size="2951" />
	<plugin fragment="true" id="org.eclipse.birt.chart.device.swt.nl_zh_TW" unpack="false" version="3.5.0.v20090620043401" download-size="3053" install-size="3053" />
	<plugin fragment="true" id="org.eclipse.birt.chart.doc.isv.nl_zh_TW" unpack="false" version="3.5.0.v20090620043401" download-size="1536" install-size="1536" />
	<plugin fragment="true" id="org.eclipse.birt.chart.engine.extension.nl_zh_TW" unpack="false" version="3.5.0.v20090620043401" download-size="4507" install-size="4507" />
	<plugin fragment="true" id="org.eclipse.birt.chart.engine.nl_zh_TW" unpack="false" version="3.5.0.v20090620043401" download-size="8657" install-size="8657" />
	<plugin fragment="true" id="org.eclipse.birt.chart.examples.nl_zh_TW" unpack="false" version="3.5.0.v20090620043401" download-size="2531" install-size="2531" />
	<plugin fragment="true" id="org.eclipse.birt.chart.integration.wtp.ui.nl_zh_TW" unpack="false" version="3.5.0.v20090620043401" download-size="2802" install-size="2802" />
	<plugin fragment="true" id="org.eclipse.birt.chart.reportitem.nl_zh_TW" unpack="false" version="3.5.0.v20090620043401" download-size="3651" install-size="3651" />
	<plugin fragment="true" id="org.eclipse.birt.chart.reportitem.ui.nl_zh_TW" unpack="false" version="3.5.0.v20090620043401" download-size="4161" install-size="4161" />
	<plugin fragment="true" id="org.eclipse.birt.chart.runtime.nl_zh_TW" unpack="false" version="3.5.0.v20090620043401" download-size="1530" install-size="1530" />
	<plugin fragment="true" id="org.eclipse.birt.chart.ui.extension.nl_zh_TW" unpack="false" version="3.5.0.v20090620043401" download-size="13775" install-size="13775" />
	<plugin fragment="true" id="org.eclipse.birt.chart.ui.nl_zh_TW" unpack="false" version="3.5.0.v20090620043401" download-size="3924" install-size="3924" />
	<plugin fragment="true" id="org.eclipse.birt.core.nl_zh_TW" unpack="false" version="3.5.0.v20090620043401" download-size="2192" install-size="2192" />
	<plugin fragment="true" id="org.eclipse.birt.core.script.function.nl_zh_TW" unpack="false" version="3.5.0.v20090620043401" download-size="1472" install-size="1472" />
	<plugin fragment="true" id="org.eclipse.birt.core.ui.nl_zh_TW" unpack="false" version="3.5.0.v20090620043401" download-size="2693" install-size="2693" />
	<plugin fragment="true" id="org.eclipse.birt.cshelp.nl_zh_TW" unpack="false" version="3.5.0.v20090620043401" download-size="1538" install-size="1538" />
	<plugin fragment="true" id="org.eclipse.birt.data.aggregation.nl_zh_TW" unpack="false" version="3.5.0.v20090620043401" download-size="2379" install-size="2379" />
	<plugin fragment="true" id="org.eclipse.birt.data.nl_zh_TW" unpack="false" version="3.5.0.v20090620043401" download-size="7321" install-size="7321" />
	<plugin fragment="true" id="org.eclipse.birt.data.tests.nl_zh_TW" unpack="false" version="3.5.0.v20090620043401" download-size="1419" install-size="1419" />
	<plugin fragment="true" id="org.eclipse.birt.doc.isv.nl_zh_TW" unpack="false" version="3.5.0.v20090620043401" download-size="1525" install-size="1525" />
	<plugin fragment="true" id="org.eclipse.birt.doc.nl_zh_TW" unpack="false" version="3.5.0.v20090620043401" download-size="1518" install-size="1518" />
	<plugin fragment="true" id="org.eclipse.birt.example.nl_zh_TW" unpack="false" version="3.5.0.v20090620043401" download-size="1520" install-size="1520" />
	<plugin fragment="true" id="org.eclipse.birt.integration.wtp.ui.nl_zh_TW" unpack="false" version="3.5.0.v20090620043401" download-size="2787" install-size="2787" />
	<plugin fragment="true" id="org.eclipse.birt.nl_zh_TW" unpack="false" version="3.5.0.v20090620043401" download-size="1429" install-size="1429" />
	<plugin fragment="true" id="org.eclipse.birt.report.data.adapter.nl_zh_TW" unpack="false" version="3.5.0.v20090620043401" download-size="2677" install-size="2677" />
	<plugin fragment="true" id="org.eclipse.birt.report.data.oda.jdbc.dbprofile.nl_zh_TW" unpack="false" version="3.5.0.v20090620043401" download-size="1560" install-size="1560" />
	<plugin fragment="true" id="org.eclipse.birt.report.data.oda.jdbc.dbprofile.ui.nl_zh_TW" unpack="false" version="3.5.0.v20090620043401" download-size="1440" install-size="1440" />
	<plugin fragment="true" id="org.eclipse.birt.report.data.oda.jdbc.nl_zh_TW" unpack="false" version="3.5.0.v20090620043401" download-size="4440" install-size="4440" />
	<plugin fragment="true" id="org.eclipse.birt.report.data.oda.jdbc.ui.nl_zh_TW" unpack="false" version="3.5.0.v20090620043401" download-size="5493" install-size="5493" />
	<plugin fragment="true" id="org.eclipse.birt.report.data.oda.sampledb.nl_zh_TW" unpack="false" version="3.5.0.v20090620043401" download-size="1656" install-size="1656" />
	<plugin fragment="true" id="org.eclipse.birt.report.data.oda.sampledb.ui.nl_zh_TW" unpack="false" version="3.5.0.v20090620043401" download-size="3474" install-size="3474" />
	<plugin fragment="true" id="org.eclipse.birt.report.data.oda.xml.nl_zh_TW" unpack="false" version="3.5.0.v20090620043401" download-size="3108" install-size="3108" />
	<plugin fragment="true" id="org.eclipse.birt.report.data.oda.xml.ui.nl_zh_TW" unpack="false" version="3.5.0.v20090620043401" download-size="1773" install-size="1773" />
	<plugin fragment="true" id="org.eclipse.birt.report.debug.core.nl_zh_TW" unpack="false" version="3.5.0.v20090620043401" download-size="1547" install-size="1547" />
	<plugin fragment="true" id="org.eclipse.birt.report.debug.ui.nl_zh_TW" unpack="false" version="3.5.0.v20090620043401" download-size="2838" install-size="2838" />
	<plugin fragment="true" id="org.eclipse.birt.report.designer.core.nl_zh_TW" unpack="false" version="3.5.0.v20090620043401" download-size="34216" install-size="34216" />
	<plugin fragment="true" id="org.eclipse.birt.report.designer.nl_zh_TW" unpack="false" version="3.5.0.v20090620043401" download-size="1538" install-size="1538" />
	<plugin fragment="true" id="org.eclipse.birt.report.designer.tests.nl_zh_TW" unpack="false" version="3.5.0.v20090620043401" download-size="2677" install-size="2677" />
	<plugin fragment="true" id="org.eclipse.birt.report.designer.ui.cubebuilder.nl_zh_TW" unpack="false" version="3.5.0.v20090620043401" download-size="3328" install-size="3328" />
	<plugin fragment="true" id="org.eclipse.birt.report.designer.ui.editor.script.nl_zh_TW" unpack="false" version="3.5.0.v20090620043401" download-size="1447" install-size="1447" />
	<plugin fragment="true" id="org.eclipse.birt.report.designer.ui.editor.xml.wtp.nl_zh_TW" unpack="false" version="3.5.0.v20090620043401" download-size="1839" install-size="1839" />
	<plugin fragment="true" id="org.eclipse.birt.report.designer.ui.editors.nl_zh_TW" unpack="false" version="3.5.0.v20090620043401" download-size="1436" install-size="1436" />
	<plugin fragment="true" id="org.eclipse.birt.report.designer.ui.editors.schematic.nl_zh_TW" unpack="false" version="3.5.0.v20090620043401" download-size="1567" install-size="1567" />
	<plugin fragment="true" id="org.eclipse.birt.report.designer.ui.ide.nl_zh_TW" unpack="false" version="3.5.0.v20090620043401" download-size="1731" install-size="1731" />
	<plugin fragment="true" id="org.eclipse.birt.report.designer.ui.lib.explorer.nl_zh_TW" unpack="false" version="3.5.0.v20090620043401" download-size="1431" install-size="1431" />
	<plugin fragment="true" id="org.eclipse.birt.report.designer.ui.lib.nl_zh_TW" unpack="false" version="3.5.0.v20090620043401" download-size="1652" install-size="1652" />
	<plugin fragment="true" id="org.eclipse.birt.report.designer.ui.nl_zh_TW" unpack="false" version="3.5.0.v20090620043401" download-size="1886" install-size="1886" />
	<plugin fragment="true" id="org.eclipse.birt.report.designer.ui.preview.nl_zh_TW" unpack="false" version="3.5.0.v20090620043401" download-size="1506" install-size="1506" />
	<plugin fragment="true" id="org.eclipse.birt.report.designer.ui.preview.web.nl_zh_TW" unpack="false" version="3.5.0.v20090620043401" download-size="1551" install-size="1551" />
	<plugin fragment="true" id="org.eclipse.birt.report.designer.ui.rcp.nl_zh_TW" unpack="false" version="3.5.0.v20090620043401" download-size="3146" install-size="3146" />
	<plugin fragment="true" id="org.eclipse.birt.report.designer.ui.samples.ide.nl_zh_TW" unpack="false" version="3.5.0.v20090620043401" download-size="3117" install-size="3117" />
	<plugin fragment="true" id="org.eclipse.birt.report.designer.ui.views.nl_zh_TW" unpack="false" version="3.5.0.v20090620043401" download-size="1432" install-size="1432" />
	<plugin fragment="true" id="org.eclipse.birt.report.engine.emitter.config.html.nl_zh_TW" unpack="false" version="3.5.0.v20090620043401" download-size="2819" install-size="2819" />
	<plugin fragment="true" id="org.eclipse.birt.report.engine.emitter.config.pdf.nl_zh_TW" unpack="false" version="3.5.0.v20090620043401" download-size="2767" install-size="2767" />
	<plugin fragment="true" id="org.eclipse.birt.report.engine.nl_zh_TW" unpack="false" version="3.5.0.v20090620043401" download-size="3192" install-size="3192" />
	<plugin fragment="true" id="org.eclipse.birt.report.item.crosstab.core.nl_zh_TW" unpack="false" version="3.5.0.v20090620043401" download-size="3203" install-size="3203" />
	<plugin fragment="true" id="org.eclipse.birt.report.item.crosstab.ui.nl_zh_TW" unpack="false" version="3.5.0.v20090620043401" download-size="4356" install-size="4356" />
	<plugin fragment="true" id="org.eclipse.birt.report.model.nl_zh_TW" unpack="false" version="3.5.0.v20090620043401" download-size="34768" install-size="34768" />
	<plugin fragment="true" id="org.eclipse.birt.report.model.tests.nl_zh_TW" unpack="false" version="3.5.0.v20090620043401" download-size="2658" install-size="2658" />
	<plugin fragment="true" id="org.eclipse.birt.report.runtime.nl_zh_TW" unpack="false" version="3.5.0.v20090620043401" download-size="1538" install-size="1538" />
	<plugin fragment="true" id="org.eclipse.birt.report.viewer.nl_zh_TW" unpack="false" version="3.5.0.v20090620043401" download-size="3660" install-size="3660" />
	<plugin fragment="true" id="org.eclipse.birt.resources.nl_zh_TW" unpack="false" version="3.5.0.v20090620043401" download-size="1458" install-size="1458" />
	<plugin fragment="true" id="org.eclipse.birt.sdk.nl_zh_TW" unpack="false" version="3.5.0.v20090620043401" download-size="1539" install-size="1539" />
	<plugin fragment="true" id="org.eclipse.birt.tests.data.nl_zh_TW" unpack="false" version="3.5.0.v20090620043401" download-size="1419" install-size="1419" />
</feature>