<?xml version="1.0" encoding="UTF-8" ?>
<feature
	id="org.eclipse.babel.nls_rt.rap_en_AA"
	label="Babel Language Pack for rt.rap in Pseudo Translations (100%)"
	image="eclipse_update_120.jpg"
	provider-name="%providerName"
	version="3.5.0.v20090620043401">
	<copyright>
		%copyright
	</copyright>
	<license url="%licenseURL">
		%license
	</license>
	<description>Babel Language Pack for rt.rap in Pseudo Translations</description>
	<plugin fragment="true" id="org.eclipse.rap.design.example.nl_en_AA" unpack="false" version="3.5.0.v20090620043401" download-size="1443" install-size="1443" />
	<plugin fragment="true" id="org.eclipse.rap.jface.databinding.nl_en_AA" unpack="false" version="3.5.0.v20090620043401" download-size="1448" install-size="1448" />
	<plugin fragment="true" id="org.eclipse.rap.jface.nl_en_AA" unpack="false" version="3.5.0.v20090620043401" download-size="11571" install-size="11571" />
	<plugin fragment="true" id="org.eclipse.rap.rwt.nl_en_AA" unpack="false" version="3.5.0.v20090620043401" download-size="4772" install-size="4772" />
	<plugin fragment="true" id="org.eclipse.rap.rwt.test.nl_en_AA" unpack="false" version="3.5.0.v20090620043401" download-size="5043" install-size="5043" />
	<plugin fragment="true" id="org.eclipse.rap.ui.forms.nl_en_AA" unpack="false" version="3.5.0.v20090620043401" download-size="2468" install-size="2468" />
	<plugin fragment="true" id="org.eclipse.rap.ui.help.nl_en_AA" unpack="false" version="3.5.0.v20090620043401" download-size="1428" install-size="1428" />
	<plugin fragment="true" id="org.eclipse.rap.ui.intro.nl_en_AA" unpack="false" version="3.5.0.v20090620043401" download-size="3316" install-size="3316" />
	<plugin fragment="true" id="org.eclipse.rap.ui.launch.nl_en_AA" unpack="false" version="3.5.0.v20090620043401" download-size="3983" install-size="3983" />
	<plugin fragment="true" id="org.eclipse.rap.ui.nl_en_AA" unpack="false" version="3.5.0.v20090620043401" download-size="6018" install-size="6018" />
	<plugin fragment="true" id="org.eclipse.rap.ui.templates.nl_en_AA" unpack="false" version="3.5.0.v20090620043401" download-size="3526" install-size="3526" />
	<plugin fragment="true" id="org.eclipse.rap.ui.views.nl_en_AA" unpack="false" version="3.5.0.v20090620043401" download-size="3212" install-size="3212" />
	<plugin fragment="true" id="org.eclipse.rap.ui.workbench.nl_en_AA" unpack="false" version="3.5.0.v20090620043401" download-size="28165" install-size="28165" />
</feature>