<?xml version="1.0" encoding="UTF-8" ?>
<feature
	id="org.eclipse.babel.nls_webtools.jsf_ar"
	label="Babel Language Pack for webtools.jsf in Arabic (29.98%)"
	image="eclipse_update_120.jpg"
	provider-name="%providerName"
	version="3.5.0.v20090620043401">
	<copyright>
		%copyright
	</copyright>
	<license url="%licenseURL">
		%license
	</license>
	<description>Babel Language Pack for webtools.jsf in Arabic</description>
	<plugin fragment="true" id="org.eclipse.jst.jsf.apache.trinidad.tagsupport.nl_ar" unpack="false" version="3.5.0.v20090620043401" download-size="3072" install-size="3072" />
	<plugin fragment="true" id="org.eclipse.jst.jsf.common.nl_ar" unpack="false" version="3.5.0.v20090620043401" download-size="2780" install-size="2780" />
	<plugin fragment="true" id="org.eclipse.jst.jsf.common.runtime.nl_ar" unpack="false" version="3.5.0.v20090620043401" download-size="1377" install-size="1377" />
	<plugin fragment="true" id="org.eclipse.jst.jsf.common.ui.nl_ar" unpack="false" version="3.5.0.v20090620043401" download-size="5118" install-size="5118" />
	<plugin fragment="true" id="org.eclipse.jst.jsf.core.nl_ar" unpack="false" version="3.5.0.v20090620043401" download-size="6538" install-size="6538" />
	<plugin fragment="true" id="org.eclipse.jst.jsf.facesconfig.nl_ar" unpack="false" version="3.5.0.v20090620043401" download-size="5557" install-size="5557" />
	<plugin fragment="true" id="org.eclipse.jst.jsf.facesconfig.ui.nl_ar" unpack="false" version="3.5.0.v20090620043401" download-size="7422" install-size="7422" />
	<plugin fragment="true" id="org.eclipse.jst.jsf.standard.tagsupport.nl_ar" unpack="false" version="3.5.0.v20090620043401" download-size="2918" install-size="2918" />
	<plugin fragment="true" id="org.eclipse.jst.jsf.ui.nl_ar" unpack="false" version="3.5.0.v20090620043401" download-size="4570" install-size="4570" />
	<plugin fragment="true" id="org.eclipse.jst.pagedesigner.jsf.ui.nl_ar" unpack="false" version="3.5.0.v20090620043401" download-size="5141" install-size="5141" />
	<plugin fragment="true" id="org.eclipse.jst.pagedesigner.jsp.core.nl_ar" unpack="false" version="3.5.0.v20090620043401" download-size="1376" install-size="1376" />
	<plugin fragment="true" id="org.eclipse.jst.pagedesigner.nl_ar" unpack="false" version="3.5.0.v20090620043401" download-size="10937" install-size="10937" />
</feature>