<?xml version="1.0" encoding="UTF-8" ?>
<feature
	id="org.eclipse.babel.nls_tools.orbit_cs"
	label="Babel Language Pack for tools.orbit in Czech (4.59%)"
	image="eclipse_update_120.jpg"
	provider-name="%providerName"
	version="3.5.0.v20090620043401">
	<copyright>
		%copyright
	</copyright>
	<license url="%licenseURL">
		%license
	</license>
	<description>Babel Language Pack for tools.orbit in Czech</description>
	<plugin fragment="true" id="com.sun.syndication.nl_cs" unpack="false" version="3.5.0.v20090620043401" download-size="1366" install-size="1366" />
	<plugin fragment="true" id="com.sun.xml.bind.nl_cs" unpack="false" version="3.5.0.v20090620043401" download-size="1367" install-size="1367" />
	<plugin fragment="true" id="commonj.sdo.nl_cs" unpack="false" version="3.5.0.v20090620043401" download-size="1360" install-size="1360" />
	<plugin fragment="true" id="edu.emory.mathcs.backport.nl_cs" unpack="false" version="3.5.0.v20090620043401" download-size="1372" install-size="1372" />
	<plugin fragment="true" id="javax.activation.nl_cs" unpack="false" version="3.5.0.v20090620043401" download-size="1367" install-size="1367" />
	<plugin fragment="true" id="javax.jws.nl_cs" unpack="false" version="3.5.0.v20090620043401" download-size="1364" install-size="1364" />
	<plugin fragment="true" id="javax.mail.glassfish.nl_cs" unpack="false" version="3.5.0.v20090620043401" download-size="1372" install-size="1372" />
	<plugin fragment="true" id="javax.mail.nl_cs" unpack="false" version="3.5.0.v20090620043401" download-size="1363" install-size="1363" />
	<plugin fragment="true" id="javax.management.nl_cs" unpack="false" version="3.5.0.v20090620043401" download-size="1368" install-size="1368" />
	<plugin fragment="true" id="javax.management.remote.nl_cs" unpack="false" version="3.5.0.v20090620043401" download-size="1373" install-size="1373" />
	<plugin fragment="true" id="javax.persistence.nl_cs" unpack="false" version="3.5.0.v20090620043401" download-size="1367" install-size="1367" />
	<plugin fragment="true" id="javax.servlet.jsp.nl_cs" unpack="false" version="3.5.0.v20090620043401" download-size="1368" install-size="1368" />
	<plugin fragment="true" id="javax.servlet.nl_cs" unpack="false" version="3.5.0.v20090620043401" download-size="3010" install-size="3010" />
	<plugin fragment="true" id="javax.wsdl.nl_cs" unpack="false" version="3.5.0.v20090620043401" download-size="1364" install-size="1364" />
	<plugin fragment="true" id="javax.xml.bind.nl_cs" unpack="false" version="3.5.0.v20090620043401" download-size="1367" install-size="1367" />
	<plugin fragment="true" id="javax.xml.nl_cs" unpack="false" version="3.5.0.v20090620043401" download-size="1363" install-size="1363" />
	<plugin fragment="true" id="javax.xml.rpc.nl_cs" unpack="false" version="3.5.0.v20090620043401" download-size="1366" install-size="1366" />
	<plugin fragment="true" id="javax.xml.soap.nl_cs" unpack="false" version="3.5.0.v20090620043401" download-size="1367" install-size="1367" />
	<plugin fragment="true" id="net.sourceforge.lpg.lpgjavaruntime.nl_cs" unpack="false" version="3.5.0.v20090620043401" download-size="1376" install-size="1376" />
	<plugin fragment="true" id="net.sourceforge.mx4j.nl_cs" unpack="false" version="3.5.0.v20090620043401" download-size="1371" install-size="1371" />
	<plugin fragment="true" id="net.sourceforge.mx4j.remote.nl_cs" unpack="false" version="3.5.0.v20090620043401" download-size="1376" install-size="1376" />
	<plugin fragment="true" id="org.apache.axis.nl_cs" unpack="false" version="3.5.0.v20090620043401" download-size="2693" install-size="2693" />
	<plugin fragment="true" id="org.apache.batik.bridge.nl_cs" unpack="false" version="3.5.0.v20090620043401" download-size="1370" install-size="1370" />
	<plugin fragment="true" id="org.apache.batik.css.nl_cs" unpack="false" version="3.5.0.v20090620043401" download-size="1367" install-size="1367" />
	<plugin fragment="true" id="org.apache.batik.dom.nl_cs" unpack="false" version="3.5.0.v20090620043401" download-size="1367" install-size="1367" />
	<plugin fragment="true" id="org.apache.batik.dom.svg.nl_cs" unpack="false" version="3.5.0.v20090620043401" download-size="1370" install-size="1370" />
	<plugin fragment="true" id="org.apache.batik.ext.awt.nl_cs" unpack="false" version="3.5.0.v20090620043401" download-size="2787" install-size="2787" />
	<plugin fragment="true" id="org.apache.batik.extension.nl_cs" unpack="false" version="3.5.0.v20090620043401" download-size="1371" install-size="1371" />
	<plugin fragment="true" id="org.apache.batik.parser.nl_cs" unpack="false" version="3.5.0.v20090620043401" download-size="1369" install-size="1369" />
	<plugin fragment="true" id="org.apache.batik.pdf.nl_cs" unpack="false" version="3.5.0.v20090620043401" download-size="1368" install-size="1368" />
	<plugin fragment="true" id="org.apache.batik.svggen.nl_cs" unpack="false" version="3.5.0.v20090620043401" download-size="1369" install-size="1369" />
	<plugin fragment="true" id="org.apache.batik.swing.nl_cs" unpack="false" version="3.5.0.v20090620043401" download-size="1370" install-size="1370" />
	<plugin fragment="true" id="org.apache.batik.transcoder.nl_cs" unpack="false" version="3.5.0.v20090620043401" download-size="1372" install-size="1372" />
	<plugin fragment="true" id="org.apache.batik.util.gui.nl_cs" unpack="false" version="3.5.0.v20090620043401" download-size="7477" install-size="7477" />
	<plugin fragment="true" id="org.apache.batik.util.nl_cs" unpack="false" version="3.5.0.v20090620043401" download-size="1368" install-size="1368" />
	<plugin fragment="true" id="org.apache.batik.xml.nl_cs" unpack="false" version="3.5.0.v20090620043401" download-size="1367" install-size="1367" />
	<plugin fragment="true" id="org.apache.bcel.nl_cs" unpack="false" version="3.5.0.v20090620043401" download-size="1362" install-size="1362" />
	<plugin fragment="true" id="org.apache.bsf.nl_cs" unpack="false" version="3.5.0.v20090620043401" download-size="1362" install-size="1362" />
	<plugin fragment="true" id="org.apache.commons.beanutils.nl_cs" unpack="false" version="3.5.0.v20090620043401" download-size="1372" install-size="1372" />
	<plugin fragment="true" id="org.apache.commons.collections.nl_cs" unpack="false" version="3.5.0.v20090620043401" download-size="1373" install-size="1373" />
	<plugin fragment="true" id="org.apache.commons.discovery.nl_cs" unpack="false" version="3.5.0.v20090620043401" download-size="1376" install-size="1376" />
	<plugin fragment="true" id="org.apache.commons.el.nl_cs" unpack="false" version="3.5.0.v20090620043401" download-size="1368" install-size="1368" />
	<plugin fragment="true" id="org.apache.commons.lang.nl_cs" unpack="false" version="3.5.0.v20090620043401" download-size="1369" install-size="1369" />
	<plugin fragment="true" id="org.apache.commons.logging.nl_cs" unpack="false" version="3.5.0.v20090620043401" download-size="1372" install-size="1372" />
	<plugin fragment="true" id="org.apache.commons.net.nl_cs" unpack="false" version="3.5.0.v20090620043401" download-size="1368" install-size="1368" />
	<plugin fragment="true" id="org.apache.derby.nl_cs" unpack="false" version="3.5.0.v20090620043401" download-size="19231" install-size="19231" />
	<plugin fragment="true" id="org.apache.httpcomponents.httpcore.nio.nl_cs" unpack="false" version="3.5.0.v20090620043401" download-size="1376" install-size="1376" />
	<plugin fragment="true" id="org.apache.httpcomponents.httpcore.nl_cs" unpack="false" version="3.5.0.v20090620043401" download-size="1374" install-size="1374" />
	<plugin fragment="true" id="org.apache.jasper.nl_cs" unpack="false" version="3.5.0.v20090620043401" download-size="13295" install-size="13295" />
	<plugin fragment="true" id="org.apache.log4j.nl_cs" unpack="false" version="3.5.0.v20090620043401" download-size="1368" install-size="1368" />
	<plugin fragment="true" id="org.apache.oro.nl_cs" unpack="false" version="3.5.0.v20090620043401" download-size="1362" install-size="1362" />
	<plugin fragment="true" id="org.apache.solr.client.solrj.embedded.nl_cs" unpack="false" version="3.5.0.v20090620043401" download-size="1376" install-size="1376" />
	<plugin fragment="true" id="org.apache.solr.client.solrj.nl_cs" unpack="false" version="3.5.0.v20090620043401" download-size="1371" install-size="1371" />
	<plugin fragment="true" id="org.apache.velocity.nl_cs" unpack="false" version="3.5.0.v20090620043401" download-size="1370" install-size="1370" />
	<plugin fragment="true" id="org.apache.ws.commons.schema.nl_cs" unpack="false" version="3.5.0.v20090620043401" download-size="1376" install-size="1376" />
	<plugin fragment="true" id="org.apache.wsil4j.nl_cs" unpack="false" version="3.5.0.v20090620043401" download-size="1370" install-size="1370" />
	<plugin fragment="true" id="org.apache.xalan.nl_cs" unpack="false" version="3.5.0.v20090620043401" download-size="2606" install-size="2606" />
	<plugin fragment="true" id="org.apache.xerces.nl_cs" unpack="false" version="3.5.0.v20090620043401" download-size="2408" install-size="2408" />
	<plugin fragment="true" id="org.apache.xml.resolver.nl_cs" unpack="false" version="3.5.0.v20090620043401" download-size="1373" install-size="1373" />
	<plugin fragment="true" id="org.apache.xml.security.nl_cs" unpack="false" version="3.5.0.v20090620043401" download-size="1859" install-size="1859" />
	<plugin fragment="true" id="org.apache.xml.serializer.nl_cs" unpack="false" version="3.5.0.v20090620043401" download-size="2408" install-size="2408" />
	<plugin fragment="true" id="org.eclipse.orbit.nl_cs" unpack="false" version="3.5.0.v20090620043401" download-size="1361" install-size="1361" />
	<plugin fragment="true" id="org.hamcrest.core.nl_cs" unpack="false" version="3.5.0.v20090620043401" download-size="1364" install-size="1364" />
	<plugin fragment="true" id="org.hamcrest.generator.nl_cs" unpack="false" version="3.5.0.v20090620043401" download-size="1368" install-size="1368" />
	<plugin fragment="true" id="org.hamcrest.integration.nl_cs" unpack="false" version="3.5.0.v20090620043401" download-size="1369" install-size="1369" />
	<plugin fragment="true" id="org.hamcrest.library.nl_cs" unpack="false" version="3.5.0.v20090620043401" download-size="1367" install-size="1367" />
	<plugin fragment="true" id="org.hamcrest.nl_cs" unpack="false" version="3.5.0.v20090620043401" download-size="1361" install-size="1361" />
	<plugin fragment="true" id="org.hamcrest.text.nl_cs" unpack="false" version="3.5.0.v20090620043401" download-size="1365" install-size="1365" />
	<plugin fragment="true" id="org.jdom.nl_cs" unpack="false" version="3.5.0.v20090620043401" download-size="1358" install-size="1358" />
	<plugin fragment="true" id="org.mortbay.jetty.nl_cs" unpack="false" version="3.5.0.v20090620043401" download-size="2663" install-size="2663" />
	<plugin fragment="true" id="org.mortbay.jetty.server.nl_cs" unpack="false" version="3.5.0.v20090620043401" download-size="1838" install-size="1838" />
	<plugin fragment="true" id="org.mortbay.jetty.util.nl_cs" unpack="false" version="3.5.0.v20090620043401" download-size="1370" install-size="1370" />
	<plugin fragment="true" id="org.mozilla.javascript.nl_cs" unpack="false" version="3.5.0.v20090620043401" download-size="1373" install-size="1373" />
	<plugin fragment="true" id="org.objectweb.asm.nl_cs" unpack="false" version="3.5.0.v20090620043401" download-size="4620" install-size="4620" />
	<plugin fragment="true" id="org.opensaml.nl_cs" unpack="false" version="3.5.0.v20090620043401" download-size="1393" install-size="1393" />
	<plugin fragment="true" id="org.slf4j.api.nl_cs" unpack="false" version="3.5.0.v20090620043401" download-size="1365" install-size="1365" />
	<plugin fragment="true" id="org.uddi4j.nl_cs" unpack="false" version="3.5.0.v20090620043401" download-size="1364" install-size="1364" />
	<plugin fragment="true" id="org.w3c.css.sac.nl_cs" unpack="false" version="3.5.0.v20090620043401" download-size="1362" install-size="1362" />
	<plugin fragment="true" id="org.w3c.dom.events.nl_cs" unpack="false" version="3.5.0.v20090620043401" download-size="1364" install-size="1364" />
	<plugin fragment="true" id="org.w3c.dom.smil.nl_cs" unpack="false" version="3.5.0.v20090620043401" download-size="1363" install-size="1363" />
	<plugin fragment="true" id="org.w3c.dom.svg.nl_cs" unpack="false" version="3.5.0.v20090620043401" download-size="1362" install-size="1362" />
</feature>