<?xml version="1.0" encoding="UTF-8" ?>
<feature
	id="org.eclipse.babel.nls_dsdp.mtj_fi"
	label="Babel Language Pack for dsdp.mtj in Finnish (5.86%)"
	image="eclipse_update_120.jpg"
	provider-name="%providerName"
	version="3.5.0.v20090620043401">
	<copyright>
		%copyright
	</copyright>
	<license url="%licenseURL">
		%license
	</license>
	<description>Babel Language Pack for dsdp.mtj in Finnish</description>
	<plugin fragment="true" id="org.eclipse.mtj.core.nl_fi" unpack="false" version="3.5.0.v20090620043401" download-size="2193" install-size="2193" />
	<plugin fragment="true" id="org.eclipse.mtj.eswt.templates.nl_fi" unpack="false" version="3.5.0.v20090620043401" download-size="2170" install-size="2170" />
	<plugin fragment="true" id="org.eclipse.mtj.jmunit.nl_fi" unpack="false" version="3.5.0.v20090620043401" download-size="2256" install-size="2256" />
	<plugin fragment="true" id="org.eclipse.mtj.pulsar.ui.nl_fi" unpack="false" version="3.5.0.v20090620043401" download-size="2384" install-size="2384" />
	<plugin fragment="true" id="org.eclipse.mtj.ui.nl_fi" unpack="false" version="3.5.0.v20090620043401" download-size="4969" install-size="4969" />
</feature>