<?xml version="1.0" encoding="UTF-8" ?>
<feature
	id="org.eclipse.babel.nls_modeling.emf_nl"
	label="Babel Language Pack for modeling.emf in Dutch (68.87%)"
	image="eclipse_update_120.jpg"
	provider-name="%providerName"
	version="3.5.0.v20090620043401">
	<copyright>
		%copyright
	</copyright>
	<license url="%licenseURL">
		%license
	</license>
	<description>Babel Language Pack for modeling.emf in Dutch</description>
	<plugin fragment="true" id="library.ecore.nl_nl" unpack="false" version="3.5.0.v20090620043401" download-size="1365" install-size="1365" />
	<plugin fragment="true" id="library.java.nl_nl" unpack="false" version="3.5.0.v20090620043401" download-size="1365" install-size="1365" />
	<plugin fragment="true" id="library.rose.nl_nl" unpack="false" version="3.5.0.v20090620043401" download-size="1365" install-size="1365" />
	<plugin fragment="true" id="library.xsd.nl_nl" unpack="false" version="3.5.0.v20090620043401" download-size="1364" install-size="1364" />
	<plugin fragment="true" id="library.xsds.nl_nl" unpack="false" version="3.5.0.v20090620043401" download-size="1365" install-size="1365" />
	<plugin fragment="true" id="org.eclipse.emf.activities.nl_nl" unpack="false" version="3.5.0.v20090620043401" download-size="1396" install-size="1396" />
	<plugin fragment="true" id="org.eclipse.emf.ant.nl_nl" unpack="false" version="3.5.0.v20090620043401" download-size="1384" install-size="1384" />
	<plugin fragment="true" id="org.eclipse.emf.cdo.common.nl_nl" unpack="false" version="3.5.0.v20090620043401" download-size="1368" install-size="1368" />
	<plugin fragment="true" id="org.eclipse.emf.cdo.defs.nl_nl" unpack="false" version="3.5.0.v20090620043401" download-size="1367" install-size="1367" />
	<plugin fragment="true" id="org.eclipse.emf.cdo.doc.nl_nl" unpack="false" version="3.5.0.v20090620043401" download-size="1366" install-size="1366" />
	<plugin fragment="true" id="org.eclipse.emf.cdo.edit.nl_nl" unpack="false" version="3.5.0.v20090620043401" download-size="3544" install-size="3544" />
	<plugin fragment="true" id="org.eclipse.emf.cdo.examples.nl_nl" unpack="false" version="3.5.0.v20090620043401" download-size="1370" install-size="1370" />
	<plugin fragment="true" id="org.eclipse.emf.cdo.examples.spring.nl_nl" unpack="false" version="3.5.0.v20090620043401" download-size="1374" install-size="1374" />
	<plugin fragment="true" id="org.eclipse.emf.cdo.migrator.nl_nl" unpack="false" version="3.5.0.v20090620043401" download-size="2605" install-size="2605" />
	<plugin fragment="true" id="org.eclipse.emf.cdo.nl_nl" unpack="false" version="3.5.0.v20090620043401" download-size="2900" install-size="2900" />
	<plugin fragment="true" id="org.eclipse.emf.cdo.server.db.nl_nl" unpack="false" version="3.5.0.v20090620043401" download-size="1370" install-size="1370" />
	<plugin fragment="true" id="org.eclipse.emf.cdo.server.hibernate.id.nl_nl" unpack="false" version="3.5.0.v20090620043401" download-size="1376" install-size="1376" />
	<plugin fragment="true" id="org.eclipse.emf.cdo.server.hibernate.nl_nl" unpack="false" version="3.5.0.v20090620043401" download-size="1687" install-size="1687" />
	<plugin fragment="true" id="org.eclipse.emf.cdo.server.hibernate.teneo.nl_nl" unpack="false" version="3.5.0.v20090620043401" download-size="1377" install-size="1377" />
	<plugin fragment="true" id="org.eclipse.emf.cdo.server.nl_nl" unpack="false" version="3.5.0.v20090620043401" download-size="1368" install-size="1368" />
	<plugin fragment="true" id="org.eclipse.emf.cdo.tests.db.nl_nl" unpack="false" version="3.5.0.v20090620043401" download-size="1369" install-size="1369" />
	<plugin fragment="true" id="org.eclipse.emf.cdo.tests.hibernate.client.nl_nl" unpack="false" version="3.5.0.v20090620043401" download-size="1377" install-size="1377" />
	<plugin fragment="true" id="org.eclipse.emf.cdo.tests.hibernate.nl_nl" unpack="false" version="3.5.0.v20090620043401" download-size="1916" install-size="1916" />
	<plugin fragment="true" id="org.eclipse.emf.cdo.tests.mango.edit.nl_nl" unpack="false" version="3.5.0.v20090620043401" download-size="1651" install-size="1651" />
	<plugin fragment="true" id="org.eclipse.emf.cdo.tests.mango.nl_nl" unpack="false" version="3.5.0.v20090620043401" download-size="1371" install-size="1371" />
	<plugin fragment="true" id="org.eclipse.emf.cdo.tests.model1.edit.nl_nl" unpack="false" version="3.5.0.v20090620043401" download-size="1734" install-size="1734" />
	<plugin fragment="true" id="org.eclipse.emf.cdo.tests.model1.nl_nl" unpack="false" version="3.5.0.v20090620043401" download-size="1372" install-size="1372" />
	<plugin fragment="true" id="org.eclipse.emf.cdo.tests.model2.edit.nl_nl" unpack="false" version="3.5.0.v20090620043401" download-size="1654" install-size="1654" />
	<plugin fragment="true" id="org.eclipse.emf.cdo.tests.model2.nl_nl" unpack="false" version="3.5.0.v20090620043401" download-size="1372" install-size="1372" />
	<plugin fragment="true" id="org.eclipse.emf.cdo.tests.model3.edit.nl_nl" unpack="false" version="3.5.0.v20090620043401" download-size="1603" install-size="1603" />
	<plugin fragment="true" id="org.eclipse.emf.cdo.tests.model3.nl_nl" unpack="false" version="3.5.0.v20090620043401" download-size="1372" install-size="1372" />
	<plugin fragment="true" id="org.eclipse.emf.cdo.tests.model4.nl_nl" unpack="false" version="3.5.0.v20090620043401" download-size="1372" install-size="1372" />
	<plugin fragment="true" id="org.eclipse.emf.cdo.tests.model4interfaces.nl_nl" unpack="false" version="3.5.0.v20090620043401" download-size="1377" install-size="1377" />
	<plugin fragment="true" id="org.eclipse.emf.cdo.tests.model5.nl_nl" unpack="false" version="3.5.0.v20090620043401" download-size="1372" install-size="1372" />
	<plugin fragment="true" id="org.eclipse.emf.cdo.tests.nl_nl" unpack="false" version="3.5.0.v20090620043401" download-size="1367" install-size="1367" />
	<plugin fragment="true" id="org.eclipse.emf.cdo.ui.capabilities.nl_nl" unpack="false" version="3.5.0.v20090620043401" download-size="1373" install-size="1373" />
	<plugin fragment="true" id="org.eclipse.emf.cdo.ui.defs.nl_nl" unpack="false" version="3.5.0.v20090620043401" download-size="1369" install-size="1369" />
	<plugin fragment="true" id="org.eclipse.emf.cdo.ui.nl_nl" unpack="false" version="3.5.0.v20090620043401" download-size="4263" install-size="4263" />
	<plugin fragment="true" id="org.eclipse.emf.cheatsheets.nl_nl" unpack="false" version="3.5.0.v20090620043401" download-size="1369" install-size="1369" />
	<plugin fragment="true" id="org.eclipse.emf.codegen.ecore.nl_nl" unpack="false" version="3.5.0.v20090620043401" download-size="3039" install-size="3039" />
	<plugin fragment="true" id="org.eclipse.emf.codegen.ecore.ui.nl_nl" unpack="false" version="3.5.0.v20090620043401" download-size="6608" install-size="6608" />
	<plugin fragment="true" id="org.eclipse.emf.codegen.nl_nl" unpack="false" version="3.5.0.v20090620043401" download-size="2522" install-size="2522" />
	<plugin fragment="true" id="org.eclipse.emf.codegen.ui.nl_nl" unpack="false" version="3.5.0.v20090620043401" download-size="2016" install-size="2016" />
	<plugin fragment="true" id="org.eclipse.emf.common.nl_nl" unpack="false" version="3.5.0.v20090620043401" download-size="1985" install-size="1985" />
	<plugin fragment="true" id="org.eclipse.emf.common.ui.nl_nl" unpack="false" version="3.5.0.v20090620043401" download-size="2416" install-size="2416" />
	<plugin fragment="true" id="org.eclipse.emf.converter.nl_nl" unpack="false" version="3.5.0.v20090620043401" download-size="2293" install-size="2293" />
	<plugin fragment="true" id="org.eclipse.emf.databinding.edit.nl_nl" unpack="false" version="3.5.0.v20090620043401" download-size="1371" install-size="1371" />
	<plugin fragment="true" id="org.eclipse.emf.databinding.nl_nl" unpack="false" version="3.5.0.v20090620043401" download-size="1370" install-size="1370" />
	<plugin fragment="true" id="org.eclipse.emf.doc.nl_nl" unpack="false" version="3.5.0.v20090620043401" download-size="1642" install-size="1642" />
	<plugin fragment="true" id="org.eclipse.emf.ecore.change.edit.nl_nl" unpack="false" version="3.5.0.v20090620043401" download-size="1858" install-size="1858" />
	<plugin fragment="true" id="org.eclipse.emf.ecore.change.nl_nl" unpack="false" version="3.5.0.v20090620043401" download-size="1393" install-size="1393" />
	<plugin fragment="true" id="org.eclipse.emf.ecore.edit.nl_nl" unpack="false" version="3.5.0.v20090620043401" download-size="2788" install-size="2788" />
	<plugin fragment="true" id="org.eclipse.emf.ecore.editor.nl_nl" unpack="false" version="3.5.0.v20090620043401" download-size="2516" install-size="2516" />
	<plugin fragment="true" id="org.eclipse.emf.ecore.nl_nl" unpack="false" version="3.5.0.v20090620043401" download-size="2872" install-size="2872" />
	<plugin fragment="true" id="org.eclipse.emf.ecore.xmi.nl_nl" unpack="false" version="3.5.0.v20090620043401" download-size="1385" install-size="1385" />
	<plugin fragment="true" id="org.eclipse.emf.edit.nl_nl" unpack="false" version="3.5.0.v20090620043401" download-size="2408" install-size="2408" />
	<plugin fragment="true" id="org.eclipse.emf.edit.ui.nl_nl" unpack="false" version="3.5.0.v20090620043401" download-size="2477" install-size="2477" />
	<plugin fragment="true" id="org.eclipse.emf.example.installer.nl_nl" unpack="false" version="3.5.0.v20090620043401" download-size="1410" install-size="1410" />
	<plugin fragment="true" id="org.eclipse.emf.examples.databinding.project.core.model.nl_nl" unpack="false" version="3.5.0.v20090620043401" download-size="1396" install-size="1396" />
	<plugin fragment="true" id="org.eclipse.emf.examples.generator.validator.nl_nl" unpack="false" version="3.5.0.v20090620043401" download-size="1379" install-size="1379" />
	<plugin fragment="true" id="org.eclipse.emf.examples.jet.article2.nl_nl" unpack="false" version="3.5.0.v20090620043401" download-size="1552" install-size="1552" />
	<plugin fragment="true" id="org.eclipse.emf.examples.nl_nl" unpack="false" version="3.5.0.v20090620043401" download-size="1367" install-size="1367" />
	<plugin fragment="true" id="org.eclipse.emf.exporter.html.nl_nl" unpack="false" version="3.5.0.v20090620043401" download-size="1415" install-size="1415" />
	<plugin fragment="true" id="org.eclipse.emf.exporter.nl_nl" unpack="false" version="3.5.0.v20090620043401" download-size="1396" install-size="1396" />
	<plugin fragment="true" id="org.eclipse.emf.importer.ecore.nl_nl" unpack="false" version="3.5.0.v20090620043401" download-size="1663" install-size="1663" />
	<plugin fragment="true" id="org.eclipse.emf.importer.java.nl_nl" unpack="false" version="3.5.0.v20090620043401" download-size="1804" install-size="1804" />
	<plugin fragment="true" id="org.eclipse.emf.importer.nl_nl" unpack="false" version="3.5.0.v20090620043401" download-size="2294" install-size="2294" />
	<plugin fragment="true" id="org.eclipse.emf.importer.rose.nl_nl" unpack="false" version="3.5.0.v20090620043401" download-size="3105" install-size="3105" />
	<plugin fragment="true" id="org.eclipse.emf.java.edit.nl_nl" unpack="false" version="3.5.0.v20090620043401" download-size="2058" install-size="2058" />
	<plugin fragment="true" id="org.eclipse.emf.java.editor.nl_nl" unpack="false" version="3.5.0.v20090620043401" download-size="1955" install-size="1955" />
	<plugin fragment="true" id="org.eclipse.emf.java.nl_nl" unpack="false" version="3.5.0.v20090620043401" download-size="1365" install-size="1365" />
	<plugin fragment="true" id="org.eclipse.emf.mapping.ecore.editor.nl_nl" unpack="false" version="3.5.0.v20090620043401" download-size="1374" install-size="1374" />
	<plugin fragment="true" id="org.eclipse.emf.mapping.ecore.nl_nl" unpack="false" version="3.5.0.v20090620043401" download-size="1369" install-size="1369" />
	<plugin fragment="true" id="org.eclipse.emf.mapping.ecore2ecore.editor.nl_nl" unpack="false" version="3.5.0.v20090620043401" download-size="2445" install-size="2445" />
	<plugin fragment="true" id="org.eclipse.emf.mapping.ecore2ecore.nl_nl" unpack="false" version="3.5.0.v20090620043401" download-size="1505" install-size="1505" />
	<plugin fragment="true" id="org.eclipse.emf.mapping.ecore2xml.nl_nl" unpack="false" version="3.5.0.v20090620043401" download-size="1395" install-size="1395" />
	<plugin fragment="true" id="org.eclipse.emf.mapping.ecore2xml.ui.nl_nl" unpack="false" version="3.5.0.v20090620043401" download-size="2490" install-size="2490" />
	<plugin fragment="true" id="org.eclipse.emf.mapping.nl_nl" unpack="false" version="3.5.0.v20090620043401" download-size="2483" install-size="2483" />
	<plugin fragment="true" id="org.eclipse.emf.mapping.ui.nl_nl" unpack="false" version="3.5.0.v20090620043401" download-size="2265" install-size="2265" />
	<plugin fragment="true" id="org.eclipse.emf.mapping.xsd2ecore.editor.nl_nl" unpack="false" version="3.5.0.v20090620043401" download-size="2024" install-size="2024" />
	<plugin fragment="true" id="org.eclipse.emf.mapping.xsd2ecore.nl_nl" unpack="false" version="3.5.0.v20090620043401" download-size="1508" install-size="1508" />
	<plugin fragment="true" id="org.eclipse.emf.nl_nl" unpack="false" version="3.5.0.v20090620043401" download-size="1360" install-size="1360" />
	<plugin fragment="true" id="org.eclipse.emf.query.doc.nl_nl" unpack="false" version="3.5.0.v20090620043401" download-size="1659" install-size="1659" />
	<plugin fragment="true" id="org.eclipse.emf.query.examples.nl_nl" unpack="false" version="3.5.0.v20090620043401" download-size="1658" install-size="1658" />
	<plugin fragment="true" id="org.eclipse.emf.query.examples.ocl.nl_nl" unpack="false" version="3.5.0.v20090620043401" download-size="1378" install-size="1378" />
	<plugin fragment="true" id="org.eclipse.emf.query.examples.statements.nl_nl" unpack="false" version="3.5.0.v20090620043401" download-size="1382" install-size="1382" />
	<plugin fragment="true" id="org.eclipse.emf.query.nl_nl" unpack="false" version="3.5.0.v20090620043401" download-size="2669" install-size="2669" />
	<plugin fragment="true" id="org.eclipse.emf.query.ocl.nl_nl" unpack="false" version="3.5.0.v20090620043401" download-size="1652" install-size="1652" />
	<plugin fragment="true" id="org.eclipse.emf.query.ocl.tests.nl_nl" unpack="false" version="3.5.0.v20090620043401" download-size="1376" install-size="1376" />
	<plugin fragment="true" id="org.eclipse.emf.query.tests.nl_nl" unpack="false" version="3.5.0.v20090620043401" download-size="1374" install-size="1374" />
	<plugin fragment="true" id="org.eclipse.emf.test.build.nl_nl" unpack="false" version="3.5.0.v20090620043401" download-size="1369" install-size="1369" />
	<plugin fragment="true" id="org.eclipse.emf.test.common.nl_nl" unpack="false" version="3.5.0.v20090620043401" download-size="1783" install-size="1783" />
	<plugin fragment="true" id="org.eclipse.emf.test.core.nl_nl" unpack="false" version="3.5.0.v20090620043401" download-size="1367" install-size="1367" />
	<plugin fragment="true" id="org.eclipse.emf.test.edit.nl_nl" unpack="false" version="3.5.0.v20090620043401" download-size="2260" install-size="2260" />
	<plugin fragment="true" id="org.eclipse.emf.test.examples.nl_nl" unpack="false" version="3.5.0.v20090620043401" download-size="1370" install-size="1370" />
	<plugin fragment="true" id="org.eclipse.emf.test.tools.nl_nl" unpack="false" version="3.5.0.v20090620043401" download-size="1367" install-size="1367" />
	<plugin fragment="true" id="org.eclipse.emf.test.xml.nl_nl" unpack="false" version="3.5.0.v20090620043401" download-size="1367" install-size="1367" />
	<plugin fragment="true" id="org.eclipse.emf.tests.nl_nl" unpack="false" version="3.5.0.v20090620043401" download-size="1365" install-size="1365" />
	<plugin fragment="true" id="org.eclipse.emf.transaction.doc.nl_nl" unpack="false" version="3.5.0.v20090620043401" download-size="1669" install-size="1669" />
	<plugin fragment="true" id="org.eclipse.emf.transaction.examples.nl_nl" unpack="false" version="3.5.0.v20090620043401" download-size="1666" install-size="1666" />
	<plugin fragment="true" id="org.eclipse.emf.transaction.nl_nl" unpack="false" version="3.5.0.v20090620043401" download-size="3316" install-size="3316" />
	<plugin fragment="true" id="org.eclipse.emf.transaction.tests.nl_nl" unpack="false" version="3.5.0.v20090620043401" download-size="1377" install-size="1377" />
	<plugin fragment="true" id="org.eclipse.emf.transaction.ui.nl_nl" unpack="false" version="3.5.0.v20090620043401" download-size="2657" install-size="2657" />
	<plugin fragment="true" id="org.eclipse.emf.validation.doc.nl_nl" unpack="false" version="3.5.0.v20090620043401" download-size="1666" install-size="1666" />
	<plugin fragment="true" id="org.eclipse.emf.validation.examples.adapter.nl_nl" unpack="false" version="3.5.0.v20090620043401" download-size="1383" install-size="1383" />
	<plugin fragment="true" id="org.eclipse.emf.validation.examples.general.nl_nl" unpack="false" version="3.5.0.v20090620043401" download-size="3039" install-size="3039" />
	<plugin fragment="true" id="org.eclipse.emf.validation.examples.nl_nl" unpack="false" version="3.5.0.v20090620043401" download-size="1421" install-size="1421" />
	<plugin fragment="true" id="org.eclipse.emf.validation.examples.ocl.nl_nl" unpack="false" version="3.5.0.v20090620043401" download-size="1381" install-size="1381" />
	<plugin fragment="true" id="org.eclipse.emf.validation.nl_nl" unpack="false" version="3.5.0.v20090620043401" download-size="4524" install-size="4524" />
	<plugin fragment="true" id="org.eclipse.emf.validation.ocl.nl_nl" unpack="false" version="3.5.0.v20090620043401" download-size="1676" install-size="1676" />
	<plugin fragment="true" id="org.eclipse.emf.validation.tests.nl_nl" unpack="false" version="3.5.0.v20090620043401" download-size="1377" install-size="1377" />
	<plugin fragment="true" id="org.eclipse.emf.validation.ui.ide.nl_nl" unpack="false" version="3.5.0.v20090620043401" download-size="2834" install-size="2834" />
	<plugin fragment="true" id="org.eclipse.emf.validation.ui.nl_nl" unpack="false" version="3.5.0.v20090620043401" download-size="3354" install-size="3354" />
	<plugin fragment="true" id="org.eclipse.emf.workspace.doc.nl_nl" unpack="false" version="3.5.0.v20090620043401" download-size="1682" install-size="1682" />
	<plugin fragment="true" id="org.eclipse.emf.workspace.examples.library.editor.nl_nl" unpack="false" version="3.5.0.v20090620043401" download-size="2030" install-size="2030" />
	<plugin fragment="true" id="org.eclipse.emf.workspace.examples.nl_nl" unpack="false" version="3.5.0.v20090620043401" download-size="1380" install-size="1380" />
	<plugin fragment="true" id="org.eclipse.emf.workspace.nl_nl" unpack="false" version="3.5.0.v20090620043401" download-size="3178" install-size="3178" />
	<plugin fragment="true" id="org.eclipse.emf.workspace.tests.nl_nl" unpack="false" version="3.5.0.v20090620043401" download-size="1377" install-size="1377" />
	<plugin fragment="true" id="org.eclipse.emf.workspace.ui.nl_nl" unpack="false" version="3.5.0.v20090620043401" download-size="1416" install-size="1416" />
	<plugin fragment="true" id="org.eclipse.net4j.buddies.chat.nl_nl" unpack="false" version="3.5.0.v20090620043401" download-size="1371" install-size="1371" />
	<plugin fragment="true" id="org.eclipse.net4j.buddies.chat.ui.nl_nl" unpack="false" version="3.5.0.v20090620043401" download-size="1372" install-size="1372" />
	<plugin fragment="true" id="org.eclipse.net4j.buddies.common.nl_nl" unpack="false" version="3.5.0.v20090620043401" download-size="1372" install-size="1372" />
	<plugin fragment="true" id="org.eclipse.net4j.buddies.nl_nl" unpack="false" version="3.5.0.v20090620043401" download-size="1368" install-size="1368" />
	<plugin fragment="true" id="org.eclipse.net4j.buddies.server.nl_nl" unpack="false" version="3.5.0.v20090620043401" download-size="1372" install-size="1372" />
	<plugin fragment="true" id="org.eclipse.net4j.buddies.ui.nl_nl" unpack="false" version="3.5.0.v20090620043401" download-size="2675" install-size="2675" />
	<plugin fragment="true" id="org.eclipse.net4j.db.derby.nl_nl" unpack="false" version="3.5.0.v20090620043401" download-size="1369" install-size="1369" />
	<plugin fragment="true" id="org.eclipse.net4j.db.hsqldb.nl_nl" unpack="false" version="3.5.0.v20090620043401" download-size="1370" install-size="1370" />
	<plugin fragment="true" id="org.eclipse.net4j.db.mysql.nl_nl" unpack="false" version="3.5.0.v20090620043401" download-size="1369" install-size="1369" />
	<plugin fragment="true" id="org.eclipse.net4j.db.nl_nl" unpack="false" version="3.5.0.v20090620043401" download-size="1365" install-size="1365" />
	<plugin fragment="true" id="org.eclipse.net4j.db.postgresql.nl_nl" unpack="false" version="3.5.0.v20090620043401" download-size="1372" install-size="1372" />
	<plugin fragment="true" id="org.eclipse.net4j.debug.nl_nl" unpack="false" version="3.5.0.v20090620043401" download-size="2457" install-size="2457" />
	<plugin fragment="true" id="org.eclipse.net4j.defs.nl_nl" unpack="false" version="3.5.0.v20090620043401" download-size="1365" install-size="1365" />
	<plugin fragment="true" id="org.eclipse.net4j.doc.nl_nl" unpack="false" version="3.5.0.v20090620043401" download-size="1365" install-size="1365" />
	<plugin fragment="true" id="org.eclipse.net4j.examples.nl_nl" unpack="false" version="3.5.0.v20090620043401" download-size="1369" install-size="1369" />
	<plugin fragment="true" id="org.eclipse.net4j.http.common.nl_nl" unpack="false" version="3.5.0.v20090620043401" download-size="1370" install-size="1370" />
	<plugin fragment="true" id="org.eclipse.net4j.http.nl_nl" unpack="false" version="3.5.0.v20090620043401" download-size="1366" install-size="1366" />
	<plugin fragment="true" id="org.eclipse.net4j.http.server.nl_nl" unpack="false" version="3.5.0.v20090620043401" download-size="1370" install-size="1370" />
	<plugin fragment="true" id="org.eclipse.net4j.http.tests.nl_nl" unpack="false" version="3.5.0.v20090620043401" download-size="1369" install-size="1369" />
	<plugin fragment="true" id="org.eclipse.net4j.jms.admin.nl_nl" unpack="false" version="3.5.0.v20090620043401" download-size="1369" install-size="1369" />
	<plugin fragment="true" id="org.eclipse.net4j.jms.api.nl_nl" unpack="false" version="3.5.0.v20090620043401" download-size="1368" install-size="1368" />
	<plugin fragment="true" id="org.eclipse.net4j.jms.nl_nl" unpack="false" version="3.5.0.v20090620043401" download-size="1365" install-size="1365" />
	<plugin fragment="true" id="org.eclipse.net4j.jms.server.jdbc.nl_nl" unpack="false" version="3.5.0.v20090620043401" download-size="1373" install-size="1373" />
	<plugin fragment="true" id="org.eclipse.net4j.jms.server.nl_nl" unpack="false" version="3.5.0.v20090620043401" download-size="1369" install-size="1369" />
	<plugin fragment="true" id="org.eclipse.net4j.jms.tests.nl_nl" unpack="false" version="3.5.0.v20090620043401" download-size="1369" install-size="1369" />
	<plugin fragment="true" id="org.eclipse.net4j.jvm.nl_nl" unpack="false" version="3.5.0.v20090620043401" download-size="1365" install-size="1365" />
	<plugin fragment="true" id="org.eclipse.net4j.nl_nl" unpack="false" version="3.5.0.v20090620043401" download-size="1362" install-size="1362" />
	<plugin fragment="true" id="org.eclipse.net4j.tcp.nl_nl" unpack="false" version="3.5.0.v20090620043401" download-size="1365" install-size="1365" />
	<plugin fragment="true" id="org.eclipse.net4j.tests.nl_nl" unpack="false" version="3.5.0.v20090620043401" download-size="1365" install-size="1365" />
	<plugin fragment="true" id="org.eclipse.net4j.ui.capabilities.nl_nl" unpack="false" version="3.5.0.v20090620043401" download-size="1372" install-size="1372" />
	<plugin fragment="true" id="org.eclipse.net4j.ui.defs.nl_nl" unpack="false" version="3.5.0.v20090620043401" download-size="1367" install-size="1367" />
	<plugin fragment="true" id="org.eclipse.net4j.ui.nl_nl" unpack="false" version="3.5.0.v20090620043401" download-size="2395" install-size="2395" />
	<plugin fragment="true" id="org.eclipse.net4j.util.defs.nl_nl" unpack="false" version="3.5.0.v20090620043401" download-size="1369" install-size="1369" />
	<plugin fragment="true" id="org.eclipse.net4j.util.nl_nl" unpack="false" version="3.5.0.v20090620043401" download-size="1365" install-size="1365" />
	<plugin fragment="true" id="org.eclipse.net4j.util.ui.nl_nl" unpack="false" version="3.5.0.v20090620043401" download-size="7800" install-size="7800" />
	<plugin fragment="true" id="org.eclipse.xsd.cheatsheets.nl_nl" unpack="false" version="3.5.0.v20090620043401" download-size="1369" install-size="1369" />
	<plugin fragment="true" id="org.eclipse.xsd.doc.nl_nl" unpack="false" version="3.5.0.v20090620043401" download-size="1648" install-size="1648" />
	<plugin fragment="true" id="org.eclipse.xsd.ecore.converter.nl_nl" unpack="false" version="3.5.0.v20090620043401" download-size="1371" install-size="1371" />
	<plugin fragment="true" id="org.eclipse.xsd.ecore.exporter.nl_nl" unpack="false" version="3.5.0.v20090620043401" download-size="1545" install-size="1545" />
	<plugin fragment="true" id="org.eclipse.xsd.ecore.importer.nl_nl" unpack="false" version="3.5.0.v20090620043401" download-size="1711" install-size="1711" />
	<plugin fragment="true" id="org.eclipse.xsd.edit.nl_nl" unpack="false" version="3.5.0.v20090620043401" download-size="4864" install-size="4864" />
	<plugin fragment="true" id="org.eclipse.xsd.editor.nl_nl" unpack="false" version="3.5.0.v20090620043401" download-size="2213" install-size="2213" />
	<plugin fragment="true" id="org.eclipse.xsd.example.installer.nl_nl" unpack="false" version="3.5.0.v20090620043401" download-size="1372" install-size="1372" />
	<plugin fragment="true" id="org.eclipse.xsd.example.nl_nl" unpack="false" version="3.5.0.v20090620043401" download-size="1367" install-size="1367" />
	<plugin fragment="true" id="org.eclipse.xsd.mapping.editor.nl_nl" unpack="false" version="3.5.0.v20090620043401" download-size="1370" install-size="1370" />
	<plugin fragment="true" id="org.eclipse.xsd.mapping.nl_nl" unpack="false" version="3.5.0.v20090620043401" download-size="1367" install-size="1367" />
	<plugin fragment="true" id="org.eclipse.xsd.nl_nl" unpack="false" version="3.5.0.v20090620043401" download-size="1510" install-size="1510" />
</feature>