<?xml version="1.0" encoding="UTF-8" ?>
<feature
	id="org.eclipse.babel.nls_dsdp.mtj_mn"
	label="Babel Language Pack for dsdp.mtj in Mongolian (0.57%)"
	image="eclipse_update_120.jpg"
	provider-name="%providerName"
	version="3.5.0.v20090620043401">
	<copyright>
		%copyright
	</copyright>
	<license url="%licenseURL">
		%license
	</license>
	<description>Babel Language Pack for dsdp.mtj in Mongolian</description>
	<plugin fragment="true" id="org.eclipse.mtj.jmunit.nl_mn" unpack="false" version="3.5.0.v20090620043401" download-size="1368" install-size="1368" />
	<plugin fragment="true" id="org.eclipse.mtj.pulsar.ui.nl_mn" unpack="false" version="3.5.0.v20090620043401" download-size="2343" install-size="2343" />
	<plugin fragment="true" id="org.eclipse.mtj.ui.nl_mn" unpack="false" version="3.5.0.v20090620043401" download-size="2103" install-size="2103" />
</feature>