<?xml version="1.0" encoding="UTF-8" ?>
<feature
	id="org.eclipse.babel.nls_technology.packaging_zh"
	label="Babel Language Pack for technology.packaging in Chinese (Simplified) (11.11%)"
	image="eclipse_update_120.jpg"
	provider-name="%providerName"
	version="3.5.0.v20090620043401">
	<copyright>
		%copyright
	</copyright>
	<license url="%licenseURL">
		%license
	</license>
	<description>Babel Language Pack for technology.packaging in Chinese (Simplified)</description>
	<plugin fragment="true" id="org.eclipse.epp.usagedata.gathering.nl_zh" unpack="false" version="3.5.0.v20090620043401" download-size="1389" install-size="1389" />
	<plugin fragment="true" id="org.eclipse.epp.usagedata.recording.nl_zh" unpack="false" version="3.5.0.v20090620043401" download-size="1389" install-size="1389" />
	<plugin fragment="true" id="org.eclipse.epp.usagedata.ui.nl_zh" unpack="false" version="3.5.0.v20090620043401" download-size="3102" install-size="3102" />
</feature>