<?xml version="1.0" encoding="UTF-8" ?>
<feature
	id="org.eclipse.babel.nls_webtools.jeetools_pl"
	label="Babel Language Pack for webtools.jeetools in Polish (94.77%)"
	image="eclipse_update_120.jpg"
	provider-name="%providerName"
	version="3.5.0.v20090620043401">
	<copyright>
		%copyright
	</copyright>
	<license url="%licenseURL">
		%license
	</license>
	<description>Babel Language Pack for webtools.jeetools in Polish</description>
	<plugin fragment="true" id="org.eclipse.jem.beaninfo.nl_pl" unpack="false" version="3.5.0.v20090620043401" download-size="3197" install-size="3197" />
	<plugin fragment="true" id="org.eclipse.jem.beaninfo.vm.common.nl_pl" unpack="false" version="3.5.0.v20090620043401" download-size="1378" install-size="1378" />
	<plugin fragment="true" id="org.eclipse.jem.beaninfo.vm.nl_pl" unpack="false" version="3.5.0.v20090620043401" download-size="3087" install-size="3087" />
	<plugin fragment="true" id="org.eclipse.jem.nl_pl" unpack="false" version="3.5.0.v20090620043401" download-size="4041" install-size="4041" />
	<plugin fragment="true" id="org.eclipse.jem.proxy.nl_pl" unpack="false" version="3.5.0.v20090620043401" download-size="7570" install-size="7570" />
	<plugin fragment="true" id="org.eclipse.jem.tests.nl_pl" unpack="false" version="3.5.0.v20090620043401" download-size="1366" install-size="1366" />
	<plugin fragment="true" id="org.eclipse.jem.workbench.nl_pl" unpack="false" version="3.5.0.v20090620043401" download-size="2507" install-size="2507" />
	<plugin fragment="true" id="org.eclipse.jst.j2ee.core.nl_pl" unpack="false" version="3.5.0.v20090620043401" download-size="31800" install-size="31800" />
	<plugin fragment="true" id="org.eclipse.jst.j2ee.doc.user.nl_pl" unpack="false" version="3.5.0.v20090620043401" download-size="1408" install-size="1408" />
	<plugin fragment="true" id="org.eclipse.jst.j2ee.infopop.nl_pl" unpack="false" version="3.5.0.v20090620043401" download-size="1412" install-size="1412" />
	<plugin fragment="true" id="org.eclipse.jst.j2ee.jca.nl_pl" unpack="false" version="3.5.0.v20090620043401" download-size="2528" install-size="2528" />
	<plugin fragment="true" id="org.eclipse.jst.j2ee.jca.ui.nl_pl" unpack="false" version="3.5.0.v20090620043401" download-size="2109" install-size="2109" />
	<plugin fragment="true" id="org.eclipse.jst.j2ee.navigator.ui.nl_pl" unpack="false" version="3.5.0.v20090620043401" download-size="3583" install-size="3583" />
	<plugin fragment="true" id="org.eclipse.jst.j2ee.nl_pl" unpack="false" version="3.5.0.v20090620043401" download-size="28805" install-size="28805" />
	<plugin fragment="true" id="org.eclipse.jst.j2ee.ui.nl_pl" unpack="false" version="3.5.0.v20090620043401" download-size="16191" install-size="16191" />
	<plugin fragment="true" id="org.eclipse.jst.j2ee.web.nl_pl" unpack="false" version="3.5.0.v20090620043401" download-size="19929" install-size="19929" />
	<plugin fragment="true" id="org.eclipse.jst.j2ee.webservice.nl_pl" unpack="false" version="3.5.0.v20090620043401" download-size="2725" install-size="2725" />
	<plugin fragment="true" id="org.eclipse.jst.j2ee.webservice.ui.nl_pl" unpack="false" version="3.5.0.v20090620043401" download-size="2539" install-size="2539" />
	<plugin fragment="true" id="org.eclipse.jst.j2ee.xdoclet.runtime.nl_pl" unpack="false" version="3.5.0.v20090620043401" download-size="2411" install-size="2411" />
	<plugin fragment="true" id="org.eclipse.jst.jee.nl_pl" unpack="false" version="3.5.0.v20090620043401" download-size="1369" install-size="1369" />
	<plugin fragment="true" id="org.eclipse.jst.jee.ui.nl_pl" unpack="false" version="3.5.0.v20090620043401" download-size="2659" install-size="2659" />
	<plugin fragment="true" id="org.eclipse.jst.jee.web.nl_pl" unpack="false" version="3.5.0.v20090620043401" download-size="1372" install-size="1372" />
	<plugin fragment="true" id="org.eclipse.jst.servlet.ui.infopop.nl_pl" unpack="false" version="3.5.0.v20090620043401" download-size="1422" install-size="1422" />
	<plugin fragment="true" id="org.eclipse.jst.servlet.ui.nl_pl" unpack="false" version="3.5.0.v20090620043401" download-size="5637" install-size="5637" />
	<plugin fragment="true" id="org.eclipse.wst.web.ui.infopop.nl_pl" unpack="false" version="3.5.0.v20090620043401" download-size="1421" install-size="1421" />
</feature>