<?xml version="1.0" encoding="UTF-8" ?>
<feature
	id="org.eclipse.babel.nls_dsdp.tm_fr"
	label="Babel Language Pack for dsdp.tm in French (24.4%)"
	image="eclipse_update_120.jpg"
	provider-name="%providerName"
	version="3.5.0.v20090620043401">
	<copyright>
		%copyright
	</copyright>
	<license url="%licenseURL">
		%license
	</license>
	<description>Babel Language Pack for dsdp.tm in French</description>
	<plugin fragment="true" id="org.eclipse.dstore.core.nl_fr" unpack="false" version="3.5.0.v20090620043401" download-size="1365" install-size="1365" />
	<plugin fragment="true" id="org.eclipse.dstore.doc.isv.nl_fr" unpack="false" version="3.5.0.v20090620043401" download-size="1368" install-size="1368" />
	<plugin fragment="true" id="org.eclipse.dstore.extra.nl_fr" unpack="false" version="3.5.0.v20090620043401" download-size="1367" install-size="1367" />
	<plugin fragment="true" id="org.eclipse.rse.connectorservice.dstore.nl_fr" unpack="false" version="3.5.0.v20090620043401" download-size="1376" install-size="1376" />
	<plugin fragment="true" id="org.eclipse.rse.connectorservice.local.nl_fr" unpack="false" version="3.5.0.v20090620043401" download-size="1376" install-size="1376" />
	<plugin fragment="true" id="org.eclipse.rse.connectorservice.ssh.nl_fr" unpack="false" version="3.5.0.v20090620043401" download-size="2734" install-size="2734" />
	<plugin fragment="true" id="org.eclipse.rse.connectorservice.telnet.nl_fr" unpack="false" version="3.5.0.v20090620043401" download-size="1376" install-size="1376" />
	<plugin fragment="true" id="org.eclipse.rse.core.nl_fr" unpack="false" version="3.5.0.v20090620043401" download-size="2386" install-size="2386" />
	<plugin fragment="true" id="org.eclipse.rse.discovery.nl_fr" unpack="false" version="3.5.0.v20090620043401" download-size="2212" install-size="2212" />
	<plugin fragment="true" id="org.eclipse.rse.doc.isv.nl_fr" unpack="false" version="3.5.0.v20090620043401" download-size="1366" install-size="1366" />
	<plugin fragment="true" id="org.eclipse.rse.doc.user.nl_fr" unpack="false" version="3.5.0.v20090620043401" download-size="1367" install-size="1367" />
	<plugin fragment="true" id="org.eclipse.rse.dstore.security.nl_fr" unpack="false" version="3.5.0.v20090620043401" download-size="2590" install-size="2590" />
	<plugin fragment="true" id="org.eclipse.rse.efs.nl_fr" unpack="false" version="3.5.0.v20090620043401" download-size="1363" install-size="1363" />
	<plugin fragment="true" id="org.eclipse.rse.efs.ui.nl_fr" unpack="false" version="3.5.0.v20090620043401" download-size="1365" install-size="1365" />
	<plugin fragment="true" id="org.eclipse.rse.examples.daytime.nl_fr" unpack="false" version="3.5.0.v20090620043401" download-size="1372" install-size="1372" />
	<plugin fragment="true" id="org.eclipse.rse.examples.tutorial.nl_fr" unpack="false" version="3.5.0.v20090620043401" download-size="1671" install-size="1671" />
	<plugin fragment="true" id="org.eclipse.rse.files.ui.nl_fr" unpack="false" version="3.5.0.v20090620043401" download-size="3390" install-size="3390" />
	<plugin fragment="true" id="org.eclipse.rse.importexport.nl_fr" unpack="false" version="3.5.0.v20090620043401" download-size="4649" install-size="4649" />
	<plugin fragment="true" id="org.eclipse.rse.nl_fr" unpack="false" version="3.5.0.v20090620043401" download-size="1360" install-size="1360" />
	<plugin fragment="true" id="org.eclipse.rse.processes.ui.nl_fr" unpack="false" version="3.5.0.v20090620043401" download-size="3145" install-size="3145" />
	<plugin fragment="true" id="org.eclipse.rse.remotecdt.nl_fr" unpack="false" version="3.5.0.v20090620043401" download-size="2322" install-size="2322" />
	<plugin fragment="true" id="org.eclipse.rse.sdk.nl_fr" unpack="false" version="3.5.0.v20090620043401" download-size="1364" install-size="1364" />
	<plugin fragment="true" id="org.eclipse.rse.services.dstore.nl_fr" unpack="false" version="3.5.0.v20090620043401" download-size="1585" install-size="1585" />
	<plugin fragment="true" id="org.eclipse.rse.services.files.ftp.nl_fr" unpack="false" version="3.5.0.v20090620043401" download-size="2598" install-size="2598" />
	<plugin fragment="true" id="org.eclipse.rse.services.local.nl_fr" unpack="false" version="3.5.0.v20090620043401" download-size="1371" install-size="1371" />
	<plugin fragment="true" id="org.eclipse.rse.services.nl_fr" unpack="false" version="3.5.0.v20090620043401" download-size="3096" install-size="3096" />
	<plugin fragment="true" id="org.eclipse.rse.services.ssh.nl_fr" unpack="false" version="3.5.0.v20090620043401" download-size="1369" install-size="1369" />
	<plugin fragment="true" id="org.eclipse.rse.services.telnet.nl_fr" unpack="false" version="3.5.0.v20090620043401" download-size="1371" install-size="1371" />
	<plugin fragment="true" id="org.eclipse.rse.shells.ui.nl_fr" unpack="false" version="3.5.0.v20090620043401" download-size="2627" install-size="2627" />
	<plugin fragment="true" id="org.eclipse.rse.subsystems.files.core.nl_fr" unpack="false" version="3.5.0.v20090620043401" download-size="2964" install-size="2964" />
	<plugin fragment="true" id="org.eclipse.rse.subsystems.files.dstore.nl_fr" unpack="false" version="3.5.0.v20090620043401" download-size="1387" install-size="1387" />
	<plugin fragment="true" id="org.eclipse.rse.subsystems.files.ftp.nl_fr" unpack="false" version="3.5.0.v20090620043401" download-size="1403" install-size="1403" />
	<plugin fragment="true" id="org.eclipse.rse.subsystems.files.local.nl_fr" unpack="false" version="3.5.0.v20090620043401" download-size="1376" install-size="1376" />
	<plugin fragment="true" id="org.eclipse.rse.subsystems.files.ssh.nl_fr" unpack="false" version="3.5.0.v20090620043401" download-size="1374" install-size="1374" />
	<plugin fragment="true" id="org.eclipse.rse.subsystems.processes.core.nl_fr" unpack="false" version="3.5.0.v20090620043401" download-size="1377" install-size="1377" />
	<plugin fragment="true" id="org.eclipse.rse.subsystems.processes.dstore.nl_fr" unpack="false" version="3.5.0.v20090620043401" download-size="1388" install-size="1388" />
	<plugin fragment="true" id="org.eclipse.rse.subsystems.processes.local.nl_fr" unpack="false" version="3.5.0.v20090620043401" download-size="1377" install-size="1377" />
	<plugin fragment="true" id="org.eclipse.rse.subsystems.processes.shell.linux.nl_fr" unpack="false" version="3.5.0.v20090620043401" download-size="1382" install-size="1382" />
	<plugin fragment="true" id="org.eclipse.rse.subsystems.shells.core.nl_fr" unpack="false" version="3.5.0.v20090620043401" download-size="1376" install-size="1376" />
	<plugin fragment="true" id="org.eclipse.rse.subsystems.shells.dstore.nl_fr" unpack="false" version="3.5.0.v20090620043401" download-size="1377" install-size="1377" />
	<plugin fragment="true" id="org.eclipse.rse.subsystems.shells.local.nl_fr" unpack="false" version="3.5.0.v20090620043401" download-size="1377" install-size="1377" />
	<plugin fragment="true" id="org.eclipse.rse.subsystems.shells.ssh.nl_fr" unpack="false" version="3.5.0.v20090620043401" download-size="1376" install-size="1376" />
	<plugin fragment="true" id="org.eclipse.rse.subsystems.shells.telnet.nl_fr" unpack="false" version="3.5.0.v20090620043401" download-size="1377" install-size="1377" />
	<plugin fragment="true" id="org.eclipse.rse.subsystems.terminals.core.nl_fr" unpack="false" version="3.5.0.v20090620043401" download-size="1377" install-size="1377" />
	<plugin fragment="true" id="org.eclipse.rse.subsystems.terminals.ssh.nl_fr" unpack="false" version="3.5.0.v20090620043401" download-size="1376" install-size="1376" />
	<plugin fragment="true" id="org.eclipse.rse.subsystems.wince.nl_fr" unpack="false" version="3.5.0.v20090620043401" download-size="1391" install-size="1391" />
	<plugin fragment="true" id="org.eclipse.rse.terminals.ui.nl_fr" unpack="false" version="3.5.0.v20090620043401" download-size="1388" install-size="1388" />
	<plugin fragment="true" id="org.eclipse.rse.tests.framework.nl_fr" unpack="false" version="3.5.0.v20090620043401" download-size="1491" install-size="1491" />
	<plugin fragment="true" id="org.eclipse.rse.tests.nl_fr" unpack="false" version="3.5.0.v20090620043401" download-size="2410" install-size="2410" />
	<plugin fragment="true" id="org.eclipse.rse.ui.nl_fr" unpack="false" version="3.5.0.v20090620043401" download-size="5928" install-size="5928" />
	<plugin fragment="true" id="org.eclipse.rse.useractions.nl_fr" unpack="false" version="3.5.0.v20090620043401" download-size="3750" install-size="3750" />
	<plugin fragment="true" id="org.eclipse.tm.discovery.doc.isv.nl_fr" unpack="false" version="3.5.0.v20090620043401" download-size="1372" install-size="1372" />
	<plugin fragment="true" id="org.eclipse.tm.discovery.engine.nl_fr" unpack="false" version="3.5.0.v20090620043401" download-size="1372" install-size="1372" />
	<plugin fragment="true" id="org.eclipse.tm.discovery.model.edit.nl_fr" unpack="false" version="3.5.0.v20090620043401" download-size="1373" install-size="1373" />
	<plugin fragment="true" id="org.eclipse.tm.discovery.model.nl_fr" unpack="false" version="3.5.0.v20090620043401" download-size="1371" install-size="1371" />
	<plugin fragment="true" id="org.eclipse.tm.discovery.protocol.dnssd.nl_fr" unpack="false" version="3.5.0.v20090620043401" download-size="1377" install-size="1377" />
	<plugin fragment="true" id="org.eclipse.tm.discovery.transport.udp.nl_fr" unpack="false" version="3.5.0.v20090620043401" download-size="1377" install-size="1377" />
	<plugin fragment="true" id="org.eclipse.tm.discovery.view.nl_fr" unpack="false" version="3.5.0.v20090620043401" download-size="2510" install-size="2510" />
	<plugin fragment="true" id="org.eclipse.tm.discovery.wizard.nl_fr" unpack="false" version="3.5.0.v20090620043401" download-size="2594" install-size="2594" />
	<plugin fragment="true" id="org.eclipse.tm.rapi.examples.nl_fr" unpack="false" version="3.5.0.v20090620043401" download-size="1370" install-size="1370" />
	<plugin fragment="true" id="org.eclipse.tm.rapi.nl_fr" unpack="false" version="3.5.0.v20090620043401" download-size="1364" install-size="1364" />
	<plugin fragment="true" id="org.eclipse.tm.rapi.tests.nl_fr" unpack="false" version="3.5.0.v20090620043401" download-size="1367" install-size="1367" />
	<plugin fragment="true" id="org.eclipse.tm.terminal.nl_fr" unpack="false" version="3.5.0.v20090620043401" download-size="2629" install-size="2629" />
	<plugin fragment="true" id="org.eclipse.tm.terminal.serial.nl_fr" unpack="false" version="3.5.0.v20090620043401" download-size="2385" install-size="2385" />
	<plugin fragment="true" id="org.eclipse.tm.terminal.ssh.nl_fr" unpack="false" version="3.5.0.v20090620043401" download-size="2827" install-size="2827" />
	<plugin fragment="true" id="org.eclipse.tm.terminal.telnet.nl_fr" unpack="false" version="3.5.0.v20090620043401" download-size="2400" install-size="2400" />
	<plugin fragment="true" id="org.eclipse.tm.terminal.test.nl_fr" unpack="false" version="3.5.0.v20090620043401" download-size="1370" install-size="1370" />
	<plugin fragment="true" id="org.eclipse.tm.terminal.view.nl_fr" unpack="false" version="3.5.0.v20090620043401" download-size="2920" install-size="2920" />
	<plugin fragment="true" id="test.data.nl_fr" unpack="false" version="3.5.0.v20090620043401" download-size="2972" install-size="2972" />
</feature>