<?xml version="1.0" encoding="UTF-8" ?>
<feature
	id="org.eclipse.babel.nls_birt_pt_BR"
	label="Babel Language Pack for birt in Portuguese (Brazilian) (76.09%)"
	image="eclipse_update_120.jpg"
	provider-name="%providerName"
	version="3.5.0.v20090620043401">
	<copyright>
		%copyright
	</copyright>
	<license url="%licenseURL">
		%license
	</license>
	<description>Babel Language Pack for birt in Portuguese (Brazilian)</description>
	<plugin fragment="true" id="com.lowagie.itext.nl_pt_BR" unpack="false" version="3.5.0.v20090620043401" download-size="1504" install-size="1504" />
	<plugin fragment="true" id="org.apache.derby.core.nl_pt_BR" unpack="false" version="3.5.0.v20090620043401" download-size="1510" install-size="1510" />
	<plugin fragment="true" id="org.eclipse.birt.chart.cshelp.nl_pt_BR" unpack="false" version="3.5.0.v20090620043401" download-size="1544" install-size="1544" />
	<plugin fragment="true" id="org.eclipse.birt.chart.device.extension.nl_pt_BR" unpack="false" version="3.5.0.v20090620043401" download-size="3597" install-size="3597" />
	<plugin fragment="true" id="org.eclipse.birt.chart.device.svg.nl_pt_BR" unpack="false" version="3.5.0.v20090620043401" download-size="2927" install-size="2927" />
	<plugin fragment="true" id="org.eclipse.birt.chart.device.swt.nl_pt_BR" unpack="false" version="3.5.0.v20090620043401" download-size="2952" install-size="2952" />
	<plugin fragment="true" id="org.eclipse.birt.chart.doc.isv.nl_pt_BR" unpack="false" version="3.5.0.v20090620043401" download-size="1541" install-size="1541" />
	<plugin fragment="true" id="org.eclipse.birt.chart.engine.extension.nl_pt_BR" unpack="false" version="3.5.0.v20090620043401" download-size="5115" install-size="5115" />
	<plugin fragment="true" id="org.eclipse.birt.chart.engine.nl_pt_BR" unpack="false" version="3.5.0.v20090620043401" download-size="8918" install-size="8918" />
	<plugin fragment="true" id="org.eclipse.birt.chart.examples.nl_pt_BR" unpack="false" version="3.5.0.v20090620043401" download-size="2967" install-size="2967" />
	<plugin fragment="true" id="org.eclipse.birt.chart.integration.wtp.ui.nl_pt_BR" unpack="false" version="3.5.0.v20090620043401" download-size="3701" install-size="3701" />
	<plugin fragment="true" id="org.eclipse.birt.chart.nl_pt_BR" unpack="false" version="3.5.0.v20090620043401" download-size="1511" install-size="1511" />
	<plugin fragment="true" id="org.eclipse.birt.chart.reportitem.nl_pt_BR" unpack="false" version="3.5.0.v20090620043401" download-size="3534" install-size="3534" />
	<plugin fragment="true" id="org.eclipse.birt.chart.reportitem.ui.nl_pt_BR" unpack="false" version="3.5.0.v20090620043401" download-size="4047" install-size="4047" />
	<plugin fragment="true" id="org.eclipse.birt.chart.runtime.nl_pt_BR" unpack="false" version="3.5.0.v20090620043401" download-size="1534" install-size="1534" />
	<plugin fragment="true" id="org.eclipse.birt.chart.ui.extension.nl_pt_BR" unpack="false" version="3.5.0.v20090620043401" download-size="13667" install-size="13667" />
	<plugin fragment="true" id="org.eclipse.birt.chart.ui.nl_pt_BR" unpack="false" version="3.5.0.v20090620043401" download-size="3912" install-size="3912" />
	<plugin fragment="true" id="org.eclipse.birt.core.nl_pt_BR" unpack="false" version="3.5.0.v20090620043401" download-size="2200" install-size="2200" />
	<plugin fragment="true" id="org.eclipse.birt.core.script.function.nl_pt_BR" unpack="false" version="3.5.0.v20090620043401" download-size="1461" install-size="1461" />
	<plugin fragment="true" id="org.eclipse.birt.core.ui.nl_pt_BR" unpack="false" version="3.5.0.v20090620043401" download-size="2637" install-size="2637" />
	<plugin fragment="true" id="org.eclipse.birt.cshelp.nl_pt_BR" unpack="false" version="3.5.0.v20090620043401" download-size="1533" install-size="1533" />
	<plugin fragment="true" id="org.eclipse.birt.data.aggregation.nl_pt_BR" unpack="false" version="3.5.0.v20090620043401" download-size="2379" install-size="2379" />
	<plugin fragment="true" id="org.eclipse.birt.data.nl_pt_BR" unpack="false" version="3.5.0.v20090620043401" download-size="7258" install-size="7258" />
	<plugin fragment="true" id="org.eclipse.birt.data.tests.nl_pt_BR" unpack="false" version="3.5.0.v20090620043401" download-size="1406" install-size="1406" />
	<plugin fragment="true" id="org.eclipse.birt.doc.isv.nl_pt_BR" unpack="false" version="3.5.0.v20090620043401" download-size="1531" install-size="1531" />
	<plugin fragment="true" id="org.eclipse.birt.doc.nl_pt_BR" unpack="false" version="3.5.0.v20090620043401" download-size="1523" install-size="1523" />
	<plugin fragment="true" id="org.eclipse.birt.example.nl_pt_BR" unpack="false" version="3.5.0.v20090620043401" download-size="1523" install-size="1523" />
	<plugin fragment="true" id="org.eclipse.birt.integration.wtp.ui.nl_pt_BR" unpack="false" version="3.5.0.v20090620043401" download-size="2757" install-size="2757" />
	<plugin fragment="true" id="org.eclipse.birt.nl_pt_BR" unpack="false" version="3.5.0.v20090620043401" download-size="1784" install-size="1784" />
	<plugin fragment="true" id="org.eclipse.birt.report.data.adapter.nl_pt_BR" unpack="false" version="3.5.0.v20090620043401" download-size="2647" install-size="2647" />
	<plugin fragment="true" id="org.eclipse.birt.report.data.oda.jdbc.dbprofile.nl_pt_BR" unpack="false" version="3.5.0.v20090620043401" download-size="1557" install-size="1557" />
	<plugin fragment="true" id="org.eclipse.birt.report.data.oda.jdbc.dbprofile.ui.nl_pt_BR" unpack="false" version="3.5.0.v20090620043401" download-size="3175" install-size="3175" />
	<plugin fragment="true" id="org.eclipse.birt.report.data.oda.jdbc.nl_pt_BR" unpack="false" version="3.5.0.v20090620043401" download-size="4514" install-size="4514" />
	<plugin fragment="true" id="org.eclipse.birt.report.data.oda.jdbc.ui.nl_pt_BR" unpack="false" version="3.5.0.v20090620043401" download-size="5465" install-size="5465" />
	<plugin fragment="true" id="org.eclipse.birt.report.data.oda.sampledb.nl_pt_BR" unpack="false" version="3.5.0.v20090620043401" download-size="1672" install-size="1672" />
	<plugin fragment="true" id="org.eclipse.birt.report.data.oda.sampledb.ui.nl_pt_BR" unpack="false" version="3.5.0.v20090620043401" download-size="3431" install-size="3431" />
	<plugin fragment="true" id="org.eclipse.birt.report.data.oda.xml.nl_pt_BR" unpack="false" version="3.5.0.v20090620043401" download-size="3082" install-size="3082" />
	<plugin fragment="true" id="org.eclipse.birt.report.data.oda.xml.ui.nl_pt_BR" unpack="false" version="3.5.0.v20090620043401" download-size="1760" install-size="1760" />
	<plugin fragment="true" id="org.eclipse.birt.report.debug.core.nl_pt_BR" unpack="false" version="3.5.0.v20090620043401" download-size="1544" install-size="1544" />
	<plugin fragment="true" id="org.eclipse.birt.report.debug.ui.nl_pt_BR" unpack="false" version="3.5.0.v20090620043401" download-size="3010" install-size="3010" />
	<plugin fragment="true" id="org.eclipse.birt.report.designer.core.nl_pt_BR" unpack="false" version="3.5.0.v20090620043401" download-size="34886" install-size="34886" />
	<plugin fragment="true" id="org.eclipse.birt.report.designer.nl_pt_BR" unpack="false" version="3.5.0.v20090620043401" download-size="1537" install-size="1537" />
	<plugin fragment="true" id="org.eclipse.birt.report.designer.tests.nl_pt_BR" unpack="false" version="3.5.0.v20090620043401" download-size="2667" install-size="2667" />
	<plugin fragment="true" id="org.eclipse.birt.report.designer.ui.cubebuilder.nl_pt_BR" unpack="false" version="3.5.0.v20090620043401" download-size="3966" install-size="3966" />
	<plugin fragment="true" id="org.eclipse.birt.report.designer.ui.editor.script.nl_pt_BR" unpack="false" version="3.5.0.v20090620043401" download-size="1447" install-size="1447" />
	<plugin fragment="true" id="org.eclipse.birt.report.designer.ui.editor.xml.wtp.nl_pt_BR" unpack="false" version="3.5.0.v20090620043401" download-size="1828" install-size="1828" />
	<plugin fragment="true" id="org.eclipse.birt.report.designer.ui.editors.nl_pt_BR" unpack="false" version="3.5.0.v20090620043401" download-size="1458" install-size="1458" />
	<plugin fragment="true" id="org.eclipse.birt.report.designer.ui.editors.schematic.nl_pt_BR" unpack="false" version="3.5.0.v20090620043401" download-size="1558" install-size="1558" />
	<plugin fragment="true" id="org.eclipse.birt.report.designer.ui.ide.nl_pt_BR" unpack="false" version="3.5.0.v20090620043401" download-size="1731" install-size="1731" />
	<plugin fragment="true" id="org.eclipse.birt.report.designer.ui.lib.explorer.nl_pt_BR" unpack="false" version="3.5.0.v20090620043401" download-size="1416" install-size="1416" />
	<plugin fragment="true" id="org.eclipse.birt.report.designer.ui.lib.nl_pt_BR" unpack="false" version="3.5.0.v20090620043401" download-size="1610" install-size="1610" />
	<plugin fragment="true" id="org.eclipse.birt.report.designer.ui.nl_pt_BR" unpack="false" version="3.5.0.v20090620043401" download-size="1829" install-size="1829" />
	<plugin fragment="true" id="org.eclipse.birt.report.designer.ui.preview.nl_pt_BR" unpack="false" version="3.5.0.v20090620043401" download-size="1510" install-size="1510" />
	<plugin fragment="true" id="org.eclipse.birt.report.designer.ui.preview.web.nl_pt_BR" unpack="false" version="3.5.0.v20090620043401" download-size="1566" install-size="1566" />
	<plugin fragment="true" id="org.eclipse.birt.report.designer.ui.rcp.nl_pt_BR" unpack="false" version="3.5.0.v20090620043401" download-size="3290" install-size="3290" />
	<plugin fragment="true" id="org.eclipse.birt.report.designer.ui.samples.ide.nl_pt_BR" unpack="false" version="3.5.0.v20090620043401" download-size="3341" install-size="3341" />
	<plugin fragment="true" id="org.eclipse.birt.report.designer.ui.samplesview.nl_pt_BR" unpack="false" version="3.5.0.v20090620043401" download-size="1429" install-size="1429" />
	<plugin fragment="true" id="org.eclipse.birt.report.designer.ui.views.nl_pt_BR" unpack="false" version="3.5.0.v20090620043401" download-size="1478" install-size="1478" />
	<plugin fragment="true" id="org.eclipse.birt.report.engine.dataextraction.csv.nl_pt_BR" unpack="false" version="3.5.0.v20090620043401" download-size="1416" install-size="1416" />
	<plugin fragment="true" id="org.eclipse.birt.report.engine.emitter.config.html.nl_pt_BR" unpack="false" version="3.5.0.v20090620043401" download-size="2810" install-size="2810" />
	<plugin fragment="true" id="org.eclipse.birt.report.engine.emitter.config.pdf.nl_pt_BR" unpack="false" version="3.5.0.v20090620043401" download-size="2767" install-size="2767" />
	<plugin fragment="true" id="org.eclipse.birt.report.engine.emitter.config.postscript.nl_pt_BR" unpack="false" version="3.5.0.v20090620043401" download-size="2821" install-size="2821" />
	<plugin fragment="true" id="org.eclipse.birt.report.engine.nl_pt_BR" unpack="false" version="3.5.0.v20090620043401" download-size="3165" install-size="3165" />
	<plugin fragment="true" id="org.eclipse.birt.report.item.crosstab.core.nl_pt_BR" unpack="false" version="3.5.0.v20090620043401" download-size="3220" install-size="3220" />
	<plugin fragment="true" id="org.eclipse.birt.report.item.crosstab.ui.nl_pt_BR" unpack="false" version="3.5.0.v20090620043401" download-size="5204" install-size="5204" />
	<plugin fragment="true" id="org.eclipse.birt.report.model.nl_pt_BR" unpack="false" version="3.5.0.v20090620043401" download-size="34062" install-size="34062" />
	<plugin fragment="true" id="org.eclipse.birt.report.model.tests.nl_pt_BR" unpack="false" version="3.5.0.v20090620043401" download-size="2654" install-size="2654" />
	<plugin fragment="true" id="org.eclipse.birt.report.runtime.nl_pt_BR" unpack="false" version="3.5.0.v20090620043401" download-size="1542" install-size="1542" />
	<plugin fragment="true" id="org.eclipse.birt.report.viewer.nl_pt_BR" unpack="false" version="3.5.0.v20090620043401" download-size="5626" install-size="5626" />
	<plugin fragment="true" id="org.eclipse.birt.resources.nl_pt_BR" unpack="false" version="3.5.0.v20090620043401" download-size="1558" install-size="1558" />
	<plugin fragment="true" id="org.eclipse.birt.sdk.nl_pt_BR" unpack="false" version="3.5.0.v20090620043401" download-size="1536" install-size="1536" />
	<plugin fragment="true" id="org.eclipse.birt.tests.data.nl_pt_BR" unpack="false" version="3.5.0.v20090620043401" download-size="1406" install-size="1406" />
	<plugin fragment="true" id="org.mozilla.rhino.nl_pt_BR" unpack="false" version="3.5.0.v20090620043401" download-size="1505" install-size="1505" />
	<plugin fragment="true" id="org.w3c.sac.nl_pt_BR" unpack="false" version="3.5.0.v20090620043401" download-size="1481" install-size="1481" />
</feature>