<?xml version="1.0" encoding="UTF-8" ?>
<feature
	id="org.eclipse.babel.nls_webtools.jsf_cs"
	label="Babel Language Pack for webtools.jsf in Czech (29.98%)"
	image="eclipse_update_120.jpg"
	provider-name="%providerName"
	version="3.5.0.v20090620043401">
	<copyright>
		%copyright
	</copyright>
	<license url="%licenseURL">
		%license
	</license>
	<description>Babel Language Pack for webtools.jsf in Czech</description>
	<plugin fragment="true" id="org.eclipse.jst.jsf.apache.trinidad.tagsupport.nl_cs" unpack="false" version="3.5.0.v20090620043401" download-size="3056" install-size="3056" />
	<plugin fragment="true" id="org.eclipse.jst.jsf.common.nl_cs" unpack="false" version="3.5.0.v20090620043401" download-size="2762" install-size="2762" />
	<plugin fragment="true" id="org.eclipse.jst.jsf.common.runtime.nl_cs" unpack="false" version="3.5.0.v20090620043401" download-size="1377" install-size="1377" />
	<plugin fragment="true" id="org.eclipse.jst.jsf.common.ui.nl_cs" unpack="false" version="3.5.0.v20090620043401" download-size="4880" install-size="4880" />
	<plugin fragment="true" id="org.eclipse.jst.jsf.core.nl_cs" unpack="false" version="3.5.0.v20090620043401" download-size="6458" install-size="6458" />
	<plugin fragment="true" id="org.eclipse.jst.jsf.facesconfig.nl_cs" unpack="false" version="3.5.0.v20090620043401" download-size="5270" install-size="5270" />
	<plugin fragment="true" id="org.eclipse.jst.jsf.facesconfig.ui.nl_cs" unpack="false" version="3.5.0.v20090620043401" download-size="7037" install-size="7037" />
	<plugin fragment="true" id="org.eclipse.jst.jsf.standard.tagsupport.nl_cs" unpack="false" version="3.5.0.v20090620043401" download-size="2768" install-size="2768" />
	<plugin fragment="true" id="org.eclipse.jst.jsf.ui.nl_cs" unpack="false" version="3.5.0.v20090620043401" download-size="4415" install-size="4415" />
	<plugin fragment="true" id="org.eclipse.jst.pagedesigner.jsf.ui.nl_cs" unpack="false" version="3.5.0.v20090620043401" download-size="4975" install-size="4975" />
	<plugin fragment="true" id="org.eclipse.jst.pagedesigner.jsp.core.nl_cs" unpack="false" version="3.5.0.v20090620043401" download-size="1376" install-size="1376" />
	<plugin fragment="true" id="org.eclipse.jst.pagedesigner.nl_cs" unpack="false" version="3.5.0.v20090620043401" download-size="10433" install-size="10433" />
</feature>