<?xml version="1.0" encoding="UTF-8" ?>
<feature
	id="org.eclipse.babel.nls_birt_hu"
	label="Babel Language Pack for birt in Hungarian (70.31%)"
	image="eclipse_update_120.jpg"
	provider-name="%providerName"
	version="3.5.0.v20090620043401">
	<copyright>
		%copyright
	</copyright>
	<license url="%licenseURL">
		%license
	</license>
	<description>Babel Language Pack for birt in Hungarian</description>
	<plugin fragment="true" id="org.eclipse.birt.chart.cshelp.nl_hu" unpack="false" version="3.5.0.v20090620043401" download-size="1540" install-size="1540" />
	<plugin fragment="true" id="org.eclipse.birt.chart.device.extension.nl_hu" unpack="false" version="3.5.0.v20090620043401" download-size="3739" install-size="3739" />
	<plugin fragment="true" id="org.eclipse.birt.chart.device.svg.nl_hu" unpack="false" version="3.5.0.v20090620043401" download-size="2929" install-size="2929" />
	<plugin fragment="true" id="org.eclipse.birt.chart.device.swt.nl_hu" unpack="false" version="3.5.0.v20090620043401" download-size="3030" install-size="3030" />
	<plugin fragment="true" id="org.eclipse.birt.chart.doc.isv.nl_hu" unpack="false" version="3.5.0.v20090620043401" download-size="1540" install-size="1540" />
	<plugin fragment="true" id="org.eclipse.birt.chart.engine.extension.nl_hu" unpack="false" version="3.5.0.v20090620043401" download-size="4538" install-size="4538" />
	<plugin fragment="true" id="org.eclipse.birt.chart.engine.nl_hu" unpack="false" version="3.5.0.v20090620043401" download-size="8933" install-size="8933" />
	<plugin fragment="true" id="org.eclipse.birt.chart.examples.nl_hu" unpack="false" version="3.5.0.v20090620043401" download-size="2511" install-size="2511" />
	<plugin fragment="true" id="org.eclipse.birt.chart.integration.wtp.ui.nl_hu" unpack="false" version="3.5.0.v20090620043401" download-size="2793" install-size="2793" />
	<plugin fragment="true" id="org.eclipse.birt.chart.reportitem.nl_hu" unpack="false" version="3.5.0.v20090620043401" download-size="3609" install-size="3609" />
	<plugin fragment="true" id="org.eclipse.birt.chart.reportitem.ui.nl_hu" unpack="false" version="3.5.0.v20090620043401" download-size="4119" install-size="4119" />
	<plugin fragment="true" id="org.eclipse.birt.chart.runtime.nl_hu" unpack="false" version="3.5.0.v20090620043401" download-size="1531" install-size="1531" />
	<plugin fragment="true" id="org.eclipse.birt.chart.ui.extension.nl_hu" unpack="false" version="3.5.0.v20090620043401" download-size="13974" install-size="13974" />
	<plugin fragment="true" id="org.eclipse.birt.chart.ui.nl_hu" unpack="false" version="3.5.0.v20090620043401" download-size="3949" install-size="3949" />
	<plugin fragment="true" id="org.eclipse.birt.core.nl_hu" unpack="false" version="3.5.0.v20090620043401" download-size="2171" install-size="2171" />
	<plugin fragment="true" id="org.eclipse.birt.core.script.function.nl_hu" unpack="false" version="3.5.0.v20090620043401" download-size="1476" install-size="1476" />
	<plugin fragment="true" id="org.eclipse.birt.core.ui.nl_hu" unpack="false" version="3.5.0.v20090620043401" download-size="2631" install-size="2631" />
	<plugin fragment="true" id="org.eclipse.birt.cshelp.nl_hu" unpack="false" version="3.5.0.v20090620043401" download-size="1532" install-size="1532" />
	<plugin fragment="true" id="org.eclipse.birt.data.aggregation.nl_hu" unpack="false" version="3.5.0.v20090620043401" download-size="2354" install-size="2354" />
	<plugin fragment="true" id="org.eclipse.birt.data.nl_hu" unpack="false" version="3.5.0.v20090620043401" download-size="7504" install-size="7504" />
	<plugin fragment="true" id="org.eclipse.birt.data.tests.nl_hu" unpack="false" version="3.5.0.v20090620043401" download-size="1395" install-size="1395" />
	<plugin fragment="true" id="org.eclipse.birt.doc.isv.nl_hu" unpack="false" version="3.5.0.v20090620043401" download-size="1531" install-size="1531" />
	<plugin fragment="true" id="org.eclipse.birt.doc.nl_hu" unpack="false" version="3.5.0.v20090620043401" download-size="1524" install-size="1524" />
	<plugin fragment="true" id="org.eclipse.birt.example.nl_hu" unpack="false" version="3.5.0.v20090620043401" download-size="1521" install-size="1521" />
	<plugin fragment="true" id="org.eclipse.birt.integration.wtp.ui.nl_hu" unpack="false" version="3.5.0.v20090620043401" download-size="2721" install-size="2721" />
	<plugin fragment="true" id="org.eclipse.birt.nl_hu" unpack="false" version="3.5.0.v20090620043401" download-size="1420" install-size="1420" />
	<plugin fragment="true" id="org.eclipse.birt.report.data.adapter.nl_hu" unpack="false" version="3.5.0.v20090620043401" download-size="2627" install-size="2627" />
	<plugin fragment="true" id="org.eclipse.birt.report.data.oda.jdbc.dbprofile.nl_hu" unpack="false" version="3.5.0.v20090620043401" download-size="1559" install-size="1559" />
	<plugin fragment="true" id="org.eclipse.birt.report.data.oda.jdbc.dbprofile.ui.nl_hu" unpack="false" version="3.5.0.v20090620043401" download-size="1420" install-size="1420" />
	<plugin fragment="true" id="org.eclipse.birt.report.data.oda.jdbc.nl_hu" unpack="false" version="3.5.0.v20090620043401" download-size="4469" install-size="4469" />
	<plugin fragment="true" id="org.eclipse.birt.report.data.oda.jdbc.ui.nl_hu" unpack="false" version="3.5.0.v20090620043401" download-size="5562" install-size="5562" />
	<plugin fragment="true" id="org.eclipse.birt.report.data.oda.sampledb.nl_hu" unpack="false" version="3.5.0.v20090620043401" download-size="1628" install-size="1628" />
	<plugin fragment="true" id="org.eclipse.birt.report.data.oda.sampledb.ui.nl_hu" unpack="false" version="3.5.0.v20090620043401" download-size="3412" install-size="3412" />
	<plugin fragment="true" id="org.eclipse.birt.report.data.oda.xml.nl_hu" unpack="false" version="3.5.0.v20090620043401" download-size="3056" install-size="3056" />
	<plugin fragment="true" id="org.eclipse.birt.report.data.oda.xml.ui.nl_hu" unpack="false" version="3.5.0.v20090620043401" download-size="1725" install-size="1725" />
	<plugin fragment="true" id="org.eclipse.birt.report.debug.core.nl_hu" unpack="false" version="3.5.0.v20090620043401" download-size="1549" install-size="1549" />
	<plugin fragment="true" id="org.eclipse.birt.report.debug.ui.nl_hu" unpack="false" version="3.5.0.v20090620043401" download-size="2804" install-size="2804" />
	<plugin fragment="true" id="org.eclipse.birt.report.designer.core.nl_hu" unpack="false" version="3.5.0.v20090620043401" download-size="34807" install-size="34807" />
	<plugin fragment="true" id="org.eclipse.birt.report.designer.nl_hu" unpack="false" version="3.5.0.v20090620043401" download-size="1532" install-size="1532" />
	<plugin fragment="true" id="org.eclipse.birt.report.designer.tests.nl_hu" unpack="false" version="3.5.0.v20090620043401" download-size="2638" install-size="2638" />
	<plugin fragment="true" id="org.eclipse.birt.report.designer.ui.cubebuilder.nl_hu" unpack="false" version="3.5.0.v20090620043401" download-size="3240" install-size="3240" />
	<plugin fragment="true" id="org.eclipse.birt.report.designer.ui.editor.script.nl_hu" unpack="false" version="3.5.0.v20090620043401" download-size="1427" install-size="1427" />
	<plugin fragment="true" id="org.eclipse.birt.report.designer.ui.editor.xml.wtp.nl_hu" unpack="false" version="3.5.0.v20090620043401" download-size="1816" install-size="1816" />
	<plugin fragment="true" id="org.eclipse.birt.report.designer.ui.editors.nl_hu" unpack="false" version="3.5.0.v20090620043401" download-size="1408" install-size="1408" />
	<plugin fragment="true" id="org.eclipse.birt.report.designer.ui.editors.schematic.nl_hu" unpack="false" version="3.5.0.v20090620043401" download-size="1534" install-size="1534" />
	<plugin fragment="true" id="org.eclipse.birt.report.designer.ui.ide.nl_hu" unpack="false" version="3.5.0.v20090620043401" download-size="1698" install-size="1698" />
	<plugin fragment="true" id="org.eclipse.birt.report.designer.ui.lib.explorer.nl_hu" unpack="false" version="3.5.0.v20090620043401" download-size="1411" install-size="1411" />
	<plugin fragment="true" id="org.eclipse.birt.report.designer.ui.lib.nl_hu" unpack="false" version="3.5.0.v20090620043401" download-size="1626" install-size="1626" />
	<plugin fragment="true" id="org.eclipse.birt.report.designer.ui.nl_hu" unpack="false" version="3.5.0.v20090620043401" download-size="1865" install-size="1865" />
	<plugin fragment="true" id="org.eclipse.birt.report.designer.ui.preview.nl_hu" unpack="false" version="3.5.0.v20090620043401" download-size="1485" install-size="1485" />
	<plugin fragment="true" id="org.eclipse.birt.report.designer.ui.preview.web.nl_hu" unpack="false" version="3.5.0.v20090620043401" download-size="1516" install-size="1516" />
	<plugin fragment="true" id="org.eclipse.birt.report.designer.ui.rcp.nl_hu" unpack="false" version="3.5.0.v20090620043401" download-size="3085" install-size="3085" />
	<plugin fragment="true" id="org.eclipse.birt.report.designer.ui.samples.ide.nl_hu" unpack="false" version="3.5.0.v20090620043401" download-size="3082" install-size="3082" />
	<plugin fragment="true" id="org.eclipse.birt.report.designer.ui.views.nl_hu" unpack="false" version="3.5.0.v20090620043401" download-size="1408" install-size="1408" />
	<plugin fragment="true" id="org.eclipse.birt.report.engine.emitter.config.html.nl_hu" unpack="false" version="3.5.0.v20090620043401" download-size="2805" install-size="2805" />
	<plugin fragment="true" id="org.eclipse.birt.report.engine.emitter.config.pdf.nl_hu" unpack="false" version="3.5.0.v20090620043401" download-size="2743" install-size="2743" />
	<plugin fragment="true" id="org.eclipse.birt.report.engine.nl_hu" unpack="false" version="3.5.0.v20090620043401" download-size="3260" install-size="3260" />
	<plugin fragment="true" id="org.eclipse.birt.report.item.crosstab.core.nl_hu" unpack="false" version="3.5.0.v20090620043401" download-size="3158" install-size="3158" />
	<plugin fragment="true" id="org.eclipse.birt.report.item.crosstab.ui.nl_hu" unpack="false" version="3.5.0.v20090620043401" download-size="4219" install-size="4219" />
	<plugin fragment="true" id="org.eclipse.birt.report.model.nl_hu" unpack="false" version="3.5.0.v20090620043401" download-size="35915" install-size="35915" />
	<plugin fragment="true" id="org.eclipse.birt.report.model.tests.nl_hu" unpack="false" version="3.5.0.v20090620043401" download-size="2314" install-size="2314" />
	<plugin fragment="true" id="org.eclipse.birt.report.runtime.nl_hu" unpack="false" version="3.5.0.v20090620043401" download-size="1535" install-size="1535" />
	<plugin fragment="true" id="org.eclipse.birt.report.viewer.nl_hu" unpack="false" version="3.5.0.v20090620043401" download-size="3594" install-size="3594" />
	<plugin fragment="true" id="org.eclipse.birt.resources.nl_hu" unpack="false" version="3.5.0.v20090620043401" download-size="1438" install-size="1438" />
	<plugin fragment="true" id="org.eclipse.birt.sdk.nl_hu" unpack="false" version="3.5.0.v20090620043401" download-size="1542" install-size="1542" />
	<plugin fragment="true" id="org.eclipse.birt.tests.data.nl_hu" unpack="false" version="3.5.0.v20090620043401" download-size="1395" install-size="1395" />
</feature>