<?xml version="1.0" encoding="UTF-8" ?>
<feature
	id="org.eclipse.babel.nls_modeling.emf_ko"
	label="Babel Language Pack for modeling.emf in Korean (68.98%)"
	image="eclipse_update_120.jpg"
	provider-name="%providerName"
	version="3.5.0.v20090620043401">
	<copyright>
		%copyright
	</copyright>
	<license url="%licenseURL">
		%license
	</license>
	<description>Babel Language Pack for modeling.emf in Korean</description>
	<plugin fragment="true" id="library.ecore.nl_ko" unpack="false" version="3.5.0.v20090620043401" download-size="1364" install-size="1364" />
	<plugin fragment="true" id="library.java.nl_ko" unpack="false" version="3.5.0.v20090620043401" download-size="1365" install-size="1365" />
	<plugin fragment="true" id="library.rose.nl_ko" unpack="false" version="3.5.0.v20090620043401" download-size="1365" install-size="1365" />
	<plugin fragment="true" id="library.xsd.nl_ko" unpack="false" version="3.5.0.v20090620043401" download-size="1364" install-size="1364" />
	<plugin fragment="true" id="library.xsds.nl_ko" unpack="false" version="3.5.0.v20090620043401" download-size="1365" install-size="1365" />
	<plugin fragment="true" id="org.eclipse.emf.activities.nl_ko" unpack="false" version="3.5.0.v20090620043401" download-size="1405" install-size="1405" />
	<plugin fragment="true" id="org.eclipse.emf.ant.nl_ko" unpack="false" version="3.5.0.v20090620043401" download-size="1397" install-size="1397" />
	<plugin fragment="true" id="org.eclipse.emf.cdo.common.nl_ko" unpack="false" version="3.5.0.v20090620043401" download-size="1368" install-size="1368" />
	<plugin fragment="true" id="org.eclipse.emf.cdo.defs.nl_ko" unpack="false" version="3.5.0.v20090620043401" download-size="1367" install-size="1367" />
	<plugin fragment="true" id="org.eclipse.emf.cdo.doc.nl_ko" unpack="false" version="3.5.0.v20090620043401" download-size="1366" install-size="1366" />
	<plugin fragment="true" id="org.eclipse.emf.cdo.edit.nl_ko" unpack="false" version="3.5.0.v20090620043401" download-size="3677" install-size="3677" />
	<plugin fragment="true" id="org.eclipse.emf.cdo.examples.nl_ko" unpack="false" version="3.5.0.v20090620043401" download-size="1370" install-size="1370" />
	<plugin fragment="true" id="org.eclipse.emf.cdo.examples.spring.nl_ko" unpack="false" version="3.5.0.v20090620043401" download-size="1374" install-size="1374" />
	<plugin fragment="true" id="org.eclipse.emf.cdo.migrator.nl_ko" unpack="false" version="3.5.0.v20090620043401" download-size="2725" install-size="2725" />
	<plugin fragment="true" id="org.eclipse.emf.cdo.nl_ko" unpack="false" version="3.5.0.v20090620043401" download-size="2930" install-size="2930" />
	<plugin fragment="true" id="org.eclipse.emf.cdo.server.db.nl_ko" unpack="false" version="3.5.0.v20090620043401" download-size="1371" install-size="1371" />
	<plugin fragment="true" id="org.eclipse.emf.cdo.server.hibernate.id.nl_ko" unpack="false" version="3.5.0.v20090620043401" download-size="1377" install-size="1377" />
	<plugin fragment="true" id="org.eclipse.emf.cdo.server.hibernate.nl_ko" unpack="false" version="3.5.0.v20090620043401" download-size="1724" install-size="1724" />
	<plugin fragment="true" id="org.eclipse.emf.cdo.server.hibernate.teneo.nl_ko" unpack="false" version="3.5.0.v20090620043401" download-size="1376" install-size="1376" />
	<plugin fragment="true" id="org.eclipse.emf.cdo.server.nl_ko" unpack="false" version="3.5.0.v20090620043401" download-size="1368" install-size="1368" />
	<plugin fragment="true" id="org.eclipse.emf.cdo.tests.db.nl_ko" unpack="false" version="3.5.0.v20090620043401" download-size="1370" install-size="1370" />
	<plugin fragment="true" id="org.eclipse.emf.cdo.tests.hibernate.client.nl_ko" unpack="false" version="3.5.0.v20090620043401" download-size="1378" install-size="1378" />
	<plugin fragment="true" id="org.eclipse.emf.cdo.tests.hibernate.nl_ko" unpack="false" version="3.5.0.v20090620043401" download-size="1954" install-size="1954" />
	<plugin fragment="true" id="org.eclipse.emf.cdo.tests.mango.edit.nl_ko" unpack="false" version="3.5.0.v20090620043401" download-size="1693" install-size="1693" />
	<plugin fragment="true" id="org.eclipse.emf.cdo.tests.mango.nl_ko" unpack="false" version="3.5.0.v20090620043401" download-size="1371" install-size="1371" />
	<plugin fragment="true" id="org.eclipse.emf.cdo.tests.model1.edit.nl_ko" unpack="false" version="3.5.0.v20090620043401" download-size="1812" install-size="1812" />
	<plugin fragment="true" id="org.eclipse.emf.cdo.tests.model1.nl_ko" unpack="false" version="3.5.0.v20090620043401" download-size="1372" install-size="1372" />
	<plugin fragment="true" id="org.eclipse.emf.cdo.tests.model2.edit.nl_ko" unpack="false" version="3.5.0.v20090620043401" download-size="1682" install-size="1682" />
	<plugin fragment="true" id="org.eclipse.emf.cdo.tests.model2.nl_ko" unpack="false" version="3.5.0.v20090620043401" download-size="1372" install-size="1372" />
	<plugin fragment="true" id="org.eclipse.emf.cdo.tests.model3.edit.nl_ko" unpack="false" version="3.5.0.v20090620043401" download-size="1631" install-size="1631" />
	<plugin fragment="true" id="org.eclipse.emf.cdo.tests.model3.nl_ko" unpack="false" version="3.5.0.v20090620043401" download-size="1372" install-size="1372" />
	<plugin fragment="true" id="org.eclipse.emf.cdo.tests.model4.nl_ko" unpack="false" version="3.5.0.v20090620043401" download-size="1372" install-size="1372" />
	<plugin fragment="true" id="org.eclipse.emf.cdo.tests.model4interfaces.nl_ko" unpack="false" version="3.5.0.v20090620043401" download-size="1378" install-size="1378" />
	<plugin fragment="true" id="org.eclipse.emf.cdo.tests.model5.nl_ko" unpack="false" version="3.5.0.v20090620043401" download-size="1372" install-size="1372" />
	<plugin fragment="true" id="org.eclipse.emf.cdo.tests.nl_ko" unpack="false" version="3.5.0.v20090620043401" download-size="1367" install-size="1367" />
	<plugin fragment="true" id="org.eclipse.emf.cdo.ui.capabilities.nl_ko" unpack="false" version="3.5.0.v20090620043401" download-size="1373" install-size="1373" />
	<plugin fragment="true" id="org.eclipse.emf.cdo.ui.defs.nl_ko" unpack="false" version="3.5.0.v20090620043401" download-size="1369" install-size="1369" />
	<plugin fragment="true" id="org.eclipse.emf.cdo.ui.nl_ko" unpack="false" version="3.5.0.v20090620043401" download-size="4587" install-size="4587" />
	<plugin fragment="true" id="org.eclipse.emf.cheatsheets.nl_ko" unpack="false" version="3.5.0.v20090620043401" download-size="1369" install-size="1369" />
	<plugin fragment="true" id="org.eclipse.emf.codegen.ecore.nl_ko" unpack="false" version="3.5.0.v20090620043401" download-size="3249" install-size="3249" />
	<plugin fragment="true" id="org.eclipse.emf.codegen.ecore.ui.nl_ko" unpack="false" version="3.5.0.v20090620043401" download-size="7108" install-size="7108" />
	<plugin fragment="true" id="org.eclipse.emf.codegen.nl_ko" unpack="false" version="3.5.0.v20090620043401" download-size="2650" install-size="2650" />
	<plugin fragment="true" id="org.eclipse.emf.codegen.ui.nl_ko" unpack="false" version="3.5.0.v20090620043401" download-size="2154" install-size="2154" />
	<plugin fragment="true" id="org.eclipse.emf.common.nl_ko" unpack="false" version="3.5.0.v20090620043401" download-size="2068" install-size="2068" />
	<plugin fragment="true" id="org.eclipse.emf.common.ui.nl_ko" unpack="false" version="3.5.0.v20090620043401" download-size="2574" install-size="2574" />
	<plugin fragment="true" id="org.eclipse.emf.converter.nl_ko" unpack="false" version="3.5.0.v20090620043401" download-size="2430" install-size="2430" />
	<plugin fragment="true" id="org.eclipse.emf.databinding.edit.nl_ko" unpack="false" version="3.5.0.v20090620043401" download-size="1372" install-size="1372" />
	<plugin fragment="true" id="org.eclipse.emf.databinding.nl_ko" unpack="false" version="3.5.0.v20090620043401" download-size="1370" install-size="1370" />
	<plugin fragment="true" id="org.eclipse.emf.doc.nl_ko" unpack="false" version="3.5.0.v20090620043401" download-size="1649" install-size="1649" />
	<plugin fragment="true" id="org.eclipse.emf.ecore.change.edit.nl_ko" unpack="false" version="3.5.0.v20090620043401" download-size="1922" install-size="1922" />
	<plugin fragment="true" id="org.eclipse.emf.ecore.change.nl_ko" unpack="false" version="3.5.0.v20090620043401" download-size="1406" install-size="1406" />
	<plugin fragment="true" id="org.eclipse.emf.ecore.edit.nl_ko" unpack="false" version="3.5.0.v20090620043401" download-size="2965" install-size="2965" />
	<plugin fragment="true" id="org.eclipse.emf.ecore.editor.nl_ko" unpack="false" version="3.5.0.v20090620043401" download-size="2708" install-size="2708" />
	<plugin fragment="true" id="org.eclipse.emf.ecore.nl_ko" unpack="false" version="3.5.0.v20090620043401" download-size="3167" install-size="3167" />
	<plugin fragment="true" id="org.eclipse.emf.ecore.xmi.nl_ko" unpack="false" version="3.5.0.v20090620043401" download-size="1385" install-size="1385" />
	<plugin fragment="true" id="org.eclipse.emf.edit.nl_ko" unpack="false" version="3.5.0.v20090620043401" download-size="2598" install-size="2598" />
	<plugin fragment="true" id="org.eclipse.emf.edit.ui.nl_ko" unpack="false" version="3.5.0.v20090620043401" download-size="2682" install-size="2682" />
	<plugin fragment="true" id="org.eclipse.emf.example.installer.nl_ko" unpack="false" version="3.5.0.v20090620043401" download-size="1415" install-size="1415" />
	<plugin fragment="true" id="org.eclipse.emf.examples.databinding.project.core.model.nl_ko" unpack="false" version="3.5.0.v20090620043401" download-size="1391" install-size="1391" />
	<plugin fragment="true" id="org.eclipse.emf.examples.generator.validator.nl_ko" unpack="false" version="3.5.0.v20090620043401" download-size="1379" install-size="1379" />
	<plugin fragment="true" id="org.eclipse.emf.examples.jet.article2.nl_ko" unpack="false" version="3.5.0.v20090620043401" download-size="1602" install-size="1602" />
	<plugin fragment="true" id="org.eclipse.emf.examples.nl_ko" unpack="false" version="3.5.0.v20090620043401" download-size="1367" install-size="1367" />
	<plugin fragment="true" id="org.eclipse.emf.exporter.html.nl_ko" unpack="false" version="3.5.0.v20090620043401" download-size="1440" install-size="1440" />
	<plugin fragment="true" id="org.eclipse.emf.exporter.nl_ko" unpack="false" version="3.5.0.v20090620043401" download-size="1409" install-size="1409" />
	<plugin fragment="true" id="org.eclipse.emf.importer.ecore.nl_ko" unpack="false" version="3.5.0.v20090620043401" download-size="1776" install-size="1776" />
	<plugin fragment="true" id="org.eclipse.emf.importer.java.nl_ko" unpack="false" version="3.5.0.v20090620043401" download-size="1952" install-size="1952" />
	<plugin fragment="true" id="org.eclipse.emf.importer.nl_ko" unpack="false" version="3.5.0.v20090620043401" download-size="2400" install-size="2400" />
	<plugin fragment="true" id="org.eclipse.emf.importer.rose.nl_ko" unpack="false" version="3.5.0.v20090620043401" download-size="3436" install-size="3436" />
	<plugin fragment="true" id="org.eclipse.emf.java.edit.nl_ko" unpack="false" version="3.5.0.v20090620043401" download-size="2141" install-size="2141" />
	<plugin fragment="true" id="org.eclipse.emf.java.editor.nl_ko" unpack="false" version="3.5.0.v20090620043401" download-size="2074" install-size="2074" />
	<plugin fragment="true" id="org.eclipse.emf.java.nl_ko" unpack="false" version="3.5.0.v20090620043401" download-size="1365" install-size="1365" />
	<plugin fragment="true" id="org.eclipse.emf.mapping.ecore.editor.nl_ko" unpack="false" version="3.5.0.v20090620043401" download-size="1374" install-size="1374" />
	<plugin fragment="true" id="org.eclipse.emf.mapping.ecore.nl_ko" unpack="false" version="3.5.0.v20090620043401" download-size="1369" install-size="1369" />
	<plugin fragment="true" id="org.eclipse.emf.mapping.ecore2ecore.editor.nl_ko" unpack="false" version="3.5.0.v20090620043401" download-size="2560" install-size="2560" />
	<plugin fragment="true" id="org.eclipse.emf.mapping.ecore2ecore.nl_ko" unpack="false" version="3.5.0.v20090620043401" download-size="1529" install-size="1529" />
	<plugin fragment="true" id="org.eclipse.emf.mapping.ecore2xml.nl_ko" unpack="false" version="3.5.0.v20090620043401" download-size="1414" install-size="1414" />
	<plugin fragment="true" id="org.eclipse.emf.mapping.ecore2xml.ui.nl_ko" unpack="false" version="3.5.0.v20090620043401" download-size="2606" install-size="2606" />
	<plugin fragment="true" id="org.eclipse.emf.mapping.nl_ko" unpack="false" version="3.5.0.v20090620043401" download-size="2635" install-size="2635" />
	<plugin fragment="true" id="org.eclipse.emf.mapping.ui.nl_ko" unpack="false" version="3.5.0.v20090620043401" download-size="2464" install-size="2464" />
	<plugin fragment="true" id="org.eclipse.emf.mapping.xsd2ecore.editor.nl_ko" unpack="false" version="3.5.0.v20090620043401" download-size="2145" install-size="2145" />
	<plugin fragment="true" id="org.eclipse.emf.mapping.xsd2ecore.nl_ko" unpack="false" version="3.5.0.v20090620043401" download-size="1534" install-size="1534" />
	<plugin fragment="true" id="org.eclipse.emf.nl_ko" unpack="false" version="3.5.0.v20090620043401" download-size="1360" install-size="1360" />
	<plugin fragment="true" id="org.eclipse.emf.query.doc.nl_ko" unpack="false" version="3.5.0.v20090620043401" download-size="1692" install-size="1692" />
	<plugin fragment="true" id="org.eclipse.emf.query.examples.nl_ko" unpack="false" version="3.5.0.v20090620043401" download-size="1695" install-size="1695" />
	<plugin fragment="true" id="org.eclipse.emf.query.examples.ocl.nl_ko" unpack="false" version="3.5.0.v20090620043401" download-size="1378" install-size="1378" />
	<plugin fragment="true" id="org.eclipse.emf.query.examples.statements.nl_ko" unpack="false" version="3.5.0.v20090620043401" download-size="1382" install-size="1382" />
	<plugin fragment="true" id="org.eclipse.emf.query.nl_ko" unpack="false" version="3.5.0.v20090620043401" download-size="2672" install-size="2672" />
	<plugin fragment="true" id="org.eclipse.emf.query.ocl.nl_ko" unpack="false" version="3.5.0.v20090620043401" download-size="1681" install-size="1681" />
	<plugin fragment="true" id="org.eclipse.emf.query.ocl.tests.nl_ko" unpack="false" version="3.5.0.v20090620043401" download-size="1377" install-size="1377" />
	<plugin fragment="true" id="org.eclipse.emf.query.tests.nl_ko" unpack="false" version="3.5.0.v20090620043401" download-size="1374" install-size="1374" />
	<plugin fragment="true" id="org.eclipse.emf.test.build.nl_ko" unpack="false" version="3.5.0.v20090620043401" download-size="1369" install-size="1369" />
	<plugin fragment="true" id="org.eclipse.emf.test.common.nl_ko" unpack="false" version="3.5.0.v20090620043401" download-size="1809" install-size="1809" />
	<plugin fragment="true" id="org.eclipse.emf.test.core.nl_ko" unpack="false" version="3.5.0.v20090620043401" download-size="1367" install-size="1367" />
	<plugin fragment="true" id="org.eclipse.emf.test.edit.nl_ko" unpack="false" version="3.5.0.v20090620043401" download-size="2379" install-size="2379" />
	<plugin fragment="true" id="org.eclipse.emf.test.examples.nl_ko" unpack="false" version="3.5.0.v20090620043401" download-size="1370" install-size="1370" />
	<plugin fragment="true" id="org.eclipse.emf.test.tools.nl_ko" unpack="false" version="3.5.0.v20090620043401" download-size="1368" install-size="1368" />
	<plugin fragment="true" id="org.eclipse.emf.test.xml.nl_ko" unpack="false" version="3.5.0.v20090620043401" download-size="1367" install-size="1367" />
	<plugin fragment="true" id="org.eclipse.emf.tests.nl_ko" unpack="false" version="3.5.0.v20090620043401" download-size="1365" install-size="1365" />
	<plugin fragment="true" id="org.eclipse.emf.transaction.doc.nl_ko" unpack="false" version="3.5.0.v20090620043401" download-size="1711" install-size="1711" />
	<plugin fragment="true" id="org.eclipse.emf.transaction.examples.nl_ko" unpack="false" version="3.5.0.v20090620043401" download-size="1715" install-size="1715" />
	<plugin fragment="true" id="org.eclipse.emf.transaction.nl_ko" unpack="false" version="3.5.0.v20090620043401" download-size="3593" install-size="3593" />
	<plugin fragment="true" id="org.eclipse.emf.transaction.tests.nl_ko" unpack="false" version="3.5.0.v20090620043401" download-size="1377" install-size="1377" />
	<plugin fragment="true" id="org.eclipse.emf.transaction.ui.nl_ko" unpack="false" version="3.5.0.v20090620043401" download-size="2725" install-size="2725" />
	<plugin fragment="true" id="org.eclipse.emf.validation.doc.nl_ko" unpack="false" version="3.5.0.v20090620043401" download-size="1717" install-size="1717" />
	<plugin fragment="true" id="org.eclipse.emf.validation.examples.adapter.nl_ko" unpack="false" version="3.5.0.v20090620043401" download-size="1383" install-size="1383" />
	<plugin fragment="true" id="org.eclipse.emf.validation.examples.general.nl_ko" unpack="false" version="3.5.0.v20090620043401" download-size="3078" install-size="3078" />
	<plugin fragment="true" id="org.eclipse.emf.validation.examples.nl_ko" unpack="false" version="3.5.0.v20090620043401" download-size="1452" install-size="1452" />
	<plugin fragment="true" id="org.eclipse.emf.validation.examples.ocl.nl_ko" unpack="false" version="3.5.0.v20090620043401" download-size="1381" install-size="1381" />
	<plugin fragment="true" id="org.eclipse.emf.validation.nl_ko" unpack="false" version="3.5.0.v20090620043401" download-size="5167" install-size="5167" />
	<plugin fragment="true" id="org.eclipse.emf.validation.ocl.nl_ko" unpack="false" version="3.5.0.v20090620043401" download-size="1729" install-size="1729" />
	<plugin fragment="true" id="org.eclipse.emf.validation.tests.nl_ko" unpack="false" version="3.5.0.v20090620043401" download-size="1377" install-size="1377" />
	<plugin fragment="true" id="org.eclipse.emf.validation.ui.ide.nl_ko" unpack="false" version="3.5.0.v20090620043401" download-size="2900" install-size="2900" />
	<plugin fragment="true" id="org.eclipse.emf.validation.ui.nl_ko" unpack="false" version="3.5.0.v20090620043401" download-size="3611" install-size="3611" />
	<plugin fragment="true" id="org.eclipse.emf.workspace.doc.nl_ko" unpack="false" version="3.5.0.v20090620043401" download-size="1710" install-size="1710" />
	<plugin fragment="true" id="org.eclipse.emf.workspace.examples.library.editor.nl_ko" unpack="false" version="3.5.0.v20090620043401" download-size="2156" install-size="2156" />
	<plugin fragment="true" id="org.eclipse.emf.workspace.examples.nl_ko" unpack="false" version="3.5.0.v20090620043401" download-size="1380" install-size="1380" />
	<plugin fragment="true" id="org.eclipse.emf.workspace.nl_ko" unpack="false" version="3.5.0.v20090620043401" download-size="3325" install-size="3325" />
	<plugin fragment="true" id="org.eclipse.emf.workspace.tests.nl_ko" unpack="false" version="3.5.0.v20090620043401" download-size="1377" install-size="1377" />
	<plugin fragment="true" id="org.eclipse.emf.workspace.ui.nl_ko" unpack="false" version="3.5.0.v20090620043401" download-size="1422" install-size="1422" />
	<plugin fragment="true" id="org.eclipse.net4j.buddies.chat.nl_ko" unpack="false" version="3.5.0.v20090620043401" download-size="1372" install-size="1372" />
	<plugin fragment="true" id="org.eclipse.net4j.buddies.chat.ui.nl_ko" unpack="false" version="3.5.0.v20090620043401" download-size="1373" install-size="1373" />
	<plugin fragment="true" id="org.eclipse.net4j.buddies.common.nl_ko" unpack="false" version="3.5.0.v20090620043401" download-size="1372" install-size="1372" />
	<plugin fragment="true" id="org.eclipse.net4j.buddies.nl_ko" unpack="false" version="3.5.0.v20090620043401" download-size="1368" install-size="1368" />
	<plugin fragment="true" id="org.eclipse.net4j.buddies.server.nl_ko" unpack="false" version="3.5.0.v20090620043401" download-size="1372" install-size="1372" />
	<plugin fragment="true" id="org.eclipse.net4j.buddies.ui.nl_ko" unpack="false" version="3.5.0.v20090620043401" download-size="2701" install-size="2701" />
	<plugin fragment="true" id="org.eclipse.net4j.db.derby.nl_ko" unpack="false" version="3.5.0.v20090620043401" download-size="1369" install-size="1369" />
	<plugin fragment="true" id="org.eclipse.net4j.db.hsqldb.nl_ko" unpack="false" version="3.5.0.v20090620043401" download-size="1370" install-size="1370" />
	<plugin fragment="true" id="org.eclipse.net4j.db.mysql.nl_ko" unpack="false" version="3.5.0.v20090620043401" download-size="1370" install-size="1370" />
	<plugin fragment="true" id="org.eclipse.net4j.db.nl_ko" unpack="false" version="3.5.0.v20090620043401" download-size="1365" install-size="1365" />
	<plugin fragment="true" id="org.eclipse.net4j.db.postgresql.nl_ko" unpack="false" version="3.5.0.v20090620043401" download-size="1372" install-size="1372" />
	<plugin fragment="true" id="org.eclipse.net4j.debug.nl_ko" unpack="false" version="3.5.0.v20090620043401" download-size="2502" install-size="2502" />
	<plugin fragment="true" id="org.eclipse.net4j.defs.nl_ko" unpack="false" version="3.5.0.v20090620043401" download-size="1366" install-size="1366" />
	<plugin fragment="true" id="org.eclipse.net4j.doc.nl_ko" unpack="false" version="3.5.0.v20090620043401" download-size="1365" install-size="1365" />
	<plugin fragment="true" id="org.eclipse.net4j.examples.nl_ko" unpack="false" version="3.5.0.v20090620043401" download-size="1369" install-size="1369" />
	<plugin fragment="true" id="org.eclipse.net4j.http.common.nl_ko" unpack="false" version="3.5.0.v20090620043401" download-size="1371" install-size="1371" />
	<plugin fragment="true" id="org.eclipse.net4j.http.nl_ko" unpack="false" version="3.5.0.v20090620043401" download-size="1366" install-size="1366" />
	<plugin fragment="true" id="org.eclipse.net4j.http.server.nl_ko" unpack="false" version="3.5.0.v20090620043401" download-size="1371" install-size="1371" />
	<plugin fragment="true" id="org.eclipse.net4j.http.tests.nl_ko" unpack="false" version="3.5.0.v20090620043401" download-size="1370" install-size="1370" />
	<plugin fragment="true" id="org.eclipse.net4j.jms.admin.nl_ko" unpack="false" version="3.5.0.v20090620043401" download-size="1370" install-size="1370" />
	<plugin fragment="true" id="org.eclipse.net4j.jms.api.nl_ko" unpack="false" version="3.5.0.v20090620043401" download-size="1368" install-size="1368" />
	<plugin fragment="true" id="org.eclipse.net4j.jms.nl_ko" unpack="false" version="3.5.0.v20090620043401" download-size="1366" install-size="1366" />
	<plugin fragment="true" id="org.eclipse.net4j.jms.server.jdbc.nl_ko" unpack="false" version="3.5.0.v20090620043401" download-size="1373" install-size="1373" />
	<plugin fragment="true" id="org.eclipse.net4j.jms.server.nl_ko" unpack="false" version="3.5.0.v20090620043401" download-size="1370" install-size="1370" />
	<plugin fragment="true" id="org.eclipse.net4j.jms.tests.nl_ko" unpack="false" version="3.5.0.v20090620043401" download-size="1369" install-size="1369" />
	<plugin fragment="true" id="org.eclipse.net4j.jvm.nl_ko" unpack="false" version="3.5.0.v20090620043401" download-size="1366" install-size="1366" />
	<plugin fragment="true" id="org.eclipse.net4j.nl_ko" unpack="false" version="3.5.0.v20090620043401" download-size="1363" install-size="1363" />
	<plugin fragment="true" id="org.eclipse.net4j.tcp.nl_ko" unpack="false" version="3.5.0.v20090620043401" download-size="1365" install-size="1365" />
	<plugin fragment="true" id="org.eclipse.net4j.tests.nl_ko" unpack="false" version="3.5.0.v20090620043401" download-size="1366" install-size="1366" />
	<plugin fragment="true" id="org.eclipse.net4j.ui.capabilities.nl_ko" unpack="false" version="3.5.0.v20090620043401" download-size="1372" install-size="1372" />
	<plugin fragment="true" id="org.eclipse.net4j.ui.defs.nl_ko" unpack="false" version="3.5.0.v20090620043401" download-size="1368" install-size="1368" />
	<plugin fragment="true" id="org.eclipse.net4j.ui.nl_ko" unpack="false" version="3.5.0.v20090620043401" download-size="2397" install-size="2397" />
	<plugin fragment="true" id="org.eclipse.net4j.util.defs.nl_ko" unpack="false" version="3.5.0.v20090620043401" download-size="1369" install-size="1369" />
	<plugin fragment="true" id="org.eclipse.net4j.util.nl_ko" unpack="false" version="3.5.0.v20090620043401" download-size="1366" install-size="1366" />
	<plugin fragment="true" id="org.eclipse.net4j.util.ui.nl_ko" unpack="false" version="3.5.0.v20090620043401" download-size="8815" install-size="8815" />
	<plugin fragment="true" id="org.eclipse.xsd.cheatsheets.nl_ko" unpack="false" version="3.5.0.v20090620043401" download-size="1370" install-size="1370" />
	<plugin fragment="true" id="org.eclipse.xsd.doc.nl_ko" unpack="false" version="3.5.0.v20090620043401" download-size="1656" install-size="1656" />
	<plugin fragment="true" id="org.eclipse.xsd.ecore.converter.nl_ko" unpack="false" version="3.5.0.v20090620043401" download-size="1370" install-size="1370" />
	<plugin fragment="true" id="org.eclipse.xsd.ecore.exporter.nl_ko" unpack="false" version="3.5.0.v20090620043401" download-size="1613" install-size="1613" />
	<plugin fragment="true" id="org.eclipse.xsd.ecore.importer.nl_ko" unpack="false" version="3.5.0.v20090620043401" download-size="1846" install-size="1846" />
	<plugin fragment="true" id="org.eclipse.xsd.edit.nl_ko" unpack="false" version="3.5.0.v20090620043401" download-size="4888" install-size="4888" />
	<plugin fragment="true" id="org.eclipse.xsd.editor.nl_ko" unpack="false" version="3.5.0.v20090620043401" download-size="2378" install-size="2378" />
	<plugin fragment="true" id="org.eclipse.xsd.example.installer.nl_ko" unpack="false" version="3.5.0.v20090620043401" download-size="1372" install-size="1372" />
	<plugin fragment="true" id="org.eclipse.xsd.example.nl_ko" unpack="false" version="3.5.0.v20090620043401" download-size="1367" install-size="1367" />
	<plugin fragment="true" id="org.eclipse.xsd.mapping.editor.nl_ko" unpack="false" version="3.5.0.v20090620043401" download-size="1370" install-size="1370" />
	<plugin fragment="true" id="org.eclipse.xsd.mapping.nl_ko" unpack="false" version="3.5.0.v20090620043401" download-size="1367" install-size="1367" />
	<plugin fragment="true" id="org.eclipse.xsd.nl_ko" unpack="false" version="3.5.0.v20090620043401" download-size="1776" install-size="1776" />
</feature>