<?xml version="1.0" encoding="UTF-8" ?>
<feature
	id="org.eclipse.babel.nls_technology.packaging_da"
	label="Babel Language Pack for technology.packaging in Danish (11.11%)"
	image="eclipse_update_120.jpg"
	provider-name="%providerName"
	version="3.5.0.v20090620043401">
	<copyright>
		%copyright
	</copyright>
	<license url="%licenseURL">
		%license
	</license>
	<description>Babel Language Pack for technology.packaging in Danish</description>
	<plugin fragment="true" id="org.eclipse.epp.usagedata.gathering.nl_da" unpack="false" version="3.5.0.v20090620043401" download-size="1378" install-size="1378" />
	<plugin fragment="true" id="org.eclipse.epp.usagedata.recording.nl_da" unpack="false" version="3.5.0.v20090620043401" download-size="1378" install-size="1378" />
	<plugin fragment="true" id="org.eclipse.epp.usagedata.ui.nl_da" unpack="false" version="3.5.0.v20090620043401" download-size="3080" install-size="3080" />
</feature>