<?xml version="1.0" encoding="UTF-8" ?>
<feature
	id="org.eclipse.babel.nls_webtools.ejbtools_pt"
	label="Babel Language Pack for webtools.ejbtools in Portuguese (96.28%)"
	image="eclipse_update_120.jpg"
	provider-name="%providerName"
	version="3.5.0.v20090620043401">
	<copyright>
		%copyright
	</copyright>
	<license url="%licenseURL">
		%license
	</license>
	<description>Babel Language Pack for webtools.ejbtools in Portuguese</description>
	<plugin fragment="true" id="org.eclipse.jst.ejb.doc.user.nl_pt" unpack="false" version="3.5.0.v20090620043401" download-size="1379" install-size="1379" />
	<plugin fragment="true" id="org.eclipse.jst.ejb.ui.infopop.nl_pt" unpack="false" version="3.5.0.v20090620043401" download-size="1375" install-size="1375" />
	<plugin fragment="true" id="org.eclipse.jst.ejb.ui.nl_pt" unpack="false" version="3.5.0.v20090620043401" download-size="3746" install-size="3746" />
	<plugin fragment="true" id="org.eclipse.jst.j2ee.ejb.annotation.model.nl_pt" unpack="false" version="3.5.0.v20090620043401" download-size="3624" install-size="3624" />
	<plugin fragment="true" id="org.eclipse.jst.j2ee.ejb.annotations.emitter.nl_pt" unpack="false" version="3.5.0.v20090620043401" download-size="1386" install-size="1386" />
	<plugin fragment="true" id="org.eclipse.jst.j2ee.ejb.annotations.ui.nl_pt" unpack="false" version="3.5.0.v20090620043401" download-size="3891" install-size="3891" />
	<plugin fragment="true" id="org.eclipse.jst.j2ee.ejb.annotations.xdoclet.nl_pt" unpack="false" version="3.5.0.v20090620043401" download-size="3549" install-size="3549" />
	<plugin fragment="true" id="org.eclipse.jst.j2ee.ejb.nl_pt" unpack="false" version="3.5.0.v20090620043401" download-size="24624" install-size="24624" />
	<plugin fragment="true" id="org.eclipse.jst.jee.ejb.nl_pt" unpack="false" version="3.5.0.v20090620043401" download-size="1374" install-size="1374" />
</feature>