<?xml version="1.0" encoding="UTF-8" ?>
<feature
	id="org.eclipse.babel.nls_birt_no"
	label="Babel Language Pack for birt in Norwegian (70.31%)"
	image="eclipse_update_120.jpg"
	provider-name="%providerName"
	version="3.5.0.v20090620043401">
	<copyright>
		%copyright
	</copyright>
	<license url="%licenseURL">
		%license
	</license>
	<description>Babel Language Pack for birt in Norwegian</description>
	<plugin fragment="true" id="org.eclipse.birt.chart.cshelp.nl_no" unpack="false" version="3.5.0.v20090620043401" download-size="1502" install-size="1502" />
	<plugin fragment="true" id="org.eclipse.birt.chart.device.extension.nl_no" unpack="false" version="3.5.0.v20090620043401" download-size="3566" install-size="3566" />
	<plugin fragment="true" id="org.eclipse.birt.chart.device.svg.nl_no" unpack="false" version="3.5.0.v20090620043401" download-size="2899" install-size="2899" />
	<plugin fragment="true" id="org.eclipse.birt.chart.device.swt.nl_no" unpack="false" version="3.5.0.v20090620043401" download-size="2915" install-size="2915" />
	<plugin fragment="true" id="org.eclipse.birt.chart.doc.isv.nl_no" unpack="false" version="3.5.0.v20090620043401" download-size="1498" install-size="1498" />
	<plugin fragment="true" id="org.eclipse.birt.chart.engine.extension.nl_no" unpack="false" version="3.5.0.v20090620043401" download-size="4328" install-size="4328" />
	<plugin fragment="true" id="org.eclipse.birt.chart.engine.nl_no" unpack="false" version="3.5.0.v20090620043401" download-size="8250" install-size="8250" />
	<plugin fragment="true" id="org.eclipse.birt.chart.examples.nl_no" unpack="false" version="3.5.0.v20090620043401" download-size="2490" install-size="2490" />
	<plugin fragment="true" id="org.eclipse.birt.chart.integration.wtp.ui.nl_no" unpack="false" version="3.5.0.v20090620043401" download-size="2766" install-size="2766" />
	<plugin fragment="true" id="org.eclipse.birt.chart.reportitem.nl_no" unpack="false" version="3.5.0.v20090620043401" download-size="3455" install-size="3455" />
	<plugin fragment="true" id="org.eclipse.birt.chart.reportitem.ui.nl_no" unpack="false" version="3.5.0.v20090620043401" download-size="3903" install-size="3903" />
	<plugin fragment="true" id="org.eclipse.birt.chart.runtime.nl_no" unpack="false" version="3.5.0.v20090620043401" download-size="1492" install-size="1492" />
	<plugin fragment="true" id="org.eclipse.birt.chart.ui.extension.nl_no" unpack="false" version="3.5.0.v20090620043401" download-size="12869" install-size="12869" />
	<plugin fragment="true" id="org.eclipse.birt.chart.ui.nl_no" unpack="false" version="3.5.0.v20090620043401" download-size="3693" install-size="3693" />
	<plugin fragment="true" id="org.eclipse.birt.core.nl_no" unpack="false" version="3.5.0.v20090620043401" download-size="2118" install-size="2118" />
	<plugin fragment="true" id="org.eclipse.birt.core.script.function.nl_no" unpack="false" version="3.5.0.v20090620043401" download-size="1437" install-size="1437" />
	<plugin fragment="true" id="org.eclipse.birt.core.ui.nl_no" unpack="false" version="3.5.0.v20090620043401" download-size="2587" install-size="2587" />
	<plugin fragment="true" id="org.eclipse.birt.cshelp.nl_no" unpack="false" version="3.5.0.v20090620043401" download-size="1490" install-size="1490" />
	<plugin fragment="true" id="org.eclipse.birt.data.aggregation.nl_no" unpack="false" version="3.5.0.v20090620043401" download-size="2320" install-size="2320" />
	<plugin fragment="true" id="org.eclipse.birt.data.nl_no" unpack="false" version="3.5.0.v20090620043401" download-size="7019" install-size="7019" />
	<plugin fragment="true" id="org.eclipse.birt.data.tests.nl_no" unpack="false" version="3.5.0.v20090620043401" download-size="1385" install-size="1385" />
	<plugin fragment="true" id="org.eclipse.birt.doc.isv.nl_no" unpack="false" version="3.5.0.v20090620043401" download-size="1490" install-size="1490" />
	<plugin fragment="true" id="org.eclipse.birt.doc.nl_no" unpack="false" version="3.5.0.v20090620043401" download-size="1485" install-size="1485" />
	<plugin fragment="true" id="org.eclipse.birt.example.nl_no" unpack="false" version="3.5.0.v20090620043401" download-size="1480" install-size="1480" />
	<plugin fragment="true" id="org.eclipse.birt.integration.wtp.ui.nl_no" unpack="false" version="3.5.0.v20090620043401" download-size="2727" install-size="2727" />
	<plugin fragment="true" id="org.eclipse.birt.nl_no" unpack="false" version="3.5.0.v20090620043401" download-size="1408" install-size="1408" />
	<plugin fragment="true" id="org.eclipse.birt.report.data.adapter.nl_no" unpack="false" version="3.5.0.v20090620043401" download-size="2590" install-size="2590" />
	<plugin fragment="true" id="org.eclipse.birt.report.data.oda.jdbc.dbprofile.nl_no" unpack="false" version="3.5.0.v20090620043401" download-size="1516" install-size="1516" />
	<plugin fragment="true" id="org.eclipse.birt.report.data.oda.jdbc.dbprofile.ui.nl_no" unpack="false" version="3.5.0.v20090620043401" download-size="1414" install-size="1414" />
	<plugin fragment="true" id="org.eclipse.birt.report.data.oda.jdbc.nl_no" unpack="false" version="3.5.0.v20090620043401" download-size="4226" install-size="4226" />
	<plugin fragment="true" id="org.eclipse.birt.report.data.oda.jdbc.ui.nl_no" unpack="false" version="3.5.0.v20090620043401" download-size="5144" install-size="5144" />
	<plugin fragment="true" id="org.eclipse.birt.report.data.oda.sampledb.nl_no" unpack="false" version="3.5.0.v20090620043401" download-size="1605" install-size="1605" />
	<plugin fragment="true" id="org.eclipse.birt.report.data.oda.sampledb.ui.nl_no" unpack="false" version="3.5.0.v20090620043401" download-size="3362" install-size="3362" />
	<plugin fragment="true" id="org.eclipse.birt.report.data.oda.xml.nl_no" unpack="false" version="3.5.0.v20090620043401" download-size="2993" install-size="2993" />
	<plugin fragment="true" id="org.eclipse.birt.report.data.oda.xml.ui.nl_no" unpack="false" version="3.5.0.v20090620043401" download-size="1694" install-size="1694" />
	<plugin fragment="true" id="org.eclipse.birt.report.debug.core.nl_no" unpack="false" version="3.5.0.v20090620043401" download-size="1506" install-size="1506" />
	<plugin fragment="true" id="org.eclipse.birt.report.debug.ui.nl_no" unpack="false" version="3.5.0.v20090620043401" download-size="2749" install-size="2749" />
	<plugin fragment="true" id="org.eclipse.birt.report.designer.core.nl_no" unpack="false" version="3.5.0.v20090620043401" download-size="31879" install-size="31879" />
	<plugin fragment="true" id="org.eclipse.birt.report.designer.nl_no" unpack="false" version="3.5.0.v20090620043401" download-size="1493" install-size="1493" />
	<plugin fragment="true" id="org.eclipse.birt.report.designer.tests.nl_no" unpack="false" version="3.5.0.v20090620043401" download-size="2624" install-size="2624" />
	<plugin fragment="true" id="org.eclipse.birt.report.designer.ui.cubebuilder.nl_no" unpack="false" version="3.5.0.v20090620043401" download-size="3171" install-size="3171" />
	<plugin fragment="true" id="org.eclipse.birt.report.designer.ui.editor.script.nl_no" unpack="false" version="3.5.0.v20090620043401" download-size="1407" install-size="1407" />
	<plugin fragment="true" id="org.eclipse.birt.report.designer.ui.editor.xml.wtp.nl_no" unpack="false" version="3.5.0.v20090620043401" download-size="1765" install-size="1765" />
	<plugin fragment="true" id="org.eclipse.birt.report.designer.ui.editors.nl_no" unpack="false" version="3.5.0.v20090620043401" download-size="1395" install-size="1395" />
	<plugin fragment="true" id="org.eclipse.birt.report.designer.ui.editors.schematic.nl_no" unpack="false" version="3.5.0.v20090620043401" download-size="1516" install-size="1516" />
	<plugin fragment="true" id="org.eclipse.birt.report.designer.ui.ide.nl_no" unpack="false" version="3.5.0.v20090620043401" download-size="1650" install-size="1650" />
	<plugin fragment="true" id="org.eclipse.birt.report.designer.ui.lib.explorer.nl_no" unpack="false" version="3.5.0.v20090620043401" download-size="1394" install-size="1394" />
	<plugin fragment="true" id="org.eclipse.birt.report.designer.ui.lib.nl_no" unpack="false" version="3.5.0.v20090620043401" download-size="1579" install-size="1579" />
	<plugin fragment="true" id="org.eclipse.birt.report.designer.ui.nl_no" unpack="false" version="3.5.0.v20090620043401" download-size="1801" install-size="1801" />
	<plugin fragment="true" id="org.eclipse.birt.report.designer.ui.preview.nl_no" unpack="false" version="3.5.0.v20090620043401" download-size="1467" install-size="1467" />
	<plugin fragment="true" id="org.eclipse.birt.report.designer.ui.preview.web.nl_no" unpack="false" version="3.5.0.v20090620043401" download-size="1501" install-size="1501" />
	<plugin fragment="true" id="org.eclipse.birt.report.designer.ui.rcp.nl_no" unpack="false" version="3.5.0.v20090620043401" download-size="3038" install-size="3038" />
	<plugin fragment="true" id="org.eclipse.birt.report.designer.ui.samples.ide.nl_no" unpack="false" version="3.5.0.v20090620043401" download-size="3019" install-size="3019" />
	<plugin fragment="true" id="org.eclipse.birt.report.designer.ui.views.nl_no" unpack="false" version="3.5.0.v20090620043401" download-size="1402" install-size="1402" />
	<plugin fragment="true" id="org.eclipse.birt.report.engine.emitter.config.html.nl_no" unpack="false" version="3.5.0.v20090620043401" download-size="2790" install-size="2790" />
	<plugin fragment="true" id="org.eclipse.birt.report.engine.emitter.config.pdf.nl_no" unpack="false" version="3.5.0.v20090620043401" download-size="2743" install-size="2743" />
	<plugin fragment="true" id="org.eclipse.birt.report.engine.nl_no" unpack="false" version="3.5.0.v20090620043401" download-size="3099" install-size="3099" />
	<plugin fragment="true" id="org.eclipse.birt.report.item.crosstab.core.nl_no" unpack="false" version="3.5.0.v20090620043401" download-size="3095" install-size="3095" />
	<plugin fragment="true" id="org.eclipse.birt.report.item.crosstab.ui.nl_no" unpack="false" version="3.5.0.v20090620043401" download-size="4080" install-size="4080" />
	<plugin fragment="true" id="org.eclipse.birt.report.model.nl_no" unpack="false" version="3.5.0.v20090620043401" download-size="33084" install-size="33084" />
	<plugin fragment="true" id="org.eclipse.birt.report.model.tests.nl_no" unpack="false" version="3.5.0.v20090620043401" download-size="2313" install-size="2313" />
	<plugin fragment="true" id="org.eclipse.birt.report.runtime.nl_no" unpack="false" version="3.5.0.v20090620043401" download-size="1489" install-size="1489" />
	<plugin fragment="true" id="org.eclipse.birt.report.viewer.nl_no" unpack="false" version="3.5.0.v20090620043401" download-size="3457" install-size="3457" />
	<plugin fragment="true" id="org.eclipse.birt.resources.nl_no" unpack="false" version="3.5.0.v20090620043401" download-size="1425" install-size="1425" />
	<plugin fragment="true" id="org.eclipse.birt.sdk.nl_no" unpack="false" version="3.5.0.v20090620043401" download-size="1498" install-size="1498" />
	<plugin fragment="true" id="org.eclipse.birt.tests.data.nl_no" unpack="false" version="3.5.0.v20090620043401" download-size="1385" install-size="1385" />
</feature>