<?xml version="1.0" encoding="UTF-8" ?>
<feature
	id="org.eclipse.babel.nls_modeling.tmf_zh"
	label="Babel Language Pack for modeling.tmf in Chinese (Simplified) (46.15%)"
	image="eclipse_update_120.jpg"
	provider-name="%providerName"
	version="3.5.0.v20090620043401">
	<copyright>
		%copyright
	</copyright>
	<license url="%licenseURL">
		%license
	</license>
	<description>Babel Language Pack for modeling.tmf in Chinese (Simplified)</description>
	<plugin fragment="true" id="org.eclipse.xtext.activities.nl_zh" unpack="false" version="3.5.0.v20090620043401" download-size="1380" install-size="1380" />
	<plugin fragment="true" id="org.eclipse.xtext.bootstrap.nl_zh" unpack="false" version="3.5.0.v20090620043401" download-size="1380" install-size="1380" />
	<plugin fragment="true" id="org.eclipse.xtext.doc.nl_zh" unpack="false" version="3.5.0.v20090620043401" download-size="1377" install-size="1377" />
	<plugin fragment="true" id="org.eclipse.xtext.example.domainmodel.nl_zh" unpack="false" version="3.5.0.v20090620043401" download-size="1395" install-size="1395" />
	<plugin fragment="true" id="org.eclipse.xtext.example.ecoredsl.nl_zh" unpack="false" version="3.5.0.v20090620043401" download-size="1390" install-size="1390" />
	<plugin fragment="true" id="org.eclipse.xtext.example.fowlerdsl.nl_zh" unpack="false" version="3.5.0.v20090620043401" download-size="1390" install-size="1390" />
	<plugin fragment="true" id="org.eclipse.xtext.generator.nl_zh" unpack="false" version="3.5.0.v20090620043401" download-size="1627" install-size="1627" />
	<plugin fragment="true" id="org.eclipse.xtext.generator.tests.nl_zh" unpack="false" version="3.5.0.v20090620043401" download-size="1636" install-size="1636" />
	<plugin fragment="true" id="org.eclipse.xtext.logging.nl_zh" unpack="false" version="3.5.0.v20090620043401" download-size="1379" install-size="1379" />
	<plugin fragment="true" id="org.eclipse.xtext.nl_zh" unpack="false" version="3.5.0.v20090620043401" download-size="1621" install-size="1621" />
	<plugin fragment="true" id="org.eclipse.xtext.reference.nl_zh" unpack="false" version="3.5.0.v20090620043401" download-size="1385" install-size="1385" />
	<plugin fragment="true" id="org.eclipse.xtext.ui.common.nl_zh" unpack="false" version="3.5.0.v20090620043401" download-size="1380" install-size="1380" />
	<plugin fragment="true" id="org.eclipse.xtext.ui.common.tests.nl_zh" unpack="false" version="3.5.0.v20090620043401" download-size="1388" install-size="1388" />
	<plugin fragment="true" id="org.eclipse.xtext.ui.core.nl_zh" unpack="false" version="3.5.0.v20090620043401" download-size="3057" install-size="3057" />
	<plugin fragment="true" id="org.eclipse.xtext.ui.integration.tests.nl_zh" unpack="false" version="3.5.0.v20090620043401" download-size="1391" install-size="1391" />
	<plugin fragment="true" id="org.eclipse.xtext.util.nl_zh" unpack="false" version="3.5.0.v20090620043401" download-size="1377" install-size="1377" />
	<plugin fragment="true" id="org.eclipse.xtext.xtend.tests.nl_zh" unpack="false" version="3.5.0.v20090620043401" download-size="1386" install-size="1386" />
	<plugin fragment="true" id="org.eclipse.xtext.xtext.ui.nl_zh" unpack="false" version="3.5.0.v20090620043401" download-size="2065" install-size="2065" />
</feature>