<?xml version="1.0" encoding="UTF-8" ?>
<feature
	id="org.eclipse.babel.nls_webtools.jeetools_da"
	label="Babel Language Pack for webtools.jeetools in Danish (94.79%)"
	image="eclipse_update_120.jpg"
	provider-name="%providerName"
	version="3.5.0.v20090620043401">
	<copyright>
		%copyright
	</copyright>
	<license url="%licenseURL">
		%license
	</license>
	<description>Babel Language Pack for webtools.jeetools in Danish</description>
	<plugin fragment="true" id="org.eclipse.jem.beaninfo.nl_da" unpack="false" version="3.5.0.v20090620043401" download-size="3166" install-size="3166" />
	<plugin fragment="true" id="org.eclipse.jem.beaninfo.vm.common.nl_da" unpack="false" version="3.5.0.v20090620043401" download-size="1378" install-size="1378" />
	<plugin fragment="true" id="org.eclipse.jem.beaninfo.vm.nl_da" unpack="false" version="3.5.0.v20090620043401" download-size="2992" install-size="2992" />
	<plugin fragment="true" id="org.eclipse.jem.nl_da" unpack="false" version="3.5.0.v20090620043401" download-size="3934" install-size="3934" />
	<plugin fragment="true" id="org.eclipse.jem.proxy.nl_da" unpack="false" version="3.5.0.v20090620043401" download-size="7152" install-size="7152" />
	<plugin fragment="true" id="org.eclipse.jem.tests.nl_da" unpack="false" version="3.5.0.v20090620043401" download-size="1365" install-size="1365" />
	<plugin fragment="true" id="org.eclipse.jem.workbench.nl_da" unpack="false" version="3.5.0.v20090620043401" download-size="2480" install-size="2480" />
	<plugin fragment="true" id="org.eclipse.jst.j2ee.core.nl_da" unpack="false" version="3.5.0.v20090620043401" download-size="29798" install-size="29798" />
	<plugin fragment="true" id="org.eclipse.jst.j2ee.doc.user.nl_da" unpack="false" version="3.5.0.v20090620043401" download-size="1415" install-size="1415" />
	<plugin fragment="true" id="org.eclipse.jst.j2ee.infopop.nl_da" unpack="false" version="3.5.0.v20090620043401" download-size="1416" install-size="1416" />
	<plugin fragment="true" id="org.eclipse.jst.j2ee.jca.nl_da" unpack="false" version="3.5.0.v20090620043401" download-size="2477" install-size="2477" />
	<plugin fragment="true" id="org.eclipse.jst.j2ee.jca.ui.nl_da" unpack="false" version="3.5.0.v20090620043401" download-size="2027" install-size="2027" />
	<plugin fragment="true" id="org.eclipse.jst.j2ee.navigator.ui.nl_da" unpack="false" version="3.5.0.v20090620043401" download-size="3496" install-size="3496" />
	<plugin fragment="true" id="org.eclipse.jst.j2ee.nl_da" unpack="false" version="3.5.0.v20090620043401" download-size="26658" install-size="26658" />
	<plugin fragment="true" id="org.eclipse.jst.j2ee.ui.nl_da" unpack="false" version="3.5.0.v20090620043401" download-size="15274" install-size="15274" />
	<plugin fragment="true" id="org.eclipse.jst.j2ee.web.nl_da" unpack="false" version="3.5.0.v20090620043401" download-size="18702" install-size="18702" />
	<plugin fragment="true" id="org.eclipse.jst.j2ee.webservice.nl_da" unpack="false" version="3.5.0.v20090620043401" download-size="2704" install-size="2704" />
	<plugin fragment="true" id="org.eclipse.jst.j2ee.webservice.ui.nl_da" unpack="false" version="3.5.0.v20090620043401" download-size="2418" install-size="2418" />
	<plugin fragment="true" id="org.eclipse.jst.j2ee.xdoclet.runtime.nl_da" unpack="false" version="3.5.0.v20090620043401" download-size="2327" install-size="2327" />
	<plugin fragment="true" id="org.eclipse.jst.jee.nl_da" unpack="false" version="3.5.0.v20090620043401" download-size="1368" install-size="1368" />
	<plugin fragment="true" id="org.eclipse.jst.jee.ui.nl_da" unpack="false" version="3.5.0.v20090620043401" download-size="2604" install-size="2604" />
	<plugin fragment="true" id="org.eclipse.jst.jee.web.nl_da" unpack="false" version="3.5.0.v20090620043401" download-size="1371" install-size="1371" />
	<plugin fragment="true" id="org.eclipse.jst.servlet.ui.infopop.nl_da" unpack="false" version="3.5.0.v20090620043401" download-size="1397" install-size="1397" />
	<plugin fragment="true" id="org.eclipse.jst.servlet.ui.nl_da" unpack="false" version="3.5.0.v20090620043401" download-size="5544" install-size="5544" />
	<plugin fragment="true" id="org.eclipse.wst.web.ui.infopop.nl_da" unpack="false" version="3.5.0.v20090620043401" download-size="1407" install-size="1407" />
</feature>