<?xml version="1.0" encoding="UTF-8" ?>
<feature
	id="org.eclipse.babel.nls_webtools.dali_en_AA"
	label="Babel Language Pack for webtools.dali in Pseudo Translations (100%)"
	image="eclipse_update_120.jpg"
	provider-name="%providerName"
	version="3.5.0.v20090620043401">
	<copyright>
		%copyright
	</copyright>
	<license url="%licenseURL">
		%license
	</license>
	<description>Babel Language Pack for webtools.dali in Pseudo Translations</description>
	<plugin fragment="true" id="org.eclipse.jpt.branding.nl_en_AA" unpack="false" version="3.5.0.v20090620043401" download-size="1784" install-size="1784" />
	<plugin fragment="true" id="org.eclipse.jpt.core.nl_en_AA" unpack="false" version="3.5.0.v20090620043401" download-size="5845" install-size="5845" />
	<plugin fragment="true" id="org.eclipse.jpt.db.nl_en_AA" unpack="false" version="3.5.0.v20090620043401" download-size="1445" install-size="1445" />
	<plugin fragment="true" id="org.eclipse.jpt.db.ui.nl_en_AA" unpack="false" version="3.5.0.v20090620043401" download-size="1449" install-size="1449" />
	<plugin fragment="true" id="org.eclipse.jpt.doc.isv.nl_en_AA" unpack="false" version="3.5.0.v20090620043401" download-size="1457" install-size="1457" />
	<plugin fragment="true" id="org.eclipse.jpt.doc.user.nl_en_AA" unpack="false" version="3.5.0.v20090620043401" download-size="1590" install-size="1590" />
	<plugin fragment="true" id="org.eclipse.jpt.eclipselink.branding.nl_en_AA" unpack="false" version="3.5.0.v20090620043401" download-size="1816" install-size="1816" />
	<plugin fragment="true" id="org.eclipse.jpt.eclipselink.core.ddlgen.nl_en_AA" unpack="false" version="3.5.0.v20090620043401" download-size="1476" install-size="1476" />
	<plugin fragment="true" id="org.eclipse.jpt.eclipselink.core.nl_en_AA" unpack="false" version="3.5.0.v20090620043401" download-size="2151" install-size="2151" />
	<plugin fragment="true" id="org.eclipse.jpt.eclipselink.ui.nl_en_AA" unpack="false" version="3.5.0.v20090620043401" download-size="7444" install-size="7444" />
	<plugin fragment="true" id="org.eclipse.jpt.gen.nl_en_AA" unpack="false" version="3.5.0.v20090620043401" download-size="1819" install-size="1819" />
	<plugin fragment="true" id="org.eclipse.jpt.ui.nl_en_AA" unpack="false" version="3.5.0.v20090620043401" download-size="13329" install-size="13329" />
	<plugin fragment="true" id="org.eclipse.jpt.utility.nl_en_AA" unpack="false" version="3.5.0.v20090620043401" download-size="1450" install-size="1450" />
</feature>