<?xml version="1.0" encoding="UTF-8" ?>
<feature
	id="org.eclipse.babel.nls_webtools.jeetools_fr"
	label="Babel Language Pack for webtools.jeetools in French (98.05%)"
	image="eclipse_update_120.jpg"
	provider-name="%providerName"
	version="3.5.0.v20090620043401">
	<copyright>
		%copyright
	</copyright>
	<license url="%licenseURL">
		%license
	</license>
	<description>Babel Language Pack for webtools.jeetools in French</description>
	<plugin fragment="true" id="org.eclipse.jem.beaninfo.nl_fr" unpack="false" version="3.5.0.v20090620043401" download-size="3173" install-size="3173" />
	<plugin fragment="true" id="org.eclipse.jem.beaninfo.vm.common.nl_fr" unpack="false" version="3.5.0.v20090620043401" download-size="1379" install-size="1379" />
	<plugin fragment="true" id="org.eclipse.jem.beaninfo.vm.nl_fr" unpack="false" version="3.5.0.v20090620043401" download-size="3037" install-size="3037" />
	<plugin fragment="true" id="org.eclipse.jem.nl_fr" unpack="false" version="3.5.0.v20090620043401" download-size="3968" install-size="3968" />
	<plugin fragment="true" id="org.eclipse.jem.proxy.nl_fr" unpack="false" version="3.5.0.v20090620043401" download-size="7348" install-size="7348" />
	<plugin fragment="true" id="org.eclipse.jem.tests.nl_fr" unpack="false" version="3.5.0.v20090620043401" download-size="1368" install-size="1368" />
	<plugin fragment="true" id="org.eclipse.jem.workbench.nl_fr" unpack="false" version="3.5.0.v20090620043401" download-size="2493" install-size="2493" />
	<plugin fragment="true" id="org.eclipse.jst.j2ee.core.nl_fr" unpack="false" version="3.5.0.v20090620043401" download-size="31055" install-size="31055" />
	<plugin fragment="true" id="org.eclipse.jst.j2ee.doc.user.nl_fr" unpack="false" version="3.5.0.v20090620043401" download-size="1401" install-size="1401" />
	<plugin fragment="true" id="org.eclipse.jst.j2ee.infopop.nl_fr" unpack="false" version="3.5.0.v20090620043401" download-size="1401" install-size="1401" />
	<plugin fragment="true" id="org.eclipse.jst.j2ee.jca.nl_fr" unpack="false" version="3.5.0.v20090620043401" download-size="2533" install-size="2533" />
	<plugin fragment="true" id="org.eclipse.jst.j2ee.jca.ui.nl_fr" unpack="false" version="3.5.0.v20090620043401" download-size="2069" install-size="2069" />
	<plugin fragment="true" id="org.eclipse.jst.j2ee.navigator.ui.nl_fr" unpack="false" version="3.5.0.v20090620043401" download-size="3569" install-size="3569" />
	<plugin fragment="true" id="org.eclipse.jst.j2ee.nl_fr" unpack="false" version="3.5.0.v20090620043401" download-size="29805" install-size="29805" />
	<plugin fragment="true" id="org.eclipse.jst.j2ee.ui.nl_fr" unpack="false" version="3.5.0.v20090620043401" download-size="17684" install-size="17684" />
	<plugin fragment="true" id="org.eclipse.jst.j2ee.web.nl_fr" unpack="false" version="3.5.0.v20090620043401" download-size="20111" install-size="20111" />
	<plugin fragment="true" id="org.eclipse.jst.j2ee.webservice.nl_fr" unpack="false" version="3.5.0.v20090620043401" download-size="2696" install-size="2696" />
	<plugin fragment="true" id="org.eclipse.jst.j2ee.webservice.ui.nl_fr" unpack="false" version="3.5.0.v20090620043401" download-size="2482" install-size="2482" />
	<plugin fragment="true" id="org.eclipse.jst.j2ee.xdoclet.runtime.nl_fr" unpack="false" version="3.5.0.v20090620043401" download-size="2382" install-size="2382" />
	<plugin fragment="true" id="org.eclipse.jst.jee.nl_fr" unpack="false" version="3.5.0.v20090620043401" download-size="1370" install-size="1370" />
	<plugin fragment="true" id="org.eclipse.jst.jee.ui.nl_fr" unpack="false" version="3.5.0.v20090620043401" download-size="4120" install-size="4120" />
	<plugin fragment="true" id="org.eclipse.jst.jee.web.nl_fr" unpack="false" version="3.5.0.v20090620043401" download-size="1373" install-size="1373" />
	<plugin fragment="true" id="org.eclipse.jst.servlet.ui.infopop.nl_fr" unpack="false" version="3.5.0.v20090620043401" download-size="1416" install-size="1416" />
	<plugin fragment="true" id="org.eclipse.jst.servlet.ui.nl_fr" unpack="false" version="3.5.0.v20090620043401" download-size="6203" install-size="6203" />
	<plugin fragment="true" id="org.eclipse.wst.web.ui.infopop.nl_fr" unpack="false" version="3.5.0.v20090620043401" download-size="1397" install-size="1397" />
</feature>