<?xml version="1.0" encoding="UTF-8" ?>
<feature
	id="org.eclipse.babel.nls_datatools_uk"
	label="Babel Language Pack for datatools in Ukrainian (9.52%)"
	image="eclipse_update_120.jpg"
	provider-name="%providerName"
	version="3.5.0.v20090620043401">
	<copyright>
		%copyright
	</copyright>
	<license url="%licenseURL">
		%license
	</license>
	<description>Babel Language Pack for datatools in Ukrainian</description>
	<plugin fragment="true" id="org.eclipse.datatools.connectivity.apache.derby.dbdefinition.nl_uk" unpack="false" version="3.5.0.v20090620043401" download-size="1380" install-size="1380" />
	<plugin fragment="true" id="org.eclipse.datatools.connectivity.apache.derby.nl_uk" unpack="false" version="3.5.0.v20090620043401" download-size="1417" install-size="1417" />
	<plugin fragment="true" id="org.eclipse.datatools.connectivity.apache.derby.ui.nl_uk" unpack="false" version="3.5.0.v20090620043401" download-size="3468" install-size="3468" />
	<plugin fragment="true" id="org.eclipse.datatools.connectivity.console.profile.nl_uk" unpack="false" version="3.5.0.v20090620043401" download-size="2489" install-size="2489" />
	<plugin fragment="true" id="org.eclipse.datatools.connectivity.db.generic.nl_uk" unpack="false" version="3.5.0.v20090620043401" download-size="2527" install-size="2527" />
	<plugin fragment="true" id="org.eclipse.datatools.connectivity.db.generic.ui.nl_uk" unpack="false" version="3.5.0.v20090620043401" download-size="1367" install-size="1367" />
	<plugin fragment="true" id="org.eclipse.datatools.connectivity.dbdefinition.genericJDBC.nl_uk" unpack="false" version="3.5.0.v20090620043401" download-size="1380" install-size="1380" />
	<plugin fragment="true" id="org.eclipse.datatools.connectivity.nl_uk" unpack="false" version="3.5.0.v20090620043401" download-size="2645" install-size="2645" />
	<plugin fragment="true" id="org.eclipse.datatools.connectivity.oda.design.nl_uk" unpack="false" version="3.5.0.v20090620043401" download-size="1364" install-size="1364" />
	<plugin fragment="true" id="org.eclipse.datatools.connectivity.oda.design.ui.nl_uk" unpack="false" version="3.5.0.v20090620043401" download-size="2944" install-size="2944" />
	<plugin fragment="true" id="org.eclipse.datatools.connectivity.oda.flatfile.nl_uk" unpack="false" version="3.5.0.v20090620043401" download-size="1412" install-size="1412" />
	<plugin fragment="true" id="org.eclipse.datatools.connectivity.oda.flatfile.ui.nl_uk" unpack="false" version="3.5.0.v20090620043401" download-size="2783" install-size="2783" />
	<plugin fragment="true" id="org.eclipse.datatools.connectivity.oda.template.ui.nl_uk" unpack="false" version="3.5.0.v20090620043401" download-size="2686" install-size="2686" />
	<plugin fragment="true" id="org.eclipse.datatools.connectivity.sqm.core.nl_uk" unpack="false" version="3.5.0.v20090620043401" download-size="1364" install-size="1364" />
	<plugin fragment="true" id="org.eclipse.datatools.connectivity.sqm.core.ui.nl_uk" unpack="false" version="3.5.0.v20090620043401" download-size="3622" install-size="3622" />
	<plugin fragment="true" id="org.eclipse.datatools.connectivity.sqm.server.ui.nl_uk" unpack="false" version="3.5.0.v20090620043401" download-size="3397" install-size="3397" />
	<plugin fragment="true" id="org.eclipse.datatools.connectivity.ui.dse.nl_uk" unpack="false" version="3.5.0.v20090620043401" download-size="2965" install-size="2965" />
	<plugin fragment="true" id="org.eclipse.datatools.connectivity.ui.nl_uk" unpack="false" version="3.5.0.v20090620043401" download-size="2934" install-size="2934" />
	<plugin fragment="true" id="org.eclipse.datatools.connectivity.ui.templates.nl_uk" unpack="false" version="3.5.0.v20090620043401" download-size="2724" install-size="2724" />
	<plugin fragment="true" id="org.eclipse.datatools.enablement.finfo.nl_uk" unpack="false" version="3.5.0.v20090620043401" download-size="1377" install-size="1377" />
	<plugin fragment="true" id="org.eclipse.datatools.enablement.hsqldb.dbdefinition.nl_uk" unpack="false" version="3.5.0.v20090620043401" download-size="1389" install-size="1389" />
	<plugin fragment="true" id="org.eclipse.datatools.enablement.hsqldb.nl_uk" unpack="false" version="3.5.0.v20090620043401" download-size="1427" install-size="1427" />
	<plugin fragment="true" id="org.eclipse.datatools.enablement.hsqldb.ui.nl_uk" unpack="false" version="3.5.0.v20090620043401" download-size="2605" install-size="2605" />
	<plugin fragment="true" id="org.eclipse.datatools.enablement.ibm.db2.iseries.dbdefinition.nl_uk" unpack="false" version="3.5.0.v20090620043401" download-size="1394" install-size="1394" />
	<plugin fragment="true" id="org.eclipse.datatools.enablement.ibm.db2.iseries.nl_uk" unpack="false" version="3.5.0.v20090620043401" download-size="1420" install-size="1420" />
	<plugin fragment="true" id="org.eclipse.datatools.enablement.ibm.db2.iseries.ui.nl_uk" unpack="false" version="3.5.0.v20090620043401" download-size="3319" install-size="3319" />
	<plugin fragment="true" id="org.eclipse.datatools.enablement.ibm.db2.luw.dbdefinition.nl_uk" unpack="false" version="3.5.0.v20090620043401" download-size="1390" install-size="1390" />
	<plugin fragment="true" id="org.eclipse.datatools.enablement.ibm.db2.luw.nl_uk" unpack="false" version="3.5.0.v20090620043401" download-size="1417" install-size="1417" />
	<plugin fragment="true" id="org.eclipse.datatools.enablement.ibm.db2.luw.ui.nl_uk" unpack="false" version="3.5.0.v20090620043401" download-size="3278" install-size="3278" />
	<plugin fragment="true" id="org.eclipse.datatools.enablement.ibm.db2.zseries.dbdefinition.nl_uk" unpack="false" version="3.5.0.v20090620043401" download-size="1397" install-size="1397" />
	<plugin fragment="true" id="org.eclipse.datatools.enablement.ibm.db2.zseries.nl_uk" unpack="false" version="3.5.0.v20090620043401" download-size="1421" install-size="1421" />
	<plugin fragment="true" id="org.eclipse.datatools.enablement.ibm.db2.zseries.ui.nl_uk" unpack="false" version="3.5.0.v20090620043401" download-size="3364" install-size="3364" />
	<plugin fragment="true" id="org.eclipse.datatools.enablement.ibm.informix.dbdefinition.nl_uk" unpack="false" version="3.5.0.v20090620043401" download-size="1395" install-size="1395" />
	<plugin fragment="true" id="org.eclipse.datatools.enablement.ibm.informix.nl_uk" unpack="false" version="3.5.0.v20090620043401" download-size="1418" install-size="1418" />
	<plugin fragment="true" id="org.eclipse.datatools.enablement.ibm.informix.ui.nl_uk" unpack="false" version="3.5.0.v20090620043401" download-size="3130" install-size="3130" />
	<plugin fragment="true" id="org.eclipse.datatools.enablement.ibm.ui.nl_uk" unpack="false" version="3.5.0.v20090620043401" download-size="2991" install-size="2991" />
	<plugin fragment="true" id="org.eclipse.datatools.enablement.ingres.dbdefinition.nl_uk" unpack="false" version="3.5.0.v20090620043401" download-size="1389" install-size="1389" />
	<plugin fragment="true" id="org.eclipse.datatools.enablement.ingres.nl_uk" unpack="false" version="3.5.0.v20090620043401" download-size="1381" install-size="1381" />
	<plugin fragment="true" id="org.eclipse.datatools.enablement.ingres.ui.nl_uk" unpack="false" version="3.5.0.v20090620043401" download-size="2904" install-size="2904" />
	<plugin fragment="true" id="org.eclipse.datatools.enablement.jdt.classpath.nl_uk" unpack="false" version="3.5.0.v20090620043401" download-size="1389" install-size="1389" />
	<plugin fragment="true" id="org.eclipse.datatools.enablement.msft.sqlserver.dbdefinition.nl_uk" unpack="false" version="3.5.0.v20090620043401" download-size="1396" install-size="1396" />
	<plugin fragment="true" id="org.eclipse.datatools.enablement.msft.sqlserver.nl_uk" unpack="false" version="3.5.0.v20090620043401" download-size="1422" install-size="1422" />
	<plugin fragment="true" id="org.eclipse.datatools.enablement.msft.sqlserver.ui.nl_uk" unpack="false" version="3.5.0.v20090620043401" download-size="3419" install-size="3419" />
	<plugin fragment="true" id="org.eclipse.datatools.enablement.mysql.dbdefinition.nl_uk" unpack="false" version="3.5.0.v20090620043401" download-size="1387" install-size="1387" />
	<plugin fragment="true" id="org.eclipse.datatools.enablement.mysql.nl_uk" unpack="false" version="3.5.0.v20090620043401" download-size="1414" install-size="1414" />
	<plugin fragment="true" id="org.eclipse.datatools.enablement.mysql.ui.nl_uk" unpack="false" version="3.5.0.v20090620043401" download-size="1379" install-size="1379" />
	<plugin fragment="true" id="org.eclipse.datatools.enablement.oda.ws.nl_uk" unpack="false" version="3.5.0.v20090620043401" download-size="2420" install-size="2420" />
	<plugin fragment="true" id="org.eclipse.datatools.enablement.oda.ws.ui.nl_uk" unpack="false" version="3.5.0.v20090620043401" download-size="2740" install-size="2740" />
	<plugin fragment="true" id="org.eclipse.datatools.enablement.oda.xml.ui.nl_uk" unpack="false" version="3.5.0.v20090620043401" download-size="2989" install-size="2989" />
	<plugin fragment="true" id="org.eclipse.datatools.enablement.oracle.dbdefinition.nl_uk" unpack="false" version="3.5.0.v20090620043401" download-size="1386" install-size="1386" />
	<plugin fragment="true" id="org.eclipse.datatools.enablement.oracle.nl_uk" unpack="false" version="3.5.0.v20090620043401" download-size="1413" install-size="1413" />
	<plugin fragment="true" id="org.eclipse.datatools.enablement.oracle.ui.nl_uk" unpack="false" version="3.5.0.v20090620043401" download-size="2958" install-size="2958" />
	<plugin fragment="true" id="org.eclipse.datatools.enablement.postgresql.dbdefinition.nl_uk" unpack="false" version="3.5.0.v20090620043401" download-size="1390" install-size="1390" />
	<plugin fragment="true" id="org.eclipse.datatools.enablement.postgresql.nl_uk" unpack="false" version="3.5.0.v20090620043401" download-size="1427" install-size="1427" />
	<plugin fragment="true" id="org.eclipse.datatools.enablement.postgresql.ui.nl_uk" unpack="false" version="3.5.0.v20090620043401" download-size="1382" install-size="1382" />
	<plugin fragment="true" id="org.eclipse.datatools.enablement.sap.maxdb.dbdefinition.nl_uk" unpack="false" version="3.5.0.v20090620043401" download-size="1374" install-size="1374" />
	<plugin fragment="true" id="org.eclipse.datatools.enablement.sap.maxdb.nl_uk" unpack="false" version="3.5.0.v20090620043401" download-size="1380" install-size="1380" />
	<plugin fragment="true" id="org.eclipse.datatools.enablement.sap.maxdb.ui.nl_uk" unpack="false" version="3.5.0.v20090620043401" download-size="1382" install-size="1382" />
	<plugin fragment="true" id="org.eclipse.datatools.enablement.sqlite.dbdefinition.nl_uk" unpack="false" version="3.5.0.v20090620043401" download-size="1388" install-size="1388" />
	<plugin fragment="true" id="org.eclipse.datatools.enablement.sqlite.nl_uk" unpack="false" version="3.5.0.v20090620043401" download-size="1426" install-size="1426" />
	<plugin fragment="true" id="org.eclipse.datatools.enablement.sqlite.ui.nl_uk" unpack="false" version="3.5.0.v20090620043401" download-size="2602" install-size="2602" />
	<plugin fragment="true" id="org.eclipse.datatools.enablement.sybase.asa.dbdefinition.nl_uk" unpack="false" version="3.5.0.v20090620043401" download-size="1392" install-size="1392" />
	<plugin fragment="true" id="org.eclipse.datatools.enablement.sybase.asa.models.nl_uk" unpack="false" version="3.5.0.v20090620043401" download-size="1385" install-size="1385" />
	<plugin fragment="true" id="org.eclipse.datatools.enablement.sybase.asa.nl_uk" unpack="false" version="3.5.0.v20090620043401" download-size="2620" install-size="2620" />
	<plugin fragment="true" id="org.eclipse.datatools.enablement.sybase.asa.schemaobjecteditor.examples.nl_uk" unpack="false" version="3.5.0.v20090620043401" download-size="13789" install-size="13789" />
	<plugin fragment="true" id="org.eclipse.datatools.enablement.sybase.asa.ui.nl_uk" unpack="false" version="3.5.0.v20090620043401" download-size="1417" install-size="1417" />
	<plugin fragment="true" id="org.eclipse.datatools.enablement.sybase.ase.dbdefinition.nl_uk" unpack="false" version="3.5.0.v20090620043401" download-size="1393" install-size="1393" />
	<plugin fragment="true" id="org.eclipse.datatools.enablement.sybase.ase.models.nl_uk" unpack="false" version="3.5.0.v20090620043401" download-size="1385" install-size="1385" />
	<plugin fragment="true" id="org.eclipse.datatools.enablement.sybase.ase.nl_uk" unpack="false" version="3.5.0.v20090620043401" download-size="2388" install-size="2388" />
	<plugin fragment="true" id="org.eclipse.datatools.enablement.sybase.ase.ui.nl_uk" unpack="false" version="3.5.0.v20090620043401" download-size="1422" install-size="1422" />
	<plugin fragment="true" id="org.eclipse.datatools.enablement.sybase.models.nl_uk" unpack="false" version="3.5.0.v20090620043401" download-size="1383" install-size="1383" />
	<plugin fragment="true" id="org.eclipse.datatools.enablement.sybase.nl_uk" unpack="false" version="3.5.0.v20090620043401" download-size="2908" install-size="2908" />
	<plugin fragment="true" id="org.eclipse.datatools.enablement.sybase.ui.nl_uk" unpack="false" version="3.5.0.v20090620043401" download-size="2613" install-size="2613" />
	<plugin fragment="true" id="org.eclipse.datatools.help.nl_uk" unpack="false" version="3.5.0.v20090620043401" download-size="1354" install-size="1354" />
	<plugin fragment="true" id="org.eclipse.datatools.modelbase.dbdefinition.nl_uk" unpack="false" version="3.5.0.v20090620043401" download-size="1382" install-size="1382" />
	<plugin fragment="true" id="org.eclipse.datatools.modelbase.derby.nl_uk" unpack="false" version="3.5.0.v20090620043401" download-size="1378" install-size="1378" />
	<plugin fragment="true" id="org.eclipse.datatools.modelbase.sql.edit.nl_uk" unpack="false" version="3.5.0.v20090620043401" download-size="1632" install-size="1632" />
	<plugin fragment="true" id="org.eclipse.datatools.modelbase.sql.nl_uk" unpack="false" version="3.5.0.v20090620043401" download-size="1377" install-size="1377" />
	<plugin fragment="true" id="org.eclipse.datatools.modelbase.sql.query.edit.nl_uk" unpack="false" version="3.5.0.v20090620043401" download-size="1459" install-size="1459" />
	<plugin fragment="true" id="org.eclipse.datatools.modelbase.sql.query.nl_uk" unpack="false" version="3.5.0.v20090620043401" download-size="1381" install-size="1381" />
	<plugin fragment="true" id="org.eclipse.datatools.modelbase.sql.xml.query.nl_uk" unpack="false" version="3.5.0.v20090620043401" download-size="1383" install-size="1383" />
	<plugin fragment="true" id="org.eclipse.datatools.sqltools.common.ui.nl_uk" unpack="false" version="3.5.0.v20090620043401" download-size="5434" install-size="5434" />
	<plugin fragment="true" id="org.eclipse.datatools.sqltools.data.core.nl_uk" unpack="false" version="3.5.0.v20090620043401" download-size="1380" install-size="1380" />
	<plugin fragment="true" id="org.eclipse.datatools.sqltools.data.ui.nl_uk" unpack="false" version="3.5.0.v20090620043401" download-size="3289" install-size="3289" />
	<plugin fragment="true" id="org.eclipse.datatools.sqltools.db.derby.nl_uk" unpack="false" version="3.5.0.v20090620043401" download-size="1385" install-size="1385" />
	<plugin fragment="true" id="org.eclipse.datatools.sqltools.db.derby.ui.nl_uk" unpack="false" version="3.5.0.v20090620043401" download-size="1386" install-size="1386" />
	<plugin fragment="true" id="org.eclipse.datatools.sqltools.db.generic.nl_uk" unpack="false" version="3.5.0.v20090620043401" download-size="1385" install-size="1385" />
	<plugin fragment="true" id="org.eclipse.datatools.sqltools.db.generic.ui.nl_uk" unpack="false" version="3.5.0.v20090620043401" download-size="1386" install-size="1386" />
	<plugin fragment="true" id="org.eclipse.datatools.sqltools.ddlgen.ui.nl_uk" unpack="false" version="3.5.0.v20090620043401" download-size="2975" install-size="2975" />
	<plugin fragment="true" id="org.eclipse.datatools.sqltools.debugger.core.nl_uk" unpack="false" version="3.5.0.v20090620043401" download-size="3825" install-size="3825" />
	<plugin fragment="true" id="org.eclipse.datatools.sqltools.debugger.core.ui.nl_uk" unpack="false" version="3.5.0.v20090620043401" download-size="3216" install-size="3216" />
	<plugin fragment="true" id="org.eclipse.datatools.sqltools.editor.core.nl_uk" unpack="false" version="3.5.0.v20090620043401" download-size="1384" install-size="1384" />
	<plugin fragment="true" id="org.eclipse.datatools.sqltools.editor.core.ui.nl_uk" unpack="false" version="3.5.0.v20090620043401" download-size="1389" install-size="1389" />
	<plugin fragment="true" id="org.eclipse.datatools.sqltools.parsers.sql.lexer.nl_uk" unpack="false" version="3.5.0.v20090620043401" download-size="1384" install-size="1384" />
	<plugin fragment="true" id="org.eclipse.datatools.sqltools.parsers.sql.nl_uk" unpack="false" version="3.5.0.v20090620043401" download-size="1379" install-size="1379" />
	<plugin fragment="true" id="org.eclipse.datatools.sqltools.parsers.sql.query.nl_uk" unpack="false" version="3.5.0.v20090620043401" download-size="1384" install-size="1384" />
	<plugin fragment="true" id="org.eclipse.datatools.sqltools.parsers.sql.xml.query.nl_uk" unpack="false" version="3.5.0.v20090620043401" download-size="1386" install-size="1386" />
	<plugin fragment="true" id="org.eclipse.datatools.sqltools.plan.nl_uk" unpack="false" version="3.5.0.v20090620043401" download-size="3512" install-size="3512" />
	<plugin fragment="true" id="org.eclipse.datatools.sqltools.result.nl_uk" unpack="false" version="3.5.0.v20090620043401" download-size="3512" install-size="3512" />
	<plugin fragment="true" id="org.eclipse.datatools.sqltools.result.ui.nl_uk" unpack="false" version="3.5.0.v20090620043401" download-size="3128" install-size="3128" />
	<plugin fragment="true" id="org.eclipse.datatools.sqltools.routineeditor.nl_uk" unpack="false" version="3.5.0.v20090620043401" download-size="5444" install-size="5444" />
	<plugin fragment="true" id="org.eclipse.datatools.sqltools.routineeditor.ui.nl_uk" unpack="false" version="3.5.0.v20090620043401" download-size="4821" install-size="4821" />
	<plugin fragment="true" id="org.eclipse.datatools.sqltools.schemaobjecteditor.nl_uk" unpack="false" version="3.5.0.v20090620043401" download-size="1390" install-size="1390" />
	<plugin fragment="true" id="org.eclipse.datatools.sqltools.schemaobjecteditor.ui.nl_uk" unpack="false" version="3.5.0.v20090620043401" download-size="5627" install-size="5627" />
	<plugin fragment="true" id="org.eclipse.datatools.sqltools.schemaobjecteditor.ui.pages.nl_uk" unpack="false" version="3.5.0.v20090620043401" download-size="3569" install-size="3569" />
	<plugin fragment="true" id="org.eclipse.datatools.sqltools.sql.nl_uk" unpack="false" version="3.5.0.v20090620043401" download-size="2654" install-size="2654" />
	<plugin fragment="true" id="org.eclipse.datatools.sqltools.sql.ui.nl_uk" unpack="false" version="3.5.0.v20090620043401" download-size="1374" install-size="1374" />
	<plugin fragment="true" id="org.eclipse.datatools.sqltools.sqlbuilder.nl_uk" unpack="false" version="3.5.0.v20090620043401" download-size="2908" install-size="2908" />
	<plugin fragment="true" id="org.eclipse.datatools.sqltools.sqleditor.nl_uk" unpack="false" version="3.5.0.v20090620043401" download-size="6996" install-size="6996" />
	<plugin fragment="true" id="org.eclipse.datatools.sqltools.sqlscrapbook.nl_uk" unpack="false" version="3.5.0.v20090620043401" download-size="3422" install-size="3422" />
	<plugin fragment="true" id="org.eclipse.datatools.sqltools.tabledataeditor.nl_uk" unpack="false" version="3.5.0.v20090620043401" download-size="1382" install-size="1382" />
</feature>