<?xml version="1.0" encoding="UTF-8" ?>
<feature
	id="org.eclipse.babel.nls_tools.orbit_pt"
	label="Babel Language Pack for tools.orbit in Portuguese (4.59%)"
	image="eclipse_update_120.jpg"
	provider-name="%providerName"
	version="3.5.0.v20090620043401">
	<copyright>
		%copyright
	</copyright>
	<license url="%licenseURL">
		%license
	</license>
	<description>Babel Language Pack for tools.orbit in Portuguese</description>
	<plugin fragment="true" id="com.sun.syndication.nl_pt" unpack="false" version="3.5.0.v20090620043401" download-size="1369" install-size="1369" />
	<plugin fragment="true" id="com.sun.xml.bind.nl_pt" unpack="false" version="3.5.0.v20090620043401" download-size="1371" install-size="1371" />
	<plugin fragment="true" id="commonj.sdo.nl_pt" unpack="false" version="3.5.0.v20090620043401" download-size="1364" install-size="1364" />
	<plugin fragment="true" id="edu.emory.mathcs.backport.nl_pt" unpack="false" version="3.5.0.v20090620043401" download-size="1373" install-size="1373" />
	<plugin fragment="true" id="javax.activation.nl_pt" unpack="false" version="3.5.0.v20090620043401" download-size="1372" install-size="1372" />
	<plugin fragment="true" id="javax.jws.nl_pt" unpack="false" version="3.5.0.v20090620043401" download-size="1367" install-size="1367" />
	<plugin fragment="true" id="javax.mail.glassfish.nl_pt" unpack="false" version="3.5.0.v20090620043401" download-size="1375" install-size="1375" />
	<plugin fragment="true" id="javax.mail.nl_pt" unpack="false" version="3.5.0.v20090620043401" download-size="1367" install-size="1367" />
	<plugin fragment="true" id="javax.management.nl_pt" unpack="false" version="3.5.0.v20090620043401" download-size="1372" install-size="1372" />
	<plugin fragment="true" id="javax.management.remote.nl_pt" unpack="false" version="3.5.0.v20090620043401" download-size="1376" install-size="1376" />
	<plugin fragment="true" id="javax.persistence.nl_pt" unpack="false" version="3.5.0.v20090620043401" download-size="1369" install-size="1369" />
	<plugin fragment="true" id="javax.servlet.jsp.nl_pt" unpack="false" version="3.5.0.v20090620043401" download-size="1369" install-size="1369" />
	<plugin fragment="true" id="javax.servlet.nl_pt" unpack="false" version="3.5.0.v20090620043401" download-size="3012" install-size="3012" />
	<plugin fragment="true" id="javax.wsdl.nl_pt" unpack="false" version="3.5.0.v20090620043401" download-size="1367" install-size="1367" />
	<plugin fragment="true" id="javax.xml.bind.nl_pt" unpack="false" version="3.5.0.v20090620043401" download-size="1371" install-size="1371" />
	<plugin fragment="true" id="javax.xml.nl_pt" unpack="false" version="3.5.0.v20090620043401" download-size="1366" install-size="1366" />
	<plugin fragment="true" id="javax.xml.rpc.nl_pt" unpack="false" version="3.5.0.v20090620043401" download-size="1369" install-size="1369" />
	<plugin fragment="true" id="javax.xml.soap.nl_pt" unpack="false" version="3.5.0.v20090620043401" download-size="1371" install-size="1371" />
	<plugin fragment="true" id="net.sourceforge.lpg.lpgjavaruntime.nl_pt" unpack="false" version="3.5.0.v20090620043401" download-size="1378" install-size="1378" />
	<plugin fragment="true" id="net.sourceforge.mx4j.nl_pt" unpack="false" version="3.5.0.v20090620043401" download-size="1374" install-size="1374" />
	<plugin fragment="true" id="net.sourceforge.mx4j.remote.nl_pt" unpack="false" version="3.5.0.v20090620043401" download-size="1379" install-size="1379" />
	<plugin fragment="true" id="org.antlr.runtime.nl_pt" unpack="false" version="3.5.0.v20090620043401" download-size="1367" install-size="1367" />
	<plugin fragment="true" id="org.apache.axis.nl_pt" unpack="false" version="3.5.0.v20090620043401" download-size="2685" install-size="2685" />
	<plugin fragment="true" id="org.apache.batik.bridge.nl_pt" unpack="false" version="3.5.0.v20090620043401" download-size="1373" install-size="1373" />
	<plugin fragment="true" id="org.apache.batik.css.nl_pt" unpack="false" version="3.5.0.v20090620043401" download-size="1371" install-size="1371" />
	<plugin fragment="true" id="org.apache.batik.dom.nl_pt" unpack="false" version="3.5.0.v20090620043401" download-size="1371" install-size="1371" />
	<plugin fragment="true" id="org.apache.batik.dom.svg.nl_pt" unpack="false" version="3.5.0.v20090620043401" download-size="1374" install-size="1374" />
	<plugin fragment="true" id="org.apache.batik.ext.awt.nl_pt" unpack="false" version="3.5.0.v20090620043401" download-size="2780" install-size="2780" />
	<plugin fragment="true" id="org.apache.batik.extension.nl_pt" unpack="false" version="3.5.0.v20090620043401" download-size="1374" install-size="1374" />
	<plugin fragment="true" id="org.apache.batik.parser.nl_pt" unpack="false" version="3.5.0.v20090620043401" download-size="1372" install-size="1372" />
	<plugin fragment="true" id="org.apache.batik.pdf.nl_pt" unpack="false" version="3.5.0.v20090620043401" download-size="1372" install-size="1372" />
	<plugin fragment="true" id="org.apache.batik.svggen.nl_pt" unpack="false" version="3.5.0.v20090620043401" download-size="1373" install-size="1373" />
	<plugin fragment="true" id="org.apache.batik.swing.nl_pt" unpack="false" version="3.5.0.v20090620043401" download-size="1370" install-size="1370" />
	<plugin fragment="true" id="org.apache.batik.transcoder.nl_pt" unpack="false" version="3.5.0.v20090620043401" download-size="1375" install-size="1375" />
	<plugin fragment="true" id="org.apache.batik.util.gui.nl_pt" unpack="false" version="3.5.0.v20090620043401" download-size="7366" install-size="7366" />
	<plugin fragment="true" id="org.apache.batik.util.nl_pt" unpack="false" version="3.5.0.v20090620043401" download-size="1371" install-size="1371" />
	<plugin fragment="true" id="org.apache.batik.xml.nl_pt" unpack="false" version="3.5.0.v20090620043401" download-size="1371" install-size="1371" />
	<plugin fragment="true" id="org.apache.bcel.nl_pt" unpack="false" version="3.5.0.v20090620043401" download-size="1366" install-size="1366" />
	<plugin fragment="true" id="org.apache.bsf.nl_pt" unpack="false" version="3.5.0.v20090620043401" download-size="1366" install-size="1366" />
	<plugin fragment="true" id="org.apache.commons.beanutils.nl_pt" unpack="false" version="3.5.0.v20090620043401" download-size="1375" install-size="1375" />
	<plugin fragment="true" id="org.apache.commons.collections.nl_pt" unpack="false" version="3.5.0.v20090620043401" download-size="1375" install-size="1375" />
	<plugin fragment="true" id="org.apache.commons.discovery.nl_pt" unpack="false" version="3.5.0.v20090620043401" download-size="1379" install-size="1379" />
	<plugin fragment="true" id="org.apache.commons.el.nl_pt" unpack="false" version="3.5.0.v20090620043401" download-size="1371" install-size="1371" />
	<plugin fragment="true" id="org.apache.commons.lang.nl_pt" unpack="false" version="3.5.0.v20090620043401" download-size="1372" install-size="1372" />
	<plugin fragment="true" id="org.apache.commons.logging.nl_pt" unpack="false" version="3.5.0.v20090620043401" download-size="1372" install-size="1372" />
	<plugin fragment="true" id="org.apache.commons.net.nl_pt" unpack="false" version="3.5.0.v20090620043401" download-size="1371" install-size="1371" />
	<plugin fragment="true" id="org.apache.derby.nl_pt" unpack="false" version="3.5.0.v20090620043401" download-size="19171" install-size="19171" />
	<plugin fragment="true" id="org.apache.httpcomponents.httpcore.nio.nl_pt" unpack="false" version="3.5.0.v20090620043401" download-size="1379" install-size="1379" />
	<plugin fragment="true" id="org.apache.httpcomponents.httpcore.nl_pt" unpack="false" version="3.5.0.v20090620043401" download-size="1376" install-size="1376" />
	<plugin fragment="true" id="org.apache.jasper.nl_pt" unpack="false" version="3.5.0.v20090620043401" download-size="12888" install-size="12888" />
	<plugin fragment="true" id="org.apache.log4j.nl_pt" unpack="false" version="3.5.0.v20090620043401" download-size="1372" install-size="1372" />
	<plugin fragment="true" id="org.apache.oro.nl_pt" unpack="false" version="3.5.0.v20090620043401" download-size="1366" install-size="1366" />
	<plugin fragment="true" id="org.apache.solr.client.solrj.embedded.nl_pt" unpack="false" version="3.5.0.v20090620043401" download-size="1378" install-size="1378" />
	<plugin fragment="true" id="org.apache.solr.client.solrj.nl_pt" unpack="false" version="3.5.0.v20090620043401" download-size="1373" install-size="1373" />
	<plugin fragment="true" id="org.apache.velocity.nl_pt" unpack="false" version="3.5.0.v20090620043401" download-size="1373" install-size="1373" />
	<plugin fragment="true" id="org.apache.ws.commons.schema.nl_pt" unpack="false" version="3.5.0.v20090620043401" download-size="1378" install-size="1378" />
	<plugin fragment="true" id="org.apache.wsil4j.nl_pt" unpack="false" version="3.5.0.v20090620043401" download-size="1373" install-size="1373" />
	<plugin fragment="true" id="org.apache.xalan.nl_pt" unpack="false" version="3.5.0.v20090620043401" download-size="2628" install-size="2628" />
	<plugin fragment="true" id="org.apache.xerces.nl_pt" unpack="false" version="3.5.0.v20090620043401" download-size="2366" install-size="2366" />
	<plugin fragment="true" id="org.apache.xml.resolver.nl_pt" unpack="false" version="3.5.0.v20090620043401" download-size="1376" install-size="1376" />
	<plugin fragment="true" id="org.apache.xml.security.nl_pt" unpack="false" version="3.5.0.v20090620043401" download-size="1861" install-size="1861" />
	<plugin fragment="true" id="org.apache.xml.serializer.nl_pt" unpack="false" version="3.5.0.v20090620043401" download-size="2429" install-size="2429" />
	<plugin fragment="true" id="org.eclipse.orbit.nl_pt" unpack="false" version="3.5.0.v20090620043401" download-size="1364" install-size="1364" />
	<plugin fragment="true" id="org.hamcrest.core.nl_pt" unpack="false" version="3.5.0.v20090620043401" download-size="1367" install-size="1367" />
	<plugin fragment="true" id="org.hamcrest.generator.nl_pt" unpack="false" version="3.5.0.v20090620043401" download-size="1371" install-size="1371" />
	<plugin fragment="true" id="org.hamcrest.integration.nl_pt" unpack="false" version="3.5.0.v20090620043401" download-size="1371" install-size="1371" />
	<plugin fragment="true" id="org.hamcrest.library.nl_pt" unpack="false" version="3.5.0.v20090620043401" download-size="1370" install-size="1370" />
	<plugin fragment="true" id="org.hamcrest.nl_pt" unpack="false" version="3.5.0.v20090620043401" download-size="1364" install-size="1364" />
	<plugin fragment="true" id="org.hamcrest.text.nl_pt" unpack="false" version="3.5.0.v20090620043401" download-size="1367" install-size="1367" />
	<plugin fragment="true" id="org.jdom.nl_pt" unpack="false" version="3.5.0.v20090620043401" download-size="1361" install-size="1361" />
	<plugin fragment="true" id="org.mortbay.jetty.nl_pt" unpack="false" version="3.5.0.v20090620043401" download-size="2664" install-size="2664" />
	<plugin fragment="true" id="org.mortbay.jetty.server.nl_pt" unpack="false" version="3.5.0.v20090620043401" download-size="1839" install-size="1839" />
	<plugin fragment="true" id="org.mortbay.jetty.util.nl_pt" unpack="false" version="3.5.0.v20090620043401" download-size="1370" install-size="1370" />
	<plugin fragment="true" id="org.mozilla.javascript.nl_pt" unpack="false" version="3.5.0.v20090620043401" download-size="1376" install-size="1376" />
	<plugin fragment="true" id="org.objectweb.asm.nl_pt" unpack="false" version="3.5.0.v20090620043401" download-size="4623" install-size="4623" />
	<plugin fragment="true" id="org.opensaml.nl_pt" unpack="false" version="3.5.0.v20090620043401" download-size="1396" install-size="1396" />
	<plugin fragment="true" id="org.slf4j.api.nl_pt" unpack="false" version="3.5.0.v20090620043401" download-size="1369" install-size="1369" />
	<plugin fragment="true" id="org.uddi4j.nl_pt" unpack="false" version="3.5.0.v20090620043401" download-size="1367" install-size="1367" />
	<plugin fragment="true" id="org.w3c.css.sac.nl_pt" unpack="false" version="3.5.0.v20090620043401" download-size="1366" install-size="1366" />
	<plugin fragment="true" id="org.w3c.dom.events.nl_pt" unpack="false" version="3.5.0.v20090620043401" download-size="1367" install-size="1367" />
	<plugin fragment="true" id="org.w3c.dom.smil.nl_pt" unpack="false" version="3.5.0.v20090620043401" download-size="1367" install-size="1367" />
	<plugin fragment="true" id="org.w3c.dom.svg.nl_pt" unpack="false" version="3.5.0.v20090620043401" download-size="1367" install-size="1367" />
</feature>