<?xml version="1.0" encoding="UTF-8" ?>
<feature
	id="org.eclipse.babel.nls_tools.mylyn_cs"
	label="Babel Language Pack for tools.mylyn in Czech (15.19%)"
	image="eclipse_update_120.jpg"
	provider-name="%providerName"
	version="3.5.0.v20090620043401">
	<copyright>
		%copyright
	</copyright>
	<license url="%licenseURL">
		%license
	</license>
	<description>Babel Language Pack for tools.mylyn in Czech</description>
	<plugin fragment="true" id="org.eclipse.mylyn.bugzilla.core.nl_cs" unpack="false" version="3.5.0.v20090620043401" download-size="2521" install-size="2521" />
	<plugin fragment="true" id="org.eclipse.mylyn.bugzilla.ide.nl_cs" unpack="false" version="3.5.0.v20090620043401" download-size="1355" install-size="1355" />
	<plugin fragment="true" id="org.eclipse.mylyn.bugzilla.ui.nl_cs" unpack="false" version="3.5.0.v20090620043401" download-size="3746" install-size="3746" />
	<plugin fragment="true" id="org.eclipse.mylyn.commons.core.nl_cs" unpack="false" version="3.5.0.v20090620043401" download-size="1354" install-size="1354" />
	<plugin fragment="true" id="org.eclipse.mylyn.commons.net.nl_cs" unpack="false" version="3.5.0.v20090620043401" download-size="2581" install-size="2581" />
	<plugin fragment="true" id="org.eclipse.mylyn.commons.soap.nl_cs" unpack="false" version="3.5.0.v20090620043401" download-size="1354" install-size="1354" />
	<plugin fragment="true" id="org.eclipse.mylyn.commons.ui.nl_cs" unpack="false" version="3.5.0.v20090620043401" download-size="2571" install-size="2571" />
	<plugin fragment="true" id="org.eclipse.mylyn.compatibility.nl_cs" unpack="false" version="3.5.0.v20090620043401" download-size="1356" install-size="1356" />
	<plugin fragment="true" id="org.eclipse.mylyn.context.core.nl_cs" unpack="false" version="3.5.0.v20090620043401" download-size="1354" install-size="1354" />
	<plugin fragment="true" id="org.eclipse.mylyn.context.ui.nl_cs" unpack="false" version="3.5.0.v20090620043401" download-size="4539" install-size="4539" />
	<plugin fragment="true" id="org.eclipse.mylyn.discovery.core.nl_cs" unpack="false" version="3.5.0.v20090620043401" download-size="2653" install-size="2653" />
	<plugin fragment="true" id="org.eclipse.mylyn.discovery.ui.nl_cs" unpack="false" version="3.5.0.v20090620043401" download-size="2681" install-size="2681" />
	<plugin fragment="true" id="org.eclipse.mylyn.help.ui.nl_cs" unpack="false" version="3.5.0.v20090620043401" download-size="1378" install-size="1378" />
	<plugin fragment="true" id="org.eclipse.mylyn.ide.ant.nl_cs" unpack="false" version="3.5.0.v20090620043401" download-size="1351" install-size="1351" />
	<plugin fragment="true" id="org.eclipse.mylyn.ide.capabilities.nl_cs" unpack="false" version="3.5.0.v20090620043401" download-size="1374" install-size="1374" />
	<plugin fragment="true" id="org.eclipse.mylyn.ide.ui.nl_cs" unpack="false" version="3.5.0.v20090620043401" download-size="1351" install-size="1351" />
	<plugin fragment="true" id="org.eclipse.mylyn.java.tasks.nl_cs" unpack="false" version="3.5.0.v20090620043401" download-size="2422" install-size="2422" />
	<plugin fragment="true" id="org.eclipse.mylyn.java.ui.nl_cs" unpack="false" version="3.5.0.v20090620043401" download-size="1432" install-size="1432" />
	<plugin fragment="true" id="org.eclipse.mylyn.jira.core.nl_cs" unpack="false" version="3.5.0.v20090620043401" download-size="2982" install-size="2982" />
	<plugin fragment="true" id="org.eclipse.mylyn.jira.ui.nl_cs" unpack="false" version="3.5.0.v20090620043401" download-size="3520" install-size="3520" />
	<plugin fragment="true" id="org.eclipse.mylyn.monitor.core.nl_cs" unpack="false" version="3.5.0.v20090620043401" download-size="2624" install-size="2624" />
	<plugin fragment="true" id="org.eclipse.mylyn.monitor.ui.nl_cs" unpack="false" version="3.5.0.v20090620043401" download-size="1353" install-size="1353" />
	<plugin fragment="true" id="org.eclipse.mylyn.nl_cs" unpack="false" version="3.5.0.v20090620043401" download-size="1346" install-size="1346" />
	<plugin fragment="true" id="org.eclipse.mylyn.pde.ui.nl_cs" unpack="false" version="3.5.0.v20090620043401" download-size="1351" install-size="1351" />
	<plugin fragment="true" id="org.eclipse.mylyn.resources.ui.nl_cs" unpack="false" version="3.5.0.v20090620043401" download-size="2670" install-size="2670" />
	<plugin fragment="true" id="org.eclipse.mylyn.tasks.bugs.nl_cs" unpack="false" version="3.5.0.v20090620043401" download-size="3383" install-size="3383" />
	<plugin fragment="true" id="org.eclipse.mylyn.tasks.core.nl_cs" unpack="false" version="3.5.0.v20090620043401" download-size="3534" install-size="3534" />
	<plugin fragment="true" id="org.eclipse.mylyn.tasks.ui.nl_cs" unpack="false" version="3.5.0.v20090620043401" download-size="11758" install-size="11758" />
	<plugin fragment="true" id="org.eclipse.mylyn.team.cvs.nl_cs" unpack="false" version="3.5.0.v20090620043401" download-size="1352" install-size="1352" />
	<plugin fragment="true" id="org.eclipse.mylyn.team.ui.nl_cs" unpack="false" version="3.5.0.v20090620043401" download-size="3113" install-size="3113" />
	<plugin fragment="true" id="org.eclipse.mylyn.trac.core.nl_cs" unpack="false" version="3.5.0.v20090620043401" download-size="3001" install-size="3001" />
	<plugin fragment="true" id="org.eclipse.mylyn.trac.ui.nl_cs" unpack="false" version="3.5.0.v20090620043401" download-size="2623" install-size="2623" />
	<plugin fragment="true" id="org.eclipse.mylyn.wikitext.confluence.core.nl_cs" unpack="false" version="3.5.0.v20090620043401" download-size="1362" install-size="1362" />
	<plugin fragment="true" id="org.eclipse.mylyn.wikitext.confluence.ui.nl_cs" unpack="false" version="3.5.0.v20090620043401" download-size="1388" install-size="1388" />
	<plugin fragment="true" id="org.eclipse.mylyn.wikitext.core.nl_cs" unpack="false" version="3.5.0.v20090620043401" download-size="4434" install-size="4434" />
	<plugin fragment="true" id="org.eclipse.mylyn.wikitext.help.sdk.nl_cs" unpack="false" version="3.5.0.v20090620043401" download-size="1379" install-size="1379" />
	<plugin fragment="true" id="org.eclipse.mylyn.wikitext.help.ui.nl_cs" unpack="false" version="3.5.0.v20090620043401" download-size="1378" install-size="1378" />
	<plugin fragment="true" id="org.eclipse.mylyn.wikitext.mediawiki.core.nl_cs" unpack="false" version="3.5.0.v20090620043401" download-size="1383" install-size="1383" />
	<plugin fragment="true" id="org.eclipse.mylyn.wikitext.mediawiki.ui.nl_cs" unpack="false" version="3.5.0.v20090620043401" download-size="1431" install-size="1431" />
	<plugin fragment="true" id="org.eclipse.mylyn.wikitext.tasks.ui.nl_cs" unpack="false" version="3.5.0.v20090620043401" download-size="2833" install-size="2833" />
	<plugin fragment="true" id="org.eclipse.mylyn.wikitext.tests.nl_cs" unpack="false" version="3.5.0.v20090620043401" download-size="1356" install-size="1356" />
	<plugin fragment="true" id="org.eclipse.mylyn.wikitext.textile.core.nl_cs" unpack="false" version="3.5.0.v20090620043401" download-size="1359" install-size="1359" />
	<plugin fragment="true" id="org.eclipse.mylyn.wikitext.textile.ui.nl_cs" unpack="false" version="3.5.0.v20090620043401" download-size="1406" install-size="1406" />
	<plugin fragment="true" id="org.eclipse.mylyn.wikitext.tracwiki.core.nl_cs" unpack="false" version="3.5.0.v20090620043401" download-size="1362" install-size="1362" />
	<plugin fragment="true" id="org.eclipse.mylyn.wikitext.tracwiki.ui.nl_cs" unpack="false" version="3.5.0.v20090620043401" download-size="1387" install-size="1387" />
	<plugin fragment="true" id="org.eclipse.mylyn.wikitext.twiki.core.nl_cs" unpack="false" version="3.5.0.v20090620043401" download-size="1360" install-size="1360" />
	<plugin fragment="true" id="org.eclipse.mylyn.wikitext.twiki.ui.nl_cs" unpack="false" version="3.5.0.v20090620043401" download-size="1401" install-size="1401" />
	<plugin fragment="true" id="org.eclipse.mylyn.wikitext.ui.nl_cs" unpack="false" version="3.5.0.v20090620043401" download-size="6157" install-size="6157" />
	<plugin fragment="true" id="org.eclipse.mylyn.xplanner.core.nl_cs" unpack="false" version="3.5.0.v20090620043401" download-size="2425" install-size="2425" />
	<plugin fragment="true" id="org.eclipse.mylyn.xplanner.ui.nl_cs" unpack="false" version="3.5.0.v20090620043401" download-size="3691" install-size="3691" />
</feature>