<?xml version="1.0" encoding="UTF-8" ?>
<feature
	id="org.eclipse.babel.nls_stp.sca_el"
	label="Babel Language Pack for stp.sca in Greek (21.02%)"
	image="eclipse_update_120.jpg"
	provider-name="%providerName"
	version="3.5.0.v20090620043401">
	<copyright>
		%copyright
	</copyright>
	<license url="%licenseURL">
		%license
	</license>
	<description>Babel Language Pack for stp.sca in Greek</description>
	<plugin fragment="true" id="org.eclipse.stp.sca.common.jdt.nl_el" unpack="false" version="3.5.0.v20090620043401" download-size="2339" install-size="2339" />
	<plugin fragment="true" id="org.eclipse.stp.sca.common.nl_el" unpack="false" version="3.5.0.v20090620043401" download-size="1351" install-size="1351" />
	<plugin fragment="true" id="org.eclipse.stp.sca.diagram.extension.generator.ui.nl_el" unpack="false" version="3.5.0.v20090620043401" download-size="2928" install-size="2928" />
	<plugin fragment="true" id="org.eclipse.stp.sca.diagram.extension.nl_el" unpack="false" version="3.5.0.v20090620043401" download-size="1411" install-size="1411" />
	<plugin fragment="true" id="org.eclipse.stp.sca.diagram.frascati.nl_el" unpack="false" version="3.5.0.v20090620043401" download-size="1374" install-size="1374" />
	<plugin fragment="true" id="org.eclipse.stp.sca.diagram.jdt.nl_el" unpack="false" version="3.5.0.v20090620043401" download-size="1355" install-size="1355" />
	<plugin fragment="true" id="org.eclipse.stp.sca.diagram.nl_el" unpack="false" version="3.5.0.v20090620043401" download-size="2496" install-size="2496" />
	<plugin fragment="true" id="org.eclipse.stp.sca.diagram.tuscany.nl_el" unpack="false" version="3.5.0.v20090620043401" download-size="1357" install-size="1357" />
	<plugin fragment="true" id="org.eclipse.stp.sca.domainmodel.frascati.edit.nl_el" unpack="false" version="3.5.0.v20090620043401" download-size="1795" install-size="1795" />
	<plugin fragment="true" id="org.eclipse.stp.sca.domainmodel.frascati.editor.nl_el" unpack="false" version="3.5.0.v20090620043401" download-size="1473" install-size="1473" />
	<plugin fragment="true" id="org.eclipse.stp.sca.domainmodel.tuscany.edit.nl_el" unpack="false" version="3.5.0.v20090620043401" download-size="1921" install-size="1921" />
	<plugin fragment="true" id="org.eclipse.stp.sca.domainmodel.tuscany.editor.nl_el" unpack="false" version="3.5.0.v20090620043401" download-size="1470" install-size="1470" />
	<plugin fragment="true" id="org.eclipse.stp.sca.edit.nl_el" unpack="false" version="3.5.0.v20090620043401" download-size="4027" install-size="4027" />
	<plugin fragment="true" id="org.eclipse.stp.sca.editor.nl_el" unpack="false" version="3.5.0.v20090620043401" download-size="3281" install-size="3281" />
	<plugin fragment="true" id="org.eclipse.stp.sca.formeditor.nl_el" unpack="false" version="3.5.0.v20090620043401" download-size="2406" install-size="2406" />
	<plugin fragment="true" id="org.eclipse.stp.sca.implementation.java.nl_el" unpack="false" version="3.5.0.v20090620043401" download-size="1359" install-size="1359" />
	<plugin fragment="true" id="org.eclipse.stp.sca.implementation.sca.nl_el" unpack="false" version="3.5.0.v20090620043401" download-size="1358" install-size="1358" />
	<plugin fragment="true" id="org.eclipse.stp.sca.interfacee.java.nl_el" unpack="false" version="3.5.0.v20090620043401" download-size="1356" install-size="1356" />
	<plugin fragment="true" id="org.eclipse.stp.sca.nl_el" unpack="false" version="3.5.0.v20090620043401" download-size="1347" install-size="1347" />
	<plugin fragment="true" id="org.eclipse.stp.sca.ontology.view.jena2.nl_el" unpack="false" version="3.5.0.v20090620043401" download-size="2541" install-size="2541" />
	<plugin fragment="true" id="org.eclipse.stp.sca.ontology.view.nl_el" unpack="false" version="3.5.0.v20090620043401" download-size="2376" install-size="2376" />
	<plugin fragment="true" id="org.eclipse.stp.sca.semantic.sawsdl.edit.nl_el" unpack="false" version="3.5.0.v20090620043401" download-size="1729" install-size="1729" />
	<plugin fragment="true" id="org.eclipse.stp.sca.semantic.sawsdl.properties.nl_el" unpack="false" version="3.5.0.v20090620043401" download-size="1363" install-size="1363" />
	<plugin fragment="true" id="org.eclipse.stp.sca.validation.frascati.nl_el" unpack="false" version="3.5.0.v20090620043401" download-size="1360" install-size="1360" />
	<plugin fragment="true" id="org.eclipse.stp.sca.validation.nl_el" unpack="false" version="3.5.0.v20090620043401" download-size="1354" install-size="1354" />
	<plugin fragment="true" id="org.eclipse.stp.sca.xmleditor.nl_el" unpack="false" version="3.5.0.v20090620043401" download-size="2581" install-size="2581" />
</feature>