<?xml version="1.0" encoding="UTF-8" ?>
<feature
	id="org.eclipse.babel.nls_technology.actf_ru"
	label="Babel Language Pack for technology.actf in Russian (6.78%)"
	image="eclipse_update_120.jpg"
	provider-name="%providerName"
	version="3.5.0.v20090620043401">
	<copyright>
		%copyright
	</copyright>
	<license url="%licenseURL">
		%license
	</license>
	<description>Babel Language Pack for technology.actf in Russian</description>
	<plugin fragment="true" id="org.eclipse.actf.core.nl_ru" unpack="false" version="3.5.0.v20090620043401" download-size="1617" install-size="1617" />
	<plugin fragment="true" id="org.eclipse.actf.model.flash.proxy.nl_ru" unpack="false" version="3.5.0.v20090620043401" download-size="1974" install-size="1974" />
	<plugin fragment="true" id="org.eclipse.actf.model.ui.nl_ru" unpack="false" version="3.5.0.v20090620043401" download-size="1572" install-size="1572" />
	<plugin fragment="true" id="org.eclipse.actf.ui.nl_ru" unpack="false" version="3.5.0.v20090620043401" download-size="1768" install-size="1768" />
	<plugin fragment="true" id="org.eclipse.actf.util.vocab.nl_ru" unpack="false" version="3.5.0.v20090620043401" download-size="1397" install-size="1397" />
	<plugin fragment="true" id="org.eclipse.actf.visualization.doc.isv.nl_ru" unpack="false" version="3.5.0.v20090620043401" download-size="1378" install-size="1378" />
	<plugin fragment="true" id="org.eclipse.actf.visualization.engines.blind.html.nl_ru" unpack="false" version="3.5.0.v20090620043401" download-size="1439" install-size="1439" />
	<plugin fragment="true" id="org.eclipse.actf.visualization.engines.blind.nl_ru" unpack="false" version="3.5.0.v20090620043401" download-size="1739" install-size="1739" />
	<plugin fragment="true" id="org.eclipse.actf.visualization.eval.nl_ru" unpack="false" version="3.5.0.v20090620043401" download-size="2036" install-size="2036" />
	<plugin fragment="true" id="org.eclipse.actf.visualization.gui.nl_ru" unpack="false" version="3.5.0.v20090620043401" download-size="1996" install-size="1996" />
	<plugin fragment="true" id="org.eclipse.actf.visualization.presentation.nl_ru" unpack="false" version="3.5.0.v20090620043401" download-size="1416" install-size="1416" />
	<plugin fragment="true" id="org.eclipse.actf.visualization.ui.report.nl_ru" unpack="false" version="3.5.0.v20090620043401" download-size="1497" install-size="1497" />
</feature>