<?xml version="1.0" encoding="UTF-8" ?>
<feature
	id="org.eclipse.babel.nls_eclipse_pt_BR"
	label="Babel Language Pack for eclipse in Portuguese (Brazilian) (79.85%)"
	image="eclipse_update_120.jpg"
	provider-name="%providerName"
	version="3.5.0.v20090620043401">
	<copyright>
		%copyright
	</copyright>
	<license url="%licenseURL">
		%license
	</license>
	<description>Babel Language Pack for eclipse in Portuguese (Brazilian)</description>
	<plugin fragment="true" id="org.eclipse.ant.core.nl_pt_BR" unpack="false" version="3.5.0.v20090620043401" download-size="4714" install-size="4714" />
	<plugin fragment="true" id="org.eclipse.ant.tests.core.nl_pt_BR" unpack="false" version="3.5.0.v20090620043401" download-size="1862" install-size="1862" />
	<plugin fragment="true" id="org.eclipse.ant.tests.ui.nl_pt_BR" unpack="false" version="3.5.0.v20090620043401" download-size="1624" install-size="1624" />
	<plugin fragment="true" id="org.eclipse.ant.ui.nl_pt_BR" unpack="false" version="3.5.0.v20090620043401" download-size="25131" install-size="25131" />
	<plugin fragment="true" id="org.eclipse.compare.core.nl_pt_BR" unpack="false" version="3.5.0.v20090620043401" download-size="2404" install-size="2404" />
	<plugin fragment="true" id="org.eclipse.compare.examples.nl_pt_BR" unpack="false" version="3.5.0.v20090620043401" download-size="2406" install-size="2406" />
	<plugin fragment="true" id="org.eclipse.compare.examples.xml.nl_pt_BR" unpack="false" version="3.5.0.v20090620043401" download-size="3050" install-size="3050" />
	<plugin fragment="true" id="org.eclipse.compare.nl_pt_BR" unpack="false" version="3.5.0.v20090620043401" download-size="13787" install-size="13787" />
	<plugin fragment="true" id="org.eclipse.compare.tests.nl_pt_BR" unpack="false" version="3.5.0.v20090620043401" download-size="1661" install-size="1661" />
	<plugin fragment="true" id="org.eclipse.compare.win32.nl_pt_BR" unpack="false" version="3.5.0.v20090620043401" download-size="3193" install-size="3193" />
	<plugin fragment="true" id="org.eclipse.core.boot.nl_pt_BR" unpack="false" version="3.5.0.v20090620043401" download-size="1419" install-size="1419" />
	<plugin fragment="true" id="org.eclipse.core.commands.nl_pt_BR" unpack="false" version="3.5.0.v20090620043401" download-size="1401" install-size="1401" />
	<plugin fragment="true" id="org.eclipse.core.contenttype.nl_pt_BR" unpack="false" version="3.5.0.v20090620043401" download-size="2657" install-size="2657" />
	<plugin fragment="true" id="org.eclipse.core.databinding.beans.nl_pt_BR" unpack="false" version="3.5.0.v20090620043401" download-size="1395" install-size="1395" />
	<plugin fragment="true" id="org.eclipse.core.databinding.nl_pt_BR" unpack="false" version="3.5.0.v20090620043401" download-size="2276" install-size="2276" />
	<plugin fragment="true" id="org.eclipse.core.databinding.observable.nl_pt_BR" unpack="false" version="3.5.0.v20090620043401" download-size="1398" install-size="1398" />
	<plugin fragment="true" id="org.eclipse.core.databinding.property.nl_pt_BR" unpack="false" version="3.5.0.v20090620043401" download-size="1400" install-size="1400" />
	<plugin fragment="true" id="org.eclipse.core.expressions.nl_pt_BR" unpack="false" version="3.5.0.v20090620043401" download-size="2889" install-size="2889" />
	<plugin fragment="true" id="org.eclipse.core.expressions.tests.nl_pt_BR" unpack="false" version="3.5.0.v20090620043401" download-size="1453" install-size="1453" />
	<plugin fragment="true" id="org.eclipse.core.filebuffers.nl_pt_BR" unpack="false" version="3.5.0.v20090620043401" download-size="4052" install-size="4052" />
	<plugin fragment="true" id="org.eclipse.core.filebuffers.tests.nl_pt_BR" unpack="false" version="3.5.0.v20090620043401" download-size="1400" install-size="1400" />
	<plugin fragment="true" id="org.eclipse.core.filesystem.nl_pt_BR" unpack="false" version="3.5.0.v20090620043401" download-size="2952" install-size="2952" />
	<plugin fragment="true" id="org.eclipse.core.jobs.nl_pt_BR" unpack="false" version="3.5.0.v20090620043401" download-size="2410" install-size="2410" />
	<plugin fragment="true" id="org.eclipse.core.net.linux.x86.nl_pt_BR" unpack="false" version="3.5.0.v20090620043401" download-size="1419" install-size="1419" />
	<plugin fragment="true" id="org.eclipse.core.net.nl_pt_BR" unpack="false" version="3.5.0.v20090620043401" download-size="1432" install-size="1432" />
	<plugin fragment="true" id="org.eclipse.core.net.win32.x86.nl_pt_BR" unpack="false" version="3.5.0.v20090620043401" download-size="1420" install-size="1420" />
	<plugin fragment="true" id="org.eclipse.core.resources.nl_pt_BR" unpack="false" version="3.5.0.v20090620043401" download-size="8747" install-size="8747" />
	<plugin fragment="true" id="org.eclipse.core.runtime.compatibility.auth.nl_pt_BR" unpack="false" version="3.5.0.v20090620043401" download-size="2537" install-size="2537" />
	<plugin fragment="true" id="org.eclipse.core.runtime.compatibility.nl_pt_BR" unpack="false" version="3.5.0.v20090620043401" download-size="2464" install-size="2464" />
	<plugin fragment="true" id="org.eclipse.core.runtime.nl_pt_BR" unpack="false" version="3.5.0.v20090620043401" download-size="3738" install-size="3738" />
	<plugin fragment="true" id="org.eclipse.core.variables.nl_pt_BR" unpack="false" version="3.5.0.v20090620043401" download-size="2586" install-size="2586" />
	<plugin fragment="true" id="org.eclipse.cvs.nl_pt_BR" unpack="false" version="3.5.0.v20090620043401" download-size="1383" install-size="1383" />
	<plugin fragment="true" id="org.eclipse.debug.core.nl_pt_BR" unpack="false" version="3.5.0.v20090620043401" download-size="6435" install-size="6435" />
	<plugin fragment="true" id="org.eclipse.debug.examples.ui.nl_pt_BR" unpack="false" version="3.5.0.v20090620043401" download-size="2395" install-size="2395" />
	<plugin fragment="true" id="org.eclipse.debug.ui.nl_pt_BR" unpack="false" version="3.5.0.v20090620043401" download-size="31090" install-size="31090" />
	<plugin fragment="true" id="org.eclipse.equinox.app.nl_pt_BR" unpack="false" version="3.5.0.v20090620043401" download-size="2853" install-size="2853" />
	<plugin fragment="true" id="org.eclipse.equinox.cm.nl_pt_BR" unpack="false" version="3.5.0.v20090620043401" download-size="1421" install-size="1421" />
	<plugin fragment="true" id="org.eclipse.equinox.common.nl_pt_BR" unpack="false" version="3.5.0.v20090620043401" download-size="3204" install-size="3204" />
	<plugin fragment="true" id="org.eclipse.equinox.concurrent.nl_pt_BR" unpack="false" version="3.5.0.v20090620043401" download-size="1393" install-size="1393" />
	<plugin fragment="true" id="org.eclipse.equinox.device.nl_pt_BR" unpack="false" version="3.5.0.v20090620043401" download-size="3120" install-size="3120" />
	<plugin fragment="true" id="org.eclipse.equinox.ds.nl_pt_BR" unpack="false" version="3.5.0.v20090620043401" download-size="1387" install-size="1387" />
	<plugin fragment="true" id="org.eclipse.equinox.event.nl_pt_BR" unpack="false" version="3.5.0.v20090620043401" download-size="2981" install-size="2981" />
	<plugin fragment="true" id="org.eclipse.equinox.http.jetty5.nl_pt_BR" unpack="false" version="3.5.0.v20090620043401" download-size="1483" install-size="1483" />
	<plugin fragment="true" id="org.eclipse.equinox.http.jetty6.nl_pt_BR" unpack="false" version="3.5.0.v20090620043401" download-size="1483" install-size="1483" />
	<plugin fragment="true" id="org.eclipse.equinox.http.nl_pt_BR" unpack="false" version="3.5.0.v20090620043401" download-size="4229" install-size="4229" />
	<plugin fragment="true" id="org.eclipse.equinox.http.registry.nl_pt_BR" unpack="false" version="3.5.0.v20090620043401" download-size="1482" install-size="1482" />
	<plugin fragment="true" id="org.eclipse.equinox.http.servlet.nl_pt_BR" unpack="false" version="3.5.0.v20090620043401" download-size="1426" install-size="1426" />
	<plugin fragment="true" id="org.eclipse.equinox.http.servletbridge.nl_pt_BR" unpack="false" version="3.5.0.v20090620043401" download-size="1435" install-size="1435" />
	<plugin fragment="true" id="org.eclipse.equinox.io.nl_pt_BR" unpack="false" version="3.5.0.v20090620043401" download-size="1387" install-size="1387" />
	<plugin fragment="true" id="org.eclipse.equinox.ip.nl_pt_BR" unpack="false" version="3.5.0.v20090620043401" download-size="1387" install-size="1387" />
	<plugin fragment="true" id="org.eclipse.equinox.jsp.jasper.nl_pt_BR" unpack="false" version="3.5.0.v20090620043401" download-size="1393" install-size="1393" />
	<plugin fragment="true" id="org.eclipse.equinox.jsp.jasper.registry.nl_pt_BR" unpack="false" version="3.5.0.v20090620043401" download-size="1402" install-size="1402" />
	<plugin fragment="true" id="org.eclipse.equinox.launcher.carbon.macosx.nl_pt_BR" unpack="false" version="3.5.0.v20090620043401" download-size="1492" install-size="1492" />
	<plugin fragment="true" id="org.eclipse.equinox.launcher.cocoa.macosx.nl_pt_BR" unpack="false" version="3.5.0.v20090620043401" download-size="1430" install-size="1430" />
	<plugin fragment="true" id="org.eclipse.equinox.launcher.gtk.linux.ppc.nl_pt_BR" unpack="false" version="3.5.0.v20090620043401" download-size="1485" install-size="1485" />
	<plugin fragment="true" id="org.eclipse.equinox.launcher.gtk.linux.s390.nl_pt_BR" unpack="false" version="3.5.0.v20090620043401" download-size="1486" install-size="1486" />
	<plugin fragment="true" id="org.eclipse.equinox.launcher.gtk.linux.s390x.nl_pt_BR" unpack="false" version="3.5.0.v20090620043401" download-size="1492" install-size="1492" />
	<plugin fragment="true" id="org.eclipse.equinox.launcher.gtk.linux.x86.nl_pt_BR" unpack="false" version="3.5.0.v20090620043401" download-size="1485" install-size="1485" />
	<plugin fragment="true" id="org.eclipse.equinox.launcher.gtk.solaris.sparc.nl_pt_BR" unpack="false" version="3.5.0.v20090620043401" download-size="1446" install-size="1446" />
	<plugin fragment="true" id="org.eclipse.equinox.launcher.gtk.solaris.x86.nl_pt_BR" unpack="false" version="3.5.0.v20090620043401" download-size="1495" install-size="1495" />
	<plugin fragment="true" id="org.eclipse.equinox.launcher.motif.aix.ppc.nl_pt_BR" unpack="false" version="3.5.0.v20090620043401" download-size="1434" install-size="1434" />
	<plugin fragment="true" id="org.eclipse.equinox.launcher.motif.linux.x86.nl_pt_BR" unpack="false" version="3.5.0.v20090620043401" download-size="1442" install-size="1442" />
	<plugin fragment="true" id="org.eclipse.equinox.launcher.motif.solaris.sparc.nl_pt_BR" unpack="false" version="3.5.0.v20090620043401" download-size="1507" install-size="1507" />
	<plugin fragment="true" id="org.eclipse.equinox.launcher.nl_pt_BR" unpack="false" version="3.5.0.v20090620043401" download-size="1430" install-size="1430" />
	<plugin fragment="true" id="org.eclipse.equinox.launcher.win32.win32.ia64.nl_pt_BR" unpack="false" version="3.5.0.v20090620043401" download-size="1492" install-size="1492" />
	<plugin fragment="true" id="org.eclipse.equinox.launcher.win32.win32.x86.nl_pt_BR" unpack="false" version="3.5.0.v20090620043401" download-size="1485" install-size="1485" />
	<plugin fragment="true" id="org.eclipse.equinox.launcher.wpf.win32.x86.nl_pt_BR" unpack="false" version="3.5.0.v20090620043401" download-size="1490" install-size="1490" />
	<plugin fragment="true" id="org.eclipse.equinox.log.nl_pt_BR" unpack="false" version="3.5.0.v20090620043401" download-size="1388" install-size="1388" />
	<plugin fragment="true" id="org.eclipse.equinox.metatype.nl_pt_BR" unpack="false" version="3.5.0.v20090620043401" download-size="2831" install-size="2831" />
	<plugin fragment="true" id="org.eclipse.equinox.preferences.nl_pt_BR" unpack="false" version="3.5.0.v20090620043401" download-size="3049" install-size="3049" />
	<plugin fragment="true" id="org.eclipse.equinox.registry.nl_pt_BR" unpack="false" version="3.5.0.v20090620043401" download-size="3559" install-size="3559" />
	<plugin fragment="true" id="org.eclipse.equinox.security.nl_pt_BR" unpack="false" version="3.5.0.v20090620043401" download-size="2660" install-size="2660" />
	<plugin fragment="true" id="org.eclipse.equinox.security.ui.nl_pt_BR" unpack="false" version="3.5.0.v20090620043401" download-size="3618" install-size="3618" />
	<plugin fragment="true" id="org.eclipse.equinox.servletbridge.nl_pt_BR" unpack="false" version="3.5.0.v20090620043401" download-size="1413" install-size="1413" />
	<plugin fragment="true" id="org.eclipse.equinox.transforms.xslt.nl_pt_BR" unpack="false" version="3.5.0.v20090620043401" download-size="1398" install-size="1398" />
	<plugin fragment="true" id="org.eclipse.equinox.useradmin.nl_pt_BR" unpack="false" version="3.5.0.v20090620043401" download-size="3253" install-size="3253" />
	<plugin fragment="true" id="org.eclipse.equinox.util.nl_pt_BR" unpack="false" version="3.5.0.v20090620043401" download-size="1389" install-size="1389" />
	<plugin fragment="true" id="org.eclipse.equinox.wireadmin.nl_pt_BR" unpack="false" version="3.5.0.v20090620043401" download-size="1392" install-size="1392" />
	<plugin fragment="true" id="org.eclipse.help.appserver.nl_pt_BR" unpack="false" version="3.5.0.v20090620043401" download-size="2599" install-size="2599" />
	<plugin fragment="true" id="org.eclipse.help.base.nl_pt_BR" unpack="false" version="3.5.0.v20090620043401" download-size="4114" install-size="4114" />
	<plugin fragment="true" id="org.eclipse.help.nl_pt_BR" unpack="false" version="3.5.0.v20090620043401" download-size="1517" install-size="1517" />
	<plugin fragment="true" id="org.eclipse.help.ui.nl_pt_BR" unpack="false" version="3.5.0.v20090620043401" download-size="5188" install-size="5188" />
	<plugin fragment="true" id="org.eclipse.help.webapp.nl_pt_BR" unpack="false" version="3.5.0.v20090620043401" download-size="4378" install-size="4378" />
	<plugin fragment="true" id="org.eclipse.jdt.apt.core.nl_pt_BR" unpack="false" version="3.5.0.v20090620043401" download-size="3918" install-size="3918" />
	<plugin fragment="true" id="org.eclipse.jdt.apt.pluggable.core.nl_pt_BR" unpack="false" version="3.5.0.v20090620043401" download-size="1395" install-size="1395" />
	<plugin fragment="true" id="org.eclipse.jdt.apt.pluggable.tests.nl_pt_BR" unpack="false" version="3.5.0.v20090620043401" download-size="1395" install-size="1395" />
	<plugin fragment="true" id="org.eclipse.jdt.apt.tests.nl_pt_BR" unpack="false" version="3.5.0.v20090620043401" download-size="1389" install-size="1389" />
	<plugin fragment="true" id="org.eclipse.jdt.apt.ui.nl_pt_BR" unpack="false" version="3.5.0.v20090620043401" download-size="4635" install-size="4635" />
	<plugin fragment="true" id="org.eclipse.jdt.compiler.apt.tests.nl_pt_BR" unpack="false" version="3.5.0.v20090620043401" download-size="1395" install-size="1395" />
	<plugin fragment="true" id="org.eclipse.jdt.compiler.tool.tests.nl_pt_BR" unpack="false" version="3.5.0.v20090620043401" download-size="1397" install-size="1397" />
	<plugin fragment="true" id="org.eclipse.jdt.core.manipulation.nl_pt_BR" unpack="false" version="3.5.0.v20090620043401" download-size="3477" install-size="3477" />
	<plugin fragment="true" id="org.eclipse.jdt.core.nl_pt_BR" unpack="false" version="3.5.0.v20090620043401" download-size="29643" install-size="29643" />
	<plugin fragment="true" id="org.eclipse.jdt.core.tests.builder.nl_pt_BR" unpack="false" version="3.5.0.v20090620043401" download-size="1395" install-size="1395" />
	<plugin fragment="true" id="org.eclipse.jdt.core.tests.compiler.nl_pt_BR" unpack="false" version="3.5.0.v20090620043401" download-size="1398" install-size="1398" />
	<plugin fragment="true" id="org.eclipse.jdt.core.tests.model.nl_pt_BR" unpack="false" version="3.5.0.v20090620043401" download-size="12338" install-size="12338" />
	<plugin fragment="true" id="org.eclipse.jdt.core.tests.performance.nl_pt_BR" unpack="false" version="3.5.0.v20090620043401" download-size="1401" install-size="1401" />
	<plugin fragment="true" id="org.eclipse.jdt.debug.nl_pt_BR" unpack="false" version="3.5.0.v20090620043401" download-size="20926" install-size="20926" />
	<plugin fragment="true" id="org.eclipse.jdt.debug.tests.nl_pt_BR" unpack="false" version="3.5.0.v20090620043401" download-size="1391" install-size="1391" />
	<plugin fragment="true" id="org.eclipse.jdt.debug.ui.nl_pt_BR" unpack="false" version="3.5.0.v20090620043401" download-size="28313" install-size="28313" />
	<plugin fragment="true" id="org.eclipse.jdt.doc.isv.nl_pt_BR" unpack="false" version="3.5.0.v20090620043401" download-size="1800" install-size="1800" />
	<plugin fragment="true" id="org.eclipse.jdt.doc.user.nl_pt_BR" unpack="false" version="3.5.0.v20090620043401" download-size="1796" install-size="1796" />
	<plugin fragment="true" id="org.eclipse.jdt.junit.nl_pt_BR" unpack="false" version="3.5.0.v20090620043401" download-size="9291" install-size="9291" />
	<plugin fragment="true" id="org.eclipse.jdt.junit.runtime.nl_pt_BR" unpack="false" version="3.5.0.v20090620043401" download-size="2945" install-size="2945" />
	<plugin fragment="true" id="org.eclipse.jdt.junit4.runtime.nl_pt_BR" unpack="false" version="3.5.0.v20090620043401" download-size="1451" install-size="1451" />
	<plugin fragment="true" id="org.eclipse.jdt.launching.macosx.nl_pt_BR" unpack="false" version="3.5.0.v20090620043401" download-size="2505" install-size="2505" />
	<plugin fragment="true" id="org.eclipse.jdt.launching.nl_pt_BR" unpack="false" version="3.5.0.v20090620043401" download-size="6528" install-size="6528" />
	<plugin fragment="true" id="org.eclipse.jdt.launching.ui.macosx.nl_pt_BR" unpack="false" version="3.5.0.v20090620043401" download-size="2844" install-size="2844" />
	<plugin fragment="true" id="org.eclipse.jdt.nl_pt_BR" unpack="false" version="3.5.0.v20090620043401" download-size="1737" install-size="1737" />
	<plugin fragment="true" id="org.eclipse.jdt.text.tests.nl_pt_BR" unpack="false" version="3.5.0.v20090620043401" download-size="1394" install-size="1394" />
	<plugin fragment="true" id="org.eclipse.jdt.ui.examples.projects.nl_pt_BR" unpack="false" version="3.5.0.v20090620043401" download-size="2704" install-size="2704" />
	<plugin fragment="true" id="org.eclipse.jdt.ui.nl_pt_BR" unpack="false" version="3.5.0.v20090620043401" download-size="156051" install-size="156051" />
	<plugin fragment="true" id="org.eclipse.jdt.ui.tests.nl_pt_BR" unpack="false" version="3.5.0.v20090620043401" download-size="1393" install-size="1393" />
	<plugin fragment="true" id="org.eclipse.jdt.ui.tests.refactoring.nl_pt_BR" unpack="false" version="3.5.0.v20090620043401" download-size="1405" install-size="1405" />
	<plugin fragment="true" id="org.eclipse.jface.databinding.nl_pt_BR" unpack="false" version="3.5.0.v20090620043401" download-size="1431" install-size="1431" />
	<plugin fragment="true" id="org.eclipse.jface.examples.databinding.nl_pt_BR" unpack="false" version="3.5.0.v20090620043401" download-size="1398" install-size="1398" />
	<plugin fragment="true" id="org.eclipse.jface.nl_pt_BR" unpack="false" version="3.5.0.v20090620043401" download-size="9770" install-size="9770" />
	<plugin fragment="true" id="org.eclipse.jface.tests.databinding.conformance.nl_pt_BR" unpack="false" version="3.5.0.v20090620043401" download-size="1404" install-size="1404" />
	<plugin fragment="true" id="org.eclipse.jface.tests.databinding.nl_pt_BR" unpack="false" version="3.5.0.v20090620043401" download-size="1396" install-size="1396" />
	<plugin fragment="true" id="org.eclipse.jface.text.nl_pt_BR" unpack="false" version="3.5.0.v20090620043401" download-size="11843" install-size="11843" />
	<plugin fragment="true" id="org.eclipse.jface.text.tests.nl_pt_BR" unpack="false" version="3.5.0.v20090620043401" download-size="1425" install-size="1425" />
	<plugin fragment="true" id="org.eclipse.jsch.core.nl_pt_BR" unpack="false" version="3.5.0.v20090620043401" download-size="2333" install-size="2333" />
	<plugin fragment="true" id="org.eclipse.jsch.ui.nl_pt_BR" unpack="false" version="3.5.0.v20090620043401" download-size="3843" install-size="3843" />
	<plugin fragment="true" id="org.eclipse.ltk.core.refactoring.nl_pt_BR" unpack="false" version="3.5.0.v20090620043401" download-size="4691" install-size="4691" />
	<plugin fragment="true" id="org.eclipse.ltk.core.refactoring.tests.nl_pt_BR" unpack="false" version="3.5.0.v20090620043401" download-size="1401" install-size="1401" />
	<plugin fragment="true" id="org.eclipse.ltk.ui.refactoring.nl_pt_BR" unpack="false" version="3.5.0.v20090620043401" download-size="8185" install-size="8185" />
	<plugin fragment="true" id="org.eclipse.ltk.ui.refactoring.tests.nl_pt_BR" unpack="false" version="3.5.0.v20090620043401" download-size="1396" install-size="1396" />
	<plugin fragment="true" id="org.eclipse.osgi.nl_pt_BR" unpack="false" version="3.5.0.v20090620043401" download-size="14974" install-size="14974" />
	<plugin fragment="true" id="org.eclipse.osgi.services.nl_pt_BR" unpack="false" version="3.5.0.v20090620043401" download-size="1570" install-size="1570" />
	<plugin fragment="true" id="org.eclipse.osgi.util.nl_pt_BR" unpack="false" version="3.5.0.v20090620043401" download-size="1569" install-size="1569" />
	<plugin fragment="true" id="org.eclipse.pde.api.tools.nl_pt_BR" unpack="false" version="3.5.0.v20090620043401" download-size="6991" install-size="6991" />
	<plugin fragment="true" id="org.eclipse.pde.api.tools.ui.nl_pt_BR" unpack="false" version="3.5.0.v20090620043401" download-size="6545" install-size="6545" />
	<plugin fragment="true" id="org.eclipse.pde.build.nl_pt_BR" unpack="false" version="3.5.0.v20090620043401" download-size="5236" install-size="5236" />
	<plugin fragment="true" id="org.eclipse.pde.build.tests.nl_pt_BR" unpack="false" version="3.5.0.v20090620043401" download-size="1411" install-size="1411" />
	<plugin fragment="true" id="org.eclipse.pde.core.nl_pt_BR" unpack="false" version="3.5.0.v20090620043401" download-size="9078" install-size="9078" />
	<plugin fragment="true" id="org.eclipse.pde.doc.user.nl_pt_BR" unpack="false" version="3.5.0.v20090620043401" download-size="1807" install-size="1807" />
	<plugin fragment="true" id="org.eclipse.pde.ds.core.nl_pt_BR" unpack="false" version="3.5.0.v20090620043401" download-size="2384" install-size="2384" />
	<plugin fragment="true" id="org.eclipse.pde.ds.tests.nl_pt_BR" unpack="false" version="3.5.0.v20090620043401" download-size="1388" install-size="1388" />
	<plugin fragment="true" id="org.eclipse.pde.ds.ui.nl_pt_BR" unpack="false" version="3.5.0.v20090620043401" download-size="2906" install-size="2906" />
	<plugin fragment="true" id="org.eclipse.pde.junit.runtime.nl_pt_BR" unpack="false" version="3.5.0.v20090620043401" download-size="1428" install-size="1428" />
	<plugin fragment="true" id="org.eclipse.pde.nl_pt_BR" unpack="false" version="3.5.0.v20090620043401" download-size="1988" install-size="1988" />
	<plugin fragment="true" id="org.eclipse.pde.runtime.nl_pt_BR" unpack="false" version="3.5.0.v20090620043401" download-size="3512" install-size="3512" />
	<plugin fragment="true" id="org.eclipse.pde.tools.versioning.nl_pt_BR" unpack="false" version="3.5.0.v20090620043401" download-size="2767" install-size="2767" />
	<plugin fragment="true" id="org.eclipse.pde.ua.core.nl_pt_BR" unpack="false" version="3.5.0.v20090620043401" download-size="1493" install-size="1493" />
	<plugin fragment="true" id="org.eclipse.pde.ua.ui.nl_pt_BR" unpack="false" version="3.5.0.v20090620043401" download-size="10984" install-size="10984" />
	<plugin fragment="true" id="org.eclipse.pde.ui.nl_pt_BR" unpack="false" version="3.5.0.v20090620043401" download-size="34582" install-size="34582" />
	<plugin fragment="true" id="org.eclipse.pde.ui.templates.nl_pt_BR" unpack="false" version="3.5.0.v20090620043401" download-size="10536" install-size="10536" />
	<plugin fragment="true" id="org.eclipse.platform.doc.isv.nl_pt_BR" unpack="false" version="3.5.0.v20090620043401" download-size="1437" install-size="1437" />
	<plugin fragment="true" id="org.eclipse.platform.doc.user.nl_pt_BR" unpack="false" version="3.5.0.v20090620043401" download-size="1415" install-size="1415" />
	<plugin fragment="true" id="org.eclipse.platform.nl_pt_BR" unpack="false" version="3.5.0.v20090620043401" download-size="2403" install-size="2403" />
	<plugin fragment="true" id="org.eclipse.rcp.nl_pt_BR" unpack="false" version="3.5.0.v20090620043401" download-size="1741" install-size="1741" />
	<plugin fragment="true" id="org.eclipse.releng.tools.nl_pt_BR" unpack="false" version="3.5.0.v20090620043401" download-size="2246" install-size="2246" />
	<plugin fragment="true" id="org.eclipse.sdk.examples.nl_pt_BR" unpack="false" version="3.5.0.v20090620043401" download-size="1704" install-size="1704" />
	<plugin fragment="true" id="org.eclipse.sdk.nl_pt_BR" unpack="false" version="3.5.0.v20090620043401" download-size="2678" install-size="2678" />
	<plugin fragment="true" id="org.eclipse.sdk.tests.nl_pt_BR" unpack="false" version="3.5.0.v20090620043401" download-size="1698" install-size="1698" />
	<plugin fragment="true" id="org.eclipse.search.nl_pt_BR" unpack="false" version="3.5.0.v20090620043401" download-size="7933" install-size="7933" />
	<plugin fragment="true" id="org.eclipse.search.tests.nl_pt_BR" unpack="false" version="3.5.0.v20090620043401" download-size="1388" install-size="1388" />
	<plugin fragment="true" id="org.eclipse.swt.examples.browser.demos.nl_pt_BR" unpack="false" version="3.5.0.v20090620043401" download-size="1402" install-size="1402" />
	<plugin fragment="true" id="org.eclipse.swt.examples.browser.nl_pt_BR" unpack="false" version="3.5.0.v20090620043401" download-size="1437" install-size="1437" />
	<plugin fragment="true" id="org.eclipse.swt.examples.controls.nl_pt_BR" unpack="false" version="3.5.0.v20090620043401" download-size="1398" install-size="1398" />
	<plugin fragment="true" id="org.eclipse.swt.examples.launcher.nl_pt_BR" unpack="false" version="3.5.0.v20090620043401" download-size="1483" install-size="1483" />
	<plugin fragment="true" id="org.eclipse.swt.examples.layouts.nl_pt_BR" unpack="false" version="3.5.0.v20090620043401" download-size="1398" install-size="1398" />
	<plugin fragment="true" id="org.eclipse.swt.examples.nl_pt_BR" unpack="false" version="3.5.0.v20090620043401" download-size="7174" install-size="7174" />
	<plugin fragment="true" id="org.eclipse.swt.examples.ole.win32.nl_pt_BR" unpack="false" version="3.5.0.v20090620043401" download-size="1497" install-size="1497" />
	<plugin fragment="true" id="org.eclipse.swt.examples.paint.nl_pt_BR" unpack="false" version="3.5.0.v20090620043401" download-size="1393" install-size="1393" />
	<plugin fragment="true" id="org.eclipse.swt.nl_pt_BR" unpack="false" version="3.5.0.v20090620043401" download-size="2335" install-size="2335" />
	<plugin fragment="true" id="org.eclipse.swt.tests.nl_pt_BR" unpack="false" version="3.5.0.v20090620043401" download-size="1400" install-size="1400" />
	<plugin fragment="true" id="org.eclipse.swt.tools.nl_pt_BR" unpack="false" version="3.5.0.v20090620043401" download-size="1386" install-size="1386" />
	<plugin fragment="true" id="org.eclipse.team.core.nl_pt_BR" unpack="false" version="3.5.0.v20090620043401" download-size="4418" install-size="4418" />
	<plugin fragment="true" id="org.eclipse.team.cvs.core.nl_pt_BR" unpack="false" version="3.5.0.v20090620043401" download-size="8022" install-size="8022" />
	<plugin fragment="true" id="org.eclipse.team.cvs.ssh.nl_pt_BR" unpack="false" version="3.5.0.v20090620043401" download-size="3145" install-size="3145" />
	<plugin fragment="true" id="org.eclipse.team.cvs.ssh2.nl_pt_BR" unpack="false" version="3.5.0.v20090620043401" download-size="3554" install-size="3554" />
	<plugin fragment="true" id="org.eclipse.team.cvs.ui.nl_pt_BR" unpack="false" version="3.5.0.v20090620043401" download-size="25740" install-size="25740" />
	<plugin fragment="true" id="org.eclipse.team.examples.filesystem.nl_pt_BR" unpack="false" version="3.5.0.v20090620043401" download-size="2351" install-size="2351" />
	<plugin fragment="true" id="org.eclipse.team.tests.cvs.core.nl_pt_BR" unpack="false" version="3.5.0.v20090620043401" download-size="1449" install-size="1449" />
	<plugin fragment="true" id="org.eclipse.team.ui.nl_pt_BR" unpack="false" version="3.5.0.v20090620043401" download-size="12233" install-size="12233" />
	<plugin fragment="true" id="org.eclipse.text.nl_pt_BR" unpack="false" version="3.5.0.v20090620043401" download-size="4323" install-size="4323" />
	<plugin fragment="true" id="org.eclipse.text.tests.nl_pt_BR" unpack="false" version="3.5.0.v20090620043401" download-size="1415" install-size="1415" />
	<plugin fragment="true" id="org.eclipse.ui.browser.nl_pt_BR" unpack="false" version="3.5.0.v20090620043401" download-size="3731" install-size="3731" />
	<plugin fragment="true" id="org.eclipse.ui.cheatsheets.nl_pt_BR" unpack="false" version="3.5.0.v20090620043401" download-size="5588" install-size="5588" />
	<plugin fragment="true" id="org.eclipse.ui.console.nl_pt_BR" unpack="false" version="3.5.0.v20090620043401" download-size="3468" install-size="3468" />
	<plugin fragment="true" id="org.eclipse.ui.editors.nl_pt_BR" unpack="false" version="3.5.0.v20090620043401" download-size="12399" install-size="12399" />
	<plugin fragment="true" id="org.eclipse.ui.editors.tests.nl_pt_BR" unpack="false" version="3.5.0.v20090620043401" download-size="1395" install-size="1395" />
	<plugin fragment="true" id="org.eclipse.ui.examples.contributions.nl_pt_BR" unpack="false" version="3.5.0.v20090620043401" download-size="2543" install-size="2543" />
	<plugin fragment="true" id="org.eclipse.ui.examples.fieldassist.nl_pt_BR" unpack="false" version="3.5.0.v20090620043401" download-size="2529" install-size="2529" />
	<plugin fragment="true" id="org.eclipse.ui.examples.javaeditor.nl_pt_BR" unpack="false" version="3.5.0.v20090620043401" download-size="3384" install-size="3384" />
	<plugin fragment="true" id="org.eclipse.ui.examples.multipageeditor.nl_pt_BR" unpack="false" version="3.5.0.v20090620043401" download-size="2345" install-size="2345" />
	<plugin fragment="true" id="org.eclipse.ui.examples.propertysheet.nl_pt_BR" unpack="false" version="3.5.0.v20090620043401" download-size="2430" install-size="2430" />
	<plugin fragment="true" id="org.eclipse.ui.examples.readmetool.nl_pt_BR" unpack="false" version="3.5.0.v20090620043401" download-size="2541" install-size="2541" />
	<plugin fragment="true" id="org.eclipse.ui.examples.undo.nl_pt_BR" unpack="false" version="3.5.0.v20090620043401" download-size="2238" install-size="2238" />
	<plugin fragment="true" id="org.eclipse.ui.examples.views.properties.tabbed.article.nl_pt_BR" unpack="false" version="3.5.0.v20090620043401" download-size="1494" install-size="1494" />
	<plugin fragment="true" id="org.eclipse.ui.externaltools.nl_pt_BR" unpack="false" version="3.5.0.v20090620043401" download-size="8965" install-size="8965" />
	<plugin fragment="true" id="org.eclipse.ui.forms.nl_pt_BR" unpack="false" version="3.5.0.v20090620043401" download-size="2306" install-size="2306" />
	<plugin fragment="true" id="org.eclipse.ui.ide.application.nl_pt_BR" unpack="false" version="3.5.0.v20090620043401" download-size="1568" install-size="1568" />
	<plugin fragment="true" id="org.eclipse.ui.ide.nl_pt_BR" unpack="false" version="3.5.0.v20090620043401" download-size="31733" install-size="31733" />
	<plugin fragment="true" id="org.eclipse.ui.intro.nl_pt_BR" unpack="false" version="3.5.0.v20090620043401" download-size="3746" install-size="3746" />
	<plugin fragment="true" id="org.eclipse.ui.intro.universal.nl_pt_BR" unpack="false" version="3.5.0.v20090620043401" download-size="5987" install-size="5987" />
	<plugin fragment="true" id="org.eclipse.ui.navigator.nl_pt_BR" unpack="false" version="3.5.0.v20090620043401" download-size="3982" install-size="3982" />
	<plugin fragment="true" id="org.eclipse.ui.navigator.resources.nl_pt_BR" unpack="false" version="3.5.0.v20090620043401" download-size="3524" install-size="3524" />
	<plugin fragment="true" id="org.eclipse.ui.net.nl_pt_BR" unpack="false" version="3.5.0.v20090620043401" download-size="2455" install-size="2455" />
	<plugin fragment="true" id="org.eclipse.ui.nl_pt_BR" unpack="false" version="3.5.0.v20090620043401" download-size="5554" install-size="5554" />
	<plugin fragment="true" id="org.eclipse.ui.presentations.r21.nl_pt_BR" unpack="false" version="3.5.0.v20090620043401" download-size="2578" install-size="2578" />
	<plugin fragment="true" id="org.eclipse.ui.tests.navigator.nl_pt_BR" unpack="false" version="3.5.0.v20090620043401" download-size="1506" install-size="1506" />
	<plugin fragment="true" id="org.eclipse.ui.tests.views.properties.tabbed.nl_pt_BR" unpack="false" version="3.5.0.v20090620043401" download-size="1460" install-size="1460" />
	<plugin fragment="true" id="org.eclipse.ui.views.log.nl_pt_BR" unpack="false" version="3.5.0.v20090620043401" download-size="3800" install-size="3800" />
	<plugin fragment="true" id="org.eclipse.ui.views.nl_pt_BR" unpack="false" version="3.5.0.v20090620043401" download-size="3242" install-size="3242" />
	<plugin fragment="true" id="org.eclipse.ui.views.properties.tabbed.nl_pt_BR" unpack="false" version="3.5.0.v20090620043401" download-size="3122" install-size="3122" />
	<plugin fragment="true" id="org.eclipse.ui.workbench.nl_pt_BR" unpack="false" version="3.5.0.v20090620043401" download-size="26065" install-size="26065" />
	<plugin fragment="true" id="org.eclipse.ui.workbench.texteditor.nl_pt_BR" unpack="false" version="3.5.0.v20090620043401" download-size="13072" install-size="13072" />
	<plugin fragment="true" id="org.eclipse.ui.workbench.texteditor.tests.nl_pt_BR" unpack="false" version="3.5.0.v20090620043401" download-size="1409" install-size="1409" />
	<plugin fragment="true" id="org.eclipse.update.configurator.nl_pt_BR" unpack="false" version="3.5.0.v20090620043401" download-size="3427" install-size="3427" />
	<plugin fragment="true" id="org.eclipse.update.core.nl_pt_BR" unpack="false" version="3.5.0.v20090620043401" download-size="8535" install-size="8535" />
	<plugin fragment="true" id="org.eclipse.update.scheduler.nl_pt_BR" unpack="false" version="3.5.0.v20090620043401" download-size="2938" install-size="2938" />
	<plugin fragment="true" id="org.eclipse.update.tests.core.nl_pt_BR" unpack="false" version="3.5.0.v20090620043401" download-size="2829" install-size="2829" />
	<plugin fragment="true" id="org.eclipse.update.ui.nl_pt_BR" unpack="false" version="3.5.0.v20090620043401" download-size="9429" install-size="9429" />
	<plugin fragment="true" id="org.junit4.nl_pt_BR" unpack="false" version="3.5.0.v20090620043401" download-size="1421" install-size="1421" />
	<plugin fragment="true" id="security.a.frag.a.nl_pt_BR" unpack="false" version="3.5.0.v20090620043401" download-size="1413" install-size="1413" />
	<plugin fragment="true" id="security.a.nl_pt_BR" unpack="false" version="3.5.0.v20090620043401" download-size="1395" install-size="1395" />
</feature>