<?xml version="1.0" encoding="UTF-8" ?>
<feature
	id="org.eclipse.babel.nls_technology.actf_es"
	label="Babel Language Pack for technology.actf in Spanish (7.86%)"
	image="eclipse_update_120.jpg"
	provider-name="%providerName"
	version="3.5.0.v20090620043401">
	<copyright>
		%copyright
	</copyright>
	<license url="%licenseURL">
		%license
	</license>
	<description>Babel Language Pack for technology.actf in Spanish</description>
	<plugin fragment="true" id="org.eclipse.actf.core.nl_es" unpack="false" version="3.5.0.v20090620043401" download-size="1675" install-size="1675" />
	<plugin fragment="true" id="org.eclipse.actf.model.flash.proxy.nl_es" unpack="false" version="3.5.0.v20090620043401" download-size="1887" install-size="1887" />
	<plugin fragment="true" id="org.eclipse.actf.model.ui.nl_es" unpack="false" version="3.5.0.v20090620043401" download-size="1518" install-size="1518" />
	<plugin fragment="true" id="org.eclipse.actf.ui.nl_es" unpack="false" version="3.5.0.v20090620043401" download-size="1948" install-size="1948" />
	<plugin fragment="true" id="org.eclipse.actf.util.vocab.nl_es" unpack="false" version="3.5.0.v20090620043401" download-size="1384" install-size="1384" />
	<plugin fragment="true" id="org.eclipse.actf.visualization.doc.isv.nl_es" unpack="false" version="3.5.0.v20090620043401" download-size="1377" install-size="1377" />
	<plugin fragment="true" id="org.eclipse.actf.visualization.engines.blind.html.nl_es" unpack="false" version="3.5.0.v20090620043401" download-size="1415" install-size="1415" />
	<plugin fragment="true" id="org.eclipse.actf.visualization.engines.blind.nl_es" unpack="false" version="3.5.0.v20090620043401" download-size="1700" install-size="1700" />
	<plugin fragment="true" id="org.eclipse.actf.visualization.eval.nl_es" unpack="false" version="3.5.0.v20090620043401" download-size="1904" install-size="1904" />
	<plugin fragment="true" id="org.eclipse.actf.visualization.gui.nl_es" unpack="false" version="3.5.0.v20090620043401" download-size="1912" install-size="1912" />
	<plugin fragment="true" id="org.eclipse.actf.visualization.presentation.nl_es" unpack="false" version="3.5.0.v20090620043401" download-size="1395" install-size="1395" />
	<plugin fragment="true" id="org.eclipse.actf.visualization.ui.report.nl_es" unpack="false" version="3.5.0.v20090620043401" download-size="1449" install-size="1449" />
</feature>