<?xml version="1.0" encoding="UTF-8" ?>
<feature
	id="org.eclipse.babel.nls_webtools.webservices_da"
	label="Babel Language Pack for webtools.webservices in Danish (89.12%)"
	image="eclipse_update_120.jpg"
	provider-name="%providerName"
	version="3.5.0.v20090620043401">
	<copyright>
		%copyright
	</copyright>
	<license url="%licenseURL">
		%license
	</license>
	<description>Babel Language Pack for webtools.webservices in Danish</description>
	<plugin fragment="true" id="org.eclipse.jst.ws.axis.consumption.core.nl_da" unpack="false" version="3.5.0.v20090620043401" download-size="4237" install-size="4237" />
	<plugin fragment="true" id="org.eclipse.jst.ws.axis.consumption.ui.nl_da" unpack="false" version="3.5.0.v20090620043401" download-size="4599" install-size="4599" />
	<plugin fragment="true" id="org.eclipse.jst.ws.axis.creation.ui.nl_da" unpack="false" version="3.5.0.v20090620043401" download-size="4007" install-size="4007" />
	<plugin fragment="true" id="org.eclipse.jst.ws.axis2.consumption.core.nl_da" unpack="false" version="3.5.0.v20090620043401" download-size="2819" install-size="2819" />
	<plugin fragment="true" id="org.eclipse.jst.ws.axis2.consumption.ui.nl_da" unpack="false" version="3.5.0.v20090620043401" download-size="1426" install-size="1426" />
	<plugin fragment="true" id="org.eclipse.jst.ws.axis2.core.nl_da" unpack="false" version="3.5.0.v20090620043401" download-size="2686" install-size="2686" />
	<plugin fragment="true" id="org.eclipse.jst.ws.axis2.creation.core.nl_da" unpack="false" version="3.5.0.v20090620043401" download-size="2787" install-size="2787" />
	<plugin fragment="true" id="org.eclipse.jst.ws.axis2.creation.ui.nl_da" unpack="false" version="3.5.0.v20090620043401" download-size="1381" install-size="1381" />
	<plugin fragment="true" id="org.eclipse.jst.ws.axis2.ui.doc.user.nl_da" unpack="false" version="3.5.0.v20090620043401" download-size="1376" install-size="1376" />
	<plugin fragment="true" id="org.eclipse.jst.ws.axis2.ui.nl_da" unpack="false" version="3.5.0.v20090620043401" download-size="1375" install-size="1375" />
	<plugin fragment="true" id="org.eclipse.jst.ws.consumption.nl_da" unpack="false" version="3.5.0.v20090620043401" download-size="4807" install-size="4807" />
	<plugin fragment="true" id="org.eclipse.jst.ws.consumption.ui.nl_da" unpack="false" version="3.5.0.v20090620043401" download-size="10153" install-size="10153" />
	<plugin fragment="true" id="org.eclipse.jst.ws.creation.ejb.ui.nl_da" unpack="false" version="3.5.0.v20090620043401" download-size="1507" install-size="1507" />
	<plugin fragment="true" id="org.eclipse.jst.ws.creation.ui.nl_da" unpack="false" version="3.5.0.v20090620043401" download-size="3017" install-size="3017" />
	<plugin fragment="true" id="org.eclipse.jst.ws.nl_da" unpack="false" version="3.5.0.v20090620043401" download-size="3624" install-size="3624" />
	<plugin fragment="true" id="org.eclipse.jst.ws.uddiregistry.nl_da" unpack="false" version="3.5.0.v20090620043401" download-size="2836" install-size="2836" />
	<plugin fragment="true" id="org.eclipse.jst.ws.ui.nl_da" unpack="false" version="3.5.0.v20090620043401" download-size="3605" install-size="3605" />
	<plugin fragment="true" id="org.eclipse.wst.command.env.core.nl_da" unpack="false" version="3.5.0.v20090620043401" download-size="2667" install-size="2667" />
	<plugin fragment="true" id="org.eclipse.wst.command.env.nl_da" unpack="false" version="3.5.0.v20090620043401" download-size="4912" install-size="4912" />
	<plugin fragment="true" id="org.eclipse.wst.command.env.ui.nl_da" unpack="false" version="3.5.0.v20090620043401" download-size="3259" install-size="3259" />
	<plugin fragment="true" id="org.eclipse.wst.ws.explorer.nl_da" unpack="false" version="3.5.0.v20090620043401" download-size="16840" install-size="16840" />
	<plugin fragment="true" id="org.eclipse.wst.ws.nl_da" unpack="false" version="3.5.0.v20090620043401" download-size="2781" install-size="2781" />
	<plugin fragment="true" id="org.eclipse.wst.ws.parser.nl_da" unpack="false" version="3.5.0.v20090620043401" download-size="3264" install-size="3264" />
	<plugin fragment="true" id="org.eclipse.wst.ws.service.policy.nl_da" unpack="false" version="3.5.0.v20090620043401" download-size="1497" install-size="1497" />
	<plugin fragment="true" id="org.eclipse.wst.ws.service.policy.ui.nl_da" unpack="false" version="3.5.0.v20090620043401" download-size="2896" install-size="2896" />
	<plugin fragment="true" id="org.eclipse.wst.ws.ui.nl_da" unpack="false" version="3.5.0.v20090620043401" download-size="3080" install-size="3080" />
	<plugin fragment="true" id="org.eclipse.wst.wsdl.nl_da" unpack="false" version="3.5.0.v20090620043401" download-size="1365" install-size="1365" />
	<plugin fragment="true" id="org.eclipse.wst.wsdl.ui.nl_da" unpack="false" version="3.5.0.v20090620043401" download-size="6128" install-size="6128" />
	<plugin fragment="true" id="org.eclipse.wst.wsdl.validation.nl_da" unpack="false" version="3.5.0.v20090620043401" download-size="7744" install-size="7744" />
	<plugin fragment="true" id="org.eclipse.wst.wsi.nl_da" unpack="false" version="3.5.0.v20090620043401" download-size="5804" install-size="5804" />
	<plugin fragment="true" id="org.eclipse.wst.wsi.ui.nl_da" unpack="false" version="3.5.0.v20090620043401" download-size="3893" install-size="3893" />
</feature>