<?xml version="1.0" encoding="UTF-8" ?>
<feature
	id="org.eclipse.babel.nls_modeling.m2t_tr"
	label="Babel Language Pack for modeling.m2t in Turkish (9.5%)"
	image="eclipse_update_120.jpg"
	provider-name="%providerName"
	version="3.5.0.v20090620043401">
	<copyright>
		%copyright
	</copyright>
	<license url="%licenseURL">
		%license
	</license>
	<description>Babel Language Pack for modeling.m2t in Turkish</description>
	<plugin fragment="true" id="org.eclipse.acceleo.common.nl_tr" unpack="false" version="3.5.0.v20090620043401" download-size="1369" install-size="1369" />
	<plugin fragment="true" id="org.eclipse.acceleo.engine.nl_tr" unpack="false" version="3.5.0.v20090620043401" download-size="1369" install-size="1369" />
	<plugin fragment="true" id="org.eclipse.acceleo.ide.ui.nl_tr" unpack="false" version="3.5.0.v20090620043401" download-size="2704" install-size="2704" />
	<plugin fragment="true" id="org.eclipse.acceleo.model.nl_tr" unpack="false" version="3.5.0.v20090620043401" download-size="1369" install-size="1369" />
	<plugin fragment="true" id="org.eclipse.acceleo.parser.nl_tr" unpack="false" version="3.5.0.v20090620043401" download-size="2331" install-size="2331" />
</feature>