<?xml version="1.0" encoding="UTF-8" ?>
<feature
	id="org.eclipse.babel.nls_modeling.emft_da"
	label="Babel Language Pack for modeling.emft in Danish (26.84%)"
	image="eclipse_update_120.jpg"
	provider-name="%providerName"
	version="3.5.0.v20090620043401">
	<copyright>
		%copyright
	</copyright>
	<license url="%licenseURL">
		%license
	</license>
	<description>Babel Language Pack for modeling.emft in Danish</description>
	<plugin fragment="true" id="org.eclipse.emf.compare.diff.edit.nl_da" unpack="false" version="3.5.0.v20090620043401" download-size="1818" install-size="1818" />
	<plugin fragment="true" id="org.eclipse.emf.compare.diff.nl_da" unpack="false" version="3.5.0.v20090620043401" download-size="1384" install-size="1384" />
	<plugin fragment="true" id="org.eclipse.emf.compare.epatch.nl_da" unpack="false" version="3.5.0.v20090620043401" download-size="1386" install-size="1386" />
	<plugin fragment="true" id="org.eclipse.emf.compare.match.nl_da" unpack="false" version="3.5.0.v20090620043401" download-size="1682" install-size="1682" />
	<plugin fragment="true" id="org.eclipse.emf.compare.nl_da" unpack="false" version="3.5.0.v20090620043401" download-size="1381" install-size="1381" />
	<plugin fragment="true" id="org.eclipse.emf.compare.tests.nl_da" unpack="false" version="3.5.0.v20090620043401" download-size="1384" install-size="1384" />
	<plugin fragment="true" id="org.eclipse.emf.compare.ui.nl_da" unpack="false" version="3.5.0.v20090620043401" download-size="3641" install-size="3641" />
	<plugin fragment="true" id="org.eclipse.emf.mwe.activities.nl_da" unpack="false" version="3.5.0.v20090620043401" download-size="1386" install-size="1386" />
	<plugin fragment="true" id="org.eclipse.emf.mwe.core.nl_da" unpack="false" version="3.5.0.v20090620043401" download-size="1603" install-size="1603" />
	<plugin fragment="true" id="org.eclipse.emf.mwe.doc.nl_da" unpack="false" version="3.5.0.v20090620043401" download-size="1635" install-size="1635" />
	<plugin fragment="true" id="org.eclipse.emf.mwe.examples.nl_da" unpack="false" version="3.5.0.v20090620043401" download-size="1385" install-size="1385" />
	<plugin fragment="true" id="org.eclipse.emf.mwe.tests.nl_da" unpack="false" version="3.5.0.v20090620043401" download-size="1591" install-size="1591" />
	<plugin fragment="true" id="org.eclipse.emf.mwe.ui.editor.nl_da" unpack="false" version="3.5.0.v20090620043401" download-size="2561" install-size="2561" />
	<plugin fragment="true" id="org.eclipse.emf.mwe.ui.nl_da" unpack="false" version="3.5.0.v20090620043401" download-size="2422" install-size="2422" />
	<plugin fragment="true" id="org.eclipse.emf.mwe.ui.simpleEditor.nl_da" unpack="false" version="3.5.0.v20090620043401" download-size="1388" install-size="1388" />
	<plugin fragment="true" id="org.eclipse.emf.mwe.utils.nl_da" unpack="false" version="3.5.0.v20090620043401" download-size="1382" install-size="1382" />
</feature>