<?xml version="1.0" encoding="UTF-8" ?>
<feature
	id="org.eclipse.babel.nls_technology.dltk_pt_BR"
	label="Babel Language Pack for technology.dltk in Portuguese (Brazilian) (56.66%)"
	image="eclipse_update_120.jpg"
	provider-name="%providerName"
	version="3.5.0.v20090620043401">
	<copyright>
		%copyright
	</copyright>
	<license url="%licenseURL">
		%license
	</license>
	<description>Babel Language Pack for technology.dltk in Portuguese (Brazilian)</description>
	<plugin fragment="true" id="org.eclipse.dltk.console.nl_pt_BR" unpack="false" version="3.5.0.v20090620043401" download-size="1390" install-size="1390" />
	<plugin fragment="true" id="org.eclipse.dltk.console.ui.nl_pt_BR" unpack="false" version="3.5.0.v20090620043401" download-size="2442" install-size="2442" />
	<plugin fragment="true" id="org.eclipse.dltk.core.doc.isv.nl_pt_BR" unpack="false" version="3.5.0.v20090620043401" download-size="1393" install-size="1393" />
	<plugin fragment="true" id="org.eclipse.dltk.core.nl_pt_BR" unpack="false" version="3.5.0.v20090620043401" download-size="5487" install-size="5487" />
	<plugin fragment="true" id="org.eclipse.dltk.debug.nl_pt_BR" unpack="false" version="3.5.0.v20090620043401" download-size="3313" install-size="3313" />
	<plugin fragment="true" id="org.eclipse.dltk.debug.ui.nl_pt_BR" unpack="false" version="3.5.0.v20090620043401" download-size="9990" install-size="9990" />
	<plugin fragment="true" id="org.eclipse.dltk.formatter.nl_pt_BR" unpack="false" version="3.5.0.v20090620043401" download-size="2319" install-size="2319" />
	<plugin fragment="true" id="org.eclipse.dltk.itcl.core.nl_pt_BR" unpack="false" version="3.5.0.v20090620043401" download-size="1391" install-size="1391" />
	<plugin fragment="true" id="org.eclipse.dltk.itcl.nl_pt_BR" unpack="false" version="3.5.0.v20090620043401" download-size="1387" install-size="1387" />
	<plugin fragment="true" id="org.eclipse.dltk.itcl.ui.nl_pt_BR" unpack="false" version="3.5.0.v20090620043401" download-size="1389" install-size="1389" />
	<plugin fragment="true" id="org.eclipse.dltk.javascript.core.dom.support.nl_pt_BR" unpack="false" version="3.5.0.v20090620043401" download-size="1405" install-size="1405" />
	<plugin fragment="true" id="org.eclipse.dltk.javascript.core.nl_pt_BR" unpack="false" version="3.5.0.v20090620043401" download-size="1398" install-size="1398" />
	<plugin fragment="true" id="org.eclipse.dltk.javascript.debug.nl_pt_BR" unpack="false" version="3.5.0.v20090620043401" download-size="1396" install-size="1396" />
	<plugin fragment="true" id="org.eclipse.dltk.javascript.debug.ui.nl_pt_BR" unpack="false" version="3.5.0.v20090620043401" download-size="3322" install-size="3322" />
	<plugin fragment="true" id="org.eclipse.dltk.javascript.formatter.nl_pt_BR" unpack="false" version="3.5.0.v20090620043401" download-size="3070" install-size="3070" />
	<plugin fragment="true" id="org.eclipse.dltk.javascript.jsjdtdebugger.nl_pt_BR" unpack="false" version="3.5.0.v20090620043401" download-size="1405" install-size="1405" />
	<plugin fragment="true" id="org.eclipse.dltk.javascript.launching.nl_pt_BR" unpack="false" version="3.5.0.v20090620043401" download-size="1399" install-size="1399" />
	<plugin fragment="true" id="org.eclipse.dltk.javascript.rhino.dbgp.nl_pt_BR" unpack="false" version="3.5.0.v20090620043401" download-size="1403" install-size="1403" />
	<plugin fragment="true" id="org.eclipse.dltk.javascript.rhino.nl_pt_BR" unpack="false" version="3.5.0.v20090620043401" download-size="1400" install-size="1400" />
	<plugin fragment="true" id="org.eclipse.dltk.javascript.ui.nl_pt_BR" unpack="false" version="3.5.0.v20090620043401" download-size="4143" install-size="4143" />
	<plugin fragment="true" id="org.eclipse.dltk.launching.nl_pt_BR" unpack="false" version="3.5.0.v20090620043401" download-size="3034" install-size="3034" />
	<plugin fragment="true" id="org.eclipse.dltk.mylyn.nl_pt_BR" unpack="false" version="3.5.0.v20090620043401" download-size="1388" install-size="1388" />
	<plugin fragment="true" id="org.eclipse.dltk.nl_pt_BR" unpack="false" version="3.5.0.v20090620043401" download-size="1384" install-size="1384" />
	<plugin fragment="true" id="org.eclipse.dltk.python.activestatedebugger.nl_pt_BR" unpack="false" version="3.5.0.v20090620043401" download-size="1399" install-size="1399" />
	<plugin fragment="true" id="org.eclipse.dltk.python.core.nl_pt_BR" unpack="false" version="3.5.0.v20090620043401" download-size="1395" install-size="1395" />
	<plugin fragment="true" id="org.eclipse.dltk.python.debug.nl_pt_BR" unpack="false" version="3.5.0.v20090620043401" download-size="1393" install-size="1393" />
	<plugin fragment="true" id="org.eclipse.dltk.python.debug.ui.nl_pt_BR" unpack="false" version="3.5.0.v20090620043401" download-size="3128" install-size="3128" />
	<plugin fragment="true" id="org.eclipse.dltk.python.launching.nl_pt_BR" unpack="false" version="3.5.0.v20090620043401" download-size="1396" install-size="1396" />
	<plugin fragment="true" id="org.eclipse.dltk.python.ui.nl_pt_BR" unpack="false" version="3.5.0.v20090620043401" download-size="2802" install-size="2802" />
	<plugin fragment="true" id="org.eclipse.dltk.rse.core.nl_pt_BR" unpack="false" version="3.5.0.v20090620043401" download-size="1390" install-size="1390" />
	<plugin fragment="true" id="org.eclipse.dltk.rse.nl_pt_BR" unpack="false" version="3.5.0.v20090620043401" download-size="1386" install-size="1386" />
	<plugin fragment="true" id="org.eclipse.dltk.rse.ui.nl_pt_BR" unpack="false" version="3.5.0.v20090620043401" download-size="1388" install-size="1388" />
	<plugin fragment="true" id="org.eclipse.dltk.ruby.abstractdebugger.nl_pt_BR" unpack="false" version="3.5.0.v20090620043401" download-size="1402" install-size="1402" />
	<plugin fragment="true" id="org.eclipse.dltk.ruby.activestatedebugger.nl_pt_BR" unpack="false" version="3.5.0.v20090620043401" download-size="1405" install-size="1405" />
	<plugin fragment="true" id="org.eclipse.dltk.ruby.basicdebugger.nl_pt_BR" unpack="false" version="3.5.0.v20090620043401" download-size="1396" install-size="1396" />
	<plugin fragment="true" id="org.eclipse.dltk.ruby.core.nl_pt_BR" unpack="false" version="3.5.0.v20090620043401" download-size="1944" install-size="1944" />
	<plugin fragment="true" id="org.eclipse.dltk.ruby.debug.nl_pt_BR" unpack="false" version="3.5.0.v20090620043401" download-size="1391" install-size="1391" />
	<plugin fragment="true" id="org.eclipse.dltk.ruby.debug.ui.nl_pt_BR" unpack="false" version="3.5.0.v20090620043401" download-size="3121" install-size="3121" />
	<plugin fragment="true" id="org.eclipse.dltk.ruby.fastdebugger.nl_pt_BR" unpack="false" version="3.5.0.v20090620043401" download-size="1400" install-size="1400" />
	<plugin fragment="true" id="org.eclipse.dltk.ruby.formatter.nl_pt_BR" unpack="false" version="3.5.0.v20090620043401" download-size="2567" install-size="2567" />
	<plugin fragment="true" id="org.eclipse.dltk.ruby.launching.nl_pt_BR" unpack="false" version="3.5.0.v20090620043401" download-size="1395" install-size="1395" />
	<plugin fragment="true" id="org.eclipse.dltk.ruby.nl_pt_BR" unpack="false" version="3.5.0.v20090620043401" download-size="1387" install-size="1387" />
	<plugin fragment="true" id="org.eclipse.dltk.ruby.testing.nl_pt_BR" unpack="false" version="3.5.0.v20090620043401" download-size="1394" install-size="1394" />
	<plugin fragment="true" id="org.eclipse.dltk.ruby.ui.nl_pt_BR" unpack="false" version="3.5.0.v20090620043401" download-size="5029" install-size="5029" />
	<plugin fragment="true" id="org.eclipse.dltk.tcl.activestatedebugger.nl_pt_BR" unpack="false" version="3.5.0.v20090620043401" download-size="2747" install-size="2747" />
	<plugin fragment="true" id="org.eclipse.dltk.tcl.core.nl_pt_BR" unpack="false" version="3.5.0.v20090620043401" download-size="1409" install-size="1409" />
	<plugin fragment="true" id="org.eclipse.dltk.tcl.debug.nl_pt_BR" unpack="false" version="3.5.0.v20090620043401" download-size="1391" install-size="1391" />
	<plugin fragment="true" id="org.eclipse.dltk.tcl.debug.ui.nl_pt_BR" unpack="false" version="3.5.0.v20090620043401" download-size="3605" install-size="3605" />
	<plugin fragment="true" id="org.eclipse.dltk.tcl.doc.user.nl_pt_BR" unpack="false" version="3.5.0.v20090620043401" download-size="1757" install-size="1757" />
	<plugin fragment="true" id="org.eclipse.dltk.tcl.launching.nl_pt_BR" unpack="false" version="3.5.0.v20090620043401" download-size="1397" install-size="1397" />
	<plugin fragment="true" id="org.eclipse.dltk.tcl.nl_pt_BR" unpack="false" version="3.5.0.v20090620043401" download-size="1386" install-size="1386" />
	<plugin fragment="true" id="org.eclipse.dltk.tcl.parser.nl_pt_BR" unpack="false" version="3.5.0.v20090620043401" download-size="3007" install-size="3007" />
	<plugin fragment="true" id="org.eclipse.dltk.tcl.tclchecker.nl_pt_BR" unpack="false" version="3.5.0.v20090620043401" download-size="4234" install-size="4234" />
	<plugin fragment="true" id="org.eclipse.dltk.tcl.tcllib.nl_pt_BR" unpack="false" version="3.5.0.v20090620043401" download-size="1391" install-size="1391" />
	<plugin fragment="true" id="org.eclipse.dltk.tcl.testing.nl_pt_BR" unpack="false" version="3.5.0.v20090620043401" download-size="1391" install-size="1391" />
	<plugin fragment="true" id="org.eclipse.dltk.tcl.testing.tcltest.nl_pt_BR" unpack="false" version="3.5.0.v20090620043401" download-size="1396" install-size="1396" />
	<plugin fragment="true" id="org.eclipse.dltk.tcl.ui.nl_pt_BR" unpack="false" version="3.5.0.v20090620043401" download-size="4350" install-size="4350" />
	<plugin fragment="true" id="org.eclipse.dltk.tcl.validators.nl_pt_BR" unpack="false" version="3.5.0.v20090620043401" download-size="1394" install-size="1394" />
	<plugin fragment="true" id="org.eclipse.dltk.testing.nl_pt_BR" unpack="false" version="3.5.0.v20090620043401" download-size="8848" install-size="8848" />
	<plugin fragment="true" id="org.eclipse.dltk.ui.nl_pt_BR" unpack="false" version="3.5.0.v20090620043401" download-size="76720" install-size="76720" />
	<plugin fragment="true" id="org.eclipse.dltk.validators.core.nl_pt_BR" unpack="false" version="3.5.0.v20090620043401" download-size="2944" install-size="2944" />
	<plugin fragment="true" id="org.eclipse.dltk.validators.externalchecker.nl_pt_BR" unpack="false" version="3.5.0.v20090620043401" download-size="3432" install-size="3432" />
	<plugin fragment="true" id="org.eclipse.dltk.validators.ui.nl_pt_BR" unpack="false" version="3.5.0.v20090620043401" download-size="3335" install-size="3335" />
	<plugin fragment="true" id="org.eclipse.dltk.xotcl.core.nl_pt_BR" unpack="false" version="3.5.0.v20090620043401" download-size="1395" install-size="1395" />
	<plugin fragment="true" id="org.eclipse.dltk.xotcl.nl_pt_BR" unpack="false" version="3.5.0.v20090620043401" download-size="1388" install-size="1388" />
	<plugin fragment="true" id="org.eclipse.dltk.xotcl.testing.xounit.nl_pt_BR" unpack="false" version="3.5.0.v20090620043401" download-size="1398" install-size="1398" />
	<plugin fragment="true" id="org.eclipse.dltk.xotcl.ui.nl_pt_BR" unpack="false" version="3.5.0.v20090620043401" download-size="1391" install-size="1391" />
</feature>