<?xml version="1.0" encoding="UTF-8" ?>
<feature
	id="org.eclipse.babel.nls_webtools.webservices_it"
	label="Babel Language Pack for webtools.webservices in Italian (89.08%)"
	image="eclipse_update_120.jpg"
	provider-name="%providerName"
	version="3.5.0.v20090620043401">
	<copyright>
		%copyright
	</copyright>
	<license url="%licenseURL">
		%license
	</license>
	<description>Babel Language Pack for webtools.webservices in Italian</description>
	<plugin fragment="true" id="org.eclipse.jst.ws.axis.consumption.core.nl_it" unpack="false" version="3.5.0.v20090620043401" download-size="4217" install-size="4217" />
	<plugin fragment="true" id="org.eclipse.jst.ws.axis.consumption.ui.nl_it" unpack="false" version="3.5.0.v20090620043401" download-size="4630" install-size="4630" />
	<plugin fragment="true" id="org.eclipse.jst.ws.axis.creation.ui.nl_it" unpack="false" version="3.5.0.v20090620043401" download-size="4001" install-size="4001" />
	<plugin fragment="true" id="org.eclipse.jst.ws.axis2.consumption.core.nl_it" unpack="false" version="3.5.0.v20090620043401" download-size="2806" install-size="2806" />
	<plugin fragment="true" id="org.eclipse.jst.ws.axis2.consumption.ui.nl_it" unpack="false" version="3.5.0.v20090620043401" download-size="1425" install-size="1425" />
	<plugin fragment="true" id="org.eclipse.jst.ws.axis2.core.nl_it" unpack="false" version="3.5.0.v20090620043401" download-size="2685" install-size="2685" />
	<plugin fragment="true" id="org.eclipse.jst.ws.axis2.creation.core.nl_it" unpack="false" version="3.5.0.v20090620043401" download-size="2774" install-size="2774" />
	<plugin fragment="true" id="org.eclipse.jst.ws.axis2.creation.ui.nl_it" unpack="false" version="3.5.0.v20090620043401" download-size="1381" install-size="1381" />
	<plugin fragment="true" id="org.eclipse.jst.ws.axis2.ui.doc.user.nl_it" unpack="false" version="3.5.0.v20090620043401" download-size="1376" install-size="1376" />
	<plugin fragment="true" id="org.eclipse.jst.ws.axis2.ui.nl_it" unpack="false" version="3.5.0.v20090620043401" download-size="1376" install-size="1376" />
	<plugin fragment="true" id="org.eclipse.jst.ws.consumption.nl_it" unpack="false" version="3.5.0.v20090620043401" download-size="4787" install-size="4787" />
	<plugin fragment="true" id="org.eclipse.jst.ws.consumption.ui.nl_it" unpack="false" version="3.5.0.v20090620043401" download-size="10078" install-size="10078" />
	<plugin fragment="true" id="org.eclipse.jst.ws.creation.ejb.ui.nl_it" unpack="false" version="3.5.0.v20090620043401" download-size="1478" install-size="1478" />
	<plugin fragment="true" id="org.eclipse.jst.ws.creation.ui.nl_it" unpack="false" version="3.5.0.v20090620043401" download-size="3013" install-size="3013" />
	<plugin fragment="true" id="org.eclipse.jst.ws.nl_it" unpack="false" version="3.5.0.v20090620043401" download-size="3599" install-size="3599" />
	<plugin fragment="true" id="org.eclipse.jst.ws.uddiregistry.nl_it" unpack="false" version="3.5.0.v20090620043401" download-size="2806" install-size="2806" />
	<plugin fragment="true" id="org.eclipse.jst.ws.ui.nl_it" unpack="false" version="3.5.0.v20090620043401" download-size="3579" install-size="3579" />
	<plugin fragment="true" id="org.eclipse.wst.command.env.core.nl_it" unpack="false" version="3.5.0.v20090620043401" download-size="2681" install-size="2681" />
	<plugin fragment="true" id="org.eclipse.wst.command.env.nl_it" unpack="false" version="3.5.0.v20090620043401" download-size="4992" install-size="4992" />
	<plugin fragment="true" id="org.eclipse.wst.command.env.ui.nl_it" unpack="false" version="3.5.0.v20090620043401" download-size="3277" install-size="3277" />
	<plugin fragment="true" id="org.eclipse.wst.ws.explorer.nl_it" unpack="false" version="3.5.0.v20090620043401" download-size="17088" install-size="17088" />
	<plugin fragment="true" id="org.eclipse.wst.ws.nl_it" unpack="false" version="3.5.0.v20090620043401" download-size="2745" install-size="2745" />
	<plugin fragment="true" id="org.eclipse.wst.ws.parser.nl_it" unpack="false" version="3.5.0.v20090620043401" download-size="3271" install-size="3271" />
	<plugin fragment="true" id="org.eclipse.wst.ws.service.policy.nl_it" unpack="false" version="3.5.0.v20090620043401" download-size="1492" install-size="1492" />
	<plugin fragment="true" id="org.eclipse.wst.ws.service.policy.ui.nl_it" unpack="false" version="3.5.0.v20090620043401" download-size="2887" install-size="2887" />
	<plugin fragment="true" id="org.eclipse.wst.ws.ui.nl_it" unpack="false" version="3.5.0.v20090620043401" download-size="3122" install-size="3122" />
	<plugin fragment="true" id="org.eclipse.wst.wsdl.nl_it" unpack="false" version="3.5.0.v20090620043401" download-size="1365" install-size="1365" />
	<plugin fragment="true" id="org.eclipse.wst.wsdl.ui.nl_it" unpack="false" version="3.5.0.v20090620043401" download-size="6187" install-size="6187" />
	<plugin fragment="true" id="org.eclipse.wst.wsdl.validation.nl_it" unpack="false" version="3.5.0.v20090620043401" download-size="7854" install-size="7854" />
	<plugin fragment="true" id="org.eclipse.wst.wsi.nl_it" unpack="false" version="3.5.0.v20090620043401" download-size="5862" install-size="5862" />
	<plugin fragment="true" id="org.eclipse.wst.wsi.ui.nl_it" unpack="false" version="3.5.0.v20090620043401" download-size="3902" install-size="3902" />
</feature>