<?xml version="1.0" encoding="UTF-8" ?>
<feature
	id="org.eclipse.babel.nls_datatools_tr"
	label="Babel Language Pack for datatools in Turkish (23%)"
	image="eclipse_update_120.jpg"
	provider-name="%providerName"
	version="3.5.0.v20090620043401">
	<copyright>
		%copyright
	</copyright>
	<license url="%licenseURL">
		%license
	</license>
	<description>Babel Language Pack for datatools in Turkish</description>
	<plugin fragment="true" id="org.eclipse.datatools.connectivity.apache.derby.dbdefinition.nl_tr" unpack="false" version="3.5.0.v20090620043401" download-size="1379" install-size="1379" />
	<plugin fragment="true" id="org.eclipse.datatools.connectivity.apache.derby.nl_tr" unpack="false" version="3.5.0.v20090620043401" download-size="1450" install-size="1450" />
	<plugin fragment="true" id="org.eclipse.datatools.connectivity.apache.derby.ui.nl_tr" unpack="false" version="3.5.0.v20090620043401" download-size="3620" install-size="3620" />
	<plugin fragment="true" id="org.eclipse.datatools.connectivity.console.profile.nl_tr" unpack="false" version="3.5.0.v20090620043401" download-size="2566" install-size="2566" />
	<plugin fragment="true" id="org.eclipse.datatools.connectivity.db.generic.nl_tr" unpack="false" version="3.5.0.v20090620043401" download-size="2653" install-size="2653" />
	<plugin fragment="true" id="org.eclipse.datatools.connectivity.db.generic.ui.nl_tr" unpack="false" version="3.5.0.v20090620043401" download-size="1369" install-size="1369" />
	<plugin fragment="true" id="org.eclipse.datatools.connectivity.dbdefinition.genericJDBC.nl_tr" unpack="false" version="3.5.0.v20090620043401" download-size="1399" install-size="1399" />
	<plugin fragment="true" id="org.eclipse.datatools.connectivity.nl_tr" unpack="false" version="3.5.0.v20090620043401" download-size="3216" install-size="3216" />
	<plugin fragment="true" id="org.eclipse.datatools.connectivity.oda.consumer.nl_tr" unpack="false" version="3.5.0.v20090620043401" download-size="2910" install-size="2910" />
	<plugin fragment="true" id="org.eclipse.datatools.connectivity.oda.design.nl_tr" unpack="false" version="3.5.0.v20090620043401" download-size="1364" install-size="1364" />
	<plugin fragment="true" id="org.eclipse.datatools.connectivity.oda.design.ui.nl_tr" unpack="false" version="3.5.0.v20090620043401" download-size="2962" install-size="2962" />
	<plugin fragment="true" id="org.eclipse.datatools.connectivity.oda.flatfile.nl_tr" unpack="false" version="3.5.0.v20090620043401" download-size="2800" install-size="2800" />
	<plugin fragment="true" id="org.eclipse.datatools.connectivity.oda.flatfile.ui.nl_tr" unpack="false" version="3.5.0.v20090620043401" download-size="3093" install-size="3093" />
	<plugin fragment="true" id="org.eclipse.datatools.connectivity.oda.template.ui.nl_tr" unpack="false" version="3.5.0.v20090620043401" download-size="2974" install-size="2974" />
	<plugin fragment="true" id="org.eclipse.datatools.connectivity.sqm.core.nl_tr" unpack="false" version="3.5.0.v20090620043401" download-size="3083" install-size="3083" />
	<plugin fragment="true" id="org.eclipse.datatools.connectivity.sqm.core.ui.nl_tr" unpack="false" version="3.5.0.v20090620043401" download-size="4171" install-size="4171" />
	<plugin fragment="true" id="org.eclipse.datatools.connectivity.sqm.server.ui.nl_tr" unpack="false" version="3.5.0.v20090620043401" download-size="3602" install-size="3602" />
	<plugin fragment="true" id="org.eclipse.datatools.connectivity.ui.dse.nl_tr" unpack="false" version="3.5.0.v20090620043401" download-size="2950" install-size="2950" />
	<plugin fragment="true" id="org.eclipse.datatools.connectivity.ui.nl_tr" unpack="false" version="3.5.0.v20090620043401" download-size="3585" install-size="3585" />
	<plugin fragment="true" id="org.eclipse.datatools.connectivity.ui.templates.nl_tr" unpack="false" version="3.5.0.v20090620043401" download-size="2775" install-size="2775" />
	<plugin fragment="true" id="org.eclipse.datatools.enablement.finfo.nl_tr" unpack="false" version="3.5.0.v20090620043401" download-size="1376" install-size="1376" />
	<plugin fragment="true" id="org.eclipse.datatools.enablement.hsqldb.dbdefinition.nl_tr" unpack="false" version="3.5.0.v20090620043401" download-size="1387" install-size="1387" />
	<plugin fragment="true" id="org.eclipse.datatools.enablement.hsqldb.nl_tr" unpack="false" version="3.5.0.v20090620043401" download-size="1446" install-size="1446" />
	<plugin fragment="true" id="org.eclipse.datatools.enablement.hsqldb.ui.nl_tr" unpack="false" version="3.5.0.v20090620043401" download-size="2740" install-size="2740" />
	<plugin fragment="true" id="org.eclipse.datatools.enablement.ibm.db2.iseries.dbdefinition.nl_tr" unpack="false" version="3.5.0.v20090620043401" download-size="1395" install-size="1395" />
	<plugin fragment="true" id="org.eclipse.datatools.enablement.ibm.db2.iseries.nl_tr" unpack="false" version="3.5.0.v20090620043401" download-size="1446" install-size="1446" />
	<plugin fragment="true" id="org.eclipse.datatools.enablement.ibm.db2.iseries.ui.nl_tr" unpack="false" version="3.5.0.v20090620043401" download-size="3405" install-size="3405" />
	<plugin fragment="true" id="org.eclipse.datatools.enablement.ibm.db2.luw.dbdefinition.nl_tr" unpack="false" version="3.5.0.v20090620043401" download-size="1393" install-size="1393" />
	<plugin fragment="true" id="org.eclipse.datatools.enablement.ibm.db2.luw.nl_tr" unpack="false" version="3.5.0.v20090620043401" download-size="1441" install-size="1441" />
	<plugin fragment="true" id="org.eclipse.datatools.enablement.ibm.db2.luw.ui.nl_tr" unpack="false" version="3.5.0.v20090620043401" download-size="3359" install-size="3359" />
	<plugin fragment="true" id="org.eclipse.datatools.enablement.ibm.db2.zseries.dbdefinition.nl_tr" unpack="false" version="3.5.0.v20090620043401" download-size="1396" install-size="1396" />
	<plugin fragment="true" id="org.eclipse.datatools.enablement.ibm.db2.zseries.nl_tr" unpack="false" version="3.5.0.v20090620043401" download-size="1447" install-size="1447" />
	<plugin fragment="true" id="org.eclipse.datatools.enablement.ibm.db2.zseries.ui.nl_tr" unpack="false" version="3.5.0.v20090620043401" download-size="3417" install-size="3417" />
	<plugin fragment="true" id="org.eclipse.datatools.enablement.ibm.informix.dbdefinition.nl_tr" unpack="false" version="3.5.0.v20090620043401" download-size="1408" install-size="1408" />
	<plugin fragment="true" id="org.eclipse.datatools.enablement.ibm.informix.nl_tr" unpack="false" version="3.5.0.v20090620043401" download-size="1445" install-size="1445" />
	<plugin fragment="true" id="org.eclipse.datatools.enablement.ibm.informix.ui.nl_tr" unpack="false" version="3.5.0.v20090620043401" download-size="3231" install-size="3231" />
	<plugin fragment="true" id="org.eclipse.datatools.enablement.ibm.ui.nl_tr" unpack="false" version="3.5.0.v20090620043401" download-size="2980" install-size="2980" />
	<plugin fragment="true" id="org.eclipse.datatools.enablement.ingres.dbdefinition.nl_tr" unpack="false" version="3.5.0.v20090620043401" download-size="1388" install-size="1388" />
	<plugin fragment="true" id="org.eclipse.datatools.enablement.ingres.nl_tr" unpack="false" version="3.5.0.v20090620043401" download-size="1435" install-size="1435" />
	<plugin fragment="true" id="org.eclipse.datatools.enablement.ingres.ui.nl_tr" unpack="false" version="3.5.0.v20090620043401" download-size="2891" install-size="2891" />
	<plugin fragment="true" id="org.eclipse.datatools.enablement.jdt.classpath.nl_tr" unpack="false" version="3.5.0.v20090620043401" download-size="1387" install-size="1387" />
	<plugin fragment="true" id="org.eclipse.datatools.enablement.msft.sqlserver.dbdefinition.nl_tr" unpack="false" version="3.5.0.v20090620043401" download-size="1394" install-size="1394" />
	<plugin fragment="true" id="org.eclipse.datatools.enablement.msft.sqlserver.nl_tr" unpack="false" version="3.5.0.v20090620043401" download-size="1444" install-size="1444" />
	<plugin fragment="true" id="org.eclipse.datatools.enablement.msft.sqlserver.ui.nl_tr" unpack="false" version="3.5.0.v20090620043401" download-size="3500" install-size="3500" />
	<plugin fragment="true" id="org.eclipse.datatools.enablement.mysql.dbdefinition.nl_tr" unpack="false" version="3.5.0.v20090620043401" download-size="1406" install-size="1406" />
	<plugin fragment="true" id="org.eclipse.datatools.enablement.mysql.nl_tr" unpack="false" version="3.5.0.v20090620043401" download-size="1465" install-size="1465" />
	<plugin fragment="true" id="org.eclipse.datatools.enablement.mysql.ui.nl_tr" unpack="false" version="3.5.0.v20090620043401" download-size="1378" install-size="1378" />
	<plugin fragment="true" id="org.eclipse.datatools.enablement.oda.ws.ui.nl_tr" unpack="false" version="3.5.0.v20090620043401" download-size="2980" install-size="2980" />
	<plugin fragment="true" id="org.eclipse.datatools.enablement.oda.xml.nl_tr" unpack="false" version="3.5.0.v20090620043401" download-size="3011" install-size="3011" />
	<plugin fragment="true" id="org.eclipse.datatools.enablement.oda.xml.ui.nl_tr" unpack="false" version="3.5.0.v20090620043401" download-size="3460" install-size="3460" />
	<plugin fragment="true" id="org.eclipse.datatools.enablement.oracle.dbdefinition.nl_tr" unpack="false" version="3.5.0.v20090620043401" download-size="1439" install-size="1439" />
	<plugin fragment="true" id="org.eclipse.datatools.enablement.oracle.nl_tr" unpack="false" version="3.5.0.v20090620043401" download-size="1518" install-size="1518" />
	<plugin fragment="true" id="org.eclipse.datatools.enablement.oracle.ui.nl_tr" unpack="false" version="3.5.0.v20090620043401" download-size="3060" install-size="3060" />
	<plugin fragment="true" id="org.eclipse.datatools.enablement.postgresql.dbdefinition.nl_tr" unpack="false" version="3.5.0.v20090620043401" download-size="1392" install-size="1392" />
	<plugin fragment="true" id="org.eclipse.datatools.enablement.postgresql.nl_tr" unpack="false" version="3.5.0.v20090620043401" download-size="1459" install-size="1459" />
	<plugin fragment="true" id="org.eclipse.datatools.enablement.postgresql.ui.nl_tr" unpack="false" version="3.5.0.v20090620043401" download-size="1384" install-size="1384" />
	<plugin fragment="true" id="org.eclipse.datatools.enablement.sap.maxdb.dbdefinition.nl_tr" unpack="false" version="3.5.0.v20090620043401" download-size="1371" install-size="1371" />
	<plugin fragment="true" id="org.eclipse.datatools.enablement.sap.maxdb.nl_tr" unpack="false" version="3.5.0.v20090620043401" download-size="1435" install-size="1435" />
	<plugin fragment="true" id="org.eclipse.datatools.enablement.sap.maxdb.ui.nl_tr" unpack="false" version="3.5.0.v20090620043401" download-size="1381" install-size="1381" />
	<plugin fragment="true" id="org.eclipse.datatools.enablement.sqlite.dbdefinition.nl_tr" unpack="false" version="3.5.0.v20090620043401" download-size="1386" install-size="1386" />
	<plugin fragment="true" id="org.eclipse.datatools.enablement.sqlite.nl_tr" unpack="false" version="3.5.0.v20090620043401" download-size="1445" install-size="1445" />
	<plugin fragment="true" id="org.eclipse.datatools.enablement.sqlite.ui.nl_tr" unpack="false" version="3.5.0.v20090620043401" download-size="2697" install-size="2697" />
	<plugin fragment="true" id="org.eclipse.datatools.enablement.sybase.asa.dbdefinition.nl_tr" unpack="false" version="3.5.0.v20090620043401" download-size="1392" install-size="1392" />
	<plugin fragment="true" id="org.eclipse.datatools.enablement.sybase.asa.models.nl_tr" unpack="false" version="3.5.0.v20090620043401" download-size="1387" install-size="1387" />
	<plugin fragment="true" id="org.eclipse.datatools.enablement.sybase.asa.nl_tr" unpack="false" version="3.5.0.v20090620043401" download-size="2920" install-size="2920" />
	<plugin fragment="true" id="org.eclipse.datatools.enablement.sybase.asa.schemaobjecteditor.examples.nl_tr" unpack="false" version="3.5.0.v20090620043401" download-size="15798" install-size="15798" />
	<plugin fragment="true" id="org.eclipse.datatools.enablement.sybase.asa.ui.nl_tr" unpack="false" version="3.5.0.v20090620043401" download-size="1426" install-size="1426" />
	<plugin fragment="true" id="org.eclipse.datatools.enablement.sybase.ase.dbdefinition.nl_tr" unpack="false" version="3.5.0.v20090620043401" download-size="1388" install-size="1388" />
	<plugin fragment="true" id="org.eclipse.datatools.enablement.sybase.ase.models.nl_tr" unpack="false" version="3.5.0.v20090620043401" download-size="1384" install-size="1384" />
	<plugin fragment="true" id="org.eclipse.datatools.enablement.sybase.ase.nl_tr" unpack="false" version="3.5.0.v20090620043401" download-size="2485" install-size="2485" />
	<plugin fragment="true" id="org.eclipse.datatools.enablement.sybase.ase.ui.nl_tr" unpack="false" version="3.5.0.v20090620043401" download-size="1438" install-size="1438" />
	<plugin fragment="true" id="org.eclipse.datatools.enablement.sybase.models.nl_tr" unpack="false" version="3.5.0.v20090620043401" download-size="1382" install-size="1382" />
	<plugin fragment="true" id="org.eclipse.datatools.enablement.sybase.nl_tr" unpack="false" version="3.5.0.v20090620043401" download-size="2949" install-size="2949" />
	<plugin fragment="true" id="org.eclipse.datatools.enablement.sybase.ui.nl_tr" unpack="false" version="3.5.0.v20090620043401" download-size="2902" install-size="2902" />
	<plugin fragment="true" id="org.eclipse.datatools.help.nl_tr" unpack="false" version="3.5.0.v20090620043401" download-size="1353" install-size="1353" />
	<plugin fragment="true" id="org.eclipse.datatools.modelbase.dbdefinition.nl_tr" unpack="false" version="3.5.0.v20090620043401" download-size="1381" install-size="1381" />
	<plugin fragment="true" id="org.eclipse.datatools.modelbase.derby.nl_tr" unpack="false" version="3.5.0.v20090620043401" download-size="1377" install-size="1377" />
	<plugin fragment="true" id="org.eclipse.datatools.modelbase.sql.edit.nl_tr" unpack="false" version="3.5.0.v20090620043401" download-size="2688" install-size="2688" />
	<plugin fragment="true" id="org.eclipse.datatools.modelbase.sql.nl_tr" unpack="false" version="3.5.0.v20090620043401" download-size="1376" install-size="1376" />
	<plugin fragment="true" id="org.eclipse.datatools.modelbase.sql.query.edit.nl_tr" unpack="false" version="3.5.0.v20090620043401" download-size="1750" install-size="1750" />
	<plugin fragment="true" id="org.eclipse.datatools.modelbase.sql.query.nl_tr" unpack="false" version="3.5.0.v20090620043401" download-size="1380" install-size="1380" />
	<plugin fragment="true" id="org.eclipse.datatools.modelbase.sql.xml.query.nl_tr" unpack="false" version="3.5.0.v20090620043401" download-size="1387" install-size="1387" />
	<plugin fragment="true" id="org.eclipse.datatools.sqltools.common.ui.nl_tr" unpack="false" version="3.5.0.v20090620043401" download-size="5626" install-size="5626" />
	<plugin fragment="true" id="org.eclipse.datatools.sqltools.data.core.nl_tr" unpack="false" version="3.5.0.v20090620043401" download-size="2839" install-size="2839" />
	<plugin fragment="true" id="org.eclipse.datatools.sqltools.data.ui.nl_tr" unpack="false" version="3.5.0.v20090620043401" download-size="3486" install-size="3486" />
	<plugin fragment="true" id="org.eclipse.datatools.sqltools.db.derby.nl_tr" unpack="false" version="3.5.0.v20090620043401" download-size="2629" install-size="2629" />
	<plugin fragment="true" id="org.eclipse.datatools.sqltools.db.derby.ui.nl_tr" unpack="false" version="3.5.0.v20090620043401" download-size="1384" install-size="1384" />
	<plugin fragment="true" id="org.eclipse.datatools.sqltools.db.generic.nl_tr" unpack="false" version="3.5.0.v20090620043401" download-size="2641" install-size="2641" />
	<plugin fragment="true" id="org.eclipse.datatools.sqltools.db.generic.ui.nl_tr" unpack="false" version="3.5.0.v20090620043401" download-size="1385" install-size="1385" />
	<plugin fragment="true" id="org.eclipse.datatools.sqltools.ddlgen.ui.nl_tr" unpack="false" version="3.5.0.v20090620043401" download-size="3274" install-size="3274" />
	<plugin fragment="true" id="org.eclipse.datatools.sqltools.debugger.core.nl_tr" unpack="false" version="3.5.0.v20090620043401" download-size="4536" install-size="4536" />
	<plugin fragment="true" id="org.eclipse.datatools.sqltools.debugger.core.ui.nl_tr" unpack="false" version="3.5.0.v20090620043401" download-size="3754" install-size="3754" />
	<plugin fragment="true" id="org.eclipse.datatools.sqltools.editor.core.nl_tr" unpack="false" version="3.5.0.v20090620043401" download-size="2487" install-size="2487" />
	<plugin fragment="true" id="org.eclipse.datatools.sqltools.editor.core.ui.nl_tr" unpack="false" version="3.5.0.v20090620043401" download-size="1386" install-size="1386" />
	<plugin fragment="true" id="org.eclipse.datatools.sqltools.parsers.sql.lexer.nl_tr" unpack="false" version="3.5.0.v20090620043401" download-size="1387" install-size="1387" />
	<plugin fragment="true" id="org.eclipse.datatools.sqltools.parsers.sql.nl_tr" unpack="false" version="3.5.0.v20090620043401" download-size="1378" install-size="1378" />
	<plugin fragment="true" id="org.eclipse.datatools.sqltools.parsers.sql.query.nl_tr" unpack="false" version="3.5.0.v20090620043401" download-size="2686" install-size="2686" />
	<plugin fragment="true" id="org.eclipse.datatools.sqltools.parsers.sql.xml.query.nl_tr" unpack="false" version="3.5.0.v20090620043401" download-size="1387" install-size="1387" />
	<plugin fragment="true" id="org.eclipse.datatools.sqltools.plan.nl_tr" unpack="false" version="3.5.0.v20090620043401" download-size="4166" install-size="4166" />
	<plugin fragment="true" id="org.eclipse.datatools.sqltools.result.nl_tr" unpack="false" version="3.5.0.v20090620043401" download-size="4090" install-size="4090" />
	<plugin fragment="true" id="org.eclipse.datatools.sqltools.result.ui.nl_tr" unpack="false" version="3.5.0.v20090620043401" download-size="3706" install-size="3706" />
	<plugin fragment="true" id="org.eclipse.datatools.sqltools.routineeditor.nl_tr" unpack="false" version="3.5.0.v20090620043401" download-size="5705" install-size="5705" />
	<plugin fragment="true" id="org.eclipse.datatools.sqltools.routineeditor.ui.nl_tr" unpack="false" version="3.5.0.v20090620043401" download-size="5054" install-size="5054" />
	<plugin fragment="true" id="org.eclipse.datatools.sqltools.schemaobjecteditor.nl_tr" unpack="false" version="3.5.0.v20090620043401" download-size="1389" install-size="1389" />
	<plugin fragment="true" id="org.eclipse.datatools.sqltools.schemaobjecteditor.ui.nl_tr" unpack="false" version="3.5.0.v20090620043401" download-size="5833" install-size="5833" />
	<plugin fragment="true" id="org.eclipse.datatools.sqltools.schemaobjecteditor.ui.pages.nl_tr" unpack="false" version="3.5.0.v20090620043401" download-size="3638" install-size="3638" />
	<plugin fragment="true" id="org.eclipse.datatools.sqltools.sql.nl_tr" unpack="false" version="3.5.0.v20090620043401" download-size="2642" install-size="2642" />
	<plugin fragment="true" id="org.eclipse.datatools.sqltools.sql.ui.nl_tr" unpack="false" version="3.5.0.v20090620043401" download-size="1373" install-size="1373" />
	<plugin fragment="true" id="org.eclipse.datatools.sqltools.sqlbuilder.nl_tr" unpack="false" version="3.5.0.v20090620043401" download-size="3566" install-size="3566" />
	<plugin fragment="true" id="org.eclipse.datatools.sqltools.sqleditor.nl_tr" unpack="false" version="3.5.0.v20090620043401" download-size="8517" install-size="8517" />
	<plugin fragment="true" id="org.eclipse.datatools.sqltools.sqlscrapbook.nl_tr" unpack="false" version="3.5.0.v20090620043401" download-size="4856" install-size="4856" />
	<plugin fragment="true" id="org.eclipse.datatools.sqltools.tabledataeditor.nl_tr" unpack="false" version="3.5.0.v20090620043401" download-size="1381" install-size="1381" />
</feature>