<?xml version="1.0" encoding="UTF-8" ?>
<feature
	id="org.eclipse.babel.nls_technology.subversive_pt"
	label="Babel Language Pack for technology.subversive in Portuguese (20.28%)"
	image="eclipse_update_120.jpg"
	provider-name="%providerName"
	version="3.5.0.v20090620043401">
	<copyright>
		%copyright
	</copyright>
	<license url="%licenseURL">
		%license
	</license>
	<description>Babel Language Pack for technology.subversive in Portuguese</description>
	<plugin fragment="true" id="org.eclipse.team.svn.core.nl_pt" unpack="false" version="3.5.0.v20090620043401" download-size="3468" install-size="3468" />
	<plugin fragment="true" id="org.eclipse.team.svn.mylyn.nl_pt" unpack="false" version="3.5.0.v20090620043401" download-size="1372" install-size="1372" />
	<plugin fragment="true" id="org.eclipse.team.svn.ui.nl_pt" unpack="false" version="3.5.0.v20090620043401" download-size="7131" install-size="7131" />
</feature>