<?xml version="1.0" encoding="UTF-8" ?>
<feature
	id="org.eclipse.babel.nls_modeling.mdt_pl"
	label="Babel Language Pack for modeling.mdt in Polish (22.57%)"
	image="eclipse_update_120.jpg"
	provider-name="%providerName"
	version="3.5.0.v20090620043401">
	<copyright>
		%copyright
	</copyright>
	<license url="%licenseURL">
		%license
	</license>
	<description>Babel Language Pack for modeling.mdt in Polish</description>
	<plugin fragment="true" id="org.eclipse.emf.examples.library.edit.nl_pl" unpack="false" version="3.5.0.v20090620043401" download-size="1753" install-size="1753" />
	<plugin fragment="true" id="org.eclipse.emf.examples.library.editor.nl_pl" unpack="false" version="3.5.0.v20090620043401" download-size="2065" install-size="2065" />
	<plugin fragment="true" id="org.eclipse.emf.examples.library.nl_pl" unpack="false" version="3.5.0.v20090620043401" download-size="1374" install-size="1374" />
	<plugin fragment="true" id="org.eclipse.emf.ocl.doc.nl_pl" unpack="false" version="3.5.0.v20090620043401" download-size="1369" install-size="1369" />
	<plugin fragment="true" id="org.eclipse.emf.ocl.examples.interpreter.nl_pl" unpack="false" version="3.5.0.v20090620043401" download-size="2842" install-size="2842" />
	<plugin fragment="true" id="org.eclipse.emf.ocl.examples.nl_pl" unpack="false" version="3.5.0.v20090620043401" download-size="1375" install-size="1375" />
	<plugin fragment="true" id="org.eclipse.emf.ocl.nl_pl" unpack="false" version="3.5.0.v20090620043401" download-size="1370" install-size="1370" />
	<plugin fragment="true" id="org.eclipse.emf.ocl.tests.nl_pl" unpack="false" version="3.5.0.v20090620043401" download-size="1373" install-size="1373" />
	<plugin fragment="true" id="org.eclipse.ocl.doc.nl_pl" unpack="false" version="3.5.0.v20090620043401" download-size="1364" install-size="1364" />
	<plugin fragment="true" id="org.eclipse.ocl.ecore.nl_pl" unpack="false" version="3.5.0.v20090620043401" download-size="1367" install-size="1367" />
	<plugin fragment="true" id="org.eclipse.ocl.ecore.tests.nl_pl" unpack="false" version="3.5.0.v20090620043401" download-size="1371" install-size="1371" />
	<plugin fragment="true" id="org.eclipse.ocl.nl_pl" unpack="false" version="3.5.0.v20090620043401" download-size="2517" install-size="2517" />
	<plugin fragment="true" id="org.eclipse.ocl.uml.nl_pl" unpack="false" version="3.5.0.v20090620043401" download-size="1368" install-size="1368" />
	<plugin fragment="true" id="org.eclipse.ocl.uml.tests.nl_pl" unpack="false" version="3.5.0.v20090620043401" download-size="1372" install-size="1372" />
	<plugin fragment="true" id="org.eclipse.uml2.codegen.ecore.nl_pl" unpack="false" version="3.5.0.v20090620043401" download-size="1369" install-size="1369" />
	<plugin fragment="true" id="org.eclipse.uml2.codegen.ecore.ui.nl_pl" unpack="false" version="3.5.0.v20090620043401" download-size="1538" install-size="1538" />
	<plugin fragment="true" id="org.eclipse.uml2.common.edit.nl_pl" unpack="false" version="3.5.0.v20090620043401" download-size="1370" install-size="1370" />
	<plugin fragment="true" id="org.eclipse.uml2.common.nl_pl" unpack="false" version="3.5.0.v20090620043401" download-size="1367" install-size="1367" />
	<plugin fragment="true" id="org.eclipse.uml2.diagram.activity.nl_pl" unpack="false" version="3.5.0.v20090620043401" download-size="2158" install-size="2158" />
	<plugin fragment="true" id="org.eclipse.uml2.diagram.clazz.nl_pl" unpack="false" version="3.5.0.v20090620043401" download-size="3321" install-size="3321" />
	<plugin fragment="true" id="org.eclipse.uml2.diagram.clazz.tests.nl_pl" unpack="false" version="3.5.0.v20090620043401" download-size="1376" install-size="1376" />
	<plugin fragment="true" id="org.eclipse.uml2.diagram.codegen.edit.nl_pl" unpack="false" version="3.5.0.v20090620043401" download-size="1753" install-size="1753" />
	<plugin fragment="true" id="org.eclipse.uml2.diagram.codegen.nl_pl" unpack="false" version="3.5.0.v20090620043401" download-size="1373" install-size="1373" />
	<plugin fragment="true" id="org.eclipse.uml2.diagram.common.nl_pl" unpack="false" version="3.5.0.v20090620043401" download-size="2016" install-size="2016" />
	<plugin fragment="true" id="org.eclipse.uml2.diagram.common.notation.nl_pl" unpack="false" version="3.5.0.v20090620043401" download-size="1378" install-size="1378" />
	<plugin fragment="true" id="org.eclipse.uml2.diagram.common.tests.nl_pl" unpack="false" version="3.5.0.v20090620043401" download-size="1376" install-size="1376" />
	<plugin fragment="true" id="org.eclipse.uml2.diagram.component.nl_pl" unpack="false" version="3.5.0.v20090620043401" download-size="2631" install-size="2631" />
	<plugin fragment="true" id="org.eclipse.uml2.diagram.csd.nl_pl" unpack="false" version="3.5.0.v20090620043401" download-size="2665" install-size="2665" />
	<plugin fragment="true" id="org.eclipse.uml2.diagram.def.nl_pl" unpack="false" version="3.5.0.v20090620043401" download-size="1370" install-size="1370" />
	<plugin fragment="true" id="org.eclipse.uml2.diagram.deploy.nl_pl" unpack="false" version="3.5.0.v20090620043401" download-size="2393" install-size="2393" />
	<plugin fragment="true" id="org.eclipse.uml2.diagram.examples.activity.nl_pl" unpack="false" version="3.5.0.v20090620043401" download-size="1380" install-size="1380" />
	<plugin fragment="true" id="org.eclipse.uml2.diagram.examples.clazz.nl_pl" unpack="false" version="3.5.0.v20090620043401" download-size="1379" install-size="1379" />
	<plugin fragment="true" id="org.eclipse.uml2.diagram.examples.profile.nl_pl" unpack="false" version="3.5.0.v20090620043401" download-size="1378" install-size="1378" />
	<plugin fragment="true" id="org.eclipse.uml2.diagram.examples.statemachine.nl_pl" unpack="false" version="3.5.0.v20090620043401" download-size="1382" install-size="1382" />
	<plugin fragment="true" id="org.eclipse.uml2.diagram.nl_pl" unpack="false" version="3.5.0.v20090620043401" download-size="1368" install-size="1368" />
	<plugin fragment="true" id="org.eclipse.uml2.diagram.parser.nl_pl" unpack="false" version="3.5.0.v20090620043401" download-size="1372" install-size="1372" />
	<plugin fragment="true" id="org.eclipse.uml2.diagram.profile.nl_pl" unpack="false" version="3.5.0.v20090620043401" download-size="2711" install-size="2711" />
	<plugin fragment="true" id="org.eclipse.uml2.diagram.profile.tests.nl_pl" unpack="false" version="3.5.0.v20090620043401" download-size="1377" install-size="1377" />
	<plugin fragment="true" id="org.eclipse.uml2.diagram.sequence.model.nl_pl" unpack="false" version="3.5.0.v20090620043401" download-size="1378" install-size="1378" />
	<plugin fragment="true" id="org.eclipse.uml2.diagram.sequence.nl_pl" unpack="false" version="3.5.0.v20090620043401" download-size="2012" install-size="2012" />
	<plugin fragment="true" id="org.eclipse.uml2.diagram.sequence.tests.nl_pl" unpack="false" version="3.5.0.v20090620043401" download-size="1377" install-size="1377" />
	<plugin fragment="true" id="org.eclipse.uml2.diagram.statemachine.nl_pl" unpack="false" version="3.5.0.v20090620043401" download-size="2023" install-size="2023" />
	<plugin fragment="true" id="org.eclipse.uml2.diagram.statemachine.tests.nl_pl" unpack="false" version="3.5.0.v20090620043401" download-size="1380" install-size="1380" />
	<plugin fragment="true" id="org.eclipse.uml2.diagram.usecase.nl_pl" unpack="false" version="3.5.0.v20090620043401" download-size="2393" install-size="2393" />
	<plugin fragment="true" id="org.eclipse.uml2.doc.nl_pl" unpack="false" version="3.5.0.v20090620043401" download-size="1366" install-size="1366" />
	<plugin fragment="true" id="org.eclipse.uml2.examples.nl_pl" unpack="false" version="3.5.0.v20090620043401" download-size="1368" install-size="1368" />
	<plugin fragment="true" id="org.eclipse.uml2.examples.uml.ui.nl_pl" unpack="false" version="3.5.0.v20090620043401" download-size="1432" install-size="1432" />
	<plugin fragment="true" id="org.eclipse.uml2.nl_pl" unpack="false" version="3.5.0.v20090620043401" download-size="1363" install-size="1363" />
	<plugin fragment="true" id="org.eclipse.uml2.tests.nl_pl" unpack="false" version="3.5.0.v20090620043401" download-size="1367" install-size="1367" />
	<plugin fragment="true" id="org.eclipse.uml2.uml.ecore.importer.nl_pl" unpack="false" version="3.5.0.v20090620043401" download-size="1373" install-size="1373" />
	<plugin fragment="true" id="org.eclipse.uml2.uml.edit.nl_pl" unpack="false" version="3.5.0.v20090620043401" download-size="4009" install-size="4009" />
	<plugin fragment="true" id="org.eclipse.uml2.uml.editor.nl_pl" unpack="false" version="3.5.0.v20090620043401" download-size="2091" install-size="2091" />
	<plugin fragment="true" id="org.eclipse.uml2.uml.nl_pl" unpack="false" version="3.5.0.v20090620043401" download-size="1454" install-size="1454" />
	<plugin fragment="true" id="org.eclipse.uml2.uml.resources.nl_pl" unpack="false" version="3.5.0.v20090620043401" download-size="9280" install-size="9280" />
	<plugin fragment="true" id="org.eclipse.uml2.uml.tests.nl_pl" unpack="false" version="3.5.0.v20090620043401" download-size="1368" install-size="1368" />
	<plugin fragment="true" id="org.eclipse.uml2tools.doc.nl_pl" unpack="false" version="3.5.0.v20090620043401" download-size="1368" install-size="1368" />
	<plugin fragment="true" id="org.eclipse.uml2tools.nl_pl" unpack="false" version="3.5.0.v20090620043401" download-size="1366" install-size="1366" />
</feature>