<?xml version="1.0" encoding="UTF-8" ?>
<feature
	id="org.eclipse.babel.nls_tools.pdt_it"
	label="Babel Language Pack for tools.pdt in Italian (62.64%)"
	image="eclipse_update_120.jpg"
	provider-name="%providerName"
	version="3.5.0.v20090620043401">
	<copyright>
		%copyright
	</copyright>
	<license url="%licenseURL">
		%license
	</license>
	<description>Babel Language Pack for tools.pdt in Italian</description>
	<plugin fragment="true" id="org.eclipse.dltk.core.tests.nl_it" unpack="false" version="3.5.0.v20090620043401" download-size="1370" install-size="1370" />
	<plugin fragment="true" id="org.eclipse.php.core.nl_it" unpack="false" version="3.5.0.v20090620043401" download-size="2694" install-size="2694" />
	<plugin fragment="true" id="org.eclipse.php.core.parser.nl_it" unpack="false" version="3.5.0.v20090620043401" download-size="1370" install-size="1370" />
	<plugin fragment="true" id="org.eclipse.php.debug.core.nl_it" unpack="false" version="3.5.0.v20090620043401" download-size="2345" install-size="2345" />
	<plugin fragment="true" id="org.eclipse.php.debug.ui.nl_it" unpack="false" version="3.5.0.v20090620043401" download-size="3300" install-size="3300" />
	<plugin fragment="true" id="org.eclipse.php.nl_it" unpack="false" version="3.5.0.v20090620043401" download-size="1362" install-size="1362" />
	<plugin fragment="true" id="org.eclipse.php.server.core.nl_it" unpack="false" version="3.5.0.v20090620043401" download-size="2252" install-size="2252" />
	<plugin fragment="true" id="org.eclipse.php.server.ui.nl_it" unpack="false" version="3.5.0.v20090620043401" download-size="2216" install-size="2216" />
	<plugin fragment="true" id="org.eclipse.php.test.nl_it" unpack="false" version="3.5.0.v20090620043401" download-size="1366" install-size="1366" />
	<plugin fragment="true" id="org.eclipse.php.ui.nl_it" unpack="false" version="3.5.0.v20090620043401" download-size="39592" install-size="39592" />
	<plugin fragment="true" id="org.eclipse.test.nl_it" unpack="false" version="3.5.0.v20090620043401" download-size="1385" install-size="1385" />
</feature>