<?xml version="1.0" encoding="UTF-8" ?>
<feature
	id="org.eclipse.babel.nls_technology.subversive_uk"
	label="Babel Language Pack for technology.subversive in Ukrainian (5.32%)"
	image="eclipse_update_120.jpg"
	provider-name="%providerName"
	version="3.5.0.v20090620043401">
	<copyright>
		%copyright
	</copyright>
	<license url="%licenseURL">
		%license
	</license>
	<description>Babel Language Pack for technology.subversive in Ukrainian</description>
	<plugin fragment="true" id="org.eclipse.team.svn.core.nl_uk" unpack="false" version="3.5.0.v20090620043401" download-size="2555" install-size="2555" />
	<plugin fragment="true" id="org.eclipse.team.svn.mylyn.nl_uk" unpack="false" version="3.5.0.v20090620043401" download-size="1371" install-size="1371" />
	<plugin fragment="true" id="org.eclipse.team.svn.ui.nl_uk" unpack="false" version="3.5.0.v20090620043401" download-size="3811" install-size="3811" />
</feature>