<?xml version="1.0" encoding="UTF-8" ?>
<feature
	id="org.eclipse.babel.nls_datatools_zh_TW"
	label="Babel Language Pack for datatools in Chinese (Traditional) (23.4%)"
	image="eclipse_update_120.jpg"
	provider-name="%providerName"
	version="3.5.0.v20090620043401">
	<copyright>
		%copyright
	</copyright>
	<license url="%licenseURL">
		%license
	</license>
	<description>Babel Language Pack for datatools in Chinese (Traditional)</description>
	<plugin fragment="true" id="org.eclipse.datatools.connectivity.apache.derby.dbdefinition.nl_zh_TW" unpack="false" version="3.5.0.v20090620043401" download-size="1398" install-size="1398" />
	<plugin fragment="true" id="org.eclipse.datatools.connectivity.apache.derby.nl_zh_TW" unpack="false" version="3.5.0.v20090620043401" download-size="1469" install-size="1469" />
	<plugin fragment="true" id="org.eclipse.datatools.connectivity.apache.derby.ui.nl_zh_TW" unpack="false" version="3.5.0.v20090620043401" download-size="3664" install-size="3664" />
	<plugin fragment="true" id="org.eclipse.datatools.connectivity.console.profile.nl_zh_TW" unpack="false" version="3.5.0.v20090620043401" download-size="2610" install-size="2610" />
	<plugin fragment="true" id="org.eclipse.datatools.connectivity.db.generic.nl_zh_TW" unpack="false" version="3.5.0.v20090620043401" download-size="2695" install-size="2695" />
	<plugin fragment="true" id="org.eclipse.datatools.connectivity.db.generic.ui.nl_zh_TW" unpack="false" version="3.5.0.v20090620043401" download-size="1389" install-size="1389" />
	<plugin fragment="true" id="org.eclipse.datatools.connectivity.dbdefinition.genericJDBC.nl_zh_TW" unpack="false" version="3.5.0.v20090620043401" download-size="1420" install-size="1420" />
	<plugin fragment="true" id="org.eclipse.datatools.connectivity.nl_zh_TW" unpack="false" version="3.5.0.v20090620043401" download-size="3288" install-size="3288" />
	<plugin fragment="true" id="org.eclipse.datatools.connectivity.oda.consumer.nl_zh_TW" unpack="false" version="3.5.0.v20090620043401" download-size="2949" install-size="2949" />
	<plugin fragment="true" id="org.eclipse.datatools.connectivity.oda.design.nl_zh_TW" unpack="false" version="3.5.0.v20090620043401" download-size="1388" install-size="1388" />
	<plugin fragment="true" id="org.eclipse.datatools.connectivity.oda.design.ui.nl_zh_TW" unpack="false" version="3.5.0.v20090620043401" download-size="3011" install-size="3011" />
	<plugin fragment="true" id="org.eclipse.datatools.connectivity.oda.flatfile.nl_zh_TW" unpack="false" version="3.5.0.v20090620043401" download-size="2873" install-size="2873" />
	<plugin fragment="true" id="org.eclipse.datatools.connectivity.oda.flatfile.ui.nl_zh_TW" unpack="false" version="3.5.0.v20090620043401" download-size="3160" install-size="3160" />
	<plugin fragment="true" id="org.eclipse.datatools.connectivity.oda.template.ui.nl_zh_TW" unpack="false" version="3.5.0.v20090620043401" download-size="2998" install-size="2998" />
	<plugin fragment="true" id="org.eclipse.datatools.connectivity.sqm.core.nl_zh_TW" unpack="false" version="3.5.0.v20090620043401" download-size="3114" install-size="3114" />
	<plugin fragment="true" id="org.eclipse.datatools.connectivity.sqm.core.ui.nl_zh_TW" unpack="false" version="3.5.0.v20090620043401" download-size="4314" install-size="4314" />
	<plugin fragment="true" id="org.eclipse.datatools.connectivity.sqm.server.ui.nl_zh_TW" unpack="false" version="3.5.0.v20090620043401" download-size="3677" install-size="3677" />
	<plugin fragment="true" id="org.eclipse.datatools.connectivity.ui.dse.nl_zh_TW" unpack="false" version="3.5.0.v20090620043401" download-size="3090" install-size="3090" />
	<plugin fragment="true" id="org.eclipse.datatools.connectivity.ui.nl_zh_TW" unpack="false" version="3.5.0.v20090620043401" download-size="3717" install-size="3717" />
	<plugin fragment="true" id="org.eclipse.datatools.connectivity.ui.templates.nl_zh_TW" unpack="false" version="3.5.0.v20090620043401" download-size="2812" install-size="2812" />
	<plugin fragment="true" id="org.eclipse.datatools.enablement.finfo.nl_zh_TW" unpack="false" version="3.5.0.v20090620043401" download-size="1396" install-size="1396" />
	<plugin fragment="true" id="org.eclipse.datatools.enablement.hsqldb.dbdefinition.nl_zh_TW" unpack="false" version="3.5.0.v20090620043401" download-size="1409" install-size="1409" />
	<plugin fragment="true" id="org.eclipse.datatools.enablement.hsqldb.nl_zh_TW" unpack="false" version="3.5.0.v20090620043401" download-size="1466" install-size="1466" />
	<plugin fragment="true" id="org.eclipse.datatools.enablement.hsqldb.ui.nl_zh_TW" unpack="false" version="3.5.0.v20090620043401" download-size="2785" install-size="2785" />
	<plugin fragment="true" id="org.eclipse.datatools.enablement.ibm.db2.iseries.dbdefinition.nl_zh_TW" unpack="false" version="3.5.0.v20090620043401" download-size="1415" install-size="1415" />
	<plugin fragment="true" id="org.eclipse.datatools.enablement.ibm.db2.iseries.nl_zh_TW" unpack="false" version="3.5.0.v20090620043401" download-size="1464" install-size="1464" />
	<plugin fragment="true" id="org.eclipse.datatools.enablement.ibm.db2.iseries.ui.nl_zh_TW" unpack="false" version="3.5.0.v20090620043401" download-size="3438" install-size="3438" />
	<plugin fragment="true" id="org.eclipse.datatools.enablement.ibm.db2.luw.dbdefinition.nl_zh_TW" unpack="false" version="3.5.0.v20090620043401" download-size="1413" install-size="1413" />
	<plugin fragment="true" id="org.eclipse.datatools.enablement.ibm.db2.luw.nl_zh_TW" unpack="false" version="3.5.0.v20090620043401" download-size="1462" install-size="1462" />
	<plugin fragment="true" id="org.eclipse.datatools.enablement.ibm.db2.luw.ui.nl_zh_TW" unpack="false" version="3.5.0.v20090620043401" download-size="3396" install-size="3396" />
	<plugin fragment="true" id="org.eclipse.datatools.enablement.ibm.db2.zseries.dbdefinition.nl_zh_TW" unpack="false" version="3.5.0.v20090620043401" download-size="1415" install-size="1415" />
	<plugin fragment="true" id="org.eclipse.datatools.enablement.ibm.db2.zseries.nl_zh_TW" unpack="false" version="3.5.0.v20090620043401" download-size="1465" install-size="1465" />
	<plugin fragment="true" id="org.eclipse.datatools.enablement.ibm.db2.zseries.ui.nl_zh_TW" unpack="false" version="3.5.0.v20090620043401" download-size="3453" install-size="3453" />
	<plugin fragment="true" id="org.eclipse.datatools.enablement.ibm.informix.dbdefinition.nl_zh_TW" unpack="false" version="3.5.0.v20090620043401" download-size="1429" install-size="1429" />
	<plugin fragment="true" id="org.eclipse.datatools.enablement.ibm.informix.nl_zh_TW" unpack="false" version="3.5.0.v20090620043401" download-size="1462" install-size="1462" />
	<plugin fragment="true" id="org.eclipse.datatools.enablement.ibm.informix.ui.nl_zh_TW" unpack="false" version="3.5.0.v20090620043401" download-size="3268" install-size="3268" />
	<plugin fragment="true" id="org.eclipse.datatools.enablement.ibm.ui.nl_zh_TW" unpack="false" version="3.5.0.v20090620043401" download-size="3019" install-size="3019" />
	<plugin fragment="true" id="org.eclipse.datatools.enablement.ingres.dbdefinition.nl_zh_TW" unpack="false" version="3.5.0.v20090620043401" download-size="1409" install-size="1409" />
	<plugin fragment="true" id="org.eclipse.datatools.enablement.ingres.nl_zh_TW" unpack="false" version="3.5.0.v20090620043401" download-size="1469" install-size="1469" />
	<plugin fragment="true" id="org.eclipse.datatools.enablement.ingres.ui.nl_zh_TW" unpack="false" version="3.5.0.v20090620043401" download-size="2913" install-size="2913" />
	<plugin fragment="true" id="org.eclipse.datatools.enablement.jdt.classpath.nl_zh_TW" unpack="false" version="3.5.0.v20090620043401" download-size="1411" install-size="1411" />
	<plugin fragment="true" id="org.eclipse.datatools.enablement.msft.sqlserver.dbdefinition.nl_zh_TW" unpack="false" version="3.5.0.v20090620043401" download-size="1414" install-size="1414" />
	<plugin fragment="true" id="org.eclipse.datatools.enablement.msft.sqlserver.nl_zh_TW" unpack="false" version="3.5.0.v20090620043401" download-size="1464" install-size="1464" />
	<plugin fragment="true" id="org.eclipse.datatools.enablement.msft.sqlserver.ui.nl_zh_TW" unpack="false" version="3.5.0.v20090620043401" download-size="3533" install-size="3533" />
	<plugin fragment="true" id="org.eclipse.datatools.enablement.mysql.dbdefinition.nl_zh_TW" unpack="false" version="3.5.0.v20090620043401" download-size="1429" install-size="1429" />
	<plugin fragment="true" id="org.eclipse.datatools.enablement.mysql.nl_zh_TW" unpack="false" version="3.5.0.v20090620043401" download-size="1484" install-size="1484" />
	<plugin fragment="true" id="org.eclipse.datatools.enablement.mysql.ui.nl_zh_TW" unpack="false" version="3.5.0.v20090620043401" download-size="1403" install-size="1403" />
	<plugin fragment="true" id="org.eclipse.datatools.enablement.oda.ws.nl_zh_TW" unpack="false" version="3.5.0.v20090620043401" download-size="2431" install-size="2431" />
	<plugin fragment="true" id="org.eclipse.datatools.enablement.oda.ws.ui.nl_zh_TW" unpack="false" version="3.5.0.v20090620043401" download-size="3040" install-size="3040" />
	<plugin fragment="true" id="org.eclipse.datatools.enablement.oda.xml.nl_zh_TW" unpack="false" version="3.5.0.v20090620043401" download-size="3090" install-size="3090" />
	<plugin fragment="true" id="org.eclipse.datatools.enablement.oda.xml.ui.nl_zh_TW" unpack="false" version="3.5.0.v20090620043401" download-size="3565" install-size="3565" />
	<plugin fragment="true" id="org.eclipse.datatools.enablement.oracle.dbdefinition.nl_zh_TW" unpack="false" version="3.5.0.v20090620043401" download-size="1462" install-size="1462" />
	<plugin fragment="true" id="org.eclipse.datatools.enablement.oracle.nl_zh_TW" unpack="false" version="3.5.0.v20090620043401" download-size="1550" install-size="1550" />
	<plugin fragment="true" id="org.eclipse.datatools.enablement.oracle.ui.nl_zh_TW" unpack="false" version="3.5.0.v20090620043401" download-size="3100" install-size="3100" />
	<plugin fragment="true" id="org.eclipse.datatools.enablement.postgresql.dbdefinition.nl_zh_TW" unpack="false" version="3.5.0.v20090620043401" download-size="1412" install-size="1412" />
	<plugin fragment="true" id="org.eclipse.datatools.enablement.postgresql.nl_zh_TW" unpack="false" version="3.5.0.v20090620043401" download-size="1480" install-size="1480" />
	<plugin fragment="true" id="org.eclipse.datatools.enablement.postgresql.ui.nl_zh_TW" unpack="false" version="3.5.0.v20090620043401" download-size="1406" install-size="1406" />
	<plugin fragment="true" id="org.eclipse.datatools.enablement.sap.maxdb.dbdefinition.nl_zh_TW" unpack="false" version="3.5.0.v20090620043401" download-size="1394" install-size="1394" />
	<plugin fragment="true" id="org.eclipse.datatools.enablement.sap.maxdb.nl_zh_TW" unpack="false" version="3.5.0.v20090620043401" download-size="1459" install-size="1459" />
	<plugin fragment="true" id="org.eclipse.datatools.enablement.sap.maxdb.ui.nl_zh_TW" unpack="false" version="3.5.0.v20090620043401" download-size="1405" install-size="1405" />
	<plugin fragment="true" id="org.eclipse.datatools.enablement.sqlite.dbdefinition.nl_zh_TW" unpack="false" version="3.5.0.v20090620043401" download-size="1409" install-size="1409" />
	<plugin fragment="true" id="org.eclipse.datatools.enablement.sqlite.nl_zh_TW" unpack="false" version="3.5.0.v20090620043401" download-size="1465" install-size="1465" />
	<plugin fragment="true" id="org.eclipse.datatools.enablement.sqlite.ui.nl_zh_TW" unpack="false" version="3.5.0.v20090620043401" download-size="2737" install-size="2737" />
	<plugin fragment="true" id="org.eclipse.datatools.enablement.sybase.asa.dbdefinition.nl_zh_TW" unpack="false" version="3.5.0.v20090620043401" download-size="1411" install-size="1411" />
	<plugin fragment="true" id="org.eclipse.datatools.enablement.sybase.asa.models.nl_zh_TW" unpack="false" version="3.5.0.v20090620043401" download-size="1406" install-size="1406" />
	<plugin fragment="true" id="org.eclipse.datatools.enablement.sybase.asa.nl_zh_TW" unpack="false" version="3.5.0.v20090620043401" download-size="2969" install-size="2969" />
	<plugin fragment="true" id="org.eclipse.datatools.enablement.sybase.asa.schemaobjecteditor.examples.nl_zh_TW" unpack="false" version="3.5.0.v20090620043401" download-size="16249" install-size="16249" />
	<plugin fragment="true" id="org.eclipse.datatools.enablement.sybase.asa.ui.nl_zh_TW" unpack="false" version="3.5.0.v20090620043401" download-size="1464" install-size="1464" />
	<plugin fragment="true" id="org.eclipse.datatools.enablement.sybase.ase.dbdefinition.nl_zh_TW" unpack="false" version="3.5.0.v20090620043401" download-size="1410" install-size="1410" />
	<plugin fragment="true" id="org.eclipse.datatools.enablement.sybase.ase.models.nl_zh_TW" unpack="false" version="3.5.0.v20090620043401" download-size="1406" install-size="1406" />
	<plugin fragment="true" id="org.eclipse.datatools.enablement.sybase.ase.nl_zh_TW" unpack="false" version="3.5.0.v20090620043401" download-size="2532" install-size="2532" />
	<plugin fragment="true" id="org.eclipse.datatools.enablement.sybase.ase.ui.nl_zh_TW" unpack="false" version="3.5.0.v20090620043401" download-size="1477" install-size="1477" />
	<plugin fragment="true" id="org.eclipse.datatools.enablement.sybase.models.nl_zh_TW" unpack="false" version="3.5.0.v20090620043401" download-size="1405" install-size="1405" />
	<plugin fragment="true" id="org.eclipse.datatools.enablement.sybase.nl_zh_TW" unpack="false" version="3.5.0.v20090620043401" download-size="2999" install-size="2999" />
	<plugin fragment="true" id="org.eclipse.datatools.enablement.sybase.ui.nl_zh_TW" unpack="false" version="3.5.0.v20090620043401" download-size="2972" install-size="2972" />
	<plugin fragment="true" id="org.eclipse.datatools.help.nl_zh_TW" unpack="false" version="3.5.0.v20090620043401" download-size="1372" install-size="1372" />
	<plugin fragment="true" id="org.eclipse.datatools.modelbase.dbdefinition.nl_zh_TW" unpack="false" version="3.5.0.v20090620043401" download-size="1398" install-size="1398" />
	<plugin fragment="true" id="org.eclipse.datatools.modelbase.derby.nl_zh_TW" unpack="false" version="3.5.0.v20090620043401" download-size="1397" install-size="1397" />
	<plugin fragment="true" id="org.eclipse.datatools.modelbase.sql.edit.nl_zh_TW" unpack="false" version="3.5.0.v20090620043401" download-size="2809" install-size="2809" />
	<plugin fragment="true" id="org.eclipse.datatools.modelbase.sql.nl_zh_TW" unpack="false" version="3.5.0.v20090620043401" download-size="1395" install-size="1395" />
	<plugin fragment="true" id="org.eclipse.datatools.modelbase.sql.query.edit.nl_zh_TW" unpack="false" version="3.5.0.v20090620043401" download-size="1778" install-size="1778" />
	<plugin fragment="true" id="org.eclipse.datatools.modelbase.sql.query.nl_zh_TW" unpack="false" version="3.5.0.v20090620043401" download-size="1403" install-size="1403" />
	<plugin fragment="true" id="org.eclipse.datatools.modelbase.sql.xml.query.nl_zh_TW" unpack="false" version="3.5.0.v20090620043401" download-size="1407" install-size="1407" />
	<plugin fragment="true" id="org.eclipse.datatools.sqltools.common.ui.nl_zh_TW" unpack="false" version="3.5.0.v20090620043401" download-size="5799" install-size="5799" />
	<plugin fragment="true" id="org.eclipse.datatools.sqltools.data.core.nl_zh_TW" unpack="false" version="3.5.0.v20090620043401" download-size="2883" install-size="2883" />
	<plugin fragment="true" id="org.eclipse.datatools.sqltools.data.ui.nl_zh_TW" unpack="false" version="3.5.0.v20090620043401" download-size="3535" install-size="3535" />
	<plugin fragment="true" id="org.eclipse.datatools.sqltools.db.derby.nl_zh_TW" unpack="false" version="3.5.0.v20090620043401" download-size="2668" install-size="2668" />
	<plugin fragment="true" id="org.eclipse.datatools.sqltools.db.derby.ui.nl_zh_TW" unpack="false" version="3.5.0.v20090620043401" download-size="1407" install-size="1407" />
	<plugin fragment="true" id="org.eclipse.datatools.sqltools.db.generic.nl_zh_TW" unpack="false" version="3.5.0.v20090620043401" download-size="2680" install-size="2680" />
	<plugin fragment="true" id="org.eclipse.datatools.sqltools.db.generic.ui.nl_zh_TW" unpack="false" version="3.5.0.v20090620043401" download-size="1410" install-size="1410" />
	<plugin fragment="true" id="org.eclipse.datatools.sqltools.ddlgen.ui.nl_zh_TW" unpack="false" version="3.5.0.v20090620043401" download-size="3323" install-size="3323" />
	<plugin fragment="true" id="org.eclipse.datatools.sqltools.debugger.core.nl_zh_TW" unpack="false" version="3.5.0.v20090620043401" download-size="4653" install-size="4653" />
	<plugin fragment="true" id="org.eclipse.datatools.sqltools.debugger.core.ui.nl_zh_TW" unpack="false" version="3.5.0.v20090620043401" download-size="3809" install-size="3809" />
	<plugin fragment="true" id="org.eclipse.datatools.sqltools.editor.core.nl_zh_TW" unpack="false" version="3.5.0.v20090620043401" download-size="2517" install-size="2517" />
	<plugin fragment="true" id="org.eclipse.datatools.sqltools.editor.core.ui.nl_zh_TW" unpack="false" version="3.5.0.v20090620043401" download-size="1411" install-size="1411" />
	<plugin fragment="true" id="org.eclipse.datatools.sqltools.parsers.sql.lexer.nl_zh_TW" unpack="false" version="3.5.0.v20090620043401" download-size="1406" install-size="1406" />
	<plugin fragment="true" id="org.eclipse.datatools.sqltools.parsers.sql.nl_zh_TW" unpack="false" version="3.5.0.v20090620043401" download-size="1398" install-size="1398" />
	<plugin fragment="true" id="org.eclipse.datatools.sqltools.parsers.sql.query.nl_zh_TW" unpack="false" version="3.5.0.v20090620043401" download-size="2723" install-size="2723" />
	<plugin fragment="true" id="org.eclipse.datatools.sqltools.parsers.sql.xml.query.nl_zh_TW" unpack="false" version="3.5.0.v20090620043401" download-size="1408" install-size="1408" />
	<plugin fragment="true" id="org.eclipse.datatools.sqltools.plan.nl_zh_TW" unpack="false" version="3.5.0.v20090620043401" download-size="4262" install-size="4262" />
	<plugin fragment="true" id="org.eclipse.datatools.sqltools.result.nl_zh_TW" unpack="false" version="3.5.0.v20090620043401" download-size="4232" install-size="4232" />
	<plugin fragment="true" id="org.eclipse.datatools.sqltools.result.ui.nl_zh_TW" unpack="false" version="3.5.0.v20090620043401" download-size="3852" install-size="3852" />
	<plugin fragment="true" id="org.eclipse.datatools.sqltools.routineeditor.nl_zh_TW" unpack="false" version="3.5.0.v20090620043401" download-size="5851" install-size="5851" />
	<plugin fragment="true" id="org.eclipse.datatools.sqltools.routineeditor.ui.nl_zh_TW" unpack="false" version="3.5.0.v20090620043401" download-size="5183" install-size="5183" />
	<plugin fragment="true" id="org.eclipse.datatools.sqltools.schemaobjecteditor.nl_zh_TW" unpack="false" version="3.5.0.v20090620043401" download-size="1409" install-size="1409" />
	<plugin fragment="true" id="org.eclipse.datatools.sqltools.schemaobjecteditor.ui.nl_zh_TW" unpack="false" version="3.5.0.v20090620043401" download-size="6003" install-size="6003" />
	<plugin fragment="true" id="org.eclipse.datatools.sqltools.schemaobjecteditor.ui.pages.nl_zh_TW" unpack="false" version="3.5.0.v20090620043401" download-size="3663" install-size="3663" />
	<plugin fragment="true" id="org.eclipse.datatools.sqltools.sql.nl_zh_TW" unpack="false" version="3.5.0.v20090620043401" download-size="2664" install-size="2664" />
	<plugin fragment="true" id="org.eclipse.datatools.sqltools.sql.ui.nl_zh_TW" unpack="false" version="3.5.0.v20090620043401" download-size="1393" install-size="1393" />
	<plugin fragment="true" id="org.eclipse.datatools.sqltools.sqlbuilder.nl_zh_TW" unpack="false" version="3.5.0.v20090620043401" download-size="3745" install-size="3745" />
	<plugin fragment="true" id="org.eclipse.datatools.sqltools.sqleditor.nl_zh_TW" unpack="false" version="3.5.0.v20090620043401" download-size="9959" install-size="9959" />
	<plugin fragment="true" id="org.eclipse.datatools.sqltools.sqlscrapbook.nl_zh_TW" unpack="false" version="3.5.0.v20090620043401" download-size="4997" install-size="4997" />
	<plugin fragment="true" id="org.eclipse.datatools.sqltools.tabledataeditor.nl_zh_TW" unpack="false" version="3.5.0.v20090620043401" download-size="1400" install-size="1400" />
</feature>