<?xml version="1.0" encoding="UTF-8" ?>
<feature
	id="org.eclipse.babel.nls_modeling.emf_en_AU"
	label="Babel Language Pack for modeling.emf in English (Australian) (9.46%)"
	image="eclipse_update_120.jpg"
	provider-name="%providerName"
	version="3.5.0.v20090620043401">
	<copyright>
		%copyright
	</copyright>
	<license url="%licenseURL">
		%license
	</license>
	<description>Babel Language Pack for modeling.emf in English (Australian)</description>
	<plugin fragment="true" id="org.eclipse.emf.activities.nl_en_AU" unpack="false" version="3.5.0.v20090620043401" download-size="1388" install-size="1388" />
	<plugin fragment="true" id="org.eclipse.emf.ant.nl_en_AU" unpack="false" version="3.5.0.v20090620043401" download-size="1383" install-size="1383" />
	<plugin fragment="true" id="org.eclipse.emf.cdo.common.nl_en_AU" unpack="false" version="3.5.0.v20090620043401" download-size="1387" install-size="1387" />
	<plugin fragment="true" id="org.eclipse.emf.cdo.defs.nl_en_AU" unpack="false" version="3.5.0.v20090620043401" download-size="1386" install-size="1386" />
	<plugin fragment="true" id="org.eclipse.emf.cdo.doc.nl_en_AU" unpack="false" version="3.5.0.v20090620043401" download-size="1385" install-size="1385" />
	<plugin fragment="true" id="org.eclipse.emf.cdo.edit.nl_en_AU" unpack="false" version="3.5.0.v20090620043401" download-size="1386" install-size="1386" />
	<plugin fragment="true" id="org.eclipse.emf.cdo.examples.nl_en_AU" unpack="false" version="3.5.0.v20090620043401" download-size="1389" install-size="1389" />
	<plugin fragment="true" id="org.eclipse.emf.cdo.examples.spring.nl_en_AU" unpack="false" version="3.5.0.v20090620043401" download-size="1394" install-size="1394" />
	<plugin fragment="true" id="org.eclipse.emf.cdo.migrator.nl_en_AU" unpack="false" version="3.5.0.v20090620043401" download-size="1389" install-size="1389" />
	<plugin fragment="true" id="org.eclipse.emf.cdo.nl_en_AU" unpack="false" version="3.5.0.v20090620043401" download-size="1383" install-size="1383" />
	<plugin fragment="true" id="org.eclipse.emf.cdo.server.db.nl_en_AU" unpack="false" version="3.5.0.v20090620043401" download-size="1390" install-size="1390" />
	<plugin fragment="true" id="org.eclipse.emf.cdo.server.hibernate.id.nl_en_AU" unpack="false" version="3.5.0.v20090620043401" download-size="1396" install-size="1396" />
	<plugin fragment="true" id="org.eclipse.emf.cdo.server.hibernate.nl_en_AU" unpack="false" version="3.5.0.v20090620043401" download-size="1393" install-size="1393" />
	<plugin fragment="true" id="org.eclipse.emf.cdo.server.hibernate.teneo.nl_en_AU" unpack="false" version="3.5.0.v20090620043401" download-size="1400" install-size="1400" />
	<plugin fragment="true" id="org.eclipse.emf.cdo.server.nl_en_AU" unpack="false" version="3.5.0.v20090620043401" download-size="1387" install-size="1387" />
	<plugin fragment="true" id="org.eclipse.emf.cdo.tests.db.nl_en_AU" unpack="false" version="3.5.0.v20090620043401" download-size="1389" install-size="1389" />
	<plugin fragment="true" id="org.eclipse.emf.cdo.tests.hibernate.client.nl_en_AU" unpack="false" version="3.5.0.v20090620043401" download-size="1398" install-size="1398" />
	<plugin fragment="true" id="org.eclipse.emf.cdo.tests.hibernate.nl_en_AU" unpack="false" version="3.5.0.v20090620043401" download-size="1393" install-size="1393" />
	<plugin fragment="true" id="org.eclipse.emf.cdo.tests.mango.edit.nl_en_AU" unpack="false" version="3.5.0.v20090620043401" download-size="1394" install-size="1394" />
	<plugin fragment="true" id="org.eclipse.emf.cdo.tests.mango.nl_en_AU" unpack="false" version="3.5.0.v20090620043401" download-size="1391" install-size="1391" />
	<plugin fragment="true" id="org.eclipse.emf.cdo.tests.model1.edit.nl_en_AU" unpack="false" version="3.5.0.v20090620043401" download-size="1398" install-size="1398" />
	<plugin fragment="true" id="org.eclipse.emf.cdo.tests.model1.nl_en_AU" unpack="false" version="3.5.0.v20090620043401" download-size="1392" install-size="1392" />
	<plugin fragment="true" id="org.eclipse.emf.cdo.tests.model2.edit.nl_en_AU" unpack="false" version="3.5.0.v20090620043401" download-size="1394" install-size="1394" />
	<plugin fragment="true" id="org.eclipse.emf.cdo.tests.model2.nl_en_AU" unpack="false" version="3.5.0.v20090620043401" download-size="1391" install-size="1391" />
	<plugin fragment="true" id="org.eclipse.emf.cdo.tests.model3.edit.nl_en_AU" unpack="false" version="3.5.0.v20090620043401" download-size="1398" install-size="1398" />
	<plugin fragment="true" id="org.eclipse.emf.cdo.tests.model3.nl_en_AU" unpack="false" version="3.5.0.v20090620043401" download-size="1391" install-size="1391" />
	<plugin fragment="true" id="org.eclipse.emf.cdo.tests.model4.nl_en_AU" unpack="false" version="3.5.0.v20090620043401" download-size="1392" install-size="1392" />
	<plugin fragment="true" id="org.eclipse.emf.cdo.tests.model4interfaces.nl_en_AU" unpack="false" version="3.5.0.v20090620043401" download-size="1400" install-size="1400" />
	<plugin fragment="true" id="org.eclipse.emf.cdo.tests.model5.nl_en_AU" unpack="false" version="3.5.0.v20090620043401" download-size="1392" install-size="1392" />
	<plugin fragment="true" id="org.eclipse.emf.cdo.tests.nl_en_AU" unpack="false" version="3.5.0.v20090620043401" download-size="1387" install-size="1387" />
	<plugin fragment="true" id="org.eclipse.emf.cdo.ui.capabilities.nl_en_AU" unpack="false" version="3.5.0.v20090620043401" download-size="1393" install-size="1393" />
	<plugin fragment="true" id="org.eclipse.emf.cdo.ui.defs.nl_en_AU" unpack="false" version="3.5.0.v20090620043401" download-size="1388" install-size="1388" />
	<plugin fragment="true" id="org.eclipse.emf.cdo.ui.nl_en_AU" unpack="false" version="3.5.0.v20090620043401" download-size="1385" install-size="1385" />
	<plugin fragment="true" id="org.eclipse.emf.cheatsheets.nl_en_AU" unpack="false" version="3.5.0.v20090620043401" download-size="1388" install-size="1388" />
	<plugin fragment="true" id="org.eclipse.emf.codegen.ecore.nl_en_AU" unpack="false" version="3.5.0.v20090620043401" download-size="1390" install-size="1390" />
	<plugin fragment="true" id="org.eclipse.emf.codegen.ecore.ui.nl_en_AU" unpack="false" version="3.5.0.v20090620043401" download-size="1392" install-size="1392" />
	<plugin fragment="true" id="org.eclipse.emf.codegen.nl_en_AU" unpack="false" version="3.5.0.v20090620043401" download-size="1385" install-size="1385" />
	<plugin fragment="true" id="org.eclipse.emf.codegen.ui.nl_en_AU" unpack="false" version="3.5.0.v20090620043401" download-size="1387" install-size="1387" />
	<plugin fragment="true" id="org.eclipse.emf.common.nl_en_AU" unpack="false" version="3.5.0.v20090620043401" download-size="1385" install-size="1385" />
	<plugin fragment="true" id="org.eclipse.emf.common.ui.nl_en_AU" unpack="false" version="3.5.0.v20090620043401" download-size="1386" install-size="1386" />
	<plugin fragment="true" id="org.eclipse.emf.converter.nl_en_AU" unpack="false" version="3.5.0.v20090620043401" download-size="1386" install-size="1386" />
	<plugin fragment="true" id="org.eclipse.emf.databinding.edit.nl_en_AU" unpack="false" version="3.5.0.v20090620043401" download-size="1392" install-size="1392" />
	<plugin fragment="true" id="org.eclipse.emf.databinding.nl_en_AU" unpack="false" version="3.5.0.v20090620043401" download-size="1389" install-size="1389" />
	<plugin fragment="true" id="org.eclipse.emf.doc.nl_en_AU" unpack="false" version="3.5.0.v20090620043401" download-size="1383" install-size="1383" />
	<plugin fragment="true" id="org.eclipse.emf.ecore.change.edit.nl_en_AU" unpack="false" version="3.5.0.v20090620043401" download-size="1393" install-size="1393" />
	<plugin fragment="true" id="org.eclipse.emf.ecore.change.nl_en_AU" unpack="false" version="3.5.0.v20090620043401" download-size="1389" install-size="1389" />
	<plugin fragment="true" id="org.eclipse.emf.ecore.edit.nl_en_AU" unpack="false" version="3.5.0.v20090620043401" download-size="1387" install-size="1387" />
	<plugin fragment="true" id="org.eclipse.emf.ecore.editor.nl_en_AU" unpack="false" version="3.5.0.v20090620043401" download-size="1389" install-size="1389" />
	<plugin fragment="true" id="org.eclipse.emf.ecore.nl_en_AU" unpack="false" version="3.5.0.v20090620043401" download-size="1414" install-size="1414" />
	<plugin fragment="true" id="org.eclipse.emf.ecore.xmi.nl_en_AU" unpack="false" version="3.5.0.v20090620043401" download-size="1387" install-size="1387" />
	<plugin fragment="true" id="org.eclipse.emf.edit.nl_en_AU" unpack="false" version="3.5.0.v20090620043401" download-size="1384" install-size="1384" />
	<plugin fragment="true" id="org.eclipse.emf.edit.ui.nl_en_AU" unpack="false" version="3.5.0.v20090620043401" download-size="1385" install-size="1385" />
	<plugin fragment="true" id="org.eclipse.emf.example.installer.nl_en_AU" unpack="false" version="3.5.0.v20090620043401" download-size="1391" install-size="1391" />
	<plugin fragment="true" id="org.eclipse.emf.examples.generator.validator.nl_en_AU" unpack="false" version="3.5.0.v20090620043401" download-size="1400" install-size="1400" />
	<plugin fragment="true" id="org.eclipse.emf.examples.library.edit.nl_en_AU" unpack="false" version="3.5.0.v20090620043401" download-size="1395" install-size="1395" />
	<plugin fragment="true" id="org.eclipse.emf.examples.library.editor.nl_en_AU" unpack="false" version="3.5.0.v20090620043401" download-size="1396" install-size="1396" />
	<plugin fragment="true" id="org.eclipse.emf.examples.library.nl_en_AU" unpack="false" version="3.5.0.v20090620043401" download-size="1392" install-size="1392" />
	<plugin fragment="true" id="org.eclipse.emf.examples.nl_en_AU" unpack="false" version="3.5.0.v20090620043401" download-size="1386" install-size="1386" />
	<plugin fragment="true" id="org.eclipse.emf.exporter.html.nl_en_AU" unpack="false" version="3.5.0.v20090620043401" download-size="1389" install-size="1389" />
	<plugin fragment="true" id="org.eclipse.emf.exporter.nl_en_AU" unpack="false" version="3.5.0.v20090620043401" download-size="1386" install-size="1386" />
	<plugin fragment="true" id="org.eclipse.emf.importer.ecore.nl_en_AU" unpack="false" version="3.5.0.v20090620043401" download-size="1390" install-size="1390" />
	<plugin fragment="true" id="org.eclipse.emf.importer.java.nl_en_AU" unpack="false" version="3.5.0.v20090620043401" download-size="1389" install-size="1389" />
	<plugin fragment="true" id="org.eclipse.emf.importer.nl_en_AU" unpack="false" version="3.5.0.v20090620043401" download-size="1385" install-size="1385" />
	<plugin fragment="true" id="org.eclipse.emf.importer.rose.nl_en_AU" unpack="false" version="3.5.0.v20090620043401" download-size="1388" install-size="1388" />
	<plugin fragment="true" id="org.eclipse.emf.java.edit.nl_en_AU" unpack="false" version="3.5.0.v20090620043401" download-size="1387" install-size="1387" />
	<plugin fragment="true" id="org.eclipse.emf.java.editor.nl_en_AU" unpack="false" version="3.5.0.v20090620043401" download-size="1388" install-size="1388" />
	<plugin fragment="true" id="org.eclipse.emf.java.nl_en_AU" unpack="false" version="3.5.0.v20090620043401" download-size="1384" install-size="1384" />
	<plugin fragment="true" id="org.eclipse.emf.mapping.ecore.editor.nl_en_AU" unpack="false" version="3.5.0.v20090620043401" download-size="1393" install-size="1393" />
	<plugin fragment="true" id="org.eclipse.emf.mapping.ecore.nl_en_AU" unpack="false" version="3.5.0.v20090620043401" download-size="1390" install-size="1390" />
	<plugin fragment="true" id="org.eclipse.emf.mapping.ecore2ecore.editor.nl_en_AU" unpack="false" version="3.5.0.v20090620043401" download-size="1396" install-size="1396" />
	<plugin fragment="true" id="org.eclipse.emf.mapping.ecore2ecore.nl_en_AU" unpack="false" version="3.5.0.v20090620043401" download-size="1392" install-size="1392" />
	<plugin fragment="true" id="org.eclipse.emf.mapping.ecore2xml.nl_en_AU" unpack="false" version="3.5.0.v20090620043401" download-size="1393" install-size="1393" />
	<plugin fragment="true" id="org.eclipse.emf.mapping.ecore2xml.ui.nl_en_AU" unpack="false" version="3.5.0.v20090620043401" download-size="1395" install-size="1395" />
	<plugin fragment="true" id="org.eclipse.emf.mapping.nl_en_AU" unpack="false" version="3.5.0.v20090620043401" download-size="1386" install-size="1386" />
	<plugin fragment="true" id="org.eclipse.emf.mapping.ui.nl_en_AU" unpack="false" version="3.5.0.v20090620043401" download-size="1387" install-size="1387" />
	<plugin fragment="true" id="org.eclipse.emf.mapping.xsd2ecore.editor.nl_en_AU" unpack="false" version="3.5.0.v20090620043401" download-size="1399" install-size="1399" />
	<plugin fragment="true" id="org.eclipse.emf.mapping.xsd2ecore.nl_en_AU" unpack="false" version="3.5.0.v20090620043401" download-size="1393" install-size="1393" />
	<plugin fragment="true" id="org.eclipse.emf.nl_en_AU" unpack="false" version="3.5.0.v20090620043401" download-size="1380" install-size="1380" />
	<plugin fragment="true" id="org.eclipse.emf.query.doc.nl_en_AU" unpack="false" version="3.5.0.v20090620043401" download-size="1388" install-size="1388" />
	<plugin fragment="true" id="org.eclipse.emf.query.examples.nl_en_AU" unpack="false" version="3.5.0.v20090620043401" download-size="1396" install-size="1396" />
	<plugin fragment="true" id="org.eclipse.emf.query.examples.ocl.nl_en_AU" unpack="false" version="3.5.0.v20090620043401" download-size="1397" install-size="1397" />
	<plugin fragment="true" id="org.eclipse.emf.query.examples.statements.nl_en_AU" unpack="false" version="3.5.0.v20090620043401" download-size="1401" install-size="1401" />
	<plugin fragment="true" id="org.eclipse.emf.query.nl_en_AU" unpack="false" version="3.5.0.v20090620043401" download-size="1390" install-size="1390" />
	<plugin fragment="true" id="org.eclipse.emf.query.ocl.nl_en_AU" unpack="false" version="3.5.0.v20090620043401" download-size="1392" install-size="1392" />
	<plugin fragment="true" id="org.eclipse.emf.query.ocl.tests.nl_en_AU" unpack="false" version="3.5.0.v20090620043401" download-size="1396" install-size="1396" />
	<plugin fragment="true" id="org.eclipse.emf.query.tests.nl_en_AU" unpack="false" version="3.5.0.v20090620043401" download-size="1393" install-size="1393" />
	<plugin fragment="true" id="org.eclipse.emf.test.build.nl_en_AU" unpack="false" version="3.5.0.v20090620043401" download-size="1387" install-size="1387" />
	<plugin fragment="true" id="org.eclipse.emf.test.common.nl_en_AU" unpack="false" version="3.5.0.v20090620043401" download-size="1387" install-size="1387" />
	<plugin fragment="true" id="org.eclipse.emf.test.core.nl_en_AU" unpack="false" version="3.5.0.v20090620043401" download-size="1386" install-size="1386" />
	<plugin fragment="true" id="org.eclipse.emf.test.edit.nl_en_AU" unpack="false" version="3.5.0.v20090620043401" download-size="1386" install-size="1386" />
	<plugin fragment="true" id="org.eclipse.emf.test.examples.nl_en_AU" unpack="false" version="3.5.0.v20090620043401" download-size="1389" install-size="1389" />
	<plugin fragment="true" id="org.eclipse.emf.test.tools.nl_en_AU" unpack="false" version="3.5.0.v20090620043401" download-size="1387" install-size="1387" />
	<plugin fragment="true" id="org.eclipse.emf.test.xml.nl_en_AU" unpack="false" version="3.5.0.v20090620043401" download-size="1386" install-size="1386" />
	<plugin fragment="true" id="org.eclipse.emf.tests.nl_en_AU" unpack="false" version="3.5.0.v20090620043401" download-size="1384" install-size="1384" />
	<plugin fragment="true" id="org.eclipse.emf.transaction.doc.nl_en_AU" unpack="false" version="3.5.0.v20090620043401" download-size="1392" install-size="1392" />
	<plugin fragment="true" id="org.eclipse.emf.transaction.examples.nl_en_AU" unpack="false" version="3.5.0.v20090620043401" download-size="1398" install-size="1398" />
	<plugin fragment="true" id="org.eclipse.emf.transaction.nl_en_AU" unpack="false" version="3.5.0.v20090620043401" download-size="1393" install-size="1393" />
	<plugin fragment="true" id="org.eclipse.emf.transaction.tests.nl_en_AU" unpack="false" version="3.5.0.v20090620043401" download-size="1396" install-size="1396" />
	<plugin fragment="true" id="org.eclipse.emf.transaction.ui.nl_en_AU" unpack="false" version="3.5.0.v20090620043401" download-size="1395" install-size="1395" />
	<plugin fragment="true" id="org.eclipse.emf.validation.doc.nl_en_AU" unpack="false" version="3.5.0.v20090620043401" download-size="1391" install-size="1391" />
	<plugin fragment="true" id="org.eclipse.emf.validation.examples.adapter.nl_en_AU" unpack="false" version="3.5.0.v20090620043401" download-size="1406" install-size="1406" />
	<plugin fragment="true" id="org.eclipse.emf.validation.examples.general.nl_en_AU" unpack="false" version="3.5.0.v20090620043401" download-size="1404" install-size="1404" />
	<plugin fragment="true" id="org.eclipse.emf.validation.examples.nl_en_AU" unpack="false" version="3.5.0.v20090620043401" download-size="1398" install-size="1398" />
	<plugin fragment="true" id="org.eclipse.emf.validation.examples.ocl.nl_en_AU" unpack="false" version="3.5.0.v20090620043401" download-size="1401" install-size="1401" />
	<plugin fragment="true" id="org.eclipse.emf.validation.nl_en_AU" unpack="false" version="3.5.0.v20090620043401" download-size="1393" install-size="1393" />
	<plugin fragment="true" id="org.eclipse.emf.validation.ocl.nl_en_AU" unpack="false" version="3.5.0.v20090620043401" download-size="1395" install-size="1395" />
	<plugin fragment="true" id="org.eclipse.emf.validation.tests.nl_en_AU" unpack="false" version="3.5.0.v20090620043401" download-size="1397" install-size="1397" />
	<plugin fragment="true" id="org.eclipse.emf.validation.ui.ide.nl_en_AU" unpack="false" version="3.5.0.v20090620043401" download-size="1396" install-size="1396" />
	<plugin fragment="true" id="org.eclipse.emf.validation.ui.nl_en_AU" unpack="false" version="3.5.0.v20090620043401" download-size="1395" install-size="1395" />
	<plugin fragment="true" id="org.eclipse.emf.workspace.doc.nl_en_AU" unpack="false" version="3.5.0.v20090620043401" download-size="1392" install-size="1392" />
	<plugin fragment="true" id="org.eclipse.emf.workspace.examples.library.editor.nl_en_AU" unpack="false" version="3.5.0.v20090620043401" download-size="1408" install-size="1408" />
	<plugin fragment="true" id="org.eclipse.emf.workspace.examples.nl_en_AU" unpack="false" version="3.5.0.v20090620043401" download-size="1399" install-size="1399" />
	<plugin fragment="true" id="org.eclipse.emf.workspace.nl_en_AU" unpack="false" version="3.5.0.v20090620043401" download-size="1392" install-size="1392" />
	<plugin fragment="true" id="org.eclipse.emf.workspace.tests.nl_en_AU" unpack="false" version="3.5.0.v20090620043401" download-size="1397" install-size="1397" />
	<plugin fragment="true" id="org.eclipse.emf.workspace.ui.nl_en_AU" unpack="false" version="3.5.0.v20090620043401" download-size="1394" install-size="1394" />
	<plugin fragment="true" id="org.eclipse.net4j.buddies.chat.nl_en_AU" unpack="false" version="3.5.0.v20090620043401" download-size="1390" install-size="1390" />
	<plugin fragment="true" id="org.eclipse.net4j.buddies.chat.ui.nl_en_AU" unpack="false" version="3.5.0.v20090620043401" download-size="1392" install-size="1392" />
	<plugin fragment="true" id="org.eclipse.net4j.buddies.common.nl_en_AU" unpack="false" version="3.5.0.v20090620043401" download-size="1391" install-size="1391" />
	<plugin fragment="true" id="org.eclipse.net4j.buddies.nl_en_AU" unpack="false" version="3.5.0.v20090620043401" download-size="1387" install-size="1387" />
	<plugin fragment="true" id="org.eclipse.net4j.buddies.server.nl_en_AU" unpack="false" version="3.5.0.v20090620043401" download-size="1391" install-size="1391" />
	<plugin fragment="true" id="org.eclipse.net4j.buddies.ui.nl_en_AU" unpack="false" version="3.5.0.v20090620043401" download-size="1389" install-size="1389" />
	<plugin fragment="true" id="org.eclipse.net4j.db.derby.nl_en_AU" unpack="false" version="3.5.0.v20090620043401" download-size="1388" install-size="1388" />
	<plugin fragment="true" id="org.eclipse.net4j.db.hsqldb.nl_en_AU" unpack="false" version="3.5.0.v20090620043401" download-size="1389" install-size="1389" />
	<plugin fragment="true" id="org.eclipse.net4j.db.mysql.nl_en_AU" unpack="false" version="3.5.0.v20090620043401" download-size="1388" install-size="1388" />
	<plugin fragment="true" id="org.eclipse.net4j.db.nl_en_AU" unpack="false" version="3.5.0.v20090620043401" download-size="1384" install-size="1384" />
	<plugin fragment="true" id="org.eclipse.net4j.db.postgresql.nl_en_AU" unpack="false" version="3.5.0.v20090620043401" download-size="1391" install-size="1391" />
	<plugin fragment="true" id="org.eclipse.net4j.debug.nl_en_AU" unpack="false" version="3.5.0.v20090620043401" download-size="1386" install-size="1386" />
	<plugin fragment="true" id="org.eclipse.net4j.defs.nl_en_AU" unpack="false" version="3.5.0.v20090620043401" download-size="1385" install-size="1385" />
	<plugin fragment="true" id="org.eclipse.net4j.doc.nl_en_AU" unpack="false" version="3.5.0.v20090620043401" download-size="1384" install-size="1384" />
	<plugin fragment="true" id="org.eclipse.net4j.examples.nl_en_AU" unpack="false" version="3.5.0.v20090620043401" download-size="1387" install-size="1387" />
	<plugin fragment="true" id="org.eclipse.net4j.http.common.nl_en_AU" unpack="false" version="3.5.0.v20090620043401" download-size="1390" install-size="1390" />
	<plugin fragment="true" id="org.eclipse.net4j.http.nl_en_AU" unpack="false" version="3.5.0.v20090620043401" download-size="1385" install-size="1385" />
	<plugin fragment="true" id="org.eclipse.net4j.http.server.nl_en_AU" unpack="false" version="3.5.0.v20090620043401" download-size="1389" install-size="1389" />
	<plugin fragment="true" id="org.eclipse.net4j.http.tests.nl_en_AU" unpack="false" version="3.5.0.v20090620043401" download-size="1389" install-size="1389" />
	<plugin fragment="true" id="org.eclipse.net4j.jms.admin.nl_en_AU" unpack="false" version="3.5.0.v20090620043401" download-size="1388" install-size="1388" />
	<plugin fragment="true" id="org.eclipse.net4j.jms.api.nl_en_AU" unpack="false" version="3.5.0.v20090620043401" download-size="1387" install-size="1387" />
	<plugin fragment="true" id="org.eclipse.net4j.jms.nl_en_AU" unpack="false" version="3.5.0.v20090620043401" download-size="1385" install-size="1385" />
	<plugin fragment="true" id="org.eclipse.net4j.jms.server.jdbc.nl_en_AU" unpack="false" version="3.5.0.v20090620043401" download-size="1392" install-size="1392" />
	<plugin fragment="true" id="org.eclipse.net4j.jms.server.nl_en_AU" unpack="false" version="3.5.0.v20090620043401" download-size="1389" install-size="1389" />
	<plugin fragment="true" id="org.eclipse.net4j.jms.tests.nl_en_AU" unpack="false" version="3.5.0.v20090620043401" download-size="1388" install-size="1388" />
	<plugin fragment="true" id="org.eclipse.net4j.jvm.nl_en_AU" unpack="false" version="3.5.0.v20090620043401" download-size="1385" install-size="1385" />
	<plugin fragment="true" id="org.eclipse.net4j.nl_en_AU" unpack="false" version="3.5.0.v20090620043401" download-size="1382" install-size="1382" />
	<plugin fragment="true" id="org.eclipse.net4j.tcp.nl_en_AU" unpack="false" version="3.5.0.v20090620043401" download-size="1384" install-size="1384" />
	<plugin fragment="true" id="org.eclipse.net4j.tests.nl_en_AU" unpack="false" version="3.5.0.v20090620043401" download-size="1385" install-size="1385" />
	<plugin fragment="true" id="org.eclipse.net4j.ui.capabilities.nl_en_AU" unpack="false" version="3.5.0.v20090620043401" download-size="1392" install-size="1392" />
	<plugin fragment="true" id="org.eclipse.net4j.ui.defs.nl_en_AU" unpack="false" version="3.5.0.v20090620043401" download-size="1387" install-size="1387" />
	<plugin fragment="true" id="org.eclipse.net4j.ui.nl_en_AU" unpack="false" version="3.5.0.v20090620043401" download-size="1384" install-size="1384" />
	<plugin fragment="true" id="org.eclipse.net4j.util.defs.nl_en_AU" unpack="false" version="3.5.0.v20090620043401" download-size="1388" install-size="1388" />
	<plugin fragment="true" id="org.eclipse.net4j.util.nl_en_AU" unpack="false" version="3.5.0.v20090620043401" download-size="1385" install-size="1385" />
	<plugin fragment="true" id="org.eclipse.net4j.util.ui.nl_en_AU" unpack="false" version="3.5.0.v20090620043401" download-size="1387" install-size="1387" />
	<plugin fragment="true" id="org.eclipse.xsd.cheatsheets.nl_en_AU" unpack="false" version="3.5.0.v20090620043401" download-size="1388" install-size="1388" />
	<plugin fragment="true" id="org.eclipse.xsd.doc.nl_en_AU" unpack="false" version="3.5.0.v20090620043401" download-size="1384" install-size="1384" />
	<plugin fragment="true" id="org.eclipse.xsd.ecore.converter.nl_en_AU" unpack="false" version="3.5.0.v20090620043401" download-size="1391" install-size="1391" />
	<plugin fragment="true" id="org.eclipse.xsd.ecore.exporter.nl_en_AU" unpack="false" version="3.5.0.v20090620043401" download-size="1390" install-size="1390" />
	<plugin fragment="true" id="org.eclipse.xsd.ecore.importer.nl_en_AU" unpack="false" version="3.5.0.v20090620043401" download-size="1390" install-size="1390" />
	<plugin fragment="true" id="org.eclipse.xsd.edit.nl_en_AU" unpack="false" version="3.5.0.v20090620043401" download-size="1384" install-size="1384" />
	<plugin fragment="true" id="org.eclipse.xsd.editor.nl_en_AU" unpack="false" version="3.5.0.v20090620043401" download-size="1385" install-size="1385" />
	<plugin fragment="true" id="org.eclipse.xsd.example.installer.nl_en_AU" unpack="false" version="3.5.0.v20090620043401" download-size="1392" install-size="1392" />
	<plugin fragment="true" id="org.eclipse.xsd.example.nl_en_AU" unpack="false" version="3.5.0.v20090620043401" download-size="1386" install-size="1386" />
	<plugin fragment="true" id="org.eclipse.xsd.mapping.editor.nl_en_AU" unpack="false" version="3.5.0.v20090620043401" download-size="1391" install-size="1391" />
	<plugin fragment="true" id="org.eclipse.xsd.mapping.nl_en_AU" unpack="false" version="3.5.0.v20090620043401" download-size="1387" install-size="1387" />
	<plugin fragment="true" id="org.eclipse.xsd.nl_en_AU" unpack="false" version="3.5.0.v20090620043401" download-size="1381" install-size="1381" />
</feature>