<?xml version="1.0" encoding="UTF-8" ?>
<feature
	id="org.eclipse.babel.nls_technology.subversive_sv"
	label="Babel Language Pack for technology.subversive in Swedish (18.19%)"
	image="eclipse_update_120.jpg"
	provider-name="%providerName"
	version="3.5.0.v20090620043401">
	<copyright>
		%copyright
	</copyright>
	<license url="%licenseURL">
		%license
	</license>
	<description>Babel Language Pack for technology.subversive in Swedish</description>
	<plugin fragment="true" id="org.eclipse.team.svn.core.nl_sv" unpack="false" version="3.5.0.v20090620043401" download-size="2789" install-size="2789" />
	<plugin fragment="true" id="org.eclipse.team.svn.mylyn.nl_sv" unpack="false" version="3.5.0.v20090620043401" download-size="1370" install-size="1370" />
	<plugin fragment="true" id="org.eclipse.team.svn.ui.nl_sv" unpack="false" version="3.5.0.v20090620043401" download-size="7059" install-size="7059" />
</feature>