<?xml version="1.0" encoding="UTF-8" ?>
<feature
	id="org.eclipse.babel.nls_datatools_da"
	label="Babel Language Pack for datatools in Danish (22.92%)"
	image="eclipse_update_120.jpg"
	provider-name="%providerName"
	version="3.5.0.v20090620043401">
	<copyright>
		%copyright
	</copyright>
	<license url="%licenseURL">
		%license
	</license>
	<description>Babel Language Pack for datatools in Danish</description>
	<plugin fragment="true" id="org.eclipse.datatools.connectivity.apache.derby.dbdefinition.nl_da" unpack="false" version="3.5.0.v20090620043401" download-size="1377" install-size="1377" />
	<plugin fragment="true" id="org.eclipse.datatools.connectivity.apache.derby.nl_da" unpack="false" version="3.5.0.v20090620043401" download-size="1429" install-size="1429" />
	<plugin fragment="true" id="org.eclipse.datatools.connectivity.apache.derby.ui.nl_da" unpack="false" version="3.5.0.v20090620043401" download-size="3582" install-size="3582" />
	<plugin fragment="true" id="org.eclipse.datatools.connectivity.console.profile.nl_da" unpack="false" version="3.5.0.v20090620043401" download-size="2560" install-size="2560" />
	<plugin fragment="true" id="org.eclipse.datatools.connectivity.db.generic.nl_da" unpack="false" version="3.5.0.v20090620043401" download-size="2605" install-size="2605" />
	<plugin fragment="true" id="org.eclipse.datatools.connectivity.db.generic.ui.nl_da" unpack="false" version="3.5.0.v20090620043401" download-size="1369" install-size="1369" />
	<plugin fragment="true" id="org.eclipse.datatools.connectivity.dbdefinition.genericJDBC.nl_da" unpack="false" version="3.5.0.v20090620043401" download-size="1397" install-size="1397" />
	<plugin fragment="true" id="org.eclipse.datatools.connectivity.nl_da" unpack="false" version="3.5.0.v20090620043401" download-size="3194" install-size="3194" />
	<plugin fragment="true" id="org.eclipse.datatools.connectivity.oda.consumer.nl_da" unpack="false" version="3.5.0.v20090620043401" download-size="2845" install-size="2845" />
	<plugin fragment="true" id="org.eclipse.datatools.connectivity.oda.design.nl_da" unpack="false" version="3.5.0.v20090620043401" download-size="1363" install-size="1363" />
	<plugin fragment="true" id="org.eclipse.datatools.connectivity.oda.design.ui.nl_da" unpack="false" version="3.5.0.v20090620043401" download-size="2936" install-size="2936" />
	<plugin fragment="true" id="org.eclipse.datatools.connectivity.oda.flatfile.nl_da" unpack="false" version="3.5.0.v20090620043401" download-size="2772" install-size="2772" />
	<plugin fragment="true" id="org.eclipse.datatools.connectivity.oda.flatfile.ui.nl_da" unpack="false" version="3.5.0.v20090620043401" download-size="3076" install-size="3076" />
	<plugin fragment="true" id="org.eclipse.datatools.connectivity.oda.template.ui.nl_da" unpack="false" version="3.5.0.v20090620043401" download-size="2954" install-size="2954" />
	<plugin fragment="true" id="org.eclipse.datatools.connectivity.sqm.core.nl_da" unpack="false" version="3.5.0.v20090620043401" download-size="3077" install-size="3077" />
	<plugin fragment="true" id="org.eclipse.datatools.connectivity.sqm.core.ui.nl_da" unpack="false" version="3.5.0.v20090620043401" download-size="4080" install-size="4080" />
	<plugin fragment="true" id="org.eclipse.datatools.connectivity.sqm.server.ui.nl_da" unpack="false" version="3.5.0.v20090620043401" download-size="3541" install-size="3541" />
	<plugin fragment="true" id="org.eclipse.datatools.connectivity.ui.dse.nl_da" unpack="false" version="3.5.0.v20090620043401" download-size="2914" install-size="2914" />
	<plugin fragment="true" id="org.eclipse.datatools.connectivity.ui.nl_da" unpack="false" version="3.5.0.v20090620043401" download-size="3514" install-size="3514" />
	<plugin fragment="true" id="org.eclipse.datatools.connectivity.ui.templates.nl_da" unpack="false" version="3.5.0.v20090620043401" download-size="2752" install-size="2752" />
	<plugin fragment="true" id="org.eclipse.datatools.enablement.finfo.nl_da" unpack="false" version="3.5.0.v20090620043401" download-size="1375" install-size="1375" />
	<plugin fragment="true" id="org.eclipse.datatools.enablement.hsqldb.dbdefinition.nl_da" unpack="false" version="3.5.0.v20090620043401" download-size="1386" install-size="1386" />
	<plugin fragment="true" id="org.eclipse.datatools.enablement.hsqldb.nl_da" unpack="false" version="3.5.0.v20090620043401" download-size="1422" install-size="1422" />
	<plugin fragment="true" id="org.eclipse.datatools.enablement.hsqldb.ui.nl_da" unpack="false" version="3.5.0.v20090620043401" download-size="2675" install-size="2675" />
	<plugin fragment="true" id="org.eclipse.datatools.enablement.ibm.db2.iseries.dbdefinition.nl_da" unpack="false" version="3.5.0.v20090620043401" download-size="1394" install-size="1394" />
	<plugin fragment="true" id="org.eclipse.datatools.enablement.ibm.db2.iseries.nl_da" unpack="false" version="3.5.0.v20090620043401" download-size="1420" install-size="1420" />
	<plugin fragment="true" id="org.eclipse.datatools.enablement.ibm.db2.iseries.ui.nl_da" unpack="false" version="3.5.0.v20090620043401" download-size="3374" install-size="3374" />
	<plugin fragment="true" id="org.eclipse.datatools.enablement.ibm.db2.luw.dbdefinition.nl_da" unpack="false" version="3.5.0.v20090620043401" download-size="1388" install-size="1388" />
	<plugin fragment="true" id="org.eclipse.datatools.enablement.ibm.db2.luw.nl_da" unpack="false" version="3.5.0.v20090620043401" download-size="1417" install-size="1417" />
	<plugin fragment="true" id="org.eclipse.datatools.enablement.ibm.db2.luw.ui.nl_da" unpack="false" version="3.5.0.v20090620043401" download-size="3333" install-size="3333" />
	<plugin fragment="true" id="org.eclipse.datatools.enablement.ibm.db2.zseries.dbdefinition.nl_da" unpack="false" version="3.5.0.v20090620043401" download-size="1395" install-size="1395" />
	<plugin fragment="true" id="org.eclipse.datatools.enablement.ibm.db2.zseries.nl_da" unpack="false" version="3.5.0.v20090620043401" download-size="1421" install-size="1421" />
	<plugin fragment="true" id="org.eclipse.datatools.enablement.ibm.db2.zseries.ui.nl_da" unpack="false" version="3.5.0.v20090620043401" download-size="3394" install-size="3394" />
	<plugin fragment="true" id="org.eclipse.datatools.enablement.ibm.informix.dbdefinition.nl_da" unpack="false" version="3.5.0.v20090620043401" download-size="1405" install-size="1405" />
	<plugin fragment="true" id="org.eclipse.datatools.enablement.ibm.informix.nl_da" unpack="false" version="3.5.0.v20090620043401" download-size="1418" install-size="1418" />
	<plugin fragment="true" id="org.eclipse.datatools.enablement.ibm.informix.ui.nl_da" unpack="false" version="3.5.0.v20090620043401" download-size="3198" install-size="3198" />
	<plugin fragment="true" id="org.eclipse.datatools.enablement.ibm.ui.nl_da" unpack="false" version="3.5.0.v20090620043401" download-size="2971" install-size="2971" />
	<plugin fragment="true" id="org.eclipse.datatools.enablement.ingres.dbdefinition.nl_da" unpack="false" version="3.5.0.v20090620043401" download-size="1387" install-size="1387" />
	<plugin fragment="true" id="org.eclipse.datatools.enablement.ingres.nl_da" unpack="false" version="3.5.0.v20090620043401" download-size="1426" install-size="1426" />
	<plugin fragment="true" id="org.eclipse.datatools.enablement.ingres.ui.nl_da" unpack="false" version="3.5.0.v20090620043401" download-size="2878" install-size="2878" />
	<plugin fragment="true" id="org.eclipse.datatools.enablement.jdt.classpath.nl_da" unpack="false" version="3.5.0.v20090620043401" download-size="1390" install-size="1390" />
	<plugin fragment="true" id="org.eclipse.datatools.enablement.msft.sqlserver.dbdefinition.nl_da" unpack="false" version="3.5.0.v20090620043401" download-size="1393" install-size="1393" />
	<plugin fragment="true" id="org.eclipse.datatools.enablement.msft.sqlserver.nl_da" unpack="false" version="3.5.0.v20090620043401" download-size="1418" install-size="1418" />
	<plugin fragment="true" id="org.eclipse.datatools.enablement.msft.sqlserver.ui.nl_da" unpack="false" version="3.5.0.v20090620043401" download-size="3470" install-size="3470" />
	<plugin fragment="true" id="org.eclipse.datatools.enablement.mysql.dbdefinition.nl_da" unpack="false" version="3.5.0.v20090620043401" download-size="1406" install-size="1406" />
	<plugin fragment="true" id="org.eclipse.datatools.enablement.mysql.nl_da" unpack="false" version="3.5.0.v20090620043401" download-size="1443" install-size="1443" />
	<plugin fragment="true" id="org.eclipse.datatools.enablement.mysql.ui.nl_da" unpack="false" version="3.5.0.v20090620043401" download-size="1377" install-size="1377" />
	<plugin fragment="true" id="org.eclipse.datatools.enablement.oda.ws.ui.nl_da" unpack="false" version="3.5.0.v20090620043401" download-size="2968" install-size="2968" />
	<plugin fragment="true" id="org.eclipse.datatools.enablement.oda.xml.nl_da" unpack="false" version="3.5.0.v20090620043401" download-size="2997" install-size="2997" />
	<plugin fragment="true" id="org.eclipse.datatools.enablement.oda.xml.ui.nl_da" unpack="false" version="3.5.0.v20090620043401" download-size="3409" install-size="3409" />
	<plugin fragment="true" id="org.eclipse.datatools.enablement.oracle.dbdefinition.nl_da" unpack="false" version="3.5.0.v20090620043401" download-size="1438" install-size="1438" />
	<plugin fragment="true" id="org.eclipse.datatools.enablement.oracle.nl_da" unpack="false" version="3.5.0.v20090620043401" download-size="1499" install-size="1499" />
	<plugin fragment="true" id="org.eclipse.datatools.enablement.oracle.ui.nl_da" unpack="false" version="3.5.0.v20090620043401" download-size="3036" install-size="3036" />
	<plugin fragment="true" id="org.eclipse.datatools.enablement.postgresql.dbdefinition.nl_da" unpack="false" version="3.5.0.v20090620043401" download-size="1387" install-size="1387" />
	<plugin fragment="true" id="org.eclipse.datatools.enablement.postgresql.nl_da" unpack="false" version="3.5.0.v20090620043401" download-size="1438" install-size="1438" />
	<plugin fragment="true" id="org.eclipse.datatools.enablement.postgresql.ui.nl_da" unpack="false" version="3.5.0.v20090620043401" download-size="1380" install-size="1380" />
	<plugin fragment="true" id="org.eclipse.datatools.enablement.sap.maxdb.dbdefinition.nl_da" unpack="false" version="3.5.0.v20090620043401" download-size="1372" install-size="1372" />
	<plugin fragment="true" id="org.eclipse.datatools.enablement.sap.maxdb.nl_da" unpack="false" version="3.5.0.v20090620043401" download-size="1412" install-size="1412" />
	<plugin fragment="true" id="org.eclipse.datatools.enablement.sap.maxdb.ui.nl_da" unpack="false" version="3.5.0.v20090620043401" download-size="1380" install-size="1380" />
	<plugin fragment="true" id="org.eclipse.datatools.enablement.sqlite.dbdefinition.nl_da" unpack="false" version="3.5.0.v20090620043401" download-size="1386" install-size="1386" />
	<plugin fragment="true" id="org.eclipse.datatools.enablement.sqlite.nl_da" unpack="false" version="3.5.0.v20090620043401" download-size="1422" install-size="1422" />
	<plugin fragment="true" id="org.eclipse.datatools.enablement.sqlite.ui.nl_da" unpack="false" version="3.5.0.v20090620043401" download-size="2638" install-size="2638" />
	<plugin fragment="true" id="org.eclipse.datatools.enablement.sybase.asa.dbdefinition.nl_da" unpack="false" version="3.5.0.v20090620043401" download-size="1391" install-size="1391" />
	<plugin fragment="true" id="org.eclipse.datatools.enablement.sybase.asa.models.nl_da" unpack="false" version="3.5.0.v20090620043401" download-size="1383" install-size="1383" />
	<plugin fragment="true" id="org.eclipse.datatools.enablement.sybase.asa.nl_da" unpack="false" version="3.5.0.v20090620043401" download-size="2865" install-size="2865" />
	<plugin fragment="true" id="org.eclipse.datatools.enablement.sybase.asa.schemaobjecteditor.examples.nl_da" unpack="false" version="3.5.0.v20090620043401" download-size="15685" install-size="15685" />
	<plugin fragment="true" id="org.eclipse.datatools.enablement.sybase.asa.ui.nl_da" unpack="false" version="3.5.0.v20090620043401" download-size="1416" install-size="1416" />
	<plugin fragment="true" id="org.eclipse.datatools.enablement.sybase.ase.dbdefinition.nl_da" unpack="false" version="3.5.0.v20090620043401" download-size="1387" install-size="1387" />
	<plugin fragment="true" id="org.eclipse.datatools.enablement.sybase.ase.models.nl_da" unpack="false" version="3.5.0.v20090620043401" download-size="1383" install-size="1383" />
	<plugin fragment="true" id="org.eclipse.datatools.enablement.sybase.ase.nl_da" unpack="false" version="3.5.0.v20090620043401" download-size="2447" install-size="2447" />
	<plugin fragment="true" id="org.eclipse.datatools.enablement.sybase.ase.ui.nl_da" unpack="false" version="3.5.0.v20090620043401" download-size="1424" install-size="1424" />
	<plugin fragment="true" id="org.eclipse.datatools.enablement.sybase.models.nl_da" unpack="false" version="3.5.0.v20090620043401" download-size="1381" install-size="1381" />
	<plugin fragment="true" id="org.eclipse.datatools.enablement.sybase.nl_da" unpack="false" version="3.5.0.v20090620043401" download-size="2914" install-size="2914" />
	<plugin fragment="true" id="org.eclipse.datatools.enablement.sybase.ui.nl_da" unpack="false" version="3.5.0.v20090620043401" download-size="2861" install-size="2861" />
	<plugin fragment="true" id="org.eclipse.datatools.help.nl_da" unpack="false" version="3.5.0.v20090620043401" download-size="1352" install-size="1352" />
	<plugin fragment="true" id="org.eclipse.datatools.modelbase.dbdefinition.nl_da" unpack="false" version="3.5.0.v20090620043401" download-size="1380" install-size="1380" />
	<plugin fragment="true" id="org.eclipse.datatools.modelbase.derby.nl_da" unpack="false" version="3.5.0.v20090620043401" download-size="1376" install-size="1376" />
	<plugin fragment="true" id="org.eclipse.datatools.modelbase.sql.edit.nl_da" unpack="false" version="3.5.0.v20090620043401" download-size="2589" install-size="2589" />
	<plugin fragment="true" id="org.eclipse.datatools.modelbase.sql.nl_da" unpack="false" version="3.5.0.v20090620043401" download-size="1375" install-size="1375" />
	<plugin fragment="true" id="org.eclipse.datatools.modelbase.sql.query.edit.nl_da" unpack="false" version="3.5.0.v20090620043401" download-size="1730" install-size="1730" />
	<plugin fragment="true" id="org.eclipse.datatools.modelbase.sql.query.nl_da" unpack="false" version="3.5.0.v20090620043401" download-size="1379" install-size="1379" />
	<plugin fragment="true" id="org.eclipse.datatools.modelbase.sql.xml.query.nl_da" unpack="false" version="3.5.0.v20090620043401" download-size="1382" install-size="1382" />
	<plugin fragment="true" id="org.eclipse.datatools.sqltools.common.ui.nl_da" unpack="false" version="3.5.0.v20090620043401" download-size="5504" install-size="5504" />
	<plugin fragment="true" id="org.eclipse.datatools.sqltools.data.core.nl_da" unpack="false" version="3.5.0.v20090620043401" download-size="2839" install-size="2839" />
	<plugin fragment="true" id="org.eclipse.datatools.sqltools.data.ui.nl_da" unpack="false" version="3.5.0.v20090620043401" download-size="3429" install-size="3429" />
	<plugin fragment="true" id="org.eclipse.datatools.sqltools.db.derby.nl_da" unpack="false" version="3.5.0.v20090620043401" download-size="2619" install-size="2619" />
	<plugin fragment="true" id="org.eclipse.datatools.sqltools.db.derby.ui.nl_da" unpack="false" version="3.5.0.v20090620043401" download-size="1384" install-size="1384" />
	<plugin fragment="true" id="org.eclipse.datatools.sqltools.db.generic.nl_da" unpack="false" version="3.5.0.v20090620043401" download-size="2632" install-size="2632" />
	<plugin fragment="true" id="org.eclipse.datatools.sqltools.db.generic.ui.nl_da" unpack="false" version="3.5.0.v20090620043401" download-size="1384" install-size="1384" />
	<plugin fragment="true" id="org.eclipse.datatools.sqltools.ddlgen.ui.nl_da" unpack="false" version="3.5.0.v20090620043401" download-size="3235" install-size="3235" />
	<plugin fragment="true" id="org.eclipse.datatools.sqltools.debugger.core.nl_da" unpack="false" version="3.5.0.v20090620043401" download-size="4462" install-size="4462" />
	<plugin fragment="true" id="org.eclipse.datatools.sqltools.debugger.core.ui.nl_da" unpack="false" version="3.5.0.v20090620043401" download-size="3716" install-size="3716" />
	<plugin fragment="true" id="org.eclipse.datatools.sqltools.editor.core.nl_da" unpack="false" version="3.5.0.v20090620043401" download-size="2480" install-size="2480" />
	<plugin fragment="true" id="org.eclipse.datatools.sqltools.editor.core.ui.nl_da" unpack="false" version="3.5.0.v20090620043401" download-size="1385" install-size="1385" />
	<plugin fragment="true" id="org.eclipse.datatools.sqltools.parsers.sql.lexer.nl_da" unpack="false" version="3.5.0.v20090620043401" download-size="1382" install-size="1382" />
	<plugin fragment="true" id="org.eclipse.datatools.sqltools.parsers.sql.nl_da" unpack="false" version="3.5.0.v20090620043401" download-size="1377" install-size="1377" />
	<plugin fragment="true" id="org.eclipse.datatools.sqltools.parsers.sql.query.nl_da" unpack="false" version="3.5.0.v20090620043401" download-size="2686" install-size="2686" />
	<plugin fragment="true" id="org.eclipse.datatools.sqltools.parsers.sql.xml.query.nl_da" unpack="false" version="3.5.0.v20090620043401" download-size="1385" install-size="1385" />
	<plugin fragment="true" id="org.eclipse.datatools.sqltools.plan.nl_da" unpack="false" version="3.5.0.v20090620043401" download-size="4136" install-size="4136" />
	<plugin fragment="true" id="org.eclipse.datatools.sqltools.result.nl_da" unpack="false" version="3.5.0.v20090620043401" download-size="3989" install-size="3989" />
	<plugin fragment="true" id="org.eclipse.datatools.sqltools.result.ui.nl_da" unpack="false" version="3.5.0.v20090620043401" download-size="3625" install-size="3625" />
	<plugin fragment="true" id="org.eclipse.datatools.sqltools.routineeditor.nl_da" unpack="false" version="3.5.0.v20090620043401" download-size="5632" install-size="5632" />
	<plugin fragment="true" id="org.eclipse.datatools.sqltools.routineeditor.ui.nl_da" unpack="false" version="3.5.0.v20090620043401" download-size="4972" install-size="4972" />
	<plugin fragment="true" id="org.eclipse.datatools.sqltools.schemaobjecteditor.nl_da" unpack="false" version="3.5.0.v20090620043401" download-size="1388" install-size="1388" />
	<plugin fragment="true" id="org.eclipse.datatools.sqltools.schemaobjecteditor.ui.nl_da" unpack="false" version="3.5.0.v20090620043401" download-size="5784" install-size="5784" />
	<plugin fragment="true" id="org.eclipse.datatools.sqltools.schemaobjecteditor.ui.pages.nl_da" unpack="false" version="3.5.0.v20090620043401" download-size="3604" install-size="3604" />
	<plugin fragment="true" id="org.eclipse.datatools.sqltools.sql.nl_da" unpack="false" version="3.5.0.v20090620043401" download-size="2628" install-size="2628" />
	<plugin fragment="true" id="org.eclipse.datatools.sqltools.sql.ui.nl_da" unpack="false" version="3.5.0.v20090620043401" download-size="1372" install-size="1372" />
	<plugin fragment="true" id="org.eclipse.datatools.sqltools.sqlbuilder.nl_da" unpack="false" version="3.5.0.v20090620043401" download-size="3481" install-size="3481" />
	<plugin fragment="true" id="org.eclipse.datatools.sqltools.sqleditor.nl_da" unpack="false" version="3.5.0.v20090620043401" download-size="8281" install-size="8281" />
	<plugin fragment="true" id="org.eclipse.datatools.sqltools.sqlscrapbook.nl_da" unpack="false" version="3.5.0.v20090620043401" download-size="4784" install-size="4784" />
	<plugin fragment="true" id="org.eclipse.datatools.sqltools.tabledataeditor.nl_da" unpack="false" version="3.5.0.v20090620043401" download-size="1380" install-size="1380" />
</feature>