<?xml version="1.0" encoding="UTF-8" ?>
<feature
	id="org.eclipse.babel.nls_birt_tr"
	label="Babel Language Pack for birt in Turkish (70.32%)"
	image="eclipse_update_120.jpg"
	provider-name="%providerName"
	version="3.5.0.v20090620043401">
	<copyright>
		%copyright
	</copyright>
	<license url="%licenseURL">
		%license
	</license>
	<description>Babel Language Pack for birt in Turkish</description>
	<plugin fragment="true" id="org.eclipse.birt.chart.cshelp.nl_tr" unpack="false" version="3.5.0.v20090620043401" download-size="1539" install-size="1539" />
	<plugin fragment="true" id="org.eclipse.birt.chart.device.extension.nl_tr" unpack="false" version="3.5.0.v20090620043401" download-size="3681" install-size="3681" />
	<plugin fragment="true" id="org.eclipse.birt.chart.device.svg.nl_tr" unpack="false" version="3.5.0.v20090620043401" download-size="2939" install-size="2939" />
	<plugin fragment="true" id="org.eclipse.birt.chart.device.swt.nl_tr" unpack="false" version="3.5.0.v20090620043401" download-size="2968" install-size="2968" />
	<plugin fragment="true" id="org.eclipse.birt.chart.doc.isv.nl_tr" unpack="false" version="3.5.0.v20090620043401" download-size="1540" install-size="1540" />
	<plugin fragment="true" id="org.eclipse.birt.chart.engine.extension.nl_tr" unpack="false" version="3.5.0.v20090620043401" download-size="4514" install-size="4514" />
	<plugin fragment="true" id="org.eclipse.birt.chart.engine.nl_tr" unpack="false" version="3.5.0.v20090620043401" download-size="8753" install-size="8753" />
	<plugin fragment="true" id="org.eclipse.birt.chart.examples.nl_tr" unpack="false" version="3.5.0.v20090620043401" download-size="2510" install-size="2510" />
	<plugin fragment="true" id="org.eclipse.birt.chart.integration.wtp.ui.nl_tr" unpack="false" version="3.5.0.v20090620043401" download-size="2777" install-size="2777" />
	<plugin fragment="true" id="org.eclipse.birt.chart.reportitem.nl_tr" unpack="false" version="3.5.0.v20090620043401" download-size="3574" install-size="3574" />
	<plugin fragment="true" id="org.eclipse.birt.chart.reportitem.ui.nl_tr" unpack="false" version="3.5.0.v20090620043401" download-size="4061" install-size="4061" />
	<plugin fragment="true" id="org.eclipse.birt.chart.runtime.nl_tr" unpack="false" version="3.5.0.v20090620043401" download-size="1534" install-size="1534" />
	<plugin fragment="true" id="org.eclipse.birt.chart.ui.extension.nl_tr" unpack="false" version="3.5.0.v20090620043401" download-size="13664" install-size="13664" />
	<plugin fragment="true" id="org.eclipse.birt.chart.ui.nl_tr" unpack="false" version="3.5.0.v20090620043401" download-size="3898" install-size="3898" />
	<plugin fragment="true" id="org.eclipse.birt.core.nl_tr" unpack="false" version="3.5.0.v20090620043401" download-size="2149" install-size="2149" />
	<plugin fragment="true" id="org.eclipse.birt.core.script.function.nl_tr" unpack="false" version="3.5.0.v20090620043401" download-size="1454" install-size="1454" />
	<plugin fragment="true" id="org.eclipse.birt.core.ui.nl_tr" unpack="false" version="3.5.0.v20090620043401" download-size="2640" install-size="2640" />
	<plugin fragment="true" id="org.eclipse.birt.cshelp.nl_tr" unpack="false" version="3.5.0.v20090620043401" download-size="1532" install-size="1532" />
	<plugin fragment="true" id="org.eclipse.birt.data.aggregation.nl_tr" unpack="false" version="3.5.0.v20090620043401" download-size="2368" install-size="2368" />
	<plugin fragment="true" id="org.eclipse.birt.data.nl_tr" unpack="false" version="3.5.0.v20090620043401" download-size="7275" install-size="7275" />
	<plugin fragment="true" id="org.eclipse.birt.data.tests.nl_tr" unpack="false" version="3.5.0.v20090620043401" download-size="1392" install-size="1392" />
	<plugin fragment="true" id="org.eclipse.birt.doc.isv.nl_tr" unpack="false" version="3.5.0.v20090620043401" download-size="1532" install-size="1532" />
	<plugin fragment="true" id="org.eclipse.birt.doc.nl_tr" unpack="false" version="3.5.0.v20090620043401" download-size="1526" install-size="1526" />
	<plugin fragment="true" id="org.eclipse.birt.example.nl_tr" unpack="false" version="3.5.0.v20090620043401" download-size="1526" install-size="1526" />
	<plugin fragment="true" id="org.eclipse.birt.integration.wtp.ui.nl_tr" unpack="false" version="3.5.0.v20090620043401" download-size="2745" install-size="2745" />
	<plugin fragment="true" id="org.eclipse.birt.nl_tr" unpack="false" version="3.5.0.v20090620043401" download-size="1419" install-size="1419" />
	<plugin fragment="true" id="org.eclipse.birt.report.data.adapter.nl_tr" unpack="false" version="3.5.0.v20090620043401" download-size="2637" install-size="2637" />
	<plugin fragment="true" id="org.eclipse.birt.report.data.oda.jdbc.dbprofile.nl_tr" unpack="false" version="3.5.0.v20090620043401" download-size="1556" install-size="1556" />
	<plugin fragment="true" id="org.eclipse.birt.report.data.oda.jdbc.dbprofile.ui.nl_tr" unpack="false" version="3.5.0.v20090620043401" download-size="1405" install-size="1405" />
	<plugin fragment="true" id="org.eclipse.birt.report.data.oda.jdbc.nl_tr" unpack="false" version="3.5.0.v20090620043401" download-size="4352" install-size="4352" />
	<plugin fragment="true" id="org.eclipse.birt.report.data.oda.jdbc.ui.nl_tr" unpack="false" version="3.5.0.v20090620043401" download-size="5317" install-size="5317" />
	<plugin fragment="true" id="org.eclipse.birt.report.data.oda.sampledb.nl_tr" unpack="false" version="3.5.0.v20090620043401" download-size="1623" install-size="1623" />
	<plugin fragment="true" id="org.eclipse.birt.report.data.oda.sampledb.ui.nl_tr" unpack="false" version="3.5.0.v20090620043401" download-size="3443" install-size="3443" />
	<plugin fragment="true" id="org.eclipse.birt.report.data.oda.xml.nl_tr" unpack="false" version="3.5.0.v20090620043401" download-size="3035" install-size="3035" />
	<plugin fragment="true" id="org.eclipse.birt.report.data.oda.xml.ui.nl_tr" unpack="false" version="3.5.0.v20090620043401" download-size="1747" install-size="1747" />
	<plugin fragment="true" id="org.eclipse.birt.report.debug.core.nl_tr" unpack="false" version="3.5.0.v20090620043401" download-size="1547" install-size="1547" />
	<plugin fragment="true" id="org.eclipse.birt.report.debug.ui.nl_tr" unpack="false" version="3.5.0.v20090620043401" download-size="2805" install-size="2805" />
	<plugin fragment="true" id="org.eclipse.birt.report.designer.core.nl_tr" unpack="false" version="3.5.0.v20090620043401" download-size="34059" install-size="34059" />
	<plugin fragment="true" id="org.eclipse.birt.report.designer.nl_tr" unpack="false" version="3.5.0.v20090620043401" download-size="1535" install-size="1535" />
	<plugin fragment="true" id="org.eclipse.birt.report.designer.tests.nl_tr" unpack="false" version="3.5.0.v20090620043401" download-size="2641" install-size="2641" />
	<plugin fragment="true" id="org.eclipse.birt.report.designer.ui.cubebuilder.nl_tr" unpack="false" version="3.5.0.v20090620043401" download-size="3217" install-size="3217" />
	<plugin fragment="true" id="org.eclipse.birt.report.designer.ui.editor.script.nl_tr" unpack="false" version="3.5.0.v20090620043401" download-size="1427" install-size="1427" />
	<plugin fragment="true" id="org.eclipse.birt.report.designer.ui.editor.xml.wtp.nl_tr" unpack="false" version="3.5.0.v20090620043401" download-size="1825" install-size="1825" />
	<plugin fragment="true" id="org.eclipse.birt.report.designer.ui.editors.nl_tr" unpack="false" version="3.5.0.v20090620043401" download-size="1411" install-size="1411" />
	<plugin fragment="true" id="org.eclipse.birt.report.designer.ui.editors.schematic.nl_tr" unpack="false" version="3.5.0.v20090620043401" download-size="1553" install-size="1553" />
	<plugin fragment="true" id="org.eclipse.birt.report.designer.ui.ide.nl_tr" unpack="false" version="3.5.0.v20090620043401" download-size="1690" install-size="1690" />
	<plugin fragment="true" id="org.eclipse.birt.report.designer.ui.lib.explorer.nl_tr" unpack="false" version="3.5.0.v20090620043401" download-size="1401" install-size="1401" />
	<plugin fragment="true" id="org.eclipse.birt.report.designer.ui.lib.nl_tr" unpack="false" version="3.5.0.v20090620043401" download-size="1616" install-size="1616" />
	<plugin fragment="true" id="org.eclipse.birt.report.designer.ui.nl_tr" unpack="false" version="3.5.0.v20090620043401" download-size="1870" install-size="1870" />
	<plugin fragment="true" id="org.eclipse.birt.report.designer.ui.preview.nl_tr" unpack="false" version="3.5.0.v20090620043401" download-size="1473" install-size="1473" />
	<plugin fragment="true" id="org.eclipse.birt.report.designer.ui.preview.web.nl_tr" unpack="false" version="3.5.0.v20090620043401" download-size="1514" install-size="1514" />
	<plugin fragment="true" id="org.eclipse.birt.report.designer.ui.rcp.nl_tr" unpack="false" version="3.5.0.v20090620043401" download-size="3087" install-size="3087" />
	<plugin fragment="true" id="org.eclipse.birt.report.designer.ui.samples.ide.nl_tr" unpack="false" version="3.5.0.v20090620043401" download-size="3044" install-size="3044" />
	<plugin fragment="true" id="org.eclipse.birt.report.designer.ui.views.nl_tr" unpack="false" version="3.5.0.v20090620043401" download-size="1411" install-size="1411" />
	<plugin fragment="true" id="org.eclipse.birt.report.engine.emitter.config.html.nl_tr" unpack="false" version="3.5.0.v20090620043401" download-size="2807" install-size="2807" />
	<plugin fragment="true" id="org.eclipse.birt.report.engine.emitter.config.pdf.nl_tr" unpack="false" version="3.5.0.v20090620043401" download-size="2743" install-size="2743" />
	<plugin fragment="true" id="org.eclipse.birt.report.engine.nl_tr" unpack="false" version="3.5.0.v20090620043401" download-size="3171" install-size="3171" />
	<plugin fragment="true" id="org.eclipse.birt.report.item.crosstab.core.nl_tr" unpack="false" version="3.5.0.v20090620043401" download-size="3178" install-size="3178" />
	<plugin fragment="true" id="org.eclipse.birt.report.item.crosstab.ui.nl_tr" unpack="false" version="3.5.0.v20090620043401" download-size="4177" install-size="4177" />
	<plugin fragment="true" id="org.eclipse.birt.report.model.nl_tr" unpack="false" version="3.5.0.v20090620043401" download-size="35112" install-size="35112" />
	<plugin fragment="true" id="org.eclipse.birt.report.model.tests.nl_tr" unpack="false" version="3.5.0.v20090620043401" download-size="2314" install-size="2314" />
	<plugin fragment="true" id="org.eclipse.birt.report.runtime.nl_tr" unpack="false" version="3.5.0.v20090620043401" download-size="1532" install-size="1532" />
	<plugin fragment="true" id="org.eclipse.birt.report.viewer.nl_tr" unpack="false" version="3.5.0.v20090620043401" download-size="3540" install-size="3540" />
	<plugin fragment="true" id="org.eclipse.birt.resources.nl_tr" unpack="false" version="3.5.0.v20090620043401" download-size="1435" install-size="1435" />
	<plugin fragment="true" id="org.eclipse.birt.sdk.nl_tr" unpack="false" version="3.5.0.v20090620043401" download-size="1538" install-size="1538" />
	<plugin fragment="true" id="org.eclipse.birt.tests.data.nl_tr" unpack="false" version="3.5.0.v20090620043401" download-size="1392" install-size="1392" />
</feature>