<?xml version="1.0" encoding="UTF-8" ?>
<feature
	id="org.eclipse.babel.nls_technology.subversive_no"
	label="Babel Language Pack for technology.subversive in Norwegian (18.24%)"
	image="eclipse_update_120.jpg"
	provider-name="%providerName"
	version="3.5.0.v20090620043401">
	<copyright>
		%copyright
	</copyright>
	<license url="%licenseURL">
		%license
	</license>
	<description>Babel Language Pack for technology.subversive in Norwegian</description>
	<plugin fragment="true" id="org.eclipse.team.svn.core.nl_no" unpack="false" version="3.5.0.v20090620043401" download-size="2780" install-size="2780" />
	<plugin fragment="true" id="org.eclipse.team.svn.mylyn.nl_no" unpack="false" version="3.5.0.v20090620043401" download-size="1371" install-size="1371" />
	<plugin fragment="true" id="org.eclipse.team.svn.ui.nl_no" unpack="false" version="3.5.0.v20090620043401" download-size="7003" install-size="7003" />
</feature>