<?xml version="1.0" encoding="UTF-8" ?>
<feature
	id="org.eclipse.babel.nls_dsdp.mtj_it"
	label="Babel Language Pack for dsdp.mtj in Italian (5.86%)"
	image="eclipse_update_120.jpg"
	provider-name="%providerName"
	version="3.5.0.v20090620043401">
	<copyright>
		%copyright
	</copyright>
	<license url="%licenseURL">
		%license
	</license>
	<description>Babel Language Pack for dsdp.mtj in Italian</description>
	<plugin fragment="true" id="org.eclipse.mtj.core.nl_it" unpack="false" version="3.5.0.v20090620043401" download-size="2166" install-size="2166" />
	<plugin fragment="true" id="org.eclipse.mtj.eswt.templates.nl_it" unpack="false" version="3.5.0.v20090620043401" download-size="2170" install-size="2170" />
	<plugin fragment="true" id="org.eclipse.mtj.jmunit.nl_it" unpack="false" version="3.5.0.v20090620043401" download-size="2257" install-size="2257" />
	<plugin fragment="true" id="org.eclipse.mtj.pulsar.ui.nl_it" unpack="false" version="3.5.0.v20090620043401" download-size="2371" install-size="2371" />
	<plugin fragment="true" id="org.eclipse.mtj.ui.nl_it" unpack="false" version="3.5.0.v20090620043401" download-size="4972" install-size="4972" />
</feature>