<?xml version="1.0" encoding="UTF-8" ?>
<feature
	id="org.eclipse.babel.nls_modeling.emf_zh"
	label="Babel Language Pack for modeling.emf in Chinese (Simplified) (70.43%)"
	image="eclipse_update_120.jpg"
	provider-name="%providerName"
	version="3.5.0.v20090620043401">
	<copyright>
		%copyright
	</copyright>
	<license url="%licenseURL">
		%license
	</license>
	<description>Babel Language Pack for modeling.emf in Chinese (Simplified)</description>
	<plugin fragment="true" id="library.ecore.nl_zh" unpack="false" version="3.5.0.v20090620043401" download-size="1379" install-size="1379" />
	<plugin fragment="true" id="library.java.nl_zh" unpack="false" version="3.5.0.v20090620043401" download-size="1379" install-size="1379" />
	<plugin fragment="true" id="library.rose.nl_zh" unpack="false" version="3.5.0.v20090620043401" download-size="1378" install-size="1378" />
	<plugin fragment="true" id="library.xsd.nl_zh" unpack="false" version="3.5.0.v20090620043401" download-size="1378" install-size="1378" />
	<plugin fragment="true" id="library.xsds.nl_zh" unpack="false" version="3.5.0.v20090620043401" download-size="1378" install-size="1378" />
	<plugin fragment="true" id="org.eclipse.emf.activities.nl_zh" unpack="false" version="3.5.0.v20090620043401" download-size="1415" install-size="1415" />
	<plugin fragment="true" id="org.eclipse.emf.ant.nl_zh" unpack="false" version="3.5.0.v20090620043401" download-size="1402" install-size="1402" />
	<plugin fragment="true" id="org.eclipse.emf.cdo.common.nl_zh" unpack="false" version="3.5.0.v20090620043401" download-size="1379" install-size="1379" />
	<plugin fragment="true" id="org.eclipse.emf.cdo.defs.nl_zh" unpack="false" version="3.5.0.v20090620043401" download-size="1379" install-size="1379" />
	<plugin fragment="true" id="org.eclipse.emf.cdo.doc.nl_zh" unpack="false" version="3.5.0.v20090620043401" download-size="1378" install-size="1378" />
	<plugin fragment="true" id="org.eclipse.emf.cdo.edit.nl_zh" unpack="false" version="3.5.0.v20090620043401" download-size="3665" install-size="3665" />
	<plugin fragment="true" id="org.eclipse.emf.cdo.examples.nl_zh" unpack="false" version="3.5.0.v20090620043401" download-size="1381" install-size="1381" />
	<plugin fragment="true" id="org.eclipse.emf.cdo.examples.spring.nl_zh" unpack="false" version="3.5.0.v20090620043401" download-size="1385" install-size="1385" />
	<plugin fragment="true" id="org.eclipse.emf.cdo.migrator.nl_zh" unpack="false" version="3.5.0.v20090620043401" download-size="2673" install-size="2673" />
	<plugin fragment="true" id="org.eclipse.emf.cdo.nl_zh" unpack="false" version="3.5.0.v20090620043401" download-size="2946" install-size="2946" />
	<plugin fragment="true" id="org.eclipse.emf.cdo.server.db.nl_zh" unpack="false" version="3.5.0.v20090620043401" download-size="1382" install-size="1382" />
	<plugin fragment="true" id="org.eclipse.emf.cdo.server.hibernate.id.nl_zh" unpack="false" version="3.5.0.v20090620043401" download-size="1391" install-size="1391" />
	<plugin fragment="true" id="org.eclipse.emf.cdo.server.hibernate.nl_zh" unpack="false" version="3.5.0.v20090620043401" download-size="1731" install-size="1731" />
	<plugin fragment="true" id="org.eclipse.emf.cdo.server.hibernate.teneo.nl_zh" unpack="false" version="3.5.0.v20090620043401" download-size="1392" install-size="1392" />
	<plugin fragment="true" id="org.eclipse.emf.cdo.server.nl_zh" unpack="false" version="3.5.0.v20090620043401" download-size="1379" install-size="1379" />
	<plugin fragment="true" id="org.eclipse.emf.cdo.tests.db.nl_zh" unpack="false" version="3.5.0.v20090620043401" download-size="1381" install-size="1381" />
	<plugin fragment="true" id="org.eclipse.emf.cdo.tests.hibernate.client.nl_zh" unpack="false" version="3.5.0.v20090620043401" download-size="1390" install-size="1390" />
	<plugin fragment="true" id="org.eclipse.emf.cdo.tests.hibernate.nl_zh" unpack="false" version="3.5.0.v20090620043401" download-size="1961" install-size="1961" />
	<plugin fragment="true" id="org.eclipse.emf.cdo.tests.mango.edit.nl_zh" unpack="false" version="3.5.0.v20090620043401" download-size="1684" install-size="1684" />
	<plugin fragment="true" id="org.eclipse.emf.cdo.tests.mango.nl_zh" unpack="false" version="3.5.0.v20090620043401" download-size="1383" install-size="1383" />
	<plugin fragment="true" id="org.eclipse.emf.cdo.tests.model1.edit.nl_zh" unpack="false" version="3.5.0.v20090620043401" download-size="1828" install-size="1828" />
	<plugin fragment="true" id="org.eclipse.emf.cdo.tests.model1.nl_zh" unpack="false" version="3.5.0.v20090620043401" download-size="1383" install-size="1383" />
	<plugin fragment="true" id="org.eclipse.emf.cdo.tests.model2.edit.nl_zh" unpack="false" version="3.5.0.v20090620043401" download-size="1679" install-size="1679" />
	<plugin fragment="true" id="org.eclipse.emf.cdo.tests.model2.nl_zh" unpack="false" version="3.5.0.v20090620043401" download-size="1384" install-size="1384" />
	<plugin fragment="true" id="org.eclipse.emf.cdo.tests.model3.edit.nl_zh" unpack="false" version="3.5.0.v20090620043401" download-size="1626" install-size="1626" />
	<plugin fragment="true" id="org.eclipse.emf.cdo.tests.model3.nl_zh" unpack="false" version="3.5.0.v20090620043401" download-size="1383" install-size="1383" />
	<plugin fragment="true" id="org.eclipse.emf.cdo.tests.model4.nl_zh" unpack="false" version="3.5.0.v20090620043401" download-size="1383" install-size="1383" />
	<plugin fragment="true" id="org.eclipse.emf.cdo.tests.model4interfaces.nl_zh" unpack="false" version="3.5.0.v20090620043401" download-size="1390" install-size="1390" />
	<plugin fragment="true" id="org.eclipse.emf.cdo.tests.model5.nl_zh" unpack="false" version="3.5.0.v20090620043401" download-size="1384" install-size="1384" />
	<plugin fragment="true" id="org.eclipse.emf.cdo.tests.nl_zh" unpack="false" version="3.5.0.v20090620043401" download-size="1379" install-size="1379" />
	<plugin fragment="true" id="org.eclipse.emf.cdo.ui.capabilities.nl_zh" unpack="false" version="3.5.0.v20090620043401" download-size="1385" install-size="1385" />
	<plugin fragment="true" id="org.eclipse.emf.cdo.ui.defs.nl_zh" unpack="false" version="3.5.0.v20090620043401" download-size="1380" install-size="1380" />
	<plugin fragment="true" id="org.eclipse.emf.cdo.ui.nl_zh" unpack="false" version="3.5.0.v20090620043401" download-size="4634" install-size="4634" />
	<plugin fragment="true" id="org.eclipse.emf.cheatsheets.nl_zh" unpack="false" version="3.5.0.v20090620043401" download-size="1380" install-size="1380" />
	<plugin fragment="true" id="org.eclipse.emf.codegen.ecore.nl_zh" unpack="false" version="3.5.0.v20090620043401" download-size="3238" install-size="3238" />
	<plugin fragment="true" id="org.eclipse.emf.codegen.ecore.ui.nl_zh" unpack="false" version="3.5.0.v20090620043401" download-size="6817" install-size="6817" />
	<plugin fragment="true" id="org.eclipse.emf.codegen.nl_zh" unpack="false" version="3.5.0.v20090620043401" download-size="2669" install-size="2669" />
	<plugin fragment="true" id="org.eclipse.emf.codegen.ui.nl_zh" unpack="false" version="3.5.0.v20090620043401" download-size="2127" install-size="2127" />
	<plugin fragment="true" id="org.eclipse.emf.common.nl_zh" unpack="false" version="3.5.0.v20090620043401" download-size="2052" install-size="2052" />
	<plugin fragment="true" id="org.eclipse.emf.common.ui.nl_zh" unpack="false" version="3.5.0.v20090620043401" download-size="2530" install-size="2530" />
	<plugin fragment="true" id="org.eclipse.emf.converter.nl_zh" unpack="false" version="3.5.0.v20090620043401" download-size="2391" install-size="2391" />
	<plugin fragment="true" id="org.eclipse.emf.databinding.edit.nl_zh" unpack="false" version="3.5.0.v20090620043401" download-size="1383" install-size="1383" />
	<plugin fragment="true" id="org.eclipse.emf.databinding.nl_zh" unpack="false" version="3.5.0.v20090620043401" download-size="1830" install-size="1830" />
	<plugin fragment="true" id="org.eclipse.emf.doc.nl_zh" unpack="false" version="3.5.0.v20090620043401" download-size="1671" install-size="1671" />
	<plugin fragment="true" id="org.eclipse.emf.ecore.change.edit.nl_zh" unpack="false" version="3.5.0.v20090620043401" download-size="1937" install-size="1937" />
	<plugin fragment="true" id="org.eclipse.emf.ecore.change.nl_zh" unpack="false" version="3.5.0.v20090620043401" download-size="1421" install-size="1421" />
	<plugin fragment="true" id="org.eclipse.emf.ecore.edit.nl_zh" unpack="false" version="3.5.0.v20090620043401" download-size="2945" install-size="2945" />
	<plugin fragment="true" id="org.eclipse.emf.ecore.editor.nl_zh" unpack="false" version="3.5.0.v20090620043401" download-size="2651" install-size="2651" />
	<plugin fragment="true" id="org.eclipse.emf.ecore.nl_zh" unpack="false" version="3.5.0.v20090620043401" download-size="3061" install-size="3061" />
	<plugin fragment="true" id="org.eclipse.emf.ecore.xmi.nl_zh" unpack="false" version="3.5.0.v20090620043401" download-size="1396" install-size="1396" />
	<plugin fragment="true" id="org.eclipse.emf.edit.nl_zh" unpack="false" version="3.5.0.v20090620043401" download-size="2575" install-size="2575" />
	<plugin fragment="true" id="org.eclipse.emf.edit.ui.nl_zh" unpack="false" version="3.5.0.v20090620043401" download-size="2591" install-size="2591" />
	<plugin fragment="true" id="org.eclipse.emf.example.installer.nl_zh" unpack="false" version="3.5.0.v20090620043401" download-size="1430" install-size="1430" />
	<plugin fragment="true" id="org.eclipse.emf.examples.databinding.project.core.model.nl_zh" unpack="false" version="3.5.0.v20090620043401" download-size="1405" install-size="1405" />
	<plugin fragment="true" id="org.eclipse.emf.examples.generator.validator.nl_zh" unpack="false" version="3.5.0.v20090620043401" download-size="1394" install-size="1394" />
	<plugin fragment="true" id="org.eclipse.emf.examples.jet.article2.nl_zh" unpack="false" version="3.5.0.v20090620043401" download-size="1633" install-size="1633" />
	<plugin fragment="true" id="org.eclipse.emf.examples.nl_zh" unpack="false" version="3.5.0.v20090620043401" download-size="1675" install-size="1675" />
	<plugin fragment="true" id="org.eclipse.emf.exporter.html.nl_zh" unpack="false" version="3.5.0.v20090620043401" download-size="1446" install-size="1446" />
	<plugin fragment="true" id="org.eclipse.emf.exporter.nl_zh" unpack="false" version="3.5.0.v20090620043401" download-size="1409" install-size="1409" />
	<plugin fragment="true" id="org.eclipse.emf.importer.ecore.nl_zh" unpack="false" version="3.5.0.v20090620043401" download-size="1728" install-size="1728" />
	<plugin fragment="true" id="org.eclipse.emf.importer.java.nl_zh" unpack="false" version="3.5.0.v20090620043401" download-size="1872" install-size="1872" />
	<plugin fragment="true" id="org.eclipse.emf.importer.nl_zh" unpack="false" version="3.5.0.v20090620043401" download-size="2376" install-size="2376" />
	<plugin fragment="true" id="org.eclipse.emf.importer.rose.nl_zh" unpack="false" version="3.5.0.v20090620043401" download-size="3351" install-size="3351" />
	<plugin fragment="true" id="org.eclipse.emf.java.edit.nl_zh" unpack="false" version="3.5.0.v20090620043401" download-size="2170" install-size="2170" />
	<plugin fragment="true" id="org.eclipse.emf.java.editor.nl_zh" unpack="false" version="3.5.0.v20090620043401" download-size="2065" install-size="2065" />
	<plugin fragment="true" id="org.eclipse.emf.java.nl_zh" unpack="false" version="3.5.0.v20090620043401" download-size="1376" install-size="1376" />
	<plugin fragment="true" id="org.eclipse.emf.mapping.ecore.editor.nl_zh" unpack="false" version="3.5.0.v20090620043401" download-size="1724" install-size="1724" />
	<plugin fragment="true" id="org.eclipse.emf.mapping.ecore.nl_zh" unpack="false" version="3.5.0.v20090620043401" download-size="1695" install-size="1695" />
	<plugin fragment="true" id="org.eclipse.emf.mapping.ecore2ecore.editor.nl_zh" unpack="false" version="3.5.0.v20090620043401" download-size="2545" install-size="2545" />
	<plugin fragment="true" id="org.eclipse.emf.mapping.ecore2ecore.nl_zh" unpack="false" version="3.5.0.v20090620043401" download-size="1529" install-size="1529" />
	<plugin fragment="true" id="org.eclipse.emf.mapping.ecore2xml.nl_zh" unpack="false" version="3.5.0.v20090620043401" download-size="1425" install-size="1425" />
	<plugin fragment="true" id="org.eclipse.emf.mapping.ecore2xml.ui.nl_zh" unpack="false" version="3.5.0.v20090620043401" download-size="2602" install-size="2602" />
	<plugin fragment="true" id="org.eclipse.emf.mapping.nl_zh" unpack="false" version="3.5.0.v20090620043401" download-size="2538" install-size="2538" />
	<plugin fragment="true" id="org.eclipse.emf.mapping.ui.nl_zh" unpack="false" version="3.5.0.v20090620043401" download-size="2392" install-size="2392" />
	<plugin fragment="true" id="org.eclipse.emf.mapping.xsd2ecore.editor.nl_zh" unpack="false" version="3.5.0.v20090620043401" download-size="2141" install-size="2141" />
	<plugin fragment="true" id="org.eclipse.emf.mapping.xsd2ecore.nl_zh" unpack="false" version="3.5.0.v20090620043401" download-size="1535" install-size="1535" />
	<plugin fragment="true" id="org.eclipse.emf.nl_zh" unpack="false" version="3.5.0.v20090620043401" download-size="1638" install-size="1638" />
	<plugin fragment="true" id="org.eclipse.emf.query.doc.nl_zh" unpack="false" version="3.5.0.v20090620043401" download-size="1687" install-size="1687" />
	<plugin fragment="true" id="org.eclipse.emf.query.examples.nl_zh" unpack="false" version="3.5.0.v20090620043401" download-size="1698" install-size="1698" />
	<plugin fragment="true" id="org.eclipse.emf.query.examples.ocl.nl_zh" unpack="false" version="3.5.0.v20090620043401" download-size="2902" install-size="2902" />
	<plugin fragment="true" id="org.eclipse.emf.query.examples.statements.nl_zh" unpack="false" version="3.5.0.v20090620043401" download-size="2956" install-size="2956" />
	<plugin fragment="true" id="org.eclipse.emf.query.nl_zh" unpack="false" version="3.5.0.v20090620043401" download-size="2714" install-size="2714" />
	<plugin fragment="true" id="org.eclipse.emf.query.ocl.nl_zh" unpack="false" version="3.5.0.v20090620043401" download-size="1683" install-size="1683" />
	<plugin fragment="true" id="org.eclipse.emf.query.ocl.tests.nl_zh" unpack="false" version="3.5.0.v20090620043401" download-size="1388" install-size="1388" />
	<plugin fragment="true" id="org.eclipse.emf.query.tests.nl_zh" unpack="false" version="3.5.0.v20090620043401" download-size="1385" install-size="1385" />
	<plugin fragment="true" id="org.eclipse.emf.test.build.nl_zh" unpack="false" version="3.5.0.v20090620043401" download-size="1379" install-size="1379" />
	<plugin fragment="true" id="org.eclipse.emf.test.common.nl_zh" unpack="false" version="3.5.0.v20090620043401" download-size="1818" install-size="1818" />
	<plugin fragment="true" id="org.eclipse.emf.test.core.nl_zh" unpack="false" version="3.5.0.v20090620043401" download-size="1378" install-size="1378" />
	<plugin fragment="true" id="org.eclipse.emf.test.edit.nl_zh" unpack="false" version="3.5.0.v20090620043401" download-size="2340" install-size="2340" />
	<plugin fragment="true" id="org.eclipse.emf.test.examples.nl_zh" unpack="false" version="3.5.0.v20090620043401" download-size="1382" install-size="1382" />
	<plugin fragment="true" id="org.eclipse.emf.test.tools.nl_zh" unpack="false" version="3.5.0.v20090620043401" download-size="1379" install-size="1379" />
	<plugin fragment="true" id="org.eclipse.emf.test.xml.nl_zh" unpack="false" version="3.5.0.v20090620043401" download-size="1377" install-size="1377" />
	<plugin fragment="true" id="org.eclipse.emf.tests.nl_zh" unpack="false" version="3.5.0.v20090620043401" download-size="1662" install-size="1662" />
	<plugin fragment="true" id="org.eclipse.emf.transaction.doc.nl_zh" unpack="false" version="3.5.0.v20090620043401" download-size="1694" install-size="1694" />
	<plugin fragment="true" id="org.eclipse.emf.transaction.examples.nl_zh" unpack="false" version="3.5.0.v20090620043401" download-size="1701" install-size="1701" />
	<plugin fragment="true" id="org.eclipse.emf.transaction.nl_zh" unpack="false" version="3.5.0.v20090620043401" download-size="3477" install-size="3477" />
	<plugin fragment="true" id="org.eclipse.emf.transaction.tests.nl_zh" unpack="false" version="3.5.0.v20090620043401" download-size="1389" install-size="1389" />
	<plugin fragment="true" id="org.eclipse.emf.transaction.ui.nl_zh" unpack="false" version="3.5.0.v20090620043401" download-size="2693" install-size="2693" />
	<plugin fragment="true" id="org.eclipse.emf.validation.doc.nl_zh" unpack="false" version="3.5.0.v20090620043401" download-size="1693" install-size="1693" />
	<plugin fragment="true" id="org.eclipse.emf.validation.examples.adapter.nl_zh" unpack="false" version="3.5.0.v20090620043401" download-size="1396" install-size="1396" />
	<plugin fragment="true" id="org.eclipse.emf.validation.examples.general.nl_zh" unpack="false" version="3.5.0.v20090620043401" download-size="3148" install-size="3148" />
	<plugin fragment="true" id="org.eclipse.emf.validation.examples.nl_zh" unpack="false" version="3.5.0.v20090620043401" download-size="1447" install-size="1447" />
	<plugin fragment="true" id="org.eclipse.emf.validation.examples.ocl.nl_zh" unpack="false" version="3.5.0.v20090620043401" download-size="1394" install-size="1394" />
	<plugin fragment="true" id="org.eclipse.emf.validation.nl_zh" unpack="false" version="3.5.0.v20090620043401" download-size="4986" install-size="4986" />
	<plugin fragment="true" id="org.eclipse.emf.validation.ocl.nl_zh" unpack="false" version="3.5.0.v20090620043401" download-size="1706" install-size="1706" />
	<plugin fragment="true" id="org.eclipse.emf.validation.tests.nl_zh" unpack="false" version="3.5.0.v20090620043401" download-size="1389" install-size="1389" />
	<plugin fragment="true" id="org.eclipse.emf.validation.ui.ide.nl_zh" unpack="false" version="3.5.0.v20090620043401" download-size="2876" install-size="2876" />
	<plugin fragment="true" id="org.eclipse.emf.validation.ui.nl_zh" unpack="false" version="3.5.0.v20090620043401" download-size="3535" install-size="3535" />
	<plugin fragment="true" id="org.eclipse.emf.workspace.doc.nl_zh" unpack="false" version="3.5.0.v20090620043401" download-size="1712" install-size="1712" />
	<plugin fragment="true" id="org.eclipse.emf.workspace.examples.library.editor.nl_zh" unpack="false" version="3.5.0.v20090620043401" download-size="2098" install-size="2098" />
	<plugin fragment="true" id="org.eclipse.emf.workspace.examples.nl_zh" unpack="false" version="3.5.0.v20090620043401" download-size="1391" install-size="1391" />
	<plugin fragment="true" id="org.eclipse.emf.workspace.nl_zh" unpack="false" version="3.5.0.v20090620043401" download-size="3300" install-size="3300" />
	<plugin fragment="true" id="org.eclipse.emf.workspace.tests.nl_zh" unpack="false" version="3.5.0.v20090620043401" download-size="1389" install-size="1389" />
	<plugin fragment="true" id="org.eclipse.emf.workspace.ui.nl_zh" unpack="false" version="3.5.0.v20090620043401" download-size="1443" install-size="1443" />
	<plugin fragment="true" id="org.eclipse.net4j.buddies.chat.nl_zh" unpack="false" version="3.5.0.v20090620043401" download-size="1382" install-size="1382" />
	<plugin fragment="true" id="org.eclipse.net4j.buddies.chat.ui.nl_zh" unpack="false" version="3.5.0.v20090620043401" download-size="1384" install-size="1384" />
	<plugin fragment="true" id="org.eclipse.net4j.buddies.common.nl_zh" unpack="false" version="3.5.0.v20090620043401" download-size="1384" install-size="1384" />
	<plugin fragment="true" id="org.eclipse.net4j.buddies.nl_zh" unpack="false" version="3.5.0.v20090620043401" download-size="1379" install-size="1379" />
	<plugin fragment="true" id="org.eclipse.net4j.buddies.server.nl_zh" unpack="false" version="3.5.0.v20090620043401" download-size="1384" install-size="1384" />
	<plugin fragment="true" id="org.eclipse.net4j.buddies.ui.nl_zh" unpack="false" version="3.5.0.v20090620043401" download-size="2723" install-size="2723" />
	<plugin fragment="true" id="org.eclipse.net4j.db.derby.nl_zh" unpack="false" version="3.5.0.v20090620043401" download-size="1380" install-size="1380" />
	<plugin fragment="true" id="org.eclipse.net4j.db.hsqldb.nl_zh" unpack="false" version="3.5.0.v20090620043401" download-size="1381" install-size="1381" />
	<plugin fragment="true" id="org.eclipse.net4j.db.mysql.nl_zh" unpack="false" version="3.5.0.v20090620043401" download-size="1380" install-size="1380" />
	<plugin fragment="true" id="org.eclipse.net4j.db.nl_zh" unpack="false" version="3.5.0.v20090620043401" download-size="1376" install-size="1376" />
	<plugin fragment="true" id="org.eclipse.net4j.db.postgresql.nl_zh" unpack="false" version="3.5.0.v20090620043401" download-size="1383" install-size="1383" />
	<plugin fragment="true" id="org.eclipse.net4j.debug.nl_zh" unpack="false" version="3.5.0.v20090620043401" download-size="2501" install-size="2501" />
	<plugin fragment="true" id="org.eclipse.net4j.defs.nl_zh" unpack="false" version="3.5.0.v20090620043401" download-size="1377" install-size="1377" />
	<plugin fragment="true" id="org.eclipse.net4j.doc.nl_zh" unpack="false" version="3.5.0.v20090620043401" download-size="1377" install-size="1377" />
	<plugin fragment="true" id="org.eclipse.net4j.examples.nl_zh" unpack="false" version="3.5.0.v20090620043401" download-size="1380" install-size="1380" />
	<plugin fragment="true" id="org.eclipse.net4j.http.common.nl_zh" unpack="false" version="3.5.0.v20090620043401" download-size="1385" install-size="1385" />
	<plugin fragment="true" id="org.eclipse.net4j.http.nl_zh" unpack="false" version="3.5.0.v20090620043401" download-size="1377" install-size="1377" />
	<plugin fragment="true" id="org.eclipse.net4j.http.server.nl_zh" unpack="false" version="3.5.0.v20090620043401" download-size="1382" install-size="1382" />
	<plugin fragment="true" id="org.eclipse.net4j.http.tests.nl_zh" unpack="false" version="3.5.0.v20090620043401" download-size="1381" install-size="1381" />
	<plugin fragment="true" id="org.eclipse.net4j.jms.admin.nl_zh" unpack="false" version="3.5.0.v20090620043401" download-size="1380" install-size="1380" />
	<plugin fragment="true" id="org.eclipse.net4j.jms.api.nl_zh" unpack="false" version="3.5.0.v20090620043401" download-size="1379" install-size="1379" />
	<plugin fragment="true" id="org.eclipse.net4j.jms.nl_zh" unpack="false" version="3.5.0.v20090620043401" download-size="1377" install-size="1377" />
	<plugin fragment="true" id="org.eclipse.net4j.jms.server.jdbc.nl_zh" unpack="false" version="3.5.0.v20090620043401" download-size="1385" install-size="1385" />
	<plugin fragment="true" id="org.eclipse.net4j.jms.server.nl_zh" unpack="false" version="3.5.0.v20090620043401" download-size="1381" install-size="1381" />
	<plugin fragment="true" id="org.eclipse.net4j.jms.tests.nl_zh" unpack="false" version="3.5.0.v20090620043401" download-size="1380" install-size="1380" />
	<plugin fragment="true" id="org.eclipse.net4j.jvm.nl_zh" unpack="false" version="3.5.0.v20090620043401" download-size="1377" install-size="1377" />
	<plugin fragment="true" id="org.eclipse.net4j.nl_zh" unpack="false" version="3.5.0.v20090620043401" download-size="1374" install-size="1374" />
	<plugin fragment="true" id="org.eclipse.net4j.tcp.nl_zh" unpack="false" version="3.5.0.v20090620043401" download-size="1377" install-size="1377" />
	<plugin fragment="true" id="org.eclipse.net4j.tests.nl_zh" unpack="false" version="3.5.0.v20090620043401" download-size="1377" install-size="1377" />
	<plugin fragment="true" id="org.eclipse.net4j.ui.capabilities.nl_zh" unpack="false" version="3.5.0.v20090620043401" download-size="1384" install-size="1384" />
	<plugin fragment="true" id="org.eclipse.net4j.ui.defs.nl_zh" unpack="false" version="3.5.0.v20090620043401" download-size="1378" install-size="1378" />
	<plugin fragment="true" id="org.eclipse.net4j.ui.nl_zh" unpack="false" version="3.5.0.v20090620043401" download-size="2409" install-size="2409" />
	<plugin fragment="true" id="org.eclipse.net4j.util.defs.nl_zh" unpack="false" version="3.5.0.v20090620043401" download-size="1380" install-size="1380" />
	<plugin fragment="true" id="org.eclipse.net4j.util.nl_zh" unpack="false" version="3.5.0.v20090620043401" download-size="1377" install-size="1377" />
	<plugin fragment="true" id="org.eclipse.net4j.util.ui.nl_zh" unpack="false" version="3.5.0.v20090620043401" download-size="8643" install-size="8643" />
	<plugin fragment="true" id="org.eclipse.xsd.cheatsheets.nl_zh" unpack="false" version="3.5.0.v20090620043401" download-size="1380" install-size="1380" />
	<plugin fragment="true" id="org.eclipse.xsd.doc.nl_zh" unpack="false" version="3.5.0.v20090620043401" download-size="1699" install-size="1699" />
	<plugin fragment="true" id="org.eclipse.xsd.ecore.converter.nl_zh" unpack="false" version="3.5.0.v20090620043401" download-size="1650" install-size="1650" />
	<plugin fragment="true" id="org.eclipse.xsd.ecore.exporter.nl_zh" unpack="false" version="3.5.0.v20090620043401" download-size="1585" install-size="1585" />
	<plugin fragment="true" id="org.eclipse.xsd.ecore.importer.nl_zh" unpack="false" version="3.5.0.v20090620043401" download-size="1777" install-size="1777" />
	<plugin fragment="true" id="org.eclipse.xsd.edit.nl_zh" unpack="false" version="3.5.0.v20090620043401" download-size="4819" install-size="4819" />
	<plugin fragment="true" id="org.eclipse.xsd.editor.nl_zh" unpack="false" version="3.5.0.v20090620043401" download-size="2355" install-size="2355" />
	<plugin fragment="true" id="org.eclipse.xsd.example.installer.nl_zh" unpack="false" version="3.5.0.v20090620043401" download-size="1384" install-size="1384" />
	<plugin fragment="true" id="org.eclipse.xsd.example.nl_zh" unpack="false" version="3.5.0.v20090620043401" download-size="1625" install-size="1625" />
	<plugin fragment="true" id="org.eclipse.xsd.mapping.editor.nl_zh" unpack="false" version="3.5.0.v20090620043401" download-size="1661" install-size="1661" />
	<plugin fragment="true" id="org.eclipse.xsd.mapping.nl_zh" unpack="false" version="3.5.0.v20090620043401" download-size="1625" install-size="1625" />
	<plugin fragment="true" id="org.eclipse.xsd.nl_zh" unpack="false" version="3.5.0.v20090620043401" download-size="1611" install-size="1611" />
</feature>