<?xml version="1.0" encoding="UTF-8" ?>
<feature
	id="org.eclipse.babel.nls_webtools.webservices_fi"
	label="Babel Language Pack for webtools.webservices in Finnish (89.12%)"
	image="eclipse_update_120.jpg"
	provider-name="%providerName"
	version="3.5.0.v20090620043401">
	<copyright>
		%copyright
	</copyright>
	<license url="%licenseURL">
		%license
	</license>
	<description>Babel Language Pack for webtools.webservices in Finnish</description>
	<plugin fragment="true" id="org.eclipse.jst.ws.axis.consumption.core.nl_fi" unpack="false" version="3.5.0.v20090620043401" download-size="4304" install-size="4304" />
	<plugin fragment="true" id="org.eclipse.jst.ws.axis.consumption.ui.nl_fi" unpack="false" version="3.5.0.v20090620043401" download-size="4675" install-size="4675" />
	<plugin fragment="true" id="org.eclipse.jst.ws.axis.creation.ui.nl_fi" unpack="false" version="3.5.0.v20090620043401" download-size="4049" install-size="4049" />
	<plugin fragment="true" id="org.eclipse.jst.ws.axis2.consumption.core.nl_fi" unpack="false" version="3.5.0.v20090620043401" download-size="2803" install-size="2803" />
	<plugin fragment="true" id="org.eclipse.jst.ws.axis2.consumption.ui.nl_fi" unpack="false" version="3.5.0.v20090620043401" download-size="1439" install-size="1439" />
	<plugin fragment="true" id="org.eclipse.jst.ws.axis2.core.nl_fi" unpack="false" version="3.5.0.v20090620043401" download-size="2683" install-size="2683" />
	<plugin fragment="true" id="org.eclipse.jst.ws.axis2.creation.core.nl_fi" unpack="false" version="3.5.0.v20090620043401" download-size="2772" install-size="2772" />
	<plugin fragment="true" id="org.eclipse.jst.ws.axis2.creation.ui.nl_fi" unpack="false" version="3.5.0.v20090620043401" download-size="1381" install-size="1381" />
	<plugin fragment="true" id="org.eclipse.jst.ws.axis2.ui.doc.user.nl_fi" unpack="false" version="3.5.0.v20090620043401" download-size="1376" install-size="1376" />
	<plugin fragment="true" id="org.eclipse.jst.ws.axis2.ui.nl_fi" unpack="false" version="3.5.0.v20090620043401" download-size="1375" install-size="1375" />
	<plugin fragment="true" id="org.eclipse.jst.ws.consumption.nl_fi" unpack="false" version="3.5.0.v20090620043401" download-size="4917" install-size="4917" />
	<plugin fragment="true" id="org.eclipse.jst.ws.consumption.ui.nl_fi" unpack="false" version="3.5.0.v20090620043401" download-size="10308" install-size="10308" />
	<plugin fragment="true" id="org.eclipse.jst.ws.creation.ejb.ui.nl_fi" unpack="false" version="3.5.0.v20090620043401" download-size="1508" install-size="1508" />
	<plugin fragment="true" id="org.eclipse.jst.ws.creation.ui.nl_fi" unpack="false" version="3.5.0.v20090620043401" download-size="3030" install-size="3030" />
	<plugin fragment="true" id="org.eclipse.jst.ws.nl_fi" unpack="false" version="3.5.0.v20090620043401" download-size="3710" install-size="3710" />
	<plugin fragment="true" id="org.eclipse.jst.ws.uddiregistry.nl_fi" unpack="false" version="3.5.0.v20090620043401" download-size="2869" install-size="2869" />
	<plugin fragment="true" id="org.eclipse.jst.ws.ui.nl_fi" unpack="false" version="3.5.0.v20090620043401" download-size="3614" install-size="3614" />
	<plugin fragment="true" id="org.eclipse.wst.command.env.core.nl_fi" unpack="false" version="3.5.0.v20090620043401" download-size="2697" install-size="2697" />
	<plugin fragment="true" id="org.eclipse.wst.command.env.nl_fi" unpack="false" version="3.5.0.v20090620043401" download-size="4919" install-size="4919" />
	<plugin fragment="true" id="org.eclipse.wst.command.env.ui.nl_fi" unpack="false" version="3.5.0.v20090620043401" download-size="3309" install-size="3309" />
	<plugin fragment="true" id="org.eclipse.wst.ws.explorer.nl_fi" unpack="false" version="3.5.0.v20090620043401" download-size="17070" install-size="17070" />
	<plugin fragment="true" id="org.eclipse.wst.ws.nl_fi" unpack="false" version="3.5.0.v20090620043401" download-size="2756" install-size="2756" />
	<plugin fragment="true" id="org.eclipse.wst.ws.parser.nl_fi" unpack="false" version="3.5.0.v20090620043401" download-size="3302" install-size="3302" />
	<plugin fragment="true" id="org.eclipse.wst.ws.service.policy.nl_fi" unpack="false" version="3.5.0.v20090620043401" download-size="1490" install-size="1490" />
	<plugin fragment="true" id="org.eclipse.wst.ws.service.policy.ui.nl_fi" unpack="false" version="3.5.0.v20090620043401" download-size="2890" install-size="2890" />
	<plugin fragment="true" id="org.eclipse.wst.ws.ui.nl_fi" unpack="false" version="3.5.0.v20090620043401" download-size="3119" install-size="3119" />
	<plugin fragment="true" id="org.eclipse.wst.wsdl.nl_fi" unpack="false" version="3.5.0.v20090620043401" download-size="1365" install-size="1365" />
	<plugin fragment="true" id="org.eclipse.wst.wsdl.ui.nl_fi" unpack="false" version="3.5.0.v20090620043401" download-size="6235" install-size="6235" />
	<plugin fragment="true" id="org.eclipse.wst.wsdl.validation.nl_fi" unpack="false" version="3.5.0.v20090620043401" download-size="7885" install-size="7885" />
	<plugin fragment="true" id="org.eclipse.wst.wsi.nl_fi" unpack="false" version="3.5.0.v20090620043401" download-size="5865" install-size="5865" />
	<plugin fragment="true" id="org.eclipse.wst.wsi.ui.nl_fi" unpack="false" version="3.5.0.v20090620043401" download-size="3905" install-size="3905" />
</feature>