<?xml version="1.0" encoding="UTF-8" ?>
<feature
	id="org.eclipse.babel.nls_stp.sca_pt_BR"
	label="Babel Language Pack for stp.sca in Portuguese (Brazilian) (22.26%)"
	image="eclipse_update_120.jpg"
	provider-name="%providerName"
	version="3.5.0.v20090620043401">
	<copyright>
		%copyright
	</copyright>
	<license url="%licenseURL">
		%license
	</license>
	<description>Babel Language Pack for stp.sca in Portuguese (Brazilian)</description>
	<plugin fragment="true" id="org.eclipse.stp.sca.common.jdt.nl_pt_BR" unpack="false" version="3.5.0.v20090620043401" download-size="2352" install-size="2352" />
	<plugin fragment="true" id="org.eclipse.stp.sca.common.nl_pt_BR" unpack="false" version="3.5.0.v20090620043401" download-size="1372" install-size="1372" />
	<plugin fragment="true" id="org.eclipse.stp.sca.diagram.extension.generator.ui.nl_pt_BR" unpack="false" version="3.5.0.v20090620043401" download-size="2881" install-size="2881" />
	<plugin fragment="true" id="org.eclipse.stp.sca.diagram.extension.nl_pt_BR" unpack="false" version="3.5.0.v20090620043401" download-size="1509" install-size="1509" />
	<plugin fragment="true" id="org.eclipse.stp.sca.diagram.frascati.nl_pt_BR" unpack="false" version="3.5.0.v20090620043401" download-size="1399" install-size="1399" />
	<plugin fragment="true" id="org.eclipse.stp.sca.diagram.jdt.nl_pt_BR" unpack="false" version="3.5.0.v20090620043401" download-size="1376" install-size="1376" />
	<plugin fragment="true" id="org.eclipse.stp.sca.diagram.nl_pt_BR" unpack="false" version="3.5.0.v20090620043401" download-size="2594" install-size="2594" />
	<plugin fragment="true" id="org.eclipse.stp.sca.diagram.tuscany.nl_pt_BR" unpack="false" version="3.5.0.v20090620043401" download-size="1378" install-size="1378" />
	<plugin fragment="true" id="org.eclipse.stp.sca.domainmodel.frascati.edit.nl_pt_BR" unpack="false" version="3.5.0.v20090620043401" download-size="1663" install-size="1663" />
	<plugin fragment="true" id="org.eclipse.stp.sca.domainmodel.frascati.editor.nl_pt_BR" unpack="false" version="3.5.0.v20090620043401" download-size="1452" install-size="1452" />
	<plugin fragment="true" id="org.eclipse.stp.sca.domainmodel.tuscany.edit.nl_pt_BR" unpack="false" version="3.5.0.v20090620043401" download-size="1795" install-size="1795" />
	<plugin fragment="true" id="org.eclipse.stp.sca.domainmodel.tuscany.editor.nl_pt_BR" unpack="false" version="3.5.0.v20090620043401" download-size="1453" install-size="1453" />
	<plugin fragment="true" id="org.eclipse.stp.sca.edit.nl_pt_BR" unpack="false" version="3.5.0.v20090620043401" download-size="3605" install-size="3605" />
	<plugin fragment="true" id="org.eclipse.stp.sca.editor.nl_pt_BR" unpack="false" version="3.5.0.v20090620043401" download-size="2893" install-size="2893" />
	<plugin fragment="true" id="org.eclipse.stp.sca.formeditor.nl_pt_BR" unpack="false" version="3.5.0.v20090620043401" download-size="2372" install-size="2372" />
	<plugin fragment="true" id="org.eclipse.stp.sca.implementation.java.nl_pt_BR" unpack="false" version="3.5.0.v20090620043401" download-size="1385" install-size="1385" />
	<plugin fragment="true" id="org.eclipse.stp.sca.implementation.sca.nl_pt_BR" unpack="false" version="3.5.0.v20090620043401" download-size="1380" install-size="1380" />
	<plugin fragment="true" id="org.eclipse.stp.sca.interfacee.java.nl_pt_BR" unpack="false" version="3.5.0.v20090620043401" download-size="1378" install-size="1378" />
	<plugin fragment="true" id="org.eclipse.stp.sca.nl_pt_BR" unpack="false" version="3.5.0.v20090620043401" download-size="1368" install-size="1368" />
	<plugin fragment="true" id="org.eclipse.stp.sca.ontology.view.jena2.nl_pt_BR" unpack="false" version="3.5.0.v20090620043401" download-size="2554" install-size="2554" />
	<plugin fragment="true" id="org.eclipse.stp.sca.ontology.view.nl_pt_BR" unpack="false" version="3.5.0.v20090620043401" download-size="2376" install-size="2376" />
	<plugin fragment="true" id="org.eclipse.stp.sca.semantic.sawsdl.edit.nl_pt_BR" unpack="false" version="3.5.0.v20090620043401" download-size="1679" install-size="1679" />
	<plugin fragment="true" id="org.eclipse.stp.sca.semantic.sawsdl.properties.nl_pt_BR" unpack="false" version="3.5.0.v20090620043401" download-size="1389" install-size="1389" />
	<plugin fragment="true" id="org.eclipse.stp.sca.validation.frascati.nl_pt_BR" unpack="false" version="3.5.0.v20090620043401" download-size="1386" install-size="1386" />
	<plugin fragment="true" id="org.eclipse.stp.sca.validation.nl_pt_BR" unpack="false" version="3.5.0.v20090620043401" download-size="1376" install-size="1376" />
	<plugin fragment="true" id="org.eclipse.stp.sca.xmleditor.nl_pt_BR" unpack="false" version="3.5.0.v20090620043401" download-size="2452" install-size="2452" />
</feature>