<?xml version="1.0" encoding="UTF-8" ?>
<feature
	id="org.eclipse.babel.nls_technology.mat_pt_BR"
	label="Babel Language Pack for technology.mat in Portuguese (Brazilian) (2.91%)"
	image="eclipse_update_120.jpg"
	provider-name="%providerName"
	version="3.5.0.v20090620043401">
	<copyright>
		%copyright
	</copyright>
	<license url="%licenseURL">
		%license
	</license>
	<description>Babel Language Pack for technology.mat in Portuguese (Brazilian)</description>
	<plugin fragment="true" id="org.eclipse.mat.api.nl_pt_BR" unpack="false" version="3.5.0.v20090620043401" download-size="2265" install-size="2265" />
	<plugin fragment="true" id="org.eclipse.mat.chart.nl_pt_BR" unpack="false" version="3.5.0.v20090620043401" download-size="1388" install-size="1388" />
	<plugin fragment="true" id="org.eclipse.mat.chart.ui.nl_pt_BR" unpack="false" version="3.5.0.v20090620043401" download-size="1389" install-size="1389" />
	<plugin fragment="true" id="org.eclipse.mat.hprof.nl_pt_BR" unpack="false" version="3.5.0.v20090620043401" download-size="1388" install-size="1388" />
	<plugin fragment="true" id="org.eclipse.mat.jdt.nl_pt_BR" unpack="false" version="3.5.0.v20090620043401" download-size="1386" install-size="1386" />
	<plugin fragment="true" id="org.eclipse.mat.parser.nl_pt_BR" unpack="false" version="3.5.0.v20090620043401" download-size="1387" install-size="1387" />
	<plugin fragment="true" id="org.eclipse.mat.report.nl_pt_BR" unpack="false" version="3.5.0.v20090620043401" download-size="2273" install-size="2273" />
	<plugin fragment="true" id="org.eclipse.mat.ui.nl_pt_BR" unpack="false" version="3.5.0.v20090620043401" download-size="2827" install-size="2827" />
	<plugin fragment="true" id="org.eclipse.mat.ui.rcp.nl_pt_BR" unpack="false" version="3.5.0.v20090620043401" download-size="1388" install-size="1388" />
</feature>