<?xml version="1.0" encoding="UTF-8" ?>
<feature
	id="org.eclipse.babel.nls_rt.rap_da"
	label="Babel Language Pack for rt.rap in Danish (79.69%)"
	image="eclipse_update_120.jpg"
	provider-name="%providerName"
	version="3.5.0.v20090620043401">
	<copyright>
		%copyright
	</copyright>
	<license url="%licenseURL">
		%license
	</license>
	<description>Babel Language Pack for rt.rap in Danish</description>
	<plugin fragment="true" id="org.eclipse.rap.design.example.nl_da" unpack="false" version="3.5.0.v20090620043401" download-size="1372" install-size="1372" />
	<plugin fragment="true" id="org.eclipse.rap.jface.databinding.nl_da" unpack="false" version="3.5.0.v20090620043401" download-size="1395" install-size="1395" />
	<plugin fragment="true" id="org.eclipse.rap.jface.nl_da" unpack="false" version="3.5.0.v20090620043401" download-size="9987" install-size="9987" />
	<plugin fragment="true" id="org.eclipse.rap.rwt.nl_da" unpack="false" version="3.5.0.v20090620043401" download-size="2799" install-size="2799" />
	<plugin fragment="true" id="org.eclipse.rap.rwt.test.nl_da" unpack="false" version="3.5.0.v20090620043401" download-size="1372" install-size="1372" />
	<plugin fragment="true" id="org.eclipse.rap.ui.forms.nl_da" unpack="false" version="3.5.0.v20090620043401" download-size="2280" install-size="2280" />
	<plugin fragment="true" id="org.eclipse.rap.ui.help.nl_da" unpack="false" version="3.5.0.v20090620043401" download-size="1367" install-size="1367" />
	<plugin fragment="true" id="org.eclipse.rap.ui.intro.nl_da" unpack="false" version="3.5.0.v20090620043401" download-size="2537" install-size="2537" />
	<plugin fragment="true" id="org.eclipse.rap.ui.launch.nl_da" unpack="false" version="3.5.0.v20090620043401" download-size="2478" install-size="2478" />
	<plugin fragment="true" id="org.eclipse.rap.ui.nl_da" unpack="false" version="3.5.0.v20090620043401" download-size="4837" install-size="4837" />
	<plugin fragment="true" id="org.eclipse.rap.ui.templates.nl_da" unpack="false" version="3.5.0.v20090620043401" download-size="2595" install-size="2595" />
	<plugin fragment="true" id="org.eclipse.rap.ui.views.nl_da" unpack="false" version="3.5.0.v20090620043401" download-size="3143" install-size="3143" />
	<plugin fragment="true" id="org.eclipse.rap.ui.workbench.nl_da" unpack="false" version="3.5.0.v20090620043401" download-size="24477" install-size="24477" />
</feature>