<?xml version="1.0" encoding="UTF-8" ?>
<feature
	id="org.eclipse.babel.nls_rt.rap_mn"
	label="Babel Language Pack for rt.rap in Mongolian (2.58%)"
	image="eclipse_update_120.jpg"
	provider-name="%providerName"
	version="3.5.0.v20090620043401">
	<copyright>
		%copyright
	</copyright>
	<license url="%licenseURL">
		%license
	</license>
	<description>Babel Language Pack for rt.rap in Mongolian</description>
	<plugin fragment="true" id="org.eclipse.rap.design.example.nl_mn" unpack="false" version="3.5.0.v20090620043401" download-size="1373" install-size="1373" />
	<plugin fragment="true" id="org.eclipse.rap.jface.databinding.nl_mn" unpack="false" version="3.5.0.v20090620043401" download-size="1459" install-size="1459" />
	<plugin fragment="true" id="org.eclipse.rap.jface.nl_mn" unpack="false" version="3.5.0.v20090620043401" download-size="2236" install-size="2236" />
	<plugin fragment="true" id="org.eclipse.rap.rwt.nl_mn" unpack="false" version="3.5.0.v20090620043401" download-size="2072" install-size="2072" />
	<plugin fragment="true" id="org.eclipse.rap.rwt.test.nl_mn" unpack="false" version="3.5.0.v20090620043401" download-size="1374" install-size="1374" />
	<plugin fragment="true" id="org.eclipse.rap.ui.forms.nl_mn" unpack="false" version="3.5.0.v20090620043401" download-size="1399" install-size="1399" />
	<plugin fragment="true" id="org.eclipse.rap.ui.help.nl_mn" unpack="false" version="3.5.0.v20090620043401" download-size="1368" install-size="1368" />
	<plugin fragment="true" id="org.eclipse.rap.ui.intro.nl_mn" unpack="false" version="3.5.0.v20090620043401" download-size="1369" install-size="1369" />
	<plugin fragment="true" id="org.eclipse.rap.ui.launch.nl_mn" unpack="false" version="3.5.0.v20090620043401" download-size="1370" install-size="1370" />
	<plugin fragment="true" id="org.eclipse.rap.ui.nl_mn" unpack="false" version="3.5.0.v20090620043401" download-size="1512" install-size="1512" />
	<plugin fragment="true" id="org.eclipse.rap.ui.templates.nl_mn" unpack="false" version="3.5.0.v20090620043401" download-size="1371" install-size="1371" />
	<plugin fragment="true" id="org.eclipse.rap.ui.views.nl_mn" unpack="false" version="3.5.0.v20090620043401" download-size="1419" install-size="1419" />
	<plugin fragment="true" id="org.eclipse.rap.ui.workbench.nl_mn" unpack="false" version="3.5.0.v20090620043401" download-size="4752" install-size="4752" />
</feature>