<?xml version="1.0" encoding="UTF-8" ?>
<feature
	id="org.eclipse.babel.nls_dsdp.mtj_el"
	label="Babel Language Pack for dsdp.mtj in Greek (5.86%)"
	image="eclipse_update_120.jpg"
	provider-name="%providerName"
	version="3.5.0.v20090620043401">
	<copyright>
		%copyright
	</copyright>
	<license url="%licenseURL">
		%license
	</license>
	<description>Babel Language Pack for dsdp.mtj in Greek</description>
	<plugin fragment="true" id="org.eclipse.mtj.core.nl_el" unpack="false" version="3.5.0.v20090620043401" download-size="2305" install-size="2305" />
	<plugin fragment="true" id="org.eclipse.mtj.eswt.templates.nl_el" unpack="false" version="3.5.0.v20090620043401" download-size="2188" install-size="2188" />
	<plugin fragment="true" id="org.eclipse.mtj.jmunit.nl_el" unpack="false" version="3.5.0.v20090620043401" download-size="2297" install-size="2297" />
	<plugin fragment="true" id="org.eclipse.mtj.pulsar.ui.nl_el" unpack="false" version="3.5.0.v20090620043401" download-size="2419" install-size="2419" />
	<plugin fragment="true" id="org.eclipse.mtj.ui.nl_el" unpack="false" version="3.5.0.v20090620043401" download-size="5262" install-size="5262" />
</feature>