<?xml version="1.0" encoding="UTF-8" ?>
<feature
	id="org.eclipse.babel.nls_technology.dltk_pl"
	label="Babel Language Pack for technology.dltk in Polish (56.41%)"
	image="eclipse_update_120.jpg"
	provider-name="%providerName"
	version="3.5.0.v20090620043401">
	<copyright>
		%copyright
	</copyright>
	<license url="%licenseURL">
		%license
	</license>
	<description>Babel Language Pack for technology.dltk in Polish</description>
	<plugin fragment="true" id="org.eclipse.dltk.console.nl_pl" unpack="false" version="3.5.0.v20090620043401" download-size="1369" install-size="1369" />
	<plugin fragment="true" id="org.eclipse.dltk.console.ui.nl_pl" unpack="false" version="3.5.0.v20090620043401" download-size="2419" install-size="2419" />
	<plugin fragment="true" id="org.eclipse.dltk.core.doc.isv.nl_pl" unpack="false" version="3.5.0.v20090620043401" download-size="1371" install-size="1371" />
	<plugin fragment="true" id="org.eclipse.dltk.core.nl_pl" unpack="false" version="3.5.0.v20090620043401" download-size="5609" install-size="5609" />
	<plugin fragment="true" id="org.eclipse.dltk.debug.nl_pl" unpack="false" version="3.5.0.v20090620043401" download-size="2375" install-size="2375" />
	<plugin fragment="true" id="org.eclipse.dltk.debug.ui.nl_pl" unpack="false" version="3.5.0.v20090620043401" download-size="10018" install-size="10018" />
	<plugin fragment="true" id="org.eclipse.dltk.formatter.nl_pl" unpack="false" version="3.5.0.v20090620043401" download-size="2343" install-size="2343" />
	<plugin fragment="true" id="org.eclipse.dltk.itcl.core.nl_pl" unpack="false" version="3.5.0.v20090620043401" download-size="1370" install-size="1370" />
	<plugin fragment="true" id="org.eclipse.dltk.itcl.nl_pl" unpack="false" version="3.5.0.v20090620043401" download-size="1367" install-size="1367" />
	<plugin fragment="true" id="org.eclipse.dltk.itcl.ui.nl_pl" unpack="false" version="3.5.0.v20090620043401" download-size="1369" install-size="1369" />
	<plugin fragment="true" id="org.eclipse.dltk.javascript.core.dom.support.nl_pl" unpack="false" version="3.5.0.v20090620043401" download-size="1380" install-size="1380" />
	<plugin fragment="true" id="org.eclipse.dltk.javascript.core.nl_pl" unpack="false" version="3.5.0.v20090620043401" download-size="1375" install-size="1375" />
	<plugin fragment="true" id="org.eclipse.dltk.javascript.debug.nl_pl" unpack="false" version="3.5.0.v20090620043401" download-size="1376" install-size="1376" />
	<plugin fragment="true" id="org.eclipse.dltk.javascript.debug.ui.nl_pl" unpack="false" version="3.5.0.v20090620043401" download-size="3351" install-size="3351" />
	<plugin fragment="true" id="org.eclipse.dltk.javascript.formatter.nl_pl" unpack="false" version="3.5.0.v20090620043401" download-size="3064" install-size="3064" />
	<plugin fragment="true" id="org.eclipse.dltk.javascript.jsjdtdebugger.nl_pl" unpack="false" version="3.5.0.v20090620043401" download-size="1381" install-size="1381" />
	<plugin fragment="true" id="org.eclipse.dltk.javascript.launching.nl_pl" unpack="false" version="3.5.0.v20090620043401" download-size="1379" install-size="1379" />
	<plugin fragment="true" id="org.eclipse.dltk.javascript.rhino.dbgp.nl_pl" unpack="false" version="3.5.0.v20090620043401" download-size="1379" install-size="1379" />
	<plugin fragment="true" id="org.eclipse.dltk.javascript.rhino.nl_pl" unpack="false" version="3.5.0.v20090620043401" download-size="1376" install-size="1376" />
	<plugin fragment="true" id="org.eclipse.dltk.javascript.ui.nl_pl" unpack="false" version="3.5.0.v20090620043401" download-size="3219" install-size="3219" />
	<plugin fragment="true" id="org.eclipse.dltk.launching.nl_pl" unpack="false" version="3.5.0.v20090620043401" download-size="3051" install-size="3051" />
	<plugin fragment="true" id="org.eclipse.dltk.mylyn.nl_pl" unpack="false" version="3.5.0.v20090620043401" download-size="1368" install-size="1368" />
	<plugin fragment="true" id="org.eclipse.dltk.nl_pl" unpack="false" version="3.5.0.v20090620043401" download-size="1363" install-size="1363" />
	<plugin fragment="true" id="org.eclipse.dltk.python.activestatedebugger.nl_pl" unpack="false" version="3.5.0.v20090620043401" download-size="1382" install-size="1382" />
	<plugin fragment="true" id="org.eclipse.dltk.python.core.nl_pl" unpack="false" version="3.5.0.v20090620043401" download-size="1372" install-size="1372" />
	<plugin fragment="true" id="org.eclipse.dltk.python.debug.nl_pl" unpack="false" version="3.5.0.v20090620043401" download-size="1373" install-size="1373" />
	<plugin fragment="true" id="org.eclipse.dltk.python.debug.ui.nl_pl" unpack="false" version="3.5.0.v20090620043401" download-size="3138" install-size="3138" />
	<plugin fragment="true" id="org.eclipse.dltk.python.launching.nl_pl" unpack="false" version="3.5.0.v20090620043401" download-size="1375" install-size="1375" />
	<plugin fragment="true" id="org.eclipse.dltk.python.ui.nl_pl" unpack="false" version="3.5.0.v20090620043401" download-size="2797" install-size="2797" />
	<plugin fragment="true" id="org.eclipse.dltk.rse.core.nl_pl" unpack="false" version="3.5.0.v20090620043401" download-size="1370" install-size="1370" />
	<plugin fragment="true" id="org.eclipse.dltk.rse.nl_pl" unpack="false" version="3.5.0.v20090620043401" download-size="1366" install-size="1366" />
	<plugin fragment="true" id="org.eclipse.dltk.rse.ui.nl_pl" unpack="false" version="3.5.0.v20090620043401" download-size="1365" install-size="1365" />
	<plugin fragment="true" id="org.eclipse.dltk.ruby.abstractdebugger.nl_pl" unpack="false" version="3.5.0.v20090620043401" download-size="1378" install-size="1378" />
	<plugin fragment="true" id="org.eclipse.dltk.ruby.activestatedebugger.nl_pl" unpack="false" version="3.5.0.v20090620043401" download-size="1381" install-size="1381" />
	<plugin fragment="true" id="org.eclipse.dltk.ruby.basicdebugger.nl_pl" unpack="false" version="3.5.0.v20090620043401" download-size="1376" install-size="1376" />
	<plugin fragment="true" id="org.eclipse.dltk.ruby.core.nl_pl" unpack="false" version="3.5.0.v20090620043401" download-size="1945" install-size="1945" />
	<plugin fragment="true" id="org.eclipse.dltk.ruby.debug.nl_pl" unpack="false" version="3.5.0.v20090620043401" download-size="1371" install-size="1371" />
	<plugin fragment="true" id="org.eclipse.dltk.ruby.debug.ui.nl_pl" unpack="false" version="3.5.0.v20090620043401" download-size="3129" install-size="3129" />
	<plugin fragment="true" id="org.eclipse.dltk.ruby.fastdebugger.nl_pl" unpack="false" version="3.5.0.v20090620043401" download-size="1376" install-size="1376" />
	<plugin fragment="true" id="org.eclipse.dltk.ruby.formatter.nl_pl" unpack="false" version="3.5.0.v20090620043401" download-size="2548" install-size="2548" />
	<plugin fragment="true" id="org.eclipse.dltk.ruby.launching.nl_pl" unpack="false" version="3.5.0.v20090620043401" download-size="1372" install-size="1372" />
	<plugin fragment="true" id="org.eclipse.dltk.ruby.nl_pl" unpack="false" version="3.5.0.v20090620043401" download-size="1367" install-size="1367" />
	<plugin fragment="true" id="org.eclipse.dltk.ruby.testing.nl_pl" unpack="false" version="3.5.0.v20090620043401" download-size="1370" install-size="1370" />
	<plugin fragment="true" id="org.eclipse.dltk.ruby.ui.nl_pl" unpack="false" version="3.5.0.v20090620043401" download-size="5010" install-size="5010" />
	<plugin fragment="true" id="org.eclipse.dltk.tcl.activestatedebugger.nl_pl" unpack="false" version="3.5.0.v20090620043401" download-size="2733" install-size="2733" />
	<plugin fragment="true" id="org.eclipse.dltk.tcl.core.nl_pl" unpack="false" version="3.5.0.v20090620043401" download-size="1390" install-size="1390" />
	<plugin fragment="true" id="org.eclipse.dltk.tcl.debug.nl_pl" unpack="false" version="3.5.0.v20090620043401" download-size="1371" install-size="1371" />
	<plugin fragment="true" id="org.eclipse.dltk.tcl.debug.ui.nl_pl" unpack="false" version="3.5.0.v20090620043401" download-size="3623" install-size="3623" />
	<plugin fragment="true" id="org.eclipse.dltk.tcl.doc.user.nl_pl" unpack="false" version="3.5.0.v20090620043401" download-size="1753" install-size="1753" />
	<plugin fragment="true" id="org.eclipse.dltk.tcl.launching.nl_pl" unpack="false" version="3.5.0.v20090620043401" download-size="1371" install-size="1371" />
	<plugin fragment="true" id="org.eclipse.dltk.tcl.nl_pl" unpack="false" version="3.5.0.v20090620043401" download-size="1366" install-size="1366" />
	<plugin fragment="true" id="org.eclipse.dltk.tcl.parser.nl_pl" unpack="false" version="3.5.0.v20090620043401" download-size="2993" install-size="2993" />
	<plugin fragment="true" id="org.eclipse.dltk.tcl.tclchecker.nl_pl" unpack="false" version="3.5.0.v20090620043401" download-size="4247" install-size="4247" />
	<plugin fragment="true" id="org.eclipse.dltk.tcl.tcllib.nl_pl" unpack="false" version="3.5.0.v20090620043401" download-size="1368" install-size="1368" />
	<plugin fragment="true" id="org.eclipse.dltk.tcl.testing.nl_pl" unpack="false" version="3.5.0.v20090620043401" download-size="1368" install-size="1368" />
	<plugin fragment="true" id="org.eclipse.dltk.tcl.testing.tcltest.nl_pl" unpack="false" version="3.5.0.v20090620043401" download-size="1375" install-size="1375" />
	<plugin fragment="true" id="org.eclipse.dltk.tcl.ui.nl_pl" unpack="false" version="3.5.0.v20090620043401" download-size="4350" install-size="4350" />
	<plugin fragment="true" id="org.eclipse.dltk.tcl.validators.nl_pl" unpack="false" version="3.5.0.v20090620043401" download-size="1374" install-size="1374" />
	<plugin fragment="true" id="org.eclipse.dltk.testing.nl_pl" unpack="false" version="3.5.0.v20090620043401" download-size="8578" install-size="8578" />
	<plugin fragment="true" id="org.eclipse.dltk.ui.nl_pl" unpack="false" version="3.5.0.v20090620043401" download-size="77693" install-size="77693" />
	<plugin fragment="true" id="org.eclipse.dltk.validators.core.nl_pl" unpack="false" version="3.5.0.v20090620043401" download-size="2915" install-size="2915" />
	<plugin fragment="true" id="org.eclipse.dltk.validators.externalchecker.nl_pl" unpack="false" version="3.5.0.v20090620043401" download-size="3432" install-size="3432" />
	<plugin fragment="true" id="org.eclipse.dltk.validators.ui.nl_pl" unpack="false" version="3.5.0.v20090620043401" download-size="3311" install-size="3311" />
	<plugin fragment="true" id="org.eclipse.dltk.xotcl.core.nl_pl" unpack="false" version="3.5.0.v20090620043401" download-size="1371" install-size="1371" />
	<plugin fragment="true" id="org.eclipse.dltk.xotcl.nl_pl" unpack="false" version="3.5.0.v20090620043401" download-size="1367" install-size="1367" />
	<plugin fragment="true" id="org.eclipse.dltk.xotcl.testing.xounit.nl_pl" unpack="false" version="3.5.0.v20090620043401" download-size="1378" install-size="1378" />
	<plugin fragment="true" id="org.eclipse.dltk.xotcl.ui.nl_pl" unpack="false" version="3.5.0.v20090620043401" download-size="1370" install-size="1370" />
</feature>