<?xml version="1.0" encoding="UTF-8" ?>
<feature
	id="org.eclipse.babel.nls_rt.equinox_sv"
	label="Babel Language Pack for rt.equinox in Swedish (25.2%)"
	image="eclipse_update_120.jpg"
	provider-name="%providerName"
	version="3.5.0.v20090620043401">
	<copyright>
		%copyright
	</copyright>
	<license url="%licenseURL">
		%license
	</license>
	<description>Babel Language Pack for rt.equinox in Swedish</description>
	<plugin fragment="true" id="org.eclipse.core.resources.jmx.nl_sv" unpack="false" version="3.5.0.v20090620043401" download-size="2227" install-size="2227" />
	<plugin fragment="true" id="org.eclipse.equinox.frameworkadmin.equinox.nl_sv" unpack="false" version="3.5.0.v20090620043401" download-size="1378" install-size="1378" />
	<plugin fragment="true" id="org.eclipse.equinox.frameworkadmin.nl_sv" unpack="false" version="3.5.0.v20090620043401" download-size="1376" install-size="1376" />
	<plugin fragment="true" id="org.eclipse.equinox.initializer.nl_sv" unpack="false" version="3.5.0.v20090620043401" download-size="1378" install-size="1378" />
	<plugin fragment="true" id="org.eclipse.equinox.jmx.client.nl_sv" unpack="false" version="3.5.0.v20090620043401" download-size="4347" install-size="4347" />
	<plugin fragment="true" id="org.eclipse.equinox.jmx.common.nl_sv" unpack="false" version="3.5.0.v20090620043401" download-size="2276" install-size="2276" />
	<plugin fragment="true" id="org.eclipse.equinox.jmx.server.nl_sv" unpack="false" version="3.5.0.v20090620043401" download-size="2704" install-size="2704" />
	<plugin fragment="true" id="org.eclipse.equinox.jmx.vm.nl_sv" unpack="false" version="3.5.0.v20090620043401" download-size="2204" install-size="2204" />
	<plugin fragment="true" id="org.eclipse.equinox.p2.artifact.repository.nl_sv" unpack="false" version="3.5.0.v20090620043401" download-size="2624" install-size="2624" />
	<plugin fragment="true" id="org.eclipse.equinox.p2.console.nl_sv" unpack="false" version="3.5.0.v20090620043401" download-size="1372" install-size="1372" />
	<plugin fragment="true" id="org.eclipse.equinox.p2.core.nl_sv" unpack="false" version="3.5.0.v20090620043401" download-size="1371" install-size="1371" />
	<plugin fragment="true" id="org.eclipse.equinox.p2.director.app.nl_sv" unpack="false" version="3.5.0.v20090620043401" download-size="1375" install-size="1375" />
	<plugin fragment="true" id="org.eclipse.equinox.p2.director.nl_sv" unpack="false" version="3.5.0.v20090620043401" download-size="2413" install-size="2413" />
	<plugin fragment="true" id="org.eclipse.equinox.p2.directorywatcher.nl_sv" unpack="false" version="3.5.0.v20090620043401" download-size="1378" install-size="1378" />
	<plugin fragment="true" id="org.eclipse.equinox.p2.engine.nl_sv" unpack="false" version="3.5.0.v20090620043401" download-size="2859" install-size="2859" />
	<plugin fragment="true" id="org.eclipse.equinox.p2.exemplarysetup.nl_sv" unpack="false" version="3.5.0.v20090620043401" download-size="1377" install-size="1377" />
	<plugin fragment="true" id="org.eclipse.equinox.p2.extensionlocation.nl_sv" unpack="false" version="3.5.0.v20090620043401" download-size="1379" install-size="1379" />
	<plugin fragment="true" id="org.eclipse.equinox.p2.garbagecollector.nl_sv" unpack="false" version="3.5.0.v20090620043401" download-size="1378" install-size="1378" />
	<plugin fragment="true" id="org.eclipse.equinox.p2.installer.nl_sv" unpack="false" version="3.5.0.v20090620043401" download-size="2785" install-size="2785" />
	<plugin fragment="true" id="org.eclipse.equinox.p2.jarprocessor.nl_sv" unpack="false" version="3.5.0.v20090620043401" download-size="1375" install-size="1375" />
	<plugin fragment="true" id="org.eclipse.equinox.p2.metadata.generator.nl_sv" unpack="false" version="3.5.0.v20090620043401" download-size="3740" install-size="3740" />
	<plugin fragment="true" id="org.eclipse.equinox.p2.metadata.nl_sv" unpack="false" version="3.5.0.v20090620043401" download-size="1373" install-size="1373" />
	<plugin fragment="true" id="org.eclipse.equinox.p2.metadata.repository.nl_sv" unpack="false" version="3.5.0.v20090620043401" download-size="2621" install-size="2621" />
	<plugin fragment="true" id="org.eclipse.equinox.p2.publisher.nl_sv" unpack="false" version="3.5.0.v20090620043401" download-size="2461" install-size="2461" />
	<plugin fragment="true" id="org.eclipse.equinox.p2.reconciler.dropins.nl_sv" unpack="false" version="3.5.0.v20090620043401" download-size="1379" install-size="1379" />
	<plugin fragment="true" id="org.eclipse.equinox.p2.repository.nl_sv" unpack="false" version="3.5.0.v20090620043401" download-size="2928" install-size="2928" />
	<plugin fragment="true" id="org.eclipse.equinox.p2.repository.tools.nl_sv" unpack="false" version="3.5.0.v20090620043401" download-size="3400" install-size="3400" />
	<plugin fragment="true" id="org.eclipse.equinox.p2.selfhosting.nl_sv" unpack="false" version="3.5.0.v20090620043401" download-size="1376" install-size="1376" />
	<plugin fragment="true" id="org.eclipse.equinox.p2.tests.nl_sv" unpack="false" version="3.5.0.v20090620043401" download-size="1843" install-size="1843" />
	<plugin fragment="true" id="org.eclipse.equinox.p2.tests.ui.nl_sv" unpack="false" version="3.5.0.v20090620043401" download-size="1373" install-size="1373" />
	<plugin fragment="true" id="org.eclipse.equinox.p2.tools.nl_sv" unpack="false" version="3.5.0.v20090620043401" download-size="1371" install-size="1371" />
	<plugin fragment="true" id="org.eclipse.equinox.p2.touchpoint.eclipse.nl_sv" unpack="false" version="3.5.0.v20090620043401" download-size="1376" install-size="1376" />
	<plugin fragment="true" id="org.eclipse.equinox.p2.touchpoint.natives.nl_sv" unpack="false" version="3.5.0.v20090620043401" download-size="1378" install-size="1378" />
	<plugin fragment="true" id="org.eclipse.equinox.p2.ui.admin.nl_sv" unpack="false" version="3.5.0.v20090620043401" download-size="2810" install-size="2810" />
	<plugin fragment="true" id="org.eclipse.equinox.p2.ui.admin.rcp.nl_sv" unpack="false" version="3.5.0.v20090620043401" download-size="2785" install-size="2785" />
	<plugin fragment="true" id="org.eclipse.equinox.p2.ui.nl_sv" unpack="false" version="3.5.0.v20090620043401" download-size="3270" install-size="3270" />
	<plugin fragment="true" id="org.eclipse.equinox.p2.ui.sdk.nl_sv" unpack="false" version="3.5.0.v20090620043401" download-size="2674" install-size="2674" />
	<plugin fragment="true" id="org.eclipse.equinox.p2.ui.sdk.scheduler.nl_sv" unpack="false" version="3.5.0.v20090620043401" download-size="3195" install-size="3195" />
	<plugin fragment="true" id="org.eclipse.equinox.p2.updatechecker.nl_sv" unpack="false" version="3.5.0.v20090620043401" download-size="1360" install-size="1360" />
	<plugin fragment="true" id="org.eclipse.equinox.p2.updatesite.nl_sv" unpack="false" version="3.5.0.v20090620043401" download-size="2944" install-size="2944" />
	<plugin fragment="true" id="org.eclipse.equinox.preferences.jmx.nl_sv" unpack="false" version="3.5.0.v20090620043401" download-size="2246" install-size="2246" />
	<plugin fragment="true" id="org.eclipse.equinox.simpleconfigurator.manipulator.nl_sv" unpack="false" version="3.5.0.v20090620043401" download-size="1368" install-size="1368" />
	<plugin fragment="true" id="org.eclipse.equinox.simpleconfigurator.nl_sv" unpack="false" version="3.5.0.v20090620043401" download-size="1360" install-size="1360" />
	<plugin fragment="true" id="org.eclipse.osgi.jmx.nl_sv" unpack="false" version="3.5.0.v20090620043401" download-size="2326" install-size="2326" />
	<plugin fragment="true" id="org.eclipse.swt.jmx.nl_sv" unpack="false" version="3.5.0.v20090620043401" download-size="1974" install-size="1974" />
</feature>