<?xml version="1.0" encoding="UTF-8" ?>
<feature
	id="org.eclipse.babel.nls_webtools.servertools_no"
	label="Babel Language Pack for webtools.servertools in Norwegian (71.91%)"
	image="eclipse_update_120.jpg"
	provider-name="%providerName"
	version="3.5.0.v20090620043401">
	<copyright>
		%copyright
	</copyright>
	<license url="%licenseURL">
		%license
	</license>
	<description>Babel Language Pack for webtools.servertools in Norwegian</description>
	<plugin fragment="true" id="org.apache.cactus.nl_no" unpack="false" version="3.5.0.v20090620043401" download-size="1370" install-size="1370" />
	<plugin fragment="true" id="org.eclipse.jst.server.core.nl_no" unpack="false" version="3.5.0.v20090620043401" download-size="3177" install-size="3177" />
	<plugin fragment="true" id="org.eclipse.jst.server.generic.core.nl_no" unpack="false" version="3.5.0.v20090620043401" download-size="3374" install-size="3374" />
	<plugin fragment="true" id="org.eclipse.jst.server.generic.jboss.nl_no" unpack="false" version="3.5.0.v20090620043401" download-size="1724" install-size="1724" />
	<plugin fragment="true" id="org.eclipse.jst.server.generic.jonas.nl_no" unpack="false" version="3.5.0.v20090620043401" download-size="1752" install-size="1752" />
	<plugin fragment="true" id="org.eclipse.jst.server.generic.oc4j.nl_no" unpack="false" version="3.5.0.v20090620043401" download-size="1850" install-size="1850" />
	<plugin fragment="true" id="org.eclipse.jst.server.generic.ui.nl_no" unpack="false" version="3.5.0.v20090620043401" download-size="2919" install-size="2919" />
	<plugin fragment="true" id="org.eclipse.jst.server.installable.nl_no" unpack="false" version="3.5.0.v20090620043401" download-size="1416" install-size="1416" />
	<plugin fragment="true" id="org.eclipse.jst.server.preview.adapter.nl_no" unpack="false" version="3.5.0.v20090620043401" download-size="2750" install-size="2750" />
	<plugin fragment="true" id="org.eclipse.jst.server.tomcat.core.nl_no" unpack="false" version="3.5.0.v20090620043401" download-size="4654" install-size="4654" />
	<plugin fragment="true" id="org.eclipse.jst.server.tomcat.ui.nl_no" unpack="false" version="3.5.0.v20090620043401" download-size="3386" install-size="3386" />
	<plugin fragment="true" id="org.eclipse.jst.server.ui.doc.user.nl_no" unpack="false" version="3.5.0.v20090620043401" download-size="1376" install-size="1376" />
	<plugin fragment="true" id="org.eclipse.jst.server.ui.infopop.nl_no" unpack="false" version="3.5.0.v20090620043401" download-size="1413" install-size="1413" />
	<plugin fragment="true" id="org.eclipse.jst.server.ui.nl_no" unpack="false" version="3.5.0.v20090620043401" download-size="2748" install-size="2748" />
	<plugin fragment="true" id="org.eclipse.jst.server.websphere.core.nl_no" unpack="false" version="3.5.0.v20090620043401" download-size="1648" install-size="1648" />
	<plugin fragment="true" id="org.eclipse.servertools.doc.isv.nl_no" unpack="false" version="3.5.0.v20090620043401" download-size="1372" install-size="1372" />
	<plugin fragment="true" id="org.eclipse.wst.internet.monitor.core.nl_no" unpack="false" version="3.5.0.v20090620043401" download-size="2863" install-size="2863" />
	<plugin fragment="true" id="org.eclipse.wst.internet.monitor.ui.nl_no" unpack="false" version="3.5.0.v20090620043401" download-size="3295" install-size="3295" />
	<plugin fragment="true" id="org.eclipse.wst.server.core.nl_no" unpack="false" version="3.5.0.v20090620043401" download-size="3641" install-size="3641" />
	<plugin fragment="true" id="org.eclipse.wst.server.discovery.nl_no" unpack="false" version="3.5.0.v20090620043401" download-size="2608" install-size="2608" />
	<plugin fragment="true" id="org.eclipse.wst.server.http.core.nl_no" unpack="false" version="3.5.0.v20090620043401" download-size="2683" install-size="2683" />
	<plugin fragment="true" id="org.eclipse.wst.server.http.ui.nl_no" unpack="false" version="3.5.0.v20090620043401" download-size="2544" install-size="2544" />
	<plugin fragment="true" id="org.eclipse.wst.server.preview.adapter.nl_no" unpack="false" version="3.5.0.v20090620043401" download-size="2921" install-size="2921" />
	<plugin fragment="true" id="org.eclipse.wst.server.preview.nl_no" unpack="false" version="3.5.0.v20090620043401" download-size="2734" install-size="2734" />
	<plugin fragment="true" id="org.eclipse.wst.server.ui.doc.user.nl_no" unpack="false" version="3.5.0.v20090620043401" download-size="1403" install-size="1403" />
	<plugin fragment="true" id="org.eclipse.wst.server.ui.infopop.nl_no" unpack="false" version="3.5.0.v20090620043401" download-size="1422" install-size="1422" />
	<plugin fragment="true" id="org.eclipse.wst.server.ui.nl_no" unpack="false" version="3.5.0.v20090620043401" download-size="6725" install-size="6725" />
</feature>