<?xml version="1.0" encoding="UTF-8" ?>
<feature
	id="org.eclipse.babel.nls_technology.mat_de"
	label="Babel Language Pack for technology.mat in German (2.99%)"
	image="eclipse_update_120.jpg"
	provider-name="%providerName"
	version="3.5.0.v20090620043401">
	<copyright>
		%copyright
	</copyright>
	<license url="%licenseURL">
		%license
	</license>
	<description>Babel Language Pack for technology.mat in German</description>
	<plugin fragment="true" id="org.eclipse.mat.api.nl_de" unpack="false" version="3.5.0.v20090620043401" download-size="2243" install-size="2243" />
	<plugin fragment="true" id="org.eclipse.mat.chart.nl_de" unpack="false" version="3.5.0.v20090620043401" download-size="1367" install-size="1367" />
	<plugin fragment="true" id="org.eclipse.mat.chart.ui.nl_de" unpack="false" version="3.5.0.v20090620043401" download-size="1368" install-size="1368" />
	<plugin fragment="true" id="org.eclipse.mat.hprof.nl_de" unpack="false" version="3.5.0.v20090620043401" download-size="1367" install-size="1367" />
	<plugin fragment="true" id="org.eclipse.mat.jdt.nl_de" unpack="false" version="3.5.0.v20090620043401" download-size="1365" install-size="1365" />
	<plugin fragment="true" id="org.eclipse.mat.parser.nl_de" unpack="false" version="3.5.0.v20090620043401" download-size="1367" install-size="1367" />
	<plugin fragment="true" id="org.eclipse.mat.report.nl_de" unpack="false" version="3.5.0.v20090620043401" download-size="2244" install-size="2244" />
	<plugin fragment="true" id="org.eclipse.mat.ui.nl_de" unpack="false" version="3.5.0.v20090620043401" download-size="2787" install-size="2787" />
	<plugin fragment="true" id="org.eclipse.mat.ui.rcp.nl_de" unpack="false" version="3.5.0.v20090620043401" download-size="2175" install-size="2175" />
</feature>