<?xml version="1.0" encoding="UTF-8" ?>
<feature
	id="org.eclipse.babel.nls_technology.actf_mn"
	label="Babel Language Pack for technology.actf in Mongolian (0.79%)"
	image="eclipse_update_120.jpg"
	provider-name="%providerName"
	version="3.5.0.v20090620043401">
	<copyright>
		%copyright
	</copyright>
	<license url="%licenseURL">
		%license
	</license>
	<description>Babel Language Pack for technology.actf in Mongolian</description>
	<plugin fragment="true" id="org.eclipse.actf.core.nl_mn" unpack="false" version="3.5.0.v20090620043401" download-size="1367" install-size="1367" />
	<plugin fragment="true" id="org.eclipse.actf.model.ui.nl_mn" unpack="false" version="3.5.0.v20090620043401" download-size="1445" install-size="1445" />
	<plugin fragment="true" id="org.eclipse.actf.ui.nl_mn" unpack="false" version="3.5.0.v20090620043401" download-size="1366" install-size="1366" />
	<plugin fragment="true" id="org.eclipse.actf.visualization.doc.isv.nl_mn" unpack="false" version="3.5.0.v20090620043401" download-size="1379" install-size="1379" />
	<plugin fragment="true" id="org.eclipse.actf.visualization.eval.nl_mn" unpack="false" version="3.5.0.v20090620043401" download-size="1763" install-size="1763" />
	<plugin fragment="true" id="org.eclipse.actf.visualization.gui.nl_mn" unpack="false" version="3.5.0.v20090620043401" download-size="1386" install-size="1386" />
</feature>