<?xml version="1.0" encoding="UTF-8" ?>
<feature
	id="org.eclipse.babel.nls_tptp.platform_zh"
	label="Babel Language Pack for tptp.platform in Chinese (Simplified) (19.15%)"
	image="eclipse_update_120.jpg"
	provider-name="%providerName"
	version="3.5.0.v20090620043401">
	<copyright>
		%copyright
	</copyright>
	<license url="%licenseURL">
		%license
	</license>
	<description>Babel Language Pack for tptp.platform in Chinese (Simplified)</description>
	<plugin fragment="true" id="org.eclipse.hyades.analysis.engine.nl_zh" unpack="false" version="3.5.0.v20090620043401" download-size="1384" install-size="1384" />
	<plugin fragment="true" id="org.eclipse.hyades.logging.adapter.nl_zh" unpack="false" version="3.5.0.v20090620043401" download-size="3136" install-size="3136" />
	<plugin fragment="true" id="org.eclipse.hyades.logging.adapter.ui.nl_zh" unpack="false" version="3.5.0.v20090620043401" download-size="4880" install-size="4880" />
	<plugin fragment="true" id="org.eclipse.hyades.logging.parsers.nl_zh" unpack="false" version="3.5.0.v20090620043401" download-size="2480" install-size="2480" />
	<plugin fragment="true" id="org.eclipse.hyades.probekit.ui.nl_zh" unpack="false" version="3.5.0.v20090620043401" download-size="4023" install-size="4023" />
	<plugin fragment="true" id="org.eclipse.hyades.resources.database.nl_zh" unpack="false" version="3.5.0.v20090620043401" download-size="1387" install-size="1387" />
	<plugin fragment="true" id="org.eclipse.hyades.sdb.nl_zh" unpack="false" version="3.5.0.v20090620043401" download-size="7880" install-size="7880" />
	<plugin fragment="true" id="org.eclipse.hyades.statistical.ui.nl_zh" unpack="false" version="3.5.0.v20090620043401" download-size="1388" install-size="1388" />
	<plugin fragment="true" id="org.eclipse.hyades.test.core.nl_zh" unpack="false" version="3.5.0.v20090620043401" download-size="3324" install-size="3324" />
	<plugin fragment="true" id="org.eclipse.hyades.test.tools.ui.nl_zh" unpack="false" version="3.5.0.v20090620043401" download-size="3682" install-size="3682" />
	<plugin fragment="true" id="org.eclipse.hyades.test.ui.extensions.nl_zh" unpack="false" version="3.5.0.v20090620043401" download-size="2690" install-size="2690" />
	<plugin fragment="true" id="org.eclipse.hyades.test.ui.nl_zh" unpack="false" version="3.5.0.v20090620043401" download-size="9868" install-size="9868" />
	<plugin fragment="true" id="org.eclipse.hyades.trace.ui.nl_zh" unpack="false" version="3.5.0.v20090620043401" download-size="6169" install-size="6169" />
	<plugin fragment="true" id="org.eclipse.hyades.trace.views.nl_zh" unpack="false" version="3.5.0.v20090620043401" download-size="2751" install-size="2751" />
	<plugin fragment="true" id="org.eclipse.hyades.ui.nl_zh" unpack="false" version="3.5.0.v20090620043401" download-size="1404" install-size="1404" />
	<plugin fragment="true" id="org.eclipse.tptp.lta.gla.ui.epi.nl_zh" unpack="false" version="3.5.0.v20090620043401" download-size="1382" install-size="1382" />
	<plugin fragment="true" id="org.eclipse.tptp.lta.log.epi.nl_zh" unpack="false" version="3.5.0.v20090620043401" download-size="1497" install-size="1497" />
	<plugin fragment="true" id="org.eclipse.tptp.lta.runtime.nl_zh" unpack="false" version="3.5.0.v20090620043401" download-size="1381" install-size="1381" />
	<plugin fragment="true" id="org.eclipse.tptp.lta.sdb.epi.nl_zh" unpack="false" version="3.5.0.v20090620043401" download-size="1383" install-size="1383" />
	<plugin fragment="true" id="org.eclipse.tptp.lta.symptom.epi.nl_zh" unpack="false" version="3.5.0.v20090620043401" download-size="1386" install-size="1386" />
	<plugin fragment="true" id="org.eclipse.tptp.monitoring.la.core.nl_zh" unpack="false" version="3.5.0.v20090620043401" download-size="1388" install-size="1388" />
	<plugin fragment="true" id="org.eclipse.tptp.monitoring.logui.nl_zh" unpack="false" version="3.5.0.v20090620043401" download-size="2890" install-size="2890" />
	<plugin fragment="true" id="org.eclipse.tptp.monitoring.lta.doc.isv.nl_zh" unpack="false" version="3.5.0.v20090620043401" download-size="1390" install-size="1390" />
	<plugin fragment="true" id="org.eclipse.tptp.monitoring.lta.doc.user.nl_zh" unpack="false" version="3.5.0.v20090620043401" download-size="1391" install-size="1391" />
	<plugin fragment="true" id="org.eclipse.tptp.monitoring.lta.examples.isv.nl_zh" unpack="false" version="3.5.0.v20090620043401" download-size="3038" install-size="3038" />
	<plugin fragment="true" id="org.eclipse.tptp.monitoring.lta.examples.nl_zh" unpack="false" version="3.5.0.v20090620043401" download-size="2758" install-size="2758" />
	<plugin fragment="true" id="org.eclipse.tptp.monitoring.managedagent.jmx.nl_zh" unpack="false" version="3.5.0.v20090620043401" download-size="2703" install-size="2703" />
	<plugin fragment="true" id="org.eclipse.tptp.monitoring.managedagent.ui.nl_zh" unpack="false" version="3.5.0.v20090620043401" download-size="5035" install-size="5035" />
	<plugin fragment="true" id="org.eclipse.tptp.monitoring.profile.server.nl_zh" unpack="false" version="3.5.0.v20090620043401" download-size="1394" install-size="1394" />
	<plugin fragment="true" id="org.eclipse.tptp.monitoring.report.birt.nl_zh" unpack="false" version="3.5.0.v20090620043401" download-size="2639" install-size="2639" />
	<plugin fragment="true" id="org.eclipse.tptp.monitoring.symptom.doc.user.nl_zh" unpack="false" version="3.5.0.v20090620043401" download-size="1393" install-size="1393" />
	<plugin fragment="true" id="org.eclipse.tptp.monitoring.symptom.editor.nl_zh" unpack="false" version="3.5.0.v20090620043401" download-size="1390" install-size="1390" />
	<plugin fragment="true" id="org.eclipse.tptp.platform.agentcontroller.nl_zh" unpack="false" version="3.5.0.v20090620043401" download-size="2684" install-size="2684" />
	<plugin fragment="true" id="org.eclipse.tptp.platform.analysis.codereview.cpp.nl_zh" unpack="false" version="3.5.0.v20090620043401" download-size="1398" install-size="1398" />
	<plugin fragment="true" id="org.eclipse.tptp.platform.analysis.codereview.cpp.rules.nl_zh" unpack="false" version="3.5.0.v20090620043401" download-size="1536" install-size="1536" />
	<plugin fragment="true" id="org.eclipse.tptp.platform.analysis.codereview.java.nl_zh" unpack="false" version="3.5.0.v20090620043401" download-size="1434" install-size="1434" />
	<plugin fragment="true" id="org.eclipse.tptp.platform.analysis.codereview.java.rules.nl_zh" unpack="false" version="3.5.0.v20090620043401" download-size="1647" install-size="1647" />
	<plugin fragment="true" id="org.eclipse.tptp.platform.analysis.core.nl_zh" unpack="false" version="3.5.0.v20090620043401" download-size="2567" install-size="2567" />
	<plugin fragment="true" id="org.eclipse.tptp.platform.analysis.core.ui.nl_zh" unpack="false" version="3.5.0.v20090620043401" download-size="3053" install-size="3053" />
	<plugin fragment="true" id="org.eclipse.tptp.platform.common.nl_zh" unpack="false" version="3.5.0.v20090620043401" download-size="2385" install-size="2385" />
	<plugin fragment="true" id="org.eclipse.tptp.platform.common.ui.nl_zh" unpack="false" version="3.5.0.v20090620043401" download-size="5032" install-size="5032" />
	<plugin fragment="true" id="org.eclipse.tptp.platform.common.ui.trace.nl_zh" unpack="false" version="3.5.0.v20090620043401" download-size="3126" install-size="3126" />
	<plugin fragment="true" id="org.eclipse.tptp.platform.examples.isv.nl_zh" unpack="false" version="3.5.0.v20090620043401" download-size="2636" install-size="2636" />
	<plugin fragment="true" id="org.eclipse.tptp.platform.examples.nl_zh" unpack="false" version="3.5.0.v20090620043401" download-size="1704" install-size="1704" />
	<plugin fragment="true" id="org.eclipse.tptp.platform.iac.administrator.nl_zh" unpack="false" version="3.5.0.v20090620043401" download-size="3347" install-size="3347" />
	<plugin fragment="true" id="org.eclipse.tptp.platform.instrumentation.ui.nl_zh" unpack="false" version="3.5.0.v20090620043401" download-size="3239" install-size="3239" />
	<plugin fragment="true" id="org.eclipse.tptp.platform.integration.pde.nl_zh" unpack="false" version="3.5.0.v20090620043401" download-size="2811" install-size="2811" />
	<plugin fragment="true" id="org.eclipse.tptp.platform.la.core.nl_zh" unpack="false" version="3.5.0.v20090620043401" download-size="2659" install-size="2659" />
	<plugin fragment="true" id="org.eclipse.tptp.platform.llc.core.nl_zh" unpack="false" version="3.5.0.v20090620043401" download-size="1386" install-size="1386" />
	<plugin fragment="true" id="org.eclipse.tptp.platform.llc.doc.user.nl_zh" unpack="false" version="3.5.0.v20090620043401" download-size="1391" install-size="1391" />
	<plugin fragment="true" id="org.eclipse.tptp.platform.llc.launch.nl_zh" unpack="false" version="3.5.0.v20090620043401" download-size="2877" install-size="2877" />
	<plugin fragment="true" id="org.eclipse.tptp.platform.llc.ui.nl_zh" unpack="false" version="3.5.0.v20090620043401" download-size="1386" install-size="1386" />
	<plugin fragment="true" id="org.eclipse.tptp.platform.log.doc.user.nl_zh" unpack="false" version="3.5.0.v20090620043401" download-size="1388" install-size="1388" />
	<plugin fragment="true" id="org.eclipse.tptp.platform.log.views.nl_zh" unpack="false" version="3.5.0.v20090620043401" download-size="4074" install-size="4074" />
	<plugin fragment="true" id="org.eclipse.tptp.platform.lta.common.nl_zh" unpack="false" version="3.5.0.v20090620043401" download-size="3669" install-size="3669" />
	<plugin fragment="true" id="org.eclipse.tptp.platform.models.lta.nl_zh" unpack="false" version="3.5.0.v20090620043401" download-size="1388" install-size="1388" />
	<plugin fragment="true" id="org.eclipse.tptp.platform.models.nl_zh" unpack="false" version="3.5.0.v20090620043401" download-size="3217" install-size="3217" />
	<plugin fragment="true" id="org.eclipse.tptp.platform.probekit.launch.nl_zh" unpack="false" version="3.5.0.v20090620043401" download-size="3771" install-size="3771" />
	<plugin fragment="true" id="org.eclipse.tptp.platform.profile.server.wst.nl_zh" unpack="false" version="3.5.0.v20090620043401" download-size="2610" install-size="2610" />
	<plugin fragment="true" id="org.eclipse.tptp.platform.report.birt.nl_zh" unpack="false" version="3.5.0.v20090620043401" download-size="1408" install-size="1408" />
	<plugin fragment="true" id="org.eclipse.tptp.platform.report.birt.ui.nl_zh" unpack="false" version="3.5.0.v20090620043401" download-size="2542" install-size="2542" />
	<plugin fragment="true" id="org.eclipse.tptp.platform.report.core.nl_zh" unpack="false" version="3.5.0.v20090620043401" download-size="1483" install-size="1483" />
	<plugin fragment="true" id="org.eclipse.tptp.platform.report.ui.nl_zh" unpack="false" version="3.5.0.v20090620043401" download-size="1499" install-size="1499" />
	<plugin fragment="true" id="org.eclipse.tptp.test.auto.gui.nl_zh" unpack="false" version="3.5.0.v20090620043401" download-size="2980" install-size="2980" />
	<plugin fragment="true" id="org.eclipse.tptp.test.auto.nl_zh" unpack="false" version="3.5.0.v20090620043401" download-size="1379" install-size="1379" />
	<plugin fragment="true" id="org.eclipse.tptp.test.recorders.url.nl_zh" unpack="false" version="3.5.0.v20090620043401" download-size="4816" install-size="4816" />
	<plugin fragment="true" id="org.eclipse.tptp.test.report.birt.nl_zh" unpack="false" version="3.5.0.v20090620043401" download-size="3451" install-size="3451" />
	<plugin fragment="true" id="org.eclipse.tptp.test.samples.nl_zh" unpack="false" version="3.5.0.v20090620043401" download-size="2935" install-size="2935" />
	<plugin fragment="true" id="org.eclipse.tptp.test.tools.junit.plugin.nl_zh" unpack="false" version="3.5.0.v20090620043401" download-size="3252" install-size="3252" />
	<plugin fragment="true" id="org.eclipse.tptp.test.tools.manual.doc.user.nl_zh" unpack="false" version="3.5.0.v20090620043401" download-size="1392" install-size="1392" />
	<plugin fragment="true" id="org.eclipse.tptp.test.tools.manual.nl_zh" unpack="false" version="3.5.0.v20090620043401" download-size="4200" install-size="4200" />
	<plugin fragment="true" id="org.eclipse.tptp.trace.arm.nl_zh" unpack="false" version="3.5.0.v20090620043401" download-size="1408" install-size="1408" />
	<plugin fragment="true" id="org.eclipse.tptp.trace.arm.ui.nl_zh" unpack="false" version="3.5.0.v20090620043401" download-size="2522" install-size="2522" />
	<plugin fragment="true" id="org.eclipse.tptp.trace.jvmti.client.nl_zh" unpack="false" version="3.5.0.v20090620043401" download-size="2824" install-size="2824" />
	<plugin fragment="true" id="org.eclipse.tptp.trace.memory.nl_zh" unpack="false" version="3.5.0.v20090620043401" download-size="1384" install-size="1384" />
	<plugin fragment="true" id="org.eclipse.tptp.trace.report.birt.nl_zh" unpack="false" version="3.5.0.v20090620043401" download-size="2519" install-size="2519" />
</feature>