<?xml version="1.0" encoding="UTF-8" ?>
<feature
	id="org.eclipse.babel.nls_rt.equinox_hu"
	label="Babel Language Pack for rt.equinox in Hungarian (20.69%)"
	image="eclipse_update_120.jpg"
	provider-name="%providerName"
	version="3.5.0.v20090620043401">
	<copyright>
		%copyright
	</copyright>
	<license url="%licenseURL">
		%license
	</license>
	<description>Babel Language Pack for rt.equinox in Hungarian</description>
	<plugin fragment="true" id="org.eclipse.core.resources.jmx.nl_hu" unpack="false" version="3.5.0.v20090620043401" download-size="2176" install-size="2176" />
	<plugin fragment="true" id="org.eclipse.equinox.frameworkadmin.equinox.nl_hu" unpack="false" version="3.5.0.v20090620043401" download-size="1379" install-size="1379" />
	<plugin fragment="true" id="org.eclipse.equinox.frameworkadmin.nl_hu" unpack="false" version="3.5.0.v20090620043401" download-size="1377" install-size="1377" />
	<plugin fragment="true" id="org.eclipse.equinox.initializer.nl_hu" unpack="false" version="3.5.0.v20090620043401" download-size="1390" install-size="1390" />
	<plugin fragment="true" id="org.eclipse.equinox.jmx.client.nl_hu" unpack="false" version="3.5.0.v20090620043401" download-size="3862" install-size="3862" />
	<plugin fragment="true" id="org.eclipse.equinox.jmx.vm.nl_hu" unpack="false" version="3.5.0.v20090620043401" download-size="2224" install-size="2224" />
	<plugin fragment="true" id="org.eclipse.equinox.p2.artifact.repository.nl_hu" unpack="false" version="3.5.0.v20090620043401" download-size="2631" install-size="2631" />
	<plugin fragment="true" id="org.eclipse.equinox.p2.console.nl_hu" unpack="false" version="3.5.0.v20090620043401" download-size="1373" install-size="1373" />
	<plugin fragment="true" id="org.eclipse.equinox.p2.core.nl_hu" unpack="false" version="3.5.0.v20090620043401" download-size="1371" install-size="1371" />
	<plugin fragment="true" id="org.eclipse.equinox.p2.director.app.nl_hu" unpack="false" version="3.5.0.v20090620043401" download-size="1376" install-size="1376" />
	<plugin fragment="true" id="org.eclipse.equinox.p2.director.nl_hu" unpack="false" version="3.5.0.v20090620043401" download-size="2423" install-size="2423" />
	<plugin fragment="true" id="org.eclipse.equinox.p2.directorywatcher.nl_hu" unpack="false" version="3.5.0.v20090620043401" download-size="1380" install-size="1380" />
	<plugin fragment="true" id="org.eclipse.equinox.p2.engine.nl_hu" unpack="false" version="3.5.0.v20090620043401" download-size="2871" install-size="2871" />
	<plugin fragment="true" id="org.eclipse.equinox.p2.exemplarysetup.nl_hu" unpack="false" version="3.5.0.v20090620043401" download-size="1378" install-size="1378" />
	<plugin fragment="true" id="org.eclipse.equinox.p2.extensionlocation.nl_hu" unpack="false" version="3.5.0.v20090620043401" download-size="1379" install-size="1379" />
	<plugin fragment="true" id="org.eclipse.equinox.p2.garbagecollector.nl_hu" unpack="false" version="3.5.0.v20090620043401" download-size="1380" install-size="1380" />
	<plugin fragment="true" id="org.eclipse.equinox.p2.installer.nl_hu" unpack="false" version="3.5.0.v20090620043401" download-size="2799" install-size="2799" />
	<plugin fragment="true" id="org.eclipse.equinox.p2.jarprocessor.nl_hu" unpack="false" version="3.5.0.v20090620043401" download-size="1376" install-size="1376" />
	<plugin fragment="true" id="org.eclipse.equinox.p2.metadata.generator.nl_hu" unpack="false" version="3.5.0.v20090620043401" download-size="3856" install-size="3856" />
	<plugin fragment="true" id="org.eclipse.equinox.p2.metadata.nl_hu" unpack="false" version="3.5.0.v20090620043401" download-size="1374" install-size="1374" />
	<plugin fragment="true" id="org.eclipse.equinox.p2.metadata.repository.nl_hu" unpack="false" version="3.5.0.v20090620043401" download-size="2629" install-size="2629" />
	<plugin fragment="true" id="org.eclipse.equinox.p2.publisher.nl_hu" unpack="false" version="3.5.0.v20090620043401" download-size="2478" install-size="2478" />
	<plugin fragment="true" id="org.eclipse.equinox.p2.reconciler.dropins.nl_hu" unpack="false" version="3.5.0.v20090620043401" download-size="1378" install-size="1378" />
	<plugin fragment="true" id="org.eclipse.equinox.p2.repository.nl_hu" unpack="false" version="3.5.0.v20090620043401" download-size="2943" install-size="2943" />
	<plugin fragment="true" id="org.eclipse.equinox.p2.repository.tools.nl_hu" unpack="false" version="3.5.0.v20090620043401" download-size="3471" install-size="3471" />
	<plugin fragment="true" id="org.eclipse.equinox.p2.selfhosting.nl_hu" unpack="false" version="3.5.0.v20090620043401" download-size="1376" install-size="1376" />
	<plugin fragment="true" id="org.eclipse.equinox.p2.tests.nl_hu" unpack="false" version="3.5.0.v20090620043401" download-size="1833" install-size="1833" />
	<plugin fragment="true" id="org.eclipse.equinox.p2.tests.ui.nl_hu" unpack="false" version="3.5.0.v20090620043401" download-size="1374" install-size="1374" />
	<plugin fragment="true" id="org.eclipse.equinox.p2.tools.nl_hu" unpack="false" version="3.5.0.v20090620043401" download-size="1372" install-size="1372" />
	<plugin fragment="true" id="org.eclipse.equinox.p2.touchpoint.eclipse.nl_hu" unpack="false" version="3.5.0.v20090620043401" download-size="1377" install-size="1377" />
	<plugin fragment="true" id="org.eclipse.equinox.p2.touchpoint.natives.nl_hu" unpack="false" version="3.5.0.v20090620043401" download-size="1379" install-size="1379" />
	<plugin fragment="true" id="org.eclipse.equinox.p2.ui.admin.nl_hu" unpack="false" version="3.5.0.v20090620043401" download-size="2814" install-size="2814" />
	<plugin fragment="true" id="org.eclipse.equinox.p2.ui.admin.rcp.nl_hu" unpack="false" version="3.5.0.v20090620043401" download-size="2788" install-size="2788" />
	<plugin fragment="true" id="org.eclipse.equinox.p2.ui.nl_hu" unpack="false" version="3.5.0.v20090620043401" download-size="3372" install-size="3372" />
	<plugin fragment="true" id="org.eclipse.equinox.p2.ui.sdk.nl_hu" unpack="false" version="3.5.0.v20090620043401" download-size="2742" install-size="2742" />
	<plugin fragment="true" id="org.eclipse.equinox.p2.ui.sdk.scheduler.nl_hu" unpack="false" version="3.5.0.v20090620043401" download-size="3268" install-size="3268" />
	<plugin fragment="true" id="org.eclipse.equinox.p2.updatechecker.nl_hu" unpack="false" version="3.5.0.v20090620043401" download-size="1360" install-size="1360" />
	<plugin fragment="true" id="org.eclipse.equinox.p2.updatesite.nl_hu" unpack="false" version="3.5.0.v20090620043401" download-size="3041" install-size="3041" />
	<plugin fragment="true" id="org.eclipse.equinox.preferences.jmx.nl_hu" unpack="false" version="3.5.0.v20090620043401" download-size="2250" install-size="2250" />
	<plugin fragment="true" id="org.eclipse.equinox.simpleconfigurator.manipulator.nl_hu" unpack="false" version="3.5.0.v20090620043401" download-size="1372" install-size="1372" />
	<plugin fragment="true" id="org.eclipse.equinox.simpleconfigurator.nl_hu" unpack="false" version="3.5.0.v20090620043401" download-size="1361" install-size="1361" />
	<plugin fragment="true" id="org.eclipse.osgi.jmx.nl_hu" unpack="false" version="3.5.0.v20090620043401" download-size="2339" install-size="2339" />
	<plugin fragment="true" id="org.eclipse.swt.jmx.nl_hu" unpack="false" version="3.5.0.v20090620043401" download-size="1982" install-size="1982" />
</feature>