<?xml version="1.0" encoding="UTF-8" ?>
<feature
	id="org.eclipse.babel.nls_rt.rap_iw"
	label="Babel Language Pack for rt.rap in Hebrew (79.38%)"
	image="eclipse_update_120.jpg"
	provider-name="%providerName"
	version="3.5.0.v20090620043401">
	<copyright>
		%copyright
	</copyright>
	<license url="%licenseURL">
		%license
	</license>
	<description>Babel Language Pack for rt.rap in Hebrew</description>
	<plugin fragment="true" id="org.eclipse.rap.design.example.nl_iw" unpack="false" version="3.5.0.v20090620043401" download-size="1372" install-size="1372" />
	<plugin fragment="true" id="org.eclipse.rap.jface.databinding.nl_iw" unpack="false" version="3.5.0.v20090620043401" download-size="1396" install-size="1396" />
	<plugin fragment="true" id="org.eclipse.rap.jface.nl_iw" unpack="false" version="3.5.0.v20090620043401" download-size="10294" install-size="10294" />
	<plugin fragment="true" id="org.eclipse.rap.rwt.nl_iw" unpack="false" version="3.5.0.v20090620043401" download-size="2261" install-size="2261" />
	<plugin fragment="true" id="org.eclipse.rap.rwt.test.nl_iw" unpack="false" version="3.5.0.v20090620043401" download-size="1372" install-size="1372" />
	<plugin fragment="true" id="org.eclipse.rap.ui.forms.nl_iw" unpack="false" version="3.5.0.v20090620043401" download-size="2295" install-size="2295" />
	<plugin fragment="true" id="org.eclipse.rap.ui.help.nl_iw" unpack="false" version="3.5.0.v20090620043401" download-size="1367" install-size="1367" />
	<plugin fragment="true" id="org.eclipse.rap.ui.intro.nl_iw" unpack="false" version="3.5.0.v20090620043401" download-size="2550" install-size="2550" />
	<plugin fragment="true" id="org.eclipse.rap.ui.launch.nl_iw" unpack="false" version="3.5.0.v20090620043401" download-size="2512" install-size="2512" />
	<plugin fragment="true" id="org.eclipse.rap.ui.nl_iw" unpack="false" version="3.5.0.v20090620043401" download-size="5292" install-size="5292" />
	<plugin fragment="true" id="org.eclipse.rap.ui.templates.nl_iw" unpack="false" version="3.5.0.v20090620043401" download-size="2614" install-size="2614" />
	<plugin fragment="true" id="org.eclipse.rap.ui.views.nl_iw" unpack="false" version="3.5.0.v20090620043401" download-size="3235" install-size="3235" />
	<plugin fragment="true" id="org.eclipse.rap.ui.workbench.nl_iw" unpack="false" version="3.5.0.v20090620043401" download-size="27609" install-size="27609" />
</feature>