<?xml version="1.0" encoding="UTF-8" ?>
<feature
	id="org.eclipse.babel.nls_birt_et"
	label="Babel Language Pack for birt in Estonian (0.61%)"
	image="eclipse_update_120.jpg"
	provider-name="%providerName"
	version="3.5.0.v20090620043401">
	<copyright>
		%copyright
	</copyright>
	<license url="%licenseURL">
		%license
	</license>
	<description>Babel Language Pack for birt in Estonian</description>
	<plugin fragment="true" id="org.eclipse.birt.chart.engine.nl_et" unpack="false" version="3.5.0.v20090620043401" download-size="1353" install-size="1353" />
	<plugin fragment="true" id="org.eclipse.birt.chart.ui.extension.nl_et" unpack="false" version="3.5.0.v20090620043401" download-size="2461" install-size="2461" />
	<plugin fragment="true" id="org.eclipse.birt.report.data.oda.jdbc.ui.nl_et" unpack="false" version="3.5.0.v20090620043401" download-size="2672" install-size="2672" />
	<plugin fragment="true" id="org.eclipse.birt.report.designer.core.nl_et" unpack="false" version="3.5.0.v20090620043401" download-size="2777" install-size="2777" />
	<plugin fragment="true" id="org.eclipse.birt.report.designer.tests.nl_et" unpack="false" version="3.5.0.v20090620043401" download-size="2565" install-size="2565" />
	<plugin fragment="true" id="org.eclipse.birt.report.designer.ui.cubebuilder.nl_et" unpack="false" version="3.5.0.v20090620043401" download-size="2565" install-size="2565" />
	<plugin fragment="true" id="org.eclipse.birt.report.engine.nl_et" unpack="false" version="3.5.0.v20090620043401" download-size="2148" install-size="2148" />
	<plugin fragment="true" id="org.eclipse.birt.report.item.crosstab.ui.nl_et" unpack="false" version="3.5.0.v20090620043401" download-size="2517" install-size="2517" />
	<plugin fragment="true" id="org.eclipse.birt.report.model.nl_et" unpack="false" version="3.5.0.v20090620043401" download-size="2231" install-size="2231" />
	<plugin fragment="true" id="org.eclipse.birt.report.viewer.nl_et" unpack="false" version="3.5.0.v20090620043401" download-size="2006" install-size="2006" />
</feature>