<?xml version="1.0" encoding="UTF-8" ?>
<feature
	id="org.eclipse.babel.nls_webtools.ejbtools_zh_TW"
	label="Babel Language Pack for webtools.ejbtools in Chinese (Traditional) (96.43%)"
	image="eclipse_update_120.jpg"
	provider-name="%providerName"
	version="3.5.0.v20090620043401">
	<copyright>
		%copyright
	</copyright>
	<license url="%licenseURL">
		%license
	</license>
	<description>Babel Language Pack for webtools.ejbtools in Chinese (Traditional)</description>
	<plugin fragment="true" id="org.eclipse.jst.ejb.doc.user.nl_zh_TW" unpack="false" version="3.5.0.v20090620043401" download-size="1402" install-size="1402" />
	<plugin fragment="true" id="org.eclipse.jst.ejb.ui.infopop.nl_zh_TW" unpack="false" version="3.5.0.v20090620043401" download-size="1393" install-size="1393" />
	<plugin fragment="true" id="org.eclipse.jst.ejb.ui.nl_zh_TW" unpack="false" version="3.5.0.v20090620043401" download-size="3977" install-size="3977" />
	<plugin fragment="true" id="org.eclipse.jst.j2ee.ejb.annotation.model.nl_zh_TW" unpack="false" version="3.5.0.v20090620043401" download-size="3750" install-size="3750" />
	<plugin fragment="true" id="org.eclipse.jst.j2ee.ejb.annotations.emitter.nl_zh_TW" unpack="false" version="3.5.0.v20090620043401" download-size="1402" install-size="1402" />
	<plugin fragment="true" id="org.eclipse.jst.j2ee.ejb.annotations.ui.nl_zh_TW" unpack="false" version="3.5.0.v20090620043401" download-size="3970" install-size="3970" />
	<plugin fragment="true" id="org.eclipse.jst.j2ee.ejb.annotations.xdoclet.nl_zh_TW" unpack="false" version="3.5.0.v20090620043401" download-size="3658" install-size="3658" />
	<plugin fragment="true" id="org.eclipse.jst.j2ee.ejb.nl_zh_TW" unpack="false" version="3.5.0.v20090620043401" download-size="25983" install-size="25983" />
	<plugin fragment="true" id="org.eclipse.jst.jee.ejb.nl_zh_TW" unpack="false" version="3.5.0.v20090620043401" download-size="1391" install-size="1391" />
</feature>