<?xml version="1.0" encoding="UTF-8" ?>
<feature
	id="org.eclipse.babel.nls_stp.bpmn_uk"
	label="Babel Language Pack for stp.bpmn in Ukrainian (8.39%)"
	image="eclipse_update_120.jpg"
	provider-name="%providerName"
	version="3.5.0.v20090620043401">
	<copyright>
		%copyright
	</copyright>
	<license url="%licenseURL">
		%license
	</license>
	<description>Babel Language Pack for stp.bpmn in Ukrainian</description>
	<plugin fragment="true" id="org.eclipse.stp.bpmn.diagram.nl_uk" unpack="false" version="3.5.0.v20090620043401" download-size="2604" install-size="2604" />
	<plugin fragment="true" id="org.eclipse.stp.bpmn.edit.nl_uk" unpack="false" version="3.5.0.v20090620043401" download-size="1820" install-size="1820" />
	<plugin fragment="true" id="org.eclipse.stp.bpmn.nl_uk" unpack="false" version="3.5.0.v20090620043401" download-size="2140" install-size="2140" />
	<plugin fragment="true" id="org.eclipse.stp.bpmn.validation.nl_uk" unpack="false" version="3.5.0.v20090620043401" download-size="1395" install-size="1395" />
</feature>