<?xml version="1.0" encoding="UTF-8" ?>
<feature
	id="org.eclipse.babel.nls_technology.mat_uk"
	label="Babel Language Pack for technology.mat in Ukrainian (2.07%)"
	image="eclipse_update_120.jpg"
	provider-name="%providerName"
	version="3.5.0.v20090620043401">
	<copyright>
		%copyright
	</copyright>
	<license url="%licenseURL">
		%license
	</license>
	<description>Babel Language Pack for technology.mat in Ukrainian</description>
	<plugin fragment="true" id="org.eclipse.mat.api.nl_uk" unpack="false" version="3.5.0.v20090620043401" download-size="2192" install-size="2192" />
	<plugin fragment="true" id="org.eclipse.mat.chart.nl_uk" unpack="false" version="3.5.0.v20090620043401" download-size="1369" install-size="1369" />
	<plugin fragment="true" id="org.eclipse.mat.chart.ui.nl_uk" unpack="false" version="3.5.0.v20090620043401" download-size="1370" install-size="1370" />
	<plugin fragment="true" id="org.eclipse.mat.hprof.nl_uk" unpack="false" version="3.5.0.v20090620043401" download-size="1369" install-size="1369" />
	<plugin fragment="true" id="org.eclipse.mat.jdt.nl_uk" unpack="false" version="3.5.0.v20090620043401" download-size="1367" install-size="1367" />
	<plugin fragment="true" id="org.eclipse.mat.parser.nl_uk" unpack="false" version="3.5.0.v20090620043401" download-size="1369" install-size="1369" />
	<plugin fragment="true" id="org.eclipse.mat.report.nl_uk" unpack="false" version="3.5.0.v20090620043401" download-size="2255" install-size="2255" />
	<plugin fragment="true" id="org.eclipse.mat.ui.nl_uk" unpack="false" version="3.5.0.v20090620043401" download-size="2826" install-size="2826" />
	<plugin fragment="true" id="org.eclipse.mat.ui.rcp.nl_uk" unpack="false" version="3.5.0.v20090620043401" download-size="1369" install-size="1369" />
</feature>