<?xml version="1.0" encoding="UTF-8" ?>
<feature
	id="org.eclipse.babel.nls_eclipse_pl"
	label="Babel Language Pack for eclipse in Polish (75.63%)"
	image="eclipse_update_120.jpg"
	provider-name="%providerName"
	version="3.5.0.v20090620043401">
	<copyright>
		%copyright
	</copyright>
	<license url="%licenseURL">
		%license
	</license>
	<description>Babel Language Pack for eclipse in Polish</description>
	<plugin fragment="true" id="org.eclipse.ant.core.nl_pl" unpack="false" version="3.5.0.v20090620043401" download-size="4792" install-size="4792" />
	<plugin fragment="true" id="org.eclipse.ant.tests.core.nl_pl" unpack="false" version="3.5.0.v20090620043401" download-size="1606" install-size="1606" />
	<plugin fragment="true" id="org.eclipse.ant.tests.ui.nl_pl" unpack="false" version="3.5.0.v20090620043401" download-size="1367" install-size="1367" />
	<plugin fragment="true" id="org.eclipse.ant.ui.nl_pl" unpack="false" version="3.5.0.v20090620043401" download-size="26018" install-size="26018" />
	<plugin fragment="true" id="org.eclipse.compare.core.nl_pl" unpack="false" version="3.5.0.v20090620043401" download-size="2386" install-size="2386" />
	<plugin fragment="true" id="org.eclipse.compare.examples.nl_pl" unpack="false" version="3.5.0.v20090620043401" download-size="2391" install-size="2391" />
	<plugin fragment="true" id="org.eclipse.compare.examples.xml.nl_pl" unpack="false" version="3.5.0.v20090620043401" download-size="2553" install-size="2553" />
	<plugin fragment="true" id="org.eclipse.compare.nl_pl" unpack="false" version="3.5.0.v20090620043401" download-size="13375" install-size="13375" />
	<plugin fragment="true" id="org.eclipse.compare.tests.nl_pl" unpack="false" version="3.5.0.v20090620043401" download-size="1601" install-size="1601" />
	<plugin fragment="true" id="org.eclipse.compare.win32.nl_pl" unpack="false" version="3.5.0.v20090620043401" download-size="2548" install-size="2548" />
	<plugin fragment="true" id="org.eclipse.core.boot.nl_pl" unpack="false" version="3.5.0.v20090620043401" download-size="1403" install-size="1403" />
	<plugin fragment="true" id="org.eclipse.core.commands.nl_pl" unpack="false" version="3.5.0.v20090620043401" download-size="1383" install-size="1383" />
	<plugin fragment="true" id="org.eclipse.core.contenttype.nl_pl" unpack="false" version="3.5.0.v20090620043401" download-size="2688" install-size="2688" />
	<plugin fragment="true" id="org.eclipse.core.databinding.beans.nl_pl" unpack="false" version="3.5.0.v20090620043401" download-size="1374" install-size="1374" />
	<plugin fragment="true" id="org.eclipse.core.databinding.nl_pl" unpack="false" version="3.5.0.v20090620043401" download-size="2640" install-size="2640" />
	<plugin fragment="true" id="org.eclipse.core.databinding.observable.nl_pl" unpack="false" version="3.5.0.v20090620043401" download-size="1378" install-size="1378" />
	<plugin fragment="true" id="org.eclipse.core.databinding.property.nl_pl" unpack="false" version="3.5.0.v20090620043401" download-size="1376" install-size="1376" />
	<plugin fragment="true" id="org.eclipse.core.expressions.nl_pl" unpack="false" version="3.5.0.v20090620043401" download-size="2864" install-size="2864" />
	<plugin fragment="true" id="org.eclipse.core.expressions.tests.nl_pl" unpack="false" version="3.5.0.v20090620043401" download-size="1373" install-size="1373" />
	<plugin fragment="true" id="org.eclipse.core.filebuffers.nl_pl" unpack="false" version="3.5.0.v20090620043401" download-size="4086" install-size="4086" />
	<plugin fragment="true" id="org.eclipse.core.filebuffers.tests.nl_pl" unpack="false" version="3.5.0.v20090620043401" download-size="1407" install-size="1407" />
	<plugin fragment="true" id="org.eclipse.core.filesystem.nl_pl" unpack="false" version="3.5.0.v20090620043401" download-size="3007" install-size="3007" />
	<plugin fragment="true" id="org.eclipse.core.jobs.nl_pl" unpack="false" version="3.5.0.v20090620043401" download-size="2412" install-size="2412" />
	<plugin fragment="true" id="org.eclipse.core.net.linux.x86.nl_pl" unpack="false" version="3.5.0.v20090620043401" download-size="1403" install-size="1403" />
	<plugin fragment="true" id="org.eclipse.core.net.nl_pl" unpack="false" version="3.5.0.v20090620043401" download-size="1420" install-size="1420" />
	<plugin fragment="true" id="org.eclipse.core.net.win32.x86.nl_pl" unpack="false" version="3.5.0.v20090620043401" download-size="1405" install-size="1405" />
	<plugin fragment="true" id="org.eclipse.core.resources.nl_pl" unpack="false" version="3.5.0.v20090620043401" download-size="9479" install-size="9479" />
	<plugin fragment="true" id="org.eclipse.core.runtime.compatibility.auth.nl_pl" unpack="false" version="3.5.0.v20090620043401" download-size="2583" install-size="2583" />
	<plugin fragment="true" id="org.eclipse.core.runtime.compatibility.nl_pl" unpack="false" version="3.5.0.v20090620043401" download-size="2498" install-size="2498" />
	<plugin fragment="true" id="org.eclipse.core.runtime.nl_pl" unpack="false" version="3.5.0.v20090620043401" download-size="3796" install-size="3796" />
	<plugin fragment="true" id="org.eclipse.core.variables.nl_pl" unpack="false" version="3.5.0.v20090620043401" download-size="2553" install-size="2553" />
	<plugin fragment="true" id="org.eclipse.cvs.nl_pl" unpack="false" version="3.5.0.v20090620043401" download-size="1362" install-size="1362" />
	<plugin fragment="true" id="org.eclipse.debug.core.nl_pl" unpack="false" version="3.5.0.v20090620043401" download-size="6579" install-size="6579" />
	<plugin fragment="true" id="org.eclipse.debug.examples.ui.nl_pl" unpack="false" version="3.5.0.v20090620043401" download-size="2372" install-size="2372" />
	<plugin fragment="true" id="org.eclipse.debug.ui.nl_pl" unpack="false" version="3.5.0.v20090620043401" download-size="30805" install-size="30805" />
	<plugin fragment="true" id="org.eclipse.equinox.app.nl_pl" unpack="false" version="3.5.0.v20090620043401" download-size="2406" install-size="2406" />
	<plugin fragment="true" id="org.eclipse.equinox.cm.nl_pl" unpack="false" version="3.5.0.v20090620043401" download-size="1367" install-size="1367" />
	<plugin fragment="true" id="org.eclipse.equinox.common.nl_pl" unpack="false" version="3.5.0.v20090620043401" download-size="3224" install-size="3224" />
	<plugin fragment="true" id="org.eclipse.equinox.concurrent.nl_pl" unpack="false" version="3.5.0.v20090620043401" download-size="1373" install-size="1373" />
	<plugin fragment="true" id="org.eclipse.equinox.device.nl_pl" unpack="false" version="3.5.0.v20090620043401" download-size="3155" install-size="3155" />
	<plugin fragment="true" id="org.eclipse.equinox.ds.nl_pl" unpack="false" version="3.5.0.v20090620043401" download-size="1367" install-size="1367" />
	<plugin fragment="true" id="org.eclipse.equinox.event.nl_pl" unpack="false" version="3.5.0.v20090620043401" download-size="2380" install-size="2380" />
	<plugin fragment="true" id="org.eclipse.equinox.http.jetty5.nl_pl" unpack="false" version="3.5.0.v20090620043401" download-size="1373" install-size="1373" />
	<plugin fragment="true" id="org.eclipse.equinox.http.jetty6.nl_pl" unpack="false" version="3.5.0.v20090620043401" download-size="1373" install-size="1373" />
	<plugin fragment="true" id="org.eclipse.equinox.http.nl_pl" unpack="false" version="3.5.0.v20090620043401" download-size="3873" install-size="3873" />
	<plugin fragment="true" id="org.eclipse.equinox.http.registry.nl_pl" unpack="false" version="3.5.0.v20090620043401" download-size="1374" install-size="1374" />
	<plugin fragment="true" id="org.eclipse.equinox.http.servlet.nl_pl" unpack="false" version="3.5.0.v20090620043401" download-size="1374" install-size="1374" />
	<plugin fragment="true" id="org.eclipse.equinox.http.servletbridge.nl_pl" unpack="false" version="3.5.0.v20090620043401" download-size="1378" install-size="1378" />
	<plugin fragment="true" id="org.eclipse.equinox.io.nl_pl" unpack="false" version="3.5.0.v20090620043401" download-size="1367" install-size="1367" />
	<plugin fragment="true" id="org.eclipse.equinox.ip.nl_pl" unpack="false" version="3.5.0.v20090620043401" download-size="1367" install-size="1367" />
	<plugin fragment="true" id="org.eclipse.equinox.jsp.jasper.nl_pl" unpack="false" version="3.5.0.v20090620043401" download-size="1372" install-size="1372" />
	<plugin fragment="true" id="org.eclipse.equinox.jsp.jasper.registry.nl_pl" unpack="false" version="3.5.0.v20090620043401" download-size="1378" install-size="1378" />
	<plugin fragment="true" id="org.eclipse.equinox.launcher.carbon.macosx.nl_pl" unpack="false" version="3.5.0.v20090620043401" download-size="1411" install-size="1411" />
	<plugin fragment="true" id="org.eclipse.equinox.launcher.cocoa.macosx.nl_pl" unpack="false" version="3.5.0.v20090620043401" download-size="1409" install-size="1409" />
	<plugin fragment="true" id="org.eclipse.equinox.launcher.gtk.linux.ppc.nl_pl" unpack="false" version="3.5.0.v20090620043401" download-size="1412" install-size="1412" />
	<plugin fragment="true" id="org.eclipse.equinox.launcher.gtk.linux.s390.nl_pl" unpack="false" version="3.5.0.v20090620043401" download-size="1415" install-size="1415" />
	<plugin fragment="true" id="org.eclipse.equinox.launcher.gtk.linux.s390x.nl_pl" unpack="false" version="3.5.0.v20090620043401" download-size="1418" install-size="1418" />
	<plugin fragment="true" id="org.eclipse.equinox.launcher.gtk.linux.x86.nl_pl" unpack="false" version="3.5.0.v20090620043401" download-size="1413" install-size="1413" />
	<plugin fragment="true" id="org.eclipse.equinox.launcher.gtk.solaris.sparc.nl_pl" unpack="false" version="3.5.0.v20090620043401" download-size="1425" install-size="1425" />
	<plugin fragment="true" id="org.eclipse.equinox.launcher.gtk.solaris.x86.nl_pl" unpack="false" version="3.5.0.v20090620043401" download-size="1418" install-size="1418" />
	<plugin fragment="true" id="org.eclipse.equinox.launcher.motif.aix.ppc.nl_pl" unpack="false" version="3.5.0.v20090620043401" download-size="1412" install-size="1412" />
	<plugin fragment="true" id="org.eclipse.equinox.launcher.motif.linux.x86.nl_pl" unpack="false" version="3.5.0.v20090620043401" download-size="1417" install-size="1417" />
	<plugin fragment="true" id="org.eclipse.equinox.launcher.motif.solaris.sparc.nl_pl" unpack="false" version="3.5.0.v20090620043401" download-size="1432" install-size="1432" />
	<plugin fragment="true" id="org.eclipse.equinox.launcher.nl_pl" unpack="false" version="3.5.0.v20090620043401" download-size="1375" install-size="1375" />
	<plugin fragment="true" id="org.eclipse.equinox.launcher.win32.win32.ia64.nl_pl" unpack="false" version="3.5.0.v20090620043401" download-size="1418" install-size="1418" />
	<plugin fragment="true" id="org.eclipse.equinox.launcher.win32.win32.x86.nl_pl" unpack="false" version="3.5.0.v20090620043401" download-size="1415" install-size="1415" />
	<plugin fragment="true" id="org.eclipse.equinox.launcher.wpf.win32.x86.nl_pl" unpack="false" version="3.5.0.v20090620043401" download-size="1413" install-size="1413" />
	<plugin fragment="true" id="org.eclipse.equinox.log.nl_pl" unpack="false" version="3.5.0.v20090620043401" download-size="1368" install-size="1368" />
	<plugin fragment="true" id="org.eclipse.equinox.metatype.nl_pl" unpack="false" version="3.5.0.v20090620043401" download-size="2850" install-size="2850" />
	<plugin fragment="true" id="org.eclipse.equinox.preferences.nl_pl" unpack="false" version="3.5.0.v20090620043401" download-size="3024" install-size="3024" />
	<plugin fragment="true" id="org.eclipse.equinox.registry.nl_pl" unpack="false" version="3.5.0.v20090620043401" download-size="3510" install-size="3510" />
	<plugin fragment="true" id="org.eclipse.equinox.security.nl_pl" unpack="false" version="3.5.0.v20090620043401" download-size="2641" install-size="2641" />
	<plugin fragment="true" id="org.eclipse.equinox.security.ui.nl_pl" unpack="false" version="3.5.0.v20090620043401" download-size="3595" install-size="3595" />
	<plugin fragment="true" id="org.eclipse.equinox.servletbridge.nl_pl" unpack="false" version="3.5.0.v20090620043401" download-size="1374" install-size="1374" />
	<plugin fragment="true" id="org.eclipse.equinox.transforms.xslt.nl_pl" unpack="false" version="3.5.0.v20090620043401" download-size="1375" install-size="1375" />
	<plugin fragment="true" id="org.eclipse.equinox.useradmin.nl_pl" unpack="false" version="3.5.0.v20090620043401" download-size="3272" install-size="3272" />
	<plugin fragment="true" id="org.eclipse.equinox.util.nl_pl" unpack="false" version="3.5.0.v20090620043401" download-size="1368" install-size="1368" />
	<plugin fragment="true" id="org.eclipse.equinox.wireadmin.nl_pl" unpack="false" version="3.5.0.v20090620043401" download-size="1372" install-size="1372" />
	<plugin fragment="true" id="org.eclipse.help.appserver.nl_pl" unpack="false" version="3.5.0.v20090620043401" download-size="2591" install-size="2591" />
	<plugin fragment="true" id="org.eclipse.help.base.nl_pl" unpack="false" version="3.5.0.v20090620043401" download-size="4219" install-size="4219" />
	<plugin fragment="true" id="org.eclipse.help.nl_pl" unpack="false" version="3.5.0.v20090620043401" download-size="1518" install-size="1518" />
	<plugin fragment="true" id="org.eclipse.help.ui.nl_pl" unpack="false" version="3.5.0.v20090620043401" download-size="5275" install-size="5275" />
	<plugin fragment="true" id="org.eclipse.help.webapp.nl_pl" unpack="false" version="3.5.0.v20090620043401" download-size="4527" install-size="4527" />
	<plugin fragment="true" id="org.eclipse.jdt.apt.core.nl_pl" unpack="false" version="3.5.0.v20090620043401" download-size="3885" install-size="3885" />
	<plugin fragment="true" id="org.eclipse.jdt.apt.pluggable.core.nl_pl" unpack="false" version="3.5.0.v20090620043401" download-size="1374" install-size="1374" />
	<plugin fragment="true" id="org.eclipse.jdt.apt.pluggable.tests.nl_pl" unpack="false" version="3.5.0.v20090620043401" download-size="1375" install-size="1375" />
	<plugin fragment="true" id="org.eclipse.jdt.apt.tests.nl_pl" unpack="false" version="3.5.0.v20090620043401" download-size="1368" install-size="1368" />
	<plugin fragment="true" id="org.eclipse.jdt.apt.ui.nl_pl" unpack="false" version="3.5.0.v20090620043401" download-size="4667" install-size="4667" />
	<plugin fragment="true" id="org.eclipse.jdt.compiler.apt.tests.nl_pl" unpack="false" version="3.5.0.v20090620043401" download-size="1374" install-size="1374" />
	<plugin fragment="true" id="org.eclipse.jdt.compiler.tool.tests.nl_pl" unpack="false" version="3.5.0.v20090620043401" download-size="1374" install-size="1374" />
	<plugin fragment="true" id="org.eclipse.jdt.core.manipulation.nl_pl" unpack="false" version="3.5.0.v20090620043401" download-size="3272" install-size="3272" />
	<plugin fragment="true" id="org.eclipse.jdt.core.nl_pl" unpack="false" version="3.5.0.v20090620043401" download-size="30892" install-size="30892" />
	<plugin fragment="true" id="org.eclipse.jdt.core.tests.builder.nl_pl" unpack="false" version="3.5.0.v20090620043401" download-size="1398" install-size="1398" />
	<plugin fragment="true" id="org.eclipse.jdt.core.tests.compiler.nl_pl" unpack="false" version="3.5.0.v20090620043401" download-size="1375" install-size="1375" />
	<plugin fragment="true" id="org.eclipse.jdt.core.tests.model.nl_pl" unpack="false" version="3.5.0.v20090620043401" download-size="12594" install-size="12594" />
	<plugin fragment="true" id="org.eclipse.jdt.core.tests.performance.nl_pl" unpack="false" version="3.5.0.v20090620043401" download-size="1377" install-size="1377" />
	<plugin fragment="true" id="org.eclipse.jdt.debug.nl_pl" unpack="false" version="3.5.0.v20090620043401" download-size="21794" install-size="21794" />
	<plugin fragment="true" id="org.eclipse.jdt.debug.tests.nl_pl" unpack="false" version="3.5.0.v20090620043401" download-size="1370" install-size="1370" />
	<plugin fragment="true" id="org.eclipse.jdt.debug.ui.nl_pl" unpack="false" version="3.5.0.v20090620043401" download-size="28124" install-size="28124" />
	<plugin fragment="true" id="org.eclipse.jdt.doc.isv.nl_pl" unpack="false" version="3.5.0.v20090620043401" download-size="1830" install-size="1830" />
	<plugin fragment="true" id="org.eclipse.jdt.doc.user.nl_pl" unpack="false" version="3.5.0.v20090620043401" download-size="1801" install-size="1801" />
	<plugin fragment="true" id="org.eclipse.jdt.junit.nl_pl" unpack="false" version="3.5.0.v20090620043401" download-size="9013" install-size="9013" />
	<plugin fragment="true" id="org.eclipse.jdt.junit.runtime.nl_pl" unpack="false" version="3.5.0.v20090620043401" download-size="2970" install-size="2970" />
	<plugin fragment="true" id="org.eclipse.jdt.junit4.runtime.nl_pl" unpack="false" version="3.5.0.v20090620043401" download-size="1445" install-size="1445" />
	<plugin fragment="true" id="org.eclipse.jdt.launching.macosx.nl_pl" unpack="false" version="3.5.0.v20090620043401" download-size="1374" install-size="1374" />
	<plugin fragment="true" id="org.eclipse.jdt.launching.nl_pl" unpack="false" version="3.5.0.v20090620043401" download-size="6725" install-size="6725" />
	<plugin fragment="true" id="org.eclipse.jdt.launching.ui.macosx.nl_pl" unpack="false" version="3.5.0.v20090620043401" download-size="2606" install-size="2606" />
	<plugin fragment="true" id="org.eclipse.jdt.nl_pl" unpack="false" version="3.5.0.v20090620043401" download-size="1523" install-size="1523" />
	<plugin fragment="true" id="org.eclipse.jdt.text.tests.nl_pl" unpack="false" version="3.5.0.v20090620043401" download-size="1373" install-size="1373" />
	<plugin fragment="true" id="org.eclipse.jdt.ui.examples.projects.nl_pl" unpack="false" version="3.5.0.v20090620043401" download-size="2704" install-size="2704" />
	<plugin fragment="true" id="org.eclipse.jdt.ui.nl_pl" unpack="false" version="3.5.0.v20090620043401" download-size="158764" install-size="158764" />
	<plugin fragment="true" id="org.eclipse.jdt.ui.tests.nl_pl" unpack="false" version="3.5.0.v20090620043401" download-size="1373" install-size="1373" />
	<plugin fragment="true" id="org.eclipse.jdt.ui.tests.refactoring.nl_pl" unpack="false" version="3.5.0.v20090620043401" download-size="1381" install-size="1381" />
	<plugin fragment="true" id="org.eclipse.jface.databinding.nl_pl" unpack="false" version="3.5.0.v20090620043401" download-size="1414" install-size="1414" />
	<plugin fragment="true" id="org.eclipse.jface.examples.databinding.nl_pl" unpack="false" version="3.5.0.v20090620043401" download-size="1378" install-size="1378" />
	<plugin fragment="true" id="org.eclipse.jface.nl_pl" unpack="false" version="3.5.0.v20090620043401" download-size="9713" install-size="9713" />
	<plugin fragment="true" id="org.eclipse.jface.tests.databinding.conformance.nl_pl" unpack="false" version="3.5.0.v20090620043401" download-size="1383" install-size="1383" />
	<plugin fragment="true" id="org.eclipse.jface.tests.databinding.nl_pl" unpack="false" version="3.5.0.v20090620043401" download-size="1375" install-size="1375" />
	<plugin fragment="true" id="org.eclipse.jface.text.nl_pl" unpack="false" version="3.5.0.v20090620043401" download-size="11197" install-size="11197" />
	<plugin fragment="true" id="org.eclipse.jface.text.tests.nl_pl" unpack="false" version="3.5.0.v20090620043401" download-size="1375" install-size="1375" />
	<plugin fragment="true" id="org.eclipse.jsch.core.nl_pl" unpack="false" version="3.5.0.v20090620043401" download-size="2333" install-size="2333" />
	<plugin fragment="true" id="org.eclipse.jsch.ui.nl_pl" unpack="false" version="3.5.0.v20090620043401" download-size="3930" install-size="3930" />
	<plugin fragment="true" id="org.eclipse.ltk.core.refactoring.nl_pl" unpack="false" version="3.5.0.v20090620043401" download-size="4662" install-size="4662" />
	<plugin fragment="true" id="org.eclipse.ltk.core.refactoring.tests.nl_pl" unpack="false" version="3.5.0.v20090620043401" download-size="1377" install-size="1377" />
	<plugin fragment="true" id="org.eclipse.ltk.ui.refactoring.nl_pl" unpack="false" version="3.5.0.v20090620043401" download-size="8260" install-size="8260" />
	<plugin fragment="true" id="org.eclipse.ltk.ui.refactoring.tests.nl_pl" unpack="false" version="3.5.0.v20090620043401" download-size="1376" install-size="1376" />
	<plugin fragment="true" id="org.eclipse.osgi.nl_pl" unpack="false" version="3.5.0.v20090620043401" download-size="6663" install-size="6663" />
	<plugin fragment="true" id="org.eclipse.osgi.services.nl_pl" unpack="false" version="3.5.0.v20090620043401" download-size="1569" install-size="1569" />
	<plugin fragment="true" id="org.eclipse.osgi.util.nl_pl" unpack="false" version="3.5.0.v20090620043401" download-size="1567" install-size="1567" />
	<plugin fragment="true" id="org.eclipse.pde.api.tools.nl_pl" unpack="false" version="3.5.0.v20090620043401" download-size="3648" install-size="3648" />
	<plugin fragment="true" id="org.eclipse.pde.api.tools.ui.nl_pl" unpack="false" version="3.5.0.v20090620043401" download-size="5313" install-size="5313" />
	<plugin fragment="true" id="org.eclipse.pde.build.nl_pl" unpack="false" version="3.5.0.v20090620043401" download-size="5133" install-size="5133" />
	<plugin fragment="true" id="org.eclipse.pde.build.tests.nl_pl" unpack="false" version="3.5.0.v20090620043401" download-size="1372" install-size="1372" />
	<plugin fragment="true" id="org.eclipse.pde.core.nl_pl" unpack="false" version="3.5.0.v20090620043401" download-size="7700" install-size="7700" />
	<plugin fragment="true" id="org.eclipse.pde.doc.user.nl_pl" unpack="false" version="3.5.0.v20090620043401" download-size="1801" install-size="1801" />
	<plugin fragment="true" id="org.eclipse.pde.ds.core.nl_pl" unpack="false" version="3.5.0.v20090620043401" download-size="2364" install-size="2364" />
	<plugin fragment="true" id="org.eclipse.pde.ds.tests.nl_pl" unpack="false" version="3.5.0.v20090620043401" download-size="1367" install-size="1367" />
	<plugin fragment="true" id="org.eclipse.pde.ds.ui.nl_pl" unpack="false" version="3.5.0.v20090620043401" download-size="2905" install-size="2905" />
	<plugin fragment="true" id="org.eclipse.pde.junit.runtime.nl_pl" unpack="false" version="3.5.0.v20090620043401" download-size="1412" install-size="1412" />
	<plugin fragment="true" id="org.eclipse.pde.nl_pl" unpack="false" version="3.5.0.v20090620043401" download-size="1378" install-size="1378" />
	<plugin fragment="true" id="org.eclipse.pde.runtime.nl_pl" unpack="false" version="3.5.0.v20090620043401" download-size="2786" install-size="2786" />
	<plugin fragment="true" id="org.eclipse.pde.tools.versioning.nl_pl" unpack="false" version="3.5.0.v20090620043401" download-size="1388" install-size="1388" />
	<plugin fragment="true" id="org.eclipse.pde.ua.core.nl_pl" unpack="false" version="3.5.0.v20090620043401" download-size="1367" install-size="1367" />
	<plugin fragment="true" id="org.eclipse.pde.ua.ui.nl_pl" unpack="false" version="3.5.0.v20090620043401" download-size="10973" install-size="10973" />
	<plugin fragment="true" id="org.eclipse.pde.ui.nl_pl" unpack="false" version="3.5.0.v20090620043401" download-size="35675" install-size="35675" />
	<plugin fragment="true" id="org.eclipse.pde.ui.templates.nl_pl" unpack="false" version="3.5.0.v20090620043401" download-size="2689" install-size="2689" />
	<plugin fragment="true" id="org.eclipse.platform.doc.isv.nl_pl" unpack="false" version="3.5.0.v20090620043401" download-size="1435" install-size="1435" />
	<plugin fragment="true" id="org.eclipse.platform.doc.user.nl_pl" unpack="false" version="3.5.0.v20090620043401" download-size="1391" install-size="1391" />
	<plugin fragment="true" id="org.eclipse.platform.nl_pl" unpack="false" version="3.5.0.v20090620043401" download-size="2366" install-size="2366" />
	<plugin fragment="true" id="org.eclipse.rcp.nl_pl" unpack="false" version="3.5.0.v20090620043401" download-size="1755" install-size="1755" />
	<plugin fragment="true" id="org.eclipse.releng.tools.nl_pl" unpack="false" version="3.5.0.v20090620043401" download-size="2234" install-size="2234" />
	<plugin fragment="true" id="org.eclipse.sdk.examples.nl_pl" unpack="false" version="3.5.0.v20090620043401" download-size="1369" install-size="1369" />
	<plugin fragment="true" id="org.eclipse.sdk.nl_pl" unpack="false" version="3.5.0.v20090620043401" download-size="2748" install-size="2748" />
	<plugin fragment="true" id="org.eclipse.sdk.tests.nl_pl" unpack="false" version="3.5.0.v20090620043401" download-size="1366" install-size="1366" />
	<plugin fragment="true" id="org.eclipse.search.nl_pl" unpack="false" version="3.5.0.v20090620043401" download-size="7884" install-size="7884" />
	<plugin fragment="true" id="org.eclipse.search.tests.nl_pl" unpack="false" version="3.5.0.v20090620043401" download-size="1368" install-size="1368" />
	<plugin fragment="true" id="org.eclipse.swt.examples.browser.demos.nl_pl" unpack="false" version="3.5.0.v20090620043401" download-size="1377" install-size="1377" />
	<plugin fragment="true" id="org.eclipse.swt.examples.browser.nl_pl" unpack="false" version="3.5.0.v20090620043401" download-size="1423" install-size="1423" />
	<plugin fragment="true" id="org.eclipse.swt.examples.controls.nl_pl" unpack="false" version="3.5.0.v20090620043401" download-size="1374" install-size="1374" />
	<plugin fragment="true" id="org.eclipse.swt.examples.launcher.nl_pl" unpack="false" version="3.5.0.v20090620043401" download-size="1474" install-size="1474" />
	<plugin fragment="true" id="org.eclipse.swt.examples.layouts.nl_pl" unpack="false" version="3.5.0.v20090620043401" download-size="1373" install-size="1373" />
	<plugin fragment="true" id="org.eclipse.swt.examples.nl_pl" unpack="false" version="3.5.0.v20090620043401" download-size="5951" install-size="5951" />
	<plugin fragment="true" id="org.eclipse.swt.examples.ole.win32.nl_pl" unpack="false" version="3.5.0.v20090620043401" download-size="1487" install-size="1487" />
	<plugin fragment="true" id="org.eclipse.swt.examples.paint.nl_pl" unpack="false" version="3.5.0.v20090620043401" download-size="1372" install-size="1372" />
	<plugin fragment="true" id="org.eclipse.swt.nl_pl" unpack="false" version="3.5.0.v20090620043401" download-size="2585" install-size="2585" />
	<plugin fragment="true" id="org.eclipse.swt.tests.nl_pl" unpack="false" version="3.5.0.v20090620043401" download-size="1377" install-size="1377" />
	<plugin fragment="true" id="org.eclipse.swt.tools.nl_pl" unpack="false" version="3.5.0.v20090620043401" download-size="1366" install-size="1366" />
	<plugin fragment="true" id="org.eclipse.team.core.nl_pl" unpack="false" version="3.5.0.v20090620043401" download-size="4551" install-size="4551" />
	<plugin fragment="true" id="org.eclipse.team.cvs.core.nl_pl" unpack="false" version="3.5.0.v20090620043401" download-size="8441" install-size="8441" />
	<plugin fragment="true" id="org.eclipse.team.cvs.ssh.nl_pl" unpack="false" version="3.5.0.v20090620043401" download-size="3218" install-size="3218" />
	<plugin fragment="true" id="org.eclipse.team.cvs.ssh2.nl_pl" unpack="false" version="3.5.0.v20090620043401" download-size="3653" install-size="3653" />
	<plugin fragment="true" id="org.eclipse.team.cvs.ui.nl_pl" unpack="false" version="3.5.0.v20090620043401" download-size="26453" install-size="26453" />
	<plugin fragment="true" id="org.eclipse.team.examples.filesystem.nl_pl" unpack="false" version="3.5.0.v20090620043401" download-size="2352" install-size="2352" />
	<plugin fragment="true" id="org.eclipse.team.tests.cvs.core.nl_pl" unpack="false" version="3.5.0.v20090620043401" download-size="1433" install-size="1433" />
	<plugin fragment="true" id="org.eclipse.team.ui.nl_pl" unpack="false" version="3.5.0.v20090620043401" download-size="12415" install-size="12415" />
	<plugin fragment="true" id="org.eclipse.text.nl_pl" unpack="false" version="3.5.0.v20090620043401" download-size="3884" install-size="3884" />
	<plugin fragment="true" id="org.eclipse.text.tests.nl_pl" unpack="false" version="3.5.0.v20090620043401" download-size="1371" install-size="1371" />
	<plugin fragment="true" id="org.eclipse.ui.browser.nl_pl" unpack="false" version="3.5.0.v20090620043401" download-size="3824" install-size="3824" />
	<plugin fragment="true" id="org.eclipse.ui.cheatsheets.nl_pl" unpack="false" version="3.5.0.v20090620043401" download-size="5838" install-size="5838" />
	<plugin fragment="true" id="org.eclipse.ui.console.nl_pl" unpack="false" version="3.5.0.v20090620043401" download-size="3454" install-size="3454" />
	<plugin fragment="true" id="org.eclipse.ui.editors.nl_pl" unpack="false" version="3.5.0.v20090620043401" download-size="12685" install-size="12685" />
	<plugin fragment="true" id="org.eclipse.ui.editors.tests.nl_pl" unpack="false" version="3.5.0.v20090620043401" download-size="1375" install-size="1375" />
	<plugin fragment="true" id="org.eclipse.ui.examples.contributions.nl_pl" unpack="false" version="3.5.0.v20090620043401" download-size="1522" install-size="1522" />
	<plugin fragment="true" id="org.eclipse.ui.examples.fieldassist.nl_pl" unpack="false" version="3.5.0.v20090620043401" download-size="2297" install-size="2297" />
	<plugin fragment="true" id="org.eclipse.ui.examples.javaeditor.nl_pl" unpack="false" version="3.5.0.v20090620043401" download-size="2364" install-size="2364" />
	<plugin fragment="true" id="org.eclipse.ui.examples.multipageeditor.nl_pl" unpack="false" version="3.5.0.v20090620043401" download-size="2361" install-size="2361" />
	<plugin fragment="true" id="org.eclipse.ui.examples.propertysheet.nl_pl" unpack="false" version="3.5.0.v20090620043401" download-size="2402" install-size="2402" />
	<plugin fragment="true" id="org.eclipse.ui.examples.readmetool.nl_pl" unpack="false" version="3.5.0.v20090620043401" download-size="2337" install-size="2337" />
	<plugin fragment="true" id="org.eclipse.ui.examples.undo.nl_pl" unpack="false" version="3.5.0.v20090620043401" download-size="2223" install-size="2223" />
	<plugin fragment="true" id="org.eclipse.ui.examples.views.properties.tabbed.article.nl_pl" unpack="false" version="3.5.0.v20090620043401" download-size="1469" install-size="1469" />
	<plugin fragment="true" id="org.eclipse.ui.externaltools.nl_pl" unpack="false" version="3.5.0.v20090620043401" download-size="9206" install-size="9206" />
	<plugin fragment="true" id="org.eclipse.ui.forms.nl_pl" unpack="false" version="3.5.0.v20090620043401" download-size="2283" install-size="2283" />
	<plugin fragment="true" id="org.eclipse.ui.ide.application.nl_pl" unpack="false" version="3.5.0.v20090620043401" download-size="1496" install-size="1496" />
	<plugin fragment="true" id="org.eclipse.ui.ide.nl_pl" unpack="false" version="3.5.0.v20090620043401" download-size="30291" install-size="30291" />
	<plugin fragment="true" id="org.eclipse.ui.intro.nl_pl" unpack="false" version="3.5.0.v20090620043401" download-size="3792" install-size="3792" />
	<plugin fragment="true" id="org.eclipse.ui.intro.universal.nl_pl" unpack="false" version="3.5.0.v20090620043401" download-size="5921" install-size="5921" />
	<plugin fragment="true" id="org.eclipse.ui.navigator.nl_pl" unpack="false" version="3.5.0.v20090620043401" download-size="3948" install-size="3948" />
	<plugin fragment="true" id="org.eclipse.ui.navigator.resources.nl_pl" unpack="false" version="3.5.0.v20090620043401" download-size="3623" install-size="3623" />
	<plugin fragment="true" id="org.eclipse.ui.net.nl_pl" unpack="false" version="3.5.0.v20090620043401" download-size="2529" install-size="2529" />
	<plugin fragment="true" id="org.eclipse.ui.nl_pl" unpack="false" version="3.5.0.v20090620043401" download-size="5203" install-size="5203" />
	<plugin fragment="true" id="org.eclipse.ui.presentations.r21.nl_pl" unpack="false" version="3.5.0.v20090620043401" download-size="2538" install-size="2538" />
	<plugin fragment="true" id="org.eclipse.ui.tests.views.properties.tabbed.nl_pl" unpack="false" version="3.5.0.v20090620043401" download-size="1430" install-size="1430" />
	<plugin fragment="true" id="org.eclipse.ui.views.log.nl_pl" unpack="false" version="3.5.0.v20090620043401" download-size="3569" install-size="3569" />
	<plugin fragment="true" id="org.eclipse.ui.views.nl_pl" unpack="false" version="3.5.0.v20090620043401" download-size="3219" install-size="3219" />
	<plugin fragment="true" id="org.eclipse.ui.views.properties.tabbed.nl_pl" unpack="false" version="3.5.0.v20090620043401" download-size="3138" install-size="3138" />
	<plugin fragment="true" id="org.eclipse.ui.workbench.nl_pl" unpack="false" version="3.5.0.v20090620043401" download-size="26555" install-size="26555" />
	<plugin fragment="true" id="org.eclipse.ui.workbench.texteditor.nl_pl" unpack="false" version="3.5.0.v20090620043401" download-size="12570" install-size="12570" />
	<plugin fragment="true" id="org.eclipse.ui.workbench.texteditor.tests.nl_pl" unpack="false" version="3.5.0.v20090620043401" download-size="1384" install-size="1384" />
	<plugin fragment="true" id="org.eclipse.update.configurator.nl_pl" unpack="false" version="3.5.0.v20090620043401" download-size="3506" install-size="3506" />
	<plugin fragment="true" id="org.eclipse.update.core.nl_pl" unpack="false" version="3.5.0.v20090620043401" download-size="8966" install-size="8966" />
	<plugin fragment="true" id="org.eclipse.update.scheduler.nl_pl" unpack="false" version="3.5.0.v20090620043401" download-size="2929" install-size="2929" />
	<plugin fragment="true" id="org.eclipse.update.tests.core.nl_pl" unpack="false" version="3.5.0.v20090620043401" download-size="2485" install-size="2485" />
	<plugin fragment="true" id="org.eclipse.update.ui.nl_pl" unpack="false" version="3.5.0.v20090620043401" download-size="9592" install-size="9592" />
	<plugin fragment="true" id="org.junit4.nl_pl" unpack="false" version="3.5.0.v20090620043401" download-size="1360" install-size="1360" />
	<plugin fragment="true" id="security.a.nl_pl" unpack="false" version="3.5.0.v20090620043401" download-size="1376" install-size="1376" />
</feature>