<?xml version="1.0" encoding="UTF-8" ?>
<feature
	id="org.eclipse.babel.nls_webtools.webservices_ar"
	label="Babel Language Pack for webtools.webservices in Arabic (89.12%)"
	image="eclipse_update_120.jpg"
	provider-name="%providerName"
	version="3.5.0.v20090620043401">
	<copyright>
		%copyright
	</copyright>
	<license url="%licenseURL">
		%license
	</license>
	<description>Babel Language Pack for webtools.webservices in Arabic</description>
	<plugin fragment="true" id="org.eclipse.jst.ws.axis.consumption.core.nl_ar" unpack="false" version="3.5.0.v20090620043401" download-size="4421" install-size="4421" />
	<plugin fragment="true" id="org.eclipse.jst.ws.axis.consumption.ui.nl_ar" unpack="false" version="3.5.0.v20090620043401" download-size="5095" install-size="5095" />
	<plugin fragment="true" id="org.eclipse.jst.ws.axis.creation.ui.nl_ar" unpack="false" version="3.5.0.v20090620043401" download-size="4212" install-size="4212" />
	<plugin fragment="true" id="org.eclipse.jst.ws.axis2.consumption.core.nl_ar" unpack="false" version="3.5.0.v20090620043401" download-size="2854" install-size="2854" />
	<plugin fragment="true" id="org.eclipse.jst.ws.axis2.consumption.ui.nl_ar" unpack="false" version="3.5.0.v20090620043401" download-size="1426" install-size="1426" />
	<plugin fragment="true" id="org.eclipse.jst.ws.axis2.core.nl_ar" unpack="false" version="3.5.0.v20090620043401" download-size="2695" install-size="2695" />
	<plugin fragment="true" id="org.eclipse.jst.ws.axis2.creation.core.nl_ar" unpack="false" version="3.5.0.v20090620043401" download-size="2822" install-size="2822" />
	<plugin fragment="true" id="org.eclipse.jst.ws.axis2.creation.ui.nl_ar" unpack="false" version="3.5.0.v20090620043401" download-size="1381" install-size="1381" />
	<plugin fragment="true" id="org.eclipse.jst.ws.axis2.ui.doc.user.nl_ar" unpack="false" version="3.5.0.v20090620043401" download-size="1377" install-size="1377" />
	<plugin fragment="true" id="org.eclipse.jst.ws.axis2.ui.nl_ar" unpack="false" version="3.5.0.v20090620043401" download-size="1376" install-size="1376" />
	<plugin fragment="true" id="org.eclipse.jst.ws.consumption.nl_ar" unpack="false" version="3.5.0.v20090620043401" download-size="5241" install-size="5241" />
	<plugin fragment="true" id="org.eclipse.jst.ws.consumption.ui.nl_ar" unpack="false" version="3.5.0.v20090620043401" download-size="12008" install-size="12008" />
	<plugin fragment="true" id="org.eclipse.jst.ws.creation.ejb.ui.nl_ar" unpack="false" version="3.5.0.v20090620043401" download-size="1538" install-size="1538" />
	<plugin fragment="true" id="org.eclipse.jst.ws.creation.ui.nl_ar" unpack="false" version="3.5.0.v20090620043401" download-size="3130" install-size="3130" />
	<plugin fragment="true" id="org.eclipse.jst.ws.nl_ar" unpack="false" version="3.5.0.v20090620043401" download-size="4027" install-size="4027" />
	<plugin fragment="true" id="org.eclipse.jst.ws.uddiregistry.nl_ar" unpack="false" version="3.5.0.v20090620043401" download-size="2877" install-size="2877" />
	<plugin fragment="true" id="org.eclipse.jst.ws.ui.nl_ar" unpack="false" version="3.5.0.v20090620043401" download-size="3947" install-size="3947" />
	<plugin fragment="true" id="org.eclipse.wst.command.env.core.nl_ar" unpack="false" version="3.5.0.v20090620043401" download-size="2712" install-size="2712" />
	<plugin fragment="true" id="org.eclipse.wst.command.env.nl_ar" unpack="false" version="3.5.0.v20090620043401" download-size="5248" install-size="5248" />
	<plugin fragment="true" id="org.eclipse.wst.command.env.ui.nl_ar" unpack="false" version="3.5.0.v20090620043401" download-size="3449" install-size="3449" />
	<plugin fragment="true" id="org.eclipse.wst.ws.explorer.nl_ar" unpack="false" version="3.5.0.v20090620043401" download-size="19268" install-size="19268" />
	<plugin fragment="true" id="org.eclipse.wst.ws.nl_ar" unpack="false" version="3.5.0.v20090620043401" download-size="2904" install-size="2904" />
	<plugin fragment="true" id="org.eclipse.wst.ws.parser.nl_ar" unpack="false" version="3.5.0.v20090620043401" download-size="3307" install-size="3307" />
	<plugin fragment="true" id="org.eclipse.wst.ws.service.policy.nl_ar" unpack="false" version="3.5.0.v20090620043401" download-size="1514" install-size="1514" />
	<plugin fragment="true" id="org.eclipse.wst.ws.service.policy.ui.nl_ar" unpack="false" version="3.5.0.v20090620043401" download-size="2926" install-size="2926" />
	<plugin fragment="true" id="org.eclipse.wst.ws.ui.nl_ar" unpack="false" version="3.5.0.v20090620043401" download-size="3324" install-size="3324" />
	<plugin fragment="true" id="org.eclipse.wst.wsdl.nl_ar" unpack="false" version="3.5.0.v20090620043401" download-size="1365" install-size="1365" />
	<plugin fragment="true" id="org.eclipse.wst.wsdl.ui.nl_ar" unpack="false" version="3.5.0.v20090620043401" download-size="6699" install-size="6699" />
	<plugin fragment="true" id="org.eclipse.wst.wsdl.validation.nl_ar" unpack="false" version="3.5.0.v20090620043401" download-size="8706" install-size="8706" />
	<plugin fragment="true" id="org.eclipse.wst.wsi.nl_ar" unpack="false" version="3.5.0.v20090620043401" download-size="6108" install-size="6108" />
	<plugin fragment="true" id="org.eclipse.wst.wsi.ui.nl_ar" unpack="false" version="3.5.0.v20090620043401" download-size="4180" install-size="4180" />
</feature>