<?xml version="1.0" encoding="UTF-8" ?>
<feature
	id="org.eclipse.babel.nls_technology.subversive_cs"
	label="Babel Language Pack for technology.subversive in Czech (18.24%)"
	image="eclipse_update_120.jpg"
	provider-name="%providerName"
	version="3.5.0.v20090620043401">
	<copyright>
		%copyright
	</copyright>
	<license url="%licenseURL">
		%license
	</license>
	<description>Babel Language Pack for technology.subversive in Czech</description>
	<plugin fragment="true" id="org.eclipse.team.svn.core.nl_cs" unpack="false" version="3.5.0.v20090620043401" download-size="2793" install-size="2793" />
	<plugin fragment="true" id="org.eclipse.team.svn.mylyn.nl_cs" unpack="false" version="3.5.0.v20090620043401" download-size="1369" install-size="1369" />
	<plugin fragment="true" id="org.eclipse.team.svn.ui.nl_cs" unpack="false" version="3.5.0.v20090620043401" download-size="7324" install-size="7324" />
</feature>