<?xml version="1.0" encoding="UTF-8" ?>
<feature
	id="org.eclipse.babel.nls_dsdp.tm_ja"
	label="Babel Language Pack for dsdp.tm in Japanese (42.54%)"
	image="eclipse_update_120.jpg"
	provider-name="%providerName"
	version="3.5.0.v20090620043401">
	<copyright>
		%copyright
	</copyright>
	<license url="%licenseURL">
		%license
	</license>
	<description>Babel Language Pack for dsdp.tm in Japanese</description>
	<plugin fragment="true" id="org.eclipse.dstore.core.nl_ja" unpack="false" version="3.5.0.v20090620043401" download-size="1396" install-size="1396" />
	<plugin fragment="true" id="org.eclipse.dstore.doc.isv.nl_ja" unpack="false" version="3.5.0.v20090620043401" download-size="1370" install-size="1370" />
	<plugin fragment="true" id="org.eclipse.dstore.extra.nl_ja" unpack="false" version="3.5.0.v20090620043401" download-size="1423" install-size="1423" />
	<plugin fragment="true" id="org.eclipse.rse.connectorservice.dstore.nl_ja" unpack="false" version="3.5.0.v20090620043401" download-size="3523" install-size="3523" />
	<plugin fragment="true" id="org.eclipse.rse.connectorservice.local.nl_ja" unpack="false" version="3.5.0.v20090620043401" download-size="2637" install-size="2637" />
	<plugin fragment="true" id="org.eclipse.rse.connectorservice.ssh.nl_ja" unpack="false" version="3.5.0.v20090620043401" download-size="3020" install-size="3020" />
	<plugin fragment="true" id="org.eclipse.rse.connectorservice.telnet.nl_ja" unpack="false" version="3.5.0.v20090620043401" download-size="1425" install-size="1425" />
	<plugin fragment="true" id="org.eclipse.rse.core.nl_ja" unpack="false" version="3.5.0.v20090620043401" download-size="2852" install-size="2852" />
	<plugin fragment="true" id="org.eclipse.rse.discovery.nl_ja" unpack="false" version="3.5.0.v20090620043401" download-size="2386" install-size="2386" />
	<plugin fragment="true" id="org.eclipse.rse.doc.isv.nl_ja" unpack="false" version="3.5.0.v20090620043401" download-size="1368" install-size="1368" />
	<plugin fragment="true" id="org.eclipse.rse.doc.user.nl_ja" unpack="false" version="3.5.0.v20090620043401" download-size="1406" install-size="1406" />
	<plugin fragment="true" id="org.eclipse.rse.dstore.security.nl_ja" unpack="false" version="3.5.0.v20090620043401" download-size="2995" install-size="2995" />
	<plugin fragment="true" id="org.eclipse.rse.efs.nl_ja" unpack="false" version="3.5.0.v20090620043401" download-size="1430" install-size="1430" />
	<plugin fragment="true" id="org.eclipse.rse.efs.ui.nl_ja" unpack="false" version="3.5.0.v20090620043401" download-size="2584" install-size="2584" />
	<plugin fragment="true" id="org.eclipse.rse.examples.daytime.nl_ja" unpack="false" version="3.5.0.v20090620043401" download-size="1374" install-size="1374" />
	<plugin fragment="true" id="org.eclipse.rse.examples.tutorial.nl_ja" unpack="false" version="3.5.0.v20090620043401" download-size="1692" install-size="1692" />
	<plugin fragment="true" id="org.eclipse.rse.files.ui.nl_ja" unpack="false" version="3.5.0.v20090620043401" download-size="4888" install-size="4888" />
	<plugin fragment="true" id="org.eclipse.rse.importexport.nl_ja" unpack="false" version="3.5.0.v20090620043401" download-size="5445" install-size="5445" />
	<plugin fragment="true" id="org.eclipse.rse.nl_ja" unpack="false" version="3.5.0.v20090620043401" download-size="1363" install-size="1363" />
	<plugin fragment="true" id="org.eclipse.rse.processes.ui.nl_ja" unpack="false" version="3.5.0.v20090620043401" download-size="3359" install-size="3359" />
	<plugin fragment="true" id="org.eclipse.rse.remotecdt.nl_ja" unpack="false" version="3.5.0.v20090620043401" download-size="2408" install-size="2408" />
	<plugin fragment="true" id="org.eclipse.rse.sdk.nl_ja" unpack="false" version="3.5.0.v20090620043401" download-size="1365" install-size="1365" />
	<plugin fragment="true" id="org.eclipse.rse.services.dstore.nl_ja" unpack="false" version="3.5.0.v20090620043401" download-size="2763" install-size="2763" />
	<plugin fragment="true" id="org.eclipse.rse.services.files.ftp.nl_ja" unpack="false" version="3.5.0.v20090620043401" download-size="2829" install-size="2829" />
	<plugin fragment="true" id="org.eclipse.rse.services.local.nl_ja" unpack="false" version="3.5.0.v20090620043401" download-size="2487" install-size="2487" />
	<plugin fragment="true" id="org.eclipse.rse.services.nl_ja" unpack="false" version="3.5.0.v20090620043401" download-size="3318" install-size="3318" />
	<plugin fragment="true" id="org.eclipse.rse.services.ssh.nl_ja" unpack="false" version="3.5.0.v20090620043401" download-size="2540" install-size="2540" />
	<plugin fragment="true" id="org.eclipse.rse.services.telnet.nl_ja" unpack="false" version="3.5.0.v20090620043401" download-size="1408" install-size="1408" />
	<plugin fragment="true" id="org.eclipse.rse.shells.ui.nl_ja" unpack="false" version="3.5.0.v20090620043401" download-size="2993" install-size="2993" />
	<plugin fragment="true" id="org.eclipse.rse.subsystems.files.core.nl_ja" unpack="false" version="3.5.0.v20090620043401" download-size="3545" install-size="3545" />
	<plugin fragment="true" id="org.eclipse.rse.subsystems.files.dstore.nl_ja" unpack="false" version="3.5.0.v20090620043401" download-size="1553" install-size="1553" />
	<plugin fragment="true" id="org.eclipse.rse.subsystems.files.ftp.nl_ja" unpack="false" version="3.5.0.v20090620043401" download-size="3038" install-size="3038" />
	<plugin fragment="true" id="org.eclipse.rse.subsystems.files.local.nl_ja" unpack="false" version="3.5.0.v20090620043401" download-size="1427" install-size="1427" />
	<plugin fragment="true" id="org.eclipse.rse.subsystems.files.ssh.nl_ja" unpack="false" version="3.5.0.v20090620043401" download-size="1428" install-size="1428" />
	<plugin fragment="true" id="org.eclipse.rse.subsystems.processes.core.nl_ja" unpack="false" version="3.5.0.v20090620043401" download-size="2977" install-size="2977" />
	<plugin fragment="true" id="org.eclipse.rse.subsystems.processes.dstore.nl_ja" unpack="false" version="3.5.0.v20090620043401" download-size="1424" install-size="1424" />
	<plugin fragment="true" id="org.eclipse.rse.subsystems.processes.local.nl_ja" unpack="false" version="3.5.0.v20090620043401" download-size="1420" install-size="1420" />
	<plugin fragment="true" id="org.eclipse.rse.subsystems.processes.shell.linux.nl_ja" unpack="false" version="3.5.0.v20090620043401" download-size="1447" install-size="1447" />
	<plugin fragment="true" id="org.eclipse.rse.subsystems.shells.core.nl_ja" unpack="false" version="3.5.0.v20090620043401" download-size="1413" install-size="1413" />
	<plugin fragment="true" id="org.eclipse.rse.subsystems.shells.dstore.nl_ja" unpack="false" version="3.5.0.v20090620043401" download-size="1417" install-size="1417" />
	<plugin fragment="true" id="org.eclipse.rse.subsystems.shells.local.nl_ja" unpack="false" version="3.5.0.v20090620043401" download-size="1425" install-size="1425" />
	<plugin fragment="true" id="org.eclipse.rse.subsystems.shells.ssh.nl_ja" unpack="false" version="3.5.0.v20090620043401" download-size="1426" install-size="1426" />
	<plugin fragment="true" id="org.eclipse.rse.subsystems.shells.telnet.nl_ja" unpack="false" version="3.5.0.v20090620043401" download-size="1511" install-size="1511" />
	<plugin fragment="true" id="org.eclipse.rse.subsystems.terminals.core.nl_ja" unpack="false" version="3.5.0.v20090620043401" download-size="1378" install-size="1378" />
	<plugin fragment="true" id="org.eclipse.rse.subsystems.terminals.ssh.nl_ja" unpack="false" version="3.5.0.v20090620043401" download-size="1378" install-size="1378" />
	<plugin fragment="true" id="org.eclipse.rse.subsystems.wince.nl_ja" unpack="false" version="3.5.0.v20090620043401" download-size="1392" install-size="1392" />
	<plugin fragment="true" id="org.eclipse.rse.terminals.ui.nl_ja" unpack="false" version="3.5.0.v20090620043401" download-size="1405" install-size="1405" />
	<plugin fragment="true" id="org.eclipse.rse.tests.framework.nl_ja" unpack="false" version="3.5.0.v20090620043401" download-size="1460" install-size="1460" />
	<plugin fragment="true" id="org.eclipse.rse.tests.nl_ja" unpack="false" version="3.5.0.v20090620043401" download-size="2424" install-size="2424" />
	<plugin fragment="true" id="org.eclipse.rse.ui.nl_ja" unpack="false" version="3.5.0.v20090620043401" download-size="10857" install-size="10857" />
	<plugin fragment="true" id="org.eclipse.rse.useractions.nl_ja" unpack="false" version="3.5.0.v20090620043401" download-size="3781" install-size="3781" />
	<plugin fragment="true" id="org.eclipse.tm.discovery.doc.isv.nl_ja" unpack="false" version="3.5.0.v20090620043401" download-size="1374" install-size="1374" />
	<plugin fragment="true" id="org.eclipse.tm.discovery.engine.nl_ja" unpack="false" version="3.5.0.v20090620043401" download-size="1373" install-size="1373" />
	<plugin fragment="true" id="org.eclipse.tm.discovery.model.edit.nl_ja" unpack="false" version="3.5.0.v20090620043401" download-size="1375" install-size="1375" />
	<plugin fragment="true" id="org.eclipse.tm.discovery.model.nl_ja" unpack="false" version="3.5.0.v20090620043401" download-size="1372" install-size="1372" />
	<plugin fragment="true" id="org.eclipse.tm.discovery.protocol.dnssd.nl_ja" unpack="false" version="3.5.0.v20090620043401" download-size="1377" install-size="1377" />
	<plugin fragment="true" id="org.eclipse.tm.discovery.transport.udp.nl_ja" unpack="false" version="3.5.0.v20090620043401" download-size="1377" install-size="1377" />
	<plugin fragment="true" id="org.eclipse.tm.discovery.view.nl_ja" unpack="false" version="3.5.0.v20090620043401" download-size="2525" install-size="2525" />
	<plugin fragment="true" id="org.eclipse.tm.discovery.wizard.nl_ja" unpack="false" version="3.5.0.v20090620043401" download-size="2626" install-size="2626" />
	<plugin fragment="true" id="org.eclipse.tm.rapi.examples.nl_ja" unpack="false" version="3.5.0.v20090620043401" download-size="1371" install-size="1371" />
	<plugin fragment="true" id="org.eclipse.tm.rapi.nl_ja" unpack="false" version="3.5.0.v20090620043401" download-size="1365" install-size="1365" />
	<plugin fragment="true" id="org.eclipse.tm.rapi.tests.nl_ja" unpack="false" version="3.5.0.v20090620043401" download-size="1368" install-size="1368" />
	<plugin fragment="true" id="org.eclipse.tm.terminal.nl_ja" unpack="false" version="3.5.0.v20090620043401" download-size="2653" install-size="2653" />
	<plugin fragment="true" id="org.eclipse.tm.terminal.serial.nl_ja" unpack="false" version="3.5.0.v20090620043401" download-size="2426" install-size="2426" />
	<plugin fragment="true" id="org.eclipse.tm.terminal.ssh.nl_ja" unpack="false" version="3.5.0.v20090620043401" download-size="2949" install-size="2949" />
	<plugin fragment="true" id="org.eclipse.tm.terminal.telnet.nl_ja" unpack="false" version="3.5.0.v20090620043401" download-size="2408" install-size="2408" />
	<plugin fragment="true" id="org.eclipse.tm.terminal.test.nl_ja" unpack="false" version="3.5.0.v20090620043401" download-size="1371" install-size="1371" />
	<plugin fragment="true" id="org.eclipse.tm.terminal.view.nl_ja" unpack="false" version="3.5.0.v20090620043401" download-size="2965" install-size="2965" />
	<plugin fragment="true" id="test.data.nl_ja" unpack="false" version="3.5.0.v20090620043401" download-size="2788" install-size="2788" />
</feature>