<?xml version="1.0" encoding="UTF-8" ?>
<feature
	id="org.eclipse.babel.nls_modeling.emft_de"
	label="Babel Language Pack for modeling.emft in German (83.68%)"
	image="eclipse_update_120.jpg"
	provider-name="%providerName"
	version="3.5.0.v20090620043401">
	<copyright>
		%copyright
	</copyright>
	<license url="%licenseURL">
		%license
	</license>
	<description>Babel Language Pack for modeling.emft in German</description>
	<plugin fragment="true" id="org.eclipse.emf.compare.diff.edit.nl_de" unpack="false" version="3.5.0.v20090620043401" download-size="2976" install-size="2976" />
	<plugin fragment="true" id="org.eclipse.emf.compare.diff.nl_de" unpack="false" version="3.5.0.v20090620043401" download-size="2707" install-size="2707" />
	<plugin fragment="true" id="org.eclipse.emf.compare.epatch.nl_de" unpack="false" version="3.5.0.v20090620043401" download-size="1372" install-size="1372" />
	<plugin fragment="true" id="org.eclipse.emf.compare.match.nl_de" unpack="false" version="3.5.0.v20090620043401" download-size="2939" install-size="2939" />
	<plugin fragment="true" id="org.eclipse.emf.compare.nl_de" unpack="false" version="3.5.0.v20090620043401" download-size="2768" install-size="2768" />
	<plugin fragment="true" id="org.eclipse.emf.compare.tests.nl_de" unpack="false" version="3.5.0.v20090620043401" download-size="1370" install-size="1370" />
	<plugin fragment="true" id="org.eclipse.emf.compare.ui.nl_de" unpack="false" version="3.5.0.v20090620043401" download-size="4725" install-size="4725" />
	<plugin fragment="true" id="org.eclipse.emf.mwe.activities.nl_de" unpack="false" version="3.5.0.v20090620043401" download-size="1372" install-size="1372" />
	<plugin fragment="true" id="org.eclipse.emf.mwe.core.nl_de" unpack="false" version="3.5.0.v20090620043401" download-size="1591" install-size="1591" />
	<plugin fragment="true" id="org.eclipse.emf.mwe.doc.nl_de" unpack="false" version="3.5.0.v20090620043401" download-size="1621" install-size="1621" />
	<plugin fragment="true" id="org.eclipse.emf.mwe.examples.nl_de" unpack="false" version="3.5.0.v20090620043401" download-size="1371" install-size="1371" />
	<plugin fragment="true" id="org.eclipse.emf.mwe.tests.nl_de" unpack="false" version="3.5.0.v20090620043401" download-size="1577" install-size="1577" />
	<plugin fragment="true" id="org.eclipse.emf.mwe.ui.editor.nl_de" unpack="false" version="3.5.0.v20090620043401" download-size="2622" install-size="2622" />
	<plugin fragment="true" id="org.eclipse.emf.mwe.ui.nl_de" unpack="false" version="3.5.0.v20090620043401" download-size="2427" install-size="2427" />
	<plugin fragment="true" id="org.eclipse.emf.mwe.ui.simpleEditor.nl_de" unpack="false" version="3.5.0.v20090620043401" download-size="1374" install-size="1374" />
	<plugin fragment="true" id="org.eclipse.emf.mwe.utils.nl_de" unpack="false" version="3.5.0.v20090620043401" download-size="1368" install-size="1368" />
</feature>