<?xml version="1.0" encoding="UTF-8" ?>
<feature
	id="org.eclipse.babel.nls_technology.actf_no"
	label="Babel Language Pack for technology.actf in Norwegian (6.71%)"
	image="eclipse_update_120.jpg"
	provider-name="%providerName"
	version="3.5.0.v20090620043401">
	<copyright>
		%copyright
	</copyright>
	<license url="%licenseURL">
		%license
	</license>
	<description>Babel Language Pack for technology.actf in Norwegian</description>
	<plugin fragment="true" id="org.eclipse.actf.core.nl_no" unpack="false" version="3.5.0.v20090620043401" download-size="1605" install-size="1605" />
	<plugin fragment="true" id="org.eclipse.actf.model.flash.proxy.nl_no" unpack="false" version="3.5.0.v20090620043401" download-size="1874" install-size="1874" />
	<plugin fragment="true" id="org.eclipse.actf.model.ui.nl_no" unpack="false" version="3.5.0.v20090620043401" download-size="1513" install-size="1513" />
	<plugin fragment="true" id="org.eclipse.actf.ui.nl_no" unpack="false" version="3.5.0.v20090620043401" download-size="1710" install-size="1710" />
	<plugin fragment="true" id="org.eclipse.actf.util.vocab.nl_no" unpack="false" version="3.5.0.v20090620043401" download-size="1385" install-size="1385" />
	<plugin fragment="true" id="org.eclipse.actf.visualization.doc.isv.nl_no" unpack="false" version="3.5.0.v20090620043401" download-size="1378" install-size="1378" />
	<plugin fragment="true" id="org.eclipse.actf.visualization.engines.blind.html.nl_no" unpack="false" version="3.5.0.v20090620043401" download-size="1417" install-size="1417" />
	<plugin fragment="true" id="org.eclipse.actf.visualization.engines.blind.nl_no" unpack="false" version="3.5.0.v20090620043401" download-size="1694" install-size="1694" />
	<plugin fragment="true" id="org.eclipse.actf.visualization.eval.nl_no" unpack="false" version="3.5.0.v20090620043401" download-size="1887" install-size="1887" />
	<plugin fragment="true" id="org.eclipse.actf.visualization.gui.nl_no" unpack="false" version="3.5.0.v20090620043401" download-size="1851" install-size="1851" />
	<plugin fragment="true" id="org.eclipse.actf.visualization.presentation.nl_no" unpack="false" version="3.5.0.v20090620043401" download-size="1388" install-size="1388" />
	<plugin fragment="true" id="org.eclipse.actf.visualization.ui.report.nl_no" unpack="false" version="3.5.0.v20090620043401" download-size="1450" install-size="1450" />
</feature>