<?xml version="1.0" encoding="UTF-8" ?>
<feature
	id="org.eclipse.babel.nls_modeling.m2m_da"
	label="Babel Language Pack for modeling.m2m in Danish (21.71%)"
	image="eclipse_update_120.jpg"
	provider-name="%providerName"
	version="3.5.0.v20090620043401">
	<copyright>
		%copyright
	</copyright>
	<license url="%licenseURL">
		%license
	</license>
	<description>Babel Language Pack for modeling.m2m in Danish</description>
	<plugin fragment="true" id="org.eclipse.m2m.atl.adt.debug.nl_da" unpack="false" version="3.5.0.v20090620043401" download-size="2387" install-size="2387" />
	<plugin fragment="true" id="org.eclipse.m2m.atl.adt.editor.nl_da" unpack="false" version="3.5.0.v20090620043401" download-size="3533" install-size="3533" />
	<plugin fragment="true" id="org.eclipse.m2m.atl.adt.nl_da" unpack="false" version="3.5.0.v20090620043401" download-size="2203" install-size="2203" />
	<plugin fragment="true" id="org.eclipse.m2m.atl.adt.ui.nl_da" unpack="false" version="3.5.0.v20090620043401" download-size="2456" install-size="2456" />
	<plugin fragment="true" id="org.eclipse.m2m.atl.common.nl_da" unpack="false" version="3.5.0.v20090620043401" download-size="1383" install-size="1383" />
	<plugin fragment="true" id="org.eclipse.m2m.atl.core.ant.nl_da" unpack="false" version="3.5.0.v20090620043401" download-size="1384" install-size="1384" />
	<plugin fragment="true" id="org.eclipse.m2m.atl.core.emf.nl_da" unpack="false" version="3.5.0.v20090620043401" download-size="1384" install-size="1384" />
	<plugin fragment="true" id="org.eclipse.m2m.atl.core.nl_da" unpack="false" version="3.5.0.v20090620043401" download-size="1381" install-size="1381" />
	<plugin fragment="true" id="org.eclipse.m2m.atl.core.ui.nl_da" unpack="false" version="3.5.0.v20090620043401" download-size="2464" install-size="2464" />
	<plugin fragment="true" id="org.eclipse.m2m.atl.core.ui.vm.nl_da" unpack="false" version="3.5.0.v20090620043401" download-size="1385" install-size="1385" />
	<plugin fragment="true" id="org.eclipse.m2m.atl.doc.nl_da" unpack="false" version="3.5.0.v20090620043401" download-size="1381" install-size="1381" />
	<plugin fragment="true" id="org.eclipse.m2m.atl.drivers.emf4atl.nl_da" unpack="false" version="3.5.0.v20090620043401" download-size="1389" install-size="1389" />
	<plugin fragment="true" id="org.eclipse.m2m.atl.drivers.uml24atl.nl_da" unpack="false" version="3.5.0.v20090620043401" download-size="1390" install-size="1390" />
	<plugin fragment="true" id="org.eclipse.m2m.atl.dsls.nl_da" unpack="false" version="3.5.0.v20090620043401" download-size="1382" install-size="1382" />
	<plugin fragment="true" id="org.eclipse.m2m.atl.engine.emfvm.nl_da" unpack="false" version="3.5.0.v20090620043401" download-size="1386" install-size="1386" />
	<plugin fragment="true" id="org.eclipse.m2m.atl.engine.nl_da" unpack="false" version="3.5.0.v20090620043401" download-size="2218" install-size="2218" />
	<plugin fragment="true" id="org.eclipse.m2m.atl.engine.vm.nl_da" unpack="false" version="3.5.0.v20090620043401" download-size="1385" install-size="1385" />
	<plugin fragment="true" id="org.eclipse.m2m.atl.examples.nl_da" unpack="false" version="3.5.0.v20090620043401" download-size="1384" install-size="1384" />
	<plugin fragment="true" id="org.eclipse.m2m.atl.nl_da" unpack="false" version="3.5.0.v20090620043401" download-size="1378" install-size="1378" />
	<plugin fragment="true" id="org.eclipse.m2m.atl.tests.nl_da" unpack="false" version="3.5.0.v20090620043401" download-size="1382" install-size="1382" />
	<plugin fragment="true" id="org.eclipse.m2m.qvt.oml.common.nl_da" unpack="false" version="3.5.0.v20090620043401" download-size="1385" install-size="1385" />
	<plugin fragment="true" id="org.eclipse.m2m.qvt.oml.common.ui.nl_da" unpack="false" version="3.5.0.v20090620043401" download-size="3863" install-size="3863" />
	<plugin fragment="true" id="org.eclipse.m2m.qvt.oml.cst.parser.nl_da" unpack="false" version="3.5.0.v20090620043401" download-size="1387" install-size="1387" />
	<plugin fragment="true" id="org.eclipse.m2m.qvt.oml.doc.nl_da" unpack="false" version="3.5.0.v20090620043401" download-size="1384" install-size="1384" />
	<plugin fragment="true" id="org.eclipse.m2m.qvt.oml.ecore.imperativeocl.nl_da" unpack="false" version="3.5.0.v20090620043401" download-size="1394" install-size="1394" />
	<plugin fragment="true" id="org.eclipse.m2m.qvt.oml.editor.ui.nl_da" unpack="false" version="3.5.0.v20090620043401" download-size="3305" install-size="3305" />
	<plugin fragment="true" id="org.eclipse.m2m.qvt.oml.emf.util.nl_da" unpack="false" version="3.5.0.v20090620043401" download-size="1387" install-size="1387" />
	<plugin fragment="true" id="org.eclipse.m2m.qvt.oml.emf.util.ui.nl_da" unpack="false" version="3.5.0.v20090620043401" download-size="1388" install-size="1388" />
	<plugin fragment="true" id="org.eclipse.m2m.qvt.oml.examples.blackbox.nl_da" unpack="false" version="3.5.0.v20090620043401" download-size="1379" install-size="1379" />
	<plugin fragment="true" id="org.eclipse.m2m.qvt.oml.examples.omg.nl_da" unpack="false" version="3.5.0.v20090620043401" download-size="1376" install-size="1376" />
	<plugin fragment="true" id="org.eclipse.m2m.qvt.oml.nl_da" unpack="false" version="3.5.0.v20090620043401" download-size="1381" install-size="1381" />
	<plugin fragment="true" id="org.eclipse.m2m.qvt.oml.ocl.nl_da" unpack="false" version="3.5.0.v20090620043401" download-size="1384" install-size="1384" />
	<plugin fragment="true" id="org.eclipse.m2m.qvt.oml.project.nl_da" unpack="false" version="3.5.0.v20090620043401" download-size="1387" install-size="1387" />
	<plugin fragment="true" id="org.eclipse.m2m.qvt.oml.runtime.nl_da" unpack="false" version="3.5.0.v20090620043401" download-size="2743" install-size="2743" />
	<plugin fragment="true" id="org.eclipse.m2m.qvt.oml.runtime.ui.nl_da" unpack="false" version="3.5.0.v20090620043401" download-size="4080" install-size="4080" />
	<plugin fragment="true" id="org.eclipse.m2m.qvt.oml.samples.nl_da" unpack="false" version="3.5.0.v20090620043401" download-size="3987" install-size="3987" />
	<plugin fragment="true" id="org.eclipse.m2m.qvt.oml.trace.edit.nl_da" unpack="false" version="3.5.0.v20090620043401" download-size="2199" install-size="2199" />
	<plugin fragment="true" id="org.eclipse.m2m.qvt.oml.ui.nl_da" unpack="false" version="3.5.0.v20090620043401" download-size="3576" install-size="3576" />
	<plugin fragment="true" id="org.eclipse.m2m.tests.qvt.oml.nl_da" unpack="false" version="3.5.0.v20090620043401" download-size="1385" install-size="1385" />
	<plugin fragment="true" id="org.eclipse.m2m.tests.qvt.oml.ui.nl_da" unpack="false" version="3.5.0.v20090620043401" download-size="1386" install-size="1386" />
</feature>