<?xml version="1.0" encoding="UTF-8" ?>
<feature
	id="org.eclipse.babel.nls_technology.mat_iw"
	label="Babel Language Pack for technology.mat in Hebrew (2.91%)"
	image="eclipse_update_120.jpg"
	provider-name="%providerName"
	version="3.5.0.v20090620043401">
	<copyright>
		%copyright
	</copyright>
	<license url="%licenseURL">
		%license
	</license>
	<description>Babel Language Pack for technology.mat in Hebrew</description>
	<plugin fragment="true" id="org.eclipse.mat.api.nl_iw" unpack="false" version="3.5.0.v20090620043401" download-size="2251" install-size="2251" />
	<plugin fragment="true" id="org.eclipse.mat.chart.nl_iw" unpack="false" version="3.5.0.v20090620043401" download-size="1367" install-size="1367" />
	<plugin fragment="true" id="org.eclipse.mat.chart.ui.nl_iw" unpack="false" version="3.5.0.v20090620043401" download-size="1369" install-size="1369" />
	<plugin fragment="true" id="org.eclipse.mat.hprof.nl_iw" unpack="false" version="3.5.0.v20090620043401" download-size="1367" install-size="1367" />
	<plugin fragment="true" id="org.eclipse.mat.jdt.nl_iw" unpack="false" version="3.5.0.v20090620043401" download-size="1365" install-size="1365" />
	<plugin fragment="true" id="org.eclipse.mat.parser.nl_iw" unpack="false" version="3.5.0.v20090620043401" download-size="1367" install-size="1367" />
	<plugin fragment="true" id="org.eclipse.mat.report.nl_iw" unpack="false" version="3.5.0.v20090620043401" download-size="2243" install-size="2243" />
	<plugin fragment="true" id="org.eclipse.mat.ui.nl_iw" unpack="false" version="3.5.0.v20090620043401" download-size="2825" install-size="2825" />
	<plugin fragment="true" id="org.eclipse.mat.ui.rcp.nl_iw" unpack="false" version="3.5.0.v20090620043401" download-size="1368" install-size="1368" />
</feature>