<?xml version="1.0" encoding="UTF-8" ?>
<feature
	id="org.eclipse.babel.nls_technology.mat_fr"
	label="Babel Language Pack for technology.mat in French (2.6%)"
	image="eclipse_update_120.jpg"
	provider-name="%providerName"
	version="3.5.0.v20090620043401">
	<copyright>
		%copyright
	</copyright>
	<license url="%licenseURL">
		%license
	</license>
	<description>Babel Language Pack for technology.mat in French</description>
	<plugin fragment="true" id="org.eclipse.mat.api.nl_fr" unpack="false" version="3.5.0.v20090620043401" download-size="2226" install-size="2226" />
	<plugin fragment="true" id="org.eclipse.mat.chart.nl_fr" unpack="false" version="3.5.0.v20090620043401" download-size="1366" install-size="1366" />
	<plugin fragment="true" id="org.eclipse.mat.chart.ui.nl_fr" unpack="false" version="3.5.0.v20090620043401" download-size="1368" install-size="1368" />
	<plugin fragment="true" id="org.eclipse.mat.hprof.nl_fr" unpack="false" version="3.5.0.v20090620043401" download-size="1367" install-size="1367" />
	<plugin fragment="true" id="org.eclipse.mat.jdt.nl_fr" unpack="false" version="3.5.0.v20090620043401" download-size="1365" install-size="1365" />
	<plugin fragment="true" id="org.eclipse.mat.parser.nl_fr" unpack="false" version="3.5.0.v20090620043401" download-size="1367" install-size="1367" />
	<plugin fragment="true" id="org.eclipse.mat.report.nl_fr" unpack="false" version="3.5.0.v20090620043401" download-size="2252" install-size="2252" />
	<plugin fragment="true" id="org.eclipse.mat.ui.nl_fr" unpack="false" version="3.5.0.v20090620043401" download-size="2732" install-size="2732" />
	<plugin fragment="true" id="org.eclipse.mat.ui.rcp.nl_fr" unpack="false" version="3.5.0.v20090620043401" download-size="1367" install-size="1367" />
</feature>