<?xml version="1.0" encoding="UTF-8" ?>
<feature
	id="org.eclipse.babel.nls_technology.mat_cs"
	label="Babel Language Pack for technology.mat in Czech (2.91%)"
	image="eclipse_update_120.jpg"
	provider-name="%providerName"
	version="3.5.0.v20090620043401">
	<copyright>
		%copyright
	</copyright>
	<license url="%licenseURL">
		%license
	</license>
	<description>Babel Language Pack for technology.mat in Czech</description>
	<plugin fragment="true" id="org.eclipse.mat.api.nl_cs" unpack="false" version="3.5.0.v20090620043401" download-size="2241" install-size="2241" />
	<plugin fragment="true" id="org.eclipse.mat.chart.nl_cs" unpack="false" version="3.5.0.v20090620043401" download-size="1367" install-size="1367" />
	<plugin fragment="true" id="org.eclipse.mat.chart.ui.nl_cs" unpack="false" version="3.5.0.v20090620043401" download-size="1369" install-size="1369" />
	<plugin fragment="true" id="org.eclipse.mat.hprof.nl_cs" unpack="false" version="3.5.0.v20090620043401" download-size="1367" install-size="1367" />
	<plugin fragment="true" id="org.eclipse.mat.jdt.nl_cs" unpack="false" version="3.5.0.v20090620043401" download-size="1365" install-size="1365" />
	<plugin fragment="true" id="org.eclipse.mat.parser.nl_cs" unpack="false" version="3.5.0.v20090620043401" download-size="1367" install-size="1367" />
	<plugin fragment="true" id="org.eclipse.mat.report.nl_cs" unpack="false" version="3.5.0.v20090620043401" download-size="2252" install-size="2252" />
	<plugin fragment="true" id="org.eclipse.mat.ui.nl_cs" unpack="false" version="3.5.0.v20090620043401" download-size="2796" install-size="2796" />
	<plugin fragment="true" id="org.eclipse.mat.ui.rcp.nl_cs" unpack="false" version="3.5.0.v20090620043401" download-size="1367" install-size="1367" />
</feature>