<?xml version="1.0" encoding="UTF-8" ?>
<feature
	id="org.eclipse.babel.nls_modeling.m2t_zh_TW"
	label="Babel Language Pack for modeling.m2t in Chinese (Traditional) (9.5%)"
	image="eclipse_update_120.jpg"
	provider-name="%providerName"
	version="3.5.0.v20090620043401">
	<copyright>
		%copyright
	</copyright>
	<license url="%licenseURL">
		%license
	</license>
	<description>Babel Language Pack for modeling.m2t in Chinese (Traditional)</description>
	<plugin fragment="true" id="org.eclipse.acceleo.common.nl_zh_TW" unpack="false" version="3.5.0.v20090620043401" download-size="1389" install-size="1389" />
	<plugin fragment="true" id="org.eclipse.acceleo.engine.nl_zh_TW" unpack="false" version="3.5.0.v20090620043401" download-size="1388" install-size="1388" />
	<plugin fragment="true" id="org.eclipse.acceleo.ide.ui.nl_zh_TW" unpack="false" version="3.5.0.v20090620043401" download-size="2781" install-size="2781" />
	<plugin fragment="true" id="org.eclipse.acceleo.model.nl_zh_TW" unpack="false" version="3.5.0.v20090620043401" download-size="1388" install-size="1388" />
	<plugin fragment="true" id="org.eclipse.acceleo.parser.nl_zh_TW" unpack="false" version="3.5.0.v20090620043401" download-size="2338" install-size="2338" />
</feature>