<?xml version="1.0" encoding="UTF-8" ?>
<feature
	id="org.eclipse.babel.nls_eclipse_zh"
	label="Babel Language Pack for eclipse in Chinese (Simplified) (95.1%)"
	image="eclipse_update_120.jpg"
	provider-name="%providerName"
	version="3.5.0.v20090620043401">
	<copyright>
		%copyright
	</copyright>
	<license url="%licenseURL">
		%license
	</license>
	<description>Babel Language Pack for eclipse in Chinese (Simplified)</description>
	<plugin fragment="true" id="org.eclipse.ant.core.nl_zh" unpack="false" version="3.5.0.v20090620043401" download-size="4822" install-size="4822" />
	<plugin fragment="true" id="org.eclipse.ant.tests.core.nl_zh" unpack="false" version="3.5.0.v20090620043401" download-size="1871" install-size="1871" />
	<plugin fragment="true" id="org.eclipse.ant.tests.ui.nl_zh" unpack="false" version="3.5.0.v20090620043401" download-size="1619" install-size="1619" />
	<plugin fragment="true" id="org.eclipse.ant.ui.nl_zh" unpack="false" version="3.5.0.v20090620043401" download-size="25929" install-size="25929" />
	<plugin fragment="true" id="org.eclipse.compare.core.nl_zh" unpack="false" version="3.5.0.v20090620043401" download-size="2421" install-size="2421" />
	<plugin fragment="true" id="org.eclipse.compare.examples.nl_zh" unpack="false" version="3.5.0.v20090620043401" download-size="2393" install-size="2393" />
	<plugin fragment="true" id="org.eclipse.compare.examples.xml.nl_zh" unpack="false" version="3.5.0.v20090620043401" download-size="3586" install-size="3586" />
	<plugin fragment="true" id="org.eclipse.compare.nl_zh" unpack="false" version="3.5.0.v20090620043401" download-size="14980" install-size="14980" />
	<plugin fragment="true" id="org.eclipse.compare.tests.nl_zh" unpack="false" version="3.5.0.v20090620043401" download-size="1657" install-size="1657" />
	<plugin fragment="true" id="org.eclipse.compare.win32.nl_zh" unpack="false" version="3.5.0.v20090620043401" download-size="2635" install-size="2635" />
	<plugin fragment="true" id="org.eclipse.core.boot.nl_zh" unpack="false" version="3.5.0.v20090620043401" download-size="1408" install-size="1408" />
	<plugin fragment="true" id="org.eclipse.core.commands.nl_zh" unpack="false" version="3.5.0.v20090620043401" download-size="1404" install-size="1404" />
	<plugin fragment="true" id="org.eclipse.core.contenttype.nl_zh" unpack="false" version="3.5.0.v20090620043401" download-size="2676" install-size="2676" />
	<plugin fragment="true" id="org.eclipse.core.databinding.beans.nl_zh" unpack="false" version="3.5.0.v20090620043401" download-size="1437" install-size="1437" />
	<plugin fragment="true" id="org.eclipse.core.databinding.nl_zh" unpack="false" version="3.5.0.v20090620043401" download-size="2811" install-size="2811" />
	<plugin fragment="true" id="org.eclipse.core.databinding.observable.nl_zh" unpack="false" version="3.5.0.v20090620043401" download-size="1433" install-size="1433" />
	<plugin fragment="true" id="org.eclipse.core.databinding.property.nl_zh" unpack="false" version="3.5.0.v20090620043401" download-size="1428" install-size="1428" />
	<plugin fragment="true" id="org.eclipse.core.expressions.nl_zh" unpack="false" version="3.5.0.v20090620043401" download-size="3075" install-size="3075" />
	<plugin fragment="true" id="org.eclipse.core.expressions.tests.nl_zh" unpack="false" version="3.5.0.v20090620043401" download-size="1441" install-size="1441" />
	<plugin fragment="true" id="org.eclipse.core.filebuffers.nl_zh" unpack="false" version="3.5.0.v20090620043401" download-size="4210" install-size="4210" />
	<plugin fragment="true" id="org.eclipse.core.filebuffers.tests.nl_zh" unpack="false" version="3.5.0.v20090620043401" download-size="1440" install-size="1440" />
	<plugin fragment="true" id="org.eclipse.core.filesystem.nl_zh" unpack="false" version="3.5.0.v20090620043401" download-size="2997" install-size="2997" />
	<plugin fragment="true" id="org.eclipse.core.jobs.nl_zh" unpack="false" version="3.5.0.v20090620043401" download-size="2463" install-size="2463" />
	<plugin fragment="true" id="org.eclipse.core.net.linux.x86.nl_zh" unpack="false" version="3.5.0.v20090620043401" download-size="1433" install-size="1433" />
	<plugin fragment="true" id="org.eclipse.core.net.nl_zh" unpack="false" version="3.5.0.v20090620043401" download-size="2296" install-size="2296" />
	<plugin fragment="true" id="org.eclipse.core.net.win32.x86.nl_zh" unpack="false" version="3.5.0.v20090620043401" download-size="1434" install-size="1434" />
	<plugin fragment="true" id="org.eclipse.core.resources.nl_zh" unpack="false" version="3.5.0.v20090620043401" download-size="9515" install-size="9515" />
	<plugin fragment="true" id="org.eclipse.core.runtime.compatibility.auth.nl_zh" unpack="false" version="3.5.0.v20090620043401" download-size="2747" install-size="2747" />
	<plugin fragment="true" id="org.eclipse.core.runtime.compatibility.nl_zh" unpack="false" version="3.5.0.v20090620043401" download-size="2492" install-size="2492" />
	<plugin fragment="true" id="org.eclipse.core.runtime.nl_zh" unpack="false" version="3.5.0.v20090620043401" download-size="3900" install-size="3900" />
	<plugin fragment="true" id="org.eclipse.core.variables.nl_zh" unpack="false" version="3.5.0.v20090620043401" download-size="2580" install-size="2580" />
	<plugin fragment="true" id="org.eclipse.cvs.nl_zh" unpack="false" version="3.5.0.v20090620043401" download-size="1407" install-size="1407" />
	<plugin fragment="true" id="org.eclipse.debug.core.nl_zh" unpack="false" version="3.5.0.v20090620043401" download-size="7180" install-size="7180" />
	<plugin fragment="true" id="org.eclipse.debug.examples.ui.nl_zh" unpack="false" version="3.5.0.v20090620043401" download-size="2404" install-size="2404" />
	<plugin fragment="true" id="org.eclipse.debug.ui.nl_zh" unpack="false" version="3.5.0.v20090620043401" download-size="35642" install-size="35642" />
	<plugin fragment="true" id="org.eclipse.equinox.app.nl_zh" unpack="false" version="3.5.0.v20090620043401" download-size="2872" install-size="2872" />
	<plugin fragment="true" id="org.eclipse.equinox.cm.nl_zh" unpack="false" version="3.5.0.v20090620043401" download-size="1409" install-size="1409" />
	<plugin fragment="true" id="org.eclipse.equinox.common.nl_zh" unpack="false" version="3.5.0.v20090620043401" download-size="3256" install-size="3256" />
	<plugin fragment="true" id="org.eclipse.equinox.concurrent.nl_zh" unpack="false" version="3.5.0.v20090620043401" download-size="1383" install-size="1383" />
	<plugin fragment="true" id="org.eclipse.equinox.device.nl_zh" unpack="false" version="3.5.0.v20090620043401" download-size="3135" install-size="3135" />
	<plugin fragment="true" id="org.eclipse.equinox.ds.nl_zh" unpack="false" version="3.5.0.v20090620043401" download-size="2497" install-size="2497" />
	<plugin fragment="true" id="org.eclipse.equinox.event.nl_zh" unpack="false" version="3.5.0.v20090620043401" download-size="2964" install-size="2964" />
	<plugin fragment="true" id="org.eclipse.equinox.http.jetty5.nl_zh" unpack="false" version="3.5.0.v20090620043401" download-size="1478" install-size="1478" />
	<plugin fragment="true" id="org.eclipse.equinox.http.jetty6.nl_zh" unpack="false" version="3.5.0.v20090620043401" download-size="1478" install-size="1478" />
	<plugin fragment="true" id="org.eclipse.equinox.http.nl_zh" unpack="false" version="3.5.0.v20090620043401" download-size="4258" install-size="4258" />
	<plugin fragment="true" id="org.eclipse.equinox.http.registry.nl_zh" unpack="false" version="3.5.0.v20090620043401" download-size="1472" install-size="1472" />
	<plugin fragment="true" id="org.eclipse.equinox.http.servlet.nl_zh" unpack="false" version="3.5.0.v20090620043401" download-size="1416" install-size="1416" />
	<plugin fragment="true" id="org.eclipse.equinox.http.servletbridge.nl_zh" unpack="false" version="3.5.0.v20090620043401" download-size="1424" install-size="1424" />
	<plugin fragment="true" id="org.eclipse.equinox.io.nl_zh" unpack="false" version="3.5.0.v20090620043401" download-size="1377" install-size="1377" />
	<plugin fragment="true" id="org.eclipse.equinox.ip.nl_zh" unpack="false" version="3.5.0.v20090620043401" download-size="1377" install-size="1377" />
	<plugin fragment="true" id="org.eclipse.equinox.jsp.jasper.nl_zh" unpack="false" version="3.5.0.v20090620043401" download-size="1382" install-size="1382" />
	<plugin fragment="true" id="org.eclipse.equinox.jsp.jasper.registry.nl_zh" unpack="false" version="3.5.0.v20090620043401" download-size="1391" install-size="1391" />
	<plugin fragment="true" id="org.eclipse.equinox.launcher.carbon.macosx.nl_zh" unpack="false" version="3.5.0.v20090620043401" download-size="1485" install-size="1485" />
	<plugin fragment="true" id="org.eclipse.equinox.launcher.cocoa.macosx.nl_zh" unpack="false" version="3.5.0.v20090620043401" download-size="1476" install-size="1476" />
	<plugin fragment="true" id="org.eclipse.equinox.launcher.gtk.linux.ppc.nl_zh" unpack="false" version="3.5.0.v20090620043401" download-size="1473" install-size="1473" />
	<plugin fragment="true" id="org.eclipse.equinox.launcher.gtk.linux.s390.nl_zh" unpack="false" version="3.5.0.v20090620043401" download-size="1479" install-size="1479" />
	<plugin fragment="true" id="org.eclipse.equinox.launcher.gtk.linux.s390x.nl_zh" unpack="false" version="3.5.0.v20090620043401" download-size="1482" install-size="1482" />
	<plugin fragment="true" id="org.eclipse.equinox.launcher.gtk.linux.x86.nl_zh" unpack="false" version="3.5.0.v20090620043401" download-size="1473" install-size="1473" />
	<plugin fragment="true" id="org.eclipse.equinox.launcher.gtk.solaris.sparc.nl_zh" unpack="false" version="3.5.0.v20090620043401" download-size="1437" install-size="1437" />
	<plugin fragment="true" id="org.eclipse.equinox.launcher.gtk.solaris.x86.nl_zh" unpack="false" version="3.5.0.v20090620043401" download-size="1486" install-size="1486" />
	<plugin fragment="true" id="org.eclipse.equinox.launcher.motif.aix.ppc.nl_zh" unpack="false" version="3.5.0.v20090620043401" download-size="1425" install-size="1425" />
	<plugin fragment="true" id="org.eclipse.equinox.launcher.motif.linux.x86.nl_zh" unpack="false" version="3.5.0.v20090620043401" download-size="1429" install-size="1429" />
	<plugin fragment="true" id="org.eclipse.equinox.launcher.motif.solaris.sparc.nl_zh" unpack="false" version="3.5.0.v20090620043401" download-size="1497" install-size="1497" />
	<plugin fragment="true" id="org.eclipse.equinox.launcher.nl_zh" unpack="false" version="3.5.0.v20090620043401" download-size="1422" install-size="1422" />
	<plugin fragment="true" id="org.eclipse.equinox.launcher.win32.win32.ia64.nl_zh" unpack="false" version="3.5.0.v20090620043401" download-size="1482" install-size="1482" />
	<plugin fragment="true" id="org.eclipse.equinox.launcher.win32.win32.x86.nl_zh" unpack="false" version="3.5.0.v20090620043401" download-size="1475" install-size="1475" />
	<plugin fragment="true" id="org.eclipse.equinox.launcher.wpf.win32.x86.nl_zh" unpack="false" version="3.5.0.v20090620043401" download-size="1478" install-size="1478" />
	<plugin fragment="true" id="org.eclipse.equinox.log.nl_zh" unpack="false" version="3.5.0.v20090620043401" download-size="1378" install-size="1378" />
	<plugin fragment="true" id="org.eclipse.equinox.metatype.nl_zh" unpack="false" version="3.5.0.v20090620043401" download-size="2862" install-size="2862" />
	<plugin fragment="true" id="org.eclipse.equinox.preferences.nl_zh" unpack="false" version="3.5.0.v20090620043401" download-size="3134" install-size="3134" />
	<plugin fragment="true" id="org.eclipse.equinox.registry.nl_zh" unpack="false" version="3.5.0.v20090620043401" download-size="3655" install-size="3655" />
	<plugin fragment="true" id="org.eclipse.equinox.security.nl_zh" unpack="false" version="3.5.0.v20090620043401" download-size="4848" install-size="4848" />
	<plugin fragment="true" id="org.eclipse.equinox.security.ui.nl_zh" unpack="false" version="3.5.0.v20090620043401" download-size="7816" install-size="7816" />
	<plugin fragment="true" id="org.eclipse.equinox.servletbridge.nl_zh" unpack="false" version="3.5.0.v20090620043401" download-size="1407" install-size="1407" />
	<plugin fragment="true" id="org.eclipse.equinox.transforms.xslt.nl_zh" unpack="false" version="3.5.0.v20090620043401" download-size="1432" install-size="1432" />
	<plugin fragment="true" id="org.eclipse.equinox.useradmin.nl_zh" unpack="false" version="3.5.0.v20090620043401" download-size="3284" install-size="3284" />
	<plugin fragment="true" id="org.eclipse.equinox.util.nl_zh" unpack="false" version="3.5.0.v20090620043401" download-size="1379" install-size="1379" />
	<plugin fragment="true" id="org.eclipse.equinox.wireadmin.nl_zh" unpack="false" version="3.5.0.v20090620043401" download-size="1382" install-size="1382" />
	<plugin fragment="true" id="org.eclipse.help.appserver.nl_zh" unpack="false" version="3.5.0.v20090620043401" download-size="2639" install-size="2639" />
	<plugin fragment="true" id="org.eclipse.help.base.nl_zh" unpack="false" version="3.5.0.v20090620043401" download-size="4269" install-size="4269" />
	<plugin fragment="true" id="org.eclipse.help.nl_zh" unpack="false" version="3.5.0.v20090620043401" download-size="1525" install-size="1525" />
	<plugin fragment="true" id="org.eclipse.help.ui.nl_zh" unpack="false" version="3.5.0.v20090620043401" download-size="5778" install-size="5778" />
	<plugin fragment="true" id="org.eclipse.help.webapp.nl_zh" unpack="false" version="3.5.0.v20090620043401" download-size="4908" install-size="4908" />
	<plugin fragment="true" id="org.eclipse.jdt.apt.core.nl_zh" unpack="false" version="3.5.0.v20090620043401" download-size="3926" install-size="3926" />
	<plugin fragment="true" id="org.eclipse.jdt.apt.pluggable.core.nl_zh" unpack="false" version="3.5.0.v20090620043401" download-size="1476" install-size="1476" />
	<plugin fragment="true" id="org.eclipse.jdt.apt.pluggable.tests.nl_zh" unpack="false" version="3.5.0.v20090620043401" download-size="1428" install-size="1428" />
	<plugin fragment="true" id="org.eclipse.jdt.apt.tests.nl_zh" unpack="false" version="3.5.0.v20090620043401" download-size="1422" install-size="1422" />
	<plugin fragment="true" id="org.eclipse.jdt.apt.ui.nl_zh" unpack="false" version="3.5.0.v20090620043401" download-size="4758" install-size="4758" />
	<plugin fragment="true" id="org.eclipse.jdt.compiler.apt.tests.nl_zh" unpack="false" version="3.5.0.v20090620043401" download-size="1428" install-size="1428" />
	<plugin fragment="true" id="org.eclipse.jdt.compiler.tool.tests.nl_zh" unpack="false" version="3.5.0.v20090620043401" download-size="1434" install-size="1434" />
	<plugin fragment="true" id="org.eclipse.jdt.core.manipulation.nl_zh" unpack="false" version="3.5.0.v20090620043401" download-size="4256" install-size="4256" />
	<plugin fragment="true" id="org.eclipse.jdt.core.nl_zh" unpack="false" version="3.5.0.v20090620043401" download-size="31460" install-size="31460" />
	<plugin fragment="true" id="org.eclipse.jdt.core.tests.builder.nl_zh" unpack="false" version="3.5.0.v20090620043401" download-size="1423" install-size="1423" />
	<plugin fragment="true" id="org.eclipse.jdt.core.tests.compiler.nl_zh" unpack="false" version="3.5.0.v20090620043401" download-size="1423" install-size="1423" />
	<plugin fragment="true" id="org.eclipse.jdt.core.tests.model.nl_zh" unpack="false" version="3.5.0.v20090620043401" download-size="14141" install-size="14141" />
	<plugin fragment="true" id="org.eclipse.jdt.core.tests.performance.nl_zh" unpack="false" version="3.5.0.v20090620043401" download-size="1435" install-size="1435" />
	<plugin fragment="true" id="org.eclipse.jdt.debug.nl_zh" unpack="false" version="3.5.0.v20090620043401" download-size="22861" install-size="22861" />
	<plugin fragment="true" id="org.eclipse.jdt.debug.tests.nl_zh" unpack="false" version="3.5.0.v20090620043401" download-size="1422" install-size="1422" />
	<plugin fragment="true" id="org.eclipse.jdt.debug.ui.nl_zh" unpack="false" version="3.5.0.v20090620043401" download-size="31834" install-size="31834" />
	<plugin fragment="true" id="org.eclipse.jdt.doc.isv.nl_zh" unpack="false" version="3.5.0.v20090620043401" download-size="1817" install-size="1817" />
	<plugin fragment="true" id="org.eclipse.jdt.doc.user.nl_zh" unpack="false" version="3.5.0.v20090620043401" download-size="1808" install-size="1808" />
	<plugin fragment="true" id="org.eclipse.jdt.junit.nl_zh" unpack="false" version="3.5.0.v20090620043401" download-size="11155" install-size="11155" />
	<plugin fragment="true" id="org.eclipse.jdt.junit.runtime.nl_zh" unpack="false" version="3.5.0.v20090620043401" download-size="2999" install-size="2999" />
	<plugin fragment="true" id="org.eclipse.jdt.junit4.runtime.nl_zh" unpack="false" version="3.5.0.v20090620043401" download-size="1443" install-size="1443" />
	<plugin fragment="true" id="org.eclipse.jdt.launching.macosx.nl_zh" unpack="false" version="3.5.0.v20090620043401" download-size="2606" install-size="2606" />
	<plugin fragment="true" id="org.eclipse.jdt.launching.nl_zh" unpack="false" version="3.5.0.v20090620043401" download-size="7462" install-size="7462" />
	<plugin fragment="true" id="org.eclipse.jdt.launching.ui.macosx.nl_zh" unpack="false" version="3.5.0.v20090620043401" download-size="3275" install-size="3275" />
	<plugin fragment="true" id="org.eclipse.jdt.nl_zh" unpack="false" version="3.5.0.v20090620043401" download-size="3014" install-size="3014" />
	<plugin fragment="true" id="org.eclipse.jdt.text.tests.nl_zh" unpack="false" version="3.5.0.v20090620043401" download-size="1426" install-size="1426" />
	<plugin fragment="true" id="org.eclipse.jdt.ui.examples.projects.nl_zh" unpack="false" version="3.5.0.v20090620043401" download-size="2847" install-size="2847" />
	<plugin fragment="true" id="org.eclipse.jdt.ui.nl_zh" unpack="false" version="3.5.0.v20090620043401" download-size="184402" install-size="184402" />
	<plugin fragment="true" id="org.eclipse.jdt.ui.tests.nl_zh" unpack="false" version="3.5.0.v20090620043401" download-size="1586" install-size="1586" />
	<plugin fragment="true" id="org.eclipse.jdt.ui.tests.refactoring.nl_zh" unpack="false" version="3.5.0.v20090620043401" download-size="1633" install-size="1633" />
	<plugin fragment="true" id="org.eclipse.jface.databinding.nl_zh" unpack="false" version="3.5.0.v20090620043401" download-size="1443" install-size="1443" />
	<plugin fragment="true" id="org.eclipse.jface.examples.databinding.nl_zh" unpack="false" version="3.5.0.v20090620043401" download-size="1434" install-size="1434" />
	<plugin fragment="true" id="org.eclipse.jface.nl_zh" unpack="false" version="3.5.0.v20090620043401" download-size="10352" install-size="10352" />
	<plugin fragment="true" id="org.eclipse.jface.tests.databinding.conformance.nl_zh" unpack="false" version="3.5.0.v20090620043401" download-size="1459" install-size="1459" />
	<plugin fragment="true" id="org.eclipse.jface.tests.databinding.nl_zh" unpack="false" version="3.5.0.v20090620043401" download-size="1432" install-size="1432" />
	<plugin fragment="true" id="org.eclipse.jface.text.nl_zh" unpack="false" version="3.5.0.v20090620043401" download-size="12895" install-size="12895" />
	<plugin fragment="true" id="org.eclipse.jface.text.tests.nl_zh" unpack="false" version="3.5.0.v20090620043401" download-size="1429" install-size="1429" />
	<plugin fragment="true" id="org.eclipse.jsch.core.nl_zh" unpack="false" version="3.5.0.v20090620043401" download-size="2548" install-size="2548" />
	<plugin fragment="true" id="org.eclipse.jsch.ui.nl_zh" unpack="false" version="3.5.0.v20090620043401" download-size="4054" install-size="4054" />
	<plugin fragment="true" id="org.eclipse.ltk.core.refactoring.nl_zh" unpack="false" version="3.5.0.v20090620043401" download-size="5890" install-size="5890" />
	<plugin fragment="true" id="org.eclipse.ltk.core.refactoring.tests.nl_zh" unpack="false" version="3.5.0.v20090620043401" download-size="1511" install-size="1511" />
	<plugin fragment="true" id="org.eclipse.ltk.ui.refactoring.nl_zh" unpack="false" version="3.5.0.v20090620043401" download-size="8774" install-size="8774" />
	<plugin fragment="true" id="org.eclipse.ltk.ui.refactoring.tests.nl_zh" unpack="false" version="3.5.0.v20090620043401" download-size="1430" install-size="1430" />
	<plugin fragment="true" id="org.eclipse.newMultiEditor.nl_zh" unpack="false" version="3.5.0.v20090620043401" download-size="1434" install-size="1434" />
	<plugin fragment="true" id="org.eclipse.osgi.nl_zh" unpack="false" version="3.5.0.v20090620043401" download-size="15241" install-size="15241" />
	<plugin fragment="true" id="org.eclipse.osgi.services.nl_zh" unpack="false" version="3.5.0.v20090620043401" download-size="1580" install-size="1580" />
	<plugin fragment="true" id="org.eclipse.osgi.util.nl_zh" unpack="false" version="3.5.0.v20090620043401" download-size="1569" install-size="1569" />
	<plugin fragment="true" id="org.eclipse.pde.api.tools.nl_zh" unpack="false" version="3.5.0.v20090620043401" download-size="12682" install-size="12682" />
	<plugin fragment="true" id="org.eclipse.pde.api.tools.ui.nl_zh" unpack="false" version="3.5.0.v20090620043401" download-size="10775" install-size="10775" />
	<plugin fragment="true" id="org.eclipse.pde.build.nl_zh" unpack="false" version="3.5.0.v20090620043401" download-size="6047" install-size="6047" />
	<plugin fragment="true" id="org.eclipse.pde.build.tests.nl_zh" unpack="false" version="3.5.0.v20090620043401" download-size="1456" install-size="1456" />
	<plugin fragment="true" id="org.eclipse.pde.core.nl_zh" unpack="false" version="3.5.0.v20090620043401" download-size="9293" install-size="9293" />
	<plugin fragment="true" id="org.eclipse.pde.doc.user.nl_zh" unpack="false" version="3.5.0.v20090620043401" download-size="1800" install-size="1800" />
	<plugin fragment="true" id="org.eclipse.pde.ds.core.nl_zh" unpack="false" version="3.5.0.v20090620043401" download-size="2626" install-size="2626" />
	<plugin fragment="true" id="org.eclipse.pde.ds.tests.nl_zh" unpack="false" version="3.5.0.v20090620043401" download-size="1378" install-size="1378" />
	<plugin fragment="true" id="org.eclipse.pde.ds.ui.nl_zh" unpack="false" version="3.5.0.v20090620043401" download-size="2959" install-size="2959" />
	<plugin fragment="true" id="org.eclipse.pde.junit.runtime.nl_zh" unpack="false" version="3.5.0.v20090620043401" download-size="1423" install-size="1423" />
	<plugin fragment="true" id="org.eclipse.pde.nl_zh" unpack="false" version="3.5.0.v20090620043401" download-size="2901" install-size="2901" />
	<plugin fragment="true" id="org.eclipse.pde.runtime.nl_zh" unpack="false" version="3.5.0.v20090620043401" download-size="3530" install-size="3530" />
	<plugin fragment="true" id="org.eclipse.pde.tools.versioning.nl_zh" unpack="false" version="3.5.0.v20090620043401" download-size="5060" install-size="5060" />
	<plugin fragment="true" id="org.eclipse.pde.ua.core.nl_zh" unpack="false" version="3.5.0.v20090620043401" download-size="1483" install-size="1483" />
	<plugin fragment="true" id="org.eclipse.pde.ua.ui.nl_zh" unpack="false" version="3.5.0.v20090620043401" download-size="16001" install-size="16001" />
	<plugin fragment="true" id="org.eclipse.pde.ui.nl_zh" unpack="false" version="3.5.0.v20090620043401" download-size="42680" install-size="42680" />
	<plugin fragment="true" id="org.eclipse.pde.ui.templates.nl_zh" unpack="false" version="3.5.0.v20090620043401" download-size="10035" install-size="10035" />
	<plugin fragment="true" id="org.eclipse.platform.doc.isv.nl_zh" unpack="false" version="3.5.0.v20090620043401" download-size="1435" install-size="1435" />
	<plugin fragment="true" id="org.eclipse.platform.doc.user.nl_zh" unpack="false" version="3.5.0.v20090620043401" download-size="1406" install-size="1406" />
	<plugin fragment="true" id="org.eclipse.platform.nl_zh" unpack="false" version="3.5.0.v20090620043401" download-size="3615" install-size="3615" />
	<plugin fragment="true" id="org.eclipse.rcp.nl_zh" unpack="false" version="3.5.0.v20090620043401" download-size="1751" install-size="1751" />
	<plugin fragment="true" id="org.eclipse.releng.tests.nl_zh" unpack="false" version="3.5.0.v20090620043401" download-size="1398" install-size="1398" />
	<plugin fragment="true" id="org.eclipse.releng.tools.nl_zh" unpack="false" version="3.5.0.v20090620043401" download-size="4157" install-size="4157" />
	<plugin fragment="true" id="org.eclipse.sdk.examples.nl_zh" unpack="false" version="3.5.0.v20090620043401" download-size="1777" install-size="1777" />
	<plugin fragment="true" id="org.eclipse.sdk.nl_zh" unpack="false" version="3.5.0.v20090620043401" download-size="2760" install-size="2760" />
	<plugin fragment="true" id="org.eclipse.sdk.tests.nl_zh" unpack="false" version="3.5.0.v20090620043401" download-size="1774" install-size="1774" />
	<plugin fragment="true" id="org.eclipse.search.nl_zh" unpack="false" version="3.5.0.v20090620043401" download-size="8895" install-size="8895" />
	<plugin fragment="true" id="org.eclipse.search.tests.nl_zh" unpack="false" version="3.5.0.v20090620043401" download-size="1379" install-size="1379" />
	<plugin fragment="true" id="org.eclipse.swt.examples.browser.demos.nl_zh" unpack="false" version="3.5.0.v20090620043401" download-size="2147" install-size="2147" />
	<plugin fragment="true" id="org.eclipse.swt.examples.browser.nl_zh" unpack="false" version="3.5.0.v20090620043401" download-size="2138" install-size="2138" />
	<plugin fragment="true" id="org.eclipse.swt.examples.controls.nl_zh" unpack="false" version="3.5.0.v20090620043401" download-size="2140" install-size="2140" />
	<plugin fragment="true" id="org.eclipse.swt.examples.launcher.nl_zh" unpack="false" version="3.5.0.v20090620043401" download-size="2525" install-size="2525" />
	<plugin fragment="true" id="org.eclipse.swt.examples.layouts.nl_zh" unpack="false" version="3.5.0.v20090620043401" download-size="2165" install-size="2165" />
	<plugin fragment="true" id="org.eclipse.swt.examples.nl_zh" unpack="false" version="3.5.0.v20090620043401" download-size="20094" install-size="20094" />
	<plugin fragment="true" id="org.eclipse.swt.examples.ole.win32.nl_zh" unpack="false" version="3.5.0.v20090620043401" download-size="2683" install-size="2683" />
	<plugin fragment="true" id="org.eclipse.swt.examples.paint.nl_zh" unpack="false" version="3.5.0.v20090620043401" download-size="2281" install-size="2281" />
	<plugin fragment="true" id="org.eclipse.swt.nl_zh" unpack="false" version="3.5.0.v20090620043401" download-size="3059" install-size="3059" />
	<plugin fragment="true" id="org.eclipse.swt.tests.nl_zh" unpack="false" version="3.5.0.v20090620043401" download-size="1397" install-size="1397" />
	<plugin fragment="true" id="org.eclipse.swt.tools.nl_zh" unpack="false" version="3.5.0.v20090620043401" download-size="1460" install-size="1460" />
	<plugin fragment="true" id="org.eclipse.team.core.nl_zh" unpack="false" version="3.5.0.v20090620043401" download-size="4581" install-size="4581" />
	<plugin fragment="true" id="org.eclipse.team.cvs.core.nl_zh" unpack="false" version="3.5.0.v20090620043401" download-size="8607" install-size="8607" />
	<plugin fragment="true" id="org.eclipse.team.cvs.ssh.nl_zh" unpack="false" version="3.5.0.v20090620043401" download-size="3205" install-size="3205" />
	<plugin fragment="true" id="org.eclipse.team.cvs.ssh2.nl_zh" unpack="false" version="3.5.0.v20090620043401" download-size="3673" install-size="3673" />
	<plugin fragment="true" id="org.eclipse.team.cvs.ui.nl_zh" unpack="false" version="3.5.0.v20090620043401" download-size="28270" install-size="28270" />
	<plugin fragment="true" id="org.eclipse.team.examples.filesystem.nl_zh" unpack="false" version="3.5.0.v20090620043401" download-size="3355" install-size="3355" />
	<plugin fragment="true" id="org.eclipse.team.tests.cvs.core.nl_zh" unpack="false" version="3.5.0.v20090620043401" download-size="1516" install-size="1516" />
	<plugin fragment="true" id="org.eclipse.team.ui.nl_zh" unpack="false" version="3.5.0.v20090620043401" download-size="13948" install-size="13948" />
	<plugin fragment="true" id="org.eclipse.text.nl_zh" unpack="false" version="3.5.0.v20090620043401" download-size="4439" install-size="4439" />
	<plugin fragment="true" id="org.eclipse.text.tests.nl_zh" unpack="false" version="3.5.0.v20090620043401" download-size="1418" install-size="1418" />
	<plugin fragment="true" id="org.eclipse.ui.browser.nl_zh" unpack="false" version="3.5.0.v20090620043401" download-size="3860" install-size="3860" />
	<plugin fragment="true" id="org.eclipse.ui.cheatsheets.nl_zh" unpack="false" version="3.5.0.v20090620043401" download-size="5992" install-size="5992" />
	<plugin fragment="true" id="org.eclipse.ui.console.nl_zh" unpack="false" version="3.5.0.v20090620043401" download-size="3575" install-size="3575" />
	<plugin fragment="true" id="org.eclipse.ui.editors.nl_zh" unpack="false" version="3.5.0.v20090620043401" download-size="14330" install-size="14330" />
	<plugin fragment="true" id="org.eclipse.ui.editors.tests.nl_zh" unpack="false" version="3.5.0.v20090620043401" download-size="1428" install-size="1428" />
	<plugin fragment="true" id="org.eclipse.ui.examples.contributions.nl_zh" unpack="false" version="3.5.0.v20090620043401" download-size="3516" install-size="3516" />
	<plugin fragment="true" id="org.eclipse.ui.examples.fieldassist.nl_zh" unpack="false" version="3.5.0.v20090620043401" download-size="3825" install-size="3825" />
	<plugin fragment="true" id="org.eclipse.ui.examples.javaeditor.nl_zh" unpack="false" version="3.5.0.v20090620043401" download-size="3995" install-size="3995" />
	<plugin fragment="true" id="org.eclipse.ui.examples.multipageeditor.nl_zh" unpack="false" version="3.5.0.v20090620043401" download-size="2494" install-size="2494" />
	<plugin fragment="true" id="org.eclipse.ui.examples.propertysheet.nl_zh" unpack="false" version="3.5.0.v20090620043401" download-size="3461" install-size="3461" />
	<plugin fragment="true" id="org.eclipse.ui.examples.readmetool.nl_zh" unpack="false" version="3.5.0.v20090620043401" download-size="4637" install-size="4637" />
	<plugin fragment="true" id="org.eclipse.ui.examples.undo.nl_zh" unpack="false" version="3.5.0.v20090620043401" download-size="2907" install-size="2907" />
	<plugin fragment="true" id="org.eclipse.ui.examples.views.properties.tabbed.article.nl_zh" unpack="false" version="3.5.0.v20090620043401" download-size="1540" install-size="1540" />
	<plugin fragment="true" id="org.eclipse.ui.externaltools.nl_zh" unpack="false" version="3.5.0.v20090620043401" download-size="9374" install-size="9374" />
	<plugin fragment="true" id="org.eclipse.ui.forms.nl_zh" unpack="false" version="3.5.0.v20090620043401" download-size="2460" install-size="2460" />
	<plugin fragment="true" id="org.eclipse.ui.ide.application.nl_zh" unpack="false" version="3.5.0.v20090620043401" download-size="1698" install-size="1698" />
	<plugin fragment="true" id="org.eclipse.ui.ide.nl_zh" unpack="false" version="3.5.0.v20090620043401" download-size="33938" install-size="33938" />
	<plugin fragment="true" id="org.eclipse.ui.intro.nl_zh" unpack="false" version="3.5.0.v20090620043401" download-size="3838" install-size="3838" />
	<plugin fragment="true" id="org.eclipse.ui.intro.universal.nl_zh" unpack="false" version="3.5.0.v20090620043401" download-size="6341" install-size="6341" />
	<plugin fragment="true" id="org.eclipse.ui.navigator.nl_zh" unpack="false" version="3.5.0.v20090620043401" download-size="4282" install-size="4282" />
	<plugin fragment="true" id="org.eclipse.ui.navigator.resources.nl_zh" unpack="false" version="3.5.0.v20090620043401" download-size="3646" install-size="3646" />
	<plugin fragment="true" id="org.eclipse.ui.net.nl_zh" unpack="false" version="3.5.0.v20090620043401" download-size="2678" install-size="2678" />
	<plugin fragment="true" id="org.eclipse.ui.nl_zh" unpack="false" version="3.5.0.v20090620043401" download-size="5584" install-size="5584" />
	<plugin fragment="true" id="org.eclipse.ui.presentations.r21.nl_zh" unpack="false" version="3.5.0.v20090620043401" download-size="2589" install-size="2589" />
	<plugin fragment="true" id="org.eclipse.ui.tests.navigator.nl_zh" unpack="false" version="3.5.0.v20090620043401" download-size="1521" install-size="1521" />
	<plugin fragment="true" id="org.eclipse.ui.tests.views.properties.tabbed.nl_zh" unpack="false" version="3.5.0.v20090620043401" download-size="1540" install-size="1540" />
	<plugin fragment="true" id="org.eclipse.ui.views.log.nl_zh" unpack="false" version="3.5.0.v20090620043401" download-size="3911" install-size="3911" />
	<plugin fragment="true" id="org.eclipse.ui.views.nl_zh" unpack="false" version="3.5.0.v20090620043401" download-size="3347" install-size="3347" />
	<plugin fragment="true" id="org.eclipse.ui.views.properties.tabbed.nl_zh" unpack="false" version="3.5.0.v20090620043401" download-size="3211" install-size="3211" />
	<plugin fragment="true" id="org.eclipse.ui.workbench.nl_zh" unpack="false" version="3.5.0.v20090620043401" download-size="29517" install-size="29517" />
	<plugin fragment="true" id="org.eclipse.ui.workbench.texteditor.nl_zh" unpack="false" version="3.5.0.v20090620043401" download-size="14405" install-size="14405" />
	<plugin fragment="true" id="org.eclipse.ui.workbench.texteditor.tests.nl_zh" unpack="false" version="3.5.0.v20090620043401" download-size="1462" install-size="1462" />
	<plugin fragment="true" id="org.eclipse.update.configurator.nl_zh" unpack="false" version="3.5.0.v20090620043401" download-size="3527" install-size="3527" />
	<plugin fragment="true" id="org.eclipse.update.core.nl_zh" unpack="false" version="3.5.0.v20090620043401" download-size="8799" install-size="8799" />
	<plugin fragment="true" id="org.eclipse.update.scheduler.nl_zh" unpack="false" version="3.5.0.v20090620043401" download-size="2938" install-size="2938" />
	<plugin fragment="true" id="org.eclipse.update.tests.core.nl_zh" unpack="false" version="3.5.0.v20090620043401" download-size="2822" install-size="2822" />
	<plugin fragment="true" id="org.eclipse.update.ui.nl_zh" unpack="false" version="3.5.0.v20090620043401" download-size="9640" install-size="9640" />
	<plugin fragment="true" id="org.junit4.nl_zh" unpack="false" version="3.5.0.v20090620043401" download-size="1410" install-size="1410" />
	<plugin fragment="true" id="security.a.frag.a.nl_zh" unpack="false" version="3.5.0.v20090620043401" download-size="1406" install-size="1406" />
	<plugin fragment="true" id="security.a.nl_zh" unpack="false" version="3.5.0.v20090620043401" download-size="1387" install-size="1387" />
</feature>