<?xml version="1.0" encoding="UTF-8" ?>
<feature
	id="org.eclipse.babel.nls_rt.ecf_tr"
	label="Babel Language Pack for rt.ecf in Turkish (14.02%)"
	image="eclipse_update_120.jpg"
	provider-name="%providerName"
	version="3.5.0.v20090620043401">
	<copyright>
		%copyright
	</copyright>
	<license url="%licenseURL">
		%license
	</license>
	<description>Babel Language Pack for rt.ecf in Turkish</description>
	<plugin fragment="true" id="org.eclipse.ecf.datashare.nl_tr" unpack="false" version="3.5.0.v20090620043401" download-size="2107" install-size="2107" />
	<plugin fragment="true" id="org.eclipse.ecf.discovery.nl_tr" unpack="false" version="3.5.0.v20090620043401" download-size="1369" install-size="1369" />
	<plugin fragment="true" id="org.eclipse.ecf.discovery.ui.browser.nl_tr" unpack="false" version="3.5.0.v20090620043401" download-size="1377" install-size="1377" />
	<plugin fragment="true" id="org.eclipse.ecf.discovery.ui.edit.nl_tr" unpack="false" version="3.5.0.v20090620043401" download-size="1570" install-size="1570" />
	<plugin fragment="true" id="org.eclipse.ecf.discovery.ui.model.nl_tr" unpack="false" version="3.5.0.v20090620043401" download-size="1374" install-size="1374" />
	<plugin fragment="true" id="org.eclipse.ecf.discovery.ui.nl_tr" unpack="false" version="3.5.0.v20090620043401" download-size="1371" install-size="1371" />
	<plugin fragment="true" id="org.eclipse.ecf.doc.nl_tr" unpack="false" version="3.5.0.v20090620043401" download-size="1365" install-size="1365" />
	<plugin fragment="true" id="org.eclipse.ecf.docshare.nl_tr" unpack="false" version="3.5.0.v20090620043401" download-size="2290" install-size="2290" />
	<plugin fragment="true" id="org.eclipse.ecf.example.clients.nl_tr" unpack="false" version="3.5.0.v20090620043401" download-size="1373" install-size="1373" />
	<plugin fragment="true" id="org.eclipse.ecf.example.collab.editor.nl_tr" unpack="false" version="3.5.0.v20090620043401" download-size="1377" install-size="1377" />
	<plugin fragment="true" id="org.eclipse.ecf.example.collab.nl_tr" unpack="false" version="3.5.0.v20090620043401" download-size="3537" install-size="3537" />
	<plugin fragment="true" id="org.eclipse.ecf.examples.remoteservices.common.nl_tr" unpack="false" version="3.5.0.v20090620043401" download-size="1383" install-size="1383" />
	<plugin fragment="true" id="org.eclipse.ecf.examples.remoteservices.server.nl_tr" unpack="false" version="3.5.0.v20090620043401" download-size="1382" install-size="1382" />
	<plugin fragment="true" id="org.eclipse.ecf.examples.updatesite.client.nl_tr" unpack="false" version="3.5.0.v20090620043401" download-size="1379" install-size="1379" />
	<plugin fragment="true" id="org.eclipse.ecf.examples.updatesite.server.nl_tr" unpack="false" version="3.5.0.v20090620043401" download-size="1379" install-size="1379" />
	<plugin fragment="true" id="org.eclipse.ecf.filetransfer.nl_tr" unpack="false" version="3.5.0.v20090620043401" download-size="1369" install-size="1369" />
	<plugin fragment="true" id="org.eclipse.ecf.filetransfer.ui.nl_tr" unpack="false" version="3.5.0.v20090620043401" download-size="2619" install-size="2619" />
	<plugin fragment="true" id="org.eclipse.ecf.identity.nl_tr" unpack="false" version="3.5.0.v20090620043401" download-size="1368" install-size="1368" />
	<plugin fragment="true" id="org.eclipse.ecf.nl_tr" unpack="false" version="3.5.0.v20090620043401" download-size="1550" install-size="1550" />
	<plugin fragment="true" id="org.eclipse.ecf.osgi.services.discovery.nl_tr" unpack="false" version="3.5.0.v20090620043401" download-size="1379" install-size="1379" />
	<plugin fragment="true" id="org.eclipse.ecf.osgi.services.distribution.nl_tr" unpack="false" version="3.5.0.v20090620043401" download-size="1380" install-size="1380" />
	<plugin fragment="true" id="org.eclipse.ecf.osgi.services.nl_tr" unpack="false" version="3.5.0.v20090620043401" download-size="1354" install-size="1354" />
	<plugin fragment="true" id="org.eclipse.ecf.presence.bot.nl_tr" unpack="false" version="3.5.0.v20090620043401" download-size="1371" install-size="1371" />
	<plugin fragment="true" id="org.eclipse.ecf.presence.collab.ui.nl_tr" unpack="false" version="3.5.0.v20090620043401" download-size="2642" install-size="2642" />
	<plugin fragment="true" id="org.eclipse.ecf.presence.nl_tr" unpack="false" version="3.5.0.v20090620043401" download-size="1368" install-size="1368" />
	<plugin fragment="true" id="org.eclipse.ecf.presence.ui.nl_tr" unpack="false" version="3.5.0.v20090620043401" download-size="2960" install-size="2960" />
	<plugin fragment="true" id="org.eclipse.ecf.protocol.bittorrent.nl_tr" unpack="false" version="3.5.0.v20090620043401" download-size="1374" install-size="1374" />
	<plugin fragment="true" id="org.eclipse.ecf.protocol.msn.nl_tr" unpack="false" version="3.5.0.v20090620043401" download-size="1371" install-size="1371" />
	<plugin fragment="true" id="org.eclipse.ecf.provider.bittorrent.nl_tr" unpack="false" version="3.5.0.v20090620043401" download-size="1375" install-size="1375" />
	<plugin fragment="true" id="org.eclipse.ecf.provider.bittorrent.ui.nl_tr" unpack="false" version="3.5.0.v20090620043401" download-size="2625" install-size="2625" />
	<plugin fragment="true" id="org.eclipse.ecf.provider.datashare.nio.nl_tr" unpack="false" version="3.5.0.v20090620043401" download-size="1377" install-size="1377" />
	<plugin fragment="true" id="org.eclipse.ecf.provider.datashare.nl_tr" unpack="false" version="3.5.0.v20090620043401" download-size="1374" install-size="1374" />
	<plugin fragment="true" id="org.eclipse.ecf.provider.discovery.nl_tr" unpack="false" version="3.5.0.v20090620043401" download-size="1375" install-size="1375" />
	<plugin fragment="true" id="org.eclipse.ecf.provider.filetransfer.efs.nl_tr" unpack="false" version="3.5.0.v20090620043401" download-size="1379" install-size="1379" />
	<plugin fragment="true" id="org.eclipse.ecf.provider.filetransfer.httpclient.nl_tr" unpack="false" version="3.5.0.v20090620043401" download-size="2684" install-size="2684" />
	<plugin fragment="true" id="org.eclipse.ecf.provider.filetransfer.nl_tr" unpack="false" version="3.5.0.v20090620043401" download-size="2508" install-size="2508" />
	<plugin fragment="true" id="org.eclipse.ecf.provider.filetransfer.scp.nl_tr" unpack="false" version="3.5.0.v20090620043401" download-size="1379" install-size="1379" />
	<plugin fragment="true" id="org.eclipse.ecf.provider.irc.nl_tr" unpack="false" version="3.5.0.v20090620043401" download-size="2426" install-size="2426" />
	<plugin fragment="true" id="org.eclipse.ecf.provider.irc.ui.nl_tr" unpack="false" version="3.5.0.v20090620043401" download-size="2370" install-size="2370" />
	<plugin fragment="true" id="org.eclipse.ecf.provider.jmdns.nl_tr" unpack="false" version="3.5.0.v20090620043401" download-size="1373" install-size="1373" />
	<plugin fragment="true" id="org.eclipse.ecf.provider.jslp.nl_tr" unpack="false" version="3.5.0.v20090620043401" download-size="1372" install-size="1372" />
	<plugin fragment="true" id="org.eclipse.ecf.provider.msn.nl_tr" unpack="false" version="3.5.0.v20090620043401" download-size="2394" install-size="2394" />
	<plugin fragment="true" id="org.eclipse.ecf.provider.msn.ui.nl_tr" unpack="false" version="3.5.0.v20090620043401" download-size="2564" install-size="2564" />
	<plugin fragment="true" id="org.eclipse.ecf.provider.nl_tr" unpack="false" version="3.5.0.v20090620043401" download-size="2857" install-size="2857" />
	<plugin fragment="true" id="org.eclipse.ecf.provider.remoteservice.nl_tr" unpack="false" version="3.5.0.v20090620043401" download-size="1377" install-size="1377" />
	<plugin fragment="true" id="org.eclipse.ecf.provider.ui.nl_tr" unpack="false" version="3.5.0.v20090620043401" download-size="1370" install-size="1370" />
	<plugin fragment="true" id="org.eclipse.ecf.provider.xmpp.nl_tr" unpack="false" version="3.5.0.v20090620043401" download-size="1372" install-size="1372" />
	<plugin fragment="true" id="org.eclipse.ecf.provider.xmpp.ui.nl_tr" unpack="false" version="3.5.0.v20090620043401" download-size="2700" install-size="2700" />
	<plugin fragment="true" id="org.eclipse.ecf.remoteservice.nl_tr" unpack="false" version="3.5.0.v20090620043401" download-size="1371" install-size="1371" />
	<plugin fragment="true" id="org.eclipse.ecf.remoteservice.ui.nl_tr" unpack="false" version="3.5.0.v20090620043401" download-size="2518" install-size="2518" />
	<plugin fragment="true" id="org.eclipse.ecf.server.generic.nl_tr" unpack="false" version="3.5.0.v20090620043401" download-size="1372" install-size="1372" />
	<plugin fragment="true" id="org.eclipse.ecf.server.nl_tr" unpack="false" version="3.5.0.v20090620043401" download-size="1367" install-size="1367" />
	<plugin fragment="true" id="org.eclipse.ecf.sharedobject.nl_tr" unpack="false" version="3.5.0.v20090620043401" download-size="2422" install-size="2422" />
	<plugin fragment="true" id="org.eclipse.ecf.storage.nl_tr" unpack="false" version="3.5.0.v20090620043401" download-size="1367" install-size="1367" />
	<plugin fragment="true" id="org.eclipse.ecf.sync.nl_tr" unpack="false" version="3.5.0.v20090620043401" download-size="1366" install-size="1366" />
	<plugin fragment="true" id="org.eclipse.ecf.telephony.call.nl_tr" unpack="false" version="3.5.0.v20090620043401" download-size="1373" install-size="1373" />
	<plugin fragment="true" id="org.eclipse.ecf.telephony.call.ui.nl_tr" unpack="false" version="3.5.0.v20090620043401" download-size="1374" install-size="1374" />
	<plugin fragment="true" id="org.eclipse.ecf.ui.capabilities.nl_tr" unpack="false" version="3.5.0.v20090620043401" download-size="1373" install-size="1373" />
	<plugin fragment="true" id="org.eclipse.ecf.ui.nl_tr" unpack="false" version="3.5.0.v20090620043401" download-size="2419" install-size="2419" />
	<plugin fragment="true" id="org.eclipse.team.ecf.core.nl_tr" unpack="false" version="3.5.0.v20090620043401" download-size="1369" install-size="1369" />
	<plugin fragment="true" id="org.eclipse.team.ecf.ui.nl_tr" unpack="false" version="3.5.0.v20090620043401" download-size="2422" install-size="2422" />
	<plugin fragment="true" id="org.jivesoftware.smack.nl_tr" unpack="false" version="3.5.0.v20090620043401" download-size="1370" install-size="1370" />
</feature>