<?xml version="1.0" encoding="UTF-8" ?>
<feature
	id="org.eclipse.babel.nls_modeling.m2t_ro"
	label="Babel Language Pack for modeling.m2t in Romanian (4.07%)"
	image="eclipse_update_120.jpg"
	provider-name="%providerName"
	version="3.5.0.v20090620043401">
	<copyright>
		%copyright
	</copyright>
	<license url="%licenseURL">
		%license
	</license>
	<description>Babel Language Pack for modeling.m2t in Romanian</description>
	<plugin fragment="true" id="org.eclipse.acceleo.common.nl_ro" unpack="false" version="3.5.0.v20090620043401" download-size="1369" install-size="1369" />
	<plugin fragment="true" id="org.eclipse.acceleo.engine.nl_ro" unpack="false" version="3.5.0.v20090620043401" download-size="1369" install-size="1369" />
	<plugin fragment="true" id="org.eclipse.acceleo.ide.ui.nl_ro" unpack="false" version="3.5.0.v20090620043401" download-size="2486" install-size="2486" />
	<plugin fragment="true" id="org.eclipse.acceleo.model.nl_ro" unpack="false" version="3.5.0.v20090620043401" download-size="1368" install-size="1368" />
	<plugin fragment="true" id="org.eclipse.acceleo.parser.nl_ro" unpack="false" version="3.5.0.v20090620043401" download-size="1369" install-size="1369" />
</feature>