<?xml version="1.0" encoding="UTF-8" ?>
<feature
	id="org.eclipse.babel.nls_webtools.webservices_ko"
	label="Babel Language Pack for webtools.webservices in Korean (89.24%)"
	image="eclipse_update_120.jpg"
	provider-name="%providerName"
	version="3.5.0.v20090620043401">
	<copyright>
		%copyright
	</copyright>
	<license url="%licenseURL">
		%license
	</license>
	<description>Babel Language Pack for webtools.webservices in Korean</description>
	<plugin fragment="true" id="org.eclipse.jst.ws.axis.consumption.core.nl_ko" unpack="false" version="3.5.0.v20090620043401" download-size="4405" install-size="4405" />
	<plugin fragment="true" id="org.eclipse.jst.ws.axis.consumption.ui.nl_ko" unpack="false" version="3.5.0.v20090620043401" download-size="4872" install-size="4872" />
	<plugin fragment="true" id="org.eclipse.jst.ws.axis.creation.ui.nl_ko" unpack="false" version="3.5.0.v20090620043401" download-size="4150" install-size="4150" />
	<plugin fragment="true" id="org.eclipse.jst.ws.axis2.consumption.core.nl_ko" unpack="false" version="3.5.0.v20090620043401" download-size="2839" install-size="2839" />
	<plugin fragment="true" id="org.eclipse.jst.ws.axis2.consumption.ui.nl_ko" unpack="false" version="3.5.0.v20090620043401" download-size="1439" install-size="1439" />
	<plugin fragment="true" id="org.eclipse.jst.ws.axis2.core.nl_ko" unpack="false" version="3.5.0.v20090620043401" download-size="2699" install-size="2699" />
	<plugin fragment="true" id="org.eclipse.jst.ws.axis2.creation.core.nl_ko" unpack="false" version="3.5.0.v20090620043401" download-size="2828" install-size="2828" />
	<plugin fragment="true" id="org.eclipse.jst.ws.axis2.creation.ui.nl_ko" unpack="false" version="3.5.0.v20090620043401" download-size="1381" install-size="1381" />
	<plugin fragment="true" id="org.eclipse.jst.ws.axis2.ui.doc.user.nl_ko" unpack="false" version="3.5.0.v20090620043401" download-size="1376" install-size="1376" />
	<plugin fragment="true" id="org.eclipse.jst.ws.axis2.ui.nl_ko" unpack="false" version="3.5.0.v20090620043401" download-size="1375" install-size="1375" />
	<plugin fragment="true" id="org.eclipse.jst.ws.consumption.nl_ko" unpack="false" version="3.5.0.v20090620043401" download-size="5024" install-size="5024" />
	<plugin fragment="true" id="org.eclipse.jst.ws.consumption.ui.nl_ko" unpack="false" version="3.5.0.v20090620043401" download-size="10785" install-size="10785" />
	<plugin fragment="true" id="org.eclipse.jst.ws.creation.ejb.ui.nl_ko" unpack="false" version="3.5.0.v20090620043401" download-size="1533" install-size="1533" />
	<plugin fragment="true" id="org.eclipse.jst.ws.creation.ui.nl_ko" unpack="false" version="3.5.0.v20090620043401" download-size="3087" install-size="3087" />
	<plugin fragment="true" id="org.eclipse.jst.ws.nl_ko" unpack="false" version="3.5.0.v20090620043401" download-size="3853" install-size="3853" />
	<plugin fragment="true" id="org.eclipse.jst.ws.uddiregistry.nl_ko" unpack="false" version="3.5.0.v20090620043401" download-size="2924" install-size="2924" />
	<plugin fragment="true" id="org.eclipse.jst.ws.ui.nl_ko" unpack="false" version="3.5.0.v20090620043401" download-size="3840" install-size="3840" />
	<plugin fragment="true" id="org.eclipse.wst.command.env.core.nl_ko" unpack="false" version="3.5.0.v20090620043401" download-size="2732" install-size="2732" />
	<plugin fragment="true" id="org.eclipse.wst.command.env.nl_ko" unpack="false" version="3.5.0.v20090620043401" download-size="5168" install-size="5168" />
	<plugin fragment="true" id="org.eclipse.wst.command.env.ui.nl_ko" unpack="false" version="3.5.0.v20090620043401" download-size="3453" install-size="3453" />
	<plugin fragment="true" id="org.eclipse.wst.ws.explorer.nl_ko" unpack="false" version="3.5.0.v20090620043401" download-size="18598" install-size="18598" />
	<plugin fragment="true" id="org.eclipse.wst.ws.nl_ko" unpack="false" version="3.5.0.v20090620043401" download-size="2886" install-size="2886" />
	<plugin fragment="true" id="org.eclipse.wst.ws.parser.nl_ko" unpack="false" version="3.5.0.v20090620043401" download-size="3369" install-size="3369" />
	<plugin fragment="true" id="org.eclipse.wst.ws.service.policy.nl_ko" unpack="false" version="3.5.0.v20090620043401" download-size="1514" install-size="1514" />
	<plugin fragment="true" id="org.eclipse.wst.ws.service.policy.ui.nl_ko" unpack="false" version="3.5.0.v20090620043401" download-size="2922" install-size="2922" />
	<plugin fragment="true" id="org.eclipse.wst.ws.ui.nl_ko" unpack="false" version="3.5.0.v20090620043401" download-size="3250" install-size="3250" />
	<plugin fragment="true" id="org.eclipse.wst.wsdl.nl_ko" unpack="false" version="3.5.0.v20090620043401" download-size="1365" install-size="1365" />
	<plugin fragment="true" id="org.eclipse.wst.wsdl.ui.nl_ko" unpack="false" version="3.5.0.v20090620043401" download-size="6510" install-size="6510" />
	<plugin fragment="true" id="org.eclipse.wst.wsdl.validation.nl_ko" unpack="false" version="3.5.0.v20090620043401" download-size="8494" install-size="8494" />
	<plugin fragment="true" id="org.eclipse.wst.wsi.nl_ko" unpack="false" version="3.5.0.v20090620043401" download-size="6167" install-size="6167" />
	<plugin fragment="true" id="org.eclipse.wst.wsi.ui.nl_ko" unpack="false" version="3.5.0.v20090620043401" download-size="4188" install-size="4188" />
</feature>