<?xml version="1.0" encoding="UTF-8" ?>
<feature
	id="org.eclipse.babel.nls_webtools.common_hu"
	label="Babel Language Pack for webtools.common in Hungarian (47.28%)"
	image="eclipse_update_120.jpg"
	provider-name="%providerName"
	version="3.5.0.v20090620043401">
	<copyright>
		%copyright
	</copyright>
	<license url="%licenseURL">
		%license
	</license>
	<description>Babel Language Pack for webtools.common in Hungarian</description>
	<plugin fragment="true" id="org.eclipse.jem.util.nl_hu" unpack="false" version="3.5.0.v20090620043401" download-size="1890" install-size="1890" />
	<plugin fragment="true" id="org.eclipse.jst.common.annotations.controller.nl_hu" unpack="false" version="3.5.0.v20090620043401" download-size="2084" install-size="2084" />
	<plugin fragment="true" id="org.eclipse.jst.common.annotations.core.nl_hu" unpack="false" version="3.5.0.v20090620043401" download-size="1829" install-size="1829" />
	<plugin fragment="true" id="org.eclipse.jst.common.annotations.ui.nl_hu" unpack="false" version="3.5.0.v20090620043401" download-size="1750" install-size="1750" />
	<plugin fragment="true" id="org.eclipse.jst.common.fproj.enablement.jdt.sdk.nl_hu" unpack="false" version="3.5.0.v20090620043401" download-size="1385" install-size="1385" />
	<plugin fragment="true" id="org.eclipse.jst.common.frameworks.nl_hu" unpack="false" version="3.5.0.v20090620043401" download-size="1409" install-size="1409" />
	<plugin fragment="true" id="org.eclipse.jst.common.project.facet.core.nl_hu" unpack="false" version="3.5.0.v20090620043401" download-size="3249" install-size="3249" />
	<plugin fragment="true" id="org.eclipse.jst.common.project.facet.ui.nl_hu" unpack="false" version="3.5.0.v20090620043401" download-size="5167" install-size="5167" />
	<plugin fragment="true" id="org.eclipse.wst.common.api.doc.nl_hu" unpack="false" version="3.5.0.v20090620043401" download-size="1373" install-size="1373" />
	<plugin fragment="true" id="org.eclipse.wst.common.core.nl_hu" unpack="false" version="3.5.0.v20090620043401" download-size="2634" install-size="2634" />
	<plugin fragment="true" id="org.eclipse.wst.common.emf.nl_hu" unpack="false" version="3.5.0.v20090620043401" download-size="2121" install-size="2121" />
	<plugin fragment="true" id="org.eclipse.wst.common.emfworkbench.integration.nl_hu" unpack="false" version="3.5.0.v20090620043401" download-size="2877" install-size="2877" />
	<plugin fragment="true" id="org.eclipse.wst.common.environment.nl_hu" unpack="false" version="3.5.0.v20090620043401" download-size="3148" install-size="3148" />
	<plugin fragment="true" id="org.eclipse.wst.common.fproj.sdk.nl_hu" unpack="false" version="3.5.0.v20090620043401" download-size="1375" install-size="1375" />
	<plugin fragment="true" id="org.eclipse.wst.common.frameworks.nl_hu" unpack="false" version="3.5.0.v20090620043401" download-size="2858" install-size="2858" />
	<plugin fragment="true" id="org.eclipse.wst.common.frameworks.ui.nl_hu" unpack="false" version="3.5.0.v20090620043401" download-size="4371" install-size="4371" />
	<plugin fragment="true" id="org.eclipse.wst.common.infopop.nl_hu" unpack="false" version="3.5.0.v20090620043401" download-size="1423" install-size="1423" />
	<plugin fragment="true" id="org.eclipse.wst.common.modulecore.nl_hu" unpack="false" version="3.5.0.v20090620043401" download-size="2243" install-size="2243" />
	<plugin fragment="true" id="org.eclipse.wst.common.project.facet.core.nl_hu" unpack="false" version="3.5.0.v20090620043401" download-size="9229" install-size="9229" />
	<plugin fragment="true" id="org.eclipse.wst.common.project.facet.doc.api.nl_hu" unpack="false" version="3.5.0.v20090620043401" download-size="1380" install-size="1380" />
	<plugin fragment="true" id="org.eclipse.wst.common.project.facet.ui.nl_hu" unpack="false" version="3.5.0.v20090620043401" download-size="7868" install-size="7868" />
	<plugin fragment="true" id="org.eclipse.wst.common.snippets.nl_hu" unpack="false" version="3.5.0.v20090620043401" download-size="3492" install-size="3492" />
	<plugin fragment="true" id="org.eclipse.wst.common.ui.nl_hu" unpack="false" version="3.5.0.v20090620043401" download-size="5266" install-size="5266" />
	<plugin fragment="true" id="org.eclipse.wst.common.ui.properties.nl_hu" unpack="false" version="3.5.0.v20090620043401" download-size="3426" install-size="3426" />
	<plugin fragment="true" id="org.eclipse.wst.common.uriresolver.nl_hu" unpack="false" version="3.5.0.v20090620043401" download-size="1453" install-size="1453" />
	<plugin fragment="true" id="org.eclipse.wst.internet.cache.nl_hu" unpack="false" version="3.5.0.v20090620043401" download-size="3211" install-size="3211" />
	<plugin fragment="true" id="org.eclipse.wst.validation.doc.isv.nl_hu" unpack="false" version="3.5.0.v20090620043401" download-size="1379" install-size="1379" />
	<plugin fragment="true" id="org.eclipse.wst.validation.infopop.nl_hu" unpack="false" version="3.5.0.v20090620043401" download-size="1439" install-size="1439" />
	<plugin fragment="true" id="org.eclipse.wst.validation.nl_hu" unpack="false" version="3.5.0.v20090620043401" download-size="5006" install-size="5006" />
	<plugin fragment="true" id="org.eclipse.wst.validation.ui.nl_hu" unpack="false" version="3.5.0.v20090620043401" download-size="3799" install-size="3799" />
</feature>