<?xml version="1.0" encoding="UTF-8" ?>
<feature
	id="org.eclipse.babel.nls_rt.equinox_en_AA"
	label="Babel Language Pack for rt.equinox in Pseudo Translations (100%)"
	image="eclipse_update_120.jpg"
	provider-name="%providerName"
	version="3.5.0.v20090620043401">
	<copyright>
		%copyright
	</copyright>
	<license url="%licenseURL">
		%license
	</license>
	<description>Babel Language Pack for rt.equinox in Pseudo Translations</description>
	<plugin fragment="true" id="foo.fragment.nl_en_AA" unpack="false" version="3.5.0.v20090620043401" download-size="1396" install-size="1396" />
	<plugin fragment="true" id="org.eclipse.core.resources.jmx.nl_en_AA" unpack="false" version="3.5.0.v20090620043401" download-size="2258" install-size="2258" />
	<plugin fragment="true" id="org.eclipse.equinox.frameworkadmin.equinox.nl_en_AA" unpack="false" version="3.5.0.v20090620043401" download-size="3053" install-size="3053" />
	<plugin fragment="true" id="org.eclipse.equinox.frameworkadmin.nl_en_AA" unpack="false" version="3.5.0.v20090620043401" download-size="1440" install-size="1440" />
	<plugin fragment="true" id="org.eclipse.equinox.initializer.nl_en_AA" unpack="false" version="3.5.0.v20090620043401" download-size="2510" install-size="2510" />
	<plugin fragment="true" id="org.eclipse.equinox.jmx.client.nl_en_AA" unpack="false" version="3.5.0.v20090620043401" download-size="4694" install-size="4694" />
	<plugin fragment="true" id="org.eclipse.equinox.jmx.common.nl_en_AA" unpack="false" version="3.5.0.v20090620043401" download-size="2288" install-size="2288" />
	<plugin fragment="true" id="org.eclipse.equinox.jmx.server.nl_en_AA" unpack="false" version="3.5.0.v20090620043401" download-size="2938" install-size="2938" />
	<plugin fragment="true" id="org.eclipse.equinox.jmx.vm.nl_en_AA" unpack="false" version="3.5.0.v20090620043401" download-size="2665" install-size="2665" />
	<plugin fragment="true" id="org.eclipse.equinox.p2.artifact.repository.nl_en_AA" unpack="false" version="3.5.0.v20090620043401" download-size="6948" install-size="6948" />
	<plugin fragment="true" id="org.eclipse.equinox.p2.console.nl_en_AA" unpack="false" version="3.5.0.v20090620043401" download-size="1437" install-size="1437" />
	<plugin fragment="true" id="org.eclipse.equinox.p2.core.nl_en_AA" unpack="false" version="3.5.0.v20090620043401" download-size="4982" install-size="4982" />
	<plugin fragment="true" id="org.eclipse.equinox.p2.director.app.nl_en_AA" unpack="false" version="3.5.0.v20090620043401" download-size="4194" install-size="4194" />
	<plugin fragment="true" id="org.eclipse.equinox.p2.director.nl_en_AA" unpack="false" version="3.5.0.v20090620043401" download-size="3381" install-size="3381" />
	<plugin fragment="true" id="org.eclipse.equinox.p2.directorywatcher.nl_en_AA" unpack="false" version="3.5.0.v20090620043401" download-size="3011" install-size="3011" />
	<plugin fragment="true" id="org.eclipse.equinox.p2.engine.nl_en_AA" unpack="false" version="3.5.0.v20090620043401" download-size="6046" install-size="6046" />
	<plugin fragment="true" id="org.eclipse.equinox.p2.exemplarysetup.nl_en_AA" unpack="false" version="3.5.0.v20090620043401" download-size="1447" install-size="1447" />
	<plugin fragment="true" id="org.eclipse.equinox.p2.extensionlocation.nl_en_AA" unpack="false" version="3.5.0.v20090620043401" download-size="2747" install-size="2747" />
	<plugin fragment="true" id="org.eclipse.equinox.p2.garbagecollector.nl_en_AA" unpack="false" version="3.5.0.v20090620043401" download-size="2645" install-size="2645" />
	<plugin fragment="true" id="org.eclipse.equinox.p2.installer.nl_en_AA" unpack="false" version="3.5.0.v20090620043401" download-size="3619" install-size="3619" />
	<plugin fragment="true" id="org.eclipse.equinox.p2.jarprocessor.nl_en_AA" unpack="false" version="3.5.0.v20090620043401" download-size="1449" install-size="1449" />
	<plugin fragment="true" id="org.eclipse.equinox.p2.metadata.generator.nl_en_AA" unpack="false" version="3.5.0.v20090620043401" download-size="4732" install-size="4732" />
	<plugin fragment="true" id="org.eclipse.equinox.p2.metadata.nl_en_AA" unpack="false" version="3.5.0.v20090620043401" download-size="1439" install-size="1439" />
	<plugin fragment="true" id="org.eclipse.equinox.p2.metadata.repository.nl_en_AA" unpack="false" version="3.5.0.v20090620043401" download-size="3063" install-size="3063" />
	<plugin fragment="true" id="org.eclipse.equinox.p2.publisher.nl_en_AA" unpack="false" version="3.5.0.v20090620043401" download-size="3588" install-size="3588" />
	<plugin fragment="true" id="org.eclipse.equinox.p2.reconciler.dropins.nl_en_AA" unpack="false" version="3.5.0.v20090620043401" download-size="2886" install-size="2886" />
	<plugin fragment="true" id="org.eclipse.equinox.p2.repository.nl_en_AA" unpack="false" version="3.5.0.v20090620043401" download-size="5320" install-size="5320" />
	<plugin fragment="true" id="org.eclipse.equinox.p2.repository.tools.nl_en_AA" unpack="false" version="3.5.0.v20090620043401" download-size="5413" install-size="5413" />
	<plugin fragment="true" id="org.eclipse.equinox.p2.selfhosting.nl_en_AA" unpack="false" version="3.5.0.v20090620043401" download-size="1459" install-size="1459" />
	<plugin fragment="true" id="org.eclipse.equinox.p2.tests.nl_en_AA" unpack="false" version="3.5.0.v20090620043401" download-size="4492" install-size="4492" />
	<plugin fragment="true" id="org.eclipse.equinox.p2.tests.ui.nl_en_AA" unpack="false" version="3.5.0.v20090620043401" download-size="1449" install-size="1449" />
	<plugin fragment="true" id="org.eclipse.equinox.p2.tools.nl_en_AA" unpack="false" version="3.5.0.v20090620043401" download-size="1439" install-size="1439" />
	<plugin fragment="true" id="org.eclipse.equinox.p2.touchpoint.eclipse.nl_en_AA" unpack="false" version="3.5.0.v20090620043401" download-size="4792" install-size="4792" />
	<plugin fragment="true" id="org.eclipse.equinox.p2.touchpoint.natives.nl_en_AA" unpack="false" version="3.5.0.v20090620043401" download-size="3702" install-size="3702" />
	<plugin fragment="true" id="org.eclipse.equinox.p2.ui.admin.nl_en_AA" unpack="false" version="3.5.0.v20090620043401" download-size="4026" install-size="4026" />
	<plugin fragment="true" id="org.eclipse.equinox.p2.ui.admin.rcp.nl_en_AA" unpack="false" version="3.5.0.v20090620043401" download-size="2956" install-size="2956" />
	<plugin fragment="true" id="org.eclipse.equinox.p2.ui.nl_en_AA" unpack="false" version="3.5.0.v20090620043401" download-size="8220" install-size="8220" />
	<plugin fragment="true" id="org.eclipse.equinox.p2.ui.sdk.nl_en_AA" unpack="false" version="3.5.0.v20090620043401" download-size="3786" install-size="3786" />
	<plugin fragment="true" id="org.eclipse.equinox.p2.ui.sdk.scheduler.nl_en_AA" unpack="false" version="3.5.0.v20090620043401" download-size="4073" install-size="4073" />
	<plugin fragment="true" id="org.eclipse.equinox.p2.updatechecker.nl_en_AA" unpack="false" version="3.5.0.v20090620043401" download-size="1427" install-size="1427" />
	<plugin fragment="true" id="org.eclipse.equinox.p2.updatesite.nl_en_AA" unpack="false" version="3.5.0.v20090620043401" download-size="3745" install-size="3745" />
	<plugin fragment="true" id="org.eclipse.equinox.preferences.jmx.nl_en_AA" unpack="false" version="3.5.0.v20090620043401" download-size="2428" install-size="2428" />
	<plugin fragment="true" id="org.eclipse.equinox.simpleconfigurator.manipulator.nl_en_AA" unpack="false" version="3.5.0.v20090620043401" download-size="1437" install-size="1437" />
	<plugin fragment="true" id="org.eclipse.equinox.simpleconfigurator.nl_en_AA" unpack="false" version="3.5.0.v20090620043401" download-size="1418" install-size="1418" />
	<plugin fragment="true" id="org.eclipse.osgi.jmx.nl_en_AA" unpack="false" version="3.5.0.v20090620043401" download-size="2949" install-size="2949" />
	<plugin fragment="true" id="org.eclipse.swt.jmx.nl_en_AA" unpack="false" version="3.5.0.v20090620043401" download-size="2157" install-size="2157" />
</feature>