<?xml version="1.0" encoding="UTF-8" ?>
<feature
	id="org.eclipse.babel.nls_webtools.ejbtools_cs"
	label="Babel Language Pack for webtools.ejbtools in Czech (96.28%)"
	image="eclipse_update_120.jpg"
	provider-name="%providerName"
	version="3.5.0.v20090620043401">
	<copyright>
		%copyright
	</copyright>
	<license url="%licenseURL">
		%license
	</license>
	<description>Babel Language Pack for webtools.ejbtools in Czech</description>
	<plugin fragment="true" id="org.eclipse.jst.ejb.doc.user.nl_cs" unpack="false" version="3.5.0.v20090620043401" download-size="1372" install-size="1372" />
	<plugin fragment="true" id="org.eclipse.jst.ejb.ui.infopop.nl_cs" unpack="false" version="3.5.0.v20090620043401" download-size="1373" install-size="1373" />
	<plugin fragment="true" id="org.eclipse.jst.ejb.ui.nl_cs" unpack="false" version="3.5.0.v20090620043401" download-size="3896" install-size="3896" />
	<plugin fragment="true" id="org.eclipse.jst.j2ee.ejb.annotation.model.nl_cs" unpack="false" version="3.5.0.v20090620043401" download-size="3733" install-size="3733" />
	<plugin fragment="true" id="org.eclipse.jst.j2ee.ejb.annotations.emitter.nl_cs" unpack="false" version="3.5.0.v20090620043401" download-size="1383" install-size="1383" />
	<plugin fragment="true" id="org.eclipse.jst.j2ee.ejb.annotations.ui.nl_cs" unpack="false" version="3.5.0.v20090620043401" download-size="3889" install-size="3889" />
	<plugin fragment="true" id="org.eclipse.jst.j2ee.ejb.annotations.xdoclet.nl_cs" unpack="false" version="3.5.0.v20090620043401" download-size="3609" install-size="3609" />
	<plugin fragment="true" id="org.eclipse.jst.j2ee.ejb.nl_cs" unpack="false" version="3.5.0.v20090620043401" download-size="25813" install-size="25813" />
	<plugin fragment="true" id="org.eclipse.jst.jee.ejb.nl_cs" unpack="false" version="3.5.0.v20090620043401" download-size="1371" install-size="1371" />
</feature>