<?xml version="1.0" encoding="UTF-8" ?>
<feature
	id="org.eclipse.babel.nls_datatools_it"
	label="Babel Language Pack for datatools in Italian (21.55%)"
	image="eclipse_update_120.jpg"
	provider-name="%providerName"
	version="3.5.0.v20090620043401">
	<copyright>
		%copyright
	</copyright>
	<license url="%licenseURL">
		%license
	</license>
	<description>Babel Language Pack for datatools in Italian</description>
	<plugin fragment="true" id="org.eclipse.datatools.connectivity.apache.derby.dbdefinition.nl_it" unpack="false" version="3.5.0.v20090620043401" download-size="1377" install-size="1377" />
	<plugin fragment="true" id="org.eclipse.datatools.connectivity.apache.derby.nl_it" unpack="false" version="3.5.0.v20090620043401" download-size="1431" install-size="1431" />
	<plugin fragment="true" id="org.eclipse.datatools.connectivity.apache.derby.ui.nl_it" unpack="false" version="3.5.0.v20090620043401" download-size="3565" install-size="3565" />
	<plugin fragment="true" id="org.eclipse.datatools.connectivity.console.profile.nl_it" unpack="false" version="3.5.0.v20090620043401" download-size="2531" install-size="2531" />
	<plugin fragment="true" id="org.eclipse.datatools.connectivity.db.generic.nl_it" unpack="false" version="3.5.0.v20090620043401" download-size="2583" install-size="2583" />
	<plugin fragment="true" id="org.eclipse.datatools.connectivity.db.generic.ui.nl_it" unpack="false" version="3.5.0.v20090620043401" download-size="1365" install-size="1365" />
	<plugin fragment="true" id="org.eclipse.datatools.connectivity.dbdefinition.genericJDBC.nl_it" unpack="false" version="3.5.0.v20090620043401" download-size="1398" install-size="1398" />
	<plugin fragment="true" id="org.eclipse.datatools.connectivity.nl_it" unpack="false" version="3.5.0.v20090620043401" download-size="3176" install-size="3176" />
	<plugin fragment="true" id="org.eclipse.datatools.connectivity.oda.design.nl_it" unpack="false" version="3.5.0.v20090620043401" download-size="1362" install-size="1362" />
	<plugin fragment="true" id="org.eclipse.datatools.connectivity.oda.design.ui.nl_it" unpack="false" version="3.5.0.v20090620043401" download-size="2944" install-size="2944" />
	<plugin fragment="true" id="org.eclipse.datatools.connectivity.oda.flatfile.nl_it" unpack="false" version="3.5.0.v20090620043401" download-size="2684" install-size="2684" />
	<plugin fragment="true" id="org.eclipse.datatools.connectivity.oda.flatfile.ui.nl_it" unpack="false" version="3.5.0.v20090620043401" download-size="3061" install-size="3061" />
	<plugin fragment="true" id="org.eclipse.datatools.connectivity.oda.template.ui.nl_it" unpack="false" version="3.5.0.v20090620043401" download-size="2921" install-size="2921" />
	<plugin fragment="true" id="org.eclipse.datatools.connectivity.sqm.core.nl_it" unpack="false" version="3.5.0.v20090620043401" download-size="3076" install-size="3076" />
	<plugin fragment="true" id="org.eclipse.datatools.connectivity.sqm.core.ui.nl_it" unpack="false" version="3.5.0.v20090620043401" download-size="4018" install-size="4018" />
	<plugin fragment="true" id="org.eclipse.datatools.connectivity.sqm.server.ui.nl_it" unpack="false" version="3.5.0.v20090620043401" download-size="3506" install-size="3506" />
	<plugin fragment="true" id="org.eclipse.datatools.connectivity.ui.dse.nl_it" unpack="false" version="3.5.0.v20090620043401" download-size="2906" install-size="2906" />
	<plugin fragment="true" id="org.eclipse.datatools.connectivity.ui.nl_it" unpack="false" version="3.5.0.v20090620043401" download-size="3538" install-size="3538" />
	<plugin fragment="true" id="org.eclipse.datatools.connectivity.ui.templates.nl_it" unpack="false" version="3.5.0.v20090620043401" download-size="2733" install-size="2733" />
	<plugin fragment="true" id="org.eclipse.datatools.enablement.finfo.nl_it" unpack="false" version="3.5.0.v20090620043401" download-size="1375" install-size="1375" />
	<plugin fragment="true" id="org.eclipse.datatools.enablement.hsqldb.dbdefinition.nl_it" unpack="false" version="3.5.0.v20090620043401" download-size="1388" install-size="1388" />
	<plugin fragment="true" id="org.eclipse.datatools.enablement.hsqldb.nl_it" unpack="false" version="3.5.0.v20090620043401" download-size="1423" install-size="1423" />
	<plugin fragment="true" id="org.eclipse.datatools.enablement.hsqldb.ui.nl_it" unpack="false" version="3.5.0.v20090620043401" download-size="2657" install-size="2657" />
	<plugin fragment="true" id="org.eclipse.datatools.enablement.ibm.db2.iseries.dbdefinition.nl_it" unpack="false" version="3.5.0.v20090620043401" download-size="1390" install-size="1390" />
	<plugin fragment="true" id="org.eclipse.datatools.enablement.ibm.db2.iseries.nl_it" unpack="false" version="3.5.0.v20090620043401" download-size="1420" install-size="1420" />
	<plugin fragment="true" id="org.eclipse.datatools.enablement.ibm.db2.iseries.ui.nl_it" unpack="false" version="3.5.0.v20090620043401" download-size="3369" install-size="3369" />
	<plugin fragment="true" id="org.eclipse.datatools.enablement.ibm.db2.luw.dbdefinition.nl_it" unpack="false" version="3.5.0.v20090620043401" download-size="1391" install-size="1391" />
	<plugin fragment="true" id="org.eclipse.datatools.enablement.ibm.db2.luw.nl_it" unpack="false" version="3.5.0.v20090620043401" download-size="1417" install-size="1417" />
	<plugin fragment="true" id="org.eclipse.datatools.enablement.ibm.db2.luw.ui.nl_it" unpack="false" version="3.5.0.v20090620043401" download-size="3330" install-size="3330" />
	<plugin fragment="true" id="org.eclipse.datatools.enablement.ibm.db2.zseries.dbdefinition.nl_it" unpack="false" version="3.5.0.v20090620043401" download-size="1391" install-size="1391" />
	<plugin fragment="true" id="org.eclipse.datatools.enablement.ibm.db2.zseries.nl_it" unpack="false" version="3.5.0.v20090620043401" download-size="1420" install-size="1420" />
	<plugin fragment="true" id="org.eclipse.datatools.enablement.ibm.db2.zseries.ui.nl_it" unpack="false" version="3.5.0.v20090620043401" download-size="3384" install-size="3384" />
	<plugin fragment="true" id="org.eclipse.datatools.enablement.ibm.informix.dbdefinition.nl_it" unpack="false" version="3.5.0.v20090620043401" download-size="1405" install-size="1405" />
	<plugin fragment="true" id="org.eclipse.datatools.enablement.ibm.informix.nl_it" unpack="false" version="3.5.0.v20090620043401" download-size="1417" install-size="1417" />
	<plugin fragment="true" id="org.eclipse.datatools.enablement.ibm.informix.ui.nl_it" unpack="false" version="3.5.0.v20090620043401" download-size="3192" install-size="3192" />
	<plugin fragment="true" id="org.eclipse.datatools.enablement.ibm.ui.nl_it" unpack="false" version="3.5.0.v20090620043401" download-size="2956" install-size="2956" />
	<plugin fragment="true" id="org.eclipse.datatools.enablement.ingres.dbdefinition.nl_it" unpack="false" version="3.5.0.v20090620043401" download-size="1387" install-size="1387" />
	<plugin fragment="true" id="org.eclipse.datatools.enablement.ingres.nl_it" unpack="false" version="3.5.0.v20090620043401" download-size="1427" install-size="1427" />
	<plugin fragment="true" id="org.eclipse.datatools.enablement.ingres.ui.nl_it" unpack="false" version="3.5.0.v20090620043401" download-size="2877" install-size="2877" />
	<plugin fragment="true" id="org.eclipse.datatools.enablement.jdt.classpath.nl_it" unpack="false" version="3.5.0.v20090620043401" download-size="1388" install-size="1388" />
	<plugin fragment="true" id="org.eclipse.datatools.enablement.msft.sqlserver.dbdefinition.nl_it" unpack="false" version="3.5.0.v20090620043401" download-size="1393" install-size="1393" />
	<plugin fragment="true" id="org.eclipse.datatools.enablement.msft.sqlserver.nl_it" unpack="false" version="3.5.0.v20090620043401" download-size="1418" install-size="1418" />
	<plugin fragment="true" id="org.eclipse.datatools.enablement.msft.sqlserver.ui.nl_it" unpack="false" version="3.5.0.v20090620043401" download-size="3464" install-size="3464" />
	<plugin fragment="true" id="org.eclipse.datatools.enablement.mysql.dbdefinition.nl_it" unpack="false" version="3.5.0.v20090620043401" download-size="1408" install-size="1408" />
	<plugin fragment="true" id="org.eclipse.datatools.enablement.mysql.nl_it" unpack="false" version="3.5.0.v20090620043401" download-size="1443" install-size="1443" />
	<plugin fragment="true" id="org.eclipse.datatools.enablement.mysql.ui.nl_it" unpack="false" version="3.5.0.v20090620043401" download-size="1377" install-size="1377" />
	<plugin fragment="true" id="org.eclipse.datatools.enablement.oda.ws.nl_it" unpack="false" version="3.5.0.v20090620043401" download-size="2396" install-size="2396" />
	<plugin fragment="true" id="org.eclipse.datatools.enablement.oda.ws.ui.nl_it" unpack="false" version="3.5.0.v20090620043401" download-size="2927" install-size="2927" />
	<plugin fragment="true" id="org.eclipse.datatools.enablement.oda.xml.ui.nl_it" unpack="false" version="3.5.0.v20090620043401" download-size="3047" install-size="3047" />
	<plugin fragment="true" id="org.eclipse.datatools.enablement.oracle.dbdefinition.nl_it" unpack="false" version="3.5.0.v20090620043401" download-size="1441" install-size="1441" />
	<plugin fragment="true" id="org.eclipse.datatools.enablement.oracle.nl_it" unpack="false" version="3.5.0.v20090620043401" download-size="1499" install-size="1499" />
	<plugin fragment="true" id="org.eclipse.datatools.enablement.oracle.ui.nl_it" unpack="false" version="3.5.0.v20090620043401" download-size="3027" install-size="3027" />
	<plugin fragment="true" id="org.eclipse.datatools.enablement.postgresql.dbdefinition.nl_it" unpack="false" version="3.5.0.v20090620043401" download-size="1391" install-size="1391" />
	<plugin fragment="true" id="org.eclipse.datatools.enablement.postgresql.nl_it" unpack="false" version="3.5.0.v20090620043401" download-size="1438" install-size="1438" />
	<plugin fragment="true" id="org.eclipse.datatools.enablement.postgresql.ui.nl_it" unpack="false" version="3.5.0.v20090620043401" download-size="1380" install-size="1380" />
	<plugin fragment="true" id="org.eclipse.datatools.enablement.sap.maxdb.dbdefinition.nl_it" unpack="false" version="3.5.0.v20090620043401" download-size="1373" install-size="1373" />
	<plugin fragment="true" id="org.eclipse.datatools.enablement.sap.maxdb.nl_it" unpack="false" version="3.5.0.v20090620043401" download-size="1413" install-size="1413" />
	<plugin fragment="true" id="org.eclipse.datatools.enablement.sap.maxdb.ui.nl_it" unpack="false" version="3.5.0.v20090620043401" download-size="1379" install-size="1379" />
	<plugin fragment="true" id="org.eclipse.datatools.enablement.sqlite.dbdefinition.nl_it" unpack="false" version="3.5.0.v20090620043401" download-size="1388" install-size="1388" />
	<plugin fragment="true" id="org.eclipse.datatools.enablement.sqlite.nl_it" unpack="false" version="3.5.0.v20090620043401" download-size="2343" install-size="2343" />
	<plugin fragment="true" id="org.eclipse.datatools.enablement.sqlite.ui.nl_it" unpack="false" version="3.5.0.v20090620043401" download-size="2618" install-size="2618" />
	<plugin fragment="true" id="org.eclipse.datatools.enablement.sybase.asa.dbdefinition.nl_it" unpack="false" version="3.5.0.v20090620043401" download-size="1390" install-size="1390" />
	<plugin fragment="true" id="org.eclipse.datatools.enablement.sybase.asa.models.nl_it" unpack="false" version="3.5.0.v20090620043401" download-size="1385" install-size="1385" />
	<plugin fragment="true" id="org.eclipse.datatools.enablement.sybase.asa.nl_it" unpack="false" version="3.5.0.v20090620043401" download-size="2816" install-size="2816" />
	<plugin fragment="true" id="org.eclipse.datatools.enablement.sybase.asa.schemaobjecteditor.examples.nl_it" unpack="false" version="3.5.0.v20090620043401" download-size="15582" install-size="15582" />
	<plugin fragment="true" id="org.eclipse.datatools.enablement.sybase.asa.ui.nl_it" unpack="false" version="3.5.0.v20090620043401" download-size="1431" install-size="1431" />
	<plugin fragment="true" id="org.eclipse.datatools.enablement.sybase.ase.dbdefinition.nl_it" unpack="false" version="3.5.0.v20090620043401" download-size="1390" install-size="1390" />
	<plugin fragment="true" id="org.eclipse.datatools.enablement.sybase.ase.models.nl_it" unpack="false" version="3.5.0.v20090620043401" download-size="1382" install-size="1382" />
	<plugin fragment="true" id="org.eclipse.datatools.enablement.sybase.ase.nl_it" unpack="false" version="3.5.0.v20090620043401" download-size="2428" install-size="2428" />
	<plugin fragment="true" id="org.eclipse.datatools.enablement.sybase.ase.ui.nl_it" unpack="false" version="3.5.0.v20090620043401" download-size="1439" install-size="1439" />
	<plugin fragment="true" id="org.eclipse.datatools.enablement.sybase.models.nl_it" unpack="false" version="3.5.0.v20090620043401" download-size="1383" install-size="1383" />
	<plugin fragment="true" id="org.eclipse.datatools.enablement.sybase.nl_it" unpack="false" version="3.5.0.v20090620043401" download-size="2922" install-size="2922" />
	<plugin fragment="true" id="org.eclipse.datatools.enablement.sybase.ui.nl_it" unpack="false" version="3.5.0.v20090620043401" download-size="2827" install-size="2827" />
	<plugin fragment="true" id="org.eclipse.datatools.help.nl_it" unpack="false" version="3.5.0.v20090620043401" download-size="1352" install-size="1352" />
	<plugin fragment="true" id="org.eclipse.datatools.modelbase.dbdefinition.nl_it" unpack="false" version="3.5.0.v20090620043401" download-size="1380" install-size="1380" />
	<plugin fragment="true" id="org.eclipse.datatools.modelbase.derby.nl_it" unpack="false" version="3.5.0.v20090620043401" download-size="1376" install-size="1376" />
	<plugin fragment="true" id="org.eclipse.datatools.modelbase.sql.edit.nl_it" unpack="false" version="3.5.0.v20090620043401" download-size="2449" install-size="2449" />
	<plugin fragment="true" id="org.eclipse.datatools.modelbase.sql.nl_it" unpack="false" version="3.5.0.v20090620043401" download-size="1375" install-size="1375" />
	<plugin fragment="true" id="org.eclipse.datatools.modelbase.sql.query.edit.nl_it" unpack="false" version="3.5.0.v20090620043401" download-size="1614" install-size="1614" />
	<plugin fragment="true" id="org.eclipse.datatools.modelbase.sql.query.nl_it" unpack="false" version="3.5.0.v20090620043401" download-size="1379" install-size="1379" />
	<plugin fragment="true" id="org.eclipse.datatools.modelbase.sql.xml.query.nl_it" unpack="false" version="3.5.0.v20090620043401" download-size="1382" install-size="1382" />
	<plugin fragment="true" id="org.eclipse.datatools.sqltools.common.ui.nl_it" unpack="false" version="3.5.0.v20090620043401" download-size="5553" install-size="5553" />
	<plugin fragment="true" id="org.eclipse.datatools.sqltools.data.core.nl_it" unpack="false" version="3.5.0.v20090620043401" download-size="1378" install-size="1378" />
	<plugin fragment="true" id="org.eclipse.datatools.sqltools.data.ui.nl_it" unpack="false" version="3.5.0.v20090620043401" download-size="3388" install-size="3388" />
	<plugin fragment="true" id="org.eclipse.datatools.sqltools.db.derby.nl_it" unpack="false" version="3.5.0.v20090620043401" download-size="2620" install-size="2620" />
	<plugin fragment="true" id="org.eclipse.datatools.sqltools.db.derby.ui.nl_it" unpack="false" version="3.5.0.v20090620043401" download-size="1383" install-size="1383" />
	<plugin fragment="true" id="org.eclipse.datatools.sqltools.db.generic.nl_it" unpack="false" version="3.5.0.v20090620043401" download-size="2632" install-size="2632" />
	<plugin fragment="true" id="org.eclipse.datatools.sqltools.db.generic.ui.nl_it" unpack="false" version="3.5.0.v20090620043401" download-size="1384" install-size="1384" />
	<plugin fragment="true" id="org.eclipse.datatools.sqltools.ddlgen.ui.nl_it" unpack="false" version="3.5.0.v20090620043401" download-size="3196" install-size="3196" />
	<plugin fragment="true" id="org.eclipse.datatools.sqltools.debugger.core.nl_it" unpack="false" version="3.5.0.v20090620043401" download-size="4472" install-size="4472" />
	<plugin fragment="true" id="org.eclipse.datatools.sqltools.debugger.core.ui.nl_it" unpack="false" version="3.5.0.v20090620043401" download-size="3725" install-size="3725" />
	<plugin fragment="true" id="org.eclipse.datatools.sqltools.editor.core.nl_it" unpack="false" version="3.5.0.v20090620043401" download-size="2478" install-size="2478" />
	<plugin fragment="true" id="org.eclipse.datatools.sqltools.editor.core.ui.nl_it" unpack="false" version="3.5.0.v20090620043401" download-size="1384" install-size="1384" />
	<plugin fragment="true" id="org.eclipse.datatools.sqltools.parsers.sql.lexer.nl_it" unpack="false" version="3.5.0.v20090620043401" download-size="1381" install-size="1381" />
	<plugin fragment="true" id="org.eclipse.datatools.sqltools.parsers.sql.nl_it" unpack="false" version="3.5.0.v20090620043401" download-size="1377" install-size="1377" />
	<plugin fragment="true" id="org.eclipse.datatools.sqltools.parsers.sql.query.nl_it" unpack="false" version="3.5.0.v20090620043401" download-size="2665" install-size="2665" />
	<plugin fragment="true" id="org.eclipse.datatools.sqltools.parsers.sql.xml.query.nl_it" unpack="false" version="3.5.0.v20090620043401" download-size="1384" install-size="1384" />
	<plugin fragment="true" id="org.eclipse.datatools.sqltools.plan.nl_it" unpack="false" version="3.5.0.v20090620043401" download-size="4129" install-size="4129" />
	<plugin fragment="true" id="org.eclipse.datatools.sqltools.result.nl_it" unpack="false" version="3.5.0.v20090620043401" download-size="3959" install-size="3959" />
	<plugin fragment="true" id="org.eclipse.datatools.sqltools.result.ui.nl_it" unpack="false" version="3.5.0.v20090620043401" download-size="3567" install-size="3567" />
	<plugin fragment="true" id="org.eclipse.datatools.sqltools.routineeditor.nl_it" unpack="false" version="3.5.0.v20090620043401" download-size="5627" install-size="5627" />
	<plugin fragment="true" id="org.eclipse.datatools.sqltools.routineeditor.ui.nl_it" unpack="false" version="3.5.0.v20090620043401" download-size="4951" install-size="4951" />
	<plugin fragment="true" id="org.eclipse.datatools.sqltools.schemaobjecteditor.nl_it" unpack="false" version="3.5.0.v20090620043401" download-size="1388" install-size="1388" />
	<plugin fragment="true" id="org.eclipse.datatools.sqltools.schemaobjecteditor.ui.nl_it" unpack="false" version="3.5.0.v20090620043401" download-size="5759" install-size="5759" />
	<plugin fragment="true" id="org.eclipse.datatools.sqltools.schemaobjecteditor.ui.pages.nl_it" unpack="false" version="3.5.0.v20090620043401" download-size="3586" install-size="3586" />
	<plugin fragment="true" id="org.eclipse.datatools.sqltools.sql.nl_it" unpack="false" version="3.5.0.v20090620043401" download-size="2631" install-size="2631" />
	<plugin fragment="true" id="org.eclipse.datatools.sqltools.sql.ui.nl_it" unpack="false" version="3.5.0.v20090620043401" download-size="1372" install-size="1372" />
	<plugin fragment="true" id="org.eclipse.datatools.sqltools.sqlbuilder.nl_it" unpack="false" version="3.5.0.v20090620043401" download-size="3355" install-size="3355" />
	<plugin fragment="true" id="org.eclipse.datatools.sqltools.sqleditor.nl_it" unpack="false" version="3.5.0.v20090620043401" download-size="8276" install-size="8276" />
	<plugin fragment="true" id="org.eclipse.datatools.sqltools.sqlscrapbook.nl_it" unpack="false" version="3.5.0.v20090620043401" download-size="4787" install-size="4787" />
	<plugin fragment="true" id="org.eclipse.datatools.sqltools.tabledataeditor.nl_it" unpack="false" version="3.5.0.v20090620043401" download-size="1379" install-size="1379" />
</feature>