<?xml version="1.0" encoding="UTF-8" ?>
<feature
	id="org.eclipse.babel.nls_technology.mat_mn"
	label="Babel Language Pack for technology.mat in Mongolian (1.23%)"
	image="eclipse_update_120.jpg"
	provider-name="%providerName"
	version="3.5.0.v20090620043401">
	<copyright>
		%copyright
	</copyright>
	<license url="%licenseURL">
		%license
	</license>
	<description>Babel Language Pack for technology.mat in Mongolian</description>
	<plugin fragment="true" id="org.eclipse.mat.api.nl_mn" unpack="false" version="3.5.0.v20090620043401" download-size="2132" install-size="2132" />
	<plugin fragment="true" id="org.eclipse.mat.chart.nl_mn" unpack="false" version="3.5.0.v20090620043401" download-size="1368" install-size="1368" />
	<plugin fragment="true" id="org.eclipse.mat.chart.ui.nl_mn" unpack="false" version="3.5.0.v20090620043401" download-size="1370" install-size="1370" />
	<plugin fragment="true" id="org.eclipse.mat.hprof.nl_mn" unpack="false" version="3.5.0.v20090620043401" download-size="1368" install-size="1368" />
	<plugin fragment="true" id="org.eclipse.mat.jdt.nl_mn" unpack="false" version="3.5.0.v20090620043401" download-size="1367" install-size="1367" />
	<plugin fragment="true" id="org.eclipse.mat.parser.nl_mn" unpack="false" version="3.5.0.v20090620043401" download-size="1368" install-size="1368" />
	<plugin fragment="true" id="org.eclipse.mat.report.nl_mn" unpack="false" version="3.5.0.v20090620043401" download-size="2220" install-size="2220" />
	<plugin fragment="true" id="org.eclipse.mat.ui.nl_mn" unpack="false" version="3.5.0.v20090620043401" download-size="2634" install-size="2634" />
	<plugin fragment="true" id="org.eclipse.mat.ui.rcp.nl_mn" unpack="false" version="3.5.0.v20090620043401" download-size="1368" install-size="1368" />
</feature>