<?xml version="1.0" encoding="UTF-8" ?>
<feature
	id="org.eclipse.babel.nls_tools.orbit_ru"
	label="Babel Language Pack for tools.orbit in Russian (4.61%)"
	image="eclipse_update_120.jpg"
	provider-name="%providerName"
	version="3.5.0.v20090620043401">
	<copyright>
		%copyright
	</copyright>
	<license url="%licenseURL">
		%license
	</license>
	<description>Babel Language Pack for tools.orbit in Russian</description>
	<plugin fragment="true" id="com.sun.syndication.nl_ru" unpack="false" version="3.5.0.v20090620043401" download-size="1366" install-size="1366" />
	<plugin fragment="true" id="com.sun.xml.bind.nl_ru" unpack="false" version="3.5.0.v20090620043401" download-size="1369" install-size="1369" />
	<plugin fragment="true" id="commonj.sdo.nl_ru" unpack="false" version="3.5.0.v20090620043401" download-size="1360" install-size="1360" />
	<plugin fragment="true" id="edu.emory.mathcs.backport.nl_ru" unpack="false" version="3.5.0.v20090620043401" download-size="1372" install-size="1372" />
	<plugin fragment="true" id="javax.activation.nl_ru" unpack="false" version="3.5.0.v20090620043401" download-size="1369" install-size="1369" />
	<plugin fragment="true" id="javax.jws.nl_ru" unpack="false" version="3.5.0.v20090620043401" download-size="1364" install-size="1364" />
	<plugin fragment="true" id="javax.mail.glassfish.nl_ru" unpack="false" version="3.5.0.v20090620043401" download-size="1373" install-size="1373" />
	<plugin fragment="true" id="javax.mail.nl_ru" unpack="false" version="3.5.0.v20090620043401" download-size="1364" install-size="1364" />
	<plugin fragment="true" id="javax.management.nl_ru" unpack="false" version="3.5.0.v20090620043401" download-size="1369" install-size="1369" />
	<plugin fragment="true" id="javax.management.remote.nl_ru" unpack="false" version="3.5.0.v20090620043401" download-size="1374" install-size="1374" />
	<plugin fragment="true" id="javax.persistence.nl_ru" unpack="false" version="3.5.0.v20090620043401" download-size="1367" install-size="1367" />
	<plugin fragment="true" id="javax.servlet.jsp.nl_ru" unpack="false" version="3.5.0.v20090620043401" download-size="1368" install-size="1368" />
	<plugin fragment="true" id="javax.servlet.nl_ru" unpack="false" version="3.5.0.v20090620043401" download-size="3082" install-size="3082" />
	<plugin fragment="true" id="javax.wsdl.nl_ru" unpack="false" version="3.5.0.v20090620043401" download-size="1364" install-size="1364" />
	<plugin fragment="true" id="javax.xml.bind.nl_ru" unpack="false" version="3.5.0.v20090620043401" download-size="1367" install-size="1367" />
	<plugin fragment="true" id="javax.xml.nl_ru" unpack="false" version="3.5.0.v20090620043401" download-size="1364" install-size="1364" />
	<plugin fragment="true" id="javax.xml.rpc.nl_ru" unpack="false" version="3.5.0.v20090620043401" download-size="1366" install-size="1366" />
	<plugin fragment="true" id="javax.xml.soap.nl_ru" unpack="false" version="3.5.0.v20090620043401" download-size="1367" install-size="1367" />
	<plugin fragment="true" id="net.sourceforge.lpg.lpgjavaruntime.nl_ru" unpack="false" version="3.5.0.v20090620043401" download-size="1376" install-size="1376" />
	<plugin fragment="true" id="net.sourceforge.mx4j.nl_ru" unpack="false" version="3.5.0.v20090620043401" download-size="1372" install-size="1372" />
	<plugin fragment="true" id="net.sourceforge.mx4j.remote.nl_ru" unpack="false" version="3.5.0.v20090620043401" download-size="1376" install-size="1376" />
	<plugin fragment="true" id="org.antlr.runtime.nl_ru" unpack="false" version="3.5.0.v20090620043401" download-size="1364" install-size="1364" />
	<plugin fragment="true" id="org.apache.axis.nl_ru" unpack="false" version="3.5.0.v20090620043401" download-size="2931" install-size="2931" />
	<plugin fragment="true" id="org.apache.batik.bridge.nl_ru" unpack="false" version="3.5.0.v20090620043401" download-size="1371" install-size="1371" />
	<plugin fragment="true" id="org.apache.batik.css.nl_ru" unpack="false" version="3.5.0.v20090620043401" download-size="1367" install-size="1367" />
	<plugin fragment="true" id="org.apache.batik.dom.nl_ru" unpack="false" version="3.5.0.v20090620043401" download-size="1368" install-size="1368" />
	<plugin fragment="true" id="org.apache.batik.dom.svg.nl_ru" unpack="false" version="3.5.0.v20090620043401" download-size="1371" install-size="1371" />
	<plugin fragment="true" id="org.apache.batik.ext.awt.nl_ru" unpack="false" version="3.5.0.v20090620043401" download-size="2860" install-size="2860" />
	<plugin fragment="true" id="org.apache.batik.extension.nl_ru" unpack="false" version="3.5.0.v20090620043401" download-size="1372" install-size="1372" />
	<plugin fragment="true" id="org.apache.batik.parser.nl_ru" unpack="false" version="3.5.0.v20090620043401" download-size="1370" install-size="1370" />
	<plugin fragment="true" id="org.apache.batik.pdf.nl_ru" unpack="false" version="3.5.0.v20090620043401" download-size="1369" install-size="1369" />
	<plugin fragment="true" id="org.apache.batik.svggen.nl_ru" unpack="false" version="3.5.0.v20090620043401" download-size="1370" install-size="1370" />
	<plugin fragment="true" id="org.apache.batik.swing.nl_ru" unpack="false" version="3.5.0.v20090620043401" download-size="1370" install-size="1370" />
	<plugin fragment="true" id="org.apache.batik.transcoder.nl_ru" unpack="false" version="3.5.0.v20090620043401" download-size="1373" install-size="1373" />
	<plugin fragment="true" id="org.apache.batik.util.gui.nl_ru" unpack="false" version="3.5.0.v20090620043401" download-size="7775" install-size="7775" />
	<plugin fragment="true" id="org.apache.batik.util.nl_ru" unpack="false" version="3.5.0.v20090620043401" download-size="1369" install-size="1369" />
	<plugin fragment="true" id="org.apache.batik.xml.nl_ru" unpack="false" version="3.5.0.v20090620043401" download-size="1368" install-size="1368" />
	<plugin fragment="true" id="org.apache.bcel.nl_ru" unpack="false" version="3.5.0.v20090620043401" download-size="1364" install-size="1364" />
	<plugin fragment="true" id="org.apache.bsf.nl_ru" unpack="false" version="3.5.0.v20090620043401" download-size="1362" install-size="1362" />
	<plugin fragment="true" id="org.apache.commons.beanutils.nl_ru" unpack="false" version="3.5.0.v20090620043401" download-size="1373" install-size="1373" />
	<plugin fragment="true" id="org.apache.commons.collections.nl_ru" unpack="false" version="3.5.0.v20090620043401" download-size="1373" install-size="1373" />
	<plugin fragment="true" id="org.apache.commons.discovery.nl_ru" unpack="false" version="3.5.0.v20090620043401" download-size="1377" install-size="1377" />
	<plugin fragment="true" id="org.apache.commons.el.nl_ru" unpack="false" version="3.5.0.v20090620043401" download-size="1369" install-size="1369" />
	<plugin fragment="true" id="org.apache.commons.lang.nl_ru" unpack="false" version="3.5.0.v20090620043401" download-size="1369" install-size="1369" />
	<plugin fragment="true" id="org.apache.commons.logging.nl_ru" unpack="false" version="3.5.0.v20090620043401" download-size="1373" install-size="1373" />
	<plugin fragment="true" id="org.apache.commons.net.nl_ru" unpack="false" version="3.5.0.v20090620043401" download-size="1368" install-size="1368" />
	<plugin fragment="true" id="org.apache.derby.nl_ru" unpack="false" version="3.5.0.v20090620043401" download-size="19725" install-size="19725" />
	<plugin fragment="true" id="org.apache.httpcomponents.httpcore.nio.nl_ru" unpack="false" version="3.5.0.v20090620043401" download-size="1377" install-size="1377" />
	<plugin fragment="true" id="org.apache.httpcomponents.httpcore.nl_ru" unpack="false" version="3.5.0.v20090620043401" download-size="1375" install-size="1375" />
	<plugin fragment="true" id="org.apache.jasper.nl_ru" unpack="false" version="3.5.0.v20090620043401" download-size="17805" install-size="17805" />
	<plugin fragment="true" id="org.apache.log4j.nl_ru" unpack="false" version="3.5.0.v20090620043401" download-size="1370" install-size="1370" />
	<plugin fragment="true" id="org.apache.oro.nl_ru" unpack="false" version="3.5.0.v20090620043401" download-size="1363" install-size="1363" />
	<plugin fragment="true" id="org.apache.solr.client.solrj.embedded.nl_ru" unpack="false" version="3.5.0.v20090620043401" download-size="1377" install-size="1377" />
	<plugin fragment="true" id="org.apache.solr.client.solrj.nl_ru" unpack="false" version="3.5.0.v20090620043401" download-size="1371" install-size="1371" />
	<plugin fragment="true" id="org.apache.velocity.nl_ru" unpack="false" version="3.5.0.v20090620043401" download-size="1371" install-size="1371" />
	<plugin fragment="true" id="org.apache.ws.commons.schema.nl_ru" unpack="false" version="3.5.0.v20090620043401" download-size="1377" install-size="1377" />
	<plugin fragment="true" id="org.apache.wsil4j.nl_ru" unpack="false" version="3.5.0.v20090620043401" download-size="1370" install-size="1370" />
	<plugin fragment="true" id="org.apache.xalan.nl_ru" unpack="false" version="3.5.0.v20090620043401" download-size="2652" install-size="2652" />
	<plugin fragment="true" id="org.apache.xerces.nl_ru" unpack="false" version="3.5.0.v20090620043401" download-size="2701" install-size="2701" />
	<plugin fragment="true" id="org.apache.xml.resolver.nl_ru" unpack="false" version="3.5.0.v20090620043401" download-size="1374" install-size="1374" />
	<plugin fragment="true" id="org.apache.xml.security.nl_ru" unpack="false" version="3.5.0.v20090620043401" download-size="1864" install-size="1864" />
	<plugin fragment="true" id="org.apache.xml.serializer.nl_ru" unpack="false" version="3.5.0.v20090620043401" download-size="2453" install-size="2453" />
	<plugin fragment="true" id="org.eclipse.orbit.nl_ru" unpack="false" version="3.5.0.v20090620043401" download-size="1362" install-size="1362" />
	<plugin fragment="true" id="org.hamcrest.core.nl_ru" unpack="false" version="3.5.0.v20090620043401" download-size="1365" install-size="1365" />
	<plugin fragment="true" id="org.hamcrest.generator.nl_ru" unpack="false" version="3.5.0.v20090620043401" download-size="1368" install-size="1368" />
	<plugin fragment="true" id="org.hamcrest.integration.nl_ru" unpack="false" version="3.5.0.v20090620043401" download-size="1369" install-size="1369" />
	<plugin fragment="true" id="org.hamcrest.library.nl_ru" unpack="false" version="3.5.0.v20090620043401" download-size="1367" install-size="1367" />
	<plugin fragment="true" id="org.hamcrest.nl_ru" unpack="false" version="3.5.0.v20090620043401" download-size="1361" install-size="1361" />
	<plugin fragment="true" id="org.hamcrest.text.nl_ru" unpack="false" version="3.5.0.v20090620043401" download-size="1365" install-size="1365" />
	<plugin fragment="true" id="org.jdom.nl_ru" unpack="false" version="3.5.0.v20090620043401" download-size="1358" install-size="1358" />
	<plugin fragment="true" id="org.mortbay.jetty.nl_ru" unpack="false" version="3.5.0.v20090620043401" download-size="2663" install-size="2663" />
	<plugin fragment="true" id="org.mortbay.jetty.server.nl_ru" unpack="false" version="3.5.0.v20090620043401" download-size="1838" install-size="1838" />
	<plugin fragment="true" id="org.mortbay.jetty.util.nl_ru" unpack="false" version="3.5.0.v20090620043401" download-size="1370" install-size="1370" />
	<plugin fragment="true" id="org.mozilla.javascript.nl_ru" unpack="false" version="3.5.0.v20090620043401" download-size="1374" install-size="1374" />
	<plugin fragment="true" id="org.objectweb.asm.nl_ru" unpack="false" version="3.5.0.v20090620043401" download-size="4712" install-size="4712" />
	<plugin fragment="true" id="org.opensaml.nl_ru" unpack="false" version="3.5.0.v20090620043401" download-size="1405" install-size="1405" />
	<plugin fragment="true" id="org.slf4j.api.nl_ru" unpack="false" version="3.5.0.v20090620043401" download-size="1365" install-size="1365" />
	<plugin fragment="true" id="org.uddi4j.nl_ru" unpack="false" version="3.5.0.v20090620043401" download-size="1364" install-size="1364" />
	<plugin fragment="true" id="org.w3c.css.sac.nl_ru" unpack="false" version="3.5.0.v20090620043401" download-size="1363" install-size="1363" />
	<plugin fragment="true" id="org.w3c.dom.events.nl_ru" unpack="false" version="3.5.0.v20090620043401" download-size="1365" install-size="1365" />
	<plugin fragment="true" id="org.w3c.dom.smil.nl_ru" unpack="false" version="3.5.0.v20090620043401" download-size="1365" install-size="1365" />
	<plugin fragment="true" id="org.w3c.dom.svg.nl_ru" unpack="false" version="3.5.0.v20090620043401" download-size="1364" install-size="1364" />
</feature>