<?xml version="1.0" encoding="UTF-8" ?>
<feature
	id="org.eclipse.babel.nls_rt.equinox_es"
	label="Babel Language Pack for rt.equinox in Spanish (36.1%)"
	image="eclipse_update_120.jpg"
	provider-name="%providerName"
	version="3.5.0.v20090620043401">
	<copyright>
		%copyright
	</copyright>
	<license url="%licenseURL">
		%license
	</license>
	<description>Babel Language Pack for rt.equinox in Spanish</description>
	<plugin fragment="true" id="org.eclipse.core.resources.jmx.nl_es" unpack="false" version="3.5.0.v20090620043401" download-size="2224" install-size="2224" />
	<plugin fragment="true" id="org.eclipse.equinox.frameworkadmin.equinox.nl_es" unpack="false" version="3.5.0.v20090620043401" download-size="1377" install-size="1377" />
	<plugin fragment="true" id="org.eclipse.equinox.frameworkadmin.nl_es" unpack="false" version="3.5.0.v20090620043401" download-size="1375" install-size="1375" />
	<plugin fragment="true" id="org.eclipse.equinox.initializer.nl_es" unpack="false" version="3.5.0.v20090620043401" download-size="1380" install-size="1380" />
	<plugin fragment="true" id="org.eclipse.equinox.jmx.client.nl_es" unpack="false" version="3.5.0.v20090620043401" download-size="4598" install-size="4598" />
	<plugin fragment="true" id="org.eclipse.equinox.jmx.common.nl_es" unpack="false" version="3.5.0.v20090620043401" download-size="2281" install-size="2281" />
	<plugin fragment="true" id="org.eclipse.equinox.jmx.server.nl_es" unpack="false" version="3.5.0.v20090620043401" download-size="2908" install-size="2908" />
	<plugin fragment="true" id="org.eclipse.equinox.jmx.vm.nl_es" unpack="false" version="3.5.0.v20090620043401" download-size="2636" install-size="2636" />
	<plugin fragment="true" id="org.eclipse.equinox.p2.artifact.repository.nl_es" unpack="false" version="3.5.0.v20090620043401" download-size="2618" install-size="2618" />
	<plugin fragment="true" id="org.eclipse.equinox.p2.console.nl_es" unpack="false" version="3.5.0.v20090620043401" download-size="1371" install-size="1371" />
	<plugin fragment="true" id="org.eclipse.equinox.p2.core.nl_es" unpack="false" version="3.5.0.v20090620043401" download-size="1370" install-size="1370" />
	<plugin fragment="true" id="org.eclipse.equinox.p2.director.app.nl_es" unpack="false" version="3.5.0.v20090620043401" download-size="1374" install-size="1374" />
	<plugin fragment="true" id="org.eclipse.equinox.p2.director.nl_es" unpack="false" version="3.5.0.v20090620043401" download-size="2417" install-size="2417" />
	<plugin fragment="true" id="org.eclipse.equinox.p2.directorywatcher.nl_es" unpack="false" version="3.5.0.v20090620043401" download-size="1378" install-size="1378" />
	<plugin fragment="true" id="org.eclipse.equinox.p2.engine.nl_es" unpack="false" version="3.5.0.v20090620043401" download-size="2867" install-size="2867" />
	<plugin fragment="true" id="org.eclipse.equinox.p2.exemplarysetup.nl_es" unpack="false" version="3.5.0.v20090620043401" download-size="1376" install-size="1376" />
	<plugin fragment="true" id="org.eclipse.equinox.p2.extensionlocation.nl_es" unpack="false" version="3.5.0.v20090620043401" download-size="1378" install-size="1378" />
	<plugin fragment="true" id="org.eclipse.equinox.p2.garbagecollector.nl_es" unpack="false" version="3.5.0.v20090620043401" download-size="1378" install-size="1378" />
	<plugin fragment="true" id="org.eclipse.equinox.p2.installer.nl_es" unpack="false" version="3.5.0.v20090620043401" download-size="2799" install-size="2799" />
	<plugin fragment="true" id="org.eclipse.equinox.p2.jarprocessor.nl_es" unpack="false" version="3.5.0.v20090620043401" download-size="1374" install-size="1374" />
	<plugin fragment="true" id="org.eclipse.equinox.p2.metadata.generator.nl_es" unpack="false" version="3.5.0.v20090620043401" download-size="3769" install-size="3769" />
	<plugin fragment="true" id="org.eclipse.equinox.p2.metadata.nl_es" unpack="false" version="3.5.0.v20090620043401" download-size="1372" install-size="1372" />
	<plugin fragment="true" id="org.eclipse.equinox.p2.metadata.repository.nl_es" unpack="false" version="3.5.0.v20090620043401" download-size="2618" install-size="2618" />
	<plugin fragment="true" id="org.eclipse.equinox.p2.publisher.nl_es" unpack="false" version="3.5.0.v20090620043401" download-size="2453" install-size="2453" />
	<plugin fragment="true" id="org.eclipse.equinox.p2.reconciler.dropins.nl_es" unpack="false" version="3.5.0.v20090620043401" download-size="1378" install-size="1378" />
	<plugin fragment="true" id="org.eclipse.equinox.p2.repository.nl_es" unpack="false" version="3.5.0.v20090620043401" download-size="2923" install-size="2923" />
	<plugin fragment="true" id="org.eclipse.equinox.p2.repository.tools.nl_es" unpack="false" version="3.5.0.v20090620043401" download-size="3430" install-size="3430" />
	<plugin fragment="true" id="org.eclipse.equinox.p2.selfhosting.nl_es" unpack="false" version="3.5.0.v20090620043401" download-size="1374" install-size="1374" />
	<plugin fragment="true" id="org.eclipse.equinox.p2.tests.nl_es" unpack="false" version="3.5.0.v20090620043401" download-size="1856" install-size="1856" />
	<plugin fragment="true" id="org.eclipse.equinox.p2.tests.ui.nl_es" unpack="false" version="3.5.0.v20090620043401" download-size="1372" install-size="1372" />
	<plugin fragment="true" id="org.eclipse.equinox.p2.tools.nl_es" unpack="false" version="3.5.0.v20090620043401" download-size="1370" install-size="1370" />
	<plugin fragment="true" id="org.eclipse.equinox.p2.touchpoint.eclipse.nl_es" unpack="false" version="3.5.0.v20090620043401" download-size="1375" install-size="1375" />
	<plugin fragment="true" id="org.eclipse.equinox.p2.touchpoint.natives.nl_es" unpack="false" version="3.5.0.v20090620043401" download-size="1378" install-size="1378" />
	<plugin fragment="true" id="org.eclipse.equinox.p2.ui.admin.nl_es" unpack="false" version="3.5.0.v20090620043401" download-size="2805" install-size="2805" />
	<plugin fragment="true" id="org.eclipse.equinox.p2.ui.admin.rcp.nl_es" unpack="false" version="3.5.0.v20090620043401" download-size="2774" install-size="2774" />
	<plugin fragment="true" id="org.eclipse.equinox.p2.ui.nl_es" unpack="false" version="3.5.0.v20090620043401" download-size="3393" install-size="3393" />
	<plugin fragment="true" id="org.eclipse.equinox.p2.ui.sdk.nl_es" unpack="false" version="3.5.0.v20090620043401" download-size="2706" install-size="2706" />
	<plugin fragment="true" id="org.eclipse.equinox.p2.ui.sdk.scheduler.nl_es" unpack="false" version="3.5.0.v20090620043401" download-size="3233" install-size="3233" />
	<plugin fragment="true" id="org.eclipse.equinox.p2.updatechecker.nl_es" unpack="false" version="3.5.0.v20090620043401" download-size="1359" install-size="1359" />
	<plugin fragment="true" id="org.eclipse.equinox.p2.updatesite.nl_es" unpack="false" version="3.5.0.v20090620043401" download-size="2979" install-size="2979" />
	<plugin fragment="true" id="org.eclipse.equinox.preferences.jmx.nl_es" unpack="false" version="3.5.0.v20090620043401" download-size="2381" install-size="2381" />
	<plugin fragment="true" id="org.eclipse.equinox.simpleconfigurator.manipulator.nl_es" unpack="false" version="3.5.0.v20090620043401" download-size="1368" install-size="1368" />
	<plugin fragment="true" id="org.eclipse.equinox.simpleconfigurator.nl_es" unpack="false" version="3.5.0.v20090620043401" download-size="1360" install-size="1360" />
	<plugin fragment="true" id="org.eclipse.osgi.jmx.nl_es" unpack="false" version="3.5.0.v20090620043401" download-size="2884" install-size="2884" />
	<plugin fragment="true" id="org.eclipse.swt.jmx.nl_es" unpack="false" version="3.5.0.v20090620043401" download-size="2107" install-size="2107" />
</feature>