<?xml version="1.0" encoding="UTF-8" ?>
<feature
	id="org.eclipse.babel.nls_rt.ecf_zh_TW"
	label="Babel Language Pack for rt.ecf in Chinese (Traditional) (14.27%)"
	image="eclipse_update_120.jpg"
	provider-name="%providerName"
	version="3.5.0.v20090620043401">
	<copyright>
		%copyright
	</copyright>
	<license url="%licenseURL">
		%license
	</license>
	<description>Babel Language Pack for rt.ecf in Chinese (Traditional)</description>
	<plugin fragment="true" id="org.eclipse.ecf.datashare.nl_zh_TW" unpack="false" version="3.5.0.v20090620043401" download-size="2122" install-size="2122" />
	<plugin fragment="true" id="org.eclipse.ecf.discovery.nl_zh_TW" unpack="false" version="3.5.0.v20090620043401" download-size="1389" install-size="1389" />
	<plugin fragment="true" id="org.eclipse.ecf.discovery.ui.browser.nl_zh_TW" unpack="false" version="3.5.0.v20090620043401" download-size="1399" install-size="1399" />
	<plugin fragment="true" id="org.eclipse.ecf.discovery.ui.edit.nl_zh_TW" unpack="false" version="3.5.0.v20090620043401" download-size="1593" install-size="1593" />
	<plugin fragment="true" id="org.eclipse.ecf.discovery.ui.model.nl_zh_TW" unpack="false" version="3.5.0.v20090620043401" download-size="1395" install-size="1395" />
	<plugin fragment="true" id="org.eclipse.ecf.discovery.ui.nl_zh_TW" unpack="false" version="3.5.0.v20090620043401" download-size="1391" install-size="1391" />
	<plugin fragment="true" id="org.eclipse.ecf.doc.nl_zh_TW" unpack="false" version="3.5.0.v20090620043401" download-size="1385" install-size="1385" />
	<plugin fragment="true" id="org.eclipse.ecf.docshare.nl_zh_TW" unpack="false" version="3.5.0.v20090620043401" download-size="2314" install-size="2314" />
	<plugin fragment="true" id="org.eclipse.ecf.example.clients.nl_zh_TW" unpack="false" version="3.5.0.v20090620043401" download-size="1393" install-size="1393" />
	<plugin fragment="true" id="org.eclipse.ecf.example.collab.editor.nl_zh_TW" unpack="false" version="3.5.0.v20090620043401" download-size="1400" install-size="1400" />
	<plugin fragment="true" id="org.eclipse.ecf.example.collab.nl_zh_TW" unpack="false" version="3.5.0.v20090620043401" download-size="3608" install-size="3608" />
	<plugin fragment="true" id="org.eclipse.ecf.examples.remoteservices.common.nl_zh_TW" unpack="false" version="3.5.0.v20090620043401" download-size="1403" install-size="1403" />
	<plugin fragment="true" id="org.eclipse.ecf.examples.remoteservices.server.nl_zh_TW" unpack="false" version="3.5.0.v20090620043401" download-size="1403" install-size="1403" />
	<plugin fragment="true" id="org.eclipse.ecf.examples.updatesite.client.nl_zh_TW" unpack="false" version="3.5.0.v20090620043401" download-size="1400" install-size="1400" />
	<plugin fragment="true" id="org.eclipse.ecf.examples.updatesite.server.nl_zh_TW" unpack="false" version="3.5.0.v20090620043401" download-size="1403" install-size="1403" />
	<plugin fragment="true" id="org.eclipse.ecf.filetransfer.nl_zh_TW" unpack="false" version="3.5.0.v20090620043401" download-size="1390" install-size="1390" />
	<plugin fragment="true" id="org.eclipse.ecf.filetransfer.ui.nl_zh_TW" unpack="false" version="3.5.0.v20090620043401" download-size="2678" install-size="2678" />
	<plugin fragment="true" id="org.eclipse.ecf.identity.nl_zh_TW" unpack="false" version="3.5.0.v20090620043401" download-size="1389" install-size="1389" />
	<plugin fragment="true" id="org.eclipse.ecf.nl_zh_TW" unpack="false" version="3.5.0.v20090620043401" download-size="1577" install-size="1577" />
	<plugin fragment="true" id="org.eclipse.ecf.osgi.services.discovery.nl_zh_TW" unpack="false" version="3.5.0.v20090620043401" download-size="1402" install-size="1402" />
	<plugin fragment="true" id="org.eclipse.ecf.osgi.services.distribution.nl_zh_TW" unpack="false" version="3.5.0.v20090620043401" download-size="1404" install-size="1404" />
	<plugin fragment="true" id="org.eclipse.ecf.osgi.services.nl_zh_TW" unpack="false" version="3.5.0.v20090620043401" download-size="1374" install-size="1374" />
	<plugin fragment="true" id="org.eclipse.ecf.presence.bot.nl_zh_TW" unpack="false" version="3.5.0.v20090620043401" download-size="1391" install-size="1391" />
	<plugin fragment="true" id="org.eclipse.ecf.presence.collab.ui.nl_zh_TW" unpack="false" version="3.5.0.v20090620043401" download-size="2666" install-size="2666" />
	<plugin fragment="true" id="org.eclipse.ecf.presence.nl_zh_TW" unpack="false" version="3.5.0.v20090620043401" download-size="1388" install-size="1388" />
	<plugin fragment="true" id="org.eclipse.ecf.presence.ui.nl_zh_TW" unpack="false" version="3.5.0.v20090620043401" download-size="3051" install-size="3051" />
	<plugin fragment="true" id="org.eclipse.ecf.protocol.bittorrent.nl_zh_TW" unpack="false" version="3.5.0.v20090620043401" download-size="1394" install-size="1394" />
	<plugin fragment="true" id="org.eclipse.ecf.protocol.msn.nl_zh_TW" unpack="false" version="3.5.0.v20090620043401" download-size="1390" install-size="1390" />
	<plugin fragment="true" id="org.eclipse.ecf.provider.bittorrent.nl_zh_TW" unpack="false" version="3.5.0.v20090620043401" download-size="1397" install-size="1397" />
	<plugin fragment="true" id="org.eclipse.ecf.provider.bittorrent.ui.nl_zh_TW" unpack="false" version="3.5.0.v20090620043401" download-size="2664" install-size="2664" />
	<plugin fragment="true" id="org.eclipse.ecf.provider.datashare.nio.nl_zh_TW" unpack="false" version="3.5.0.v20090620043401" download-size="1400" install-size="1400" />
	<plugin fragment="true" id="org.eclipse.ecf.provider.datashare.nl_zh_TW" unpack="false" version="3.5.0.v20090620043401" download-size="1394" install-size="1394" />
	<plugin fragment="true" id="org.eclipse.ecf.provider.discovery.nl_zh_TW" unpack="false" version="3.5.0.v20090620043401" download-size="1395" install-size="1395" />
	<plugin fragment="true" id="org.eclipse.ecf.provider.filetransfer.efs.nl_zh_TW" unpack="false" version="3.5.0.v20090620043401" download-size="1399" install-size="1399" />
	<plugin fragment="true" id="org.eclipse.ecf.provider.filetransfer.httpclient.nl_zh_TW" unpack="false" version="3.5.0.v20090620043401" download-size="2707" install-size="2707" />
	<plugin fragment="true" id="org.eclipse.ecf.provider.filetransfer.nl_zh_TW" unpack="false" version="3.5.0.v20090620043401" download-size="2539" install-size="2539" />
	<plugin fragment="true" id="org.eclipse.ecf.provider.filetransfer.scp.nl_zh_TW" unpack="false" version="3.5.0.v20090620043401" download-size="1399" install-size="1399" />
	<plugin fragment="true" id="org.eclipse.ecf.provider.irc.nl_zh_TW" unpack="false" version="3.5.0.v20090620043401" download-size="2453" install-size="2453" />
	<plugin fragment="true" id="org.eclipse.ecf.provider.irc.ui.nl_zh_TW" unpack="false" version="3.5.0.v20090620043401" download-size="2459" install-size="2459" />
	<plugin fragment="true" id="org.eclipse.ecf.provider.jmdns.nl_zh_TW" unpack="false" version="3.5.0.v20090620043401" download-size="1393" install-size="1393" />
	<plugin fragment="true" id="org.eclipse.ecf.provider.jslp.nl_zh_TW" unpack="false" version="3.5.0.v20090620043401" download-size="1392" install-size="1392" />
	<plugin fragment="true" id="org.eclipse.ecf.provider.msn.nl_zh_TW" unpack="false" version="3.5.0.v20090620043401" download-size="2421" install-size="2421" />
	<plugin fragment="true" id="org.eclipse.ecf.provider.msn.ui.nl_zh_TW" unpack="false" version="3.5.0.v20090620043401" download-size="2603" install-size="2603" />
	<plugin fragment="true" id="org.eclipse.ecf.provider.nl_zh_TW" unpack="false" version="3.5.0.v20090620043401" download-size="2875" install-size="2875" />
	<plugin fragment="true" id="org.eclipse.ecf.provider.remoteservice.nl_zh_TW" unpack="false" version="3.5.0.v20090620043401" download-size="1401" install-size="1401" />
	<plugin fragment="true" id="org.eclipse.ecf.provider.ui.nl_zh_TW" unpack="false" version="3.5.0.v20090620043401" download-size="1390" install-size="1390" />
	<plugin fragment="true" id="org.eclipse.ecf.provider.xmpp.nl_zh_TW" unpack="false" version="3.5.0.v20090620043401" download-size="1392" install-size="1392" />
	<plugin fragment="true" id="org.eclipse.ecf.provider.xmpp.ui.nl_zh_TW" unpack="false" version="3.5.0.v20090620043401" download-size="2786" install-size="2786" />
	<plugin fragment="true" id="org.eclipse.ecf.remoteservice.nl_zh_TW" unpack="false" version="3.5.0.v20090620043401" download-size="1392" install-size="1392" />
	<plugin fragment="true" id="org.eclipse.ecf.remoteservice.ui.nl_zh_TW" unpack="false" version="3.5.0.v20090620043401" download-size="2532" install-size="2532" />
	<plugin fragment="true" id="org.eclipse.ecf.server.generic.nl_zh_TW" unpack="false" version="3.5.0.v20090620043401" download-size="1391" install-size="1391" />
	<plugin fragment="true" id="org.eclipse.ecf.server.nl_zh_TW" unpack="false" version="3.5.0.v20090620043401" download-size="1386" install-size="1386" />
	<plugin fragment="true" id="org.eclipse.ecf.sharedobject.nl_zh_TW" unpack="false" version="3.5.0.v20090620043401" download-size="2459" install-size="2459" />
	<plugin fragment="true" id="org.eclipse.ecf.storage.nl_zh_TW" unpack="false" version="3.5.0.v20090620043401" download-size="1387" install-size="1387" />
	<plugin fragment="true" id="org.eclipse.ecf.sync.nl_zh_TW" unpack="false" version="3.5.0.v20090620043401" download-size="1385" install-size="1385" />
	<plugin fragment="true" id="org.eclipse.ecf.telephony.call.nl_zh_TW" unpack="false" version="3.5.0.v20090620043401" download-size="1392" install-size="1392" />
	<plugin fragment="true" id="org.eclipse.ecf.telephony.call.ui.nl_zh_TW" unpack="false" version="3.5.0.v20090620043401" download-size="1394" install-size="1394" />
	<plugin fragment="true" id="org.eclipse.ecf.ui.capabilities.nl_zh_TW" unpack="false" version="3.5.0.v20090620043401" download-size="1393" install-size="1393" />
	<plugin fragment="true" id="org.eclipse.ecf.ui.nl_zh_TW" unpack="false" version="3.5.0.v20090620043401" download-size="2470" install-size="2470" />
	<plugin fragment="true" id="org.eclipse.team.ecf.core.nl_zh_TW" unpack="false" version="3.5.0.v20090620043401" download-size="1389" install-size="1389" />
	<plugin fragment="true" id="org.eclipse.team.ecf.ui.nl_zh_TW" unpack="false" version="3.5.0.v20090620043401" download-size="2446" install-size="2446" />
	<plugin fragment="true" id="org.jivesoftware.smack.nl_zh_TW" unpack="false" version="3.5.0.v20090620043401" download-size="1390" install-size="1390" />
</feature>