<?xml version="1.0" encoding="UTF-8" ?>
<feature
	id="org.eclipse.babel.nls_modeling.m2t_el"
	label="Babel Language Pack for modeling.m2t in Greek (9.5%)"
	image="eclipse_update_120.jpg"
	provider-name="%providerName"
	version="3.5.0.v20090620043401">
	<copyright>
		%copyright
	</copyright>
	<license url="%licenseURL">
		%license
	</license>
	<description>Babel Language Pack for modeling.m2t in Greek</description>
	<plugin fragment="true" id="org.eclipse.acceleo.common.nl_el" unpack="false" version="3.5.0.v20090620043401" download-size="1368" install-size="1368" />
	<plugin fragment="true" id="org.eclipse.acceleo.engine.nl_el" unpack="false" version="3.5.0.v20090620043401" download-size="1367" install-size="1367" />
	<plugin fragment="true" id="org.eclipse.acceleo.ide.ui.nl_el" unpack="false" version="3.5.0.v20090620043401" download-size="2848" install-size="2848" />
	<plugin fragment="true" id="org.eclipse.acceleo.model.nl_el" unpack="false" version="3.5.0.v20090620043401" download-size="1367" install-size="1367" />
	<plugin fragment="true" id="org.eclipse.acceleo.parser.nl_el" unpack="false" version="3.5.0.v20090620043401" download-size="2397" install-size="2397" />
</feature>