<?xml version="1.0" encoding="UTF-8" ?>
<feature
	id="org.eclipse.babel.nls_stp.sca_zh_TW"
	label="Babel Language Pack for stp.sca in Chinese (Traditional) (21.06%)"
	image="eclipse_update_120.jpg"
	provider-name="%providerName"
	version="3.5.0.v20090620043401">
	<copyright>
		%copyright
	</copyright>
	<license url="%licenseURL">
		%license
	</license>
	<description>Babel Language Pack for stp.sca in Chinese (Traditional)</description>
	<plugin fragment="true" id="org.eclipse.stp.sca.common.jdt.nl_zh_TW" unpack="false" version="3.5.0.v20090620043401" download-size="2361" install-size="2361" />
	<plugin fragment="true" id="org.eclipse.stp.sca.common.nl_zh_TW" unpack="false" version="3.5.0.v20090620043401" download-size="1373" install-size="1373" />
	<plugin fragment="true" id="org.eclipse.stp.sca.diagram.extension.generator.ui.nl_zh_TW" unpack="false" version="3.5.0.v20090620043401" download-size="2921" install-size="2921" />
	<plugin fragment="true" id="org.eclipse.stp.sca.diagram.extension.nl_zh_TW" unpack="false" version="3.5.0.v20090620043401" download-size="1418" install-size="1418" />
	<plugin fragment="true" id="org.eclipse.stp.sca.diagram.frascati.nl_zh_TW" unpack="false" version="3.5.0.v20090620043401" download-size="1399" install-size="1399" />
	<plugin fragment="true" id="org.eclipse.stp.sca.diagram.jdt.nl_zh_TW" unpack="false" version="3.5.0.v20090620043401" download-size="1376" install-size="1376" />
	<plugin fragment="true" id="org.eclipse.stp.sca.diagram.nl_zh_TW" unpack="false" version="3.5.0.v20090620043401" download-size="2356" install-size="2356" />
	<plugin fragment="true" id="org.eclipse.stp.sca.diagram.tuscany.nl_zh_TW" unpack="false" version="3.5.0.v20090620043401" download-size="1379" install-size="1379" />
	<plugin fragment="true" id="org.eclipse.stp.sca.domainmodel.frascati.edit.nl_zh_TW" unpack="false" version="3.5.0.v20090620043401" download-size="1719" install-size="1719" />
	<plugin fragment="true" id="org.eclipse.stp.sca.domainmodel.frascati.editor.nl_zh_TW" unpack="false" version="3.5.0.v20090620043401" download-size="1464" install-size="1464" />
	<plugin fragment="true" id="org.eclipse.stp.sca.domainmodel.tuscany.edit.nl_zh_TW" unpack="false" version="3.5.0.v20090620043401" download-size="1848" install-size="1848" />
	<plugin fragment="true" id="org.eclipse.stp.sca.domainmodel.tuscany.editor.nl_zh_TW" unpack="false" version="3.5.0.v20090620043401" download-size="1463" install-size="1463" />
	<plugin fragment="true" id="org.eclipse.stp.sca.edit.nl_zh_TW" unpack="false" version="3.5.0.v20090620043401" download-size="3720" install-size="3720" />
	<plugin fragment="true" id="org.eclipse.stp.sca.editor.nl_zh_TW" unpack="false" version="3.5.0.v20090620043401" download-size="3037" install-size="3037" />
	<plugin fragment="true" id="org.eclipse.stp.sca.formeditor.nl_zh_TW" unpack="false" version="3.5.0.v20090620043401" download-size="2380" install-size="2380" />
	<plugin fragment="true" id="org.eclipse.stp.sca.implementation.java.nl_zh_TW" unpack="false" version="3.5.0.v20090620043401" download-size="1382" install-size="1382" />
	<plugin fragment="true" id="org.eclipse.stp.sca.implementation.sca.nl_zh_TW" unpack="false" version="3.5.0.v20090620043401" download-size="1379" install-size="1379" />
	<plugin fragment="true" id="org.eclipse.stp.sca.interfacee.java.nl_zh_TW" unpack="false" version="3.5.0.v20090620043401" download-size="1378" install-size="1378" />
	<plugin fragment="true" id="org.eclipse.stp.sca.nl_zh_TW" unpack="false" version="3.5.0.v20090620043401" download-size="1368" install-size="1368" />
	<plugin fragment="true" id="org.eclipse.stp.sca.ontology.view.jena2.nl_zh_TW" unpack="false" version="3.5.0.v20090620043401" download-size="2561" install-size="2561" />
	<plugin fragment="true" id="org.eclipse.stp.sca.ontology.view.nl_zh_TW" unpack="false" version="3.5.0.v20090620043401" download-size="2382" install-size="2382" />
	<plugin fragment="true" id="org.eclipse.stp.sca.semantic.sawsdl.edit.nl_zh_TW" unpack="false" version="3.5.0.v20090620043401" download-size="1661" install-size="1661" />
	<plugin fragment="true" id="org.eclipse.stp.sca.semantic.sawsdl.properties.nl_zh_TW" unpack="false" version="3.5.0.v20090620043401" download-size="1388" install-size="1388" />
	<plugin fragment="true" id="org.eclipse.stp.sca.validation.frascati.nl_zh_TW" unpack="false" version="3.5.0.v20090620043401" download-size="1386" install-size="1386" />
	<plugin fragment="true" id="org.eclipse.stp.sca.validation.nl_zh_TW" unpack="false" version="3.5.0.v20090620043401" download-size="1375" install-size="1375" />
	<plugin fragment="true" id="org.eclipse.stp.sca.xmleditor.nl_zh_TW" unpack="false" version="3.5.0.v20090620043401" download-size="2486" install-size="2486" />
</feature>