<?xml version="1.0" encoding="UTF-8" ?>
<feature
	id="org.eclipse.babel.nls_webtools.common_pt_BR"
	label="Babel Language Pack for webtools.common in Portuguese (Brazilian) (48.04%)"
	image="eclipse_update_120.jpg"
	provider-name="%providerName"
	version="3.5.0.v20090620043401">
	<copyright>
		%copyright
	</copyright>
	<license url="%licenseURL">
		%license
	</license>
	<description>Babel Language Pack for webtools.common in Portuguese (Brazilian)</description>
	<plugin fragment="true" id="org.eclipse.jem.util.nl_pt_BR" unpack="false" version="3.5.0.v20090620043401" download-size="1886" install-size="1886" />
	<plugin fragment="true" id="org.eclipse.jst.common.annotations.controller.nl_pt_BR" unpack="false" version="3.5.0.v20090620043401" download-size="2053" install-size="2053" />
	<plugin fragment="true" id="org.eclipse.jst.common.annotations.core.nl_pt_BR" unpack="false" version="3.5.0.v20090620043401" download-size="1829" install-size="1829" />
	<plugin fragment="true" id="org.eclipse.jst.common.annotations.ui.nl_pt_BR" unpack="false" version="3.5.0.v20090620043401" download-size="1764" install-size="1764" />
	<plugin fragment="true" id="org.eclipse.jst.common.fproj.enablement.jdt.sdk.nl_pt_BR" unpack="false" version="3.5.0.v20090620043401" download-size="1408" install-size="1408" />
	<plugin fragment="true" id="org.eclipse.jst.common.frameworks.nl_pt_BR" unpack="false" version="3.5.0.v20090620043401" download-size="1433" install-size="1433" />
	<plugin fragment="true" id="org.eclipse.jst.common.project.facet.core.nl_pt_BR" unpack="false" version="3.5.0.v20090620043401" download-size="3258" install-size="3258" />
	<plugin fragment="true" id="org.eclipse.jst.common.project.facet.ui.nl_pt_BR" unpack="false" version="3.5.0.v20090620043401" download-size="5147" install-size="5147" />
	<plugin fragment="true" id="org.eclipse.perfmsr.core.stub.nl_pt_BR" unpack="false" version="3.5.0.v20090620043401" download-size="1403" install-size="1403" />
	<plugin fragment="true" id="org.eclipse.wst.common.api.doc.nl_pt_BR" unpack="false" version="3.5.0.v20090620043401" download-size="1741" install-size="1741" />
	<plugin fragment="true" id="org.eclipse.wst.common.core.nl_pt_BR" unpack="false" version="3.5.0.v20090620043401" download-size="2664" install-size="2664" />
	<plugin fragment="true" id="org.eclipse.wst.common.emf.nl_pt_BR" unpack="false" version="3.5.0.v20090620043401" download-size="2081" install-size="2081" />
	<plugin fragment="true" id="org.eclipse.wst.common.emfworkbench.integration.nl_pt_BR" unpack="false" version="3.5.0.v20090620043401" download-size="2872" install-size="2872" />
	<plugin fragment="true" id="org.eclipse.wst.common.environment.nl_pt_BR" unpack="false" version="3.5.0.v20090620043401" download-size="3136" install-size="3136" />
	<plugin fragment="true" id="org.eclipse.wst.common.fproj.sdk.nl_pt_BR" unpack="false" version="3.5.0.v20090620043401" download-size="1398" install-size="1398" />
	<plugin fragment="true" id="org.eclipse.wst.common.frameworks.nl_pt_BR" unpack="false" version="3.5.0.v20090620043401" download-size="2846" install-size="2846" />
	<plugin fragment="true" id="org.eclipse.wst.common.frameworks.ui.nl_pt_BR" unpack="false" version="3.5.0.v20090620043401" download-size="4297" install-size="4297" />
	<plugin fragment="true" id="org.eclipse.wst.common.infopop.nl_pt_BR" unpack="false" version="3.5.0.v20090620043401" download-size="1421" install-size="1421" />
	<plugin fragment="true" id="org.eclipse.wst.common.modulecore.nl_pt_BR" unpack="false" version="3.5.0.v20090620043401" download-size="2236" install-size="2236" />
	<plugin fragment="true" id="org.eclipse.wst.common.project.facet.core.nl_pt_BR" unpack="false" version="3.5.0.v20090620043401" download-size="9006" install-size="9006" />
	<plugin fragment="true" id="org.eclipse.wst.common.project.facet.doc.api.nl_pt_BR" unpack="false" version="3.5.0.v20090620043401" download-size="1405" install-size="1405" />
	<plugin fragment="true" id="org.eclipse.wst.common.project.facet.ui.nl_pt_BR" unpack="false" version="3.5.0.v20090620043401" download-size="7765" install-size="7765" />
	<plugin fragment="true" id="org.eclipse.wst.common.snippets.nl_pt_BR" unpack="false" version="3.5.0.v20090620043401" download-size="3433" install-size="3433" />
	<plugin fragment="true" id="org.eclipse.wst.common.ui.nl_pt_BR" unpack="false" version="3.5.0.v20090620043401" download-size="5134" install-size="5134" />
	<plugin fragment="true" id="org.eclipse.wst.common.ui.properties.nl_pt_BR" unpack="false" version="3.5.0.v20090620043401" download-size="3383" install-size="3383" />
	<plugin fragment="true" id="org.eclipse.wst.common.uriresolver.nl_pt_BR" unpack="false" version="3.5.0.v20090620043401" download-size="1459" install-size="1459" />
	<plugin fragment="true" id="org.eclipse.wst.internet.cache.nl_pt_BR" unpack="false" version="3.5.0.v20090620043401" download-size="3164" install-size="3164" />
	<plugin fragment="true" id="org.eclipse.wst.validation.doc.isv.nl_pt_BR" unpack="false" version="3.5.0.v20090620043401" download-size="2020" install-size="2020" />
	<plugin fragment="true" id="org.eclipse.wst.validation.infopop.nl_pt_BR" unpack="false" version="3.5.0.v20090620043401" download-size="1442" install-size="1442" />
	<plugin fragment="true" id="org.eclipse.wst.validation.nl_pt_BR" unpack="false" version="3.5.0.v20090620043401" download-size="4775" install-size="4775" />
	<plugin fragment="true" id="org.eclipse.wst.validation.ui.nl_pt_BR" unpack="false" version="3.5.0.v20090620043401" download-size="3758" install-size="3758" />
</feature>