<?xml version="1.0" encoding="UTF-8" ?>
<feature
	id="org.eclipse.babel.nls_rt.rap_uk"
	label="Babel Language Pack for rt.rap in Ukrainian (59.74%)"
	image="eclipse_update_120.jpg"
	provider-name="%providerName"
	version="3.5.0.v20090620043401">
	<copyright>
		%copyright
	</copyright>
	<license url="%licenseURL">
		%license
	</license>
	<description>Babel Language Pack for rt.rap in Ukrainian</description>
	<plugin fragment="true" id="org.eclipse.rap.design.example.nl_uk" unpack="false" version="3.5.0.v20090620043401" download-size="1374" install-size="1374" />
	<plugin fragment="true" id="org.eclipse.rap.jface.databinding.nl_uk" unpack="false" version="3.5.0.v20090620043401" download-size="1447" install-size="1447" />
	<plugin fragment="true" id="org.eclipse.rap.jface.nl_uk" unpack="false" version="3.5.0.v20090620043401" download-size="9302" install-size="9302" />
	<plugin fragment="true" id="org.eclipse.rap.rwt.nl_uk" unpack="false" version="3.5.0.v20090620043401" download-size="3602" install-size="3602" />
	<plugin fragment="true" id="org.eclipse.rap.rwt.test.nl_uk" unpack="false" version="3.5.0.v20090620043401" download-size="1374" install-size="1374" />
	<plugin fragment="true" id="org.eclipse.rap.ui.forms.nl_uk" unpack="false" version="3.5.0.v20090620043401" download-size="2514" install-size="2514" />
	<plugin fragment="true" id="org.eclipse.rap.ui.help.nl_uk" unpack="false" version="3.5.0.v20090620043401" download-size="1369" install-size="1369" />
	<plugin fragment="true" id="org.eclipse.rap.ui.intro.nl_uk" unpack="false" version="3.5.0.v20090620043401" download-size="2549" install-size="2549" />
	<plugin fragment="true" id="org.eclipse.rap.ui.launch.nl_uk" unpack="false" version="3.5.0.v20090620043401" download-size="2514" install-size="2514" />
	<plugin fragment="true" id="org.eclipse.rap.ui.nl_uk" unpack="false" version="3.5.0.v20090620043401" download-size="7181" install-size="7181" />
	<plugin fragment="true" id="org.eclipse.rap.ui.templates.nl_uk" unpack="false" version="3.5.0.v20090620043401" download-size="2567" install-size="2567" />
	<plugin fragment="true" id="org.eclipse.rap.ui.views.nl_uk" unpack="false" version="3.5.0.v20090620043401" download-size="3324" install-size="3324" />
	<plugin fragment="true" id="org.eclipse.rap.ui.workbench.nl_uk" unpack="false" version="3.5.0.v20090620043401" download-size="18336" install-size="18336" />
</feature>