<?xml version="1.0" encoding="UTF-8" ?>
<feature
	id="org.eclipse.babel.nls_tptp.platform_uk"
	label="Babel Language Pack for tptp.platform in Ukrainian (7.37%)"
	image="eclipse_update_120.jpg"
	provider-name="%providerName"
	version="3.5.0.v20090620043401">
	<copyright>
		%copyright
	</copyright>
	<license url="%licenseURL">
		%license
	</license>
	<description>Babel Language Pack for tptp.platform in Ukrainian</description>
	<plugin fragment="true" id="org.eclipse.hyades.analysis.engine.nl_uk" unpack="false" version="3.5.0.v20090620043401" download-size="1375" install-size="1375" />
	<plugin fragment="true" id="org.eclipse.hyades.logging.adapter.nl_uk" unpack="false" version="3.5.0.v20090620043401" download-size="1376" install-size="1376" />
	<plugin fragment="true" id="org.eclipse.hyades.logging.adapter.ui.nl_uk" unpack="false" version="3.5.0.v20090620043401" download-size="1999" install-size="1999" />
	<plugin fragment="true" id="org.eclipse.hyades.logging.parsers.nl_uk" unpack="false" version="3.5.0.v20090620043401" download-size="1376" install-size="1376" />
	<plugin fragment="true" id="org.eclipse.hyades.probekit.ui.nl_uk" unpack="false" version="3.5.0.v20090620043401" download-size="3326" install-size="3326" />
	<plugin fragment="true" id="org.eclipse.hyades.resources.database.nl_uk" unpack="false" version="3.5.0.v20090620043401" download-size="1378" install-size="1378" />
	<plugin fragment="true" id="org.eclipse.hyades.sdb.nl_uk" unpack="false" version="3.5.0.v20090620043401" download-size="4920" install-size="4920" />
	<plugin fragment="true" id="org.eclipse.hyades.statistical.ui.nl_uk" unpack="false" version="3.5.0.v20090620043401" download-size="1380" install-size="1380" />
	<plugin fragment="true" id="org.eclipse.hyades.test.tools.ui.nl_uk" unpack="false" version="3.5.0.v20090620043401" download-size="3259" install-size="3259" />
	<plugin fragment="true" id="org.eclipse.hyades.test.ui.nl_uk" unpack="false" version="3.5.0.v20090620043401" download-size="7459" install-size="7459" />
	<plugin fragment="true" id="org.eclipse.hyades.trace.ui.nl_uk" unpack="false" version="3.5.0.v20090620043401" download-size="4754" install-size="4754" />
	<plugin fragment="true" id="org.eclipse.hyades.trace.views.nl_uk" unpack="false" version="3.5.0.v20090620043401" download-size="2300" install-size="2300" />
	<plugin fragment="true" id="org.eclipse.hyades.ui.nl_uk" unpack="false" version="3.5.0.v20090620043401" download-size="1393" install-size="1393" />
	<plugin fragment="true" id="org.eclipse.tptp.lta.gla.ui.epi.nl_uk" unpack="false" version="3.5.0.v20090620043401" download-size="1373" install-size="1373" />
	<plugin fragment="true" id="org.eclipse.tptp.lta.log.epi.nl_uk" unpack="false" version="3.5.0.v20090620043401" download-size="1413" install-size="1413" />
	<plugin fragment="true" id="org.eclipse.tptp.lta.runtime.nl_uk" unpack="false" version="3.5.0.v20090620043401" download-size="1372" install-size="1372" />
	<plugin fragment="true" id="org.eclipse.tptp.lta.sdb.epi.nl_uk" unpack="false" version="3.5.0.v20090620043401" download-size="1375" install-size="1375" />
	<plugin fragment="true" id="org.eclipse.tptp.lta.symptom.epi.nl_uk" unpack="false" version="3.5.0.v20090620043401" download-size="1377" install-size="1377" />
	<plugin fragment="true" id="org.eclipse.tptp.monitoring.la.core.nl_uk" unpack="false" version="3.5.0.v20090620043401" download-size="1375" install-size="1375" />
	<plugin fragment="true" id="org.eclipse.tptp.monitoring.logui.nl_uk" unpack="false" version="3.5.0.v20090620043401" download-size="2599" install-size="2599" />
	<plugin fragment="true" id="org.eclipse.tptp.monitoring.lta.doc.isv.nl_uk" unpack="false" version="3.5.0.v20090620043401" download-size="1378" install-size="1378" />
	<plugin fragment="true" id="org.eclipse.tptp.monitoring.lta.doc.user.nl_uk" unpack="false" version="3.5.0.v20090620043401" download-size="1381" install-size="1381" />
	<plugin fragment="true" id="org.eclipse.tptp.monitoring.lta.examples.isv.nl_uk" unpack="false" version="3.5.0.v20090620043401" download-size="2606" install-size="2606" />
	<plugin fragment="true" id="org.eclipse.tptp.monitoring.lta.examples.nl_uk" unpack="false" version="3.5.0.v20090620043401" download-size="2637" install-size="2637" />
	<plugin fragment="true" id="org.eclipse.tptp.monitoring.managedagent.jmx.nl_uk" unpack="false" version="3.5.0.v20090620043401" download-size="2697" install-size="2697" />
	<plugin fragment="true" id="org.eclipse.tptp.monitoring.managedagent.ui.nl_uk" unpack="false" version="3.5.0.v20090620043401" download-size="4905" install-size="4905" />
	<plugin fragment="true" id="org.eclipse.tptp.monitoring.profile.server.nl_uk" unpack="false" version="3.5.0.v20090620043401" download-size="1382" install-size="1382" />
	<plugin fragment="true" id="org.eclipse.tptp.monitoring.report.birt.nl_uk" unpack="false" version="3.5.0.v20090620043401" download-size="2662" install-size="2662" />
	<plugin fragment="true" id="org.eclipse.tptp.monitoring.symptom.doc.user.nl_uk" unpack="false" version="3.5.0.v20090620043401" download-size="1385" install-size="1385" />
	<plugin fragment="true" id="org.eclipse.tptp.monitoring.symptom.editor.nl_uk" unpack="false" version="3.5.0.v20090620043401" download-size="1380" install-size="1380" />
	<plugin fragment="true" id="org.eclipse.tptp.platform.agentcontroller.nl_uk" unpack="false" version="3.5.0.v20090620043401" download-size="2361" install-size="2361" />
	<plugin fragment="true" id="org.eclipse.tptp.platform.analysis.codereview.cpp.nl_uk" unpack="false" version="3.5.0.v20090620043401" download-size="1389" install-size="1389" />
	<plugin fragment="true" id="org.eclipse.tptp.platform.analysis.codereview.cpp.rules.nl_uk" unpack="false" version="3.5.0.v20090620043401" download-size="1436" install-size="1436" />
	<plugin fragment="true" id="org.eclipse.tptp.platform.analysis.codereview.java.rules.nl_uk" unpack="false" version="3.5.0.v20090620043401" download-size="1487" install-size="1487" />
	<plugin fragment="true" id="org.eclipse.tptp.platform.analysis.core.nl_uk" unpack="false" version="3.5.0.v20090620043401" download-size="2581" install-size="2581" />
	<plugin fragment="true" id="org.eclipse.tptp.platform.analysis.core.ui.nl_uk" unpack="false" version="3.5.0.v20090620043401" download-size="2916" install-size="2916" />
	<plugin fragment="true" id="org.eclipse.tptp.platform.common.nl_uk" unpack="false" version="3.5.0.v20090620043401" download-size="2284" install-size="2284" />
	<plugin fragment="true" id="org.eclipse.tptp.platform.common.ui.nl_uk" unpack="false" version="3.5.0.v20090620043401" download-size="4345" install-size="4345" />
	<plugin fragment="true" id="org.eclipse.tptp.platform.common.ui.trace.nl_uk" unpack="false" version="3.5.0.v20090620043401" download-size="2361" install-size="2361" />
	<plugin fragment="true" id="org.eclipse.tptp.platform.examples.isv.nl_uk" unpack="false" version="3.5.0.v20090620043401" download-size="2311" install-size="2311" />
	<plugin fragment="true" id="org.eclipse.tptp.platform.iac.administrator.nl_uk" unpack="false" version="3.5.0.v20090620043401" download-size="2651" install-size="2651" />
	<plugin fragment="true" id="org.eclipse.tptp.platform.instrumentation.ui.nl_uk" unpack="false" version="3.5.0.v20090620043401" download-size="2717" install-size="2717" />
	<plugin fragment="true" id="org.eclipse.tptp.platform.la.core.nl_uk" unpack="false" version="3.5.0.v20090620043401" download-size="1374" install-size="1374" />
	<plugin fragment="true" id="org.eclipse.tptp.platform.llc.core.nl_uk" unpack="false" version="3.5.0.v20090620043401" download-size="1375" install-size="1375" />
	<plugin fragment="true" id="org.eclipse.tptp.platform.llc.doc.user.nl_uk" unpack="false" version="3.5.0.v20090620043401" download-size="1378" install-size="1378" />
	<plugin fragment="true" id="org.eclipse.tptp.platform.llc.launch.nl_uk" unpack="false" version="3.5.0.v20090620043401" download-size="2832" install-size="2832" />
	<plugin fragment="true" id="org.eclipse.tptp.platform.llc.ui.nl_uk" unpack="false" version="3.5.0.v20090620043401" download-size="1374" install-size="1374" />
	<plugin fragment="true" id="org.eclipse.tptp.platform.log.doc.user.nl_uk" unpack="false" version="3.5.0.v20090620043401" download-size="1377" install-size="1377" />
	<plugin fragment="true" id="org.eclipse.tptp.platform.log.views.nl_uk" unpack="false" version="3.5.0.v20090620043401" download-size="2941" install-size="2941" />
	<plugin fragment="true" id="org.eclipse.tptp.platform.lta.common.nl_uk" unpack="false" version="3.5.0.v20090620043401" download-size="1377" install-size="1377" />
	<plugin fragment="true" id="org.eclipse.tptp.platform.models.lta.nl_uk" unpack="false" version="3.5.0.v20090620043401" download-size="1376" install-size="1376" />
	<plugin fragment="true" id="org.eclipse.tptp.platform.probekit.launch.nl_uk" unpack="false" version="3.5.0.v20090620043401" download-size="3319" install-size="3319" />
	<plugin fragment="true" id="org.eclipse.tptp.platform.report.birt.ui.nl_uk" unpack="false" version="3.5.0.v20090620043401" download-size="2538" install-size="2538" />
	<plugin fragment="true" id="org.eclipse.tptp.platform.report.core.nl_uk" unpack="false" version="3.5.0.v20090620043401" download-size="1510" install-size="1510" />
	<plugin fragment="true" id="org.eclipse.tptp.platform.report.ui.nl_uk" unpack="false" version="3.5.0.v20090620043401" download-size="1397" install-size="1397" />
	<plugin fragment="true" id="org.eclipse.tptp.test.auto.gui.nl_uk" unpack="false" version="3.5.0.v20090620043401" download-size="2727" install-size="2727" />
	<plugin fragment="true" id="org.eclipse.tptp.test.auto.nl_uk" unpack="false" version="3.5.0.v20090620043401" download-size="1370" install-size="1370" />
	<plugin fragment="true" id="org.eclipse.tptp.test.recorders.url.nl_uk" unpack="false" version="3.5.0.v20090620043401" download-size="3572" install-size="3572" />
	<plugin fragment="true" id="org.eclipse.tptp.test.report.birt.nl_uk" unpack="false" version="3.5.0.v20090620043401" download-size="2565" install-size="2565" />
	<plugin fragment="true" id="org.eclipse.tptp.test.samples.nl_uk" unpack="false" version="3.5.0.v20090620043401" download-size="2722" install-size="2722" />
	<plugin fragment="true" id="org.eclipse.tptp.test.tools.junit.plugin.nl_uk" unpack="false" version="3.5.0.v20090620043401" download-size="3015" install-size="3015" />
	<plugin fragment="true" id="org.eclipse.tptp.test.tools.manual.doc.user.nl_uk" unpack="false" version="3.5.0.v20090620043401" download-size="1380" install-size="1380" />
	<plugin fragment="true" id="org.eclipse.tptp.test.tools.manual.nl_uk" unpack="false" version="3.5.0.v20090620043401" download-size="4034" install-size="4034" />
	<plugin fragment="true" id="org.eclipse.tptp.trace.arm.ui.nl_uk" unpack="false" version="3.5.0.v20090620043401" download-size="2494" install-size="2494" />
	<plugin fragment="true" id="org.eclipse.tptp.trace.jvmti.client.nl_uk" unpack="false" version="3.5.0.v20090620043401" download-size="2551" install-size="2551" />
	<plugin fragment="true" id="org.eclipse.tptp.trace.memory.nl_uk" unpack="false" version="3.5.0.v20090620043401" download-size="1375" install-size="1375" />
	<plugin fragment="true" id="org.eclipse.tptp.trace.report.birt.nl_uk" unpack="false" version="3.5.0.v20090620043401" download-size="2522" install-size="2522" />
</feature>