<?xml version="1.0" encoding="UTF-8" ?>
<feature
	id="org.eclipse.babel.nls_rt.rap_et"
	label="Babel Language Pack for rt.rap in Estonian (1.4%)"
	image="eclipse_update_120.jpg"
	provider-name="%providerName"
	version="3.5.0.v20090620043401">
	<copyright>
		%copyright
	</copyright>
	<license url="%licenseURL">
		%license
	</license>
	<description>Babel Language Pack for rt.rap in Estonian</description>
	<plugin fragment="true" id="org.eclipse.rap.design.example.nl_et" unpack="false" version="3.5.0.v20090620043401" download-size="1372" install-size="1372" />
	<plugin fragment="true" id="org.eclipse.rap.jface.databinding.nl_et" unpack="false" version="3.5.0.v20090620043401" download-size="1374" install-size="1374" />
	<plugin fragment="true" id="org.eclipse.rap.jface.nl_et" unpack="false" version="3.5.0.v20090620043401" download-size="1937" install-size="1937" />
	<plugin fragment="true" id="org.eclipse.rap.rwt.nl_et" unpack="false" version="3.5.0.v20090620043401" download-size="1365" install-size="1365" />
	<plugin fragment="true" id="org.eclipse.rap.rwt.test.nl_et" unpack="false" version="3.5.0.v20090620043401" download-size="1372" install-size="1372" />
	<plugin fragment="true" id="org.eclipse.rap.ui.forms.nl_et" unpack="false" version="3.5.0.v20090620043401" download-size="1368" install-size="1368" />
	<plugin fragment="true" id="org.eclipse.rap.ui.help.nl_et" unpack="false" version="3.5.0.v20090620043401" download-size="1367" install-size="1367" />
	<plugin fragment="true" id="org.eclipse.rap.ui.intro.nl_et" unpack="false" version="3.5.0.v20090620043401" download-size="1368" install-size="1368" />
	<plugin fragment="true" id="org.eclipse.rap.ui.launch.nl_et" unpack="false" version="3.5.0.v20090620043401" download-size="2346" install-size="2346" />
	<plugin fragment="true" id="org.eclipse.rap.ui.nl_et" unpack="false" version="3.5.0.v20090620043401" download-size="1369" install-size="1369" />
	<plugin fragment="true" id="org.eclipse.rap.ui.templates.nl_et" unpack="false" version="3.5.0.v20090620043401" download-size="1371" install-size="1371" />
	<plugin fragment="true" id="org.eclipse.rap.ui.views.nl_et" unpack="false" version="3.5.0.v20090620043401" download-size="1368" install-size="1368" />
	<plugin fragment="true" id="org.eclipse.rap.ui.workbench.nl_et" unpack="false" version="3.5.0.v20090620043401" download-size="3951" install-size="3951" />
</feature>