<?xml version="1.0" encoding="UTF-8" ?>
<feature
	id="org.eclipse.babel.nls_tools.mylyn_da"
	label="Babel Language Pack for tools.mylyn in Danish (15.19%)"
	image="eclipse_update_120.jpg"
	provider-name="%providerName"
	version="3.5.0.v20090620043401">
	<copyright>
		%copyright
	</copyright>
	<license url="%licenseURL">
		%license
	</license>
	<description>Babel Language Pack for tools.mylyn in Danish</description>
	<plugin fragment="true" id="org.eclipse.mylyn.bugzilla.core.nl_da" unpack="false" version="3.5.0.v20090620043401" download-size="2525" install-size="2525" />
	<plugin fragment="true" id="org.eclipse.mylyn.bugzilla.ide.nl_da" unpack="false" version="3.5.0.v20090620043401" download-size="1355" install-size="1355" />
	<plugin fragment="true" id="org.eclipse.mylyn.bugzilla.ui.nl_da" unpack="false" version="3.5.0.v20090620043401" download-size="3697" install-size="3697" />
	<plugin fragment="true" id="org.eclipse.mylyn.commons.core.nl_da" unpack="false" version="3.5.0.v20090620043401" download-size="1354" install-size="1354" />
	<plugin fragment="true" id="org.eclipse.mylyn.commons.net.nl_da" unpack="false" version="3.5.0.v20090620043401" download-size="2530" install-size="2530" />
	<plugin fragment="true" id="org.eclipse.mylyn.commons.soap.nl_da" unpack="false" version="3.5.0.v20090620043401" download-size="1354" install-size="1354" />
	<plugin fragment="true" id="org.eclipse.mylyn.commons.ui.nl_da" unpack="false" version="3.5.0.v20090620043401" download-size="2547" install-size="2547" />
	<plugin fragment="true" id="org.eclipse.mylyn.compatibility.nl_da" unpack="false" version="3.5.0.v20090620043401" download-size="1356" install-size="1356" />
	<plugin fragment="true" id="org.eclipse.mylyn.context.core.nl_da" unpack="false" version="3.5.0.v20090620043401" download-size="1354" install-size="1354" />
	<plugin fragment="true" id="org.eclipse.mylyn.context.ui.nl_da" unpack="false" version="3.5.0.v20090620043401" download-size="4550" install-size="4550" />
	<plugin fragment="true" id="org.eclipse.mylyn.discovery.core.nl_da" unpack="false" version="3.5.0.v20090620043401" download-size="2643" install-size="2643" />
	<plugin fragment="true" id="org.eclipse.mylyn.discovery.ui.nl_da" unpack="false" version="3.5.0.v20090620043401" download-size="2682" install-size="2682" />
	<plugin fragment="true" id="org.eclipse.mylyn.help.ui.nl_da" unpack="false" version="3.5.0.v20090620043401" download-size="1374" install-size="1374" />
	<plugin fragment="true" id="org.eclipse.mylyn.ide.ant.nl_da" unpack="false" version="3.5.0.v20090620043401" download-size="1351" install-size="1351" />
	<plugin fragment="true" id="org.eclipse.mylyn.ide.capabilities.nl_da" unpack="false" version="3.5.0.v20090620043401" download-size="1374" install-size="1374" />
	<plugin fragment="true" id="org.eclipse.mylyn.ide.ui.nl_da" unpack="false" version="3.5.0.v20090620043401" download-size="1350" install-size="1350" />
	<plugin fragment="true" id="org.eclipse.mylyn.java.tasks.nl_da" unpack="false" version="3.5.0.v20090620043401" download-size="2413" install-size="2413" />
	<plugin fragment="true" id="org.eclipse.mylyn.java.ui.nl_da" unpack="false" version="3.5.0.v20090620043401" download-size="1417" install-size="1417" />
	<plugin fragment="true" id="org.eclipse.mylyn.jira.core.nl_da" unpack="false" version="3.5.0.v20090620043401" download-size="2967" install-size="2967" />
	<plugin fragment="true" id="org.eclipse.mylyn.jira.ui.nl_da" unpack="false" version="3.5.0.v20090620043401" download-size="3505" install-size="3505" />
	<plugin fragment="true" id="org.eclipse.mylyn.monitor.core.nl_da" unpack="false" version="3.5.0.v20090620043401" download-size="2616" install-size="2616" />
	<plugin fragment="true" id="org.eclipse.mylyn.monitor.ui.nl_da" unpack="false" version="3.5.0.v20090620043401" download-size="1353" install-size="1353" />
	<plugin fragment="true" id="org.eclipse.mylyn.nl_da" unpack="false" version="3.5.0.v20090620043401" download-size="1346" install-size="1346" />
	<plugin fragment="true" id="org.eclipse.mylyn.pde.ui.nl_da" unpack="false" version="3.5.0.v20090620043401" download-size="1351" install-size="1351" />
	<plugin fragment="true" id="org.eclipse.mylyn.resources.ui.nl_da" unpack="false" version="3.5.0.v20090620043401" download-size="2660" install-size="2660" />
	<plugin fragment="true" id="org.eclipse.mylyn.tasks.bugs.nl_da" unpack="false" version="3.5.0.v20090620043401" download-size="3374" install-size="3374" />
	<plugin fragment="true" id="org.eclipse.mylyn.tasks.core.nl_da" unpack="false" version="3.5.0.v20090620043401" download-size="3495" install-size="3495" />
	<plugin fragment="true" id="org.eclipse.mylyn.tasks.ui.nl_da" unpack="false" version="3.5.0.v20090620043401" download-size="11523" install-size="11523" />
	<plugin fragment="true" id="org.eclipse.mylyn.team.cvs.nl_da" unpack="false" version="3.5.0.v20090620043401" download-size="1352" install-size="1352" />
	<plugin fragment="true" id="org.eclipse.mylyn.team.ui.nl_da" unpack="false" version="3.5.0.v20090620043401" download-size="3093" install-size="3093" />
	<plugin fragment="true" id="org.eclipse.mylyn.trac.core.nl_da" unpack="false" version="3.5.0.v20090620043401" download-size="2968" install-size="2968" />
	<plugin fragment="true" id="org.eclipse.mylyn.trac.ui.nl_da" unpack="false" version="3.5.0.v20090620043401" download-size="2618" install-size="2618" />
	<plugin fragment="true" id="org.eclipse.mylyn.wikitext.confluence.core.nl_da" unpack="false" version="3.5.0.v20090620043401" download-size="1363" install-size="1363" />
	<plugin fragment="true" id="org.eclipse.mylyn.wikitext.confluence.ui.nl_da" unpack="false" version="3.5.0.v20090620043401" download-size="1385" install-size="1385" />
	<plugin fragment="true" id="org.eclipse.mylyn.wikitext.core.nl_da" unpack="false" version="3.5.0.v20090620043401" download-size="4395" install-size="4395" />
	<plugin fragment="true" id="org.eclipse.mylyn.wikitext.help.sdk.nl_da" unpack="false" version="3.5.0.v20090620043401" download-size="1379" install-size="1379" />
	<plugin fragment="true" id="org.eclipse.mylyn.wikitext.help.ui.nl_da" unpack="false" version="3.5.0.v20090620043401" download-size="1378" install-size="1378" />
	<plugin fragment="true" id="org.eclipse.mylyn.wikitext.mediawiki.core.nl_da" unpack="false" version="3.5.0.v20090620043401" download-size="1386" install-size="1386" />
	<plugin fragment="true" id="org.eclipse.mylyn.wikitext.mediawiki.ui.nl_da" unpack="false" version="3.5.0.v20090620043401" download-size="1424" install-size="1424" />
	<plugin fragment="true" id="org.eclipse.mylyn.wikitext.tasks.ui.nl_da" unpack="false" version="3.5.0.v20090620043401" download-size="2833" install-size="2833" />
	<plugin fragment="true" id="org.eclipse.mylyn.wikitext.tests.nl_da" unpack="false" version="3.5.0.v20090620043401" download-size="1356" install-size="1356" />
	<plugin fragment="true" id="org.eclipse.mylyn.wikitext.textile.core.nl_da" unpack="false" version="3.5.0.v20090620043401" download-size="1360" install-size="1360" />
	<plugin fragment="true" id="org.eclipse.mylyn.wikitext.textile.ui.nl_da" unpack="false" version="3.5.0.v20090620043401" download-size="1403" install-size="1403" />
	<plugin fragment="true" id="org.eclipse.mylyn.wikitext.tracwiki.core.nl_da" unpack="false" version="3.5.0.v20090620043401" download-size="1362" install-size="1362" />
	<plugin fragment="true" id="org.eclipse.mylyn.wikitext.tracwiki.ui.nl_da" unpack="false" version="3.5.0.v20090620043401" download-size="1385" install-size="1385" />
	<plugin fragment="true" id="org.eclipse.mylyn.wikitext.twiki.core.nl_da" unpack="false" version="3.5.0.v20090620043401" download-size="1360" install-size="1360" />
	<plugin fragment="true" id="org.eclipse.mylyn.wikitext.twiki.ui.nl_da" unpack="false" version="3.5.0.v20090620043401" download-size="1400" install-size="1400" />
	<plugin fragment="true" id="org.eclipse.mylyn.wikitext.ui.nl_da" unpack="false" version="3.5.0.v20090620043401" download-size="6080" install-size="6080" />
	<plugin fragment="true" id="org.eclipse.mylyn.xplanner.core.nl_da" unpack="false" version="3.5.0.v20090620043401" download-size="2411" install-size="2411" />
	<plugin fragment="true" id="org.eclipse.mylyn.xplanner.ui.nl_da" unpack="false" version="3.5.0.v20090620043401" download-size="3663" install-size="3663" />
</feature>