<?xml version="1.0" encoding="UTF-8" ?>
<feature
	id="org.eclipse.babel.nls_eclipse_el"
	label="Babel Language Pack for eclipse in Greek (74.97%)"
	image="eclipse_update_120.jpg"
	provider-name="%providerName"
	version="3.5.0.v20090620043401">
	<copyright>
		%copyright
	</copyright>
	<license url="%licenseURL">
		%license
	</license>
	<description>Babel Language Pack for eclipse in Greek</description>
	<plugin fragment="true" id="org.eclipse.ant.core.nl_el" unpack="false" version="3.5.0.v20090620043401" download-size="5541" install-size="5541" />
	<plugin fragment="true" id="org.eclipse.ant.tests.core.nl_el" unpack="false" version="3.5.0.v20090620043401" download-size="1367" install-size="1367" />
	<plugin fragment="true" id="org.eclipse.ant.tests.ui.nl_el" unpack="false" version="3.5.0.v20090620043401" download-size="1366" install-size="1366" />
	<plugin fragment="true" id="org.eclipse.ant.ui.nl_el" unpack="false" version="3.5.0.v20090620043401" download-size="31747" install-size="31747" />
	<plugin fragment="true" id="org.eclipse.compare.core.nl_el" unpack="false" version="3.5.0.v20090620043401" download-size="2463" install-size="2463" />
	<plugin fragment="true" id="org.eclipse.compare.examples.nl_el" unpack="false" version="3.5.0.v20090620043401" download-size="1369" install-size="1369" />
	<plugin fragment="true" id="org.eclipse.compare.examples.xml.nl_el" unpack="false" version="3.5.0.v20090620043401" download-size="2889" install-size="2889" />
	<plugin fragment="true" id="org.eclipse.compare.nl_el" unpack="false" version="3.5.0.v20090620043401" download-size="15784" install-size="15784" />
	<plugin fragment="true" id="org.eclipse.compare.tests.nl_el" unpack="false" version="3.5.0.v20090620043401" download-size="1600" install-size="1600" />
	<plugin fragment="true" id="org.eclipse.compare.win32.nl_el" unpack="false" version="3.5.0.v20090620043401" download-size="2591" install-size="2591" />
	<plugin fragment="true" id="org.eclipse.core.boot.nl_el" unpack="false" version="3.5.0.v20090620043401" download-size="1376" install-size="1376" />
	<plugin fragment="true" id="org.eclipse.core.commands.nl_el" unpack="false" version="3.5.0.v20090620043401" download-size="1402" install-size="1402" />
	<plugin fragment="true" id="org.eclipse.core.contenttype.nl_el" unpack="false" version="3.5.0.v20090620043401" download-size="2911" install-size="2911" />
	<plugin fragment="true" id="org.eclipse.core.databinding.beans.nl_el" unpack="false" version="3.5.0.v20090620043401" download-size="1373" install-size="1373" />
	<plugin fragment="true" id="org.eclipse.core.databinding.nl_el" unpack="false" version="3.5.0.v20090620043401" download-size="2277" install-size="2277" />
	<plugin fragment="true" id="org.eclipse.core.databinding.observable.nl_el" unpack="false" version="3.5.0.v20090620043401" download-size="1377" install-size="1377" />
	<plugin fragment="true" id="org.eclipse.core.databinding.property.nl_el" unpack="false" version="3.5.0.v20090620043401" download-size="1375" install-size="1375" />
	<plugin fragment="true" id="org.eclipse.core.expressions.nl_el" unpack="false" version="3.5.0.v20090620043401" download-size="3178" install-size="3178" />
	<plugin fragment="true" id="org.eclipse.core.expressions.tests.nl_el" unpack="false" version="3.5.0.v20090620043401" download-size="1372" install-size="1372" />
	<plugin fragment="true" id="org.eclipse.core.filebuffers.nl_el" unpack="false" version="3.5.0.v20090620043401" download-size="4664" install-size="4664" />
	<plugin fragment="true" id="org.eclipse.core.filebuffers.tests.nl_el" unpack="false" version="3.5.0.v20090620043401" download-size="1378" install-size="1378" />
	<plugin fragment="true" id="org.eclipse.core.filesystem.nl_el" unpack="false" version="3.5.0.v20090620043401" download-size="3285" install-size="3285" />
	<plugin fragment="true" id="org.eclipse.core.jobs.nl_el" unpack="false" version="3.5.0.v20090620043401" download-size="2532" install-size="2532" />
	<plugin fragment="true" id="org.eclipse.core.net.linux.x86.nl_el" unpack="false" version="3.5.0.v20090620043401" download-size="1375" install-size="1375" />
	<plugin fragment="true" id="org.eclipse.core.net.nl_el" unpack="false" version="3.5.0.v20090620043401" download-size="1368" install-size="1368" />
	<plugin fragment="true" id="org.eclipse.core.net.win32.x86.nl_el" unpack="false" version="3.5.0.v20090620043401" download-size="1375" install-size="1375" />
	<plugin fragment="true" id="org.eclipse.core.resources.nl_el" unpack="false" version="3.5.0.v20090620043401" download-size="10846" install-size="10846" />
	<plugin fragment="true" id="org.eclipse.core.runtime.compatibility.auth.nl_el" unpack="false" version="3.5.0.v20090620043401" download-size="2602" install-size="2602" />
	<plugin fragment="true" id="org.eclipse.core.runtime.compatibility.nl_el" unpack="false" version="3.5.0.v20090620043401" download-size="2627" install-size="2627" />
	<plugin fragment="true" id="org.eclipse.core.runtime.nl_el" unpack="false" version="3.5.0.v20090620043401" download-size="4531" install-size="4531" />
	<plugin fragment="true" id="org.eclipse.core.variables.nl_el" unpack="false" version="3.5.0.v20090620043401" download-size="2721" install-size="2721" />
	<plugin fragment="true" id="org.eclipse.cvs.nl_el" unpack="false" version="3.5.0.v20090620043401" download-size="1360" install-size="1360" />
	<plugin fragment="true" id="org.eclipse.debug.core.nl_el" unpack="false" version="3.5.0.v20090620043401" download-size="8102" install-size="8102" />
	<plugin fragment="true" id="org.eclipse.debug.examples.ui.nl_el" unpack="false" version="3.5.0.v20090620043401" download-size="2429" install-size="2429" />
	<plugin fragment="true" id="org.eclipse.debug.ui.nl_el" unpack="false" version="3.5.0.v20090620043401" download-size="37590" install-size="37590" />
	<plugin fragment="true" id="org.eclipse.equinox.app.nl_el" unpack="false" version="3.5.0.v20090620043401" download-size="2433" install-size="2433" />
	<plugin fragment="true" id="org.eclipse.equinox.cm.nl_el" unpack="false" version="3.5.0.v20090620043401" download-size="1366" install-size="1366" />
	<plugin fragment="true" id="org.eclipse.equinox.common.nl_el" unpack="false" version="3.5.0.v20090620043401" download-size="3769" install-size="3769" />
	<plugin fragment="true" id="org.eclipse.equinox.concurrent.nl_el" unpack="false" version="3.5.0.v20090620043401" download-size="1371" install-size="1371" />
	<plugin fragment="true" id="org.eclipse.equinox.device.nl_el" unpack="false" version="3.5.0.v20090620043401" download-size="3458" install-size="3458" />
	<plugin fragment="true" id="org.eclipse.equinox.ds.nl_el" unpack="false" version="3.5.0.v20090620043401" download-size="1366" install-size="1366" />
	<plugin fragment="true" id="org.eclipse.equinox.event.nl_el" unpack="false" version="3.5.0.v20090620043401" download-size="2464" install-size="2464" />
	<plugin fragment="true" id="org.eclipse.equinox.http.jetty5.nl_el" unpack="false" version="3.5.0.v20090620043401" download-size="1372" install-size="1372" />
	<plugin fragment="true" id="org.eclipse.equinox.http.jetty6.nl_el" unpack="false" version="3.5.0.v20090620043401" download-size="1372" install-size="1372" />
	<plugin fragment="true" id="org.eclipse.equinox.http.nl_el" unpack="false" version="3.5.0.v20090620043401" download-size="4389" install-size="4389" />
	<plugin fragment="true" id="org.eclipse.equinox.http.registry.nl_el" unpack="false" version="3.5.0.v20090620043401" download-size="1372" install-size="1372" />
	<plugin fragment="true" id="org.eclipse.equinox.http.servlet.nl_el" unpack="false" version="3.5.0.v20090620043401" download-size="1373" install-size="1373" />
	<plugin fragment="true" id="org.eclipse.equinox.http.servletbridge.nl_el" unpack="false" version="3.5.0.v20090620043401" download-size="1377" install-size="1377" />
	<plugin fragment="true" id="org.eclipse.equinox.io.nl_el" unpack="false" version="3.5.0.v20090620043401" download-size="1365" install-size="1365" />
	<plugin fragment="true" id="org.eclipse.equinox.ip.nl_el" unpack="false" version="3.5.0.v20090620043401" download-size="1366" install-size="1366" />
	<plugin fragment="true" id="org.eclipse.equinox.jsp.jasper.nl_el" unpack="false" version="3.5.0.v20090620043401" download-size="1371" install-size="1371" />
	<plugin fragment="true" id="org.eclipse.equinox.jsp.jasper.registry.nl_el" unpack="false" version="3.5.0.v20090620043401" download-size="1377" install-size="1377" />
	<plugin fragment="true" id="org.eclipse.equinox.launcher.carbon.macosx.nl_el" unpack="false" version="3.5.0.v20090620043401" download-size="1410" install-size="1410" />
	<plugin fragment="true" id="org.eclipse.equinox.launcher.cocoa.macosx.nl_el" unpack="false" version="3.5.0.v20090620043401" download-size="1407" install-size="1407" />
	<plugin fragment="true" id="org.eclipse.equinox.launcher.gtk.linux.ppc.nl_el" unpack="false" version="3.5.0.v20090620043401" download-size="1410" install-size="1410" />
	<plugin fragment="true" id="org.eclipse.equinox.launcher.gtk.linux.s390.nl_el" unpack="false" version="3.5.0.v20090620043401" download-size="1413" install-size="1413" />
	<plugin fragment="true" id="org.eclipse.equinox.launcher.gtk.linux.s390x.nl_el" unpack="false" version="3.5.0.v20090620043401" download-size="1416" install-size="1416" />
	<plugin fragment="true" id="org.eclipse.equinox.launcher.gtk.linux.x86.nl_el" unpack="false" version="3.5.0.v20090620043401" download-size="1411" install-size="1411" />
	<plugin fragment="true" id="org.eclipse.equinox.launcher.gtk.solaris.sparc.nl_el" unpack="false" version="3.5.0.v20090620043401" download-size="1421" install-size="1421" />
	<plugin fragment="true" id="org.eclipse.equinox.launcher.gtk.solaris.x86.nl_el" unpack="false" version="3.5.0.v20090620043401" download-size="1416" install-size="1416" />
	<plugin fragment="true" id="org.eclipse.equinox.launcher.motif.aix.ppc.nl_el" unpack="false" version="3.5.0.v20090620043401" download-size="1410" install-size="1410" />
	<plugin fragment="true" id="org.eclipse.equinox.launcher.motif.linux.x86.nl_el" unpack="false" version="3.5.0.v20090620043401" download-size="1415" install-size="1415" />
	<plugin fragment="true" id="org.eclipse.equinox.launcher.motif.solaris.sparc.nl_el" unpack="false" version="3.5.0.v20090620043401" download-size="1426" install-size="1426" />
	<plugin fragment="true" id="org.eclipse.equinox.launcher.nl_el" unpack="false" version="3.5.0.v20090620043401" download-size="1374" install-size="1374" />
	<plugin fragment="true" id="org.eclipse.equinox.launcher.win32.win32.ia64.nl_el" unpack="false" version="3.5.0.v20090620043401" download-size="1416" install-size="1416" />
	<plugin fragment="true" id="org.eclipse.equinox.launcher.win32.win32.x86.nl_el" unpack="false" version="3.5.0.v20090620043401" download-size="1413" install-size="1413" />
	<plugin fragment="true" id="org.eclipse.equinox.launcher.wpf.win32.x86.nl_el" unpack="false" version="3.5.0.v20090620043401" download-size="1411" install-size="1411" />
	<plugin fragment="true" id="org.eclipse.equinox.log.nl_el" unpack="false" version="3.5.0.v20090620043401" download-size="1366" install-size="1366" />
	<plugin fragment="true" id="org.eclipse.equinox.metatype.nl_el" unpack="false" version="3.5.0.v20090620043401" download-size="3175" install-size="3175" />
	<plugin fragment="true" id="org.eclipse.equinox.preferences.nl_el" unpack="false" version="3.5.0.v20090620043401" download-size="3504" install-size="3504" />
	<plugin fragment="true" id="org.eclipse.equinox.registry.nl_el" unpack="false" version="3.5.0.v20090620043401" download-size="4136" install-size="4136" />
	<plugin fragment="true" id="org.eclipse.equinox.security.nl_el" unpack="false" version="3.5.0.v20090620043401" download-size="2676" install-size="2676" />
	<plugin fragment="true" id="org.eclipse.equinox.security.ui.nl_el" unpack="false" version="3.5.0.v20090620043401" download-size="3877" install-size="3877" />
	<plugin fragment="true" id="org.eclipse.equinox.servletbridge.nl_el" unpack="false" version="3.5.0.v20090620043401" download-size="1373" install-size="1373" />
	<plugin fragment="true" id="org.eclipse.equinox.transforms.xslt.nl_el" unpack="false" version="3.5.0.v20090620043401" download-size="1373" install-size="1373" />
	<plugin fragment="true" id="org.eclipse.equinox.useradmin.nl_el" unpack="false" version="3.5.0.v20090620043401" download-size="3560" install-size="3560" />
	<plugin fragment="true" id="org.eclipse.equinox.util.nl_el" unpack="false" version="3.5.0.v20090620043401" download-size="1366" install-size="1366" />
	<plugin fragment="true" id="org.eclipse.equinox.wireadmin.nl_el" unpack="false" version="3.5.0.v20090620043401" download-size="1371" install-size="1371" />
	<plugin fragment="true" id="org.eclipse.help.appserver.nl_el" unpack="false" version="3.5.0.v20090620043401" download-size="2832" install-size="2832" />
	<plugin fragment="true" id="org.eclipse.help.base.nl_el" unpack="false" version="3.5.0.v20090620043401" download-size="4592" install-size="4592" />
	<plugin fragment="true" id="org.eclipse.help.nl_el" unpack="false" version="3.5.0.v20090620043401" download-size="1597" install-size="1597" />
	<plugin fragment="true" id="org.eclipse.help.ui.nl_el" unpack="false" version="3.5.0.v20090620043401" download-size="6371" install-size="6371" />
	<plugin fragment="true" id="org.eclipse.help.webapp.nl_el" unpack="false" version="3.5.0.v20090620043401" download-size="5560" install-size="5560" />
	<plugin fragment="true" id="org.eclipse.jdt.apt.core.nl_el" unpack="false" version="3.5.0.v20090620043401" download-size="4226" install-size="4226" />
	<plugin fragment="true" id="org.eclipse.jdt.apt.pluggable.core.nl_el" unpack="false" version="3.5.0.v20090620043401" download-size="1373" install-size="1373" />
	<plugin fragment="true" id="org.eclipse.jdt.apt.pluggable.tests.nl_el" unpack="false" version="3.5.0.v20090620043401" download-size="1374" install-size="1374" />
	<plugin fragment="true" id="org.eclipse.jdt.apt.tests.nl_el" unpack="false" version="3.5.0.v20090620043401" download-size="1367" install-size="1367" />
	<plugin fragment="true" id="org.eclipse.jdt.apt.ui.nl_el" unpack="false" version="3.5.0.v20090620043401" download-size="5271" install-size="5271" />
	<plugin fragment="true" id="org.eclipse.jdt.compiler.apt.tests.nl_el" unpack="false" version="3.5.0.v20090620043401" download-size="1373" install-size="1373" />
	<plugin fragment="true" id="org.eclipse.jdt.compiler.tool.tests.nl_el" unpack="false" version="3.5.0.v20090620043401" download-size="1373" install-size="1373" />
	<plugin fragment="true" id="org.eclipse.jdt.core.manipulation.nl_el" unpack="false" version="3.5.0.v20090620043401" download-size="3402" install-size="3402" />
	<plugin fragment="true" id="org.eclipse.jdt.core.nl_el" unpack="false" version="3.5.0.v20090620043401" download-size="40862" install-size="40862" />
	<plugin fragment="true" id="org.eclipse.jdt.core.tests.builder.nl_el" unpack="false" version="3.5.0.v20090620043401" download-size="1373" install-size="1373" />
	<plugin fragment="true" id="org.eclipse.jdt.core.tests.compiler.nl_el" unpack="false" version="3.5.0.v20090620043401" download-size="1374" install-size="1374" />
	<plugin fragment="true" id="org.eclipse.jdt.core.tests.model.nl_el" unpack="false" version="3.5.0.v20090620043401" download-size="16586" install-size="16586" />
	<plugin fragment="true" id="org.eclipse.jdt.core.tests.performance.nl_el" unpack="false" version="3.5.0.v20090620043401" download-size="1375" install-size="1375" />
	<plugin fragment="true" id="org.eclipse.jdt.debug.nl_el" unpack="false" version="3.5.0.v20090620043401" download-size="26586" install-size="26586" />
	<plugin fragment="true" id="org.eclipse.jdt.debug.tests.nl_el" unpack="false" version="3.5.0.v20090620043401" download-size="1369" install-size="1369" />
	<plugin fragment="true" id="org.eclipse.jdt.debug.ui.nl_el" unpack="false" version="3.5.0.v20090620043401" download-size="34880" install-size="34880" />
	<plugin fragment="true" id="org.eclipse.jdt.doc.isv.nl_el" unpack="false" version="3.5.0.v20090620043401" download-size="1938" install-size="1938" />
	<plugin fragment="true" id="org.eclipse.jdt.doc.user.nl_el" unpack="false" version="3.5.0.v20090620043401" download-size="1902" install-size="1902" />
	<plugin fragment="true" id="org.eclipse.jdt.junit.nl_el" unpack="false" version="3.5.0.v20090620043401" download-size="11344" install-size="11344" />
	<plugin fragment="true" id="org.eclipse.jdt.junit.runtime.nl_el" unpack="false" version="3.5.0.v20090620043401" download-size="3211" install-size="3211" />
	<plugin fragment="true" id="org.eclipse.jdt.junit4.runtime.nl_el" unpack="false" version="3.5.0.v20090620043401" download-size="1489" install-size="1489" />
	<plugin fragment="true" id="org.eclipse.jdt.launching.macosx.nl_el" unpack="false" version="3.5.0.v20090620043401" download-size="1374" install-size="1374" />
	<plugin fragment="true" id="org.eclipse.jdt.launching.nl_el" unpack="false" version="3.5.0.v20090620043401" download-size="8211" install-size="8211" />
	<plugin fragment="true" id="org.eclipse.jdt.launching.ui.macosx.nl_el" unpack="false" version="3.5.0.v20090620043401" download-size="2684" install-size="2684" />
	<plugin fragment="true" id="org.eclipse.jdt.nl_el" unpack="false" version="3.5.0.v20090620043401" download-size="1407" install-size="1407" />
	<plugin fragment="true" id="org.eclipse.jdt.text.tests.nl_el" unpack="false" version="3.5.0.v20090620043401" download-size="1373" install-size="1373" />
	<plugin fragment="true" id="org.eclipse.jdt.ui.examples.projects.nl_el" unpack="false" version="3.5.0.v20090620043401" download-size="2815" install-size="2815" />
	<plugin fragment="true" id="org.eclipse.jdt.ui.nl_el" unpack="false" version="3.5.0.v20090620043401" download-size="212953" install-size="212953" />
	<plugin fragment="true" id="org.eclipse.jdt.ui.tests.nl_el" unpack="false" version="3.5.0.v20090620043401" download-size="1371" install-size="1371" />
	<plugin fragment="true" id="org.eclipse.jdt.ui.tests.refactoring.nl_el" unpack="false" version="3.5.0.v20090620043401" download-size="1380" install-size="1380" />
	<plugin fragment="true" id="org.eclipse.jface.databinding.nl_el" unpack="false" version="3.5.0.v20090620043401" download-size="1426" install-size="1426" />
	<plugin fragment="true" id="org.eclipse.jface.examples.databinding.nl_el" unpack="false" version="3.5.0.v20090620043401" download-size="1377" install-size="1377" />
	<plugin fragment="true" id="org.eclipse.jface.nl_el" unpack="false" version="3.5.0.v20090620043401" download-size="10380" install-size="10380" />
	<plugin fragment="true" id="org.eclipse.jface.tests.databinding.conformance.nl_el" unpack="false" version="3.5.0.v20090620043401" download-size="1383" install-size="1383" />
	<plugin fragment="true" id="org.eclipse.jface.tests.databinding.nl_el" unpack="false" version="3.5.0.v20090620043401" download-size="1374" install-size="1374" />
	<plugin fragment="true" id="org.eclipse.jface.text.nl_el" unpack="false" version="3.5.0.v20090620043401" download-size="13891" install-size="13891" />
	<plugin fragment="true" id="org.eclipse.jface.text.tests.nl_el" unpack="false" version="3.5.0.v20090620043401" download-size="1374" install-size="1374" />
	<plugin fragment="true" id="org.eclipse.jsch.core.nl_el" unpack="false" version="3.5.0.v20090620043401" download-size="2388" install-size="2388" />
	<plugin fragment="true" id="org.eclipse.jsch.ui.nl_el" unpack="false" version="3.5.0.v20090620043401" download-size="4659" install-size="4659" />
	<plugin fragment="true" id="org.eclipse.ltk.core.refactoring.nl_el" unpack="false" version="3.5.0.v20090620043401" download-size="5597" install-size="5597" />
	<plugin fragment="true" id="org.eclipse.ltk.core.refactoring.tests.nl_el" unpack="false" version="3.5.0.v20090620043401" download-size="1375" install-size="1375" />
	<plugin fragment="true" id="org.eclipse.ltk.ui.refactoring.nl_el" unpack="false" version="3.5.0.v20090620043401" download-size="10311" install-size="10311" />
	<plugin fragment="true" id="org.eclipse.ltk.ui.refactoring.tests.nl_el" unpack="false" version="3.5.0.v20090620043401" download-size="1374" install-size="1374" />
	<plugin fragment="true" id="org.eclipse.osgi.nl_el" unpack="false" version="3.5.0.v20090620043401" download-size="7647" install-size="7647" />
	<plugin fragment="true" id="org.eclipse.osgi.services.nl_el" unpack="false" version="3.5.0.v20090620043401" download-size="1529" install-size="1529" />
	<plugin fragment="true" id="org.eclipse.osgi.util.nl_el" unpack="false" version="3.5.0.v20090620043401" download-size="1528" install-size="1528" />
	<plugin fragment="true" id="org.eclipse.pde.api.tools.nl_el" unpack="false" version="3.5.0.v20090620043401" download-size="3322" install-size="3322" />
	<plugin fragment="true" id="org.eclipse.pde.api.tools.ui.nl_el" unpack="false" version="3.5.0.v20090620043401" download-size="5631" install-size="5631" />
	<plugin fragment="true" id="org.eclipse.pde.build.nl_el" unpack="false" version="3.5.0.v20090620043401" download-size="6001" install-size="6001" />
	<plugin fragment="true" id="org.eclipse.pde.build.tests.nl_el" unpack="false" version="3.5.0.v20090620043401" download-size="1371" install-size="1371" />
	<plugin fragment="true" id="org.eclipse.pde.core.nl_el" unpack="false" version="3.5.0.v20090620043401" download-size="9307" install-size="9307" />
	<plugin fragment="true" id="org.eclipse.pde.doc.user.nl_el" unpack="false" version="3.5.0.v20090620043401" download-size="1940" install-size="1940" />
	<plugin fragment="true" id="org.eclipse.pde.ds.core.nl_el" unpack="false" version="3.5.0.v20090620043401" download-size="2389" install-size="2389" />
	<plugin fragment="true" id="org.eclipse.pde.ds.tests.nl_el" unpack="false" version="3.5.0.v20090620043401" download-size="1366" install-size="1366" />
	<plugin fragment="true" id="org.eclipse.pde.ds.ui.nl_el" unpack="false" version="3.5.0.v20090620043401" download-size="3044" install-size="3044" />
	<plugin fragment="true" id="org.eclipse.pde.junit.runtime.nl_el" unpack="false" version="3.5.0.v20090620043401" download-size="1453" install-size="1453" />
	<plugin fragment="true" id="org.eclipse.pde.nl_el" unpack="false" version="3.5.0.v20090620043401" download-size="1424" install-size="1424" />
	<plugin fragment="true" id="org.eclipse.pde.runtime.nl_el" unpack="false" version="3.5.0.v20090620043401" download-size="3056" install-size="3056" />
	<plugin fragment="true" id="org.eclipse.pde.tools.versioning.nl_el" unpack="false" version="3.5.0.v20090620043401" download-size="1393" install-size="1393" />
	<plugin fragment="true" id="org.eclipse.pde.ua.core.nl_el" unpack="false" version="3.5.0.v20090620043401" download-size="1366" install-size="1366" />
	<plugin fragment="true" id="org.eclipse.pde.ua.ui.nl_el" unpack="false" version="3.5.0.v20090620043401" download-size="11775" install-size="11775" />
	<plugin fragment="true" id="org.eclipse.pde.ui.nl_el" unpack="false" version="3.5.0.v20090620043401" download-size="51114" install-size="51114" />
	<plugin fragment="true" id="org.eclipse.pde.ui.templates.nl_el" unpack="false" version="3.5.0.v20090620043401" download-size="2843" install-size="2843" />
	<plugin fragment="true" id="org.eclipse.platform.doc.isv.nl_el" unpack="false" version="3.5.0.v20090620043401" download-size="1472" install-size="1472" />
	<plugin fragment="true" id="org.eclipse.platform.doc.user.nl_el" unpack="false" version="3.5.0.v20090620043401" download-size="1411" install-size="1411" />
	<plugin fragment="true" id="org.eclipse.platform.nl_el" unpack="false" version="3.5.0.v20090620043401" download-size="2514" install-size="2514" />
	<plugin fragment="true" id="org.eclipse.rcp.nl_el" unpack="false" version="3.5.0.v20090620043401" download-size="1805" install-size="1805" />
	<plugin fragment="true" id="org.eclipse.releng.tools.nl_el" unpack="false" version="3.5.0.v20090620043401" download-size="2300" install-size="2300" />
	<plugin fragment="true" id="org.eclipse.sdk.examples.nl_el" unpack="false" version="3.5.0.v20090620043401" download-size="1367" install-size="1367" />
	<plugin fragment="true" id="org.eclipse.sdk.nl_el" unpack="false" version="3.5.0.v20090620043401" download-size="3399" install-size="3399" />
	<plugin fragment="true" id="org.eclipse.sdk.tests.nl_el" unpack="false" version="3.5.0.v20090620043401" download-size="1364" install-size="1364" />
	<plugin fragment="true" id="org.eclipse.search.nl_el" unpack="false" version="3.5.0.v20090620043401" download-size="9881" install-size="9881" />
	<plugin fragment="true" id="org.eclipse.search.tests.nl_el" unpack="false" version="3.5.0.v20090620043401" download-size="1366" install-size="1366" />
	<plugin fragment="true" id="org.eclipse.swt.examples.browser.demos.nl_el" unpack="false" version="3.5.0.v20090620043401" download-size="1376" install-size="1376" />
	<plugin fragment="true" id="org.eclipse.swt.examples.browser.nl_el" unpack="false" version="3.5.0.v20090620043401" download-size="1445" install-size="1445" />
	<plugin fragment="true" id="org.eclipse.swt.examples.controls.nl_el" unpack="false" version="3.5.0.v20090620043401" download-size="1372" install-size="1372" />
	<plugin fragment="true" id="org.eclipse.swt.examples.launcher.nl_el" unpack="false" version="3.5.0.v20090620043401" download-size="1523" install-size="1523" />
	<plugin fragment="true" id="org.eclipse.swt.examples.layouts.nl_el" unpack="false" version="3.5.0.v20090620043401" download-size="1373" install-size="1373" />
	<plugin fragment="true" id="org.eclipse.swt.examples.nl_el" unpack="false" version="3.5.0.v20090620043401" download-size="7728" install-size="7728" />
	<plugin fragment="true" id="org.eclipse.swt.examples.ole.win32.nl_el" unpack="false" version="3.5.0.v20090620043401" download-size="1534" install-size="1534" />
	<plugin fragment="true" id="org.eclipse.swt.examples.paint.nl_el" unpack="false" version="3.5.0.v20090620043401" download-size="1371" install-size="1371" />
	<plugin fragment="true" id="org.eclipse.swt.nl_el" unpack="false" version="3.5.0.v20090620043401" download-size="2463" install-size="2463" />
	<plugin fragment="true" id="org.eclipse.swt.tests.nl_el" unpack="false" version="3.5.0.v20090620043401" download-size="1396" install-size="1396" />
	<plugin fragment="true" id="org.eclipse.swt.tools.nl_el" unpack="false" version="3.5.0.v20090620043401" download-size="1364" install-size="1364" />
	<plugin fragment="true" id="org.eclipse.team.core.nl_el" unpack="false" version="3.5.0.v20090620043401" download-size="5579" install-size="5579" />
	<plugin fragment="true" id="org.eclipse.team.cvs.core.nl_el" unpack="false" version="3.5.0.v20090620043401" download-size="10757" install-size="10757" />
	<plugin fragment="true" id="org.eclipse.team.cvs.ssh.nl_el" unpack="false" version="3.5.0.v20090620043401" download-size="3634" install-size="3634" />
	<plugin fragment="true" id="org.eclipse.team.cvs.ssh2.nl_el" unpack="false" version="3.5.0.v20090620043401" download-size="4213" install-size="4213" />
	<plugin fragment="true" id="org.eclipse.team.cvs.ui.nl_el" unpack="false" version="3.5.0.v20090620043401" download-size="38514" install-size="38514" />
	<plugin fragment="true" id="org.eclipse.team.examples.filesystem.nl_el" unpack="false" version="3.5.0.v20090620043401" download-size="2401" install-size="2401" />
	<plugin fragment="true" id="org.eclipse.team.tests.cvs.core.nl_el" unpack="false" version="3.5.0.v20090620043401" download-size="1426" install-size="1426" />
	<plugin fragment="true" id="org.eclipse.team.ui.nl_el" unpack="false" version="3.5.0.v20090620043401" download-size="16281" install-size="16281" />
	<plugin fragment="true" id="org.eclipse.text.nl_el" unpack="false" version="3.5.0.v20090620043401" download-size="4293" install-size="4293" />
	<plugin fragment="true" id="org.eclipse.text.tests.nl_el" unpack="false" version="3.5.0.v20090620043401" download-size="1369" install-size="1369" />
	<plugin fragment="true" id="org.eclipse.ui.browser.nl_el" unpack="false" version="3.5.0.v20090620043401" download-size="4461" install-size="4461" />
	<plugin fragment="true" id="org.eclipse.ui.cheatsheets.nl_el" unpack="false" version="3.5.0.v20090620043401" download-size="7030" install-size="7030" />
	<plugin fragment="true" id="org.eclipse.ui.console.nl_el" unpack="false" version="3.5.0.v20090620043401" download-size="3850" install-size="3850" />
	<plugin fragment="true" id="org.eclipse.ui.editors.nl_el" unpack="false" version="3.5.0.v20090620043401" download-size="15268" install-size="15268" />
	<plugin fragment="true" id="org.eclipse.ui.editors.tests.nl_el" unpack="false" version="3.5.0.v20090620043401" download-size="1373" install-size="1373" />
	<plugin fragment="true" id="org.eclipse.ui.examples.contributions.nl_el" unpack="false" version="3.5.0.v20090620043401" download-size="1636" install-size="1636" />
	<plugin fragment="true" id="org.eclipse.ui.examples.fieldassist.nl_el" unpack="false" version="3.5.0.v20090620043401" download-size="2340" install-size="2340" />
	<plugin fragment="true" id="org.eclipse.ui.examples.javaeditor.nl_el" unpack="false" version="3.5.0.v20090620043401" download-size="2536" install-size="2536" />
	<plugin fragment="true" id="org.eclipse.ui.examples.multipageeditor.nl_el" unpack="false" version="3.5.0.v20090620043401" download-size="2417" install-size="2417" />
	<plugin fragment="true" id="org.eclipse.ui.examples.propertysheet.nl_el" unpack="false" version="3.5.0.v20090620043401" download-size="2485" install-size="2485" />
	<plugin fragment="true" id="org.eclipse.ui.examples.readmetool.nl_el" unpack="false" version="3.5.0.v20090620043401" download-size="2398" install-size="2398" />
	<plugin fragment="true" id="org.eclipse.ui.examples.undo.nl_el" unpack="false" version="3.5.0.v20090620043401" download-size="2244" install-size="2244" />
	<plugin fragment="true" id="org.eclipse.ui.examples.views.properties.tabbed.article.nl_el" unpack="false" version="3.5.0.v20090620043401" download-size="1510" install-size="1510" />
	<plugin fragment="true" id="org.eclipse.ui.externaltools.nl_el" unpack="false" version="3.5.0.v20090620043401" download-size="10919" install-size="10919" />
	<plugin fragment="true" id="org.eclipse.ui.forms.nl_el" unpack="false" version="3.5.0.v20090620043401" download-size="2346" install-size="2346" />
	<plugin fragment="true" id="org.eclipse.ui.ide.application.nl_el" unpack="false" version="3.5.0.v20090620043401" download-size="1579" install-size="1579" />
	<plugin fragment="true" id="org.eclipse.ui.ide.nl_el" unpack="false" version="3.5.0.v20090620043401" download-size="38401" install-size="38401" />
	<plugin fragment="true" id="org.eclipse.ui.intro.nl_el" unpack="false" version="3.5.0.v20090620043401" download-size="4320" install-size="4320" />
	<plugin fragment="true" id="org.eclipse.ui.intro.universal.nl_el" unpack="false" version="3.5.0.v20090620043401" download-size="6378" install-size="6378" />
	<plugin fragment="true" id="org.eclipse.ui.navigator.nl_el" unpack="false" version="3.5.0.v20090620043401" download-size="4490" install-size="4490" />
	<plugin fragment="true" id="org.eclipse.ui.navigator.resources.nl_el" unpack="false" version="3.5.0.v20090620043401" download-size="3899" install-size="3899" />
	<plugin fragment="true" id="org.eclipse.ui.net.nl_el" unpack="false" version="3.5.0.v20090620043401" download-size="2520" install-size="2520" />
	<plugin fragment="true" id="org.eclipse.ui.nl_el" unpack="false" version="3.5.0.v20090620043401" download-size="6688" install-size="6688" />
	<plugin fragment="true" id="org.eclipse.ui.presentations.r21.nl_el" unpack="false" version="3.5.0.v20090620043401" download-size="2659" install-size="2659" />
	<plugin fragment="true" id="org.eclipse.ui.tests.views.properties.tabbed.nl_el" unpack="false" version="3.5.0.v20090620043401" download-size="1459" install-size="1459" />
	<plugin fragment="true" id="org.eclipse.ui.views.log.nl_el" unpack="false" version="3.5.0.v20090620043401" download-size="3483" install-size="3483" />
	<plugin fragment="true" id="org.eclipse.ui.views.nl_el" unpack="false" version="3.5.0.v20090620043401" download-size="3397" install-size="3397" />
	<plugin fragment="true" id="org.eclipse.ui.views.properties.tabbed.nl_el" unpack="false" version="3.5.0.v20090620043401" download-size="3325" install-size="3325" />
	<plugin fragment="true" id="org.eclipse.ui.workbench.nl_el" unpack="false" version="3.5.0.v20090620043401" download-size="33796" install-size="33796" />
	<plugin fragment="true" id="org.eclipse.ui.workbench.texteditor.nl_el" unpack="false" version="3.5.0.v20090620043401" download-size="14657" install-size="14657" />
	<plugin fragment="true" id="org.eclipse.ui.workbench.texteditor.tests.nl_el" unpack="false" version="3.5.0.v20090620043401" download-size="1383" install-size="1383" />
	<plugin fragment="true" id="org.eclipse.update.configurator.nl_el" unpack="false" version="3.5.0.v20090620043401" download-size="4038" install-size="4038" />
	<plugin fragment="true" id="org.eclipse.update.core.nl_el" unpack="false" version="3.5.0.v20090620043401" download-size="11599" install-size="11599" />
	<plugin fragment="true" id="org.eclipse.update.scheduler.nl_el" unpack="false" version="3.5.0.v20090620043401" download-size="3213" install-size="3213" />
	<plugin fragment="true" id="org.eclipse.update.tests.core.nl_el" unpack="false" version="3.5.0.v20090620043401" download-size="1370" install-size="1370" />
	<plugin fragment="true" id="org.eclipse.update.ui.nl_el" unpack="false" version="3.5.0.v20090620043401" download-size="12876" install-size="12876" />
	<plugin fragment="true" id="org.junit4.nl_el" unpack="false" version="3.5.0.v20090620043401" download-size="1359" install-size="1359" />
	<plugin fragment="true" id="security.a.nl_el" unpack="false" version="3.5.0.v20090620043401" download-size="1390" install-size="1390" />
</feature>