<?xml version="1.0" encoding="UTF-8" ?>
<feature
	id="org.eclipse.babel.nls_dsdp.mtj_hu"
	label="Babel Language Pack for dsdp.mtj in Hungarian (5.86%)"
	image="eclipse_update_120.jpg"
	provider-name="%providerName"
	version="3.5.0.v20090620043401">
	<copyright>
		%copyright
	</copyright>
	<license url="%licenseURL">
		%license
	</license>
	<description>Babel Language Pack for dsdp.mtj in Hungarian</description>
	<plugin fragment="true" id="org.eclipse.mtj.core.nl_hu" unpack="false" version="3.5.0.v20090620043401" download-size="2195" install-size="2195" />
	<plugin fragment="true" id="org.eclipse.mtj.eswt.templates.nl_hu" unpack="false" version="3.5.0.v20090620043401" download-size="2176" install-size="2176" />
	<plugin fragment="true" id="org.eclipse.mtj.jmunit.nl_hu" unpack="false" version="3.5.0.v20090620043401" download-size="2273" install-size="2273" />
	<plugin fragment="true" id="org.eclipse.mtj.pulsar.ui.nl_hu" unpack="false" version="3.5.0.v20090620043401" download-size="2392" install-size="2392" />
	<plugin fragment="true" id="org.eclipse.mtj.ui.nl_hu" unpack="false" version="3.5.0.v20090620043401" download-size="5063" install-size="5063" />
</feature>