<?xml version="1.0" encoding="UTF-8" ?>
<feature
	id="org.eclipse.babel.nls_webtools.common_fr"
	label="Babel Language Pack for webtools.common in French (72.64%)"
	image="eclipse_update_120.jpg"
	provider-name="%providerName"
	version="3.5.0.v20090620043401">
	<copyright>
		%copyright
	</copyright>
	<license url="%licenseURL">
		%license
	</license>
	<description>Babel Language Pack for webtools.common in French</description>
	<plugin fragment="true" id="org.eclipse.jem.util.nl_fr" unpack="false" version="3.5.0.v20090620043401" download-size="1870" install-size="1870" />
	<plugin fragment="true" id="org.eclipse.jst.common.annotations.controller.nl_fr" unpack="false" version="3.5.0.v20090620043401" download-size="2030" install-size="2030" />
	<plugin fragment="true" id="org.eclipse.jst.common.annotations.core.nl_fr" unpack="false" version="3.5.0.v20090620043401" download-size="1798" install-size="1798" />
	<plugin fragment="true" id="org.eclipse.jst.common.annotations.ui.nl_fr" unpack="false" version="3.5.0.v20090620043401" download-size="1753" install-size="1753" />
	<plugin fragment="true" id="org.eclipse.jst.common.fproj.enablement.jdt.sdk.nl_fr" unpack="false" version="3.5.0.v20090620043401" download-size="1382" install-size="1382" />
	<plugin fragment="true" id="org.eclipse.jst.common.frameworks.nl_fr" unpack="false" version="3.5.0.v20090620043401" download-size="1404" install-size="1404" />
	<plugin fragment="true" id="org.eclipse.jst.common.project.facet.core.nl_fr" unpack="false" version="3.5.0.v20090620043401" download-size="4278" install-size="4278" />
	<plugin fragment="true" id="org.eclipse.jst.common.project.facet.ui.nl_fr" unpack="false" version="3.5.0.v20090620043401" download-size="5182" install-size="5182" />
	<plugin fragment="true" id="org.eclipse.perfmsr.core.stub.nl_fr" unpack="false" version="3.5.0.v20090620043401" download-size="1383" install-size="1383" />
	<plugin fragment="true" id="org.eclipse.wst.common.api.doc.nl_fr" unpack="false" version="3.5.0.v20090620043401" download-size="1744" install-size="1744" />
	<plugin fragment="true" id="org.eclipse.wst.common.core.nl_fr" unpack="false" version="3.5.0.v20090620043401" download-size="2621" install-size="2621" />
	<plugin fragment="true" id="org.eclipse.wst.common.emf.nl_fr" unpack="false" version="3.5.0.v20090620043401" download-size="2063" install-size="2063" />
	<plugin fragment="true" id="org.eclipse.wst.common.emfworkbench.integration.nl_fr" unpack="false" version="3.5.0.v20090620043401" download-size="2805" install-size="2805" />
	<plugin fragment="true" id="org.eclipse.wst.common.environment.nl_fr" unpack="false" version="3.5.0.v20090620043401" download-size="3169" install-size="3169" />
	<plugin fragment="true" id="org.eclipse.wst.common.fproj.sdk.nl_fr" unpack="false" version="3.5.0.v20090620043401" download-size="1373" install-size="1373" />
	<plugin fragment="true" id="org.eclipse.wst.common.frameworks.nl_fr" unpack="false" version="3.5.0.v20090620043401" download-size="2850" install-size="2850" />
	<plugin fragment="true" id="org.eclipse.wst.common.frameworks.ui.nl_fr" unpack="false" version="3.5.0.v20090620043401" download-size="4315" install-size="4315" />
	<plugin fragment="true" id="org.eclipse.wst.common.infopop.nl_fr" unpack="false" version="3.5.0.v20090620043401" download-size="1400" install-size="1400" />
	<plugin fragment="true" id="org.eclipse.wst.common.modulecore.nl_fr" unpack="false" version="3.5.0.v20090620043401" download-size="3379" install-size="3379" />
	<plugin fragment="true" id="org.eclipse.wst.common.project.facet.core.nl_fr" unpack="false" version="3.5.0.v20090620043401" download-size="15460" install-size="15460" />
	<plugin fragment="true" id="org.eclipse.wst.common.project.facet.doc.api.nl_fr" unpack="false" version="3.5.0.v20090620043401" download-size="1381" install-size="1381" />
	<plugin fragment="true" id="org.eclipse.wst.common.project.facet.ui.nl_fr" unpack="false" version="3.5.0.v20090620043401" download-size="8744" install-size="8744" />
	<plugin fragment="true" id="org.eclipse.wst.common.snippets.nl_fr" unpack="false" version="3.5.0.v20090620043401" download-size="3391" install-size="3391" />
	<plugin fragment="true" id="org.eclipse.wst.common.ui.nl_fr" unpack="false" version="3.5.0.v20090620043401" download-size="7722" install-size="7722" />
	<plugin fragment="true" id="org.eclipse.wst.common.ui.properties.nl_fr" unpack="false" version="3.5.0.v20090620043401" download-size="3367" install-size="3367" />
	<plugin fragment="true" id="org.eclipse.wst.common.uriresolver.nl_fr" unpack="false" version="3.5.0.v20090620043401" download-size="1441" install-size="1441" />
	<plugin fragment="true" id="org.eclipse.wst.internet.cache.nl_fr" unpack="false" version="3.5.0.v20090620043401" download-size="3185" install-size="3185" />
	<plugin fragment="true" id="org.eclipse.wst.validation.doc.isv.nl_fr" unpack="false" version="3.5.0.v20090620043401" download-size="2009" install-size="2009" />
	<plugin fragment="true" id="org.eclipse.wst.validation.infopop.nl_fr" unpack="false" version="3.5.0.v20090620043401" download-size="1413" install-size="1413" />
	<plugin fragment="true" id="org.eclipse.wst.validation.nl_fr" unpack="false" version="3.5.0.v20090620043401" download-size="6292" install-size="6292" />
	<plugin fragment="true" id="org.eclipse.wst.validation.ui.nl_fr" unpack="false" version="3.5.0.v20090620043401" download-size="5584" install-size="5584" />
</feature>