<?xml version="1.0" encoding="UTF-8" ?>
<feature
	id="org.eclipse.babel.nls_modeling.emft_ru"
	label="Babel Language Pack for modeling.emft in Russian (26.84%)"
	image="eclipse_update_120.jpg"
	provider-name="%providerName"
	version="3.5.0.v20090620043401">
	<copyright>
		%copyright
	</copyright>
	<license url="%licenseURL">
		%license
	</license>
	<description>Babel Language Pack for modeling.emft in Russian</description>
	<plugin fragment="true" id="org.eclipse.emf.compare.diff.edit.nl_ru" unpack="false" version="3.5.0.v20090620043401" download-size="1983" install-size="1983" />
	<plugin fragment="true" id="org.eclipse.emf.compare.diff.nl_ru" unpack="false" version="3.5.0.v20090620043401" download-size="1371" install-size="1371" />
	<plugin fragment="true" id="org.eclipse.emf.compare.epatch.nl_ru" unpack="false" version="3.5.0.v20090620043401" download-size="1373" install-size="1373" />
	<plugin fragment="true" id="org.eclipse.emf.compare.match.nl_ru" unpack="false" version="3.5.0.v20090620043401" download-size="1795" install-size="1795" />
	<plugin fragment="true" id="org.eclipse.emf.compare.nl_ru" unpack="false" version="3.5.0.v20090620043401" download-size="1367" install-size="1367" />
	<plugin fragment="true" id="org.eclipse.emf.compare.tests.nl_ru" unpack="false" version="3.5.0.v20090620043401" download-size="1371" install-size="1371" />
	<plugin fragment="true" id="org.eclipse.emf.compare.ui.nl_ru" unpack="false" version="3.5.0.v20090620043401" download-size="3955" install-size="3955" />
	<plugin fragment="true" id="org.eclipse.emf.mwe.activities.nl_ru" unpack="false" version="3.5.0.v20090620043401" download-size="1372" install-size="1372" />
	<plugin fragment="true" id="org.eclipse.emf.mwe.core.nl_ru" unpack="false" version="3.5.0.v20090620043401" download-size="1601" install-size="1601" />
	<plugin fragment="true" id="org.eclipse.emf.mwe.doc.nl_ru" unpack="false" version="3.5.0.v20090620043401" download-size="1631" install-size="1631" />
	<plugin fragment="true" id="org.eclipse.emf.mwe.examples.nl_ru" unpack="false" version="3.5.0.v20090620043401" download-size="1372" install-size="1372" />
	<plugin fragment="true" id="org.eclipse.emf.mwe.tests.nl_ru" unpack="false" version="3.5.0.v20090620043401" download-size="1586" install-size="1586" />
	<plugin fragment="true" id="org.eclipse.emf.mwe.ui.editor.nl_ru" unpack="false" version="3.5.0.v20090620043401" download-size="2605" install-size="2605" />
	<plugin fragment="true" id="org.eclipse.emf.mwe.ui.nl_ru" unpack="false" version="3.5.0.v20090620043401" download-size="2527" install-size="2527" />
	<plugin fragment="true" id="org.eclipse.emf.mwe.ui.simpleEditor.nl_ru" unpack="false" version="3.5.0.v20090620043401" download-size="1375" install-size="1375" />
	<plugin fragment="true" id="org.eclipse.emf.mwe.utils.nl_ru" unpack="false" version="3.5.0.v20090620043401" download-size="1369" install-size="1369" />
</feature>