<?xml version="1.0" encoding="UTF-8" ?>
<feature
	id="org.eclipse.babel.nls_modeling.emf_pl"
	label="Babel Language Pack for modeling.emf in Polish (68.2%)"
	image="eclipse_update_120.jpg"
	provider-name="%providerName"
	version="3.5.0.v20090620043401">
	<copyright>
		%copyright
	</copyright>
	<license url="%licenseURL">
		%license
	</license>
	<description>Babel Language Pack for modeling.emf in Polish</description>
	<plugin fragment="true" id="library.ecore.nl_pl" unpack="false" version="3.5.0.v20090620043401" download-size="1369" install-size="1369" />
	<plugin fragment="true" id="library.java.nl_pl" unpack="false" version="3.5.0.v20090620043401" download-size="1369" install-size="1369" />
	<plugin fragment="true" id="library.rose.nl_pl" unpack="false" version="3.5.0.v20090620043401" download-size="1368" install-size="1368" />
	<plugin fragment="true" id="library.xsd.nl_pl" unpack="false" version="3.5.0.v20090620043401" download-size="1368" install-size="1368" />
	<plugin fragment="true" id="library.xsds.nl_pl" unpack="false" version="3.5.0.v20090620043401" download-size="1369" install-size="1369" />
	<plugin fragment="true" id="org.eclipse.emf.activities.nl_pl" unpack="false" version="3.5.0.v20090620043401" download-size="1397" install-size="1397" />
	<plugin fragment="true" id="org.eclipse.emf.ant.nl_pl" unpack="false" version="3.5.0.v20090620043401" download-size="1395" install-size="1395" />
	<plugin fragment="true" id="org.eclipse.emf.cdo.common.nl_pl" unpack="false" version="3.5.0.v20090620043401" download-size="1369" install-size="1369" />
	<plugin fragment="true" id="org.eclipse.emf.cdo.defs.nl_pl" unpack="false" version="3.5.0.v20090620043401" download-size="1368" install-size="1368" />
	<plugin fragment="true" id="org.eclipse.emf.cdo.doc.nl_pl" unpack="false" version="3.5.0.v20090620043401" download-size="1367" install-size="1367" />
	<plugin fragment="true" id="org.eclipse.emf.cdo.edit.nl_pl" unpack="false" version="3.5.0.v20090620043401" download-size="3591" install-size="3591" />
	<plugin fragment="true" id="org.eclipse.emf.cdo.examples.nl_pl" unpack="false" version="3.5.0.v20090620043401" download-size="1371" install-size="1371" />
	<plugin fragment="true" id="org.eclipse.emf.cdo.examples.spring.nl_pl" unpack="false" version="3.5.0.v20090620043401" download-size="1375" install-size="1375" />
	<plugin fragment="true" id="org.eclipse.emf.cdo.migrator.nl_pl" unpack="false" version="3.5.0.v20090620043401" download-size="2658" install-size="2658" />
	<plugin fragment="true" id="org.eclipse.emf.cdo.nl_pl" unpack="false" version="3.5.0.v20090620043401" download-size="2909" install-size="2909" />
	<plugin fragment="true" id="org.eclipse.emf.cdo.server.db.nl_pl" unpack="false" version="3.5.0.v20090620043401" download-size="1371" install-size="1371" />
	<plugin fragment="true" id="org.eclipse.emf.cdo.server.hibernate.id.nl_pl" unpack="false" version="3.5.0.v20090620043401" download-size="1378" install-size="1378" />
	<plugin fragment="true" id="org.eclipse.emf.cdo.server.hibernate.nl_pl" unpack="false" version="3.5.0.v20090620043401" download-size="1697" install-size="1697" />
	<plugin fragment="true" id="org.eclipse.emf.cdo.server.hibernate.teneo.nl_pl" unpack="false" version="3.5.0.v20090620043401" download-size="1378" install-size="1378" />
	<plugin fragment="true" id="org.eclipse.emf.cdo.server.nl_pl" unpack="false" version="3.5.0.v20090620043401" download-size="1369" install-size="1369" />
	<plugin fragment="true" id="org.eclipse.emf.cdo.tests.db.nl_pl" unpack="false" version="3.5.0.v20090620043401" download-size="1371" install-size="1371" />
	<plugin fragment="true" id="org.eclipse.emf.cdo.tests.hibernate.client.nl_pl" unpack="false" version="3.5.0.v20090620043401" download-size="1378" install-size="1378" />
	<plugin fragment="true" id="org.eclipse.emf.cdo.tests.hibernate.nl_pl" unpack="false" version="3.5.0.v20090620043401" download-size="1937" install-size="1937" />
	<plugin fragment="true" id="org.eclipse.emf.cdo.tests.mango.edit.nl_pl" unpack="false" version="3.5.0.v20090620043401" download-size="1663" install-size="1663" />
	<plugin fragment="true" id="org.eclipse.emf.cdo.tests.mango.nl_pl" unpack="false" version="3.5.0.v20090620043401" download-size="1372" install-size="1372" />
	<plugin fragment="true" id="org.eclipse.emf.cdo.tests.model1.edit.nl_pl" unpack="false" version="3.5.0.v20090620043401" download-size="1749" install-size="1749" />
	<plugin fragment="true" id="org.eclipse.emf.cdo.tests.model1.nl_pl" unpack="false" version="3.5.0.v20090620043401" download-size="1373" install-size="1373" />
	<plugin fragment="true" id="org.eclipse.emf.cdo.tests.model2.edit.nl_pl" unpack="false" version="3.5.0.v20090620043401" download-size="1661" install-size="1661" />
	<plugin fragment="true" id="org.eclipse.emf.cdo.tests.model2.nl_pl" unpack="false" version="3.5.0.v20090620043401" download-size="1373" install-size="1373" />
	<plugin fragment="true" id="org.eclipse.emf.cdo.tests.model3.edit.nl_pl" unpack="false" version="3.5.0.v20090620043401" download-size="1612" install-size="1612" />
	<plugin fragment="true" id="org.eclipse.emf.cdo.tests.model3.nl_pl" unpack="false" version="3.5.0.v20090620043401" download-size="1373" install-size="1373" />
	<plugin fragment="true" id="org.eclipse.emf.cdo.tests.model4.nl_pl" unpack="false" version="3.5.0.v20090620043401" download-size="1373" install-size="1373" />
	<plugin fragment="true" id="org.eclipse.emf.cdo.tests.model4interfaces.nl_pl" unpack="false" version="3.5.0.v20090620043401" download-size="1379" install-size="1379" />
	<plugin fragment="true" id="org.eclipse.emf.cdo.tests.model5.nl_pl" unpack="false" version="3.5.0.v20090620043401" download-size="1373" install-size="1373" />
	<plugin fragment="true" id="org.eclipse.emf.cdo.tests.nl_pl" unpack="false" version="3.5.0.v20090620043401" download-size="1368" install-size="1368" />
	<plugin fragment="true" id="org.eclipse.emf.cdo.ui.capabilities.nl_pl" unpack="false" version="3.5.0.v20090620043401" download-size="1374" install-size="1374" />
	<plugin fragment="true" id="org.eclipse.emf.cdo.ui.defs.nl_pl" unpack="false" version="3.5.0.v20090620043401" download-size="1369" install-size="1369" />
	<plugin fragment="true" id="org.eclipse.emf.cdo.ui.nl_pl" unpack="false" version="3.5.0.v20090620043401" download-size="4393" install-size="4393" />
	<plugin fragment="true" id="org.eclipse.emf.cheatsheets.nl_pl" unpack="false" version="3.5.0.v20090620043401" download-size="1370" install-size="1370" />
	<plugin fragment="true" id="org.eclipse.emf.codegen.ecore.nl_pl" unpack="false" version="3.5.0.v20090620043401" download-size="3110" install-size="3110" />
	<plugin fragment="true" id="org.eclipse.emf.codegen.ecore.ui.nl_pl" unpack="false" version="3.5.0.v20090620043401" download-size="7035" install-size="7035" />
	<plugin fragment="true" id="org.eclipse.emf.codegen.nl_pl" unpack="false" version="3.5.0.v20090620043401" download-size="2532" install-size="2532" />
	<plugin fragment="true" id="org.eclipse.emf.codegen.ui.nl_pl" unpack="false" version="3.5.0.v20090620043401" download-size="2101" install-size="2101" />
	<plugin fragment="true" id="org.eclipse.emf.common.nl_pl" unpack="false" version="3.5.0.v20090620043401" download-size="2014" install-size="2014" />
	<plugin fragment="true" id="org.eclipse.emf.common.ui.nl_pl" unpack="false" version="3.5.0.v20090620043401" download-size="2522" install-size="2522" />
	<plugin fragment="true" id="org.eclipse.emf.converter.nl_pl" unpack="false" version="3.5.0.v20090620043401" download-size="2371" install-size="2371" />
	<plugin fragment="true" id="org.eclipse.emf.databinding.edit.nl_pl" unpack="false" version="3.5.0.v20090620043401" download-size="1373" install-size="1373" />
	<plugin fragment="true" id="org.eclipse.emf.databinding.nl_pl" unpack="false" version="3.5.0.v20090620043401" download-size="1368" install-size="1368" />
	<plugin fragment="true" id="org.eclipse.emf.doc.nl_pl" unpack="false" version="3.5.0.v20090620043401" download-size="1644" install-size="1644" />
	<plugin fragment="true" id="org.eclipse.emf.ecore.change.edit.nl_pl" unpack="false" version="3.5.0.v20090620043401" download-size="1907" install-size="1907" />
	<plugin fragment="true" id="org.eclipse.emf.ecore.change.nl_pl" unpack="false" version="3.5.0.v20090620043401" download-size="1392" install-size="1392" />
	<plugin fragment="true" id="org.eclipse.emf.ecore.edit.nl_pl" unpack="false" version="3.5.0.v20090620043401" download-size="2876" install-size="2876" />
	<plugin fragment="true" id="org.eclipse.emf.ecore.editor.nl_pl" unpack="false" version="3.5.0.v20090620043401" download-size="2597" install-size="2597" />
	<plugin fragment="true" id="org.eclipse.emf.ecore.nl_pl" unpack="false" version="3.5.0.v20090620043401" download-size="3098" install-size="3098" />
	<plugin fragment="true" id="org.eclipse.emf.ecore.xmi.nl_pl" unpack="false" version="3.5.0.v20090620043401" download-size="1386" install-size="1386" />
	<plugin fragment="true" id="org.eclipse.emf.edit.nl_pl" unpack="false" version="3.5.0.v20090620043401" download-size="2477" install-size="2477" />
	<plugin fragment="true" id="org.eclipse.emf.edit.ui.nl_pl" unpack="false" version="3.5.0.v20090620043401" download-size="2596" install-size="2596" />
	<plugin fragment="true" id="org.eclipse.emf.example.installer.nl_pl" unpack="false" version="3.5.0.v20090620043401" download-size="1411" install-size="1411" />
	<plugin fragment="true" id="org.eclipse.emf.examples.databinding.project.core.model.nl_pl" unpack="false" version="3.5.0.v20090620043401" download-size="1395" install-size="1395" />
	<plugin fragment="true" id="org.eclipse.emf.examples.generator.validator.nl_pl" unpack="false" version="3.5.0.v20090620043401" download-size="1380" install-size="1380" />
	<plugin fragment="true" id="org.eclipse.emf.examples.jet.article2.nl_pl" unpack="false" version="3.5.0.v20090620043401" download-size="1567" install-size="1567" />
	<plugin fragment="true" id="org.eclipse.emf.examples.nl_pl" unpack="false" version="3.5.0.v20090620043401" download-size="1368" install-size="1368" />
	<plugin fragment="true" id="org.eclipse.emf.exporter.html.nl_pl" unpack="false" version="3.5.0.v20090620043401" download-size="1427" install-size="1427" />
	<plugin fragment="true" id="org.eclipse.emf.exporter.nl_pl" unpack="false" version="3.5.0.v20090620043401" download-size="1396" install-size="1396" />
	<plugin fragment="true" id="org.eclipse.emf.importer.ecore.nl_pl" unpack="false" version="3.5.0.v20090620043401" download-size="1720" install-size="1720" />
	<plugin fragment="true" id="org.eclipse.emf.importer.java.nl_pl" unpack="false" version="3.5.0.v20090620043401" download-size="1902" install-size="1902" />
	<plugin fragment="true" id="org.eclipse.emf.importer.nl_pl" unpack="false" version="3.5.0.v20090620043401" download-size="2348" install-size="2348" />
	<plugin fragment="true" id="org.eclipse.emf.importer.rose.nl_pl" unpack="false" version="3.5.0.v20090620043401" download-size="3296" install-size="3296" />
	<plugin fragment="true" id="org.eclipse.emf.java.edit.nl_pl" unpack="false" version="3.5.0.v20090620043401" download-size="2007" install-size="2007" />
	<plugin fragment="true" id="org.eclipse.emf.java.editor.nl_pl" unpack="false" version="3.5.0.v20090620043401" download-size="2002" install-size="2002" />
	<plugin fragment="true" id="org.eclipse.emf.java.nl_pl" unpack="false" version="3.5.0.v20090620043401" download-size="1366" install-size="1366" />
	<plugin fragment="true" id="org.eclipse.emf.mapping.ecore.editor.nl_pl" unpack="false" version="3.5.0.v20090620043401" download-size="1374" install-size="1374" />
	<plugin fragment="true" id="org.eclipse.emf.mapping.ecore.nl_pl" unpack="false" version="3.5.0.v20090620043401" download-size="1368" install-size="1368" />
	<plugin fragment="true" id="org.eclipse.emf.mapping.ecore2ecore.editor.nl_pl" unpack="false" version="3.5.0.v20090620043401" download-size="2485" install-size="2485" />
	<plugin fragment="true" id="org.eclipse.emf.mapping.ecore2ecore.nl_pl" unpack="false" version="3.5.0.v20090620043401" download-size="1524" install-size="1524" />
	<plugin fragment="true" id="org.eclipse.emf.mapping.ecore2xml.nl_pl" unpack="false" version="3.5.0.v20090620043401" download-size="1401" install-size="1401" />
	<plugin fragment="true" id="org.eclipse.emf.mapping.ecore2xml.ui.nl_pl" unpack="false" version="3.5.0.v20090620043401" download-size="2552" install-size="2552" />
	<plugin fragment="true" id="org.eclipse.emf.mapping.nl_pl" unpack="false" version="3.5.0.v20090620043401" download-size="2565" install-size="2565" />
	<plugin fragment="true" id="org.eclipse.emf.mapping.ui.nl_pl" unpack="false" version="3.5.0.v20090620043401" download-size="2399" install-size="2399" />
	<plugin fragment="true" id="org.eclipse.emf.mapping.xsd2ecore.editor.nl_pl" unpack="false" version="3.5.0.v20090620043401" download-size="2071" install-size="2071" />
	<plugin fragment="true" id="org.eclipse.emf.mapping.xsd2ecore.nl_pl" unpack="false" version="3.5.0.v20090620043401" download-size="1529" install-size="1529" />
	<plugin fragment="true" id="org.eclipse.emf.nl_pl" unpack="false" version="3.5.0.v20090620043401" download-size="1361" install-size="1361" />
	<plugin fragment="true" id="org.eclipse.emf.query.doc.nl_pl" unpack="false" version="3.5.0.v20090620043401" download-size="1370" install-size="1370" />
	<plugin fragment="true" id="org.eclipse.emf.query.examples.nl_pl" unpack="false" version="3.5.0.v20090620043401" download-size="1377" install-size="1377" />
	<plugin fragment="true" id="org.eclipse.emf.query.examples.ocl.nl_pl" unpack="false" version="3.5.0.v20090620043401" download-size="1380" install-size="1380" />
	<plugin fragment="true" id="org.eclipse.emf.query.examples.statements.nl_pl" unpack="false" version="3.5.0.v20090620043401" download-size="1383" install-size="1383" />
	<plugin fragment="true" id="org.eclipse.emf.query.nl_pl" unpack="false" version="3.5.0.v20090620043401" download-size="1372" install-size="1372" />
	<plugin fragment="true" id="org.eclipse.emf.query.ocl.nl_pl" unpack="false" version="3.5.0.v20090620043401" download-size="1374" install-size="1374" />
	<plugin fragment="true" id="org.eclipse.emf.query.ocl.tests.nl_pl" unpack="false" version="3.5.0.v20090620043401" download-size="1378" install-size="1378" />
	<plugin fragment="true" id="org.eclipse.emf.query.tests.nl_pl" unpack="false" version="3.5.0.v20090620043401" download-size="1376" install-size="1376" />
	<plugin fragment="true" id="org.eclipse.emf.test.build.nl_pl" unpack="false" version="3.5.0.v20090620043401" download-size="1368" install-size="1368" />
	<plugin fragment="true" id="org.eclipse.emf.test.common.nl_pl" unpack="false" version="3.5.0.v20090620043401" download-size="1772" install-size="1772" />
	<plugin fragment="true" id="org.eclipse.emf.test.core.nl_pl" unpack="false" version="3.5.0.v20090620043401" download-size="1368" install-size="1368" />
	<plugin fragment="true" id="org.eclipse.emf.test.edit.nl_pl" unpack="false" version="3.5.0.v20090620043401" download-size="2305" install-size="2305" />
	<plugin fragment="true" id="org.eclipse.emf.test.examples.nl_pl" unpack="false" version="3.5.0.v20090620043401" download-size="1370" install-size="1370" />
	<plugin fragment="true" id="org.eclipse.emf.test.tools.nl_pl" unpack="false" version="3.5.0.v20090620043401" download-size="1368" install-size="1368" />
	<plugin fragment="true" id="org.eclipse.emf.test.xml.nl_pl" unpack="false" version="3.5.0.v20090620043401" download-size="1368" install-size="1368" />
	<plugin fragment="true" id="org.eclipse.emf.tests.nl_pl" unpack="false" version="3.5.0.v20090620043401" download-size="1366" install-size="1366" />
	<plugin fragment="true" id="org.eclipse.emf.transaction.doc.nl_pl" unpack="false" version="3.5.0.v20090620043401" download-size="1372" install-size="1372" />
	<plugin fragment="true" id="org.eclipse.emf.transaction.examples.nl_pl" unpack="false" version="3.5.0.v20090620043401" download-size="1380" install-size="1380" />
	<plugin fragment="true" id="org.eclipse.emf.transaction.nl_pl" unpack="false" version="3.5.0.v20090620043401" download-size="1374" install-size="1374" />
	<plugin fragment="true" id="org.eclipse.emf.transaction.tests.nl_pl" unpack="false" version="3.5.0.v20090620043401" download-size="1378" install-size="1378" />
	<plugin fragment="true" id="org.eclipse.emf.transaction.ui.nl_pl" unpack="false" version="3.5.0.v20090620043401" download-size="1376" install-size="1376" />
	<plugin fragment="true" id="org.eclipse.emf.validation.doc.nl_pl" unpack="false" version="3.5.0.v20090620043401" download-size="1696" install-size="1696" />
	<plugin fragment="true" id="org.eclipse.emf.validation.examples.adapter.nl_pl" unpack="false" version="3.5.0.v20090620043401" download-size="1384" install-size="1384" />
	<plugin fragment="true" id="org.eclipse.emf.validation.examples.general.nl_pl" unpack="false" version="3.5.0.v20090620043401" download-size="3048" install-size="3048" />
	<plugin fragment="true" id="org.eclipse.emf.validation.examples.nl_pl" unpack="false" version="3.5.0.v20090620043401" download-size="1443" install-size="1443" />
	<plugin fragment="true" id="org.eclipse.emf.validation.examples.ocl.nl_pl" unpack="false" version="3.5.0.v20090620043401" download-size="1383" install-size="1383" />
	<plugin fragment="true" id="org.eclipse.emf.validation.nl_pl" unpack="false" version="3.5.0.v20090620043401" download-size="5042" install-size="5042" />
	<plugin fragment="true" id="org.eclipse.emf.validation.ocl.nl_pl" unpack="false" version="3.5.0.v20090620043401" download-size="1730" install-size="1730" />
	<plugin fragment="true" id="org.eclipse.emf.validation.tests.nl_pl" unpack="false" version="3.5.0.v20090620043401" download-size="1378" install-size="1378" />
	<plugin fragment="true" id="org.eclipse.emf.validation.ui.ide.nl_pl" unpack="false" version="3.5.0.v20090620043401" download-size="2906" install-size="2906" />
	<plugin fragment="true" id="org.eclipse.emf.validation.ui.nl_pl" unpack="false" version="3.5.0.v20090620043401" download-size="3535" install-size="3535" />
	<plugin fragment="true" id="org.eclipse.emf.workspace.doc.nl_pl" unpack="false" version="3.5.0.v20090620043401" download-size="1373" install-size="1373" />
	<plugin fragment="true" id="org.eclipse.emf.workspace.examples.library.editor.nl_pl" unpack="false" version="3.5.0.v20090620043401" download-size="2073" install-size="2073" />
	<plugin fragment="true" id="org.eclipse.emf.workspace.examples.nl_pl" unpack="false" version="3.5.0.v20090620043401" download-size="1381" install-size="1381" />
	<plugin fragment="true" id="org.eclipse.emf.workspace.nl_pl" unpack="false" version="3.5.0.v20090620043401" download-size="1374" install-size="1374" />
	<plugin fragment="true" id="org.eclipse.emf.workspace.tests.nl_pl" unpack="false" version="3.5.0.v20090620043401" download-size="1378" install-size="1378" />
	<plugin fragment="true" id="org.eclipse.emf.workspace.ui.nl_pl" unpack="false" version="3.5.0.v20090620043401" download-size="1376" install-size="1376" />
	<plugin fragment="true" id="org.eclipse.net4j.buddies.chat.nl_pl" unpack="false" version="3.5.0.v20090620043401" download-size="1372" install-size="1372" />
	<plugin fragment="true" id="org.eclipse.net4j.buddies.chat.ui.nl_pl" unpack="false" version="3.5.0.v20090620043401" download-size="1374" install-size="1374" />
	<plugin fragment="true" id="org.eclipse.net4j.buddies.common.nl_pl" unpack="false" version="3.5.0.v20090620043401" download-size="1373" install-size="1373" />
	<plugin fragment="true" id="org.eclipse.net4j.buddies.nl_pl" unpack="false" version="3.5.0.v20090620043401" download-size="1369" install-size="1369" />
	<plugin fragment="true" id="org.eclipse.net4j.buddies.server.nl_pl" unpack="false" version="3.5.0.v20090620043401" download-size="1373" install-size="1373" />
	<plugin fragment="true" id="org.eclipse.net4j.buddies.ui.nl_pl" unpack="false" version="3.5.0.v20090620043401" download-size="2682" install-size="2682" />
	<plugin fragment="true" id="org.eclipse.net4j.db.derby.nl_pl" unpack="false" version="3.5.0.v20090620043401" download-size="1370" install-size="1370" />
	<plugin fragment="true" id="org.eclipse.net4j.db.hsqldb.nl_pl" unpack="false" version="3.5.0.v20090620043401" download-size="1371" install-size="1371" />
	<plugin fragment="true" id="org.eclipse.net4j.db.mysql.nl_pl" unpack="false" version="3.5.0.v20090620043401" download-size="1370" install-size="1370" />
	<plugin fragment="true" id="org.eclipse.net4j.db.nl_pl" unpack="false" version="3.5.0.v20090620043401" download-size="1366" install-size="1366" />
	<plugin fragment="true" id="org.eclipse.net4j.db.postgresql.nl_pl" unpack="false" version="3.5.0.v20090620043401" download-size="1373" install-size="1373" />
	<plugin fragment="true" id="org.eclipse.net4j.debug.nl_pl" unpack="false" version="3.5.0.v20090620043401" download-size="2472" install-size="2472" />
	<plugin fragment="true" id="org.eclipse.net4j.defs.nl_pl" unpack="false" version="3.5.0.v20090620043401" download-size="1367" install-size="1367" />
	<plugin fragment="true" id="org.eclipse.net4j.doc.nl_pl" unpack="false" version="3.5.0.v20090620043401" download-size="1367" install-size="1367" />
	<plugin fragment="true" id="org.eclipse.net4j.examples.nl_pl" unpack="false" version="3.5.0.v20090620043401" download-size="1369" install-size="1369" />
	<plugin fragment="true" id="org.eclipse.net4j.http.common.nl_pl" unpack="false" version="3.5.0.v20090620043401" download-size="1371" install-size="1371" />
	<plugin fragment="true" id="org.eclipse.net4j.http.nl_pl" unpack="false" version="3.5.0.v20090620043401" download-size="1367" install-size="1367" />
	<plugin fragment="true" id="org.eclipse.net4j.http.server.nl_pl" unpack="false" version="3.5.0.v20090620043401" download-size="1371" install-size="1371" />
	<plugin fragment="true" id="org.eclipse.net4j.http.tests.nl_pl" unpack="false" version="3.5.0.v20090620043401" download-size="1370" install-size="1370" />
	<plugin fragment="true" id="org.eclipse.net4j.jms.admin.nl_pl" unpack="false" version="3.5.0.v20090620043401" download-size="1370" install-size="1370" />
	<plugin fragment="true" id="org.eclipse.net4j.jms.api.nl_pl" unpack="false" version="3.5.0.v20090620043401" download-size="1369" install-size="1369" />
	<plugin fragment="true" id="org.eclipse.net4j.jms.nl_pl" unpack="false" version="3.5.0.v20090620043401" download-size="1367" install-size="1367" />
	<plugin fragment="true" id="org.eclipse.net4j.jms.server.jdbc.nl_pl" unpack="false" version="3.5.0.v20090620043401" download-size="1374" install-size="1374" />
	<plugin fragment="true" id="org.eclipse.net4j.jms.server.nl_pl" unpack="false" version="3.5.0.v20090620043401" download-size="1370" install-size="1370" />
	<plugin fragment="true" id="org.eclipse.net4j.jms.tests.nl_pl" unpack="false" version="3.5.0.v20090620043401" download-size="1370" install-size="1370" />
	<plugin fragment="true" id="org.eclipse.net4j.jvm.nl_pl" unpack="false" version="3.5.0.v20090620043401" download-size="1367" install-size="1367" />
	<plugin fragment="true" id="org.eclipse.net4j.nl_pl" unpack="false" version="3.5.0.v20090620043401" download-size="1364" install-size="1364" />
	<plugin fragment="true" id="org.eclipse.net4j.tcp.nl_pl" unpack="false" version="3.5.0.v20090620043401" download-size="1366" install-size="1366" />
	<plugin fragment="true" id="org.eclipse.net4j.tests.nl_pl" unpack="false" version="3.5.0.v20090620043401" download-size="1367" install-size="1367" />
	<plugin fragment="true" id="org.eclipse.net4j.ui.capabilities.nl_pl" unpack="false" version="3.5.0.v20090620043401" download-size="1374" install-size="1374" />
	<plugin fragment="true" id="org.eclipse.net4j.ui.defs.nl_pl" unpack="false" version="3.5.0.v20090620043401" download-size="1369" install-size="1369" />
	<plugin fragment="true" id="org.eclipse.net4j.ui.nl_pl" unpack="false" version="3.5.0.v20090620043401" download-size="2393" install-size="2393" />
	<plugin fragment="true" id="org.eclipse.net4j.util.defs.nl_pl" unpack="false" version="3.5.0.v20090620043401" download-size="1370" install-size="1370" />
	<plugin fragment="true" id="org.eclipse.net4j.util.nl_pl" unpack="false" version="3.5.0.v20090620043401" download-size="1367" install-size="1367" />
	<plugin fragment="true" id="org.eclipse.net4j.util.ui.nl_pl" unpack="false" version="3.5.0.v20090620043401" download-size="8112" install-size="8112" />
	<plugin fragment="true" id="org.eclipse.xsd.cheatsheets.nl_pl" unpack="false" version="3.5.0.v20090620043401" download-size="1370" install-size="1370" />
	<plugin fragment="true" id="org.eclipse.xsd.doc.nl_pl" unpack="false" version="3.5.0.v20090620043401" download-size="1649" install-size="1649" />
	<plugin fragment="true" id="org.eclipse.xsd.ecore.converter.nl_pl" unpack="false" version="3.5.0.v20090620043401" download-size="1370" install-size="1370" />
	<plugin fragment="true" id="org.eclipse.xsd.ecore.exporter.nl_pl" unpack="false" version="3.5.0.v20090620043401" download-size="1566" install-size="1566" />
	<plugin fragment="true" id="org.eclipse.xsd.ecore.importer.nl_pl" unpack="false" version="3.5.0.v20090620043401" download-size="1765" install-size="1765" />
	<plugin fragment="true" id="org.eclipse.xsd.edit.nl_pl" unpack="false" version="3.5.0.v20090620043401" download-size="5040" install-size="5040" />
	<plugin fragment="true" id="org.eclipse.xsd.editor.nl_pl" unpack="false" version="3.5.0.v20090620043401" download-size="2311" install-size="2311" />
	<plugin fragment="true" id="org.eclipse.xsd.example.installer.nl_pl" unpack="false" version="3.5.0.v20090620043401" download-size="1373" install-size="1373" />
	<plugin fragment="true" id="org.eclipse.xsd.example.nl_pl" unpack="false" version="3.5.0.v20090620043401" download-size="1368" install-size="1368" />
	<plugin fragment="true" id="org.eclipse.xsd.mapping.editor.nl_pl" unpack="false" version="3.5.0.v20090620043401" download-size="1369" install-size="1369" />
	<plugin fragment="true" id="org.eclipse.xsd.mapping.nl_pl" unpack="false" version="3.5.0.v20090620043401" download-size="1365" install-size="1365" />
	<plugin fragment="true" id="org.eclipse.xsd.nl_pl" unpack="false" version="3.5.0.v20090620043401" download-size="1511" install-size="1511" />
</feature>