<?xml version="1.0" encoding="UTF-8" ?>
<feature
	id="org.eclipse.babel.nls_rt.rap_nl"
	label="Babel Language Pack for rt.rap in Dutch (84.6%)"
	image="eclipse_update_120.jpg"
	provider-name="%providerName"
	version="3.5.0.v20090620043401">
	<copyright>
		%copyright
	</copyright>
	<license url="%licenseURL">
		%license
	</license>
	<description>Babel Language Pack for rt.rap in Dutch</description>
	<plugin fragment="true" id="org.eclipse.rap.design.example.nl_nl" unpack="false" version="3.5.0.v20090620043401" download-size="1372" install-size="1372" />
	<plugin fragment="true" id="org.eclipse.rap.jface.databinding.nl_nl" unpack="false" version="3.5.0.v20090620043401" download-size="1395" install-size="1395" />
	<plugin fragment="true" id="org.eclipse.rap.jface.nl_nl" unpack="false" version="3.5.0.v20090620043401" download-size="10111" install-size="10111" />
	<plugin fragment="true" id="org.eclipse.rap.rwt.nl_nl" unpack="false" version="3.5.0.v20090620043401" download-size="2799" install-size="2799" />
	<plugin fragment="true" id="org.eclipse.rap.rwt.test.nl_nl" unpack="false" version="3.5.0.v20090620043401" download-size="1371" install-size="1371" />
	<plugin fragment="true" id="org.eclipse.rap.ui.forms.nl_nl" unpack="false" version="3.5.0.v20090620043401" download-size="2422" install-size="2422" />
	<plugin fragment="true" id="org.eclipse.rap.ui.help.nl_nl" unpack="false" version="3.5.0.v20090620043401" download-size="1366" install-size="1366" />
	<plugin fragment="true" id="org.eclipse.rap.ui.intro.nl_nl" unpack="false" version="3.5.0.v20090620043401" download-size="2533" install-size="2533" />
	<plugin fragment="true" id="org.eclipse.rap.ui.launch.nl_nl" unpack="false" version="3.5.0.v20090620043401" download-size="2493" install-size="2493" />
	<plugin fragment="true" id="org.eclipse.rap.ui.nl_nl" unpack="false" version="3.5.0.v20090620043401" download-size="4808" install-size="4808" />
	<plugin fragment="true" id="org.eclipse.rap.ui.templates.nl_nl" unpack="false" version="3.5.0.v20090620043401" download-size="2583" install-size="2583" />
	<plugin fragment="true" id="org.eclipse.rap.ui.views.nl_nl" unpack="false" version="3.5.0.v20090620043401" download-size="3163" install-size="3163" />
	<plugin fragment="true" id="org.eclipse.rap.ui.workbench.nl_nl" unpack="false" version="3.5.0.v20090620043401" download-size="26206" install-size="26206" />
</feature>