<?xml version="1.0" encoding="UTF-8" ?>
<feature
	id="org.eclipse.babel.nls_webtools.common_cs"
	label="Babel Language Pack for webtools.common in Czech (47.14%)"
	image="eclipse_update_120.jpg"
	provider-name="%providerName"
	version="3.5.0.v20090620043401">
	<copyright>
		%copyright
	</copyright>
	<license url="%licenseURL">
		%license
	</license>
	<description>Babel Language Pack for webtools.common in Czech</description>
	<plugin fragment="true" id="org.eclipse.jem.util.nl_cs" unpack="false" version="3.5.0.v20090620043401" download-size="1871" install-size="1871" />
	<plugin fragment="true" id="org.eclipse.jst.common.annotations.controller.nl_cs" unpack="false" version="3.5.0.v20090620043401" download-size="2076" install-size="2076" />
	<plugin fragment="true" id="org.eclipse.jst.common.annotations.core.nl_cs" unpack="false" version="3.5.0.v20090620043401" download-size="1822" install-size="1822" />
	<plugin fragment="true" id="org.eclipse.jst.common.annotations.ui.nl_cs" unpack="false" version="3.5.0.v20090620043401" download-size="1775" install-size="1775" />
	<plugin fragment="true" id="org.eclipse.jst.common.fproj.enablement.jdt.sdk.nl_cs" unpack="false" version="3.5.0.v20090620043401" download-size="1382" install-size="1382" />
	<plugin fragment="true" id="org.eclipse.jst.common.frameworks.nl_cs" unpack="false" version="3.5.0.v20090620043401" download-size="1396" install-size="1396" />
	<plugin fragment="true" id="org.eclipse.jst.common.project.facet.core.nl_cs" unpack="false" version="3.5.0.v20090620043401" download-size="3250" install-size="3250" />
	<plugin fragment="true" id="org.eclipse.jst.common.project.facet.ui.nl_cs" unpack="false" version="3.5.0.v20090620043401" download-size="5140" install-size="5140" />
	<plugin fragment="true" id="org.eclipse.wst.common.api.doc.nl_cs" unpack="false" version="3.5.0.v20090620043401" download-size="1371" install-size="1371" />
	<plugin fragment="true" id="org.eclipse.wst.common.core.nl_cs" unpack="false" version="3.5.0.v20090620043401" download-size="2626" install-size="2626" />
	<plugin fragment="true" id="org.eclipse.wst.common.emf.nl_cs" unpack="false" version="3.5.0.v20090620043401" download-size="2091" install-size="2091" />
	<plugin fragment="true" id="org.eclipse.wst.common.emfworkbench.integration.nl_cs" unpack="false" version="3.5.0.v20090620043401" download-size="2895" install-size="2895" />
	<plugin fragment="true" id="org.eclipse.wst.common.environment.nl_cs" unpack="false" version="3.5.0.v20090620043401" download-size="3151" install-size="3151" />
	<plugin fragment="true" id="org.eclipse.wst.common.fproj.sdk.nl_cs" unpack="false" version="3.5.0.v20090620043401" download-size="1374" install-size="1374" />
	<plugin fragment="true" id="org.eclipse.wst.common.frameworks.nl_cs" unpack="false" version="3.5.0.v20090620043401" download-size="2914" install-size="2914" />
	<plugin fragment="true" id="org.eclipse.wst.common.frameworks.ui.nl_cs" unpack="false" version="3.5.0.v20090620043401" download-size="4351" install-size="4351" />
	<plugin fragment="true" id="org.eclipse.wst.common.infopop.nl_cs" unpack="false" version="3.5.0.v20090620043401" download-size="1426" install-size="1426" />
	<plugin fragment="true" id="org.eclipse.wst.common.modulecore.nl_cs" unpack="false" version="3.5.0.v20090620043401" download-size="2231" install-size="2231" />
	<plugin fragment="true" id="org.eclipse.wst.common.project.facet.core.nl_cs" unpack="false" version="3.5.0.v20090620043401" download-size="8920" install-size="8920" />
	<plugin fragment="true" id="org.eclipse.wst.common.project.facet.doc.api.nl_cs" unpack="false" version="3.5.0.v20090620043401" download-size="1379" install-size="1379" />
	<plugin fragment="true" id="org.eclipse.wst.common.project.facet.ui.nl_cs" unpack="false" version="3.5.0.v20090620043401" download-size="7800" install-size="7800" />
	<plugin fragment="true" id="org.eclipse.wst.common.snippets.nl_cs" unpack="false" version="3.5.0.v20090620043401" download-size="3452" install-size="3452" />
	<plugin fragment="true" id="org.eclipse.wst.common.ui.nl_cs" unpack="false" version="3.5.0.v20090620043401" download-size="5143" install-size="5143" />
	<plugin fragment="true" id="org.eclipse.wst.common.ui.properties.nl_cs" unpack="false" version="3.5.0.v20090620043401" download-size="3351" install-size="3351" />
	<plugin fragment="true" id="org.eclipse.wst.common.uriresolver.nl_cs" unpack="false" version="3.5.0.v20090620043401" download-size="1446" install-size="1446" />
	<plugin fragment="true" id="org.eclipse.wst.internet.cache.nl_cs" unpack="false" version="3.5.0.v20090620043401" download-size="3197" install-size="3197" />
	<plugin fragment="true" id="org.eclipse.wst.validation.doc.isv.nl_cs" unpack="false" version="3.5.0.v20090620043401" download-size="1377" install-size="1377" />
	<plugin fragment="true" id="org.eclipse.wst.validation.infopop.nl_cs" unpack="false" version="3.5.0.v20090620043401" download-size="1407" install-size="1407" />
	<plugin fragment="true" id="org.eclipse.wst.validation.nl_cs" unpack="false" version="3.5.0.v20090620043401" download-size="4909" install-size="4909" />
	<plugin fragment="true" id="org.eclipse.wst.validation.ui.nl_cs" unpack="false" version="3.5.0.v20090620043401" download-size="3836" install-size="3836" />
</feature>