<?xml version="1.0" encoding="UTF-8" ?>
<feature
	id="org.eclipse.babel.nls_technology.mat_fi"
	label="Babel Language Pack for technology.mat in Finnish (2.91%)"
	image="eclipse_update_120.jpg"
	provider-name="%providerName"
	version="3.5.0.v20090620043401">
	<copyright>
		%copyright
	</copyright>
	<license url="%licenseURL">
		%license
	</license>
	<description>Babel Language Pack for technology.mat in Finnish</description>
	<plugin fragment="true" id="org.eclipse.mat.api.nl_fi" unpack="false" version="3.5.0.v20090620043401" download-size="2223" install-size="2223" />
	<plugin fragment="true" id="org.eclipse.mat.chart.nl_fi" unpack="false" version="3.5.0.v20090620043401" download-size="1367" install-size="1367" />
	<plugin fragment="true" id="org.eclipse.mat.chart.ui.nl_fi" unpack="false" version="3.5.0.v20090620043401" download-size="1369" install-size="1369" />
	<plugin fragment="true" id="org.eclipse.mat.hprof.nl_fi" unpack="false" version="3.5.0.v20090620043401" download-size="1367" install-size="1367" />
	<plugin fragment="true" id="org.eclipse.mat.jdt.nl_fi" unpack="false" version="3.5.0.v20090620043401" download-size="1365" install-size="1365" />
	<plugin fragment="true" id="org.eclipse.mat.parser.nl_fi" unpack="false" version="3.5.0.v20090620043401" download-size="1367" install-size="1367" />
	<plugin fragment="true" id="org.eclipse.mat.report.nl_fi" unpack="false" version="3.5.0.v20090620043401" download-size="2250" install-size="2250" />
	<plugin fragment="true" id="org.eclipse.mat.ui.nl_fi" unpack="false" version="3.5.0.v20090620043401" download-size="2794" install-size="2794" />
	<plugin fragment="true" id="org.eclipse.mat.ui.rcp.nl_fi" unpack="false" version="3.5.0.v20090620043401" download-size="1368" install-size="1368" />
</feature>