<?xml version="1.0" encoding="UTF-8" ?>
<feature
	id="org.eclipse.babel.nls_rt.rap_zh_TW"
	label="Babel Language Pack for rt.rap in Chinese (Traditional) (87.75%)"
	image="eclipse_update_120.jpg"
	provider-name="%providerName"
	version="3.5.0.v20090620043401">
	<copyright>
		%copyright
	</copyright>
	<license url="%licenseURL">
		%license
	</license>
	<description>Babel Language Pack for rt.rap in Chinese (Traditional)</description>
	<plugin fragment="true" id="org.eclipse.rap.design.example.nl_zh_TW" unpack="false" version="3.5.0.v20090620043401" download-size="1392" install-size="1392" />
	<plugin fragment="true" id="org.eclipse.rap.jface.databinding.nl_zh_TW" unpack="false" version="3.5.0.v20090620043401" download-size="1456" install-size="1456" />
	<plugin fragment="true" id="org.eclipse.rap.jface.nl_zh_TW" unpack="false" version="3.5.0.v20090620043401" download-size="10603" install-size="10603" />
	<plugin fragment="true" id="org.eclipse.rap.rwt.nl_zh_TW" unpack="false" version="3.5.0.v20090620043401" download-size="3478" install-size="3478" />
	<plugin fragment="true" id="org.eclipse.rap.rwt.test.nl_zh_TW" unpack="false" version="3.5.0.v20090620043401" download-size="1393" install-size="1393" />
	<plugin fragment="true" id="org.eclipse.rap.ui.forms.nl_zh_TW" unpack="false" version="3.5.0.v20090620043401" download-size="2484" install-size="2484" />
	<plugin fragment="true" id="org.eclipse.rap.ui.help.nl_zh_TW" unpack="false" version="3.5.0.v20090620043401" download-size="1387" install-size="1387" />
	<plugin fragment="true" id="org.eclipse.rap.ui.intro.nl_zh_TW" unpack="false" version="3.5.0.v20090620043401" download-size="2584" install-size="2584" />
	<plugin fragment="true" id="org.eclipse.rap.ui.launch.nl_zh_TW" unpack="false" version="3.5.0.v20090620043401" download-size="2553" install-size="2553" />
	<plugin fragment="true" id="org.eclipse.rap.ui.nl_zh_TW" unpack="false" version="3.5.0.v20090620043401" download-size="5231" install-size="5231" />
	<plugin fragment="true" id="org.eclipse.rap.ui.templates.nl_zh_TW" unpack="false" version="3.5.0.v20090620043401" download-size="2755" install-size="2755" />
	<plugin fragment="true" id="org.eclipse.rap.ui.views.nl_zh_TW" unpack="false" version="3.5.0.v20090620043401" download-size="3234" install-size="3234" />
	<plugin fragment="true" id="org.eclipse.rap.ui.workbench.nl_zh_TW" unpack="false" version="3.5.0.v20090620043401" download-size="28665" install-size="28665" />
</feature>