<?xml version="1.0" encoding="UTF-8" ?>
<feature
	id="org.eclipse.babel.nls_webtools.jeetools_pt_BR"
	label="Babel Language Pack for webtools.jeetools in Portuguese (Brazilian) (94.84%)"
	image="eclipse_update_120.jpg"
	provider-name="%providerName"
	version="3.5.0.v20090620043401">
	<copyright>
		%copyright
	</copyright>
	<license url="%licenseURL">
		%license
	</license>
	<description>Babel Language Pack for webtools.jeetools in Portuguese (Brazilian)</description>
	<plugin fragment="true" id="org.eclipse.jem.beaninfo.nl_pt_BR" unpack="false" version="3.5.0.v20090620043401" download-size="3209" install-size="3209" />
	<plugin fragment="true" id="org.eclipse.jem.beaninfo.vm.common.nl_pt_BR" unpack="false" version="3.5.0.v20090620043401" download-size="1398" install-size="1398" />
	<plugin fragment="true" id="org.eclipse.jem.beaninfo.vm.nl_pt_BR" unpack="false" version="3.5.0.v20090620043401" download-size="3086" install-size="3086" />
	<plugin fragment="true" id="org.eclipse.jem.nl_pt_BR" unpack="false" version="3.5.0.v20090620043401" download-size="4024" install-size="4024" />
	<plugin fragment="true" id="org.eclipse.jem.proxy.nl_pt_BR" unpack="false" version="3.5.0.v20090620043401" download-size="7277" install-size="7277" />
	<plugin fragment="true" id="org.eclipse.jem.tests.nl_pt_BR" unpack="false" version="3.5.0.v20090620043401" download-size="1386" install-size="1386" />
	<plugin fragment="true" id="org.eclipse.jem.workbench.nl_pt_BR" unpack="false" version="3.5.0.v20090620043401" download-size="2506" install-size="2506" />
	<plugin fragment="true" id="org.eclipse.jst.j2ee.core.nl_pt_BR" unpack="false" version="3.5.0.v20090620043401" download-size="30238" install-size="30238" />
	<plugin fragment="true" id="org.eclipse.jst.j2ee.doc.user.nl_pt_BR" unpack="false" version="3.5.0.v20090620043401" download-size="1434" install-size="1434" />
	<plugin fragment="true" id="org.eclipse.jst.j2ee.infopop.nl_pt_BR" unpack="false" version="3.5.0.v20090620043401" download-size="1423" install-size="1423" />
	<plugin fragment="true" id="org.eclipse.jst.j2ee.jca.nl_pt_BR" unpack="false" version="3.5.0.v20090620043401" download-size="2542" install-size="2542" />
	<plugin fragment="true" id="org.eclipse.jst.j2ee.jca.ui.nl_pt_BR" unpack="false" version="3.5.0.v20090620043401" download-size="2087" install-size="2087" />
	<plugin fragment="true" id="org.eclipse.jst.j2ee.navigator.ui.nl_pt_BR" unpack="false" version="3.5.0.v20090620043401" download-size="3594" install-size="3594" />
	<plugin fragment="true" id="org.eclipse.jst.j2ee.nl_pt_BR" unpack="false" version="3.5.0.v20090620043401" download-size="27743" install-size="27743" />
	<plugin fragment="true" id="org.eclipse.jst.j2ee.ui.nl_pt_BR" unpack="false" version="3.5.0.v20090620043401" download-size="15878" install-size="15878" />
	<plugin fragment="true" id="org.eclipse.jst.j2ee.web.nl_pt_BR" unpack="false" version="3.5.0.v20090620043401" download-size="19549" install-size="19549" />
	<plugin fragment="true" id="org.eclipse.jst.j2ee.webservice.nl_pt_BR" unpack="false" version="3.5.0.v20090620043401" download-size="2773" install-size="2773" />
	<plugin fragment="true" id="org.eclipse.jst.j2ee.webservice.ui.nl_pt_BR" unpack="false" version="3.5.0.v20090620043401" download-size="2523" install-size="2523" />
	<plugin fragment="true" id="org.eclipse.jst.j2ee.xdoclet.runtime.nl_pt_BR" unpack="false" version="3.5.0.v20090620043401" download-size="2337" install-size="2337" />
	<plugin fragment="true" id="org.eclipse.jst.jee.nl_pt_BR" unpack="false" version="3.5.0.v20090620043401" download-size="1389" install-size="1389" />
	<plugin fragment="true" id="org.eclipse.jst.jee.ui.nl_pt_BR" unpack="false" version="3.5.0.v20090620043401" download-size="2667" install-size="2667" />
	<plugin fragment="true" id="org.eclipse.jst.jee.web.nl_pt_BR" unpack="false" version="3.5.0.v20090620043401" download-size="1393" install-size="1393" />
	<plugin fragment="true" id="org.eclipse.jst.servlet.ui.infopop.nl_pt_BR" unpack="false" version="3.5.0.v20090620043401" download-size="1428" install-size="1428" />
	<plugin fragment="true" id="org.eclipse.jst.servlet.ui.nl_pt_BR" unpack="false" version="3.5.0.v20090620043401" download-size="5648" install-size="5648" />
	<plugin fragment="true" id="org.eclipse.wst.web.ui.infopop.nl_pt_BR" unpack="false" version="3.5.0.v20090620043401" download-size="1424" install-size="1424" />
</feature>