<?xml version="1.0" encoding="UTF-8" ?>
<feature
	id="org.eclipse.babel.nls_rt.ecf_ar"
	label="Babel Language Pack for rt.ecf in Arabic (13.86%)"
	image="eclipse_update_120.jpg"
	provider-name="%providerName"
	version="3.5.0.v20090620043401">
	<copyright>
		%copyright
	</copyright>
	<license url="%licenseURL">
		%license
	</license>
	<description>Babel Language Pack for rt.ecf in Arabic</description>
	<plugin fragment="true" id="org.eclipse.ecf.datashare.nl_ar" unpack="false" version="3.5.0.v20090620043401" download-size="2124" install-size="2124" />
	<plugin fragment="true" id="org.eclipse.ecf.discovery.nl_ar" unpack="false" version="3.5.0.v20090620043401" download-size="1369" install-size="1369" />
	<plugin fragment="true" id="org.eclipse.ecf.discovery.ui.browser.nl_ar" unpack="false" version="3.5.0.v20090620043401" download-size="1376" install-size="1376" />
	<plugin fragment="true" id="org.eclipse.ecf.discovery.ui.edit.nl_ar" unpack="false" version="3.5.0.v20090620043401" download-size="1618" install-size="1618" />
	<plugin fragment="true" id="org.eclipse.ecf.discovery.ui.model.nl_ar" unpack="false" version="3.5.0.v20090620043401" download-size="1374" install-size="1374" />
	<plugin fragment="true" id="org.eclipse.ecf.discovery.ui.nl_ar" unpack="false" version="3.5.0.v20090620043401" download-size="1371" install-size="1371" />
	<plugin fragment="true" id="org.eclipse.ecf.doc.nl_ar" unpack="false" version="3.5.0.v20090620043401" download-size="1365" install-size="1365" />
	<plugin fragment="true" id="org.eclipse.ecf.docshare.nl_ar" unpack="false" version="3.5.0.v20090620043401" download-size="2295" install-size="2295" />
	<plugin fragment="true" id="org.eclipse.ecf.example.clients.nl_ar" unpack="false" version="3.5.0.v20090620043401" download-size="1373" install-size="1373" />
	<plugin fragment="true" id="org.eclipse.ecf.example.collab.editor.nl_ar" unpack="false" version="3.5.0.v20090620043401" download-size="1376" install-size="1376" />
	<plugin fragment="true" id="org.eclipse.ecf.example.collab.nl_ar" unpack="false" version="3.5.0.v20090620043401" download-size="3611" install-size="3611" />
	<plugin fragment="true" id="org.eclipse.ecf.examples.remoteservices.common.nl_ar" unpack="false" version="3.5.0.v20090620043401" download-size="1382" install-size="1382" />
	<plugin fragment="true" id="org.eclipse.ecf.examples.remoteservices.server.nl_ar" unpack="false" version="3.5.0.v20090620043401" download-size="1381" install-size="1381" />
	<plugin fragment="true" id="org.eclipse.ecf.examples.updatesite.client.nl_ar" unpack="false" version="3.5.0.v20090620043401" download-size="1379" install-size="1379" />
	<plugin fragment="true" id="org.eclipse.ecf.examples.updatesite.server.nl_ar" unpack="false" version="3.5.0.v20090620043401" download-size="1379" install-size="1379" />
	<plugin fragment="true" id="org.eclipse.ecf.filetransfer.nl_ar" unpack="false" version="3.5.0.v20090620043401" download-size="1369" install-size="1369" />
	<plugin fragment="true" id="org.eclipse.ecf.filetransfer.ui.nl_ar" unpack="false" version="3.5.0.v20090620043401" download-size="2634" install-size="2634" />
	<plugin fragment="true" id="org.eclipse.ecf.identity.nl_ar" unpack="false" version="3.5.0.v20090620043401" download-size="1368" install-size="1368" />
	<plugin fragment="true" id="org.eclipse.ecf.nl_ar" unpack="false" version="3.5.0.v20090620043401" download-size="1550" install-size="1550" />
	<plugin fragment="true" id="org.eclipse.ecf.osgi.services.discovery.nl_ar" unpack="false" version="3.5.0.v20090620043401" download-size="1378" install-size="1378" />
	<plugin fragment="true" id="org.eclipse.ecf.osgi.services.distribution.nl_ar" unpack="false" version="3.5.0.v20090620043401" download-size="1379" install-size="1379" />
	<plugin fragment="true" id="org.eclipse.ecf.osgi.services.nl_ar" unpack="false" version="3.5.0.v20090620043401" download-size="1354" install-size="1354" />
	<plugin fragment="true" id="org.eclipse.ecf.presence.bot.nl_ar" unpack="false" version="3.5.0.v20090620043401" download-size="1370" install-size="1370" />
	<plugin fragment="true" id="org.eclipse.ecf.presence.collab.ui.nl_ar" unpack="false" version="3.5.0.v20090620043401" download-size="2647" install-size="2647" />
	<plugin fragment="true" id="org.eclipse.ecf.presence.nl_ar" unpack="false" version="3.5.0.v20090620043401" download-size="1367" install-size="1367" />
	<plugin fragment="true" id="org.eclipse.ecf.presence.ui.nl_ar" unpack="false" version="3.5.0.v20090620043401" download-size="3051" install-size="3051" />
	<plugin fragment="true" id="org.eclipse.ecf.protocol.bittorrent.nl_ar" unpack="false" version="3.5.0.v20090620043401" download-size="1373" install-size="1373" />
	<plugin fragment="true" id="org.eclipse.ecf.protocol.msn.nl_ar" unpack="false" version="3.5.0.v20090620043401" download-size="1370" install-size="1370" />
	<plugin fragment="true" id="org.eclipse.ecf.provider.bittorrent.nl_ar" unpack="false" version="3.5.0.v20090620043401" download-size="1374" install-size="1374" />
	<plugin fragment="true" id="org.eclipse.ecf.provider.bittorrent.ui.nl_ar" unpack="false" version="3.5.0.v20090620043401" download-size="2641" install-size="2641" />
	<plugin fragment="true" id="org.eclipse.ecf.provider.datashare.nio.nl_ar" unpack="false" version="3.5.0.v20090620043401" download-size="1376" install-size="1376" />
	<plugin fragment="true" id="org.eclipse.ecf.provider.datashare.nl_ar" unpack="false" version="3.5.0.v20090620043401" download-size="1374" install-size="1374" />
	<plugin fragment="true" id="org.eclipse.ecf.provider.discovery.nl_ar" unpack="false" version="3.5.0.v20090620043401" download-size="1375" install-size="1375" />
	<plugin fragment="true" id="org.eclipse.ecf.provider.filetransfer.efs.nl_ar" unpack="false" version="3.5.0.v20090620043401" download-size="1378" install-size="1378" />
	<plugin fragment="true" id="org.eclipse.ecf.provider.filetransfer.httpclient.nl_ar" unpack="false" version="3.5.0.v20090620043401" download-size="2685" install-size="2685" />
	<plugin fragment="true" id="org.eclipse.ecf.provider.filetransfer.nl_ar" unpack="false" version="3.5.0.v20090620043401" download-size="2527" install-size="2527" />
	<plugin fragment="true" id="org.eclipse.ecf.provider.filetransfer.scp.nl_ar" unpack="false" version="3.5.0.v20090620043401" download-size="1378" install-size="1378" />
	<plugin fragment="true" id="org.eclipse.ecf.provider.irc.nl_ar" unpack="false" version="3.5.0.v20090620043401" download-size="2436" install-size="2436" />
	<plugin fragment="true" id="org.eclipse.ecf.provider.irc.ui.nl_ar" unpack="false" version="3.5.0.v20090620043401" download-size="2397" install-size="2397" />
	<plugin fragment="true" id="org.eclipse.ecf.provider.jmdns.nl_ar" unpack="false" version="3.5.0.v20090620043401" download-size="1372" install-size="1372" />
	<plugin fragment="true" id="org.eclipse.ecf.provider.jslp.nl_ar" unpack="false" version="3.5.0.v20090620043401" download-size="1372" install-size="1372" />
	<plugin fragment="true" id="org.eclipse.ecf.provider.msn.nl_ar" unpack="false" version="3.5.0.v20090620043401" download-size="2402" install-size="2402" />
	<plugin fragment="true" id="org.eclipse.ecf.provider.msn.ui.nl_ar" unpack="false" version="3.5.0.v20090620043401" download-size="2591" install-size="2591" />
	<plugin fragment="true" id="org.eclipse.ecf.provider.nl_ar" unpack="false" version="3.5.0.v20090620043401" download-size="2879" install-size="2879" />
	<plugin fragment="true" id="org.eclipse.ecf.provider.remoteservice.nl_ar" unpack="false" version="3.5.0.v20090620043401" download-size="1376" install-size="1376" />
	<plugin fragment="true" id="org.eclipse.ecf.provider.ui.nl_ar" unpack="false" version="3.5.0.v20090620043401" download-size="1370" install-size="1370" />
	<plugin fragment="true" id="org.eclipse.ecf.provider.xmpp.nl_ar" unpack="false" version="3.5.0.v20090620043401" download-size="1372" install-size="1372" />
	<plugin fragment="true" id="org.eclipse.ecf.provider.xmpp.ui.nl_ar" unpack="false" version="3.5.0.v20090620043401" download-size="2732" install-size="2732" />
	<plugin fragment="true" id="org.eclipse.ecf.remoteservice.nl_ar" unpack="false" version="3.5.0.v20090620043401" download-size="1371" install-size="1371" />
	<plugin fragment="true" id="org.eclipse.ecf.remoteservice.ui.nl_ar" unpack="false" version="3.5.0.v20090620043401" download-size="2507" install-size="2507" />
	<plugin fragment="true" id="org.eclipse.ecf.server.generic.nl_ar" unpack="false" version="3.5.0.v20090620043401" download-size="1369" install-size="1369" />
	<plugin fragment="true" id="org.eclipse.ecf.server.nl_ar" unpack="false" version="3.5.0.v20090620043401" download-size="1366" install-size="1366" />
	<plugin fragment="true" id="org.eclipse.ecf.sharedobject.nl_ar" unpack="false" version="3.5.0.v20090620043401" download-size="2434" install-size="2434" />
	<plugin fragment="true" id="org.eclipse.ecf.storage.nl_ar" unpack="false" version="3.5.0.v20090620043401" download-size="1367" install-size="1367" />
	<plugin fragment="true" id="org.eclipse.ecf.sync.nl_ar" unpack="false" version="3.5.0.v20090620043401" download-size="1365" install-size="1365" />
	<plugin fragment="true" id="org.eclipse.ecf.telephony.call.nl_ar" unpack="false" version="3.5.0.v20090620043401" download-size="1372" install-size="1372" />
	<plugin fragment="true" id="org.eclipse.ecf.telephony.call.ui.nl_ar" unpack="false" version="3.5.0.v20090620043401" download-size="1373" install-size="1373" />
	<plugin fragment="true" id="org.eclipse.ecf.ui.capabilities.nl_ar" unpack="false" version="3.5.0.v20090620043401" download-size="1371" install-size="1371" />
	<plugin fragment="true" id="org.eclipse.ecf.ui.nl_ar" unpack="false" version="3.5.0.v20090620043401" download-size="2498" install-size="2498" />
	<plugin fragment="true" id="org.eclipse.team.ecf.core.nl_ar" unpack="false" version="3.5.0.v20090620043401" download-size="1368" install-size="1368" />
	<plugin fragment="true" id="org.eclipse.team.ecf.ui.nl_ar" unpack="false" version="3.5.0.v20090620043401" download-size="2431" install-size="2431" />
	<plugin fragment="true" id="org.jivesoftware.smack.nl_ar" unpack="false" version="3.5.0.v20090620043401" download-size="1370" install-size="1370" />
</feature>