<?xml version="1.0" encoding="UTF-8" ?>
<feature
	id="org.eclipse.babel.nls_eclipse_ko"
	label="Babel Language Pack for eclipse in Korean (92.4%)"
	image="eclipse_update_120.jpg"
	provider-name="%providerName"
	version="3.5.0.v20090620043401">
	<copyright>
		%copyright
	</copyright>
	<license url="%licenseURL">
		%license
	</license>
	<description>Babel Language Pack for eclipse in Korean</description>
	<plugin fragment="true" id="org.eclipse.ant.core.nl_ko" unpack="false" version="3.5.0.v20090620043401" download-size="5028" install-size="5028" />
	<plugin fragment="true" id="org.eclipse.ant.tests.core.nl_ko" unpack="false" version="3.5.0.v20090620043401" download-size="1668" install-size="1668" />
	<plugin fragment="true" id="org.eclipse.ant.tests.ui.nl_ko" unpack="false" version="3.5.0.v20090620043401" download-size="1417" install-size="1417" />
	<plugin fragment="true" id="org.eclipse.ant.ui.nl_ko" unpack="false" version="3.5.0.v20090620043401" download-size="26774" install-size="26774" />
	<plugin fragment="true" id="org.eclipse.compare.core.nl_ko" unpack="false" version="3.5.0.v20090620043401" download-size="2438" install-size="2438" />
	<plugin fragment="true" id="org.eclipse.compare.examples.nl_ko" unpack="false" version="3.5.0.v20090620043401" download-size="2383" install-size="2383" />
	<plugin fragment="true" id="org.eclipse.compare.examples.xml.nl_ko" unpack="false" version="3.5.0.v20090620043401" download-size="3598" install-size="3598" />
	<plugin fragment="true" id="org.eclipse.compare.nl_ko" unpack="false" version="3.5.0.v20090620043401" download-size="15031" install-size="15031" />
	<plugin fragment="true" id="org.eclipse.compare.tests.nl_ko" unpack="false" version="3.5.0.v20090620043401" download-size="1636" install-size="1636" />
	<plugin fragment="true" id="org.eclipse.compare.win32.nl_ko" unpack="false" version="3.5.0.v20090620043401" download-size="2569" install-size="2569" />
	<plugin fragment="true" id="org.eclipse.core.boot.nl_ko" unpack="false" version="3.5.0.v20090620043401" download-size="1398" install-size="1398" />
	<plugin fragment="true" id="org.eclipse.core.commands.nl_ko" unpack="false" version="3.5.0.v20090620043401" download-size="1388" install-size="1388" />
	<plugin fragment="true" id="org.eclipse.core.contenttype.nl_ko" unpack="false" version="3.5.0.v20090620043401" download-size="2760" install-size="2760" />
	<plugin fragment="true" id="org.eclipse.core.databinding.beans.nl_ko" unpack="false" version="3.5.0.v20090620043401" download-size="1435" install-size="1435" />
	<plugin fragment="true" id="org.eclipse.core.databinding.nl_ko" unpack="false" version="3.5.0.v20090620043401" download-size="2830" install-size="2830" />
	<plugin fragment="true" id="org.eclipse.core.databinding.observable.nl_ko" unpack="false" version="3.5.0.v20090620043401" download-size="1377" install-size="1377" />
	<plugin fragment="true" id="org.eclipse.core.databinding.property.nl_ko" unpack="false" version="3.5.0.v20090620043401" download-size="1421" install-size="1421" />
	<plugin fragment="true" id="org.eclipse.core.expressions.nl_ko" unpack="false" version="3.5.0.v20090620043401" download-size="3121" install-size="3121" />
	<plugin fragment="true" id="org.eclipse.core.expressions.tests.nl_ko" unpack="false" version="3.5.0.v20090620043401" download-size="1443" install-size="1443" />
	<plugin fragment="true" id="org.eclipse.core.filebuffers.nl_ko" unpack="false" version="3.5.0.v20090620043401" download-size="4317" install-size="4317" />
	<plugin fragment="true" id="org.eclipse.core.filebuffers.tests.nl_ko" unpack="false" version="3.5.0.v20090620043401" download-size="1433" install-size="1433" />
	<plugin fragment="true" id="org.eclipse.core.filesystem.nl_ko" unpack="false" version="3.5.0.v20090620043401" download-size="3103" install-size="3103" />
	<plugin fragment="true" id="org.eclipse.core.jobs.nl_ko" unpack="false" version="3.5.0.v20090620043401" download-size="2482" install-size="2482" />
	<plugin fragment="true" id="org.eclipse.core.net.linux.x86.nl_ko" unpack="false" version="3.5.0.v20090620043401" download-size="1414" install-size="1414" />
	<plugin fragment="true" id="org.eclipse.core.net.nl_ko" unpack="false" version="3.5.0.v20090620043401" download-size="2261" install-size="2261" />
	<plugin fragment="true" id="org.eclipse.core.net.win32.x86.nl_ko" unpack="false" version="3.5.0.v20090620043401" download-size="1416" install-size="1416" />
	<plugin fragment="true" id="org.eclipse.core.resources.nl_ko" unpack="false" version="3.5.0.v20090620043401" download-size="9857" install-size="9857" />
	<plugin fragment="true" id="org.eclipse.core.runtime.compatibility.auth.nl_ko" unpack="false" version="3.5.0.v20090620043401" download-size="2792" install-size="2792" />
	<plugin fragment="true" id="org.eclipse.core.runtime.compatibility.nl_ko" unpack="false" version="3.5.0.v20090620043401" download-size="2554" install-size="2554" />
	<plugin fragment="true" id="org.eclipse.core.runtime.nl_ko" unpack="false" version="3.5.0.v20090620043401" download-size="4087" install-size="4087" />
	<plugin fragment="true" id="org.eclipse.core.variables.nl_ko" unpack="false" version="3.5.0.v20090620043401" download-size="2621" install-size="2621" />
	<plugin fragment="true" id="org.eclipse.cvs.nl_ko" unpack="false" version="3.5.0.v20090620043401" download-size="1401" install-size="1401" />
	<plugin fragment="true" id="org.eclipse.debug.core.nl_ko" unpack="false" version="3.5.0.v20090620043401" download-size="7486" install-size="7486" />
	<plugin fragment="true" id="org.eclipse.debug.examples.ui.nl_ko" unpack="false" version="3.5.0.v20090620043401" download-size="2399" install-size="2399" />
	<plugin fragment="true" id="org.eclipse.debug.ui.nl_ko" unpack="false" version="3.5.0.v20090620043401" download-size="36255" install-size="36255" />
	<plugin fragment="true" id="org.eclipse.equinox.app.nl_ko" unpack="false" version="3.5.0.v20090620043401" download-size="2385" install-size="2385" />
	<plugin fragment="true" id="org.eclipse.equinox.cm.nl_ko" unpack="false" version="3.5.0.v20090620043401" download-size="1400" install-size="1400" />
	<plugin fragment="true" id="org.eclipse.equinox.common.nl_ko" unpack="false" version="3.5.0.v20090620043401" download-size="3363" install-size="3363" />
	<plugin fragment="true" id="org.eclipse.equinox.concurrent.nl_ko" unpack="false" version="3.5.0.v20090620043401" download-size="1372" install-size="1372" />
	<plugin fragment="true" id="org.eclipse.equinox.device.nl_ko" unpack="false" version="3.5.0.v20090620043401" download-size="3182" install-size="3182" />
	<plugin fragment="true" id="org.eclipse.equinox.ds.nl_ko" unpack="false" version="3.5.0.v20090620043401" download-size="1366" install-size="1366" />
	<plugin fragment="true" id="org.eclipse.equinox.event.nl_ko" unpack="false" version="3.5.0.v20090620043401" download-size="3066" install-size="3066" />
	<plugin fragment="true" id="org.eclipse.equinox.http.jetty5.nl_ko" unpack="false" version="3.5.0.v20090620043401" download-size="1479" install-size="1479" />
	<plugin fragment="true" id="org.eclipse.equinox.http.jetty6.nl_ko" unpack="false" version="3.5.0.v20090620043401" download-size="1479" install-size="1479" />
	<plugin fragment="true" id="org.eclipse.equinox.http.nl_ko" unpack="false" version="3.5.0.v20090620043401" download-size="4315" install-size="4315" />
	<plugin fragment="true" id="org.eclipse.equinox.http.registry.nl_ko" unpack="false" version="3.5.0.v20090620043401" download-size="1474" install-size="1474" />
	<plugin fragment="true" id="org.eclipse.equinox.http.servlet.nl_ko" unpack="false" version="3.5.0.v20090620043401" download-size="1409" install-size="1409" />
	<plugin fragment="true" id="org.eclipse.equinox.http.servletbridge.nl_ko" unpack="false" version="3.5.0.v20090620043401" download-size="1416" install-size="1416" />
	<plugin fragment="true" id="org.eclipse.equinox.io.nl_ko" unpack="false" version="3.5.0.v20090620043401" download-size="1366" install-size="1366" />
	<plugin fragment="true" id="org.eclipse.equinox.ip.nl_ko" unpack="false" version="3.5.0.v20090620043401" download-size="1366" install-size="1366" />
	<plugin fragment="true" id="org.eclipse.equinox.jsp.jasper.nl_ko" unpack="false" version="3.5.0.v20090620043401" download-size="1372" install-size="1372" />
	<plugin fragment="true" id="org.eclipse.equinox.jsp.jasper.registry.nl_ko" unpack="false" version="3.5.0.v20090620043401" download-size="1377" install-size="1377" />
	<plugin fragment="true" id="org.eclipse.equinox.launcher.carbon.macosx.nl_ko" unpack="false" version="3.5.0.v20090620043401" download-size="1460" install-size="1460" />
	<plugin fragment="true" id="org.eclipse.equinox.launcher.cocoa.macosx.nl_ko" unpack="false" version="3.5.0.v20090620043401" download-size="1408" install-size="1408" />
	<plugin fragment="true" id="org.eclipse.equinox.launcher.gtk.linux.ppc.nl_ko" unpack="false" version="3.5.0.v20090620043401" download-size="1460" install-size="1460" />
	<plugin fragment="true" id="org.eclipse.equinox.launcher.gtk.linux.s390.nl_ko" unpack="false" version="3.5.0.v20090620043401" download-size="1463" install-size="1463" />
	<plugin fragment="true" id="org.eclipse.equinox.launcher.gtk.linux.s390x.nl_ko" unpack="false" version="3.5.0.v20090620043401" download-size="1464" install-size="1464" />
	<plugin fragment="true" id="org.eclipse.equinox.launcher.gtk.linux.x86.nl_ko" unpack="false" version="3.5.0.v20090620043401" download-size="1460" install-size="1460" />
	<plugin fragment="true" id="org.eclipse.equinox.launcher.gtk.solaris.sparc.nl_ko" unpack="false" version="3.5.0.v20090620043401" download-size="1422" install-size="1422" />
	<plugin fragment="true" id="org.eclipse.equinox.launcher.gtk.solaris.x86.nl_ko" unpack="false" version="3.5.0.v20090620043401" download-size="1466" install-size="1466" />
	<plugin fragment="true" id="org.eclipse.equinox.launcher.motif.aix.ppc.nl_ko" unpack="false" version="3.5.0.v20090620043401" download-size="1410" install-size="1410" />
	<plugin fragment="true" id="org.eclipse.equinox.launcher.motif.linux.x86.nl_ko" unpack="false" version="3.5.0.v20090620043401" download-size="1416" install-size="1416" />
	<plugin fragment="true" id="org.eclipse.equinox.launcher.motif.solaris.sparc.nl_ko" unpack="false" version="3.5.0.v20090620043401" download-size="1483" install-size="1483" />
	<plugin fragment="true" id="org.eclipse.equinox.launcher.nl_ko" unpack="false" version="3.5.0.v20090620043401" download-size="1407" install-size="1407" />
	<plugin fragment="true" id="org.eclipse.equinox.launcher.win32.win32.ia64.nl_ko" unpack="false" version="3.5.0.v20090620043401" download-size="1468" install-size="1468" />
	<plugin fragment="true" id="org.eclipse.equinox.launcher.win32.win32.x86.nl_ko" unpack="false" version="3.5.0.v20090620043401" download-size="1462" install-size="1462" />
	<plugin fragment="true" id="org.eclipse.equinox.launcher.wpf.win32.x86.nl_ko" unpack="false" version="3.5.0.v20090620043401" download-size="1464" install-size="1464" />
	<plugin fragment="true" id="org.eclipse.equinox.log.nl_ko" unpack="false" version="3.5.0.v20090620043401" download-size="1367" install-size="1367" />
	<plugin fragment="true" id="org.eclipse.equinox.metatype.nl_ko" unpack="false" version="3.5.0.v20090620043401" download-size="2964" install-size="2964" />
	<plugin fragment="true" id="org.eclipse.equinox.preferences.nl_ko" unpack="false" version="3.5.0.v20090620043401" download-size="3271" install-size="3271" />
	<plugin fragment="true" id="org.eclipse.equinox.registry.nl_ko" unpack="false" version="3.5.0.v20090620043401" download-size="3774" install-size="3774" />
	<plugin fragment="true" id="org.eclipse.equinox.security.nl_ko" unpack="false" version="3.5.0.v20090620043401" download-size="4992" install-size="4992" />
	<plugin fragment="true" id="org.eclipse.equinox.security.ui.nl_ko" unpack="false" version="3.5.0.v20090620043401" download-size="8101" install-size="8101" />
	<plugin fragment="true" id="org.eclipse.equinox.servletbridge.nl_ko" unpack="false" version="3.5.0.v20090620043401" download-size="1374" install-size="1374" />
	<plugin fragment="true" id="org.eclipse.equinox.transforms.xslt.nl_ko" unpack="false" version="3.5.0.v20090620043401" download-size="1416" install-size="1416" />
	<plugin fragment="true" id="org.eclipse.equinox.useradmin.nl_ko" unpack="false" version="3.5.0.v20090620043401" download-size="3336" install-size="3336" />
	<plugin fragment="true" id="org.eclipse.equinox.util.nl_ko" unpack="false" version="3.5.0.v20090620043401" download-size="1367" install-size="1367" />
	<plugin fragment="true" id="org.eclipse.equinox.wireadmin.nl_ko" unpack="false" version="3.5.0.v20090620043401" download-size="1372" install-size="1372" />
	<plugin fragment="true" id="org.eclipse.help.appserver.nl_ko" unpack="false" version="3.5.0.v20090620043401" download-size="2690" install-size="2690" />
	<plugin fragment="true" id="org.eclipse.help.base.nl_ko" unpack="false" version="3.5.0.v20090620043401" download-size="4301" install-size="4301" />
	<plugin fragment="true" id="org.eclipse.help.nl_ko" unpack="false" version="3.5.0.v20090620043401" download-size="1521" install-size="1521" />
	<plugin fragment="true" id="org.eclipse.help.ui.nl_ko" unpack="false" version="3.5.0.v20090620043401" download-size="5903" install-size="5903" />
	<plugin fragment="true" id="org.eclipse.help.webapp.nl_ko" unpack="false" version="3.5.0.v20090620043401" download-size="4979" install-size="4979" />
	<plugin fragment="true" id="org.eclipse.jdt.apt.core.nl_ko" unpack="false" version="3.5.0.v20090620043401" download-size="4022" install-size="4022" />
	<plugin fragment="true" id="org.eclipse.jdt.apt.pluggable.core.nl_ko" unpack="false" version="3.5.0.v20090620043401" download-size="1482" install-size="1482" />
	<plugin fragment="true" id="org.eclipse.jdt.apt.pluggable.tests.nl_ko" unpack="false" version="3.5.0.v20090620043401" download-size="1427" install-size="1427" />
	<plugin fragment="true" id="org.eclipse.jdt.apt.tests.nl_ko" unpack="false" version="3.5.0.v20090620043401" download-size="1419" install-size="1419" />
	<plugin fragment="true" id="org.eclipse.jdt.apt.ui.nl_ko" unpack="false" version="3.5.0.v20090620043401" download-size="4842" install-size="4842" />
	<plugin fragment="true" id="org.eclipse.jdt.compiler.apt.tests.nl_ko" unpack="false" version="3.5.0.v20090620043401" download-size="1425" install-size="1425" />
	<plugin fragment="true" id="org.eclipse.jdt.compiler.tool.tests.nl_ko" unpack="false" version="3.5.0.v20090620043401" download-size="1427" install-size="1427" />
	<plugin fragment="true" id="org.eclipse.jdt.core.manipulation.nl_ko" unpack="false" version="3.5.0.v20090620043401" download-size="4309" install-size="4309" />
	<plugin fragment="true" id="org.eclipse.jdt.core.nl_ko" unpack="false" version="3.5.0.v20090620043401" download-size="32222" install-size="32222" />
	<plugin fragment="true" id="org.eclipse.jdt.core.tests.builder.nl_ko" unpack="false" version="3.5.0.v20090620043401" download-size="1412" install-size="1412" />
	<plugin fragment="true" id="org.eclipse.jdt.core.tests.compiler.nl_ko" unpack="false" version="3.5.0.v20090620043401" download-size="1420" install-size="1420" />
	<plugin fragment="true" id="org.eclipse.jdt.core.tests.model.nl_ko" unpack="false" version="3.5.0.v20090620043401" download-size="14134" install-size="14134" />
	<plugin fragment="true" id="org.eclipse.jdt.core.tests.performance.nl_ko" unpack="false" version="3.5.0.v20090620043401" download-size="1423" install-size="1423" />
	<plugin fragment="true" id="org.eclipse.jdt.debug.nl_ko" unpack="false" version="3.5.0.v20090620043401" download-size="23868" install-size="23868" />
	<plugin fragment="true" id="org.eclipse.jdt.debug.tests.nl_ko" unpack="false" version="3.5.0.v20090620043401" download-size="1427" install-size="1427" />
	<plugin fragment="true" id="org.eclipse.jdt.debug.ui.nl_ko" unpack="false" version="3.5.0.v20090620043401" download-size="32647" install-size="32647" />
	<plugin fragment="true" id="org.eclipse.jdt.doc.isv.nl_ko" unpack="false" version="3.5.0.v20090620043401" download-size="1809" install-size="1809" />
	<plugin fragment="true" id="org.eclipse.jdt.doc.user.nl_ko" unpack="false" version="3.5.0.v20090620043401" download-size="1794" install-size="1794" />
	<plugin fragment="true" id="org.eclipse.jdt.junit.nl_ko" unpack="false" version="3.5.0.v20090620043401" download-size="11380" install-size="11380" />
	<plugin fragment="true" id="org.eclipse.jdt.junit.runtime.nl_ko" unpack="false" version="3.5.0.v20090620043401" download-size="3031" install-size="3031" />
	<plugin fragment="true" id="org.eclipse.jdt.junit4.runtime.nl_ko" unpack="false" version="3.5.0.v20090620043401" download-size="1431" install-size="1431" />
	<plugin fragment="true" id="org.eclipse.jdt.launching.macosx.nl_ko" unpack="false" version="3.5.0.v20090620043401" download-size="2587" install-size="2587" />
	<plugin fragment="true" id="org.eclipse.jdt.launching.nl_ko" unpack="false" version="3.5.0.v20090620043401" download-size="7668" install-size="7668" />
	<plugin fragment="true" id="org.eclipse.jdt.launching.ui.macosx.nl_ko" unpack="false" version="3.5.0.v20090620043401" download-size="3247" install-size="3247" />
	<plugin fragment="true" id="org.eclipse.jdt.nl_ko" unpack="false" version="3.5.0.v20090620043401" download-size="1392" install-size="1392" />
	<plugin fragment="true" id="org.eclipse.jdt.text.tests.nl_ko" unpack="false" version="3.5.0.v20090620043401" download-size="1424" install-size="1424" />
	<plugin fragment="true" id="org.eclipse.jdt.ui.examples.projects.nl_ko" unpack="false" version="3.5.0.v20090620043401" download-size="2891" install-size="2891" />
	<plugin fragment="true" id="org.eclipse.jdt.ui.nl_ko" unpack="false" version="3.5.0.v20090620043401" download-size="188837" install-size="188837" />
	<plugin fragment="true" id="org.eclipse.jdt.ui.tests.nl_ko" unpack="false" version="3.5.0.v20090620043401" download-size="1588" install-size="1588" />
	<plugin fragment="true" id="org.eclipse.jdt.ui.tests.refactoring.nl_ko" unpack="false" version="3.5.0.v20090620043401" download-size="1440" install-size="1440" />
	<plugin fragment="true" id="org.eclipse.jface.databinding.nl_ko" unpack="false" version="3.5.0.v20090620043401" download-size="1439" install-size="1439" />
	<plugin fragment="true" id="org.eclipse.jface.examples.databinding.nl_ko" unpack="false" version="3.5.0.v20090620043401" download-size="1431" install-size="1431" />
	<plugin fragment="true" id="org.eclipse.jface.nl_ko" unpack="false" version="3.5.0.v20090620043401" download-size="10097" install-size="10097" />
	<plugin fragment="true" id="org.eclipse.jface.tests.databinding.conformance.nl_ko" unpack="false" version="3.5.0.v20090620043401" download-size="1445" install-size="1445" />
	<plugin fragment="true" id="org.eclipse.jface.tests.databinding.nl_ko" unpack="false" version="3.5.0.v20090620043401" download-size="1431" install-size="1431" />
	<plugin fragment="true" id="org.eclipse.jface.text.nl_ko" unpack="false" version="3.5.0.v20090620043401" download-size="12438" install-size="12438" />
	<plugin fragment="true" id="org.eclipse.jface.text.tests.nl_ko" unpack="false" version="3.5.0.v20090620043401" download-size="1426" install-size="1426" />
	<plugin fragment="true" id="org.eclipse.jsch.core.nl_ko" unpack="false" version="3.5.0.v20090620043401" download-size="2572" install-size="2572" />
	<plugin fragment="true" id="org.eclipse.jsch.ui.nl_ko" unpack="false" version="3.5.0.v20090620043401" download-size="4055" install-size="4055" />
	<plugin fragment="true" id="org.eclipse.ltk.core.refactoring.nl_ko" unpack="false" version="3.5.0.v20090620043401" download-size="6077" install-size="6077" />
	<plugin fragment="true" id="org.eclipse.ltk.core.refactoring.tests.nl_ko" unpack="false" version="3.5.0.v20090620043401" download-size="1513" install-size="1513" />
	<plugin fragment="true" id="org.eclipse.ltk.ui.refactoring.nl_ko" unpack="false" version="3.5.0.v20090620043401" download-size="8920" install-size="8920" />
	<plugin fragment="true" id="org.eclipse.ltk.ui.refactoring.tests.nl_ko" unpack="false" version="3.5.0.v20090620043401" download-size="1441" install-size="1441" />
	<plugin fragment="true" id="org.eclipse.osgi.nl_ko" unpack="false" version="3.5.0.v20090620043401" download-size="13791" install-size="13791" />
	<plugin fragment="true" id="org.eclipse.osgi.services.nl_ko" unpack="false" version="3.5.0.v20090620043401" download-size="1610" install-size="1610" />
	<plugin fragment="true" id="org.eclipse.osgi.util.nl_ko" unpack="false" version="3.5.0.v20090620043401" download-size="1608" install-size="1608" />
	<plugin fragment="true" id="org.eclipse.pde.api.tools.nl_ko" unpack="false" version="3.5.0.v20090620043401" download-size="11416" install-size="11416" />
	<plugin fragment="true" id="org.eclipse.pde.api.tools.ui.nl_ko" unpack="false" version="3.5.0.v20090620043401" download-size="10259" install-size="10259" />
	<plugin fragment="true" id="org.eclipse.pde.build.nl_ko" unpack="false" version="3.5.0.v20090620043401" download-size="5771" install-size="5771" />
	<plugin fragment="true" id="org.eclipse.pde.build.tests.nl_ko" unpack="false" version="3.5.0.v20090620043401" download-size="1371" install-size="1371" />
	<plugin fragment="true" id="org.eclipse.pde.core.nl_ko" unpack="false" version="3.5.0.v20090620043401" download-size="9220" install-size="9220" />
	<plugin fragment="true" id="org.eclipse.pde.doc.user.nl_ko" unpack="false" version="3.5.0.v20090620043401" download-size="1792" install-size="1792" />
	<plugin fragment="true" id="org.eclipse.pde.ds.core.nl_ko" unpack="false" version="3.5.0.v20090620043401" download-size="2366" install-size="2366" />
	<plugin fragment="true" id="org.eclipse.pde.ds.tests.nl_ko" unpack="false" version="3.5.0.v20090620043401" download-size="1367" install-size="1367" />
	<plugin fragment="true" id="org.eclipse.pde.ds.ui.nl_ko" unpack="false" version="3.5.0.v20090620043401" download-size="2947" install-size="2947" />
	<plugin fragment="true" id="org.eclipse.pde.junit.runtime.nl_ko" unpack="false" version="3.5.0.v20090620043401" download-size="1424" install-size="1424" />
	<plugin fragment="true" id="org.eclipse.pde.nl_ko" unpack="false" version="3.5.0.v20090620043401" download-size="1389" install-size="1389" />
	<plugin fragment="true" id="org.eclipse.pde.runtime.nl_ko" unpack="false" version="3.5.0.v20090620043401" download-size="3617" install-size="3617" />
	<plugin fragment="true" id="org.eclipse.pde.tools.versioning.nl_ko" unpack="false" version="3.5.0.v20090620043401" download-size="4996" install-size="4996" />
	<plugin fragment="true" id="org.eclipse.pde.ua.core.nl_ko" unpack="false" version="3.5.0.v20090620043401" download-size="1366" install-size="1366" />
	<plugin fragment="true" id="org.eclipse.pde.ua.ui.nl_ko" unpack="false" version="3.5.0.v20090620043401" download-size="16554" install-size="16554" />
	<plugin fragment="true" id="org.eclipse.pde.ui.nl_ko" unpack="false" version="3.5.0.v20090620043401" download-size="43812" install-size="43812" />
	<plugin fragment="true" id="org.eclipse.pde.ui.templates.nl_ko" unpack="false" version="3.5.0.v20090620043401" download-size="10289" install-size="10289" />
	<plugin fragment="true" id="org.eclipse.platform.doc.isv.nl_ko" unpack="false" version="3.5.0.v20090620043401" download-size="1432" install-size="1432" />
	<plugin fragment="true" id="org.eclipse.platform.doc.user.nl_ko" unpack="false" version="3.5.0.v20090620043401" download-size="1399" install-size="1399" />
	<plugin fragment="true" id="org.eclipse.platform.nl_ko" unpack="false" version="3.5.0.v20090620043401" download-size="2435" install-size="2435" />
	<plugin fragment="true" id="org.eclipse.rcp.nl_ko" unpack="false" version="3.5.0.v20090620043401" download-size="1714" install-size="1714" />
	<plugin fragment="true" id="org.eclipse.releng.tools.nl_ko" unpack="false" version="3.5.0.v20090620043401" download-size="4177" install-size="4177" />
	<plugin fragment="true" id="org.eclipse.sdk.examples.nl_ko" unpack="false" version="3.5.0.v20090620043401" download-size="1740" install-size="1740" />
	<plugin fragment="true" id="org.eclipse.sdk.nl_ko" unpack="false" version="3.5.0.v20090620043401" download-size="2817" install-size="2817" />
	<plugin fragment="true" id="org.eclipse.sdk.tests.nl_ko" unpack="false" version="3.5.0.v20090620043401" download-size="1747" install-size="1747" />
	<plugin fragment="true" id="org.eclipse.search.nl_ko" unpack="false" version="3.5.0.v20090620043401" download-size="9010" install-size="9010" />
	<plugin fragment="true" id="org.eclipse.search.tests.nl_ko" unpack="false" version="3.5.0.v20090620043401" download-size="1367" install-size="1367" />
	<plugin fragment="true" id="org.eclipse.swt.examples.browser.demos.nl_ko" unpack="false" version="3.5.0.v20090620043401" download-size="2264" install-size="2264" />
	<plugin fragment="true" id="org.eclipse.swt.examples.browser.nl_ko" unpack="false" version="3.5.0.v20090620043401" download-size="1896" install-size="1896" />
	<plugin fragment="true" id="org.eclipse.swt.examples.controls.nl_ko" unpack="false" version="3.5.0.v20090620043401" download-size="1865" install-size="1865" />
	<plugin fragment="true" id="org.eclipse.swt.examples.launcher.nl_ko" unpack="false" version="3.5.0.v20090620043401" download-size="2163" install-size="2163" />
	<plugin fragment="true" id="org.eclipse.swt.examples.layouts.nl_ko" unpack="false" version="3.5.0.v20090620043401" download-size="1880" install-size="1880" />
	<plugin fragment="true" id="org.eclipse.swt.examples.nl_ko" unpack="false" version="3.5.0.v20090620043401" download-size="19831" install-size="19831" />
	<plugin fragment="true" id="org.eclipse.swt.examples.ole.win32.nl_ko" unpack="false" version="3.5.0.v20090620043401" download-size="2408" install-size="2408" />
	<plugin fragment="true" id="org.eclipse.swt.examples.paint.nl_ko" unpack="false" version="3.5.0.v20090620043401" download-size="2076" install-size="2076" />
	<plugin fragment="true" id="org.eclipse.swt.nl_ko" unpack="false" version="3.5.0.v20090620043401" download-size="3042" install-size="3042" />
	<plugin fragment="true" id="org.eclipse.swt.tests.nl_ko" unpack="false" version="3.5.0.v20090620043401" download-size="1392" install-size="1392" />
	<plugin fragment="true" id="org.eclipse.swt.tools.nl_ko" unpack="false" version="3.5.0.v20090620043401" download-size="1391" install-size="1391" />
	<plugin fragment="true" id="org.eclipse.team.core.nl_ko" unpack="false" version="3.5.0.v20090620043401" download-size="4738" install-size="4738" />
	<plugin fragment="true" id="org.eclipse.team.cvs.core.nl_ko" unpack="false" version="3.5.0.v20090620043401" download-size="8786" install-size="8786" />
	<plugin fragment="true" id="org.eclipse.team.cvs.ssh.nl_ko" unpack="false" version="3.5.0.v20090620043401" download-size="3219" install-size="3219" />
	<plugin fragment="true" id="org.eclipse.team.cvs.ssh2.nl_ko" unpack="false" version="3.5.0.v20090620043401" download-size="3683" install-size="3683" />
	<plugin fragment="true" id="org.eclipse.team.cvs.ui.nl_ko" unpack="false" version="3.5.0.v20090620043401" download-size="28735" install-size="28735" />
	<plugin fragment="true" id="org.eclipse.team.examples.filesystem.nl_ko" unpack="false" version="3.5.0.v20090620043401" download-size="3479" install-size="3479" />
	<plugin fragment="true" id="org.eclipse.team.tests.cvs.core.nl_ko" unpack="false" version="3.5.0.v20090620043401" download-size="1426" install-size="1426" />
	<plugin fragment="true" id="org.eclipse.team.ui.nl_ko" unpack="false" version="3.5.0.v20090620043401" download-size="14281" install-size="14281" />
	<plugin fragment="true" id="org.eclipse.text.nl_ko" unpack="false" version="3.5.0.v20090620043401" download-size="4481" install-size="4481" />
	<plugin fragment="true" id="org.eclipse.text.tests.nl_ko" unpack="false" version="3.5.0.v20090620043401" download-size="1416" install-size="1416" />
	<plugin fragment="true" id="org.eclipse.ui.browser.nl_ko" unpack="false" version="3.5.0.v20090620043401" download-size="3904" install-size="3904" />
	<plugin fragment="true" id="org.eclipse.ui.cheatsheets.nl_ko" unpack="false" version="3.5.0.v20090620043401" download-size="6165" install-size="6165" />
	<plugin fragment="true" id="org.eclipse.ui.console.nl_ko" unpack="false" version="3.5.0.v20090620043401" download-size="3574" install-size="3574" />
	<plugin fragment="true" id="org.eclipse.ui.editors.nl_ko" unpack="false" version="3.5.0.v20090620043401" download-size="14962" install-size="14962" />
	<plugin fragment="true" id="org.eclipse.ui.editors.tests.nl_ko" unpack="false" version="3.5.0.v20090620043401" download-size="1428" install-size="1428" />
	<plugin fragment="true" id="org.eclipse.ui.examples.contributions.nl_ko" unpack="false" version="3.5.0.v20090620043401" download-size="3456" install-size="3456" />
	<plugin fragment="true" id="org.eclipse.ui.examples.fieldassist.nl_ko" unpack="false" version="3.5.0.v20090620043401" download-size="3918" install-size="3918" />
	<plugin fragment="true" id="org.eclipse.ui.examples.javaeditor.nl_ko" unpack="false" version="3.5.0.v20090620043401" download-size="3954" install-size="3954" />
	<plugin fragment="true" id="org.eclipse.ui.examples.multipageeditor.nl_ko" unpack="false" version="3.5.0.v20090620043401" download-size="2506" install-size="2506" />
	<plugin fragment="true" id="org.eclipse.ui.examples.propertysheet.nl_ko" unpack="false" version="3.5.0.v20090620043401" download-size="3760" install-size="3760" />
	<plugin fragment="true" id="org.eclipse.ui.examples.readmetool.nl_ko" unpack="false" version="3.5.0.v20090620043401" download-size="4728" install-size="4728" />
	<plugin fragment="true" id="org.eclipse.ui.examples.undo.nl_ko" unpack="false" version="3.5.0.v20090620043401" download-size="3014" install-size="3014" />
	<plugin fragment="true" id="org.eclipse.ui.examples.views.properties.tabbed.article.nl_ko" unpack="false" version="3.5.0.v20090620043401" download-size="1503" install-size="1503" />
	<plugin fragment="true" id="org.eclipse.ui.externaltools.nl_ko" unpack="false" version="3.5.0.v20090620043401" download-size="9668" install-size="9668" />
	<plugin fragment="true" id="org.eclipse.ui.forms.nl_ko" unpack="false" version="3.5.0.v20090620043401" download-size="2463" install-size="2463" />
	<plugin fragment="true" id="org.eclipse.ui.ide.application.nl_ko" unpack="false" version="3.5.0.v20090620043401" download-size="1680" install-size="1680" />
	<plugin fragment="true" id="org.eclipse.ui.ide.nl_ko" unpack="false" version="3.5.0.v20090620043401" download-size="34714" install-size="34714" />
	<plugin fragment="true" id="org.eclipse.ui.intro.nl_ko" unpack="false" version="3.5.0.v20090620043401" download-size="3872" install-size="3872" />
	<plugin fragment="true" id="org.eclipse.ui.intro.universal.nl_ko" unpack="false" version="3.5.0.v20090620043401" download-size="5993" install-size="5993" />
	<plugin fragment="true" id="org.eclipse.ui.navigator.nl_ko" unpack="false" version="3.5.0.v20090620043401" download-size="4168" install-size="4168" />
	<plugin fragment="true" id="org.eclipse.ui.navigator.resources.nl_ko" unpack="false" version="3.5.0.v20090620043401" download-size="3753" install-size="3753" />
	<plugin fragment="true" id="org.eclipse.ui.net.nl_ko" unpack="false" version="3.5.0.v20090620043401" download-size="2660" install-size="2660" />
	<plugin fragment="true" id="org.eclipse.ui.nl_ko" unpack="false" version="3.5.0.v20090620043401" download-size="5433" install-size="5433" />
	<plugin fragment="true" id="org.eclipse.ui.presentations.r21.nl_ko" unpack="false" version="3.5.0.v20090620043401" download-size="2599" install-size="2599" />
	<plugin fragment="true" id="org.eclipse.ui.tests.navigator.nl_ko" unpack="false" version="3.5.0.v20090620043401" download-size="1517" install-size="1517" />
	<plugin fragment="true" id="org.eclipse.ui.tests.views.properties.tabbed.nl_ko" unpack="false" version="3.5.0.v20090620043401" download-size="1516" install-size="1516" />
	<plugin fragment="true" id="org.eclipse.ui.views.log.nl_ko" unpack="false" version="3.5.0.v20090620043401" download-size="3893" install-size="3893" />
	<plugin fragment="true" id="org.eclipse.ui.views.nl_ko" unpack="false" version="3.5.0.v20090620043401" download-size="3307" install-size="3307" />
	<plugin fragment="true" id="org.eclipse.ui.views.properties.tabbed.nl_ko" unpack="false" version="3.5.0.v20090620043401" download-size="3222" install-size="3222" />
	<plugin fragment="true" id="org.eclipse.ui.workbench.nl_ko" unpack="false" version="3.5.0.v20090620043401" download-size="30037" install-size="30037" />
	<plugin fragment="true" id="org.eclipse.ui.workbench.texteditor.nl_ko" unpack="false" version="3.5.0.v20090620043401" download-size="14760" install-size="14760" />
	<plugin fragment="true" id="org.eclipse.ui.workbench.texteditor.tests.nl_ko" unpack="false" version="3.5.0.v20090620043401" download-size="1448" install-size="1448" />
	<plugin fragment="true" id="org.eclipse.update.configurator.nl_ko" unpack="false" version="3.5.0.v20090620043401" download-size="3635" install-size="3635" />
	<plugin fragment="true" id="org.eclipse.update.core.nl_ko" unpack="false" version="3.5.0.v20090620043401" download-size="9211" install-size="9211" />
	<plugin fragment="true" id="org.eclipse.update.scheduler.nl_ko" unpack="false" version="3.5.0.v20090620043401" download-size="2977" install-size="2977" />
	<plugin fragment="true" id="org.eclipse.update.tests.core.nl_ko" unpack="false" version="3.5.0.v20090620043401" download-size="1674" install-size="1674" />
	<plugin fragment="true" id="org.eclipse.update.ui.nl_ko" unpack="false" version="3.5.0.v20090620043401" download-size="9836" install-size="9836" />
	<plugin fragment="true" id="org.junit4.nl_ko" unpack="false" version="3.5.0.v20090620043401" download-size="1420" install-size="1420" />
	<plugin fragment="true" id="security.a.frag.a.nl_ko" unpack="false" version="3.5.0.v20090620043401" download-size="1407" install-size="1407" />
	<plugin fragment="true" id="security.a.nl_ko" unpack="false" version="3.5.0.v20090620043401" download-size="1379" install-size="1379" />
</feature>