<?xml version="1.0" encoding="UTF-8" ?>
<feature
	id="org.eclipse.babel.nls_webtools.jeetools_nl"
	label="Babel Language Pack for webtools.jeetools in Dutch (94.79%)"
	image="eclipse_update_120.jpg"
	provider-name="%providerName"
	version="3.5.0.v20090620043401">
	<copyright>
		%copyright
	</copyright>
	<license url="%licenseURL">
		%license
	</license>
	<description>Babel Language Pack for webtools.jeetools in Dutch</description>
	<plugin fragment="true" id="org.eclipse.jem.beaninfo.nl_nl" unpack="false" version="3.5.0.v20090620043401" download-size="3131" install-size="3131" />
	<plugin fragment="true" id="org.eclipse.jem.beaninfo.vm.common.nl_nl" unpack="false" version="3.5.0.v20090620043401" download-size="1377" install-size="1377" />
	<plugin fragment="true" id="org.eclipse.jem.beaninfo.vm.nl_nl" unpack="false" version="3.5.0.v20090620043401" download-size="3027" install-size="3027" />
	<plugin fragment="true" id="org.eclipse.jem.nl_nl" unpack="false" version="3.5.0.v20090620043401" download-size="3911" install-size="3911" />
	<plugin fragment="true" id="org.eclipse.jem.proxy.nl_nl" unpack="false" version="3.5.0.v20090620043401" download-size="7052" install-size="7052" />
	<plugin fragment="true" id="org.eclipse.jem.tests.nl_nl" unpack="false" version="3.5.0.v20090620043401" download-size="1365" install-size="1365" />
	<plugin fragment="true" id="org.eclipse.jem.workbench.nl_nl" unpack="false" version="3.5.0.v20090620043401" download-size="2452" install-size="2452" />
	<plugin fragment="true" id="org.eclipse.jst.j2ee.core.nl_nl" unpack="false" version="3.5.0.v20090620043401" download-size="30036" install-size="30036" />
	<plugin fragment="true" id="org.eclipse.jst.j2ee.doc.user.nl_nl" unpack="false" version="3.5.0.v20090620043401" download-size="1400" install-size="1400" />
	<plugin fragment="true" id="org.eclipse.jst.j2ee.infopop.nl_nl" unpack="false" version="3.5.0.v20090620043401" download-size="1371" install-size="1371" />
	<plugin fragment="true" id="org.eclipse.jst.j2ee.jca.nl_nl" unpack="false" version="3.5.0.v20090620043401" download-size="2479" install-size="2479" />
	<plugin fragment="true" id="org.eclipse.jst.j2ee.jca.ui.nl_nl" unpack="false" version="3.5.0.v20090620043401" download-size="2004" install-size="2004" />
	<plugin fragment="true" id="org.eclipse.jst.j2ee.navigator.ui.nl_nl" unpack="false" version="3.5.0.v20090620043401" download-size="3509" install-size="3509" />
	<plugin fragment="true" id="org.eclipse.jst.j2ee.nl_nl" unpack="false" version="3.5.0.v20090620043401" download-size="26934" install-size="26934" />
	<plugin fragment="true" id="org.eclipse.jst.j2ee.ui.nl_nl" unpack="false" version="3.5.0.v20090620043401" download-size="15172" install-size="15172" />
	<plugin fragment="true" id="org.eclipse.jst.j2ee.web.nl_nl" unpack="false" version="3.5.0.v20090620043401" download-size="18644" install-size="18644" />
	<plugin fragment="true" id="org.eclipse.jst.j2ee.webservice.nl_nl" unpack="false" version="3.5.0.v20090620043401" download-size="2670" install-size="2670" />
	<plugin fragment="true" id="org.eclipse.jst.j2ee.webservice.ui.nl_nl" unpack="false" version="3.5.0.v20090620043401" download-size="2414" install-size="2414" />
	<plugin fragment="true" id="org.eclipse.jst.j2ee.xdoclet.runtime.nl_nl" unpack="false" version="3.5.0.v20090620043401" download-size="2305" install-size="2305" />
	<plugin fragment="true" id="org.eclipse.jst.jee.nl_nl" unpack="false" version="3.5.0.v20090620043401" download-size="1367" install-size="1367" />
	<plugin fragment="true" id="org.eclipse.jst.jee.ui.nl_nl" unpack="false" version="3.5.0.v20090620043401" download-size="2594" install-size="2594" />
	<plugin fragment="true" id="org.eclipse.jst.jee.web.nl_nl" unpack="false" version="3.5.0.v20090620043401" download-size="1371" install-size="1371" />
	<plugin fragment="true" id="org.eclipse.jst.servlet.ui.infopop.nl_nl" unpack="false" version="3.5.0.v20090620043401" download-size="1402" install-size="1402" />
	<plugin fragment="true" id="org.eclipse.jst.servlet.ui.nl_nl" unpack="false" version="3.5.0.v20090620043401" download-size="5512" install-size="5512" />
	<plugin fragment="true" id="org.eclipse.wst.web.ui.infopop.nl_nl" unpack="false" version="3.5.0.v20090620043401" download-size="1394" install-size="1394" />
</feature>