<?xml version="1.0" encoding="UTF-8" ?>
<feature
	id="org.eclipse.babel.nls_webtools.webservices_uk"
	label="Babel Language Pack for webtools.webservices in Ukrainian (6.73%)"
	image="eclipse_update_120.jpg"
	provider-name="%providerName"
	version="3.5.0.v20090620043401">
	<copyright>
		%copyright
	</copyright>
	<license url="%licenseURL">
		%license
	</license>
	<description>Babel Language Pack for webtools.webservices in Ukrainian</description>
	<plugin fragment="true" id="org.eclipse.jst.ws.axis.consumption.core.nl_uk" unpack="false" version="3.5.0.v20090620043401" download-size="2144" install-size="2144" />
	<plugin fragment="true" id="org.eclipse.jst.ws.axis.consumption.ui.nl_uk" unpack="false" version="3.5.0.v20090620043401" download-size="1384" install-size="1384" />
	<plugin fragment="true" id="org.eclipse.jst.ws.axis.creation.ui.nl_uk" unpack="false" version="3.5.0.v20090620043401" download-size="1381" install-size="1381" />
	<plugin fragment="true" id="org.eclipse.jst.ws.axis2.consumption.core.nl_uk" unpack="false" version="3.5.0.v20090620043401" download-size="2762" install-size="2762" />
	<plugin fragment="true" id="org.eclipse.jst.ws.axis2.consumption.ui.nl_uk" unpack="false" version="3.5.0.v20090620043401" download-size="1385" install-size="1385" />
	<plugin fragment="true" id="org.eclipse.jst.ws.axis2.core.nl_uk" unpack="false" version="3.5.0.v20090620043401" download-size="2713" install-size="2713" />
	<plugin fragment="true" id="org.eclipse.jst.ws.axis2.creation.core.nl_uk" unpack="false" version="3.5.0.v20090620043401" download-size="2730" install-size="2730" />
	<plugin fragment="true" id="org.eclipse.jst.ws.axis2.creation.ui.nl_uk" unpack="false" version="3.5.0.v20090620043401" download-size="1382" install-size="1382" />
	<plugin fragment="true" id="org.eclipse.jst.ws.axis2.ui.doc.user.nl_uk" unpack="false" version="3.5.0.v20090620043401" download-size="1378" install-size="1378" />
	<plugin fragment="true" id="org.eclipse.jst.ws.axis2.ui.nl_uk" unpack="false" version="3.5.0.v20090620043401" download-size="1377" install-size="1377" />
	<plugin fragment="true" id="org.eclipse.jst.ws.consumption.nl_uk" unpack="false" version="3.5.0.v20090620043401" download-size="2427" install-size="2427" />
	<plugin fragment="true" id="org.eclipse.jst.ws.consumption.ui.nl_uk" unpack="false" version="3.5.0.v20090620043401" download-size="2857" install-size="2857" />
	<plugin fragment="true" id="org.eclipse.jst.ws.creation.ejb.ui.nl_uk" unpack="false" version="3.5.0.v20090620043401" download-size="1380" install-size="1380" />
	<plugin fragment="true" id="org.eclipse.jst.ws.creation.ui.nl_uk" unpack="false" version="3.5.0.v20090620043401" download-size="1378" install-size="1378" />
	<plugin fragment="true" id="org.eclipse.jst.ws.nl_uk" unpack="false" version="3.5.0.v20090620043401" download-size="1371" install-size="1371" />
	<plugin fragment="true" id="org.eclipse.jst.ws.uddiregistry.nl_uk" unpack="false" version="3.5.0.v20090620043401" download-size="1379" install-size="1379" />
	<plugin fragment="true" id="org.eclipse.jst.ws.ui.nl_uk" unpack="false" version="3.5.0.v20090620043401" download-size="2421" install-size="2421" />
	<plugin fragment="true" id="org.eclipse.wst.command.env.core.nl_uk" unpack="false" version="3.5.0.v20090620043401" download-size="2615" install-size="2615" />
	<plugin fragment="true" id="org.eclipse.wst.command.env.nl_uk" unpack="false" version="3.5.0.v20090620043401" download-size="2967" install-size="2967" />
	<plugin fragment="true" id="org.eclipse.wst.command.env.ui.nl_uk" unpack="false" version="3.5.0.v20090620043401" download-size="1378" install-size="1378" />
	<plugin fragment="true" id="org.eclipse.wst.ws.explorer.nl_uk" unpack="false" version="3.5.0.v20090620043401" download-size="3258" install-size="3258" />
	<plugin fragment="true" id="org.eclipse.wst.ws.nl_uk" unpack="false" version="3.5.0.v20090620043401" download-size="2248" install-size="2248" />
	<plugin fragment="true" id="org.eclipse.wst.ws.parser.nl_uk" unpack="false" version="3.5.0.v20090620043401" download-size="1375" install-size="1375" />
	<plugin fragment="true" id="org.eclipse.wst.ws.service.policy.nl_uk" unpack="false" version="3.5.0.v20090620043401" download-size="1483" install-size="1483" />
	<plugin fragment="true" id="org.eclipse.wst.ws.service.policy.ui.nl_uk" unpack="false" version="3.5.0.v20090620043401" download-size="2832" install-size="2832" />
	<plugin fragment="true" id="org.eclipse.wst.ws.ui.nl_uk" unpack="false" version="3.5.0.v20090620043401" download-size="2339" install-size="2339" />
	<plugin fragment="true" id="org.eclipse.wst.wsdl.nl_uk" unpack="false" version="3.5.0.v20090620043401" download-size="1367" install-size="1367" />
	<plugin fragment="true" id="org.eclipse.wst.wsdl.ui.nl_uk" unpack="false" version="3.5.0.v20090620043401" download-size="4048" install-size="4048" />
	<plugin fragment="true" id="org.eclipse.wst.wsdl.validation.nl_uk" unpack="false" version="3.5.0.v20090620043401" download-size="1378" install-size="1378" />
	<plugin fragment="true" id="org.eclipse.wst.wsi.nl_uk" unpack="false" version="3.5.0.v20090620043401" download-size="2537" install-size="2537" />
	<plugin fragment="true" id="org.eclipse.wst.wsi.ui.nl_uk" unpack="false" version="3.5.0.v20090620043401" download-size="2366" install-size="2366" />
</feature>