<?xml version="1.0" encoding="UTF-8" ?>
<feature
	id="org.eclipse.babel.nls_rt.rap_sv"
	label="Babel Language Pack for rt.rap in Swedish (79.84%)"
	image="eclipse_update_120.jpg"
	provider-name="%providerName"
	version="3.5.0.v20090620043401">
	<copyright>
		%copyright
	</copyright>
	<license url="%licenseURL">
		%license
	</license>
	<description>Babel Language Pack for rt.rap in Swedish</description>
	<plugin fragment="true" id="org.eclipse.rap.design.example.nl_sv" unpack="false" version="3.5.0.v20090620043401" download-size="1373" install-size="1373" />
	<plugin fragment="true" id="org.eclipse.rap.jface.databinding.nl_sv" unpack="false" version="3.5.0.v20090620043401" download-size="1397" install-size="1397" />
	<plugin fragment="true" id="org.eclipse.rap.jface.nl_sv" unpack="false" version="3.5.0.v20090620043401" download-size="10029" install-size="10029" />
	<plugin fragment="true" id="org.eclipse.rap.rwt.nl_sv" unpack="false" version="3.5.0.v20090620043401" download-size="2810" install-size="2810" />
	<plugin fragment="true" id="org.eclipse.rap.rwt.test.nl_sv" unpack="false" version="3.5.0.v20090620043401" download-size="1373" install-size="1373" />
	<plugin fragment="true" id="org.eclipse.rap.ui.forms.nl_sv" unpack="false" version="3.5.0.v20090620043401" download-size="2283" install-size="2283" />
	<plugin fragment="true" id="org.eclipse.rap.ui.help.nl_sv" unpack="false" version="3.5.0.v20090620043401" download-size="1368" install-size="1368" />
	<plugin fragment="true" id="org.eclipse.rap.ui.intro.nl_sv" unpack="false" version="3.5.0.v20090620043401" download-size="2541" install-size="2541" />
	<plugin fragment="true" id="org.eclipse.rap.ui.launch.nl_sv" unpack="false" version="3.5.0.v20090620043401" download-size="2485" install-size="2485" />
	<plugin fragment="true" id="org.eclipse.rap.ui.nl_sv" unpack="false" version="3.5.0.v20090620043401" download-size="4934" install-size="4934" />
	<plugin fragment="true" id="org.eclipse.rap.ui.templates.nl_sv" unpack="false" version="3.5.0.v20090620043401" download-size="2596" install-size="2596" />
	<plugin fragment="true" id="org.eclipse.rap.ui.views.nl_sv" unpack="false" version="3.5.0.v20090620043401" download-size="3159" install-size="3159" />
	<plugin fragment="true" id="org.eclipse.rap.ui.workbench.nl_sv" unpack="false" version="3.5.0.v20090620043401" download-size="24955" install-size="24955" />
</feature>