<?xml version="1.0" encoding="UTF-8" ?>
<feature
	id="org.eclipse.babel.nls_technology.subversive_bg"
	label="Babel Language Pack for technology.subversive in Bulgarian (0.17%)"
	image="eclipse_update_120.jpg"
	provider-name="%providerName"
	version="3.5.0.v20090620043401">
	<copyright>
		%copyright
	</copyright>
	<license url="%licenseURL">
		%license
	</license>
	<description>Babel Language Pack for technology.subversive in Bulgarian</description>
	<plugin fragment="true" id="org.eclipse.team.svn.core.nl_bg" unpack="false" version="3.5.0.v20090620043401" download-size="1369" install-size="1369" />
	<plugin fragment="true" id="org.eclipse.team.svn.mylyn.nl_bg" unpack="false" version="3.5.0.v20090620043401" download-size="1371" install-size="1371" />
	<plugin fragment="true" id="org.eclipse.team.svn.ui.nl_bg" unpack="false" version="3.5.0.v20090620043401" download-size="2190" install-size="2190" />
</feature>