<?xml version="1.0" encoding="UTF-8" ?>
<feature
	id="org.eclipse.babel.nls_eclipse_pt"
	label="Babel Language Pack for eclipse in Portuguese (79.25%)"
	image="eclipse_update_120.jpg"
	provider-name="%providerName"
	version="3.5.0.v20090620043401">
	<copyright>
		%copyright
	</copyright>
	<license url="%licenseURL">
		%license
	</license>
	<description>Babel Language Pack for eclipse in Portuguese</description>
	<plugin fragment="true" id="org.eclipse.ant.core.nl_pt" unpack="false" version="3.5.0.v20090620043401" download-size="4630" install-size="4630" />
	<plugin fragment="true" id="org.eclipse.ant.tests.core.nl_pt" unpack="false" version="3.5.0.v20090620043401" download-size="1370" install-size="1370" />
	<plugin fragment="true" id="org.eclipse.ant.tests.ui.nl_pt" unpack="false" version="3.5.0.v20090620043401" download-size="1369" install-size="1369" />
	<plugin fragment="true" id="org.eclipse.ant.ui.nl_pt" unpack="false" version="3.5.0.v20090620043401" download-size="24891" install-size="24891" />
	<plugin fragment="true" id="org.eclipse.compare.core.nl_pt" unpack="false" version="3.5.0.v20090620043401" download-size="2356" install-size="2356" />
	<plugin fragment="true" id="org.eclipse.compare.examples.nl_pt" unpack="false" version="3.5.0.v20090620043401" download-size="1373" install-size="1373" />
	<plugin fragment="true" id="org.eclipse.compare.examples.xml.nl_pt" unpack="false" version="3.5.0.v20090620043401" download-size="2540" install-size="2540" />
	<plugin fragment="true" id="org.eclipse.compare.nl_pt" unpack="false" version="3.5.0.v20090620043401" download-size="13356" install-size="13356" />
	<plugin fragment="true" id="org.eclipse.compare.tests.nl_pt" unpack="false" version="3.5.0.v20090620043401" download-size="1603" install-size="1603" />
	<plugin fragment="true" id="org.eclipse.compare.win32.nl_pt" unpack="false" version="3.5.0.v20090620043401" download-size="2554" install-size="2554" />
	<plugin fragment="true" id="org.eclipse.core.boot.nl_pt" unpack="false" version="3.5.0.v20090620043401" download-size="1380" install-size="1380" />
	<plugin fragment="true" id="org.eclipse.core.commands.nl_pt" unpack="false" version="3.5.0.v20090620043401" download-size="1383" install-size="1383" />
	<plugin fragment="true" id="org.eclipse.core.contenttype.nl_pt" unpack="false" version="3.5.0.v20090620043401" download-size="2670" install-size="2670" />
	<plugin fragment="true" id="org.eclipse.core.databinding.beans.nl_pt" unpack="false" version="3.5.0.v20090620043401" download-size="1408" install-size="1408" />
	<plugin fragment="true" id="org.eclipse.core.databinding.nl_pt" unpack="false" version="3.5.0.v20090620043401" download-size="2728" install-size="2728" />
	<plugin fragment="true" id="org.eclipse.core.databinding.observable.nl_pt" unpack="false" version="3.5.0.v20090620043401" download-size="1380" install-size="1380" />
	<plugin fragment="true" id="org.eclipse.core.databinding.property.nl_pt" unpack="false" version="3.5.0.v20090620043401" download-size="1400" install-size="1400" />
	<plugin fragment="true" id="org.eclipse.core.expressions.nl_pt" unpack="false" version="3.5.0.v20090620043401" download-size="2998" install-size="2998" />
	<plugin fragment="true" id="org.eclipse.core.expressions.tests.nl_pt" unpack="false" version="3.5.0.v20090620043401" download-size="1430" install-size="1430" />
	<plugin fragment="true" id="org.eclipse.core.filebuffers.nl_pt" unpack="false" version="3.5.0.v20090620043401" download-size="4093" install-size="4093" />
	<plugin fragment="true" id="org.eclipse.core.filebuffers.tests.nl_pt" unpack="false" version="3.5.0.v20090620043401" download-size="1381" install-size="1381" />
	<plugin fragment="true" id="org.eclipse.core.filesystem.nl_pt" unpack="false" version="3.5.0.v20090620043401" download-size="2947" install-size="2947" />
	<plugin fragment="true" id="org.eclipse.core.jobs.nl_pt" unpack="false" version="3.5.0.v20090620043401" download-size="2419" install-size="2419" />
	<plugin fragment="true" id="org.eclipse.core.net.linux.x86.nl_pt" unpack="false" version="3.5.0.v20090620043401" download-size="1400" install-size="1400" />
	<plugin fragment="true" id="org.eclipse.core.net.nl_pt" unpack="false" version="3.5.0.v20090620043401" download-size="2273" install-size="2273" />
	<plugin fragment="true" id="org.eclipse.core.net.win32.x86.nl_pt" unpack="false" version="3.5.0.v20090620043401" download-size="1403" install-size="1403" />
	<plugin fragment="true" id="org.eclipse.core.resources.nl_pt" unpack="false" version="3.5.0.v20090620043401" download-size="9211" install-size="9211" />
	<plugin fragment="true" id="org.eclipse.core.runtime.compatibility.auth.nl_pt" unpack="false" version="3.5.0.v20090620043401" download-size="2698" install-size="2698" />
	<plugin fragment="true" id="org.eclipse.core.runtime.compatibility.nl_pt" unpack="false" version="3.5.0.v20090620043401" download-size="2459" install-size="2459" />
	<plugin fragment="true" id="org.eclipse.core.runtime.nl_pt" unpack="false" version="3.5.0.v20090620043401" download-size="3753" install-size="3753" />
	<plugin fragment="true" id="org.eclipse.core.variables.nl_pt" unpack="false" version="3.5.0.v20090620043401" download-size="2555" install-size="2555" />
	<plugin fragment="true" id="org.eclipse.cvs.nl_pt" unpack="false" version="3.5.0.v20090620043401" download-size="1365" install-size="1365" />
	<plugin fragment="true" id="org.eclipse.debug.core.nl_pt" unpack="false" version="3.5.0.v20090620043401" download-size="6581" install-size="6581" />
	<plugin fragment="true" id="org.eclipse.debug.examples.ui.nl_pt" unpack="false" version="3.5.0.v20090620043401" download-size="2392" install-size="2392" />
	<plugin fragment="true" id="org.eclipse.debug.ui.nl_pt" unpack="false" version="3.5.0.v20090620043401" download-size="33188" install-size="33188" />
	<plugin fragment="true" id="org.eclipse.equinox.app.nl_pt" unpack="false" version="3.5.0.v20090620043401" download-size="2850" install-size="2850" />
	<plugin fragment="true" id="org.eclipse.equinox.cm.nl_pt" unpack="false" version="3.5.0.v20090620043401" download-size="1401" install-size="1401" />
	<plugin fragment="true" id="org.eclipse.equinox.common.nl_pt" unpack="false" version="3.5.0.v20090620043401" download-size="3190" install-size="3190" />
	<plugin fragment="true" id="org.eclipse.equinox.concurrent.nl_pt" unpack="false" version="3.5.0.v20090620043401" download-size="1375" install-size="1375" />
	<plugin fragment="true" id="org.eclipse.equinox.device.nl_pt" unpack="false" version="3.5.0.v20090620043401" download-size="3124" install-size="3124" />
	<plugin fragment="true" id="org.eclipse.equinox.ds.nl_pt" unpack="false" version="3.5.0.v20090620043401" download-size="1369" install-size="1369" />
	<plugin fragment="true" id="org.eclipse.equinox.event.nl_pt" unpack="false" version="3.5.0.v20090620043401" download-size="2374" install-size="2374" />
	<plugin fragment="true" id="org.eclipse.equinox.http.jetty5.nl_pt" unpack="false" version="3.5.0.v20090620043401" download-size="1434" install-size="1434" />
	<plugin fragment="true" id="org.eclipse.equinox.http.jetty6.nl_pt" unpack="false" version="3.5.0.v20090620043401" download-size="1434" install-size="1434" />
	<plugin fragment="true" id="org.eclipse.equinox.http.nl_pt" unpack="false" version="3.5.0.v20090620043401" download-size="3870" install-size="3870" />
	<plugin fragment="true" id="org.eclipse.equinox.http.registry.nl_pt" unpack="false" version="3.5.0.v20090620043401" download-size="1376" install-size="1376" />
	<plugin fragment="true" id="org.eclipse.equinox.http.servlet.nl_pt" unpack="false" version="3.5.0.v20090620043401" download-size="1376" install-size="1376" />
	<plugin fragment="true" id="org.eclipse.equinox.http.servletbridge.nl_pt" unpack="false" version="3.5.0.v20090620043401" download-size="1380" install-size="1380" />
	<plugin fragment="true" id="org.eclipse.equinox.io.nl_pt" unpack="false" version="3.5.0.v20090620043401" download-size="1369" install-size="1369" />
	<plugin fragment="true" id="org.eclipse.equinox.ip.nl_pt" unpack="false" version="3.5.0.v20090620043401" download-size="1369" install-size="1369" />
	<plugin fragment="true" id="org.eclipse.equinox.jsp.jasper.nl_pt" unpack="false" version="3.5.0.v20090620043401" download-size="1375" install-size="1375" />
	<plugin fragment="true" id="org.eclipse.equinox.jsp.jasper.registry.nl_pt" unpack="false" version="3.5.0.v20090620043401" download-size="1380" install-size="1380" />
	<plugin fragment="true" id="org.eclipse.equinox.launcher.carbon.macosx.nl_pt" unpack="false" version="3.5.0.v20090620043401" download-size="1414" install-size="1414" />
	<plugin fragment="true" id="org.eclipse.equinox.launcher.cocoa.macosx.nl_pt" unpack="false" version="3.5.0.v20090620043401" download-size="1411" install-size="1411" />
	<plugin fragment="true" id="org.eclipse.equinox.launcher.gtk.linux.ppc.nl_pt" unpack="false" version="3.5.0.v20090620043401" download-size="1414" install-size="1414" />
	<plugin fragment="true" id="org.eclipse.equinox.launcher.gtk.linux.s390.nl_pt" unpack="false" version="3.5.0.v20090620043401" download-size="1417" install-size="1417" />
	<plugin fragment="true" id="org.eclipse.equinox.launcher.gtk.linux.s390x.nl_pt" unpack="false" version="3.5.0.v20090620043401" download-size="1420" install-size="1420" />
	<plugin fragment="true" id="org.eclipse.equinox.launcher.gtk.linux.x86.nl_pt" unpack="false" version="3.5.0.v20090620043401" download-size="1415" install-size="1415" />
	<plugin fragment="true" id="org.eclipse.equinox.launcher.gtk.solaris.sparc.nl_pt" unpack="false" version="3.5.0.v20090620043401" download-size="1429" install-size="1429" />
	<plugin fragment="true" id="org.eclipse.equinox.launcher.gtk.solaris.x86.nl_pt" unpack="false" version="3.5.0.v20090620043401" download-size="1420" install-size="1420" />
	<plugin fragment="true" id="org.eclipse.equinox.launcher.motif.aix.ppc.nl_pt" unpack="false" version="3.5.0.v20090620043401" download-size="1414" install-size="1414" />
	<plugin fragment="true" id="org.eclipse.equinox.launcher.motif.linux.x86.nl_pt" unpack="false" version="3.5.0.v20090620043401" download-size="1420" install-size="1420" />
	<plugin fragment="true" id="org.eclipse.equinox.launcher.motif.solaris.sparc.nl_pt" unpack="false" version="3.5.0.v20090620043401" download-size="1434" install-size="1434" />
	<plugin fragment="true" id="org.eclipse.equinox.launcher.nl_pt" unpack="false" version="3.5.0.v20090620043401" download-size="1404" install-size="1404" />
	<plugin fragment="true" id="org.eclipse.equinox.launcher.win32.win32.ia64.nl_pt" unpack="false" version="3.5.0.v20090620043401" download-size="1420" install-size="1420" />
	<plugin fragment="true" id="org.eclipse.equinox.launcher.win32.win32.x86.nl_pt" unpack="false" version="3.5.0.v20090620043401" download-size="1418" install-size="1418" />
	<plugin fragment="true" id="org.eclipse.equinox.launcher.wpf.win32.x86.nl_pt" unpack="false" version="3.5.0.v20090620043401" download-size="1416" install-size="1416" />
	<plugin fragment="true" id="org.eclipse.equinox.log.nl_pt" unpack="false" version="3.5.0.v20090620043401" download-size="1370" install-size="1370" />
	<plugin fragment="true" id="org.eclipse.equinox.metatype.nl_pt" unpack="false" version="3.5.0.v20090620043401" download-size="2822" install-size="2822" />
	<plugin fragment="true" id="org.eclipse.equinox.preferences.nl_pt" unpack="false" version="3.5.0.v20090620043401" download-size="3051" install-size="3051" />
	<plugin fragment="true" id="org.eclipse.equinox.registry.nl_pt" unpack="false" version="3.5.0.v20090620043401" download-size="3582" install-size="3582" />
	<plugin fragment="true" id="org.eclipse.equinox.security.nl_pt" unpack="false" version="3.5.0.v20090620043401" download-size="2714" install-size="2714" />
	<plugin fragment="true" id="org.eclipse.equinox.security.ui.nl_pt" unpack="false" version="3.5.0.v20090620043401" download-size="4541" install-size="4541" />
	<plugin fragment="true" id="org.eclipse.equinox.servletbridge.nl_pt" unpack="false" version="3.5.0.v20090620043401" download-size="1376" install-size="1376" />
	<plugin fragment="true" id="org.eclipse.equinox.transforms.xslt.nl_pt" unpack="false" version="3.5.0.v20090620043401" download-size="1377" install-size="1377" />
	<plugin fragment="true" id="org.eclipse.equinox.useradmin.nl_pt" unpack="false" version="3.5.0.v20090620043401" download-size="3212" install-size="3212" />
	<plugin fragment="true" id="org.eclipse.equinox.util.nl_pt" unpack="false" version="3.5.0.v20090620043401" download-size="1370" install-size="1370" />
	<plugin fragment="true" id="org.eclipse.equinox.wireadmin.nl_pt" unpack="false" version="3.5.0.v20090620043401" download-size="1374" install-size="1374" />
	<plugin fragment="true" id="org.eclipse.help.appserver.nl_pt" unpack="false" version="3.5.0.v20090620043401" download-size="2592" install-size="2592" />
	<plugin fragment="true" id="org.eclipse.help.base.nl_pt" unpack="false" version="3.5.0.v20090620043401" download-size="4031" install-size="4031" />
	<plugin fragment="true" id="org.eclipse.help.nl_pt" unpack="false" version="3.5.0.v20090620043401" download-size="1499" install-size="1499" />
	<plugin fragment="true" id="org.eclipse.help.ui.nl_pt" unpack="false" version="3.5.0.v20090620043401" download-size="5512" install-size="5512" />
	<plugin fragment="true" id="org.eclipse.help.webapp.nl_pt" unpack="false" version="3.5.0.v20090620043401" download-size="4736" install-size="4736" />
	<plugin fragment="true" id="org.eclipse.jdt.apt.core.nl_pt" unpack="false" version="3.5.0.v20090620043401" download-size="3904" install-size="3904" />
	<plugin fragment="true" id="org.eclipse.jdt.apt.pluggable.core.nl_pt" unpack="false" version="3.5.0.v20090620043401" download-size="1376" install-size="1376" />
	<plugin fragment="true" id="org.eclipse.jdt.apt.pluggable.tests.nl_pt" unpack="false" version="3.5.0.v20090620043401" download-size="1377" install-size="1377" />
	<plugin fragment="true" id="org.eclipse.jdt.apt.tests.nl_pt" unpack="false" version="3.5.0.v20090620043401" download-size="1370" install-size="1370" />
	<plugin fragment="true" id="org.eclipse.jdt.apt.ui.nl_pt" unpack="false" version="3.5.0.v20090620043401" download-size="4634" install-size="4634" />
	<plugin fragment="true" id="org.eclipse.jdt.compiler.apt.tests.nl_pt" unpack="false" version="3.5.0.v20090620043401" download-size="1376" install-size="1376" />
	<plugin fragment="true" id="org.eclipse.jdt.compiler.tool.tests.nl_pt" unpack="false" version="3.5.0.v20090620043401" download-size="1376" install-size="1376" />
	<plugin fragment="true" id="org.eclipse.jdt.core.manipulation.nl_pt" unpack="false" version="3.5.0.v20090620043401" download-size="3285" install-size="3285" />
	<plugin fragment="true" id="org.eclipse.jdt.core.nl_pt" unpack="false" version="3.5.0.v20090620043401" download-size="29502" install-size="29502" />
	<plugin fragment="true" id="org.eclipse.jdt.core.tests.builder.nl_pt" unpack="false" version="3.5.0.v20090620043401" download-size="1376" install-size="1376" />
	<plugin fragment="true" id="org.eclipse.jdt.core.tests.compiler.nl_pt" unpack="false" version="3.5.0.v20090620043401" download-size="1377" install-size="1377" />
	<plugin fragment="true" id="org.eclipse.jdt.core.tests.model.nl_pt" unpack="false" version="3.5.0.v20090620043401" download-size="12072" install-size="12072" />
	<plugin fragment="true" id="org.eclipse.jdt.core.tests.performance.nl_pt" unpack="false" version="3.5.0.v20090620043401" download-size="1379" install-size="1379" />
	<plugin fragment="true" id="org.eclipse.jdt.debug.nl_pt" unpack="false" version="3.5.0.v20090620043401" download-size="21085" install-size="21085" />
	<plugin fragment="true" id="org.eclipse.jdt.debug.tests.nl_pt" unpack="false" version="3.5.0.v20090620043401" download-size="1372" install-size="1372" />
	<plugin fragment="true" id="org.eclipse.jdt.debug.ui.nl_pt" unpack="false" version="3.5.0.v20090620043401" download-size="30751" install-size="30751" />
	<plugin fragment="true" id="org.eclipse.jdt.doc.isv.nl_pt" unpack="false" version="3.5.0.v20090620043401" download-size="1783" install-size="1783" />
	<plugin fragment="true" id="org.eclipse.jdt.doc.user.nl_pt" unpack="false" version="3.5.0.v20090620043401" download-size="1782" install-size="1782" />
	<plugin fragment="true" id="org.eclipse.jdt.junit.nl_pt" unpack="false" version="3.5.0.v20090620043401" download-size="8728" install-size="8728" />
	<plugin fragment="true" id="org.eclipse.jdt.junit.runtime.nl_pt" unpack="false" version="3.5.0.v20090620043401" download-size="2938" install-size="2938" />
	<plugin fragment="true" id="org.eclipse.jdt.junit4.runtime.nl_pt" unpack="false" version="3.5.0.v20090620043401" download-size="1450" install-size="1450" />
	<plugin fragment="true" id="org.eclipse.jdt.launching.macosx.nl_pt" unpack="false" version="3.5.0.v20090620043401" download-size="2463" install-size="2463" />
	<plugin fragment="true" id="org.eclipse.jdt.launching.nl_pt" unpack="false" version="3.5.0.v20090620043401" download-size="6439" install-size="6439" />
	<plugin fragment="true" id="org.eclipse.jdt.launching.ui.macosx.nl_pt" unpack="false" version="3.5.0.v20090620043401" download-size="2577" install-size="2577" />
	<plugin fragment="true" id="org.eclipse.jdt.nl_pt" unpack="false" version="3.5.0.v20090620043401" download-size="1552" install-size="1552" />
	<plugin fragment="true" id="org.eclipse.jdt.text.tests.nl_pt" unpack="false" version="3.5.0.v20090620043401" download-size="1376" install-size="1376" />
	<plugin fragment="true" id="org.eclipse.jdt.ui.examples.projects.nl_pt" unpack="false" version="3.5.0.v20090620043401" download-size="2704" install-size="2704" />
	<plugin fragment="true" id="org.eclipse.jdt.ui.nl_pt" unpack="false" version="3.5.0.v20090620043401" download-size="153609" install-size="153609" />
	<plugin fragment="true" id="org.eclipse.jdt.ui.tests.nl_pt" unpack="false" version="3.5.0.v20090620043401" download-size="1375" install-size="1375" />
	<plugin fragment="true" id="org.eclipse.jdt.ui.tests.refactoring.nl_pt" unpack="false" version="3.5.0.v20090620043401" download-size="1382" install-size="1382" />
	<plugin fragment="true" id="org.eclipse.jface.databinding.nl_pt" unpack="false" version="3.5.0.v20090620043401" download-size="1412" install-size="1412" />
	<plugin fragment="true" id="org.eclipse.jface.examples.databinding.nl_pt" unpack="false" version="3.5.0.v20090620043401" download-size="1408" install-size="1408" />
	<plugin fragment="true" id="org.eclipse.jface.nl_pt" unpack="false" version="3.5.0.v20090620043401" download-size="9827" install-size="9827" />
	<plugin fragment="true" id="org.eclipse.jface.tests.databinding.conformance.nl_pt" unpack="false" version="3.5.0.v20090620043401" download-size="1385" install-size="1385" />
	<plugin fragment="true" id="org.eclipse.jface.tests.databinding.nl_pt" unpack="false" version="3.5.0.v20090620043401" download-size="1377" install-size="1377" />
	<plugin fragment="true" id="org.eclipse.jface.text.nl_pt" unpack="false" version="3.5.0.v20090620043401" download-size="11461" install-size="11461" />
	<plugin fragment="true" id="org.eclipse.jface.text.tests.nl_pt" unpack="false" version="3.5.0.v20090620043401" download-size="1402" install-size="1402" />
	<plugin fragment="true" id="org.eclipse.jsch.core.nl_pt" unpack="false" version="3.5.0.v20090620043401" download-size="2487" install-size="2487" />
	<plugin fragment="true" id="org.eclipse.jsch.ui.nl_pt" unpack="false" version="3.5.0.v20090620043401" download-size="3851" install-size="3851" />
	<plugin fragment="true" id="org.eclipse.ltk.core.refactoring.nl_pt" unpack="false" version="3.5.0.v20090620043401" download-size="4587" install-size="4587" />
	<plugin fragment="true" id="org.eclipse.ltk.core.refactoring.tests.nl_pt" unpack="false" version="3.5.0.v20090620043401" download-size="1378" install-size="1378" />
	<plugin fragment="true" id="org.eclipse.ltk.ui.refactoring.nl_pt" unpack="false" version="3.5.0.v20090620043401" download-size="8540" install-size="8540" />
	<plugin fragment="true" id="org.eclipse.ltk.ui.refactoring.tests.nl_pt" unpack="false" version="3.5.0.v20090620043401" download-size="1377" install-size="1377" />
	<plugin fragment="true" id="org.eclipse.osgi.nl_pt" unpack="false" version="3.5.0.v20090620043401" download-size="6832" install-size="6832" />
	<plugin fragment="true" id="org.eclipse.osgi.services.nl_pt" unpack="false" version="3.5.0.v20090620043401" download-size="1532" install-size="1532" />
	<plugin fragment="true" id="org.eclipse.osgi.util.nl_pt" unpack="false" version="3.5.0.v20090620043401" download-size="1531" install-size="1531" />
	<plugin fragment="true" id="org.eclipse.pde.api.tools.nl_pt" unpack="false" version="3.5.0.v20090620043401" download-size="3200" install-size="3200" />
	<plugin fragment="true" id="org.eclipse.pde.api.tools.ui.nl_pt" unpack="false" version="3.5.0.v20090620043401" download-size="7054" install-size="7054" />
	<plugin fragment="true" id="org.eclipse.pde.build.nl_pt" unpack="false" version="3.5.0.v20090620043401" download-size="5493" install-size="5493" />
	<plugin fragment="true" id="org.eclipse.pde.build.tests.nl_pt" unpack="false" version="3.5.0.v20090620043401" download-size="1374" install-size="1374" />
	<plugin fragment="true" id="org.eclipse.pde.core.nl_pt" unpack="false" version="3.5.0.v20090620043401" download-size="8473" install-size="8473" />
	<plugin fragment="true" id="org.eclipse.pde.doc.user.nl_pt" unpack="false" version="3.5.0.v20090620043401" download-size="1746" install-size="1746" />
	<plugin fragment="true" id="org.eclipse.pde.ds.core.nl_pt" unpack="false" version="3.5.0.v20090620043401" download-size="2361" install-size="2361" />
	<plugin fragment="true" id="org.eclipse.pde.ds.tests.nl_pt" unpack="false" version="3.5.0.v20090620043401" download-size="1369" install-size="1369" />
	<plugin fragment="true" id="org.eclipse.pde.ds.ui.nl_pt" unpack="false" version="3.5.0.v20090620043401" download-size="2890" install-size="2890" />
	<plugin fragment="true" id="org.eclipse.pde.junit.runtime.nl_pt" unpack="false" version="3.5.0.v20090620043401" download-size="1404" install-size="1404" />
	<plugin fragment="true" id="org.eclipse.pde.nl_pt" unpack="false" version="3.5.0.v20090620043401" download-size="1382" install-size="1382" />
	<plugin fragment="true" id="org.eclipse.pde.runtime.nl_pt" unpack="false" version="3.5.0.v20090620043401" download-size="3459" install-size="3459" />
	<plugin fragment="true" id="org.eclipse.pde.tools.versioning.nl_pt" unpack="false" version="3.5.0.v20090620043401" download-size="1387" install-size="1387" />
	<plugin fragment="true" id="org.eclipse.pde.ua.core.nl_pt" unpack="false" version="3.5.0.v20090620043401" download-size="1463" install-size="1463" />
	<plugin fragment="true" id="org.eclipse.pde.ua.ui.nl_pt" unpack="false" version="3.5.0.v20090620043401" download-size="11450" install-size="11450" />
	<plugin fragment="true" id="org.eclipse.pde.ui.nl_pt" unpack="false" version="3.5.0.v20090620043401" download-size="37008" install-size="37008" />
	<plugin fragment="true" id="org.eclipse.pde.ui.templates.nl_pt" unpack="false" version="3.5.0.v20090620043401" download-size="3415" install-size="3415" />
	<plugin fragment="true" id="org.eclipse.platform.doc.isv.nl_pt" unpack="false" version="3.5.0.v20090620043401" download-size="1416" install-size="1416" />
	<plugin fragment="true" id="org.eclipse.platform.doc.user.nl_pt" unpack="false" version="3.5.0.v20090620043401" download-size="1393" install-size="1393" />
	<plugin fragment="true" id="org.eclipse.platform.nl_pt" unpack="false" version="3.5.0.v20090620043401" download-size="2497" install-size="2497" />
	<plugin fragment="true" id="org.eclipse.rcp.nl_pt" unpack="false" version="3.5.0.v20090620043401" download-size="1699" install-size="1699" />
	<plugin fragment="true" id="org.eclipse.releng.tools.nl_pt" unpack="false" version="3.5.0.v20090620043401" download-size="2222" install-size="2222" />
	<plugin fragment="true" id="org.eclipse.sdk.examples.nl_pt" unpack="false" version="3.5.0.v20090620043401" download-size="1371" install-size="1371" />
	<plugin fragment="true" id="org.eclipse.sdk.nl_pt" unpack="false" version="3.5.0.v20090620043401" download-size="2686" install-size="2686" />
	<plugin fragment="true" id="org.eclipse.sdk.tests.nl_pt" unpack="false" version="3.5.0.v20090620043401" download-size="1368" install-size="1368" />
	<plugin fragment="true" id="org.eclipse.search.nl_pt" unpack="false" version="3.5.0.v20090620043401" download-size="7659" install-size="7659" />
	<plugin fragment="true" id="org.eclipse.search.tests.nl_pt" unpack="false" version="3.5.0.v20090620043401" download-size="1370" install-size="1370" />
	<plugin fragment="true" id="org.eclipse.swt.examples.browser.demos.nl_pt" unpack="false" version="3.5.0.v20090620043401" download-size="1379" install-size="1379" />
	<plugin fragment="true" id="org.eclipse.swt.examples.browser.nl_pt" unpack="false" version="3.5.0.v20090620043401" download-size="1412" install-size="1412" />
	<plugin fragment="true" id="org.eclipse.swt.examples.controls.nl_pt" unpack="false" version="3.5.0.v20090620043401" download-size="1375" install-size="1375" />
	<plugin fragment="true" id="org.eclipse.swt.examples.launcher.nl_pt" unpack="false" version="3.5.0.v20090620043401" download-size="1460" install-size="1460" />
	<plugin fragment="true" id="org.eclipse.swt.examples.layouts.nl_pt" unpack="false" version="3.5.0.v20090620043401" download-size="1376" install-size="1376" />
	<plugin fragment="true" id="org.eclipse.swt.examples.nl_pt" unpack="false" version="3.5.0.v20090620043401" download-size="6348" install-size="6348" />
	<plugin fragment="true" id="org.eclipse.swt.examples.ole.win32.nl_pt" unpack="false" version="3.5.0.v20090620043401" download-size="1473" install-size="1473" />
	<plugin fragment="true" id="org.eclipse.swt.examples.paint.nl_pt" unpack="false" version="3.5.0.v20090620043401" download-size="1374" install-size="1374" />
	<plugin fragment="true" id="org.eclipse.swt.nl_pt" unpack="false" version="3.5.0.v20090620043401" download-size="2899" install-size="2899" />
	<plugin fragment="true" id="org.eclipse.swt.tests.nl_pt" unpack="false" version="3.5.0.v20090620043401" download-size="1382" install-size="1382" />
	<plugin fragment="true" id="org.eclipse.swt.tools.nl_pt" unpack="false" version="3.5.0.v20090620043401" download-size="1368" install-size="1368" />
	<plugin fragment="true" id="org.eclipse.team.core.nl_pt" unpack="false" version="3.5.0.v20090620043401" download-size="4401" install-size="4401" />
	<plugin fragment="true" id="org.eclipse.team.cvs.core.nl_pt" unpack="false" version="3.5.0.v20090620043401" download-size="8003" install-size="8003" />
	<plugin fragment="true" id="org.eclipse.team.cvs.ssh.nl_pt" unpack="false" version="3.5.0.v20090620043401" download-size="3142" install-size="3142" />
	<plugin fragment="true" id="org.eclipse.team.cvs.ssh2.nl_pt" unpack="false" version="3.5.0.v20090620043401" download-size="3517" install-size="3517" />
	<plugin fragment="true" id="org.eclipse.team.cvs.ui.nl_pt" unpack="false" version="3.5.0.v20090620043401" download-size="25210" install-size="25210" />
	<plugin fragment="true" id="org.eclipse.team.examples.filesystem.nl_pt" unpack="false" version="3.5.0.v20090620043401" download-size="2338" install-size="2338" />
	<plugin fragment="true" id="org.eclipse.team.tests.cvs.core.nl_pt" unpack="false" version="3.5.0.v20090620043401" download-size="1430" install-size="1430" />
	<plugin fragment="true" id="org.eclipse.team.ui.nl_pt" unpack="false" version="3.5.0.v20090620043401" download-size="12001" install-size="12001" />
	<plugin fragment="true" id="org.eclipse.text.nl_pt" unpack="false" version="3.5.0.v20090620043401" download-size="3814" install-size="3814" />
	<plugin fragment="true" id="org.eclipse.text.tests.nl_pt" unpack="false" version="3.5.0.v20090620043401" download-size="1373" install-size="1373" />
	<plugin fragment="true" id="org.eclipse.ui.browser.nl_pt" unpack="false" version="3.5.0.v20090620043401" download-size="3668" install-size="3668" />
	<plugin fragment="true" id="org.eclipse.ui.cheatsheets.nl_pt" unpack="false" version="3.5.0.v20090620043401" download-size="5798" install-size="5798" />
	<plugin fragment="true" id="org.eclipse.ui.console.nl_pt" unpack="false" version="3.5.0.v20090620043401" download-size="3415" install-size="3415" />
	<plugin fragment="true" id="org.eclipse.ui.editors.nl_pt" unpack="false" version="3.5.0.v20090620043401" download-size="12331" install-size="12331" />
	<plugin fragment="true" id="org.eclipse.ui.editors.tests.nl_pt" unpack="false" version="3.5.0.v20090620043401" download-size="1377" install-size="1377" />
	<plugin fragment="true" id="org.eclipse.ui.examples.contributions.nl_pt" unpack="false" version="3.5.0.v20090620043401" download-size="1549" install-size="1549" />
	<plugin fragment="true" id="org.eclipse.ui.examples.fieldassist.nl_pt" unpack="false" version="3.5.0.v20090620043401" download-size="2297" install-size="2297" />
	<plugin fragment="true" id="org.eclipse.ui.examples.javaeditor.nl_pt" unpack="false" version="3.5.0.v20090620043401" download-size="2395" install-size="2395" />
	<plugin fragment="true" id="org.eclipse.ui.examples.multipageeditor.nl_pt" unpack="false" version="3.5.0.v20090620043401" download-size="2328" install-size="2328" />
	<plugin fragment="true" id="org.eclipse.ui.examples.propertysheet.nl_pt" unpack="false" version="3.5.0.v20090620043401" download-size="2398" install-size="2398" />
	<plugin fragment="true" id="org.eclipse.ui.examples.readmetool.nl_pt" unpack="false" version="3.5.0.v20090620043401" download-size="2333" install-size="2333" />
	<plugin fragment="true" id="org.eclipse.ui.examples.undo.nl_pt" unpack="false" version="3.5.0.v20090620043401" download-size="2214" install-size="2214" />
	<plugin fragment="true" id="org.eclipse.ui.examples.views.properties.tabbed.article.nl_pt" unpack="false" version="3.5.0.v20090620043401" download-size="1467" install-size="1467" />
	<plugin fragment="true" id="org.eclipse.ui.externaltools.nl_pt" unpack="false" version="3.5.0.v20090620043401" download-size="8857" install-size="8857" />
	<plugin fragment="true" id="org.eclipse.ui.forms.nl_pt" unpack="false" version="3.5.0.v20090620043401" download-size="2313" install-size="2313" />
	<plugin fragment="true" id="org.eclipse.ui.ide.application.nl_pt" unpack="false" version="3.5.0.v20090620043401" download-size="1504" install-size="1504" />
	<plugin fragment="true" id="org.eclipse.ui.ide.nl_pt" unpack="false" version="3.5.0.v20090620043401" download-size="28611" install-size="28611" />
	<plugin fragment="true" id="org.eclipse.ui.intro.nl_pt" unpack="false" version="3.5.0.v20090620043401" download-size="3730" install-size="3730" />
	<plugin fragment="true" id="org.eclipse.ui.intro.universal.nl_pt" unpack="false" version="3.5.0.v20090620043401" download-size="5879" install-size="5879" />
	<plugin fragment="true" id="org.eclipse.ui.navigator.nl_pt" unpack="false" version="3.5.0.v20090620043401" download-size="3828" install-size="3828" />
	<plugin fragment="true" id="org.eclipse.ui.navigator.resources.nl_pt" unpack="false" version="3.5.0.v20090620043401" download-size="3477" install-size="3477" />
	<plugin fragment="true" id="org.eclipse.ui.net.nl_pt" unpack="false" version="3.5.0.v20090620043401" download-size="2404" install-size="2404" />
	<plugin fragment="true" id="org.eclipse.ui.nl_pt" unpack="false" version="3.5.0.v20090620043401" download-size="5685" install-size="5685" />
	<plugin fragment="true" id="org.eclipse.ui.presentations.r21.nl_pt" unpack="false" version="3.5.0.v20090620043401" download-size="2551" install-size="2551" />
	<plugin fragment="true" id="org.eclipse.ui.tests.views.properties.tabbed.nl_pt" unpack="false" version="3.5.0.v20090620043401" download-size="1424" install-size="1424" />
	<plugin fragment="true" id="org.eclipse.ui.views.log.nl_pt" unpack="false" version="3.5.0.v20090620043401" download-size="2753" install-size="2753" />
	<plugin fragment="true" id="org.eclipse.ui.views.nl_pt" unpack="false" version="3.5.0.v20090620043401" download-size="3210" install-size="3210" />
	<plugin fragment="true" id="org.eclipse.ui.views.properties.tabbed.nl_pt" unpack="false" version="3.5.0.v20090620043401" download-size="3086" install-size="3086" />
	<plugin fragment="true" id="org.eclipse.ui.workbench.nl_pt" unpack="false" version="3.5.0.v20090620043401" download-size="28422" install-size="28422" />
	<plugin fragment="true" id="org.eclipse.ui.workbench.texteditor.nl_pt" unpack="false" version="3.5.0.v20090620043401" download-size="13392" install-size="13392" />
	<plugin fragment="true" id="org.eclipse.ui.workbench.texteditor.tests.nl_pt" unpack="false" version="3.5.0.v20090620043401" download-size="1386" install-size="1386" />
	<plugin fragment="true" id="org.eclipse.update.configurator.nl_pt" unpack="false" version="3.5.0.v20090620043401" download-size="3456" install-size="3456" />
	<plugin fragment="true" id="org.eclipse.update.core.nl_pt" unpack="false" version="3.5.0.v20090620043401" download-size="8577" install-size="8577" />
	<plugin fragment="true" id="org.eclipse.update.scheduler.nl_pt" unpack="false" version="3.5.0.v20090620043401" download-size="2935" install-size="2935" />
	<plugin fragment="true" id="org.eclipse.update.tests.core.nl_pt" unpack="false" version="3.5.0.v20090620043401" download-size="1624" install-size="1624" />
	<plugin fragment="true" id="org.eclipse.update.ui.nl_pt" unpack="false" version="3.5.0.v20090620043401" download-size="9262" install-size="9262" />
	<plugin fragment="true" id="org.junit4.nl_pt" unpack="false" version="3.5.0.v20090620043401" download-size="1362" install-size="1362" />
	<plugin fragment="true" id="security.a.nl_pt" unpack="false" version="3.5.0.v20090620043401" download-size="1386" install-size="1386" />
</feature>