<?xml version="1.0" encoding="UTF-8" ?>
<feature
	id="org.eclipse.babel.nls_webtools.jsf_hu"
	label="Babel Language Pack for webtools.jsf in Hungarian (30.05%)"
	image="eclipse_update_120.jpg"
	provider-name="%providerName"
	version="3.5.0.v20090620043401">
	<copyright>
		%copyright
	</copyright>
	<license url="%licenseURL">
		%license
	</license>
	<description>Babel Language Pack for webtools.jsf in Hungarian</description>
	<plugin fragment="true" id="org.eclipse.jst.jsf.apache.trinidad.tagsupport.nl_hu" unpack="false" version="3.5.0.v20090620043401" download-size="3070" install-size="3070" />
	<plugin fragment="true" id="org.eclipse.jst.jsf.common.nl_hu" unpack="false" version="3.5.0.v20090620043401" download-size="2759" install-size="2759" />
	<plugin fragment="true" id="org.eclipse.jst.jsf.common.runtime.nl_hu" unpack="false" version="3.5.0.v20090620043401" download-size="1379" install-size="1379" />
	<plugin fragment="true" id="org.eclipse.jst.jsf.common.ui.nl_hu" unpack="false" version="3.5.0.v20090620043401" download-size="4902" install-size="4902" />
	<plugin fragment="true" id="org.eclipse.jst.jsf.core.nl_hu" unpack="false" version="3.5.0.v20090620043401" download-size="6483" install-size="6483" />
	<plugin fragment="true" id="org.eclipse.jst.jsf.facesconfig.nl_hu" unpack="false" version="3.5.0.v20090620043401" download-size="5347" install-size="5347" />
	<plugin fragment="true" id="org.eclipse.jst.jsf.facesconfig.ui.nl_hu" unpack="false" version="3.5.0.v20090620043401" download-size="7198" install-size="7198" />
	<plugin fragment="true" id="org.eclipse.jst.jsf.standard.tagsupport.nl_hu" unpack="false" version="3.5.0.v20090620043401" download-size="2828" install-size="2828" />
	<plugin fragment="true" id="org.eclipse.jst.jsf.ui.nl_hu" unpack="false" version="3.5.0.v20090620043401" download-size="4430" install-size="4430" />
	<plugin fragment="true" id="org.eclipse.jst.pagedesigner.jsf.ui.nl_hu" unpack="false" version="3.5.0.v20090620043401" download-size="5043" install-size="5043" />
	<plugin fragment="true" id="org.eclipse.jst.pagedesigner.jsp.core.nl_hu" unpack="false" version="3.5.0.v20090620043401" download-size="1377" install-size="1377" />
	<plugin fragment="true" id="org.eclipse.jst.pagedesigner.nl_hu" unpack="false" version="3.5.0.v20090620043401" download-size="10587" install-size="10587" />
</feature>