<?xml version="1.0" encoding="UTF-8" ?>
<feature
	id="org.eclipse.babel.nls_tools.pdt_da"
	label="Babel Language Pack for tools.pdt in Danish (62.61%)"
	image="eclipse_update_120.jpg"
	provider-name="%providerName"
	version="3.5.0.v20090620043401">
	<copyright>
		%copyright
	</copyright>
	<license url="%licenseURL">
		%license
	</license>
	<description>Babel Language Pack for tools.pdt in Danish</description>
	<plugin fragment="true" id="org.eclipse.dltk.core.tests.nl_da" unpack="false" version="3.5.0.v20090620043401" download-size="1370" install-size="1370" />
	<plugin fragment="true" id="org.eclipse.php.core.nl_da" unpack="false" version="3.5.0.v20090620043401" download-size="2645" install-size="2645" />
	<plugin fragment="true" id="org.eclipse.php.core.parser.nl_da" unpack="false" version="3.5.0.v20090620043401" download-size="1370" install-size="1370" />
	<plugin fragment="true" id="org.eclipse.php.debug.core.nl_da" unpack="false" version="3.5.0.v20090620043401" download-size="2349" install-size="2349" />
	<plugin fragment="true" id="org.eclipse.php.debug.ui.nl_da" unpack="false" version="3.5.0.v20090620043401" download-size="3333" install-size="3333" />
	<plugin fragment="true" id="org.eclipse.php.nl_da" unpack="false" version="3.5.0.v20090620043401" download-size="1362" install-size="1362" />
	<plugin fragment="true" id="org.eclipse.php.server.core.nl_da" unpack="false" version="3.5.0.v20090620043401" download-size="2249" install-size="2249" />
	<plugin fragment="true" id="org.eclipse.php.server.ui.nl_da" unpack="false" version="3.5.0.v20090620043401" download-size="2207" install-size="2207" />
	<plugin fragment="true" id="org.eclipse.php.test.nl_da" unpack="false" version="3.5.0.v20090620043401" download-size="1365" install-size="1365" />
	<plugin fragment="true" id="org.eclipse.php.ui.nl_da" unpack="false" version="3.5.0.v20090620043401" download-size="38882" install-size="38882" />
	<plugin fragment="true" id="org.eclipse.test.nl_da" unpack="false" version="3.5.0.v20090620043401" download-size="1361" install-size="1361" />
</feature>