<?xml version="1.0" encoding="UTF-8" ?>
<feature
	id="org.eclipse.babel.nls_webtools.jeetools_zh"
	label="Babel Language Pack for webtools.jeetools in Chinese (Simplified) (96.55%)"
	image="eclipse_update_120.jpg"
	provider-name="%providerName"
	version="3.5.0.v20090620043401">
	<copyright>
		%copyright
	</copyright>
	<license url="%licenseURL">
		%license
	</license>
	<description>Babel Language Pack for webtools.jeetools in Chinese (Simplified)</description>
	<plugin fragment="true" id="org.eclipse.jem.beaninfo.nl_zh" unpack="false" version="3.5.0.v20090620043401" download-size="3254" install-size="3254" />
	<plugin fragment="true" id="org.eclipse.jem.beaninfo.vm.common.nl_zh" unpack="false" version="3.5.0.v20090620043401" download-size="1389" install-size="1389" />
	<plugin fragment="true" id="org.eclipse.jem.beaninfo.vm.nl_zh" unpack="false" version="3.5.0.v20090620043401" download-size="3072" install-size="3072" />
	<plugin fragment="true" id="org.eclipse.jem.nl_zh" unpack="false" version="3.5.0.v20090620043401" download-size="4058" install-size="4058" />
	<plugin fragment="true" id="org.eclipse.jem.proxy.nl_zh" unpack="false" version="3.5.0.v20090620043401" download-size="7650" install-size="7650" />
	<plugin fragment="true" id="org.eclipse.jem.tests.nl_zh" unpack="false" version="3.5.0.v20090620043401" download-size="1416" install-size="1416" />
	<plugin fragment="true" id="org.eclipse.jem.workbench.nl_zh" unpack="false" version="3.5.0.v20090620043401" download-size="2570" install-size="2570" />
	<plugin fragment="true" id="org.eclipse.jst.j2ee.core.nl_zh" unpack="false" version="3.5.0.v20090620043401" download-size="31521" install-size="31521" />
	<plugin fragment="true" id="org.eclipse.jst.j2ee.doc.user.nl_zh" unpack="false" version="3.5.0.v20090620043401" download-size="1418" install-size="1418" />
	<plugin fragment="true" id="org.eclipse.jst.j2ee.infopop.nl_zh" unpack="false" version="3.5.0.v20090620043401" download-size="1426" install-size="1426" />
	<plugin fragment="true" id="org.eclipse.jst.j2ee.jca.nl_zh" unpack="false" version="3.5.0.v20090620043401" download-size="2655" install-size="2655" />
	<plugin fragment="true" id="org.eclipse.jst.j2ee.jca.ui.nl_zh" unpack="false" version="3.5.0.v20090620043401" download-size="2133" install-size="2133" />
	<plugin fragment="true" id="org.eclipse.jst.j2ee.navigator.ui.nl_zh" unpack="false" version="3.5.0.v20090620043401" download-size="3742" install-size="3742" />
	<plugin fragment="true" id="org.eclipse.jst.j2ee.nl_zh" unpack="false" version="3.5.0.v20090620043401" download-size="29014" install-size="29014" />
	<plugin fragment="true" id="org.eclipse.jst.j2ee.ui.nl_zh" unpack="false" version="3.5.0.v20090620043401" download-size="16445" install-size="16445" />
	<plugin fragment="true" id="org.eclipse.jst.j2ee.web.nl_zh" unpack="false" version="3.5.0.v20090620043401" download-size="19898" install-size="19898" />
	<plugin fragment="true" id="org.eclipse.jst.j2ee.webservice.nl_zh" unpack="false" version="3.5.0.v20090620043401" download-size="2741" install-size="2741" />
	<plugin fragment="true" id="org.eclipse.jst.j2ee.webservice.ui.nl_zh" unpack="false" version="3.5.0.v20090620043401" download-size="2525" install-size="2525" />
	<plugin fragment="true" id="org.eclipse.jst.j2ee.xdoclet.runtime.nl_zh" unpack="false" version="3.5.0.v20090620043401" download-size="2418" install-size="2418" />
	<plugin fragment="true" id="org.eclipse.jst.jee.nl_zh" unpack="false" version="3.5.0.v20090620043401" download-size="1379" install-size="1379" />
	<plugin fragment="true" id="org.eclipse.jst.jee.ui.nl_zh" unpack="false" version="3.5.0.v20090620043401" download-size="3586" install-size="3586" />
	<plugin fragment="true" id="org.eclipse.jst.jee.web.nl_zh" unpack="false" version="3.5.0.v20090620043401" download-size="1382" install-size="1382" />
	<plugin fragment="true" id="org.eclipse.jst.servlet.ui.infopop.nl_zh" unpack="false" version="3.5.0.v20090620043401" download-size="1420" install-size="1420" />
	<plugin fragment="true" id="org.eclipse.jst.servlet.ui.nl_zh" unpack="false" version="3.5.0.v20090620043401" download-size="5997" install-size="5997" />
	<plugin fragment="true" id="org.eclipse.wst.web.ui.infopop.nl_zh" unpack="false" version="3.5.0.v20090620043401" download-size="1426" install-size="1426" />
</feature>