<?xml version="1.0" encoding="UTF-8" ?>
<feature
	id="org.eclipse.babel.nls_tools.gef_no"
	label="Babel Language Pack for tools.gef in Norwegian (60.61%)"
	image="eclipse_update_120.jpg"
	provider-name="%providerName"
	version="3.5.0.v20090620043401">
	<copyright>
		%copyright
	</copyright>
	<license url="%licenseURL">
		%license
	</license>
	<description>Babel Language Pack for tools.gef in Norwegian</description>
	<plugin fragment="true" id="org.eclipse.draw2d.doc.isv.nl_no" unpack="false" version="3.5.0.v20090620043401" download-size="1399" install-size="1399" />
	<plugin fragment="true" id="org.eclipse.draw2d.nl_no" unpack="false" version="3.5.0.v20090620043401" download-size="1697" install-size="1697" />
	<plugin fragment="true" id="org.eclipse.draw2d.test.nl_no" unpack="false" version="3.5.0.v20090620043401" download-size="1373" install-size="1373" />
	<plugin fragment="true" id="org.eclipse.gef.doc.isv.nl_no" unpack="false" version="3.5.0.v20090620043401" download-size="1488" install-size="1488" />
	<plugin fragment="true" id="org.eclipse.gef.examples.flow.nl_no" unpack="false" version="3.5.0.v20090620043401" download-size="1377" install-size="1377" />
	<plugin fragment="true" id="org.eclipse.gef.examples.logic.nl_no" unpack="false" version="3.5.0.v20090620043401" download-size="2725" install-size="2725" />
	<plugin fragment="true" id="org.eclipse.gef.examples.shapes.nl_no" unpack="false" version="3.5.0.v20090620043401" download-size="1379" install-size="1379" />
	<plugin fragment="true" id="org.eclipse.gef.examples.text.nl_no" unpack="false" version="3.5.0.v20090620043401" download-size="1377" install-size="1377" />
	<plugin fragment="true" id="org.eclipse.gef.examples.ui.pde.nl_no" unpack="false" version="3.5.0.v20090620043401" download-size="1378" install-size="1378" />
	<plugin fragment="true" id="org.eclipse.gef.nl_no" unpack="false" version="3.5.0.v20090620043401" download-size="4714" install-size="4714" />
	<plugin fragment="true" id="org.eclipse.gef.test.nl_no" unpack="false" version="3.5.0.v20090620043401" download-size="1370" install-size="1370" />
	<plugin fragment="true" id="org.eclipse.zest.core.nl_no" unpack="false" version="3.5.0.v20090620043401" download-size="2207" install-size="2207" />
	<plugin fragment="true" id="org.eclipse.zest.layouts.nl_no" unpack="false" version="3.5.0.v20090620043401" download-size="1374" install-size="1374" />
</feature>