<?xml version="1.0" encoding="UTF-8" ?>
<feature
	id="org.eclipse.babel.nls_webtools.sourceediting_ro"
	label="Babel Language Pack for webtools.sourceediting in Romanian (2.84%)"
	image="eclipse_update_120.jpg"
	provider-name="%providerName"
	version="3.5.0.v20090620043401">
	<copyright>
		%copyright
	</copyright>
	<license url="%licenseURL">
		%license
	</license>
	<description>Babel Language Pack for webtools.sourceediting in Romanian</description>
	<plugin fragment="true" id="org.eclipse.jst.jsp.core.nl_ro" unpack="false" version="3.5.0.v20090620043401" download-size="1368" install-size="1368" />
	<plugin fragment="true" id="org.eclipse.jst.jsp.ui.infopop.nl_ro" unpack="false" version="3.5.0.v20090620043401" download-size="1376" install-size="1376" />
	<plugin fragment="true" id="org.eclipse.jst.jsp.ui.nl_ro" unpack="false" version="3.5.0.v20090620043401" download-size="2481" install-size="2481" />
	<plugin fragment="true" id="org.eclipse.jst.standard.schemas.nl_ro" unpack="false" version="3.5.0.v20090620043401" download-size="1377" install-size="1377" />
	<plugin fragment="true" id="org.eclipse.wst.css.core.nl_ro" unpack="false" version="3.5.0.v20090620043401" download-size="1609" install-size="1609" />
	<plugin fragment="true" id="org.eclipse.wst.css.ui.nl_ro" unpack="false" version="3.5.0.v20090620043401" download-size="2453" install-size="2453" />
	<plugin fragment="true" id="org.eclipse.wst.doc.user.nl_ro" unpack="false" version="3.5.0.v20090620043401" download-size="1368" install-size="1368" />
	<plugin fragment="true" id="org.eclipse.wst.dtd.core.nl_ro" unpack="false" version="3.5.0.v20090620043401" download-size="2424" install-size="2424" />
	<plugin fragment="true" id="org.eclipse.wst.dtd.ui.infopop.nl_ro" unpack="false" version="3.5.0.v20090620043401" download-size="1373" install-size="1373" />
	<plugin fragment="true" id="org.eclipse.wst.dtd.ui.nl_ro" unpack="false" version="3.5.0.v20090620043401" download-size="2884" install-size="2884" />
	<plugin fragment="true" id="org.eclipse.wst.dtdeditor.doc.user.nl_ro" unpack="false" version="3.5.0.v20090620043401" download-size="1374" install-size="1374" />
	<plugin fragment="true" id="org.eclipse.wst.html.core.nl_ro" unpack="false" version="3.5.0.v20090620043401" download-size="1369" install-size="1369" />
	<plugin fragment="true" id="org.eclipse.wst.html.ui.infopop.nl_ro" unpack="false" version="3.5.0.v20090620043401" download-size="1377" install-size="1377" />
	<plugin fragment="true" id="org.eclipse.wst.html.ui.nl_ro" unpack="false" version="3.5.0.v20090620043401" download-size="2692" install-size="2692" />
	<plugin fragment="true" id="org.eclipse.wst.javascript.core.nl_ro" unpack="false" version="3.5.0.v20090620043401" download-size="1373" install-size="1373" />
	<plugin fragment="true" id="org.eclipse.wst.javascript.ui.infopop.nl_ro" unpack="false" version="3.5.0.v20090620043401" download-size="1381" install-size="1381" />
	<plugin fragment="true" id="org.eclipse.wst.javascript.ui.nl_ro" unpack="false" version="3.5.0.v20090620043401" download-size="2662" install-size="2662" />
	<plugin fragment="true" id="org.eclipse.wst.jsdt.core.nl_ro" unpack="false" version="3.5.0.v20090620043401" download-size="2548" install-size="2548" />
	<plugin fragment="true" id="org.eclipse.wst.jsdt.doc.nl_ro" unpack="false" version="3.5.0.v20090620043401" download-size="1370" install-size="1370" />
	<plugin fragment="true" id="org.eclipse.wst.jsdt.manipulation.nl_ro" unpack="false" version="3.5.0.v20090620043401" download-size="2611" install-size="2611" />
	<plugin fragment="true" id="org.eclipse.wst.jsdt.support.firefox.nl_ro" unpack="false" version="3.5.0.v20090620043401" download-size="1377" install-size="1377" />
	<plugin fragment="true" id="org.eclipse.wst.jsdt.support.ie.nl_ro" unpack="false" version="3.5.0.v20090620043401" download-size="1376" install-size="1376" />
	<plugin fragment="true" id="org.eclipse.wst.jsdt.ui.nl_ro" unpack="false" version="3.5.0.v20090620043401" download-size="15179" install-size="15179" />
	<plugin fragment="true" id="org.eclipse.wst.jsdt.web.core.nl_ro" unpack="false" version="3.5.0.v20090620043401" download-size="1389" install-size="1389" />
	<plugin fragment="true" id="org.eclipse.wst.jsdt.web.support.jsp.nl_ro" unpack="false" version="3.5.0.v20090620043401" download-size="1379" install-size="1379" />
	<plugin fragment="true" id="org.eclipse.wst.jsdt.web.ui.nl_ro" unpack="false" version="3.5.0.v20090620043401" download-size="2651" install-size="2651" />
	<plugin fragment="true" id="org.eclipse.wst.sse.core.nl_ro" unpack="false" version="3.5.0.v20090620043401" download-size="1368" install-size="1368" />
	<plugin fragment="true" id="org.eclipse.wst.sse.doc.user.nl_ro" unpack="false" version="3.5.0.v20090620043401" download-size="1375" install-size="1375" />
	<plugin fragment="true" id="org.eclipse.wst.sse.ui.infopop.nl_ro" unpack="false" version="3.5.0.v20090620043401" download-size="1376" install-size="1376" />
	<plugin fragment="true" id="org.eclipse.wst.sse.ui.nl_ro" unpack="false" version="3.5.0.v20090620043401" download-size="2553" install-size="2553" />
	<plugin fragment="true" id="org.eclipse.wst.standard.schemas.nl_ro" unpack="false" version="3.5.0.v20090620043401" download-size="1377" install-size="1377" />
	<plugin fragment="true" id="org.eclipse.wst.web.nl_ro" unpack="false" version="3.5.0.v20090620043401" download-size="1348" install-size="1348" />
	<plugin fragment="true" id="org.eclipse.wst.web.ui.nl_ro" unpack="false" version="3.5.0.v20090620043401" download-size="1350" install-size="1350" />
	<plugin fragment="true" id="org.eclipse.wst.webtools.doc.user.nl_ro" unpack="false" version="3.5.0.v20090620043401" download-size="1373" install-size="1373" />
	<plugin fragment="true" id="org.eclipse.wst.xml.core.nl_ro" unpack="false" version="3.5.0.v20090620043401" download-size="2376" install-size="2376" />
	<plugin fragment="true" id="org.eclipse.wst.xml.ui.infopop.nl_ro" unpack="false" version="3.5.0.v20090620043401" download-size="1373" install-size="1373" />
	<plugin fragment="true" id="org.eclipse.wst.xml.ui.nl_ro" unpack="false" version="3.5.0.v20090620043401" download-size="4475" install-size="4475" />
	<plugin fragment="true" id="org.eclipse.wst.xml.xpath.ui.nl_ro" unpack="false" version="3.5.0.v20090620043401" download-size="2952" install-size="2952" />
	<plugin fragment="true" id="org.eclipse.wst.xml.xpath2.processor.nl_ro" unpack="false" version="3.5.0.v20090620043401" download-size="1376" install-size="1376" />
	<plugin fragment="true" id="org.eclipse.wst.xmleditor.doc.user.nl_ro" unpack="false" version="3.5.0.v20090620043401" download-size="1376" install-size="1376" />
	<plugin fragment="true" id="org.eclipse.wst.xsd.core.nl_ro" unpack="false" version="3.5.0.v20090620043401" download-size="1373" install-size="1373" />
	<plugin fragment="true" id="org.eclipse.wst.xsd.ui.nl_ro" unpack="false" version="3.5.0.v20090620043401" download-size="5153" install-size="5153" />
	<plugin fragment="true" id="org.eclipse.wst.xsdeditor.doc.user.nl_ro" unpack="false" version="3.5.0.v20090620043401" download-size="1379" install-size="1379" />
</feature>