<?xml version="1.0" encoding="UTF-8" ?>
<feature
	id="org.eclipse.babel.nls_webtools.sourceediting_no"
	label="Babel Language Pack for webtools.sourceediting in Norwegian (73.35%)"
	image="eclipse_update_120.jpg"
	provider-name="%providerName"
	version="3.5.0.v20090620043401">
	<copyright>
		%copyright
	</copyright>
	<license url="%licenseURL">
		%license
	</license>
	<description>Babel Language Pack for webtools.sourceediting in Norwegian</description>
	<plugin fragment="true" id="org.eclipse.jst.jsp.core.nl_no" unpack="false" version="3.5.0.v20090620043401" download-size="2983" install-size="2983" />
	<plugin fragment="true" id="org.eclipse.jst.jsp.ui.infopop.nl_no" unpack="false" version="3.5.0.v20090620043401" download-size="1412" install-size="1412" />
	<plugin fragment="true" id="org.eclipse.jst.jsp.ui.nl_no" unpack="false" version="3.5.0.v20090620043401" download-size="5790" install-size="5790" />
	<plugin fragment="true" id="org.eclipse.jst.standard.schemas.nl_no" unpack="false" version="3.5.0.v20090620043401" download-size="1378" install-size="1378" />
	<plugin fragment="true" id="org.eclipse.wst.css.core.nl_no" unpack="false" version="3.5.0.v20090620043401" download-size="3334" install-size="3334" />
	<plugin fragment="true" id="org.eclipse.wst.css.ui.nl_no" unpack="false" version="3.5.0.v20090620043401" download-size="4841" install-size="4841" />
	<plugin fragment="true" id="org.eclipse.wst.doc.user.nl_no" unpack="false" version="3.5.0.v20090620043401" download-size="1402" install-size="1402" />
	<plugin fragment="true" id="org.eclipse.wst.dtd.core.nl_no" unpack="false" version="3.5.0.v20090620043401" download-size="4362" install-size="4362" />
	<plugin fragment="true" id="org.eclipse.wst.dtd.ui.infopop.nl_no" unpack="false" version="3.5.0.v20090620043401" download-size="1407" install-size="1407" />
	<plugin fragment="true" id="org.eclipse.wst.dtd.ui.nl_no" unpack="false" version="3.5.0.v20090620043401" download-size="4880" install-size="4880" />
	<plugin fragment="true" id="org.eclipse.wst.dtdeditor.doc.user.nl_no" unpack="false" version="3.5.0.v20090620043401" download-size="1375" install-size="1375" />
	<plugin fragment="true" id="org.eclipse.wst.html.core.nl_no" unpack="false" version="3.5.0.v20090620043401" download-size="5111" install-size="5111" />
	<plugin fragment="true" id="org.eclipse.wst.html.ui.infopop.nl_no" unpack="false" version="3.5.0.v20090620043401" download-size="1410" install-size="1410" />
	<plugin fragment="true" id="org.eclipse.wst.html.ui.nl_no" unpack="false" version="3.5.0.v20090620043401" download-size="5863" install-size="5863" />
	<plugin fragment="true" id="org.eclipse.wst.javascript.core.nl_no" unpack="false" version="3.5.0.v20090620043401" download-size="2653" install-size="2653" />
	<plugin fragment="true" id="org.eclipse.wst.javascript.ui.infopop.nl_no" unpack="false" version="3.5.0.v20090620043401" download-size="1403" install-size="1403" />
	<plugin fragment="true" id="org.eclipse.wst.javascript.ui.nl_no" unpack="false" version="3.5.0.v20090620043401" download-size="5446" install-size="5446" />
	<plugin fragment="true" id="org.eclipse.wst.jsdt.core.nl_no" unpack="false" version="3.5.0.v20090620043401" download-size="18933" install-size="18933" />
	<plugin fragment="true" id="org.eclipse.wst.jsdt.doc.nl_no" unpack="false" version="3.5.0.v20090620043401" download-size="1370" install-size="1370" />
	<plugin fragment="true" id="org.eclipse.wst.jsdt.manipulation.nl_no" unpack="false" version="3.5.0.v20090620043401" download-size="3342" install-size="3342" />
	<plugin fragment="true" id="org.eclipse.wst.jsdt.support.firefox.nl_no" unpack="false" version="3.5.0.v20090620043401" download-size="1376" install-size="1376" />
	<plugin fragment="true" id="org.eclipse.wst.jsdt.support.ie.nl_no" unpack="false" version="3.5.0.v20090620043401" download-size="1376" install-size="1376" />
	<plugin fragment="true" id="org.eclipse.wst.jsdt.ui.nl_no" unpack="false" version="3.5.0.v20090620043401" download-size="111407" install-size="111407" />
	<plugin fragment="true" id="org.eclipse.wst.jsdt.web.core.nl_no" unpack="false" version="3.5.0.v20090620043401" download-size="2631" install-size="2631" />
	<plugin fragment="true" id="org.eclipse.wst.jsdt.web.support.jsp.nl_no" unpack="false" version="3.5.0.v20090620043401" download-size="1379" install-size="1379" />
	<plugin fragment="true" id="org.eclipse.wst.jsdt.web.ui.nl_no" unpack="false" version="3.5.0.v20090620043401" download-size="4810" install-size="4810" />
	<plugin fragment="true" id="org.eclipse.wst.sse.core.nl_no" unpack="false" version="3.5.0.v20090620043401" download-size="4111" install-size="4111" />
	<plugin fragment="true" id="org.eclipse.wst.sse.doc.user.nl_no" unpack="false" version="3.5.0.v20090620043401" download-size="1375" install-size="1375" />
	<plugin fragment="true" id="org.eclipse.wst.sse.ui.infopop.nl_no" unpack="false" version="3.5.0.v20090620043401" download-size="1394" install-size="1394" />
	<plugin fragment="true" id="org.eclipse.wst.sse.ui.nl_no" unpack="false" version="3.5.0.v20090620043401" download-size="7884" install-size="7884" />
	<plugin fragment="true" id="org.eclipse.wst.standard.schemas.nl_no" unpack="false" version="3.5.0.v20090620043401" download-size="1378" install-size="1378" />
	<plugin fragment="true" id="org.eclipse.wst.web.nl_no" unpack="false" version="3.5.0.v20090620043401" download-size="2014" install-size="2014" />
	<plugin fragment="true" id="org.eclipse.wst.web.ui.nl_no" unpack="false" version="3.5.0.v20090620043401" download-size="1420" install-size="1420" />
	<plugin fragment="true" id="org.eclipse.wst.webtools.doc.user.nl_no" unpack="false" version="3.5.0.v20090620043401" download-size="1374" install-size="1374" />
	<plugin fragment="true" id="org.eclipse.wst.xml.core.nl_no" unpack="false" version="3.5.0.v20090620043401" download-size="3637" install-size="3637" />
	<plugin fragment="true" id="org.eclipse.wst.xml.ui.infopop.nl_no" unpack="false" version="3.5.0.v20090620043401" download-size="1393" install-size="1393" />
	<plugin fragment="true" id="org.eclipse.wst.xml.ui.nl_no" unpack="false" version="3.5.0.v20090620043401" download-size="13261" install-size="13261" />
	<plugin fragment="true" id="org.eclipse.wst.xml.xpath.core.nl_no" unpack="false" version="3.5.0.v20090620043401" download-size="1373" install-size="1373" />
	<plugin fragment="true" id="org.eclipse.wst.xml.xpath.ui.nl_no" unpack="false" version="3.5.0.v20090620043401" download-size="3064" install-size="3064" />
	<plugin fragment="true" id="org.eclipse.wst.xml.xpath2.processor.nl_no" unpack="false" version="3.5.0.v20090620043401" download-size="1377" install-size="1377" />
	<plugin fragment="true" id="org.eclipse.wst.xmleditor.doc.user.nl_no" unpack="false" version="3.5.0.v20090620043401" download-size="1375" install-size="1375" />
	<plugin fragment="true" id="org.eclipse.wst.xsd.core.nl_no" unpack="false" version="3.5.0.v20090620043401" download-size="1477" install-size="1477" />
	<plugin fragment="true" id="org.eclipse.wst.xsd.ui.nl_no" unpack="false" version="3.5.0.v20090620043401" download-size="18539" install-size="18539" />
	<plugin fragment="true" id="org.eclipse.wst.xsdeditor.doc.user.nl_no" unpack="false" version="3.5.0.v20090620043401" download-size="1409" install-size="1409" />
	<plugin fragment="true" id="org.eclipse.wst.xsl.core.nl_no" unpack="false" version="3.5.0.v20090620043401" download-size="1386" install-size="1386" />
	<plugin fragment="true" id="org.eclipse.wst.xsl.debug.ui.nl_no" unpack="false" version="3.5.0.v20090620043401" download-size="4052" install-size="4052" />
	<plugin fragment="true" id="org.eclipse.wst.xsl.doc.nl_no" unpack="false" version="3.5.0.v20090620043401" download-size="1367" install-size="1367" />
	<plugin fragment="true" id="org.eclipse.wst.xsl.jaxp.debug.nl_no" unpack="false" version="3.5.0.v20090620043401" download-size="3031" install-size="3031" />
	<plugin fragment="true" id="org.eclipse.wst.xsl.jaxp.debug.ui.nl_no" unpack="false" version="3.5.0.v20090620043401" download-size="4091" install-size="4091" />
	<plugin fragment="true" id="org.eclipse.wst.xsl.jaxp.launching.nl_no" unpack="false" version="3.5.0.v20090620043401" download-size="2924" install-size="2924" />
	<plugin fragment="true" id="org.eclipse.wst.xsl.launching.nl_no" unpack="false" version="3.5.0.v20090620043401" download-size="1404" install-size="1404" />
	<plugin fragment="true" id="org.eclipse.wst.xsl.launching.tests.nl_no" unpack="false" version="3.5.0.v20090620043401" download-size="1380" install-size="1380" />
	<plugin fragment="true" id="org.eclipse.wst.xsl.nl_no" unpack="false" version="3.5.0.v20090620043401" download-size="1370" install-size="1370" />
	<plugin fragment="true" id="org.eclipse.wst.xsl.saxon.nl_no" unpack="false" version="3.5.0.v20090620043401" download-size="1760" install-size="1760" />
	<plugin fragment="true" id="org.eclipse.wst.xsl.sdk.documentation.nl_no" unpack="false" version="3.5.0.v20090620043401" download-size="1378" install-size="1378" />
	<plugin fragment="true" id="org.eclipse.wst.xsl.tests.nl_no" unpack="false" version="3.5.0.v20090620043401" download-size="1373" install-size="1373" />
	<plugin fragment="true" id="org.eclipse.wst.xsl.ui.nl_no" unpack="false" version="3.5.0.v20090620043401" download-size="2623" install-size="2623" />
	<plugin fragment="true" id="org.eclipse.wst.xsl.xalan.nl_no" unpack="false" version="3.5.0.v20090620043401" download-size="1673" install-size="1673" />
</feature>