<?xml version="1.0" encoding="UTF-8" ?>
<feature
	id="org.eclipse.babel.nls_technology.actf_ko"
	label="Babel Language Pack for technology.actf in Korean (7.79%)"
	image="eclipse_update_120.jpg"
	provider-name="%providerName"
	version="3.5.0.v20090620043401">
	<copyright>
		%copyright
	</copyright>
	<license url="%licenseURL">
		%license
	</license>
	<description>Babel Language Pack for technology.actf in Korean</description>
	<plugin fragment="true" id="org.eclipse.actf.core.nl_ko" unpack="false" version="3.5.0.v20090620043401" download-size="1664" install-size="1664" />
	<plugin fragment="true" id="org.eclipse.actf.model.flash.proxy.nl_ko" unpack="false" version="3.5.0.v20090620043401" download-size="1937" install-size="1937" />
	<plugin fragment="true" id="org.eclipse.actf.model.ui.nl_ko" unpack="false" version="3.5.0.v20090620043401" download-size="1562" install-size="1562" />
	<plugin fragment="true" id="org.eclipse.actf.ui.nl_ko" unpack="false" version="3.5.0.v20090620043401" download-size="2005" install-size="2005" />
	<plugin fragment="true" id="org.eclipse.actf.util.vocab.nl_ko" unpack="false" version="3.5.0.v20090620043401" download-size="1393" install-size="1393" />
	<plugin fragment="true" id="org.eclipse.actf.visualization.doc.isv.nl_ko" unpack="false" version="3.5.0.v20090620043401" download-size="1377" install-size="1377" />
	<plugin fragment="true" id="org.eclipse.actf.visualization.engines.blind.html.nl_ko" unpack="false" version="3.5.0.v20090620043401" download-size="1430" install-size="1430" />
	<plugin fragment="true" id="org.eclipse.actf.visualization.engines.blind.nl_ko" unpack="false" version="3.5.0.v20090620043401" download-size="1710" install-size="1710" />
	<plugin fragment="true" id="org.eclipse.actf.visualization.eval.nl_ko" unpack="false" version="3.5.0.v20090620043401" download-size="1964" install-size="1964" />
	<plugin fragment="true" id="org.eclipse.actf.visualization.gui.nl_ko" unpack="false" version="3.5.0.v20090620043401" download-size="1998" install-size="1998" />
	<plugin fragment="true" id="org.eclipse.actf.visualization.presentation.nl_ko" unpack="false" version="3.5.0.v20090620043401" download-size="1409" install-size="1409" />
	<plugin fragment="true" id="org.eclipse.actf.visualization.ui.report.nl_ko" unpack="false" version="3.5.0.v20090620043401" download-size="1464" install-size="1464" />
</feature>