<?xml version="1.0" encoding="UTF-8" ?>
<feature
	id="org.eclipse.babel.nls_rt.equinox_nl"
	label="Babel Language Pack for rt.equinox in Dutch (27.15%)"
	image="eclipse_update_120.jpg"
	provider-name="%providerName"
	version="3.5.0.v20090620043401">
	<copyright>
		%copyright
	</copyright>
	<license url="%licenseURL">
		%license
	</license>
	<description>Babel Language Pack for rt.equinox in Dutch</description>
	<plugin fragment="true" id="org.eclipse.core.resources.jmx.nl_nl" unpack="false" version="3.5.0.v20090620043401" download-size="2225" install-size="2225" />
	<plugin fragment="true" id="org.eclipse.equinox.frameworkadmin.equinox.nl_nl" unpack="false" version="3.5.0.v20090620043401" download-size="1377" install-size="1377" />
	<plugin fragment="true" id="org.eclipse.equinox.frameworkadmin.nl_nl" unpack="false" version="3.5.0.v20090620043401" download-size="1375" install-size="1375" />
	<plugin fragment="true" id="org.eclipse.equinox.initializer.nl_nl" unpack="false" version="3.5.0.v20090620043401" download-size="1375" install-size="1375" />
	<plugin fragment="true" id="org.eclipse.equinox.jmx.client.nl_nl" unpack="false" version="3.5.0.v20090620043401" download-size="4158" install-size="4158" />
	<plugin fragment="true" id="org.eclipse.equinox.jmx.common.nl_nl" unpack="false" version="3.5.0.v20090620043401" download-size="2267" install-size="2267" />
	<plugin fragment="true" id="org.eclipse.equinox.jmx.server.nl_nl" unpack="false" version="3.5.0.v20090620043401" download-size="2679" install-size="2679" />
	<plugin fragment="true" id="org.eclipse.equinox.jmx.vm.nl_nl" unpack="false" version="3.5.0.v20090620043401" download-size="2285" install-size="2285" />
	<plugin fragment="true" id="org.eclipse.equinox.p2.artifact.repository.nl_nl" unpack="false" version="3.5.0.v20090620043401" download-size="2619" install-size="2619" />
	<plugin fragment="true" id="org.eclipse.equinox.p2.console.nl_nl" unpack="false" version="3.5.0.v20090620043401" download-size="1371" install-size="1371" />
	<plugin fragment="true" id="org.eclipse.equinox.p2.core.nl_nl" unpack="false" version="3.5.0.v20090620043401" download-size="1369" install-size="1369" />
	<plugin fragment="true" id="org.eclipse.equinox.p2.director.app.nl_nl" unpack="false" version="3.5.0.v20090620043401" download-size="1374" install-size="1374" />
	<plugin fragment="true" id="org.eclipse.equinox.p2.director.nl_nl" unpack="false" version="3.5.0.v20090620043401" download-size="2422" install-size="2422" />
	<plugin fragment="true" id="org.eclipse.equinox.p2.directorywatcher.nl_nl" unpack="false" version="3.5.0.v20090620043401" download-size="1378" install-size="1378" />
	<plugin fragment="true" id="org.eclipse.equinox.p2.engine.nl_nl" unpack="false" version="3.5.0.v20090620043401" download-size="2854" install-size="2854" />
	<plugin fragment="true" id="org.eclipse.equinox.p2.exemplarysetup.nl_nl" unpack="false" version="3.5.0.v20090620043401" download-size="1376" install-size="1376" />
	<plugin fragment="true" id="org.eclipse.equinox.p2.extensionlocation.nl_nl" unpack="false" version="3.5.0.v20090620043401" download-size="1377" install-size="1377" />
	<plugin fragment="true" id="org.eclipse.equinox.p2.garbagecollector.nl_nl" unpack="false" version="3.5.0.v20090620043401" download-size="1377" install-size="1377" />
	<plugin fragment="true" id="org.eclipse.equinox.p2.installer.nl_nl" unpack="false" version="3.5.0.v20090620043401" download-size="2765" install-size="2765" />
	<plugin fragment="true" id="org.eclipse.equinox.p2.jarprocessor.nl_nl" unpack="false" version="3.5.0.v20090620043401" download-size="1374" install-size="1374" />
	<plugin fragment="true" id="org.eclipse.equinox.p2.metadata.generator.nl_nl" unpack="false" version="3.5.0.v20090620043401" download-size="3732" install-size="3732" />
	<plugin fragment="true" id="org.eclipse.equinox.p2.metadata.nl_nl" unpack="false" version="3.5.0.v20090620043401" download-size="1372" install-size="1372" />
	<plugin fragment="true" id="org.eclipse.equinox.p2.metadata.repository.nl_nl" unpack="false" version="3.5.0.v20090620043401" download-size="2620" install-size="2620" />
	<plugin fragment="true" id="org.eclipse.equinox.p2.publisher.nl_nl" unpack="false" version="3.5.0.v20090620043401" download-size="2457" install-size="2457" />
	<plugin fragment="true" id="org.eclipse.equinox.p2.reconciler.dropins.nl_nl" unpack="false" version="3.5.0.v20090620043401" download-size="1376" install-size="1376" />
	<plugin fragment="true" id="org.eclipse.equinox.p2.repository.nl_nl" unpack="false" version="3.5.0.v20090620043401" download-size="2926" install-size="2926" />
	<plugin fragment="true" id="org.eclipse.equinox.p2.repository.tools.nl_nl" unpack="false" version="3.5.0.v20090620043401" download-size="3398" install-size="3398" />
	<plugin fragment="true" id="org.eclipse.equinox.p2.selfhosting.nl_nl" unpack="false" version="3.5.0.v20090620043401" download-size="1373" install-size="1373" />
	<plugin fragment="true" id="org.eclipse.equinox.p2.tests.nl_nl" unpack="false" version="3.5.0.v20090620043401" download-size="1829" install-size="1829" />
	<plugin fragment="true" id="org.eclipse.equinox.p2.tests.ui.nl_nl" unpack="false" version="3.5.0.v20090620043401" download-size="1371" install-size="1371" />
	<plugin fragment="true" id="org.eclipse.equinox.p2.tools.nl_nl" unpack="false" version="3.5.0.v20090620043401" download-size="1369" install-size="1369" />
	<plugin fragment="true" id="org.eclipse.equinox.p2.touchpoint.eclipse.nl_nl" unpack="false" version="3.5.0.v20090620043401" download-size="1375" install-size="1375" />
	<plugin fragment="true" id="org.eclipse.equinox.p2.touchpoint.natives.nl_nl" unpack="false" version="3.5.0.v20090620043401" download-size="1377" install-size="1377" />
	<plugin fragment="true" id="org.eclipse.equinox.p2.ui.admin.nl_nl" unpack="false" version="3.5.0.v20090620043401" download-size="2791" install-size="2791" />
	<plugin fragment="true" id="org.eclipse.equinox.p2.ui.admin.rcp.nl_nl" unpack="false" version="3.5.0.v20090620043401" download-size="2773" install-size="2773" />
	<plugin fragment="true" id="org.eclipse.equinox.p2.ui.nl_nl" unpack="false" version="3.5.0.v20090620043401" download-size="3279" install-size="3279" />
	<plugin fragment="true" id="org.eclipse.equinox.p2.ui.sdk.nl_nl" unpack="false" version="3.5.0.v20090620043401" download-size="2669" install-size="2669" />
	<plugin fragment="true" id="org.eclipse.equinox.p2.ui.sdk.scheduler.nl_nl" unpack="false" version="3.5.0.v20090620043401" download-size="3181" install-size="3181" />
	<plugin fragment="true" id="org.eclipse.equinox.p2.updatechecker.nl_nl" unpack="false" version="3.5.0.v20090620043401" download-size="1358" install-size="1358" />
	<plugin fragment="true" id="org.eclipse.equinox.p2.updatesite.nl_nl" unpack="false" version="3.5.0.v20090620043401" download-size="2938" install-size="2938" />
	<plugin fragment="true" id="org.eclipse.equinox.preferences.jmx.nl_nl" unpack="false" version="3.5.0.v20090620043401" download-size="2394" install-size="2394" />
	<plugin fragment="true" id="org.eclipse.equinox.simpleconfigurator.manipulator.nl_nl" unpack="false" version="3.5.0.v20090620043401" download-size="1367" install-size="1367" />
	<plugin fragment="true" id="org.eclipse.equinox.simpleconfigurator.nl_nl" unpack="false" version="3.5.0.v20090620043401" download-size="1359" install-size="1359" />
	<plugin fragment="true" id="org.eclipse.osgi.jmx.nl_nl" unpack="false" version="3.5.0.v20090620043401" download-size="2806" install-size="2806" />
	<plugin fragment="true" id="org.eclipse.swt.jmx.nl_nl" unpack="false" version="3.5.0.v20090620043401" download-size="1978" install-size="1978" />
</feature>