<?xml version="1.0" encoding="UTF-8" ?>
<feature
	id="org.eclipse.babel.nls_webtools.ejbtools_mn"
	label="Babel Language Pack for webtools.ejbtools in Mongolian (1.07%)"
	image="eclipse_update_120.jpg"
	provider-name="%providerName"
	version="3.5.0.v20090620043401">
	<copyright>
		%copyright
	</copyright>
	<license url="%licenseURL">
		%license
	</license>
	<description>Babel Language Pack for webtools.ejbtools in Mongolian</description>
	<plugin fragment="true" id="org.eclipse.jst.ejb.ui.infopop.nl_mn" unpack="false" version="3.5.0.v20090620043401" download-size="1374" install-size="1374" />
	<plugin fragment="true" id="org.eclipse.jst.ejb.ui.nl_mn" unpack="false" version="3.5.0.v20090620043401" download-size="1368" install-size="1368" />
	<plugin fragment="true" id="org.eclipse.jst.j2ee.ejb.annotation.model.nl_mn" unpack="false" version="3.5.0.v20090620043401" download-size="1675" install-size="1675" />
	<plugin fragment="true" id="org.eclipse.jst.j2ee.ejb.annotations.emitter.nl_mn" unpack="false" version="3.5.0.v20090620043401" download-size="1385" install-size="1385" />
	<plugin fragment="true" id="org.eclipse.jst.j2ee.ejb.annotations.ui.nl_mn" unpack="false" version="3.5.0.v20090620043401" download-size="1382" install-size="1382" />
	<plugin fragment="true" id="org.eclipse.jst.j2ee.ejb.annotations.xdoclet.nl_mn" unpack="false" version="3.5.0.v20090620043401" download-size="1386" install-size="1386" />
	<plugin fragment="true" id="org.eclipse.jst.j2ee.ejb.nl_mn" unpack="false" version="3.5.0.v20090620043401" download-size="2223" install-size="2223" />
	<plugin fragment="true" id="org.eclipse.jst.jee.ejb.nl_mn" unpack="false" version="3.5.0.v20090620043401" download-size="1372" install-size="1372" />
</feature>