<?xml version="1.0" encoding="UTF-8" ?>
<feature
	id="org.eclipse.babel.nls_stp.sca_ja"
	label="Babel Language Pack for stp.sca in Japanese (24.89%)"
	image="eclipse_update_120.jpg"
	provider-name="%providerName"
	version="3.5.0.v20090620043401">
	<copyright>
		%copyright
	</copyright>
	<license url="%licenseURL">
		%license
	</license>
	<description>Babel Language Pack for stp.sca in Japanese</description>
	<plugin fragment="true" id="org.eclipse.stp.sca.common.jdt.nl_ja" unpack="false" version="3.5.0.v20090620043401" download-size="2336" install-size="2336" />
	<plugin fragment="true" id="org.eclipse.stp.sca.common.nl_ja" unpack="false" version="3.5.0.v20090620043401" download-size="1352" install-size="1352" />
	<plugin fragment="true" id="org.eclipse.stp.sca.diagram.extension.generator.ui.nl_ja" unpack="false" version="3.5.0.v20090620043401" download-size="2940" install-size="2940" />
	<plugin fragment="true" id="org.eclipse.stp.sca.diagram.extension.nl_ja" unpack="false" version="3.5.0.v20090620043401" download-size="1556" install-size="1556" />
	<plugin fragment="true" id="org.eclipse.stp.sca.diagram.frascati.nl_ja" unpack="false" version="3.5.0.v20090620043401" download-size="1376" install-size="1376" />
	<plugin fragment="true" id="org.eclipse.stp.sca.diagram.jdt.nl_ja" unpack="false" version="3.5.0.v20090620043401" download-size="1356" install-size="1356" />
	<plugin fragment="true" id="org.eclipse.stp.sca.diagram.nl_ja" unpack="false" version="3.5.0.v20090620043401" download-size="3356" install-size="3356" />
	<plugin fragment="true" id="org.eclipse.stp.sca.diagram.tuscany.nl_ja" unpack="false" version="3.5.0.v20090620043401" download-size="1358" install-size="1358" />
	<plugin fragment="true" id="org.eclipse.stp.sca.domainmodel.frascati.edit.nl_ja" unpack="false" version="3.5.0.v20090620043401" download-size="1736" install-size="1736" />
	<plugin fragment="true" id="org.eclipse.stp.sca.domainmodel.frascati.editor.nl_ja" unpack="false" version="3.5.0.v20090620043401" download-size="1455" install-size="1455" />
	<plugin fragment="true" id="org.eclipse.stp.sca.domainmodel.tuscany.edit.nl_ja" unpack="false" version="3.5.0.v20090620043401" download-size="1917" install-size="1917" />
	<plugin fragment="true" id="org.eclipse.stp.sca.domainmodel.tuscany.editor.nl_ja" unpack="false" version="3.5.0.v20090620043401" download-size="1450" install-size="1450" />
	<plugin fragment="true" id="org.eclipse.stp.sca.edit.nl_ja" unpack="false" version="3.5.0.v20090620043401" download-size="4094" install-size="4094" />
	<plugin fragment="true" id="org.eclipse.stp.sca.editor.nl_ja" unpack="false" version="3.5.0.v20090620043401" download-size="3096" install-size="3096" />
	<plugin fragment="true" id="org.eclipse.stp.sca.formeditor.nl_ja" unpack="false" version="3.5.0.v20090620043401" download-size="2877" install-size="2877" />
	<plugin fragment="true" id="org.eclipse.stp.sca.implementation.java.nl_ja" unpack="false" version="3.5.0.v20090620043401" download-size="1360" install-size="1360" />
	<plugin fragment="true" id="org.eclipse.stp.sca.implementation.sca.nl_ja" unpack="false" version="3.5.0.v20090620043401" download-size="1360" install-size="1360" />
	<plugin fragment="true" id="org.eclipse.stp.sca.interfacee.java.nl_ja" unpack="false" version="3.5.0.v20090620043401" download-size="1358" install-size="1358" />
	<plugin fragment="true" id="org.eclipse.stp.sca.nl_ja" unpack="false" version="3.5.0.v20090620043401" download-size="1348" install-size="1348" />
	<plugin fragment="true" id="org.eclipse.stp.sca.ontology.view.jena2.nl_ja" unpack="false" version="3.5.0.v20090620043401" download-size="2535" install-size="2535" />
	<plugin fragment="true" id="org.eclipse.stp.sca.ontology.view.nl_ja" unpack="false" version="3.5.0.v20090620043401" download-size="2357" install-size="2357" />
	<plugin fragment="true" id="org.eclipse.stp.sca.semantic.sawsdl.edit.nl_ja" unpack="false" version="3.5.0.v20090620043401" download-size="1763" install-size="1763" />
	<plugin fragment="true" id="org.eclipse.stp.sca.semantic.sawsdl.properties.nl_ja" unpack="false" version="3.5.0.v20090620043401" download-size="1364" install-size="1364" />
	<plugin fragment="true" id="org.eclipse.stp.sca.validation.frascati.nl_ja" unpack="false" version="3.5.0.v20090620043401" download-size="1361" install-size="1361" />
	<plugin fragment="true" id="org.eclipse.stp.sca.validation.nl_ja" unpack="false" version="3.5.0.v20090620043401" download-size="1355" install-size="1355" />
	<plugin fragment="true" id="org.eclipse.stp.sca.xmleditor.nl_ja" unpack="false" version="3.5.0.v20090620043401" download-size="2545" install-size="2545" />
</feature>