<?xml version="1.0" encoding="UTF-8" ?>
<feature
	id="org.eclipse.babel.nls_modeling.mdt_zh_TW"
	label="Babel Language Pack for modeling.mdt in Chinese (Traditional) (24.25%)"
	image="eclipse_update_120.jpg"
	provider-name="%providerName"
	version="3.5.0.v20090620043401">
	<copyright>
		%copyright
	</copyright>
	<license url="%licenseURL">
		%license
	</license>
	<description>Babel Language Pack for modeling.mdt in Chinese (Traditional)</description>
	<plugin fragment="true" id="org.eclipse.emf.ocl.doc.nl_zh_TW" unpack="false" version="3.5.0.v20090620043401" download-size="1389" install-size="1389" />
	<plugin fragment="true" id="org.eclipse.emf.ocl.examples.interpreter.nl_zh_TW" unpack="false" version="3.5.0.v20090620043401" download-size="2895" install-size="2895" />
	<plugin fragment="true" id="org.eclipse.emf.ocl.examples.nl_zh_TW" unpack="false" version="3.5.0.v20090620043401" download-size="1395" install-size="1395" />
	<plugin fragment="true" id="org.eclipse.emf.ocl.nl_zh_TW" unpack="false" version="3.5.0.v20090620043401" download-size="1390" install-size="1390" />
	<plugin fragment="true" id="org.eclipse.emf.ocl.tests.nl_zh_TW" unpack="false" version="3.5.0.v20090620043401" download-size="1393" install-size="1393" />
	<plugin fragment="true" id="org.eclipse.ocl.doc.nl_zh_TW" unpack="false" version="3.5.0.v20090620043401" download-size="1385" install-size="1385" />
	<plugin fragment="true" id="org.eclipse.ocl.ecore.nl_zh_TW" unpack="false" version="3.5.0.v20090620043401" download-size="1390" install-size="1390" />
	<plugin fragment="true" id="org.eclipse.ocl.ecore.tests.nl_zh_TW" unpack="false" version="3.5.0.v20090620043401" download-size="1394" install-size="1394" />
	<plugin fragment="true" id="org.eclipse.ocl.nl_zh_TW" unpack="false" version="3.5.0.v20090620043401" download-size="2560" install-size="2560" />
	<plugin fragment="true" id="org.eclipse.ocl.uml.nl_zh_TW" unpack="false" version="3.5.0.v20090620043401" download-size="1389" install-size="1389" />
	<plugin fragment="true" id="org.eclipse.ocl.uml.tests.nl_zh_TW" unpack="false" version="3.5.0.v20090620043401" download-size="1393" install-size="1393" />
	<plugin fragment="true" id="org.eclipse.uml2.codegen.ecore.nl_zh_TW" unpack="false" version="3.5.0.v20090620043401" download-size="1392" install-size="1392" />
	<plugin fragment="true" id="org.eclipse.uml2.codegen.ecore.ui.nl_zh_TW" unpack="false" version="3.5.0.v20090620043401" download-size="1553" install-size="1553" />
	<plugin fragment="true" id="org.eclipse.uml2.common.edit.nl_zh_TW" unpack="false" version="3.5.0.v20090620043401" download-size="1391" install-size="1391" />
	<plugin fragment="true" id="org.eclipse.uml2.common.nl_zh_TW" unpack="false" version="3.5.0.v20090620043401" download-size="1388" install-size="1388" />
	<plugin fragment="true" id="org.eclipse.uml2.diagram.activity.nl_zh_TW" unpack="false" version="3.5.0.v20090620043401" download-size="2190" install-size="2190" />
	<plugin fragment="true" id="org.eclipse.uml2.diagram.clazz.nl_zh_TW" unpack="false" version="3.5.0.v20090620043401" download-size="3523" install-size="3523" />
	<plugin fragment="true" id="org.eclipse.uml2.diagram.clazz.tests.nl_zh_TW" unpack="false" version="3.5.0.v20090620043401" download-size="1396" install-size="1396" />
	<plugin fragment="true" id="org.eclipse.uml2.diagram.codegen.edit.nl_zh_TW" unpack="false" version="3.5.0.v20090620043401" download-size="1807" install-size="1807" />
	<plugin fragment="true" id="org.eclipse.uml2.diagram.codegen.nl_zh_TW" unpack="false" version="3.5.0.v20090620043401" download-size="1393" install-size="1393" />
	<plugin fragment="true" id="org.eclipse.uml2.diagram.common.nl_zh_TW" unpack="false" version="3.5.0.v20090620043401" download-size="2074" install-size="2074" />
	<plugin fragment="true" id="org.eclipse.uml2.diagram.common.notation.nl_zh_TW" unpack="false" version="3.5.0.v20090620043401" download-size="1400" install-size="1400" />
	<plugin fragment="true" id="org.eclipse.uml2.diagram.common.tests.nl_zh_TW" unpack="false" version="3.5.0.v20090620043401" download-size="1397" install-size="1397" />
	<plugin fragment="true" id="org.eclipse.uml2.diagram.component.nl_zh_TW" unpack="false" version="3.5.0.v20090620043401" download-size="2691" install-size="2691" />
	<plugin fragment="true" id="org.eclipse.uml2.diagram.csd.nl_zh_TW" unpack="false" version="3.5.0.v20090620043401" download-size="2735" install-size="2735" />
	<plugin fragment="true" id="org.eclipse.uml2.diagram.def.nl_zh_TW" unpack="false" version="3.5.0.v20090620043401" download-size="1391" install-size="1391" />
	<plugin fragment="true" id="org.eclipse.uml2.diagram.deploy.nl_zh_TW" unpack="false" version="3.5.0.v20090620043401" download-size="2443" install-size="2443" />
	<plugin fragment="true" id="org.eclipse.uml2.diagram.examples.activity.nl_zh_TW" unpack="false" version="3.5.0.v20090620043401" download-size="1404" install-size="1404" />
	<plugin fragment="true" id="org.eclipse.uml2.diagram.examples.clazz.nl_zh_TW" unpack="false" version="3.5.0.v20090620043401" download-size="1402" install-size="1402" />
	<plugin fragment="true" id="org.eclipse.uml2.diagram.examples.profile.nl_zh_TW" unpack="false" version="3.5.0.v20090620043401" download-size="1403" install-size="1403" />
	<plugin fragment="true" id="org.eclipse.uml2.diagram.examples.statemachine.nl_zh_TW" unpack="false" version="3.5.0.v20090620043401" download-size="1405" install-size="1405" />
	<plugin fragment="true" id="org.eclipse.uml2.diagram.nl_zh_TW" unpack="false" version="3.5.0.v20090620043401" download-size="1389" install-size="1389" />
	<plugin fragment="true" id="org.eclipse.uml2.diagram.parser.nl_zh_TW" unpack="false" version="3.5.0.v20090620043401" download-size="1393" install-size="1393" />
	<plugin fragment="true" id="org.eclipse.uml2.diagram.profile.nl_zh_TW" unpack="false" version="3.5.0.v20090620043401" download-size="2764" install-size="2764" />
	<plugin fragment="true" id="org.eclipse.uml2.diagram.profile.tests.nl_zh_TW" unpack="false" version="3.5.0.v20090620043401" download-size="1397" install-size="1397" />
	<plugin fragment="true" id="org.eclipse.uml2.diagram.sequence.model.nl_zh_TW" unpack="false" version="3.5.0.v20090620043401" download-size="1398" install-size="1398" />
	<plugin fragment="true" id="org.eclipse.uml2.diagram.sequence.nl_zh_TW" unpack="false" version="3.5.0.v20090620043401" download-size="2034" install-size="2034" />
	<plugin fragment="true" id="org.eclipse.uml2.diagram.sequence.tests.nl_zh_TW" unpack="false" version="3.5.0.v20090620043401" download-size="1399" install-size="1399" />
	<plugin fragment="true" id="org.eclipse.uml2.diagram.statemachine.nl_zh_TW" unpack="false" version="3.5.0.v20090620043401" download-size="2084" install-size="2084" />
	<plugin fragment="true" id="org.eclipse.uml2.diagram.statemachine.tests.nl_zh_TW" unpack="false" version="3.5.0.v20090620043401" download-size="1400" install-size="1400" />
	<plugin fragment="true" id="org.eclipse.uml2.diagram.usecase.nl_zh_TW" unpack="false" version="3.5.0.v20090620043401" download-size="2473" install-size="2473" />
	<plugin fragment="true" id="org.eclipse.uml2.doc.nl_zh_TW" unpack="false" version="3.5.0.v20090620043401" download-size="1386" install-size="1386" />
	<plugin fragment="true" id="org.eclipse.uml2.examples.nl_zh_TW" unpack="false" version="3.5.0.v20090620043401" download-size="1389" install-size="1389" />
	<plugin fragment="true" id="org.eclipse.uml2.examples.uml.ui.nl_zh_TW" unpack="false" version="3.5.0.v20090620043401" download-size="1482" install-size="1482" />
	<plugin fragment="true" id="org.eclipse.uml2.nl_zh_TW" unpack="false" version="3.5.0.v20090620043401" download-size="1383" install-size="1383" />
	<plugin fragment="true" id="org.eclipse.uml2.tests.nl_zh_TW" unpack="false" version="3.5.0.v20090620043401" download-size="1387" install-size="1387" />
	<plugin fragment="true" id="org.eclipse.uml2.uml.ecore.importer.nl_zh_TW" unpack="false" version="3.5.0.v20090620043401" download-size="1393" install-size="1393" />
	<plugin fragment="true" id="org.eclipse.uml2.uml.edit.nl_zh_TW" unpack="false" version="3.5.0.v20090620043401" download-size="4325" install-size="4325" />
	<plugin fragment="true" id="org.eclipse.uml2.uml.editor.nl_zh_TW" unpack="false" version="3.5.0.v20090620043401" download-size="2185" install-size="2185" />
	<plugin fragment="true" id="org.eclipse.uml2.uml.nl_zh_TW" unpack="false" version="3.5.0.v20090620043401" download-size="1492" install-size="1492" />
	<plugin fragment="true" id="org.eclipse.uml2.uml.resources.nl_zh_TW" unpack="false" version="3.5.0.v20090620043401" download-size="9631" install-size="9631" />
	<plugin fragment="true" id="org.eclipse.uml2.uml.tests.nl_zh_TW" unpack="false" version="3.5.0.v20090620043401" download-size="1389" install-size="1389" />
	<plugin fragment="true" id="org.eclipse.uml2tools.doc.nl_zh_TW" unpack="false" version="3.5.0.v20090620043401" download-size="1389" install-size="1389" />
	<plugin fragment="true" id="org.eclipse.uml2tools.nl_zh_TW" unpack="false" version="3.5.0.v20090620043401" download-size="1386" install-size="1386" />
</feature>