<?xml version="1.0" encoding="UTF-8" ?>
<feature
	id="org.eclipse.babel.nls_stp.bpmn_tr"
	label="Babel Language Pack for stp.bpmn in Turkish (19%)"
	image="eclipse_update_120.jpg"
	provider-name="%providerName"
	version="3.5.0.v20090620043401">
	<copyright>
		%copyright
	</copyright>
	<license url="%licenseURL">
		%license
	</license>
	<description>Babel Language Pack for stp.bpmn in Turkish</description>
	<plugin fragment="true" id="org.eclipse.stp.bpmn.diagram.nl_tr" unpack="false" version="3.5.0.v20090620043401" download-size="2734" install-size="2734" />
	<plugin fragment="true" id="org.eclipse.stp.bpmn.edit.nl_tr" unpack="false" version="3.5.0.v20090620043401" download-size="2313" install-size="2313" />
	<plugin fragment="true" id="org.eclipse.stp.bpmn.nl_tr" unpack="false" version="3.5.0.v20090620043401" download-size="2226" install-size="2226" />
	<plugin fragment="true" id="org.eclipse.stp.bpmn.validation.nl_tr" unpack="false" version="3.5.0.v20090620043401" download-size="2322" install-size="2322" />
</feature>