<?xml version="1.0" encoding="UTF-8" ?>
<feature
	id="org.eclipse.babel.nls_tools.mylyn_fr"
	label="Babel Language Pack for tools.mylyn in French (17.75%)"
	image="eclipse_update_120.jpg"
	provider-name="%providerName"
	version="3.5.0.v20090620043401">
	<copyright>
		%copyright
	</copyright>
	<license url="%licenseURL">
		%license
	</license>
	<description>Babel Language Pack for tools.mylyn in French</description>
	<plugin fragment="true" id="org.eclipse.mylyn.bugzilla.core.nl_fr" unpack="false" version="3.5.0.v20090620043401" download-size="2593" install-size="2593" />
	<plugin fragment="true" id="org.eclipse.mylyn.bugzilla.ide.nl_fr" unpack="false" version="3.5.0.v20090620043401" download-size="1356" install-size="1356" />
	<plugin fragment="true" id="org.eclipse.mylyn.bugzilla.ui.nl_fr" unpack="false" version="3.5.0.v20090620043401" download-size="3723" install-size="3723" />
	<plugin fragment="true" id="org.eclipse.mylyn.commons.core.nl_fr" unpack="false" version="3.5.0.v20090620043401" download-size="1354" install-size="1354" />
	<plugin fragment="true" id="org.eclipse.mylyn.commons.net.nl_fr" unpack="false" version="3.5.0.v20090620043401" download-size="2566" install-size="2566" />
	<plugin fragment="true" id="org.eclipse.mylyn.commons.soap.nl_fr" unpack="false" version="3.5.0.v20090620043401" download-size="1354" install-size="1354" />
	<plugin fragment="true" id="org.eclipse.mylyn.commons.ui.nl_fr" unpack="false" version="3.5.0.v20090620043401" download-size="2613" install-size="2613" />
	<plugin fragment="true" id="org.eclipse.mylyn.compatibility.nl_fr" unpack="false" version="3.5.0.v20090620043401" download-size="1356" install-size="1356" />
	<plugin fragment="true" id="org.eclipse.mylyn.context.core.nl_fr" unpack="false" version="3.5.0.v20090620043401" download-size="1354" install-size="1354" />
	<plugin fragment="true" id="org.eclipse.mylyn.context.ui.nl_fr" unpack="false" version="3.5.0.v20090620043401" download-size="4537" install-size="4537" />
	<plugin fragment="true" id="org.eclipse.mylyn.discovery.core.nl_fr" unpack="false" version="3.5.0.v20090620043401" download-size="2642" install-size="2642" />
	<plugin fragment="true" id="org.eclipse.mylyn.discovery.ui.nl_fr" unpack="false" version="3.5.0.v20090620043401" download-size="2746" install-size="2746" />
	<plugin fragment="true" id="org.eclipse.mylyn.help.ui.nl_fr" unpack="false" version="3.5.0.v20090620043401" download-size="1382" install-size="1382" />
	<plugin fragment="true" id="org.eclipse.mylyn.ide.ant.nl_fr" unpack="false" version="3.5.0.v20090620043401" download-size="1351" install-size="1351" />
	<plugin fragment="true" id="org.eclipse.mylyn.ide.capabilities.nl_fr" unpack="false" version="3.5.0.v20090620043401" download-size="1374" install-size="1374" />
	<plugin fragment="true" id="org.eclipse.mylyn.ide.ui.nl_fr" unpack="false" version="3.5.0.v20090620043401" download-size="1350" install-size="1350" />
	<plugin fragment="true" id="org.eclipse.mylyn.java.tasks.nl_fr" unpack="false" version="3.5.0.v20090620043401" download-size="2409" install-size="2409" />
	<plugin fragment="true" id="org.eclipse.mylyn.java.ui.nl_fr" unpack="false" version="3.5.0.v20090620043401" download-size="1413" install-size="1413" />
	<plugin fragment="true" id="org.eclipse.mylyn.jira.core.nl_fr" unpack="false" version="3.5.0.v20090620043401" download-size="3032" install-size="3032" />
	<plugin fragment="true" id="org.eclipse.mylyn.jira.ui.nl_fr" unpack="false" version="3.5.0.v20090620043401" download-size="3548" install-size="3548" />
	<plugin fragment="true" id="org.eclipse.mylyn.monitor.core.nl_fr" unpack="false" version="3.5.0.v20090620043401" download-size="2658" install-size="2658" />
	<plugin fragment="true" id="org.eclipse.mylyn.monitor.ui.nl_fr" unpack="false" version="3.5.0.v20090620043401" download-size="1352" install-size="1352" />
	<plugin fragment="true" id="org.eclipse.mylyn.nl_fr" unpack="false" version="3.5.0.v20090620043401" download-size="1346" install-size="1346" />
	<plugin fragment="true" id="org.eclipse.mylyn.pde.ui.nl_fr" unpack="false" version="3.5.0.v20090620043401" download-size="1350" install-size="1350" />
	<plugin fragment="true" id="org.eclipse.mylyn.resources.ui.nl_fr" unpack="false" version="3.5.0.v20090620043401" download-size="2656" install-size="2656" />
	<plugin fragment="true" id="org.eclipse.mylyn.tasks.bugs.nl_fr" unpack="false" version="3.5.0.v20090620043401" download-size="3378" install-size="3378" />
	<plugin fragment="true" id="org.eclipse.mylyn.tasks.core.nl_fr" unpack="false" version="3.5.0.v20090620043401" download-size="3507" install-size="3507" />
	<plugin fragment="true" id="org.eclipse.mylyn.tasks.ui.nl_fr" unpack="false" version="3.5.0.v20090620043401" download-size="11984" install-size="11984" />
	<plugin fragment="true" id="org.eclipse.mylyn.team.cvs.nl_fr" unpack="false" version="3.5.0.v20090620043401" download-size="1352" install-size="1352" />
	<plugin fragment="true" id="org.eclipse.mylyn.team.ui.nl_fr" unpack="false" version="3.5.0.v20090620043401" download-size="3653" install-size="3653" />
	<plugin fragment="true" id="org.eclipse.mylyn.trac.core.nl_fr" unpack="false" version="3.5.0.v20090620043401" download-size="2994" install-size="2994" />
	<plugin fragment="true" id="org.eclipse.mylyn.trac.ui.nl_fr" unpack="false" version="3.5.0.v20090620043401" download-size="3149" install-size="3149" />
	<plugin fragment="true" id="org.eclipse.mylyn.wikitext.confluence.core.nl_fr" unpack="false" version="3.5.0.v20090620043401" download-size="1362" install-size="1362" />
	<plugin fragment="true" id="org.eclipse.mylyn.wikitext.confluence.ui.nl_fr" unpack="false" version="3.5.0.v20090620043401" download-size="1411" install-size="1411" />
	<plugin fragment="true" id="org.eclipse.mylyn.wikitext.core.nl_fr" unpack="false" version="3.5.0.v20090620043401" download-size="4410" install-size="4410" />
	<plugin fragment="true" id="org.eclipse.mylyn.wikitext.help.sdk.nl_fr" unpack="false" version="3.5.0.v20090620043401" download-size="1379" install-size="1379" />
	<plugin fragment="true" id="org.eclipse.mylyn.wikitext.help.ui.nl_fr" unpack="false" version="3.5.0.v20090620043401" download-size="1378" install-size="1378" />
	<plugin fragment="true" id="org.eclipse.mylyn.wikitext.mediawiki.core.nl_fr" unpack="false" version="3.5.0.v20090620043401" download-size="1382" install-size="1382" />
	<plugin fragment="true" id="org.eclipse.mylyn.wikitext.mediawiki.ui.nl_fr" unpack="false" version="3.5.0.v20090620043401" download-size="1431" install-size="1431" />
	<plugin fragment="true" id="org.eclipse.mylyn.wikitext.tasks.ui.nl_fr" unpack="false" version="3.5.0.v20090620043401" download-size="2831" install-size="2831" />
	<plugin fragment="true" id="org.eclipse.mylyn.wikitext.tests.nl_fr" unpack="false" version="3.5.0.v20090620043401" download-size="1356" install-size="1356" />
	<plugin fragment="true" id="org.eclipse.mylyn.wikitext.textile.core.nl_fr" unpack="false" version="3.5.0.v20090620043401" download-size="1359" install-size="1359" />
	<plugin fragment="true" id="org.eclipse.mylyn.wikitext.textile.ui.nl_fr" unpack="false" version="3.5.0.v20090620043401" download-size="1425" install-size="1425" />
	<plugin fragment="true" id="org.eclipse.mylyn.wikitext.tracwiki.core.nl_fr" unpack="false" version="3.5.0.v20090620043401" download-size="1361" install-size="1361" />
	<plugin fragment="true" id="org.eclipse.mylyn.wikitext.tracwiki.ui.nl_fr" unpack="false" version="3.5.0.v20090620043401" download-size="1386" install-size="1386" />
	<plugin fragment="true" id="org.eclipse.mylyn.wikitext.twiki.core.nl_fr" unpack="false" version="3.5.0.v20090620043401" download-size="1360" install-size="1360" />
	<plugin fragment="true" id="org.eclipse.mylyn.wikitext.twiki.ui.nl_fr" unpack="false" version="3.5.0.v20090620043401" download-size="1410" install-size="1410" />
	<plugin fragment="true" id="org.eclipse.mylyn.wikitext.ui.nl_fr" unpack="false" version="3.5.0.v20090620043401" download-size="7178" install-size="7178" />
	<plugin fragment="true" id="org.eclipse.mylyn.xplanner.core.nl_fr" unpack="false" version="3.5.0.v20090620043401" download-size="2413" install-size="2413" />
	<plugin fragment="true" id="org.eclipse.mylyn.xplanner.tests.nl_fr" unpack="false" version="3.5.0.v20090620043401" download-size="1377" install-size="1377" />
	<plugin fragment="true" id="org.eclipse.mylyn.xplanner.ui.nl_fr" unpack="false" version="3.5.0.v20090620043401" download-size="3724" install-size="3724" />
</feature>