<?xml version="1.0" encoding="UTF-8" ?>
<feature
	id="org.eclipse.babel.nls_technology.mat_no"
	label="Babel Language Pack for technology.mat in Norwegian (2.91%)"
	image="eclipse_update_120.jpg"
	provider-name="%providerName"
	version="3.5.0.v20090620043401">
	<copyright>
		%copyright
	</copyright>
	<license url="%licenseURL">
		%license
	</license>
	<description>Babel Language Pack for technology.mat in Norwegian</description>
	<plugin fragment="true" id="org.eclipse.mat.api.nl_no" unpack="false" version="3.5.0.v20090620043401" download-size="2237" install-size="2237" />
	<plugin fragment="true" id="org.eclipse.mat.chart.nl_no" unpack="false" version="3.5.0.v20090620043401" download-size="1368" install-size="1368" />
	<plugin fragment="true" id="org.eclipse.mat.chart.ui.nl_no" unpack="false" version="3.5.0.v20090620043401" download-size="1370" install-size="1370" />
	<plugin fragment="true" id="org.eclipse.mat.hprof.nl_no" unpack="false" version="3.5.0.v20090620043401" download-size="1368" install-size="1368" />
	<plugin fragment="true" id="org.eclipse.mat.jdt.nl_no" unpack="false" version="3.5.0.v20090620043401" download-size="1366" install-size="1366" />
	<plugin fragment="true" id="org.eclipse.mat.parser.nl_no" unpack="false" version="3.5.0.v20090620043401" download-size="1368" install-size="1368" />
	<plugin fragment="true" id="org.eclipse.mat.report.nl_no" unpack="false" version="3.5.0.v20090620043401" download-size="2251" install-size="2251" />
	<plugin fragment="true" id="org.eclipse.mat.ui.nl_no" unpack="false" version="3.5.0.v20090620043401" download-size="2779" install-size="2779" />
	<plugin fragment="true" id="org.eclipse.mat.ui.rcp.nl_no" unpack="false" version="3.5.0.v20090620043401" download-size="1368" install-size="1368" />
</feature>