<?xml version="1.0" encoding="UTF-8" ?>
<feature
	id="org.eclipse.babel.nls_technology.actf_sv"
	label="Babel Language Pack for technology.actf in Swedish (6.71%)"
	image="eclipse_update_120.jpg"
	provider-name="%providerName"
	version="3.5.0.v20090620043401">
	<copyright>
		%copyright
	</copyright>
	<license url="%licenseURL">
		%license
	</license>
	<description>Babel Language Pack for technology.actf in Swedish</description>
	<plugin fragment="true" id="org.eclipse.actf.core.nl_sv" unpack="false" version="3.5.0.v20090620043401" download-size="1606" install-size="1606" />
	<plugin fragment="true" id="org.eclipse.actf.model.flash.proxy.nl_sv" unpack="false" version="3.5.0.v20090620043401" download-size="1894" install-size="1894" />
	<plugin fragment="true" id="org.eclipse.actf.model.ui.nl_sv" unpack="false" version="3.5.0.v20090620043401" download-size="1515" install-size="1515" />
	<plugin fragment="true" id="org.eclipse.actf.ui.nl_sv" unpack="false" version="3.5.0.v20090620043401" download-size="1715" install-size="1715" />
	<plugin fragment="true" id="org.eclipse.actf.util.vocab.nl_sv" unpack="false" version="3.5.0.v20090620043401" download-size="1385" install-size="1385" />
	<plugin fragment="true" id="org.eclipse.actf.visualization.doc.isv.nl_sv" unpack="false" version="3.5.0.v20090620043401" download-size="1378" install-size="1378" />
	<plugin fragment="true" id="org.eclipse.actf.visualization.engines.blind.html.nl_sv" unpack="false" version="3.5.0.v20090620043401" download-size="1421" install-size="1421" />
	<plugin fragment="true" id="org.eclipse.actf.visualization.engines.blind.nl_sv" unpack="false" version="3.5.0.v20090620043401" download-size="1692" install-size="1692" />
	<plugin fragment="true" id="org.eclipse.actf.visualization.eval.nl_sv" unpack="false" version="3.5.0.v20090620043401" download-size="1878" install-size="1878" />
	<plugin fragment="true" id="org.eclipse.actf.visualization.gui.nl_sv" unpack="false" version="3.5.0.v20090620043401" download-size="1869" install-size="1869" />
	<plugin fragment="true" id="org.eclipse.actf.visualization.presentation.nl_sv" unpack="false" version="3.5.0.v20090620043401" download-size="1384" install-size="1384" />
	<plugin fragment="true" id="org.eclipse.actf.visualization.ui.report.nl_sv" unpack="false" version="3.5.0.v20090620043401" download-size="1455" install-size="1455" />
</feature>