<?xml version="1.0" encoding="UTF-8" ?>
<feature
	id="org.eclipse.babel.nls_stp.sca_cs"
	label="Babel Language Pack for stp.sca in Czech (21.02%)"
	image="eclipse_update_120.jpg"
	provider-name="%providerName"
	version="3.5.0.v20090620043401">
	<copyright>
		%copyright
	</copyright>
	<license url="%licenseURL">
		%license
	</license>
	<description>Babel Language Pack for stp.sca in Czech</description>
	<plugin fragment="true" id="org.eclipse.stp.sca.common.jdt.nl_cs" unpack="false" version="3.5.0.v20090620043401" download-size="2328" install-size="2328" />
	<plugin fragment="true" id="org.eclipse.stp.sca.common.nl_cs" unpack="false" version="3.5.0.v20090620043401" download-size="1351" install-size="1351" />
	<plugin fragment="true" id="org.eclipse.stp.sca.diagram.extension.generator.ui.nl_cs" unpack="false" version="3.5.0.v20090620043401" download-size="2864" install-size="2864" />
	<plugin fragment="true" id="org.eclipse.stp.sca.diagram.extension.nl_cs" unpack="false" version="3.5.0.v20090620043401" download-size="1387" install-size="1387" />
	<plugin fragment="true" id="org.eclipse.stp.sca.diagram.frascati.nl_cs" unpack="false" version="3.5.0.v20090620043401" download-size="1375" install-size="1375" />
	<plugin fragment="true" id="org.eclipse.stp.sca.diagram.jdt.nl_cs" unpack="false" version="3.5.0.v20090620043401" download-size="1355" install-size="1355" />
	<plugin fragment="true" id="org.eclipse.stp.sca.diagram.nl_cs" unpack="false" version="3.5.0.v20090620043401" download-size="2311" install-size="2311" />
	<plugin fragment="true" id="org.eclipse.stp.sca.diagram.tuscany.nl_cs" unpack="false" version="3.5.0.v20090620043401" download-size="1358" install-size="1358" />
	<plugin fragment="true" id="org.eclipse.stp.sca.domainmodel.frascati.edit.nl_cs" unpack="false" version="3.5.0.v20090620043401" download-size="1680" install-size="1680" />
	<plugin fragment="true" id="org.eclipse.stp.sca.domainmodel.frascati.editor.nl_cs" unpack="false" version="3.5.0.v20090620043401" download-size="1434" install-size="1434" />
	<plugin fragment="true" id="org.eclipse.stp.sca.domainmodel.tuscany.edit.nl_cs" unpack="false" version="3.5.0.v20090620043401" download-size="1816" install-size="1816" />
	<plugin fragment="true" id="org.eclipse.stp.sca.domainmodel.tuscany.editor.nl_cs" unpack="false" version="3.5.0.v20090620043401" download-size="1433" install-size="1433" />
	<plugin fragment="true" id="org.eclipse.stp.sca.edit.nl_cs" unpack="false" version="3.5.0.v20090620043401" download-size="3586" install-size="3586" />
	<plugin fragment="true" id="org.eclipse.stp.sca.editor.nl_cs" unpack="false" version="3.5.0.v20090620043401" download-size="2925" install-size="2925" />
	<plugin fragment="true" id="org.eclipse.stp.sca.formeditor.nl_cs" unpack="false" version="3.5.0.v20090620043401" download-size="2349" install-size="2349" />
	<plugin fragment="true" id="org.eclipse.stp.sca.implementation.java.nl_cs" unpack="false" version="3.5.0.v20090620043401" download-size="1360" install-size="1360" />
	<plugin fragment="true" id="org.eclipse.stp.sca.implementation.sca.nl_cs" unpack="false" version="3.5.0.v20090620043401" download-size="1359" install-size="1359" />
	<plugin fragment="true" id="org.eclipse.stp.sca.interfacee.java.nl_cs" unpack="false" version="3.5.0.v20090620043401" download-size="1357" install-size="1357" />
	<plugin fragment="true" id="org.eclipse.stp.sca.nl_cs" unpack="false" version="3.5.0.v20090620043401" download-size="1347" install-size="1347" />
	<plugin fragment="true" id="org.eclipse.stp.sca.ontology.view.jena2.nl_cs" unpack="false" version="3.5.0.v20090620043401" download-size="2522" install-size="2522" />
	<plugin fragment="true" id="org.eclipse.stp.sca.ontology.view.nl_cs" unpack="false" version="3.5.0.v20090620043401" download-size="2353" install-size="2353" />
	<plugin fragment="true" id="org.eclipse.stp.sca.semantic.sawsdl.edit.nl_cs" unpack="false" version="3.5.0.v20090620043401" download-size="1630" install-size="1630" />
	<plugin fragment="true" id="org.eclipse.stp.sca.semantic.sawsdl.properties.nl_cs" unpack="false" version="3.5.0.v20090620043401" download-size="1363" install-size="1363" />
	<plugin fragment="true" id="org.eclipse.stp.sca.validation.frascati.nl_cs" unpack="false" version="3.5.0.v20090620043401" download-size="1361" install-size="1361" />
	<plugin fragment="true" id="org.eclipse.stp.sca.validation.nl_cs" unpack="false" version="3.5.0.v20090620043401" download-size="1354" install-size="1354" />
	<plugin fragment="true" id="org.eclipse.stp.sca.xmleditor.nl_cs" unpack="false" version="3.5.0.v20090620043401" download-size="2433" install-size="2433" />
</feature>