<?xml version="1.0" encoding="UTF-8" ?>
<feature
	id="org.eclipse.babel.nls_eclipse_no"
	label="Babel Language Pack for eclipse in Norwegian (75.36%)"
	image="eclipse_update_120.jpg"
	provider-name="%providerName"
	version="3.5.0.v20090620043401">
	<copyright>
		%copyright
	</copyright>
	<license url="%licenseURL">
		%license
	</license>
	<description>Babel Language Pack for eclipse in Norwegian</description>
	<plugin fragment="true" id="org.eclipse.ant.core.nl_no" unpack="false" version="3.5.0.v20090620043401" download-size="4556" install-size="4556" />
	<plugin fragment="true" id="org.eclipse.ant.tests.core.nl_no" unpack="false" version="3.5.0.v20090620043401" download-size="1621" install-size="1621" />
	<plugin fragment="true" id="org.eclipse.ant.tests.ui.nl_no" unpack="false" version="3.5.0.v20090620043401" download-size="1393" install-size="1393" />
	<plugin fragment="true" id="org.eclipse.ant.ui.nl_no" unpack="false" version="3.5.0.v20090620043401" download-size="24197" install-size="24197" />
	<plugin fragment="true" id="org.eclipse.compare.core.nl_no" unpack="false" version="3.5.0.v20090620043401" download-size="2386" install-size="2386" />
	<plugin fragment="true" id="org.eclipse.compare.examples.nl_no" unpack="false" version="3.5.0.v20090620043401" download-size="2373" install-size="2373" />
	<plugin fragment="true" id="org.eclipse.compare.examples.xml.nl_no" unpack="false" version="3.5.0.v20090620043401" download-size="3408" install-size="3408" />
	<plugin fragment="true" id="org.eclipse.compare.nl_no" unpack="false" version="3.5.0.v20090620043401" download-size="13460" install-size="13460" />
	<plugin fragment="true" id="org.eclipse.compare.tests.nl_no" unpack="false" version="3.5.0.v20090620043401" download-size="1622" install-size="1622" />
	<plugin fragment="true" id="org.eclipse.compare.win32.nl_no" unpack="false" version="3.5.0.v20090620043401" download-size="2546" install-size="2546" />
	<plugin fragment="true" id="org.eclipse.core.boot.nl_no" unpack="false" version="3.5.0.v20090620043401" download-size="1385" install-size="1385" />
	<plugin fragment="true" id="org.eclipse.core.commands.nl_no" unpack="false" version="3.5.0.v20090620043401" download-size="1384" install-size="1384" />
	<plugin fragment="true" id="org.eclipse.core.contenttype.nl_no" unpack="false" version="3.5.0.v20090620043401" download-size="2597" install-size="2597" />
	<plugin fragment="true" id="org.eclipse.core.databinding.beans.nl_no" unpack="false" version="3.5.0.v20090620043401" download-size="1375" install-size="1375" />
	<plugin fragment="true" id="org.eclipse.core.databinding.nl_no" unpack="false" version="3.5.0.v20090620043401" download-size="2475" install-size="2475" />
	<plugin fragment="true" id="org.eclipse.core.databinding.observable.nl_no" unpack="false" version="3.5.0.v20090620043401" download-size="1378" install-size="1378" />
	<plugin fragment="true" id="org.eclipse.core.databinding.property.nl_no" unpack="false" version="3.5.0.v20090620043401" download-size="1377" install-size="1377" />
	<plugin fragment="true" id="org.eclipse.core.expressions.nl_no" unpack="false" version="3.5.0.v20090620043401" download-size="2813" install-size="2813" />
	<plugin fragment="true" id="org.eclipse.core.expressions.tests.nl_no" unpack="false" version="3.5.0.v20090620043401" download-size="1374" install-size="1374" />
	<plugin fragment="true" id="org.eclipse.core.filebuffers.nl_no" unpack="false" version="3.5.0.v20090620043401" download-size="3947" install-size="3947" />
	<plugin fragment="true" id="org.eclipse.core.filebuffers.tests.nl_no" unpack="false" version="3.5.0.v20090620043401" download-size="1380" install-size="1380" />
	<plugin fragment="true" id="org.eclipse.core.filesystem.nl_no" unpack="false" version="3.5.0.v20090620043401" download-size="2873" install-size="2873" />
	<plugin fragment="true" id="org.eclipse.core.jobs.nl_no" unpack="false" version="3.5.0.v20090620043401" download-size="2378" install-size="2378" />
	<plugin fragment="true" id="org.eclipse.core.net.linux.x86.nl_no" unpack="false" version="3.5.0.v20090620043401" download-size="1377" install-size="1377" />
	<plugin fragment="true" id="org.eclipse.core.net.nl_no" unpack="false" version="3.5.0.v20090620043401" download-size="1370" install-size="1370" />
	<plugin fragment="true" id="org.eclipse.core.net.win32.x86.nl_no" unpack="false" version="3.5.0.v20090620043401" download-size="1377" install-size="1377" />
	<plugin fragment="true" id="org.eclipse.core.resources.nl_no" unpack="false" version="3.5.0.v20090620043401" download-size="7733" install-size="7733" />
	<plugin fragment="true" id="org.eclipse.core.runtime.compatibility.auth.nl_no" unpack="false" version="3.5.0.v20090620043401" download-size="2485" install-size="2485" />
	<plugin fragment="true" id="org.eclipse.core.runtime.compatibility.nl_no" unpack="false" version="3.5.0.v20090620043401" download-size="2427" install-size="2427" />
	<plugin fragment="true" id="org.eclipse.core.runtime.nl_no" unpack="false" version="3.5.0.v20090620043401" download-size="3741" install-size="3741" />
	<plugin fragment="true" id="org.eclipse.core.variables.nl_no" unpack="false" version="3.5.0.v20090620043401" download-size="2529" install-size="2529" />
	<plugin fragment="true" id="org.eclipse.cvs.nl_no" unpack="false" version="3.5.0.v20090620043401" download-size="1363" install-size="1363" />
	<plugin fragment="true" id="org.eclipse.debug.core.nl_no" unpack="false" version="3.5.0.v20090620043401" download-size="6237" install-size="6237" />
	<plugin fragment="true" id="org.eclipse.debug.examples.ui.nl_no" unpack="false" version="3.5.0.v20090620043401" download-size="2369" install-size="2369" />
	<plugin fragment="true" id="org.eclipse.debug.ui.nl_no" unpack="false" version="3.5.0.v20090620043401" download-size="28418" install-size="28418" />
	<plugin fragment="true" id="org.eclipse.equinox.app.nl_no" unpack="false" version="3.5.0.v20090620043401" download-size="2333" install-size="2333" />
	<plugin fragment="true" id="org.eclipse.equinox.cm.nl_no" unpack="false" version="3.5.0.v20090620043401" download-size="1368" install-size="1368" />
	<plugin fragment="true" id="org.eclipse.equinox.common.nl_no" unpack="false" version="3.5.0.v20090620043401" download-size="3108" install-size="3108" />
	<plugin fragment="true" id="org.eclipse.equinox.concurrent.nl_no" unpack="false" version="3.5.0.v20090620043401" download-size="1373" install-size="1373" />
	<plugin fragment="true" id="org.eclipse.equinox.device.nl_no" unpack="false" version="3.5.0.v20090620043401" download-size="2994" install-size="2994" />
	<plugin fragment="true" id="org.eclipse.equinox.ds.nl_no" unpack="false" version="3.5.0.v20090620043401" download-size="1368" install-size="1368" />
	<plugin fragment="true" id="org.eclipse.equinox.event.nl_no" unpack="false" version="3.5.0.v20090620043401" download-size="2347" install-size="2347" />
	<plugin fragment="true" id="org.eclipse.equinox.http.jetty5.nl_no" unpack="false" version="3.5.0.v20090620043401" download-size="1373" install-size="1373" />
	<plugin fragment="true" id="org.eclipse.equinox.http.jetty6.nl_no" unpack="false" version="3.5.0.v20090620043401" download-size="1373" install-size="1373" />
	<plugin fragment="true" id="org.eclipse.equinox.http.nl_no" unpack="false" version="3.5.0.v20090620043401" download-size="3674" install-size="3674" />
	<plugin fragment="true" id="org.eclipse.equinox.http.registry.nl_no" unpack="false" version="3.5.0.v20090620043401" download-size="1375" install-size="1375" />
	<plugin fragment="true" id="org.eclipse.equinox.http.servlet.nl_no" unpack="false" version="3.5.0.v20090620043401" download-size="1375" install-size="1375" />
	<plugin fragment="true" id="org.eclipse.equinox.http.servletbridge.nl_no" unpack="false" version="3.5.0.v20090620043401" download-size="1379" install-size="1379" />
	<plugin fragment="true" id="org.eclipse.equinox.io.nl_no" unpack="false" version="3.5.0.v20090620043401" download-size="1367" install-size="1367" />
	<plugin fragment="true" id="org.eclipse.equinox.ip.nl_no" unpack="false" version="3.5.0.v20090620043401" download-size="1368" install-size="1368" />
	<plugin fragment="true" id="org.eclipse.equinox.jsp.jasper.nl_no" unpack="false" version="3.5.0.v20090620043401" download-size="1373" install-size="1373" />
	<plugin fragment="true" id="org.eclipse.equinox.jsp.jasper.registry.nl_no" unpack="false" version="3.5.0.v20090620043401" download-size="1380" install-size="1380" />
	<plugin fragment="true" id="org.eclipse.equinox.launcher.carbon.macosx.nl_no" unpack="false" version="3.5.0.v20090620043401" download-size="1412" install-size="1412" />
	<plugin fragment="true" id="org.eclipse.equinox.launcher.cocoa.macosx.nl_no" unpack="false" version="3.5.0.v20090620043401" download-size="1409" install-size="1409" />
	<plugin fragment="true" id="org.eclipse.equinox.launcher.gtk.linux.ppc.nl_no" unpack="false" version="3.5.0.v20090620043401" download-size="1412" install-size="1412" />
	<plugin fragment="true" id="org.eclipse.equinox.launcher.gtk.linux.s390.nl_no" unpack="false" version="3.5.0.v20090620043401" download-size="1415" install-size="1415" />
	<plugin fragment="true" id="org.eclipse.equinox.launcher.gtk.linux.s390x.nl_no" unpack="false" version="3.5.0.v20090620043401" download-size="1418" install-size="1418" />
	<plugin fragment="true" id="org.eclipse.equinox.launcher.gtk.linux.x86.nl_no" unpack="false" version="3.5.0.v20090620043401" download-size="1413" install-size="1413" />
	<plugin fragment="true" id="org.eclipse.equinox.launcher.gtk.solaris.sparc.nl_no" unpack="false" version="3.5.0.v20090620043401" download-size="1423" install-size="1423" />
	<plugin fragment="true" id="org.eclipse.equinox.launcher.gtk.solaris.x86.nl_no" unpack="false" version="3.5.0.v20090620043401" download-size="1418" install-size="1418" />
	<plugin fragment="true" id="org.eclipse.equinox.launcher.motif.aix.ppc.nl_no" unpack="false" version="3.5.0.v20090620043401" download-size="1412" install-size="1412" />
	<plugin fragment="true" id="org.eclipse.equinox.launcher.motif.linux.x86.nl_no" unpack="false" version="3.5.0.v20090620043401" download-size="1418" install-size="1418" />
	<plugin fragment="true" id="org.eclipse.equinox.launcher.motif.solaris.sparc.nl_no" unpack="false" version="3.5.0.v20090620043401" download-size="1428" install-size="1428" />
	<plugin fragment="true" id="org.eclipse.equinox.launcher.nl_no" unpack="false" version="3.5.0.v20090620043401" download-size="1376" install-size="1376" />
	<plugin fragment="true" id="org.eclipse.equinox.launcher.win32.win32.ia64.nl_no" unpack="false" version="3.5.0.v20090620043401" download-size="1418" install-size="1418" />
	<plugin fragment="true" id="org.eclipse.equinox.launcher.win32.win32.x86.nl_no" unpack="false" version="3.5.0.v20090620043401" download-size="1415" install-size="1415" />
	<plugin fragment="true" id="org.eclipse.equinox.launcher.wpf.win32.x86.nl_no" unpack="false" version="3.5.0.v20090620043401" download-size="1413" install-size="1413" />
	<plugin fragment="true" id="org.eclipse.equinox.log.nl_no" unpack="false" version="3.5.0.v20090620043401" download-size="1368" install-size="1368" />
	<plugin fragment="true" id="org.eclipse.equinox.metatype.nl_no" unpack="false" version="3.5.0.v20090620043401" download-size="2747" install-size="2747" />
	<plugin fragment="true" id="org.eclipse.equinox.preferences.nl_no" unpack="false" version="3.5.0.v20090620043401" download-size="3002" install-size="3002" />
	<plugin fragment="true" id="org.eclipse.equinox.registry.nl_no" unpack="false" version="3.5.0.v20090620043401" download-size="3413" install-size="3413" />
	<plugin fragment="true" id="org.eclipse.equinox.security.nl_no" unpack="false" version="3.5.0.v20090620043401" download-size="2623" install-size="2623" />
	<plugin fragment="true" id="org.eclipse.equinox.security.ui.nl_no" unpack="false" version="3.5.0.v20090620043401" download-size="3525" install-size="3525" />
	<plugin fragment="true" id="org.eclipse.equinox.servletbridge.nl_no" unpack="false" version="3.5.0.v20090620043401" download-size="1375" install-size="1375" />
	<plugin fragment="true" id="org.eclipse.equinox.transforms.xslt.nl_no" unpack="false" version="3.5.0.v20090620043401" download-size="1375" install-size="1375" />
	<plugin fragment="true" id="org.eclipse.equinox.useradmin.nl_no" unpack="false" version="3.5.0.v20090620043401" download-size="3163" install-size="3163" />
	<plugin fragment="true" id="org.eclipse.equinox.util.nl_no" unpack="false" version="3.5.0.v20090620043401" download-size="1369" install-size="1369" />
	<plugin fragment="true" id="org.eclipse.equinox.wireadmin.nl_no" unpack="false" version="3.5.0.v20090620043401" download-size="1373" install-size="1373" />
	<plugin fragment="true" id="org.eclipse.help.appserver.nl_no" unpack="false" version="3.5.0.v20090620043401" download-size="2572" install-size="2572" />
	<plugin fragment="true" id="org.eclipse.help.base.nl_no" unpack="false" version="3.5.0.v20090620043401" download-size="3680" install-size="3680" />
	<plugin fragment="true" id="org.eclipse.help.nl_no" unpack="false" version="3.5.0.v20090620043401" download-size="1501" install-size="1501" />
	<plugin fragment="true" id="org.eclipse.help.ui.nl_no" unpack="false" version="3.5.0.v20090620043401" download-size="4935" install-size="4935" />
	<plugin fragment="true" id="org.eclipse.help.webapp.nl_no" unpack="false" version="3.5.0.v20090620043401" download-size="4267" install-size="4267" />
	<plugin fragment="true" id="org.eclipse.jdt.apt.core.nl_no" unpack="false" version="3.5.0.v20090620043401" download-size="3774" install-size="3774" />
	<plugin fragment="true" id="org.eclipse.jdt.apt.pluggable.core.nl_no" unpack="false" version="3.5.0.v20090620043401" download-size="1375" install-size="1375" />
	<plugin fragment="true" id="org.eclipse.jdt.apt.pluggable.tests.nl_no" unpack="false" version="3.5.0.v20090620043401" download-size="1375" install-size="1375" />
	<plugin fragment="true" id="org.eclipse.jdt.apt.tests.nl_no" unpack="false" version="3.5.0.v20090620043401" download-size="1369" install-size="1369" />
	<plugin fragment="true" id="org.eclipse.jdt.apt.ui.nl_no" unpack="false" version="3.5.0.v20090620043401" download-size="4446" install-size="4446" />
	<plugin fragment="true" id="org.eclipse.jdt.compiler.apt.tests.nl_no" unpack="false" version="3.5.0.v20090620043401" download-size="1374" install-size="1374" />
	<plugin fragment="true" id="org.eclipse.jdt.compiler.tool.tests.nl_no" unpack="false" version="3.5.0.v20090620043401" download-size="1375" install-size="1375" />
	<plugin fragment="true" id="org.eclipse.jdt.core.manipulation.nl_no" unpack="false" version="3.5.0.v20090620043401" download-size="3254" install-size="3254" />
	<plugin fragment="true" id="org.eclipse.jdt.core.nl_no" unpack="false" version="3.5.0.v20090620043401" download-size="27634" install-size="27634" />
	<plugin fragment="true" id="org.eclipse.jdt.core.tests.builder.nl_no" unpack="false" version="3.5.0.v20090620043401" download-size="1375" install-size="1375" />
	<plugin fragment="true" id="org.eclipse.jdt.core.tests.compiler.nl_no" unpack="false" version="3.5.0.v20090620043401" download-size="1376" install-size="1376" />
	<plugin fragment="true" id="org.eclipse.jdt.core.tests.model.nl_no" unpack="false" version="3.5.0.v20090620043401" download-size="11619" install-size="11619" />
	<plugin fragment="true" id="org.eclipse.jdt.core.tests.performance.nl_no" unpack="false" version="3.5.0.v20090620043401" download-size="1377" install-size="1377" />
	<plugin fragment="true" id="org.eclipse.jdt.debug.nl_no" unpack="false" version="3.5.0.v20090620043401" download-size="20274" install-size="20274" />
	<plugin fragment="true" id="org.eclipse.jdt.debug.tests.nl_no" unpack="false" version="3.5.0.v20090620043401" download-size="1371" install-size="1371" />
	<plugin fragment="true" id="org.eclipse.jdt.debug.ui.nl_no" unpack="false" version="3.5.0.v20090620043401" download-size="26090" install-size="26090" />
	<plugin fragment="true" id="org.eclipse.jdt.doc.isv.nl_no" unpack="false" version="3.5.0.v20090620043401" download-size="1745" install-size="1745" />
	<plugin fragment="true" id="org.eclipse.jdt.doc.user.nl_no" unpack="false" version="3.5.0.v20090620043401" download-size="1738" install-size="1738" />
	<plugin fragment="true" id="org.eclipse.jdt.junit.nl_no" unpack="false" version="3.5.0.v20090620043401" download-size="8375" install-size="8375" />
	<plugin fragment="true" id="org.eclipse.jdt.junit.runtime.nl_no" unpack="false" version="3.5.0.v20090620043401" download-size="2859" install-size="2859" />
	<plugin fragment="true" id="org.eclipse.jdt.junit4.runtime.nl_no" unpack="false" version="3.5.0.v20090620043401" download-size="1422" install-size="1422" />
	<plugin fragment="true" id="org.eclipse.jdt.launching.macosx.nl_no" unpack="false" version="3.5.0.v20090620043401" download-size="1376" install-size="1376" />
	<plugin fragment="true" id="org.eclipse.jdt.launching.nl_no" unpack="false" version="3.5.0.v20090620043401" download-size="6247" install-size="6247" />
	<plugin fragment="true" id="org.eclipse.jdt.launching.ui.macosx.nl_no" unpack="false" version="3.5.0.v20090620043401" download-size="2578" install-size="2578" />
	<plugin fragment="true" id="org.eclipse.jdt.nl_no" unpack="false" version="3.5.0.v20090620043401" download-size="1391" install-size="1391" />
	<plugin fragment="true" id="org.eclipse.jdt.text.tests.nl_no" unpack="false" version="3.5.0.v20090620043401" download-size="1375" install-size="1375" />
	<plugin fragment="true" id="org.eclipse.jdt.ui.examples.projects.nl_no" unpack="false" version="3.5.0.v20090620043401" download-size="2670" install-size="2670" />
	<plugin fragment="true" id="org.eclipse.jdt.ui.nl_no" unpack="false" version="3.5.0.v20090620043401" download-size="146204" install-size="146204" />
	<plugin fragment="true" id="org.eclipse.jdt.ui.tests.nl_no" unpack="false" version="3.5.0.v20090620043401" download-size="1373" install-size="1373" />
	<plugin fragment="true" id="org.eclipse.jdt.ui.tests.refactoring.nl_no" unpack="false" version="3.5.0.v20090620043401" download-size="1381" install-size="1381" />
	<plugin fragment="true" id="org.eclipse.jface.databinding.nl_no" unpack="false" version="3.5.0.v20090620043401" download-size="1394" install-size="1394" />
	<plugin fragment="true" id="org.eclipse.jface.examples.databinding.nl_no" unpack="false" version="3.5.0.v20090620043401" download-size="1379" install-size="1379" />
	<plugin fragment="true" id="org.eclipse.jface.nl_no" unpack="false" version="3.5.0.v20090620043401" download-size="9535" install-size="9535" />
	<plugin fragment="true" id="org.eclipse.jface.tests.databinding.conformance.nl_no" unpack="false" version="3.5.0.v20090620043401" download-size="1385" install-size="1385" />
	<plugin fragment="true" id="org.eclipse.jface.tests.databinding.nl_no" unpack="false" version="3.5.0.v20090620043401" download-size="1376" install-size="1376" />
	<plugin fragment="true" id="org.eclipse.jface.text.nl_no" unpack="false" version="3.5.0.v20090620043401" download-size="11154" install-size="11154" />
	<plugin fragment="true" id="org.eclipse.jface.text.tests.nl_no" unpack="false" version="3.5.0.v20090620043401" download-size="1376" install-size="1376" />
	<plugin fragment="true" id="org.eclipse.jsch.core.nl_no" unpack="false" version="3.5.0.v20090620043401" download-size="2297" install-size="2297" />
	<plugin fragment="true" id="org.eclipse.jsch.ui.nl_no" unpack="false" version="3.5.0.v20090620043401" download-size="3700" install-size="3700" />
	<plugin fragment="true" id="org.eclipse.ltk.core.refactoring.nl_no" unpack="false" version="3.5.0.v20090620043401" download-size="4485" install-size="4485" />
	<plugin fragment="true" id="org.eclipse.ltk.core.refactoring.tests.nl_no" unpack="false" version="3.5.0.v20090620043401" download-size="1377" install-size="1377" />
	<plugin fragment="true" id="org.eclipse.ltk.ui.refactoring.nl_no" unpack="false" version="3.5.0.v20090620043401" download-size="7871" install-size="7871" />
	<plugin fragment="true" id="org.eclipse.ltk.ui.refactoring.tests.nl_no" unpack="false" version="3.5.0.v20090620043401" download-size="1376" install-size="1376" />
	<plugin fragment="true" id="org.eclipse.osgi.nl_no" unpack="false" version="3.5.0.v20090620043401" download-size="6464" install-size="6464" />
	<plugin fragment="true" id="org.eclipse.osgi.services.nl_no" unpack="false" version="3.5.0.v20090620043401" download-size="1530" install-size="1530" />
	<plugin fragment="true" id="org.eclipse.osgi.util.nl_no" unpack="false" version="3.5.0.v20090620043401" download-size="1528" install-size="1528" />
	<plugin fragment="true" id="org.eclipse.pde.api.tools.nl_no" unpack="false" version="3.5.0.v20090620043401" download-size="3164" install-size="3164" />
	<plugin fragment="true" id="org.eclipse.pde.api.tools.ui.nl_no" unpack="false" version="3.5.0.v20090620043401" download-size="5242" install-size="5242" />
	<plugin fragment="true" id="org.eclipse.pde.build.nl_no" unpack="false" version="3.5.0.v20090620043401" download-size="4977" install-size="4977" />
	<plugin fragment="true" id="org.eclipse.pde.build.tests.nl_no" unpack="false" version="3.5.0.v20090620043401" download-size="1373" install-size="1373" />
	<plugin fragment="true" id="org.eclipse.pde.core.nl_no" unpack="false" version="3.5.0.v20090620043401" download-size="7261" install-size="7261" />
	<plugin fragment="true" id="org.eclipse.pde.doc.user.nl_no" unpack="false" version="3.5.0.v20090620043401" download-size="1777" install-size="1777" />
	<plugin fragment="true" id="org.eclipse.pde.ds.core.nl_no" unpack="false" version="3.5.0.v20090620043401" download-size="2356" install-size="2356" />
	<plugin fragment="true" id="org.eclipse.pde.ds.tests.nl_no" unpack="false" version="3.5.0.v20090620043401" download-size="1368" install-size="1368" />
	<plugin fragment="true" id="org.eclipse.pde.ds.ui.nl_no" unpack="false" version="3.5.0.v20090620043401" download-size="2858" install-size="2858" />
	<plugin fragment="true" id="org.eclipse.pde.junit.runtime.nl_no" unpack="false" version="3.5.0.v20090620043401" download-size="1400" install-size="1400" />
	<plugin fragment="true" id="org.eclipse.pde.nl_no" unpack="false" version="3.5.0.v20090620043401" download-size="1377" install-size="1377" />
	<plugin fragment="true" id="org.eclipse.pde.runtime.nl_no" unpack="false" version="3.5.0.v20090620043401" download-size="2726" install-size="2726" />
	<plugin fragment="true" id="org.eclipse.pde.tools.versioning.nl_no" unpack="false" version="3.5.0.v20090620043401" download-size="1385" install-size="1385" />
	<plugin fragment="true" id="org.eclipse.pde.ua.core.nl_no" unpack="false" version="3.5.0.v20090620043401" download-size="1368" install-size="1368" />
	<plugin fragment="true" id="org.eclipse.pde.ua.ui.nl_no" unpack="false" version="3.5.0.v20090620043401" download-size="10745" install-size="10745" />
	<plugin fragment="true" id="org.eclipse.pde.ui.nl_no" unpack="false" version="3.5.0.v20090620043401" download-size="33063" install-size="33063" />
	<plugin fragment="true" id="org.eclipse.pde.ui.templates.nl_no" unpack="false" version="3.5.0.v20090620043401" download-size="2655" install-size="2655" />
	<plugin fragment="true" id="org.eclipse.platform.doc.isv.nl_no" unpack="false" version="3.5.0.v20090620043401" download-size="1417" install-size="1417" />
	<plugin fragment="true" id="org.eclipse.platform.doc.user.nl_no" unpack="false" version="3.5.0.v20090620043401" download-size="1392" install-size="1392" />
	<plugin fragment="true" id="org.eclipse.platform.nl_no" unpack="false" version="3.5.0.v20090620043401" download-size="2343" install-size="2343" />
	<plugin fragment="true" id="org.eclipse.rcp.nl_no" unpack="false" version="3.5.0.v20090620043401" download-size="1696" install-size="1696" />
	<plugin fragment="true" id="org.eclipse.releng.tools.nl_no" unpack="false" version="3.5.0.v20090620043401" download-size="2212" install-size="2212" />
	<plugin fragment="true" id="org.eclipse.sdk.examples.nl_no" unpack="false" version="3.5.0.v20090620043401" download-size="1369" install-size="1369" />
	<plugin fragment="true" id="org.eclipse.sdk.nl_no" unpack="false" version="3.5.0.v20090620043401" download-size="2638" install-size="2638" />
	<plugin fragment="true" id="org.eclipse.sdk.tests.nl_no" unpack="false" version="3.5.0.v20090620043401" download-size="1367" install-size="1367" />
	<plugin fragment="true" id="org.eclipse.search.nl_no" unpack="false" version="3.5.0.v20090620043401" download-size="7514" install-size="7514" />
	<plugin fragment="true" id="org.eclipse.search.tests.nl_no" unpack="false" version="3.5.0.v20090620043401" download-size="1368" install-size="1368" />
	<plugin fragment="true" id="org.eclipse.swt.examples.browser.demos.nl_no" unpack="false" version="3.5.0.v20090620043401" download-size="1377" install-size="1377" />
	<plugin fragment="true" id="org.eclipse.swt.examples.browser.nl_no" unpack="false" version="3.5.0.v20090620043401" download-size="1407" install-size="1407" />
	<plugin fragment="true" id="org.eclipse.swt.examples.controls.nl_no" unpack="false" version="3.5.0.v20090620043401" download-size="1374" install-size="1374" />
	<plugin fragment="true" id="org.eclipse.swt.examples.launcher.nl_no" unpack="false" version="3.5.0.v20090620043401" download-size="1460" install-size="1460" />
	<plugin fragment="true" id="org.eclipse.swt.examples.layouts.nl_no" unpack="false" version="3.5.0.v20090620043401" download-size="1374" install-size="1374" />
	<plugin fragment="true" id="org.eclipse.swt.examples.nl_no" unpack="false" version="3.5.0.v20090620043401" download-size="6161" install-size="6161" />
	<plugin fragment="true" id="org.eclipse.swt.examples.ole.win32.nl_no" unpack="false" version="3.5.0.v20090620043401" download-size="1469" install-size="1469" />
	<plugin fragment="true" id="org.eclipse.swt.examples.paint.nl_no" unpack="false" version="3.5.0.v20090620043401" download-size="1372" install-size="1372" />
	<plugin fragment="true" id="org.eclipse.swt.nl_no" unpack="false" version="3.5.0.v20090620043401" download-size="2298" install-size="2298" />
	<plugin fragment="true" id="org.eclipse.swt.tests.nl_no" unpack="false" version="3.5.0.v20090620043401" download-size="1380" install-size="1380" />
	<plugin fragment="true" id="org.eclipse.swt.tools.nl_no" unpack="false" version="3.5.0.v20090620043401" download-size="1366" install-size="1366" />
	<plugin fragment="true" id="org.eclipse.team.core.nl_no" unpack="false" version="3.5.0.v20090620043401" download-size="4304" install-size="4304" />
	<plugin fragment="true" id="org.eclipse.team.cvs.core.nl_no" unpack="false" version="3.5.0.v20090620043401" download-size="7846" install-size="7846" />
	<plugin fragment="true" id="org.eclipse.team.cvs.ssh.nl_no" unpack="false" version="3.5.0.v20090620043401" download-size="3103" install-size="3103" />
	<plugin fragment="true" id="org.eclipse.team.cvs.ssh2.nl_no" unpack="false" version="3.5.0.v20090620043401" download-size="3473" install-size="3473" />
	<plugin fragment="true" id="org.eclipse.team.cvs.ui.nl_no" unpack="false" version="3.5.0.v20090620043401" download-size="24448" install-size="24448" />
	<plugin fragment="true" id="org.eclipse.team.examples.filesystem.nl_no" unpack="false" version="3.5.0.v20090620043401" download-size="2328" install-size="2328" />
	<plugin fragment="true" id="org.eclipse.team.tests.cvs.core.nl_no" unpack="false" version="3.5.0.v20090620043401" download-size="1429" install-size="1429" />
	<plugin fragment="true" id="org.eclipse.team.ui.nl_no" unpack="false" version="3.5.0.v20090620043401" download-size="11768" install-size="11768" />
	<plugin fragment="true" id="org.eclipse.text.nl_no" unpack="false" version="3.5.0.v20090620043401" download-size="3778" install-size="3778" />
	<plugin fragment="true" id="org.eclipse.text.tests.nl_no" unpack="false" version="3.5.0.v20090620043401" download-size="1372" install-size="1372" />
	<plugin fragment="true" id="org.eclipse.ui.browser.nl_no" unpack="false" version="3.5.0.v20090620043401" download-size="3616" install-size="3616" />
	<plugin fragment="true" id="org.eclipse.ui.cheatsheets.nl_no" unpack="false" version="3.5.0.v20090620043401" download-size="5494" install-size="5494" />
	<plugin fragment="true" id="org.eclipse.ui.console.nl_no" unpack="false" version="3.5.0.v20090620043401" download-size="3347" install-size="3347" />
	<plugin fragment="true" id="org.eclipse.ui.editors.nl_no" unpack="false" version="3.5.0.v20090620043401" download-size="11758" install-size="11758" />
	<plugin fragment="true" id="org.eclipse.ui.editors.tests.nl_no" unpack="false" version="3.5.0.v20090620043401" download-size="1376" install-size="1376" />
	<plugin fragment="true" id="org.eclipse.ui.examples.contributions.nl_no" unpack="false" version="3.5.0.v20090620043401" download-size="1554" install-size="1554" />
	<plugin fragment="true" id="org.eclipse.ui.examples.fieldassist.nl_no" unpack="false" version="3.5.0.v20090620043401" download-size="2276" install-size="2276" />
	<plugin fragment="true" id="org.eclipse.ui.examples.javaeditor.nl_no" unpack="false" version="3.5.0.v20090620043401" download-size="2375" install-size="2375" />
	<plugin fragment="true" id="org.eclipse.ui.examples.multipageeditor.nl_no" unpack="false" version="3.5.0.v20090620043401" download-size="2336" install-size="2336" />
	<plugin fragment="true" id="org.eclipse.ui.examples.propertysheet.nl_no" unpack="false" version="3.5.0.v20090620043401" download-size="2370" install-size="2370" />
	<plugin fragment="true" id="org.eclipse.ui.examples.readmetool.nl_no" unpack="false" version="3.5.0.v20090620043401" download-size="2318" install-size="2318" />
	<plugin fragment="true" id="org.eclipse.ui.examples.undo.nl_no" unpack="false" version="3.5.0.v20090620043401" download-size="2219" install-size="2219" />
	<plugin fragment="true" id="org.eclipse.ui.examples.views.properties.tabbed.article.nl_no" unpack="false" version="3.5.0.v20090620043401" download-size="1458" install-size="1458" />
	<plugin fragment="true" id="org.eclipse.ui.externaltools.nl_no" unpack="false" version="3.5.0.v20090620043401" download-size="8672" install-size="8672" />
	<plugin fragment="true" id="org.eclipse.ui.forms.nl_no" unpack="false" version="3.5.0.v20090620043401" download-size="2271" install-size="2271" />
	<plugin fragment="true" id="org.eclipse.ui.ide.application.nl_no" unpack="false" version="3.5.0.v20090620043401" download-size="1483" install-size="1483" />
	<plugin fragment="true" id="org.eclipse.ui.ide.nl_no" unpack="false" version="3.5.0.v20090620043401" download-size="27834" install-size="27834" />
	<plugin fragment="true" id="org.eclipse.ui.intro.nl_no" unpack="false" version="3.5.0.v20090620043401" download-size="3581" install-size="3581" />
	<plugin fragment="true" id="org.eclipse.ui.intro.universal.nl_no" unpack="false" version="3.5.0.v20090620043401" download-size="5830" install-size="5830" />
	<plugin fragment="true" id="org.eclipse.ui.navigator.nl_no" unpack="false" version="3.5.0.v20090620043401" download-size="3770" install-size="3770" />
	<plugin fragment="true" id="org.eclipse.ui.navigator.resources.nl_no" unpack="false" version="3.5.0.v20090620043401" download-size="3412" install-size="3412" />
	<plugin fragment="true" id="org.eclipse.ui.net.nl_no" unpack="false" version="3.5.0.v20090620043401" download-size="2373" install-size="2373" />
	<plugin fragment="true" id="org.eclipse.ui.nl_no" unpack="false" version="3.5.0.v20090620043401" download-size="4870" install-size="4870" />
	<plugin fragment="true" id="org.eclipse.ui.presentations.r21.nl_no" unpack="false" version="3.5.0.v20090620043401" download-size="2534" install-size="2534" />
	<plugin fragment="true" id="org.eclipse.ui.tests.views.properties.tabbed.nl_no" unpack="false" version="3.5.0.v20090620043401" download-size="1424" install-size="1424" />
	<plugin fragment="true" id="org.eclipse.ui.views.log.nl_no" unpack="false" version="3.5.0.v20090620043401" download-size="2710" install-size="2710" />
	<plugin fragment="true" id="org.eclipse.ui.views.nl_no" unpack="false" version="3.5.0.v20090620043401" download-size="3140" install-size="3140" />
	<plugin fragment="true" id="org.eclipse.ui.views.properties.tabbed.nl_no" unpack="false" version="3.5.0.v20090620043401" download-size="3066" install-size="3066" />
	<plugin fragment="true" id="org.eclipse.ui.workbench.nl_no" unpack="false" version="3.5.0.v20090620043401" download-size="24942" install-size="24942" />
	<plugin fragment="true" id="org.eclipse.ui.workbench.texteditor.nl_no" unpack="false" version="3.5.0.v20090620043401" download-size="11292" install-size="11292" />
	<plugin fragment="true" id="org.eclipse.ui.workbench.texteditor.tests.nl_no" unpack="false" version="3.5.0.v20090620043401" download-size="1385" install-size="1385" />
	<plugin fragment="true" id="org.eclipse.update.configurator.nl_no" unpack="false" version="3.5.0.v20090620043401" download-size="3377" install-size="3377" />
	<plugin fragment="true" id="org.eclipse.update.core.nl_no" unpack="false" version="3.5.0.v20090620043401" download-size="8265" install-size="8265" />
	<plugin fragment="true" id="org.eclipse.update.scheduler.nl_no" unpack="false" version="3.5.0.v20090620043401" download-size="2846" install-size="2846" />
	<plugin fragment="true" id="org.eclipse.update.tests.core.nl_no" unpack="false" version="3.5.0.v20090620043401" download-size="1636" install-size="1636" />
	<plugin fragment="true" id="org.eclipse.update.ui.nl_no" unpack="false" version="3.5.0.v20090620043401" download-size="8970" install-size="8970" />
	<plugin fragment="true" id="org.junit4.nl_no" unpack="false" version="3.5.0.v20090620043401" download-size="1394" install-size="1394" />
	<plugin fragment="true" id="security.a.nl_no" unpack="false" version="3.5.0.v20090620043401" download-size="1368" install-size="1368" />
</feature>