<?xml version="1.0" encoding="UTF-8" ?>
<feature
	id="org.eclipse.babel.nls_stp.bpmn_de"
	label="Babel Language Pack for stp.bpmn in German (72.61%)"
	image="eclipse_update_120.jpg"
	provider-name="%providerName"
	version="3.5.0.v20090620043401">
	<copyright>
		%copyright
	</copyright>
	<license url="%licenseURL">
		%license
	</license>
	<description>Babel Language Pack for stp.bpmn in German</description>
	<plugin fragment="true" id="org.eclipse.stp.bpmn.diagram.nl_de" unpack="false" version="3.5.0.v20090620043401" download-size="7341" install-size="7341" />
	<plugin fragment="true" id="org.eclipse.stp.bpmn.edit.nl_de" unpack="false" version="3.5.0.v20090620043401" download-size="2717" install-size="2717" />
	<plugin fragment="true" id="org.eclipse.stp.bpmn.nl_de" unpack="false" version="3.5.0.v20090620043401" download-size="2667" install-size="2667" />
	<plugin fragment="true" id="org.eclipse.stp.bpmn.validation.nl_de" unpack="false" version="3.5.0.v20090620043401" download-size="3472" install-size="3472" />
</feature>