<?xml version="1.0" encoding="UTF-8" ?>
<feature
	id="org.eclipse.babel.nls_technology.actf_it"
	label="Babel Language Pack for technology.actf in Italian (6.35%)"
	image="eclipse_update_120.jpg"
	provider-name="%providerName"
	version="3.5.0.v20090620043401">
	<copyright>
		%copyright
	</copyright>
	<license url="%licenseURL">
		%license
	</license>
	<description>Babel Language Pack for technology.actf in Italian</description>
	<plugin fragment="true" id="org.eclipse.actf.core.nl_it" unpack="false" version="3.5.0.v20090620043401" download-size="1604" install-size="1604" />
	<plugin fragment="true" id="org.eclipse.actf.model.flash.proxy.nl_it" unpack="false" version="3.5.0.v20090620043401" download-size="1875" install-size="1875" />
	<plugin fragment="true" id="org.eclipse.actf.model.ui.nl_it" unpack="false" version="3.5.0.v20090620043401" download-size="1514" install-size="1514" />
	<plugin fragment="true" id="org.eclipse.actf.ui.nl_it" unpack="false" version="3.5.0.v20090620043401" download-size="1707" install-size="1707" />
	<plugin fragment="true" id="org.eclipse.actf.util.vocab.nl_it" unpack="false" version="3.5.0.v20090620043401" download-size="1384" install-size="1384" />
	<plugin fragment="true" id="org.eclipse.actf.visualization.doc.isv.nl_it" unpack="false" version="3.5.0.v20090620043401" download-size="1378" install-size="1378" />
	<plugin fragment="true" id="org.eclipse.actf.visualization.engines.blind.html.nl_it" unpack="false" version="3.5.0.v20090620043401" download-size="1415" install-size="1415" />
	<plugin fragment="true" id="org.eclipse.actf.visualization.engines.blind.nl_it" unpack="false" version="3.5.0.v20090620043401" download-size="1689" install-size="1689" />
	<plugin fragment="true" id="org.eclipse.actf.visualization.eval.nl_it" unpack="false" version="3.5.0.v20090620043401" download-size="1826" install-size="1826" />
	<plugin fragment="true" id="org.eclipse.actf.visualization.gui.nl_it" unpack="false" version="3.5.0.v20090620043401" download-size="1856" install-size="1856" />
	<plugin fragment="true" id="org.eclipse.actf.visualization.presentation.nl_it" unpack="false" version="3.5.0.v20090620043401" download-size="1389" install-size="1389" />
	<plugin fragment="true" id="org.eclipse.actf.visualization.ui.report.nl_it" unpack="false" version="3.5.0.v20090620043401" download-size="1448" install-size="1448" />
</feature>