<?xml version="1.0" encoding="UTF-8" ?>
<feature
	id="org.eclipse.babel.nls_datatools_no"
	label="Babel Language Pack for datatools in Norwegian (22.92%)"
	image="eclipse_update_120.jpg"
	provider-name="%providerName"
	version="3.5.0.v20090620043401">
	<copyright>
		%copyright
	</copyright>
	<license url="%licenseURL">
		%license
	</license>
	<description>Babel Language Pack for datatools in Norwegian</description>
	<plugin fragment="true" id="org.eclipse.datatools.connectivity.apache.derby.dbdefinition.nl_no" unpack="false" version="3.5.0.v20090620043401" download-size="1378" install-size="1378" />
	<plugin fragment="true" id="org.eclipse.datatools.connectivity.apache.derby.nl_no" unpack="false" version="3.5.0.v20090620043401" download-size="1430" install-size="1430" />
	<plugin fragment="true" id="org.eclipse.datatools.connectivity.apache.derby.ui.nl_no" unpack="false" version="3.5.0.v20090620043401" download-size="3572" install-size="3572" />
	<plugin fragment="true" id="org.eclipse.datatools.connectivity.console.profile.nl_no" unpack="false" version="3.5.0.v20090620043401" download-size="2553" install-size="2553" />
	<plugin fragment="true" id="org.eclipse.datatools.connectivity.db.generic.nl_no" unpack="false" version="3.5.0.v20090620043401" download-size="2603" install-size="2603" />
	<plugin fragment="true" id="org.eclipse.datatools.connectivity.db.generic.ui.nl_no" unpack="false" version="3.5.0.v20090620043401" download-size="1366" install-size="1366" />
	<plugin fragment="true" id="org.eclipse.datatools.connectivity.dbdefinition.genericJDBC.nl_no" unpack="false" version="3.5.0.v20090620043401" download-size="1399" install-size="1399" />
	<plugin fragment="true" id="org.eclipse.datatools.connectivity.nl_no" unpack="false" version="3.5.0.v20090620043401" download-size="3174" install-size="3174" />
	<plugin fragment="true" id="org.eclipse.datatools.connectivity.oda.consumer.nl_no" unpack="false" version="3.5.0.v20090620043401" download-size="2844" install-size="2844" />
	<plugin fragment="true" id="org.eclipse.datatools.connectivity.oda.design.nl_no" unpack="false" version="3.5.0.v20090620043401" download-size="1364" install-size="1364" />
	<plugin fragment="true" id="org.eclipse.datatools.connectivity.oda.design.ui.nl_no" unpack="false" version="3.5.0.v20090620043401" download-size="2948" install-size="2948" />
	<plugin fragment="true" id="org.eclipse.datatools.connectivity.oda.flatfile.nl_no" unpack="false" version="3.5.0.v20090620043401" download-size="2776" install-size="2776" />
	<plugin fragment="true" id="org.eclipse.datatools.connectivity.oda.flatfile.ui.nl_no" unpack="false" version="3.5.0.v20090620043401" download-size="3066" install-size="3066" />
	<plugin fragment="true" id="org.eclipse.datatools.connectivity.oda.template.ui.nl_no" unpack="false" version="3.5.0.v20090620043401" download-size="2944" install-size="2944" />
	<plugin fragment="true" id="org.eclipse.datatools.connectivity.sqm.core.nl_no" unpack="false" version="3.5.0.v20090620043401" download-size="3079" install-size="3079" />
	<plugin fragment="true" id="org.eclipse.datatools.connectivity.sqm.core.ui.nl_no" unpack="false" version="3.5.0.v20090620043401" download-size="4091" install-size="4091" />
	<plugin fragment="true" id="org.eclipse.datatools.connectivity.sqm.server.ui.nl_no" unpack="false" version="3.5.0.v20090620043401" download-size="3531" install-size="3531" />
	<plugin fragment="true" id="org.eclipse.datatools.connectivity.ui.dse.nl_no" unpack="false" version="3.5.0.v20090620043401" download-size="2886" install-size="2886" />
	<plugin fragment="true" id="org.eclipse.datatools.connectivity.ui.nl_no" unpack="false" version="3.5.0.v20090620043401" download-size="3499" install-size="3499" />
	<plugin fragment="true" id="org.eclipse.datatools.connectivity.ui.templates.nl_no" unpack="false" version="3.5.0.v20090620043401" download-size="2743" install-size="2743" />
	<plugin fragment="true" id="org.eclipse.datatools.enablement.finfo.nl_no" unpack="false" version="3.5.0.v20090620043401" download-size="1376" install-size="1376" />
	<plugin fragment="true" id="org.eclipse.datatools.enablement.hsqldb.dbdefinition.nl_no" unpack="false" version="3.5.0.v20090620043401" download-size="1388" install-size="1388" />
	<plugin fragment="true" id="org.eclipse.datatools.enablement.hsqldb.nl_no" unpack="false" version="3.5.0.v20090620043401" download-size="1426" install-size="1426" />
	<plugin fragment="true" id="org.eclipse.datatools.enablement.hsqldb.ui.nl_no" unpack="false" version="3.5.0.v20090620043401" download-size="2672" install-size="2672" />
	<plugin fragment="true" id="org.eclipse.datatools.enablement.ibm.db2.iseries.dbdefinition.nl_no" unpack="false" version="3.5.0.v20090620043401" download-size="1394" install-size="1394" />
	<plugin fragment="true" id="org.eclipse.datatools.enablement.ibm.db2.iseries.nl_no" unpack="false" version="3.5.0.v20090620043401" download-size="1425" install-size="1425" />
	<plugin fragment="true" id="org.eclipse.datatools.enablement.ibm.db2.iseries.ui.nl_no" unpack="false" version="3.5.0.v20090620043401" download-size="3371" install-size="3371" />
	<plugin fragment="true" id="org.eclipse.datatools.enablement.ibm.db2.luw.dbdefinition.nl_no" unpack="false" version="3.5.0.v20090620043401" download-size="1389" install-size="1389" />
	<plugin fragment="true" id="org.eclipse.datatools.enablement.ibm.db2.luw.nl_no" unpack="false" version="3.5.0.v20090620043401" download-size="1421" install-size="1421" />
	<plugin fragment="true" id="org.eclipse.datatools.enablement.ibm.db2.luw.ui.nl_no" unpack="false" version="3.5.0.v20090620043401" download-size="3330" install-size="3330" />
	<plugin fragment="true" id="org.eclipse.datatools.enablement.ibm.db2.zseries.dbdefinition.nl_no" unpack="false" version="3.5.0.v20090620043401" download-size="1396" install-size="1396" />
	<plugin fragment="true" id="org.eclipse.datatools.enablement.ibm.db2.zseries.nl_no" unpack="false" version="3.5.0.v20090620043401" download-size="1425" install-size="1425" />
	<plugin fragment="true" id="org.eclipse.datatools.enablement.ibm.db2.zseries.ui.nl_no" unpack="false" version="3.5.0.v20090620043401" download-size="3389" install-size="3389" />
	<plugin fragment="true" id="org.eclipse.datatools.enablement.ibm.informix.dbdefinition.nl_no" unpack="false" version="3.5.0.v20090620043401" download-size="1408" install-size="1408" />
	<plugin fragment="true" id="org.eclipse.datatools.enablement.ibm.informix.nl_no" unpack="false" version="3.5.0.v20090620043401" download-size="1422" install-size="1422" />
	<plugin fragment="true" id="org.eclipse.datatools.enablement.ibm.informix.ui.nl_no" unpack="false" version="3.5.0.v20090620043401" download-size="3195" install-size="3195" />
	<plugin fragment="true" id="org.eclipse.datatools.enablement.ibm.ui.nl_no" unpack="false" version="3.5.0.v20090620043401" download-size="2960" install-size="2960" />
	<plugin fragment="true" id="org.eclipse.datatools.enablement.ingres.dbdefinition.nl_no" unpack="false" version="3.5.0.v20090620043401" download-size="1388" install-size="1388" />
	<plugin fragment="true" id="org.eclipse.datatools.enablement.ingres.nl_no" unpack="false" version="3.5.0.v20090620043401" download-size="1427" install-size="1427" />
	<plugin fragment="true" id="org.eclipse.datatools.enablement.ingres.ui.nl_no" unpack="false" version="3.5.0.v20090620043401" download-size="2878" install-size="2878" />
	<plugin fragment="true" id="org.eclipse.datatools.enablement.jdt.classpath.nl_no" unpack="false" version="3.5.0.v20090620043401" download-size="1388" install-size="1388" />
	<plugin fragment="true" id="org.eclipse.datatools.enablement.msft.sqlserver.dbdefinition.nl_no" unpack="false" version="3.5.0.v20090620043401" download-size="1394" install-size="1394" />
	<plugin fragment="true" id="org.eclipse.datatools.enablement.msft.sqlserver.nl_no" unpack="false" version="3.5.0.v20090620043401" download-size="1425" install-size="1425" />
	<plugin fragment="true" id="org.eclipse.datatools.enablement.msft.sqlserver.ui.nl_no" unpack="false" version="3.5.0.v20090620043401" download-size="3466" install-size="3466" />
	<plugin fragment="true" id="org.eclipse.datatools.enablement.mysql.dbdefinition.nl_no" unpack="false" version="3.5.0.v20090620043401" download-size="1407" install-size="1407" />
	<plugin fragment="true" id="org.eclipse.datatools.enablement.mysql.nl_no" unpack="false" version="3.5.0.v20090620043401" download-size="1447" install-size="1447" />
	<plugin fragment="true" id="org.eclipse.datatools.enablement.mysql.ui.nl_no" unpack="false" version="3.5.0.v20090620043401" download-size="1378" install-size="1378" />
	<plugin fragment="true" id="org.eclipse.datatools.enablement.oda.ws.ui.nl_no" unpack="false" version="3.5.0.v20090620043401" download-size="2967" install-size="2967" />
	<plugin fragment="true" id="org.eclipse.datatools.enablement.oda.xml.nl_no" unpack="false" version="3.5.0.v20090620043401" download-size="2977" install-size="2977" />
	<plugin fragment="true" id="org.eclipse.datatools.enablement.oda.xml.ui.nl_no" unpack="false" version="3.5.0.v20090620043401" download-size="3393" install-size="3393" />
	<plugin fragment="true" id="org.eclipse.datatools.enablement.oracle.dbdefinition.nl_no" unpack="false" version="3.5.0.v20090620043401" download-size="1439" install-size="1439" />
	<plugin fragment="true" id="org.eclipse.datatools.enablement.oracle.nl_no" unpack="false" version="3.5.0.v20090620043401" download-size="1504" install-size="1504" />
	<plugin fragment="true" id="org.eclipse.datatools.enablement.oracle.ui.nl_no" unpack="false" version="3.5.0.v20090620043401" download-size="3031" install-size="3031" />
	<plugin fragment="true" id="org.eclipse.datatools.enablement.postgresql.dbdefinition.nl_no" unpack="false" version="3.5.0.v20090620043401" download-size="1388" install-size="1388" />
	<plugin fragment="true" id="org.eclipse.datatools.enablement.postgresql.nl_no" unpack="false" version="3.5.0.v20090620043401" download-size="1440" install-size="1440" />
	<plugin fragment="true" id="org.eclipse.datatools.enablement.postgresql.ui.nl_no" unpack="false" version="3.5.0.v20090620043401" download-size="1381" install-size="1381" />
	<plugin fragment="true" id="org.eclipse.datatools.enablement.sap.maxdb.dbdefinition.nl_no" unpack="false" version="3.5.0.v20090620043401" download-size="1371" install-size="1371" />
	<plugin fragment="true" id="org.eclipse.datatools.enablement.sap.maxdb.nl_no" unpack="false" version="3.5.0.v20090620043401" download-size="1418" install-size="1418" />
	<plugin fragment="true" id="org.eclipse.datatools.enablement.sap.maxdb.ui.nl_no" unpack="false" version="3.5.0.v20090620043401" download-size="1382" install-size="1382" />
	<plugin fragment="true" id="org.eclipse.datatools.enablement.sqlite.dbdefinition.nl_no" unpack="false" version="3.5.0.v20090620043401" download-size="1387" install-size="1387" />
	<plugin fragment="true" id="org.eclipse.datatools.enablement.sqlite.nl_no" unpack="false" version="3.5.0.v20090620043401" download-size="1425" install-size="1425" />
	<plugin fragment="true" id="org.eclipse.datatools.enablement.sqlite.ui.nl_no" unpack="false" version="3.5.0.v20090620043401" download-size="2635" install-size="2635" />
	<plugin fragment="true" id="org.eclipse.datatools.enablement.sybase.asa.dbdefinition.nl_no" unpack="false" version="3.5.0.v20090620043401" download-size="1390" install-size="1390" />
	<plugin fragment="true" id="org.eclipse.datatools.enablement.sybase.asa.models.nl_no" unpack="false" version="3.5.0.v20090620043401" download-size="1384" install-size="1384" />
	<plugin fragment="true" id="org.eclipse.datatools.enablement.sybase.asa.nl_no" unpack="false" version="3.5.0.v20090620043401" download-size="2846" install-size="2846" />
	<plugin fragment="true" id="org.eclipse.datatools.enablement.sybase.asa.schemaobjecteditor.examples.nl_no" unpack="false" version="3.5.0.v20090620043401" download-size="15639" install-size="15639" />
	<plugin fragment="true" id="org.eclipse.datatools.enablement.sybase.asa.ui.nl_no" unpack="false" version="3.5.0.v20090620043401" download-size="1419" install-size="1419" />
	<plugin fragment="true" id="org.eclipse.datatools.enablement.sybase.ase.dbdefinition.nl_no" unpack="false" version="3.5.0.v20090620043401" download-size="1388" install-size="1388" />
	<plugin fragment="true" id="org.eclipse.datatools.enablement.sybase.ase.models.nl_no" unpack="false" version="3.5.0.v20090620043401" download-size="1384" install-size="1384" />
	<plugin fragment="true" id="org.eclipse.datatools.enablement.sybase.ase.nl_no" unpack="false" version="3.5.0.v20090620043401" download-size="2445" install-size="2445" />
	<plugin fragment="true" id="org.eclipse.datatools.enablement.sybase.ase.ui.nl_no" unpack="false" version="3.5.0.v20090620043401" download-size="1426" install-size="1426" />
	<plugin fragment="true" id="org.eclipse.datatools.enablement.sybase.models.nl_no" unpack="false" version="3.5.0.v20090620043401" download-size="1382" install-size="1382" />
	<plugin fragment="true" id="org.eclipse.datatools.enablement.sybase.nl_no" unpack="false" version="3.5.0.v20090620043401" download-size="2920" install-size="2920" />
	<plugin fragment="true" id="org.eclipse.datatools.enablement.sybase.ui.nl_no" unpack="false" version="3.5.0.v20090620043401" download-size="2839" install-size="2839" />
	<plugin fragment="true" id="org.eclipse.datatools.help.nl_no" unpack="false" version="3.5.0.v20090620043401" download-size="1353" install-size="1353" />
	<plugin fragment="true" id="org.eclipse.datatools.modelbase.dbdefinition.nl_no" unpack="false" version="3.5.0.v20090620043401" download-size="1381" install-size="1381" />
	<plugin fragment="true" id="org.eclipse.datatools.modelbase.derby.nl_no" unpack="false" version="3.5.0.v20090620043401" download-size="1377" install-size="1377" />
	<plugin fragment="true" id="org.eclipse.datatools.modelbase.sql.edit.nl_no" unpack="false" version="3.5.0.v20090620043401" download-size="2594" install-size="2594" />
	<plugin fragment="true" id="org.eclipse.datatools.modelbase.sql.nl_no" unpack="false" version="3.5.0.v20090620043401" download-size="1376" install-size="1376" />
	<plugin fragment="true" id="org.eclipse.datatools.modelbase.sql.query.edit.nl_no" unpack="false" version="3.5.0.v20090620043401" download-size="1724" install-size="1724" />
	<plugin fragment="true" id="org.eclipse.datatools.modelbase.sql.query.nl_no" unpack="false" version="3.5.0.v20090620043401" download-size="1380" install-size="1380" />
	<plugin fragment="true" id="org.eclipse.datatools.modelbase.sql.xml.query.nl_no" unpack="false" version="3.5.0.v20090620043401" download-size="1384" install-size="1384" />
	<plugin fragment="true" id="org.eclipse.datatools.sqltools.common.ui.nl_no" unpack="false" version="3.5.0.v20090620043401" download-size="5495" install-size="5495" />
	<plugin fragment="true" id="org.eclipse.datatools.sqltools.data.core.nl_no" unpack="false" version="3.5.0.v20090620043401" download-size="2840" install-size="2840" />
	<plugin fragment="true" id="org.eclipse.datatools.sqltools.data.ui.nl_no" unpack="false" version="3.5.0.v20090620043401" download-size="3412" install-size="3412" />
	<plugin fragment="true" id="org.eclipse.datatools.sqltools.db.derby.nl_no" unpack="false" version="3.5.0.v20090620043401" download-size="2620" install-size="2620" />
	<plugin fragment="true" id="org.eclipse.datatools.sqltools.db.derby.ui.nl_no" unpack="false" version="3.5.0.v20090620043401" download-size="1385" install-size="1385" />
	<plugin fragment="true" id="org.eclipse.datatools.sqltools.db.generic.nl_no" unpack="false" version="3.5.0.v20090620043401" download-size="2633" install-size="2633" />
	<plugin fragment="true" id="org.eclipse.datatools.sqltools.db.generic.ui.nl_no" unpack="false" version="3.5.0.v20090620043401" download-size="1386" install-size="1386" />
	<plugin fragment="true" id="org.eclipse.datatools.sqltools.ddlgen.ui.nl_no" unpack="false" version="3.5.0.v20090620043401" download-size="3232" install-size="3232" />
	<plugin fragment="true" id="org.eclipse.datatools.sqltools.debugger.core.nl_no" unpack="false" version="3.5.0.v20090620043401" download-size="4461" install-size="4461" />
	<plugin fragment="true" id="org.eclipse.datatools.sqltools.debugger.core.ui.nl_no" unpack="false" version="3.5.0.v20090620043401" download-size="3719" install-size="3719" />
	<plugin fragment="true" id="org.eclipse.datatools.sqltools.editor.core.nl_no" unpack="false" version="3.5.0.v20090620043401" download-size="2478" install-size="2478" />
	<plugin fragment="true" id="org.eclipse.datatools.sqltools.editor.core.ui.nl_no" unpack="false" version="3.5.0.v20090620043401" download-size="1386" install-size="1386" />
	<plugin fragment="true" id="org.eclipse.datatools.sqltools.parsers.sql.lexer.nl_no" unpack="false" version="3.5.0.v20090620043401" download-size="1383" install-size="1383" />
	<plugin fragment="true" id="org.eclipse.datatools.sqltools.parsers.sql.nl_no" unpack="false" version="3.5.0.v20090620043401" download-size="1378" install-size="1378" />
	<plugin fragment="true" id="org.eclipse.datatools.sqltools.parsers.sql.query.nl_no" unpack="false" version="3.5.0.v20090620043401" download-size="2687" install-size="2687" />
	<plugin fragment="true" id="org.eclipse.datatools.sqltools.parsers.sql.xml.query.nl_no" unpack="false" version="3.5.0.v20090620043401" download-size="1386" install-size="1386" />
	<plugin fragment="true" id="org.eclipse.datatools.sqltools.plan.nl_no" unpack="false" version="3.5.0.v20090620043401" download-size="4132" install-size="4132" />
	<plugin fragment="true" id="org.eclipse.datatools.sqltools.result.nl_no" unpack="false" version="3.5.0.v20090620043401" download-size="3998" install-size="3998" />
	<plugin fragment="true" id="org.eclipse.datatools.sqltools.result.ui.nl_no" unpack="false" version="3.5.0.v20090620043401" download-size="3627" install-size="3627" />
	<plugin fragment="true" id="org.eclipse.datatools.sqltools.routineeditor.nl_no" unpack="false" version="3.5.0.v20090620043401" download-size="5629" install-size="5629" />
	<plugin fragment="true" id="org.eclipse.datatools.sqltools.routineeditor.ui.nl_no" unpack="false" version="3.5.0.v20090620043401" download-size="4968" install-size="4968" />
	<plugin fragment="true" id="org.eclipse.datatools.sqltools.schemaobjecteditor.nl_no" unpack="false" version="3.5.0.v20090620043401" download-size="1389" install-size="1389" />
	<plugin fragment="true" id="org.eclipse.datatools.sqltools.schemaobjecteditor.ui.nl_no" unpack="false" version="3.5.0.v20090620043401" download-size="5776" install-size="5776" />
	<plugin fragment="true" id="org.eclipse.datatools.sqltools.schemaobjecteditor.ui.pages.nl_no" unpack="false" version="3.5.0.v20090620043401" download-size="3596" install-size="3596" />
	<plugin fragment="true" id="org.eclipse.datatools.sqltools.sql.nl_no" unpack="false" version="3.5.0.v20090620043401" download-size="2629" install-size="2629" />
	<plugin fragment="true" id="org.eclipse.datatools.sqltools.sql.ui.nl_no" unpack="false" version="3.5.0.v20090620043401" download-size="1374" install-size="1374" />
	<plugin fragment="true" id="org.eclipse.datatools.sqltools.sqlbuilder.nl_no" unpack="false" version="3.5.0.v20090620043401" download-size="3457" install-size="3457" />
	<plugin fragment="true" id="org.eclipse.datatools.sqltools.sqleditor.nl_no" unpack="false" version="3.5.0.v20090620043401" download-size="8270" install-size="8270" />
	<plugin fragment="true" id="org.eclipse.datatools.sqltools.sqlscrapbook.nl_no" unpack="false" version="3.5.0.v20090620043401" download-size="4738" install-size="4738" />
	<plugin fragment="true" id="org.eclipse.datatools.sqltools.tabledataeditor.nl_no" unpack="false" version="3.5.0.v20090620043401" download-size="1381" install-size="1381" />
</feature>