<?xml version="1.0" encoding="UTF-8" ?>
<feature
	id="org.eclipse.babel.nls_dsdp.mtj_ja"
	label="Babel Language Pack for dsdp.mtj in Japanese (6.36%)"
	image="eclipse_update_120.jpg"
	provider-name="%providerName"
	version="3.5.0.v20090620043401">
	<copyright>
		%copyright
	</copyright>
	<license url="%licenseURL">
		%license
	</license>
	<description>Babel Language Pack for dsdp.mtj in Japanese</description>
	<plugin fragment="true" id="org.eclipse.mtj.core.nl_ja" unpack="false" version="3.5.0.v20090620043401" download-size="2344" install-size="2344" />
	<plugin fragment="true" id="org.eclipse.mtj.eswt.templates.nl_ja" unpack="false" version="3.5.0.v20090620043401" download-size="2185" install-size="2185" />
	<plugin fragment="true" id="org.eclipse.mtj.jmunit.nl_ja" unpack="false" version="3.5.0.v20090620043401" download-size="2282" install-size="2282" />
	<plugin fragment="true" id="org.eclipse.mtj.pulsar.ui.nl_ja" unpack="false" version="3.5.0.v20090620043401" download-size="2408" install-size="2408" />
	<plugin fragment="true" id="org.eclipse.mtj.ui.nl_ja" unpack="false" version="3.5.0.v20090620043401" download-size="5199" install-size="5199" />
</feature>