<?xml version="1.0" encoding="UTF-8" ?>
<feature
	id="org.eclipse.babel.nls_stp.bpmn_no"
	label="Babel Language Pack for stp.bpmn in Norwegian (19%)"
	image="eclipse_update_120.jpg"
	provider-name="%providerName"
	version="3.5.0.v20090620043401">
	<copyright>
		%copyright
	</copyright>
	<license url="%licenseURL">
		%license
	</license>
	<description>Babel Language Pack for stp.bpmn in Norwegian</description>
	<plugin fragment="true" id="org.eclipse.stp.bpmn.diagram.nl_no" unpack="false" version="3.5.0.v20090620043401" download-size="2678" install-size="2678" />
	<plugin fragment="true" id="org.eclipse.stp.bpmn.edit.nl_no" unpack="false" version="3.5.0.v20090620043401" download-size="2260" install-size="2260" />
	<plugin fragment="true" id="org.eclipse.stp.bpmn.nl_no" unpack="false" version="3.5.0.v20090620043401" download-size="2205" install-size="2205" />
	<plugin fragment="true" id="org.eclipse.stp.bpmn.validation.nl_no" unpack="false" version="3.5.0.v20090620043401" download-size="2307" install-size="2307" />
</feature>