<?xml version="1.0" encoding="UTF-8" ?>
<feature
	id="org.eclipse.babel.nls_birt_pt"
	label="Babel Language Pack for birt in Portuguese (70.53%)"
	image="eclipse_update_120.jpg"
	provider-name="%providerName"
	version="3.5.0.v20090620043401">
	<copyright>
		%copyright
	</copyright>
	<license url="%licenseURL">
		%license
	</license>
	<description>Babel Language Pack for birt in Portuguese</description>
	<plugin fragment="true" id="org.eclipse.birt.chart.cshelp.nl_pt" unpack="false" version="3.5.0.v20090620043401" download-size="1498" install-size="1498" />
	<plugin fragment="true" id="org.eclipse.birt.chart.device.extension.nl_pt" unpack="false" version="3.5.0.v20090620043401" download-size="3602" install-size="3602" />
	<plugin fragment="true" id="org.eclipse.birt.chart.device.svg.nl_pt" unpack="false" version="3.5.0.v20090620043401" download-size="2932" install-size="2932" />
	<plugin fragment="true" id="org.eclipse.birt.chart.device.swt.nl_pt" unpack="false" version="3.5.0.v20090620043401" download-size="2955" install-size="2955" />
	<plugin fragment="true" id="org.eclipse.birt.chart.doc.isv.nl_pt" unpack="false" version="3.5.0.v20090620043401" download-size="1498" install-size="1498" />
	<plugin fragment="true" id="org.eclipse.birt.chart.engine.extension.nl_pt" unpack="false" version="3.5.0.v20090620043401" download-size="4555" install-size="4555" />
	<plugin fragment="true" id="org.eclipse.birt.chart.engine.nl_pt" unpack="false" version="3.5.0.v20090620043401" download-size="8663" install-size="8663" />
	<plugin fragment="true" id="org.eclipse.birt.chart.examples.nl_pt" unpack="false" version="3.5.0.v20090620043401" download-size="2742" install-size="2742" />
	<plugin fragment="true" id="org.eclipse.birt.chart.integration.wtp.ui.nl_pt" unpack="false" version="3.5.0.v20090620043401" download-size="2765" install-size="2765" />
	<plugin fragment="true" id="org.eclipse.birt.chart.reportitem.nl_pt" unpack="false" version="3.5.0.v20090620043401" download-size="3506" install-size="3506" />
	<plugin fragment="true" id="org.eclipse.birt.chart.reportitem.ui.nl_pt" unpack="false" version="3.5.0.v20090620043401" download-size="4046" install-size="4046" />
	<plugin fragment="true" id="org.eclipse.birt.chart.runtime.nl_pt" unpack="false" version="3.5.0.v20090620043401" download-size="1492" install-size="1492" />
	<plugin fragment="true" id="org.eclipse.birt.chart.ui.extension.nl_pt" unpack="false" version="3.5.0.v20090620043401" download-size="13252" install-size="13252" />
	<plugin fragment="true" id="org.eclipse.birt.chart.ui.nl_pt" unpack="false" version="3.5.0.v20090620043401" download-size="3843" install-size="3843" />
	<plugin fragment="true" id="org.eclipse.birt.core.nl_pt" unpack="false" version="3.5.0.v20090620043401" download-size="2146" install-size="2146" />
	<plugin fragment="true" id="org.eclipse.birt.core.script.function.nl_pt" unpack="false" version="3.5.0.v20090620043401" download-size="1437" install-size="1437" />
	<plugin fragment="true" id="org.eclipse.birt.core.ui.nl_pt" unpack="false" version="3.5.0.v20090620043401" download-size="2618" install-size="2618" />
	<plugin fragment="true" id="org.eclipse.birt.cshelp.nl_pt" unpack="false" version="3.5.0.v20090620043401" download-size="1492" install-size="1492" />
	<plugin fragment="true" id="org.eclipse.birt.data.aggregation.nl_pt" unpack="false" version="3.5.0.v20090620043401" download-size="2325" install-size="2325" />
	<plugin fragment="true" id="org.eclipse.birt.data.nl_pt" unpack="false" version="3.5.0.v20090620043401" download-size="7203" install-size="7203" />
	<plugin fragment="true" id="org.eclipse.birt.data.tests.nl_pt" unpack="false" version="3.5.0.v20090620043401" download-size="1388" install-size="1388" />
	<plugin fragment="true" id="org.eclipse.birt.doc.isv.nl_pt" unpack="false" version="3.5.0.v20090620043401" download-size="1491" install-size="1491" />
	<plugin fragment="true" id="org.eclipse.birt.doc.nl_pt" unpack="false" version="3.5.0.v20090620043401" download-size="1485" install-size="1485" />
	<plugin fragment="true" id="org.eclipse.birt.example.nl_pt" unpack="false" version="3.5.0.v20090620043401" download-size="1483" install-size="1483" />
	<plugin fragment="true" id="org.eclipse.birt.integration.wtp.ui.nl_pt" unpack="false" version="3.5.0.v20090620043401" download-size="2723" install-size="2723" />
	<plugin fragment="true" id="org.eclipse.birt.nl_pt" unpack="false" version="3.5.0.v20090620043401" download-size="1735" install-size="1735" />
	<plugin fragment="true" id="org.eclipse.birt.report.data.adapter.nl_pt" unpack="false" version="3.5.0.v20090620043401" download-size="2611" install-size="2611" />
	<plugin fragment="true" id="org.eclipse.birt.report.data.oda.jdbc.dbprofile.nl_pt" unpack="false" version="3.5.0.v20090620043401" download-size="1519" install-size="1519" />
	<plugin fragment="true" id="org.eclipse.birt.report.data.oda.jdbc.dbprofile.ui.nl_pt" unpack="false" version="3.5.0.v20090620043401" download-size="1408" install-size="1408" />
	<plugin fragment="true" id="org.eclipse.birt.report.data.oda.jdbc.nl_pt" unpack="false" version="3.5.0.v20090620043401" download-size="4295" install-size="4295" />
	<plugin fragment="true" id="org.eclipse.birt.report.data.oda.jdbc.ui.nl_pt" unpack="false" version="3.5.0.v20090620043401" download-size="5249" install-size="5249" />
	<plugin fragment="true" id="org.eclipse.birt.report.data.oda.sampledb.nl_pt" unpack="false" version="3.5.0.v20090620043401" download-size="1621" install-size="1621" />
	<plugin fragment="true" id="org.eclipse.birt.report.data.oda.sampledb.ui.nl_pt" unpack="false" version="3.5.0.v20090620043401" download-size="3375" install-size="3375" />
	<plugin fragment="true" id="org.eclipse.birt.report.data.oda.xml.nl_pt" unpack="false" version="3.5.0.v20090620043401" download-size="3027" install-size="3027" />
	<plugin fragment="true" id="org.eclipse.birt.report.data.oda.xml.ui.nl_pt" unpack="false" version="3.5.0.v20090620043401" download-size="1737" install-size="1737" />
	<plugin fragment="true" id="org.eclipse.birt.report.debug.core.nl_pt" unpack="false" version="3.5.0.v20090620043401" download-size="1509" install-size="1509" />
	<plugin fragment="true" id="org.eclipse.birt.report.debug.ui.nl_pt" unpack="false" version="3.5.0.v20090620043401" download-size="2770" install-size="2770" />
	<plugin fragment="true" id="org.eclipse.birt.report.designer.core.nl_pt" unpack="false" version="3.5.0.v20090620043401" download-size="33329" install-size="33329" />
	<plugin fragment="true" id="org.eclipse.birt.report.designer.nl_pt" unpack="false" version="3.5.0.v20090620043401" download-size="1492" install-size="1492" />
	<plugin fragment="true" id="org.eclipse.birt.report.designer.tests.nl_pt" unpack="false" version="3.5.0.v20090620043401" download-size="2622" install-size="2622" />
	<plugin fragment="true" id="org.eclipse.birt.report.designer.ui.cubebuilder.nl_pt" unpack="false" version="3.5.0.v20090620043401" download-size="3196" install-size="3196" />
	<plugin fragment="true" id="org.eclipse.birt.report.designer.ui.editor.script.nl_pt" unpack="false" version="3.5.0.v20090620043401" download-size="1422" install-size="1422" />
	<plugin fragment="true" id="org.eclipse.birt.report.designer.ui.editor.xml.wtp.nl_pt" unpack="false" version="3.5.0.v20090620043401" download-size="1789" install-size="1789" />
	<plugin fragment="true" id="org.eclipse.birt.report.designer.ui.editors.nl_pt" unpack="false" version="3.5.0.v20090620043401" download-size="1413" install-size="1413" />
	<plugin fragment="true" id="org.eclipse.birt.report.designer.ui.editors.schematic.nl_pt" unpack="false" version="3.5.0.v20090620043401" download-size="1549" install-size="1549" />
	<plugin fragment="true" id="org.eclipse.birt.report.designer.ui.ide.nl_pt" unpack="false" version="3.5.0.v20090620043401" download-size="1646" install-size="1646" />
	<plugin fragment="true" id="org.eclipse.birt.report.designer.ui.lib.explorer.nl_pt" unpack="false" version="3.5.0.v20090620043401" download-size="1398" install-size="1398" />
	<plugin fragment="true" id="org.eclipse.birt.report.designer.ui.lib.nl_pt" unpack="false" version="3.5.0.v20090620043401" download-size="1589" install-size="1589" />
	<plugin fragment="true" id="org.eclipse.birt.report.designer.ui.nl_pt" unpack="false" version="3.5.0.v20090620043401" download-size="1829" install-size="1829" />
	<plugin fragment="true" id="org.eclipse.birt.report.designer.ui.preview.nl_pt" unpack="false" version="3.5.0.v20090620043401" download-size="1486" install-size="1486" />
	<plugin fragment="true" id="org.eclipse.birt.report.designer.ui.preview.web.nl_pt" unpack="false" version="3.5.0.v20090620043401" download-size="1522" install-size="1522" />
	<plugin fragment="true" id="org.eclipse.birt.report.designer.ui.rcp.nl_pt" unpack="false" version="3.5.0.v20090620043401" download-size="3059" install-size="3059" />
	<plugin fragment="true" id="org.eclipse.birt.report.designer.ui.samples.ide.nl_pt" unpack="false" version="3.5.0.v20090620043401" download-size="3034" install-size="3034" />
	<plugin fragment="true" id="org.eclipse.birt.report.designer.ui.views.nl_pt" unpack="false" version="3.5.0.v20090620043401" download-size="1412" install-size="1412" />
	<plugin fragment="true" id="org.eclipse.birt.report.engine.emitter.config.html.nl_pt" unpack="false" version="3.5.0.v20090620043401" download-size="2789" install-size="2789" />
	<plugin fragment="true" id="org.eclipse.birt.report.engine.emitter.config.pdf.nl_pt" unpack="false" version="3.5.0.v20090620043401" download-size="2745" install-size="2745" />
	<plugin fragment="true" id="org.eclipse.birt.report.engine.nl_pt" unpack="false" version="3.5.0.v20090620043401" download-size="3130" install-size="3130" />
	<plugin fragment="true" id="org.eclipse.birt.report.item.crosstab.core.nl_pt" unpack="false" version="3.5.0.v20090620043401" download-size="3092" install-size="3092" />
	<plugin fragment="true" id="org.eclipse.birt.report.item.crosstab.ui.nl_pt" unpack="false" version="3.5.0.v20090620043401" download-size="4119" install-size="4119" />
	<plugin fragment="true" id="org.eclipse.birt.report.model.nl_pt" unpack="false" version="3.5.0.v20090620043401" download-size="34182" install-size="34182" />
	<plugin fragment="true" id="org.eclipse.birt.report.model.tests.nl_pt" unpack="false" version="3.5.0.v20090620043401" download-size="2315" install-size="2315" />
	<plugin fragment="true" id="org.eclipse.birt.report.runtime.nl_pt" unpack="false" version="3.5.0.v20090620043401" download-size="1490" install-size="1490" />
	<plugin fragment="true" id="org.eclipse.birt.report.viewer.nl_pt" unpack="false" version="3.5.0.v20090620043401" download-size="3518" install-size="3518" />
	<plugin fragment="true" id="org.eclipse.birt.resources.nl_pt" unpack="false" version="3.5.0.v20090620043401" download-size="1473" install-size="1473" />
	<plugin fragment="true" id="org.eclipse.birt.sdk.nl_pt" unpack="false" version="3.5.0.v20090620043401" download-size="1502" install-size="1502" />
	<plugin fragment="true" id="org.eclipse.birt.tests.data.nl_pt" unpack="false" version="3.5.0.v20090620043401" download-size="1387" install-size="1387" />
	<plugin fragment="true" id="org.mozilla.rhino.nl_pt" unpack="false" version="3.5.0.v20090620043401" download-size="1482" install-size="1482" />
	<plugin fragment="true" id="org.w3c.sac.nl_pt" unpack="false" version="3.5.0.v20090620043401" download-size="1455" install-size="1455" />
</feature>