<?xml version="1.0" encoding="UTF-8" ?>
<feature
	id="org.eclipse.babel.nls_modeling.m2m_cs"
	label="Babel Language Pack for modeling.m2m in Czech (21.5%)"
	image="eclipse_update_120.jpg"
	provider-name="%providerName"
	version="3.5.0.v20090620043401">
	<copyright>
		%copyright
	</copyright>
	<license url="%licenseURL">
		%license
	</license>
	<description>Babel Language Pack for modeling.m2m in Czech</description>
	<plugin fragment="true" id="org.eclipse.m2m.atl.adt.debug.nl_cs" unpack="false" version="3.5.0.v20090620043401" download-size="2382" install-size="2382" />
	<plugin fragment="true" id="org.eclipse.m2m.atl.adt.editor.nl_cs" unpack="false" version="3.5.0.v20090620043401" download-size="3617" install-size="3617" />
	<plugin fragment="true" id="org.eclipse.m2m.atl.adt.nl_cs" unpack="false" version="3.5.0.v20090620043401" download-size="2202" install-size="2202" />
	<plugin fragment="true" id="org.eclipse.m2m.atl.adt.ui.nl_cs" unpack="false" version="3.5.0.v20090620043401" download-size="2460" install-size="2460" />
	<plugin fragment="true" id="org.eclipse.m2m.atl.common.nl_cs" unpack="false" version="3.5.0.v20090620043401" download-size="1369" install-size="1369" />
	<plugin fragment="true" id="org.eclipse.m2m.atl.core.ant.nl_cs" unpack="false" version="3.5.0.v20090620043401" download-size="1370" install-size="1370" />
	<plugin fragment="true" id="org.eclipse.m2m.atl.core.emf.nl_cs" unpack="false" version="3.5.0.v20090620043401" download-size="1370" install-size="1370" />
	<plugin fragment="true" id="org.eclipse.m2m.atl.core.nl_cs" unpack="false" version="3.5.0.v20090620043401" download-size="1368" install-size="1368" />
	<plugin fragment="true" id="org.eclipse.m2m.atl.core.ui.nl_cs" unpack="false" version="3.5.0.v20090620043401" download-size="2469" install-size="2469" />
	<plugin fragment="true" id="org.eclipse.m2m.atl.core.ui.vm.nl_cs" unpack="false" version="3.5.0.v20090620043401" download-size="1372" install-size="1372" />
	<plugin fragment="true" id="org.eclipse.m2m.atl.doc.nl_cs" unpack="false" version="3.5.0.v20090620043401" download-size="1367" install-size="1367" />
	<plugin fragment="true" id="org.eclipse.m2m.atl.drivers.emf4atl.nl_cs" unpack="false" version="3.5.0.v20090620043401" download-size="1375" install-size="1375" />
	<plugin fragment="true" id="org.eclipse.m2m.atl.drivers.uml24atl.nl_cs" unpack="false" version="3.5.0.v20090620043401" download-size="1376" install-size="1376" />
	<plugin fragment="true" id="org.eclipse.m2m.atl.dsls.nl_cs" unpack="false" version="3.5.0.v20090620043401" download-size="1368" install-size="1368" />
	<plugin fragment="true" id="org.eclipse.m2m.atl.engine.emfvm.nl_cs" unpack="false" version="3.5.0.v20090620043401" download-size="1373" install-size="1373" />
	<plugin fragment="true" id="org.eclipse.m2m.atl.engine.nl_cs" unpack="false" version="3.5.0.v20090620043401" download-size="2213" install-size="2213" />
	<plugin fragment="true" id="org.eclipse.m2m.atl.engine.vm.nl_cs" unpack="false" version="3.5.0.v20090620043401" download-size="1371" install-size="1371" />
	<plugin fragment="true" id="org.eclipse.m2m.atl.examples.nl_cs" unpack="false" version="3.5.0.v20090620043401" download-size="1371" install-size="1371" />
	<plugin fragment="true" id="org.eclipse.m2m.atl.nl_cs" unpack="false" version="3.5.0.v20090620043401" download-size="1365" install-size="1365" />
	<plugin fragment="true" id="org.eclipse.m2m.atl.tests.nl_cs" unpack="false" version="3.5.0.v20090620043401" download-size="1368" install-size="1368" />
	<plugin fragment="true" id="org.eclipse.m2m.qvt.oml.common.nl_cs" unpack="false" version="3.5.0.v20090620043401" download-size="1372" install-size="1372" />
	<plugin fragment="true" id="org.eclipse.m2m.qvt.oml.common.ui.nl_cs" unpack="false" version="3.5.0.v20090620043401" download-size="3873" install-size="3873" />
	<plugin fragment="true" id="org.eclipse.m2m.qvt.oml.cst.parser.nl_cs" unpack="false" version="3.5.0.v20090620043401" download-size="1374" install-size="1374" />
	<plugin fragment="true" id="org.eclipse.m2m.qvt.oml.doc.nl_cs" unpack="false" version="3.5.0.v20090620043401" download-size="1370" install-size="1370" />
	<plugin fragment="true" id="org.eclipse.m2m.qvt.oml.ecore.imperativeocl.nl_cs" unpack="false" version="3.5.0.v20090620043401" download-size="1380" install-size="1380" />
	<plugin fragment="true" id="org.eclipse.m2m.qvt.oml.editor.ui.nl_cs" unpack="false" version="3.5.0.v20090620043401" download-size="3318" install-size="3318" />
	<plugin fragment="true" id="org.eclipse.m2m.qvt.oml.emf.util.nl_cs" unpack="false" version="3.5.0.v20090620043401" download-size="1373" install-size="1373" />
	<plugin fragment="true" id="org.eclipse.m2m.qvt.oml.emf.util.ui.nl_cs" unpack="false" version="3.5.0.v20090620043401" download-size="1374" install-size="1374" />
	<plugin fragment="true" id="org.eclipse.m2m.qvt.oml.examples.blackbox.nl_cs" unpack="false" version="3.5.0.v20090620043401" download-size="1380" install-size="1380" />
	<plugin fragment="true" id="org.eclipse.m2m.qvt.oml.examples.omg.nl_cs" unpack="false" version="3.5.0.v20090620043401" download-size="1376" install-size="1376" />
	<plugin fragment="true" id="org.eclipse.m2m.qvt.oml.nl_cs" unpack="false" version="3.5.0.v20090620043401" download-size="1368" install-size="1368" />
	<plugin fragment="true" id="org.eclipse.m2m.qvt.oml.ocl.nl_cs" unpack="false" version="3.5.0.v20090620043401" download-size="1370" install-size="1370" />
	<plugin fragment="true" id="org.eclipse.m2m.qvt.oml.project.nl_cs" unpack="false" version="3.5.0.v20090620043401" download-size="1373" install-size="1373" />
	<plugin fragment="true" id="org.eclipse.m2m.qvt.oml.runtime.nl_cs" unpack="false" version="3.5.0.v20090620043401" download-size="2738" install-size="2738" />
	<plugin fragment="true" id="org.eclipse.m2m.qvt.oml.runtime.ui.nl_cs" unpack="false" version="3.5.0.v20090620043401" download-size="4114" install-size="4114" />
	<plugin fragment="true" id="org.eclipse.m2m.qvt.oml.samples.nl_cs" unpack="false" version="3.5.0.v20090620043401" download-size="4091" install-size="4091" />
	<plugin fragment="true" id="org.eclipse.m2m.qvt.oml.trace.edit.nl_cs" unpack="false" version="3.5.0.v20090620043401" download-size="2207" install-size="2207" />
	<plugin fragment="true" id="org.eclipse.m2m.qvt.oml.ui.nl_cs" unpack="false" version="3.5.0.v20090620043401" download-size="3619" install-size="3619" />
	<plugin fragment="true" id="org.eclipse.m2m.tests.qvt.oml.nl_cs" unpack="false" version="3.5.0.v20090620043401" download-size="1371" install-size="1371" />
	<plugin fragment="true" id="org.eclipse.m2m.tests.qvt.oml.ui.nl_cs" unpack="false" version="3.5.0.v20090620043401" download-size="1373" install-size="1373" />
</feature>