<?xml version="1.0" encoding="UTF-8" ?>
<feature
	id="org.eclipse.babel.nls_webtools.jsf_en_AA"
	label="Babel Language Pack for webtools.jsf in Pseudo Translations (100%)"
	image="eclipse_update_120.jpg"
	provider-name="%providerName"
	version="3.5.0.v20090620043401">
	<copyright>
		%copyright
	</copyright>
	<license url="%licenseURL">
		%license
	</license>
	<description>Babel Language Pack for webtools.jsf in Pseudo Translations</description>
	<plugin fragment="true" id="org.eclipse.jst.jsf.apache.trinidad.tagsupport.nl_en_AA" unpack="false" version="3.5.0.v20090620043401" download-size="3574" install-size="3574" />
	<plugin fragment="true" id="org.eclipse.jst.jsf.common.nl_en_AA" unpack="false" version="3.5.0.v20090620043401" download-size="4778" install-size="4778" />
	<plugin fragment="true" id="org.eclipse.jst.jsf.common.runtime.nl_en_AA" unpack="false" version="3.5.0.v20090620043401" download-size="1454" install-size="1454" />
	<plugin fragment="true" id="org.eclipse.jst.jsf.common.ui.nl_en_AA" unpack="false" version="3.5.0.v20090620043401" download-size="7072" install-size="7072" />
	<plugin fragment="true" id="org.eclipse.jst.jsf.core.nl_en_AA" unpack="false" version="3.5.0.v20090620043401" download-size="20513" install-size="20513" />
	<plugin fragment="true" id="org.eclipse.jst.jsf.facesconfig.nl_en_AA" unpack="false" version="3.5.0.v20090620043401" download-size="11512" install-size="11512" />
	<plugin fragment="true" id="org.eclipse.jst.jsf.facesconfig.ui.nl_en_AA" unpack="false" version="3.5.0.v20090620043401" download-size="15094" install-size="15094" />
	<plugin fragment="true" id="org.eclipse.jst.jsf.standard.tagsupport.nl_en_AA" unpack="false" version="3.5.0.v20090620043401" download-size="5932" install-size="5932" />
	<plugin fragment="true" id="org.eclipse.jst.jsf.ui.nl_en_AA" unpack="false" version="3.5.0.v20090620043401" download-size="9697" install-size="9697" />
	<plugin fragment="true" id="org.eclipse.jst.pagedesigner.jsf.ui.nl_en_AA" unpack="false" version="3.5.0.v20090620043401" download-size="6162" install-size="6162" />
	<plugin fragment="true" id="org.eclipse.jst.pagedesigner.jsp.core.nl_en_AA" unpack="false" version="3.5.0.v20090620043401" download-size="1488" install-size="1488" />
	<plugin fragment="true" id="org.eclipse.jst.pagedesigner.nl_en_AA" unpack="false" version="3.5.0.v20090620043401" download-size="16041" install-size="16041" />
</feature>