<?xml version="1.0" encoding="UTF-8" ?>
<feature
	id="org.eclipse.babel.nls_birt_uk"
	label="Babel Language Pack for birt in Ukrainian (8.02%)"
	image="eclipse_update_120.jpg"
	provider-name="%providerName"
	version="3.5.0.v20090620043401">
	<copyright>
		%copyright
	</copyright>
	<license url="%licenseURL">
		%license
	</license>
	<description>Babel Language Pack for birt in Ukrainian</description>
	<plugin fragment="true" id="org.eclipse.birt.chart.device.extension.nl_uk" unpack="false" version="3.5.0.v20090620043401" download-size="2371" install-size="2371" />
	<plugin fragment="true" id="org.eclipse.birt.chart.engine.extension.nl_uk" unpack="false" version="3.5.0.v20090620043401" download-size="2429" install-size="2429" />
	<plugin fragment="true" id="org.eclipse.birt.chart.engine.nl_uk" unpack="false" version="3.5.0.v20090620043401" download-size="2571" install-size="2571" />
	<plugin fragment="true" id="org.eclipse.birt.chart.examples.nl_uk" unpack="false" version="3.5.0.v20090620043401" download-size="2408" install-size="2408" />
	<plugin fragment="true" id="org.eclipse.birt.chart.reportitem.nl_uk" unpack="false" version="3.5.0.v20090620043401" download-size="2187" install-size="2187" />
	<plugin fragment="true" id="org.eclipse.birt.chart.reportitem.ui.nl_uk" unpack="false" version="3.5.0.v20090620043401" download-size="2945" install-size="2945" />
	<plugin fragment="true" id="org.eclipse.birt.chart.ui.extension.nl_uk" unpack="false" version="3.5.0.v20090620043401" download-size="3873" install-size="3873" />
	<plugin fragment="true" id="org.eclipse.birt.chart.ui.nl_uk" unpack="false" version="3.5.0.v20090620043401" download-size="2301" install-size="2301" />
	<plugin fragment="true" id="org.eclipse.birt.core.ui.nl_uk" unpack="false" version="3.5.0.v20090620043401" download-size="2346" install-size="2346" />
	<plugin fragment="true" id="org.eclipse.birt.integration.wtp.ui.nl_uk" unpack="false" version="3.5.0.v20090620043401" download-size="2626" install-size="2626" />
	<plugin fragment="true" id="org.eclipse.birt.report.data.oda.jdbc.nl_uk" unpack="false" version="3.5.0.v20090620043401" download-size="1388" install-size="1388" />
	<plugin fragment="true" id="org.eclipse.birt.report.data.oda.jdbc.ui.nl_uk" unpack="false" version="3.5.0.v20090620043401" download-size="2931" install-size="2931" />
	<plugin fragment="true" id="org.eclipse.birt.report.debug.ui.nl_uk" unpack="false" version="3.5.0.v20090620043401" download-size="2566" install-size="2566" />
	<plugin fragment="true" id="org.eclipse.birt.report.designer.core.nl_uk" unpack="false" version="3.5.0.v20090620043401" download-size="6769" install-size="6769" />
	<plugin fragment="true" id="org.eclipse.birt.report.designer.tests.nl_uk" unpack="false" version="3.5.0.v20090620043401" download-size="2571" install-size="2571" />
	<plugin fragment="true" id="org.eclipse.birt.report.designer.ui.cubebuilder.nl_uk" unpack="false" version="3.5.0.v20090620043401" download-size="2950" install-size="2950" />
	<plugin fragment="true" id="org.eclipse.birt.report.designer.ui.editors.nl_uk" unpack="false" version="3.5.0.v20090620043401" download-size="1459" install-size="1459" />
	<plugin fragment="true" id="org.eclipse.birt.report.designer.ui.ide.nl_uk" unpack="false" version="3.5.0.v20090620043401" download-size="1692" install-size="1692" />
	<plugin fragment="true" id="org.eclipse.birt.report.designer.ui.lib.nl_uk" unpack="false" version="3.5.0.v20090620043401" download-size="1478" install-size="1478" />
	<plugin fragment="true" id="org.eclipse.birt.report.designer.ui.nl_uk" unpack="false" version="3.5.0.v20090620043401" download-size="1934" install-size="1934" />
	<plugin fragment="true" id="org.eclipse.birt.report.designer.ui.preview.nl_uk" unpack="false" version="3.5.0.v20090620043401" download-size="1533" install-size="1533" />
	<plugin fragment="true" id="org.eclipse.birt.report.designer.ui.preview.web.nl_uk" unpack="false" version="3.5.0.v20090620043401" download-size="1591" install-size="1591" />
	<plugin fragment="true" id="org.eclipse.birt.report.designer.ui.rcp.nl_uk" unpack="false" version="3.5.0.v20090620043401" download-size="3231" install-size="3231" />
	<plugin fragment="true" id="org.eclipse.birt.report.designer.ui.samples.ide.nl_uk" unpack="false" version="3.5.0.v20090620043401" download-size="2746" install-size="2746" />
	<plugin fragment="true" id="org.eclipse.birt.report.designer.ui.views.nl_uk" unpack="false" version="3.5.0.v20090620043401" download-size="1470" install-size="1470" />
	<plugin fragment="true" id="org.eclipse.birt.report.engine.nl_uk" unpack="false" version="3.5.0.v20090620043401" download-size="2166" install-size="2166" />
	<plugin fragment="true" id="org.eclipse.birt.report.item.crosstab.ui.nl_uk" unpack="false" version="3.5.0.v20090620043401" download-size="3261" install-size="3261" />
	<plugin fragment="true" id="org.eclipse.birt.report.model.nl_uk" unpack="false" version="3.5.0.v20090620043401" download-size="3630" install-size="3630" />
	<plugin fragment="true" id="org.eclipse.birt.report.viewer.nl_uk" unpack="false" version="3.5.0.v20090620043401" download-size="2476" install-size="2476" />
	<plugin fragment="true" id="org.eclipse.birt.resources.nl_uk" unpack="false" version="3.5.0.v20090620043401" download-size="1396" install-size="1396" />
</feature>