<?xml version="1.0" encoding="UTF-8" ?>
<feature
	id="org.eclipse.babel.nls_webtools.servertools_de"
	label="Babel Language Pack for webtools.servertools in German (72.18%)"
	image="eclipse_update_120.jpg"
	provider-name="%providerName"
	version="3.5.0.v20090620043401">
	<copyright>
		%copyright
	</copyright>
	<license url="%licenseURL">
		%license
	</license>
	<description>Babel Language Pack for webtools.servertools in German</description>
	<plugin fragment="true" id="org.apache.cactus.nl_de" unpack="false" version="3.5.0.v20090620043401" download-size="1369" install-size="1369" />
	<plugin fragment="true" id="org.eclipse.jst.server.core.nl_de" unpack="false" version="3.5.0.v20090620043401" download-size="3304" install-size="3304" />
	<plugin fragment="true" id="org.eclipse.jst.server.generic.core.nl_de" unpack="false" version="3.5.0.v20090620043401" download-size="3472" install-size="3472" />
	<plugin fragment="true" id="org.eclipse.jst.server.generic.jboss.nl_de" unpack="false" version="3.5.0.v20090620043401" download-size="1744" install-size="1744" />
	<plugin fragment="true" id="org.eclipse.jst.server.generic.jonas.nl_de" unpack="false" version="3.5.0.v20090620043401" download-size="1777" install-size="1777" />
	<plugin fragment="true" id="org.eclipse.jst.server.generic.oc4j.nl_de" unpack="false" version="3.5.0.v20090620043401" download-size="1888" install-size="1888" />
	<plugin fragment="true" id="org.eclipse.jst.server.generic.ui.nl_de" unpack="false" version="3.5.0.v20090620043401" download-size="2969" install-size="2969" />
	<plugin fragment="true" id="org.eclipse.jst.server.installable.nl_de" unpack="false" version="3.5.0.v20090620043401" download-size="1432" install-size="1432" />
	<plugin fragment="true" id="org.eclipse.jst.server.preview.adapter.nl_de" unpack="false" version="3.5.0.v20090620043401" download-size="2794" install-size="2794" />
	<plugin fragment="true" id="org.eclipse.jst.server.tomcat.core.nl_de" unpack="false" version="3.5.0.v20090620043401" download-size="4920" install-size="4920" />
	<plugin fragment="true" id="org.eclipse.jst.server.tomcat.ui.nl_de" unpack="false" version="3.5.0.v20090620043401" download-size="3453" install-size="3453" />
	<plugin fragment="true" id="org.eclipse.jst.server.ui.doc.user.nl_de" unpack="false" version="3.5.0.v20090620043401" download-size="1375" install-size="1375" />
	<plugin fragment="true" id="org.eclipse.jst.server.ui.infopop.nl_de" unpack="false" version="3.5.0.v20090620043401" download-size="1420" install-size="1420" />
	<plugin fragment="true" id="org.eclipse.jst.server.ui.nl_de" unpack="false" version="3.5.0.v20090620043401" download-size="2811" install-size="2811" />
	<plugin fragment="true" id="org.eclipse.jst.server.websphere.core.nl_de" unpack="false" version="3.5.0.v20090620043401" download-size="1668" install-size="1668" />
	<plugin fragment="true" id="org.eclipse.servertools.doc.isv.nl_de" unpack="false" version="3.5.0.v20090620043401" download-size="1372" install-size="1372" />
	<plugin fragment="true" id="org.eclipse.wst.internet.monitor.core.nl_de" unpack="false" version="3.5.0.v20090620043401" download-size="2896" install-size="2896" />
	<plugin fragment="true" id="org.eclipse.wst.internet.monitor.ui.nl_de" unpack="false" version="3.5.0.v20090620043401" download-size="3332" install-size="3332" />
	<plugin fragment="true" id="org.eclipse.wst.server.core.nl_de" unpack="false" version="3.5.0.v20090620043401" download-size="3770" install-size="3770" />
	<plugin fragment="true" id="org.eclipse.wst.server.discovery.nl_de" unpack="false" version="3.5.0.v20090620043401" download-size="2655" install-size="2655" />
	<plugin fragment="true" id="org.eclipse.wst.server.http.core.nl_de" unpack="false" version="3.5.0.v20090620043401" download-size="2724" install-size="2724" />
	<plugin fragment="true" id="org.eclipse.wst.server.http.ui.nl_de" unpack="false" version="3.5.0.v20090620043401" download-size="2543" install-size="2543" />
	<plugin fragment="true" id="org.eclipse.wst.server.preview.adapter.nl_de" unpack="false" version="3.5.0.v20090620043401" download-size="2962" install-size="2962" />
	<plugin fragment="true" id="org.eclipse.wst.server.preview.nl_de" unpack="false" version="3.5.0.v20090620043401" download-size="2798" install-size="2798" />
	<plugin fragment="true" id="org.eclipse.wst.server.ui.doc.user.nl_de" unpack="false" version="3.5.0.v20090620043401" download-size="1401" install-size="1401" />
	<plugin fragment="true" id="org.eclipse.wst.server.ui.infopop.nl_de" unpack="false" version="3.5.0.v20090620043401" download-size="1418" install-size="1418" />
	<plugin fragment="true" id="org.eclipse.wst.server.ui.nl_de" unpack="false" version="3.5.0.v20090620043401" download-size="7209" install-size="7209" />
</feature>