<?xml version="1.0" encoding="UTF-8" ?>
<feature
	id="org.eclipse.babel.nls_tools.pdt_sv"
	label="Babel Language Pack for tools.pdt in Swedish (62.68%)"
	image="eclipse_update_120.jpg"
	provider-name="%providerName"
	version="3.5.0.v20090620043401">
	<copyright>
		%copyright
	</copyright>
	<license url="%licenseURL">
		%license
	</license>
	<description>Babel Language Pack for tools.pdt in Swedish</description>
	<plugin fragment="true" id="org.eclipse.dltk.core.tests.nl_sv" unpack="false" version="3.5.0.v20090620043401" download-size="1371" install-size="1371" />
	<plugin fragment="true" id="org.eclipse.php.core.nl_sv" unpack="false" version="3.5.0.v20090620043401" download-size="2671" install-size="2671" />
	<plugin fragment="true" id="org.eclipse.php.core.parser.nl_sv" unpack="false" version="3.5.0.v20090620043401" download-size="1371" install-size="1371" />
	<plugin fragment="true" id="org.eclipse.php.debug.core.nl_sv" unpack="false" version="3.5.0.v20090620043401" download-size="2358" install-size="2358" />
	<plugin fragment="true" id="org.eclipse.php.debug.ui.nl_sv" unpack="false" version="3.5.0.v20090620043401" download-size="3294" install-size="3294" />
	<plugin fragment="true" id="org.eclipse.php.nl_sv" unpack="false" version="3.5.0.v20090620043401" download-size="1363" install-size="1363" />
	<plugin fragment="true" id="org.eclipse.php.server.core.nl_sv" unpack="false" version="3.5.0.v20090620043401" download-size="2255" install-size="2255" />
	<plugin fragment="true" id="org.eclipse.php.server.ui.nl_sv" unpack="false" version="3.5.0.v20090620043401" download-size="2216" install-size="2216" />
	<plugin fragment="true" id="org.eclipse.php.test.nl_sv" unpack="false" version="3.5.0.v20090620043401" download-size="1366" install-size="1366" />
	<plugin fragment="true" id="org.eclipse.php.ui.nl_sv" unpack="false" version="3.5.0.v20090620043401" download-size="39448" install-size="39448" />
	<plugin fragment="true" id="org.eclipse.test.nl_sv" unpack="false" version="3.5.0.v20090620043401" download-size="1362" install-size="1362" />
</feature>