<?xml version="1.0" encoding="UTF-8" ?>
<feature
	id="org.eclipse.babel.nls_rt.rap_ar"
	label="Babel Language Pack for rt.rap in Arabic (79.69%)"
	image="eclipse_update_120.jpg"
	provider-name="%providerName"
	version="3.5.0.v20090620043401">
	<copyright>
		%copyright
	</copyright>
	<license url="%licenseURL">
		%license
	</license>
	<description>Babel Language Pack for rt.rap in Arabic</description>
	<plugin fragment="true" id="org.eclipse.rap.design.example.nl_ar" unpack="false" version="3.5.0.v20090620043401" download-size="1372" install-size="1372" />
	<plugin fragment="true" id="org.eclipse.rap.jface.databinding.nl_ar" unpack="false" version="3.5.0.v20090620043401" download-size="1395" install-size="1395" />
	<plugin fragment="true" id="org.eclipse.rap.jface.nl_ar" unpack="false" version="3.5.0.v20090620043401" download-size="10464" install-size="10464" />
	<plugin fragment="true" id="org.eclipse.rap.rwt.nl_ar" unpack="false" version="3.5.0.v20090620043401" download-size="2913" install-size="2913" />
	<plugin fragment="true" id="org.eclipse.rap.rwt.test.nl_ar" unpack="false" version="3.5.0.v20090620043401" download-size="1372" install-size="1372" />
	<plugin fragment="true" id="org.eclipse.rap.ui.forms.nl_ar" unpack="false" version="3.5.0.v20090620043401" download-size="2304" install-size="2304" />
	<plugin fragment="true" id="org.eclipse.rap.ui.help.nl_ar" unpack="false" version="3.5.0.v20090620043401" download-size="1367" install-size="1367" />
	<plugin fragment="true" id="org.eclipse.rap.ui.intro.nl_ar" unpack="false" version="3.5.0.v20090620043401" download-size="2558" install-size="2558" />
	<plugin fragment="true" id="org.eclipse.rap.ui.launch.nl_ar" unpack="false" version="3.5.0.v20090620043401" download-size="2549" install-size="2549" />
	<plugin fragment="true" id="org.eclipse.rap.ui.nl_ar" unpack="false" version="3.5.0.v20090620043401" download-size="5822" install-size="5822" />
	<plugin fragment="true" id="org.eclipse.rap.ui.templates.nl_ar" unpack="false" version="3.5.0.v20090620043401" download-size="2626" install-size="2626" />
	<plugin fragment="true" id="org.eclipse.rap.ui.views.nl_ar" unpack="false" version="3.5.0.v20090620043401" download-size="3297" install-size="3297" />
	<plugin fragment="true" id="org.eclipse.rap.ui.workbench.nl_ar" unpack="false" version="3.5.0.v20090620043401" download-size="29401" install-size="29401" />
</feature>