<?xml version="1.0" encoding="UTF-8" ?>
<feature
	id="org.eclipse.babel.nls_tools.gef_zh"
	label="Babel Language Pack for tools.gef in Chinese (Simplified) (77.44%)"
	image="eclipse_update_120.jpg"
	provider-name="%providerName"
	version="3.5.0.v20090620043401">
	<copyright>
		%copyright
	</copyright>
	<license url="%licenseURL">
		%license
	</license>
	<description>Babel Language Pack for tools.gef in Chinese (Simplified)</description>
	<plugin fragment="true" id="org.eclipse.draw2d.doc.isv.nl_zh" unpack="false" version="3.5.0.v20090620043401" download-size="1411" install-size="1411" />
	<plugin fragment="true" id="org.eclipse.draw2d.nl_zh" unpack="false" version="3.5.0.v20090620043401" download-size="1740" install-size="1740" />
	<plugin fragment="true" id="org.eclipse.draw2d.test.nl_zh" unpack="false" version="3.5.0.v20090620043401" download-size="1437" install-size="1437" />
	<plugin fragment="true" id="org.eclipse.gef.doc.isv.nl_zh" unpack="false" version="3.5.0.v20090620043401" download-size="1507" install-size="1507" />
	<plugin fragment="true" id="org.eclipse.gef.examples.flow.nl_zh" unpack="false" version="3.5.0.v20090620043401" download-size="1449" install-size="1449" />
	<plugin fragment="true" id="org.eclipse.gef.examples.logic.nl_zh" unpack="false" version="3.5.0.v20090620043401" download-size="3034" install-size="3034" />
	<plugin fragment="true" id="org.eclipse.gef.examples.shapes.nl_zh" unpack="false" version="3.5.0.v20090620043401" download-size="1447" install-size="1447" />
	<plugin fragment="true" id="org.eclipse.gef.examples.text.nl_zh" unpack="false" version="3.5.0.v20090620043401" download-size="1447" install-size="1447" />
	<plugin fragment="true" id="org.eclipse.gef.examples.ui.pde.nl_zh" unpack="false" version="3.5.0.v20090620043401" download-size="3192" install-size="3192" />
	<plugin fragment="true" id="org.eclipse.gef.nl_zh" unpack="false" version="3.5.0.v20090620043401" download-size="5481" install-size="5481" />
	<plugin fragment="true" id="org.eclipse.gef.test.nl_zh" unpack="false" version="3.5.0.v20090620043401" download-size="1432" install-size="1432" />
	<plugin fragment="true" id="org.eclipse.zest.core.nl_zh" unpack="false" version="3.5.0.v20090620043401" download-size="3125" install-size="3125" />
	<plugin fragment="true" id="org.eclipse.zest.layouts.nl_zh" unpack="false" version="3.5.0.v20090620043401" download-size="1434" install-size="1434" />
</feature>