<?xml version="1.0" encoding="UTF-8" ?>
<feature
	id="org.eclipse.babel.nls_eclipse_et"
	label="Babel Language Pack for eclipse in Estonian (1.28%)"
	image="eclipse_update_120.jpg"
	provider-name="%providerName"
	version="3.5.0.v20090620043401">
	<copyright>
		%copyright
	</copyright>
	<license url="%licenseURL">
		%license
	</license>
	<description>Babel Language Pack for eclipse in Estonian</description>
	<plugin fragment="true" id="org.eclipse.ant.core.nl_et" unpack="false" version="3.5.0.v20090620043401" download-size="1347" install-size="1347" />
	<plugin fragment="true" id="org.eclipse.ant.tests.core.nl_et" unpack="false" version="3.5.0.v20090620043401" download-size="1368" install-size="1368" />
	<plugin fragment="true" id="org.eclipse.ant.tests.ui.nl_et" unpack="false" version="3.5.0.v20090620043401" download-size="1367" install-size="1367" />
	<plugin fragment="true" id="org.eclipse.ant.ui.nl_et" unpack="false" version="3.5.0.v20090620043401" download-size="2949" install-size="2949" />
	<plugin fragment="true" id="org.eclipse.compare.core.nl_et" unpack="false" version="3.5.0.v20090620043401" download-size="1350" install-size="1350" />
	<plugin fragment="true" id="org.eclipse.compare.examples.nl_et" unpack="false" version="3.5.0.v20090620043401" download-size="1370" install-size="1370" />
	<plugin fragment="true" id="org.eclipse.compare.examples.xml.nl_et" unpack="false" version="3.5.0.v20090620043401" download-size="2254" install-size="2254" />
	<plugin fragment="true" id="org.eclipse.compare.nl_et" unpack="false" version="3.5.0.v20090620043401" download-size="2147" install-size="2147" />
	<plugin fragment="true" id="org.eclipse.compare.tests.nl_et" unpack="false" version="3.5.0.v20090620043401" download-size="1368" install-size="1368" />
	<plugin fragment="true" id="org.eclipse.compare.win32.nl_et" unpack="false" version="3.5.0.v20090620043401" download-size="1369" install-size="1369" />
	<plugin fragment="true" id="org.eclipse.core.boot.nl_et" unpack="false" version="3.5.0.v20090620043401" download-size="1365" install-size="1365" />
	<plugin fragment="true" id="org.eclipse.core.commands.nl_et" unpack="false" version="3.5.0.v20090620043401" download-size="1367" install-size="1367" />
	<plugin fragment="true" id="org.eclipse.core.contenttype.nl_et" unpack="false" version="3.5.0.v20090620043401" download-size="1369" install-size="1369" />
	<plugin fragment="true" id="org.eclipse.core.databinding.beans.nl_et" unpack="false" version="3.5.0.v20090620043401" download-size="1374" install-size="1374" />
	<plugin fragment="true" id="org.eclipse.core.databinding.nl_et" unpack="false" version="3.5.0.v20090620043401" download-size="1371" install-size="1371" />
	<plugin fragment="true" id="org.eclipse.core.databinding.observable.nl_et" unpack="false" version="3.5.0.v20090620043401" download-size="1378" install-size="1378" />
	<plugin fragment="true" id="org.eclipse.core.databinding.property.nl_et" unpack="false" version="3.5.0.v20090620043401" download-size="1376" install-size="1376" />
	<plugin fragment="true" id="org.eclipse.core.expressions.nl_et" unpack="false" version="3.5.0.v20090620043401" download-size="1370" install-size="1370" />
	<plugin fragment="true" id="org.eclipse.core.expressions.tests.nl_et" unpack="false" version="3.5.0.v20090620043401" download-size="1373" install-size="1373" />
	<plugin fragment="true" id="org.eclipse.core.filebuffers.nl_et" unpack="false" version="3.5.0.v20090620043401" download-size="2265" install-size="2265" />
	<plugin fragment="true" id="org.eclipse.core.filebuffers.tests.nl_et" unpack="false" version="3.5.0.v20090620043401" download-size="1379" install-size="1379" />
	<plugin fragment="true" id="org.eclipse.core.filesystem.nl_et" unpack="false" version="3.5.0.v20090620043401" download-size="1370" install-size="1370" />
	<plugin fragment="true" id="org.eclipse.core.jobs.nl_et" unpack="false" version="3.5.0.v20090620043401" download-size="1366" install-size="1366" />
	<plugin fragment="true" id="org.eclipse.core.net.linux.x86.nl_et" unpack="false" version="3.5.0.v20090620043401" download-size="1375" install-size="1375" />
	<plugin fragment="true" id="org.eclipse.core.net.nl_et" unpack="false" version="3.5.0.v20090620043401" download-size="1369" install-size="1369" />
	<plugin fragment="true" id="org.eclipse.core.net.win32.x86.nl_et" unpack="false" version="3.5.0.v20090620043401" download-size="1376" install-size="1376" />
	<plugin fragment="true" id="org.eclipse.core.resources.nl_et" unpack="false" version="3.5.0.v20090620043401" download-size="1368" install-size="1368" />
	<plugin fragment="true" id="org.eclipse.core.runtime.compatibility.auth.nl_et" unpack="false" version="3.5.0.v20090620043401" download-size="1379" install-size="1379" />
	<plugin fragment="true" id="org.eclipse.core.runtime.compatibility.nl_et" unpack="false" version="3.5.0.v20090620043401" download-size="1376" install-size="1376" />
	<plugin fragment="true" id="org.eclipse.core.runtime.nl_et" unpack="false" version="3.5.0.v20090620043401" download-size="1367" install-size="1367" />
	<plugin fragment="true" id="org.eclipse.core.variables.nl_et" unpack="false" version="3.5.0.v20090620043401" download-size="1369" install-size="1369" />
	<plugin fragment="true" id="org.eclipse.cvs.nl_et" unpack="false" version="3.5.0.v20090620043401" download-size="1362" install-size="1362" />
	<plugin fragment="true" id="org.eclipse.debug.core.nl_et" unpack="false" version="3.5.0.v20090620043401" download-size="1367" install-size="1367" />
	<plugin fragment="true" id="org.eclipse.debug.ui.nl_et" unpack="false" version="3.5.0.v20090620043401" download-size="5047" install-size="5047" />
	<plugin fragment="true" id="org.eclipse.equinox.app.nl_et" unpack="false" version="3.5.0.v20090620043401" download-size="1367" install-size="1367" />
	<plugin fragment="true" id="org.eclipse.equinox.cm.nl_et" unpack="false" version="3.5.0.v20090620043401" download-size="1367" install-size="1367" />
	<plugin fragment="true" id="org.eclipse.equinox.common.nl_et" unpack="false" version="3.5.0.v20090620043401" download-size="1369" install-size="1369" />
	<plugin fragment="true" id="org.eclipse.equinox.concurrent.nl_et" unpack="false" version="3.5.0.v20090620043401" download-size="1373" install-size="1373" />
	<plugin fragment="true" id="org.eclipse.equinox.device.nl_et" unpack="false" version="3.5.0.v20090620043401" download-size="1369" install-size="1369" />
	<plugin fragment="true" id="org.eclipse.equinox.ds.nl_et" unpack="false" version="3.5.0.v20090620043401" download-size="1367" install-size="1367" />
	<plugin fragment="true" id="org.eclipse.equinox.event.nl_et" unpack="false" version="3.5.0.v20090620043401" download-size="1368" install-size="1368" />
	<plugin fragment="true" id="org.eclipse.equinox.http.jetty5.nl_et" unpack="false" version="3.5.0.v20090620043401" download-size="1373" install-size="1373" />
	<plugin fragment="true" id="org.eclipse.equinox.http.jetty6.nl_et" unpack="false" version="3.5.0.v20090620043401" download-size="1373" install-size="1373" />
	<plugin fragment="true" id="org.eclipse.equinox.http.nl_et" unpack="false" version="3.5.0.v20090620043401" download-size="1368" install-size="1368" />
	<plugin fragment="true" id="org.eclipse.equinox.http.registry.nl_et" unpack="false" version="3.5.0.v20090620043401" download-size="1373" install-size="1373" />
	<plugin fragment="true" id="org.eclipse.equinox.http.servlet.nl_et" unpack="false" version="3.5.0.v20090620043401" download-size="1374" install-size="1374" />
	<plugin fragment="true" id="org.eclipse.equinox.http.servletbridge.nl_et" unpack="false" version="3.5.0.v20090620043401" download-size="1378" install-size="1378" />
	<plugin fragment="true" id="org.eclipse.equinox.io.nl_et" unpack="false" version="3.5.0.v20090620043401" download-size="1366" install-size="1366" />
	<plugin fragment="true" id="org.eclipse.equinox.ip.nl_et" unpack="false" version="3.5.0.v20090620043401" download-size="1366" install-size="1366" />
	<plugin fragment="true" id="org.eclipse.equinox.jsp.jasper.nl_et" unpack="false" version="3.5.0.v20090620043401" download-size="1372" install-size="1372" />
	<plugin fragment="true" id="org.eclipse.equinox.jsp.jasper.registry.nl_et" unpack="false" version="3.5.0.v20090620043401" download-size="1378" install-size="1378" />
	<plugin fragment="true" id="org.eclipse.equinox.launcher.carbon.macosx.nl_et" unpack="false" version="3.5.0.v20090620043401" download-size="1411" install-size="1411" />
	<plugin fragment="true" id="org.eclipse.equinox.launcher.cocoa.macosx.nl_et" unpack="false" version="3.5.0.v20090620043401" download-size="1408" install-size="1408" />
	<plugin fragment="true" id="org.eclipse.equinox.launcher.gtk.linux.ppc.nl_et" unpack="false" version="3.5.0.v20090620043401" download-size="1411" install-size="1411" />
	<plugin fragment="true" id="org.eclipse.equinox.launcher.gtk.linux.s390.nl_et" unpack="false" version="3.5.0.v20090620043401" download-size="1414" install-size="1414" />
	<plugin fragment="true" id="org.eclipse.equinox.launcher.gtk.linux.s390x.nl_et" unpack="false" version="3.5.0.v20090620043401" download-size="1417" install-size="1417" />
	<plugin fragment="true" id="org.eclipse.equinox.launcher.gtk.linux.x86.nl_et" unpack="false" version="3.5.0.v20090620043401" download-size="1412" install-size="1412" />
	<plugin fragment="true" id="org.eclipse.equinox.launcher.gtk.solaris.sparc.nl_et" unpack="false" version="3.5.0.v20090620043401" download-size="1422" install-size="1422" />
	<plugin fragment="true" id="org.eclipse.equinox.launcher.gtk.solaris.x86.nl_et" unpack="false" version="3.5.0.v20090620043401" download-size="1417" install-size="1417" />
	<plugin fragment="true" id="org.eclipse.equinox.launcher.motif.aix.ppc.nl_et" unpack="false" version="3.5.0.v20090620043401" download-size="1411" install-size="1411" />
	<plugin fragment="true" id="org.eclipse.equinox.launcher.motif.linux.x86.nl_et" unpack="false" version="3.5.0.v20090620043401" download-size="1417" install-size="1417" />
	<plugin fragment="true" id="org.eclipse.equinox.launcher.motif.solaris.sparc.nl_et" unpack="false" version="3.5.0.v20090620043401" download-size="1432" install-size="1432" />
	<plugin fragment="true" id="org.eclipse.equinox.launcher.nl_et" unpack="false" version="3.5.0.v20090620043401" download-size="1375" install-size="1375" />
	<plugin fragment="true" id="org.eclipse.equinox.launcher.win32.win32.ia64.nl_et" unpack="false" version="3.5.0.v20090620043401" download-size="1417" install-size="1417" />
	<plugin fragment="true" id="org.eclipse.equinox.launcher.win32.win32.x86.nl_et" unpack="false" version="3.5.0.v20090620043401" download-size="1414" install-size="1414" />
	<plugin fragment="true" id="org.eclipse.equinox.launcher.wpf.win32.x86.nl_et" unpack="false" version="3.5.0.v20090620043401" download-size="1412" install-size="1412" />
	<plugin fragment="true" id="org.eclipse.equinox.log.nl_et" unpack="false" version="3.5.0.v20090620043401" download-size="1367" install-size="1367" />
	<plugin fragment="true" id="org.eclipse.equinox.metatype.nl_et" unpack="false" version="3.5.0.v20090620043401" download-size="1371" install-size="1371" />
	<plugin fragment="true" id="org.eclipse.equinox.preferences.nl_et" unpack="false" version="3.5.0.v20090620043401" download-size="1372" install-size="1372" />
	<plugin fragment="true" id="org.eclipse.equinox.registry.nl_et" unpack="false" version="3.5.0.v20090620043401" download-size="1371" install-size="1371" />
	<plugin fragment="true" id="org.eclipse.equinox.security.nl_et" unpack="false" version="3.5.0.v20090620043401" download-size="1371" install-size="1371" />
	<plugin fragment="true" id="org.eclipse.equinox.security.ui.nl_et" unpack="false" version="3.5.0.v20090620043401" download-size="2441" install-size="2441" />
	<plugin fragment="true" id="org.eclipse.equinox.servletbridge.nl_et" unpack="false" version="3.5.0.v20090620043401" download-size="1374" install-size="1374" />
	<plugin fragment="true" id="org.eclipse.equinox.transforms.xslt.nl_et" unpack="false" version="3.5.0.v20090620043401" download-size="1374" install-size="1374" />
	<plugin fragment="true" id="org.eclipse.equinox.useradmin.nl_et" unpack="false" version="3.5.0.v20090620043401" download-size="1371" install-size="1371" />
	<plugin fragment="true" id="org.eclipse.equinox.util.nl_et" unpack="false" version="3.5.0.v20090620043401" download-size="1368" install-size="1368" />
	<plugin fragment="true" id="org.eclipse.equinox.wireadmin.nl_et" unpack="false" version="3.5.0.v20090620043401" download-size="1372" install-size="1372" />
	<plugin fragment="true" id="org.eclipse.help.appserver.nl_et" unpack="false" version="3.5.0.v20090620043401" download-size="1370" install-size="1370" />
	<plugin fragment="true" id="org.eclipse.help.base.nl_et" unpack="false" version="3.5.0.v20090620043401" download-size="1366" install-size="1366" />
	<plugin fragment="true" id="org.eclipse.help.nl_et" unpack="false" version="3.5.0.v20090620043401" download-size="1363" install-size="1363" />
	<plugin fragment="true" id="org.eclipse.help.ui.nl_et" unpack="false" version="3.5.0.v20090620043401" download-size="2263" install-size="2263" />
	<plugin fragment="true" id="org.eclipse.help.webapp.nl_et" unpack="false" version="3.5.0.v20090620043401" download-size="2268" install-size="2268" />
	<plugin fragment="true" id="org.eclipse.jdt.apt.core.nl_et" unpack="false" version="3.5.0.v20090620043401" download-size="1368" install-size="1368" />
	<plugin fragment="true" id="org.eclipse.jdt.apt.pluggable.core.nl_et" unpack="false" version="3.5.0.v20090620043401" download-size="1374" install-size="1374" />
	<plugin fragment="true" id="org.eclipse.jdt.apt.pluggable.tests.nl_et" unpack="false" version="3.5.0.v20090620043401" download-size="1374" install-size="1374" />
	<plugin fragment="true" id="org.eclipse.jdt.apt.tests.nl_et" unpack="false" version="3.5.0.v20090620043401" download-size="1368" install-size="1368" />
	<plugin fragment="true" id="org.eclipse.jdt.apt.ui.nl_et" unpack="false" version="3.5.0.v20090620043401" download-size="2534" install-size="2534" />
	<plugin fragment="true" id="org.eclipse.jdt.compiler.apt.tests.nl_et" unpack="false" version="3.5.0.v20090620043401" download-size="1374" install-size="1374" />
	<plugin fragment="true" id="org.eclipse.jdt.compiler.tool.tests.nl_et" unpack="false" version="3.5.0.v20090620043401" download-size="1374" install-size="1374" />
	<plugin fragment="true" id="org.eclipse.jdt.core.manipulation.nl_et" unpack="false" version="3.5.0.v20090620043401" download-size="1373" install-size="1373" />
	<plugin fragment="true" id="org.eclipse.jdt.core.nl_et" unpack="false" version="3.5.0.v20090620043401" download-size="2411" install-size="2411" />
	<plugin fragment="true" id="org.eclipse.jdt.core.tests.builder.nl_et" unpack="false" version="3.5.0.v20090620043401" download-size="1374" install-size="1374" />
	<plugin fragment="true" id="org.eclipse.jdt.core.tests.compiler.nl_et" unpack="false" version="3.5.0.v20090620043401" download-size="1375" install-size="1375" />
	<plugin fragment="true" id="org.eclipse.jdt.core.tests.model.nl_et" unpack="false" version="3.5.0.v20090620043401" download-size="2418" install-size="2418" />
	<plugin fragment="true" id="org.eclipse.jdt.core.tests.performance.nl_et" unpack="false" version="3.5.0.v20090620043401" download-size="1376" install-size="1376" />
	<plugin fragment="true" id="org.eclipse.jdt.debug.nl_et" unpack="false" version="3.5.0.v20090620043401" download-size="2633" install-size="2633" />
	<plugin fragment="true" id="org.eclipse.jdt.debug.tests.nl_et" unpack="false" version="3.5.0.v20090620043401" download-size="1370" install-size="1370" />
	<plugin fragment="true" id="org.eclipse.jdt.debug.ui.nl_et" unpack="false" version="3.5.0.v20090620043401" download-size="3966" install-size="3966" />
	<plugin fragment="true" id="org.eclipse.jdt.doc.isv.nl_et" unpack="false" version="3.5.0.v20090620043401" download-size="1367" install-size="1367" />
	<plugin fragment="true" id="org.eclipse.jdt.doc.user.nl_et" unpack="false" version="3.5.0.v20090620043401" download-size="1368" install-size="1368" />
	<plugin fragment="true" id="org.eclipse.jdt.junit.nl_et" unpack="false" version="3.5.0.v20090620043401" download-size="2413" install-size="2413" />
	<plugin fragment="true" id="org.eclipse.jdt.junit.runtime.nl_et" unpack="false" version="3.5.0.v20090620043401" download-size="1371" install-size="1371" />
	<plugin fragment="true" id="org.eclipse.jdt.junit4.runtime.nl_et" unpack="false" version="3.5.0.v20090620043401" download-size="1371" install-size="1371" />
	<plugin fragment="true" id="org.eclipse.jdt.launching.macosx.nl_et" unpack="false" version="3.5.0.v20090620043401" download-size="1374" install-size="1374" />
	<plugin fragment="true" id="org.eclipse.jdt.launching.nl_et" unpack="false" version="3.5.0.v20090620043401" download-size="1370" install-size="1370" />
	<plugin fragment="true" id="org.eclipse.jdt.launching.ui.macosx.nl_et" unpack="false" version="3.5.0.v20090620043401" download-size="1376" install-size="1376" />
	<plugin fragment="true" id="org.eclipse.jdt.nl_et" unpack="false" version="3.5.0.v20090620043401" download-size="1362" install-size="1362" />
	<plugin fragment="true" id="org.eclipse.jdt.text.tests.nl_et" unpack="false" version="3.5.0.v20090620043401" download-size="1373" install-size="1373" />
	<plugin fragment="true" id="org.eclipse.jdt.ui.examples.projects.nl_et" unpack="false" version="3.5.0.v20090620043401" download-size="1375" install-size="1375" />
	<plugin fragment="true" id="org.eclipse.jdt.ui.nl_et" unpack="false" version="3.5.0.v20090620043401" download-size="8873" install-size="8873" />
	<plugin fragment="true" id="org.eclipse.jdt.ui.tests.nl_et" unpack="false" version="3.5.0.v20090620043401" download-size="1372" install-size="1372" />
	<plugin fragment="true" id="org.eclipse.jdt.ui.tests.refactoring.nl_et" unpack="false" version="3.5.0.v20090620043401" download-size="1380" install-size="1380" />
	<plugin fragment="true" id="org.eclipse.jface.databinding.nl_et" unpack="false" version="3.5.0.v20090620043401" download-size="1372" install-size="1372" />
	<plugin fragment="true" id="org.eclipse.jface.examples.databinding.nl_et" unpack="false" version="3.5.0.v20090620043401" download-size="1378" install-size="1378" />
	<plugin fragment="true" id="org.eclipse.jface.nl_et" unpack="false" version="3.5.0.v20090620043401" download-size="1935" install-size="1935" />
	<plugin fragment="true" id="org.eclipse.jface.tests.databinding.conformance.nl_et" unpack="false" version="3.5.0.v20090620043401" download-size="1384" install-size="1384" />
	<plugin fragment="true" id="org.eclipse.jface.tests.databinding.nl_et" unpack="false" version="3.5.0.v20090620043401" download-size="1375" install-size="1375" />
	<plugin fragment="true" id="org.eclipse.jface.text.nl_et" unpack="false" version="3.5.0.v20090620043401" download-size="1367" install-size="1367" />
	<plugin fragment="true" id="org.eclipse.jface.text.tests.nl_et" unpack="false" version="3.5.0.v20090620043401" download-size="1375" install-size="1375" />
	<plugin fragment="true" id="org.eclipse.jsch.core.nl_et" unpack="false" version="3.5.0.v20090620043401" download-size="1366" install-size="1366" />
	<plugin fragment="true" id="org.eclipse.jsch.ui.nl_et" unpack="false" version="3.5.0.v20090620043401" download-size="2314" install-size="2314" />
	<plugin fragment="true" id="org.eclipse.ltk.core.refactoring.nl_et" unpack="false" version="3.5.0.v20090620043401" download-size="1373" install-size="1373" />
	<plugin fragment="true" id="org.eclipse.ltk.core.refactoring.tests.nl_et" unpack="false" version="3.5.0.v20090620043401" download-size="1376" install-size="1376" />
	<plugin fragment="true" id="org.eclipse.ltk.ui.refactoring.nl_et" unpack="false" version="3.5.0.v20090620043401" download-size="2455" install-size="2455" />
	<plugin fragment="true" id="org.eclipse.ltk.ui.refactoring.tests.nl_et" unpack="false" version="3.5.0.v20090620043401" download-size="1375" install-size="1375" />
	<plugin fragment="true" id="org.eclipse.osgi.nl_et" unpack="false" version="3.5.0.v20090620043401" download-size="2641" install-size="2641" />
	<plugin fragment="true" id="org.eclipse.osgi.services.nl_et" unpack="false" version="3.5.0.v20090620043401" download-size="1358" install-size="1358" />
	<plugin fragment="true" id="org.eclipse.osgi.util.nl_et" unpack="false" version="3.5.0.v20090620043401" download-size="1356" install-size="1356" />
	<plugin fragment="true" id="org.eclipse.pde.api.tools.nl_et" unpack="false" version="3.5.0.v20090620043401" download-size="2540" install-size="2540" />
	<plugin fragment="true" id="org.eclipse.pde.api.tools.ui.nl_et" unpack="false" version="3.5.0.v20090620043401" download-size="3759" install-size="3759" />
	<plugin fragment="true" id="org.eclipse.pde.build.nl_et" unpack="false" version="3.5.0.v20090620043401" download-size="1580" install-size="1580" />
	<plugin fragment="true" id="org.eclipse.pde.build.tests.nl_et" unpack="false" version="3.5.0.v20090620043401" download-size="1372" install-size="1372" />
	<plugin fragment="true" id="org.eclipse.pde.core.nl_et" unpack="false" version="3.5.0.v20090620043401" download-size="1348" install-size="1348" />
	<plugin fragment="true" id="org.eclipse.pde.doc.user.nl_et" unpack="false" version="3.5.0.v20090620043401" download-size="1368" install-size="1368" />
	<plugin fragment="true" id="org.eclipse.pde.ds.core.nl_et" unpack="false" version="3.5.0.v20090620043401" download-size="1350" install-size="1350" />
	<plugin fragment="true" id="org.eclipse.pde.ds.tests.nl_et" unpack="false" version="3.5.0.v20090620043401" download-size="1367" install-size="1367" />
	<plugin fragment="true" id="org.eclipse.pde.ds.ui.nl_et" unpack="false" version="3.5.0.v20090620043401" download-size="1349" install-size="1349" />
	<plugin fragment="true" id="org.eclipse.pde.junit.runtime.nl_et" unpack="false" version="3.5.0.v20090620043401" download-size="1371" install-size="1371" />
	<plugin fragment="true" id="org.eclipse.pde.nl_et" unpack="false" version="3.5.0.v20090620043401" download-size="1345" install-size="1345" />
	<plugin fragment="true" id="org.eclipse.pde.runtime.nl_et" unpack="false" version="3.5.0.v20090620043401" download-size="1367" install-size="1367" />
	<plugin fragment="true" id="org.eclipse.pde.ua.core.nl_et" unpack="false" version="3.5.0.v20090620043401" download-size="1367" install-size="1367" />
	<plugin fragment="true" id="org.eclipse.pde.ua.ui.nl_et" unpack="false" version="3.5.0.v20090620043401" download-size="1365" install-size="1365" />
	<plugin fragment="true" id="org.eclipse.pde.ui.nl_et" unpack="false" version="3.5.0.v20090620043401" download-size="3001" install-size="3001" />
	<plugin fragment="true" id="org.eclipse.pde.ui.templates.nl_et" unpack="false" version="3.5.0.v20090620043401" download-size="1370" install-size="1370" />
	<plugin fragment="true" id="org.eclipse.platform.doc.isv.nl_et" unpack="false" version="3.5.0.v20090620043401" download-size="1371" install-size="1371" />
	<plugin fragment="true" id="org.eclipse.platform.doc.user.nl_et" unpack="false" version="3.5.0.v20090620043401" download-size="1371" install-size="1371" />
	<plugin fragment="true" id="org.eclipse.platform.nl_et" unpack="false" version="3.5.0.v20090620043401" download-size="1365" install-size="1365" />
	<plugin fragment="true" id="org.eclipse.rcp.nl_et" unpack="false" version="3.5.0.v20090620043401" download-size="1362" install-size="1362" />
	<plugin fragment="true" id="org.eclipse.releng.tools.nl_et" unpack="false" version="3.5.0.v20090620043401" download-size="1368" install-size="1368" />
	<plugin fragment="true" id="org.eclipse.sdk.examples.nl_et" unpack="false" version="3.5.0.v20090620043401" download-size="1368" install-size="1368" />
	<plugin fragment="true" id="org.eclipse.sdk.nl_et" unpack="false" version="3.5.0.v20090620043401" download-size="1362" install-size="1362" />
	<plugin fragment="true" id="org.eclipse.sdk.tests.nl_et" unpack="false" version="3.5.0.v20090620043401" download-size="1366" install-size="1366" />
	<plugin fragment="true" id="org.eclipse.search.nl_et" unpack="false" version="3.5.0.v20090620043401" download-size="2246" install-size="2246" />
	<plugin fragment="true" id="org.eclipse.search.tests.nl_et" unpack="false" version="3.5.0.v20090620043401" download-size="1367" install-size="1367" />
	<plugin fragment="true" id="org.eclipse.swt.examples.browser.demos.nl_et" unpack="false" version="3.5.0.v20090620043401" download-size="1377" install-size="1377" />
	<plugin fragment="true" id="org.eclipse.swt.examples.browser.nl_et" unpack="false" version="3.5.0.v20090620043401" download-size="1373" install-size="1373" />
	<plugin fragment="true" id="org.eclipse.swt.examples.controls.nl_et" unpack="false" version="3.5.0.v20090620043401" download-size="1373" install-size="1373" />
	<plugin fragment="true" id="org.eclipse.swt.examples.launcher.nl_et" unpack="false" version="3.5.0.v20090620043401" download-size="1374" install-size="1374" />
	<plugin fragment="true" id="org.eclipse.swt.examples.layouts.nl_et" unpack="false" version="3.5.0.v20090620043401" download-size="1373" install-size="1373" />
	<plugin fragment="true" id="org.eclipse.swt.examples.nl_et" unpack="false" version="3.5.0.v20090620043401" download-size="2324" install-size="2324" />
	<plugin fragment="true" id="org.eclipse.swt.examples.ole.win32.nl_et" unpack="false" version="3.5.0.v20090620043401" download-size="1374" install-size="1374" />
	<plugin fragment="true" id="org.eclipse.swt.examples.paint.nl_et" unpack="false" version="3.5.0.v20090620043401" download-size="1372" install-size="1372" />
	<plugin fragment="true" id="org.eclipse.swt.nl_et" unpack="false" version="3.5.0.v20090620043401" download-size="1362" install-size="1362" />
	<plugin fragment="true" id="org.eclipse.swt.tests.nl_et" unpack="false" version="3.5.0.v20090620043401" download-size="1365" install-size="1365" />
	<plugin fragment="true" id="org.eclipse.swt.tools.nl_et" unpack="false" version="3.5.0.v20090620043401" download-size="1365" install-size="1365" />
	<plugin fragment="true" id="org.eclipse.team.core.nl_et" unpack="false" version="3.5.0.v20090620043401" download-size="1365" install-size="1365" />
	<plugin fragment="true" id="org.eclipse.team.cvs.core.nl_et" unpack="false" version="3.5.0.v20090620043401" download-size="1368" install-size="1368" />
	<plugin fragment="true" id="org.eclipse.team.cvs.ssh.nl_et" unpack="false" version="3.5.0.v20090620043401" download-size="1368" install-size="1368" />
	<plugin fragment="true" id="org.eclipse.team.cvs.ssh2.nl_et" unpack="false" version="3.5.0.v20090620043401" download-size="2484" install-size="2484" />
	<plugin fragment="true" id="org.eclipse.team.cvs.ui.nl_et" unpack="false" version="3.5.0.v20090620043401" download-size="2957" install-size="2957" />
	<plugin fragment="true" id="org.eclipse.team.examples.filesystem.nl_et" unpack="false" version="3.5.0.v20090620043401" download-size="1374" install-size="1374" />
	<plugin fragment="true" id="org.eclipse.team.ui.nl_et" unpack="false" version="3.5.0.v20090620043401" download-size="2217" install-size="2217" />
	<plugin fragment="true" id="org.eclipse.text.nl_et" unpack="false" version="3.5.0.v20090620043401" download-size="1362" install-size="1362" />
	<plugin fragment="true" id="org.eclipse.text.tests.nl_et" unpack="false" version="3.5.0.v20090620043401" download-size="1370" install-size="1370" />
	<plugin fragment="true" id="org.eclipse.ui.browser.nl_et" unpack="false" version="3.5.0.v20090620043401" download-size="2254" install-size="2254" />
	<plugin fragment="true" id="org.eclipse.ui.cheatsheets.nl_et" unpack="false" version="3.5.0.v20090620043401" download-size="1411" install-size="1411" />
	<plugin fragment="true" id="org.eclipse.ui.console.nl_et" unpack="false" version="3.5.0.v20090620043401" download-size="1366" install-size="1366" />
	<plugin fragment="true" id="org.eclipse.ui.editors.nl_et" unpack="false" version="3.5.0.v20090620043401" download-size="1554" install-size="1554" />
	<plugin fragment="true" id="org.eclipse.ui.editors.tests.nl_et" unpack="false" version="3.5.0.v20090620043401" download-size="1375" install-size="1375" />
	<plugin fragment="true" id="org.eclipse.ui.examples.contributions.nl_et" unpack="false" version="3.5.0.v20090620043401" download-size="1408" install-size="1408" />
	<plugin fragment="true" id="org.eclipse.ui.examples.fieldassist.nl_et" unpack="false" version="3.5.0.v20090620043401" download-size="1379" install-size="1379" />
	<plugin fragment="true" id="org.eclipse.ui.examples.javaeditor.nl_et" unpack="false" version="3.5.0.v20090620043401" download-size="1374" install-size="1374" />
	<plugin fragment="true" id="org.eclipse.ui.examples.multipageeditor.nl_et" unpack="false" version="3.5.0.v20090620043401" download-size="1381" install-size="1381" />
	<plugin fragment="true" id="org.eclipse.ui.examples.propertysheet.nl_et" unpack="false" version="3.5.0.v20090620043401" download-size="1381" install-size="1381" />
	<plugin fragment="true" id="org.eclipse.ui.examples.readmetool.nl_et" unpack="false" version="3.5.0.v20090620043401" download-size="1379" install-size="1379" />
	<plugin fragment="true" id="org.eclipse.ui.examples.undo.nl_et" unpack="false" version="3.5.0.v20090620043401" download-size="1375" install-size="1375" />
	<plugin fragment="true" id="org.eclipse.ui.examples.views.properties.tabbed.article.nl_et" unpack="false" version="3.5.0.v20090620043401" download-size="1393" install-size="1393" />
	<plugin fragment="true" id="org.eclipse.ui.externaltools.nl_et" unpack="false" version="3.5.0.v20090620043401" download-size="2454" install-size="2454" />
	<plugin fragment="true" id="org.eclipse.ui.forms.nl_et" unpack="false" version="3.5.0.v20090620043401" download-size="1365" install-size="1365" />
	<plugin fragment="true" id="org.eclipse.ui.ide.application.nl_et" unpack="false" version="3.5.0.v20090620043401" download-size="1376" install-size="1376" />
	<plugin fragment="true" id="org.eclipse.ui.ide.nl_et" unpack="false" version="3.5.0.v20090620043401" download-size="4226" install-size="4226" />
	<plugin fragment="true" id="org.eclipse.ui.intro.nl_et" unpack="false" version="3.5.0.v20090620043401" download-size="1364" install-size="1364" />
	<plugin fragment="true" id="org.eclipse.ui.intro.universal.nl_et" unpack="false" version="3.5.0.v20090620043401" download-size="1371" install-size="1371" />
	<plugin fragment="true" id="org.eclipse.ui.navigator.nl_et" unpack="false" version="3.5.0.v20090620043401" download-size="1373" install-size="1373" />
	<plugin fragment="true" id="org.eclipse.ui.net.nl_et" unpack="false" version="3.5.0.v20090620043401" download-size="1368" install-size="1368" />
	<plugin fragment="true" id="org.eclipse.ui.nl_et" unpack="false" version="3.5.0.v20090620043401" download-size="1365" install-size="1365" />
	<plugin fragment="true" id="org.eclipse.ui.presentations.r21.nl_et" unpack="false" version="3.5.0.v20090620043401" download-size="1372" install-size="1372" />
	<plugin fragment="true" id="org.eclipse.ui.tests.views.properties.tabbed.nl_et" unpack="false" version="3.5.0.v20090620043401" download-size="1384" install-size="1384" />
	<plugin fragment="true" id="org.eclipse.ui.views.log.nl_et" unpack="false" version="3.5.0.v20090620043401" download-size="2437" install-size="2437" />
	<plugin fragment="true" id="org.eclipse.ui.views.nl_et" unpack="false" version="3.5.0.v20090620043401" download-size="1365" install-size="1365" />
	<plugin fragment="true" id="org.eclipse.ui.views.properties.tabbed.nl_et" unpack="false" version="3.5.0.v20090620043401" download-size="1381" install-size="1381" />
	<plugin fragment="true" id="org.eclipse.ui.workbench.nl_et" unpack="false" version="3.5.0.v20090620043401" download-size="3530" install-size="3530" />
	<plugin fragment="true" id="org.eclipse.ui.workbench.texteditor.nl_et" unpack="false" version="3.5.0.v20090620043401" download-size="2269" install-size="2269" />
	<plugin fragment="true" id="org.eclipse.ui.workbench.texteditor.tests.nl_et" unpack="false" version="3.5.0.v20090620043401" download-size="1384" install-size="1384" />
	<plugin fragment="true" id="org.eclipse.update.configurator.nl_et" unpack="false" version="3.5.0.v20090620043401" download-size="1372" install-size="1372" />
	<plugin fragment="true" id="org.eclipse.update.scheduler.nl_et" unpack="false" version="3.5.0.v20090620043401" download-size="1371" install-size="1371" />
	<plugin fragment="true" id="org.eclipse.update.ui.nl_et" unpack="false" version="3.5.0.v20090620043401" download-size="2056" install-size="2056" />
	<plugin fragment="true" id="org.junit4.nl_et" unpack="false" version="3.5.0.v20090620043401" download-size="1360" install-size="1360" />
</feature>