<?xml version="1.0" encoding="UTF-8" ?>
<feature
	id="org.eclipse.babel.nls_stp.sca_ru"
	label="Babel Language Pack for stp.sca in Russian (21.06%)"
	image="eclipse_update_120.jpg"
	provider-name="%providerName"
	version="3.5.0.v20090620043401">
	<copyright>
		%copyright
	</copyright>
	<license url="%licenseURL">
		%license
	</license>
	<description>Babel Language Pack for stp.sca in Russian</description>
	<plugin fragment="true" id="org.eclipse.stp.sca.common.jdt.nl_ru" unpack="false" version="3.5.0.v20090620043401" download-size="2346" install-size="2346" />
	<plugin fragment="true" id="org.eclipse.stp.sca.common.nl_ru" unpack="false" version="3.5.0.v20090620043401" download-size="1352" install-size="1352" />
	<plugin fragment="true" id="org.eclipse.stp.sca.diagram.extension.generator.ui.nl_ru" unpack="false" version="3.5.0.v20090620043401" download-size="2929" install-size="2929" />
	<plugin fragment="true" id="org.eclipse.stp.sca.diagram.extension.nl_ru" unpack="false" version="3.5.0.v20090620043401" download-size="1415" install-size="1415" />
	<plugin fragment="true" id="org.eclipse.stp.sca.diagram.frascati.nl_ru" unpack="false" version="3.5.0.v20090620043401" download-size="1376" install-size="1376" />
	<plugin fragment="true" id="org.eclipse.stp.sca.diagram.jdt.nl_ru" unpack="false" version="3.5.0.v20090620043401" download-size="1355" install-size="1355" />
	<plugin fragment="true" id="org.eclipse.stp.sca.diagram.nl_ru" unpack="false" version="3.5.0.v20090620043401" download-size="2472" install-size="2472" />
	<plugin fragment="true" id="org.eclipse.stp.sca.diagram.tuscany.nl_ru" unpack="false" version="3.5.0.v20090620043401" download-size="1358" install-size="1358" />
	<plugin fragment="true" id="org.eclipse.stp.sca.domainmodel.frascati.edit.nl_ru" unpack="false" version="3.5.0.v20090620043401" download-size="1778" install-size="1778" />
	<plugin fragment="true" id="org.eclipse.stp.sca.domainmodel.frascati.editor.nl_ru" unpack="false" version="3.5.0.v20090620043401" download-size="1457" install-size="1457" />
	<plugin fragment="true" id="org.eclipse.stp.sca.domainmodel.tuscany.edit.nl_ru" unpack="false" version="3.5.0.v20090620043401" download-size="1933" install-size="1933" />
	<plugin fragment="true" id="org.eclipse.stp.sca.domainmodel.tuscany.editor.nl_ru" unpack="false" version="3.5.0.v20090620043401" download-size="1456" install-size="1456" />
	<plugin fragment="true" id="org.eclipse.stp.sca.edit.nl_ru" unpack="false" version="3.5.0.v20090620043401" download-size="4094" install-size="4094" />
	<plugin fragment="true" id="org.eclipse.stp.sca.editor.nl_ru" unpack="false" version="3.5.0.v20090620043401" download-size="3165" install-size="3165" />
	<plugin fragment="true" id="org.eclipse.stp.sca.formeditor.nl_ru" unpack="false" version="3.5.0.v20090620043401" download-size="2407" install-size="2407" />
	<plugin fragment="true" id="org.eclipse.stp.sca.implementation.java.nl_ru" unpack="false" version="3.5.0.v20090620043401" download-size="1360" install-size="1360" />
	<plugin fragment="true" id="org.eclipse.stp.sca.implementation.sca.nl_ru" unpack="false" version="3.5.0.v20090620043401" download-size="1359" install-size="1359" />
	<plugin fragment="true" id="org.eclipse.stp.sca.interfacee.java.nl_ru" unpack="false" version="3.5.0.v20090620043401" download-size="1357" install-size="1357" />
	<plugin fragment="true" id="org.eclipse.stp.sca.nl_ru" unpack="false" version="3.5.0.v20090620043401" download-size="1347" install-size="1347" />
	<plugin fragment="true" id="org.eclipse.stp.sca.ontology.view.jena2.nl_ru" unpack="false" version="3.5.0.v20090620043401" download-size="2541" install-size="2541" />
	<plugin fragment="true" id="org.eclipse.stp.sca.ontology.view.nl_ru" unpack="false" version="3.5.0.v20090620043401" download-size="2371" install-size="2371" />
	<plugin fragment="true" id="org.eclipse.stp.sca.semantic.sawsdl.edit.nl_ru" unpack="false" version="3.5.0.v20090620043401" download-size="1709" install-size="1709" />
	<plugin fragment="true" id="org.eclipse.stp.sca.semantic.sawsdl.properties.nl_ru" unpack="false" version="3.5.0.v20090620043401" download-size="1363" install-size="1363" />
	<plugin fragment="true" id="org.eclipse.stp.sca.validation.frascati.nl_ru" unpack="false" version="3.5.0.v20090620043401" download-size="1361" install-size="1361" />
	<plugin fragment="true" id="org.eclipse.stp.sca.validation.nl_ru" unpack="false" version="3.5.0.v20090620043401" download-size="1355" install-size="1355" />
	<plugin fragment="true" id="org.eclipse.stp.sca.xmleditor.nl_ru" unpack="false" version="3.5.0.v20090620043401" download-size="2532" install-size="2532" />
</feature>