<?xml version="1.0" encoding="UTF-8" ?>
<feature
	id="org.eclipse.babel.nls_webtools_zh_TW"
	label="Babel Language Pack for webtools in Chinese (Traditional) (24.74%)"
	image="eclipse_update_120.jpg"
	provider-name="%providerName"
	version="3.5.0.v20090620043401">
	<copyright>
		%copyright
	</copyright>
	<license url="%licenseURL">
		%license
	</license>
	<description>Babel Language Pack for webtools in Chinese (Traditional)</description>
	<plugin fragment="true" id="org.eclipse.wst.xml.xpath.core.nl_zh_TW" unpack="false" version="3.5.0.v20090620043401" download-size="1393" install-size="1393" />
	<plugin fragment="true" id="org.eclipse.wst.xsl.core.nl_zh_TW" unpack="false" version="3.5.0.v20090620043401" download-size="1405" install-size="1405" />
	<plugin fragment="true" id="org.eclipse.wst.xsl.debug.ui.nl_zh_TW" unpack="false" version="3.5.0.v20090620043401" download-size="4191" install-size="4191" />
	<plugin fragment="true" id="org.eclipse.wst.xsl.doc.nl_zh_TW" unpack="false" version="3.5.0.v20090620043401" download-size="1387" install-size="1387" />
	<plugin fragment="true" id="org.eclipse.wst.xsl.jaxp.debug.nl_zh_TW" unpack="false" version="3.5.0.v20090620043401" download-size="3089" install-size="3089" />
	<plugin fragment="true" id="org.eclipse.wst.xsl.jaxp.debug.ui.nl_zh_TW" unpack="false" version="3.5.0.v20090620043401" download-size="4205" install-size="4205" />
	<plugin fragment="true" id="org.eclipse.wst.xsl.jaxp.launching.nl_zh_TW" unpack="false" version="3.5.0.v20090620043401" download-size="3249" install-size="3249" />
	<plugin fragment="true" id="org.eclipse.wst.xsl.launching.nl_zh_TW" unpack="false" version="3.5.0.v20090620043401" download-size="1423" install-size="1423" />
	<plugin fragment="true" id="org.eclipse.wst.xsl.launching.tests.nl_zh_TW" unpack="false" version="3.5.0.v20090620043401" download-size="1402" install-size="1402" />
	<plugin fragment="true" id="org.eclipse.wst.xsl.nl_zh_TW" unpack="false" version="3.5.0.v20090620043401" download-size="1389" install-size="1389" />
	<plugin fragment="true" id="org.eclipse.wst.xsl.saxon.nl_zh_TW" unpack="false" version="3.5.0.v20090620043401" download-size="1797" install-size="1797" />
	<plugin fragment="true" id="org.eclipse.wst.xsl.sdk.documentation.nl_zh_TW" unpack="false" version="3.5.0.v20090620043401" download-size="1397" install-size="1397" />
	<plugin fragment="true" id="org.eclipse.wst.xsl.tests.nl_zh_TW" unpack="false" version="3.5.0.v20090620043401" download-size="1392" install-size="1392" />
	<plugin fragment="true" id="org.eclipse.wst.xsl.ui.nl_zh_TW" unpack="false" version="3.5.0.v20090620043401" download-size="2747" install-size="2747" />
	<plugin fragment="true" id="org.eclipse.wst.xsl.xalan.nl_zh_TW" unpack="false" version="3.5.0.v20090620043401" download-size="1716" install-size="1716" />
</feature>