<?xml version="1.0" encoding="UTF-8" ?>
<feature
	id="org.eclipse.babel.nls_modeling.emft_ko"
	label="Babel Language Pack for modeling.emft in Korean (26.84%)"
	image="eclipse_update_120.jpg"
	provider-name="%providerName"
	version="3.5.0.v20090620043401">
	<copyright>
		%copyright
	</copyright>
	<license url="%licenseURL">
		%license
	</license>
	<description>Babel Language Pack for modeling.emft in Korean</description>
	<plugin fragment="true" id="org.eclipse.emf.compare.diff.edit.nl_ko" unpack="false" version="3.5.0.v20090620043401" download-size="1881" install-size="1881" />
	<plugin fragment="true" id="org.eclipse.emf.compare.diff.nl_ko" unpack="false" version="3.5.0.v20090620043401" download-size="1370" install-size="1370" />
	<plugin fragment="true" id="org.eclipse.emf.compare.epatch.nl_ko" unpack="false" version="3.5.0.v20090620043401" download-size="1372" install-size="1372" />
	<plugin fragment="true" id="org.eclipse.emf.compare.match.nl_ko" unpack="false" version="3.5.0.v20090620043401" download-size="1738" install-size="1738" />
	<plugin fragment="true" id="org.eclipse.emf.compare.nl_ko" unpack="false" version="3.5.0.v20090620043401" download-size="1366" install-size="1366" />
	<plugin fragment="true" id="org.eclipse.emf.compare.tests.nl_ko" unpack="false" version="3.5.0.v20090620043401" download-size="1370" install-size="1370" />
	<plugin fragment="true" id="org.eclipse.emf.compare.ui.nl_ko" unpack="false" version="3.5.0.v20090620043401" download-size="3837" install-size="3837" />
	<plugin fragment="true" id="org.eclipse.emf.mwe.activities.nl_ko" unpack="false" version="3.5.0.v20090620043401" download-size="1371" install-size="1371" />
	<plugin fragment="true" id="org.eclipse.emf.mwe.core.nl_ko" unpack="false" version="3.5.0.v20090620043401" download-size="1589" install-size="1589" />
	<plugin fragment="true" id="org.eclipse.emf.mwe.doc.nl_ko" unpack="false" version="3.5.0.v20090620043401" download-size="1621" install-size="1621" />
	<plugin fragment="true" id="org.eclipse.emf.mwe.examples.nl_ko" unpack="false" version="3.5.0.v20090620043401" download-size="1371" install-size="1371" />
	<plugin fragment="true" id="org.eclipse.emf.mwe.tests.nl_ko" unpack="false" version="3.5.0.v20090620043401" download-size="1577" install-size="1577" />
	<plugin fragment="true" id="org.eclipse.emf.mwe.ui.editor.nl_ko" unpack="false" version="3.5.0.v20090620043401" download-size="2637" install-size="2637" />
	<plugin fragment="true" id="org.eclipse.emf.mwe.ui.nl_ko" unpack="false" version="3.5.0.v20090620043401" download-size="2471" install-size="2471" />
	<plugin fragment="true" id="org.eclipse.emf.mwe.ui.simpleEditor.nl_ko" unpack="false" version="3.5.0.v20090620043401" download-size="1374" install-size="1374" />
	<plugin fragment="true" id="org.eclipse.emf.mwe.utils.nl_ko" unpack="false" version="3.5.0.v20090620043401" download-size="1368" install-size="1368" />
</feature>