<?xml version="1.0" encoding="UTF-8" ?>
<feature
	id="org.eclipse.babel.nls_dsdp.tm_el"
	label="Babel Language Pack for dsdp.tm in Greek (20.76%)"
	image="eclipse_update_120.jpg"
	provider-name="%providerName"
	version="3.5.0.v20090620043401">
	<copyright>
		%copyright
	</copyright>
	<license url="%licenseURL">
		%license
	</license>
	<description>Babel Language Pack for dsdp.tm in Greek</description>
	<plugin fragment="true" id="org.eclipse.dstore.core.nl_el" unpack="false" version="3.5.0.v20090620043401" download-size="1365" install-size="1365" />
	<plugin fragment="true" id="org.eclipse.dstore.doc.isv.nl_el" unpack="false" version="3.5.0.v20090620043401" download-size="1368" install-size="1368" />
	<plugin fragment="true" id="org.eclipse.dstore.extra.nl_el" unpack="false" version="3.5.0.v20090620043401" download-size="1366" install-size="1366" />
	<plugin fragment="true" id="org.eclipse.rse.connectorservice.dstore.nl_el" unpack="false" version="3.5.0.v20090620043401" download-size="1376" install-size="1376" />
	<plugin fragment="true" id="org.eclipse.rse.connectorservice.local.nl_el" unpack="false" version="3.5.0.v20090620043401" download-size="1375" install-size="1375" />
	<plugin fragment="true" id="org.eclipse.rse.connectorservice.ssh.nl_el" unpack="false" version="3.5.0.v20090620043401" download-size="2908" install-size="2908" />
	<plugin fragment="true" id="org.eclipse.rse.connectorservice.telnet.nl_el" unpack="false" version="3.5.0.v20090620043401" download-size="1375" install-size="1375" />
	<plugin fragment="true" id="org.eclipse.rse.core.nl_el" unpack="false" version="3.5.0.v20090620043401" download-size="2471" install-size="2471" />
	<plugin fragment="true" id="org.eclipse.rse.discovery.nl_el" unpack="false" version="3.5.0.v20090620043401" download-size="2227" install-size="2227" />
	<plugin fragment="true" id="org.eclipse.rse.doc.isv.nl_el" unpack="false" version="3.5.0.v20090620043401" download-size="1366" install-size="1366" />
	<plugin fragment="true" id="org.eclipse.rse.doc.user.nl_el" unpack="false" version="3.5.0.v20090620043401" download-size="1366" install-size="1366" />
	<plugin fragment="true" id="org.eclipse.rse.dstore.security.nl_el" unpack="false" version="3.5.0.v20090620043401" download-size="2637" install-size="2637" />
	<plugin fragment="true" id="org.eclipse.rse.efs.nl_el" unpack="false" version="3.5.0.v20090620043401" download-size="1363" install-size="1363" />
	<plugin fragment="true" id="org.eclipse.rse.efs.ui.nl_el" unpack="false" version="3.5.0.v20090620043401" download-size="1365" install-size="1365" />
	<plugin fragment="true" id="org.eclipse.rse.examples.daytime.nl_el" unpack="false" version="3.5.0.v20090620043401" download-size="1372" install-size="1372" />
	<plugin fragment="true" id="org.eclipse.rse.examples.tutorial.nl_el" unpack="false" version="3.5.0.v20090620043401" download-size="1724" install-size="1724" />
	<plugin fragment="true" id="org.eclipse.rse.files.ui.nl_el" unpack="false" version="3.5.0.v20090620043401" download-size="3615" install-size="3615" />
	<plugin fragment="true" id="org.eclipse.rse.importexport.nl_el" unpack="false" version="3.5.0.v20090620043401" download-size="4270" install-size="4270" />
	<plugin fragment="true" id="org.eclipse.rse.nl_el" unpack="false" version="3.5.0.v20090620043401" download-size="1359" install-size="1359" />
	<plugin fragment="true" id="org.eclipse.rse.processes.ui.nl_el" unpack="false" version="3.5.0.v20090620043401" download-size="3152" install-size="3152" />
	<plugin fragment="true" id="org.eclipse.rse.remotecdt.nl_el" unpack="false" version="3.5.0.v20090620043401" download-size="2352" install-size="2352" />
	<plugin fragment="true" id="org.eclipse.rse.sdk.nl_el" unpack="false" version="3.5.0.v20090620043401" download-size="1363" install-size="1363" />
	<plugin fragment="true" id="org.eclipse.rse.services.dstore.nl_el" unpack="false" version="3.5.0.v20090620043401" download-size="1586" install-size="1586" />
	<plugin fragment="true" id="org.eclipse.rse.services.files.ftp.nl_el" unpack="false" version="3.5.0.v20090620043401" download-size="2618" install-size="2618" />
	<plugin fragment="true" id="org.eclipse.rse.services.local.nl_el" unpack="false" version="3.5.0.v20090620043401" download-size="1370" install-size="1370" />
	<plugin fragment="true" id="org.eclipse.rse.services.nl_el" unpack="false" version="3.5.0.v20090620043401" download-size="3167" install-size="3167" />
	<plugin fragment="true" id="org.eclipse.rse.services.ssh.nl_el" unpack="false" version="3.5.0.v20090620043401" download-size="1369" install-size="1369" />
	<plugin fragment="true" id="org.eclipse.rse.services.telnet.nl_el" unpack="false" version="3.5.0.v20090620043401" download-size="1370" install-size="1370" />
	<plugin fragment="true" id="org.eclipse.rse.shells.ui.nl_el" unpack="false" version="3.5.0.v20090620043401" download-size="2739" install-size="2739" />
	<plugin fragment="true" id="org.eclipse.rse.subsystems.files.core.nl_el" unpack="false" version="3.5.0.v20090620043401" download-size="2914" install-size="2914" />
	<plugin fragment="true" id="org.eclipse.rse.subsystems.files.dstore.nl_el" unpack="false" version="3.5.0.v20090620043401" download-size="1406" install-size="1406" />
	<plugin fragment="true" id="org.eclipse.rse.subsystems.files.ftp.nl_el" unpack="false" version="3.5.0.v20090620043401" download-size="1419" install-size="1419" />
	<plugin fragment="true" id="org.eclipse.rse.subsystems.files.local.nl_el" unpack="false" version="3.5.0.v20090620043401" download-size="1376" install-size="1376" />
	<plugin fragment="true" id="org.eclipse.rse.subsystems.files.ssh.nl_el" unpack="false" version="3.5.0.v20090620043401" download-size="1374" install-size="1374" />
	<plugin fragment="true" id="org.eclipse.rse.subsystems.processes.core.nl_el" unpack="false" version="3.5.0.v20090620043401" download-size="1376" install-size="1376" />
	<plugin fragment="true" id="org.eclipse.rse.subsystems.processes.dstore.nl_el" unpack="false" version="3.5.0.v20090620043401" download-size="1377" install-size="1377" />
	<plugin fragment="true" id="org.eclipse.rse.subsystems.processes.local.nl_el" unpack="false" version="3.5.0.v20090620043401" download-size="1377" install-size="1377" />
	<plugin fragment="true" id="org.eclipse.rse.subsystems.processes.shell.linux.nl_el" unpack="false" version="3.5.0.v20090620043401" download-size="1381" install-size="1381" />
	<plugin fragment="true" id="org.eclipse.rse.subsystems.shells.core.nl_el" unpack="false" version="3.5.0.v20090620043401" download-size="1375" install-size="1375" />
	<plugin fragment="true" id="org.eclipse.rse.subsystems.shells.dstore.nl_el" unpack="false" version="3.5.0.v20090620043401" download-size="1376" install-size="1376" />
	<plugin fragment="true" id="org.eclipse.rse.subsystems.shells.local.nl_el" unpack="false" version="3.5.0.v20090620043401" download-size="1376" install-size="1376" />
	<plugin fragment="true" id="org.eclipse.rse.subsystems.shells.ssh.nl_el" unpack="false" version="3.5.0.v20090620043401" download-size="1375" install-size="1375" />
	<plugin fragment="true" id="org.eclipse.rse.subsystems.shells.telnet.nl_el" unpack="false" version="3.5.0.v20090620043401" download-size="1376" install-size="1376" />
	<plugin fragment="true" id="org.eclipse.rse.subsystems.terminals.core.nl_el" unpack="false" version="3.5.0.v20090620043401" download-size="1376" install-size="1376" />
	<plugin fragment="true" id="org.eclipse.rse.subsystems.terminals.ssh.nl_el" unpack="false" version="3.5.0.v20090620043401" download-size="1376" install-size="1376" />
	<plugin fragment="true" id="org.eclipse.rse.subsystems.wince.nl_el" unpack="false" version="3.5.0.v20090620043401" download-size="1390" install-size="1390" />
	<plugin fragment="true" id="org.eclipse.rse.terminals.ui.nl_el" unpack="false" version="3.5.0.v20090620043401" download-size="1412" install-size="1412" />
	<plugin fragment="true" id="org.eclipse.rse.tests.framework.nl_el" unpack="false" version="3.5.0.v20090620043401" download-size="1471" install-size="1471" />
	<plugin fragment="true" id="org.eclipse.rse.tests.nl_el" unpack="false" version="3.5.0.v20090620043401" download-size="2428" install-size="2428" />
	<plugin fragment="true" id="org.eclipse.rse.ui.nl_el" unpack="false" version="3.5.0.v20090620043401" download-size="6443" install-size="6443" />
	<plugin fragment="true" id="org.eclipse.rse.useractions.nl_el" unpack="false" version="3.5.0.v20090620043401" download-size="3656" install-size="3656" />
	<plugin fragment="true" id="org.eclipse.tm.discovery.doc.isv.nl_el" unpack="false" version="3.5.0.v20090620043401" download-size="1372" install-size="1372" />
	<plugin fragment="true" id="org.eclipse.tm.discovery.engine.nl_el" unpack="false" version="3.5.0.v20090620043401" download-size="1371" install-size="1371" />
	<plugin fragment="true" id="org.eclipse.tm.discovery.model.edit.nl_el" unpack="false" version="3.5.0.v20090620043401" download-size="1373" install-size="1373" />
	<plugin fragment="true" id="org.eclipse.tm.discovery.model.nl_el" unpack="false" version="3.5.0.v20090620043401" download-size="1371" install-size="1371" />
	<plugin fragment="true" id="org.eclipse.tm.discovery.protocol.dnssd.nl_el" unpack="false" version="3.5.0.v20090620043401" download-size="1376" install-size="1376" />
	<plugin fragment="true" id="org.eclipse.tm.discovery.transport.udp.nl_el" unpack="false" version="3.5.0.v20090620043401" download-size="1376" install-size="1376" />
	<plugin fragment="true" id="org.eclipse.tm.discovery.view.nl_el" unpack="false" version="3.5.0.v20090620043401" download-size="2557" install-size="2557" />
	<plugin fragment="true" id="org.eclipse.tm.discovery.wizard.nl_el" unpack="false" version="3.5.0.v20090620043401" download-size="2627" install-size="2627" />
	<plugin fragment="true" id="org.eclipse.tm.rapi.examples.nl_el" unpack="false" version="3.5.0.v20090620043401" download-size="1370" install-size="1370" />
	<plugin fragment="true" id="org.eclipse.tm.rapi.nl_el" unpack="false" version="3.5.0.v20090620043401" download-size="1363" install-size="1363" />
	<plugin fragment="true" id="org.eclipse.tm.rapi.tests.nl_el" unpack="false" version="3.5.0.v20090620043401" download-size="1367" install-size="1367" />
	<plugin fragment="true" id="org.eclipse.tm.terminal.nl_el" unpack="false" version="3.5.0.v20090620043401" download-size="2668" install-size="2668" />
	<plugin fragment="true" id="org.eclipse.tm.terminal.serial.nl_el" unpack="false" version="3.5.0.v20090620043401" download-size="2397" install-size="2397" />
	<plugin fragment="true" id="org.eclipse.tm.terminal.ssh.nl_el" unpack="false" version="3.5.0.v20090620043401" download-size="3066" install-size="3066" />
	<plugin fragment="true" id="org.eclipse.tm.terminal.telnet.nl_el" unpack="false" version="3.5.0.v20090620043401" download-size="2430" install-size="2430" />
	<plugin fragment="true" id="org.eclipse.tm.terminal.test.nl_el" unpack="false" version="3.5.0.v20090620043401" download-size="1369" install-size="1369" />
	<plugin fragment="true" id="org.eclipse.tm.terminal.view.nl_el" unpack="false" version="3.5.0.v20090620043401" download-size="2973" install-size="2973" />
	<plugin fragment="true" id="test.data.nl_el" unpack="false" version="3.5.0.v20090620043401" download-size="2870" install-size="2870" />
</feature>