<?xml version="1.0" encoding="UTF-8" ?>
<feature
	id="org.eclipse.babel.nls_modeling.m2m_en_AA"
	label="Babel Language Pack for modeling.m2m in Pseudo Translations (100%)"
	image="eclipse_update_120.jpg"
	provider-name="%providerName"
	version="3.5.0.v20090620043401">
	<copyright>
		%copyright
	</copyright>
	<license url="%licenseURL">
		%license
	</license>
	<description>Babel Language Pack for modeling.m2m in Pseudo Translations</description>
	<plugin fragment="true" id="org.eclipse.m2m.atl.adt.debug.nl_en_AA" unpack="false" version="3.5.0.v20090620043401" download-size="2752" install-size="2752" />
	<plugin fragment="true" id="org.eclipse.m2m.atl.adt.editor.nl_en_AA" unpack="false" version="3.5.0.v20090620043401" download-size="4610" install-size="4610" />
	<plugin fragment="true" id="org.eclipse.m2m.atl.adt.nl_en_AA" unpack="false" version="3.5.0.v20090620043401" download-size="2351" install-size="2351" />
	<plugin fragment="true" id="org.eclipse.m2m.atl.adt.ui.nl_en_AA" unpack="false" version="3.5.0.v20090620043401" download-size="3617" install-size="3617" />
	<plugin fragment="true" id="org.eclipse.m2m.atl.common.nl_en_AA" unpack="false" version="3.5.0.v20090620043401" download-size="1433" install-size="1433" />
	<plugin fragment="true" id="org.eclipse.m2m.atl.core.ant.nl_en_AA" unpack="false" version="3.5.0.v20090620043401" download-size="2876" install-size="2876" />
	<plugin fragment="true" id="org.eclipse.m2m.atl.core.emf.nl_en_AA" unpack="false" version="3.5.0.v20090620043401" download-size="2657" install-size="2657" />
	<plugin fragment="true" id="org.eclipse.m2m.atl.core.nl_en_AA" unpack="false" version="3.5.0.v20090620043401" download-size="1436" install-size="1436" />
	<plugin fragment="true" id="org.eclipse.m2m.atl.core.ui.nl_en_AA" unpack="false" version="3.5.0.v20090620043401" download-size="3380" install-size="3380" />
	<plugin fragment="true" id="org.eclipse.m2m.atl.core.ui.vm.nl_en_AA" unpack="false" version="3.5.0.v20090620043401" download-size="2679" install-size="2679" />
	<plugin fragment="true" id="org.eclipse.m2m.atl.doc.nl_en_AA" unpack="false" version="3.5.0.v20090620043401" download-size="1782" install-size="1782" />
	<plugin fragment="true" id="org.eclipse.m2m.atl.drivers.emf4atl.nl_en_AA" unpack="false" version="3.5.0.v20090620043401" download-size="1452" install-size="1452" />
	<plugin fragment="true" id="org.eclipse.m2m.atl.drivers.uml24atl.nl_en_AA" unpack="false" version="3.5.0.v20090620043401" download-size="1454" install-size="1454" />
	<plugin fragment="true" id="org.eclipse.m2m.atl.dsls.nl_en_AA" unpack="false" version="3.5.0.v20090620043401" download-size="2421" install-size="2421" />
	<plugin fragment="true" id="org.eclipse.m2m.atl.engine.emfvm.nl_en_AA" unpack="false" version="3.5.0.v20090620043401" download-size="3981" install-size="3981" />
	<plugin fragment="true" id="org.eclipse.m2m.atl.engine.nl_en_AA" unpack="false" version="3.5.0.v20090620043401" download-size="2399" install-size="2399" />
	<plugin fragment="true" id="org.eclipse.m2m.atl.engine.vm.nl_en_AA" unpack="false" version="3.5.0.v20090620043401" download-size="2630" install-size="2630" />
	<plugin fragment="true" id="org.eclipse.m2m.atl.examples.nl_en_AA" unpack="false" version="3.5.0.v20090620043401" download-size="1872" install-size="1872" />
	<plugin fragment="true" id="org.eclipse.m2m.atl.nl_en_AA" unpack="false" version="3.5.0.v20090620043401" download-size="1885" install-size="1885" />
	<plugin fragment="true" id="org.eclipse.m2m.atl.tests.nl_en_AA" unpack="false" version="3.5.0.v20090620043401" download-size="2074" install-size="2074" />
	<plugin fragment="true" id="org.eclipse.m2m.qvt.oml.common.nl_en_AA" unpack="false" version="3.5.0.v20090620043401" download-size="3188" install-size="3188" />
	<plugin fragment="true" id="org.eclipse.m2m.qvt.oml.common.ui.nl_en_AA" unpack="false" version="3.5.0.v20090620043401" download-size="6232" install-size="6232" />
	<plugin fragment="true" id="org.eclipse.m2m.qvt.oml.cst.parser.nl_en_AA" unpack="false" version="3.5.0.v20090620043401" download-size="3241" install-size="3241" />
	<plugin fragment="true" id="org.eclipse.m2m.qvt.oml.doc.nl_en_AA" unpack="false" version="3.5.0.v20090620043401" download-size="1846" install-size="1846" />
	<plugin fragment="true" id="org.eclipse.m2m.qvt.oml.ecore.imperativeocl.nl_en_AA" unpack="false" version="3.5.0.v20090620043401" download-size="1883" install-size="1883" />
	<plugin fragment="true" id="org.eclipse.m2m.qvt.oml.editor.ui.nl_en_AA" unpack="false" version="3.5.0.v20090620043401" download-size="6608" install-size="6608" />
	<plugin fragment="true" id="org.eclipse.m2m.qvt.oml.emf.util.nl_en_AA" unpack="false" version="3.5.0.v20090620043401" download-size="3532" install-size="3532" />
	<plugin fragment="true" id="org.eclipse.m2m.qvt.oml.emf.util.ui.nl_en_AA" unpack="false" version="3.5.0.v20090620043401" download-size="5112" install-size="5112" />
	<plugin fragment="true" id="org.eclipse.m2m.qvt.oml.examples.blackbox.nl_en_AA" unpack="false" version="3.5.0.v20090620043401" download-size="1463" install-size="1463" />
	<plugin fragment="true" id="org.eclipse.m2m.qvt.oml.examples.omg.nl_en_AA" unpack="false" version="3.5.0.v20090620043401" download-size="1455" install-size="1455" />
	<plugin fragment="true" id="org.eclipse.m2m.qvt.oml.nl_en_AA" unpack="false" version="3.5.0.v20090620043401" download-size="12188" install-size="12188" />
	<plugin fragment="true" id="org.eclipse.m2m.qvt.oml.ocl.nl_en_AA" unpack="false" version="3.5.0.v20090620043401" download-size="2940" install-size="2940" />
	<plugin fragment="true" id="org.eclipse.m2m.qvt.oml.project.nl_en_AA" unpack="false" version="3.5.0.v20090620043401" download-size="2709" install-size="2709" />
	<plugin fragment="true" id="org.eclipse.m2m.qvt.oml.runtime.nl_en_AA" unpack="false" version="3.5.0.v20090620043401" download-size="7125" install-size="7125" />
	<plugin fragment="true" id="org.eclipse.m2m.qvt.oml.runtime.ui.nl_en_AA" unpack="false" version="3.5.0.v20090620043401" download-size="6809" install-size="6809" />
	<plugin fragment="true" id="org.eclipse.m2m.qvt.oml.samples.nl_en_AA" unpack="false" version="3.5.0.v20090620043401" download-size="6832" install-size="6832" />
	<plugin fragment="true" id="org.eclipse.m2m.qvt.oml.trace.edit.nl_en_AA" unpack="false" version="3.5.0.v20090620043401" download-size="3651" install-size="3651" />
	<plugin fragment="true" id="org.eclipse.m2m.qvt.oml.ui.nl_en_AA" unpack="false" version="3.5.0.v20090620043401" download-size="5820" install-size="5820" />
	<plugin fragment="true" id="org.eclipse.m2m.tests.qvt.oml.nl_en_AA" unpack="false" version="3.5.0.v20090620043401" download-size="1457" install-size="1457" />
	<plugin fragment="true" id="org.eclipse.m2m.tests.qvt.oml.ui.nl_en_AA" unpack="false" version="3.5.0.v20090620043401" download-size="1454" install-size="1454" />
</feature>