<?xml version="1.0" encoding="UTF-8" ?>
<feature
	id="org.eclipse.babel.nls_webtools.jsf_da"
	label="Babel Language Pack for webtools.jsf in Danish (29.98%)"
	image="eclipse_update_120.jpg"
	provider-name="%providerName"
	version="3.5.0.v20090620043401">
	<copyright>
		%copyright
	</copyright>
	<license url="%licenseURL">
		%license
	</license>
	<description>Babel Language Pack for webtools.jsf in Danish</description>
	<plugin fragment="true" id="org.eclipse.jst.jsf.apache.trinidad.tagsupport.nl_da" unpack="false" version="3.5.0.v20090620043401" download-size="3039" install-size="3039" />
	<plugin fragment="true" id="org.eclipse.jst.jsf.common.nl_da" unpack="false" version="3.5.0.v20090620043401" download-size="2748" install-size="2748" />
	<plugin fragment="true" id="org.eclipse.jst.jsf.common.runtime.nl_da" unpack="false" version="3.5.0.v20090620043401" download-size="1377" install-size="1377" />
	<plugin fragment="true" id="org.eclipse.jst.jsf.common.ui.nl_da" unpack="false" version="3.5.0.v20090620043401" download-size="4775" install-size="4775" />
	<plugin fragment="true" id="org.eclipse.jst.jsf.core.nl_da" unpack="false" version="3.5.0.v20090620043401" download-size="6439" install-size="6439" />
	<plugin fragment="true" id="org.eclipse.jst.jsf.facesconfig.nl_da" unpack="false" version="3.5.0.v20090620043401" download-size="5173" install-size="5173" />
	<plugin fragment="true" id="org.eclipse.jst.jsf.facesconfig.ui.nl_da" unpack="false" version="3.5.0.v20090620043401" download-size="6935" install-size="6935" />
	<plugin fragment="true" id="org.eclipse.jst.jsf.standard.tagsupport.nl_da" unpack="false" version="3.5.0.v20090620043401" download-size="2713" install-size="2713" />
	<plugin fragment="true" id="org.eclipse.jst.jsf.ui.nl_da" unpack="false" version="3.5.0.v20090620043401" download-size="4347" install-size="4347" />
	<plugin fragment="true" id="org.eclipse.jst.pagedesigner.jsf.ui.nl_da" unpack="false" version="3.5.0.v20090620043401" download-size="4948" install-size="4948" />
	<plugin fragment="true" id="org.eclipse.jst.pagedesigner.jsp.core.nl_da" unpack="false" version="3.5.0.v20090620043401" download-size="1376" install-size="1376" />
	<plugin fragment="true" id="org.eclipse.jst.pagedesigner.nl_da" unpack="false" version="3.5.0.v20090620043401" download-size="10248" install-size="10248" />
</feature>