<?xml version="1.0" encoding="UTF-8" ?>
<feature
	id="org.eclipse.babel.nls_modeling.mdt_pt_BR"
	label="Babel Language Pack for modeling.mdt in Portuguese (Brazilian) (27.65%)"
	image="eclipse_update_120.jpg"
	provider-name="%providerName"
	version="3.5.0.v20090620043401">
	<copyright>
		%copyright
	</copyright>
	<license url="%licenseURL">
		%license
	</license>
	<description>Babel Language Pack for modeling.mdt in Portuguese (Brazilian)</description>
	<plugin fragment="true" id="org.eclipse.emf.examples.library.edit.nl_pt_BR" unpack="false" version="3.5.0.v20090620043401" download-size="1792" install-size="1792" />
	<plugin fragment="true" id="org.eclipse.emf.examples.library.editor.nl_pt_BR" unpack="false" version="3.5.0.v20090620043401" download-size="2026" install-size="2026" />
	<plugin fragment="true" id="org.eclipse.emf.examples.library.nl_pt_BR" unpack="false" version="3.5.0.v20090620043401" download-size="1394" install-size="1394" />
	<plugin fragment="true" id="org.eclipse.emf.ocl.doc.nl_pt_BR" unpack="false" version="3.5.0.v20090620043401" download-size="1388" install-size="1388" />
	<plugin fragment="true" id="org.eclipse.emf.ocl.examples.interpreter.nl_pt_BR" unpack="false" version="3.5.0.v20090620043401" download-size="2876" install-size="2876" />
	<plugin fragment="true" id="org.eclipse.emf.ocl.examples.nl_pt_BR" unpack="false" version="3.5.0.v20090620043401" download-size="1395" install-size="1395" />
	<plugin fragment="true" id="org.eclipse.emf.ocl.nl_pt_BR" unpack="false" version="3.5.0.v20090620043401" download-size="1390" install-size="1390" />
	<plugin fragment="true" id="org.eclipse.emf.ocl.tests.nl_pt_BR" unpack="false" version="3.5.0.v20090620043401" download-size="1394" install-size="1394" />
	<plugin fragment="true" id="org.eclipse.ocl.doc.nl_pt_BR" unpack="false" version="3.5.0.v20090620043401" download-size="1385" install-size="1385" />
	<plugin fragment="true" id="org.eclipse.ocl.ecore.nl_pt_BR" unpack="false" version="3.5.0.v20090620043401" download-size="1390" install-size="1390" />
	<plugin fragment="true" id="org.eclipse.ocl.ecore.tests.nl_pt_BR" unpack="false" version="3.5.0.v20090620043401" download-size="1394" install-size="1394" />
	<plugin fragment="true" id="org.eclipse.ocl.nl_pt_BR" unpack="false" version="3.5.0.v20090620043401" download-size="2527" install-size="2527" />
	<plugin fragment="true" id="org.eclipse.ocl.uml.nl_pt_BR" unpack="false" version="3.5.0.v20090620043401" download-size="1389" install-size="1389" />
	<plugin fragment="true" id="org.eclipse.ocl.uml.tests.nl_pt_BR" unpack="false" version="3.5.0.v20090620043401" download-size="1393" install-size="1393" />
	<plugin fragment="true" id="org.eclipse.uml2.codegen.ecore.nl_pt_BR" unpack="false" version="3.5.0.v20090620043401" download-size="1392" install-size="1392" />
	<plugin fragment="true" id="org.eclipse.uml2.codegen.ecore.ui.nl_pt_BR" unpack="false" version="3.5.0.v20090620043401" download-size="1557" install-size="1557" />
	<plugin fragment="true" id="org.eclipse.uml2.common.edit.nl_pt_BR" unpack="false" version="3.5.0.v20090620043401" download-size="1391" install-size="1391" />
	<plugin fragment="true" id="org.eclipse.uml2.common.nl_pt_BR" unpack="false" version="3.5.0.v20090620043401" download-size="1388" install-size="1388" />
	<plugin fragment="true" id="org.eclipse.uml2.diagram.activity.nl_pt_BR" unpack="false" version="3.5.0.v20090620043401" download-size="2558" install-size="2558" />
	<plugin fragment="true" id="org.eclipse.uml2.diagram.clazz.nl_pt_BR" unpack="false" version="3.5.0.v20090620043401" download-size="3790" install-size="3790" />
	<plugin fragment="true" id="org.eclipse.uml2.diagram.clazz.tests.nl_pt_BR" unpack="false" version="3.5.0.v20090620043401" download-size="1396" install-size="1396" />
	<plugin fragment="true" id="org.eclipse.uml2.diagram.codegen.edit.nl_pt_BR" unpack="false" version="3.5.0.v20090620043401" download-size="1736" install-size="1736" />
	<plugin fragment="true" id="org.eclipse.uml2.diagram.codegen.nl_pt_BR" unpack="false" version="3.5.0.v20090620043401" download-size="1393" install-size="1393" />
	<plugin fragment="true" id="org.eclipse.uml2.diagram.common.nl_pt_BR" unpack="false" version="3.5.0.v20090620043401" download-size="2057" install-size="2057" />
	<plugin fragment="true" id="org.eclipse.uml2.diagram.common.notation.nl_pt_BR" unpack="false" version="3.5.0.v20090620043401" download-size="1401" install-size="1401" />
	<plugin fragment="true" id="org.eclipse.uml2.diagram.common.tests.nl_pt_BR" unpack="false" version="3.5.0.v20090620043401" download-size="1396" install-size="1396" />
	<plugin fragment="true" id="org.eclipse.uml2.diagram.component.nl_pt_BR" unpack="false" version="3.5.0.v20090620043401" download-size="3038" install-size="3038" />
	<plugin fragment="true" id="org.eclipse.uml2.diagram.csd.nl_pt_BR" unpack="false" version="3.5.0.v20090620043401" download-size="2991" install-size="2991" />
	<plugin fragment="true" id="org.eclipse.uml2.diagram.def.nl_pt_BR" unpack="false" version="3.5.0.v20090620043401" download-size="1391" install-size="1391" />
	<plugin fragment="true" id="org.eclipse.uml2.diagram.deploy.nl_pt_BR" unpack="false" version="3.5.0.v20090620043401" download-size="2718" install-size="2718" />
	<plugin fragment="true" id="org.eclipse.uml2.diagram.examples.activity.nl_pt_BR" unpack="false" version="3.5.0.v20090620043401" download-size="1404" install-size="1404" />
	<plugin fragment="true" id="org.eclipse.uml2.diagram.examples.clazz.nl_pt_BR" unpack="false" version="3.5.0.v20090620043401" download-size="1402" install-size="1402" />
	<plugin fragment="true" id="org.eclipse.uml2.diagram.examples.profile.nl_pt_BR" unpack="false" version="3.5.0.v20090620043401" download-size="1403" install-size="1403" />
	<plugin fragment="true" id="org.eclipse.uml2.diagram.examples.statemachine.nl_pt_BR" unpack="false" version="3.5.0.v20090620043401" download-size="1407" install-size="1407" />
	<plugin fragment="true" id="org.eclipse.uml2.diagram.nl_pt_BR" unpack="false" version="3.5.0.v20090620043401" download-size="1388" install-size="1388" />
	<plugin fragment="true" id="org.eclipse.uml2.diagram.parser.nl_pt_BR" unpack="false" version="3.5.0.v20090620043401" download-size="1392" install-size="1392" />
	<plugin fragment="true" id="org.eclipse.uml2.diagram.profile.nl_pt_BR" unpack="false" version="3.5.0.v20090620043401" download-size="2962" install-size="2962" />
	<plugin fragment="true" id="org.eclipse.uml2.diagram.profile.tests.nl_pt_BR" unpack="false" version="3.5.0.v20090620043401" download-size="1401" install-size="1401" />
	<plugin fragment="true" id="org.eclipse.uml2.diagram.sequence.model.nl_pt_BR" unpack="false" version="3.5.0.v20090620043401" download-size="1399" install-size="1399" />
	<plugin fragment="true" id="org.eclipse.uml2.diagram.sequence.nl_pt_BR" unpack="false" version="3.5.0.v20090620043401" download-size="2228" install-size="2228" />
	<plugin fragment="true" id="org.eclipse.uml2.diagram.sequence.tests.nl_pt_BR" unpack="false" version="3.5.0.v20090620043401" download-size="1399" install-size="1399" />
	<plugin fragment="true" id="org.eclipse.uml2.diagram.statemachine.nl_pt_BR" unpack="false" version="3.5.0.v20090620043401" download-size="2307" install-size="2307" />
	<plugin fragment="true" id="org.eclipse.uml2.diagram.statemachine.tests.nl_pt_BR" unpack="false" version="3.5.0.v20090620043401" download-size="1404" install-size="1404" />
	<plugin fragment="true" id="org.eclipse.uml2.diagram.usecase.nl_pt_BR" unpack="false" version="3.5.0.v20090620043401" download-size="2736" install-size="2736" />
	<plugin fragment="true" id="org.eclipse.uml2.doc.nl_pt_BR" unpack="false" version="3.5.0.v20090620043401" download-size="1755" install-size="1755" />
	<plugin fragment="true" id="org.eclipse.uml2.examples.nl_pt_BR" unpack="false" version="3.5.0.v20090620043401" download-size="1389" install-size="1389" />
	<plugin fragment="true" id="org.eclipse.uml2.examples.uml.ui.nl_pt_BR" unpack="false" version="3.5.0.v20090620043401" download-size="1462" install-size="1462" />
	<plugin fragment="true" id="org.eclipse.uml2.nl_pt_BR" unpack="false" version="3.5.0.v20090620043401" download-size="1383" install-size="1383" />
	<plugin fragment="true" id="org.eclipse.uml2.tests.nl_pt_BR" unpack="false" version="3.5.0.v20090620043401" download-size="1387" install-size="1387" />
	<plugin fragment="true" id="org.eclipse.uml2.uml.ecore.importer.nl_pt_BR" unpack="false" version="3.5.0.v20090620043401" download-size="1392" install-size="1392" />
	<plugin fragment="true" id="org.eclipse.uml2.uml.edit.nl_pt_BR" unpack="false" version="3.5.0.v20090620043401" download-size="4246" install-size="4246" />
	<plugin fragment="true" id="org.eclipse.uml2.uml.editor.nl_pt_BR" unpack="false" version="3.5.0.v20090620043401" download-size="2050" install-size="2050" />
	<plugin fragment="true" id="org.eclipse.uml2.uml.nl_pt_BR" unpack="false" version="3.5.0.v20090620043401" download-size="1484" install-size="1484" />
	<plugin fragment="true" id="org.eclipse.uml2.uml.resources.nl_pt_BR" unpack="false" version="3.5.0.v20090620043401" download-size="9418" install-size="9418" />
	<plugin fragment="true" id="org.eclipse.uml2.uml.tests.nl_pt_BR" unpack="false" version="3.5.0.v20090620043401" download-size="1389" install-size="1389" />
	<plugin fragment="true" id="org.eclipse.uml2tools.doc.nl_pt_BR" unpack="false" version="3.5.0.v20090620043401" download-size="1389" install-size="1389" />
	<plugin fragment="true" id="org.eclipse.uml2tools.nl_pt_BR" unpack="false" version="3.5.0.v20090620043401" download-size="1386" install-size="1386" />
</feature>