<?xml version="1.0" encoding="UTF-8" ?>
<feature
	id="org.eclipse.babel.nls_stp.sca_ro"
	label="Babel Language Pack for stp.sca in Romanian (2.72%)"
	image="eclipse_update_120.jpg"
	provider-name="%providerName"
	version="3.5.0.v20090620043401">
	<copyright>
		%copyright
	</copyright>
	<license url="%licenseURL">
		%license
	</license>
	<description>Babel Language Pack for stp.sca in Romanian</description>
	<plugin fragment="true" id="org.eclipse.stp.sca.common.jdt.nl_ro" unpack="false" version="3.5.0.v20090620043401" download-size="1354" install-size="1354" />
	<plugin fragment="true" id="org.eclipse.stp.sca.common.nl_ro" unpack="false" version="3.5.0.v20090620043401" download-size="1352" install-size="1352" />
	<plugin fragment="true" id="org.eclipse.stp.sca.diagram.extension.generator.ui.nl_ro" unpack="false" version="3.5.0.v20090620043401" download-size="2811" install-size="2811" />
	<plugin fragment="true" id="org.eclipse.stp.sca.diagram.frascati.nl_ro" unpack="false" version="3.5.0.v20090620043401" download-size="1376" install-size="1376" />
	<plugin fragment="true" id="org.eclipse.stp.sca.diagram.jdt.nl_ro" unpack="false" version="3.5.0.v20090620043401" download-size="1356" install-size="1356" />
	<plugin fragment="true" id="org.eclipse.stp.sca.diagram.nl_ro" unpack="false" version="3.5.0.v20090620043401" download-size="1623" install-size="1623" />
	<plugin fragment="true" id="org.eclipse.stp.sca.diagram.tuscany.nl_ro" unpack="false" version="3.5.0.v20090620043401" download-size="1358" install-size="1358" />
	<plugin fragment="true" id="org.eclipse.stp.sca.domainmodel.frascati.edit.nl_ro" unpack="false" version="3.5.0.v20090620043401" download-size="1405" install-size="1405" />
	<plugin fragment="true" id="org.eclipse.stp.sca.domainmodel.tuscany.edit.nl_ro" unpack="false" version="3.5.0.v20090620043401" download-size="1427" install-size="1427" />
	<plugin fragment="true" id="org.eclipse.stp.sca.edit.nl_ro" unpack="false" version="3.5.0.v20090620043401" download-size="1662" install-size="1662" />
	<plugin fragment="true" id="org.eclipse.stp.sca.editor.nl_ro" unpack="false" version="3.5.0.v20090620043401" download-size="2226" install-size="2226" />
	<plugin fragment="true" id="org.eclipse.stp.sca.formeditor.nl_ro" unpack="false" version="3.5.0.v20090620043401" download-size="2289" install-size="2289" />
	<plugin fragment="true" id="org.eclipse.stp.sca.implementation.java.nl_ro" unpack="false" version="3.5.0.v20090620043401" download-size="1360" install-size="1360" />
	<plugin fragment="true" id="org.eclipse.stp.sca.implementation.sca.nl_ro" unpack="false" version="3.5.0.v20090620043401" download-size="1359" install-size="1359" />
	<plugin fragment="true" id="org.eclipse.stp.sca.interfacee.java.nl_ro" unpack="false" version="3.5.0.v20090620043401" download-size="1358" install-size="1358" />
	<plugin fragment="true" id="org.eclipse.stp.sca.nl_ro" unpack="false" version="3.5.0.v20090620043401" download-size="1348" install-size="1348" />
	<plugin fragment="true" id="org.eclipse.stp.sca.ontology.view.jena2.nl_ro" unpack="false" version="3.5.0.v20090620043401" download-size="2524" install-size="2524" />
	<plugin fragment="true" id="org.eclipse.stp.sca.ontology.view.nl_ro" unpack="false" version="3.5.0.v20090620043401" download-size="2341" install-size="2341" />
	<plugin fragment="true" id="org.eclipse.stp.sca.semantic.sawsdl.properties.nl_ro" unpack="false" version="3.5.0.v20090620043401" download-size="1368" install-size="1368" />
	<plugin fragment="true" id="org.eclipse.stp.sca.validation.frascati.nl_ro" unpack="false" version="3.5.0.v20090620043401" download-size="1361" install-size="1361" />
	<plugin fragment="true" id="org.eclipse.stp.sca.validation.nl_ro" unpack="false" version="3.5.0.v20090620043401" download-size="1355" install-size="1355" />
	<plugin fragment="true" id="org.eclipse.stp.sca.xmleditor.nl_ro" unpack="false" version="3.5.0.v20090620043401" download-size="2237" install-size="2237" />
</feature>