<?xml version="1.0" encoding="UTF-8" ?>
<feature
	id="org.eclipse.babel.nls_technology.actf_el"
	label="Babel Language Pack for technology.actf in Greek (6.85%)"
	image="eclipse_update_120.jpg"
	provider-name="%providerName"
	version="3.5.0.v20090620043401">
	<copyright>
		%copyright
	</copyright>
	<license url="%licenseURL">
		%license
	</license>
	<description>Babel Language Pack for technology.actf in Greek</description>
	<plugin fragment="true" id="org.eclipse.actf.core.nl_el" unpack="false" version="3.5.0.v20090620043401" download-size="1603" install-size="1603" />
	<plugin fragment="true" id="org.eclipse.actf.model.flash.proxy.nl_el" unpack="false" version="3.5.0.v20090620043401" download-size="1958" install-size="1958" />
	<plugin fragment="true" id="org.eclipse.actf.model.ui.nl_el" unpack="false" version="3.5.0.v20090620043401" download-size="1596" install-size="1596" />
	<plugin fragment="true" id="org.eclipse.actf.ui.nl_el" unpack="false" version="3.5.0.v20090620043401" download-size="2028" install-size="2028" />
	<plugin fragment="true" id="org.eclipse.actf.util.vocab.nl_el" unpack="false" version="3.5.0.v20090620043401" download-size="1398" install-size="1398" />
	<plugin fragment="true" id="org.eclipse.actf.visualization.doc.isv.nl_el" unpack="false" version="3.5.0.v20090620043401" download-size="1377" install-size="1377" />
	<plugin fragment="true" id="org.eclipse.actf.visualization.engines.blind.html.nl_el" unpack="false" version="3.5.0.v20090620043401" download-size="1442" install-size="1442" />
	<plugin fragment="true" id="org.eclipse.actf.visualization.engines.blind.nl_el" unpack="false" version="3.5.0.v20090620043401" download-size="1737" install-size="1737" />
	<plugin fragment="true" id="org.eclipse.actf.visualization.eval.nl_el" unpack="false" version="3.5.0.v20090620043401" download-size="2025" install-size="2025" />
	<plugin fragment="true" id="org.eclipse.actf.visualization.gui.nl_el" unpack="false" version="3.5.0.v20090620043401" download-size="2032" install-size="2032" />
	<plugin fragment="true" id="org.eclipse.actf.visualization.presentation.nl_el" unpack="false" version="3.5.0.v20090620043401" download-size="1411" install-size="1411" />
	<plugin fragment="true" id="org.eclipse.actf.visualization.ui.report.nl_el" unpack="false" version="3.5.0.v20090620043401" download-size="1492" install-size="1492" />
</feature>