<?xml version="1.0" encoding="UTF-8" ?>
<feature
	id="org.eclipse.babel.nls_tools.mylyn_ko"
	label="Babel Language Pack for tools.mylyn in Korean (16.97%)"
	image="eclipse_update_120.jpg"
	provider-name="%providerName"
	version="3.5.0.v20090620043401">
	<copyright>
		%copyright
	</copyright>
	<license url="%licenseURL">
		%license
	</license>
	<description>Babel Language Pack for tools.mylyn in Korean</description>
	<plugin fragment="true" id="org.eclipse.mylyn.bugzilla.core.nl_ko" unpack="false" version="3.5.0.v20090620043401" download-size="2632" install-size="2632" />
	<plugin fragment="true" id="org.eclipse.mylyn.bugzilla.ide.nl_ko" unpack="false" version="3.5.0.v20090620043401" download-size="1355" install-size="1355" />
	<plugin fragment="true" id="org.eclipse.mylyn.bugzilla.ui.nl_ko" unpack="false" version="3.5.0.v20090620043401" download-size="3754" install-size="3754" />
	<plugin fragment="true" id="org.eclipse.mylyn.commons.core.nl_ko" unpack="false" version="3.5.0.v20090620043401" download-size="1353" install-size="1353" />
	<plugin fragment="true" id="org.eclipse.mylyn.commons.net.nl_ko" unpack="false" version="3.5.0.v20090620043401" download-size="2597" install-size="2597" />
	<plugin fragment="true" id="org.eclipse.mylyn.commons.soap.nl_ko" unpack="false" version="3.5.0.v20090620043401" download-size="1354" install-size="1354" />
	<plugin fragment="true" id="org.eclipse.mylyn.commons.ui.nl_ko" unpack="false" version="3.5.0.v20090620043401" download-size="2641" install-size="2641" />
	<plugin fragment="true" id="org.eclipse.mylyn.compatibility.nl_ko" unpack="false" version="3.5.0.v20090620043401" download-size="1355" install-size="1355" />
	<plugin fragment="true" id="org.eclipse.mylyn.context.core.nl_ko" unpack="false" version="3.5.0.v20090620043401" download-size="1353" install-size="1353" />
	<plugin fragment="true" id="org.eclipse.mylyn.context.ui.nl_ko" unpack="false" version="3.5.0.v20090620043401" download-size="4653" install-size="4653" />
	<plugin fragment="true" id="org.eclipse.mylyn.discovery.core.nl_ko" unpack="false" version="3.5.0.v20090620043401" download-size="2664" install-size="2664" />
	<plugin fragment="true" id="org.eclipse.mylyn.discovery.ui.nl_ko" unpack="false" version="3.5.0.v20090620043401" download-size="2697" install-size="2697" />
	<plugin fragment="true" id="org.eclipse.mylyn.help.ui.nl_ko" unpack="false" version="3.5.0.v20090620043401" download-size="1386" install-size="1386" />
	<plugin fragment="true" id="org.eclipse.mylyn.ide.ant.nl_ko" unpack="false" version="3.5.0.v20090620043401" download-size="1351" install-size="1351" />
	<plugin fragment="true" id="org.eclipse.mylyn.ide.capabilities.nl_ko" unpack="false" version="3.5.0.v20090620043401" download-size="1374" install-size="1374" />
	<plugin fragment="true" id="org.eclipse.mylyn.ide.ui.nl_ko" unpack="false" version="3.5.0.v20090620043401" download-size="1350" install-size="1350" />
	<plugin fragment="true" id="org.eclipse.mylyn.java.tasks.nl_ko" unpack="false" version="3.5.0.v20090620043401" download-size="2431" install-size="2431" />
	<plugin fragment="true" id="org.eclipse.mylyn.java.ui.nl_ko" unpack="false" version="3.5.0.v20090620043401" download-size="1427" install-size="1427" />
	<plugin fragment="true" id="org.eclipse.mylyn.jira.core.nl_ko" unpack="false" version="3.5.0.v20090620043401" download-size="3082" install-size="3082" />
	<plugin fragment="true" id="org.eclipse.mylyn.jira.ui.nl_ko" unpack="false" version="3.5.0.v20090620043401" download-size="3614" install-size="3614" />
	<plugin fragment="true" id="org.eclipse.mylyn.monitor.core.nl_ko" unpack="false" version="3.5.0.v20090620043401" download-size="2667" install-size="2667" />
	<plugin fragment="true" id="org.eclipse.mylyn.monitor.ui.nl_ko" unpack="false" version="3.5.0.v20090620043401" download-size="1352" install-size="1352" />
	<plugin fragment="true" id="org.eclipse.mylyn.nl_ko" unpack="false" version="3.5.0.v20090620043401" download-size="1346" install-size="1346" />
	<plugin fragment="true" id="org.eclipse.mylyn.pde.ui.nl_ko" unpack="false" version="3.5.0.v20090620043401" download-size="1350" install-size="1350" />
	<plugin fragment="true" id="org.eclipse.mylyn.resources.ui.nl_ko" unpack="false" version="3.5.0.v20090620043401" download-size="2684" install-size="2684" />
	<plugin fragment="true" id="org.eclipse.mylyn.tasks.bugs.nl_ko" unpack="false" version="3.5.0.v20090620043401" download-size="3403" install-size="3403" />
	<plugin fragment="true" id="org.eclipse.mylyn.tasks.core.nl_ko" unpack="false" version="3.5.0.v20090620043401" download-size="3553" install-size="3553" />
	<plugin fragment="true" id="org.eclipse.mylyn.tasks.ui.nl_ko" unpack="false" version="3.5.0.v20090620043401" download-size="12454" install-size="12454" />
	<plugin fragment="true" id="org.eclipse.mylyn.team.cvs.nl_ko" unpack="false" version="3.5.0.v20090620043401" download-size="1352" install-size="1352" />
	<plugin fragment="true" id="org.eclipse.mylyn.team.ui.nl_ko" unpack="false" version="3.5.0.v20090620043401" download-size="3667" install-size="3667" />
	<plugin fragment="true" id="org.eclipse.mylyn.trac.core.nl_ko" unpack="false" version="3.5.0.v20090620043401" download-size="3064" install-size="3064" />
	<plugin fragment="true" id="org.eclipse.mylyn.trac.ui.nl_ko" unpack="false" version="3.5.0.v20090620043401" download-size="3184" install-size="3184" />
	<plugin fragment="true" id="org.eclipse.mylyn.wikitext.confluence.core.nl_ko" unpack="false" version="3.5.0.v20090620043401" download-size="1362" install-size="1362" />
	<plugin fragment="true" id="org.eclipse.mylyn.wikitext.confluence.ui.nl_ko" unpack="false" version="3.5.0.v20090620043401" download-size="1410" install-size="1410" />
	<plugin fragment="true" id="org.eclipse.mylyn.wikitext.core.nl_ko" unpack="false" version="3.5.0.v20090620043401" download-size="4459" install-size="4459" />
	<plugin fragment="true" id="org.eclipse.mylyn.wikitext.help.sdk.nl_ko" unpack="false" version="3.5.0.v20090620043401" download-size="1379" install-size="1379" />
	<plugin fragment="true" id="org.eclipse.mylyn.wikitext.help.ui.nl_ko" unpack="false" version="3.5.0.v20090620043401" download-size="1378" install-size="1378" />
	<plugin fragment="true" id="org.eclipse.mylyn.wikitext.mediawiki.core.nl_ko" unpack="false" version="3.5.0.v20090620043401" download-size="1382" install-size="1382" />
	<plugin fragment="true" id="org.eclipse.mylyn.wikitext.mediawiki.ui.nl_ko" unpack="false" version="3.5.0.v20090620043401" download-size="1430" install-size="1430" />
	<plugin fragment="true" id="org.eclipse.mylyn.wikitext.tasks.ui.nl_ko" unpack="false" version="3.5.0.v20090620043401" download-size="2852" install-size="2852" />
	<plugin fragment="true" id="org.eclipse.mylyn.wikitext.tests.nl_ko" unpack="false" version="3.5.0.v20090620043401" download-size="1356" install-size="1356" />
	<plugin fragment="true" id="org.eclipse.mylyn.wikitext.textile.core.nl_ko" unpack="false" version="3.5.0.v20090620043401" download-size="1359" install-size="1359" />
	<plugin fragment="true" id="org.eclipse.mylyn.wikitext.textile.ui.nl_ko" unpack="false" version="3.5.0.v20090620043401" download-size="1431" install-size="1431" />
	<plugin fragment="true" id="org.eclipse.mylyn.wikitext.tracwiki.core.nl_ko" unpack="false" version="3.5.0.v20090620043401" download-size="1361" install-size="1361" />
	<plugin fragment="true" id="org.eclipse.mylyn.wikitext.tracwiki.ui.nl_ko" unpack="false" version="3.5.0.v20090620043401" download-size="1395" install-size="1395" />
	<plugin fragment="true" id="org.eclipse.mylyn.wikitext.twiki.core.nl_ko" unpack="false" version="3.5.0.v20090620043401" download-size="1358" install-size="1358" />
	<plugin fragment="true" id="org.eclipse.mylyn.wikitext.twiki.ui.nl_ko" unpack="false" version="3.5.0.v20090620043401" download-size="1408" install-size="1408" />
	<plugin fragment="true" id="org.eclipse.mylyn.wikitext.ui.nl_ko" unpack="false" version="3.5.0.v20090620043401" download-size="7366" install-size="7366" />
	<plugin fragment="true" id="org.eclipse.mylyn.xplanner.core.nl_ko" unpack="false" version="3.5.0.v20090620043401" download-size="2436" install-size="2436" />
	<plugin fragment="true" id="org.eclipse.mylyn.xplanner.ui.nl_ko" unpack="false" version="3.5.0.v20090620043401" download-size="3772" install-size="3772" />
</feature>