<?xml version="1.0" encoding="UTF-8" ?>
<feature
	id="org.eclipse.babel.nls_dsdp.mtj_da"
	label="Babel Language Pack for dsdp.mtj in Danish (5.86%)"
	image="eclipse_update_120.jpg"
	provider-name="%providerName"
	version="3.5.0.v20090620043401">
	<copyright>
		%copyright
	</copyright>
	<license url="%licenseURL">
		%license
	</license>
	<description>Babel Language Pack for dsdp.mtj in Danish</description>
	<plugin fragment="true" id="org.eclipse.mtj.core.nl_da" unpack="false" version="3.5.0.v20090620043401" download-size="2159" install-size="2159" />
	<plugin fragment="true" id="org.eclipse.mtj.eswt.templates.nl_da" unpack="false" version="3.5.0.v20090620043401" download-size="2169" install-size="2169" />
	<plugin fragment="true" id="org.eclipse.mtj.jmunit.nl_da" unpack="false" version="3.5.0.v20090620043401" download-size="2265" install-size="2265" />
	<plugin fragment="true" id="org.eclipse.mtj.pulsar.ui.nl_da" unpack="false" version="3.5.0.v20090620043401" download-size="2369" install-size="2369" />
	<plugin fragment="true" id="org.eclipse.mtj.ui.nl_da" unpack="false" version="3.5.0.v20090620043401" download-size="4983" install-size="4983" />
</feature>