<?xml version="1.0" encoding="UTF-8" ?>
<feature
	id="org.eclipse.babel.nls_datatools_et"
	label="Babel Language Pack for datatools in Estonian (2.55%)"
	image="eclipse_update_120.jpg"
	provider-name="%providerName"
	version="3.5.0.v20090620043401">
	<copyright>
		%copyright
	</copyright>
	<license url="%licenseURL">
		%license
	</license>
	<description>Babel Language Pack for datatools in Estonian</description>
	<plugin fragment="true" id="org.eclipse.datatools.connectivity.apache.derby.dbdefinition.nl_et" unpack="false" version="3.5.0.v20090620043401" download-size="1377" install-size="1377" />
	<plugin fragment="true" id="org.eclipse.datatools.connectivity.apache.derby.nl_et" unpack="false" version="3.5.0.v20090620043401" download-size="1366" install-size="1366" />
	<plugin fragment="true" id="org.eclipse.datatools.connectivity.apache.derby.ui.nl_et" unpack="false" version="3.5.0.v20090620043401" download-size="3416" install-size="3416" />
	<plugin fragment="true" id="org.eclipse.datatools.connectivity.db.generic.nl_et" unpack="false" version="3.5.0.v20090620043401" download-size="2473" install-size="2473" />
	<plugin fragment="true" id="org.eclipse.datatools.connectivity.db.generic.ui.nl_et" unpack="false" version="3.5.0.v20090620043401" download-size="1366" install-size="1366" />
	<plugin fragment="true" id="org.eclipse.datatools.connectivity.dbdefinition.genericJDBC.nl_et" unpack="false" version="3.5.0.v20090620043401" download-size="1377" install-size="1377" />
	<plugin fragment="true" id="org.eclipse.datatools.connectivity.nl_et" unpack="false" version="3.5.0.v20090620043401" download-size="2327" install-size="2327" />
	<plugin fragment="true" id="org.eclipse.datatools.connectivity.oda.design.nl_et" unpack="false" version="3.5.0.v20090620043401" download-size="1362" install-size="1362" />
	<plugin fragment="true" id="org.eclipse.datatools.connectivity.oda.design.ui.nl_et" unpack="false" version="3.5.0.v20090620043401" download-size="2831" install-size="2831" />
	<plugin fragment="true" id="org.eclipse.datatools.connectivity.oda.flatfile.ui.nl_et" unpack="false" version="3.5.0.v20090620043401" download-size="2649" install-size="2649" />
	<plugin fragment="true" id="org.eclipse.datatools.connectivity.sqm.core.nl_et" unpack="false" version="3.5.0.v20090620043401" download-size="1362" install-size="1362" />
	<plugin fragment="true" id="org.eclipse.datatools.connectivity.sqm.core.ui.nl_et" unpack="false" version="3.5.0.v20090620043401" download-size="1407" install-size="1407" />
	<plugin fragment="true" id="org.eclipse.datatools.connectivity.sqm.server.ui.nl_et" unpack="false" version="3.5.0.v20090620043401" download-size="1386" install-size="1386" />
	<plugin fragment="true" id="org.eclipse.datatools.connectivity.ui.dse.nl_et" unpack="false" version="3.5.0.v20090620043401" download-size="1383" install-size="1383" />
	<plugin fragment="true" id="org.eclipse.datatools.connectivity.ui.nl_et" unpack="false" version="3.5.0.v20090620043401" download-size="2510" install-size="2510" />
	<plugin fragment="true" id="org.eclipse.datatools.connectivity.ui.templates.nl_et" unpack="false" version="3.5.0.v20090620043401" download-size="2493" install-size="2493" />
	<plugin fragment="true" id="org.eclipse.datatools.enablement.finfo.nl_et" unpack="false" version="3.5.0.v20090620043401" download-size="1375" install-size="1375" />
	<plugin fragment="true" id="org.eclipse.datatools.enablement.hsqldb.dbdefinition.nl_et" unpack="false" version="3.5.0.v20090620043401" download-size="1386" install-size="1386" />
	<plugin fragment="true" id="org.eclipse.datatools.enablement.hsqldb.nl_et" unpack="false" version="3.5.0.v20090620043401" download-size="1378" install-size="1378" />
	<plugin fragment="true" id="org.eclipse.datatools.enablement.hsqldb.ui.nl_et" unpack="false" version="3.5.0.v20090620043401" download-size="2474" install-size="2474" />
	<plugin fragment="true" id="org.eclipse.datatools.enablement.ibm.db2.iseries.dbdefinition.nl_et" unpack="false" version="3.5.0.v20090620043401" download-size="1393" install-size="1393" />
	<plugin fragment="true" id="org.eclipse.datatools.enablement.ibm.db2.iseries.nl_et" unpack="false" version="3.5.0.v20090620043401" download-size="1382" install-size="1382" />
	<plugin fragment="true" id="org.eclipse.datatools.enablement.ibm.db2.iseries.ui.nl_et" unpack="false" version="3.5.0.v20090620043401" download-size="3290" install-size="3290" />
	<plugin fragment="true" id="org.eclipse.datatools.enablement.ibm.db2.luw.dbdefinition.nl_et" unpack="false" version="3.5.0.v20090620043401" download-size="1388" install-size="1388" />
	<plugin fragment="true" id="org.eclipse.datatools.enablement.ibm.db2.luw.nl_et" unpack="false" version="3.5.0.v20090620043401" download-size="1379" install-size="1379" />
	<plugin fragment="true" id="org.eclipse.datatools.enablement.ibm.db2.luw.ui.nl_et" unpack="false" version="3.5.0.v20090620043401" download-size="3250" install-size="3250" />
	<plugin fragment="true" id="org.eclipse.datatools.enablement.ibm.db2.zseries.dbdefinition.nl_et" unpack="false" version="3.5.0.v20090620043401" download-size="1395" install-size="1395" />
	<plugin fragment="true" id="org.eclipse.datatools.enablement.ibm.db2.zseries.nl_et" unpack="false" version="3.5.0.v20090620043401" download-size="1383" install-size="1383" />
	<plugin fragment="true" id="org.eclipse.datatools.enablement.ibm.db2.zseries.ui.nl_et" unpack="false" version="3.5.0.v20090620043401" download-size="3291" install-size="3291" />
	<plugin fragment="true" id="org.eclipse.datatools.enablement.ibm.informix.dbdefinition.nl_et" unpack="false" version="3.5.0.v20090620043401" download-size="1389" install-size="1389" />
	<plugin fragment="true" id="org.eclipse.datatools.enablement.ibm.informix.nl_et" unpack="false" version="3.5.0.v20090620043401" download-size="1380" install-size="1380" />
	<plugin fragment="true" id="org.eclipse.datatools.enablement.ibm.informix.ui.nl_et" unpack="false" version="3.5.0.v20090620043401" download-size="3102" install-size="3102" />
	<plugin fragment="true" id="org.eclipse.datatools.enablement.ibm.ui.nl_et" unpack="false" version="3.5.0.v20090620043401" download-size="1376" install-size="1376" />
	<plugin fragment="true" id="org.eclipse.datatools.enablement.ingres.dbdefinition.nl_et" unpack="false" version="3.5.0.v20090620043401" download-size="1388" install-size="1388" />
	<plugin fragment="true" id="org.eclipse.datatools.enablement.ingres.nl_et" unpack="false" version="3.5.0.v20090620043401" download-size="1379" install-size="1379" />
	<plugin fragment="true" id="org.eclipse.datatools.enablement.ingres.ui.nl_et" unpack="false" version="3.5.0.v20090620043401" download-size="1381" install-size="1381" />
	<plugin fragment="true" id="org.eclipse.datatools.enablement.jdt.classpath.nl_et" unpack="false" version="3.5.0.v20090620043401" download-size="1390" install-size="1390" />
	<plugin fragment="true" id="org.eclipse.datatools.enablement.msft.sqlserver.dbdefinition.nl_et" unpack="false" version="3.5.0.v20090620043401" download-size="1390" install-size="1390" />
	<plugin fragment="true" id="org.eclipse.datatools.enablement.msft.sqlserver.nl_et" unpack="false" version="3.5.0.v20090620043401" download-size="1382" install-size="1382" />
	<plugin fragment="true" id="org.eclipse.datatools.enablement.msft.sqlserver.ui.nl_et" unpack="false" version="3.5.0.v20090620043401" download-size="3387" install-size="3387" />
	<plugin fragment="true" id="org.eclipse.datatools.enablement.mysql.dbdefinition.nl_et" unpack="false" version="3.5.0.v20090620043401" download-size="1384" install-size="1384" />
	<plugin fragment="true" id="org.eclipse.datatools.enablement.mysql.nl_et" unpack="false" version="3.5.0.v20090620043401" download-size="1376" install-size="1376" />
	<plugin fragment="true" id="org.eclipse.datatools.enablement.mysql.ui.nl_et" unpack="false" version="3.5.0.v20090620043401" download-size="1377" install-size="1377" />
	<plugin fragment="true" id="org.eclipse.datatools.enablement.oda.xml.ui.nl_et" unpack="false" version="3.5.0.v20090620043401" download-size="2843" install-size="2843" />
	<plugin fragment="true" id="org.eclipse.datatools.enablement.oracle.dbdefinition.nl_et" unpack="false" version="3.5.0.v20090620043401" download-size="1385" install-size="1385" />
	<plugin fragment="true" id="org.eclipse.datatools.enablement.oracle.nl_et" unpack="false" version="3.5.0.v20090620043401" download-size="1376" install-size="1376" />
	<plugin fragment="true" id="org.eclipse.datatools.enablement.oracle.ui.nl_et" unpack="false" version="3.5.0.v20090620043401" download-size="2886" install-size="2886" />
	<plugin fragment="true" id="org.eclipse.datatools.enablement.postgresql.dbdefinition.nl_et" unpack="false" version="3.5.0.v20090620043401" download-size="1387" install-size="1387" />
	<plugin fragment="true" id="org.eclipse.datatools.enablement.postgresql.nl_et" unpack="false" version="3.5.0.v20090620043401" download-size="1378" install-size="1378" />
	<plugin fragment="true" id="org.eclipse.datatools.enablement.postgresql.ui.nl_et" unpack="false" version="3.5.0.v20090620043401" download-size="1380" install-size="1380" />
	<plugin fragment="true" id="org.eclipse.datatools.enablement.sap.maxdb.dbdefinition.nl_et" unpack="false" version="3.5.0.v20090620043401" download-size="1370" install-size="1370" />
	<plugin fragment="true" id="org.eclipse.datatools.enablement.sap.maxdb.nl_et" unpack="false" version="3.5.0.v20090620043401" download-size="1377" install-size="1377" />
	<plugin fragment="true" id="org.eclipse.datatools.enablement.sap.maxdb.ui.nl_et" unpack="false" version="3.5.0.v20090620043401" download-size="1380" install-size="1380" />
	<plugin fragment="true" id="org.eclipse.datatools.enablement.sqlite.dbdefinition.nl_et" unpack="false" version="3.5.0.v20090620043401" download-size="1386" install-size="1386" />
	<plugin fragment="true" id="org.eclipse.datatools.enablement.sqlite.nl_et" unpack="false" version="3.5.0.v20090620043401" download-size="1377" install-size="1377" />
	<plugin fragment="true" id="org.eclipse.datatools.enablement.sqlite.ui.nl_et" unpack="false" version="3.5.0.v20090620043401" download-size="2474" install-size="2474" />
	<plugin fragment="true" id="org.eclipse.datatools.enablement.sybase.asa.dbdefinition.nl_et" unpack="false" version="3.5.0.v20090620043401" download-size="1390" install-size="1390" />
	<plugin fragment="true" id="org.eclipse.datatools.enablement.sybase.asa.models.nl_et" unpack="false" version="3.5.0.v20090620043401" download-size="1383" install-size="1383" />
	<plugin fragment="true" id="org.eclipse.datatools.enablement.sybase.asa.nl_et" unpack="false" version="3.5.0.v20090620043401" download-size="2485" install-size="2485" />
	<plugin fragment="true" id="org.eclipse.datatools.enablement.sybase.asa.schemaobjecteditor.examples.nl_et" unpack="false" version="3.5.0.v20090620043401" download-size="6871" install-size="6871" />
	<plugin fragment="true" id="org.eclipse.datatools.enablement.sybase.asa.ui.nl_et" unpack="false" version="3.5.0.v20090620043401" download-size="1385" install-size="1385" />
	<plugin fragment="true" id="org.eclipse.datatools.enablement.sybase.ase.dbdefinition.nl_et" unpack="false" version="3.5.0.v20090620043401" download-size="1387" install-size="1387" />
	<plugin fragment="true" id="org.eclipse.datatools.enablement.sybase.ase.models.nl_et" unpack="false" version="3.5.0.v20090620043401" download-size="1382" install-size="1382" />
	<plugin fragment="true" id="org.eclipse.datatools.enablement.sybase.ase.nl_et" unpack="false" version="3.5.0.v20090620043401" download-size="1383" install-size="1383" />
	<plugin fragment="true" id="org.eclipse.datatools.enablement.sybase.ase.ui.nl_et" unpack="false" version="3.5.0.v20090620043401" download-size="1379" install-size="1379" />
	<plugin fragment="true" id="org.eclipse.datatools.enablement.sybase.models.nl_et" unpack="false" version="3.5.0.v20090620043401" download-size="1381" install-size="1381" />
	<plugin fragment="true" id="org.eclipse.datatools.enablement.sybase.nl_et" unpack="false" version="3.5.0.v20090620043401" download-size="1385" install-size="1385" />
	<plugin fragment="true" id="org.eclipse.datatools.enablement.sybase.ui.nl_et" unpack="false" version="3.5.0.v20090620043401" download-size="2476" install-size="2476" />
	<plugin fragment="true" id="org.eclipse.datatools.help.nl_et" unpack="false" version="3.5.0.v20090620043401" download-size="1352" install-size="1352" />
	<plugin fragment="true" id="org.eclipse.datatools.modelbase.dbdefinition.nl_et" unpack="false" version="3.5.0.v20090620043401" download-size="1380" install-size="1380" />
	<plugin fragment="true" id="org.eclipse.datatools.modelbase.derby.nl_et" unpack="false" version="3.5.0.v20090620043401" download-size="1376" install-size="1376" />
	<plugin fragment="true" id="org.eclipse.datatools.modelbase.sql.edit.nl_et" unpack="false" version="3.5.0.v20090620043401" download-size="1378" install-size="1378" />
	<plugin fragment="true" id="org.eclipse.datatools.modelbase.sql.nl_et" unpack="false" version="3.5.0.v20090620043401" download-size="1375" install-size="1375" />
	<plugin fragment="true" id="org.eclipse.datatools.modelbase.sql.query.edit.nl_et" unpack="false" version="3.5.0.v20090620043401" download-size="1382" install-size="1382" />
	<plugin fragment="true" id="org.eclipse.datatools.modelbase.sql.query.nl_et" unpack="false" version="3.5.0.v20090620043401" download-size="1379" install-size="1379" />
	<plugin fragment="true" id="org.eclipse.datatools.modelbase.sql.xml.query.nl_et" unpack="false" version="3.5.0.v20090620043401" download-size="1382" install-size="1382" />
	<plugin fragment="true" id="org.eclipse.datatools.sqltools.common.ui.nl_et" unpack="false" version="3.5.0.v20090620043401" download-size="3104" install-size="3104" />
	<plugin fragment="true" id="org.eclipse.datatools.sqltools.data.core.nl_et" unpack="false" version="3.5.0.v20090620043401" download-size="1378" install-size="1378" />
	<plugin fragment="true" id="org.eclipse.datatools.sqltools.data.ui.nl_et" unpack="false" version="3.5.0.v20090620043401" download-size="1377" install-size="1377" />
	<plugin fragment="true" id="org.eclipse.datatools.sqltools.db.derby.nl_et" unpack="false" version="3.5.0.v20090620043401" download-size="1382" install-size="1382" />
	<plugin fragment="true" id="org.eclipse.datatools.sqltools.db.derby.ui.nl_et" unpack="false" version="3.5.0.v20090620043401" download-size="1384" install-size="1384" />
	<plugin fragment="true" id="org.eclipse.datatools.sqltools.db.generic.nl_et" unpack="false" version="3.5.0.v20090620043401" download-size="1383" install-size="1383" />
	<plugin fragment="true" id="org.eclipse.datatools.sqltools.db.generic.ui.nl_et" unpack="false" version="3.5.0.v20090620043401" download-size="1385" install-size="1385" />
	<plugin fragment="true" id="org.eclipse.datatools.sqltools.ddlgen.ui.nl_et" unpack="false" version="3.5.0.v20090620043401" download-size="2854" install-size="2854" />
	<plugin fragment="true" id="org.eclipse.datatools.sqltools.debugger.core.nl_et" unpack="false" version="3.5.0.v20090620043401" download-size="3401" install-size="3401" />
	<plugin fragment="true" id="org.eclipse.datatools.sqltools.debugger.core.ui.nl_et" unpack="false" version="3.5.0.v20090620043401" download-size="2668" install-size="2668" />
	<plugin fragment="true" id="org.eclipse.datatools.sqltools.editor.core.nl_et" unpack="false" version="3.5.0.v20090620043401" download-size="1383" install-size="1383" />
	<plugin fragment="true" id="org.eclipse.datatools.sqltools.editor.core.ui.nl_et" unpack="false" version="3.5.0.v20090620043401" download-size="1385" install-size="1385" />
	<plugin fragment="true" id="org.eclipse.datatools.sqltools.parsers.sql.lexer.nl_et" unpack="false" version="3.5.0.v20090620043401" download-size="1382" install-size="1382" />
	<plugin fragment="true" id="org.eclipse.datatools.sqltools.parsers.sql.nl_et" unpack="false" version="3.5.0.v20090620043401" download-size="1377" install-size="1377" />
	<plugin fragment="true" id="org.eclipse.datatools.sqltools.parsers.sql.query.nl_et" unpack="false" version="3.5.0.v20090620043401" download-size="1382" install-size="1382" />
	<plugin fragment="true" id="org.eclipse.datatools.sqltools.parsers.sql.xml.query.nl_et" unpack="false" version="3.5.0.v20090620043401" download-size="1384" install-size="1384" />
	<plugin fragment="true" id="org.eclipse.datatools.sqltools.plan.nl_et" unpack="false" version="3.5.0.v20090620043401" download-size="3348" install-size="3348" />
	<plugin fragment="true" id="org.eclipse.datatools.sqltools.result.nl_et" unpack="false" version="3.5.0.v20090620043401" download-size="2523" install-size="2523" />
	<plugin fragment="true" id="org.eclipse.datatools.sqltools.result.ui.nl_et" unpack="false" version="3.5.0.v20090620043401" download-size="2501" install-size="2501" />
	<plugin fragment="true" id="org.eclipse.datatools.sqltools.routineeditor.nl_et" unpack="false" version="3.5.0.v20090620043401" download-size="4509" install-size="4509" />
	<plugin fragment="true" id="org.eclipse.datatools.sqltools.routineeditor.ui.nl_et" unpack="false" version="3.5.0.v20090620043401" download-size="4001" install-size="4001" />
	<plugin fragment="true" id="org.eclipse.datatools.sqltools.schemaobjecteditor.nl_et" unpack="false" version="3.5.0.v20090620043401" download-size="1388" install-size="1388" />
	<plugin fragment="true" id="org.eclipse.datatools.sqltools.schemaobjecteditor.ui.nl_et" unpack="false" version="3.5.0.v20090620043401" download-size="5179" install-size="5179" />
	<plugin fragment="true" id="org.eclipse.datatools.sqltools.schemaobjecteditor.ui.pages.nl_et" unpack="false" version="3.5.0.v20090620043401" download-size="1388" install-size="1388" />
	<plugin fragment="true" id="org.eclipse.datatools.sqltools.sql.nl_et" unpack="false" version="3.5.0.v20090620043401" download-size="1370" install-size="1370" />
	<plugin fragment="true" id="org.eclipse.datatools.sqltools.sql.ui.nl_et" unpack="false" version="3.5.0.v20090620043401" download-size="1373" install-size="1373" />
	<plugin fragment="true" id="org.eclipse.datatools.sqltools.sqlbuilder.nl_et" unpack="false" version="3.5.0.v20090620043401" download-size="2352" install-size="2352" />
	<plugin fragment="true" id="org.eclipse.datatools.sqltools.sqleditor.nl_et" unpack="false" version="3.5.0.v20090620043401" download-size="4358" install-size="4358" />
	<plugin fragment="true" id="org.eclipse.datatools.sqltools.sqlscrapbook.nl_et" unpack="false" version="3.5.0.v20090620043401" download-size="2690" install-size="2690" />
	<plugin fragment="true" id="org.eclipse.datatools.sqltools.tabledataeditor.nl_et" unpack="false" version="3.5.0.v20090620043401" download-size="1380" install-size="1380" />
</feature>