<?xml version="1.0" encoding="UTF-8" ?>
<feature
	id="org.eclipse.babel.nls_technology.actf_de"
	label="Babel Language Pack for technology.actf in German (8.01%)"
	image="eclipse_update_120.jpg"
	provider-name="%providerName"
	version="3.5.0.v20090620043401">
	<copyright>
		%copyright
	</copyright>
	<license url="%licenseURL">
		%license
	</license>
	<description>Babel Language Pack for technology.actf in German</description>
	<plugin fragment="true" id="org.eclipse.actf.core.nl_de" unpack="false" version="3.5.0.v20090620043401" download-size="1657" install-size="1657" />
	<plugin fragment="true" id="org.eclipse.actf.model.flash.proxy.nl_de" unpack="false" version="3.5.0.v20090620043401" download-size="1898" install-size="1898" />
	<plugin fragment="true" id="org.eclipse.actf.model.ui.nl_de" unpack="false" version="3.5.0.v20090620043401" download-size="1520" install-size="1520" />
	<plugin fragment="true" id="org.eclipse.actf.ui.nl_de" unpack="false" version="3.5.0.v20090620043401" download-size="1951" install-size="1951" />
	<plugin fragment="true" id="org.eclipse.actf.util.vocab.nl_de" unpack="false" version="3.5.0.v20090620043401" download-size="1384" install-size="1384" />
	<plugin fragment="true" id="org.eclipse.actf.visualization.doc.isv.nl_de" unpack="false" version="3.5.0.v20090620043401" download-size="1377" install-size="1377" />
	<plugin fragment="true" id="org.eclipse.actf.visualization.engines.blind.html.nl_de" unpack="false" version="3.5.0.v20090620043401" download-size="1425" install-size="1425" />
	<plugin fragment="true" id="org.eclipse.actf.visualization.engines.blind.nl_de" unpack="false" version="3.5.0.v20090620043401" download-size="1696" install-size="1696" />
	<plugin fragment="true" id="org.eclipse.actf.visualization.eval.nl_de" unpack="false" version="3.5.0.v20090620043401" download-size="1920" install-size="1920" />
	<plugin fragment="true" id="org.eclipse.actf.visualization.gui.nl_de" unpack="false" version="3.5.0.v20090620043401" download-size="2167" install-size="2167" />
	<plugin fragment="true" id="org.eclipse.actf.visualization.presentation.nl_de" unpack="false" version="3.5.0.v20090620043401" download-size="1386" install-size="1386" />
	<plugin fragment="true" id="org.eclipse.actf.visualization.ui.report.nl_de" unpack="false" version="3.5.0.v20090620043401" download-size="1442" install-size="1442" />
</feature>