<?xml version="1.0" encoding="UTF-8" ?>
<feature
	id="org.eclipse.babel.nls_datatools_fr"
	label="Babel Language Pack for datatools in French (81.32%)"
	image="eclipse_update_120.jpg"
	provider-name="%providerName"
	version="3.5.0.v20090620043401">
	<copyright>
		%copyright
	</copyright>
	<license url="%licenseURL">
		%license
	</license>
	<description>Babel Language Pack for datatools in French</description>
	<plugin fragment="true" id="org.eclipse.datatools.connectivity.apache.derby.dbdefinition.nl_fr" unpack="false" version="3.5.0.v20090620043401" download-size="1472" install-size="1472" />
	<plugin fragment="true" id="org.eclipse.datatools.connectivity.apache.derby.nl_fr" unpack="false" version="3.5.0.v20090620043401" download-size="1826" install-size="1826" />
	<plugin fragment="true" id="org.eclipse.datatools.connectivity.apache.derby.ui.nl_fr" unpack="false" version="3.5.0.v20090620043401" download-size="5174" install-size="5174" />
	<plugin fragment="true" id="org.eclipse.datatools.connectivity.console.profile.nl_fr" unpack="false" version="3.5.0.v20090620043401" download-size="4035" install-size="4035" />
	<plugin fragment="true" id="org.eclipse.datatools.connectivity.db.generic.nl_fr" unpack="false" version="3.5.0.v20090620043401" download-size="3286" install-size="3286" />
	<plugin fragment="true" id="org.eclipse.datatools.connectivity.db.generic.ui.nl_fr" unpack="false" version="3.5.0.v20090620043401" download-size="1511" install-size="1511" />
	<plugin fragment="true" id="org.eclipse.datatools.connectivity.dbdefinition.genericJDBC.nl_fr" unpack="false" version="3.5.0.v20090620043401" download-size="1474" install-size="1474" />
	<plugin fragment="true" id="org.eclipse.datatools.connectivity.nl_fr" unpack="false" version="3.5.0.v20090620043401" download-size="6545" install-size="6545" />
	<plugin fragment="true" id="org.eclipse.datatools.connectivity.oda.consumer.nl_fr" unpack="false" version="3.5.0.v20090620043401" download-size="3143" install-size="3143" />
	<plugin fragment="true" id="org.eclipse.datatools.connectivity.oda.design.nl_fr" unpack="false" version="3.5.0.v20090620043401" download-size="2773" install-size="2773" />
	<plugin fragment="true" id="org.eclipse.datatools.connectivity.oda.design.ui.nl_fr" unpack="false" version="3.5.0.v20090620043401" download-size="4411" install-size="4411" />
	<plugin fragment="true" id="org.eclipse.datatools.connectivity.oda.flatfile.nl_fr" unpack="false" version="3.5.0.v20090620043401" download-size="4008" install-size="4008" />
	<plugin fragment="true" id="org.eclipse.datatools.connectivity.oda.flatfile.ui.nl_fr" unpack="false" version="3.5.0.v20090620043401" download-size="4258" install-size="4258" />
	<plugin fragment="true" id="org.eclipse.datatools.connectivity.oda.nl_fr" unpack="false" version="3.5.0.v20090620043401" download-size="3535" install-size="3535" />
	<plugin fragment="true" id="org.eclipse.datatools.connectivity.oda.profile.nl_fr" unpack="false" version="3.5.0.v20090620043401" download-size="2714" install-size="2714" />
	<plugin fragment="true" id="org.eclipse.datatools.connectivity.oda.template.ui.nl_fr" unpack="false" version="3.5.0.v20090620043401" download-size="3401" install-size="3401" />
	<plugin fragment="true" id="org.eclipse.datatools.connectivity.sqm.core.nl_fr" unpack="false" version="3.5.0.v20090620043401" download-size="5198" install-size="5198" />
	<plugin fragment="true" id="org.eclipse.datatools.connectivity.sqm.core.ui.nl_fr" unpack="false" version="3.5.0.v20090620043401" download-size="7549" install-size="7549" />
	<plugin fragment="true" id="org.eclipse.datatools.connectivity.sqm.server.ui.nl_fr" unpack="false" version="3.5.0.v20090620043401" download-size="5068" install-size="5068" />
	<plugin fragment="true" id="org.eclipse.datatools.connectivity.ui.dse.nl_fr" unpack="false" version="3.5.0.v20090620043401" download-size="4212" install-size="4212" />
	<plugin fragment="true" id="org.eclipse.datatools.connectivity.ui.nl_fr" unpack="false" version="3.5.0.v20090620043401" download-size="7425" install-size="7425" />
	<plugin fragment="true" id="org.eclipse.datatools.connectivity.ui.templates.nl_fr" unpack="false" version="3.5.0.v20090620043401" download-size="3262" install-size="3262" />
	<plugin fragment="true" id="org.eclipse.datatools.enablement.finfo.nl_fr" unpack="false" version="3.5.0.v20090620043401" download-size="1375" install-size="1375" />
	<plugin fragment="true" id="org.eclipse.datatools.enablement.hsqldb.dbdefinition.nl_fr" unpack="false" version="3.5.0.v20090620043401" download-size="1509" install-size="1509" />
	<plugin fragment="true" id="org.eclipse.datatools.enablement.hsqldb.nl_fr" unpack="false" version="3.5.0.v20090620043401" download-size="1640" install-size="1640" />
	<plugin fragment="true" id="org.eclipse.datatools.enablement.hsqldb.ui.nl_fr" unpack="false" version="3.5.0.v20090620043401" download-size="3318" install-size="3318" />
	<plugin fragment="true" id="org.eclipse.datatools.enablement.ibm.db2.iseries.dbdefinition.nl_fr" unpack="false" version="3.5.0.v20090620043401" download-size="1513" install-size="1513" />
	<plugin fragment="true" id="org.eclipse.datatools.enablement.ibm.db2.iseries.nl_fr" unpack="false" version="3.5.0.v20090620043401" download-size="1655" install-size="1655" />
	<plugin fragment="true" id="org.eclipse.datatools.enablement.ibm.db2.iseries.ui.nl_fr" unpack="false" version="3.5.0.v20090620043401" download-size="3780" install-size="3780" />
	<plugin fragment="true" id="org.eclipse.datatools.enablement.ibm.db2.luw.dbdefinition.nl_fr" unpack="false" version="3.5.0.v20090620043401" download-size="1547" install-size="1547" />
	<plugin fragment="true" id="org.eclipse.datatools.enablement.ibm.db2.luw.nl_fr" unpack="false" version="3.5.0.v20090620043401" download-size="1654" install-size="1654" />
	<plugin fragment="true" id="org.eclipse.datatools.enablement.ibm.db2.luw.ui.nl_fr" unpack="false" version="3.5.0.v20090620043401" download-size="3808" install-size="3808" />
	<plugin fragment="true" id="org.eclipse.datatools.enablement.ibm.db2.zseries.dbdefinition.nl_fr" unpack="false" version="3.5.0.v20090620043401" download-size="1628" install-size="1628" />
	<plugin fragment="true" id="org.eclipse.datatools.enablement.ibm.db2.zseries.nl_fr" unpack="false" version="3.5.0.v20090620043401" download-size="1708" install-size="1708" />
	<plugin fragment="true" id="org.eclipse.datatools.enablement.ibm.db2.zseries.ui.nl_fr" unpack="false" version="3.5.0.v20090620043401" download-size="3827" install-size="3827" />
	<plugin fragment="true" id="org.eclipse.datatools.enablement.ibm.informix.dbdefinition.nl_fr" unpack="false" version="3.5.0.v20090620043401" download-size="1524" install-size="1524" />
	<plugin fragment="true" id="org.eclipse.datatools.enablement.ibm.informix.nl_fr" unpack="false" version="3.5.0.v20090620043401" download-size="1688" install-size="1688" />
	<plugin fragment="true" id="org.eclipse.datatools.enablement.ibm.informix.ui.nl_fr" unpack="false" version="3.5.0.v20090620043401" download-size="3563" install-size="3563" />
	<plugin fragment="true" id="org.eclipse.datatools.enablement.ibm.ui.nl_fr" unpack="false" version="3.5.0.v20090620043401" download-size="3397" install-size="3397" />
	<plugin fragment="true" id="org.eclipse.datatools.enablement.ingres.dbdefinition.nl_fr" unpack="false" version="3.5.0.v20090620043401" download-size="1387" install-size="1387" />
	<plugin fragment="true" id="org.eclipse.datatools.enablement.ingres.nl_fr" unpack="false" version="3.5.0.v20090620043401" download-size="1519" install-size="1519" />
	<plugin fragment="true" id="org.eclipse.datatools.enablement.ingres.ui.nl_fr" unpack="false" version="3.5.0.v20090620043401" download-size="2906" install-size="2906" />
	<plugin fragment="true" id="org.eclipse.datatools.enablement.jdt.classpath.nl_fr" unpack="false" version="3.5.0.v20090620043401" download-size="2832" install-size="2832" />
	<plugin fragment="true" id="org.eclipse.datatools.enablement.msft.sqlserver.dbdefinition.nl_fr" unpack="false" version="3.5.0.v20090620043401" download-size="1509" install-size="1509" />
	<plugin fragment="true" id="org.eclipse.datatools.enablement.msft.sqlserver.nl_fr" unpack="false" version="3.5.0.v20090620043401" download-size="1678" install-size="1678" />
	<plugin fragment="true" id="org.eclipse.datatools.enablement.msft.sqlserver.ui.nl_fr" unpack="false" version="3.5.0.v20090620043401" download-size="3923" install-size="3923" />
	<plugin fragment="true" id="org.eclipse.datatools.enablement.mysql.dbdefinition.nl_fr" unpack="false" version="3.5.0.v20090620043401" download-size="1484" install-size="1484" />
	<plugin fragment="true" id="org.eclipse.datatools.enablement.mysql.nl_fr" unpack="false" version="3.5.0.v20090620043401" download-size="1645" install-size="1645" />
	<plugin fragment="true" id="org.eclipse.datatools.enablement.mysql.ui.nl_fr" unpack="false" version="3.5.0.v20090620043401" download-size="1499" install-size="1499" />
	<plugin fragment="true" id="org.eclipse.datatools.enablement.oda.ws.nl_fr" unpack="false" version="3.5.0.v20090620043401" download-size="2838" install-size="2838" />
	<plugin fragment="true" id="org.eclipse.datatools.enablement.oda.ws.ui.nl_fr" unpack="false" version="3.5.0.v20090620043401" download-size="4187" install-size="4187" />
	<plugin fragment="true" id="org.eclipse.datatools.enablement.oda.xml.nl_fr" unpack="false" version="3.5.0.v20090620043401" download-size="3289" install-size="3289" />
	<plugin fragment="true" id="org.eclipse.datatools.enablement.oda.xml.ui.nl_fr" unpack="false" version="3.5.0.v20090620043401" download-size="5255" install-size="5255" />
	<plugin fragment="true" id="org.eclipse.datatools.enablement.oracle.dbdefinition.nl_fr" unpack="false" version="3.5.0.v20090620043401" download-size="1483" install-size="1483" />
	<plugin fragment="true" id="org.eclipse.datatools.enablement.oracle.nl_fr" unpack="false" version="3.5.0.v20090620043401" download-size="1655" install-size="1655" />
	<plugin fragment="true" id="org.eclipse.datatools.enablement.oracle.ui.nl_fr" unpack="false" version="3.5.0.v20090620043401" download-size="3375" install-size="3375" />
	<plugin fragment="true" id="org.eclipse.datatools.enablement.postgresql.dbdefinition.nl_fr" unpack="false" version="3.5.0.v20090620043401" download-size="1391" install-size="1391" />
	<plugin fragment="true" id="org.eclipse.datatools.enablement.postgresql.nl_fr" unpack="false" version="3.5.0.v20090620043401" download-size="1633" install-size="1633" />
	<plugin fragment="true" id="org.eclipse.datatools.enablement.postgresql.ui.nl_fr" unpack="false" version="3.5.0.v20090620043401" download-size="1488" install-size="1488" />
	<plugin fragment="true" id="org.eclipse.datatools.enablement.sap.maxdb.dbdefinition.nl_fr" unpack="false" version="3.5.0.v20090620043401" download-size="1465" install-size="1465" />
	<plugin fragment="true" id="org.eclipse.datatools.enablement.sap.maxdb.nl_fr" unpack="false" version="3.5.0.v20090620043401" download-size="2576" install-size="2576" />
	<plugin fragment="true" id="org.eclipse.datatools.enablement.sap.maxdb.ui.nl_fr" unpack="false" version="3.5.0.v20090620043401" download-size="1502" install-size="1502" />
	<plugin fragment="true" id="org.eclipse.datatools.enablement.sqlite.dbdefinition.nl_fr" unpack="false" version="3.5.0.v20090620043401" download-size="1389" install-size="1389" />
	<plugin fragment="true" id="org.eclipse.datatools.enablement.sqlite.nl_fr" unpack="false" version="3.5.0.v20090620043401" download-size="2447" install-size="2447" />
	<plugin fragment="true" id="org.eclipse.datatools.enablement.sqlite.ui.nl_fr" unpack="false" version="3.5.0.v20090620043401" download-size="2958" install-size="2958" />
	<plugin fragment="true" id="org.eclipse.datatools.enablement.sybase.asa.dbdefinition.nl_fr" unpack="false" version="3.5.0.v20090620043401" download-size="1392" install-size="1392" />
	<plugin fragment="true" id="org.eclipse.datatools.enablement.sybase.asa.models.nl_fr" unpack="false" version="3.5.0.v20090620043401" download-size="1413" install-size="1413" />
	<plugin fragment="true" id="org.eclipse.datatools.enablement.sybase.asa.nl_fr" unpack="false" version="3.5.0.v20090620043401" download-size="4525" install-size="4525" />
	<plugin fragment="true" id="org.eclipse.datatools.enablement.sybase.asa.schemaobjecteditor.examples.nl_fr" unpack="false" version="3.5.0.v20090620043401" download-size="18830" install-size="18830" />
	<plugin fragment="true" id="org.eclipse.datatools.enablement.sybase.asa.ui.nl_fr" unpack="false" version="3.5.0.v20090620043401" download-size="1661" install-size="1661" />
	<plugin fragment="true" id="org.eclipse.datatools.enablement.sybase.ase.dbdefinition.nl_fr" unpack="false" version="3.5.0.v20090620043401" download-size="1496" install-size="1496" />
	<plugin fragment="true" id="org.eclipse.datatools.enablement.sybase.ase.models.nl_fr" unpack="false" version="3.5.0.v20090620043401" download-size="1386" install-size="1386" />
	<plugin fragment="true" id="org.eclipse.datatools.enablement.sybase.ase.nl_fr" unpack="false" version="3.5.0.v20090620043401" download-size="2966" install-size="2966" />
	<plugin fragment="true" id="org.eclipse.datatools.enablement.sybase.ase.ui.nl_fr" unpack="false" version="3.5.0.v20090620043401" download-size="1736" install-size="1736" />
	<plugin fragment="true" id="org.eclipse.datatools.enablement.sybase.models.nl_fr" unpack="false" version="3.5.0.v20090620043401" download-size="1384" install-size="1384" />
	<plugin fragment="true" id="org.eclipse.datatools.enablement.sybase.nl_fr" unpack="false" version="3.5.0.v20090620043401" download-size="4052" install-size="4052" />
	<plugin fragment="true" id="org.eclipse.datatools.enablement.sybase.ui.nl_fr" unpack="false" version="3.5.0.v20090620043401" download-size="4601" install-size="4601" />
	<plugin fragment="true" id="org.eclipse.datatools.help.nl_fr" unpack="false" version="3.5.0.v20090620043401" download-size="1351" install-size="1351" />
	<plugin fragment="true" id="org.eclipse.datatools.modelbase.dbdefinition.nl_fr" unpack="false" version="3.5.0.v20090620043401" download-size="1419" install-size="1419" />
	<plugin fragment="true" id="org.eclipse.datatools.modelbase.derby.nl_fr" unpack="false" version="3.5.0.v20090620043401" download-size="1418" install-size="1418" />
	<plugin fragment="true" id="org.eclipse.datatools.modelbase.sql.edit.nl_fr" unpack="false" version="3.5.0.v20090620043401" download-size="6339" install-size="6339" />
	<plugin fragment="true" id="org.eclipse.datatools.modelbase.sql.nl_fr" unpack="false" version="3.5.0.v20090620043401" download-size="1375" install-size="1375" />
	<plugin fragment="true" id="org.eclipse.datatools.modelbase.sql.query.edit.nl_fr" unpack="false" version="3.5.0.v20090620043401" download-size="3600" install-size="3600" />
	<plugin fragment="true" id="org.eclipse.datatools.modelbase.sql.query.nl_fr" unpack="false" version="3.5.0.v20090620043401" download-size="1379" install-size="1379" />
	<plugin fragment="true" id="org.eclipse.datatools.modelbase.sql.xml.query.nl_fr" unpack="false" version="3.5.0.v20090620043401" download-size="1448" install-size="1448" />
	<plugin fragment="true" id="org.eclipse.datatools.sqltools.common.ui.nl_fr" unpack="false" version="3.5.0.v20090620043401" download-size="6635" install-size="6635" />
	<plugin fragment="true" id="org.eclipse.datatools.sqltools.data.core.nl_fr" unpack="false" version="3.5.0.v20090620043401" download-size="3393" install-size="3393" />
	<plugin fragment="true" id="org.eclipse.datatools.sqltools.data.ui.nl_fr" unpack="false" version="3.5.0.v20090620043401" download-size="4426" install-size="4426" />
	<plugin fragment="true" id="org.eclipse.datatools.sqltools.db.derby.nl_fr" unpack="false" version="3.5.0.v20090620043401" download-size="2842" install-size="2842" />
	<plugin fragment="true" id="org.eclipse.datatools.sqltools.db.derby.ui.nl_fr" unpack="false" version="3.5.0.v20090620043401" download-size="1384" install-size="1384" />
	<plugin fragment="true" id="org.eclipse.datatools.sqltools.db.generic.nl_fr" unpack="false" version="3.5.0.v20090620043401" download-size="2855" install-size="2855" />
	<plugin fragment="true" id="org.eclipse.datatools.sqltools.db.generic.ui.nl_fr" unpack="false" version="3.5.0.v20090620043401" download-size="1413" install-size="1413" />
	<plugin fragment="true" id="org.eclipse.datatools.sqltools.ddlgen.ui.nl_fr" unpack="false" version="3.5.0.v20090620043401" download-size="3643" install-size="3643" />
	<plugin fragment="true" id="org.eclipse.datatools.sqltools.debugger.core.nl_fr" unpack="false" version="3.5.0.v20090620043401" download-size="4989" install-size="4989" />
	<plugin fragment="true" id="org.eclipse.datatools.sqltools.debugger.core.ui.nl_fr" unpack="false" version="3.5.0.v20090620043401" download-size="3874" install-size="3874" />
	<plugin fragment="true" id="org.eclipse.datatools.sqltools.editor.core.nl_fr" unpack="false" version="3.5.0.v20090620043401" download-size="7859" install-size="7859" />
	<plugin fragment="true" id="org.eclipse.datatools.sqltools.editor.core.ui.nl_fr" unpack="false" version="3.5.0.v20090620043401" download-size="2709" install-size="2709" />
	<plugin fragment="true" id="org.eclipse.datatools.sqltools.parsers.sql.lexer.nl_fr" unpack="false" version="3.5.0.v20090620043401" download-size="1416" install-size="1416" />
	<plugin fragment="true" id="org.eclipse.datatools.sqltools.parsers.sql.nl_fr" unpack="false" version="3.5.0.v20090620043401" download-size="3157" install-size="3157" />
	<plugin fragment="true" id="org.eclipse.datatools.sqltools.parsers.sql.query.nl_fr" unpack="false" version="3.5.0.v20090620043401" download-size="5296" install-size="5296" />
	<plugin fragment="true" id="org.eclipse.datatools.sqltools.parsers.sql.xml.query.nl_fr" unpack="false" version="3.5.0.v20090620043401" download-size="1385" install-size="1385" />
	<plugin fragment="true" id="org.eclipse.datatools.sqltools.plan.nl_fr" unpack="false" version="3.5.0.v20090620043401" download-size="6900" install-size="6900" />
	<plugin fragment="true" id="org.eclipse.datatools.sqltools.result.nl_fr" unpack="false" version="3.5.0.v20090620043401" download-size="8075" install-size="8075" />
	<plugin fragment="true" id="org.eclipse.datatools.sqltools.result.ui.nl_fr" unpack="false" version="3.5.0.v20090620043401" download-size="7463" install-size="7463" />
	<plugin fragment="true" id="org.eclipse.datatools.sqltools.routineeditor.nl_fr" unpack="false" version="3.5.0.v20090620043401" download-size="7477" install-size="7477" />
	<plugin fragment="true" id="org.eclipse.datatools.sqltools.routineeditor.ui.nl_fr" unpack="false" version="3.5.0.v20090620043401" download-size="6707" install-size="6707" />
	<plugin fragment="true" id="org.eclipse.datatools.sqltools.schemaobjecteditor.nl_fr" unpack="false" version="3.5.0.v20090620043401" download-size="1388" install-size="1388" />
	<plugin fragment="true" id="org.eclipse.datatools.sqltools.schemaobjecteditor.ui.nl_fr" unpack="false" version="3.5.0.v20090620043401" download-size="6716" install-size="6716" />
	<plugin fragment="true" id="org.eclipse.datatools.sqltools.schemaobjecteditor.ui.pages.nl_fr" unpack="false" version="3.5.0.v20090620043401" download-size="4261" install-size="4261" />
	<plugin fragment="true" id="org.eclipse.datatools.sqltools.sql.nl_fr" unpack="false" version="3.5.0.v20090620043401" download-size="4347" install-size="4347" />
	<plugin fragment="true" id="org.eclipse.datatools.sqltools.sql.ui.nl_fr" unpack="false" version="3.5.0.v20090620043401" download-size="1372" install-size="1372" />
	<plugin fragment="true" id="org.eclipse.datatools.sqltools.sqlbuilder.nl_fr" unpack="false" version="3.5.0.v20090620043401" download-size="9674" install-size="9674" />
	<plugin fragment="true" id="org.eclipse.datatools.sqltools.sqleditor.nl_fr" unpack="false" version="3.5.0.v20090620043401" download-size="13875" install-size="13875" />
	<plugin fragment="true" id="org.eclipse.datatools.sqltools.sqlscrapbook.nl_fr" unpack="false" version="3.5.0.v20090620043401" download-size="7420" install-size="7420" />
	<plugin fragment="true" id="org.eclipse.datatools.sqltools.tabledataeditor.nl_fr" unpack="false" version="3.5.0.v20090620043401" download-size="3268" install-size="3268" />
</feature>