<?xml version="1.0" encoding="UTF-8" ?>
<feature
	id="org.eclipse.babel.nls_modeling.mdt_hi"
	label="Babel Language Pack for modeling.mdt in Hindi (0.93%)"
	image="eclipse_update_120.jpg"
	provider-name="%providerName"
	version="3.5.0.v20090620043401">
	<copyright>
		%copyright
	</copyright>
	<license url="%licenseURL">
		%license
	</license>
	<description>Babel Language Pack for modeling.mdt in Hindi</description>
	<plugin fragment="true" id="org.eclipse.emf.ocl.doc.nl_hi" unpack="false" version="3.5.0.v20090620043401" download-size="1367" install-size="1367" />
	<plugin fragment="true" id="org.eclipse.emf.ocl.examples.interpreter.nl_hi" unpack="false" version="3.5.0.v20090620043401" download-size="1380" install-size="1380" />
	<plugin fragment="true" id="org.eclipse.emf.ocl.examples.nl_hi" unpack="false" version="3.5.0.v20090620043401" download-size="1374" install-size="1374" />
	<plugin fragment="true" id="org.eclipse.emf.ocl.nl_hi" unpack="false" version="3.5.0.v20090620043401" download-size="1368" install-size="1368" />
	<plugin fragment="true" id="org.eclipse.emf.ocl.tests.nl_hi" unpack="false" version="3.5.0.v20090620043401" download-size="1372" install-size="1372" />
	<plugin fragment="true" id="org.eclipse.ocl.doc.nl_hi" unpack="false" version="3.5.0.v20090620043401" download-size="1363" install-size="1363" />
	<plugin fragment="true" id="org.eclipse.ocl.ecore.nl_hi" unpack="false" version="3.5.0.v20090620043401" download-size="1368" install-size="1368" />
	<plugin fragment="true" id="org.eclipse.ocl.ecore.tests.nl_hi" unpack="false" version="3.5.0.v20090620043401" download-size="1372" install-size="1372" />
	<plugin fragment="true" id="org.eclipse.ocl.nl_hi" unpack="false" version="3.5.0.v20090620043401" download-size="1363" install-size="1363" />
	<plugin fragment="true" id="org.eclipse.ocl.uml.nl_hi" unpack="false" version="3.5.0.v20090620043401" download-size="1367" install-size="1367" />
	<plugin fragment="true" id="org.eclipse.ocl.uml.tests.nl_hi" unpack="false" version="3.5.0.v20090620043401" download-size="1371" install-size="1371" />
	<plugin fragment="true" id="org.eclipse.uml2.codegen.ecore.nl_hi" unpack="false" version="3.5.0.v20090620043401" download-size="1371" install-size="1371" />
	<plugin fragment="true" id="org.eclipse.uml2.codegen.ecore.ui.nl_hi" unpack="false" version="3.5.0.v20090620043401" download-size="1372" install-size="1372" />
	<plugin fragment="true" id="org.eclipse.uml2.common.edit.nl_hi" unpack="false" version="3.5.0.v20090620043401" download-size="1369" install-size="1369" />
	<plugin fragment="true" id="org.eclipse.uml2.common.nl_hi" unpack="false" version="3.5.0.v20090620043401" download-size="1366" install-size="1366" />
	<plugin fragment="true" id="org.eclipse.uml2.diagram.activity.nl_hi" unpack="false" version="3.5.0.v20090620043401" download-size="1372" install-size="1372" />
	<plugin fragment="true" id="org.eclipse.uml2.diagram.clazz.nl_hi" unpack="false" version="3.5.0.v20090620043401" download-size="1372" install-size="1372" />
	<plugin fragment="true" id="org.eclipse.uml2.diagram.clazz.tests.nl_hi" unpack="false" version="3.5.0.v20090620043401" download-size="1375" install-size="1375" />
	<plugin fragment="true" id="org.eclipse.uml2.diagram.codegen.edit.nl_hi" unpack="false" version="3.5.0.v20090620043401" download-size="1374" install-size="1374" />
	<plugin fragment="true" id="org.eclipse.uml2.diagram.codegen.nl_hi" unpack="false" version="3.5.0.v20090620043401" download-size="1372" install-size="1372" />
	<plugin fragment="true" id="org.eclipse.uml2.diagram.common.nl_hi" unpack="false" version="3.5.0.v20090620043401" download-size="1371" install-size="1371" />
	<plugin fragment="true" id="org.eclipse.uml2.diagram.common.notation.nl_hi" unpack="false" version="3.5.0.v20090620043401" download-size="1376" install-size="1376" />
	<plugin fragment="true" id="org.eclipse.uml2.diagram.common.tests.nl_hi" unpack="false" version="3.5.0.v20090620043401" download-size="1375" install-size="1375" />
	<plugin fragment="true" id="org.eclipse.uml2.diagram.component.nl_hi" unpack="false" version="3.5.0.v20090620043401" download-size="1372" install-size="1372" />
	<plugin fragment="true" id="org.eclipse.uml2.diagram.csd.nl_hi" unpack="false" version="3.5.0.v20090620043401" download-size="1370" install-size="1370" />
	<plugin fragment="true" id="org.eclipse.uml2.diagram.def.nl_hi" unpack="false" version="3.5.0.v20090620043401" download-size="1370" install-size="1370" />
	<plugin fragment="true" id="org.eclipse.uml2.diagram.deploy.nl_hi" unpack="false" version="3.5.0.v20090620043401" download-size="1372" install-size="1372" />
	<plugin fragment="true" id="org.eclipse.uml2.diagram.examples.activity.nl_hi" unpack="false" version="3.5.0.v20090620043401" download-size="1378" install-size="1378" />
	<plugin fragment="true" id="org.eclipse.uml2.diagram.examples.clazz.nl_hi" unpack="false" version="3.5.0.v20090620043401" download-size="1378" install-size="1378" />
	<plugin fragment="true" id="org.eclipse.uml2.diagram.examples.profile.nl_hi" unpack="false" version="3.5.0.v20090620043401" download-size="1377" install-size="1377" />
	<plugin fragment="true" id="org.eclipse.uml2.diagram.examples.statemachine.nl_hi" unpack="false" version="3.5.0.v20090620043401" download-size="1381" install-size="1381" />
	<plugin fragment="true" id="org.eclipse.uml2.diagram.nl_hi" unpack="false" version="3.5.0.v20090620043401" download-size="1367" install-size="1367" />
	<plugin fragment="true" id="org.eclipse.uml2.diagram.parser.nl_hi" unpack="false" version="3.5.0.v20090620043401" download-size="1371" install-size="1371" />
	<plugin fragment="true" id="org.eclipse.uml2.diagram.profile.nl_hi" unpack="false" version="3.5.0.v20090620043401" download-size="1373" install-size="1373" />
	<plugin fragment="true" id="org.eclipse.uml2.diagram.profile.tests.nl_hi" unpack="false" version="3.5.0.v20090620043401" download-size="1376" install-size="1376" />
	<plugin fragment="true" id="org.eclipse.uml2.diagram.sequence.model.nl_hi" unpack="false" version="3.5.0.v20090620043401" download-size="1376" install-size="1376" />
	<plugin fragment="true" id="org.eclipse.uml2.diagram.sequence.nl_hi" unpack="false" version="3.5.0.v20090620043401" download-size="1372" install-size="1372" />
	<plugin fragment="true" id="org.eclipse.uml2.diagram.sequence.tests.nl_hi" unpack="false" version="3.5.0.v20090620043401" download-size="1376" install-size="1376" />
	<plugin fragment="true" id="org.eclipse.uml2.diagram.statemachine.nl_hi" unpack="false" version="3.5.0.v20090620043401" download-size="1375" install-size="1375" />
	<plugin fragment="true" id="org.eclipse.uml2.diagram.statemachine.tests.nl_hi" unpack="false" version="3.5.0.v20090620043401" download-size="1378" install-size="1378" />
	<plugin fragment="true" id="org.eclipse.uml2.diagram.usecase.nl_hi" unpack="false" version="3.5.0.v20090620043401" download-size="1372" install-size="1372" />
	<plugin fragment="true" id="org.eclipse.uml2.doc.nl_hi" unpack="false" version="3.5.0.v20090620043401" download-size="1364" install-size="1364" />
	<plugin fragment="true" id="org.eclipse.uml2.examples.nl_hi" unpack="false" version="3.5.0.v20090620043401" download-size="1368" install-size="1368" />
	<plugin fragment="true" id="org.eclipse.uml2.examples.uml.ui.nl_hi" unpack="false" version="3.5.0.v20090620043401" download-size="1372" install-size="1372" />
	<plugin fragment="true" id="org.eclipse.uml2.nl_hi" unpack="false" version="3.5.0.v20090620043401" download-size="1360" install-size="1360" />
	<plugin fragment="true" id="org.eclipse.uml2.tests.nl_hi" unpack="false" version="3.5.0.v20090620043401" download-size="1365" install-size="1365" />
	<plugin fragment="true" id="org.eclipse.uml2.uml.ecore.importer.nl_hi" unpack="false" version="3.5.0.v20090620043401" download-size="1372" install-size="1372" />
	<plugin fragment="true" id="org.eclipse.uml2.uml.edit.nl_hi" unpack="false" version="3.5.0.v20090620043401" download-size="1482" install-size="1482" />
	<plugin fragment="true" id="org.eclipse.uml2.uml.editor.nl_hi" unpack="false" version="3.5.0.v20090620043401" download-size="1368" install-size="1368" />
	<plugin fragment="true" id="org.eclipse.uml2.uml.nl_hi" unpack="false" version="3.5.0.v20090620043401" download-size="1363" install-size="1363" />
	<plugin fragment="true" id="org.eclipse.uml2.uml.resources.nl_hi" unpack="false" version="3.5.0.v20090620043401" download-size="1966" install-size="1966" />
	<plugin fragment="true" id="org.eclipse.uml2.uml.tests.nl_hi" unpack="false" version="3.5.0.v20090620043401" download-size="1367" install-size="1367" />
	<plugin fragment="true" id="org.eclipse.uml2tools.doc.nl_hi" unpack="false" version="3.5.0.v20090620043401" download-size="1367" install-size="1367" />
	<plugin fragment="true" id="org.eclipse.uml2tools.nl_hi" unpack="false" version="3.5.0.v20090620043401" download-size="1364" install-size="1364" />
</feature>