<?xml version="1.0" encoding="UTF-8" ?>
<feature
	id="org.eclipse.babel.nls_tptp.platform_sv"
	label="Babel Language Pack for tptp.platform in Swedish (17.24%)"
	image="eclipse_update_120.jpg"
	provider-name="%providerName"
	version="3.5.0.v20090620043401">
	<copyright>
		%copyright
	</copyright>
	<license url="%licenseURL">
		%license
	</license>
	<description>Babel Language Pack for tptp.platform in Swedish</description>
	<plugin fragment="true" id="org.eclipse.hyades.analysis.engine.nl_sv" unpack="false" version="3.5.0.v20090620043401" download-size="1373" install-size="1373" />
	<plugin fragment="true" id="org.eclipse.hyades.logging.adapter.nl_sv" unpack="false" version="3.5.0.v20090620043401" download-size="3073" install-size="3073" />
	<plugin fragment="true" id="org.eclipse.hyades.logging.adapter.ui.nl_sv" unpack="false" version="3.5.0.v20090620043401" download-size="4534" install-size="4534" />
	<plugin fragment="true" id="org.eclipse.hyades.logging.parsers.nl_sv" unpack="false" version="3.5.0.v20090620043401" download-size="2452" install-size="2452" />
	<plugin fragment="true" id="org.eclipse.hyades.probekit.ui.nl_sv" unpack="false" version="3.5.0.v20090620043401" download-size="3893" install-size="3893" />
	<plugin fragment="true" id="org.eclipse.hyades.resources.database.nl_sv" unpack="false" version="3.5.0.v20090620043401" download-size="1377" install-size="1377" />
	<plugin fragment="true" id="org.eclipse.hyades.sdb.nl_sv" unpack="false" version="3.5.0.v20090620043401" download-size="6320" install-size="6320" />
	<plugin fragment="true" id="org.eclipse.hyades.statistical.ui.nl_sv" unpack="false" version="3.5.0.v20090620043401" download-size="1378" install-size="1378" />
	<plugin fragment="true" id="org.eclipse.hyades.test.core.nl_sv" unpack="false" version="3.5.0.v20090620043401" download-size="3225" install-size="3225" />
	<plugin fragment="true" id="org.eclipse.hyades.test.tools.ui.nl_sv" unpack="false" version="3.5.0.v20090620043401" download-size="3517" install-size="3517" />
	<plugin fragment="true" id="org.eclipse.hyades.test.ui.extensions.nl_sv" unpack="false" version="3.5.0.v20090620043401" download-size="2663" install-size="2663" />
	<plugin fragment="true" id="org.eclipse.hyades.test.ui.nl_sv" unpack="false" version="3.5.0.v20090620043401" download-size="8985" install-size="8985" />
	<plugin fragment="true" id="org.eclipse.hyades.trace.ui.nl_sv" unpack="false" version="3.5.0.v20090620043401" download-size="5884" install-size="5884" />
	<plugin fragment="true" id="org.eclipse.hyades.trace.views.nl_sv" unpack="false" version="3.5.0.v20090620043401" download-size="2629" install-size="2629" />
	<plugin fragment="true" id="org.eclipse.hyades.ui.nl_sv" unpack="false" version="3.5.0.v20090620043401" download-size="1380" install-size="1380" />
	<plugin fragment="true" id="org.eclipse.tptp.lta.gla.ui.epi.nl_sv" unpack="false" version="3.5.0.v20090620043401" download-size="1372" install-size="1372" />
	<plugin fragment="true" id="org.eclipse.tptp.lta.log.epi.nl_sv" unpack="false" version="3.5.0.v20090620043401" download-size="1412" install-size="1412" />
	<plugin fragment="true" id="org.eclipse.tptp.lta.runtime.nl_sv" unpack="false" version="3.5.0.v20090620043401" download-size="1371" install-size="1371" />
	<plugin fragment="true" id="org.eclipse.tptp.lta.sdb.epi.nl_sv" unpack="false" version="3.5.0.v20090620043401" download-size="1374" install-size="1374" />
	<plugin fragment="true" id="org.eclipse.tptp.lta.symptom.epi.nl_sv" unpack="false" version="3.5.0.v20090620043401" download-size="1375" install-size="1375" />
	<plugin fragment="true" id="org.eclipse.tptp.monitoring.la.core.nl_sv" unpack="false" version="3.5.0.v20090620043401" download-size="1375" install-size="1375" />
	<plugin fragment="true" id="org.eclipse.tptp.monitoring.logui.nl_sv" unpack="false" version="3.5.0.v20090620043401" download-size="2762" install-size="2762" />
	<plugin fragment="true" id="org.eclipse.tptp.monitoring.lta.doc.isv.nl_sv" unpack="false" version="3.5.0.v20090620043401" download-size="1377" install-size="1377" />
	<plugin fragment="true" id="org.eclipse.tptp.monitoring.lta.doc.user.nl_sv" unpack="false" version="3.5.0.v20090620043401" download-size="1378" install-size="1378" />
	<plugin fragment="true" id="org.eclipse.tptp.monitoring.lta.examples.isv.nl_sv" unpack="false" version="3.5.0.v20090620043401" download-size="2855" install-size="2855" />
	<plugin fragment="true" id="org.eclipse.tptp.monitoring.lta.examples.nl_sv" unpack="false" version="3.5.0.v20090620043401" download-size="2684" install-size="2684" />
	<plugin fragment="true" id="org.eclipse.tptp.monitoring.managedagent.jmx.nl_sv" unpack="false" version="3.5.0.v20090620043401" download-size="2658" install-size="2658" />
	<plugin fragment="true" id="org.eclipse.tptp.monitoring.managedagent.ui.nl_sv" unpack="false" version="3.5.0.v20090620043401" download-size="4959" install-size="4959" />
	<plugin fragment="true" id="org.eclipse.tptp.monitoring.profile.server.nl_sv" unpack="false" version="3.5.0.v20090620043401" download-size="1381" install-size="1381" />
	<plugin fragment="true" id="org.eclipse.tptp.monitoring.report.birt.nl_sv" unpack="false" version="3.5.0.v20090620043401" download-size="2593" install-size="2593" />
	<plugin fragment="true" id="org.eclipse.tptp.monitoring.symptom.doc.user.nl_sv" unpack="false" version="3.5.0.v20090620043401" download-size="1381" install-size="1381" />
	<plugin fragment="true" id="org.eclipse.tptp.monitoring.symptom.editor.nl_sv" unpack="false" version="3.5.0.v20090620043401" download-size="1379" install-size="1379" />
	<plugin fragment="true" id="org.eclipse.tptp.platform.agentcontroller.nl_sv" unpack="false" version="3.5.0.v20090620043401" download-size="2571" install-size="2571" />
	<plugin fragment="true" id="org.eclipse.tptp.platform.analysis.codereview.cpp.nl_sv" unpack="false" version="3.5.0.v20090620043401" download-size="1384" install-size="1384" />
	<plugin fragment="true" id="org.eclipse.tptp.platform.analysis.codereview.cpp.rules.nl_sv" unpack="false" version="3.5.0.v20090620043401" download-size="1475" install-size="1475" />
	<plugin fragment="true" id="org.eclipse.tptp.platform.analysis.codereview.java.nl_sv" unpack="false" version="3.5.0.v20090620043401" download-size="1423" install-size="1423" />
	<plugin fragment="true" id="org.eclipse.tptp.platform.analysis.codereview.java.rules.nl_sv" unpack="false" version="3.5.0.v20090620043401" download-size="1575" install-size="1575" />
	<plugin fragment="true" id="org.eclipse.tptp.platform.analysis.core.nl_sv" unpack="false" version="3.5.0.v20090620043401" download-size="2509" install-size="2509" />
	<plugin fragment="true" id="org.eclipse.tptp.platform.analysis.core.ui.nl_sv" unpack="false" version="3.5.0.v20090620043401" download-size="2951" install-size="2951" />
	<plugin fragment="true" id="org.eclipse.tptp.platform.common.nl_sv" unpack="false" version="3.5.0.v20090620043401" download-size="2304" install-size="2304" />
	<plugin fragment="true" id="org.eclipse.tptp.platform.common.ui.nl_sv" unpack="false" version="3.5.0.v20090620043401" download-size="4780" install-size="4780" />
	<plugin fragment="true" id="org.eclipse.tptp.platform.common.ui.trace.nl_sv" unpack="false" version="3.5.0.v20090620043401" download-size="3081" install-size="3081" />
	<plugin fragment="true" id="org.eclipse.tptp.platform.examples.isv.nl_sv" unpack="false" version="3.5.0.v20090620043401" download-size="2592" install-size="2592" />
	<plugin fragment="true" id="org.eclipse.tptp.platform.examples.nl_sv" unpack="false" version="3.5.0.v20090620043401" download-size="1403" install-size="1403" />
	<plugin fragment="true" id="org.eclipse.tptp.platform.iac.administrator.nl_sv" unpack="false" version="3.5.0.v20090620043401" download-size="3300" install-size="3300" />
	<plugin fragment="true" id="org.eclipse.tptp.platform.instrumentation.ui.nl_sv" unpack="false" version="3.5.0.v20090620043401" download-size="3178" install-size="3178" />
	<plugin fragment="true" id="org.eclipse.tptp.platform.integration.pde.nl_sv" unpack="false" version="3.5.0.v20090620043401" download-size="2736" install-size="2736" />
	<plugin fragment="true" id="org.eclipse.tptp.platform.la.core.nl_sv" unpack="false" version="3.5.0.v20090620043401" download-size="2636" install-size="2636" />
	<plugin fragment="true" id="org.eclipse.tptp.platform.llc.core.nl_sv" unpack="false" version="3.5.0.v20090620043401" download-size="1374" install-size="1374" />
	<plugin fragment="true" id="org.eclipse.tptp.platform.llc.doc.user.nl_sv" unpack="false" version="3.5.0.v20090620043401" download-size="1378" install-size="1378" />
	<plugin fragment="true" id="org.eclipse.tptp.platform.llc.launch.nl_sv" unpack="false" version="3.5.0.v20090620043401" download-size="2837" install-size="2837" />
	<plugin fragment="true" id="org.eclipse.tptp.platform.llc.ui.nl_sv" unpack="false" version="3.5.0.v20090620043401" download-size="1373" install-size="1373" />
	<plugin fragment="true" id="org.eclipse.tptp.platform.log.doc.user.nl_sv" unpack="false" version="3.5.0.v20090620043401" download-size="1377" install-size="1377" />
	<plugin fragment="true" id="org.eclipse.tptp.platform.log.views.nl_sv" unpack="false" version="3.5.0.v20090620043401" download-size="3820" install-size="3820" />
	<plugin fragment="true" id="org.eclipse.tptp.platform.lta.common.nl_sv" unpack="false" version="3.5.0.v20090620043401" download-size="2417" install-size="2417" />
	<plugin fragment="true" id="org.eclipse.tptp.platform.models.lta.nl_sv" unpack="false" version="3.5.0.v20090620043401" download-size="1375" install-size="1375" />
	<plugin fragment="true" id="org.eclipse.tptp.platform.models.nl_sv" unpack="false" version="3.5.0.v20090620043401" download-size="3120" install-size="3120" />
	<plugin fragment="true" id="org.eclipse.tptp.platform.probekit.launch.nl_sv" unpack="false" version="3.5.0.v20090620043401" download-size="3619" install-size="3619" />
	<plugin fragment="true" id="org.eclipse.tptp.platform.report.birt.nl_sv" unpack="false" version="3.5.0.v20090620043401" download-size="1379" install-size="1379" />
	<plugin fragment="true" id="org.eclipse.tptp.platform.report.birt.ui.nl_sv" unpack="false" version="3.5.0.v20090620043401" download-size="2527" install-size="2527" />
	<plugin fragment="true" id="org.eclipse.tptp.platform.report.core.nl_sv" unpack="false" version="3.5.0.v20090620043401" download-size="1457" install-size="1457" />
	<plugin fragment="true" id="org.eclipse.tptp.platform.report.ui.nl_sv" unpack="false" version="3.5.0.v20090620043401" download-size="1462" install-size="1462" />
	<plugin fragment="true" id="org.eclipse.tptp.test.auto.gui.nl_sv" unpack="false" version="3.5.0.v20090620043401" download-size="2853" install-size="2853" />
	<plugin fragment="true" id="org.eclipse.tptp.test.auto.nl_sv" unpack="false" version="3.5.0.v20090620043401" download-size="1369" install-size="1369" />
	<plugin fragment="true" id="org.eclipse.tptp.test.recorders.url.nl_sv" unpack="false" version="3.5.0.v20090620043401" download-size="4727" install-size="4727" />
	<plugin fragment="true" id="org.eclipse.tptp.test.report.birt.nl_sv" unpack="false" version="3.5.0.v20090620043401" download-size="3389" install-size="3389" />
	<plugin fragment="true" id="org.eclipse.tptp.test.samples.nl_sv" unpack="false" version="3.5.0.v20090620043401" download-size="2832" install-size="2832" />
	<plugin fragment="true" id="org.eclipse.tptp.test.tools.junit.plugin.nl_sv" unpack="false" version="3.5.0.v20090620043401" download-size="3187" install-size="3187" />
	<plugin fragment="true" id="org.eclipse.tptp.test.tools.manual.doc.user.nl_sv" unpack="false" version="3.5.0.v20090620043401" download-size="1378" install-size="1378" />
	<plugin fragment="true" id="org.eclipse.tptp.test.tools.manual.nl_sv" unpack="false" version="3.5.0.v20090620043401" download-size="4088" install-size="4088" />
	<plugin fragment="true" id="org.eclipse.tptp.trace.arm.nl_sv" unpack="false" version="3.5.0.v20090620043401" download-size="1398" install-size="1398" />
	<plugin fragment="true" id="org.eclipse.tptp.trace.arm.ui.nl_sv" unpack="false" version="3.5.0.v20090620043401" download-size="2501" install-size="2501" />
	<plugin fragment="true" id="org.eclipse.tptp.trace.jvmti.client.nl_sv" unpack="false" version="3.5.0.v20090620043401" download-size="2728" install-size="2728" />
	<plugin fragment="true" id="org.eclipse.tptp.trace.memory.nl_sv" unpack="false" version="3.5.0.v20090620043401" download-size="1374" install-size="1374" />
	<plugin fragment="true" id="org.eclipse.tptp.trace.report.birt.nl_sv" unpack="false" version="3.5.0.v20090620043401" download-size="2508" install-size="2508" />
</feature>