<?xml version="1.0" encoding="UTF-8" ?>
<feature
	id="org.eclipse.babel.nls_webtools.jsf_ja"
	label="Babel Language Pack for webtools.jsf in Japanese (81.31%)"
	image="eclipse_update_120.jpg"
	provider-name="%providerName"
	version="3.5.0.v20090620043401">
	<copyright>
		%copyright
	</copyright>
	<license url="%licenseURL">
		%license
	</license>
	<description>Babel Language Pack for webtools.jsf in Japanese</description>
	<plugin fragment="true" id="org.eclipse.jst.jsf.apache.trinidad.tagsupport.nl_ja" unpack="false" version="3.5.0.v20090620043401" download-size="3173" install-size="3173" />
	<plugin fragment="true" id="org.eclipse.jst.jsf.common.nl_ja" unpack="false" version="3.5.0.v20090620043401" download-size="3044" install-size="3044" />
	<plugin fragment="true" id="org.eclipse.jst.jsf.common.runtime.nl_ja" unpack="false" version="3.5.0.v20090620043401" download-size="1378" install-size="1378" />
	<plugin fragment="true" id="org.eclipse.jst.jsf.common.ui.nl_ja" unpack="false" version="3.5.0.v20090620043401" download-size="6139" install-size="6139" />
	<plugin fragment="true" id="org.eclipse.jst.jsf.core.nl_ja" unpack="false" version="3.5.0.v20090620043401" download-size="10492" install-size="10492" />
	<plugin fragment="true" id="org.eclipse.jst.jsf.facesconfig.nl_ja" unpack="false" version="3.5.0.v20090620043401" download-size="9673" install-size="9673" />
	<plugin fragment="true" id="org.eclipse.jst.jsf.facesconfig.ui.nl_ja" unpack="false" version="3.5.0.v20090620043401" download-size="14685" install-size="14685" />
	<plugin fragment="true" id="org.eclipse.jst.jsf.standard.tagsupport.nl_ja" unpack="false" version="3.5.0.v20090620043401" download-size="3178" install-size="3178" />
	<plugin fragment="true" id="org.eclipse.jst.jsf.ui.nl_ja" unpack="false" version="3.5.0.v20090620043401" download-size="8510" install-size="8510" />
	<plugin fragment="true" id="org.eclipse.jst.pagedesigner.jsf.ui.nl_ja" unpack="false" version="3.5.0.v20090620043401" download-size="6050" install-size="6050" />
	<plugin fragment="true" id="org.eclipse.jst.pagedesigner.jsp.core.nl_ja" unpack="false" version="3.5.0.v20090620043401" download-size="1445" install-size="1445" />
	<plugin fragment="true" id="org.eclipse.jst.pagedesigner.nl_ja" unpack="false" version="3.5.0.v20090620043401" download-size="15340" install-size="15340" />
</feature>