<?xml version="1.0" encoding="UTF-8" ?>
<feature
	id="org.eclipse.babel.nls_webtools.webservices_es"
	label="Babel Language Pack for webtools.webservices in Spanish (89.57%)"
	image="eclipse_update_120.jpg"
	provider-name="%providerName"
	version="3.5.0.v20090620043401">
	<copyright>
		%copyright
	</copyright>
	<license url="%licenseURL">
		%license
	</license>
	<description>Babel Language Pack for webtools.webservices in Spanish</description>
	<plugin fragment="true" id="org.eclipse.jst.ws.axis.consumption.core.nl_es" unpack="false" version="3.5.0.v20090620043401" download-size="4254" install-size="4254" />
	<plugin fragment="true" id="org.eclipse.jst.ws.axis.consumption.ui.nl_es" unpack="false" version="3.5.0.v20090620043401" download-size="4680" install-size="4680" />
	<plugin fragment="true" id="org.eclipse.jst.ws.axis.creation.ui.nl_es" unpack="false" version="3.5.0.v20090620043401" download-size="4027" install-size="4027" />
	<plugin fragment="true" id="org.eclipse.jst.ws.axis2.consumption.core.nl_es" unpack="false" version="3.5.0.v20090620043401" download-size="2807" install-size="2807" />
	<plugin fragment="true" id="org.eclipse.jst.ws.axis2.consumption.ui.nl_es" unpack="false" version="3.5.0.v20090620043401" download-size="1425" install-size="1425" />
	<plugin fragment="true" id="org.eclipse.jst.ws.axis2.core.nl_es" unpack="false" version="3.5.0.v20090620043401" download-size="2685" install-size="2685" />
	<plugin fragment="true" id="org.eclipse.jst.ws.axis2.creation.core.nl_es" unpack="false" version="3.5.0.v20090620043401" download-size="2775" install-size="2775" />
	<plugin fragment="true" id="org.eclipse.jst.ws.axis2.creation.ui.nl_es" unpack="false" version="3.5.0.v20090620043401" download-size="1380" install-size="1380" />
	<plugin fragment="true" id="org.eclipse.jst.ws.axis2.ui.doc.user.nl_es" unpack="false" version="3.5.0.v20090620043401" download-size="1376" install-size="1376" />
	<plugin fragment="true" id="org.eclipse.jst.ws.axis2.ui.nl_es" unpack="false" version="3.5.0.v20090620043401" download-size="1376" install-size="1376" />
	<plugin fragment="true" id="org.eclipse.jst.ws.consumption.nl_es" unpack="false" version="3.5.0.v20090620043401" download-size="4868" install-size="4868" />
	<plugin fragment="true" id="org.eclipse.jst.ws.consumption.ui.nl_es" unpack="false" version="3.5.0.v20090620043401" download-size="10184" install-size="10184" />
	<plugin fragment="true" id="org.eclipse.jst.ws.creation.ejb.ui.nl_es" unpack="false" version="3.5.0.v20090620043401" download-size="1511" install-size="1511" />
	<plugin fragment="true" id="org.eclipse.jst.ws.creation.ui.nl_es" unpack="false" version="3.5.0.v20090620043401" download-size="3041" install-size="3041" />
	<plugin fragment="true" id="org.eclipse.jst.ws.nl_es" unpack="false" version="3.5.0.v20090620043401" download-size="3644" install-size="3644" />
	<plugin fragment="true" id="org.eclipse.jst.ws.uddiregistry.nl_es" unpack="false" version="3.5.0.v20090620043401" download-size="2833" install-size="2833" />
	<plugin fragment="true" id="org.eclipse.jst.ws.ui.nl_es" unpack="false" version="3.5.0.v20090620043401" download-size="3655" install-size="3655" />
	<plugin fragment="true" id="org.eclipse.wst.command.env.core.nl_es" unpack="false" version="3.5.0.v20090620043401" download-size="2704" install-size="2704" />
	<plugin fragment="true" id="org.eclipse.wst.command.env.nl_es" unpack="false" version="3.5.0.v20090620043401" download-size="5107" install-size="5107" />
	<plugin fragment="true" id="org.eclipse.wst.command.env.ui.nl_es" unpack="false" version="3.5.0.v20090620043401" download-size="3415" install-size="3415" />
	<plugin fragment="true" id="org.eclipse.wst.ws.explorer.nl_es" unpack="false" version="3.5.0.v20090620043401" download-size="17252" install-size="17252" />
	<plugin fragment="true" id="org.eclipse.wst.ws.nl_es" unpack="false" version="3.5.0.v20090620043401" download-size="2776" install-size="2776" />
	<plugin fragment="true" id="org.eclipse.wst.ws.parser.nl_es" unpack="false" version="3.5.0.v20090620043401" download-size="3284" install-size="3284" />
	<plugin fragment="true" id="org.eclipse.wst.ws.service.policy.nl_es" unpack="false" version="3.5.0.v20090620043401" download-size="1498" install-size="1498" />
	<plugin fragment="true" id="org.eclipse.wst.ws.service.policy.ui.nl_es" unpack="false" version="3.5.0.v20090620043401" download-size="2899" install-size="2899" />
	<plugin fragment="true" id="org.eclipse.wst.ws.ui.nl_es" unpack="false" version="3.5.0.v20090620043401" download-size="3109" install-size="3109" />
	<plugin fragment="true" id="org.eclipse.wst.wsdl.nl_es" unpack="false" version="3.5.0.v20090620043401" download-size="1365" install-size="1365" />
	<plugin fragment="true" id="org.eclipse.wst.wsdl.ui.nl_es" unpack="false" version="3.5.0.v20090620043401" download-size="6186" install-size="6186" />
	<plugin fragment="true" id="org.eclipse.wst.wsdl.validation.nl_es" unpack="false" version="3.5.0.v20090620043401" download-size="7867" install-size="7867" />
	<plugin fragment="true" id="org.eclipse.wst.wsi.nl_es" unpack="false" version="3.5.0.v20090620043401" download-size="5916" install-size="5916" />
	<plugin fragment="true" id="org.eclipse.wst.wsi.ui.nl_es" unpack="false" version="3.5.0.v20090620043401" download-size="3944" install-size="3944" />
</feature>