<?xml version="1.0" encoding="UTF-8" ?>
<feature
	id="org.eclipse.babel.nls_modeling.emf_cs"
	label="Babel Language Pack for modeling.emf in Czech (68.72%)"
	image="eclipse_update_120.jpg"
	provider-name="%providerName"
	version="3.5.0.v20090620043401">
	<copyright>
		%copyright
	</copyright>
	<license url="%licenseURL">
		%license
	</license>
	<description>Babel Language Pack for modeling.emf in Czech</description>
	<plugin fragment="true" id="library.ecore.nl_cs" unpack="false" version="3.5.0.v20090620043401" download-size="1366" install-size="1366" />
	<plugin fragment="true" id="library.java.nl_cs" unpack="false" version="3.5.0.v20090620043401" download-size="1366" install-size="1366" />
	<plugin fragment="true" id="library.rose.nl_cs" unpack="false" version="3.5.0.v20090620043401" download-size="1366" install-size="1366" />
	<plugin fragment="true" id="library.xsd.nl_cs" unpack="false" version="3.5.0.v20090620043401" download-size="1365" install-size="1365" />
	<plugin fragment="true" id="library.xsds.nl_cs" unpack="false" version="3.5.0.v20090620043401" download-size="1366" install-size="1366" />
	<plugin fragment="true" id="org.eclipse.emf.activities.nl_cs" unpack="false" version="3.5.0.v20090620043401" download-size="1403" install-size="1403" />
	<plugin fragment="true" id="org.eclipse.emf.ant.nl_cs" unpack="false" version="3.5.0.v20090620043401" download-size="1385" install-size="1385" />
	<plugin fragment="true" id="org.eclipse.emf.cdo.common.nl_cs" unpack="false" version="3.5.0.v20090620043401" download-size="1369" install-size="1369" />
	<plugin fragment="true" id="org.eclipse.emf.cdo.defs.nl_cs" unpack="false" version="3.5.0.v20090620043401" download-size="1367" install-size="1367" />
	<plugin fragment="true" id="org.eclipse.emf.cdo.doc.nl_cs" unpack="false" version="3.5.0.v20090620043401" download-size="1367" install-size="1367" />
	<plugin fragment="true" id="org.eclipse.emf.cdo.edit.nl_cs" unpack="false" version="3.5.0.v20090620043401" download-size="3561" install-size="3561" />
	<plugin fragment="true" id="org.eclipse.emf.cdo.examples.nl_cs" unpack="false" version="3.5.0.v20090620043401" download-size="1370" install-size="1370" />
	<plugin fragment="true" id="org.eclipse.emf.cdo.examples.spring.nl_cs" unpack="false" version="3.5.0.v20090620043401" download-size="1375" install-size="1375" />
	<plugin fragment="true" id="org.eclipse.emf.cdo.migrator.nl_cs" unpack="false" version="3.5.0.v20090620043401" download-size="2669" install-size="2669" />
	<plugin fragment="true" id="org.eclipse.emf.cdo.nl_cs" unpack="false" version="3.5.0.v20090620043401" download-size="2906" install-size="2906" />
	<plugin fragment="true" id="org.eclipse.emf.cdo.server.db.nl_cs" unpack="false" version="3.5.0.v20090620043401" download-size="1371" install-size="1371" />
	<plugin fragment="true" id="org.eclipse.emf.cdo.server.hibernate.id.nl_cs" unpack="false" version="3.5.0.v20090620043401" download-size="1377" install-size="1377" />
	<plugin fragment="true" id="org.eclipse.emf.cdo.server.hibernate.nl_cs" unpack="false" version="3.5.0.v20090620043401" download-size="1695" install-size="1695" />
	<plugin fragment="true" id="org.eclipse.emf.cdo.server.hibernate.teneo.nl_cs" unpack="false" version="3.5.0.v20090620043401" download-size="1377" install-size="1377" />
	<plugin fragment="true" id="org.eclipse.emf.cdo.server.nl_cs" unpack="false" version="3.5.0.v20090620043401" download-size="1369" install-size="1369" />
	<plugin fragment="true" id="org.eclipse.emf.cdo.tests.db.nl_cs" unpack="false" version="3.5.0.v20090620043401" download-size="1370" install-size="1370" />
	<plugin fragment="true" id="org.eclipse.emf.cdo.tests.hibernate.client.nl_cs" unpack="false" version="3.5.0.v20090620043401" download-size="1378" install-size="1378" />
	<plugin fragment="true" id="org.eclipse.emf.cdo.tests.hibernate.nl_cs" unpack="false" version="3.5.0.v20090620043401" download-size="1918" install-size="1918" />
	<plugin fragment="true" id="org.eclipse.emf.cdo.tests.mango.edit.nl_cs" unpack="false" version="3.5.0.v20090620043401" download-size="1658" install-size="1658" />
	<plugin fragment="true" id="org.eclipse.emf.cdo.tests.mango.nl_cs" unpack="false" version="3.5.0.v20090620043401" download-size="1372" install-size="1372" />
	<plugin fragment="true" id="org.eclipse.emf.cdo.tests.model1.edit.nl_cs" unpack="false" version="3.5.0.v20090620043401" download-size="1730" install-size="1730" />
	<plugin fragment="true" id="org.eclipse.emf.cdo.tests.model1.nl_cs" unpack="false" version="3.5.0.v20090620043401" download-size="1372" install-size="1372" />
	<plugin fragment="true" id="org.eclipse.emf.cdo.tests.model2.edit.nl_cs" unpack="false" version="3.5.0.v20090620043401" download-size="1658" install-size="1658" />
	<plugin fragment="true" id="org.eclipse.emf.cdo.tests.model2.nl_cs" unpack="false" version="3.5.0.v20090620043401" download-size="1372" install-size="1372" />
	<plugin fragment="true" id="org.eclipse.emf.cdo.tests.model3.edit.nl_cs" unpack="false" version="3.5.0.v20090620043401" download-size="1610" install-size="1610" />
	<plugin fragment="true" id="org.eclipse.emf.cdo.tests.model3.nl_cs" unpack="false" version="3.5.0.v20090620043401" download-size="1372" install-size="1372" />
	<plugin fragment="true" id="org.eclipse.emf.cdo.tests.model4.nl_cs" unpack="false" version="3.5.0.v20090620043401" download-size="1372" install-size="1372" />
	<plugin fragment="true" id="org.eclipse.emf.cdo.tests.model4interfaces.nl_cs" unpack="false" version="3.5.0.v20090620043401" download-size="1378" install-size="1378" />
	<plugin fragment="true" id="org.eclipse.emf.cdo.tests.model5.nl_cs" unpack="false" version="3.5.0.v20090620043401" download-size="1372" install-size="1372" />
	<plugin fragment="true" id="org.eclipse.emf.cdo.tests.nl_cs" unpack="false" version="3.5.0.v20090620043401" download-size="1368" install-size="1368" />
	<plugin fragment="true" id="org.eclipse.emf.cdo.ui.capabilities.nl_cs" unpack="false" version="3.5.0.v20090620043401" download-size="1373" install-size="1373" />
	<plugin fragment="true" id="org.eclipse.emf.cdo.ui.defs.nl_cs" unpack="false" version="3.5.0.v20090620043401" download-size="1370" install-size="1370" />
	<plugin fragment="true" id="org.eclipse.emf.cdo.ui.nl_cs" unpack="false" version="3.5.0.v20090620043401" download-size="4424" install-size="4424" />
	<plugin fragment="true" id="org.eclipse.emf.cheatsheets.nl_cs" unpack="false" version="3.5.0.v20090620043401" download-size="1370" install-size="1370" />
	<plugin fragment="true" id="org.eclipse.emf.codegen.ecore.nl_cs" unpack="false" version="3.5.0.v20090620043401" download-size="3180" install-size="3180" />
	<plugin fragment="true" id="org.eclipse.emf.codegen.ecore.ui.nl_cs" unpack="false" version="3.5.0.v20090620043401" download-size="7005" install-size="7005" />
	<plugin fragment="true" id="org.eclipse.emf.codegen.nl_cs" unpack="false" version="3.5.0.v20090620043401" download-size="2610" install-size="2610" />
	<plugin fragment="true" id="org.eclipse.emf.codegen.ui.nl_cs" unpack="false" version="3.5.0.v20090620043401" download-size="2067" install-size="2067" />
	<plugin fragment="true" id="org.eclipse.emf.common.nl_cs" unpack="false" version="3.5.0.v20090620043401" download-size="1995" install-size="1995" />
	<plugin fragment="true" id="org.eclipse.emf.common.ui.nl_cs" unpack="false" version="3.5.0.v20090620043401" download-size="2490" install-size="2490" />
	<plugin fragment="true" id="org.eclipse.emf.converter.nl_cs" unpack="false" version="3.5.0.v20090620043401" download-size="2374" install-size="2374" />
	<plugin fragment="true" id="org.eclipse.emf.databinding.edit.nl_cs" unpack="false" version="3.5.0.v20090620043401" download-size="1372" install-size="1372" />
	<plugin fragment="true" id="org.eclipse.emf.databinding.nl_cs" unpack="false" version="3.5.0.v20090620043401" download-size="1370" install-size="1370" />
	<plugin fragment="true" id="org.eclipse.emf.doc.nl_cs" unpack="false" version="3.5.0.v20090620043401" download-size="1701" install-size="1701" />
	<plugin fragment="true" id="org.eclipse.emf.ecore.change.edit.nl_cs" unpack="false" version="3.5.0.v20090620043401" download-size="1904" install-size="1904" />
	<plugin fragment="true" id="org.eclipse.emf.ecore.change.nl_cs" unpack="false" version="3.5.0.v20090620043401" download-size="1394" install-size="1394" />
	<plugin fragment="true" id="org.eclipse.emf.ecore.edit.nl_cs" unpack="false" version="3.5.0.v20090620043401" download-size="2877" install-size="2877" />
	<plugin fragment="true" id="org.eclipse.emf.ecore.editor.nl_cs" unpack="false" version="3.5.0.v20090620043401" download-size="2572" install-size="2572" />
	<plugin fragment="true" id="org.eclipse.emf.ecore.nl_cs" unpack="false" version="3.5.0.v20090620043401" download-size="3006" install-size="3006" />
	<plugin fragment="true" id="org.eclipse.emf.ecore.xmi.nl_cs" unpack="false" version="3.5.0.v20090620043401" download-size="1386" install-size="1386" />
	<plugin fragment="true" id="org.eclipse.emf.edit.nl_cs" unpack="false" version="3.5.0.v20090620043401" download-size="2477" install-size="2477" />
	<plugin fragment="true" id="org.eclipse.emf.edit.ui.nl_cs" unpack="false" version="3.5.0.v20090620043401" download-size="2551" install-size="2551" />
	<plugin fragment="true" id="org.eclipse.emf.example.installer.nl_cs" unpack="false" version="3.5.0.v20090620043401" download-size="1414" install-size="1414" />
	<plugin fragment="true" id="org.eclipse.emf.examples.databinding.project.core.model.nl_cs" unpack="false" version="3.5.0.v20090620043401" download-size="1393" install-size="1393" />
	<plugin fragment="true" id="org.eclipse.emf.examples.generator.validator.nl_cs" unpack="false" version="3.5.0.v20090620043401" download-size="1380" install-size="1380" />
	<plugin fragment="true" id="org.eclipse.emf.examples.jet.article2.nl_cs" unpack="false" version="3.5.0.v20090620043401" download-size="1565" install-size="1565" />
	<plugin fragment="true" id="org.eclipse.emf.examples.library.edit.nl_cs" unpack="false" version="3.5.0.v20090620043401" download-size="1775" install-size="1775" />
	<plugin fragment="true" id="org.eclipse.emf.examples.library.editor.nl_cs" unpack="false" version="3.5.0.v20090620043401" download-size="2059" install-size="2059" />
	<plugin fragment="true" id="org.eclipse.emf.examples.library.nl_cs" unpack="false" version="3.5.0.v20090620043401" download-size="1373" install-size="1373" />
	<plugin fragment="true" id="org.eclipse.emf.examples.nl_cs" unpack="false" version="3.5.0.v20090620043401" download-size="1368" install-size="1368" />
	<plugin fragment="true" id="org.eclipse.emf.exporter.html.nl_cs" unpack="false" version="3.5.0.v20090620043401" download-size="1416" install-size="1416" />
	<plugin fragment="true" id="org.eclipse.emf.exporter.nl_cs" unpack="false" version="3.5.0.v20090620043401" download-size="1407" install-size="1407" />
	<plugin fragment="true" id="org.eclipse.emf.importer.ecore.nl_cs" unpack="false" version="3.5.0.v20090620043401" download-size="1720" install-size="1720" />
	<plugin fragment="true" id="org.eclipse.emf.importer.java.nl_cs" unpack="false" version="3.5.0.v20090620043401" download-size="1884" install-size="1884" />
	<plugin fragment="true" id="org.eclipse.emf.importer.nl_cs" unpack="false" version="3.5.0.v20090620043401" download-size="2363" install-size="2363" />
	<plugin fragment="true" id="org.eclipse.emf.importer.rose.nl_cs" unpack="false" version="3.5.0.v20090620043401" download-size="3250" install-size="3250" />
	<plugin fragment="true" id="org.eclipse.emf.java.edit.nl_cs" unpack="false" version="3.5.0.v20090620043401" download-size="2081" install-size="2081" />
	<plugin fragment="true" id="org.eclipse.emf.java.editor.nl_cs" unpack="false" version="3.5.0.v20090620043401" download-size="1983" install-size="1983" />
	<plugin fragment="true" id="org.eclipse.emf.java.nl_cs" unpack="false" version="3.5.0.v20090620043401" download-size="1365" install-size="1365" />
	<plugin fragment="true" id="org.eclipse.emf.mapping.ecore.editor.nl_cs" unpack="false" version="3.5.0.v20090620043401" download-size="1374" install-size="1374" />
	<plugin fragment="true" id="org.eclipse.emf.mapping.ecore.nl_cs" unpack="false" version="3.5.0.v20090620043401" download-size="1370" install-size="1370" />
	<plugin fragment="true" id="org.eclipse.emf.mapping.ecore2ecore.editor.nl_cs" unpack="false" version="3.5.0.v20090620043401" download-size="2453" install-size="2453" />
	<plugin fragment="true" id="org.eclipse.emf.mapping.ecore2ecore.nl_cs" unpack="false" version="3.5.0.v20090620043401" download-size="1518" install-size="1518" />
	<plugin fragment="true" id="org.eclipse.emf.mapping.ecore2xml.nl_cs" unpack="false" version="3.5.0.v20090620043401" download-size="1395" install-size="1395" />
	<plugin fragment="true" id="org.eclipse.emf.mapping.ecore2xml.ui.nl_cs" unpack="false" version="3.5.0.v20090620043401" download-size="2524" install-size="2524" />
	<plugin fragment="true" id="org.eclipse.emf.mapping.nl_cs" unpack="false" version="3.5.0.v20090620043401" download-size="2521" install-size="2521" />
	<plugin fragment="true" id="org.eclipse.emf.mapping.ui.nl_cs" unpack="false" version="3.5.0.v20090620043401" download-size="2319" install-size="2319" />
	<plugin fragment="true" id="org.eclipse.emf.mapping.xsd2ecore.editor.nl_cs" unpack="false" version="3.5.0.v20090620043401" download-size="2057" install-size="2057" />
	<plugin fragment="true" id="org.eclipse.emf.mapping.xsd2ecore.nl_cs" unpack="false" version="3.5.0.v20090620043401" download-size="1524" install-size="1524" />
	<plugin fragment="true" id="org.eclipse.emf.nl_cs" unpack="false" version="3.5.0.v20090620043401" download-size="1361" install-size="1361" />
	<plugin fragment="true" id="org.eclipse.emf.query.doc.nl_cs" unpack="false" version="3.5.0.v20090620043401" download-size="1659" install-size="1659" />
	<plugin fragment="true" id="org.eclipse.emf.query.examples.nl_cs" unpack="false" version="3.5.0.v20090620043401" download-size="1659" install-size="1659" />
	<plugin fragment="true" id="org.eclipse.emf.query.examples.ocl.nl_cs" unpack="false" version="3.5.0.v20090620043401" download-size="1379" install-size="1379" />
	<plugin fragment="true" id="org.eclipse.emf.query.examples.statements.nl_cs" unpack="false" version="3.5.0.v20090620043401" download-size="1383" install-size="1383" />
	<plugin fragment="true" id="org.eclipse.emf.query.nl_cs" unpack="false" version="3.5.0.v20090620043401" download-size="2672" install-size="2672" />
	<plugin fragment="true" id="org.eclipse.emf.query.ocl.nl_cs" unpack="false" version="3.5.0.v20090620043401" download-size="1652" install-size="1652" />
	<plugin fragment="true" id="org.eclipse.emf.query.ocl.tests.nl_cs" unpack="false" version="3.5.0.v20090620043401" download-size="1377" install-size="1377" />
	<plugin fragment="true" id="org.eclipse.emf.query.tests.nl_cs" unpack="false" version="3.5.0.v20090620043401" download-size="1375" install-size="1375" />
	<plugin fragment="true" id="org.eclipse.emf.test.build.nl_cs" unpack="false" version="3.5.0.v20090620043401" download-size="1369" install-size="1369" />
	<plugin fragment="true" id="org.eclipse.emf.test.common.nl_cs" unpack="false" version="3.5.0.v20090620043401" download-size="1781" install-size="1781" />
	<plugin fragment="true" id="org.eclipse.emf.test.core.nl_cs" unpack="false" version="3.5.0.v20090620043401" download-size="1368" install-size="1368" />
	<plugin fragment="true" id="org.eclipse.emf.test.edit.nl_cs" unpack="false" version="3.5.0.v20090620043401" download-size="2301" install-size="2301" />
	<plugin fragment="true" id="org.eclipse.emf.test.examples.nl_cs" unpack="false" version="3.5.0.v20090620043401" download-size="1371" install-size="1371" />
	<plugin fragment="true" id="org.eclipse.emf.test.tools.nl_cs" unpack="false" version="3.5.0.v20090620043401" download-size="1368" install-size="1368" />
	<plugin fragment="true" id="org.eclipse.emf.test.xml.nl_cs" unpack="false" version="3.5.0.v20090620043401" download-size="1367" install-size="1367" />
	<plugin fragment="true" id="org.eclipse.emf.tests.nl_cs" unpack="false" version="3.5.0.v20090620043401" download-size="1365" install-size="1365" />
	<plugin fragment="true" id="org.eclipse.emf.transaction.doc.nl_cs" unpack="false" version="3.5.0.v20090620043401" download-size="1670" install-size="1670" />
	<plugin fragment="true" id="org.eclipse.emf.transaction.examples.nl_cs" unpack="false" version="3.5.0.v20090620043401" download-size="1667" install-size="1667" />
	<plugin fragment="true" id="org.eclipse.emf.transaction.nl_cs" unpack="false" version="3.5.0.v20090620043401" download-size="3424" install-size="3424" />
	<plugin fragment="true" id="org.eclipse.emf.transaction.tests.nl_cs" unpack="false" version="3.5.0.v20090620043401" download-size="1377" install-size="1377" />
	<plugin fragment="true" id="org.eclipse.emf.transaction.ui.nl_cs" unpack="false" version="3.5.0.v20090620043401" download-size="2691" install-size="2691" />
	<plugin fragment="true" id="org.eclipse.emf.validation.doc.nl_cs" unpack="false" version="3.5.0.v20090620043401" download-size="1667" install-size="1667" />
	<plugin fragment="true" id="org.eclipse.emf.validation.examples.adapter.nl_cs" unpack="false" version="3.5.0.v20090620043401" download-size="1384" install-size="1384" />
	<plugin fragment="true" id="org.eclipse.emf.validation.examples.general.nl_cs" unpack="false" version="3.5.0.v20090620043401" download-size="3033" install-size="3033" />
	<plugin fragment="true" id="org.eclipse.emf.validation.examples.nl_cs" unpack="false" version="3.5.0.v20090620043401" download-size="1422" install-size="1422" />
	<plugin fragment="true" id="org.eclipse.emf.validation.examples.ocl.nl_cs" unpack="false" version="3.5.0.v20090620043401" download-size="1382" install-size="1382" />
	<plugin fragment="true" id="org.eclipse.emf.validation.nl_cs" unpack="false" version="3.5.0.v20090620043401" download-size="4951" install-size="4951" />
	<plugin fragment="true" id="org.eclipse.emf.validation.ocl.nl_cs" unpack="false" version="3.5.0.v20090620043401" download-size="1677" install-size="1677" />
	<plugin fragment="true" id="org.eclipse.emf.validation.tests.nl_cs" unpack="false" version="3.5.0.v20090620043401" download-size="1378" install-size="1378" />
	<plugin fragment="true" id="org.eclipse.emf.validation.ui.ide.nl_cs" unpack="false" version="3.5.0.v20090620043401" download-size="2860" install-size="2860" />
	<plugin fragment="true" id="org.eclipse.emf.validation.ui.nl_cs" unpack="false" version="3.5.0.v20090620043401" download-size="3530" install-size="3530" />
	<plugin fragment="true" id="org.eclipse.emf.workspace.doc.nl_cs" unpack="false" version="3.5.0.v20090620043401" download-size="1682" install-size="1682" />
	<plugin fragment="true" id="org.eclipse.emf.workspace.examples.library.editor.nl_cs" unpack="false" version="3.5.0.v20090620043401" download-size="2067" install-size="2067" />
	<plugin fragment="true" id="org.eclipse.emf.workspace.examples.nl_cs" unpack="false" version="3.5.0.v20090620043401" download-size="1380" install-size="1380" />
	<plugin fragment="true" id="org.eclipse.emf.workspace.nl_cs" unpack="false" version="3.5.0.v20090620043401" download-size="3218" install-size="3218" />
	<plugin fragment="true" id="org.eclipse.emf.workspace.tests.nl_cs" unpack="false" version="3.5.0.v20090620043401" download-size="1377" install-size="1377" />
	<plugin fragment="true" id="org.eclipse.emf.workspace.ui.nl_cs" unpack="false" version="3.5.0.v20090620043401" download-size="1417" install-size="1417" />
	<plugin fragment="true" id="org.eclipse.net4j.buddies.chat.nl_cs" unpack="false" version="3.5.0.v20090620043401" download-size="1372" install-size="1372" />
	<plugin fragment="true" id="org.eclipse.net4j.buddies.chat.ui.nl_cs" unpack="false" version="3.5.0.v20090620043401" download-size="1373" install-size="1373" />
	<plugin fragment="true" id="org.eclipse.net4j.buddies.common.nl_cs" unpack="false" version="3.5.0.v20090620043401" download-size="1373" install-size="1373" />
	<plugin fragment="true" id="org.eclipse.net4j.buddies.nl_cs" unpack="false" version="3.5.0.v20090620043401" download-size="1369" install-size="1369" />
	<plugin fragment="true" id="org.eclipse.net4j.buddies.server.nl_cs" unpack="false" version="3.5.0.v20090620043401" download-size="1373" install-size="1373" />
	<plugin fragment="true" id="org.eclipse.net4j.buddies.ui.nl_cs" unpack="false" version="3.5.0.v20090620043401" download-size="2678" install-size="2678" />
	<plugin fragment="true" id="org.eclipse.net4j.db.derby.nl_cs" unpack="false" version="3.5.0.v20090620043401" download-size="1369" install-size="1369" />
	<plugin fragment="true" id="org.eclipse.net4j.db.hsqldb.nl_cs" unpack="false" version="3.5.0.v20090620043401" download-size="1371" install-size="1371" />
	<plugin fragment="true" id="org.eclipse.net4j.db.mysql.nl_cs" unpack="false" version="3.5.0.v20090620043401" download-size="1370" install-size="1370" />
	<plugin fragment="true" id="org.eclipse.net4j.db.nl_cs" unpack="false" version="3.5.0.v20090620043401" download-size="1365" install-size="1365" />
	<plugin fragment="true" id="org.eclipse.net4j.db.postgresql.nl_cs" unpack="false" version="3.5.0.v20090620043401" download-size="1373" install-size="1373" />
	<plugin fragment="true" id="org.eclipse.net4j.debug.nl_cs" unpack="false" version="3.5.0.v20090620043401" download-size="2454" install-size="2454" />
	<plugin fragment="true" id="org.eclipse.net4j.defs.nl_cs" unpack="false" version="3.5.0.v20090620043401" download-size="1366" install-size="1366" />
	<plugin fragment="true" id="org.eclipse.net4j.doc.nl_cs" unpack="false" version="3.5.0.v20090620043401" download-size="1365" install-size="1365" />
	<plugin fragment="true" id="org.eclipse.net4j.examples.nl_cs" unpack="false" version="3.5.0.v20090620043401" download-size="1369" install-size="1369" />
	<plugin fragment="true" id="org.eclipse.net4j.http.common.nl_cs" unpack="false" version="3.5.0.v20090620043401" download-size="1371" install-size="1371" />
	<plugin fragment="true" id="org.eclipse.net4j.http.nl_cs" unpack="false" version="3.5.0.v20090620043401" download-size="1366" install-size="1366" />
	<plugin fragment="true" id="org.eclipse.net4j.http.server.nl_cs" unpack="false" version="3.5.0.v20090620043401" download-size="1371" install-size="1371" />
	<plugin fragment="true" id="org.eclipse.net4j.http.tests.nl_cs" unpack="false" version="3.5.0.v20090620043401" download-size="1370" install-size="1370" />
	<plugin fragment="true" id="org.eclipse.net4j.jms.admin.nl_cs" unpack="false" version="3.5.0.v20090620043401" download-size="1370" install-size="1370" />
	<plugin fragment="true" id="org.eclipse.net4j.jms.api.nl_cs" unpack="false" version="3.5.0.v20090620043401" download-size="1368" install-size="1368" />
	<plugin fragment="true" id="org.eclipse.net4j.jms.nl_cs" unpack="false" version="3.5.0.v20090620043401" download-size="1366" install-size="1366" />
	<plugin fragment="true" id="org.eclipse.net4j.jms.server.jdbc.nl_cs" unpack="false" version="3.5.0.v20090620043401" download-size="1373" install-size="1373" />
	<plugin fragment="true" id="org.eclipse.net4j.jms.server.nl_cs" unpack="false" version="3.5.0.v20090620043401" download-size="1370" install-size="1370" />
	<plugin fragment="true" id="org.eclipse.net4j.jms.tests.nl_cs" unpack="false" version="3.5.0.v20090620043401" download-size="1369" install-size="1369" />
	<plugin fragment="true" id="org.eclipse.net4j.jvm.nl_cs" unpack="false" version="3.5.0.v20090620043401" download-size="1366" install-size="1366" />
	<plugin fragment="true" id="org.eclipse.net4j.nl_cs" unpack="false" version="3.5.0.v20090620043401" download-size="1363" install-size="1363" />
	<plugin fragment="true" id="org.eclipse.net4j.tcp.nl_cs" unpack="false" version="3.5.0.v20090620043401" download-size="1366" install-size="1366" />
	<plugin fragment="true" id="org.eclipse.net4j.tests.nl_cs" unpack="false" version="3.5.0.v20090620043401" download-size="1366" install-size="1366" />
	<plugin fragment="true" id="org.eclipse.net4j.ui.capabilities.nl_cs" unpack="false" version="3.5.0.v20090620043401" download-size="1373" install-size="1373" />
	<plugin fragment="true" id="org.eclipse.net4j.ui.defs.nl_cs" unpack="false" version="3.5.0.v20090620043401" download-size="1368" install-size="1368" />
	<plugin fragment="true" id="org.eclipse.net4j.ui.nl_cs" unpack="false" version="3.5.0.v20090620043401" download-size="2394" install-size="2394" />
	<plugin fragment="true" id="org.eclipse.net4j.util.defs.nl_cs" unpack="false" version="3.5.0.v20090620043401" download-size="1370" install-size="1370" />
	<plugin fragment="true" id="org.eclipse.net4j.util.nl_cs" unpack="false" version="3.5.0.v20090620043401" download-size="1366" install-size="1366" />
	<plugin fragment="true" id="org.eclipse.net4j.util.ui.nl_cs" unpack="false" version="3.5.0.v20090620043401" download-size="8114" install-size="8114" />
	<plugin fragment="true" id="org.eclipse.xsd.cheatsheets.nl_cs" unpack="false" version="3.5.0.v20090620043401" download-size="1369" install-size="1369" />
	<plugin fragment="true" id="org.eclipse.xsd.doc.nl_cs" unpack="false" version="3.5.0.v20090620043401" download-size="1648" install-size="1648" />
	<plugin fragment="true" id="org.eclipse.xsd.ecore.converter.nl_cs" unpack="false" version="3.5.0.v20090620043401" download-size="1372" install-size="1372" />
	<plugin fragment="true" id="org.eclipse.xsd.ecore.exporter.nl_cs" unpack="false" version="3.5.0.v20090620043401" download-size="1560" install-size="1560" />
	<plugin fragment="true" id="org.eclipse.xsd.ecore.importer.nl_cs" unpack="false" version="3.5.0.v20090620043401" download-size="1766" install-size="1766" />
	<plugin fragment="true" id="org.eclipse.xsd.edit.nl_cs" unpack="false" version="3.5.0.v20090620043401" download-size="4968" install-size="4968" />
	<plugin fragment="true" id="org.eclipse.xsd.editor.nl_cs" unpack="false" version="3.5.0.v20090620043401" download-size="2289" install-size="2289" />
	<plugin fragment="true" id="org.eclipse.xsd.example.installer.nl_cs" unpack="false" version="3.5.0.v20090620043401" download-size="1373" install-size="1373" />
	<plugin fragment="true" id="org.eclipse.xsd.example.nl_cs" unpack="false" version="3.5.0.v20090620043401" download-size="1367" install-size="1367" />
	<plugin fragment="true" id="org.eclipse.xsd.mapping.editor.nl_cs" unpack="false" version="3.5.0.v20090620043401" download-size="1371" install-size="1371" />
	<plugin fragment="true" id="org.eclipse.xsd.mapping.nl_cs" unpack="false" version="3.5.0.v20090620043401" download-size="1368" install-size="1368" />
	<plugin fragment="true" id="org.eclipse.xsd.nl_cs" unpack="false" version="3.5.0.v20090620043401" download-size="1525" install-size="1525" />
</feature>