<?xml version="1.0" encoding="UTF-8" ?>
<feature
	id="org.eclipse.babel.nls_technology.dltk_en_AA"
	label="Babel Language Pack for technology.dltk in Pseudo Translations (100%)"
	image="eclipse_update_120.jpg"
	provider-name="%providerName"
	version="3.5.0.v20090620043401">
	<copyright>
		%copyright
	</copyright>
	<license url="%licenseURL">
		%license
	</license>
	<description>Babel Language Pack for technology.dltk in Pseudo Translations</description>
	<plugin fragment="true" id="org.eclipse.dltk.console.nl_en_AA" unpack="false" version="3.5.0.v20090620043401" download-size="1479" install-size="1479" />
	<plugin fragment="true" id="org.eclipse.dltk.console.ui.nl_en_AA" unpack="false" version="3.5.0.v20090620043401" download-size="3290" install-size="3290" />
	<plugin fragment="true" id="org.eclipse.dltk.core.doc.isv.nl_en_AA" unpack="false" version="3.5.0.v20090620043401" download-size="1797" install-size="1797" />
	<plugin fragment="true" id="org.eclipse.dltk.core.nl_en_AA" unpack="false" version="3.5.0.v20090620043401" download-size="12163" install-size="12163" />
	<plugin fragment="true" id="org.eclipse.dltk.debug.nl_en_AA" unpack="false" version="3.5.0.v20090620043401" download-size="9126" install-size="9126" />
	<plugin fragment="true" id="org.eclipse.dltk.debug.ui.nl_en_AA" unpack="false" version="3.5.0.v20090620043401" download-size="16179" install-size="16179" />
	<plugin fragment="true" id="org.eclipse.dltk.formatter.nl_en_AA" unpack="false" version="3.5.0.v20090620043401" download-size="2441" install-size="2441" />
	<plugin fragment="true" id="org.eclipse.dltk.itcl.core.nl_en_AA" unpack="false" version="3.5.0.v20090620043401" download-size="1447" install-size="1447" />
	<plugin fragment="true" id="org.eclipse.dltk.itcl.nl_en_AA" unpack="false" version="3.5.0.v20090620043401" download-size="1799" install-size="1799" />
	<plugin fragment="true" id="org.eclipse.dltk.itcl.ui.nl_en_AA" unpack="false" version="3.5.0.v20090620043401" download-size="2896" install-size="2896" />
	<plugin fragment="true" id="org.eclipse.dltk.javascript.core.dom.support.nl_en_AA" unpack="false" version="3.5.0.v20090620043401" download-size="1470" install-size="1470" />
	<plugin fragment="true" id="org.eclipse.dltk.javascript.core.nl_en_AA" unpack="false" version="3.5.0.v20090620043401" download-size="11976" install-size="11976" />
	<plugin fragment="true" id="org.eclipse.dltk.javascript.debug.nl_en_AA" unpack="false" version="3.5.0.v20090620043401" download-size="1456" install-size="1456" />
	<plugin fragment="true" id="org.eclipse.dltk.javascript.debug.ui.nl_en_AA" unpack="false" version="3.5.0.v20090620043401" download-size="4844" install-size="4844" />
	<plugin fragment="true" id="org.eclipse.dltk.javascript.formatter.nl_en_AA" unpack="false" version="3.5.0.v20090620043401" download-size="3773" install-size="3773" />
	<plugin fragment="true" id="org.eclipse.dltk.javascript.jsjdtdebugger.nl_en_AA" unpack="false" version="3.5.0.v20090620043401" download-size="2893" install-size="2893" />
	<plugin fragment="true" id="org.eclipse.dltk.javascript.launching.nl_en_AA" unpack="false" version="3.5.0.v20090620043401" download-size="1462" install-size="1462" />
	<plugin fragment="true" id="org.eclipse.dltk.javascript.rhino.dbgp.nl_en_AA" unpack="false" version="3.5.0.v20090620043401" download-size="1419" install-size="1419" />
	<plugin fragment="true" id="org.eclipse.dltk.javascript.rhino.nl_en_AA" unpack="false" version="3.5.0.v20090620043401" download-size="11886" install-size="11886" />
	<plugin fragment="true" id="org.eclipse.dltk.javascript.ui.nl_en_AA" unpack="false" version="3.5.0.v20090620043401" download-size="7299" install-size="7299" />
	<plugin fragment="true" id="org.eclipse.dltk.launching.nl_en_AA" unpack="false" version="3.5.0.v20090620043401" download-size="7179" install-size="7179" />
	<plugin fragment="true" id="org.eclipse.dltk.mylyn.nl_en_AA" unpack="false" version="3.5.0.v20090620043401" download-size="4095" install-size="4095" />
	<plugin fragment="true" id="org.eclipse.dltk.nl_en_AA" unpack="false" version="3.5.0.v20090620043401" download-size="1788" install-size="1788" />
	<plugin fragment="true" id="org.eclipse.dltk.python.activestatedebugger.nl_en_AA" unpack="false" version="3.5.0.v20090620043401" download-size="2803" install-size="2803" />
	<plugin fragment="true" id="org.eclipse.dltk.python.core.nl_en_AA" unpack="false" version="3.5.0.v20090620043401" download-size="1540" install-size="1540" />
	<plugin fragment="true" id="org.eclipse.dltk.python.debug.nl_en_AA" unpack="false" version="3.5.0.v20090620043401" download-size="1447" install-size="1447" />
	<plugin fragment="true" id="org.eclipse.dltk.python.debug.ui.nl_en_AA" unpack="false" version="3.5.0.v20090620043401" download-size="4113" install-size="4113" />
	<plugin fragment="true" id="org.eclipse.dltk.python.launching.nl_en_AA" unpack="false" version="3.5.0.v20090620043401" download-size="1534" install-size="1534" />
	<plugin fragment="true" id="org.eclipse.dltk.python.ui.nl_en_AA" unpack="false" version="3.5.0.v20090620043401" download-size="4557" install-size="4557" />
	<plugin fragment="true" id="org.eclipse.dltk.rse.core.nl_en_AA" unpack="false" version="3.5.0.v20090620043401" download-size="2809" install-size="2809" />
	<plugin fragment="true" id="org.eclipse.dltk.rse.nl_en_AA" unpack="false" version="3.5.0.v20090620043401" download-size="1796" install-size="1796" />
	<plugin fragment="true" id="org.eclipse.dltk.rse.ui.nl_en_AA" unpack="false" version="3.5.0.v20090620043401" download-size="1479" install-size="1479" />
	<plugin fragment="true" id="org.eclipse.dltk.ruby.abstractdebugger.nl_en_AA" unpack="false" version="3.5.0.v20090620043401" download-size="1460" install-size="1460" />
	<plugin fragment="true" id="org.eclipse.dltk.ruby.activestatedebugger.nl_en_AA" unpack="false" version="3.5.0.v20090620043401" download-size="2700" install-size="2700" />
	<plugin fragment="true" id="org.eclipse.dltk.ruby.basicdebugger.nl_en_AA" unpack="false" version="3.5.0.v20090620043401" download-size="3056" install-size="3056" />
	<plugin fragment="true" id="org.eclipse.dltk.ruby.core.nl_en_AA" unpack="false" version="3.5.0.v20090620043401" download-size="9517" install-size="9517" />
	<plugin fragment="true" id="org.eclipse.dltk.ruby.debug.nl_en_AA" unpack="false" version="3.5.0.v20090620043401" download-size="2383" install-size="2383" />
	<plugin fragment="true" id="org.eclipse.dltk.ruby.debug.ui.nl_en_AA" unpack="false" version="3.5.0.v20090620043401" download-size="4398" install-size="4398" />
	<plugin fragment="true" id="org.eclipse.dltk.ruby.fastdebugger.nl_en_AA" unpack="false" version="3.5.0.v20090620043401" download-size="3375" install-size="3375" />
	<plugin fragment="true" id="org.eclipse.dltk.ruby.formatter.nl_en_AA" unpack="false" version="3.5.0.v20090620043401" download-size="3815" install-size="3815" />
	<plugin fragment="true" id="org.eclipse.dltk.ruby.launching.nl_en_AA" unpack="false" version="3.5.0.v20090620043401" download-size="1540" install-size="1540" />
	<plugin fragment="true" id="org.eclipse.dltk.ruby.nl_en_AA" unpack="false" version="3.5.0.v20090620043401" download-size="1790" install-size="1790" />
	<plugin fragment="true" id="org.eclipse.dltk.ruby.testing.nl_en_AA" unpack="false" version="3.5.0.v20090620043401" download-size="3151" install-size="3151" />
	<plugin fragment="true" id="org.eclipse.dltk.ruby.ui.nl_en_AA" unpack="false" version="3.5.0.v20090620043401" download-size="9713" install-size="9713" />
	<plugin fragment="true" id="org.eclipse.dltk.tcl.activestatedebugger.nl_en_AA" unpack="false" version="3.5.0.v20090620043401" download-size="4865" install-size="4865" />
	<plugin fragment="true" id="org.eclipse.dltk.tcl.core.nl_en_AA" unpack="false" version="3.5.0.v20090620043401" download-size="3958" install-size="3958" />
	<plugin fragment="true" id="org.eclipse.dltk.tcl.debug.nl_en_AA" unpack="false" version="3.5.0.v20090620043401" download-size="1490" install-size="1490" />
	<plugin fragment="true" id="org.eclipse.dltk.tcl.debug.ui.nl_en_AA" unpack="false" version="3.5.0.v20090620043401" download-size="5845" install-size="5845" />
	<plugin fragment="true" id="org.eclipse.dltk.tcl.doc.user.nl_en_AA" unpack="false" version="3.5.0.v20090620043401" download-size="1793" install-size="1793" />
	<plugin fragment="true" id="org.eclipse.dltk.tcl.launching.nl_en_AA" unpack="false" version="3.5.0.v20090620043401" download-size="1544" install-size="1544" />
	<plugin fragment="true" id="org.eclipse.dltk.tcl.nl_en_AA" unpack="false" version="3.5.0.v20090620043401" download-size="1785" install-size="1785" />
	<plugin fragment="true" id="org.eclipse.dltk.tcl.parser.nl_en_AA" unpack="false" version="3.5.0.v20090620043401" download-size="4225" install-size="4225" />
	<plugin fragment="true" id="org.eclipse.dltk.tcl.tclchecker.nl_en_AA" unpack="false" version="3.5.0.v20090620043401" download-size="15470" install-size="15470" />
	<plugin fragment="true" id="org.eclipse.dltk.tcl.tcllib.nl_en_AA" unpack="false" version="3.5.0.v20090620043401" download-size="1455" install-size="1455" />
	<plugin fragment="true" id="org.eclipse.dltk.tcl.testing.nl_en_AA" unpack="false" version="3.5.0.v20090620043401" download-size="1491" install-size="1491" />
	<plugin fragment="true" id="org.eclipse.dltk.tcl.testing.tcltest.nl_en_AA" unpack="false" version="3.5.0.v20090620043401" download-size="1452" install-size="1452" />
	<plugin fragment="true" id="org.eclipse.dltk.tcl.ui.nl_en_AA" unpack="false" version="3.5.0.v20090620043401" download-size="8057" install-size="8057" />
	<plugin fragment="true" id="org.eclipse.dltk.tcl.validators.nl_en_AA" unpack="false" version="3.5.0.v20090620043401" download-size="3041" install-size="3041" />
	<plugin fragment="true" id="org.eclipse.dltk.testing.nl_en_AA" unpack="false" version="3.5.0.v20090620043401" download-size="10948" install-size="10948" />
	<plugin fragment="true" id="org.eclipse.dltk.ui.nl_en_AA" unpack="false" version="3.5.0.v20090620043401" download-size="94476" install-size="94476" />
	<plugin fragment="true" id="org.eclipse.dltk.validators.core.nl_en_AA" unpack="false" version="3.5.0.v20090620043401" download-size="3455" install-size="3455" />
	<plugin fragment="true" id="org.eclipse.dltk.validators.externalchecker.nl_en_AA" unpack="false" version="3.5.0.v20090620043401" download-size="4095" install-size="4095" />
	<plugin fragment="true" id="org.eclipse.dltk.validators.ui.nl_en_AA" unpack="false" version="3.5.0.v20090620043401" download-size="4923" install-size="4923" />
	<plugin fragment="true" id="org.eclipse.dltk.xotcl.core.nl_en_AA" unpack="false" version="3.5.0.v20090620043401" download-size="1445" install-size="1445" />
	<plugin fragment="true" id="org.eclipse.dltk.xotcl.nl_en_AA" unpack="false" version="3.5.0.v20090620043401" download-size="1806" install-size="1806" />
	<plugin fragment="true" id="org.eclipse.dltk.xotcl.testing.xounit.nl_en_AA" unpack="false" version="3.5.0.v20090620043401" download-size="1462" install-size="1462" />
	<plugin fragment="true" id="org.eclipse.dltk.xotcl.ui.nl_en_AA" unpack="false" version="3.5.0.v20090620043401" download-size="2881" install-size="2881" />
</feature>