<?xml version="1.0" encoding="UTF-8" ?>
<feature
	id="org.eclipse.babel.nls_technology.dltk_uk"
	label="Babel Language Pack for technology.dltk in Ukrainian (9.02%)"
	image="eclipse_update_120.jpg"
	provider-name="%providerName"
	version="3.5.0.v20090620043401">
	<copyright>
		%copyright
	</copyright>
	<license url="%licenseURL">
		%license
	</license>
	<description>Babel Language Pack for technology.dltk in Ukrainian</description>
	<plugin fragment="true" id="org.eclipse.dltk.console.nl_uk" unpack="false" version="3.5.0.v20090620043401" download-size="1370" install-size="1370" />
	<plugin fragment="true" id="org.eclipse.dltk.console.ui.nl_uk" unpack="false" version="3.5.0.v20090620043401" download-size="2418" install-size="2418" />
	<plugin fragment="true" id="org.eclipse.dltk.core.doc.isv.nl_uk" unpack="false" version="3.5.0.v20090620043401" download-size="1374" install-size="1374" />
	<plugin fragment="true" id="org.eclipse.dltk.core.nl_uk" unpack="false" version="3.5.0.v20090620043401" download-size="1467" install-size="1467" />
	<plugin fragment="true" id="org.eclipse.dltk.debug.nl_uk" unpack="false" version="3.5.0.v20090620043401" download-size="2346" install-size="2346" />
	<plugin fragment="true" id="org.eclipse.dltk.debug.ui.nl_uk" unpack="false" version="3.5.0.v20090620043401" download-size="7424" install-size="7424" />
	<plugin fragment="true" id="org.eclipse.dltk.formatter.nl_uk" unpack="false" version="3.5.0.v20090620043401" download-size="1372" install-size="1372" />
	<plugin fragment="true" id="org.eclipse.dltk.itcl.core.nl_uk" unpack="false" version="3.5.0.v20090620043401" download-size="1372" install-size="1372" />
	<plugin fragment="true" id="org.eclipse.dltk.itcl.nl_uk" unpack="false" version="3.5.0.v20090620043401" download-size="1367" install-size="1367" />
	<plugin fragment="true" id="org.eclipse.dltk.itcl.ui.nl_uk" unpack="false" version="3.5.0.v20090620043401" download-size="1370" install-size="1370" />
	<plugin fragment="true" id="org.eclipse.dltk.javascript.core.dom.support.nl_uk" unpack="false" version="3.5.0.v20090620043401" download-size="1382" install-size="1382" />
	<plugin fragment="true" id="org.eclipse.dltk.javascript.core.nl_uk" unpack="false" version="3.5.0.v20090620043401" download-size="1376" install-size="1376" />
	<plugin fragment="true" id="org.eclipse.dltk.javascript.debug.nl_uk" unpack="false" version="3.5.0.v20090620043401" download-size="1376" install-size="1376" />
	<plugin fragment="true" id="org.eclipse.dltk.javascript.debug.ui.nl_uk" unpack="false" version="3.5.0.v20090620043401" download-size="1465" install-size="1465" />
	<plugin fragment="true" id="org.eclipse.dltk.javascript.formatter.nl_uk" unpack="false" version="3.5.0.v20090620043401" download-size="2500" install-size="2500" />
	<plugin fragment="true" id="org.eclipse.dltk.javascript.jsjdtdebugger.nl_uk" unpack="false" version="3.5.0.v20090620043401" download-size="1381" install-size="1381" />
	<plugin fragment="true" id="org.eclipse.dltk.javascript.launching.nl_uk" unpack="false" version="3.5.0.v20090620043401" download-size="1380" install-size="1380" />
	<plugin fragment="true" id="org.eclipse.dltk.javascript.rhino.dbgp.nl_uk" unpack="false" version="3.5.0.v20090620043401" download-size="1381" install-size="1381" />
	<plugin fragment="true" id="org.eclipse.dltk.javascript.rhino.nl_uk" unpack="false" version="3.5.0.v20090620043401" download-size="1376" install-size="1376" />
	<plugin fragment="true" id="org.eclipse.dltk.javascript.ui.nl_uk" unpack="false" version="3.5.0.v20090620043401" download-size="1499" install-size="1499" />
	<plugin fragment="true" id="org.eclipse.dltk.launching.nl_uk" unpack="false" version="3.5.0.v20090620043401" download-size="2146" install-size="2146" />
	<plugin fragment="true" id="org.eclipse.dltk.mylyn.nl_uk" unpack="false" version="3.5.0.v20090620043401" download-size="1369" install-size="1369" />
	<plugin fragment="true" id="org.eclipse.dltk.nl_uk" unpack="false" version="3.5.0.v20090620043401" download-size="1364" install-size="1364" />
	<plugin fragment="true" id="org.eclipse.dltk.python.activestatedebugger.nl_uk" unpack="false" version="3.5.0.v20090620043401" download-size="1383" install-size="1383" />
	<plugin fragment="true" id="org.eclipse.dltk.python.core.nl_uk" unpack="false" version="3.5.0.v20090620043401" download-size="1373" install-size="1373" />
	<plugin fragment="true" id="org.eclipse.dltk.python.debug.nl_uk" unpack="false" version="3.5.0.v20090620043401" download-size="1374" install-size="1374" />
	<plugin fragment="true" id="org.eclipse.dltk.python.debug.ui.nl_uk" unpack="false" version="3.5.0.v20090620043401" download-size="1433" install-size="1433" />
	<plugin fragment="true" id="org.eclipse.dltk.python.launching.nl_uk" unpack="false" version="3.5.0.v20090620043401" download-size="1377" install-size="1377" />
	<plugin fragment="true" id="org.eclipse.dltk.python.ui.nl_uk" unpack="false" version="3.5.0.v20090620043401" download-size="1422" install-size="1422" />
	<plugin fragment="true" id="org.eclipse.dltk.rse.core.nl_uk" unpack="false" version="3.5.0.v20090620043401" download-size="1371" install-size="1371" />
	<plugin fragment="true" id="org.eclipse.dltk.rse.nl_uk" unpack="false" version="3.5.0.v20090620043401" download-size="1366" install-size="1366" />
	<plugin fragment="true" id="org.eclipse.dltk.rse.ui.nl_uk" unpack="false" version="3.5.0.v20090620043401" download-size="1369" install-size="1369" />
	<plugin fragment="true" id="org.eclipse.dltk.ruby.abstractdebugger.nl_uk" unpack="false" version="3.5.0.v20090620043401" download-size="1378" install-size="1378" />
	<plugin fragment="true" id="org.eclipse.dltk.ruby.activestatedebugger.nl_uk" unpack="false" version="3.5.0.v20090620043401" download-size="1381" install-size="1381" />
	<plugin fragment="true" id="org.eclipse.dltk.ruby.basicdebugger.nl_uk" unpack="false" version="3.5.0.v20090620043401" download-size="1376" install-size="1376" />
	<plugin fragment="true" id="org.eclipse.dltk.ruby.core.nl_uk" unpack="false" version="3.5.0.v20090620043401" download-size="1587" install-size="1587" />
	<plugin fragment="true" id="org.eclipse.dltk.ruby.debug.nl_uk" unpack="false" version="3.5.0.v20090620043401" download-size="1372" install-size="1372" />
	<plugin fragment="true" id="org.eclipse.dltk.ruby.debug.ui.nl_uk" unpack="false" version="3.5.0.v20090620043401" download-size="1442" install-size="1442" />
	<plugin fragment="true" id="org.eclipse.dltk.ruby.fastdebugger.nl_uk" unpack="false" version="3.5.0.v20090620043401" download-size="1377" install-size="1377" />
	<plugin fragment="true" id="org.eclipse.dltk.ruby.formatter.nl_uk" unpack="false" version="3.5.0.v20090620043401" download-size="1375" install-size="1375" />
	<plugin fragment="true" id="org.eclipse.dltk.ruby.launching.nl_uk" unpack="false" version="3.5.0.v20090620043401" download-size="1376" install-size="1376" />
	<plugin fragment="true" id="org.eclipse.dltk.ruby.nl_uk" unpack="false" version="3.5.0.v20090620043401" download-size="1368" install-size="1368" />
	<plugin fragment="true" id="org.eclipse.dltk.ruby.testing.nl_uk" unpack="false" version="3.5.0.v20090620043401" download-size="1374" install-size="1374" />
	<plugin fragment="true" id="org.eclipse.dltk.ruby.ui.nl_uk" unpack="false" version="3.5.0.v20090620043401" download-size="3394" install-size="3394" />
	<plugin fragment="true" id="org.eclipse.dltk.tcl.activestatedebugger.nl_uk" unpack="false" version="3.5.0.v20090620043401" download-size="2683" install-size="2683" />
	<plugin fragment="true" id="org.eclipse.dltk.tcl.core.nl_uk" unpack="false" version="3.5.0.v20090620043401" download-size="1371" install-size="1371" />
	<plugin fragment="true" id="org.eclipse.dltk.tcl.debug.nl_uk" unpack="false" version="3.5.0.v20090620043401" download-size="1372" install-size="1372" />
	<plugin fragment="true" id="org.eclipse.dltk.tcl.debug.ui.nl_uk" unpack="false" version="3.5.0.v20090620043401" download-size="2801" install-size="2801" />
	<plugin fragment="true" id="org.eclipse.dltk.tcl.doc.user.nl_uk" unpack="false" version="3.5.0.v20090620043401" download-size="1372" install-size="1372" />
	<plugin fragment="true" id="org.eclipse.dltk.tcl.launching.nl_uk" unpack="false" version="3.5.0.v20090620043401" download-size="1375" install-size="1375" />
	<plugin fragment="true" id="org.eclipse.dltk.tcl.nl_uk" unpack="false" version="3.5.0.v20090620043401" download-size="1367" install-size="1367" />
	<plugin fragment="true" id="org.eclipse.dltk.tcl.parser.nl_uk" unpack="false" version="3.5.0.v20090620043401" download-size="1371" install-size="1371" />
	<plugin fragment="true" id="org.eclipse.dltk.tcl.tclchecker.nl_uk" unpack="false" version="3.5.0.v20090620043401" download-size="4327" install-size="4327" />
	<plugin fragment="true" id="org.eclipse.dltk.tcl.tcllib.nl_uk" unpack="false" version="3.5.0.v20090620043401" download-size="1372" install-size="1372" />
	<plugin fragment="true" id="org.eclipse.dltk.tcl.testing.nl_uk" unpack="false" version="3.5.0.v20090620043401" download-size="1372" install-size="1372" />
	<plugin fragment="true" id="org.eclipse.dltk.tcl.testing.tcltest.nl_uk" unpack="false" version="3.5.0.v20090620043401" download-size="1377" install-size="1377" />
	<plugin fragment="true" id="org.eclipse.dltk.tcl.ui.nl_uk" unpack="false" version="3.5.0.v20090620043401" download-size="3420" install-size="3420" />
	<plugin fragment="true" id="org.eclipse.dltk.tcl.validators.nl_uk" unpack="false" version="3.5.0.v20090620043401" download-size="1375" install-size="1375" />
	<plugin fragment="true" id="org.eclipse.dltk.testing.nl_uk" unpack="false" version="3.5.0.v20090620043401" download-size="3491" install-size="3491" />
	<plugin fragment="true" id="org.eclipse.dltk.ui.nl_uk" unpack="false" version="3.5.0.v20090620043401" download-size="19416" install-size="19416" />
	<plugin fragment="true" id="org.eclipse.dltk.validators.core.nl_uk" unpack="false" version="3.5.0.v20090620043401" download-size="2251" install-size="2251" />
	<plugin fragment="true" id="org.eclipse.dltk.validators.externalchecker.nl_uk" unpack="false" version="3.5.0.v20090620043401" download-size="3435" install-size="3435" />
	<plugin fragment="true" id="org.eclipse.dltk.validators.ui.nl_uk" unpack="false" version="3.5.0.v20090620043401" download-size="2559" install-size="2559" />
	<plugin fragment="true" id="org.eclipse.dltk.xotcl.core.nl_uk" unpack="false" version="3.5.0.v20090620043401" download-size="1373" install-size="1373" />
	<plugin fragment="true" id="org.eclipse.dltk.xotcl.nl_uk" unpack="false" version="3.5.0.v20090620043401" download-size="1368" install-size="1368" />
	<plugin fragment="true" id="org.eclipse.dltk.xotcl.testing.xounit.nl_uk" unpack="false" version="3.5.0.v20090620043401" download-size="1379" install-size="1379" />
	<plugin fragment="true" id="org.eclipse.dltk.xotcl.ui.nl_uk" unpack="false" version="3.5.0.v20090620043401" download-size="1371" install-size="1371" />
</feature>