<?xml version="1.0" encoding="UTF-8" ?>
<feature
	id="org.eclipse.babel.nls_webtools.jsf_sv"
	label="Babel Language Pack for webtools.jsf in Swedish (31.28%)"
	image="eclipse_update_120.jpg"
	provider-name="%providerName"
	version="3.5.0.v20090620043401">
	<copyright>
		%copyright
	</copyright>
	<license url="%licenseURL">
		%license
	</license>
	<description>Babel Language Pack for webtools.jsf in Swedish</description>
	<plugin fragment="true" id="org.eclipse.jst.jsf.apache.trinidad.tagsupport.nl_sv" unpack="false" version="3.5.0.v20090620043401" download-size="3055" install-size="3055" />
	<plugin fragment="true" id="org.eclipse.jst.jsf.common.nl_sv" unpack="false" version="3.5.0.v20090620043401" download-size="2746" install-size="2746" />
	<plugin fragment="true" id="org.eclipse.jst.jsf.common.runtime.nl_sv" unpack="false" version="3.5.0.v20090620043401" download-size="1378" install-size="1378" />
	<plugin fragment="true" id="org.eclipse.jst.jsf.common.ui.nl_sv" unpack="false" version="3.5.0.v20090620043401" download-size="4799" install-size="4799" />
	<plugin fragment="true" id="org.eclipse.jst.jsf.core.nl_sv" unpack="false" version="3.5.0.v20090620043401" download-size="6438" install-size="6438" />
	<plugin fragment="true" id="org.eclipse.jst.jsf.facesconfig.nl_sv" unpack="false" version="3.5.0.v20090620043401" download-size="5389" install-size="5389" />
	<plugin fragment="true" id="org.eclipse.jst.jsf.facesconfig.ui.nl_sv" unpack="false" version="3.5.0.v20090620043401" download-size="6964" install-size="6964" />
	<plugin fragment="true" id="org.eclipse.jst.jsf.standard.tagsupport.nl_sv" unpack="false" version="3.5.0.v20090620043401" download-size="2729" install-size="2729" />
	<plugin fragment="true" id="org.eclipse.jst.jsf.ui.nl_sv" unpack="false" version="3.5.0.v20090620043401" download-size="4838" install-size="4838" />
	<plugin fragment="true" id="org.eclipse.jst.pagedesigner.jsf.ui.nl_sv" unpack="false" version="3.5.0.v20090620043401" download-size="4987" install-size="4987" />
	<plugin fragment="true" id="org.eclipse.jst.pagedesigner.jsp.core.nl_sv" unpack="false" version="3.5.0.v20090620043401" download-size="1377" install-size="1377" />
	<plugin fragment="true" id="org.eclipse.jst.pagedesigner.nl_sv" unpack="false" version="3.5.0.v20090620043401" download-size="10306" install-size="10306" />
</feature>