<?xml version="1.0" encoding="UTF-8" ?>
<feature
	id="org.eclipse.babel.nls_modeling.m2m_ru"
	label="Babel Language Pack for modeling.m2m in Russian (21.71%)"
	image="eclipse_update_120.jpg"
	provider-name="%providerName"
	version="3.5.0.v20090620043401">
	<copyright>
		%copyright
	</copyright>
	<license url="%licenseURL">
		%license
	</license>
	<description>Babel Language Pack for modeling.m2m in Russian</description>
	<plugin fragment="true" id="org.eclipse.m2m.atl.adt.debug.nl_ru" unpack="false" version="3.5.0.v20090620043401" download-size="2412" install-size="2412" />
	<plugin fragment="true" id="org.eclipse.m2m.atl.adt.editor.nl_ru" unpack="false" version="3.5.0.v20090620043401" download-size="3844" install-size="3844" />
	<plugin fragment="true" id="org.eclipse.m2m.atl.adt.nl_ru" unpack="false" version="3.5.0.v20090620043401" download-size="2210" install-size="2210" />
	<plugin fragment="true" id="org.eclipse.m2m.atl.adt.ui.nl_ru" unpack="false" version="3.5.0.v20090620043401" download-size="2484" install-size="2484" />
	<plugin fragment="true" id="org.eclipse.m2m.atl.common.nl_ru" unpack="false" version="3.5.0.v20090620043401" download-size="1369" install-size="1369" />
	<plugin fragment="true" id="org.eclipse.m2m.atl.core.ant.nl_ru" unpack="false" version="3.5.0.v20090620043401" download-size="1371" install-size="1371" />
	<plugin fragment="true" id="org.eclipse.m2m.atl.core.emf.nl_ru" unpack="false" version="3.5.0.v20090620043401" download-size="1370" install-size="1370" />
	<plugin fragment="true" id="org.eclipse.m2m.atl.core.nl_ru" unpack="false" version="3.5.0.v20090620043401" download-size="1368" install-size="1368" />
	<plugin fragment="true" id="org.eclipse.m2m.atl.core.ui.nl_ru" unpack="false" version="3.5.0.v20090620043401" download-size="2513" install-size="2513" />
	<plugin fragment="true" id="org.eclipse.m2m.atl.core.ui.vm.nl_ru" unpack="false" version="3.5.0.v20090620043401" download-size="1372" install-size="1372" />
	<plugin fragment="true" id="org.eclipse.m2m.atl.doc.nl_ru" unpack="false" version="3.5.0.v20090620043401" download-size="1367" install-size="1367" />
	<plugin fragment="true" id="org.eclipse.m2m.atl.drivers.emf4atl.nl_ru" unpack="false" version="3.5.0.v20090620043401" download-size="1376" install-size="1376" />
	<plugin fragment="true" id="org.eclipse.m2m.atl.drivers.uml24atl.nl_ru" unpack="false" version="3.5.0.v20090620043401" download-size="1376" install-size="1376" />
	<plugin fragment="true" id="org.eclipse.m2m.atl.dsls.nl_ru" unpack="false" version="3.5.0.v20090620043401" download-size="1368" install-size="1368" />
	<plugin fragment="true" id="org.eclipse.m2m.atl.engine.emfvm.nl_ru" unpack="false" version="3.5.0.v20090620043401" download-size="1372" install-size="1372" />
	<plugin fragment="true" id="org.eclipse.m2m.atl.engine.nl_ru" unpack="false" version="3.5.0.v20090620043401" download-size="2228" install-size="2228" />
	<plugin fragment="true" id="org.eclipse.m2m.atl.engine.vm.nl_ru" unpack="false" version="3.5.0.v20090620043401" download-size="1371" install-size="1371" />
	<plugin fragment="true" id="org.eclipse.m2m.atl.examples.nl_ru" unpack="false" version="3.5.0.v20090620043401" download-size="1371" install-size="1371" />
	<plugin fragment="true" id="org.eclipse.m2m.atl.nl_ru" unpack="false" version="3.5.0.v20090620043401" download-size="1365" install-size="1365" />
	<plugin fragment="true" id="org.eclipse.m2m.atl.tests.nl_ru" unpack="false" version="3.5.0.v20090620043401" download-size="1369" install-size="1369" />
	<plugin fragment="true" id="org.eclipse.m2m.qvt.oml.common.nl_ru" unpack="false" version="3.5.0.v20090620043401" download-size="1372" install-size="1372" />
	<plugin fragment="true" id="org.eclipse.m2m.qvt.oml.common.ui.nl_ru" unpack="false" version="3.5.0.v20090620043401" download-size="3957" install-size="3957" />
	<plugin fragment="true" id="org.eclipse.m2m.qvt.oml.cst.parser.nl_ru" unpack="false" version="3.5.0.v20090620043401" download-size="1374" install-size="1374" />
	<plugin fragment="true" id="org.eclipse.m2m.qvt.oml.doc.nl_ru" unpack="false" version="3.5.0.v20090620043401" download-size="1371" install-size="1371" />
	<plugin fragment="true" id="org.eclipse.m2m.qvt.oml.ecore.imperativeocl.nl_ru" unpack="false" version="3.5.0.v20090620043401" download-size="1380" install-size="1380" />
	<plugin fragment="true" id="org.eclipse.m2m.qvt.oml.editor.ui.nl_ru" unpack="false" version="3.5.0.v20090620043401" download-size="3477" install-size="3477" />
	<plugin fragment="true" id="org.eclipse.m2m.qvt.oml.emf.util.nl_ru" unpack="false" version="3.5.0.v20090620043401" download-size="1373" install-size="1373" />
	<plugin fragment="true" id="org.eclipse.m2m.qvt.oml.emf.util.ui.nl_ru" unpack="false" version="3.5.0.v20090620043401" download-size="1375" install-size="1375" />
	<plugin fragment="true" id="org.eclipse.m2m.qvt.oml.examples.blackbox.nl_ru" unpack="false" version="3.5.0.v20090620043401" download-size="1380" install-size="1380" />
	<plugin fragment="true" id="org.eclipse.m2m.qvt.oml.examples.omg.nl_ru" unpack="false" version="3.5.0.v20090620043401" download-size="1376" install-size="1376" />
	<plugin fragment="true" id="org.eclipse.m2m.qvt.oml.nl_ru" unpack="false" version="3.5.0.v20090620043401" download-size="1368" install-size="1368" />
	<plugin fragment="true" id="org.eclipse.m2m.qvt.oml.ocl.nl_ru" unpack="false" version="3.5.0.v20090620043401" download-size="1370" install-size="1370" />
	<plugin fragment="true" id="org.eclipse.m2m.qvt.oml.project.nl_ru" unpack="false" version="3.5.0.v20090620043401" download-size="1373" install-size="1373" />
	<plugin fragment="true" id="org.eclipse.m2m.qvt.oml.runtime.nl_ru" unpack="false" version="3.5.0.v20090620043401" download-size="2766" install-size="2766" />
	<plugin fragment="true" id="org.eclipse.m2m.qvt.oml.runtime.ui.nl_ru" unpack="false" version="3.5.0.v20090620043401" download-size="4179" install-size="4179" />
	<plugin fragment="true" id="org.eclipse.m2m.qvt.oml.samples.nl_ru" unpack="false" version="3.5.0.v20090620043401" download-size="4420" install-size="4420" />
	<plugin fragment="true" id="org.eclipse.m2m.qvt.oml.trace.edit.nl_ru" unpack="false" version="3.5.0.v20090620043401" download-size="2441" install-size="2441" />
	<plugin fragment="true" id="org.eclipse.m2m.qvt.oml.ui.nl_ru" unpack="false" version="3.5.0.v20090620043401" download-size="3709" install-size="3709" />
	<plugin fragment="true" id="org.eclipse.m2m.tests.qvt.oml.nl_ru" unpack="false" version="3.5.0.v20090620043401" download-size="1372" install-size="1372" />
	<plugin fragment="true" id="org.eclipse.m2m.tests.qvt.oml.ui.nl_ru" unpack="false" version="3.5.0.v20090620043401" download-size="1373" install-size="1373" />
</feature>