<?xml version="1.0" encoding="UTF-8" ?>
<feature
	id="org.eclipse.babel.nls_modeling.m2t_sv"
	label="Babel Language Pack for modeling.m2t in Swedish (9.5%)"
	image="eclipse_update_120.jpg"
	provider-name="%providerName"
	version="3.5.0.v20090620043401">
	<copyright>
		%copyright
	</copyright>
	<license url="%licenseURL">
		%license
	</license>
	<description>Babel Language Pack for modeling.m2t in Swedish</description>
	<plugin fragment="true" id="org.eclipse.acceleo.common.nl_sv" unpack="false" version="3.5.0.v20090620043401" download-size="1383" install-size="1383" />
	<plugin fragment="true" id="org.eclipse.acceleo.engine.nl_sv" unpack="false" version="3.5.0.v20090620043401" download-size="1383" install-size="1383" />
	<plugin fragment="true" id="org.eclipse.acceleo.ide.ui.nl_sv" unpack="false" version="3.5.0.v20090620043401" download-size="2697" install-size="2697" />
	<plugin fragment="true" id="org.eclipse.acceleo.model.nl_sv" unpack="false" version="3.5.0.v20090620043401" download-size="1383" install-size="1383" />
	<plugin fragment="true" id="org.eclipse.acceleo.parser.nl_sv" unpack="false" version="3.5.0.v20090620043401" download-size="2346" install-size="2346" />
</feature>