<?xml version="1.0" encoding="UTF-8" ?>
<feature
	id="org.eclipse.babel.nls_tools.pdt_et"
	label="Babel Language Pack for tools.pdt in Estonian (1.13%)"
	image="eclipse_update_120.jpg"
	provider-name="%providerName"
	version="3.5.0.v20090620043401">
	<copyright>
		%copyright
	</copyright>
	<license url="%licenseURL">
		%license
	</license>
	<description>Babel Language Pack for tools.pdt in Estonian</description>
	<plugin fragment="true" id="org.eclipse.dltk.core.tests.nl_et" unpack="false" version="3.5.0.v20090620043401" download-size="1370" install-size="1370" />
	<plugin fragment="true" id="org.eclipse.php.core.parser.nl_et" unpack="false" version="3.5.0.v20090620043401" download-size="1370" install-size="1370" />
	<plugin fragment="true" id="org.eclipse.php.debug.core.nl_et" unpack="false" version="3.5.0.v20090620043401" download-size="2182" install-size="2182" />
	<plugin fragment="true" id="org.eclipse.php.debug.ui.nl_et" unpack="false" version="3.5.0.v20090620043401" download-size="2193" install-size="2193" />
	<plugin fragment="true" id="org.eclipse.php.nl_et" unpack="false" version="3.5.0.v20090620043401" download-size="1363" install-size="1363" />
	<plugin fragment="true" id="org.eclipse.php.server.ui.nl_et" unpack="false" version="3.5.0.v20090620043401" download-size="2042" install-size="2042" />
	<plugin fragment="true" id="org.eclipse.php.test.nl_et" unpack="false" version="3.5.0.v20090620043401" download-size="1366" install-size="1366" />
	<plugin fragment="true" id="org.eclipse.php.ui.nl_et" unpack="false" version="3.5.0.v20090620043401" download-size="3752" install-size="3752" />
</feature>