<?xml version="1.0" encoding="UTF-8" ?>
<feature
	id="org.eclipse.babel.nls_rt.rap_ko"
	label="Babel Language Pack for rt.rap in Korean (88.11%)"
	image="eclipse_update_120.jpg"
	provider-name="%providerName"
	version="3.5.0.v20090620043401">
	<copyright>
		%copyright
	</copyright>
	<license url="%licenseURL">
		%license
	</license>
	<description>Babel Language Pack for rt.rap in Korean</description>
	<plugin fragment="true" id="org.eclipse.rap.design.example.nl_ko" unpack="false" version="3.5.0.v20090620043401" download-size="1372" install-size="1372" />
	<plugin fragment="true" id="org.eclipse.rap.jface.databinding.nl_ko" unpack="false" version="3.5.0.v20090620043401" download-size="1441" install-size="1441" />
	<plugin fragment="true" id="org.eclipse.rap.jface.nl_ko" unpack="false" version="3.5.0.v20090620043401" download-size="10593" install-size="10593" />
	<plugin fragment="true" id="org.eclipse.rap.rwt.nl_ko" unpack="false" version="3.5.0.v20090620043401" download-size="3467" install-size="3467" />
	<plugin fragment="true" id="org.eclipse.rap.rwt.test.nl_ko" unpack="false" version="3.5.0.v20090620043401" download-size="3281" install-size="3281" />
	<plugin fragment="true" id="org.eclipse.rap.ui.forms.nl_ko" unpack="false" version="3.5.0.v20090620043401" download-size="2466" install-size="2466" />
	<plugin fragment="true" id="org.eclipse.rap.ui.help.nl_ko" unpack="false" version="3.5.0.v20090620043401" download-size="1366" install-size="1366" />
	<plugin fragment="true" id="org.eclipse.rap.ui.intro.nl_ko" unpack="false" version="3.5.0.v20090620043401" download-size="2556" install-size="2556" />
	<plugin fragment="true" id="org.eclipse.rap.ui.launch.nl_ko" unpack="false" version="3.5.0.v20090620043401" download-size="2543" install-size="2543" />
	<plugin fragment="true" id="org.eclipse.rap.ui.nl_ko" unpack="false" version="3.5.0.v20090620043401" download-size="5424" install-size="5424" />
	<plugin fragment="true" id="org.eclipse.rap.ui.templates.nl_ko" unpack="false" version="3.5.0.v20090620043401" download-size="2736" install-size="2736" />
	<plugin fragment="true" id="org.eclipse.rap.ui.views.nl_ko" unpack="false" version="3.5.0.v20090620043401" download-size="3262" install-size="3262" />
	<plugin fragment="true" id="org.eclipse.rap.ui.workbench.nl_ko" unpack="false" version="3.5.0.v20090620043401" download-size="29264" install-size="29264" />
</feature>