<?xml version="1.0" encoding="UTF-8" ?>
<feature
	id="org.eclipse.babel.nls_modeling.m2m_pt"
	label="Babel Language Pack for modeling.m2m in Portuguese (21.84%)"
	image="eclipse_update_120.jpg"
	provider-name="%providerName"
	version="3.5.0.v20090620043401">
	<copyright>
		%copyright
	</copyright>
	<license url="%licenseURL">
		%license
	</license>
	<description>Babel Language Pack for modeling.m2m in Portuguese</description>
	<plugin fragment="true" id="org.eclipse.m2m.atl.adt.debug.nl_pt" unpack="false" version="3.5.0.v20090620043401" download-size="2379" install-size="2379" />
	<plugin fragment="true" id="org.eclipse.m2m.atl.adt.editor.nl_pt" unpack="false" version="3.5.0.v20090620043401" download-size="3577" install-size="3577" />
	<plugin fragment="true" id="org.eclipse.m2m.atl.adt.nl_pt" unpack="false" version="3.5.0.v20090620043401" download-size="2212" install-size="2212" />
	<plugin fragment="true" id="org.eclipse.m2m.atl.adt.ui.nl_pt" unpack="false" version="3.5.0.v20090620043401" download-size="2434" install-size="2434" />
	<plugin fragment="true" id="org.eclipse.m2m.atl.common.nl_pt" unpack="false" version="3.5.0.v20090620043401" download-size="1371" install-size="1371" />
	<plugin fragment="true" id="org.eclipse.m2m.atl.core.ant.nl_pt" unpack="false" version="3.5.0.v20090620043401" download-size="1372" install-size="1372" />
	<plugin fragment="true" id="org.eclipse.m2m.atl.core.emf.nl_pt" unpack="false" version="3.5.0.v20090620043401" download-size="1373" install-size="1373" />
	<plugin fragment="true" id="org.eclipse.m2m.atl.core.nl_pt" unpack="false" version="3.5.0.v20090620043401" download-size="1370" install-size="1370" />
	<plugin fragment="true" id="org.eclipse.m2m.atl.core.ui.nl_pt" unpack="false" version="3.5.0.v20090620043401" download-size="2487" install-size="2487" />
	<plugin fragment="true" id="org.eclipse.m2m.atl.core.ui.vm.nl_pt" unpack="false" version="3.5.0.v20090620043401" download-size="1374" install-size="1374" />
	<plugin fragment="true" id="org.eclipse.m2m.atl.doc.nl_pt" unpack="false" version="3.5.0.v20090620043401" download-size="1370" install-size="1370" />
	<plugin fragment="true" id="org.eclipse.m2m.atl.drivers.emf4atl.nl_pt" unpack="false" version="3.5.0.v20090620043401" download-size="1377" install-size="1377" />
	<plugin fragment="true" id="org.eclipse.m2m.atl.drivers.uml24atl.nl_pt" unpack="false" version="3.5.0.v20090620043401" download-size="1377" install-size="1377" />
	<plugin fragment="true" id="org.eclipse.m2m.atl.dsls.nl_pt" unpack="false" version="3.5.0.v20090620043401" download-size="1370" install-size="1370" />
	<plugin fragment="true" id="org.eclipse.m2m.atl.engine.emfvm.nl_pt" unpack="false" version="3.5.0.v20090620043401" download-size="1375" install-size="1375" />
	<plugin fragment="true" id="org.eclipse.m2m.atl.engine.nl_pt" unpack="false" version="3.5.0.v20090620043401" download-size="2205" install-size="2205" />
	<plugin fragment="true" id="org.eclipse.m2m.atl.engine.vm.nl_pt" unpack="false" version="3.5.0.v20090620043401" download-size="1373" install-size="1373" />
	<plugin fragment="true" id="org.eclipse.m2m.atl.examples.nl_pt" unpack="false" version="3.5.0.v20090620043401" download-size="1373" install-size="1373" />
	<plugin fragment="true" id="org.eclipse.m2m.atl.nl_pt" unpack="false" version="3.5.0.v20090620043401" download-size="1367" install-size="1367" />
	<plugin fragment="true" id="org.eclipse.m2m.atl.tests.nl_pt" unpack="false" version="3.5.0.v20090620043401" download-size="1370" install-size="1370" />
	<plugin fragment="true" id="org.eclipse.m2m.qvt.oml.common.nl_pt" unpack="false" version="3.5.0.v20090620043401" download-size="1374" install-size="1374" />
	<plugin fragment="true" id="org.eclipse.m2m.qvt.oml.common.ui.nl_pt" unpack="false" version="3.5.0.v20090620043401" download-size="3856" install-size="3856" />
	<plugin fragment="true" id="org.eclipse.m2m.qvt.oml.cst.parser.nl_pt" unpack="false" version="3.5.0.v20090620043401" download-size="1376" install-size="1376" />
	<plugin fragment="true" id="org.eclipse.m2m.qvt.oml.doc.nl_pt" unpack="false" version="3.5.0.v20090620043401" download-size="1373" install-size="1373" />
	<plugin fragment="true" id="org.eclipse.m2m.qvt.oml.ecore.imperativeocl.nl_pt" unpack="false" version="3.5.0.v20090620043401" download-size="1382" install-size="1382" />
	<plugin fragment="true" id="org.eclipse.m2m.qvt.oml.editor.ui.nl_pt" unpack="false" version="3.5.0.v20090620043401" download-size="3317" install-size="3317" />
	<plugin fragment="true" id="org.eclipse.m2m.qvt.oml.emf.util.nl_pt" unpack="false" version="3.5.0.v20090620043401" download-size="1376" install-size="1376" />
	<plugin fragment="true" id="org.eclipse.m2m.qvt.oml.emf.util.ui.nl_pt" unpack="false" version="3.5.0.v20090620043401" download-size="1377" install-size="1377" />
	<plugin fragment="true" id="org.eclipse.m2m.qvt.oml.examples.blackbox.nl_pt" unpack="false" version="3.5.0.v20090620043401" download-size="1382" install-size="1382" />
	<plugin fragment="true" id="org.eclipse.m2m.qvt.oml.examples.omg.nl_pt" unpack="false" version="3.5.0.v20090620043401" download-size="1378" install-size="1378" />
	<plugin fragment="true" id="org.eclipse.m2m.qvt.oml.nl_pt" unpack="false" version="3.5.0.v20090620043401" download-size="1370" install-size="1370" />
	<plugin fragment="true" id="org.eclipse.m2m.qvt.oml.ocl.nl_pt" unpack="false" version="3.5.0.v20090620043401" download-size="1373" install-size="1373" />
	<plugin fragment="true" id="org.eclipse.m2m.qvt.oml.project.nl_pt" unpack="false" version="3.5.0.v20090620043401" download-size="1375" install-size="1375" />
	<plugin fragment="true" id="org.eclipse.m2m.qvt.oml.runtime.nl_pt" unpack="false" version="3.5.0.v20090620043401" download-size="2729" install-size="2729" />
	<plugin fragment="true" id="org.eclipse.m2m.qvt.oml.runtime.ui.nl_pt" unpack="false" version="3.5.0.v20090620043401" download-size="4081" install-size="4081" />
	<plugin fragment="true" id="org.eclipse.m2m.qvt.oml.samples.nl_pt" unpack="false" version="3.5.0.v20090620043401" download-size="4019" install-size="4019" />
	<plugin fragment="true" id="org.eclipse.m2m.qvt.oml.trace.edit.nl_pt" unpack="false" version="3.5.0.v20090620043401" download-size="2237" install-size="2237" />
	<plugin fragment="true" id="org.eclipse.m2m.qvt.oml.ui.nl_pt" unpack="false" version="3.5.0.v20090620043401" download-size="3593" install-size="3593" />
	<plugin fragment="true" id="org.eclipse.m2m.tests.qvt.oml.nl_pt" unpack="false" version="3.5.0.v20090620043401" download-size="1373" install-size="1373" />
	<plugin fragment="true" id="org.eclipse.m2m.tests.qvt.oml.ui.nl_pt" unpack="false" version="3.5.0.v20090620043401" download-size="1375" install-size="1375" />
</feature>