<?xml version="1.0" encoding="UTF-8" ?>
<feature
	id="org.eclipse.babel.nls_webtools.sourceediting_ar"
	label="Babel Language Pack for webtools.sourceediting in Arabic (73.36%)"
	image="eclipse_update_120.jpg"
	provider-name="%providerName"
	version="3.5.0.v20090620043401">
	<copyright>
		%copyright
	</copyright>
	<license url="%licenseURL">
		%license
	</license>
	<description>Babel Language Pack for webtools.sourceediting in Arabic</description>
	<plugin fragment="true" id="org.eclipse.jst.jsp.core.nl_ar" unpack="false" version="3.5.0.v20090620043401" download-size="3229" install-size="3229" />
	<plugin fragment="true" id="org.eclipse.jst.jsp.ui.infopop.nl_ar" unpack="false" version="3.5.0.v20090620043401" download-size="1400" install-size="1400" />
	<plugin fragment="true" id="org.eclipse.jst.jsp.ui.nl_ar" unpack="false" version="3.5.0.v20090620043401" download-size="6478" install-size="6478" />
	<plugin fragment="true" id="org.eclipse.jst.standard.schemas.nl_ar" unpack="false" version="3.5.0.v20090620043401" download-size="1377" install-size="1377" />
	<plugin fragment="true" id="org.eclipse.wst.css.core.nl_ar" unpack="false" version="3.5.0.v20090620043401" download-size="3640" install-size="3640" />
	<plugin fragment="true" id="org.eclipse.wst.css.ui.nl_ar" unpack="false" version="3.5.0.v20090620043401" download-size="5446" install-size="5446" />
	<plugin fragment="true" id="org.eclipse.wst.doc.user.nl_ar" unpack="false" version="3.5.0.v20090620043401" download-size="1393" install-size="1393" />
	<plugin fragment="true" id="org.eclipse.wst.dtd.core.nl_ar" unpack="false" version="3.5.0.v20090620043401" download-size="4758" install-size="4758" />
	<plugin fragment="true" id="org.eclipse.wst.dtd.ui.infopop.nl_ar" unpack="false" version="3.5.0.v20090620043401" download-size="1396" install-size="1396" />
	<plugin fragment="true" id="org.eclipse.wst.dtd.ui.nl_ar" unpack="false" version="3.5.0.v20090620043401" download-size="5397" install-size="5397" />
	<plugin fragment="true" id="org.eclipse.wst.dtdeditor.doc.user.nl_ar" unpack="false" version="3.5.0.v20090620043401" download-size="1399" install-size="1399" />
	<plugin fragment="true" id="org.eclipse.wst.html.core.nl_ar" unpack="false" version="3.5.0.v20090620043401" download-size="5981" install-size="5981" />
	<plugin fragment="true" id="org.eclipse.wst.html.ui.infopop.nl_ar" unpack="false" version="3.5.0.v20090620043401" download-size="1401" install-size="1401" />
	<plugin fragment="true" id="org.eclipse.wst.html.ui.nl_ar" unpack="false" version="3.5.0.v20090620043401" download-size="6706" install-size="6706" />
	<plugin fragment="true" id="org.eclipse.wst.javascript.core.nl_ar" unpack="false" version="3.5.0.v20090620043401" download-size="2711" install-size="2711" />
	<plugin fragment="true" id="org.eclipse.wst.javascript.ui.infopop.nl_ar" unpack="false" version="3.5.0.v20090620043401" download-size="1401" install-size="1401" />
	<plugin fragment="true" id="org.eclipse.wst.javascript.ui.nl_ar" unpack="false" version="3.5.0.v20090620043401" download-size="6043" install-size="6043" />
	<plugin fragment="true" id="org.eclipse.wst.jsdt.core.nl_ar" unpack="false" version="3.5.0.v20090620043401" download-size="23399" install-size="23399" />
	<plugin fragment="true" id="org.eclipse.wst.jsdt.doc.nl_ar" unpack="false" version="3.5.0.v20090620043401" download-size="1369" install-size="1369" />
	<plugin fragment="true" id="org.eclipse.wst.jsdt.manipulation.nl_ar" unpack="false" version="3.5.0.v20090620043401" download-size="3363" install-size="3363" />
	<plugin fragment="true" id="org.eclipse.wst.jsdt.support.firefox.nl_ar" unpack="false" version="3.5.0.v20090620043401" download-size="1376" install-size="1376" />
	<plugin fragment="true" id="org.eclipse.wst.jsdt.support.ie.nl_ar" unpack="false" version="3.5.0.v20090620043401" download-size="1376" install-size="1376" />
	<plugin fragment="true" id="org.eclipse.wst.jsdt.ui.nl_ar" unpack="false" version="3.5.0.v20090620043401" download-size="137318" install-size="137318" />
	<plugin fragment="true" id="org.eclipse.wst.jsdt.web.core.nl_ar" unpack="false" version="3.5.0.v20090620043401" download-size="2688" install-size="2688" />
	<plugin fragment="true" id="org.eclipse.wst.jsdt.web.support.jsp.nl_ar" unpack="false" version="3.5.0.v20090620043401" download-size="1378" install-size="1378" />
	<plugin fragment="true" id="org.eclipse.wst.jsdt.web.ui.nl_ar" unpack="false" version="3.5.0.v20090620043401" download-size="5304" install-size="5304" />
	<plugin fragment="true" id="org.eclipse.wst.sse.core.nl_ar" unpack="false" version="3.5.0.v20090620043401" download-size="4309" install-size="4309" />
	<plugin fragment="true" id="org.eclipse.wst.sse.doc.user.nl_ar" unpack="false" version="3.5.0.v20090620043401" download-size="1464" install-size="1464" />
	<plugin fragment="true" id="org.eclipse.wst.sse.ui.infopop.nl_ar" unpack="false" version="3.5.0.v20090620043401" download-size="1393" install-size="1393" />
	<plugin fragment="true" id="org.eclipse.wst.sse.ui.nl_ar" unpack="false" version="3.5.0.v20090620043401" download-size="9219" install-size="9219" />
	<plugin fragment="true" id="org.eclipse.wst.standard.schemas.nl_ar" unpack="false" version="3.5.0.v20090620043401" download-size="1377" install-size="1377" />
	<plugin fragment="true" id="org.eclipse.wst.web.nl_ar" unpack="false" version="3.5.0.v20090620043401" download-size="2205" install-size="2205" />
	<plugin fragment="true" id="org.eclipse.wst.web.ui.nl_ar" unpack="false" version="3.5.0.v20090620043401" download-size="1462" install-size="1462" />
	<plugin fragment="true" id="org.eclipse.wst.webtools.doc.user.nl_ar" unpack="false" version="3.5.0.v20090620043401" download-size="1395" install-size="1395" />
	<plugin fragment="true" id="org.eclipse.wst.xml.core.nl_ar" unpack="false" version="3.5.0.v20090620043401" download-size="3893" install-size="3893" />
	<plugin fragment="true" id="org.eclipse.wst.xml.ui.infopop.nl_ar" unpack="false" version="3.5.0.v20090620043401" download-size="1392" install-size="1392" />
	<plugin fragment="true" id="org.eclipse.wst.xml.ui.nl_ar" unpack="false" version="3.5.0.v20090620043401" download-size="15209" install-size="15209" />
	<plugin fragment="true" id="org.eclipse.wst.xml.xpath.core.nl_ar" unpack="false" version="3.5.0.v20090620043401" download-size="1372" install-size="1372" />
	<plugin fragment="true" id="org.eclipse.wst.xml.xpath.ui.nl_ar" unpack="false" version="3.5.0.v20090620043401" download-size="3126" install-size="3126" />
	<plugin fragment="true" id="org.eclipse.wst.xml.xpath2.processor.nl_ar" unpack="false" version="3.5.0.v20090620043401" download-size="1375" install-size="1375" />
	<plugin fragment="true" id="org.eclipse.wst.xmleditor.doc.user.nl_ar" unpack="false" version="3.5.0.v20090620043401" download-size="1391" install-size="1391" />
	<plugin fragment="true" id="org.eclipse.wst.xsd.core.nl_ar" unpack="false" version="3.5.0.v20090620043401" download-size="1516" install-size="1516" />
	<plugin fragment="true" id="org.eclipse.wst.xsd.ui.nl_ar" unpack="false" version="3.5.0.v20090620043401" download-size="21703" install-size="21703" />
	<plugin fragment="true" id="org.eclipse.wst.xsdeditor.doc.user.nl_ar" unpack="false" version="3.5.0.v20090620043401" download-size="1401" install-size="1401" />
	<plugin fragment="true" id="org.eclipse.wst.xsl.core.nl_ar" unpack="false" version="3.5.0.v20090620043401" download-size="1385" install-size="1385" />
	<plugin fragment="true" id="org.eclipse.wst.xsl.debug.ui.nl_ar" unpack="false" version="3.5.0.v20090620043401" download-size="4289" install-size="4289" />
	<plugin fragment="true" id="org.eclipse.wst.xsl.doc.nl_ar" unpack="false" version="3.5.0.v20090620043401" download-size="1367" install-size="1367" />
	<plugin fragment="true" id="org.eclipse.wst.xsl.jaxp.debug.nl_ar" unpack="false" version="3.5.0.v20090620043401" download-size="3065" install-size="3065" />
	<plugin fragment="true" id="org.eclipse.wst.xsl.jaxp.debug.ui.nl_ar" unpack="false" version="3.5.0.v20090620043401" download-size="4150" install-size="4150" />
	<plugin fragment="true" id="org.eclipse.wst.xsl.jaxp.launching.nl_ar" unpack="false" version="3.5.0.v20090620043401" download-size="2972" install-size="2972" />
	<plugin fragment="true" id="org.eclipse.wst.xsl.launching.nl_ar" unpack="false" version="3.5.0.v20090620043401" download-size="1404" install-size="1404" />
	<plugin fragment="true" id="org.eclipse.wst.xsl.launching.tests.nl_ar" unpack="false" version="3.5.0.v20090620043401" download-size="1380" install-size="1380" />
	<plugin fragment="true" id="org.eclipse.wst.xsl.nl_ar" unpack="false" version="3.5.0.v20090620043401" download-size="1369" install-size="1369" />
	<plugin fragment="true" id="org.eclipse.wst.xsl.saxon.nl_ar" unpack="false" version="3.5.0.v20090620043401" download-size="1758" install-size="1758" />
	<plugin fragment="true" id="org.eclipse.wst.xsl.sdk.documentation.nl_ar" unpack="false" version="3.5.0.v20090620043401" download-size="1377" install-size="1377" />
	<plugin fragment="true" id="org.eclipse.wst.xsl.tests.nl_ar" unpack="false" version="3.5.0.v20090620043401" download-size="1373" install-size="1373" />
	<plugin fragment="true" id="org.eclipse.wst.xsl.ui.nl_ar" unpack="false" version="3.5.0.v20090620043401" download-size="2746" install-size="2746" />
	<plugin fragment="true" id="org.eclipse.wst.xsl.xalan.nl_ar" unpack="false" version="3.5.0.v20090620043401" download-size="1687" install-size="1687" />
</feature>