<?xml version="1.0" encoding="UTF-8" ?>
<feature
	id="org.eclipse.babel.nls_webtools.sourceediting_zh_TW"
	label="Babel Language Pack for webtools.sourceediting in Chinese (Traditional) (76.61%)"
	image="eclipse_update_120.jpg"
	provider-name="%providerName"
	version="3.5.0.v20090620043401">
	<copyright>
		%copyright
	</copyright>
	<license url="%licenseURL">
		%license
	</license>
	<description>Babel Language Pack for webtools.sourceediting in Chinese (Traditional)</description>
	<plugin fragment="true" id="org.eclipse.jst.jsp.core.nl_zh_TW" unpack="false" version="3.5.0.v20090620043401" download-size="3142" install-size="3142" />
	<plugin fragment="true" id="org.eclipse.jst.jsp.ui.infopop.nl_zh_TW" unpack="false" version="3.5.0.v20090620043401" download-size="1441" install-size="1441" />
	<plugin fragment="true" id="org.eclipse.jst.jsp.ui.nl_zh_TW" unpack="false" version="3.5.0.v20090620043401" download-size="6267" install-size="6267" />
	<plugin fragment="true" id="org.eclipse.jst.standard.schemas.nl_zh_TW" unpack="false" version="3.5.0.v20090620043401" download-size="1399" install-size="1399" />
	<plugin fragment="true" id="org.eclipse.wst.css.core.nl_zh_TW" unpack="false" version="3.5.0.v20090620043401" download-size="3518" install-size="3518" />
	<plugin fragment="true" id="org.eclipse.wst.css.ui.nl_zh_TW" unpack="false" version="3.5.0.v20090620043401" download-size="5208" install-size="5208" />
	<plugin fragment="true" id="org.eclipse.wst.doc.user.nl_zh_TW" unpack="false" version="3.5.0.v20090620043401" download-size="1432" install-size="1432" />
	<plugin fragment="true" id="org.eclipse.wst.dtd.core.nl_zh_TW" unpack="false" version="3.5.0.v20090620043401" download-size="4595" install-size="4595" />
	<plugin fragment="true" id="org.eclipse.wst.dtd.ui.infopop.nl_zh_TW" unpack="false" version="3.5.0.v20090620043401" download-size="1443" install-size="1443" />
	<plugin fragment="true" id="org.eclipse.wst.dtd.ui.nl_zh_TW" unpack="false" version="3.5.0.v20090620043401" download-size="5264" install-size="5264" />
	<plugin fragment="true" id="org.eclipse.wst.dtdeditor.doc.user.nl_zh_TW" unpack="false" version="3.5.0.v20090620043401" download-size="1397" install-size="1397" />
	<plugin fragment="true" id="org.eclipse.wst.html.core.nl_zh_TW" unpack="false" version="3.5.0.v20090620043401" download-size="5438" install-size="5438" />
	<plugin fragment="true" id="org.eclipse.wst.html.ui.infopop.nl_zh_TW" unpack="false" version="3.5.0.v20090620043401" download-size="1447" install-size="1447" />
	<plugin fragment="true" id="org.eclipse.wst.html.ui.nl_zh_TW" unpack="false" version="3.5.0.v20090620043401" download-size="6398" install-size="6398" />
	<plugin fragment="true" id="org.eclipse.wst.javascript.core.nl_zh_TW" unpack="false" version="3.5.0.v20090620043401" download-size="2734" install-size="2734" />
	<plugin fragment="true" id="org.eclipse.wst.javascript.ui.infopop.nl_zh_TW" unpack="false" version="3.5.0.v20090620043401" download-size="1441" install-size="1441" />
	<plugin fragment="true" id="org.eclipse.wst.javascript.ui.nl_zh_TW" unpack="false" version="3.5.0.v20090620043401" download-size="5823" install-size="5823" />
	<plugin fragment="true" id="org.eclipse.wst.jsdt.core.nl_zh_TW" unpack="false" version="3.5.0.v20090620043401" download-size="21249" install-size="21249" />
	<plugin fragment="true" id="org.eclipse.wst.jsdt.doc.nl_zh_TW" unpack="false" version="3.5.0.v20090620043401" download-size="1390" install-size="1390" />
	<plugin fragment="true" id="org.eclipse.wst.jsdt.manipulation.nl_zh_TW" unpack="false" version="3.5.0.v20090620043401" download-size="4085" install-size="4085" />
	<plugin fragment="true" id="org.eclipse.wst.jsdt.support.firefox.nl_zh_TW" unpack="false" version="3.5.0.v20090620043401" download-size="1399" install-size="1399" />
	<plugin fragment="true" id="org.eclipse.wst.jsdt.support.ie.nl_zh_TW" unpack="false" version="3.5.0.v20090620043401" download-size="1394" install-size="1394" />
	<plugin fragment="true" id="org.eclipse.wst.jsdt.ui.nl_zh_TW" unpack="false" version="3.5.0.v20090620043401" download-size="130135" install-size="130135" />
	<plugin fragment="true" id="org.eclipse.wst.jsdt.web.core.nl_zh_TW" unpack="false" version="3.5.0.v20090620043401" download-size="3180" install-size="3180" />
	<plugin fragment="true" id="org.eclipse.wst.jsdt.web.support.jsp.nl_zh_TW" unpack="false" version="3.5.0.v20090620043401" download-size="1399" install-size="1399" />
	<plugin fragment="true" id="org.eclipse.wst.jsdt.web.ui.nl_zh_TW" unpack="false" version="3.5.0.v20090620043401" download-size="5116" install-size="5116" />
	<plugin fragment="true" id="org.eclipse.wst.sse.core.nl_zh_TW" unpack="false" version="3.5.0.v20090620043401" download-size="4370" install-size="4370" />
	<plugin fragment="true" id="org.eclipse.wst.sse.doc.user.nl_zh_TW" unpack="false" version="3.5.0.v20090620043401" download-size="1394" install-size="1394" />
	<plugin fragment="true" id="org.eclipse.wst.sse.ui.infopop.nl_zh_TW" unpack="false" version="3.5.0.v20090620043401" download-size="1429" install-size="1429" />
	<plugin fragment="true" id="org.eclipse.wst.sse.ui.nl_zh_TW" unpack="false" version="3.5.0.v20090620043401" download-size="8622" install-size="8622" />
	<plugin fragment="true" id="org.eclipse.wst.standard.schemas.nl_zh_TW" unpack="false" version="3.5.0.v20090620043401" download-size="1401" install-size="1401" />
	<plugin fragment="true" id="org.eclipse.wst.web.nl_zh_TW" unpack="false" version="3.5.0.v20090620043401" download-size="2137" install-size="2137" />
	<plugin fragment="true" id="org.eclipse.wst.web.ui.nl_zh_TW" unpack="false" version="3.5.0.v20090620043401" download-size="1466" install-size="1466" />
	<plugin fragment="true" id="org.eclipse.wst.webtools.doc.user.nl_zh_TW" unpack="false" version="3.5.0.v20090620043401" download-size="1395" install-size="1395" />
	<plugin fragment="true" id="org.eclipse.wst.xml.core.nl_zh_TW" unpack="false" version="3.5.0.v20090620043401" download-size="3822" install-size="3822" />
	<plugin fragment="true" id="org.eclipse.wst.xml.ui.infopop.nl_zh_TW" unpack="false" version="3.5.0.v20090620043401" download-size="1432" install-size="1432" />
	<plugin fragment="true" id="org.eclipse.wst.xml.ui.nl_zh_TW" unpack="false" version="3.5.0.v20090620043401" download-size="14448" install-size="14448" />
	<plugin fragment="true" id="org.eclipse.wst.xml.xpath.ui.nl_zh_TW" unpack="false" version="3.5.0.v20090620043401" download-size="3141" install-size="3141" />
	<plugin fragment="true" id="org.eclipse.wst.xml.xpath2.processor.nl_zh_TW" unpack="false" version="3.5.0.v20090620043401" download-size="1399" install-size="1399" />
	<plugin fragment="true" id="org.eclipse.wst.xmleditor.doc.user.nl_zh_TW" unpack="false" version="3.5.0.v20090620043401" download-size="1395" install-size="1395" />
	<plugin fragment="true" id="org.eclipse.wst.xsd.core.nl_zh_TW" unpack="false" version="3.5.0.v20090620043401" download-size="1534" install-size="1534" />
	<plugin fragment="true" id="org.eclipse.wst.xsd.ui.nl_zh_TW" unpack="false" version="3.5.0.v20090620043401" download-size="19506" install-size="19506" />
	<plugin fragment="true" id="org.eclipse.wst.xsdeditor.doc.user.nl_zh_TW" unpack="false" version="3.5.0.v20090620043401" download-size="1444" install-size="1444" />
</feature>