<?xml version="1.0" encoding="UTF-8" ?>
<feature
	id="org.eclipse.babel.nls_eclipse_da"
	label="Babel Language Pack for eclipse in Danish (74.8%)"
	image="eclipse_update_120.jpg"
	provider-name="%providerName"
	version="3.5.0.v20090620043401">
	<copyright>
		%copyright
	</copyright>
	<license url="%licenseURL">
		%license
	</license>
	<description>Babel Language Pack for eclipse in Danish</description>
	<plugin fragment="true" id="org.eclipse.ant.core.nl_da" unpack="false" version="3.5.0.v20090620043401" download-size="4485" install-size="4485" />
	<plugin fragment="true" id="org.eclipse.ant.tests.core.nl_da" unpack="false" version="3.5.0.v20090620043401" download-size="1368" install-size="1368" />
	<plugin fragment="true" id="org.eclipse.ant.tests.ui.nl_da" unpack="false" version="3.5.0.v20090620043401" download-size="1367" install-size="1367" />
	<plugin fragment="true" id="org.eclipse.ant.ui.nl_da" unpack="false" version="3.5.0.v20090620043401" download-size="24053" install-size="24053" />
	<plugin fragment="true" id="org.eclipse.compare.core.nl_da" unpack="false" version="3.5.0.v20090620043401" download-size="2340" install-size="2340" />
	<plugin fragment="true" id="org.eclipse.compare.examples.nl_da" unpack="false" version="3.5.0.v20090620043401" download-size="1370" install-size="1370" />
	<plugin fragment="true" id="org.eclipse.compare.examples.xml.nl_da" unpack="false" version="3.5.0.v20090620043401" download-size="2532" install-size="2532" />
	<plugin fragment="true" id="org.eclipse.compare.nl_da" unpack="false" version="3.5.0.v20090620043401" download-size="11875" install-size="11875" />
	<plugin fragment="true" id="org.eclipse.compare.tests.nl_da" unpack="false" version="3.5.0.v20090620043401" download-size="1600" install-size="1600" />
	<plugin fragment="true" id="org.eclipse.compare.win32.nl_da" unpack="false" version="3.5.0.v20090620043401" download-size="2543" install-size="2543" />
	<plugin fragment="true" id="org.eclipse.core.boot.nl_da" unpack="false" version="3.5.0.v20090620043401" download-size="1377" install-size="1377" />
	<plugin fragment="true" id="org.eclipse.core.commands.nl_da" unpack="false" version="3.5.0.v20090620043401" download-size="1383" install-size="1383" />
	<plugin fragment="true" id="org.eclipse.core.contenttype.nl_da" unpack="false" version="3.5.0.v20090620043401" download-size="2595" install-size="2595" />
	<plugin fragment="true" id="org.eclipse.core.databinding.beans.nl_da" unpack="false" version="3.5.0.v20090620043401" download-size="1374" install-size="1374" />
	<plugin fragment="true" id="org.eclipse.core.databinding.nl_da" unpack="false" version="3.5.0.v20090620043401" download-size="2249" install-size="2249" />
	<plugin fragment="true" id="org.eclipse.core.databinding.observable.nl_da" unpack="false" version="3.5.0.v20090620043401" download-size="1377" install-size="1377" />
	<plugin fragment="true" id="org.eclipse.core.databinding.property.nl_da" unpack="false" version="3.5.0.v20090620043401" download-size="1376" install-size="1376" />
	<plugin fragment="true" id="org.eclipse.core.expressions.nl_da" unpack="false" version="3.5.0.v20090620043401" download-size="2799" install-size="2799" />
	<plugin fragment="true" id="org.eclipse.core.expressions.tests.nl_da" unpack="false" version="3.5.0.v20090620043401" download-size="1373" install-size="1373" />
	<plugin fragment="true" id="org.eclipse.core.filebuffers.nl_da" unpack="false" version="3.5.0.v20090620043401" download-size="3971" install-size="3971" />
	<plugin fragment="true" id="org.eclipse.core.filebuffers.tests.nl_da" unpack="false" version="3.5.0.v20090620043401" download-size="1378" install-size="1378" />
	<plugin fragment="true" id="org.eclipse.core.filesystem.nl_da" unpack="false" version="3.5.0.v20090620043401" download-size="2851" install-size="2851" />
	<plugin fragment="true" id="org.eclipse.core.jobs.nl_da" unpack="false" version="3.5.0.v20090620043401" download-size="2361" install-size="2361" />
	<plugin fragment="true" id="org.eclipse.core.net.linux.x86.nl_da" unpack="false" version="3.5.0.v20090620043401" download-size="1375" install-size="1375" />
	<plugin fragment="true" id="org.eclipse.core.net.nl_da" unpack="false" version="3.5.0.v20090620043401" download-size="1369" install-size="1369" />
	<plugin fragment="true" id="org.eclipse.core.net.win32.x86.nl_da" unpack="false" version="3.5.0.v20090620043401" download-size="1377" install-size="1377" />
	<plugin fragment="true" id="org.eclipse.core.resources.nl_da" unpack="false" version="3.5.0.v20090620043401" download-size="7717" install-size="7717" />
	<plugin fragment="true" id="org.eclipse.core.runtime.compatibility.auth.nl_da" unpack="false" version="3.5.0.v20090620043401" download-size="2473" install-size="2473" />
	<plugin fragment="true" id="org.eclipse.core.runtime.compatibility.nl_da" unpack="false" version="3.5.0.v20090620043401" download-size="2419" install-size="2419" />
	<plugin fragment="true" id="org.eclipse.core.runtime.nl_da" unpack="false" version="3.5.0.v20090620043401" download-size="3693" install-size="3693" />
	<plugin fragment="true" id="org.eclipse.core.variables.nl_da" unpack="false" version="3.5.0.v20090620043401" download-size="2524" install-size="2524" />
	<plugin fragment="true" id="org.eclipse.cvs.nl_da" unpack="false" version="3.5.0.v20090620043401" download-size="1360" install-size="1360" />
	<plugin fragment="true" id="org.eclipse.debug.core.nl_da" unpack="false" version="3.5.0.v20090620043401" download-size="6182" install-size="6182" />
	<plugin fragment="true" id="org.eclipse.debug.examples.ui.nl_da" unpack="false" version="3.5.0.v20090620043401" download-size="2370" install-size="2370" />
	<plugin fragment="true" id="org.eclipse.debug.ui.nl_da" unpack="false" version="3.5.0.v20090620043401" download-size="28438" install-size="28438" />
	<plugin fragment="true" id="org.eclipse.equinox.app.nl_da" unpack="false" version="3.5.0.v20090620043401" download-size="2341" install-size="2341" />
	<plugin fragment="true" id="org.eclipse.equinox.cm.nl_da" unpack="false" version="3.5.0.v20090620043401" download-size="1366" install-size="1366" />
	<plugin fragment="true" id="org.eclipse.equinox.common.nl_da" unpack="false" version="3.5.0.v20090620043401" download-size="3113" install-size="3113" />
	<plugin fragment="true" id="org.eclipse.equinox.concurrent.nl_da" unpack="false" version="3.5.0.v20090620043401" download-size="1372" install-size="1372" />
	<plugin fragment="true" id="org.eclipse.equinox.device.nl_da" unpack="false" version="3.5.0.v20090620043401" download-size="3018" install-size="3018" />
	<plugin fragment="true" id="org.eclipse.equinox.ds.nl_da" unpack="false" version="3.5.0.v20090620043401" download-size="1366" install-size="1366" />
	<plugin fragment="true" id="org.eclipse.equinox.event.nl_da" unpack="false" version="3.5.0.v20090620043401" download-size="2343" install-size="2343" />
	<plugin fragment="true" id="org.eclipse.equinox.http.jetty5.nl_da" unpack="false" version="3.5.0.v20090620043401" download-size="1373" install-size="1373" />
	<plugin fragment="true" id="org.eclipse.equinox.http.jetty6.nl_da" unpack="false" version="3.5.0.v20090620043401" download-size="1373" install-size="1373" />
	<plugin fragment="true" id="org.eclipse.equinox.http.nl_da" unpack="false" version="3.5.0.v20090620043401" download-size="3725" install-size="3725" />
	<plugin fragment="true" id="org.eclipse.equinox.http.registry.nl_da" unpack="false" version="3.5.0.v20090620043401" download-size="1373" install-size="1373" />
	<plugin fragment="true" id="org.eclipse.equinox.http.servlet.nl_da" unpack="false" version="3.5.0.v20090620043401" download-size="1374" install-size="1374" />
	<plugin fragment="true" id="org.eclipse.equinox.http.servletbridge.nl_da" unpack="false" version="3.5.0.v20090620043401" download-size="1378" install-size="1378" />
	<plugin fragment="true" id="org.eclipse.equinox.io.nl_da" unpack="false" version="3.5.0.v20090620043401" download-size="1366" install-size="1366" />
	<plugin fragment="true" id="org.eclipse.equinox.ip.nl_da" unpack="false" version="3.5.0.v20090620043401" download-size="1366" install-size="1366" />
	<plugin fragment="true" id="org.eclipse.equinox.jsp.jasper.nl_da" unpack="false" version="3.5.0.v20090620043401" download-size="1372" install-size="1372" />
	<plugin fragment="true" id="org.eclipse.equinox.jsp.jasper.registry.nl_da" unpack="false" version="3.5.0.v20090620043401" download-size="1378" install-size="1378" />
	<plugin fragment="true" id="org.eclipse.equinox.launcher.carbon.macosx.nl_da" unpack="false" version="3.5.0.v20090620043401" download-size="1411" install-size="1411" />
	<plugin fragment="true" id="org.eclipse.equinox.launcher.cocoa.macosx.nl_da" unpack="false" version="3.5.0.v20090620043401" download-size="1408" install-size="1408" />
	<plugin fragment="true" id="org.eclipse.equinox.launcher.gtk.linux.ppc.nl_da" unpack="false" version="3.5.0.v20090620043401" download-size="1411" install-size="1411" />
	<plugin fragment="true" id="org.eclipse.equinox.launcher.gtk.linux.s390.nl_da" unpack="false" version="3.5.0.v20090620043401" download-size="1413" install-size="1413" />
	<plugin fragment="true" id="org.eclipse.equinox.launcher.gtk.linux.s390x.nl_da" unpack="false" version="3.5.0.v20090620043401" download-size="1416" install-size="1416" />
	<plugin fragment="true" id="org.eclipse.equinox.launcher.gtk.linux.x86.nl_da" unpack="false" version="3.5.0.v20090620043401" download-size="1411" install-size="1411" />
	<plugin fragment="true" id="org.eclipse.equinox.launcher.gtk.solaris.sparc.nl_da" unpack="false" version="3.5.0.v20090620043401" download-size="1425" install-size="1425" />
	<plugin fragment="true" id="org.eclipse.equinox.launcher.gtk.solaris.x86.nl_da" unpack="false" version="3.5.0.v20090620043401" download-size="1417" install-size="1417" />
	<plugin fragment="true" id="org.eclipse.equinox.launcher.motif.aix.ppc.nl_da" unpack="false" version="3.5.0.v20090620043401" download-size="1411" install-size="1411" />
	<plugin fragment="true" id="org.eclipse.equinox.launcher.motif.linux.x86.nl_da" unpack="false" version="3.5.0.v20090620043401" download-size="1416" install-size="1416" />
	<plugin fragment="true" id="org.eclipse.equinox.launcher.motif.solaris.sparc.nl_da" unpack="false" version="3.5.0.v20090620043401" download-size="1429" install-size="1429" />
	<plugin fragment="true" id="org.eclipse.equinox.launcher.nl_da" unpack="false" version="3.5.0.v20090620043401" download-size="1374" install-size="1374" />
	<plugin fragment="true" id="org.eclipse.equinox.launcher.win32.win32.ia64.nl_da" unpack="false" version="3.5.0.v20090620043401" download-size="1417" install-size="1417" />
	<plugin fragment="true" id="org.eclipse.equinox.launcher.win32.win32.x86.nl_da" unpack="false" version="3.5.0.v20090620043401" download-size="1414" install-size="1414" />
	<plugin fragment="true" id="org.eclipse.equinox.launcher.wpf.win32.x86.nl_da" unpack="false" version="3.5.0.v20090620043401" download-size="1412" install-size="1412" />
	<plugin fragment="true" id="org.eclipse.equinox.log.nl_da" unpack="false" version="3.5.0.v20090620043401" download-size="1367" install-size="1367" />
	<plugin fragment="true" id="org.eclipse.equinox.metatype.nl_da" unpack="false" version="3.5.0.v20090620043401" download-size="2745" install-size="2745" />
	<plugin fragment="true" id="org.eclipse.equinox.preferences.nl_da" unpack="false" version="3.5.0.v20090620043401" download-size="3017" install-size="3017" />
	<plugin fragment="true" id="org.eclipse.equinox.registry.nl_da" unpack="false" version="3.5.0.v20090620043401" download-size="3395" install-size="3395" />
	<plugin fragment="true" id="org.eclipse.equinox.security.nl_da" unpack="false" version="3.5.0.v20090620043401" download-size="2628" install-size="2628" />
	<plugin fragment="true" id="org.eclipse.equinox.security.ui.nl_da" unpack="false" version="3.5.0.v20090620043401" download-size="3533" install-size="3533" />
	<plugin fragment="true" id="org.eclipse.equinox.servletbridge.nl_da" unpack="false" version="3.5.0.v20090620043401" download-size="1374" install-size="1374" />
	<plugin fragment="true" id="org.eclipse.equinox.transforms.xslt.nl_da" unpack="false" version="3.5.0.v20090620043401" download-size="1374" install-size="1374" />
	<plugin fragment="true" id="org.eclipse.equinox.useradmin.nl_da" unpack="false" version="3.5.0.v20090620043401" download-size="3189" install-size="3189" />
	<plugin fragment="true" id="org.eclipse.equinox.util.nl_da" unpack="false" version="3.5.0.v20090620043401" download-size="1368" install-size="1368" />
	<plugin fragment="true" id="org.eclipse.equinox.wireadmin.nl_da" unpack="false" version="3.5.0.v20090620043401" download-size="1371" install-size="1371" />
	<plugin fragment="true" id="org.eclipse.help.appserver.nl_da" unpack="false" version="3.5.0.v20090620043401" download-size="2541" install-size="2541" />
	<plugin fragment="true" id="org.eclipse.help.base.nl_da" unpack="false" version="3.5.0.v20090620043401" download-size="3604" install-size="3604" />
	<plugin fragment="true" id="org.eclipse.help.nl_da" unpack="false" version="3.5.0.v20090620043401" download-size="1489" install-size="1489" />
	<plugin fragment="true" id="org.eclipse.help.ui.nl_da" unpack="false" version="3.5.0.v20090620043401" download-size="4961" install-size="4961" />
	<plugin fragment="true" id="org.eclipse.help.webapp.nl_da" unpack="false" version="3.5.0.v20090620043401" download-size="4236" install-size="4236" />
	<plugin fragment="true" id="org.eclipse.jdt.apt.core.nl_da" unpack="false" version="3.5.0.v20090620043401" download-size="3744" install-size="3744" />
	<plugin fragment="true" id="org.eclipse.jdt.apt.pluggable.core.nl_da" unpack="false" version="3.5.0.v20090620043401" download-size="1373" install-size="1373" />
	<plugin fragment="true" id="org.eclipse.jdt.apt.pluggable.tests.nl_da" unpack="false" version="3.5.0.v20090620043401" download-size="1374" install-size="1374" />
	<plugin fragment="true" id="org.eclipse.jdt.apt.tests.nl_da" unpack="false" version="3.5.0.v20090620043401" download-size="1367" install-size="1367" />
	<plugin fragment="true" id="org.eclipse.jdt.apt.ui.nl_da" unpack="false" version="3.5.0.v20090620043401" download-size="4451" install-size="4451" />
	<plugin fragment="true" id="org.eclipse.jdt.compiler.apt.tests.nl_da" unpack="false" version="3.5.0.v20090620043401" download-size="1373" install-size="1373" />
	<plugin fragment="true" id="org.eclipse.jdt.compiler.tool.tests.nl_da" unpack="false" version="3.5.0.v20090620043401" download-size="1374" install-size="1374" />
	<plugin fragment="true" id="org.eclipse.jdt.core.manipulation.nl_da" unpack="false" version="3.5.0.v20090620043401" download-size="3264" install-size="3264" />
	<plugin fragment="true" id="org.eclipse.jdt.core.nl_da" unpack="false" version="3.5.0.v20090620043401" download-size="27946" install-size="27946" />
	<plugin fragment="true" id="org.eclipse.jdt.core.tests.builder.nl_da" unpack="false" version="3.5.0.v20090620043401" download-size="1373" install-size="1373" />
	<plugin fragment="true" id="org.eclipse.jdt.core.tests.compiler.nl_da" unpack="false" version="3.5.0.v20090620043401" download-size="1374" install-size="1374" />
	<plugin fragment="true" id="org.eclipse.jdt.core.tests.model.nl_da" unpack="false" version="3.5.0.v20090620043401" download-size="11669" install-size="11669" />
	<plugin fragment="true" id="org.eclipse.jdt.core.tests.performance.nl_da" unpack="false" version="3.5.0.v20090620043401" download-size="1376" install-size="1376" />
	<plugin fragment="true" id="org.eclipse.jdt.debug.nl_da" unpack="false" version="3.5.0.v20090620043401" download-size="20341" install-size="20341" />
	<plugin fragment="true" id="org.eclipse.jdt.debug.tests.nl_da" unpack="false" version="3.5.0.v20090620043401" download-size="1369" install-size="1369" />
	<plugin fragment="true" id="org.eclipse.jdt.debug.ui.nl_da" unpack="false" version="3.5.0.v20090620043401" download-size="26252" install-size="26252" />
	<plugin fragment="true" id="org.eclipse.jdt.doc.isv.nl_da" unpack="false" version="3.5.0.v20090620043401" download-size="1746" install-size="1746" />
	<plugin fragment="true" id="org.eclipse.jdt.doc.user.nl_da" unpack="false" version="3.5.0.v20090620043401" download-size="1744" install-size="1744" />
	<plugin fragment="true" id="org.eclipse.jdt.junit.nl_da" unpack="false" version="3.5.0.v20090620043401" download-size="8480" install-size="8480" />
	<plugin fragment="true" id="org.eclipse.jdt.junit.runtime.nl_da" unpack="false" version="3.5.0.v20090620043401" download-size="2853" install-size="2853" />
	<plugin fragment="true" id="org.eclipse.jdt.junit4.runtime.nl_da" unpack="false" version="3.5.0.v20090620043401" download-size="1425" install-size="1425" />
	<plugin fragment="true" id="org.eclipse.jdt.launching.macosx.nl_da" unpack="false" version="3.5.0.v20090620043401" download-size="1374" install-size="1374" />
	<plugin fragment="true" id="org.eclipse.jdt.launching.nl_da" unpack="false" version="3.5.0.v20090620043401" download-size="6362" install-size="6362" />
	<plugin fragment="true" id="org.eclipse.jdt.launching.ui.macosx.nl_da" unpack="false" version="3.5.0.v20090620043401" download-size="2574" install-size="2574" />
	<plugin fragment="true" id="org.eclipse.jdt.nl_da" unpack="false" version="3.5.0.v20090620043401" download-size="1388" install-size="1388" />
	<plugin fragment="true" id="org.eclipse.jdt.text.tests.nl_da" unpack="false" version="3.5.0.v20090620043401" download-size="1373" install-size="1373" />
	<plugin fragment="true" id="org.eclipse.jdt.ui.examples.projects.nl_da" unpack="false" version="3.5.0.v20090620043401" download-size="2668" install-size="2668" />
	<plugin fragment="true" id="org.eclipse.jdt.ui.nl_da" unpack="false" version="3.5.0.v20090620043401" download-size="147426" install-size="147426" />
	<plugin fragment="true" id="org.eclipse.jdt.ui.tests.nl_da" unpack="false" version="3.5.0.v20090620043401" download-size="1372" install-size="1372" />
	<plugin fragment="true" id="org.eclipse.jdt.ui.tests.refactoring.nl_da" unpack="false" version="3.5.0.v20090620043401" download-size="1380" install-size="1380" />
	<plugin fragment="true" id="org.eclipse.jface.databinding.nl_da" unpack="false" version="3.5.0.v20090620043401" download-size="1393" install-size="1393" />
	<plugin fragment="true" id="org.eclipse.jface.examples.databinding.nl_da" unpack="false" version="3.5.0.v20090620043401" download-size="1377" install-size="1377" />
	<plugin fragment="true" id="org.eclipse.jface.nl_da" unpack="false" version="3.5.0.v20090620043401" download-size="9532" install-size="9532" />
	<plugin fragment="true" id="org.eclipse.jface.tests.databinding.conformance.nl_da" unpack="false" version="3.5.0.v20090620043401" download-size="1382" install-size="1382" />
	<plugin fragment="true" id="org.eclipse.jface.tests.databinding.nl_da" unpack="false" version="3.5.0.v20090620043401" download-size="1375" install-size="1375" />
	<plugin fragment="true" id="org.eclipse.jface.text.nl_da" unpack="false" version="3.5.0.v20090620043401" download-size="10649" install-size="10649" />
	<plugin fragment="true" id="org.eclipse.jface.text.tests.nl_da" unpack="false" version="3.5.0.v20090620043401" download-size="1374" install-size="1374" />
	<plugin fragment="true" id="org.eclipse.jsch.core.nl_da" unpack="false" version="3.5.0.v20090620043401" download-size="2312" install-size="2312" />
	<plugin fragment="true" id="org.eclipse.jsch.ui.nl_da" unpack="false" version="3.5.0.v20090620043401" download-size="3684" install-size="3684" />
	<plugin fragment="true" id="org.eclipse.ltk.core.refactoring.nl_da" unpack="false" version="3.5.0.v20090620043401" download-size="4468" install-size="4468" />
	<plugin fragment="true" id="org.eclipse.ltk.core.refactoring.tests.nl_da" unpack="false" version="3.5.0.v20090620043401" download-size="1376" install-size="1376" />
	<plugin fragment="true" id="org.eclipse.ltk.ui.refactoring.nl_da" unpack="false" version="3.5.0.v20090620043401" download-size="7888" install-size="7888" />
	<plugin fragment="true" id="org.eclipse.ltk.ui.refactoring.tests.nl_da" unpack="false" version="3.5.0.v20090620043401" download-size="1375" install-size="1375" />
	<plugin fragment="true" id="org.eclipse.osgi.nl_da" unpack="false" version="3.5.0.v20090620043401" download-size="6402" install-size="6402" />
	<plugin fragment="true" id="org.eclipse.osgi.services.nl_da" unpack="false" version="3.5.0.v20090620043401" download-size="1530" install-size="1530" />
	<plugin fragment="true" id="org.eclipse.osgi.util.nl_da" unpack="false" version="3.5.0.v20090620043401" download-size="1527" install-size="1527" />
	<plugin fragment="true" id="org.eclipse.pde.api.tools.nl_da" unpack="false" version="3.5.0.v20090620043401" download-size="3156" install-size="3156" />
	<plugin fragment="true" id="org.eclipse.pde.api.tools.ui.nl_da" unpack="false" version="3.5.0.v20090620043401" download-size="5251" install-size="5251" />
	<plugin fragment="true" id="org.eclipse.pde.build.nl_da" unpack="false" version="3.5.0.v20090620043401" download-size="4957" install-size="4957" />
	<plugin fragment="true" id="org.eclipse.pde.build.tests.nl_da" unpack="false" version="3.5.0.v20090620043401" download-size="1371" install-size="1371" />
	<plugin fragment="true" id="org.eclipse.pde.core.nl_da" unpack="false" version="3.5.0.v20090620043401" download-size="7200" install-size="7200" />
	<plugin fragment="true" id="org.eclipse.pde.doc.user.nl_da" unpack="false" version="3.5.0.v20090620043401" download-size="1741" install-size="1741" />
	<plugin fragment="true" id="org.eclipse.pde.ds.core.nl_da" unpack="false" version="3.5.0.v20090620043401" download-size="2359" install-size="2359" />
	<plugin fragment="true" id="org.eclipse.pde.ds.tests.nl_da" unpack="false" version="3.5.0.v20090620043401" download-size="1366" install-size="1366" />
	<plugin fragment="true" id="org.eclipse.pde.ds.ui.nl_da" unpack="false" version="3.5.0.v20090620043401" download-size="2868" install-size="2868" />
	<plugin fragment="true" id="org.eclipse.pde.junit.runtime.nl_da" unpack="false" version="3.5.0.v20090620043401" download-size="1399" install-size="1399" />
	<plugin fragment="true" id="org.eclipse.pde.nl_da" unpack="false" version="3.5.0.v20090620043401" download-size="1374" install-size="1374" />
	<plugin fragment="true" id="org.eclipse.pde.runtime.nl_da" unpack="false" version="3.5.0.v20090620043401" download-size="2690" install-size="2690" />
	<plugin fragment="true" id="org.eclipse.pde.tools.versioning.nl_da" unpack="false" version="3.5.0.v20090620043401" download-size="1380" install-size="1380" />
	<plugin fragment="true" id="org.eclipse.pde.ua.core.nl_da" unpack="false" version="3.5.0.v20090620043401" download-size="1366" install-size="1366" />
	<plugin fragment="true" id="org.eclipse.pde.ua.ui.nl_da" unpack="false" version="3.5.0.v20090620043401" download-size="10699" install-size="10699" />
	<plugin fragment="true" id="org.eclipse.pde.ui.nl_da" unpack="false" version="3.5.0.v20090620043401" download-size="33001" install-size="33001" />
	<plugin fragment="true" id="org.eclipse.pde.ui.templates.nl_da" unpack="false" version="3.5.0.v20090620043401" download-size="2649" install-size="2649" />
	<plugin fragment="true" id="org.eclipse.platform.doc.isv.nl_da" unpack="false" version="3.5.0.v20090620043401" download-size="1404" install-size="1404" />
	<plugin fragment="true" id="org.eclipse.platform.doc.user.nl_da" unpack="false" version="3.5.0.v20090620043401" download-size="1423" install-size="1423" />
	<plugin fragment="true" id="org.eclipse.platform.nl_da" unpack="false" version="3.5.0.v20090620043401" download-size="2348" install-size="2348" />
	<plugin fragment="true" id="org.eclipse.rcp.nl_da" unpack="false" version="3.5.0.v20090620043401" download-size="1684" install-size="1684" />
	<plugin fragment="true" id="org.eclipse.releng.tools.nl_da" unpack="false" version="3.5.0.v20090620043401" download-size="2205" install-size="2205" />
	<plugin fragment="true" id="org.eclipse.sdk.examples.nl_da" unpack="false" version="3.5.0.v20090620043401" download-size="1368" install-size="1368" />
	<plugin fragment="true" id="org.eclipse.sdk.nl_da" unpack="false" version="3.5.0.v20090620043401" download-size="2647" install-size="2647" />
	<plugin fragment="true" id="org.eclipse.sdk.tests.nl_da" unpack="false" version="3.5.0.v20090620043401" download-size="1365" install-size="1365" />
	<plugin fragment="true" id="org.eclipse.search.nl_da" unpack="false" version="3.5.0.v20090620043401" download-size="7460" install-size="7460" />
	<plugin fragment="true" id="org.eclipse.search.tests.nl_da" unpack="false" version="3.5.0.v20090620043401" download-size="1367" install-size="1367" />
	<plugin fragment="true" id="org.eclipse.swt.examples.browser.demos.nl_da" unpack="false" version="3.5.0.v20090620043401" download-size="1376" install-size="1376" />
	<plugin fragment="true" id="org.eclipse.swt.examples.browser.nl_da" unpack="false" version="3.5.0.v20090620043401" download-size="1406" install-size="1406" />
	<plugin fragment="true" id="org.eclipse.swt.examples.controls.nl_da" unpack="false" version="3.5.0.v20090620043401" download-size="1373" install-size="1373" />
	<plugin fragment="true" id="org.eclipse.swt.examples.launcher.nl_da" unpack="false" version="3.5.0.v20090620043401" download-size="1461" install-size="1461" />
	<plugin fragment="true" id="org.eclipse.swt.examples.layouts.nl_da" unpack="false" version="3.5.0.v20090620043401" download-size="1373" install-size="1373" />
	<plugin fragment="true" id="org.eclipse.swt.examples.nl_da" unpack="false" version="3.5.0.v20090620043401" download-size="6198" install-size="6198" />
	<plugin fragment="true" id="org.eclipse.swt.examples.ole.win32.nl_da" unpack="false" version="3.5.0.v20090620043401" download-size="1462" install-size="1462" />
	<plugin fragment="true" id="org.eclipse.swt.examples.paint.nl_da" unpack="false" version="3.5.0.v20090620043401" download-size="1372" install-size="1372" />
	<plugin fragment="true" id="org.eclipse.swt.nl_da" unpack="false" version="3.5.0.v20090620043401" download-size="2306" install-size="2306" />
	<plugin fragment="true" id="org.eclipse.swt.tests.nl_da" unpack="false" version="3.5.0.v20090620043401" download-size="1376" install-size="1376" />
	<plugin fragment="true" id="org.eclipse.swt.tools.nl_da" unpack="false" version="3.5.0.v20090620043401" download-size="1365" install-size="1365" />
	<plugin fragment="true" id="org.eclipse.team.core.nl_da" unpack="false" version="3.5.0.v20090620043401" download-size="4317" install-size="4317" />
	<plugin fragment="true" id="org.eclipse.team.cvs.core.nl_da" unpack="false" version="3.5.0.v20090620043401" download-size="7824" install-size="7824" />
	<plugin fragment="true" id="org.eclipse.team.cvs.ssh.nl_da" unpack="false" version="3.5.0.v20090620043401" download-size="3095" install-size="3095" />
	<plugin fragment="true" id="org.eclipse.team.cvs.ssh2.nl_da" unpack="false" version="3.5.0.v20090620043401" download-size="3446" install-size="3446" />
	<plugin fragment="true" id="org.eclipse.team.cvs.ui.nl_da" unpack="false" version="3.5.0.v20090620043401" download-size="24482" install-size="24482" />
	<plugin fragment="true" id="org.eclipse.team.examples.filesystem.nl_da" unpack="false" version="3.5.0.v20090620043401" download-size="2339" install-size="2339" />
	<plugin fragment="true" id="org.eclipse.team.tests.cvs.core.nl_da" unpack="false" version="3.5.0.v20090620043401" download-size="1428" install-size="1428" />
	<plugin fragment="true" id="org.eclipse.team.ui.nl_da" unpack="false" version="3.5.0.v20090620043401" download-size="11641" install-size="11641" />
	<plugin fragment="true" id="org.eclipse.text.nl_da" unpack="false" version="3.5.0.v20090620043401" download-size="3786" install-size="3786" />
	<plugin fragment="true" id="org.eclipse.text.tests.nl_da" unpack="false" version="3.5.0.v20090620043401" download-size="1370" install-size="1370" />
	<plugin fragment="true" id="org.eclipse.ui.browser.nl_da" unpack="false" version="3.5.0.v20090620043401" download-size="3615" install-size="3615" />
	<plugin fragment="true" id="org.eclipse.ui.cheatsheets.nl_da" unpack="false" version="3.5.0.v20090620043401" download-size="5465" install-size="5465" />
	<plugin fragment="true" id="org.eclipse.ui.console.nl_da" unpack="false" version="3.5.0.v20090620043401" download-size="3338" install-size="3338" />
	<plugin fragment="true" id="org.eclipse.ui.editors.nl_da" unpack="false" version="3.5.0.v20090620043401" download-size="11845" install-size="11845" />
	<plugin fragment="true" id="org.eclipse.ui.editors.tests.nl_da" unpack="false" version="3.5.0.v20090620043401" download-size="1374" install-size="1374" />
	<plugin fragment="true" id="org.eclipse.ui.examples.contributions.nl_da" unpack="false" version="3.5.0.v20090620043401" download-size="1549" install-size="1549" />
	<plugin fragment="true" id="org.eclipse.ui.examples.fieldassist.nl_da" unpack="false" version="3.5.0.v20090620043401" download-size="2275" install-size="2275" />
	<plugin fragment="true" id="org.eclipse.ui.examples.javaeditor.nl_da" unpack="false" version="3.5.0.v20090620043401" download-size="2370" install-size="2370" />
	<plugin fragment="true" id="org.eclipse.ui.examples.multipageeditor.nl_da" unpack="false" version="3.5.0.v20090620043401" download-size="2318" install-size="2318" />
	<plugin fragment="true" id="org.eclipse.ui.examples.propertysheet.nl_da" unpack="false" version="3.5.0.v20090620043401" download-size="2369" install-size="2369" />
	<plugin fragment="true" id="org.eclipse.ui.examples.readmetool.nl_da" unpack="false" version="3.5.0.v20090620043401" download-size="2321" install-size="2321" />
	<plugin fragment="true" id="org.eclipse.ui.examples.undo.nl_da" unpack="false" version="3.5.0.v20090620043401" download-size="2209" install-size="2209" />
	<plugin fragment="true" id="org.eclipse.ui.examples.views.properties.tabbed.article.nl_da" unpack="false" version="3.5.0.v20090620043401" download-size="1452" install-size="1452" />
	<plugin fragment="true" id="org.eclipse.ui.externaltools.nl_da" unpack="false" version="3.5.0.v20090620043401" download-size="8762" install-size="8762" />
	<plugin fragment="true" id="org.eclipse.ui.forms.nl_da" unpack="false" version="3.5.0.v20090620043401" download-size="2278" install-size="2278" />
	<plugin fragment="true" id="org.eclipse.ui.ide.application.nl_da" unpack="false" version="3.5.0.v20090620043401" download-size="1492" install-size="1492" />
	<plugin fragment="true" id="org.eclipse.ui.ide.nl_da" unpack="false" version="3.5.0.v20090620043401" download-size="27983" install-size="27983" />
	<plugin fragment="true" id="org.eclipse.ui.intro.nl_da" unpack="false" version="3.5.0.v20090620043401" download-size="3626" install-size="3626" />
	<plugin fragment="true" id="org.eclipse.ui.intro.universal.nl_da" unpack="false" version="3.5.0.v20090620043401" download-size="5821" install-size="5821" />
	<plugin fragment="true" id="org.eclipse.ui.navigator.nl_da" unpack="false" version="3.5.0.v20090620043401" download-size="3787" install-size="3787" />
	<plugin fragment="true" id="org.eclipse.ui.navigator.resources.nl_da" unpack="false" version="3.5.0.v20090620043401" download-size="3448" install-size="3448" />
	<plugin fragment="true" id="org.eclipse.ui.net.nl_da" unpack="false" version="3.5.0.v20090620043401" download-size="2379" install-size="2379" />
	<plugin fragment="true" id="org.eclipse.ui.nl_da" unpack="false" version="3.5.0.v20090620043401" download-size="4843" install-size="4843" />
	<plugin fragment="true" id="org.eclipse.ui.presentations.r21.nl_da" unpack="false" version="3.5.0.v20090620043401" download-size="2527" install-size="2527" />
	<plugin fragment="true" id="org.eclipse.ui.tests.views.properties.tabbed.nl_da" unpack="false" version="3.5.0.v20090620043401" download-size="1419" install-size="1419" />
	<plugin fragment="true" id="org.eclipse.ui.views.log.nl_da" unpack="false" version="3.5.0.v20090620043401" download-size="2723" install-size="2723" />
	<plugin fragment="true" id="org.eclipse.ui.views.nl_da" unpack="false" version="3.5.0.v20090620043401" download-size="3152" install-size="3152" />
	<plugin fragment="true" id="org.eclipse.ui.views.properties.tabbed.nl_da" unpack="false" version="3.5.0.v20090620043401" download-size="3084" install-size="3084" />
	<plugin fragment="true" id="org.eclipse.ui.workbench.nl_da" unpack="false" version="3.5.0.v20090620043401" download-size="24931" install-size="24931" />
	<plugin fragment="true" id="org.eclipse.ui.workbench.texteditor.nl_da" unpack="false" version="3.5.0.v20090620043401" download-size="11392" install-size="11392" />
	<plugin fragment="true" id="org.eclipse.ui.workbench.texteditor.tests.nl_da" unpack="false" version="3.5.0.v20090620043401" download-size="1384" install-size="1384" />
	<plugin fragment="true" id="org.eclipse.update.configurator.nl_da" unpack="false" version="3.5.0.v20090620043401" download-size="3376" install-size="3376" />
	<plugin fragment="true" id="org.eclipse.update.core.nl_da" unpack="false" version="3.5.0.v20090620043401" download-size="8212" install-size="8212" />
	<plugin fragment="true" id="org.eclipse.update.scheduler.nl_da" unpack="false" version="3.5.0.v20090620043401" download-size="2881" install-size="2881" />
	<plugin fragment="true" id="org.eclipse.update.tests.core.nl_da" unpack="false" version="3.5.0.v20090620043401" download-size="1370" install-size="1370" />
	<plugin fragment="true" id="org.eclipse.update.ui.nl_da" unpack="false" version="3.5.0.v20090620043401" download-size="8887" install-size="8887" />
	<plugin fragment="true" id="org.junit4.nl_da" unpack="false" version="3.5.0.v20090620043401" download-size="1359" install-size="1359" />
	<plugin fragment="true" id="security.a.nl_da" unpack="false" version="3.5.0.v20090620043401" download-size="1367" install-size="1367" />
</feature>