<?xml version="1.0" encoding="UTF-8" ?>
<feature
	id="org.eclipse.babel.nls_technology.actf_cs"
	label="Babel Language Pack for technology.actf in Czech (6.71%)"
	image="eclipse_update_120.jpg"
	provider-name="%providerName"
	version="3.5.0.v20090620043401">
	<copyright>
		%copyright
	</copyright>
	<license url="%licenseURL">
		%license
	</license>
	<description>Babel Language Pack for technology.actf in Czech</description>
	<plugin fragment="true" id="org.eclipse.actf.core.nl_cs" unpack="false" version="3.5.0.v20090620043401" download-size="1604" install-size="1604" />
	<plugin fragment="true" id="org.eclipse.actf.model.flash.proxy.nl_cs" unpack="false" version="3.5.0.v20090620043401" download-size="1905" install-size="1905" />
	<plugin fragment="true" id="org.eclipse.actf.model.ui.nl_cs" unpack="false" version="3.5.0.v20090620043401" download-size="1525" install-size="1525" />
	<plugin fragment="true" id="org.eclipse.actf.ui.nl_cs" unpack="false" version="3.5.0.v20090620043401" download-size="1736" install-size="1736" />
	<plugin fragment="true" id="org.eclipse.actf.util.vocab.nl_cs" unpack="false" version="3.5.0.v20090620043401" download-size="1396" install-size="1396" />
	<plugin fragment="true" id="org.eclipse.actf.visualization.doc.isv.nl_cs" unpack="false" version="3.5.0.v20090620043401" download-size="1377" install-size="1377" />
	<plugin fragment="true" id="org.eclipse.actf.visualization.engines.blind.html.nl_cs" unpack="false" version="3.5.0.v20090620043401" download-size="1425" install-size="1425" />
	<plugin fragment="true" id="org.eclipse.actf.visualization.engines.blind.nl_cs" unpack="false" version="3.5.0.v20090620043401" download-size="1713" install-size="1713" />
	<plugin fragment="true" id="org.eclipse.actf.visualization.eval.nl_cs" unpack="false" version="3.5.0.v20090620043401" download-size="1921" install-size="1921" />
	<plugin fragment="true" id="org.eclipse.actf.visualization.gui.nl_cs" unpack="false" version="3.5.0.v20090620043401" download-size="1883" install-size="1883" />
	<plugin fragment="true" id="org.eclipse.actf.visualization.presentation.nl_cs" unpack="false" version="3.5.0.v20090620043401" download-size="1388" install-size="1388" />
	<plugin fragment="true" id="org.eclipse.actf.visualization.ui.report.nl_cs" unpack="false" version="3.5.0.v20090620043401" download-size="1460" install-size="1460" />
</feature>