<?xml version="1.0" encoding="UTF-8" ?>
<feature
	id="org.eclipse.babel.nls_dsdp.mtj_pt_BR"
	label="Babel Language Pack for dsdp.mtj in Portuguese (Brazilian) (12%)"
	image="eclipse_update_120.jpg"
	provider-name="%providerName"
	version="3.5.0.v20090620043401">
	<copyright>
		%copyright
	</copyright>
	<license url="%licenseURL">
		%license
	</license>
	<description>Babel Language Pack for dsdp.mtj in Portuguese (Brazilian)</description>
	<plugin fragment="true" id="org.eclipse.mtj.core.nl_pt_BR" unpack="false" version="3.5.0.v20090620043401" download-size="4931" install-size="4931" />
	<plugin fragment="true" id="org.eclipse.mtj.eswt.templates.nl_pt_BR" unpack="false" version="3.5.0.v20090620043401" download-size="2190" install-size="2190" />
	<plugin fragment="true" id="org.eclipse.mtj.examples.jadextension.nl_pt_BR" unpack="false" version="3.5.0.v20090620043401" download-size="2159" install-size="2159" />
	<plugin fragment="true" id="org.eclipse.mtj.examples.toolkits.nl_pt_BR" unpack="false" version="3.5.0.v20090620043401" download-size="2234" install-size="2234" />
	<plugin fragment="true" id="org.eclipse.mtj.jmunit.nl_pt_BR" unpack="false" version="3.5.0.v20090620043401" download-size="3825" install-size="3825" />
	<plugin fragment="true" id="org.eclipse.mtj.pulsar.ui.nl_pt_BR" unpack="false" version="3.5.0.v20090620043401" download-size="2393" install-size="2393" />
	<plugin fragment="true" id="org.eclipse.mtj.toolkit.microemu.nl_pt_BR" unpack="false" version="3.5.0.v20090620043401" download-size="2240" install-size="2240" />
	<plugin fragment="true" id="org.eclipse.mtj.toolkit.uei.nl_pt_BR" unpack="false" version="3.5.0.v20090620043401" download-size="2693" install-size="2693" />
	<plugin fragment="true" id="org.eclipse.mtj.ui.nl_pt_BR" unpack="false" version="3.5.0.v20090620043401" download-size="5111" install-size="5111" />
</feature>