<?xml version="1.0" encoding="UTF-8" ?>
<feature
	id="org.eclipse.babel.nls_technology.dltk_pt"
	label="Babel Language Pack for technology.dltk in Portuguese (56.62%)"
	image="eclipse_update_120.jpg"
	provider-name="%providerName"
	version="3.5.0.v20090620043401">
	<copyright>
		%copyright
	</copyright>
	<license url="%licenseURL">
		%license
	</license>
	<description>Babel Language Pack for technology.dltk in Portuguese</description>
	<plugin fragment="true" id="org.eclipse.dltk.console.nl_pt" unpack="false" version="3.5.0.v20090620043401" download-size="1371" install-size="1371" />
	<plugin fragment="true" id="org.eclipse.dltk.console.ui.nl_pt" unpack="false" version="3.5.0.v20090620043401" download-size="2415" install-size="2415" />
	<plugin fragment="true" id="org.eclipse.dltk.core.doc.isv.nl_pt" unpack="false" version="3.5.0.v20090620043401" download-size="1374" install-size="1374" />
	<plugin fragment="true" id="org.eclipse.dltk.core.nl_pt" unpack="false" version="3.5.0.v20090620043401" download-size="5429" install-size="5429" />
	<plugin fragment="true" id="org.eclipse.dltk.debug.nl_pt" unpack="false" version="3.5.0.v20090620043401" download-size="3287" install-size="3287" />
	<plugin fragment="true" id="org.eclipse.dltk.debug.ui.nl_pt" unpack="false" version="3.5.0.v20090620043401" download-size="9965" install-size="9965" />
	<plugin fragment="true" id="org.eclipse.dltk.formatter.nl_pt" unpack="false" version="3.5.0.v20090620043401" download-size="2301" install-size="2301" />
	<plugin fragment="true" id="org.eclipse.dltk.itcl.core.nl_pt" unpack="false" version="3.5.0.v20090620043401" download-size="1373" install-size="1373" />
	<plugin fragment="true" id="org.eclipse.dltk.itcl.nl_pt" unpack="false" version="3.5.0.v20090620043401" download-size="1369" install-size="1369" />
	<plugin fragment="true" id="org.eclipse.dltk.itcl.ui.nl_pt" unpack="false" version="3.5.0.v20090620043401" download-size="1371" install-size="1371" />
	<plugin fragment="true" id="org.eclipse.dltk.javascript.core.dom.support.nl_pt" unpack="false" version="3.5.0.v20090620043401" download-size="1382" install-size="1382" />
	<plugin fragment="true" id="org.eclipse.dltk.javascript.core.nl_pt" unpack="false" version="3.5.0.v20090620043401" download-size="1377" install-size="1377" />
	<plugin fragment="true" id="org.eclipse.dltk.javascript.debug.nl_pt" unpack="false" version="3.5.0.v20090620043401" download-size="1378" install-size="1378" />
	<plugin fragment="true" id="org.eclipse.dltk.javascript.debug.ui.nl_pt" unpack="false" version="3.5.0.v20090620043401" download-size="3318" install-size="3318" />
	<plugin fragment="true" id="org.eclipse.dltk.javascript.formatter.nl_pt" unpack="false" version="3.5.0.v20090620043401" download-size="3057" install-size="3057" />
	<plugin fragment="true" id="org.eclipse.dltk.javascript.jsjdtdebugger.nl_pt" unpack="false" version="3.5.0.v20090620043401" download-size="1383" install-size="1383" />
	<plugin fragment="true" id="org.eclipse.dltk.javascript.launching.nl_pt" unpack="false" version="3.5.0.v20090620043401" download-size="1381" install-size="1381" />
	<plugin fragment="true" id="org.eclipse.dltk.javascript.rhino.dbgp.nl_pt" unpack="false" version="3.5.0.v20090620043401" download-size="1381" install-size="1381" />
	<plugin fragment="true" id="org.eclipse.dltk.javascript.rhino.nl_pt" unpack="false" version="3.5.0.v20090620043401" download-size="1378" install-size="1378" />
	<plugin fragment="true" id="org.eclipse.dltk.javascript.ui.nl_pt" unpack="false" version="3.5.0.v20090620043401" download-size="3222" install-size="3222" />
	<plugin fragment="true" id="org.eclipse.dltk.launching.nl_pt" unpack="false" version="3.5.0.v20090620043401" download-size="2992" install-size="2992" />
	<plugin fragment="true" id="org.eclipse.dltk.mylyn.nl_pt" unpack="false" version="3.5.0.v20090620043401" download-size="1370" install-size="1370" />
	<plugin fragment="true" id="org.eclipse.dltk.nl_pt" unpack="false" version="3.5.0.v20090620043401" download-size="1365" install-size="1365" />
	<plugin fragment="true" id="org.eclipse.dltk.python.activestatedebugger.nl_pt" unpack="false" version="3.5.0.v20090620043401" download-size="1384" install-size="1384" />
	<plugin fragment="true" id="org.eclipse.dltk.python.core.nl_pt" unpack="false" version="3.5.0.v20090620043401" download-size="1374" install-size="1374" />
	<plugin fragment="true" id="org.eclipse.dltk.python.debug.nl_pt" unpack="false" version="3.5.0.v20090620043401" download-size="1375" install-size="1375" />
	<plugin fragment="true" id="org.eclipse.dltk.python.debug.ui.nl_pt" unpack="false" version="3.5.0.v20090620043401" download-size="3117" install-size="3117" />
	<plugin fragment="true" id="org.eclipse.dltk.python.launching.nl_pt" unpack="false" version="3.5.0.v20090620043401" download-size="1377" install-size="1377" />
	<plugin fragment="true" id="org.eclipse.dltk.python.ui.nl_pt" unpack="false" version="3.5.0.v20090620043401" download-size="2797" install-size="2797" />
	<plugin fragment="true" id="org.eclipse.dltk.rse.core.nl_pt" unpack="false" version="3.5.0.v20090620043401" download-size="1372" install-size="1372" />
	<plugin fragment="true" id="org.eclipse.dltk.rse.nl_pt" unpack="false" version="3.5.0.v20090620043401" download-size="1366" install-size="1366" />
	<plugin fragment="true" id="org.eclipse.dltk.rse.ui.nl_pt" unpack="false" version="3.5.0.v20090620043401" download-size="1369" install-size="1369" />
	<plugin fragment="true" id="org.eclipse.dltk.ruby.abstractdebugger.nl_pt" unpack="false" version="3.5.0.v20090620043401" download-size="1380" install-size="1380" />
	<plugin fragment="true" id="org.eclipse.dltk.ruby.activestatedebugger.nl_pt" unpack="false" version="3.5.0.v20090620043401" download-size="1382" install-size="1382" />
	<plugin fragment="true" id="org.eclipse.dltk.ruby.basicdebugger.nl_pt" unpack="false" version="3.5.0.v20090620043401" download-size="1378" install-size="1378" />
	<plugin fragment="true" id="org.eclipse.dltk.ruby.core.nl_pt" unpack="false" version="3.5.0.v20090620043401" download-size="1915" install-size="1915" />
	<plugin fragment="true" id="org.eclipse.dltk.ruby.debug.nl_pt" unpack="false" version="3.5.0.v20090620043401" download-size="1373" install-size="1373" />
	<plugin fragment="true" id="org.eclipse.dltk.ruby.debug.ui.nl_pt" unpack="false" version="3.5.0.v20090620043401" download-size="3112" install-size="3112" />
	<plugin fragment="true" id="org.eclipse.dltk.ruby.fastdebugger.nl_pt" unpack="false" version="3.5.0.v20090620043401" download-size="1378" install-size="1378" />
	<plugin fragment="true" id="org.eclipse.dltk.ruby.formatter.nl_pt" unpack="false" version="3.5.0.v20090620043401" download-size="2541" install-size="2541" />
	<plugin fragment="true" id="org.eclipse.dltk.ruby.launching.nl_pt" unpack="false" version="3.5.0.v20090620043401" download-size="1376" install-size="1376" />
	<plugin fragment="true" id="org.eclipse.dltk.ruby.nl_pt" unpack="false" version="3.5.0.v20090620043401" download-size="1369" install-size="1369" />
	<plugin fragment="true" id="org.eclipse.dltk.ruby.testing.nl_pt" unpack="false" version="3.5.0.v20090620043401" download-size="1375" install-size="1375" />
	<plugin fragment="true" id="org.eclipse.dltk.ruby.ui.nl_pt" unpack="false" version="3.5.0.v20090620043401" download-size="5004" install-size="5004" />
	<plugin fragment="true" id="org.eclipse.dltk.tcl.activestatedebugger.nl_pt" unpack="false" version="3.5.0.v20090620043401" download-size="2724" install-size="2724" />
	<plugin fragment="true" id="org.eclipse.dltk.tcl.core.nl_pt" unpack="false" version="3.5.0.v20090620043401" download-size="1391" install-size="1391" />
	<plugin fragment="true" id="org.eclipse.dltk.tcl.debug.nl_pt" unpack="false" version="3.5.0.v20090620043401" download-size="1373" install-size="1373" />
	<plugin fragment="true" id="org.eclipse.dltk.tcl.debug.ui.nl_pt" unpack="false" version="3.5.0.v20090620043401" download-size="3588" install-size="3588" />
	<plugin fragment="true" id="org.eclipse.dltk.tcl.doc.user.nl_pt" unpack="false" version="3.5.0.v20090620043401" download-size="1733" install-size="1733" />
	<plugin fragment="true" id="org.eclipse.dltk.tcl.launching.nl_pt" unpack="false" version="3.5.0.v20090620043401" download-size="1375" install-size="1375" />
	<plugin fragment="true" id="org.eclipse.dltk.tcl.nl_pt" unpack="false" version="3.5.0.v20090620043401" download-size="1368" install-size="1368" />
	<plugin fragment="true" id="org.eclipse.dltk.tcl.parser.nl_pt" unpack="false" version="3.5.0.v20090620043401" download-size="2980" install-size="2980" />
	<plugin fragment="true" id="org.eclipse.dltk.tcl.tclchecker.nl_pt" unpack="false" version="3.5.0.v20090620043401" download-size="4168" install-size="4168" />
	<plugin fragment="true" id="org.eclipse.dltk.tcl.tcllib.nl_pt" unpack="false" version="3.5.0.v20090620043401" download-size="1371" install-size="1371" />
	<plugin fragment="true" id="org.eclipse.dltk.tcl.testing.nl_pt" unpack="false" version="3.5.0.v20090620043401" download-size="1372" install-size="1372" />
	<plugin fragment="true" id="org.eclipse.dltk.tcl.testing.tcltest.nl_pt" unpack="false" version="3.5.0.v20090620043401" download-size="1377" install-size="1377" />
	<plugin fragment="true" id="org.eclipse.dltk.tcl.ui.nl_pt" unpack="false" version="3.5.0.v20090620043401" download-size="4344" install-size="4344" />
	<plugin fragment="true" id="org.eclipse.dltk.tcl.validators.nl_pt" unpack="false" version="3.5.0.v20090620043401" download-size="1376" install-size="1376" />
	<plugin fragment="true" id="org.eclipse.dltk.testing.nl_pt" unpack="false" version="3.5.0.v20090620043401" download-size="8264" install-size="8264" />
	<plugin fragment="true" id="org.eclipse.dltk.ui.nl_pt" unpack="false" version="3.5.0.v20090620043401" download-size="75479" install-size="75479" />
	<plugin fragment="true" id="org.eclipse.dltk.validators.core.nl_pt" unpack="false" version="3.5.0.v20090620043401" download-size="2906" install-size="2906" />
	<plugin fragment="true" id="org.eclipse.dltk.validators.externalchecker.nl_pt" unpack="false" version="3.5.0.v20090620043401" download-size="3398" install-size="3398" />
	<plugin fragment="true" id="org.eclipse.dltk.validators.ui.nl_pt" unpack="false" version="3.5.0.v20090620043401" download-size="3304" install-size="3304" />
	<plugin fragment="true" id="org.eclipse.dltk.xotcl.core.nl_pt" unpack="false" version="3.5.0.v20090620043401" download-size="1374" install-size="1374" />
	<plugin fragment="true" id="org.eclipse.dltk.xotcl.nl_pt" unpack="false" version="3.5.0.v20090620043401" download-size="1370" install-size="1370" />
	<plugin fragment="true" id="org.eclipse.dltk.xotcl.testing.xounit.nl_pt" unpack="false" version="3.5.0.v20090620043401" download-size="1379" install-size="1379" />
	<plugin fragment="true" id="org.eclipse.dltk.xotcl.ui.nl_pt" unpack="false" version="3.5.0.v20090620043401" download-size="1372" install-size="1372" />
</feature>