<?xml version="1.0" encoding="UTF-8" ?>
<feature
	id="org.eclipse.babel.nls_webtools.jeetools_iw"
	label="Babel Language Pack for webtools.jeetools in Hebrew (86.56%)"
	image="eclipse_update_120.jpg"
	provider-name="%providerName"
	version="3.5.0.v20090620043401">
	<copyright>
		%copyright
	</copyright>
	<license url="%licenseURL">
		%license
	</license>
	<description>Babel Language Pack for webtools.jeetools in Hebrew</description>
	<plugin fragment="true" id="org.eclipse.jem.beaninfo.nl_iw" unpack="false" version="3.5.0.v20090620043401" download-size="3021" install-size="3021" />
	<plugin fragment="true" id="org.eclipse.jem.beaninfo.vm.common.nl_iw" unpack="false" version="3.5.0.v20090620043401" download-size="1378" install-size="1378" />
	<plugin fragment="true" id="org.eclipse.jem.beaninfo.vm.nl_iw" unpack="false" version="3.5.0.v20090620043401" download-size="1374" install-size="1374" />
	<plugin fragment="true" id="org.eclipse.jem.nl_iw" unpack="false" version="3.5.0.v20090620043401" download-size="3532" install-size="3532" />
	<plugin fragment="true" id="org.eclipse.jem.proxy.nl_iw" unpack="false" version="3.5.0.v20090620043401" download-size="6145" install-size="6145" />
	<plugin fragment="true" id="org.eclipse.jem.tests.nl_iw" unpack="false" version="3.5.0.v20090620043401" download-size="1365" install-size="1365" />
	<plugin fragment="true" id="org.eclipse.jem.workbench.nl_iw" unpack="false" version="3.5.0.v20090620043401" download-size="2384" install-size="2384" />
	<plugin fragment="true" id="org.eclipse.jst.j2ee.core.nl_iw" unpack="false" version="3.5.0.v20090620043401" download-size="20062" install-size="20062" />
	<plugin fragment="true" id="org.eclipse.jst.j2ee.doc.user.nl_iw" unpack="false" version="3.5.0.v20090620043401" download-size="1372" install-size="1372" />
	<plugin fragment="true" id="org.eclipse.jst.j2ee.infopop.nl_iw" unpack="false" version="3.5.0.v20090620043401" download-size="1372" install-size="1372" />
	<plugin fragment="true" id="org.eclipse.jst.j2ee.jca.nl_iw" unpack="false" version="3.5.0.v20090620043401" download-size="2460" install-size="2460" />
	<plugin fragment="true" id="org.eclipse.jst.j2ee.jca.ui.nl_iw" unpack="false" version="3.5.0.v20090620043401" download-size="1982" install-size="1982" />
	<plugin fragment="true" id="org.eclipse.jst.j2ee.navigator.ui.nl_iw" unpack="false" version="3.5.0.v20090620043401" download-size="1751" install-size="1751" />
	<plugin fragment="true" id="org.eclipse.jst.j2ee.nl_iw" unpack="false" version="3.5.0.v20090620043401" download-size="22966" install-size="22966" />
	<plugin fragment="true" id="org.eclipse.jst.j2ee.ui.nl_iw" unpack="false" version="3.5.0.v20090620043401" download-size="14094" install-size="14094" />
	<plugin fragment="true" id="org.eclipse.jst.j2ee.web.nl_iw" unpack="false" version="3.5.0.v20090620043401" download-size="14200" install-size="14200" />
	<plugin fragment="true" id="org.eclipse.jst.j2ee.webservice.nl_iw" unpack="false" version="3.5.0.v20090620043401" download-size="2565" install-size="2565" />
	<plugin fragment="true" id="org.eclipse.jst.j2ee.webservice.ui.nl_iw" unpack="false" version="3.5.0.v20090620043401" download-size="2235" install-size="2235" />
	<plugin fragment="true" id="org.eclipse.jst.j2ee.xdoclet.runtime.nl_iw" unpack="false" version="3.5.0.v20090620043401" download-size="2234" install-size="2234" />
	<plugin fragment="true" id="org.eclipse.jst.jee.nl_iw" unpack="false" version="3.5.0.v20090620043401" download-size="1368" install-size="1368" />
	<plugin fragment="true" id="org.eclipse.jst.jee.ui.nl_iw" unpack="false" version="3.5.0.v20090620043401" download-size="2603" install-size="2603" />
	<plugin fragment="true" id="org.eclipse.jst.jee.web.nl_iw" unpack="false" version="3.5.0.v20090620043401" download-size="1371" install-size="1371" />
	<plugin fragment="true" id="org.eclipse.jst.servlet.ui.infopop.nl_iw" unpack="false" version="3.5.0.v20090620043401" download-size="1375" install-size="1375" />
	<plugin fragment="true" id="org.eclipse.jst.servlet.ui.nl_iw" unpack="false" version="3.5.0.v20090620043401" download-size="4569" install-size="4569" />
	<plugin fragment="true" id="org.eclipse.wst.web.ui.infopop.nl_iw" unpack="false" version="3.5.0.v20090620043401" download-size="1372" install-size="1372" />
</feature>