<?xml version="1.0" encoding="UTF-8" ?>
<feature
	id="org.eclipse.babel.nls_tools.orbit_ja"
	label="Babel Language Pack for tools.orbit in Japanese (4.89%)"
	image="eclipse_update_120.jpg"
	provider-name="%providerName"
	version="3.5.0.v20090620043401">
	<copyright>
		%copyright
	</copyright>
	<license url="%licenseURL">
		%license
	</license>
	<description>Babel Language Pack for tools.orbit in Japanese</description>
	<plugin fragment="true" id="com.sun.syndication.nl_ja" unpack="false" version="3.5.0.v20090620043401" download-size="1367" install-size="1367" />
	<plugin fragment="true" id="com.sun.xml.bind.nl_ja" unpack="false" version="3.5.0.v20090620043401" download-size="1370" install-size="1370" />
	<plugin fragment="true" id="commonj.sdo.nl_ja" unpack="false" version="3.5.0.v20090620043401" download-size="1361" install-size="1361" />
	<plugin fragment="true" id="edu.emory.mathcs.backport.nl_ja" unpack="false" version="3.5.0.v20090620043401" download-size="1373" install-size="1373" />
	<plugin fragment="true" id="javax.activation.nl_ja" unpack="false" version="3.5.0.v20090620043401" download-size="1369" install-size="1369" />
	<plugin fragment="true" id="javax.jws.nl_ja" unpack="false" version="3.5.0.v20090620043401" download-size="1364" install-size="1364" />
	<plugin fragment="true" id="javax.mail.glassfish.nl_ja" unpack="false" version="3.5.0.v20090620043401" download-size="1373" install-size="1373" />
	<plugin fragment="true" id="javax.mail.nl_ja" unpack="false" version="3.5.0.v20090620043401" download-size="1364" install-size="1364" />
	<plugin fragment="true" id="javax.management.nl_ja" unpack="false" version="3.5.0.v20090620043401" download-size="1370" install-size="1370" />
	<plugin fragment="true" id="javax.management.remote.nl_ja" unpack="false" version="3.5.0.v20090620043401" download-size="1374" install-size="1374" />
	<plugin fragment="true" id="javax.persistence.nl_ja" unpack="false" version="3.5.0.v20090620043401" download-size="1368" install-size="1368" />
	<plugin fragment="true" id="javax.servlet.jsp.nl_ja" unpack="false" version="3.5.0.v20090620043401" download-size="1368" install-size="1368" />
	<plugin fragment="true" id="javax.servlet.nl_ja" unpack="false" version="3.5.0.v20090620043401" download-size="3032" install-size="3032" />
	<plugin fragment="true" id="javax.wsdl.nl_ja" unpack="false" version="3.5.0.v20090620043401" download-size="1364" install-size="1364" />
	<plugin fragment="true" id="javax.xml.bind.nl_ja" unpack="false" version="3.5.0.v20090620043401" download-size="1369" install-size="1369" />
	<plugin fragment="true" id="javax.xml.nl_ja" unpack="false" version="3.5.0.v20090620043401" download-size="1364" install-size="1364" />
	<plugin fragment="true" id="javax.xml.rpc.nl_ja" unpack="false" version="3.5.0.v20090620043401" download-size="1367" install-size="1367" />
	<plugin fragment="true" id="javax.xml.soap.nl_ja" unpack="false" version="3.5.0.v20090620043401" download-size="1368" install-size="1368" />
	<plugin fragment="true" id="net.sourceforge.lpg.lpgjavaruntime.nl_ja" unpack="false" version="3.5.0.v20090620043401" download-size="1376" install-size="1376" />
	<plugin fragment="true" id="net.sourceforge.mx4j.nl_ja" unpack="false" version="3.5.0.v20090620043401" download-size="1373" install-size="1373" />
	<plugin fragment="true" id="net.sourceforge.mx4j.remote.nl_ja" unpack="false" version="3.5.0.v20090620043401" download-size="1377" install-size="1377" />
	<plugin fragment="true" id="org.antlr.runtime.nl_ja" unpack="false" version="3.5.0.v20090620043401" download-size="1365" install-size="1365" />
	<plugin fragment="true" id="org.apache.axis.nl_ja" unpack="false" version="3.5.0.v20090620043401" download-size="2905" install-size="2905" />
	<plugin fragment="true" id="org.apache.batik.bridge.nl_ja" unpack="false" version="3.5.0.v20090620043401" download-size="1372" install-size="1372" />
	<plugin fragment="true" id="org.apache.batik.css.nl_ja" unpack="false" version="3.5.0.v20090620043401" download-size="1369" install-size="1369" />
	<plugin fragment="true" id="org.apache.batik.dom.nl_ja" unpack="false" version="3.5.0.v20090620043401" download-size="1369" install-size="1369" />
	<plugin fragment="true" id="org.apache.batik.dom.svg.nl_ja" unpack="false" version="3.5.0.v20090620043401" download-size="1372" install-size="1372" />
	<plugin fragment="true" id="org.apache.batik.ext.awt.nl_ja" unpack="false" version="3.5.0.v20090620043401" download-size="2873" install-size="2873" />
	<plugin fragment="true" id="org.apache.batik.extension.nl_ja" unpack="false" version="3.5.0.v20090620043401" download-size="1373" install-size="1373" />
	<plugin fragment="true" id="org.apache.batik.parser.nl_ja" unpack="false" version="3.5.0.v20090620043401" download-size="1371" install-size="1371" />
	<plugin fragment="true" id="org.apache.batik.pdf.nl_ja" unpack="false" version="3.5.0.v20090620043401" download-size="1370" install-size="1370" />
	<plugin fragment="true" id="org.apache.batik.svggen.nl_ja" unpack="false" version="3.5.0.v20090620043401" download-size="1372" install-size="1372" />
	<plugin fragment="true" id="org.apache.batik.swing.nl_ja" unpack="false" version="3.5.0.v20090620043401" download-size="1369" install-size="1369" />
	<plugin fragment="true" id="org.apache.batik.transcoder.nl_ja" unpack="false" version="3.5.0.v20090620043401" download-size="1374" install-size="1374" />
	<plugin fragment="true" id="org.apache.batik.util.gui.nl_ja" unpack="false" version="3.5.0.v20090620043401" download-size="7639" install-size="7639" />
	<plugin fragment="true" id="org.apache.batik.util.nl_ja" unpack="false" version="3.5.0.v20090620043401" download-size="1370" install-size="1370" />
	<plugin fragment="true" id="org.apache.batik.xml.nl_ja" unpack="false" version="3.5.0.v20090620043401" download-size="1369" install-size="1369" />
	<plugin fragment="true" id="org.apache.bcel.nl_ja" unpack="false" version="3.5.0.v20090620043401" download-size="1365" install-size="1365" />
	<plugin fragment="true" id="org.apache.bsf.nl_ja" unpack="false" version="3.5.0.v20090620043401" download-size="1364" install-size="1364" />
	<plugin fragment="true" id="org.apache.commons.beanutils.nl_ja" unpack="false" version="3.5.0.v20090620043401" download-size="1374" install-size="1374" />
	<plugin fragment="true" id="org.apache.commons.collections.nl_ja" unpack="false" version="3.5.0.v20090620043401" download-size="1374" install-size="1374" />
	<plugin fragment="true" id="org.apache.commons.discovery.nl_ja" unpack="false" version="3.5.0.v20090620043401" download-size="1378" install-size="1378" />
	<plugin fragment="true" id="org.apache.commons.el.nl_ja" unpack="false" version="3.5.0.v20090620043401" download-size="1370" install-size="1370" />
	<plugin fragment="true" id="org.apache.commons.lang.nl_ja" unpack="false" version="3.5.0.v20090620043401" download-size="1370" install-size="1370" />
	<plugin fragment="true" id="org.apache.commons.logging.nl_ja" unpack="false" version="3.5.0.v20090620043401" download-size="1371" install-size="1371" />
	<plugin fragment="true" id="org.apache.commons.net.nl_ja" unpack="false" version="3.5.0.v20090620043401" download-size="1370" install-size="1370" />
	<plugin fragment="true" id="org.apache.derby.nl_ja" unpack="false" version="3.5.0.v20090620043401" download-size="21865" install-size="21865" />
	<plugin fragment="true" id="org.apache.httpcomponents.httpcore.nio.nl_ja" unpack="false" version="3.5.0.v20090620043401" download-size="1588" install-size="1588" />
	<plugin fragment="true" id="org.apache.httpcomponents.httpcore.nl_ja" unpack="false" version="3.5.0.v20090620043401" download-size="1586" install-size="1586" />
	<plugin fragment="true" id="org.apache.jasper.nl_ja" unpack="false" version="3.5.0.v20090620043401" download-size="14881" install-size="14881" />
	<plugin fragment="true" id="org.apache.log4j.nl_ja" unpack="false" version="3.5.0.v20090620043401" download-size="1371" install-size="1371" />
	<plugin fragment="true" id="org.apache.oro.nl_ja" unpack="false" version="3.5.0.v20090620043401" download-size="1364" install-size="1364" />
	<plugin fragment="true" id="org.apache.solr.client.solrj.embedded.nl_ja" unpack="false" version="3.5.0.v20090620043401" download-size="1377" install-size="1377" />
	<plugin fragment="true" id="org.apache.solr.client.solrj.nl_ja" unpack="false" version="3.5.0.v20090620043401" download-size="1372" install-size="1372" />
	<plugin fragment="true" id="org.apache.velocity.nl_ja" unpack="false" version="3.5.0.v20090620043401" download-size="1372" install-size="1372" />
	<plugin fragment="true" id="org.apache.ws.commons.schema.nl_ja" unpack="false" version="3.5.0.v20090620043401" download-size="1375" install-size="1375" />
	<plugin fragment="true" id="org.apache.wsil4j.nl_ja" unpack="false" version="3.5.0.v20090620043401" download-size="1371" install-size="1371" />
	<plugin fragment="true" id="org.apache.xalan.nl_ja" unpack="false" version="3.5.0.v20090620043401" download-size="2882" install-size="2882" />
	<plugin fragment="true" id="org.apache.xerces.nl_ja" unpack="false" version="3.5.0.v20090620043401" download-size="2603" install-size="2603" />
	<plugin fragment="true" id="org.apache.xml.resolver.nl_ja" unpack="false" version="3.5.0.v20090620043401" download-size="1375" install-size="1375" />
	<plugin fragment="true" id="org.apache.xml.security.nl_ja" unpack="false" version="3.5.0.v20090620043401" download-size="1899" install-size="1899" />
	<plugin fragment="true" id="org.apache.xml.serializer.nl_ja" unpack="false" version="3.5.0.v20090620043401" download-size="2683" install-size="2683" />
	<plugin fragment="true" id="org.eclipse.orbit.nl_ja" unpack="false" version="3.5.0.v20090620043401" download-size="1363" install-size="1363" />
	<plugin fragment="true" id="org.hamcrest.core.nl_ja" unpack="false" version="3.5.0.v20090620043401" download-size="1365" install-size="1365" />
	<plugin fragment="true" id="org.hamcrest.generator.nl_ja" unpack="false" version="3.5.0.v20090620043401" download-size="1369" install-size="1369" />
	<plugin fragment="true" id="org.hamcrest.integration.nl_ja" unpack="false" version="3.5.0.v20090620043401" download-size="1370" install-size="1370" />
	<plugin fragment="true" id="org.hamcrest.library.nl_ja" unpack="false" version="3.5.0.v20090620043401" download-size="1368" install-size="1368" />
	<plugin fragment="true" id="org.hamcrest.nl_ja" unpack="false" version="3.5.0.v20090620043401" download-size="1362" install-size="1362" />
	<plugin fragment="true" id="org.hamcrest.text.nl_ja" unpack="false" version="3.5.0.v20090620043401" download-size="1366" install-size="1366" />
	<plugin fragment="true" id="org.jdom.nl_ja" unpack="false" version="3.5.0.v20090620043401" download-size="1359" install-size="1359" />
	<plugin fragment="true" id="org.mortbay.jetty.nl_ja" unpack="false" version="3.5.0.v20090620043401" download-size="2664" install-size="2664" />
	<plugin fragment="true" id="org.mortbay.jetty.server.nl_ja" unpack="false" version="3.5.0.v20090620043401" download-size="1839" install-size="1839" />
	<plugin fragment="true" id="org.mortbay.jetty.util.nl_ja" unpack="false" version="3.5.0.v20090620043401" download-size="1371" install-size="1371" />
	<plugin fragment="true" id="org.mozilla.javascript.nl_ja" unpack="false" version="3.5.0.v20090620043401" download-size="1375" install-size="1375" />
	<plugin fragment="true" id="org.objectweb.asm.nl_ja" unpack="false" version="3.5.0.v20090620043401" download-size="4680" install-size="4680" />
	<plugin fragment="true" id="org.opensaml.nl_ja" unpack="false" version="3.5.0.v20090620043401" download-size="1395" install-size="1395" />
	<plugin fragment="true" id="org.slf4j.api.nl_ja" unpack="false" version="3.5.0.v20090620043401" download-size="1366" install-size="1366" />
	<plugin fragment="true" id="org.uddi4j.nl_ja" unpack="false" version="3.5.0.v20090620043401" download-size="1365" install-size="1365" />
	<plugin fragment="true" id="org.w3c.css.sac.nl_ja" unpack="false" version="3.5.0.v20090620043401" download-size="1364" install-size="1364" />
	<plugin fragment="true" id="org.w3c.dom.events.nl_ja" unpack="false" version="3.5.0.v20090620043401" download-size="1366" install-size="1366" />
	<plugin fragment="true" id="org.w3c.dom.smil.nl_ja" unpack="false" version="3.5.0.v20090620043401" download-size="1365" install-size="1365" />
	<plugin fragment="true" id="org.w3c.dom.svg.nl_ja" unpack="false" version="3.5.0.v20090620043401" download-size="1365" install-size="1365" />
</feature>