<?xml version="1.0" encoding="UTF-8" ?>
<feature
	id="org.eclipse.babel.nls_webtools.servertools_fi"
	label="Babel Language Pack for webtools.servertools in Finnish (72%)"
	image="eclipse_update_120.jpg"
	provider-name="%providerName"
	version="3.5.0.v20090620043401">
	<copyright>
		%copyright
	</copyright>
	<license url="%licenseURL">
		%license
	</license>
	<description>Babel Language Pack for webtools.servertools in Finnish</description>
	<plugin fragment="true" id="org.apache.cactus.nl_fi" unpack="false" version="3.5.0.v20090620043401" download-size="1369" install-size="1369" />
	<plugin fragment="true" id="org.eclipse.jst.server.core.nl_fi" unpack="false" version="3.5.0.v20090620043401" download-size="3274" install-size="3274" />
	<plugin fragment="true" id="org.eclipse.jst.server.generic.core.nl_fi" unpack="false" version="3.5.0.v20090620043401" download-size="3458" install-size="3458" />
	<plugin fragment="true" id="org.eclipse.jst.server.generic.jboss.nl_fi" unpack="false" version="3.5.0.v20090620043401" download-size="1727" install-size="1727" />
	<plugin fragment="true" id="org.eclipse.jst.server.generic.jonas.nl_fi" unpack="false" version="3.5.0.v20090620043401" download-size="1766" install-size="1766" />
	<plugin fragment="true" id="org.eclipse.jst.server.generic.oc4j.nl_fi" unpack="false" version="3.5.0.v20090620043401" download-size="1942" install-size="1942" />
	<plugin fragment="true" id="org.eclipse.jst.server.generic.ui.nl_fi" unpack="false" version="3.5.0.v20090620043401" download-size="2940" install-size="2940" />
	<plugin fragment="true" id="org.eclipse.jst.server.installable.nl_fi" unpack="false" version="3.5.0.v20090620043401" download-size="1421" install-size="1421" />
	<plugin fragment="true" id="org.eclipse.jst.server.preview.adapter.nl_fi" unpack="false" version="3.5.0.v20090620043401" download-size="2773" install-size="2773" />
	<plugin fragment="true" id="org.eclipse.jst.server.tomcat.core.nl_fi" unpack="false" version="3.5.0.v20090620043401" download-size="4837" install-size="4837" />
	<plugin fragment="true" id="org.eclipse.jst.server.tomcat.ui.nl_fi" unpack="false" version="3.5.0.v20090620043401" download-size="3444" install-size="3444" />
	<plugin fragment="true" id="org.eclipse.jst.server.ui.doc.user.nl_fi" unpack="false" version="3.5.0.v20090620043401" download-size="1419" install-size="1419" />
	<plugin fragment="true" id="org.eclipse.jst.server.ui.infopop.nl_fi" unpack="false" version="3.5.0.v20090620043401" download-size="1420" install-size="1420" />
	<plugin fragment="true" id="org.eclipse.jst.server.ui.nl_fi" unpack="false" version="3.5.0.v20090620043401" download-size="2802" install-size="2802" />
	<plugin fragment="true" id="org.eclipse.jst.server.websphere.core.nl_fi" unpack="false" version="3.5.0.v20090620043401" download-size="1642" install-size="1642" />
	<plugin fragment="true" id="org.eclipse.servertools.doc.isv.nl_fi" unpack="false" version="3.5.0.v20090620043401" download-size="1371" install-size="1371" />
	<plugin fragment="true" id="org.eclipse.wst.internet.monitor.core.nl_fi" unpack="false" version="3.5.0.v20090620043401" download-size="2901" install-size="2901" />
	<plugin fragment="true" id="org.eclipse.wst.internet.monitor.ui.nl_fi" unpack="false" version="3.5.0.v20090620043401" download-size="3341" install-size="3341" />
	<plugin fragment="true" id="org.eclipse.wst.server.core.nl_fi" unpack="false" version="3.5.0.v20090620043401" download-size="3784" install-size="3784" />
	<plugin fragment="true" id="org.eclipse.wst.server.discovery.nl_fi" unpack="false" version="3.5.0.v20090620043401" download-size="2647" install-size="2647" />
	<plugin fragment="true" id="org.eclipse.wst.server.http.core.nl_fi" unpack="false" version="3.5.0.v20090620043401" download-size="2704" install-size="2704" />
	<plugin fragment="true" id="org.eclipse.wst.server.http.ui.nl_fi" unpack="false" version="3.5.0.v20090620043401" download-size="2539" install-size="2539" />
	<plugin fragment="true" id="org.eclipse.wst.server.preview.adapter.nl_fi" unpack="false" version="3.5.0.v20090620043401" download-size="2943" install-size="2943" />
	<plugin fragment="true" id="org.eclipse.wst.server.preview.nl_fi" unpack="false" version="3.5.0.v20090620043401" download-size="2776" install-size="2776" />
	<plugin fragment="true" id="org.eclipse.wst.server.ui.doc.user.nl_fi" unpack="false" version="3.5.0.v20090620043401" download-size="1410" install-size="1410" />
	<plugin fragment="true" id="org.eclipse.wst.server.ui.infopop.nl_fi" unpack="false" version="3.5.0.v20090620043401" download-size="1423" install-size="1423" />
	<plugin fragment="true" id="org.eclipse.wst.server.ui.nl_fi" unpack="false" version="3.5.0.v20090620043401" download-size="7011" install-size="7011" />
</feature>