<?xml version="1.0" encoding="UTF-8" ?>
<feature
	id="org.eclipse.babel.nls_stp.sca_es"
	label="Babel Language Pack for stp.sca in Spanish (21.64%)"
	image="eclipse_update_120.jpg"
	provider-name="%providerName"
	version="3.5.0.v20090620043401">
	<copyright>
		%copyright
	</copyright>
	<license url="%licenseURL">
		%license
	</license>
	<description>Babel Language Pack for stp.sca in Spanish</description>
	<plugin fragment="true" id="org.eclipse.stp.sca.common.jdt.nl_es" unpack="false" version="3.5.0.v20090620043401" download-size="2323" install-size="2323" />
	<plugin fragment="true" id="org.eclipse.stp.sca.common.nl_es" unpack="false" version="3.5.0.v20090620043401" download-size="1351" install-size="1351" />
	<plugin fragment="true" id="org.eclipse.stp.sca.diagram.extension.generator.ui.nl_es" unpack="false" version="3.5.0.v20090620043401" download-size="2876" install-size="2876" />
	<plugin fragment="true" id="org.eclipse.stp.sca.diagram.extension.nl_es" unpack="false" version="3.5.0.v20090620043401" download-size="1417" install-size="1417" />
	<plugin fragment="true" id="org.eclipse.stp.sca.diagram.frascati.nl_es" unpack="false" version="3.5.0.v20090620043401" download-size="1375" install-size="1375" />
	<plugin fragment="true" id="org.eclipse.stp.sca.diagram.jdt.nl_es" unpack="false" version="3.5.0.v20090620043401" download-size="1354" install-size="1354" />
	<plugin fragment="true" id="org.eclipse.stp.sca.diagram.nl_es" unpack="false" version="3.5.0.v20090620043401" download-size="2295" install-size="2295" />
	<plugin fragment="true" id="org.eclipse.stp.sca.diagram.tuscany.nl_es" unpack="false" version="3.5.0.v20090620043401" download-size="1357" install-size="1357" />
	<plugin fragment="true" id="org.eclipse.stp.sca.domainmodel.frascati.edit.nl_es" unpack="false" version="3.5.0.v20090620043401" download-size="1658" install-size="1658" />
	<plugin fragment="true" id="org.eclipse.stp.sca.domainmodel.frascati.editor.nl_es" unpack="false" version="3.5.0.v20090620043401" download-size="1431" install-size="1431" />
	<plugin fragment="true" id="org.eclipse.stp.sca.domainmodel.tuscany.edit.nl_es" unpack="false" version="3.5.0.v20090620043401" download-size="1820" install-size="1820" />
	<plugin fragment="true" id="org.eclipse.stp.sca.domainmodel.tuscany.editor.nl_es" unpack="false" version="3.5.0.v20090620043401" download-size="1430" install-size="1430" />
	<plugin fragment="true" id="org.eclipse.stp.sca.edit.nl_es" unpack="false" version="3.5.0.v20090620043401" download-size="3581" install-size="3581" />
	<plugin fragment="true" id="org.eclipse.stp.sca.editor.nl_es" unpack="false" version="3.5.0.v20090620043401" download-size="2895" install-size="2895" />
	<plugin fragment="true" id="org.eclipse.stp.sca.formeditor.nl_es" unpack="false" version="3.5.0.v20090620043401" download-size="2337" install-size="2337" />
	<plugin fragment="true" id="org.eclipse.stp.sca.implementation.java.nl_es" unpack="false" version="3.5.0.v20090620043401" download-size="1359" install-size="1359" />
	<plugin fragment="true" id="org.eclipse.stp.sca.implementation.sca.nl_es" unpack="false" version="3.5.0.v20090620043401" download-size="1358" install-size="1358" />
	<plugin fragment="true" id="org.eclipse.stp.sca.interfacee.java.nl_es" unpack="false" version="3.5.0.v20090620043401" download-size="1357" install-size="1357" />
	<plugin fragment="true" id="org.eclipse.stp.sca.nl_es" unpack="false" version="3.5.0.v20090620043401" download-size="1347" install-size="1347" />
	<plugin fragment="true" id="org.eclipse.stp.sca.ontology.view.jena2.nl_es" unpack="false" version="3.5.0.v20090620043401" download-size="2522" install-size="2522" />
	<plugin fragment="true" id="org.eclipse.stp.sca.ontology.view.nl_es" unpack="false" version="3.5.0.v20090620043401" download-size="2351" install-size="2351" />
	<plugin fragment="true" id="org.eclipse.stp.sca.semantic.sawsdl.edit.nl_es" unpack="false" version="3.5.0.v20090620043401" download-size="1600" install-size="1600" />
	<plugin fragment="true" id="org.eclipse.stp.sca.semantic.sawsdl.properties.nl_es" unpack="false" version="3.5.0.v20090620043401" download-size="1364" install-size="1364" />
	<plugin fragment="true" id="org.eclipse.stp.sca.validation.frascati.nl_es" unpack="false" version="3.5.0.v20090620043401" download-size="1360" install-size="1360" />
	<plugin fragment="true" id="org.eclipse.stp.sca.validation.nl_es" unpack="false" version="3.5.0.v20090620043401" download-size="1354" install-size="1354" />
	<plugin fragment="true" id="org.eclipse.stp.sca.xmleditor.nl_es" unpack="false" version="3.5.0.v20090620043401" download-size="2428" install-size="2428" />
</feature>