<?xml version="1.0" encoding="UTF-8" ?>
<feature
	id="org.eclipse.babel.nls_webtools.sourceediting_hu"
	label="Babel Language Pack for webtools.sourceediting in Hungarian (73.35%)"
	image="eclipse_update_120.jpg"
	provider-name="%providerName"
	version="3.5.0.v20090620043401">
	<copyright>
		%copyright
	</copyright>
	<license url="%licenseURL">
		%license
	</license>
	<description>Babel Language Pack for webtools.sourceediting in Hungarian</description>
	<plugin fragment="true" id="org.eclipse.jst.jsp.core.nl_hu" unpack="false" version="3.5.0.v20090620043401" download-size="3112" install-size="3112" />
	<plugin fragment="true" id="org.eclipse.jst.jsp.ui.infopop.nl_hu" unpack="false" version="3.5.0.v20090620043401" download-size="1427" install-size="1427" />
	<plugin fragment="true" id="org.eclipse.jst.jsp.ui.nl_hu" unpack="false" version="3.5.0.v20090620043401" download-size="6207" install-size="6207" />
	<plugin fragment="true" id="org.eclipse.jst.standard.schemas.nl_hu" unpack="false" version="3.5.0.v20090620043401" download-size="1378" install-size="1378" />
	<plugin fragment="true" id="org.eclipse.wst.css.core.nl_hu" unpack="false" version="3.5.0.v20090620043401" download-size="3486" install-size="3486" />
	<plugin fragment="true" id="org.eclipse.wst.css.ui.nl_hu" unpack="false" version="3.5.0.v20090620043401" download-size="5147" install-size="5147" />
	<plugin fragment="true" id="org.eclipse.wst.doc.user.nl_hu" unpack="false" version="3.5.0.v20090620043401" download-size="1432" install-size="1432" />
	<plugin fragment="true" id="org.eclipse.wst.dtd.core.nl_hu" unpack="false" version="3.5.0.v20090620043401" download-size="4563" install-size="4563" />
	<plugin fragment="true" id="org.eclipse.wst.dtd.ui.infopop.nl_hu" unpack="false" version="3.5.0.v20090620043401" download-size="1418" install-size="1418" />
	<plugin fragment="true" id="org.eclipse.wst.dtd.ui.nl_hu" unpack="false" version="3.5.0.v20090620043401" download-size="5193" install-size="5193" />
	<plugin fragment="true" id="org.eclipse.wst.dtdeditor.doc.user.nl_hu" unpack="false" version="3.5.0.v20090620043401" download-size="1375" install-size="1375" />
	<plugin fragment="true" id="org.eclipse.wst.html.core.nl_hu" unpack="false" version="3.5.0.v20090620043401" download-size="5556" install-size="5556" />
	<plugin fragment="true" id="org.eclipse.wst.html.ui.infopop.nl_hu" unpack="false" version="3.5.0.v20090620043401" download-size="1424" install-size="1424" />
	<plugin fragment="true" id="org.eclipse.wst.html.ui.nl_hu" unpack="false" version="3.5.0.v20090620043401" download-size="6254" install-size="6254" />
	<plugin fragment="true" id="org.eclipse.wst.javascript.core.nl_hu" unpack="false" version="3.5.0.v20090620043401" download-size="2677" install-size="2677" />
	<plugin fragment="true" id="org.eclipse.wst.javascript.ui.infopop.nl_hu" unpack="false" version="3.5.0.v20090620043401" download-size="1422" install-size="1422" />
	<plugin fragment="true" id="org.eclipse.wst.javascript.ui.nl_hu" unpack="false" version="3.5.0.v20090620043401" download-size="5712" install-size="5712" />
	<plugin fragment="true" id="org.eclipse.wst.jsdt.core.nl_hu" unpack="false" version="3.5.0.v20090620043401" download-size="20982" install-size="20982" />
	<plugin fragment="true" id="org.eclipse.wst.jsdt.doc.nl_hu" unpack="false" version="3.5.0.v20090620043401" download-size="1371" install-size="1371" />
	<plugin fragment="true" id="org.eclipse.wst.jsdt.manipulation.nl_hu" unpack="false" version="3.5.0.v20090620043401" download-size="3349" install-size="3349" />
	<plugin fragment="true" id="org.eclipse.wst.jsdt.support.firefox.nl_hu" unpack="false" version="3.5.0.v20090620043401" download-size="1378" install-size="1378" />
	<plugin fragment="true" id="org.eclipse.wst.jsdt.support.ie.nl_hu" unpack="false" version="3.5.0.v20090620043401" download-size="1376" install-size="1376" />
	<plugin fragment="true" id="org.eclipse.wst.jsdt.ui.nl_hu" unpack="false" version="3.5.0.v20090620043401" download-size="122658" install-size="122658" />
	<plugin fragment="true" id="org.eclipse.wst.jsdt.web.core.nl_hu" unpack="false" version="3.5.0.v20090620043401" download-size="2649" install-size="2649" />
	<plugin fragment="true" id="org.eclipse.wst.jsdt.web.support.jsp.nl_hu" unpack="false" version="3.5.0.v20090620043401" download-size="1380" install-size="1380" />
	<plugin fragment="true" id="org.eclipse.wst.jsdt.web.ui.nl_hu" unpack="false" version="3.5.0.v20090620043401" download-size="5123" install-size="5123" />
	<plugin fragment="true" id="org.eclipse.wst.sse.core.nl_hu" unpack="false" version="3.5.0.v20090620043401" download-size="4240" install-size="4240" />
	<plugin fragment="true" id="org.eclipse.wst.sse.doc.user.nl_hu" unpack="false" version="3.5.0.v20090620043401" download-size="1376" install-size="1376" />
	<plugin fragment="true" id="org.eclipse.wst.sse.ui.infopop.nl_hu" unpack="false" version="3.5.0.v20090620043401" download-size="1413" install-size="1413" />
	<plugin fragment="true" id="org.eclipse.wst.sse.ui.nl_hu" unpack="false" version="3.5.0.v20090620043401" download-size="8588" install-size="8588" />
	<plugin fragment="true" id="org.eclipse.wst.standard.schemas.nl_hu" unpack="false" version="3.5.0.v20090620043401" download-size="1378" install-size="1378" />
	<plugin fragment="true" id="org.eclipse.wst.web.nl_hu" unpack="false" version="3.5.0.v20090620043401" download-size="2082" install-size="2082" />
	<plugin fragment="true" id="org.eclipse.wst.web.ui.nl_hu" unpack="false" version="3.5.0.v20090620043401" download-size="1451" install-size="1451" />
	<plugin fragment="true" id="org.eclipse.wst.webtools.doc.user.nl_hu" unpack="false" version="3.5.0.v20090620043401" download-size="1374" install-size="1374" />
	<plugin fragment="true" id="org.eclipse.wst.xml.core.nl_hu" unpack="false" version="3.5.0.v20090620043401" download-size="3766" install-size="3766" />
	<plugin fragment="true" id="org.eclipse.wst.xml.ui.infopop.nl_hu" unpack="false" version="3.5.0.v20090620043401" download-size="1412" install-size="1412" />
	<plugin fragment="true" id="org.eclipse.wst.xml.ui.nl_hu" unpack="false" version="3.5.0.v20090620043401" download-size="14343" install-size="14343" />
	<plugin fragment="true" id="org.eclipse.wst.xml.xpath.core.nl_hu" unpack="false" version="3.5.0.v20090620043401" download-size="1374" install-size="1374" />
	<plugin fragment="true" id="org.eclipse.wst.xml.xpath.ui.nl_hu" unpack="false" version="3.5.0.v20090620043401" download-size="3119" install-size="3119" />
	<plugin fragment="true" id="org.eclipse.wst.xml.xpath2.processor.nl_hu" unpack="false" version="3.5.0.v20090620043401" download-size="1378" install-size="1378" />
	<plugin fragment="true" id="org.eclipse.wst.xmleditor.doc.user.nl_hu" unpack="false" version="3.5.0.v20090620043401" download-size="1377" install-size="1377" />
	<plugin fragment="true" id="org.eclipse.wst.xsd.core.nl_hu" unpack="false" version="3.5.0.v20090620043401" download-size="1509" install-size="1509" />
	<plugin fragment="true" id="org.eclipse.wst.xsd.ui.nl_hu" unpack="false" version="3.5.0.v20090620043401" download-size="19965" install-size="19965" />
	<plugin fragment="true" id="org.eclipse.wst.xsdeditor.doc.user.nl_hu" unpack="false" version="3.5.0.v20090620043401" download-size="1415" install-size="1415" />
	<plugin fragment="true" id="org.eclipse.wst.xsl.core.nl_hu" unpack="false" version="3.5.0.v20090620043401" download-size="1387" install-size="1387" />
	<plugin fragment="true" id="org.eclipse.wst.xsl.debug.ui.nl_hu" unpack="false" version="3.5.0.v20090620043401" download-size="4157" install-size="4157" />
	<plugin fragment="true" id="org.eclipse.wst.xsl.doc.nl_hu" unpack="false" version="3.5.0.v20090620043401" download-size="1368" install-size="1368" />
	<plugin fragment="true" id="org.eclipse.wst.xsl.jaxp.debug.nl_hu" unpack="false" version="3.5.0.v20090620043401" download-size="3044" install-size="3044" />
	<plugin fragment="true" id="org.eclipse.wst.xsl.jaxp.debug.ui.nl_hu" unpack="false" version="3.5.0.v20090620043401" download-size="4098" install-size="4098" />
	<plugin fragment="true" id="org.eclipse.wst.xsl.jaxp.launching.nl_hu" unpack="false" version="3.5.0.v20090620043401" download-size="2943" install-size="2943" />
	<plugin fragment="true" id="org.eclipse.wst.xsl.launching.nl_hu" unpack="false" version="3.5.0.v20090620043401" download-size="1405" install-size="1405" />
	<plugin fragment="true" id="org.eclipse.wst.xsl.launching.tests.nl_hu" unpack="false" version="3.5.0.v20090620043401" download-size="1381" install-size="1381" />
	<plugin fragment="true" id="org.eclipse.wst.xsl.nl_hu" unpack="false" version="3.5.0.v20090620043401" download-size="1370" install-size="1370" />
	<plugin fragment="true" id="org.eclipse.wst.xsl.saxon.nl_hu" unpack="false" version="3.5.0.v20090620043401" download-size="1762" install-size="1762" />
	<plugin fragment="true" id="org.eclipse.wst.xsl.sdk.documentation.nl_hu" unpack="false" version="3.5.0.v20090620043401" download-size="1378" install-size="1378" />
	<plugin fragment="true" id="org.eclipse.wst.xsl.tests.nl_hu" unpack="false" version="3.5.0.v20090620043401" download-size="1374" install-size="1374" />
	<plugin fragment="true" id="org.eclipse.wst.xsl.ui.nl_hu" unpack="false" version="3.5.0.v20090620043401" download-size="2686" install-size="2686" />
	<plugin fragment="true" id="org.eclipse.wst.xsl.xalan.nl_hu" unpack="false" version="3.5.0.v20090620043401" download-size="1684" install-size="1684" />
</feature>