<?xml version="1.0" encoding="UTF-8" ?>
<feature
	id="org.eclipse.babel.nls_stp.sca_sv"
	label="Babel Language Pack for stp.sca in Swedish (21.55%)"
	image="eclipse_update_120.jpg"
	provider-name="%providerName"
	version="3.5.0.v20090620043401">
	<copyright>
		%copyright
	</copyright>
	<license url="%licenseURL">
		%license
	</license>
	<description>Babel Language Pack for stp.sca in Swedish</description>
	<plugin fragment="true" id="org.eclipse.stp.sca.common.jdt.nl_sv" unpack="false" version="3.5.0.v20090620043401" download-size="2330" install-size="2330" />
	<plugin fragment="true" id="org.eclipse.stp.sca.common.nl_sv" unpack="false" version="3.5.0.v20090620043401" download-size="1352" install-size="1352" />
	<plugin fragment="true" id="org.eclipse.stp.sca.diagram.extension.generator.ui.nl_sv" unpack="false" version="3.5.0.v20090620043401" download-size="2864" install-size="2864" />
	<plugin fragment="true" id="org.eclipse.stp.sca.diagram.extension.nl_sv" unpack="false" version="3.5.0.v20090620043401" download-size="1390" install-size="1390" />
	<plugin fragment="true" id="org.eclipse.stp.sca.diagram.frascati.nl_sv" unpack="false" version="3.5.0.v20090620043401" download-size="1376" install-size="1376" />
	<plugin fragment="true" id="org.eclipse.stp.sca.diagram.jdt.nl_sv" unpack="false" version="3.5.0.v20090620043401" download-size="1355" install-size="1355" />
	<plugin fragment="true" id="org.eclipse.stp.sca.diagram.nl_sv" unpack="false" version="3.5.0.v20090620043401" download-size="2311" install-size="2311" />
	<plugin fragment="true" id="org.eclipse.stp.sca.diagram.tuscany.nl_sv" unpack="false" version="3.5.0.v20090620043401" download-size="1359" install-size="1359" />
	<plugin fragment="true" id="org.eclipse.stp.sca.domainmodel.frascati.edit.nl_sv" unpack="false" version="3.5.0.v20090620043401" download-size="1650" install-size="1650" />
	<plugin fragment="true" id="org.eclipse.stp.sca.domainmodel.frascati.editor.nl_sv" unpack="false" version="3.5.0.v20090620043401" download-size="1423" install-size="1423" />
	<plugin fragment="true" id="org.eclipse.stp.sca.domainmodel.tuscany.edit.nl_sv" unpack="false" version="3.5.0.v20090620043401" download-size="1773" install-size="1773" />
	<plugin fragment="true" id="org.eclipse.stp.sca.domainmodel.tuscany.editor.nl_sv" unpack="false" version="3.5.0.v20090620043401" download-size="1422" install-size="1422" />
	<plugin fragment="true" id="org.eclipse.stp.sca.edit.nl_sv" unpack="false" version="3.5.0.v20090620043401" download-size="3500" install-size="3500" />
	<plugin fragment="true" id="org.eclipse.stp.sca.editor.nl_sv" unpack="false" version="3.5.0.v20090620043401" download-size="2872" install-size="2872" />
	<plugin fragment="true" id="org.eclipse.stp.sca.formeditor.nl_sv" unpack="false" version="3.5.0.v20090620043401" download-size="2348" install-size="2348" />
	<plugin fragment="true" id="org.eclipse.stp.sca.implementation.java.nl_sv" unpack="false" version="3.5.0.v20090620043401" download-size="1360" install-size="1360" />
	<plugin fragment="true" id="org.eclipse.stp.sca.implementation.sca.nl_sv" unpack="false" version="3.5.0.v20090620043401" download-size="1360" install-size="1360" />
	<plugin fragment="true" id="org.eclipse.stp.sca.interfacee.java.nl_sv" unpack="false" version="3.5.0.v20090620043401" download-size="1358" install-size="1358" />
	<plugin fragment="true" id="org.eclipse.stp.sca.nl_sv" unpack="false" version="3.5.0.v20090620043401" download-size="1348" install-size="1348" />
	<plugin fragment="true" id="org.eclipse.stp.sca.ontology.view.jena2.nl_sv" unpack="false" version="3.5.0.v20090620043401" download-size="2523" install-size="2523" />
	<plugin fragment="true" id="org.eclipse.stp.sca.ontology.view.nl_sv" unpack="false" version="3.5.0.v20090620043401" download-size="2353" install-size="2353" />
	<plugin fragment="true" id="org.eclipse.stp.sca.semantic.sawsdl.edit.nl_sv" unpack="false" version="3.5.0.v20090620043401" download-size="1592" install-size="1592" />
	<plugin fragment="true" id="org.eclipse.stp.sca.semantic.sawsdl.properties.nl_sv" unpack="false" version="3.5.0.v20090620043401" download-size="1365" install-size="1365" />
	<plugin fragment="true" id="org.eclipse.stp.sca.validation.frascati.nl_sv" unpack="false" version="3.5.0.v20090620043401" download-size="1361" install-size="1361" />
	<plugin fragment="true" id="org.eclipse.stp.sca.validation.nl_sv" unpack="false" version="3.5.0.v20090620043401" download-size="1355" install-size="1355" />
	<plugin fragment="true" id="org.eclipse.stp.sca.xmleditor.nl_sv" unpack="false" version="3.5.0.v20090620043401" download-size="2416" install-size="2416" />
</feature>