<?xml version="1.0" encoding="UTF-8" ?>
<feature
	id="org.eclipse.babel.nls_stp.sca_uk"
	label="Babel Language Pack for stp.sca in Ukrainian (6.54%)"
	image="eclipse_update_120.jpg"
	provider-name="%providerName"
	version="3.5.0.v20090620043401">
	<copyright>
		%copyright
	</copyright>
	<license url="%licenseURL">
		%license
	</license>
	<description>Babel Language Pack for stp.sca in Ukrainian</description>
	<plugin fragment="true" id="org.eclipse.stp.sca.common.jdt.nl_uk" unpack="false" version="3.5.0.v20090620043401" download-size="1356" install-size="1356" />
	<plugin fragment="true" id="org.eclipse.stp.sca.common.nl_uk" unpack="false" version="3.5.0.v20090620043401" download-size="1354" install-size="1354" />
	<plugin fragment="true" id="org.eclipse.stp.sca.diagram.extension.generator.ui.nl_uk" unpack="false" version="3.5.0.v20090620043401" download-size="2876" install-size="2876" />
	<plugin fragment="true" id="org.eclipse.stp.sca.diagram.extension.nl_uk" unpack="false" version="3.5.0.v20090620043401" download-size="1407" install-size="1407" />
	<plugin fragment="true" id="org.eclipse.stp.sca.diagram.frascati.nl_uk" unpack="false" version="3.5.0.v20090620043401" download-size="1377" install-size="1377" />
	<plugin fragment="true" id="org.eclipse.stp.sca.diagram.jdt.nl_uk" unpack="false" version="3.5.0.v20090620043401" download-size="1357" install-size="1357" />
	<plugin fragment="true" id="org.eclipse.stp.sca.diagram.nl_uk" unpack="false" version="3.5.0.v20090620043401" download-size="1903" install-size="1903" />
	<plugin fragment="true" id="org.eclipse.stp.sca.diagram.tuscany.nl_uk" unpack="false" version="3.5.0.v20090620043401" download-size="1360" install-size="1360" />
	<plugin fragment="true" id="org.eclipse.stp.sca.domainmodel.frascati.edit.nl_uk" unpack="false" version="3.5.0.v20090620043401" download-size="1470" install-size="1470" />
	<plugin fragment="true" id="org.eclipse.stp.sca.domainmodel.frascati.editor.nl_uk" unpack="false" version="3.5.0.v20090620043401" download-size="1439" install-size="1439" />
	<plugin fragment="true" id="org.eclipse.stp.sca.domainmodel.tuscany.edit.nl_uk" unpack="false" version="3.5.0.v20090620043401" download-size="1593" install-size="1593" />
	<plugin fragment="true" id="org.eclipse.stp.sca.domainmodel.tuscany.editor.nl_uk" unpack="false" version="3.5.0.v20090620043401" download-size="1435" install-size="1435" />
	<plugin fragment="true" id="org.eclipse.stp.sca.edit.nl_uk" unpack="false" version="3.5.0.v20090620043401" download-size="2233" install-size="2233" />
	<plugin fragment="true" id="org.eclipse.stp.sca.editor.nl_uk" unpack="false" version="3.5.0.v20090620043401" download-size="2342" install-size="2342" />
	<plugin fragment="true" id="org.eclipse.stp.sca.formeditor.nl_uk" unpack="false" version="3.5.0.v20090620043401" download-size="2258" install-size="2258" />
	<plugin fragment="true" id="org.eclipse.stp.sca.implementation.java.nl_uk" unpack="false" version="3.5.0.v20090620043401" download-size="1362" install-size="1362" />
	<plugin fragment="true" id="org.eclipse.stp.sca.implementation.sca.nl_uk" unpack="false" version="3.5.0.v20090620043401" download-size="1361" install-size="1361" />
	<plugin fragment="true" id="org.eclipse.stp.sca.interfacee.java.nl_uk" unpack="false" version="3.5.0.v20090620043401" download-size="1359" install-size="1359" />
	<plugin fragment="true" id="org.eclipse.stp.sca.nl_uk" unpack="false" version="3.5.0.v20090620043401" download-size="1349" install-size="1349" />
	<plugin fragment="true" id="org.eclipse.stp.sca.ontology.view.jena2.nl_uk" unpack="false" version="3.5.0.v20090620043401" download-size="2542" install-size="2542" />
	<plugin fragment="true" id="org.eclipse.stp.sca.ontology.view.nl_uk" unpack="false" version="3.5.0.v20090620043401" download-size="2371" install-size="2371" />
	<plugin fragment="true" id="org.eclipse.stp.sca.semantic.sawsdl.edit.nl_uk" unpack="false" version="3.5.0.v20090620043401" download-size="1427" install-size="1427" />
	<plugin fragment="true" id="org.eclipse.stp.sca.semantic.sawsdl.properties.nl_uk" unpack="false" version="3.5.0.v20090620043401" download-size="1369" install-size="1369" />
	<plugin fragment="true" id="org.eclipse.stp.sca.validation.frascati.nl_uk" unpack="false" version="3.5.0.v20090620043401" download-size="1362" install-size="1362" />
	<plugin fragment="true" id="org.eclipse.stp.sca.validation.nl_uk" unpack="false" version="3.5.0.v20090620043401" download-size="1356" install-size="1356" />
	<plugin fragment="true" id="org.eclipse.stp.sca.xmleditor.nl_uk" unpack="false" version="3.5.0.v20090620043401" download-size="2318" install-size="2318" />
</feature>