<?xml version="1.0" encoding="UTF-8" ?>
<feature
	id="org.eclipse.babel.nls_webtools.sourceediting_ru"
	label="Babel Language Pack for webtools.sourceediting in Russian (73.47%)"
	image="eclipse_update_120.jpg"
	provider-name="%providerName"
	version="3.5.0.v20090620043401">
	<copyright>
		%copyright
	</copyright>
	<license url="%licenseURL">
		%license
	</license>
	<description>Babel Language Pack for webtools.sourceediting in Russian</description>
	<plugin fragment="true" id="org.eclipse.jst.jsp.core.nl_ru" unpack="false" version="3.5.0.v20090620043401" download-size="3342" install-size="3342" />
	<plugin fragment="true" id="org.eclipse.jst.jsp.ui.infopop.nl_ru" unpack="false" version="3.5.0.v20090620043401" download-size="1458" install-size="1458" />
	<plugin fragment="true" id="org.eclipse.jst.jsp.ui.nl_ru" unpack="false" version="3.5.0.v20090620043401" download-size="6755" install-size="6755" />
	<plugin fragment="true" id="org.eclipse.jst.standard.schemas.nl_ru" unpack="false" version="3.5.0.v20090620043401" download-size="1377" install-size="1377" />
	<plugin fragment="true" id="org.eclipse.wst.css.core.nl_ru" unpack="false" version="3.5.0.v20090620043401" download-size="3681" install-size="3681" />
	<plugin fragment="true" id="org.eclipse.wst.css.ui.nl_ru" unpack="false" version="3.5.0.v20090620043401" download-size="5712" install-size="5712" />
	<plugin fragment="true" id="org.eclipse.wst.doc.user.nl_ru" unpack="false" version="3.5.0.v20090620043401" download-size="1469" install-size="1469" />
	<plugin fragment="true" id="org.eclipse.wst.dtd.core.nl_ru" unpack="false" version="3.5.0.v20090620043401" download-size="5029" install-size="5029" />
	<plugin fragment="true" id="org.eclipse.wst.dtd.ui.infopop.nl_ru" unpack="false" version="3.5.0.v20090620043401" download-size="1444" install-size="1444" />
	<plugin fragment="true" id="org.eclipse.wst.dtd.ui.nl_ru" unpack="false" version="3.5.0.v20090620043401" download-size="5696" install-size="5696" />
	<plugin fragment="true" id="org.eclipse.wst.dtdeditor.doc.user.nl_ru" unpack="false" version="3.5.0.v20090620043401" download-size="1377" install-size="1377" />
	<plugin fragment="true" id="org.eclipse.wst.html.core.nl_ru" unpack="false" version="3.5.0.v20090620043401" download-size="6081" install-size="6081" />
	<plugin fragment="true" id="org.eclipse.wst.html.ui.infopop.nl_ru" unpack="false" version="3.5.0.v20090620043401" download-size="1448" install-size="1448" />
	<plugin fragment="true" id="org.eclipse.wst.html.ui.nl_ru" unpack="false" version="3.5.0.v20090620043401" download-size="6926" install-size="6926" />
	<plugin fragment="true" id="org.eclipse.wst.javascript.core.nl_ru" unpack="false" version="3.5.0.v20090620043401" download-size="2766" install-size="2766" />
	<plugin fragment="true" id="org.eclipse.wst.javascript.ui.infopop.nl_ru" unpack="false" version="3.5.0.v20090620043401" download-size="1441" install-size="1441" />
	<plugin fragment="true" id="org.eclipse.wst.javascript.ui.nl_ru" unpack="false" version="3.5.0.v20090620043401" download-size="6354" install-size="6354" />
	<plugin fragment="true" id="org.eclipse.wst.jsdt.core.nl_ru" unpack="false" version="3.5.0.v20090620043401" download-size="25727" install-size="25727" />
	<plugin fragment="true" id="org.eclipse.wst.jsdt.doc.nl_ru" unpack="false" version="3.5.0.v20090620043401" download-size="1369" install-size="1369" />
	<plugin fragment="true" id="org.eclipse.wst.jsdt.manipulation.nl_ru" unpack="false" version="3.5.0.v20090620043401" download-size="3383" install-size="3383" />
	<plugin fragment="true" id="org.eclipse.wst.jsdt.support.firefox.nl_ru" unpack="false" version="3.5.0.v20090620043401" download-size="1376" install-size="1376" />
	<plugin fragment="true" id="org.eclipse.wst.jsdt.support.ie.nl_ru" unpack="false" version="3.5.0.v20090620043401" download-size="1375" install-size="1375" />
	<plugin fragment="true" id="org.eclipse.wst.jsdt.ui.nl_ru" unpack="false" version="3.5.0.v20090620043401" download-size="148088" install-size="148088" />
	<plugin fragment="true" id="org.eclipse.wst.jsdt.web.core.nl_ru" unpack="false" version="3.5.0.v20090620043401" download-size="2718" install-size="2718" />
	<plugin fragment="true" id="org.eclipse.wst.jsdt.web.support.jsp.nl_ru" unpack="false" version="3.5.0.v20090620043401" download-size="1378" install-size="1378" />
	<plugin fragment="true" id="org.eclipse.wst.jsdt.web.ui.nl_ru" unpack="false" version="3.5.0.v20090620043401" download-size="5493" install-size="5493" />
	<plugin fragment="true" id="org.eclipse.wst.sse.core.nl_ru" unpack="false" version="3.5.0.v20090620043401" download-size="4561" install-size="4561" />
	<plugin fragment="true" id="org.eclipse.wst.sse.doc.user.nl_ru" unpack="false" version="3.5.0.v20090620043401" download-size="1374" install-size="1374" />
	<plugin fragment="true" id="org.eclipse.wst.sse.ui.infopop.nl_ru" unpack="false" version="3.5.0.v20090620043401" download-size="1432" install-size="1432" />
	<plugin fragment="true" id="org.eclipse.wst.sse.ui.nl_ru" unpack="false" version="3.5.0.v20090620043401" download-size="9795" install-size="9795" />
	<plugin fragment="true" id="org.eclipse.wst.standard.schemas.nl_ru" unpack="false" version="3.5.0.v20090620043401" download-size="1377" install-size="1377" />
	<plugin fragment="true" id="org.eclipse.wst.web.nl_ru" unpack="false" version="3.5.0.v20090620043401" download-size="2216" install-size="2216" />
	<plugin fragment="true" id="org.eclipse.wst.web.ui.nl_ru" unpack="false" version="3.5.0.v20090620043401" download-size="1467" install-size="1467" />
	<plugin fragment="true" id="org.eclipse.wst.webtools.doc.user.nl_ru" unpack="false" version="3.5.0.v20090620043401" download-size="1373" install-size="1373" />
	<plugin fragment="true" id="org.eclipse.wst.xml.core.nl_ru" unpack="false" version="3.5.0.v20090620043401" download-size="4036" install-size="4036" />
	<plugin fragment="true" id="org.eclipse.wst.xml.ui.infopop.nl_ru" unpack="false" version="3.5.0.v20090620043401" download-size="1434" install-size="1434" />
	<plugin fragment="true" id="org.eclipse.wst.xml.ui.nl_ru" unpack="false" version="3.5.0.v20090620043401" download-size="16265" install-size="16265" />
	<plugin fragment="true" id="org.eclipse.wst.xml.xpath.core.nl_ru" unpack="false" version="3.5.0.v20090620043401" download-size="1373" install-size="1373" />
	<plugin fragment="true" id="org.eclipse.wst.xml.xpath.ui.nl_ru" unpack="false" version="3.5.0.v20090620043401" download-size="3142" install-size="3142" />
	<plugin fragment="true" id="org.eclipse.wst.xml.xpath2.processor.nl_ru" unpack="false" version="3.5.0.v20090620043401" download-size="1375" install-size="1375" />
	<plugin fragment="true" id="org.eclipse.wst.xmleditor.doc.user.nl_ru" unpack="false" version="3.5.0.v20090620043401" download-size="1375" install-size="1375" />
	<plugin fragment="true" id="org.eclipse.wst.xsd.core.nl_ru" unpack="false" version="3.5.0.v20090620043401" download-size="1535" install-size="1535" />
	<plugin fragment="true" id="org.eclipse.wst.xsd.ui.nl_ru" unpack="false" version="3.5.0.v20090620043401" download-size="23224" install-size="23224" />
	<plugin fragment="true" id="org.eclipse.wst.xsdeditor.doc.user.nl_ru" unpack="false" version="3.5.0.v20090620043401" download-size="1428" install-size="1428" />
	<plugin fragment="true" id="org.eclipse.wst.xsl.core.nl_ru" unpack="false" version="3.5.0.v20090620043401" download-size="1386" install-size="1386" />
	<plugin fragment="true" id="org.eclipse.wst.xsl.debug.ui.nl_ru" unpack="false" version="3.5.0.v20090620043401" download-size="4388" install-size="4388" />
	<plugin fragment="true" id="org.eclipse.wst.xsl.doc.nl_ru" unpack="false" version="3.5.0.v20090620043401" download-size="1367" install-size="1367" />
	<plugin fragment="true" id="org.eclipse.wst.xsl.jaxp.debug.nl_ru" unpack="false" version="3.5.0.v20090620043401" download-size="3071" install-size="3071" />
	<plugin fragment="true" id="org.eclipse.wst.xsl.jaxp.debug.ui.nl_ru" unpack="false" version="3.5.0.v20090620043401" download-size="4176" install-size="4176" />
	<plugin fragment="true" id="org.eclipse.wst.xsl.jaxp.launching.nl_ru" unpack="false" version="3.5.0.v20090620043401" download-size="2957" install-size="2957" />
	<plugin fragment="true" id="org.eclipse.wst.xsl.launching.nl_ru" unpack="false" version="3.5.0.v20090620043401" download-size="1404" install-size="1404" />
	<plugin fragment="true" id="org.eclipse.wst.xsl.launching.tests.nl_ru" unpack="false" version="3.5.0.v20090620043401" download-size="1380" install-size="1380" />
	<plugin fragment="true" id="org.eclipse.wst.xsl.nl_ru" unpack="false" version="3.5.0.v20090620043401" download-size="1369" install-size="1369" />
	<plugin fragment="true" id="org.eclipse.wst.xsl.saxon.nl_ru" unpack="false" version="3.5.0.v20090620043401" download-size="1759" install-size="1759" />
	<plugin fragment="true" id="org.eclipse.wst.xsl.sdk.documentation.nl_ru" unpack="false" version="3.5.0.v20090620043401" download-size="1377" install-size="1377" />
	<plugin fragment="true" id="org.eclipse.wst.xsl.tests.nl_ru" unpack="false" version="3.5.0.v20090620043401" download-size="1373" install-size="1373" />
	<plugin fragment="true" id="org.eclipse.wst.xsl.ui.nl_ru" unpack="false" version="3.5.0.v20090620043401" download-size="2810" install-size="2810" />
	<plugin fragment="true" id="org.eclipse.wst.xsl.xalan.nl_ru" unpack="false" version="3.5.0.v20090620043401" download-size="1716" install-size="1716" />
</feature>