<?xml version="1.0" encoding="UTF-8" ?>
<feature
	id="org.eclipse.babel.nls_webtools.webservices_en_AU"
	label="Babel Language Pack for webtools.webservices in English (Australian) (1.35%)"
	image="eclipse_update_120.jpg"
	provider-name="%providerName"
	version="3.5.0.v20090620043401">
	<copyright>
		%copyright
	</copyright>
	<license url="%licenseURL">
		%license
	</license>
	<description>Babel Language Pack for webtools.webservices in English (Australian)</description>
	<plugin fragment="true" id="org.eclipse.jst.ws.axis.consumption.core.nl_en_AU" unpack="false" version="3.5.0.v20090620043401" download-size="1406" install-size="1406" />
	<plugin fragment="true" id="org.eclipse.jst.ws.axis.consumption.ui.nl_en_AU" unpack="false" version="3.5.0.v20090620043401" download-size="1403" install-size="1403" />
	<plugin fragment="true" id="org.eclipse.jst.ws.axis.creation.ui.nl_en_AU" unpack="false" version="3.5.0.v20090620043401" download-size="1401" install-size="1401" />
	<plugin fragment="true" id="org.eclipse.jst.ws.axis2.consumption.core.nl_en_AU" unpack="false" version="3.5.0.v20090620043401" download-size="1407" install-size="1407" />
	<plugin fragment="true" id="org.eclipse.jst.ws.axis2.consumption.ui.nl_en_AU" unpack="false" version="3.5.0.v20090620043401" download-size="1404" install-size="1404" />
	<plugin fragment="true" id="org.eclipse.jst.ws.axis2.core.nl_en_AU" unpack="false" version="3.5.0.v20090620043401" download-size="1395" install-size="1395" />
	<plugin fragment="true" id="org.eclipse.jst.ws.axis2.creation.core.nl_en_AU" unpack="false" version="3.5.0.v20090620043401" download-size="1402" install-size="1402" />
	<plugin fragment="true" id="org.eclipse.jst.ws.axis2.creation.ui.nl_en_AU" unpack="false" version="3.5.0.v20090620043401" download-size="1402" install-size="1402" />
	<plugin fragment="true" id="org.eclipse.jst.ws.axis2.ui.doc.user.nl_en_AU" unpack="false" version="3.5.0.v20090620043401" download-size="1394" install-size="1394" />
	<plugin fragment="true" id="org.eclipse.jst.ws.axis2.ui.nl_en_AU" unpack="false" version="3.5.0.v20090620043401" download-size="1393" install-size="1393" />
	<plugin fragment="true" id="org.eclipse.jst.ws.consumption.nl_en_AU" unpack="false" version="3.5.0.v20090620043401" download-size="1395" install-size="1395" />
	<plugin fragment="true" id="org.eclipse.jst.ws.consumption.ui.nl_en_AU" unpack="false" version="3.5.0.v20090620043401" download-size="1397" install-size="1397" />
	<plugin fragment="true" id="org.eclipse.jst.ws.creation.ejb.ui.nl_en_AU" unpack="false" version="3.5.0.v20090620043401" download-size="1397" install-size="1397" />
	<plugin fragment="true" id="org.eclipse.jst.ws.creation.ui.nl_en_AU" unpack="false" version="3.5.0.v20090620043401" download-size="1395" install-size="1395" />
	<plugin fragment="true" id="org.eclipse.jst.ws.nl_en_AU" unpack="false" version="3.5.0.v20090620043401" download-size="1388" install-size="1388" />
	<plugin fragment="true" id="org.eclipse.jst.ws.uddiregistry.nl_en_AU" unpack="false" version="3.5.0.v20090620043401" download-size="1397" install-size="1397" />
	<plugin fragment="true" id="org.eclipse.jst.ws.ui.nl_en_AU" unpack="false" version="3.5.0.v20090620043401" download-size="2357" install-size="2357" />
	<plugin fragment="true" id="org.eclipse.wst.command.env.core.nl_en_AU" unpack="false" version="3.5.0.v20090620043401" download-size="1397" install-size="1397" />
	<plugin fragment="true" id="org.eclipse.wst.command.env.nl_en_AU" unpack="false" version="3.5.0.v20090620043401" download-size="1393" install-size="1393" />
	<plugin fragment="true" id="org.eclipse.wst.command.env.ui.nl_en_AU" unpack="false" version="3.5.0.v20090620043401" download-size="1395" install-size="1395" />
	<plugin fragment="true" id="org.eclipse.wst.ws.explorer.nl_en_AU" unpack="false" version="3.5.0.v20090620043401" download-size="1393" install-size="1393" />
	<plugin fragment="true" id="org.eclipse.wst.ws.nl_en_AU" unpack="false" version="3.5.0.v20090620043401" download-size="1388" install-size="1388" />
	<plugin fragment="true" id="org.eclipse.wst.ws.parser.nl_en_AU" unpack="false" version="3.5.0.v20090620043401" download-size="1391" install-size="1391" />
	<plugin fragment="true" id="org.eclipse.wst.ws.service.policy.nl_en_AU" unpack="false" version="3.5.0.v20090620043401" download-size="1397" install-size="1397" />
	<plugin fragment="true" id="org.eclipse.wst.ws.service.policy.ui.nl_en_AU" unpack="false" version="3.5.0.v20090620043401" download-size="1399" install-size="1399" />
	<plugin fragment="true" id="org.eclipse.wst.ws.ui.nl_en_AU" unpack="false" version="3.5.0.v20090620043401" download-size="2362" install-size="2362" />
	<plugin fragment="true" id="org.eclipse.wst.wsdl.nl_en_AU" unpack="false" version="3.5.0.v20090620043401" download-size="1384" install-size="1384" />
	<plugin fragment="true" id="org.eclipse.wst.wsdl.ui.nl_en_AU" unpack="false" version="3.5.0.v20090620043401" download-size="1386" install-size="1386" />
	<plugin fragment="true" id="org.eclipse.wst.wsdl.validation.nl_en_AU" unpack="false" version="3.5.0.v20090620043401" download-size="1395" install-size="1395" />
	<plugin fragment="true" id="org.eclipse.wst.wsi.nl_en_AU" unpack="false" version="3.5.0.v20090620043401" download-size="1387" install-size="1387" />
	<plugin fragment="true" id="org.eclipse.wst.wsi.ui.nl_en_AU" unpack="false" version="3.5.0.v20090620043401" download-size="1389" install-size="1389" />
</feature>