<?xml version="1.0" encoding="UTF-8" ?>
<feature
	id="org.eclipse.babel.nls_technology.mat_el"
	label="Babel Language Pack for technology.mat in Greek (2.91%)"
	image="eclipse_update_120.jpg"
	provider-name="%providerName"
	version="3.5.0.v20090620043401">
	<copyright>
		%copyright
	</copyright>
	<license url="%licenseURL">
		%license
	</license>
	<description>Babel Language Pack for technology.mat in Greek</description>
	<plugin fragment="true" id="org.eclipse.mat.api.nl_el" unpack="false" version="3.5.0.v20090620043401" download-size="2305" install-size="2305" />
	<plugin fragment="true" id="org.eclipse.mat.chart.nl_el" unpack="false" version="3.5.0.v20090620043401" download-size="1366" install-size="1366" />
	<plugin fragment="true" id="org.eclipse.mat.chart.ui.nl_el" unpack="false" version="3.5.0.v20090620043401" download-size="1368" install-size="1368" />
	<plugin fragment="true" id="org.eclipse.mat.hprof.nl_el" unpack="false" version="3.5.0.v20090620043401" download-size="1366" install-size="1366" />
	<plugin fragment="true" id="org.eclipse.mat.jdt.nl_el" unpack="false" version="3.5.0.v20090620043401" download-size="1365" install-size="1365" />
	<plugin fragment="true" id="org.eclipse.mat.parser.nl_el" unpack="false" version="3.5.0.v20090620043401" download-size="1366" install-size="1366" />
	<plugin fragment="true" id="org.eclipse.mat.report.nl_el" unpack="false" version="3.5.0.v20090620043401" download-size="2280" install-size="2280" />
	<plugin fragment="true" id="org.eclipse.mat.ui.nl_el" unpack="false" version="3.5.0.v20090620043401" download-size="2909" install-size="2909" />
	<plugin fragment="true" id="org.eclipse.mat.ui.rcp.nl_el" unpack="false" version="3.5.0.v20090620043401" download-size="1367" install-size="1367" />
</feature>