<?xml version="1.0" encoding="UTF-8" ?>
<feature
	id="org.eclipse.babel.nls_technology.actf_zh"
	label="Babel Language Pack for technology.actf in Chinese (Simplified) (8.05%)"
	image="eclipse_update_120.jpg"
	provider-name="%providerName"
	version="3.5.0.v20090620043401">
	<copyright>
		%copyright
	</copyright>
	<license url="%licenseURL">
		%license
	</license>
	<description>Babel Language Pack for technology.actf in Chinese (Simplified)</description>
	<plugin fragment="true" id="org.eclipse.actf.core.nl_zh" unpack="false" version="3.5.0.v20090620043401" download-size="1673" install-size="1673" />
	<plugin fragment="true" id="org.eclipse.actf.model.flash.proxy.nl_zh" unpack="false" version="3.5.0.v20090620043401" download-size="1931" install-size="1931" />
	<plugin fragment="true" id="org.eclipse.actf.model.ui.nl_zh" unpack="false" version="3.5.0.v20090620043401" download-size="1596" install-size="1596" />
	<plugin fragment="true" id="org.eclipse.actf.ui.nl_zh" unpack="false" version="3.5.0.v20090620043401" download-size="2015" install-size="2015" />
	<plugin fragment="true" id="org.eclipse.actf.util.vocab.nl_zh" unpack="false" version="3.5.0.v20090620043401" download-size="1398" install-size="1398" />
	<plugin fragment="true" id="org.eclipse.actf.visualization.doc.isv.nl_zh" unpack="false" version="3.5.0.v20090620043401" download-size="1388" install-size="1388" />
	<plugin fragment="true" id="org.eclipse.actf.visualization.engines.blind.html.nl_zh" unpack="false" version="3.5.0.v20090620043401" download-size="1440" install-size="1440" />
	<plugin fragment="true" id="org.eclipse.actf.visualization.engines.blind.nl_zh" unpack="false" version="3.5.0.v20090620043401" download-size="1714" install-size="1714" />
	<plugin fragment="true" id="org.eclipse.actf.visualization.eval.nl_zh" unpack="false" version="3.5.0.v20090620043401" download-size="1968" install-size="1968" />
	<plugin fragment="true" id="org.eclipse.actf.visualization.gui.nl_zh" unpack="false" version="3.5.0.v20090620043401" download-size="2024" install-size="2024" />
	<plugin fragment="true" id="org.eclipse.actf.visualization.presentation.nl_zh" unpack="false" version="3.5.0.v20090620043401" download-size="1403" install-size="1403" />
	<plugin fragment="true" id="org.eclipse.actf.visualization.ui.report.nl_zh" unpack="false" version="3.5.0.v20090620043401" download-size="1501" install-size="1501" />
</feature>