<?xml version="1.0" encoding="UTF-8" ?>
<feature
	id="org.eclipse.babel.nls_tools.pdt_el"
	label="Babel Language Pack for tools.pdt in Greek (62.61%)"
	image="eclipse_update_120.jpg"
	provider-name="%providerName"
	version="3.5.0.v20090620043401">
	<copyright>
		%copyright
	</copyright>
	<license url="%licenseURL">
		%license
	</license>
	<description>Babel Language Pack for tools.pdt in Greek</description>
	<plugin fragment="true" id="org.eclipse.dltk.core.tests.nl_el" unpack="false" version="3.5.0.v20090620043401" download-size="1369" install-size="1369" />
	<plugin fragment="true" id="org.eclipse.php.core.nl_el" unpack="false" version="3.5.0.v20090620043401" download-size="3044" install-size="3044" />
	<plugin fragment="true" id="org.eclipse.php.core.parser.nl_el" unpack="false" version="3.5.0.v20090620043401" download-size="1369" install-size="1369" />
	<plugin fragment="true" id="org.eclipse.php.debug.core.nl_el" unpack="false" version="3.5.0.v20090620043401" download-size="2462" install-size="2462" />
	<plugin fragment="true" id="org.eclipse.php.debug.ui.nl_el" unpack="false" version="3.5.0.v20090620043401" download-size="3813" install-size="3813" />
	<plugin fragment="true" id="org.eclipse.php.nl_el" unpack="false" version="3.5.0.v20090620043401" download-size="1361" install-size="1361" />
	<plugin fragment="true" id="org.eclipse.php.server.core.nl_el" unpack="false" version="3.5.0.v20090620043401" download-size="2305" install-size="2305" />
	<plugin fragment="true" id="org.eclipse.php.server.ui.nl_el" unpack="false" version="3.5.0.v20090620043401" download-size="2334" install-size="2334" />
	<plugin fragment="true" id="org.eclipse.php.test.nl_el" unpack="false" version="3.5.0.v20090620043401" download-size="1365" install-size="1365" />
	<plugin fragment="true" id="org.eclipse.php.ui.nl_el" unpack="false" version="3.5.0.v20090620043401" download-size="55326" install-size="55326" />
	<plugin fragment="true" id="org.eclipse.test.nl_el" unpack="false" version="3.5.0.v20090620043401" download-size="1360" install-size="1360" />
</feature>