<?xml version="1.0" encoding="UTF-8" ?>
<feature
	id="org.eclipse.babel.nls_modeling.m2m_pt_BR"
	label="Babel Language Pack for modeling.m2m in Portuguese (Brazilian) (22.33%)"
	image="eclipse_update_120.jpg"
	provider-name="%providerName"
	version="3.5.0.v20090620043401">
	<copyright>
		%copyright
	</copyright>
	<license url="%licenseURL">
		%license
	</license>
	<description>Babel Language Pack for modeling.m2m in Portuguese (Brazilian)</description>
	<plugin fragment="true" id="org.eclipse.m2m.atl.adt.debug.nl_pt_BR" unpack="false" version="3.5.0.v20090620043401" download-size="2402" install-size="2402" />
	<plugin fragment="true" id="org.eclipse.m2m.atl.adt.editor.nl_pt_BR" unpack="false" version="3.5.0.v20090620043401" download-size="3598" install-size="3598" />
	<plugin fragment="true" id="org.eclipse.m2m.atl.adt.nl_pt_BR" unpack="false" version="3.5.0.v20090620043401" download-size="2235" install-size="2235" />
	<plugin fragment="true" id="org.eclipse.m2m.atl.adt.ui.nl_pt_BR" unpack="false" version="3.5.0.v20090620043401" download-size="2465" install-size="2465" />
	<plugin fragment="true" id="org.eclipse.m2m.atl.common.nl_pt_BR" unpack="false" version="3.5.0.v20090620043401" download-size="1389" install-size="1389" />
	<plugin fragment="true" id="org.eclipse.m2m.atl.core.ant.nl_pt_BR" unpack="false" version="3.5.0.v20090620043401" download-size="1390" install-size="1390" />
	<plugin fragment="true" id="org.eclipse.m2m.atl.core.emf.nl_pt_BR" unpack="false" version="3.5.0.v20090620043401" download-size="1391" install-size="1391" />
	<plugin fragment="true" id="org.eclipse.m2m.atl.core.nl_pt_BR" unpack="false" version="3.5.0.v20090620043401" download-size="1388" install-size="1388" />
	<plugin fragment="true" id="org.eclipse.m2m.atl.core.ui.nl_pt_BR" unpack="false" version="3.5.0.v20090620043401" download-size="2501" install-size="2501" />
	<plugin fragment="true" id="org.eclipse.m2m.atl.core.ui.vm.nl_pt_BR" unpack="false" version="3.5.0.v20090620043401" download-size="1392" install-size="1392" />
	<plugin fragment="true" id="org.eclipse.m2m.atl.doc.nl_pt_BR" unpack="false" version="3.5.0.v20090620043401" download-size="1388" install-size="1388" />
	<plugin fragment="true" id="org.eclipse.m2m.atl.drivers.emf4atl.nl_pt_BR" unpack="false" version="3.5.0.v20090620043401" download-size="1396" install-size="1396" />
	<plugin fragment="true" id="org.eclipse.m2m.atl.drivers.uml24atl.nl_pt_BR" unpack="false" version="3.5.0.v20090620043401" download-size="1396" install-size="1396" />
	<plugin fragment="true" id="org.eclipse.m2m.atl.dsls.nl_pt_BR" unpack="false" version="3.5.0.v20090620043401" download-size="1389" install-size="1389" />
	<plugin fragment="true" id="org.eclipse.m2m.atl.engine.emfvm.nl_pt_BR" unpack="false" version="3.5.0.v20090620043401" download-size="1393" install-size="1393" />
	<plugin fragment="true" id="org.eclipse.m2m.atl.engine.nl_pt_BR" unpack="false" version="3.5.0.v20090620043401" download-size="2229" install-size="2229" />
	<plugin fragment="true" id="org.eclipse.m2m.atl.engine.vm.nl_pt_BR" unpack="false" version="3.5.0.v20090620043401" download-size="1391" install-size="1391" />
	<plugin fragment="true" id="org.eclipse.m2m.atl.examples.nl_pt_BR" unpack="false" version="3.5.0.v20090620043401" download-size="1391" install-size="1391" />
	<plugin fragment="true" id="org.eclipse.m2m.atl.nl_pt_BR" unpack="false" version="3.5.0.v20090620043401" download-size="1385" install-size="1385" />
	<plugin fragment="true" id="org.eclipse.m2m.atl.tests.nl_pt_BR" unpack="false" version="3.5.0.v20090620043401" download-size="1389" install-size="1389" />
	<plugin fragment="true" id="org.eclipse.m2m.qvt.oml.common.nl_pt_BR" unpack="false" version="3.5.0.v20090620043401" download-size="1393" install-size="1393" />
	<plugin fragment="true" id="org.eclipse.m2m.qvt.oml.common.ui.nl_pt_BR" unpack="false" version="3.5.0.v20090620043401" download-size="3897" install-size="3897" />
	<plugin fragment="true" id="org.eclipse.m2m.qvt.oml.cst.parser.nl_pt_BR" unpack="false" version="3.5.0.v20090620043401" download-size="1398" install-size="1398" />
	<plugin fragment="true" id="org.eclipse.m2m.qvt.oml.doc.nl_pt_BR" unpack="false" version="3.5.0.v20090620043401" download-size="1391" install-size="1391" />
	<plugin fragment="true" id="org.eclipse.m2m.qvt.oml.ecore.imperativeocl.nl_pt_BR" unpack="false" version="3.5.0.v20090620043401" download-size="1403" install-size="1403" />
	<plugin fragment="true" id="org.eclipse.m2m.qvt.oml.editor.ui.nl_pt_BR" unpack="false" version="3.5.0.v20090620043401" download-size="3370" install-size="3370" />
	<plugin fragment="true" id="org.eclipse.m2m.qvt.oml.emf.util.nl_pt_BR" unpack="false" version="3.5.0.v20090620043401" download-size="1394" install-size="1394" />
	<plugin fragment="true" id="org.eclipse.m2m.qvt.oml.emf.util.ui.nl_pt_BR" unpack="false" version="3.5.0.v20090620043401" download-size="1395" install-size="1395" />
	<plugin fragment="true" id="org.eclipse.m2m.qvt.oml.examples.blackbox.nl_pt_BR" unpack="false" version="3.5.0.v20090620043401" download-size="1404" install-size="1404" />
	<plugin fragment="true" id="org.eclipse.m2m.qvt.oml.examples.omg.nl_pt_BR" unpack="false" version="3.5.0.v20090620043401" download-size="1396" install-size="1396" />
	<plugin fragment="true" id="org.eclipse.m2m.qvt.oml.nl_pt_BR" unpack="false" version="3.5.0.v20090620043401" download-size="1388" install-size="1388" />
	<plugin fragment="true" id="org.eclipse.m2m.qvt.oml.ocl.nl_pt_BR" unpack="false" version="3.5.0.v20090620043401" download-size="1391" install-size="1391" />
	<plugin fragment="true" id="org.eclipse.m2m.qvt.oml.project.nl_pt_BR" unpack="false" version="3.5.0.v20090620043401" download-size="1397" install-size="1397" />
	<plugin fragment="true" id="org.eclipse.m2m.qvt.oml.runtime.nl_pt_BR" unpack="false" version="3.5.0.v20090620043401" download-size="2754" install-size="2754" />
	<plugin fragment="true" id="org.eclipse.m2m.qvt.oml.runtime.ui.nl_pt_BR" unpack="false" version="3.5.0.v20090620043401" download-size="4120" install-size="4120" />
	<plugin fragment="true" id="org.eclipse.m2m.qvt.oml.samples.nl_pt_BR" unpack="false" version="3.5.0.v20090620043401" download-size="4069" install-size="4069" />
	<plugin fragment="true" id="org.eclipse.m2m.qvt.oml.trace.edit.nl_pt_BR" unpack="false" version="3.5.0.v20090620043401" download-size="2224" install-size="2224" />
	<plugin fragment="true" id="org.eclipse.m2m.qvt.oml.ui.nl_pt_BR" unpack="false" version="3.5.0.v20090620043401" download-size="3634" install-size="3634" />
	<plugin fragment="true" id="org.eclipse.m2m.tests.qvt.oml.nl_pt_BR" unpack="false" version="3.5.0.v20090620043401" download-size="1392" install-size="1392" />
	<plugin fragment="true" id="org.eclipse.m2m.tests.qvt.oml.ui.nl_pt_BR" unpack="false" version="3.5.0.v20090620043401" download-size="1393" install-size="1393" />
</feature>