<?xml version="1.0" encoding="UTF-8" ?>
<feature
	id="org.eclipse.babel.nls_modeling.m2m_iw"
	label="Babel Language Pack for modeling.m2m in Hebrew (19.9%)"
	image="eclipse_update_120.jpg"
	provider-name="%providerName"
	version="3.5.0.v20090620043401">
	<copyright>
		%copyright
	</copyright>
	<license url="%licenseURL">
		%license
	</license>
	<description>Babel Language Pack for modeling.m2m in Hebrew</description>
	<plugin fragment="true" id="org.eclipse.m2m.atl.adt.debug.nl_iw" unpack="false" version="3.5.0.v20090620043401" download-size="2391" install-size="2391" />
	<plugin fragment="true" id="org.eclipse.m2m.atl.adt.editor.nl_iw" unpack="false" version="3.5.0.v20090620043401" download-size="3500" install-size="3500" />
	<plugin fragment="true" id="org.eclipse.m2m.atl.adt.nl_iw" unpack="false" version="3.5.0.v20090620043401" download-size="2189" install-size="2189" />
	<plugin fragment="true" id="org.eclipse.m2m.atl.adt.ui.nl_iw" unpack="false" version="3.5.0.v20090620043401" download-size="2438" install-size="2438" />
	<plugin fragment="true" id="org.eclipse.m2m.atl.common.nl_iw" unpack="false" version="3.5.0.v20090620043401" download-size="1369" install-size="1369" />
	<plugin fragment="true" id="org.eclipse.m2m.atl.core.ant.nl_iw" unpack="false" version="3.5.0.v20090620043401" download-size="1370" install-size="1370" />
	<plugin fragment="true" id="org.eclipse.m2m.atl.core.emf.nl_iw" unpack="false" version="3.5.0.v20090620043401" download-size="1370" install-size="1370" />
	<plugin fragment="true" id="org.eclipse.m2m.atl.core.nl_iw" unpack="false" version="3.5.0.v20090620043401" download-size="1368" install-size="1368" />
	<plugin fragment="true" id="org.eclipse.m2m.atl.core.ui.nl_iw" unpack="false" version="3.5.0.v20090620043401" download-size="2454" install-size="2454" />
	<plugin fragment="true" id="org.eclipse.m2m.atl.core.ui.vm.nl_iw" unpack="false" version="3.5.0.v20090620043401" download-size="1372" install-size="1372" />
	<plugin fragment="true" id="org.eclipse.m2m.atl.doc.nl_iw" unpack="false" version="3.5.0.v20090620043401" download-size="1367" install-size="1367" />
	<plugin fragment="true" id="org.eclipse.m2m.atl.drivers.emf4atl.nl_iw" unpack="false" version="3.5.0.v20090620043401" download-size="1375" install-size="1375" />
	<plugin fragment="true" id="org.eclipse.m2m.atl.drivers.uml24atl.nl_iw" unpack="false" version="3.5.0.v20090620043401" download-size="1376" install-size="1376" />
	<plugin fragment="true" id="org.eclipse.m2m.atl.dsls.nl_iw" unpack="false" version="3.5.0.v20090620043401" download-size="1368" install-size="1368" />
	<plugin fragment="true" id="org.eclipse.m2m.atl.engine.emfvm.nl_iw" unpack="false" version="3.5.0.v20090620043401" download-size="1372" install-size="1372" />
	<plugin fragment="true" id="org.eclipse.m2m.atl.engine.nl_iw" unpack="false" version="3.5.0.v20090620043401" download-size="1369" install-size="1369" />
	<plugin fragment="true" id="org.eclipse.m2m.atl.engine.vm.nl_iw" unpack="false" version="3.5.0.v20090620043401" download-size="1371" install-size="1371" />
	<plugin fragment="true" id="org.eclipse.m2m.atl.examples.nl_iw" unpack="false" version="3.5.0.v20090620043401" download-size="1371" install-size="1371" />
	<plugin fragment="true" id="org.eclipse.m2m.atl.nl_iw" unpack="false" version="3.5.0.v20090620043401" download-size="1365" install-size="1365" />
	<plugin fragment="true" id="org.eclipse.m2m.atl.tests.nl_iw" unpack="false" version="3.5.0.v20090620043401" download-size="1368" install-size="1368" />
	<plugin fragment="true" id="org.eclipse.m2m.qvt.oml.common.nl_iw" unpack="false" version="3.5.0.v20090620043401" download-size="1372" install-size="1372" />
	<plugin fragment="true" id="org.eclipse.m2m.qvt.oml.common.ui.nl_iw" unpack="false" version="3.5.0.v20090620043401" download-size="3852" install-size="3852" />
	<plugin fragment="true" id="org.eclipse.m2m.qvt.oml.cst.parser.nl_iw" unpack="false" version="3.5.0.v20090620043401" download-size="1374" install-size="1374" />
	<plugin fragment="true" id="org.eclipse.m2m.qvt.oml.doc.nl_iw" unpack="false" version="3.5.0.v20090620043401" download-size="1371" install-size="1371" />
	<plugin fragment="true" id="org.eclipse.m2m.qvt.oml.ecore.imperativeocl.nl_iw" unpack="false" version="3.5.0.v20090620043401" download-size="1380" install-size="1380" />
	<plugin fragment="true" id="org.eclipse.m2m.qvt.oml.editor.ui.nl_iw" unpack="false" version="3.5.0.v20090620043401" download-size="3265" install-size="3265" />
	<plugin fragment="true" id="org.eclipse.m2m.qvt.oml.emf.util.nl_iw" unpack="false" version="3.5.0.v20090620043401" download-size="1373" install-size="1373" />
	<plugin fragment="true" id="org.eclipse.m2m.qvt.oml.emf.util.ui.nl_iw" unpack="false" version="3.5.0.v20090620043401" download-size="1375" install-size="1375" />
	<plugin fragment="true" id="org.eclipse.m2m.qvt.oml.examples.blackbox.nl_iw" unpack="false" version="3.5.0.v20090620043401" download-size="1379" install-size="1379" />
	<plugin fragment="true" id="org.eclipse.m2m.qvt.oml.examples.omg.nl_iw" unpack="false" version="3.5.0.v20090620043401" download-size="1376" install-size="1376" />
	<plugin fragment="true" id="org.eclipse.m2m.qvt.oml.nl_iw" unpack="false" version="3.5.0.v20090620043401" download-size="1368" install-size="1368" />
	<plugin fragment="true" id="org.eclipse.m2m.qvt.oml.ocl.nl_iw" unpack="false" version="3.5.0.v20090620043401" download-size="1370" install-size="1370" />
	<plugin fragment="true" id="org.eclipse.m2m.qvt.oml.project.nl_iw" unpack="false" version="3.5.0.v20090620043401" download-size="1373" install-size="1373" />
	<plugin fragment="true" id="org.eclipse.m2m.qvt.oml.runtime.nl_iw" unpack="false" version="3.5.0.v20090620043401" download-size="2748" install-size="2748" />
	<plugin fragment="true" id="org.eclipse.m2m.qvt.oml.runtime.ui.nl_iw" unpack="false" version="3.5.0.v20090620043401" download-size="4091" install-size="4091" />
	<plugin fragment="true" id="org.eclipse.m2m.qvt.oml.samples.nl_iw" unpack="false" version="3.5.0.v20090620043401" download-size="3990" install-size="3990" />
	<plugin fragment="true" id="org.eclipse.m2m.qvt.oml.trace.edit.nl_iw" unpack="false" version="3.5.0.v20090620043401" download-size="2082" install-size="2082" />
	<plugin fragment="true" id="org.eclipse.m2m.qvt.oml.ui.nl_iw" unpack="false" version="3.5.0.v20090620043401" download-size="3549" install-size="3549" />
	<plugin fragment="true" id="org.eclipse.m2m.tests.qvt.oml.nl_iw" unpack="false" version="3.5.0.v20090620043401" download-size="1371" install-size="1371" />
	<plugin fragment="true" id="org.eclipse.m2m.tests.qvt.oml.ui.nl_iw" unpack="false" version="3.5.0.v20090620043401" download-size="1372" install-size="1372" />
</feature>