<?xml version="1.0" encoding="UTF-8" ?>
<feature
	id="org.eclipse.babel.nls_tptp.platform_it"
	label="Babel Language Pack for tptp.platform in Italian (16.24%)"
	image="eclipse_update_120.jpg"
	provider-name="%providerName"
	version="3.5.0.v20090620043401">
	<copyright>
		%copyright
	</copyright>
	<license url="%licenseURL">
		%license
	</license>
	<description>Babel Language Pack for tptp.platform in Italian</description>
	<plugin fragment="true" id="org.eclipse.hyades.analysis.engine.nl_it" unpack="false" version="3.5.0.v20090620043401" download-size="1373" install-size="1373" />
	<plugin fragment="true" id="org.eclipse.hyades.logging.adapter.nl_it" unpack="false" version="3.5.0.v20090620043401" download-size="3089" install-size="3089" />
	<plugin fragment="true" id="org.eclipse.hyades.logging.adapter.ui.nl_it" unpack="false" version="3.5.0.v20090620043401" download-size="4398" install-size="4398" />
	<plugin fragment="true" id="org.eclipse.hyades.logging.parsers.nl_it" unpack="false" version="3.5.0.v20090620043401" download-size="2449" install-size="2449" />
	<plugin fragment="true" id="org.eclipse.hyades.probekit.ui.nl_it" unpack="false" version="3.5.0.v20090620043401" download-size="3904" install-size="3904" />
	<plugin fragment="true" id="org.eclipse.hyades.resources.database.nl_it" unpack="false" version="3.5.0.v20090620043401" download-size="1377" install-size="1377" />
	<plugin fragment="true" id="org.eclipse.hyades.sdb.nl_it" unpack="false" version="3.5.0.v20090620043401" download-size="6169" install-size="6169" />
	<plugin fragment="true" id="org.eclipse.hyades.statistical.ui.nl_it" unpack="false" version="3.5.0.v20090620043401" download-size="1378" install-size="1378" />
	<plugin fragment="true" id="org.eclipse.hyades.test.core.nl_it" unpack="false" version="3.5.0.v20090620043401" download-size="3217" install-size="3217" />
	<plugin fragment="true" id="org.eclipse.hyades.test.tools.ui.nl_it" unpack="false" version="3.5.0.v20090620043401" download-size="3520" install-size="3520" />
	<plugin fragment="true" id="org.eclipse.hyades.test.ui.extensions.nl_it" unpack="false" version="3.5.0.v20090620043401" download-size="2654" install-size="2654" />
	<plugin fragment="true" id="org.eclipse.hyades.test.ui.nl_it" unpack="false" version="3.5.0.v20090620043401" download-size="8843" install-size="8843" />
	<plugin fragment="true" id="org.eclipse.hyades.trace.ui.nl_it" unpack="false" version="3.5.0.v20090620043401" download-size="5828" install-size="5828" />
	<plugin fragment="true" id="org.eclipse.hyades.trace.views.nl_it" unpack="false" version="3.5.0.v20090620043401" download-size="2618" install-size="2618" />
	<plugin fragment="true" id="org.eclipse.hyades.ui.nl_it" unpack="false" version="3.5.0.v20090620043401" download-size="1380" install-size="1380" />
	<plugin fragment="true" id="org.eclipse.tptp.lta.gla.ui.epi.nl_it" unpack="false" version="3.5.0.v20090620043401" download-size="1371" install-size="1371" />
	<plugin fragment="true" id="org.eclipse.tptp.lta.log.epi.nl_it" unpack="false" version="3.5.0.v20090620043401" download-size="1430" install-size="1430" />
	<plugin fragment="true" id="org.eclipse.tptp.lta.runtime.nl_it" unpack="false" version="3.5.0.v20090620043401" download-size="1370" install-size="1370" />
	<plugin fragment="true" id="org.eclipse.tptp.lta.sdb.epi.nl_it" unpack="false" version="3.5.0.v20090620043401" download-size="1373" install-size="1373" />
	<plugin fragment="true" id="org.eclipse.tptp.lta.symptom.epi.nl_it" unpack="false" version="3.5.0.v20090620043401" download-size="1374" install-size="1374" />
	<plugin fragment="true" id="org.eclipse.tptp.monitoring.la.core.nl_it" unpack="false" version="3.5.0.v20090620043401" download-size="1373" install-size="1373" />
	<plugin fragment="true" id="org.eclipse.tptp.monitoring.logui.nl_it" unpack="false" version="3.5.0.v20090620043401" download-size="2737" install-size="2737" />
	<plugin fragment="true" id="org.eclipse.tptp.monitoring.lta.doc.isv.nl_it" unpack="false" version="3.5.0.v20090620043401" download-size="1376" install-size="1376" />
	<plugin fragment="true" id="org.eclipse.tptp.monitoring.lta.doc.user.nl_it" unpack="false" version="3.5.0.v20090620043401" download-size="1377" install-size="1377" />
	<plugin fragment="true" id="org.eclipse.tptp.monitoring.lta.examples.isv.nl_it" unpack="false" version="3.5.0.v20090620043401" download-size="2831" install-size="2831" />
	<plugin fragment="true" id="org.eclipse.tptp.monitoring.lta.examples.nl_it" unpack="false" version="3.5.0.v20090620043401" download-size="2686" install-size="2686" />
	<plugin fragment="true" id="org.eclipse.tptp.monitoring.managedagent.jmx.nl_it" unpack="false" version="3.5.0.v20090620043401" download-size="2663" install-size="2663" />
	<plugin fragment="true" id="org.eclipse.tptp.monitoring.managedagent.ui.nl_it" unpack="false" version="3.5.0.v20090620043401" download-size="4957" install-size="4957" />
	<plugin fragment="true" id="org.eclipse.tptp.monitoring.profile.server.nl_it" unpack="false" version="3.5.0.v20090620043401" download-size="1380" install-size="1380" />
	<plugin fragment="true" id="org.eclipse.tptp.monitoring.report.birt.nl_it" unpack="false" version="3.5.0.v20090620043401" download-size="2593" install-size="2593" />
	<plugin fragment="true" id="org.eclipse.tptp.monitoring.symptom.doc.user.nl_it" unpack="false" version="3.5.0.v20090620043401" download-size="1380" install-size="1380" />
	<plugin fragment="true" id="org.eclipse.tptp.monitoring.symptom.editor.nl_it" unpack="false" version="3.5.0.v20090620043401" download-size="1377" install-size="1377" />
	<plugin fragment="true" id="org.eclipse.tptp.platform.agentcontroller.nl_it" unpack="false" version="3.5.0.v20090620043401" download-size="2520" install-size="2520" />
	<plugin fragment="true" id="org.eclipse.tptp.platform.analysis.codereview.cpp.nl_it" unpack="false" version="3.5.0.v20090620043401" download-size="1383" install-size="1383" />
	<plugin fragment="true" id="org.eclipse.tptp.platform.analysis.codereview.cpp.rules.nl_it" unpack="false" version="3.5.0.v20090620043401" download-size="1491" install-size="1491" />
	<plugin fragment="true" id="org.eclipse.tptp.platform.analysis.codereview.java.nl_it" unpack="false" version="3.5.0.v20090620043401" download-size="1426" install-size="1426" />
	<plugin fragment="true" id="org.eclipse.tptp.platform.analysis.codereview.java.rules.nl_it" unpack="false" version="3.5.0.v20090620043401" download-size="1559" install-size="1559" />
	<plugin fragment="true" id="org.eclipse.tptp.platform.analysis.core.nl_it" unpack="false" version="3.5.0.v20090620043401" download-size="2508" install-size="2508" />
	<plugin fragment="true" id="org.eclipse.tptp.platform.analysis.core.ui.nl_it" unpack="false" version="3.5.0.v20090620043401" download-size="2886" install-size="2886" />
	<plugin fragment="true" id="org.eclipse.tptp.platform.common.nl_it" unpack="false" version="3.5.0.v20090620043401" download-size="2305" install-size="2305" />
	<plugin fragment="true" id="org.eclipse.tptp.platform.common.ui.nl_it" unpack="false" version="3.5.0.v20090620043401" download-size="4726" install-size="4726" />
	<plugin fragment="true" id="org.eclipse.tptp.platform.common.ui.trace.nl_it" unpack="false" version="3.5.0.v20090620043401" download-size="3080" install-size="3080" />
	<plugin fragment="true" id="org.eclipse.tptp.platform.examples.isv.nl_it" unpack="false" version="3.5.0.v20090620043401" download-size="2596" install-size="2596" />
	<plugin fragment="true" id="org.eclipse.tptp.platform.examples.nl_it" unpack="false" version="3.5.0.v20090620043401" download-size="1409" install-size="1409" />
	<plugin fragment="true" id="org.eclipse.tptp.platform.iac.administrator.nl_it" unpack="false" version="3.5.0.v20090620043401" download-size="2727" install-size="2727" />
	<plugin fragment="true" id="org.eclipse.tptp.platform.instrumentation.ui.nl_it" unpack="false" version="3.5.0.v20090620043401" download-size="3160" install-size="3160" />
	<plugin fragment="true" id="org.eclipse.tptp.platform.integration.pde.nl_it" unpack="false" version="3.5.0.v20090620043401" download-size="2726" install-size="2726" />
	<plugin fragment="true" id="org.eclipse.tptp.platform.la.core.nl_it" unpack="false" version="3.5.0.v20090620043401" download-size="2636" install-size="2636" />
	<plugin fragment="true" id="org.eclipse.tptp.platform.llc.core.nl_it" unpack="false" version="3.5.0.v20090620043401" download-size="1373" install-size="1373" />
	<plugin fragment="true" id="org.eclipse.tptp.platform.llc.doc.user.nl_it" unpack="false" version="3.5.0.v20090620043401" download-size="1376" install-size="1376" />
	<plugin fragment="true" id="org.eclipse.tptp.platform.llc.launch.nl_it" unpack="false" version="3.5.0.v20090620043401" download-size="2830" install-size="2830" />
	<plugin fragment="true" id="org.eclipse.tptp.platform.llc.ui.nl_it" unpack="false" version="3.5.0.v20090620043401" download-size="1372" install-size="1372" />
	<plugin fragment="true" id="org.eclipse.tptp.platform.log.doc.user.nl_it" unpack="false" version="3.5.0.v20090620043401" download-size="1376" install-size="1376" />
	<plugin fragment="true" id="org.eclipse.tptp.platform.log.views.nl_it" unpack="false" version="3.5.0.v20090620043401" download-size="3808" install-size="3808" />
	<plugin fragment="true" id="org.eclipse.tptp.platform.lta.common.nl_it" unpack="false" version="3.5.0.v20090620043401" download-size="2408" install-size="2408" />
	<plugin fragment="true" id="org.eclipse.tptp.platform.models.lta.nl_it" unpack="false" version="3.5.0.v20090620043401" download-size="1373" install-size="1373" />
	<plugin fragment="true" id="org.eclipse.tptp.platform.models.nl_it" unpack="false" version="3.5.0.v20090620043401" download-size="3069" install-size="3069" />
	<plugin fragment="true" id="org.eclipse.tptp.platform.probekit.launch.nl_it" unpack="false" version="3.5.0.v20090620043401" download-size="3630" install-size="3630" />
	<plugin fragment="true" id="org.eclipse.tptp.platform.report.birt.ui.nl_it" unpack="false" version="3.5.0.v20090620043401" download-size="2524" install-size="2524" />
	<plugin fragment="true" id="org.eclipse.tptp.platform.report.core.nl_it" unpack="false" version="3.5.0.v20090620043401" download-size="1444" install-size="1444" />
	<plugin fragment="true" id="org.eclipse.tptp.platform.report.ui.nl_it" unpack="false" version="3.5.0.v20090620043401" download-size="1466" install-size="1466" />
	<plugin fragment="true" id="org.eclipse.tptp.test.auto.gui.nl_it" unpack="false" version="3.5.0.v20090620043401" download-size="2817" install-size="2817" />
	<plugin fragment="true" id="org.eclipse.tptp.test.auto.nl_it" unpack="false" version="3.5.0.v20090620043401" download-size="1368" install-size="1368" />
	<plugin fragment="true" id="org.eclipse.tptp.test.recorders.url.nl_it" unpack="false" version="3.5.0.v20090620043401" download-size="3822" install-size="3822" />
	<plugin fragment="true" id="org.eclipse.tptp.test.report.birt.nl_it" unpack="false" version="3.5.0.v20090620043401" download-size="2547" install-size="2547" />
	<plugin fragment="true" id="org.eclipse.tptp.test.samples.nl_it" unpack="false" version="3.5.0.v20090620043401" download-size="2738" install-size="2738" />
	<plugin fragment="true" id="org.eclipse.tptp.test.tools.junit.plugin.nl_it" unpack="false" version="3.5.0.v20090620043401" download-size="3181" install-size="3181" />
	<plugin fragment="true" id="org.eclipse.tptp.test.tools.manual.doc.user.nl_it" unpack="false" version="3.5.0.v20090620043401" download-size="1377" install-size="1377" />
	<plugin fragment="true" id="org.eclipse.tptp.test.tools.manual.nl_it" unpack="false" version="3.5.0.v20090620043401" download-size="4062" install-size="4062" />
	<plugin fragment="true" id="org.eclipse.tptp.trace.arm.nl_it" unpack="false" version="3.5.0.v20090620043401" download-size="1395" install-size="1395" />
	<plugin fragment="true" id="org.eclipse.tptp.trace.arm.ui.nl_it" unpack="false" version="3.5.0.v20090620043401" download-size="2499" install-size="2499" />
	<plugin fragment="true" id="org.eclipse.tptp.trace.jvmti.client.nl_it" unpack="false" version="3.5.0.v20090620043401" download-size="2689" install-size="2689" />
	<plugin fragment="true" id="org.eclipse.tptp.trace.memory.nl_it" unpack="false" version="3.5.0.v20090620043401" download-size="1373" install-size="1373" />
	<plugin fragment="true" id="org.eclipse.tptp.trace.report.birt.nl_it" unpack="false" version="3.5.0.v20090620043401" download-size="2499" install-size="2499" />
</feature>