<?xml version="1.0" encoding="UTF-8" ?>
<feature
	id="org.eclipse.babel.nls_dsdp.tm_mn"
	label="Babel Language Pack for dsdp.tm in Mongolian (4.82%)"
	image="eclipse_update_120.jpg"
	provider-name="%providerName"
	version="3.5.0.v20090620043401">
	<copyright>
		%copyright
	</copyright>
	<license url="%licenseURL">
		%license
	</license>
	<description>Babel Language Pack for dsdp.tm in Mongolian</description>
	<plugin fragment="true" id="org.eclipse.dstore.core.nl_mn" unpack="false" version="3.5.0.v20090620043401" download-size="1367" install-size="1367" />
	<plugin fragment="true" id="org.eclipse.dstore.doc.isv.nl_mn" unpack="false" version="3.5.0.v20090620043401" download-size="1368" install-size="1368" />
	<plugin fragment="true" id="org.eclipse.dstore.extra.nl_mn" unpack="false" version="3.5.0.v20090620043401" download-size="1369" install-size="1369" />
	<plugin fragment="true" id="org.eclipse.rse.connectorservice.dstore.nl_mn" unpack="false" version="3.5.0.v20090620043401" download-size="1378" install-size="1378" />
	<plugin fragment="true" id="org.eclipse.rse.connectorservice.local.nl_mn" unpack="false" version="3.5.0.v20090620043401" download-size="1377" install-size="1377" />
	<plugin fragment="true" id="org.eclipse.rse.connectorservice.ssh.nl_mn" unpack="false" version="3.5.0.v20090620043401" download-size="1376" install-size="1376" />
	<plugin fragment="true" id="org.eclipse.rse.connectorservice.telnet.nl_mn" unpack="false" version="3.5.0.v20090620043401" download-size="1377" install-size="1377" />
	<plugin fragment="true" id="org.eclipse.rse.core.nl_mn" unpack="false" version="3.5.0.v20090620043401" download-size="2285" install-size="2285" />
	<plugin fragment="true" id="org.eclipse.rse.discovery.nl_mn" unpack="false" version="3.5.0.v20090620043401" download-size="1352" install-size="1352" />
	<plugin fragment="true" id="org.eclipse.rse.doc.isv.nl_mn" unpack="false" version="3.5.0.v20090620043401" download-size="1368" install-size="1368" />
	<plugin fragment="true" id="org.eclipse.rse.doc.user.nl_mn" unpack="false" version="3.5.0.v20090620043401" download-size="1368" install-size="1368" />
	<plugin fragment="true" id="org.eclipse.rse.dstore.security.nl_mn" unpack="false" version="3.5.0.v20090620043401" download-size="1373" install-size="1373" />
	<plugin fragment="true" id="org.eclipse.rse.efs.nl_mn" unpack="false" version="3.5.0.v20090620043401" download-size="1365" install-size="1365" />
	<plugin fragment="true" id="org.eclipse.rse.efs.ui.nl_mn" unpack="false" version="3.5.0.v20090620043401" download-size="1368" install-size="1368" />
	<plugin fragment="true" id="org.eclipse.rse.examples.daytime.nl_mn" unpack="false" version="3.5.0.v20090620043401" download-size="1374" install-size="1374" />
	<plugin fragment="true" id="org.eclipse.rse.examples.tutorial.nl_mn" unpack="false" version="3.5.0.v20090620043401" download-size="1374" install-size="1374" />
	<plugin fragment="true" id="org.eclipse.rse.files.ui.nl_mn" unpack="false" version="3.5.0.v20090620043401" download-size="1369" install-size="1369" />
	<plugin fragment="true" id="org.eclipse.rse.importexport.nl_mn" unpack="false" version="3.5.0.v20090620043401" download-size="1368" install-size="1368" />
	<plugin fragment="true" id="org.eclipse.rse.nl_mn" unpack="false" version="3.5.0.v20090620043401" download-size="1363" install-size="1363" />
	<plugin fragment="true" id="org.eclipse.rse.processes.ui.nl_mn" unpack="false" version="3.5.0.v20090620043401" download-size="2449" install-size="2449" />
	<plugin fragment="true" id="org.eclipse.rse.remotecdt.nl_mn" unpack="false" version="3.5.0.v20090620043401" download-size="2264" install-size="2264" />
	<plugin fragment="true" id="org.eclipse.rse.sdk.nl_mn" unpack="false" version="3.5.0.v20090620043401" download-size="1366" install-size="1366" />
	<plugin fragment="true" id="org.eclipse.rse.services.dstore.nl_mn" unpack="false" version="3.5.0.v20090620043401" download-size="1373" install-size="1373" />
	<plugin fragment="true" id="org.eclipse.rse.services.files.ftp.nl_mn" unpack="false" version="3.5.0.v20090620043401" download-size="1374" install-size="1374" />
	<plugin fragment="true" id="org.eclipse.rse.services.local.nl_mn" unpack="false" version="3.5.0.v20090620043401" download-size="1372" install-size="1372" />
	<plugin fragment="true" id="org.eclipse.rse.services.nl_mn" unpack="false" version="3.5.0.v20090620043401" download-size="1368" install-size="1368" />
	<plugin fragment="true" id="org.eclipse.rse.services.ssh.nl_mn" unpack="false" version="3.5.0.v20090620043401" download-size="1369" install-size="1369" />
	<plugin fragment="true" id="org.eclipse.rse.services.telnet.nl_mn" unpack="false" version="3.5.0.v20090620043401" download-size="1372" install-size="1372" />
	<plugin fragment="true" id="org.eclipse.rse.shells.ui.nl_mn" unpack="false" version="3.5.0.v20090620043401" download-size="2407" install-size="2407" />
	<plugin fragment="true" id="org.eclipse.rse.subsystems.files.core.nl_mn" unpack="false" version="3.5.0.v20090620043401" download-size="1377" install-size="1377" />
	<plugin fragment="true" id="org.eclipse.rse.subsystems.files.dstore.nl_mn" unpack="false" version="3.5.0.v20090620043401" download-size="1378" install-size="1378" />
	<plugin fragment="true" id="org.eclipse.rse.subsystems.files.ftp.nl_mn" unpack="false" version="3.5.0.v20090620043401" download-size="1376" install-size="1376" />
	<plugin fragment="true" id="org.eclipse.rse.subsystems.files.local.nl_mn" unpack="false" version="3.5.0.v20090620043401" download-size="1377" install-size="1377" />
	<plugin fragment="true" id="org.eclipse.rse.subsystems.files.ssh.nl_mn" unpack="false" version="3.5.0.v20090620043401" download-size="1376" install-size="1376" />
	<plugin fragment="true" id="org.eclipse.rse.subsystems.processes.core.nl_mn" unpack="false" version="3.5.0.v20090620043401" download-size="1378" install-size="1378" />
	<plugin fragment="true" id="org.eclipse.rse.subsystems.processes.dstore.nl_mn" unpack="false" version="3.5.0.v20090620043401" download-size="1379" install-size="1379" />
	<plugin fragment="true" id="org.eclipse.rse.subsystems.processes.local.nl_mn" unpack="false" version="3.5.0.v20090620043401" download-size="1379" install-size="1379" />
	<plugin fragment="true" id="org.eclipse.rse.subsystems.processes.shell.linux.nl_mn" unpack="false" version="3.5.0.v20090620043401" download-size="1384" install-size="1384" />
	<plugin fragment="true" id="org.eclipse.rse.subsystems.shells.core.nl_mn" unpack="false" version="3.5.0.v20090620043401" download-size="1378" install-size="1378" />
	<plugin fragment="true" id="org.eclipse.rse.subsystems.shells.dstore.nl_mn" unpack="false" version="3.5.0.v20090620043401" download-size="1379" install-size="1379" />
	<plugin fragment="true" id="org.eclipse.rse.subsystems.shells.local.nl_mn" unpack="false" version="3.5.0.v20090620043401" download-size="1378" install-size="1378" />
	<plugin fragment="true" id="org.eclipse.rse.subsystems.shells.ssh.nl_mn" unpack="false" version="3.5.0.v20090620043401" download-size="1377" install-size="1377" />
	<plugin fragment="true" id="org.eclipse.rse.subsystems.shells.telnet.nl_mn" unpack="false" version="3.5.0.v20090620043401" download-size="1378" install-size="1378" />
	<plugin fragment="true" id="org.eclipse.rse.subsystems.terminals.core.nl_mn" unpack="false" version="3.5.0.v20090620043401" download-size="1378" install-size="1378" />
	<plugin fragment="true" id="org.eclipse.rse.subsystems.terminals.ssh.nl_mn" unpack="false" version="3.5.0.v20090620043401" download-size="1379" install-size="1379" />
	<plugin fragment="true" id="org.eclipse.rse.subsystems.wince.nl_mn" unpack="false" version="3.5.0.v20090620043401" download-size="1392" install-size="1392" />
	<plugin fragment="true" id="org.eclipse.rse.terminals.ui.nl_mn" unpack="false" version="3.5.0.v20090620043401" download-size="1368" install-size="1368" />
	<plugin fragment="true" id="org.eclipse.rse.tests.framework.nl_mn" unpack="false" version="3.5.0.v20090620043401" download-size="1373" install-size="1373" />
	<plugin fragment="true" id="org.eclipse.rse.tests.nl_mn" unpack="false" version="3.5.0.v20090620043401" download-size="1367" install-size="1367" />
	<plugin fragment="true" id="org.eclipse.rse.ui.nl_mn" unpack="false" version="3.5.0.v20090620043401" download-size="3730" install-size="3730" />
	<plugin fragment="true" id="org.eclipse.rse.useractions.nl_mn" unpack="false" version="3.5.0.v20090620043401" download-size="2597" install-size="2597" />
	<plugin fragment="true" id="org.eclipse.tm.discovery.doc.isv.nl_mn" unpack="false" version="3.5.0.v20090620043401" download-size="1374" install-size="1374" />
	<plugin fragment="true" id="org.eclipse.tm.discovery.engine.nl_mn" unpack="false" version="3.5.0.v20090620043401" download-size="1373" install-size="1373" />
	<plugin fragment="true" id="org.eclipse.tm.discovery.model.edit.nl_mn" unpack="false" version="3.5.0.v20090620043401" download-size="1375" install-size="1375" />
	<plugin fragment="true" id="org.eclipse.tm.discovery.model.nl_mn" unpack="false" version="3.5.0.v20090620043401" download-size="1372" install-size="1372" />
	<plugin fragment="true" id="org.eclipse.tm.discovery.protocol.dnssd.nl_mn" unpack="false" version="3.5.0.v20090620043401" download-size="1378" install-size="1378" />
	<plugin fragment="true" id="org.eclipse.tm.discovery.transport.udp.nl_mn" unpack="false" version="3.5.0.v20090620043401" download-size="1377" install-size="1377" />
	<plugin fragment="true" id="org.eclipse.tm.discovery.view.nl_mn" unpack="false" version="3.5.0.v20090620043401" download-size="2447" install-size="2447" />
	<plugin fragment="true" id="org.eclipse.tm.discovery.wizard.nl_mn" unpack="false" version="3.5.0.v20090620043401" download-size="2462" install-size="2462" />
	<plugin fragment="true" id="org.eclipse.tm.rapi.examples.nl_mn" unpack="false" version="3.5.0.v20090620043401" download-size="1371" install-size="1371" />
	<plugin fragment="true" id="org.eclipse.tm.rapi.nl_mn" unpack="false" version="3.5.0.v20090620043401" download-size="1365" install-size="1365" />
	<plugin fragment="true" id="org.eclipse.tm.rapi.tests.nl_mn" unpack="false" version="3.5.0.v20090620043401" download-size="1368" install-size="1368" />
	<plugin fragment="true" id="org.eclipse.tm.terminal.nl_mn" unpack="false" version="3.5.0.v20090620043401" download-size="1368" install-size="1368" />
	<plugin fragment="true" id="org.eclipse.tm.terminal.serial.nl_mn" unpack="false" version="3.5.0.v20090620043401" download-size="2399" install-size="2399" />
	<plugin fragment="true" id="org.eclipse.tm.terminal.ssh.nl_mn" unpack="false" version="3.5.0.v20090620043401" download-size="2391" install-size="2391" />
	<plugin fragment="true" id="org.eclipse.tm.terminal.telnet.nl_mn" unpack="false" version="3.5.0.v20090620043401" download-size="2411" install-size="2411" />
	<plugin fragment="true" id="org.eclipse.tm.terminal.test.nl_mn" unpack="false" version="3.5.0.v20090620043401" download-size="1368" install-size="1368" />
	<plugin fragment="true" id="org.eclipse.tm.terminal.view.nl_mn" unpack="false" version="3.5.0.v20090620043401" download-size="2423" install-size="2423" />
</feature>