<?xml version="1.0" encoding="UTF-8" ?>
<feature
	id="org.eclipse.babel.nls_modeling.emft_tr"
	label="Babel Language Pack for modeling.emft in Turkish (26.84%)"
	image="eclipse_update_120.jpg"
	provider-name="%providerName"
	version="3.5.0.v20090620043401">
	<copyright>
		%copyright
	</copyright>
	<license url="%licenseURL">
		%license
	</license>
	<description>Babel Language Pack for modeling.emft in Turkish</description>
	<plugin fragment="true" id="org.eclipse.emf.compare.diff.edit.nl_tr" unpack="false" version="3.5.0.v20090620043401" download-size="1860" install-size="1860" />
	<plugin fragment="true" id="org.eclipse.emf.compare.diff.nl_tr" unpack="false" version="3.5.0.v20090620043401" download-size="1371" install-size="1371" />
	<plugin fragment="true" id="org.eclipse.emf.compare.epatch.nl_tr" unpack="false" version="3.5.0.v20090620043401" download-size="1373" install-size="1373" />
	<plugin fragment="true" id="org.eclipse.emf.compare.match.nl_tr" unpack="false" version="3.5.0.v20090620043401" download-size="1705" install-size="1705" />
	<plugin fragment="true" id="org.eclipse.emf.compare.nl_tr" unpack="false" version="3.5.0.v20090620043401" download-size="1368" install-size="1368" />
	<plugin fragment="true" id="org.eclipse.emf.compare.tests.nl_tr" unpack="false" version="3.5.0.v20090620043401" download-size="1371" install-size="1371" />
	<plugin fragment="true" id="org.eclipse.emf.compare.ui.nl_tr" unpack="false" version="3.5.0.v20090620043401" download-size="3710" install-size="3710" />
	<plugin fragment="true" id="org.eclipse.emf.mwe.activities.nl_tr" unpack="false" version="3.5.0.v20090620043401" download-size="1372" install-size="1372" />
	<plugin fragment="true" id="org.eclipse.emf.mwe.core.nl_tr" unpack="false" version="3.5.0.v20090620043401" download-size="1588" install-size="1588" />
	<plugin fragment="true" id="org.eclipse.emf.mwe.doc.nl_tr" unpack="false" version="3.5.0.v20090620043401" download-size="1630" install-size="1630" />
	<plugin fragment="true" id="org.eclipse.emf.mwe.examples.nl_tr" unpack="false" version="3.5.0.v20090620043401" download-size="1372" install-size="1372" />
	<plugin fragment="true" id="org.eclipse.emf.mwe.tests.nl_tr" unpack="false" version="3.5.0.v20090620043401" download-size="1583" install-size="1583" />
	<plugin fragment="true" id="org.eclipse.emf.mwe.ui.editor.nl_tr" unpack="false" version="3.5.0.v20090620043401" download-size="2576" install-size="2576" />
	<plugin fragment="true" id="org.eclipse.emf.mwe.ui.nl_tr" unpack="false" version="3.5.0.v20090620043401" download-size="2458" install-size="2458" />
	<plugin fragment="true" id="org.eclipse.emf.mwe.ui.simpleEditor.nl_tr" unpack="false" version="3.5.0.v20090620043401" download-size="1375" install-size="1375" />
	<plugin fragment="true" id="org.eclipse.emf.mwe.utils.nl_tr" unpack="false" version="3.5.0.v20090620043401" download-size="1369" install-size="1369" />
</feature>