<?xml version="1.0" encoding="UTF-8" ?>
<feature
	id="org.eclipse.babel.nls_webtools.common_da"
	label="Babel Language Pack for webtools.common in Danish (47.21%)"
	image="eclipse_update_120.jpg"
	provider-name="%providerName"
	version="3.5.0.v20090620043401">
	<copyright>
		%copyright
	</copyright>
	<license url="%licenseURL">
		%license
	</license>
	<description>Babel Language Pack for webtools.common in Danish</description>
	<plugin fragment="true" id="org.eclipse.jem.util.nl_da" unpack="false" version="3.5.0.v20090620043401" download-size="1845" install-size="1845" />
	<plugin fragment="true" id="org.eclipse.jst.common.annotations.controller.nl_da" unpack="false" version="3.5.0.v20090620043401" download-size="1994" install-size="1994" />
	<plugin fragment="true" id="org.eclipse.jst.common.annotations.core.nl_da" unpack="false" version="3.5.0.v20090620043401" download-size="1772" install-size="1772" />
	<plugin fragment="true" id="org.eclipse.jst.common.annotations.ui.nl_da" unpack="false" version="3.5.0.v20090620043401" download-size="1705" install-size="1705" />
	<plugin fragment="true" id="org.eclipse.jst.common.fproj.enablement.jdt.sdk.nl_da" unpack="false" version="3.5.0.v20090620043401" download-size="1382" install-size="1382" />
	<plugin fragment="true" id="org.eclipse.jst.common.frameworks.nl_da" unpack="false" version="3.5.0.v20090620043401" download-size="1387" install-size="1387" />
	<plugin fragment="true" id="org.eclipse.jst.common.project.facet.core.nl_da" unpack="false" version="3.5.0.v20090620043401" download-size="3227" install-size="3227" />
	<plugin fragment="true" id="org.eclipse.jst.common.project.facet.ui.nl_da" unpack="false" version="3.5.0.v20090620043401" download-size="5093" install-size="5093" />
	<plugin fragment="true" id="org.eclipse.wst.common.api.doc.nl_da" unpack="false" version="3.5.0.v20090620043401" download-size="1371" install-size="1371" />
	<plugin fragment="true" id="org.eclipse.wst.common.core.nl_da" unpack="false" version="3.5.0.v20090620043401" download-size="2616" install-size="2616" />
	<plugin fragment="true" id="org.eclipse.wst.common.emf.nl_da" unpack="false" version="3.5.0.v20090620043401" download-size="2037" install-size="2037" />
	<plugin fragment="true" id="org.eclipse.wst.common.emfworkbench.integration.nl_da" unpack="false" version="3.5.0.v20090620043401" download-size="2703" install-size="2703" />
	<plugin fragment="true" id="org.eclipse.wst.common.environment.nl_da" unpack="false" version="3.5.0.v20090620043401" download-size="3081" install-size="3081" />
	<plugin fragment="true" id="org.eclipse.wst.common.fproj.sdk.nl_da" unpack="false" version="3.5.0.v20090620043401" download-size="1373" install-size="1373" />
	<plugin fragment="true" id="org.eclipse.wst.common.frameworks.nl_da" unpack="false" version="3.5.0.v20090620043401" download-size="2702" install-size="2702" />
	<plugin fragment="true" id="org.eclipse.wst.common.frameworks.ui.nl_da" unpack="false" version="3.5.0.v20090620043401" download-size="4166" install-size="4166" />
	<plugin fragment="true" id="org.eclipse.wst.common.infopop.nl_da" unpack="false" version="3.5.0.v20090620043401" download-size="1403" install-size="1403" />
	<plugin fragment="true" id="org.eclipse.wst.common.modulecore.nl_da" unpack="false" version="3.5.0.v20090620043401" download-size="2194" install-size="2194" />
	<plugin fragment="true" id="org.eclipse.wst.common.project.facet.core.nl_da" unpack="false" version="3.5.0.v20090620043401" download-size="8699" install-size="8699" />
	<plugin fragment="true" id="org.eclipse.wst.common.project.facet.doc.api.nl_da" unpack="false" version="3.5.0.v20090620043401" download-size="1379" install-size="1379" />
	<plugin fragment="true" id="org.eclipse.wst.common.project.facet.ui.nl_da" unpack="false" version="3.5.0.v20090620043401" download-size="7565" install-size="7565" />
	<plugin fragment="true" id="org.eclipse.wst.common.snippets.nl_da" unpack="false" version="3.5.0.v20090620043401" download-size="3338" install-size="3338" />
	<plugin fragment="true" id="org.eclipse.wst.common.ui.nl_da" unpack="false" version="3.5.0.v20090620043401" download-size="4943" install-size="4943" />
	<plugin fragment="true" id="org.eclipse.wst.common.ui.properties.nl_da" unpack="false" version="3.5.0.v20090620043401" download-size="3342" install-size="3342" />
	<plugin fragment="true" id="org.eclipse.wst.common.uriresolver.nl_da" unpack="false" version="3.5.0.v20090620043401" download-size="1429" install-size="1429" />
	<plugin fragment="true" id="org.eclipse.wst.internet.cache.nl_da" unpack="false" version="3.5.0.v20090620043401" download-size="3072" install-size="3072" />
	<plugin fragment="true" id="org.eclipse.wst.validation.doc.isv.nl_da" unpack="false" version="3.5.0.v20090620043401" download-size="1377" install-size="1377" />
	<plugin fragment="true" id="org.eclipse.wst.validation.infopop.nl_da" unpack="false" version="3.5.0.v20090620043401" download-size="1403" install-size="1403" />
	<plugin fragment="true" id="org.eclipse.wst.validation.nl_da" unpack="false" version="3.5.0.v20090620043401" download-size="4633" install-size="4633" />
	<plugin fragment="true" id="org.eclipse.wst.validation.ui.nl_da" unpack="false" version="3.5.0.v20090620043401" download-size="3663" install-size="3663" />
</feature>