<?xml version="1.0" encoding="UTF-8" ?>
<feature
	id="org.eclipse.babel.nls_webtools.servertools_nl"
	label="Babel Language Pack for webtools.servertools in Dutch (72%)"
	image="eclipse_update_120.jpg"
	provider-name="%providerName"
	version="3.5.0.v20090620043401">
	<copyright>
		%copyright
	</copyright>
	<license url="%licenseURL">
		%license
	</license>
	<description>Babel Language Pack for webtools.servertools in Dutch</description>
	<plugin fragment="true" id="org.apache.cactus.nl_nl" unpack="false" version="3.5.0.v20090620043401" download-size="1368" install-size="1368" />
	<plugin fragment="true" id="org.eclipse.jst.server.core.nl_nl" unpack="false" version="3.5.0.v20090620043401" download-size="3221" install-size="3221" />
	<plugin fragment="true" id="org.eclipse.jst.server.generic.core.nl_nl" unpack="false" version="3.5.0.v20090620043401" download-size="3416" install-size="3416" />
	<plugin fragment="true" id="org.eclipse.jst.server.generic.jboss.nl_nl" unpack="false" version="3.5.0.v20090620043401" download-size="1720" install-size="1720" />
	<plugin fragment="true" id="org.eclipse.jst.server.generic.jonas.nl_nl" unpack="false" version="3.5.0.v20090620043401" download-size="1741" install-size="1741" />
	<plugin fragment="true" id="org.eclipse.jst.server.generic.oc4j.nl_nl" unpack="false" version="3.5.0.v20090620043401" download-size="1842" install-size="1842" />
	<plugin fragment="true" id="org.eclipse.jst.server.generic.ui.nl_nl" unpack="false" version="3.5.0.v20090620043401" download-size="2939" install-size="2939" />
	<plugin fragment="true" id="org.eclipse.jst.server.installable.nl_nl" unpack="false" version="3.5.0.v20090620043401" download-size="1416" install-size="1416" />
	<plugin fragment="true" id="org.eclipse.jst.server.preview.adapter.nl_nl" unpack="false" version="3.5.0.v20090620043401" download-size="2793" install-size="2793" />
	<plugin fragment="true" id="org.eclipse.jst.server.tomcat.core.nl_nl" unpack="false" version="3.5.0.v20090620043401" download-size="4752" install-size="4752" />
	<plugin fragment="true" id="org.eclipse.jst.server.tomcat.ui.nl_nl" unpack="false" version="3.5.0.v20090620043401" download-size="3418" install-size="3418" />
	<plugin fragment="true" id="org.eclipse.jst.server.ui.doc.user.nl_nl" unpack="false" version="3.5.0.v20090620043401" download-size="1374" install-size="1374" />
	<plugin fragment="true" id="org.eclipse.jst.server.ui.infopop.nl_nl" unpack="false" version="3.5.0.v20090620043401" download-size="1412" install-size="1412" />
	<plugin fragment="true" id="org.eclipse.jst.server.ui.nl_nl" unpack="false" version="3.5.0.v20090620043401" download-size="2722" install-size="2722" />
	<plugin fragment="true" id="org.eclipse.jst.server.websphere.core.nl_nl" unpack="false" version="3.5.0.v20090620043401" download-size="1649" install-size="1649" />
	<plugin fragment="true" id="org.eclipse.servertools.doc.isv.nl_nl" unpack="false" version="3.5.0.v20090620043401" download-size="1371" install-size="1371" />
	<plugin fragment="true" id="org.eclipse.wst.internet.monitor.core.nl_nl" unpack="false" version="3.5.0.v20090620043401" download-size="2851" install-size="2851" />
	<plugin fragment="true" id="org.eclipse.wst.internet.monitor.ui.nl_nl" unpack="false" version="3.5.0.v20090620043401" download-size="3247" install-size="3247" />
	<plugin fragment="true" id="org.eclipse.wst.server.core.nl_nl" unpack="false" version="3.5.0.v20090620043401" download-size="3637" install-size="3637" />
	<plugin fragment="true" id="org.eclipse.wst.server.discovery.nl_nl" unpack="false" version="3.5.0.v20090620043401" download-size="2617" install-size="2617" />
	<plugin fragment="true" id="org.eclipse.wst.server.http.core.nl_nl" unpack="false" version="3.5.0.v20090620043401" download-size="2709" install-size="2709" />
	<plugin fragment="true" id="org.eclipse.wst.server.http.ui.nl_nl" unpack="false" version="3.5.0.v20090620043401" download-size="2540" install-size="2540" />
	<plugin fragment="true" id="org.eclipse.wst.server.preview.adapter.nl_nl" unpack="false" version="3.5.0.v20090620043401" download-size="2947" install-size="2947" />
	<plugin fragment="true" id="org.eclipse.wst.server.preview.nl_nl" unpack="false" version="3.5.0.v20090620043401" download-size="2785" install-size="2785" />
	<plugin fragment="true" id="org.eclipse.wst.server.ui.doc.user.nl_nl" unpack="false" version="3.5.0.v20090620043401" download-size="1392" install-size="1392" />
	<plugin fragment="true" id="org.eclipse.wst.server.ui.infopop.nl_nl" unpack="false" version="3.5.0.v20090620043401" download-size="1372" install-size="1372" />
	<plugin fragment="true" id="org.eclipse.wst.server.ui.nl_nl" unpack="false" version="3.5.0.v20090620043401" download-size="6806" install-size="6806" />
</feature>