<?xml version="1.0" encoding="UTF-8" ?>
<feature
	id="org.eclipse.babel.nls_modeling.emf_no"
	label="Babel Language Pack for modeling.emf in Norwegian (68.76%)"
	image="eclipse_update_120.jpg"
	provider-name="%providerName"
	version="3.5.0.v20090620043401">
	<copyright>
		%copyright
	</copyright>
	<license url="%licenseURL">
		%license
	</license>
	<description>Babel Language Pack for modeling.emf in Norwegian</description>
	<plugin fragment="true" id="library.ecore.nl_no" unpack="false" version="3.5.0.v20090620043401" download-size="1368" install-size="1368" />
	<plugin fragment="true" id="library.java.nl_no" unpack="false" version="3.5.0.v20090620043401" download-size="1367" install-size="1367" />
	<plugin fragment="true" id="library.rose.nl_no" unpack="false" version="3.5.0.v20090620043401" download-size="1367" install-size="1367" />
	<plugin fragment="true" id="library.xsd.nl_no" unpack="false" version="3.5.0.v20090620043401" download-size="1366" install-size="1366" />
	<plugin fragment="true" id="library.xsds.nl_no" unpack="false" version="3.5.0.v20090620043401" download-size="1366" install-size="1366" />
	<plugin fragment="true" id="org.eclipse.emf.activities.nl_no" unpack="false" version="3.5.0.v20090620043401" download-size="1398" install-size="1398" />
	<plugin fragment="true" id="org.eclipse.emf.ant.nl_no" unpack="false" version="3.5.0.v20090620043401" download-size="1386" install-size="1386" />
	<plugin fragment="true" id="org.eclipse.emf.cdo.common.nl_no" unpack="false" version="3.5.0.v20090620043401" download-size="1370" install-size="1370" />
	<plugin fragment="true" id="org.eclipse.emf.cdo.defs.nl_no" unpack="false" version="3.5.0.v20090620043401" download-size="1369" install-size="1369" />
	<plugin fragment="true" id="org.eclipse.emf.cdo.doc.nl_no" unpack="false" version="3.5.0.v20090620043401" download-size="1368" install-size="1368" />
	<plugin fragment="true" id="org.eclipse.emf.cdo.edit.nl_no" unpack="false" version="3.5.0.v20090620043401" download-size="3500" install-size="3500" />
	<plugin fragment="true" id="org.eclipse.emf.cdo.examples.nl_no" unpack="false" version="3.5.0.v20090620043401" download-size="1372" install-size="1372" />
	<plugin fragment="true" id="org.eclipse.emf.cdo.examples.spring.nl_no" unpack="false" version="3.5.0.v20090620043401" download-size="1376" install-size="1376" />
	<plugin fragment="true" id="org.eclipse.emf.cdo.migrator.nl_no" unpack="false" version="3.5.0.v20090620043401" download-size="2614" install-size="2614" />
	<plugin fragment="true" id="org.eclipse.emf.cdo.nl_no" unpack="false" version="3.5.0.v20090620043401" download-size="2897" install-size="2897" />
	<plugin fragment="true" id="org.eclipse.emf.cdo.server.db.nl_no" unpack="false" version="3.5.0.v20090620043401" download-size="1372" install-size="1372" />
	<plugin fragment="true" id="org.eclipse.emf.cdo.server.hibernate.id.nl_no" unpack="false" version="3.5.0.v20090620043401" download-size="1378" install-size="1378" />
	<plugin fragment="true" id="org.eclipse.emf.cdo.server.hibernate.nl_no" unpack="false" version="3.5.0.v20090620043401" download-size="1692" install-size="1692" />
	<plugin fragment="true" id="org.eclipse.emf.cdo.server.hibernate.teneo.nl_no" unpack="false" version="3.5.0.v20090620043401" download-size="1378" install-size="1378" />
	<plugin fragment="true" id="org.eclipse.emf.cdo.server.nl_no" unpack="false" version="3.5.0.v20090620043401" download-size="1370" install-size="1370" />
	<plugin fragment="true" id="org.eclipse.emf.cdo.tests.db.nl_no" unpack="false" version="3.5.0.v20090620043401" download-size="1371" install-size="1371" />
	<plugin fragment="true" id="org.eclipse.emf.cdo.tests.hibernate.client.nl_no" unpack="false" version="3.5.0.v20090620043401" download-size="1379" install-size="1379" />
	<plugin fragment="true" id="org.eclipse.emf.cdo.tests.hibernate.nl_no" unpack="false" version="3.5.0.v20090620043401" download-size="1918" install-size="1918" />
	<plugin fragment="true" id="org.eclipse.emf.cdo.tests.mango.edit.nl_no" unpack="false" version="3.5.0.v20090620043401" download-size="1617" install-size="1617" />
	<plugin fragment="true" id="org.eclipse.emf.cdo.tests.mango.nl_no" unpack="false" version="3.5.0.v20090620043401" download-size="1373" install-size="1373" />
	<plugin fragment="true" id="org.eclipse.emf.cdo.tests.model1.edit.nl_no" unpack="false" version="3.5.0.v20090620043401" download-size="1694" install-size="1694" />
	<plugin fragment="true" id="org.eclipse.emf.cdo.tests.model1.nl_no" unpack="false" version="3.5.0.v20090620043401" download-size="1373" install-size="1373" />
	<plugin fragment="true" id="org.eclipse.emf.cdo.tests.model2.edit.nl_no" unpack="false" version="3.5.0.v20090620043401" download-size="1616" install-size="1616" />
	<plugin fragment="true" id="org.eclipse.emf.cdo.tests.model2.nl_no" unpack="false" version="3.5.0.v20090620043401" download-size="1374" install-size="1374" />
	<plugin fragment="true" id="org.eclipse.emf.cdo.tests.model3.edit.nl_no" unpack="false" version="3.5.0.v20090620043401" download-size="1566" install-size="1566" />
	<plugin fragment="true" id="org.eclipse.emf.cdo.tests.model3.nl_no" unpack="false" version="3.5.0.v20090620043401" download-size="1373" install-size="1373" />
	<plugin fragment="true" id="org.eclipse.emf.cdo.tests.model4.nl_no" unpack="false" version="3.5.0.v20090620043401" download-size="1373" install-size="1373" />
	<plugin fragment="true" id="org.eclipse.emf.cdo.tests.model4interfaces.nl_no" unpack="false" version="3.5.0.v20090620043401" download-size="1379" install-size="1379" />
	<plugin fragment="true" id="org.eclipse.emf.cdo.tests.model5.nl_no" unpack="false" version="3.5.0.v20090620043401" download-size="1374" install-size="1374" />
	<plugin fragment="true" id="org.eclipse.emf.cdo.tests.nl_no" unpack="false" version="3.5.0.v20090620043401" download-size="1369" install-size="1369" />
	<plugin fragment="true" id="org.eclipse.emf.cdo.ui.capabilities.nl_no" unpack="false" version="3.5.0.v20090620043401" download-size="1375" install-size="1375" />
	<plugin fragment="true" id="org.eclipse.emf.cdo.ui.defs.nl_no" unpack="false" version="3.5.0.v20090620043401" download-size="1371" install-size="1371" />
	<plugin fragment="true" id="org.eclipse.emf.cdo.ui.nl_no" unpack="false" version="3.5.0.v20090620043401" download-size="4262" install-size="4262" />
	<plugin fragment="true" id="org.eclipse.emf.cheatsheets.nl_no" unpack="false" version="3.5.0.v20090620043401" download-size="1371" install-size="1371" />
	<plugin fragment="true" id="org.eclipse.emf.codegen.ecore.nl_no" unpack="false" version="3.5.0.v20090620043401" download-size="2983" install-size="2983" />
	<plugin fragment="true" id="org.eclipse.emf.codegen.ecore.ui.nl_no" unpack="false" version="3.5.0.v20090620043401" download-size="6435" install-size="6435" />
	<plugin fragment="true" id="org.eclipse.emf.codegen.nl_no" unpack="false" version="3.5.0.v20090620043401" download-size="2476" install-size="2476" />
	<plugin fragment="true" id="org.eclipse.emf.codegen.ui.nl_no" unpack="false" version="3.5.0.v20090620043401" download-size="2009" install-size="2009" />
	<plugin fragment="true" id="org.eclipse.emf.common.nl_no" unpack="false" version="3.5.0.v20090620043401" download-size="1959" install-size="1959" />
	<plugin fragment="true" id="org.eclipse.emf.common.ui.nl_no" unpack="false" version="3.5.0.v20090620043401" download-size="2427" install-size="2427" />
	<plugin fragment="true" id="org.eclipse.emf.converter.nl_no" unpack="false" version="3.5.0.v20090620043401" download-size="2286" install-size="2286" />
	<plugin fragment="true" id="org.eclipse.emf.databinding.edit.nl_no" unpack="false" version="3.5.0.v20090620043401" download-size="1374" install-size="1374" />
	<plugin fragment="true" id="org.eclipse.emf.databinding.nl_no" unpack="false" version="3.5.0.v20090620043401" download-size="1371" install-size="1371" />
	<plugin fragment="true" id="org.eclipse.emf.doc.nl_no" unpack="false" version="3.5.0.v20090620043401" download-size="1648" install-size="1648" />
	<plugin fragment="true" id="org.eclipse.emf.ecore.change.edit.nl_no" unpack="false" version="3.5.0.v20090620043401" download-size="1866" install-size="1866" />
	<plugin fragment="true" id="org.eclipse.emf.ecore.change.nl_no" unpack="false" version="3.5.0.v20090620043401" download-size="1398" install-size="1398" />
	<plugin fragment="true" id="org.eclipse.emf.ecore.edit.nl_no" unpack="false" version="3.5.0.v20090620043401" download-size="2805" install-size="2805" />
	<plugin fragment="true" id="org.eclipse.emf.ecore.editor.nl_no" unpack="false" version="3.5.0.v20090620043401" download-size="2502" install-size="2502" />
	<plugin fragment="true" id="org.eclipse.emf.ecore.nl_no" unpack="false" version="3.5.0.v20090620043401" download-size="2847" install-size="2847" />
	<plugin fragment="true" id="org.eclipse.emf.ecore.xmi.nl_no" unpack="false" version="3.5.0.v20090620043401" download-size="1387" install-size="1387" />
	<plugin fragment="true" id="org.eclipse.emf.edit.nl_no" unpack="false" version="3.5.0.v20090620043401" download-size="2394" install-size="2394" />
	<plugin fragment="true" id="org.eclipse.emf.edit.ui.nl_no" unpack="false" version="3.5.0.v20090620043401" download-size="2464" install-size="2464" />
	<plugin fragment="true" id="org.eclipse.emf.example.installer.nl_no" unpack="false" version="3.5.0.v20090620043401" download-size="1412" install-size="1412" />
	<plugin fragment="true" id="org.eclipse.emf.examples.databinding.project.core.model.nl_no" unpack="false" version="3.5.0.v20090620043401" download-size="1397" install-size="1397" />
	<plugin fragment="true" id="org.eclipse.emf.examples.generator.validator.nl_no" unpack="false" version="3.5.0.v20090620043401" download-size="1381" install-size="1381" />
	<plugin fragment="true" id="org.eclipse.emf.examples.jet.article2.nl_no" unpack="false" version="3.5.0.v20090620043401" download-size="1566" install-size="1566" />
	<plugin fragment="true" id="org.eclipse.emf.examples.nl_no" unpack="false" version="3.5.0.v20090620043401" download-size="1369" install-size="1369" />
	<plugin fragment="true" id="org.eclipse.emf.exporter.html.nl_no" unpack="false" version="3.5.0.v20090620043401" download-size="1430" install-size="1430" />
	<plugin fragment="true" id="org.eclipse.emf.exporter.nl_no" unpack="false" version="3.5.0.v20090620043401" download-size="1397" install-size="1397" />
	<plugin fragment="true" id="org.eclipse.emf.importer.ecore.nl_no" unpack="false" version="3.5.0.v20090620043401" download-size="1678" install-size="1678" />
	<plugin fragment="true" id="org.eclipse.emf.importer.java.nl_no" unpack="false" version="3.5.0.v20090620043401" download-size="1806" install-size="1806" />
	<plugin fragment="true" id="org.eclipse.emf.importer.nl_no" unpack="false" version="3.5.0.v20090620043401" download-size="2282" install-size="2282" />
	<plugin fragment="true" id="org.eclipse.emf.importer.rose.nl_no" unpack="false" version="3.5.0.v20090620043401" download-size="3060" install-size="3060" />
	<plugin fragment="true" id="org.eclipse.emf.java.edit.nl_no" unpack="false" version="3.5.0.v20090620043401" download-size="2017" install-size="2017" />
	<plugin fragment="true" id="org.eclipse.emf.java.editor.nl_no" unpack="false" version="3.5.0.v20090620043401" download-size="1931" install-size="1931" />
	<plugin fragment="true" id="org.eclipse.emf.java.nl_no" unpack="false" version="3.5.0.v20090620043401" download-size="1366" install-size="1366" />
	<plugin fragment="true" id="org.eclipse.emf.mapping.ecore.editor.nl_no" unpack="false" version="3.5.0.v20090620043401" download-size="1375" install-size="1375" />
	<plugin fragment="true" id="org.eclipse.emf.mapping.ecore.nl_no" unpack="false" version="3.5.0.v20090620043401" download-size="1371" install-size="1371" />
	<plugin fragment="true" id="org.eclipse.emf.mapping.ecore2ecore.editor.nl_no" unpack="false" version="3.5.0.v20090620043401" download-size="2377" install-size="2377" />
	<plugin fragment="true" id="org.eclipse.emf.mapping.ecore2ecore.nl_no" unpack="false" version="3.5.0.v20090620043401" download-size="1496" install-size="1496" />
	<plugin fragment="true" id="org.eclipse.emf.mapping.ecore2xml.nl_no" unpack="false" version="3.5.0.v20090620043401" download-size="1401" install-size="1401" />
	<plugin fragment="true" id="org.eclipse.emf.mapping.ecore2xml.ui.nl_no" unpack="false" version="3.5.0.v20090620043401" download-size="2429" install-size="2429" />
	<plugin fragment="true" id="org.eclipse.emf.mapping.nl_no" unpack="false" version="3.5.0.v20090620043401" download-size="2474" install-size="2474" />
	<plugin fragment="true" id="org.eclipse.emf.mapping.ui.nl_no" unpack="false" version="3.5.0.v20090620043401" download-size="2269" install-size="2269" />
	<plugin fragment="true" id="org.eclipse.emf.mapping.xsd2ecore.editor.nl_no" unpack="false" version="3.5.0.v20090620043401" download-size="2018" install-size="2018" />
	<plugin fragment="true" id="org.eclipse.emf.mapping.xsd2ecore.nl_no" unpack="false" version="3.5.0.v20090620043401" download-size="1502" install-size="1502" />
	<plugin fragment="true" id="org.eclipse.emf.nl_no" unpack="false" version="3.5.0.v20090620043401" download-size="1363" install-size="1363" />
	<plugin fragment="true" id="org.eclipse.emf.query.doc.nl_no" unpack="false" version="3.5.0.v20090620043401" download-size="1661" install-size="1661" />
	<plugin fragment="true" id="org.eclipse.emf.query.examples.nl_no" unpack="false" version="3.5.0.v20090620043401" download-size="1669" install-size="1669" />
	<plugin fragment="true" id="org.eclipse.emf.query.examples.ocl.nl_no" unpack="false" version="3.5.0.v20090620043401" download-size="1380" install-size="1380" />
	<plugin fragment="true" id="org.eclipse.emf.query.examples.statements.nl_no" unpack="false" version="3.5.0.v20090620043401" download-size="1384" install-size="1384" />
	<plugin fragment="true" id="org.eclipse.emf.query.nl_no" unpack="false" version="3.5.0.v20090620043401" download-size="2670" install-size="2670" />
	<plugin fragment="true" id="org.eclipse.emf.query.ocl.nl_no" unpack="false" version="3.5.0.v20090620043401" download-size="1654" install-size="1654" />
	<plugin fragment="true" id="org.eclipse.emf.query.ocl.tests.nl_no" unpack="false" version="3.5.0.v20090620043401" download-size="1378" install-size="1378" />
	<plugin fragment="true" id="org.eclipse.emf.query.tests.nl_no" unpack="false" version="3.5.0.v20090620043401" download-size="1376" install-size="1376" />
	<plugin fragment="true" id="org.eclipse.emf.test.build.nl_no" unpack="false" version="3.5.0.v20090620043401" download-size="1370" install-size="1370" />
	<plugin fragment="true" id="org.eclipse.emf.test.common.nl_no" unpack="false" version="3.5.0.v20090620043401" download-size="1730" install-size="1730" />
	<plugin fragment="true" id="org.eclipse.emf.test.core.nl_no" unpack="false" version="3.5.0.v20090620043401" download-size="1369" install-size="1369" />
	<plugin fragment="true" id="org.eclipse.emf.test.edit.nl_no" unpack="false" version="3.5.0.v20090620043401" download-size="2215" install-size="2215" />
	<plugin fragment="true" id="org.eclipse.emf.test.examples.nl_no" unpack="false" version="3.5.0.v20090620043401" download-size="1372" install-size="1372" />
	<plugin fragment="true" id="org.eclipse.emf.test.tools.nl_no" unpack="false" version="3.5.0.v20090620043401" download-size="1369" install-size="1369" />
	<plugin fragment="true" id="org.eclipse.emf.test.xml.nl_no" unpack="false" version="3.5.0.v20090620043401" download-size="1369" install-size="1369" />
	<plugin fragment="true" id="org.eclipse.emf.tests.nl_no" unpack="false" version="3.5.0.v20090620043401" download-size="1367" install-size="1367" />
	<plugin fragment="true" id="org.eclipse.emf.transaction.doc.nl_no" unpack="false" version="3.5.0.v20090620043401" download-size="1670" install-size="1670" />
	<plugin fragment="true" id="org.eclipse.emf.transaction.examples.nl_no" unpack="false" version="3.5.0.v20090620043401" download-size="1669" install-size="1669" />
	<plugin fragment="true" id="org.eclipse.emf.transaction.nl_no" unpack="false" version="3.5.0.v20090620043401" download-size="3323" install-size="3323" />
	<plugin fragment="true" id="org.eclipse.emf.transaction.tests.nl_no" unpack="false" version="3.5.0.v20090620043401" download-size="1378" install-size="1378" />
	<plugin fragment="true" id="org.eclipse.emf.transaction.ui.nl_no" unpack="false" version="3.5.0.v20090620043401" download-size="2665" install-size="2665" />
	<plugin fragment="true" id="org.eclipse.emf.validation.doc.nl_no" unpack="false" version="3.5.0.v20090620043401" download-size="1669" install-size="1669" />
	<plugin fragment="true" id="org.eclipse.emf.validation.examples.adapter.nl_no" unpack="false" version="3.5.0.v20090620043401" download-size="1385" install-size="1385" />
	<plugin fragment="true" id="org.eclipse.emf.validation.examples.general.nl_no" unpack="false" version="3.5.0.v20090620043401" download-size="3001" install-size="3001" />
	<plugin fragment="true" id="org.eclipse.emf.validation.examples.nl_no" unpack="false" version="3.5.0.v20090620043401" download-size="1424" install-size="1424" />
	<plugin fragment="true" id="org.eclipse.emf.validation.examples.ocl.nl_no" unpack="false" version="3.5.0.v20090620043401" download-size="1383" install-size="1383" />
	<plugin fragment="true" id="org.eclipse.emf.validation.nl_no" unpack="false" version="3.5.0.v20090620043401" download-size="4703" install-size="4703" />
	<plugin fragment="true" id="org.eclipse.emf.validation.ocl.nl_no" unpack="false" version="3.5.0.v20090620043401" download-size="1687" install-size="1687" />
	<plugin fragment="true" id="org.eclipse.emf.validation.tests.nl_no" unpack="false" version="3.5.0.v20090620043401" download-size="1379" install-size="1379" />
	<plugin fragment="true" id="org.eclipse.emf.validation.ui.ide.nl_no" unpack="false" version="3.5.0.v20090620043401" download-size="2842" install-size="2842" />
	<plugin fragment="true" id="org.eclipse.emf.validation.ui.nl_no" unpack="false" version="3.5.0.v20090620043401" download-size="3392" install-size="3392" />
	<plugin fragment="true" id="org.eclipse.emf.workspace.doc.nl_no" unpack="false" version="3.5.0.v20090620043401" download-size="1683" install-size="1683" />
	<plugin fragment="true" id="org.eclipse.emf.workspace.examples.library.editor.nl_no" unpack="false" version="3.5.0.v20090620043401" download-size="2000" install-size="2000" />
	<plugin fragment="true" id="org.eclipse.emf.workspace.examples.nl_no" unpack="false" version="3.5.0.v20090620043401" download-size="1381" install-size="1381" />
	<plugin fragment="true" id="org.eclipse.emf.workspace.nl_no" unpack="false" version="3.5.0.v20090620043401" download-size="3195" install-size="3195" />
	<plugin fragment="true" id="org.eclipse.emf.workspace.tests.nl_no" unpack="false" version="3.5.0.v20090620043401" download-size="1378" install-size="1378" />
	<plugin fragment="true" id="org.eclipse.emf.workspace.ui.nl_no" unpack="false" version="3.5.0.v20090620043401" download-size="1437" install-size="1437" />
	<plugin fragment="true" id="org.eclipse.net4j.buddies.chat.nl_no" unpack="false" version="3.5.0.v20090620043401" download-size="1373" install-size="1373" />
	<plugin fragment="true" id="org.eclipse.net4j.buddies.chat.ui.nl_no" unpack="false" version="3.5.0.v20090620043401" download-size="1374" install-size="1374" />
	<plugin fragment="true" id="org.eclipse.net4j.buddies.common.nl_no" unpack="false" version="3.5.0.v20090620043401" download-size="1374" install-size="1374" />
	<plugin fragment="true" id="org.eclipse.net4j.buddies.nl_no" unpack="false" version="3.5.0.v20090620043401" download-size="1370" install-size="1370" />
	<plugin fragment="true" id="org.eclipse.net4j.buddies.server.nl_no" unpack="false" version="3.5.0.v20090620043401" download-size="1374" install-size="1374" />
	<plugin fragment="true" id="org.eclipse.net4j.buddies.ui.nl_no" unpack="false" version="3.5.0.v20090620043401" download-size="2672" install-size="2672" />
	<plugin fragment="true" id="org.eclipse.net4j.db.derby.nl_no" unpack="false" version="3.5.0.v20090620043401" download-size="1371" install-size="1371" />
	<plugin fragment="true" id="org.eclipse.net4j.db.hsqldb.nl_no" unpack="false" version="3.5.0.v20090620043401" download-size="1372" install-size="1372" />
	<plugin fragment="true" id="org.eclipse.net4j.db.mysql.nl_no" unpack="false" version="3.5.0.v20090620043401" download-size="1371" install-size="1371" />
	<plugin fragment="true" id="org.eclipse.net4j.db.nl_no" unpack="false" version="3.5.0.v20090620043401" download-size="1366" install-size="1366" />
	<plugin fragment="true" id="org.eclipse.net4j.db.postgresql.nl_no" unpack="false" version="3.5.0.v20090620043401" download-size="1373" install-size="1373" />
	<plugin fragment="true" id="org.eclipse.net4j.debug.nl_no" unpack="false" version="3.5.0.v20090620043401" download-size="2460" install-size="2460" />
	<plugin fragment="true" id="org.eclipse.net4j.defs.nl_no" unpack="false" version="3.5.0.v20090620043401" download-size="1368" install-size="1368" />
	<plugin fragment="true" id="org.eclipse.net4j.doc.nl_no" unpack="false" version="3.5.0.v20090620043401" download-size="1367" install-size="1367" />
	<plugin fragment="true" id="org.eclipse.net4j.examples.nl_no" unpack="false" version="3.5.0.v20090620043401" download-size="1371" install-size="1371" />
	<plugin fragment="true" id="org.eclipse.net4j.http.common.nl_no" unpack="false" version="3.5.0.v20090620043401" download-size="1372" install-size="1372" />
	<plugin fragment="true" id="org.eclipse.net4j.http.nl_no" unpack="false" version="3.5.0.v20090620043401" download-size="1368" install-size="1368" />
	<plugin fragment="true" id="org.eclipse.net4j.http.server.nl_no" unpack="false" version="3.5.0.v20090620043401" download-size="1371" install-size="1371" />
	<plugin fragment="true" id="org.eclipse.net4j.http.tests.nl_no" unpack="false" version="3.5.0.v20090620043401" download-size="1371" install-size="1371" />
	<plugin fragment="true" id="org.eclipse.net4j.jms.admin.nl_no" unpack="false" version="3.5.0.v20090620043401" download-size="1371" install-size="1371" />
	<plugin fragment="true" id="org.eclipse.net4j.jms.api.nl_no" unpack="false" version="3.5.0.v20090620043401" download-size="1369" install-size="1369" />
	<plugin fragment="true" id="org.eclipse.net4j.jms.nl_no" unpack="false" version="3.5.0.v20090620043401" download-size="1367" install-size="1367" />
	<plugin fragment="true" id="org.eclipse.net4j.jms.server.jdbc.nl_no" unpack="false" version="3.5.0.v20090620043401" download-size="1375" install-size="1375" />
	<plugin fragment="true" id="org.eclipse.net4j.jms.server.nl_no" unpack="false" version="3.5.0.v20090620043401" download-size="1371" install-size="1371" />
	<plugin fragment="true" id="org.eclipse.net4j.jms.tests.nl_no" unpack="false" version="3.5.0.v20090620043401" download-size="1371" install-size="1371" />
	<plugin fragment="true" id="org.eclipse.net4j.jvm.nl_no" unpack="false" version="3.5.0.v20090620043401" download-size="1367" install-size="1367" />
	<plugin fragment="true" id="org.eclipse.net4j.nl_no" unpack="false" version="3.5.0.v20090620043401" download-size="1364" install-size="1364" />
	<plugin fragment="true" id="org.eclipse.net4j.tcp.nl_no" unpack="false" version="3.5.0.v20090620043401" download-size="1367" install-size="1367" />
	<plugin fragment="true" id="org.eclipse.net4j.tests.nl_no" unpack="false" version="3.5.0.v20090620043401" download-size="1368" install-size="1368" />
	<plugin fragment="true" id="org.eclipse.net4j.ui.capabilities.nl_no" unpack="false" version="3.5.0.v20090620043401" download-size="1374" install-size="1374" />
	<plugin fragment="true" id="org.eclipse.net4j.ui.defs.nl_no" unpack="false" version="3.5.0.v20090620043401" download-size="1369" install-size="1369" />
	<plugin fragment="true" id="org.eclipse.net4j.ui.nl_no" unpack="false" version="3.5.0.v20090620043401" download-size="2392" install-size="2392" />
	<plugin fragment="true" id="org.eclipse.net4j.util.defs.nl_no" unpack="false" version="3.5.0.v20090620043401" download-size="1371" install-size="1371" />
	<plugin fragment="true" id="org.eclipse.net4j.util.nl_no" unpack="false" version="3.5.0.v20090620043401" download-size="1367" install-size="1367" />
	<plugin fragment="true" id="org.eclipse.net4j.util.ui.nl_no" unpack="false" version="3.5.0.v20090620043401" download-size="7643" install-size="7643" />
	<plugin fragment="true" id="org.eclipse.xsd.cheatsheets.nl_no" unpack="false" version="3.5.0.v20090620043401" download-size="1371" install-size="1371" />
	<plugin fragment="true" id="org.eclipse.xsd.doc.nl_no" unpack="false" version="3.5.0.v20090620043401" download-size="1650" install-size="1650" />
	<plugin fragment="true" id="org.eclipse.xsd.ecore.converter.nl_no" unpack="false" version="3.5.0.v20090620043401" download-size="1373" install-size="1373" />
	<plugin fragment="true" id="org.eclipse.xsd.ecore.exporter.nl_no" unpack="false" version="3.5.0.v20090620043401" download-size="1543" install-size="1543" />
	<plugin fragment="true" id="org.eclipse.xsd.ecore.importer.nl_no" unpack="false" version="3.5.0.v20090620043401" download-size="1712" install-size="1712" />
	<plugin fragment="true" id="org.eclipse.xsd.edit.nl_no" unpack="false" version="3.5.0.v20090620043401" download-size="4909" install-size="4909" />
	<plugin fragment="true" id="org.eclipse.xsd.editor.nl_no" unpack="false" version="3.5.0.v20090620043401" download-size="2209" install-size="2209" />
	<plugin fragment="true" id="org.eclipse.xsd.example.installer.nl_no" unpack="false" version="3.5.0.v20090620043401" download-size="1374" install-size="1374" />
	<plugin fragment="true" id="org.eclipse.xsd.example.nl_no" unpack="false" version="3.5.0.v20090620043401" download-size="1368" install-size="1368" />
	<plugin fragment="true" id="org.eclipse.xsd.mapping.editor.nl_no" unpack="false" version="3.5.0.v20090620043401" download-size="1373" install-size="1373" />
	<plugin fragment="true" id="org.eclipse.xsd.mapping.nl_no" unpack="false" version="3.5.0.v20090620043401" download-size="1369" install-size="1369" />
	<plugin fragment="true" id="org.eclipse.xsd.nl_no" unpack="false" version="3.5.0.v20090620043401" download-size="1509" install-size="1509" />
</feature>