<?xml version="1.0" encoding="UTF-8" ?>
<feature
	id="org.eclipse.babel.nls_tools.gef_es"
	label="Babel Language Pack for tools.gef in Spanish (63.97%)"
	image="eclipse_update_120.jpg"
	provider-name="%providerName"
	version="3.5.0.v20090620043401">
	<copyright>
		%copyright
	</copyright>
	<license url="%licenseURL">
		%license
	</license>
	<description>Babel Language Pack for tools.gef in Spanish</description>
	<plugin fragment="true" id="org.eclipse.draw2d.doc.isv.nl_es" unpack="false" version="3.5.0.v20090620043401" download-size="1405" install-size="1405" />
	<plugin fragment="true" id="org.eclipse.draw2d.nl_es" unpack="false" version="3.5.0.v20090620043401" download-size="1710" install-size="1710" />
	<plugin fragment="true" id="org.eclipse.draw2d.test.nl_es" unpack="false" version="3.5.0.v20090620043401" download-size="1372" install-size="1372" />
	<plugin fragment="true" id="org.eclipse.gef.doc.isv.nl_es" unpack="false" version="3.5.0.v20090620043401" download-size="1493" install-size="1493" />
	<plugin fragment="true" id="org.eclipse.gef.examples.flow.nl_es" unpack="false" version="3.5.0.v20090620043401" download-size="1376" install-size="1376" />
	<plugin fragment="true" id="org.eclipse.gef.examples.logic.nl_es" unpack="false" version="3.5.0.v20090620043401" download-size="2716" install-size="2716" />
	<plugin fragment="true" id="org.eclipse.gef.examples.shapes.nl_es" unpack="false" version="3.5.0.v20090620043401" download-size="1377" install-size="1377" />
	<plugin fragment="true" id="org.eclipse.gef.examples.text.nl_es" unpack="false" version="3.5.0.v20090620043401" download-size="1376" install-size="1376" />
	<plugin fragment="true" id="org.eclipse.gef.examples.ui.pde.nl_es" unpack="false" version="3.5.0.v20090620043401" download-size="1404" install-size="1404" />
	<plugin fragment="true" id="org.eclipse.gef.nl_es" unpack="false" version="3.5.0.v20090620043401" download-size="4865" install-size="4865" />
	<plugin fragment="true" id="org.eclipse.gef.test.nl_es" unpack="false" version="3.5.0.v20090620043401" download-size="1369" install-size="1369" />
	<plugin fragment="true" id="org.eclipse.zest.core.nl_es" unpack="false" version="3.5.0.v20090620043401" download-size="2627" install-size="2627" />
	<plugin fragment="true" id="org.eclipse.zest.layouts.nl_es" unpack="false" version="3.5.0.v20090620043401" download-size="1373" install-size="1373" />
</feature>