<?xml version="1.0" encoding="UTF-8" ?>
<feature
	id="org.eclipse.babel.nls_dsdp.tm_hu"
	label="Babel Language Pack for dsdp.tm in Hungarian (20.88%)"
	image="eclipse_update_120.jpg"
	provider-name="%providerName"
	version="3.5.0.v20090620043401">
	<copyright>
		%copyright
	</copyright>
	<license url="%licenseURL">
		%license
	</license>
	<description>Babel Language Pack for dsdp.tm in Hungarian</description>
	<plugin fragment="true" id="org.eclipse.dstore.core.nl_hu" unpack="false" version="3.5.0.v20090620043401" download-size="1368" install-size="1368" />
	<plugin fragment="true" id="org.eclipse.dstore.doc.isv.nl_hu" unpack="false" version="3.5.0.v20090620043401" download-size="1371" install-size="1371" />
	<plugin fragment="true" id="org.eclipse.dstore.extra.nl_hu" unpack="false" version="3.5.0.v20090620043401" download-size="1369" install-size="1369" />
	<plugin fragment="true" id="org.eclipse.rse.connectorservice.dstore.nl_hu" unpack="false" version="3.5.0.v20090620043401" download-size="1378" install-size="1378" />
	<plugin fragment="true" id="org.eclipse.rse.connectorservice.local.nl_hu" unpack="false" version="3.5.0.v20090620043401" download-size="1377" install-size="1377" />
	<plugin fragment="true" id="org.eclipse.rse.connectorservice.ssh.nl_hu" unpack="false" version="3.5.0.v20090620043401" download-size="2754" install-size="2754" />
	<plugin fragment="true" id="org.eclipse.rse.connectorservice.telnet.nl_hu" unpack="false" version="3.5.0.v20090620043401" download-size="1377" install-size="1377" />
	<plugin fragment="true" id="org.eclipse.rse.core.nl_hu" unpack="false" version="3.5.0.v20090620043401" download-size="2410" install-size="2410" />
	<plugin fragment="true" id="org.eclipse.rse.discovery.nl_hu" unpack="false" version="3.5.0.v20090620043401" download-size="2214" install-size="2214" />
	<plugin fragment="true" id="org.eclipse.rse.doc.isv.nl_hu" unpack="false" version="3.5.0.v20090620043401" download-size="1368" install-size="1368" />
	<plugin fragment="true" id="org.eclipse.rse.doc.user.nl_hu" unpack="false" version="3.5.0.v20090620043401" download-size="1369" install-size="1369" />
	<plugin fragment="true" id="org.eclipse.rse.dstore.security.nl_hu" unpack="false" version="3.5.0.v20090620043401" download-size="2586" install-size="2586" />
	<plugin fragment="true" id="org.eclipse.rse.efs.nl_hu" unpack="false" version="3.5.0.v20090620043401" download-size="1366" install-size="1366" />
	<plugin fragment="true" id="org.eclipse.rse.efs.ui.nl_hu" unpack="false" version="3.5.0.v20090620043401" download-size="1368" install-size="1368" />
	<plugin fragment="true" id="org.eclipse.rse.examples.daytime.nl_hu" unpack="false" version="3.5.0.v20090620043401" download-size="1374" install-size="1374" />
	<plugin fragment="true" id="org.eclipse.rse.examples.tutorial.nl_hu" unpack="false" version="3.5.0.v20090620043401" download-size="1689" install-size="1689" />
	<plugin fragment="true" id="org.eclipse.rse.files.ui.nl_hu" unpack="false" version="3.5.0.v20090620043401" download-size="3401" install-size="3401" />
	<plugin fragment="true" id="org.eclipse.rse.importexport.nl_hu" unpack="false" version="3.5.0.v20090620043401" download-size="4049" install-size="4049" />
	<plugin fragment="true" id="org.eclipse.rse.nl_hu" unpack="false" version="3.5.0.v20090620043401" download-size="1363" install-size="1363" />
	<plugin fragment="true" id="org.eclipse.rse.processes.ui.nl_hu" unpack="false" version="3.5.0.v20090620043401" download-size="3113" install-size="3113" />
	<plugin fragment="true" id="org.eclipse.rse.remotecdt.nl_hu" unpack="false" version="3.5.0.v20090620043401" download-size="2318" install-size="2318" />
	<plugin fragment="true" id="org.eclipse.rse.sdk.nl_hu" unpack="false" version="3.5.0.v20090620043401" download-size="1366" install-size="1366" />
	<plugin fragment="true" id="org.eclipse.rse.services.dstore.nl_hu" unpack="false" version="3.5.0.v20090620043401" download-size="1588" install-size="1588" />
	<plugin fragment="true" id="org.eclipse.rse.services.files.ftp.nl_hu" unpack="false" version="3.5.0.v20090620043401" download-size="2608" install-size="2608" />
	<plugin fragment="true" id="org.eclipse.rse.services.local.nl_hu" unpack="false" version="3.5.0.v20090620043401" download-size="1372" install-size="1372" />
	<plugin fragment="true" id="org.eclipse.rse.services.nl_hu" unpack="false" version="3.5.0.v20090620043401" download-size="3088" install-size="3088" />
	<plugin fragment="true" id="org.eclipse.rse.services.ssh.nl_hu" unpack="false" version="3.5.0.v20090620043401" download-size="1371" install-size="1371" />
	<plugin fragment="true" id="org.eclipse.rse.services.telnet.nl_hu" unpack="false" version="3.5.0.v20090620043401" download-size="1373" install-size="1373" />
	<plugin fragment="true" id="org.eclipse.rse.shells.ui.nl_hu" unpack="false" version="3.5.0.v20090620043401" download-size="2615" install-size="2615" />
	<plugin fragment="true" id="org.eclipse.rse.subsystems.files.core.nl_hu" unpack="false" version="3.5.0.v20090620043401" download-size="2872" install-size="2872" />
	<plugin fragment="true" id="org.eclipse.rse.subsystems.files.dstore.nl_hu" unpack="false" version="3.5.0.v20090620043401" download-size="1395" install-size="1395" />
	<plugin fragment="true" id="org.eclipse.rse.subsystems.files.ftp.nl_hu" unpack="false" version="3.5.0.v20090620043401" download-size="1411" install-size="1411" />
	<plugin fragment="true" id="org.eclipse.rse.subsystems.files.local.nl_hu" unpack="false" version="3.5.0.v20090620043401" download-size="1378" install-size="1378" />
	<plugin fragment="true" id="org.eclipse.rse.subsystems.files.ssh.nl_hu" unpack="false" version="3.5.0.v20090620043401" download-size="1376" install-size="1376" />
	<plugin fragment="true" id="org.eclipse.rse.subsystems.processes.core.nl_hu" unpack="false" version="3.5.0.v20090620043401" download-size="1378" install-size="1378" />
	<plugin fragment="true" id="org.eclipse.rse.subsystems.processes.dstore.nl_hu" unpack="false" version="3.5.0.v20090620043401" download-size="1380" install-size="1380" />
	<plugin fragment="true" id="org.eclipse.rse.subsystems.processes.local.nl_hu" unpack="false" version="3.5.0.v20090620043401" download-size="1379" install-size="1379" />
	<plugin fragment="true" id="org.eclipse.rse.subsystems.processes.shell.linux.nl_hu" unpack="false" version="3.5.0.v20090620043401" download-size="1385" install-size="1385" />
	<plugin fragment="true" id="org.eclipse.rse.subsystems.shells.core.nl_hu" unpack="false" version="3.5.0.v20090620043401" download-size="1377" install-size="1377" />
	<plugin fragment="true" id="org.eclipse.rse.subsystems.shells.dstore.nl_hu" unpack="false" version="3.5.0.v20090620043401" download-size="1379" install-size="1379" />
	<plugin fragment="true" id="org.eclipse.rse.subsystems.shells.local.nl_hu" unpack="false" version="3.5.0.v20090620043401" download-size="1378" install-size="1378" />
	<plugin fragment="true" id="org.eclipse.rse.subsystems.shells.ssh.nl_hu" unpack="false" version="3.5.0.v20090620043401" download-size="1377" install-size="1377" />
	<plugin fragment="true" id="org.eclipse.rse.subsystems.shells.telnet.nl_hu" unpack="false" version="3.5.0.v20090620043401" download-size="1378" install-size="1378" />
	<plugin fragment="true" id="org.eclipse.rse.subsystems.terminals.core.nl_hu" unpack="false" version="3.5.0.v20090620043401" download-size="1379" install-size="1379" />
	<plugin fragment="true" id="org.eclipse.rse.subsystems.terminals.ssh.nl_hu" unpack="false" version="3.5.0.v20090620043401" download-size="1379" install-size="1379" />
	<plugin fragment="true" id="org.eclipse.rse.subsystems.wince.nl_hu" unpack="false" version="3.5.0.v20090620043401" download-size="1392" install-size="1392" />
	<plugin fragment="true" id="org.eclipse.rse.terminals.ui.nl_hu" unpack="false" version="3.5.0.v20090620043401" download-size="1402" install-size="1402" />
	<plugin fragment="true" id="org.eclipse.rse.tests.framework.nl_hu" unpack="false" version="3.5.0.v20090620043401" download-size="1454" install-size="1454" />
	<plugin fragment="true" id="org.eclipse.rse.tests.nl_hu" unpack="false" version="3.5.0.v20090620043401" download-size="2415" install-size="2415" />
	<plugin fragment="true" id="org.eclipse.rse.ui.nl_hu" unpack="false" version="3.5.0.v20090620043401" download-size="5902" install-size="5902" />
	<plugin fragment="true" id="org.eclipse.rse.useractions.nl_hu" unpack="false" version="3.5.0.v20090620043401" download-size="3509" install-size="3509" />
	<plugin fragment="true" id="org.eclipse.tm.discovery.doc.isv.nl_hu" unpack="false" version="3.5.0.v20090620043401" download-size="1374" install-size="1374" />
	<plugin fragment="true" id="org.eclipse.tm.discovery.engine.nl_hu" unpack="false" version="3.5.0.v20090620043401" download-size="1373" install-size="1373" />
	<plugin fragment="true" id="org.eclipse.tm.discovery.model.edit.nl_hu" unpack="false" version="3.5.0.v20090620043401" download-size="1375" install-size="1375" />
	<plugin fragment="true" id="org.eclipse.tm.discovery.model.nl_hu" unpack="false" version="3.5.0.v20090620043401" download-size="1373" install-size="1373" />
	<plugin fragment="true" id="org.eclipse.tm.discovery.protocol.dnssd.nl_hu" unpack="false" version="3.5.0.v20090620043401" download-size="1379" install-size="1379" />
	<plugin fragment="true" id="org.eclipse.tm.discovery.transport.udp.nl_hu" unpack="false" version="3.5.0.v20090620043401" download-size="1378" install-size="1378" />
	<plugin fragment="true" id="org.eclipse.tm.discovery.view.nl_hu" unpack="false" version="3.5.0.v20090620043401" download-size="2520" install-size="2520" />
	<plugin fragment="true" id="org.eclipse.tm.discovery.wizard.nl_hu" unpack="false" version="3.5.0.v20090620043401" download-size="2565" install-size="2565" />
	<plugin fragment="true" id="org.eclipse.tm.rapi.examples.nl_hu" unpack="false" version="3.5.0.v20090620043401" download-size="1372" install-size="1372" />
	<plugin fragment="true" id="org.eclipse.tm.rapi.nl_hu" unpack="false" version="3.5.0.v20090620043401" download-size="1366" install-size="1366" />
	<plugin fragment="true" id="org.eclipse.tm.rapi.tests.nl_hu" unpack="false" version="3.5.0.v20090620043401" download-size="1369" install-size="1369" />
	<plugin fragment="true" id="org.eclipse.tm.terminal.nl_hu" unpack="false" version="3.5.0.v20090620043401" download-size="2646" install-size="2646" />
	<plugin fragment="true" id="org.eclipse.tm.terminal.serial.nl_hu" unpack="false" version="3.5.0.v20090620043401" download-size="2387" install-size="2387" />
	<plugin fragment="true" id="org.eclipse.tm.terminal.ssh.nl_hu" unpack="false" version="3.5.0.v20090620043401" download-size="2849" install-size="2849" />
	<plugin fragment="true" id="org.eclipse.tm.terminal.telnet.nl_hu" unpack="false" version="3.5.0.v20090620043401" download-size="2396" install-size="2396" />
	<plugin fragment="true" id="org.eclipse.tm.terminal.test.nl_hu" unpack="false" version="3.5.0.v20090620043401" download-size="1372" install-size="1372" />
	<plugin fragment="true" id="org.eclipse.tm.terminal.view.nl_hu" unpack="false" version="3.5.0.v20090620043401" download-size="2931" install-size="2931" />
	<plugin fragment="true" id="test.data.nl_hu" unpack="false" version="3.5.0.v20090620043401" download-size="2741" install-size="2741" />
</feature>