<?xml version="1.0" encoding="UTF-8" ?>
<feature
	id="org.eclipse.babel.nls_rt.equinox_pl"
	label="Babel Language Pack for rt.equinox in Polish (30.16%)"
	image="eclipse_update_120.jpg"
	provider-name="%providerName"
	version="3.5.0.v20090620043401">
	<copyright>
		%copyright
	</copyright>
	<license url="%licenseURL">
		%license
	</license>
	<description>Babel Language Pack for rt.equinox in Polish</description>
	<plugin fragment="true" id="org.eclipse.core.resources.jmx.nl_pl" unpack="false" version="3.5.0.v20090620043401" download-size="2233" install-size="2233" />
	<plugin fragment="true" id="org.eclipse.equinox.frameworkadmin.equinox.nl_pl" unpack="false" version="3.5.0.v20090620043401" download-size="1378" install-size="1378" />
	<plugin fragment="true" id="org.eclipse.equinox.frameworkadmin.nl_pl" unpack="false" version="3.5.0.v20090620043401" download-size="1375" install-size="1375" />
	<plugin fragment="true" id="org.eclipse.equinox.initializer.nl_pl" unpack="false" version="3.5.0.v20090620043401" download-size="1379" install-size="1379" />
	<plugin fragment="true" id="org.eclipse.equinox.jmx.client.nl_pl" unpack="false" version="3.5.0.v20090620043401" download-size="4518" install-size="4518" />
	<plugin fragment="true" id="org.eclipse.equinox.jmx.common.nl_pl" unpack="false" version="3.5.0.v20090620043401" download-size="2281" install-size="2281" />
	<plugin fragment="true" id="org.eclipse.equinox.jmx.server.nl_pl" unpack="false" version="3.5.0.v20090620043401" download-size="2314" install-size="2314" />
	<plugin fragment="true" id="org.eclipse.equinox.jmx.vm.nl_pl" unpack="false" version="3.5.0.v20090620043401" download-size="2527" install-size="2527" />
	<plugin fragment="true" id="org.eclipse.equinox.p2.artifact.repository.nl_pl" unpack="false" version="3.5.0.v20090620043401" download-size="2640" install-size="2640" />
	<plugin fragment="true" id="org.eclipse.equinox.p2.console.nl_pl" unpack="false" version="3.5.0.v20090620043401" download-size="1372" install-size="1372" />
	<plugin fragment="true" id="org.eclipse.equinox.p2.core.nl_pl" unpack="false" version="3.5.0.v20090620043401" download-size="1370" install-size="1370" />
	<plugin fragment="true" id="org.eclipse.equinox.p2.director.app.nl_pl" unpack="false" version="3.5.0.v20090620043401" download-size="1375" install-size="1375" />
	<plugin fragment="true" id="org.eclipse.equinox.p2.director.nl_pl" unpack="false" version="3.5.0.v20090620043401" download-size="2420" install-size="2420" />
	<plugin fragment="true" id="org.eclipse.equinox.p2.directorywatcher.nl_pl" unpack="false" version="3.5.0.v20090620043401" download-size="1380" install-size="1380" />
	<plugin fragment="true" id="org.eclipse.equinox.p2.engine.nl_pl" unpack="false" version="3.5.0.v20090620043401" download-size="2855" install-size="2855" />
	<plugin fragment="true" id="org.eclipse.equinox.p2.exemplarysetup.nl_pl" unpack="false" version="3.5.0.v20090620043401" download-size="1377" install-size="1377" />
	<plugin fragment="true" id="org.eclipse.equinox.p2.extensionlocation.nl_pl" unpack="false" version="3.5.0.v20090620043401" download-size="1378" install-size="1378" />
	<plugin fragment="true" id="org.eclipse.equinox.p2.garbagecollector.nl_pl" unpack="false" version="3.5.0.v20090620043401" download-size="1378" install-size="1378" />
	<plugin fragment="true" id="org.eclipse.equinox.p2.installer.nl_pl" unpack="false" version="3.5.0.v20090620043401" download-size="2800" install-size="2800" />
	<plugin fragment="true" id="org.eclipse.equinox.p2.jarprocessor.nl_pl" unpack="false" version="3.5.0.v20090620043401" download-size="1375" install-size="1375" />
	<plugin fragment="true" id="org.eclipse.equinox.p2.metadata.generator.nl_pl" unpack="false" version="3.5.0.v20090620043401" download-size="3833" install-size="3833" />
	<plugin fragment="true" id="org.eclipse.equinox.p2.metadata.nl_pl" unpack="false" version="3.5.0.v20090620043401" download-size="1373" install-size="1373" />
	<plugin fragment="true" id="org.eclipse.equinox.p2.metadata.repository.nl_pl" unpack="false" version="3.5.0.v20090620043401" download-size="2640" install-size="2640" />
	<plugin fragment="true" id="org.eclipse.equinox.p2.publisher.nl_pl" unpack="false" version="3.5.0.v20090620043401" download-size="2461" install-size="2461" />
	<plugin fragment="true" id="org.eclipse.equinox.p2.reconciler.dropins.nl_pl" unpack="false" version="3.5.0.v20090620043401" download-size="1378" install-size="1378" />
	<plugin fragment="true" id="org.eclipse.equinox.p2.repository.nl_pl" unpack="false" version="3.5.0.v20090620043401" download-size="2966" install-size="2966" />
	<plugin fragment="true" id="org.eclipse.equinox.p2.repository.tools.nl_pl" unpack="false" version="3.5.0.v20090620043401" download-size="3458" install-size="3458" />
	<plugin fragment="true" id="org.eclipse.equinox.p2.selfhosting.nl_pl" unpack="false" version="3.5.0.v20090620043401" download-size="1375" install-size="1375" />
	<plugin fragment="true" id="org.eclipse.equinox.p2.tests.nl_pl" unpack="false" version="3.5.0.v20090620043401" download-size="1851" install-size="1851" />
	<plugin fragment="true" id="org.eclipse.equinox.p2.tests.ui.nl_pl" unpack="false" version="3.5.0.v20090620043401" download-size="1373" install-size="1373" />
	<plugin fragment="true" id="org.eclipse.equinox.p2.tools.nl_pl" unpack="false" version="3.5.0.v20090620043401" download-size="1370" install-size="1370" />
	<plugin fragment="true" id="org.eclipse.equinox.p2.touchpoint.eclipse.nl_pl" unpack="false" version="3.5.0.v20090620043401" download-size="1375" install-size="1375" />
	<plugin fragment="true" id="org.eclipse.equinox.p2.touchpoint.natives.nl_pl" unpack="false" version="3.5.0.v20090620043401" download-size="1379" install-size="1379" />
	<plugin fragment="true" id="org.eclipse.equinox.p2.ui.admin.nl_pl" unpack="false" version="3.5.0.v20090620043401" download-size="2805" install-size="2805" />
	<plugin fragment="true" id="org.eclipse.equinox.p2.ui.admin.rcp.nl_pl" unpack="false" version="3.5.0.v20090620043401" download-size="2775" install-size="2775" />
	<plugin fragment="true" id="org.eclipse.equinox.p2.ui.nl_pl" unpack="false" version="3.5.0.v20090620043401" download-size="3362" install-size="3362" />
	<plugin fragment="true" id="org.eclipse.equinox.p2.ui.sdk.nl_pl" unpack="false" version="3.5.0.v20090620043401" download-size="2677" install-size="2677" />
	<plugin fragment="true" id="org.eclipse.equinox.p2.ui.sdk.scheduler.nl_pl" unpack="false" version="3.5.0.v20090620043401" download-size="3216" install-size="3216" />
	<plugin fragment="true" id="org.eclipse.equinox.p2.updatechecker.nl_pl" unpack="false" version="3.5.0.v20090620043401" download-size="1360" install-size="1360" />
	<plugin fragment="true" id="org.eclipse.equinox.p2.updatesite.nl_pl" unpack="false" version="3.5.0.v20090620043401" download-size="3035" install-size="3035" />
	<plugin fragment="true" id="org.eclipse.equinox.preferences.jmx.nl_pl" unpack="false" version="3.5.0.v20090620043401" download-size="2412" install-size="2412" />
	<plugin fragment="true" id="org.eclipse.equinox.simpleconfigurator.manipulator.nl_pl" unpack="false" version="3.5.0.v20090620043401" download-size="1367" install-size="1367" />
	<plugin fragment="true" id="org.eclipse.equinox.simpleconfigurator.nl_pl" unpack="false" version="3.5.0.v20090620043401" download-size="1360" install-size="1360" />
	<plugin fragment="true" id="org.eclipse.osgi.jmx.nl_pl" unpack="false" version="3.5.0.v20090620043401" download-size="2837" install-size="2837" />
	<plugin fragment="true" id="org.eclipse.swt.jmx.nl_pl" unpack="false" version="3.5.0.v20090620043401" download-size="2119" install-size="2119" />
</feature>