<?xml version="1.0" encoding="UTF-8" ?>
<feature
	id="org.eclipse.babel.nls_stp.bpmn_da"
	label="Babel Language Pack for stp.bpmn in Danish (19%)"
	image="eclipse_update_120.jpg"
	provider-name="%providerName"
	version="3.5.0.v20090620043401">
	<copyright>
		%copyright
	</copyright>
	<license url="%licenseURL">
		%license
	</license>
	<description>Babel Language Pack for stp.bpmn in Danish</description>
	<plugin fragment="true" id="org.eclipse.stp.bpmn.diagram.nl_da" unpack="false" version="3.5.0.v20090620043401" download-size="2677" install-size="2677" />
	<plugin fragment="true" id="org.eclipse.stp.bpmn.edit.nl_da" unpack="false" version="3.5.0.v20090620043401" download-size="2263" install-size="2263" />
	<plugin fragment="true" id="org.eclipse.stp.bpmn.nl_da" unpack="false" version="3.5.0.v20090620043401" download-size="2211" install-size="2211" />
	<plugin fragment="true" id="org.eclipse.stp.bpmn.validation.nl_da" unpack="false" version="3.5.0.v20090620043401" download-size="2307" install-size="2307" />
</feature>