<?xml version="1.0" encoding="UTF-8" ?>
<feature
	id="org.eclipse.babel.nls_stp.sca_fr"
	label="Babel Language Pack for stp.sca in French (36.2%)"
	image="eclipse_update_120.jpg"
	provider-name="%providerName"
	version="3.5.0.v20090620043401">
	<copyright>
		%copyright
	</copyright>
	<license url="%licenseURL">
		%license
	</license>
	<description>Babel Language Pack for stp.sca in French</description>
	<plugin fragment="true" id="org.eclipse.stp.sca.common.jdt.nl_fr" unpack="false" version="3.5.0.v20090620043401" download-size="3668" install-size="3668" />
	<plugin fragment="true" id="org.eclipse.stp.sca.common.nl_fr" unpack="false" version="3.5.0.v20090620043401" download-size="2271" install-size="2271" />
	<plugin fragment="true" id="org.eclipse.stp.sca.diagram.extension.generator.ui.nl_fr" unpack="false" version="3.5.0.v20090620043401" download-size="2842" install-size="2842" />
	<plugin fragment="true" id="org.eclipse.stp.sca.diagram.extension.nl_fr" unpack="false" version="3.5.0.v20090620043401" download-size="3044" install-size="3044" />
	<plugin fragment="true" id="org.eclipse.stp.sca.diagram.frascati.nl_fr" unpack="false" version="3.5.0.v20090620043401" download-size="1375" install-size="1375" />
	<plugin fragment="true" id="org.eclipse.stp.sca.diagram.jdt.nl_fr" unpack="false" version="3.5.0.v20090620043401" download-size="2524" install-size="2524" />
	<plugin fragment="true" id="org.eclipse.stp.sca.diagram.nl_fr" unpack="false" version="3.5.0.v20090620043401" download-size="2888" install-size="2888" />
	<plugin fragment="true" id="org.eclipse.stp.sca.diagram.tuscany.nl_fr" unpack="false" version="3.5.0.v20090620043401" download-size="1358" install-size="1358" />
	<plugin fragment="true" id="org.eclipse.stp.sca.domainmodel.frascati.edit.nl_fr" unpack="false" version="3.5.0.v20090620043401" download-size="1852" install-size="1852" />
	<plugin fragment="true" id="org.eclipse.stp.sca.domainmodel.frascati.editor.nl_fr" unpack="false" version="3.5.0.v20090620043401" download-size="1451" install-size="1451" />
	<plugin fragment="true" id="org.eclipse.stp.sca.domainmodel.frascati.nl_fr" unpack="false" version="3.5.0.v20090620043401" download-size="2643" install-size="2643" />
	<plugin fragment="true" id="org.eclipse.stp.sca.domainmodel.tuscany.edit.nl_fr" unpack="false" version="3.5.0.v20090620043401" download-size="1892" install-size="1892" />
	<plugin fragment="true" id="org.eclipse.stp.sca.domainmodel.tuscany.editor.nl_fr" unpack="false" version="3.5.0.v20090620043401" download-size="1442" install-size="1442" />
	<plugin fragment="true" id="org.eclipse.stp.sca.domainmodel.tuscany.nl_fr" unpack="false" version="3.5.0.v20090620043401" download-size="2632" install-size="2632" />
	<plugin fragment="true" id="org.eclipse.stp.sca.edit.nl_fr" unpack="false" version="3.5.0.v20090620043401" download-size="3639" install-size="3639" />
	<plugin fragment="true" id="org.eclipse.stp.sca.editor.nl_fr" unpack="false" version="3.5.0.v20090620043401" download-size="2983" install-size="2983" />
	<plugin fragment="true" id="org.eclipse.stp.sca.formeditor.nl_fr" unpack="false" version="3.5.0.v20090620043401" download-size="2368" install-size="2368" />
	<plugin fragment="true" id="org.eclipse.stp.sca.implementation.java.nl_fr" unpack="false" version="3.5.0.v20090620043401" download-size="1398" install-size="1398" />
	<plugin fragment="true" id="org.eclipse.stp.sca.implementation.sca.nl_fr" unpack="false" version="3.5.0.v20090620043401" download-size="1396" install-size="1396" />
	<plugin fragment="true" id="org.eclipse.stp.sca.interfacee.java.nl_fr" unpack="false" version="3.5.0.v20090620043401" download-size="1387" install-size="1387" />
	<plugin fragment="true" id="org.eclipse.stp.sca.nl_fr" unpack="false" version="3.5.0.v20090620043401" download-size="4550" install-size="4550" />
	<plugin fragment="true" id="org.eclipse.stp.sca.ontology.view.jena2.nl_fr" unpack="false" version="3.5.0.v20090620043401" download-size="2523" install-size="2523" />
	<plugin fragment="true" id="org.eclipse.stp.sca.ontology.view.nl_fr" unpack="false" version="3.5.0.v20090620043401" download-size="3077" install-size="3077" />
	<plugin fragment="true" id="org.eclipse.stp.sca.semantic.sawsdl.edit.nl_fr" unpack="false" version="3.5.0.v20090620043401" download-size="1608" install-size="1608" />
	<plugin fragment="true" id="org.eclipse.stp.sca.semantic.sawsdl.nl_fr" unpack="false" version="3.5.0.v20090620043401" download-size="1657" install-size="1657" />
	<plugin fragment="true" id="org.eclipse.stp.sca.semantic.sawsdl.properties.nl_fr" unpack="false" version="3.5.0.v20090620043401" download-size="1408" install-size="1408" />
	<plugin fragment="true" id="org.eclipse.stp.sca.validation.frascati.nl_fr" unpack="false" version="3.5.0.v20090620043401" download-size="2438" install-size="2438" />
	<plugin fragment="true" id="org.eclipse.stp.sca.validation.nl_fr" unpack="false" version="3.5.0.v20090620043401" download-size="1354" install-size="1354" />
	<plugin fragment="true" id="org.eclipse.stp.sca.xmleditor.nl_fr" unpack="false" version="3.5.0.v20090620043401" download-size="3387" install-size="3387" />
</feature>