<?xml version="1.0" encoding="UTF-8" ?>
<feature
	id="org.eclipse.babel.nls_stp.bpmn_pt"
	label="Babel Language Pack for stp.bpmn in Portuguese (19.13%)"
	image="eclipse_update_120.jpg"
	provider-name="%providerName"
	version="3.5.0.v20090620043401">
	<copyright>
		%copyright
	</copyright>
	<license url="%licenseURL">
		%license
	</license>
	<description>Babel Language Pack for stp.bpmn in Portuguese</description>
	<plugin fragment="true" id="org.eclipse.stp.bpmn.diagram.nl_pt" unpack="false" version="3.5.0.v20090620043401" download-size="2722" install-size="2722" />
	<plugin fragment="true" id="org.eclipse.stp.bpmn.edit.nl_pt" unpack="false" version="3.5.0.v20090620043401" download-size="2295" install-size="2295" />
	<plugin fragment="true" id="org.eclipse.stp.bpmn.nl_pt" unpack="false" version="3.5.0.v20090620043401" download-size="2227" install-size="2227" />
	<plugin fragment="true" id="org.eclipse.stp.bpmn.validation.nl_pt" unpack="false" version="3.5.0.v20090620043401" download-size="2303" install-size="2303" />
</feature>