<?xml version="1.0" encoding="UTF-8" ?>
<feature
	id="org.eclipse.babel.nls_birt_fr"
	label="Babel Language Pack for birt in French (88.48%)"
	image="eclipse_update_120.jpg"
	provider-name="%providerName"
	version="3.5.0.v20090620043401">
	<copyright>
		%copyright
	</copyright>
	<license url="%licenseURL">
		%license
	</license>
	<description>Babel Language Pack for birt in French</description>
	<plugin fragment="true" id="com.lowagie.itext.nl_fr" unpack="false" version="3.5.0.v20090620043401" download-size="1480" install-size="1480" />
	<plugin fragment="true" id="org.eclipse.birt.chart.cshelp.nl_fr" unpack="false" version="3.5.0.v20090620043401" download-size="1727" install-size="1727" />
	<plugin fragment="true" id="org.eclipse.birt.chart.device.extension.nl_fr" unpack="false" version="3.5.0.v20090620043401" download-size="3645" install-size="3645" />
	<plugin fragment="true" id="org.eclipse.birt.chart.device.svg.nl_fr" unpack="false" version="3.5.0.v20090620043401" download-size="2910" install-size="2910" />
	<plugin fragment="true" id="org.eclipse.birt.chart.device.swt.nl_fr" unpack="false" version="3.5.0.v20090620043401" download-size="2962" install-size="2962" />
	<plugin fragment="true" id="org.eclipse.birt.chart.doc.isv.nl_fr" unpack="false" version="3.5.0.v20090620043401" download-size="1507" install-size="1507" />
	<plugin fragment="true" id="org.eclipse.birt.chart.engine.extension.nl_fr" unpack="false" version="3.5.0.v20090620043401" download-size="5133" install-size="5133" />
	<plugin fragment="true" id="org.eclipse.birt.chart.engine.nl_fr" unpack="false" version="3.5.0.v20090620043401" download-size="9179" install-size="9179" />
	<plugin fragment="true" id="org.eclipse.birt.chart.examples.nl_fr" unpack="false" version="3.5.0.v20090620043401" download-size="5966" install-size="5966" />
	<plugin fragment="true" id="org.eclipse.birt.chart.integration.wtp.ui.nl_fr" unpack="false" version="3.5.0.v20090620043401" download-size="4108" install-size="4108" />
	<plugin fragment="true" id="org.eclipse.birt.chart.reportitem.nl_fr" unpack="false" version="3.5.0.v20090620043401" download-size="3713" install-size="3713" />
	<plugin fragment="true" id="org.eclipse.birt.chart.reportitem.ui.nl_fr" unpack="false" version="3.5.0.v20090620043401" download-size="4510" install-size="4510" />
	<plugin fragment="true" id="org.eclipse.birt.chart.runtime.nl_fr" unpack="false" version="3.5.0.v20090620043401" download-size="1517" install-size="1517" />
	<plugin fragment="true" id="org.eclipse.birt.chart.ui.extension.nl_fr" unpack="false" version="3.5.0.v20090620043401" download-size="15585" install-size="15585" />
	<plugin fragment="true" id="org.eclipse.birt.chart.ui.nl_fr" unpack="false" version="3.5.0.v20090620043401" download-size="4087" install-size="4087" />
	<plugin fragment="true" id="org.eclipse.birt.core.nl_fr" unpack="false" version="3.5.0.v20090620043401" download-size="2191" install-size="2191" />
	<plugin fragment="true" id="org.eclipse.birt.core.script.function.nl_fr" unpack="false" version="3.5.0.v20090620043401" download-size="1452" install-size="1452" />
	<plugin fragment="true" id="org.eclipse.birt.core.ui.nl_fr" unpack="false" version="3.5.0.v20090620043401" download-size="2879" install-size="2879" />
	<plugin fragment="true" id="org.eclipse.birt.cshelp.nl_fr" unpack="false" version="3.5.0.v20090620043401" download-size="1497" install-size="1497" />
	<plugin fragment="true" id="org.eclipse.birt.data.aggregation.nl_fr" unpack="false" version="3.5.0.v20090620043401" download-size="3704" install-size="3704" />
	<plugin fragment="true" id="org.eclipse.birt.data.nl_fr" unpack="false" version="3.5.0.v20090620043401" download-size="9906" install-size="9906" />
	<plugin fragment="true" id="org.eclipse.birt.data.tests.nl_fr" unpack="false" version="3.5.0.v20090620043401" download-size="1430" install-size="1430" />
	<plugin fragment="true" id="org.eclipse.birt.doc.isv.nl_fr" unpack="false" version="3.5.0.v20090620043401" download-size="1499" install-size="1499" />
	<plugin fragment="true" id="org.eclipse.birt.doc.nl_fr" unpack="false" version="3.5.0.v20090620043401" download-size="1493" install-size="1493" />
	<plugin fragment="true" id="org.eclipse.birt.example.nl_fr" unpack="false" version="3.5.0.v20090620043401" download-size="1496" install-size="1496" />
	<plugin fragment="true" id="org.eclipse.birt.integration.wtp.ui.nl_fr" unpack="false" version="3.5.0.v20090620043401" download-size="4431" install-size="4431" />
	<plugin fragment="true" id="org.eclipse.birt.nl_fr" unpack="false" version="3.5.0.v20090620043401" download-size="1399" install-size="1399" />
	<plugin fragment="true" id="org.eclipse.birt.report.data.adapter.nl_fr" unpack="false" version="3.5.0.v20090620043401" download-size="2914" install-size="2914" />
	<plugin fragment="true" id="org.eclipse.birt.report.data.oda.jdbc.dbprofile.nl_fr" unpack="false" version="3.5.0.v20090620043401" download-size="3634" install-size="3634" />
	<plugin fragment="true" id="org.eclipse.birt.report.data.oda.jdbc.dbprofile.sampledb.nl_fr" unpack="false" version="3.5.0.v20090620043401" download-size="3351" install-size="3351" />
	<plugin fragment="true" id="org.eclipse.birt.report.data.oda.jdbc.dbprofile.ui.nl_fr" unpack="false" version="3.5.0.v20090620043401" download-size="3490" install-size="3490" />
	<plugin fragment="true" id="org.eclipse.birt.report.data.oda.jdbc.nl_fr" unpack="false" version="3.5.0.v20090620043401" download-size="4583" install-size="4583" />
	<plugin fragment="true" id="org.eclipse.birt.report.data.oda.jdbc.ui.nl_fr" unpack="false" version="3.5.0.v20090620043401" download-size="5508" install-size="5508" />
	<plugin fragment="true" id="org.eclipse.birt.report.data.oda.sampledb.nl_fr" unpack="false" version="3.5.0.v20090620043401" download-size="1653" install-size="1653" />
	<plugin fragment="true" id="org.eclipse.birt.report.data.oda.sampledb.ui.nl_fr" unpack="false" version="3.5.0.v20090620043401" download-size="3417" install-size="3417" />
	<plugin fragment="true" id="org.eclipse.birt.report.data.oda.xml.nl_fr" unpack="false" version="3.5.0.v20090620043401" download-size="3103" install-size="3103" />
	<plugin fragment="true" id="org.eclipse.birt.report.data.oda.xml.ui.nl_fr" unpack="false" version="3.5.0.v20090620043401" download-size="1747" install-size="1747" />
	<plugin fragment="true" id="org.eclipse.birt.report.debug.core.nl_fr" unpack="false" version="3.5.0.v20090620043401" download-size="3120" install-size="3120" />
	<plugin fragment="true" id="org.eclipse.birt.report.debug.ui.nl_fr" unpack="false" version="3.5.0.v20090620043401" download-size="3286" install-size="3286" />
	<plugin fragment="true" id="org.eclipse.birt.report.designer.core.nl_fr" unpack="false" version="3.5.0.v20090620043401" download-size="40202" install-size="40202" />
	<plugin fragment="true" id="org.eclipse.birt.report.designer.nl_fr" unpack="false" version="3.5.0.v20090620043401" download-size="1501" install-size="1501" />
	<plugin fragment="true" id="org.eclipse.birt.report.designer.tests.nl_fr" unpack="false" version="3.5.0.v20090620043401" download-size="2769" install-size="2769" />
	<plugin fragment="true" id="org.eclipse.birt.report.designer.ui.cubebuilder.nl_fr" unpack="false" version="3.5.0.v20090620043401" download-size="4397" install-size="4397" />
	<plugin fragment="true" id="org.eclipse.birt.report.designer.ui.editor.script.nl_fr" unpack="false" version="3.5.0.v20090620043401" download-size="1414" install-size="1414" />
	<plugin fragment="true" id="org.eclipse.birt.report.designer.ui.editor.xml.wtp.nl_fr" unpack="false" version="3.5.0.v20090620043401" download-size="1775" install-size="1775" />
	<plugin fragment="true" id="org.eclipse.birt.report.designer.ui.editors.nl_fr" unpack="false" version="3.5.0.v20090620043401" download-size="1435" install-size="1435" />
	<plugin fragment="true" id="org.eclipse.birt.report.designer.ui.editors.schematic.nl_fr" unpack="false" version="3.5.0.v20090620043401" download-size="1519" install-size="1519" />
	<plugin fragment="true" id="org.eclipse.birt.report.designer.ui.ide.nl_fr" unpack="false" version="3.5.0.v20090620043401" download-size="1745" install-size="1745" />
	<plugin fragment="true" id="org.eclipse.birt.report.designer.ui.lib.explorer.nl_fr" unpack="false" version="3.5.0.v20090620043401" download-size="1395" install-size="1395" />
	<plugin fragment="true" id="org.eclipse.birt.report.designer.ui.lib.nl_fr" unpack="false" version="3.5.0.v20090620043401" download-size="1589" install-size="1589" />
	<plugin fragment="true" id="org.eclipse.birt.report.designer.ui.nl_fr" unpack="false" version="3.5.0.v20090620043401" download-size="1850" install-size="1850" />
	<plugin fragment="true" id="org.eclipse.birt.report.designer.ui.preview.nl_fr" unpack="false" version="3.5.0.v20090620043401" download-size="1514" install-size="1514" />
	<plugin fragment="true" id="org.eclipse.birt.report.designer.ui.preview.web.nl_fr" unpack="false" version="3.5.0.v20090620043401" download-size="1549" install-size="1549" />
	<plugin fragment="true" id="org.eclipse.birt.report.designer.ui.rcp.nl_fr" unpack="false" version="3.5.0.v20090620043401" download-size="3304" install-size="3304" />
	<plugin fragment="true" id="org.eclipse.birt.report.designer.ui.samples.ide.nl_fr" unpack="false" version="3.5.0.v20090620043401" download-size="3321" install-size="3321" />
	<plugin fragment="true" id="org.eclipse.birt.report.designer.ui.samplesview.nl_fr" unpack="false" version="3.5.0.v20090620043401" download-size="7036" install-size="7036" />
	<plugin fragment="true" id="org.eclipse.birt.report.designer.ui.views.nl_fr" unpack="false" version="3.5.0.v20090620043401" download-size="1453" install-size="1453" />
	<plugin fragment="true" id="org.eclipse.birt.report.engine.dataextraction.csv.nl_fr" unpack="false" version="3.5.0.v20090620043401" download-size="1391" install-size="1391" />
	<plugin fragment="true" id="org.eclipse.birt.report.engine.emitter.config.html.nl_fr" unpack="false" version="3.5.0.v20090620043401" download-size="2826" install-size="2826" />
	<plugin fragment="true" id="org.eclipse.birt.report.engine.emitter.config.pdf.nl_fr" unpack="false" version="3.5.0.v20090620043401" download-size="2742" install-size="2742" />
	<plugin fragment="true" id="org.eclipse.birt.report.engine.emitter.config.postscript.nl_fr" unpack="false" version="3.5.0.v20090620043401" download-size="2800" install-size="2800" />
	<plugin fragment="true" id="org.eclipse.birt.report.engine.nl_fr" unpack="false" version="3.5.0.v20090620043401" download-size="4286" install-size="4286" />
	<plugin fragment="true" id="org.eclipse.birt.report.item.crosstab.core.nl_fr" unpack="false" version="3.5.0.v20090620043401" download-size="4965" install-size="4965" />
	<plugin fragment="true" id="org.eclipse.birt.report.item.crosstab.ui.nl_fr" unpack="false" version="3.5.0.v20090620043401" download-size="5841" install-size="5841" />
	<plugin fragment="true" id="org.eclipse.birt.report.model.adapter.oda.nl_fr" unpack="false" version="3.5.0.v20090620043401" download-size="1402" install-size="1402" />
	<plugin fragment="true" id="org.eclipse.birt.report.model.nl_fr" unpack="false" version="3.5.0.v20090620043401" download-size="37409" install-size="37409" />
	<plugin fragment="true" id="org.eclipse.birt.report.model.tests.nl_fr" unpack="false" version="3.5.0.v20090620043401" download-size="2628" install-size="2628" />
	<plugin fragment="true" id="org.eclipse.birt.report.runtime.nl_fr" unpack="false" version="3.5.0.v20090620043401" download-size="1515" install-size="1515" />
	<plugin fragment="true" id="org.eclipse.birt.report.viewer.nl_fr" unpack="false" version="3.5.0.v20090620043401" download-size="6308" install-size="6308" />
	<plugin fragment="true" id="org.eclipse.birt.resources.nl_fr" unpack="false" version="3.5.0.v20090620043401" download-size="1526" install-size="1526" />
	<plugin fragment="true" id="org.eclipse.birt.sdk.nl_fr" unpack="false" version="3.5.0.v20090620043401" download-size="1504" install-size="1504" />
	<plugin fragment="true" id="org.eclipse.birt.tests.data.nl_fr" unpack="false" version="3.5.0.v20090620043401" download-size="1417" install-size="1417" />
</feature>