<?xml version="1.0" encoding="UTF-8" ?>
<feature
	id="org.eclipse.babel.nls_birt_hi"
	label="Babel Language Pack for birt in Hindi (0.69%)"
	image="eclipse_update_120.jpg"
	provider-name="%providerName"
	version="3.5.0.v20090620043401">
	<copyright>
		%copyright
	</copyright>
	<license url="%licenseURL">
		%license
	</license>
	<description>Babel Language Pack for birt in Hindi</description>
	<plugin fragment="true" id="org.eclipse.birt.chart.engine.nl_hi" unpack="false" version="3.5.0.v20090620043401" download-size="2371" install-size="2371" />
	<plugin fragment="true" id="org.eclipse.birt.chart.ui.extension.nl_hi" unpack="false" version="3.5.0.v20090620043401" download-size="2756" install-size="2756" />
	<plugin fragment="true" id="org.eclipse.birt.integration.wtp.ui.nl_hi" unpack="false" version="3.5.0.v20090620043401" download-size="2583" install-size="2583" />
	<plugin fragment="true" id="org.eclipse.birt.report.data.oda.jdbc.ui.nl_hi" unpack="false" version="3.5.0.v20090620043401" download-size="2712" install-size="2712" />
	<plugin fragment="true" id="org.eclipse.birt.report.designer.core.nl_hi" unpack="false" version="3.5.0.v20090620043401" download-size="2879" install-size="2879" />
	<plugin fragment="true" id="org.eclipse.birt.report.designer.ui.cubebuilder.nl_hi" unpack="false" version="3.5.0.v20090620043401" download-size="2688" install-size="2688" />
	<plugin fragment="true" id="org.eclipse.birt.report.designer.ui.rcp.nl_hi" unpack="false" version="3.5.0.v20090620043401" download-size="2535" install-size="2535" />
	<plugin fragment="true" id="org.eclipse.birt.report.item.crosstab.ui.nl_hi" unpack="false" version="3.5.0.v20090620043401" download-size="2612" install-size="2612" />
	<plugin fragment="true" id="org.eclipse.birt.report.model.nl_hi" unpack="false" version="3.5.0.v20090620043401" download-size="2271" install-size="2271" />
	<plugin fragment="true" id="org.eclipse.birt.report.viewer.nl_hi" unpack="false" version="3.5.0.v20090620043401" download-size="1385" install-size="1385" />
</feature>