<?xml version="1.0" encoding="UTF-8" ?>
<feature
	id="org.eclipse.babel.nls_webtools.ejbtools_fi"
	label="Babel Language Pack for webtools.ejbtools in Finnish (96.28%)"
	image="eclipse_update_120.jpg"
	provider-name="%providerName"
	version="3.5.0.v20090620043401">
	<copyright>
		%copyright
	</copyright>
	<license url="%licenseURL">
		%license
	</license>
	<description>Babel Language Pack for webtools.ejbtools in Finnish</description>
	<plugin fragment="true" id="org.eclipse.jst.ejb.doc.user.nl_fi" unpack="false" version="3.5.0.v20090620043401" download-size="1377" install-size="1377" />
	<plugin fragment="true" id="org.eclipse.jst.ejb.ui.infopop.nl_fi" unpack="false" version="3.5.0.v20090620043401" download-size="1373" install-size="1373" />
	<plugin fragment="true" id="org.eclipse.jst.ejb.ui.nl_fi" unpack="false" version="3.5.0.v20090620043401" download-size="3832" install-size="3832" />
	<plugin fragment="true" id="org.eclipse.jst.j2ee.ejb.annotation.model.nl_fi" unpack="false" version="3.5.0.v20090620043401" download-size="3566" install-size="3566" />
	<plugin fragment="true" id="org.eclipse.jst.j2ee.ejb.annotations.emitter.nl_fi" unpack="false" version="3.5.0.v20090620043401" download-size="1383" install-size="1383" />
	<plugin fragment="true" id="org.eclipse.jst.j2ee.ejb.annotations.ui.nl_fi" unpack="false" version="3.5.0.v20090620043401" download-size="3885" install-size="3885" />
	<plugin fragment="true" id="org.eclipse.jst.j2ee.ejb.annotations.xdoclet.nl_fi" unpack="false" version="3.5.0.v20090620043401" download-size="3538" install-size="3538" />
	<plugin fragment="true" id="org.eclipse.jst.j2ee.ejb.nl_fi" unpack="false" version="3.5.0.v20090620043401" download-size="24932" install-size="24932" />
	<plugin fragment="true" id="org.eclipse.jst.jee.ejb.nl_fi" unpack="false" version="3.5.0.v20090620043401" download-size="1371" install-size="1371" />
</feature>