<?xml version="1.0" encoding="UTF-8" ?>
<feature
	id="org.eclipse.babel.nls_webtools.jeetools_no"
	label="Babel Language Pack for webtools.jeetools in Norwegian (94.79%)"
	image="eclipse_update_120.jpg"
	provider-name="%providerName"
	version="3.5.0.v20090620043401">
	<copyright>
		%copyright
	</copyright>
	<license url="%licenseURL">
		%license
	</license>
	<description>Babel Language Pack for webtools.jeetools in Norwegian</description>
	<plugin fragment="true" id="org.eclipse.jem.beaninfo.nl_no" unpack="false" version="3.5.0.v20090620043401" download-size="3170" install-size="3170" />
	<plugin fragment="true" id="org.eclipse.jem.beaninfo.vm.common.nl_no" unpack="false" version="3.5.0.v20090620043401" download-size="1379" install-size="1379" />
	<plugin fragment="true" id="org.eclipse.jem.beaninfo.vm.nl_no" unpack="false" version="3.5.0.v20090620043401" download-size="3009" install-size="3009" />
	<plugin fragment="true" id="org.eclipse.jem.nl_no" unpack="false" version="3.5.0.v20090620043401" download-size="3914" install-size="3914" />
	<plugin fragment="true" id="org.eclipse.jem.proxy.nl_no" unpack="false" version="3.5.0.v20090620043401" download-size="7100" install-size="7100" />
	<plugin fragment="true" id="org.eclipse.jem.tests.nl_no" unpack="false" version="3.5.0.v20090620043401" download-size="1367" install-size="1367" />
	<plugin fragment="true" id="org.eclipse.jem.workbench.nl_no" unpack="false" version="3.5.0.v20090620043401" download-size="2475" install-size="2475" />
	<plugin fragment="true" id="org.eclipse.jst.j2ee.core.nl_no" unpack="false" version="3.5.0.v20090620043401" download-size="29167" install-size="29167" />
	<plugin fragment="true" id="org.eclipse.jst.j2ee.doc.user.nl_no" unpack="false" version="3.5.0.v20090620043401" download-size="1411" install-size="1411" />
	<plugin fragment="true" id="org.eclipse.jst.j2ee.infopop.nl_no" unpack="false" version="3.5.0.v20090620043401" download-size="1407" install-size="1407" />
	<plugin fragment="true" id="org.eclipse.jst.j2ee.jca.nl_no" unpack="false" version="3.5.0.v20090620043401" download-size="2491" install-size="2491" />
	<plugin fragment="true" id="org.eclipse.jst.j2ee.jca.ui.nl_no" unpack="false" version="3.5.0.v20090620043401" download-size="2038" install-size="2038" />
	<plugin fragment="true" id="org.eclipse.jst.j2ee.navigator.ui.nl_no" unpack="false" version="3.5.0.v20090620043401" download-size="3501" install-size="3501" />
	<plugin fragment="true" id="org.eclipse.jst.j2ee.nl_no" unpack="false" version="3.5.0.v20090620043401" download-size="26462" install-size="26462" />
	<plugin fragment="true" id="org.eclipse.jst.j2ee.ui.nl_no" unpack="false" version="3.5.0.v20090620043401" download-size="15117" install-size="15117" />
	<plugin fragment="true" id="org.eclipse.jst.j2ee.web.nl_no" unpack="false" version="3.5.0.v20090620043401" download-size="18509" install-size="18509" />
	<plugin fragment="true" id="org.eclipse.jst.j2ee.webservice.nl_no" unpack="false" version="3.5.0.v20090620043401" download-size="2684" install-size="2684" />
	<plugin fragment="true" id="org.eclipse.jst.j2ee.webservice.ui.nl_no" unpack="false" version="3.5.0.v20090620043401" download-size="2401" install-size="2401" />
	<plugin fragment="true" id="org.eclipse.jst.j2ee.xdoclet.runtime.nl_no" unpack="false" version="3.5.0.v20090620043401" download-size="2308" install-size="2308" />
	<plugin fragment="true" id="org.eclipse.jst.jee.nl_no" unpack="false" version="3.5.0.v20090620043401" download-size="1369" install-size="1369" />
	<plugin fragment="true" id="org.eclipse.jst.jee.ui.nl_no" unpack="false" version="3.5.0.v20090620043401" download-size="2591" install-size="2591" />
	<plugin fragment="true" id="org.eclipse.jst.jee.web.nl_no" unpack="false" version="3.5.0.v20090620043401" download-size="1372" install-size="1372" />
	<plugin fragment="true" id="org.eclipse.jst.servlet.ui.infopop.nl_no" unpack="false" version="3.5.0.v20090620043401" download-size="1406" install-size="1406" />
	<plugin fragment="true" id="org.eclipse.jst.servlet.ui.nl_no" unpack="false" version="3.5.0.v20090620043401" download-size="5494" install-size="5494" />
	<plugin fragment="true" id="org.eclipse.wst.web.ui.infopop.nl_no" unpack="false" version="3.5.0.v20090620043401" download-size="1397" install-size="1397" />
</feature>