<?xml version="1.0" encoding="UTF-8" ?>
<feature
	id="org.eclipse.babel.nls_birt_iw"
	label="Babel Language Pack for birt in Hebrew (15.85%)"
	image="eclipse_update_120.jpg"
	provider-name="%providerName"
	version="3.5.0.v20090620043401">
	<copyright>
		%copyright
	</copyright>
	<license url="%licenseURL">
		%license
	</license>
	<description>Babel Language Pack for birt in Hebrew</description>
	<plugin fragment="true" id="org.eclipse.birt.chart.device.extension.nl_iw" unpack="false" version="3.5.0.v20090620043401" download-size="2355" install-size="2355" />
	<plugin fragment="true" id="org.eclipse.birt.chart.engine.extension.nl_iw" unpack="false" version="3.5.0.v20090620043401" download-size="2447" install-size="2447" />
	<plugin fragment="true" id="org.eclipse.birt.chart.engine.nl_iw" unpack="false" version="3.5.0.v20090620043401" download-size="2875" install-size="2875" />
	<plugin fragment="true" id="org.eclipse.birt.chart.examples.nl_iw" unpack="false" version="3.5.0.v20090620043401" download-size="2394" install-size="2394" />
	<plugin fragment="true" id="org.eclipse.birt.chart.reportitem.nl_iw" unpack="false" version="3.5.0.v20090620043401" download-size="2208" install-size="2208" />
	<plugin fragment="true" id="org.eclipse.birt.chart.reportitem.ui.nl_iw" unpack="false" version="3.5.0.v20090620043401" download-size="2640" install-size="2640" />
	<plugin fragment="true" id="org.eclipse.birt.chart.ui.extension.nl_iw" unpack="false" version="3.5.0.v20090620043401" download-size="4417" install-size="4417" />
	<plugin fragment="true" id="org.eclipse.birt.chart.ui.nl_iw" unpack="false" version="3.5.0.v20090620043401" download-size="2315" install-size="2315" />
	<plugin fragment="true" id="org.eclipse.birt.core.script.function.nl_iw" unpack="false" version="3.5.0.v20090620043401" download-size="1397" install-size="1397" />
	<plugin fragment="true" id="org.eclipse.birt.core.ui.nl_iw" unpack="false" version="3.5.0.v20090620043401" download-size="2252" install-size="2252" />
	<plugin fragment="true" id="org.eclipse.birt.data.aggregation.nl_iw" unpack="false" version="3.5.0.v20090620043401" download-size="2196" install-size="2196" />
	<plugin fragment="true" id="org.eclipse.birt.data.nl_iw" unpack="false" version="3.5.0.v20090620043401" download-size="2194" install-size="2194" />
	<plugin fragment="true" id="org.eclipse.birt.data.tests.nl_iw" unpack="false" version="3.5.0.v20090620043401" download-size="1384" install-size="1384" />
	<plugin fragment="true" id="org.eclipse.birt.integration.wtp.ui.nl_iw" unpack="false" version="3.5.0.v20090620043401" download-size="2678" install-size="2678" />
	<plugin fragment="true" id="org.eclipse.birt.report.data.oda.jdbc.dbprofile.nl_iw" unpack="false" version="3.5.0.v20090620043401" download-size="1558" install-size="1558" />
	<plugin fragment="true" id="org.eclipse.birt.report.data.oda.jdbc.dbprofile.ui.nl_iw" unpack="false" version="3.5.0.v20090620043401" download-size="1402" install-size="1402" />
	<plugin fragment="true" id="org.eclipse.birt.report.data.oda.jdbc.nl_iw" unpack="false" version="3.5.0.v20090620043401" download-size="3890" install-size="3890" />
	<plugin fragment="true" id="org.eclipse.birt.report.data.oda.jdbc.ui.nl_iw" unpack="false" version="3.5.0.v20090620043401" download-size="3345" install-size="3345" />
	<plugin fragment="true" id="org.eclipse.birt.report.data.oda.sampledb.nl_iw" unpack="false" version="3.5.0.v20090620043401" download-size="1498" install-size="1498" />
	<plugin fragment="true" id="org.eclipse.birt.report.data.oda.sampledb.ui.nl_iw" unpack="false" version="3.5.0.v20090620043401" download-size="1386" install-size="1386" />
	<plugin fragment="true" id="org.eclipse.birt.report.data.oda.xml.nl_iw" unpack="false" version="3.5.0.v20090620043401" download-size="1423" install-size="1423" />
	<plugin fragment="true" id="org.eclipse.birt.report.data.oda.xml.ui.nl_iw" unpack="false" version="3.5.0.v20090620043401" download-size="1401" install-size="1401" />
	<plugin fragment="true" id="org.eclipse.birt.report.debug.core.nl_iw" unpack="false" version="3.5.0.v20090620043401" download-size="1549" install-size="1549" />
	<plugin fragment="true" id="org.eclipse.birt.report.debug.ui.nl_iw" unpack="false" version="3.5.0.v20090620043401" download-size="2758" install-size="2758" />
	<plugin fragment="true" id="org.eclipse.birt.report.designer.core.nl_iw" unpack="false" version="3.5.0.v20090620043401" download-size="9610" install-size="9610" />
	<plugin fragment="true" id="org.eclipse.birt.report.designer.tests.nl_iw" unpack="false" version="3.5.0.v20090620043401" download-size="2618" install-size="2618" />
	<plugin fragment="true" id="org.eclipse.birt.report.designer.ui.cubebuilder.nl_iw" unpack="false" version="3.5.0.v20090620043401" download-size="3014" install-size="3014" />
	<plugin fragment="true" id="org.eclipse.birt.report.designer.ui.editor.xml.wtp.nl_iw" unpack="false" version="3.5.0.v20090620043401" download-size="1559" install-size="1559" />
	<plugin fragment="true" id="org.eclipse.birt.report.designer.ui.editors.nl_iw" unpack="false" version="3.5.0.v20090620043401" download-size="1384" install-size="1384" />
	<plugin fragment="true" id="org.eclipse.birt.report.designer.ui.ide.nl_iw" unpack="false" version="3.5.0.v20090620043401" download-size="1626" install-size="1626" />
	<plugin fragment="true" id="org.eclipse.birt.report.designer.ui.lib.explorer.nl_iw" unpack="false" version="3.5.0.v20090620043401" download-size="1385" install-size="1385" />
	<plugin fragment="true" id="org.eclipse.birt.report.designer.ui.lib.nl_iw" unpack="false" version="3.5.0.v20090620043401" download-size="1501" install-size="1501" />
	<plugin fragment="true" id="org.eclipse.birt.report.designer.ui.nl_iw" unpack="false" version="3.5.0.v20090620043401" download-size="1749" install-size="1749" />
	<plugin fragment="true" id="org.eclipse.birt.report.designer.ui.preview.nl_iw" unpack="false" version="3.5.0.v20090620043401" download-size="1403" install-size="1403" />
	<plugin fragment="true" id="org.eclipse.birt.report.designer.ui.preview.web.nl_iw" unpack="false" version="3.5.0.v20090620043401" download-size="1466" install-size="1466" />
	<plugin fragment="true" id="org.eclipse.birt.report.designer.ui.rcp.nl_iw" unpack="false" version="3.5.0.v20090620043401" download-size="3089" install-size="3089" />
	<plugin fragment="true" id="org.eclipse.birt.report.designer.ui.samples.ide.nl_iw" unpack="false" version="3.5.0.v20090620043401" download-size="2773" install-size="2773" />
	<plugin fragment="true" id="org.eclipse.birt.report.designer.ui.views.nl_iw" unpack="false" version="3.5.0.v20090620043401" download-size="1401" install-size="1401" />
	<plugin fragment="true" id="org.eclipse.birt.report.engine.emitter.config.html.nl_iw" unpack="false" version="3.5.0.v20090620043401" download-size="2781" install-size="2781" />
	<plugin fragment="true" id="org.eclipse.birt.report.engine.nl_iw" unpack="false" version="3.5.0.v20090620043401" download-size="2158" install-size="2158" />
	<plugin fragment="true" id="org.eclipse.birt.report.item.crosstab.core.nl_iw" unpack="false" version="3.5.0.v20090620043401" download-size="2530" install-size="2530" />
	<plugin fragment="true" id="org.eclipse.birt.report.item.crosstab.ui.nl_iw" unpack="false" version="3.5.0.v20090620043401" download-size="3493" install-size="3493" />
	<plugin fragment="true" id="org.eclipse.birt.report.model.nl_iw" unpack="false" version="3.5.0.v20090620043401" download-size="5402" install-size="5402" />
	<plugin fragment="true" id="org.eclipse.birt.report.model.tests.nl_iw" unpack="false" version="3.5.0.v20090620043401" download-size="2313" install-size="2313" />
	<plugin fragment="true" id="org.eclipse.birt.report.viewer.nl_iw" unpack="false" version="3.5.0.v20090620043401" download-size="3243" install-size="3243" />
	<plugin fragment="true" id="org.eclipse.birt.resources.nl_iw" unpack="false" version="3.5.0.v20090620043401" download-size="1394" install-size="1394" />
	<plugin fragment="true" id="org.eclipse.birt.sdk.nl_iw" unpack="false" version="3.5.0.v20090620043401" download-size="1541" install-size="1541" />
	<plugin fragment="true" id="org.eclipse.birt.tests.data.nl_iw" unpack="false" version="3.5.0.v20090620043401" download-size="1384" install-size="1384" />
</feature>