<?xml version="1.0" encoding="UTF-8" ?>
<feature
	id="org.eclipse.babel.nls_eclipse_ar"
	label="Babel Language Pack for eclipse in Arabic (74.79%)"
	image="eclipse_update_120.jpg"
	provider-name="%providerName"
	version="3.5.0.v20090620043401">
	<copyright>
		%copyright
	</copyright>
	<license url="%licenseURL">
		%license
	</license>
	<description>Babel Language Pack for eclipse in Arabic</description>
	<plugin fragment="true" id="org.eclipse.ant.core.nl_ar" unpack="false" version="3.5.0.v20090620043401" download-size="4980" install-size="4980" />
	<plugin fragment="true" id="org.eclipse.ant.tests.core.nl_ar" unpack="false" version="3.5.0.v20090620043401" download-size="1368" install-size="1368" />
	<plugin fragment="true" id="org.eclipse.ant.tests.ui.nl_ar" unpack="false" version="3.5.0.v20090620043401" download-size="1367" install-size="1367" />
	<plugin fragment="true" id="org.eclipse.ant.ui.nl_ar" unpack="false" version="3.5.0.v20090620043401" download-size="27614" install-size="27614" />
	<plugin fragment="true" id="org.eclipse.compare.core.nl_ar" unpack="false" version="3.5.0.v20090620043401" download-size="2411" install-size="2411" />
	<plugin fragment="true" id="org.eclipse.compare.examples.nl_ar" unpack="false" version="3.5.0.v20090620043401" download-size="1370" install-size="1370" />
	<plugin fragment="true" id="org.eclipse.compare.examples.xml.nl_ar" unpack="false" version="3.5.0.v20090620043401" download-size="2593" install-size="2593" />
	<plugin fragment="true" id="org.eclipse.compare.nl_ar" unpack="false" version="3.5.0.v20090620043401" download-size="13777" install-size="13777" />
	<plugin fragment="true" id="org.eclipse.compare.tests.nl_ar" unpack="false" version="3.5.0.v20090620043401" download-size="1601" install-size="1601" />
	<plugin fragment="true" id="org.eclipse.compare.win32.nl_ar" unpack="false" version="3.5.0.v20090620043401" download-size="2579" install-size="2579" />
	<plugin fragment="true" id="org.eclipse.core.boot.nl_ar" unpack="false" version="3.5.0.v20090620043401" download-size="1377" install-size="1377" />
	<plugin fragment="true" id="org.eclipse.core.commands.nl_ar" unpack="false" version="3.5.0.v20090620043401" download-size="1397" install-size="1397" />
	<plugin fragment="true" id="org.eclipse.core.contenttype.nl_ar" unpack="false" version="3.5.0.v20090620043401" download-size="2775" install-size="2775" />
	<plugin fragment="true" id="org.eclipse.core.databinding.beans.nl_ar" unpack="false" version="3.5.0.v20090620043401" download-size="1373" install-size="1373" />
	<plugin fragment="true" id="org.eclipse.core.databinding.nl_ar" unpack="false" version="3.5.0.v20090620043401" download-size="2262" install-size="2262" />
	<plugin fragment="true" id="org.eclipse.core.databinding.observable.nl_ar" unpack="false" version="3.5.0.v20090620043401" download-size="1377" install-size="1377" />
	<plugin fragment="true" id="org.eclipse.core.databinding.property.nl_ar" unpack="false" version="3.5.0.v20090620043401" download-size="1375" install-size="1375" />
	<plugin fragment="true" id="org.eclipse.core.expressions.nl_ar" unpack="false" version="3.5.0.v20090620043401" download-size="3023" install-size="3023" />
	<plugin fragment="true" id="org.eclipse.core.expressions.tests.nl_ar" unpack="false" version="3.5.0.v20090620043401" download-size="1373" install-size="1373" />
	<plugin fragment="true" id="org.eclipse.core.filebuffers.nl_ar" unpack="false" version="3.5.0.v20090620043401" download-size="4338" install-size="4338" />
	<plugin fragment="true" id="org.eclipse.core.filebuffers.tests.nl_ar" unpack="false" version="3.5.0.v20090620043401" download-size="1378" install-size="1378" />
	<plugin fragment="true" id="org.eclipse.core.filesystem.nl_ar" unpack="false" version="3.5.0.v20090620043401" download-size="3101" install-size="3101" />
	<plugin fragment="true" id="org.eclipse.core.jobs.nl_ar" unpack="false" version="3.5.0.v20090620043401" download-size="2440" install-size="2440" />
	<plugin fragment="true" id="org.eclipse.core.net.linux.x86.nl_ar" unpack="false" version="3.5.0.v20090620043401" download-size="1376" install-size="1376" />
	<plugin fragment="true" id="org.eclipse.core.net.nl_ar" unpack="false" version="3.5.0.v20090620043401" download-size="1369" install-size="1369" />
	<plugin fragment="true" id="org.eclipse.core.net.win32.x86.nl_ar" unpack="false" version="3.5.0.v20090620043401" download-size="1377" install-size="1377" />
	<plugin fragment="true" id="org.eclipse.core.resources.nl_ar" unpack="false" version="3.5.0.v20090620043401" download-size="9296" install-size="9296" />
	<plugin fragment="true" id="org.eclipse.core.runtime.compatibility.auth.nl_ar" unpack="false" version="3.5.0.v20090620043401" download-size="2516" install-size="2516" />
	<plugin fragment="true" id="org.eclipse.core.runtime.compatibility.nl_ar" unpack="false" version="3.5.0.v20090620043401" download-size="2509" install-size="2509" />
	<plugin fragment="true" id="org.eclipse.core.runtime.nl_ar" unpack="false" version="3.5.0.v20090620043401" download-size="4180" install-size="4180" />
	<plugin fragment="true" id="org.eclipse.core.variables.nl_ar" unpack="false" version="3.5.0.v20090620043401" download-size="2625" install-size="2625" />
	<plugin fragment="true" id="org.eclipse.cvs.nl_ar" unpack="false" version="3.5.0.v20090620043401" download-size="1361" install-size="1361" />
	<plugin fragment="true" id="org.eclipse.debug.core.nl_ar" unpack="false" version="3.5.0.v20090620043401" download-size="7218" install-size="7218" />
	<plugin fragment="true" id="org.eclipse.debug.examples.ui.nl_ar" unpack="false" version="3.5.0.v20090620043401" download-size="2408" install-size="2408" />
	<plugin fragment="true" id="org.eclipse.debug.ui.nl_ar" unpack="false" version="3.5.0.v20090620043401" download-size="32975" install-size="32975" />
	<plugin fragment="true" id="org.eclipse.equinox.app.nl_ar" unpack="false" version="3.5.0.v20090620043401" download-size="2402" install-size="2402" />
	<plugin fragment="true" id="org.eclipse.equinox.cm.nl_ar" unpack="false" version="3.5.0.v20090620043401" download-size="1367" install-size="1367" />
	<plugin fragment="true" id="org.eclipse.equinox.common.nl_ar" unpack="false" version="3.5.0.v20090620043401" download-size="3408" install-size="3408" />
	<plugin fragment="true" id="org.eclipse.equinox.concurrent.nl_ar" unpack="false" version="3.5.0.v20090620043401" download-size="1372" install-size="1372" />
	<plugin fragment="true" id="org.eclipse.equinox.device.nl_ar" unpack="false" version="3.5.0.v20090620043401" download-size="3271" install-size="3271" />
	<plugin fragment="true" id="org.eclipse.equinox.ds.nl_ar" unpack="false" version="3.5.0.v20090620043401" download-size="1367" install-size="1367" />
	<plugin fragment="true" id="org.eclipse.equinox.event.nl_ar" unpack="false" version="3.5.0.v20090620043401" download-size="2426" install-size="2426" />
	<plugin fragment="true" id="org.eclipse.equinox.http.jetty5.nl_ar" unpack="false" version="3.5.0.v20090620043401" download-size="1373" install-size="1373" />
	<plugin fragment="true" id="org.eclipse.equinox.http.jetty6.nl_ar" unpack="false" version="3.5.0.v20090620043401" download-size="1373" install-size="1373" />
	<plugin fragment="true" id="org.eclipse.equinox.http.nl_ar" unpack="false" version="3.5.0.v20090620043401" download-size="4045" install-size="4045" />
	<plugin fragment="true" id="org.eclipse.equinox.http.registry.nl_ar" unpack="false" version="3.5.0.v20090620043401" download-size="1373" install-size="1373" />
	<plugin fragment="true" id="org.eclipse.equinox.http.servlet.nl_ar" unpack="false" version="3.5.0.v20090620043401" download-size="1374" install-size="1374" />
	<plugin fragment="true" id="org.eclipse.equinox.http.servletbridge.nl_ar" unpack="false" version="3.5.0.v20090620043401" download-size="1378" install-size="1378" />
	<plugin fragment="true" id="org.eclipse.equinox.io.nl_ar" unpack="false" version="3.5.0.v20090620043401" download-size="1366" install-size="1366" />
	<plugin fragment="true" id="org.eclipse.equinox.ip.nl_ar" unpack="false" version="3.5.0.v20090620043401" download-size="1367" install-size="1367" />
	<plugin fragment="true" id="org.eclipse.equinox.jsp.jasper.nl_ar" unpack="false" version="3.5.0.v20090620043401" download-size="1372" install-size="1372" />
	<plugin fragment="true" id="org.eclipse.equinox.jsp.jasper.registry.nl_ar" unpack="false" version="3.5.0.v20090620043401" download-size="1377" install-size="1377" />
	<plugin fragment="true" id="org.eclipse.equinox.launcher.carbon.macosx.nl_ar" unpack="false" version="3.5.0.v20090620043401" download-size="1410" install-size="1410" />
	<plugin fragment="true" id="org.eclipse.equinox.launcher.cocoa.macosx.nl_ar" unpack="false" version="3.5.0.v20090620043401" download-size="1408" install-size="1408" />
	<plugin fragment="true" id="org.eclipse.equinox.launcher.gtk.linux.ppc.nl_ar" unpack="false" version="3.5.0.v20090620043401" download-size="1411" install-size="1411" />
	<plugin fragment="true" id="org.eclipse.equinox.launcher.gtk.linux.s390.nl_ar" unpack="false" version="3.5.0.v20090620043401" download-size="1415" install-size="1415" />
	<plugin fragment="true" id="org.eclipse.equinox.launcher.gtk.linux.s390x.nl_ar" unpack="false" version="3.5.0.v20090620043401" download-size="1417" install-size="1417" />
	<plugin fragment="true" id="org.eclipse.equinox.launcher.gtk.linux.x86.nl_ar" unpack="false" version="3.5.0.v20090620043401" download-size="1412" install-size="1412" />
	<plugin fragment="true" id="org.eclipse.equinox.launcher.gtk.solaris.sparc.nl_ar" unpack="false" version="3.5.0.v20090620043401" download-size="1422" install-size="1422" />
	<plugin fragment="true" id="org.eclipse.equinox.launcher.gtk.solaris.x86.nl_ar" unpack="false" version="3.5.0.v20090620043401" download-size="1417" install-size="1417" />
	<plugin fragment="true" id="org.eclipse.equinox.launcher.motif.aix.ppc.nl_ar" unpack="false" version="3.5.0.v20090620043401" download-size="1412" install-size="1412" />
	<plugin fragment="true" id="org.eclipse.equinox.launcher.motif.linux.x86.nl_ar" unpack="false" version="3.5.0.v20090620043401" download-size="1416" install-size="1416" />
	<plugin fragment="true" id="org.eclipse.equinox.launcher.motif.solaris.sparc.nl_ar" unpack="false" version="3.5.0.v20090620043401" download-size="1429" install-size="1429" />
	<plugin fragment="true" id="org.eclipse.equinox.launcher.nl_ar" unpack="false" version="3.5.0.v20090620043401" download-size="1375" install-size="1375" />
	<plugin fragment="true" id="org.eclipse.equinox.launcher.win32.win32.ia64.nl_ar" unpack="false" version="3.5.0.v20090620043401" download-size="1417" install-size="1417" />
	<plugin fragment="true" id="org.eclipse.equinox.launcher.win32.win32.x86.nl_ar" unpack="false" version="3.5.0.v20090620043401" download-size="1415" install-size="1415" />
	<plugin fragment="true" id="org.eclipse.equinox.launcher.wpf.win32.x86.nl_ar" unpack="false" version="3.5.0.v20090620043401" download-size="1412" install-size="1412" />
	<plugin fragment="true" id="org.eclipse.equinox.log.nl_ar" unpack="false" version="3.5.0.v20090620043401" download-size="1367" install-size="1367" />
	<plugin fragment="true" id="org.eclipse.equinox.metatype.nl_ar" unpack="false" version="3.5.0.v20090620043401" download-size="2998" install-size="2998" />
	<plugin fragment="true" id="org.eclipse.equinox.preferences.nl_ar" unpack="false" version="3.5.0.v20090620043401" download-size="3297" install-size="3297" />
	<plugin fragment="true" id="org.eclipse.equinox.registry.nl_ar" unpack="false" version="3.5.0.v20090620043401" download-size="3820" install-size="3820" />
	<plugin fragment="true" id="org.eclipse.equinox.security.nl_ar" unpack="false" version="3.5.0.v20090620043401" download-size="2655" install-size="2655" />
	<plugin fragment="true" id="org.eclipse.equinox.security.ui.nl_ar" unpack="false" version="3.5.0.v20090620043401" download-size="3733" install-size="3733" />
	<plugin fragment="true" id="org.eclipse.equinox.servletbridge.nl_ar" unpack="false" version="3.5.0.v20090620043401" download-size="1374" install-size="1374" />
	<plugin fragment="true" id="org.eclipse.equinox.transforms.xslt.nl_ar" unpack="false" version="3.5.0.v20090620043401" download-size="1374" install-size="1374" />
	<plugin fragment="true" id="org.eclipse.equinox.useradmin.nl_ar" unpack="false" version="3.5.0.v20090620043401" download-size="3383" install-size="3383" />
	<plugin fragment="true" id="org.eclipse.equinox.util.nl_ar" unpack="false" version="3.5.0.v20090620043401" download-size="1368" install-size="1368" />
	<plugin fragment="true" id="org.eclipse.equinox.wireadmin.nl_ar" unpack="false" version="3.5.0.v20090620043401" download-size="1372" install-size="1372" />
	<plugin fragment="true" id="org.eclipse.help.appserver.nl_ar" unpack="false" version="3.5.0.v20090620043401" download-size="2680" install-size="2680" />
	<plugin fragment="true" id="org.eclipse.help.base.nl_ar" unpack="false" version="3.5.0.v20090620043401" download-size="4070" install-size="4070" />
	<plugin fragment="true" id="org.eclipse.help.nl_ar" unpack="false" version="3.5.0.v20090620043401" download-size="1572" install-size="1572" />
	<plugin fragment="true" id="org.eclipse.help.ui.nl_ar" unpack="false" version="3.5.0.v20090620043401" download-size="5705" install-size="5705" />
	<plugin fragment="true" id="org.eclipse.help.webapp.nl_ar" unpack="false" version="3.5.0.v20090620043401" download-size="4774" install-size="4774" />
	<plugin fragment="true" id="org.eclipse.jdt.apt.core.nl_ar" unpack="false" version="3.5.0.v20090620043401" download-size="4035" install-size="4035" />
	<plugin fragment="true" id="org.eclipse.jdt.apt.pluggable.core.nl_ar" unpack="false" version="3.5.0.v20090620043401" download-size="1373" install-size="1373" />
	<plugin fragment="true" id="org.eclipse.jdt.apt.pluggable.tests.nl_ar" unpack="false" version="3.5.0.v20090620043401" download-size="1374" install-size="1374" />
	<plugin fragment="true" id="org.eclipse.jdt.apt.tests.nl_ar" unpack="false" version="3.5.0.v20090620043401" download-size="1368" install-size="1368" />
	<plugin fragment="true" id="org.eclipse.jdt.apt.ui.nl_ar" unpack="false" version="3.5.0.v20090620043401" download-size="4849" install-size="4849" />
	<plugin fragment="true" id="org.eclipse.jdt.compiler.apt.tests.nl_ar" unpack="false" version="3.5.0.v20090620043401" download-size="1373" install-size="1373" />
	<plugin fragment="true" id="org.eclipse.jdt.compiler.tool.tests.nl_ar" unpack="false" version="3.5.0.v20090620043401" download-size="1374" install-size="1374" />
	<plugin fragment="true" id="org.eclipse.jdt.core.manipulation.nl_ar" unpack="false" version="3.5.0.v20090620043401" download-size="3293" install-size="3293" />
	<plugin fragment="true" id="org.eclipse.jdt.core.nl_ar" unpack="false" version="3.5.0.v20090620043401" download-size="35317" install-size="35317" />
	<plugin fragment="true" id="org.eclipse.jdt.core.tests.builder.nl_ar" unpack="false" version="3.5.0.v20090620043401" download-size="1374" install-size="1374" />
	<plugin fragment="true" id="org.eclipse.jdt.core.tests.compiler.nl_ar" unpack="false" version="3.5.0.v20090620043401" download-size="1375" install-size="1375" />
	<plugin fragment="true" id="org.eclipse.jdt.core.tests.model.nl_ar" unpack="false" version="3.5.0.v20090620043401" download-size="14563" install-size="14563" />
	<plugin fragment="true" id="org.eclipse.jdt.core.tests.performance.nl_ar" unpack="false" version="3.5.0.v20090620043401" download-size="1376" install-size="1376" />
	<plugin fragment="true" id="org.eclipse.jdt.debug.nl_ar" unpack="false" version="3.5.0.v20090620043401" download-size="23647" install-size="23647" />
	<plugin fragment="true" id="org.eclipse.jdt.debug.tests.nl_ar" unpack="false" version="3.5.0.v20090620043401" download-size="1370" install-size="1370" />
	<plugin fragment="true" id="org.eclipse.jdt.debug.ui.nl_ar" unpack="false" version="3.5.0.v20090620043401" download-size="30864" install-size="30864" />
	<plugin fragment="true" id="org.eclipse.jdt.doc.isv.nl_ar" unpack="false" version="3.5.0.v20090620043401" download-size="1822" install-size="1822" />
	<plugin fragment="true" id="org.eclipse.jdt.doc.user.nl_ar" unpack="false" version="3.5.0.v20090620043401" download-size="1810" install-size="1810" />
	<plugin fragment="true" id="org.eclipse.jdt.junit.nl_ar" unpack="false" version="3.5.0.v20090620043401" download-size="9875" install-size="9875" />
	<plugin fragment="true" id="org.eclipse.jdt.junit.runtime.nl_ar" unpack="false" version="3.5.0.v20090620043401" download-size="2995" install-size="2995" />
	<plugin fragment="true" id="org.eclipse.jdt.junit4.runtime.nl_ar" unpack="false" version="3.5.0.v20090620043401" download-size="1412" install-size="1412" />
	<plugin fragment="true" id="org.eclipse.jdt.launching.macosx.nl_ar" unpack="false" version="3.5.0.v20090620043401" download-size="1374" install-size="1374" />
	<plugin fragment="true" id="org.eclipse.jdt.launching.nl_ar" unpack="false" version="3.5.0.v20090620043401" download-size="7241" install-size="7241" />
	<plugin fragment="true" id="org.eclipse.jdt.launching.ui.macosx.nl_ar" unpack="false" version="3.5.0.v20090620043401" download-size="2646" install-size="2646" />
	<plugin fragment="true" id="org.eclipse.jdt.nl_ar" unpack="false" version="3.5.0.v20090620043401" download-size="1414" install-size="1414" />
	<plugin fragment="true" id="org.eclipse.jdt.text.tests.nl_ar" unpack="false" version="3.5.0.v20090620043401" download-size="1374" install-size="1374" />
	<plugin fragment="true" id="org.eclipse.jdt.ui.examples.projects.nl_ar" unpack="false" version="3.5.0.v20090620043401" download-size="2759" install-size="2759" />
	<plugin fragment="true" id="org.eclipse.jdt.ui.nl_ar" unpack="false" version="3.5.0.v20090620043401" download-size="183629" install-size="183629" />
	<plugin fragment="true" id="org.eclipse.jdt.ui.tests.nl_ar" unpack="false" version="3.5.0.v20090620043401" download-size="1373" install-size="1373" />
	<plugin fragment="true" id="org.eclipse.jdt.ui.tests.refactoring.nl_ar" unpack="false" version="3.5.0.v20090620043401" download-size="1380" install-size="1380" />
	<plugin fragment="true" id="org.eclipse.jface.databinding.nl_ar" unpack="false" version="3.5.0.v20090620043401" download-size="1392" install-size="1392" />
	<plugin fragment="true" id="org.eclipse.jface.examples.databinding.nl_ar" unpack="false" version="3.5.0.v20090620043401" download-size="1377" install-size="1377" />
	<plugin fragment="true" id="org.eclipse.jface.nl_ar" unpack="false" version="3.5.0.v20090620043401" download-size="9958" install-size="9958" />
	<plugin fragment="true" id="org.eclipse.jface.tests.databinding.conformance.nl_ar" unpack="false" version="3.5.0.v20090620043401" download-size="1382" install-size="1382" />
	<plugin fragment="true" id="org.eclipse.jface.tests.databinding.nl_ar" unpack="false" version="3.5.0.v20090620043401" download-size="1374" install-size="1374" />
	<plugin fragment="true" id="org.eclipse.jface.text.nl_ar" unpack="false" version="3.5.0.v20090620043401" download-size="12188" install-size="12188" />
	<plugin fragment="true" id="org.eclipse.jface.text.tests.nl_ar" unpack="false" version="3.5.0.v20090620043401" download-size="1375" install-size="1375" />
	<plugin fragment="true" id="org.eclipse.jsch.core.nl_ar" unpack="false" version="3.5.0.v20090620043401" download-size="2352" install-size="2352" />
	<plugin fragment="true" id="org.eclipse.jsch.ui.nl_ar" unpack="false" version="3.5.0.v20090620043401" download-size="4042" install-size="4042" />
	<plugin fragment="true" id="org.eclipse.ltk.core.refactoring.nl_ar" unpack="false" version="3.5.0.v20090620043401" download-size="5124" install-size="5124" />
	<plugin fragment="true" id="org.eclipse.ltk.core.refactoring.tests.nl_ar" unpack="false" version="3.5.0.v20090620043401" download-size="1376" install-size="1376" />
	<plugin fragment="true" id="org.eclipse.ltk.ui.refactoring.nl_ar" unpack="false" version="3.5.0.v20090620043401" download-size="9094" install-size="9094" />
	<plugin fragment="true" id="org.eclipse.ltk.ui.refactoring.tests.nl_ar" unpack="false" version="3.5.0.v20090620043401" download-size="1375" install-size="1375" />
	<plugin fragment="true" id="org.eclipse.osgi.nl_ar" unpack="false" version="3.5.0.v20090620043401" download-size="7032" install-size="7032" />
	<plugin fragment="true" id="org.eclipse.osgi.services.nl_ar" unpack="false" version="3.5.0.v20090620043401" download-size="1600" install-size="1600" />
	<plugin fragment="true" id="org.eclipse.osgi.util.nl_ar" unpack="false" version="3.5.0.v20090620043401" download-size="1597" install-size="1597" />
	<plugin fragment="true" id="org.eclipse.pde.api.tools.nl_ar" unpack="false" version="3.5.0.v20090620043401" download-size="3277" install-size="3277" />
	<plugin fragment="true" id="org.eclipse.pde.api.tools.ui.nl_ar" unpack="false" version="3.5.0.v20090620043401" download-size="5462" install-size="5462" />
	<plugin fragment="true" id="org.eclipse.pde.build.nl_ar" unpack="false" version="3.5.0.v20090620043401" download-size="5486" install-size="5486" />
	<plugin fragment="true" id="org.eclipse.pde.build.tests.nl_ar" unpack="false" version="3.5.0.v20090620043401" download-size="1371" install-size="1371" />
	<plugin fragment="true" id="org.eclipse.pde.core.nl_ar" unpack="false" version="3.5.0.v20090620043401" download-size="8414" install-size="8414" />
	<plugin fragment="true" id="org.eclipse.pde.doc.user.nl_ar" unpack="false" version="3.5.0.v20090620043401" download-size="1822" install-size="1822" />
	<plugin fragment="true" id="org.eclipse.pde.ds.core.nl_ar" unpack="false" version="3.5.0.v20090620043401" download-size="2377" install-size="2377" />
	<plugin fragment="true" id="org.eclipse.pde.ds.tests.nl_ar" unpack="false" version="3.5.0.v20090620043401" download-size="1367" install-size="1367" />
	<plugin fragment="true" id="org.eclipse.pde.ds.ui.nl_ar" unpack="false" version="3.5.0.v20090620043401" download-size="2963" install-size="2963" />
	<plugin fragment="true" id="org.eclipse.pde.junit.runtime.nl_ar" unpack="false" version="3.5.0.v20090620043401" download-size="1400" install-size="1400" />
	<plugin fragment="true" id="org.eclipse.pde.nl_ar" unpack="false" version="3.5.0.v20090620043401" download-size="1395" install-size="1395" />
	<plugin fragment="true" id="org.eclipse.pde.runtime.nl_ar" unpack="false" version="3.5.0.v20090620043401" download-size="2867" install-size="2867" />
	<plugin fragment="true" id="org.eclipse.pde.tools.versioning.nl_ar" unpack="false" version="3.5.0.v20090620043401" download-size="1380" install-size="1380" />
	<plugin fragment="true" id="org.eclipse.pde.ua.core.nl_ar" unpack="false" version="3.5.0.v20090620043401" download-size="1367" install-size="1367" />
	<plugin fragment="true" id="org.eclipse.pde.ua.ui.nl_ar" unpack="false" version="3.5.0.v20090620043401" download-size="11369" install-size="11369" />
	<plugin fragment="true" id="org.eclipse.pde.ui.nl_ar" unpack="false" version="3.5.0.v20090620043401" download-size="42657" install-size="42657" />
	<plugin fragment="true" id="org.eclipse.pde.ui.templates.nl_ar" unpack="false" version="3.5.0.v20090620043401" download-size="2785" install-size="2785" />
	<plugin fragment="true" id="org.eclipse.platform.doc.isv.nl_ar" unpack="false" version="3.5.0.v20090620043401" download-size="1421" install-size="1421" />
	<plugin fragment="true" id="org.eclipse.platform.doc.user.nl_ar" unpack="false" version="3.5.0.v20090620043401" download-size="1423" install-size="1423" />
	<plugin fragment="true" id="org.eclipse.platform.nl_ar" unpack="false" version="3.5.0.v20090620043401" download-size="2441" install-size="2441" />
	<plugin fragment="true" id="org.eclipse.rcp.nl_ar" unpack="false" version="3.5.0.v20090620043401" download-size="1754" install-size="1754" />
	<plugin fragment="true" id="org.eclipse.releng.tools.nl_ar" unpack="false" version="3.5.0.v20090620043401" download-size="2264" install-size="2264" />
	<plugin fragment="true" id="org.eclipse.sdk.examples.nl_ar" unpack="false" version="3.5.0.v20090620043401" download-size="1368" install-size="1368" />
	<plugin fragment="true" id="org.eclipse.sdk.nl_ar" unpack="false" version="3.5.0.v20090620043401" download-size="2984" install-size="2984" />
	<plugin fragment="true" id="org.eclipse.sdk.tests.nl_ar" unpack="false" version="3.5.0.v20090620043401" download-size="1366" install-size="1366" />
	<plugin fragment="true" id="org.eclipse.search.nl_ar" unpack="false" version="3.5.0.v20090620043401" download-size="8546" install-size="8546" />
	<plugin fragment="true" id="org.eclipse.search.tests.nl_ar" unpack="false" version="3.5.0.v20090620043401" download-size="1367" install-size="1367" />
	<plugin fragment="true" id="org.eclipse.swt.examples.browser.demos.nl_ar" unpack="false" version="3.5.0.v20090620043401" download-size="1377" install-size="1377" />
	<plugin fragment="true" id="org.eclipse.swt.examples.browser.nl_ar" unpack="false" version="3.5.0.v20090620043401" download-size="1450" install-size="1450" />
	<plugin fragment="true" id="org.eclipse.swt.examples.controls.nl_ar" unpack="false" version="3.5.0.v20090620043401" download-size="1373" install-size="1373" />
	<plugin fragment="true" id="org.eclipse.swt.examples.launcher.nl_ar" unpack="false" version="3.5.0.v20090620043401" download-size="1492" install-size="1492" />
	<plugin fragment="true" id="org.eclipse.swt.examples.layouts.nl_ar" unpack="false" version="3.5.0.v20090620043401" download-size="1373" install-size="1373" />
	<plugin fragment="true" id="org.eclipse.swt.examples.nl_ar" unpack="false" version="3.5.0.v20090620043401" download-size="7130" install-size="7130" />
	<plugin fragment="true" id="org.eclipse.swt.examples.ole.win32.nl_ar" unpack="false" version="3.5.0.v20090620043401" download-size="1508" install-size="1508" />
	<plugin fragment="true" id="org.eclipse.swt.examples.paint.nl_ar" unpack="false" version="3.5.0.v20090620043401" download-size="1372" install-size="1372" />
	<plugin fragment="true" id="org.eclipse.swt.nl_ar" unpack="false" version="3.5.0.v20090620043401" download-size="2406" install-size="2406" />
	<plugin fragment="true" id="org.eclipse.swt.tests.nl_ar" unpack="false" version="3.5.0.v20090620043401" download-size="1402" install-size="1402" />
	<plugin fragment="true" id="org.eclipse.swt.tools.nl_ar" unpack="false" version="3.5.0.v20090620043401" download-size="1365" install-size="1365" />
	<plugin fragment="true" id="org.eclipse.team.core.nl_ar" unpack="false" version="3.5.0.v20090620043401" download-size="4833" install-size="4833" />
	<plugin fragment="true" id="org.eclipse.team.cvs.core.nl_ar" unpack="false" version="3.5.0.v20090620043401" download-size="9193" install-size="9193" />
	<plugin fragment="true" id="org.eclipse.team.cvs.ssh.nl_ar" unpack="false" version="3.5.0.v20090620043401" download-size="3335" install-size="3335" />
	<plugin fragment="true" id="org.eclipse.team.cvs.ssh2.nl_ar" unpack="false" version="3.5.0.v20090620043401" download-size="3751" install-size="3751" />
	<plugin fragment="true" id="org.eclipse.team.cvs.ui.nl_ar" unpack="false" version="3.5.0.v20090620043401" download-size="31562" install-size="31562" />
	<plugin fragment="true" id="org.eclipse.team.examples.filesystem.nl_ar" unpack="false" version="3.5.0.v20090620043401" download-size="2381" install-size="2381" />
	<plugin fragment="true" id="org.eclipse.team.tests.cvs.core.nl_ar" unpack="false" version="3.5.0.v20090620043401" download-size="1439" install-size="1439" />
	<plugin fragment="true" id="org.eclipse.team.ui.nl_ar" unpack="false" version="3.5.0.v20090620043401" download-size="14095" install-size="14095" />
	<plugin fragment="true" id="org.eclipse.text.nl_ar" unpack="false" version="3.5.0.v20090620043401" download-size="4033" install-size="4033" />
	<plugin fragment="true" id="org.eclipse.text.tests.nl_ar" unpack="false" version="3.5.0.v20090620043401" download-size="1371" install-size="1371" />
	<plugin fragment="true" id="org.eclipse.ui.browser.nl_ar" unpack="false" version="3.5.0.v20090620043401" download-size="4062" install-size="4062" />
	<plugin fragment="true" id="org.eclipse.ui.cheatsheets.nl_ar" unpack="false" version="3.5.0.v20090620043401" download-size="6180" install-size="6180" />
	<plugin fragment="true" id="org.eclipse.ui.console.nl_ar" unpack="false" version="3.5.0.v20090620043401" download-size="3635" install-size="3635" />
	<plugin fragment="true" id="org.eclipse.ui.editors.nl_ar" unpack="false" version="3.5.0.v20090620043401" download-size="13627" install-size="13627" />
	<plugin fragment="true" id="org.eclipse.ui.editors.tests.nl_ar" unpack="false" version="3.5.0.v20090620043401" download-size="1375" install-size="1375" />
	<plugin fragment="true" id="org.eclipse.ui.examples.contributions.nl_ar" unpack="false" version="3.5.0.v20090620043401" download-size="1600" install-size="1600" />
	<plugin fragment="true" id="org.eclipse.ui.examples.fieldassist.nl_ar" unpack="false" version="3.5.0.v20090620043401" download-size="2324" install-size="2324" />
	<plugin fragment="true" id="org.eclipse.ui.examples.javaeditor.nl_ar" unpack="false" version="3.5.0.v20090620043401" download-size="2469" install-size="2469" />
	<plugin fragment="true" id="org.eclipse.ui.examples.multipageeditor.nl_ar" unpack="false" version="3.5.0.v20090620043401" download-size="2391" install-size="2391" />
	<plugin fragment="true" id="org.eclipse.ui.examples.propertysheet.nl_ar" unpack="false" version="3.5.0.v20090620043401" download-size="2473" install-size="2473" />
	<plugin fragment="true" id="org.eclipse.ui.examples.readmetool.nl_ar" unpack="false" version="3.5.0.v20090620043401" download-size="2357" install-size="2357" />
	<plugin fragment="true" id="org.eclipse.ui.examples.undo.nl_ar" unpack="false" version="3.5.0.v20090620043401" download-size="2227" install-size="2227" />
	<plugin fragment="true" id="org.eclipse.ui.examples.views.properties.tabbed.article.nl_ar" unpack="false" version="3.5.0.v20090620043401" download-size="1458" install-size="1458" />
	<plugin fragment="true" id="org.eclipse.ui.externaltools.nl_ar" unpack="false" version="3.5.0.v20090620043401" download-size="9729" install-size="9729" />
	<plugin fragment="true" id="org.eclipse.ui.forms.nl_ar" unpack="false" version="3.5.0.v20090620043401" download-size="2302" install-size="2302" />
	<plugin fragment="true" id="org.eclipse.ui.ide.application.nl_ar" unpack="false" version="3.5.0.v20090620043401" download-size="1523" install-size="1523" />
	<plugin fragment="true" id="org.eclipse.ui.ide.nl_ar" unpack="false" version="3.5.0.v20090620043401" download-size="33665" install-size="33665" />
	<plugin fragment="true" id="org.eclipse.ui.intro.nl_ar" unpack="false" version="3.5.0.v20090620043401" download-size="3940" install-size="3940" />
	<plugin fragment="true" id="org.eclipse.ui.intro.universal.nl_ar" unpack="false" version="3.5.0.v20090620043401" download-size="6222" install-size="6222" />
	<plugin fragment="true" id="org.eclipse.ui.navigator.nl_ar" unpack="false" version="3.5.0.v20090620043401" download-size="4210" install-size="4210" />
	<plugin fragment="true" id="org.eclipse.ui.navigator.resources.nl_ar" unpack="false" version="3.5.0.v20090620043401" download-size="3702" install-size="3702" />
	<plugin fragment="true" id="org.eclipse.ui.net.nl_ar" unpack="false" version="3.5.0.v20090620043401" download-size="2475" install-size="2475" />
	<plugin fragment="true" id="org.eclipse.ui.nl_ar" unpack="false" version="3.5.0.v20090620043401" download-size="5824" install-size="5824" />
	<plugin fragment="true" id="org.eclipse.ui.presentations.r21.nl_ar" unpack="false" version="3.5.0.v20090620043401" download-size="2572" install-size="2572" />
	<plugin fragment="true" id="org.eclipse.ui.tests.views.properties.tabbed.nl_ar" unpack="false" version="3.5.0.v20090620043401" download-size="1412" install-size="1412" />
	<plugin fragment="true" id="org.eclipse.ui.views.log.nl_ar" unpack="false" version="3.5.0.v20090620043401" download-size="2854" install-size="2854" />
	<plugin fragment="true" id="org.eclipse.ui.views.nl_ar" unpack="false" version="3.5.0.v20090620043401" download-size="3314" install-size="3314" />
	<plugin fragment="true" id="org.eclipse.ui.views.properties.tabbed.nl_ar" unpack="false" version="3.5.0.v20090620043401" download-size="3179" install-size="3179" />
	<plugin fragment="true" id="org.eclipse.ui.workbench.nl_ar" unpack="false" version="3.5.0.v20090620043401" download-size="29897" install-size="29897" />
	<plugin fragment="true" id="org.eclipse.ui.workbench.texteditor.nl_ar" unpack="false" version="3.5.0.v20090620043401" download-size="12899" install-size="12899" />
	<plugin fragment="true" id="org.eclipse.ui.workbench.texteditor.tests.nl_ar" unpack="false" version="3.5.0.v20090620043401" download-size="1384" install-size="1384" />
	<plugin fragment="true" id="org.eclipse.update.configurator.nl_ar" unpack="false" version="3.5.0.v20090620043401" download-size="3728" install-size="3728" />
	<plugin fragment="true" id="org.eclipse.update.core.nl_ar" unpack="false" version="3.5.0.v20090620043401" download-size="9881" install-size="9881" />
	<plugin fragment="true" id="org.eclipse.update.scheduler.nl_ar" unpack="false" version="3.5.0.v20090620043401" download-size="3045" install-size="3045" />
	<plugin fragment="true" id="org.eclipse.update.tests.core.nl_ar" unpack="false" version="3.5.0.v20090620043401" download-size="1370" install-size="1370" />
	<plugin fragment="true" id="org.eclipse.update.ui.nl_ar" unpack="false" version="3.5.0.v20090620043401" download-size="10767" install-size="10767" />
	<plugin fragment="true" id="org.junit4.nl_ar" unpack="false" version="3.5.0.v20090620043401" download-size="1360" install-size="1360" />
	<plugin fragment="true" id="security.a.nl_ar" unpack="false" version="3.5.0.v20090620043401" download-size="1381" install-size="1381" />
</feature>