<?xml version="1.0" encoding="UTF-8" ?>
<feature
	id="org.eclipse.babel.nls_webtools.common_es"
	label="Babel Language Pack for webtools.common in Spanish (49.76%)"
	image="eclipse_update_120.jpg"
	provider-name="%providerName"
	version="3.5.0.v20090620043401">
	<copyright>
		%copyright
	</copyright>
	<license url="%licenseURL">
		%license
	</license>
	<description>Babel Language Pack for webtools.common in Spanish</description>
	<plugin fragment="true" id="org.eclipse.jem.util.nl_es" unpack="false" version="3.5.0.v20090620043401" download-size="1836" install-size="1836" />
	<plugin fragment="true" id="org.eclipse.jst.common.annotations.controller.nl_es" unpack="false" version="3.5.0.v20090620043401" download-size="2013" install-size="2013" />
	<plugin fragment="true" id="org.eclipse.jst.common.annotations.core.nl_es" unpack="false" version="3.5.0.v20090620043401" download-size="1791" install-size="1791" />
	<plugin fragment="true" id="org.eclipse.jst.common.annotations.ui.nl_es" unpack="false" version="3.5.0.v20090620043401" download-size="1720" install-size="1720" />
	<plugin fragment="true" id="org.eclipse.jst.common.fproj.enablement.jdt.sdk.nl_es" unpack="false" version="3.5.0.v20090620043401" download-size="1382" install-size="1382" />
	<plugin fragment="true" id="org.eclipse.jst.common.frameworks.nl_es" unpack="false" version="3.5.0.v20090620043401" download-size="1405" install-size="1405" />
	<plugin fragment="true" id="org.eclipse.jst.common.project.facet.core.nl_es" unpack="false" version="3.5.0.v20090620043401" download-size="3220" install-size="3220" />
	<plugin fragment="true" id="org.eclipse.jst.common.project.facet.ui.nl_es" unpack="false" version="3.5.0.v20090620043401" download-size="5105" install-size="5105" />
	<plugin fragment="true" id="org.eclipse.perfmsr.core.stub.nl_es" unpack="false" version="3.5.0.v20090620043401" download-size="1382" install-size="1382" />
	<plugin fragment="true" id="org.eclipse.wst.common.api.doc.nl_es" unpack="false" version="3.5.0.v20090620043401" download-size="1997" install-size="1997" />
	<plugin fragment="true" id="org.eclipse.wst.common.core.nl_es" unpack="false" version="3.5.0.v20090620043401" download-size="2643" install-size="2643" />
	<plugin fragment="true" id="org.eclipse.wst.common.emf.nl_es" unpack="false" version="3.5.0.v20090620043401" download-size="2059" install-size="2059" />
	<plugin fragment="true" id="org.eclipse.wst.common.emfworkbench.integration.nl_es" unpack="false" version="3.5.0.v20090620043401" download-size="2767" install-size="2767" />
	<plugin fragment="true" id="org.eclipse.wst.common.environment.nl_es" unpack="false" version="3.5.0.v20090620043401" download-size="3105" install-size="3105" />
	<plugin fragment="true" id="org.eclipse.wst.common.fproj.sdk.nl_es" unpack="false" version="3.5.0.v20090620043401" download-size="1373" install-size="1373" />
	<plugin fragment="true" id="org.eclipse.wst.common.frameworks.nl_es" unpack="false" version="3.5.0.v20090620043401" download-size="2825" install-size="2825" />
	<plugin fragment="true" id="org.eclipse.wst.common.frameworks.ui.nl_es" unpack="false" version="3.5.0.v20090620043401" download-size="4280" install-size="4280" />
	<plugin fragment="true" id="org.eclipse.wst.common.infopop.nl_es" unpack="false" version="3.5.0.v20090620043401" download-size="1408" install-size="1408" />
	<plugin fragment="true" id="org.eclipse.wst.common.modulecore.nl_es" unpack="false" version="3.5.0.v20090620043401" download-size="2176" install-size="2176" />
	<plugin fragment="true" id="org.eclipse.wst.common.project.facet.core.nl_es" unpack="false" version="3.5.0.v20090620043401" download-size="8897" install-size="8897" />
	<plugin fragment="true" id="org.eclipse.wst.common.project.facet.doc.api.nl_es" unpack="false" version="3.5.0.v20090620043401" download-size="1379" install-size="1379" />
	<plugin fragment="true" id="org.eclipse.wst.common.project.facet.ui.nl_es" unpack="false" version="3.5.0.v20090620043401" download-size="7661" install-size="7661" />
	<plugin fragment="true" id="org.eclipse.wst.common.snippets.nl_es" unpack="false" version="3.5.0.v20090620043401" download-size="3401" install-size="3401" />
	<plugin fragment="true" id="org.eclipse.wst.common.ui.nl_es" unpack="false" version="3.5.0.v20090620043401" download-size="5275" install-size="5275" />
	<plugin fragment="true" id="org.eclipse.wst.common.ui.properties.nl_es" unpack="false" version="3.5.0.v20090620043401" download-size="3343" install-size="3343" />
	<plugin fragment="true" id="org.eclipse.wst.common.uriresolver.nl_es" unpack="false" version="3.5.0.v20090620043401" download-size="1440" install-size="1440" />
	<plugin fragment="true" id="org.eclipse.wst.internet.cache.nl_es" unpack="false" version="3.5.0.v20090620043401" download-size="3140" install-size="3140" />
	<plugin fragment="true" id="org.eclipse.wst.validation.doc.isv.nl_es" unpack="false" version="3.5.0.v20090620043401" download-size="2005" install-size="2005" />
	<plugin fragment="true" id="org.eclipse.wst.validation.infopop.nl_es" unpack="false" version="3.5.0.v20090620043401" download-size="1416" install-size="1416" />
	<plugin fragment="true" id="org.eclipse.wst.validation.nl_es" unpack="false" version="3.5.0.v20090620043401" download-size="4831" install-size="4831" />
	<plugin fragment="true" id="org.eclipse.wst.validation.ui.nl_es" unpack="false" version="3.5.0.v20090620043401" download-size="3939" install-size="3939" />
</feature>