<?xml version="1.0" encoding="UTF-8" ?>
<feature
	id="org.eclipse.babel.nls_dsdp.mtj_sv"
	label="Babel Language Pack for dsdp.mtj in Swedish (5.86%)"
	image="eclipse_update_120.jpg"
	provider-name="%providerName"
	version="3.5.0.v20090620043401">
	<copyright>
		%copyright
	</copyright>
	<license url="%licenseURL">
		%license
	</license>
	<description>Babel Language Pack for dsdp.mtj in Swedish</description>
	<plugin fragment="true" id="org.eclipse.mtj.core.nl_sv" unpack="false" version="3.5.0.v20090620043401" download-size="2174" install-size="2174" />
	<plugin fragment="true" id="org.eclipse.mtj.eswt.templates.nl_sv" unpack="false" version="3.5.0.v20090620043401" download-size="2171" install-size="2171" />
	<plugin fragment="true" id="org.eclipse.mtj.jmunit.nl_sv" unpack="false" version="3.5.0.v20090620043401" download-size="2260" install-size="2260" />
	<plugin fragment="true" id="org.eclipse.mtj.pulsar.ui.nl_sv" unpack="false" version="3.5.0.v20090620043401" download-size="2373" install-size="2373" />
	<plugin fragment="true" id="org.eclipse.mtj.ui.nl_sv" unpack="false" version="3.5.0.v20090620043401" download-size="4983" install-size="4983" />
</feature>