<?xml version="1.0" encoding="UTF-8" ?>
<feature
	id="org.eclipse.babel.nls_webtools.servertools_ko"
	label="Babel Language Pack for webtools.servertools in Korean (72.18%)"
	image="eclipse_update_120.jpg"
	provider-name="%providerName"
	version="3.5.0.v20090620043401">
	<copyright>
		%copyright
	</copyright>
	<license url="%licenseURL">
		%license
	</license>
	<description>Babel Language Pack for webtools.servertools in Korean</description>
	<plugin fragment="true" id="org.apache.cactus.nl_ko" unpack="false" version="3.5.0.v20090620043401" download-size="1369" install-size="1369" />
	<plugin fragment="true" id="org.eclipse.jst.server.core.nl_ko" unpack="false" version="3.5.0.v20090620043401" download-size="3473" install-size="3473" />
	<plugin fragment="true" id="org.eclipse.jst.server.generic.core.nl_ko" unpack="false" version="3.5.0.v20090620043401" download-size="3691" install-size="3691" />
	<plugin fragment="true" id="org.eclipse.jst.server.generic.jboss.nl_ko" unpack="false" version="3.5.0.v20090620043401" download-size="1817" install-size="1817" />
	<plugin fragment="true" id="org.eclipse.jst.server.generic.jonas.nl_ko" unpack="false" version="3.5.0.v20090620043401" download-size="1846" install-size="1846" />
	<plugin fragment="true" id="org.eclipse.jst.server.generic.oc4j.nl_ko" unpack="false" version="3.5.0.v20090620043401" download-size="1975" install-size="1975" />
	<plugin fragment="true" id="org.eclipse.jst.server.generic.ui.nl_ko" unpack="false" version="3.5.0.v20090620043401" download-size="3081" install-size="3081" />
	<plugin fragment="true" id="org.eclipse.jst.server.installable.nl_ko" unpack="false" version="3.5.0.v20090620043401" download-size="1452" install-size="1452" />
	<plugin fragment="true" id="org.eclipse.jst.server.preview.adapter.nl_ko" unpack="false" version="3.5.0.v20090620043401" download-size="2868" install-size="2868" />
	<plugin fragment="true" id="org.eclipse.jst.server.tomcat.core.nl_ko" unpack="false" version="3.5.0.v20090620043401" download-size="5018" install-size="5018" />
	<plugin fragment="true" id="org.eclipse.jst.server.tomcat.ui.nl_ko" unpack="false" version="3.5.0.v20090620043401" download-size="3536" install-size="3536" />
	<plugin fragment="true" id="org.eclipse.jst.server.ui.doc.user.nl_ko" unpack="false" version="3.5.0.v20090620043401" download-size="1374" install-size="1374" />
	<plugin fragment="true" id="org.eclipse.jst.server.ui.infopop.nl_ko" unpack="false" version="3.5.0.v20090620043401" download-size="1444" install-size="1444" />
	<plugin fragment="true" id="org.eclipse.jst.server.ui.nl_ko" unpack="false" version="3.5.0.v20090620043401" download-size="2889" install-size="2889" />
	<plugin fragment="true" id="org.eclipse.jst.server.websphere.core.nl_ko" unpack="false" version="3.5.0.v20090620043401" download-size="1713" install-size="1713" />
	<plugin fragment="true" id="org.eclipse.servertools.doc.isv.nl_ko" unpack="false" version="3.5.0.v20090620043401" download-size="1371" install-size="1371" />
	<plugin fragment="true" id="org.eclipse.wst.internet.monitor.core.nl_ko" unpack="false" version="3.5.0.v20090620043401" download-size="2966" install-size="2966" />
	<plugin fragment="true" id="org.eclipse.wst.internet.monitor.ui.nl_ko" unpack="false" version="3.5.0.v20090620043401" download-size="3475" install-size="3475" />
	<plugin fragment="true" id="org.eclipse.wst.server.core.nl_ko" unpack="false" version="3.5.0.v20090620043401" download-size="3957" install-size="3957" />
	<plugin fragment="true" id="org.eclipse.wst.server.discovery.nl_ko" unpack="false" version="3.5.0.v20090620043401" download-size="2672" install-size="2672" />
	<plugin fragment="true" id="org.eclipse.wst.server.http.core.nl_ko" unpack="false" version="3.5.0.v20090620043401" download-size="2786" install-size="2786" />
	<plugin fragment="true" id="org.eclipse.wst.server.http.ui.nl_ko" unpack="false" version="3.5.0.v20090620043401" download-size="2572" install-size="2572" />
	<plugin fragment="true" id="org.eclipse.wst.server.preview.adapter.nl_ko" unpack="false" version="3.5.0.v20090620043401" download-size="3024" install-size="3024" />
	<plugin fragment="true" id="org.eclipse.wst.server.preview.nl_ko" unpack="false" version="3.5.0.v20090620043401" download-size="2859" install-size="2859" />
	<plugin fragment="true" id="org.eclipse.wst.server.ui.doc.user.nl_ko" unpack="false" version="3.5.0.v20090620043401" download-size="1399" install-size="1399" />
	<plugin fragment="true" id="org.eclipse.wst.server.ui.infopop.nl_ko" unpack="false" version="3.5.0.v20090620043401" download-size="1443" install-size="1443" />
	<plugin fragment="true" id="org.eclipse.wst.server.ui.nl_ko" unpack="false" version="3.5.0.v20090620043401" download-size="7358" install-size="7358" />
</feature>