<?xml version="1.0" encoding="UTF-8" ?>
<feature
	id="org.eclipse.babel.nls_technology.subversive_hu"
	label="Babel Language Pack for technology.subversive in Hungarian (18.19%)"
	image="eclipse_update_120.jpg"
	provider-name="%providerName"
	version="3.5.0.v20090620043401">
	<copyright>
		%copyright
	</copyright>
	<license url="%licenseURL">
		%license
	</license>
	<description>Babel Language Pack for technology.subversive in Hungarian</description>
	<plugin fragment="true" id="org.eclipse.team.svn.core.nl_hu" unpack="false" version="3.5.0.v20090620043401" download-size="2829" install-size="2829" />
	<plugin fragment="true" id="org.eclipse.team.svn.mylyn.nl_hu" unpack="false" version="3.5.0.v20090620043401" download-size="1371" install-size="1371" />
	<plugin fragment="true" id="org.eclipse.team.svn.ui.nl_hu" unpack="false" version="3.5.0.v20090620043401" download-size="7489" install-size="7489" />
</feature>