<?xml version="1.0" encoding="UTF-8" ?>
<feature
	id="org.eclipse.babel.nls_webtools.ejbtools_et"
	label="Babel Language Pack for webtools.ejbtools in Estonian (0.56%)"
	image="eclipse_update_120.jpg"
	provider-name="%providerName"
	version="3.5.0.v20090620043401">
	<copyright>
		%copyright
	</copyright>
	<license url="%licenseURL">
		%license
	</license>
	<description>Babel Language Pack for webtools.ejbtools in Estonian</description>
	<plugin fragment="true" id="org.eclipse.jst.ejb.ui.infopop.nl_et" unpack="false" version="3.5.0.v20090620043401" download-size="1373" install-size="1373" />
	<plugin fragment="true" id="org.eclipse.jst.ejb.ui.nl_et" unpack="false" version="3.5.0.v20090620043401" download-size="1367" install-size="1367" />
	<plugin fragment="true" id="org.eclipse.jst.j2ee.ejb.annotation.model.nl_et" unpack="false" version="3.5.0.v20090620043401" download-size="1603" install-size="1603" />
	<plugin fragment="true" id="org.eclipse.jst.j2ee.ejb.annotations.emitter.nl_et" unpack="false" version="3.5.0.v20090620043401" download-size="1383" install-size="1383" />
	<plugin fragment="true" id="org.eclipse.jst.j2ee.ejb.annotations.ui.nl_et" unpack="false" version="3.5.0.v20090620043401" download-size="1381" install-size="1381" />
	<plugin fragment="true" id="org.eclipse.jst.j2ee.ejb.annotations.xdoclet.nl_et" unpack="false" version="3.5.0.v20090620043401" download-size="1385" install-size="1385" />
	<plugin fragment="true" id="org.eclipse.jst.j2ee.ejb.nl_et" unpack="false" version="3.5.0.v20090620043401" download-size="1621" install-size="1621" />
	<plugin fragment="true" id="org.eclipse.jst.jee.ejb.nl_et" unpack="false" version="3.5.0.v20090620043401" download-size="1371" install-size="1371" />
</feature>