<?xml version="1.0" encoding="UTF-8" ?>
<feature
	id="org.eclipse.babel.nls_birt_pl"
	label="Babel Language Pack for birt in Polish (15.01%)"
	image="eclipse_update_120.jpg"
	provider-name="%providerName"
	version="3.5.0.v20090620043401">
	<copyright>
		%copyright
	</copyright>
	<license url="%licenseURL">
		%license
	</license>
	<description>Babel Language Pack for birt in Polish</description>
	<plugin fragment="true" id="org.eclipse.birt.chart.device.extension.nl_pl" unpack="false" version="3.5.0.v20090620043401" download-size="2380" install-size="2380" />
	<plugin fragment="true" id="org.eclipse.birt.chart.engine.extension.nl_pl" unpack="false" version="3.5.0.v20090620043401" download-size="2445" install-size="2445" />
	<plugin fragment="true" id="org.eclipse.birt.chart.engine.nl_pl" unpack="false" version="3.5.0.v20090620043401" download-size="2948" install-size="2948" />
	<plugin fragment="true" id="org.eclipse.birt.chart.examples.nl_pl" unpack="false" version="3.5.0.v20090620043401" download-size="2391" install-size="2391" />
	<plugin fragment="true" id="org.eclipse.birt.chart.integration.wtp.ui.nl_pl" unpack="false" version="3.5.0.v20090620043401" download-size="2770" install-size="2770" />
	<plugin fragment="true" id="org.eclipse.birt.chart.reportitem.nl_pl" unpack="false" version="3.5.0.v20090620043401" download-size="2202" install-size="2202" />
	<plugin fragment="true" id="org.eclipse.birt.chart.reportitem.ui.nl_pl" unpack="false" version="3.5.0.v20090620043401" download-size="2654" install-size="2654" />
	<plugin fragment="true" id="org.eclipse.birt.chart.ui.extension.nl_pl" unpack="false" version="3.5.0.v20090620043401" download-size="4156" install-size="4156" />
	<plugin fragment="true" id="org.eclipse.birt.chart.ui.nl_pl" unpack="false" version="3.5.0.v20090620043401" download-size="2365" install-size="2365" />
	<plugin fragment="true" id="org.eclipse.birt.core.script.function.nl_pl" unpack="false" version="3.5.0.v20090620043401" download-size="1490" install-size="1490" />
	<plugin fragment="true" id="org.eclipse.birt.core.ui.nl_pl" unpack="false" version="3.5.0.v20090620043401" download-size="2290" install-size="2290" />
	<plugin fragment="true" id="org.eclipse.birt.data.aggregation.nl_pl" unpack="false" version="3.5.0.v20090620043401" download-size="2186" install-size="2186" />
	<plugin fragment="true" id="org.eclipse.birt.data.nl_pl" unpack="false" version="3.5.0.v20090620043401" download-size="2147" install-size="2147" />
	<plugin fragment="true" id="org.eclipse.birt.data.tests.nl_pl" unpack="false" version="3.5.0.v20090620043401" download-size="1385" install-size="1385" />
	<plugin fragment="true" id="org.eclipse.birt.integration.wtp.ui.nl_pl" unpack="false" version="3.5.0.v20090620043401" download-size="2721" install-size="2721" />
	<plugin fragment="true" id="org.eclipse.birt.report.data.oda.jdbc.nl_pl" unpack="false" version="3.5.0.v20090620043401" download-size="1407" install-size="1407" />
	<plugin fragment="true" id="org.eclipse.birt.report.data.oda.jdbc.ui.nl_pl" unpack="false" version="3.5.0.v20090620043401" download-size="3239" install-size="3239" />
	<plugin fragment="true" id="org.eclipse.birt.report.data.oda.sampledb.nl_pl" unpack="false" version="3.5.0.v20090620043401" download-size="1385" install-size="1385" />
	<plugin fragment="true" id="org.eclipse.birt.report.data.oda.sampledb.ui.nl_pl" unpack="false" version="3.5.0.v20090620043401" download-size="1386" install-size="1386" />
	<plugin fragment="true" id="org.eclipse.birt.report.debug.ui.nl_pl" unpack="false" version="3.5.0.v20090620043401" download-size="2758" install-size="2758" />
	<plugin fragment="true" id="org.eclipse.birt.report.designer.core.nl_pl" unpack="false" version="3.5.0.v20090620043401" download-size="9788" install-size="9788" />
	<plugin fragment="true" id="org.eclipse.birt.report.designer.tests.nl_pl" unpack="false" version="3.5.0.v20090620043401" download-size="2617" install-size="2617" />
	<plugin fragment="true" id="org.eclipse.birt.report.designer.ui.cubebuilder.nl_pl" unpack="false" version="3.5.0.v20090620043401" download-size="3011" install-size="3011" />
	<plugin fragment="true" id="org.eclipse.birt.report.designer.ui.ide.nl_pl" unpack="false" version="3.5.0.v20090620043401" download-size="1401" install-size="1401" />
	<plugin fragment="true" id="org.eclipse.birt.report.designer.ui.nl_pl" unpack="false" version="3.5.0.v20090620043401" download-size="1504" install-size="1504" />
	<plugin fragment="true" id="org.eclipse.birt.report.designer.ui.preview.nl_pl" unpack="false" version="3.5.0.v20090620043401" download-size="1404" install-size="1404" />
	<plugin fragment="true" id="org.eclipse.birt.report.designer.ui.preview.web.nl_pl" unpack="false" version="3.5.0.v20090620043401" download-size="1446" install-size="1446" />
	<plugin fragment="true" id="org.eclipse.birt.report.designer.ui.rcp.nl_pl" unpack="false" version="3.5.0.v20090620043401" download-size="3049" install-size="3049" />
	<plugin fragment="true" id="org.eclipse.birt.report.designer.ui.samples.ide.nl_pl" unpack="false" version="3.5.0.v20090620043401" download-size="2828" install-size="2828" />
	<plugin fragment="true" id="org.eclipse.birt.report.engine.emitter.config.html.nl_pl" unpack="false" version="3.5.0.v20090620043401" download-size="2796" install-size="2796" />
	<plugin fragment="true" id="org.eclipse.birt.report.engine.nl_pl" unpack="false" version="3.5.0.v20090620043401" download-size="2154" install-size="2154" />
	<plugin fragment="true" id="org.eclipse.birt.report.item.crosstab.core.nl_pl" unpack="false" version="3.5.0.v20090620043401" download-size="2532" install-size="2532" />
	<plugin fragment="true" id="org.eclipse.birt.report.item.crosstab.ui.nl_pl" unpack="false" version="3.5.0.v20090620043401" download-size="3482" install-size="3482" />
	<plugin fragment="true" id="org.eclipse.birt.report.model.nl_pl" unpack="false" version="3.5.0.v20090620043401" download-size="5704" install-size="5704" />
	<plugin fragment="true" id="org.eclipse.birt.report.model.tests.nl_pl" unpack="false" version="3.5.0.v20090620043401" download-size="2313" install-size="2313" />
	<plugin fragment="true" id="org.eclipse.birt.report.viewer.nl_pl" unpack="false" version="3.5.0.v20090620043401" download-size="3306" install-size="3306" />
	<plugin fragment="true" id="org.eclipse.birt.tests.data.nl_pl" unpack="false" version="3.5.0.v20090620043401" download-size="1384" install-size="1384" />
</feature>