<?xml version="1.0" encoding="UTF-8" ?>
<feature
	id="org.eclipse.babel.nls_tptp.platform_cs"
	label="Babel Language Pack for tptp.platform in Czech (17.24%)"
	image="eclipse_update_120.jpg"
	provider-name="%providerName"
	version="3.5.0.v20090620043401">
	<copyright>
		%copyright
	</copyright>
	<license url="%licenseURL">
		%license
	</license>
	<description>Babel Language Pack for tptp.platform in Czech</description>
	<plugin fragment="true" id="org.eclipse.hyades.analysis.engine.nl_cs" unpack="false" version="3.5.0.v20090620043401" download-size="1373" install-size="1373" />
	<plugin fragment="true" id="org.eclipse.hyades.logging.adapter.nl_cs" unpack="false" version="3.5.0.v20090620043401" download-size="3076" install-size="3076" />
	<plugin fragment="true" id="org.eclipse.hyades.logging.adapter.ui.nl_cs" unpack="false" version="3.5.0.v20090620043401" download-size="4589" install-size="4589" />
	<plugin fragment="true" id="org.eclipse.hyades.logging.parsers.nl_cs" unpack="false" version="3.5.0.v20090620043401" download-size="2459" install-size="2459" />
	<plugin fragment="true" id="org.eclipse.hyades.probekit.ui.nl_cs" unpack="false" version="3.5.0.v20090620043401" download-size="3974" install-size="3974" />
	<plugin fragment="true" id="org.eclipse.hyades.resources.database.nl_cs" unpack="false" version="3.5.0.v20090620043401" download-size="1377" install-size="1377" />
	<plugin fragment="true" id="org.eclipse.hyades.sdb.nl_cs" unpack="false" version="3.5.0.v20090620043401" download-size="6375" install-size="6375" />
	<plugin fragment="true" id="org.eclipse.hyades.statistical.ui.nl_cs" unpack="false" version="3.5.0.v20090620043401" download-size="1378" install-size="1378" />
	<plugin fragment="true" id="org.eclipse.hyades.test.core.nl_cs" unpack="false" version="3.5.0.v20090620043401" download-size="3279" install-size="3279" />
	<plugin fragment="true" id="org.eclipse.hyades.test.tools.ui.nl_cs" unpack="false" version="3.5.0.v20090620043401" download-size="3566" install-size="3566" />
	<plugin fragment="true" id="org.eclipse.hyades.test.ui.extensions.nl_cs" unpack="false" version="3.5.0.v20090620043401" download-size="2672" install-size="2672" />
	<plugin fragment="true" id="org.eclipse.hyades.test.ui.nl_cs" unpack="false" version="3.5.0.v20090620043401" download-size="9209" install-size="9209" />
	<plugin fragment="true" id="org.eclipse.hyades.trace.ui.nl_cs" unpack="false" version="3.5.0.v20090620043401" download-size="5936" install-size="5936" />
	<plugin fragment="true" id="org.eclipse.hyades.trace.views.nl_cs" unpack="false" version="3.5.0.v20090620043401" download-size="2647" install-size="2647" />
	<plugin fragment="true" id="org.eclipse.hyades.ui.nl_cs" unpack="false" version="3.5.0.v20090620043401" download-size="1378" install-size="1378" />
	<plugin fragment="true" id="org.eclipse.tptp.lta.gla.ui.epi.nl_cs" unpack="false" version="3.5.0.v20090620043401" download-size="1372" install-size="1372" />
	<plugin fragment="true" id="org.eclipse.tptp.lta.log.epi.nl_cs" unpack="false" version="3.5.0.v20090620043401" download-size="1434" install-size="1434" />
	<plugin fragment="true" id="org.eclipse.tptp.lta.runtime.nl_cs" unpack="false" version="3.5.0.v20090620043401" download-size="1371" install-size="1371" />
	<plugin fragment="true" id="org.eclipse.tptp.lta.sdb.epi.nl_cs" unpack="false" version="3.5.0.v20090620043401" download-size="1373" install-size="1373" />
	<plugin fragment="true" id="org.eclipse.tptp.lta.symptom.epi.nl_cs" unpack="false" version="3.5.0.v20090620043401" download-size="1375" install-size="1375" />
	<plugin fragment="true" id="org.eclipse.tptp.monitoring.la.core.nl_cs" unpack="false" version="3.5.0.v20090620043401" download-size="1374" install-size="1374" />
	<plugin fragment="true" id="org.eclipse.tptp.monitoring.logui.nl_cs" unpack="false" version="3.5.0.v20090620043401" download-size="2776" install-size="2776" />
	<plugin fragment="true" id="org.eclipse.tptp.monitoring.lta.doc.isv.nl_cs" unpack="false" version="3.5.0.v20090620043401" download-size="1377" install-size="1377" />
	<plugin fragment="true" id="org.eclipse.tptp.monitoring.lta.doc.user.nl_cs" unpack="false" version="3.5.0.v20090620043401" download-size="1377" install-size="1377" />
	<plugin fragment="true" id="org.eclipse.tptp.monitoring.lta.examples.isv.nl_cs" unpack="false" version="3.5.0.v20090620043401" download-size="2943" install-size="2943" />
	<plugin fragment="true" id="org.eclipse.tptp.monitoring.lta.examples.nl_cs" unpack="false" version="3.5.0.v20090620043401" download-size="2698" install-size="2698" />
	<plugin fragment="true" id="org.eclipse.tptp.monitoring.managedagent.jmx.nl_cs" unpack="false" version="3.5.0.v20090620043401" download-size="2695" install-size="2695" />
	<plugin fragment="true" id="org.eclipse.tptp.monitoring.managedagent.ui.nl_cs" unpack="false" version="3.5.0.v20090620043401" download-size="4943" install-size="4943" />
	<plugin fragment="true" id="org.eclipse.tptp.monitoring.profile.server.nl_cs" unpack="false" version="3.5.0.v20090620043401" download-size="1380" install-size="1380" />
	<plugin fragment="true" id="org.eclipse.tptp.monitoring.report.birt.nl_cs" unpack="false" version="3.5.0.v20090620043401" download-size="2599" install-size="2599" />
	<plugin fragment="true" id="org.eclipse.tptp.monitoring.symptom.doc.user.nl_cs" unpack="false" version="3.5.0.v20090620043401" download-size="1380" install-size="1380" />
	<plugin fragment="true" id="org.eclipse.tptp.monitoring.symptom.editor.nl_cs" unpack="false" version="3.5.0.v20090620043401" download-size="1378" install-size="1378" />
	<plugin fragment="true" id="org.eclipse.tptp.platform.agentcontroller.nl_cs" unpack="false" version="3.5.0.v20090620043401" download-size="2603" install-size="2603" />
	<plugin fragment="true" id="org.eclipse.tptp.platform.analysis.codereview.cpp.nl_cs" unpack="false" version="3.5.0.v20090620043401" download-size="1384" install-size="1384" />
	<plugin fragment="true" id="org.eclipse.tptp.platform.analysis.codereview.cpp.rules.nl_cs" unpack="false" version="3.5.0.v20090620043401" download-size="1499" install-size="1499" />
	<plugin fragment="true" id="org.eclipse.tptp.platform.analysis.codereview.java.nl_cs" unpack="false" version="3.5.0.v20090620043401" download-size="1416" install-size="1416" />
	<plugin fragment="true" id="org.eclipse.tptp.platform.analysis.codereview.java.rules.nl_cs" unpack="false" version="3.5.0.v20090620043401" download-size="1568" install-size="1568" />
	<plugin fragment="true" id="org.eclipse.tptp.platform.analysis.core.nl_cs" unpack="false" version="3.5.0.v20090620043401" download-size="2527" install-size="2527" />
	<plugin fragment="true" id="org.eclipse.tptp.platform.analysis.core.ui.nl_cs" unpack="false" version="3.5.0.v20090620043401" download-size="2984" install-size="2984" />
	<plugin fragment="true" id="org.eclipse.tptp.platform.common.nl_cs" unpack="false" version="3.5.0.v20090620043401" download-size="2320" install-size="2320" />
	<plugin fragment="true" id="org.eclipse.tptp.platform.common.ui.nl_cs" unpack="false" version="3.5.0.v20090620043401" download-size="4876" install-size="4876" />
	<plugin fragment="true" id="org.eclipse.tptp.platform.common.ui.trace.nl_cs" unpack="false" version="3.5.0.v20090620043401" download-size="3103" install-size="3103" />
	<plugin fragment="true" id="org.eclipse.tptp.platform.examples.isv.nl_cs" unpack="false" version="3.5.0.v20090620043401" download-size="2652" install-size="2652" />
	<plugin fragment="true" id="org.eclipse.tptp.platform.examples.nl_cs" unpack="false" version="3.5.0.v20090620043401" download-size="1414" install-size="1414" />
	<plugin fragment="true" id="org.eclipse.tptp.platform.iac.administrator.nl_cs" unpack="false" version="3.5.0.v20090620043401" download-size="3315" install-size="3315" />
	<plugin fragment="true" id="org.eclipse.tptp.platform.instrumentation.ui.nl_cs" unpack="false" version="3.5.0.v20090620043401" download-size="3229" install-size="3229" />
	<plugin fragment="true" id="org.eclipse.tptp.platform.integration.pde.nl_cs" unpack="false" version="3.5.0.v20090620043401" download-size="2729" install-size="2729" />
	<plugin fragment="true" id="org.eclipse.tptp.platform.la.core.nl_cs" unpack="false" version="3.5.0.v20090620043401" download-size="2642" install-size="2642" />
	<plugin fragment="true" id="org.eclipse.tptp.platform.llc.core.nl_cs" unpack="false" version="3.5.0.v20090620043401" download-size="1373" install-size="1373" />
	<plugin fragment="true" id="org.eclipse.tptp.platform.llc.doc.user.nl_cs" unpack="false" version="3.5.0.v20090620043401" download-size="1377" install-size="1377" />
	<plugin fragment="true" id="org.eclipse.tptp.platform.llc.launch.nl_cs" unpack="false" version="3.5.0.v20090620043401" download-size="2847" install-size="2847" />
	<plugin fragment="true" id="org.eclipse.tptp.platform.llc.ui.nl_cs" unpack="false" version="3.5.0.v20090620043401" download-size="1372" install-size="1372" />
	<plugin fragment="true" id="org.eclipse.tptp.platform.log.doc.user.nl_cs" unpack="false" version="3.5.0.v20090620043401" download-size="1376" install-size="1376" />
	<plugin fragment="true" id="org.eclipse.tptp.platform.log.views.nl_cs" unpack="false" version="3.5.0.v20090620043401" download-size="3854" install-size="3854" />
	<plugin fragment="true" id="org.eclipse.tptp.platform.lta.common.nl_cs" unpack="false" version="3.5.0.v20090620043401" download-size="2426" install-size="2426" />
	<plugin fragment="true" id="org.eclipse.tptp.platform.models.lta.nl_cs" unpack="false" version="3.5.0.v20090620043401" download-size="1374" install-size="1374" />
	<plugin fragment="true" id="org.eclipse.tptp.platform.models.nl_cs" unpack="false" version="3.5.0.v20090620043401" download-size="3173" install-size="3173" />
	<plugin fragment="true" id="org.eclipse.tptp.platform.probekit.launch.nl_cs" unpack="false" version="3.5.0.v20090620043401" download-size="3659" install-size="3659" />
	<plugin fragment="true" id="org.eclipse.tptp.platform.report.birt.nl_cs" unpack="false" version="3.5.0.v20090620043401" download-size="1381" install-size="1381" />
	<plugin fragment="true" id="org.eclipse.tptp.platform.report.birt.ui.nl_cs" unpack="false" version="3.5.0.v20090620043401" download-size="2526" install-size="2526" />
	<plugin fragment="true" id="org.eclipse.tptp.platform.report.core.nl_cs" unpack="false" version="3.5.0.v20090620043401" download-size="1462" install-size="1462" />
	<plugin fragment="true" id="org.eclipse.tptp.platform.report.ui.nl_cs" unpack="false" version="3.5.0.v20090620043401" download-size="1477" install-size="1477" />
	<plugin fragment="true" id="org.eclipse.tptp.test.auto.gui.nl_cs" unpack="false" version="3.5.0.v20090620043401" download-size="2864" install-size="2864" />
	<plugin fragment="true" id="org.eclipse.tptp.test.auto.nl_cs" unpack="false" version="3.5.0.v20090620043401" download-size="1368" install-size="1368" />
	<plugin fragment="true" id="org.eclipse.tptp.test.recorders.url.nl_cs" unpack="false" version="3.5.0.v20090620043401" download-size="4754" install-size="4754" />
	<plugin fragment="true" id="org.eclipse.tptp.test.report.birt.nl_cs" unpack="false" version="3.5.0.v20090620043401" download-size="3402" install-size="3402" />
	<plugin fragment="true" id="org.eclipse.tptp.test.samples.nl_cs" unpack="false" version="3.5.0.v20090620043401" download-size="2835" install-size="2835" />
	<plugin fragment="true" id="org.eclipse.tptp.test.tools.junit.plugin.nl_cs" unpack="false" version="3.5.0.v20090620043401" download-size="3217" install-size="3217" />
	<plugin fragment="true" id="org.eclipse.tptp.test.tools.manual.doc.user.nl_cs" unpack="false" version="3.5.0.v20090620043401" download-size="1378" install-size="1378" />
	<plugin fragment="true" id="org.eclipse.tptp.test.tools.manual.nl_cs" unpack="false" version="3.5.0.v20090620043401" download-size="4114" install-size="4114" />
	<plugin fragment="true" id="org.eclipse.tptp.trace.arm.nl_cs" unpack="false" version="3.5.0.v20090620043401" download-size="1405" install-size="1405" />
	<plugin fragment="true" id="org.eclipse.tptp.trace.arm.ui.nl_cs" unpack="false" version="3.5.0.v20090620043401" download-size="2494" install-size="2494" />
	<plugin fragment="true" id="org.eclipse.tptp.trace.jvmti.client.nl_cs" unpack="false" version="3.5.0.v20090620043401" download-size="2761" install-size="2761" />
	<plugin fragment="true" id="org.eclipse.tptp.trace.memory.nl_cs" unpack="false" version="3.5.0.v20090620043401" download-size="1374" install-size="1374" />
	<plugin fragment="true" id="org.eclipse.tptp.trace.report.birt.nl_cs" unpack="false" version="3.5.0.v20090620043401" download-size="2508" install-size="2508" />
</feature>