<?xml version="1.0" encoding="UTF-8" ?>
<feature
	id="org.eclipse.babel.nls_modeling.emft_uk"
	label="Babel Language Pack for modeling.emft in Ukrainian (6.05%)"
	image="eclipse_update_120.jpg"
	provider-name="%providerName"
	version="3.5.0.v20090620043401">
	<copyright>
		%copyright
	</copyright>
	<license url="%licenseURL">
		%license
	</license>
	<description>Babel Language Pack for modeling.emft in Ukrainian</description>
	<plugin fragment="true" id="org.eclipse.emf.compare.diff.edit.nl_uk" unpack="false" version="3.5.0.v20090620043401" download-size="1521" install-size="1521" />
	<plugin fragment="true" id="org.eclipse.emf.compare.diff.nl_uk" unpack="false" version="3.5.0.v20090620043401" download-size="1372" install-size="1372" />
	<plugin fragment="true" id="org.eclipse.emf.compare.epatch.nl_uk" unpack="false" version="3.5.0.v20090620043401" download-size="1374" install-size="1374" />
	<plugin fragment="true" id="org.eclipse.emf.compare.match.nl_uk" unpack="false" version="3.5.0.v20090620043401" download-size="1483" install-size="1483" />
	<plugin fragment="true" id="org.eclipse.emf.compare.nl_uk" unpack="false" version="3.5.0.v20090620043401" download-size="1369" install-size="1369" />
	<plugin fragment="true" id="org.eclipse.emf.compare.tests.nl_uk" unpack="false" version="3.5.0.v20090620043401" download-size="1372" install-size="1372" />
	<plugin fragment="true" id="org.eclipse.emf.compare.ui.nl_uk" unpack="false" version="3.5.0.v20090620043401" download-size="3058" install-size="3058" />
	<plugin fragment="true" id="org.eclipse.emf.mwe.activities.nl_uk" unpack="false" version="3.5.0.v20090620043401" download-size="1373" install-size="1373" />
	<plugin fragment="true" id="org.eclipse.emf.mwe.core.nl_uk" unpack="false" version="3.5.0.v20090620043401" download-size="1369" install-size="1369" />
	<plugin fragment="true" id="org.eclipse.emf.mwe.doc.nl_uk" unpack="false" version="3.5.0.v20090620043401" download-size="1604" install-size="1604" />
	<plugin fragment="true" id="org.eclipse.emf.mwe.examples.nl_uk" unpack="false" version="3.5.0.v20090620043401" download-size="1373" install-size="1373" />
	<plugin fragment="true" id="org.eclipse.emf.mwe.tests.nl_uk" unpack="false" version="3.5.0.v20090620043401" download-size="1579" install-size="1579" />
	<plugin fragment="true" id="org.eclipse.emf.mwe.ui.editor.nl_uk" unpack="false" version="3.5.0.v20090620043401" download-size="2593" install-size="2593" />
	<plugin fragment="true" id="org.eclipse.emf.mwe.ui.nl_uk" unpack="false" version="3.5.0.v20090620043401" download-size="2259" install-size="2259" />
	<plugin fragment="true" id="org.eclipse.emf.mwe.ui.simpleEditor.nl_uk" unpack="false" version="3.5.0.v20090620043401" download-size="1376" install-size="1376" />
	<plugin fragment="true" id="org.eclipse.emf.mwe.utils.nl_uk" unpack="false" version="3.5.0.v20090620043401" download-size="1370" install-size="1370" />
</feature>