<?xml version="1.0" encoding="UTF-8" ?>
<feature
	id="org.eclipse.babel.nls_webtools.servertools_tr"
	label="Babel Language Pack for webtools.servertools in Turkish (72.9%)"
	image="eclipse_update_120.jpg"
	provider-name="%providerName"
	version="3.5.0.v20090620043401">
	<copyright>
		%copyright
	</copyright>
	<license url="%licenseURL">
		%license
	</license>
	<description>Babel Language Pack for webtools.servertools in Turkish</description>
	<plugin fragment="true" id="org.apache.cactus.nl_tr" unpack="false" version="3.5.0.v20090620043401" download-size="1370" install-size="1370" />
	<plugin fragment="true" id="org.eclipse.jst.server.core.nl_tr" unpack="false" version="3.5.0.v20090620043401" download-size="3333" install-size="3333" />
	<plugin fragment="true" id="org.eclipse.jst.server.generic.core.nl_tr" unpack="false" version="3.5.0.v20090620043401" download-size="3616" install-size="3616" />
	<plugin fragment="true" id="org.eclipse.jst.server.generic.jboss.nl_tr" unpack="false" version="3.5.0.v20090620043401" download-size="1770" install-size="1770" />
	<plugin fragment="true" id="org.eclipse.jst.server.generic.jonas.nl_tr" unpack="false" version="3.5.0.v20090620043401" download-size="1779" install-size="1779" />
	<plugin fragment="true" id="org.eclipse.jst.server.generic.oc4j.nl_tr" unpack="false" version="3.5.0.v20090620043401" download-size="1890" install-size="1890" />
	<plugin fragment="true" id="org.eclipse.jst.server.generic.ui.nl_tr" unpack="false" version="3.5.0.v20090620043401" download-size="2992" install-size="2992" />
	<plugin fragment="true" id="org.eclipse.jst.server.installable.nl_tr" unpack="false" version="3.5.0.v20090620043401" download-size="1420" install-size="1420" />
	<plugin fragment="true" id="org.eclipse.jst.server.preview.adapter.nl_tr" unpack="false" version="3.5.0.v20090620043401" download-size="2771" install-size="2771" />
	<plugin fragment="true" id="org.eclipse.jst.server.tomcat.core.nl_tr" unpack="false" version="3.5.0.v20090620043401" download-size="4789" install-size="4789" />
	<plugin fragment="true" id="org.eclipse.jst.server.tomcat.ui.nl_tr" unpack="false" version="3.5.0.v20090620043401" download-size="3488" install-size="3488" />
	<plugin fragment="true" id="org.eclipse.jst.server.ui.doc.user.nl_tr" unpack="false" version="3.5.0.v20090620043401" download-size="1437" install-size="1437" />
	<plugin fragment="true" id="org.eclipse.jst.server.ui.infopop.nl_tr" unpack="false" version="3.5.0.v20090620043401" download-size="1413" install-size="1413" />
	<plugin fragment="true" id="org.eclipse.jst.server.ui.nl_tr" unpack="false" version="3.5.0.v20090620043401" download-size="2852" install-size="2852" />
	<plugin fragment="true" id="org.eclipse.jst.server.websphere.core.nl_tr" unpack="false" version="3.5.0.v20090620043401" download-size="1677" install-size="1677" />
	<plugin fragment="true" id="org.eclipse.servertools.doc.isv.nl_tr" unpack="false" version="3.5.0.v20090620043401" download-size="1372" install-size="1372" />
	<plugin fragment="true" id="org.eclipse.wst.internet.monitor.core.nl_tr" unpack="false" version="3.5.0.v20090620043401" download-size="2920" install-size="2920" />
	<plugin fragment="true" id="org.eclipse.wst.internet.monitor.ui.nl_tr" unpack="false" version="3.5.0.v20090620043401" download-size="3389" install-size="3389" />
	<plugin fragment="true" id="org.eclipse.wst.server.core.nl_tr" unpack="false" version="3.5.0.v20090620043401" download-size="3845" install-size="3845" />
	<plugin fragment="true" id="org.eclipse.wst.server.discovery.nl_tr" unpack="false" version="3.5.0.v20090620043401" download-size="2650" install-size="2650" />
	<plugin fragment="true" id="org.eclipse.wst.server.http.core.nl_tr" unpack="false" version="3.5.0.v20090620043401" download-size="2709" install-size="2709" />
	<plugin fragment="true" id="org.eclipse.wst.server.http.ui.nl_tr" unpack="false" version="3.5.0.v20090620043401" download-size="2556" install-size="2556" />
	<plugin fragment="true" id="org.eclipse.wst.server.preview.adapter.nl_tr" unpack="false" version="3.5.0.v20090620043401" download-size="2946" install-size="2946" />
	<plugin fragment="true" id="org.eclipse.wst.server.preview.nl_tr" unpack="false" version="3.5.0.v20090620043401" download-size="2794" install-size="2794" />
	<plugin fragment="true" id="org.eclipse.wst.server.ui.doc.user.nl_tr" unpack="false" version="3.5.0.v20090620043401" download-size="1412" install-size="1412" />
	<plugin fragment="true" id="org.eclipse.wst.server.ui.infopop.nl_tr" unpack="false" version="3.5.0.v20090620043401" download-size="1438" install-size="1438" />
	<plugin fragment="true" id="org.eclipse.wst.server.ui.nl_tr" unpack="false" version="3.5.0.v20090620043401" download-size="7124" install-size="7124" />
</feature>