<?xml version="1.0" encoding="UTF-8" ?>
<feature
	id="org.eclipse.babel.nls_stp.bpmn_nl"
	label="Babel Language Pack for stp.bpmn in Dutch (21.36%)"
	image="eclipse_update_120.jpg"
	provider-name="%providerName"
	version="3.5.0.v20090620043401">
	<copyright>
		%copyright
	</copyright>
	<license url="%licenseURL">
		%license
	</license>
	<description>Babel Language Pack for stp.bpmn in Dutch</description>
	<plugin fragment="true" id="org.eclipse.stp.bpmn.diagram.nl_nl" unpack="false" version="3.5.0.v20090620043401" download-size="2704" install-size="2704" />
	<plugin fragment="true" id="org.eclipse.stp.bpmn.edit.nl_nl" unpack="false" version="3.5.0.v20090620043401" download-size="2338" install-size="2338" />
	<plugin fragment="true" id="org.eclipse.stp.bpmn.nl_nl" unpack="false" version="3.5.0.v20090620043401" download-size="2227" install-size="2227" />
	<plugin fragment="true" id="org.eclipse.stp.bpmn.validation.nl_nl" unpack="false" version="3.5.0.v20090620043401" download-size="2297" install-size="2297" />
</feature>