<?xml version="1.0" encoding="UTF-8" ?>
<feature
	id="org.eclipse.babel.nls_modeling.m2m_ar"
	label="Babel Language Pack for modeling.m2m in Arabic (21.43%)"
	image="eclipse_update_120.jpg"
	provider-name="%providerName"
	version="3.5.0.v20090620043401">
	<copyright>
		%copyright
	</copyright>
	<license url="%licenseURL">
		%license
	</license>
	<description>Babel Language Pack for modeling.m2m in Arabic</description>
	<plugin fragment="true" id="org.eclipse.m2m.atl.adt.debug.nl_ar" unpack="false" version="3.5.0.v20090620043401" download-size="2404" install-size="2404" />
	<plugin fragment="true" id="org.eclipse.m2m.atl.adt.editor.nl_ar" unpack="false" version="3.5.0.v20090620043401" download-size="3743" install-size="3743" />
	<plugin fragment="true" id="org.eclipse.m2m.atl.adt.nl_ar" unpack="false" version="3.5.0.v20090620043401" download-size="2208" install-size="2208" />
	<plugin fragment="true" id="org.eclipse.m2m.atl.adt.ui.nl_ar" unpack="false" version="3.5.0.v20090620043401" download-size="2479" install-size="2479" />
	<plugin fragment="true" id="org.eclipse.m2m.atl.common.nl_ar" unpack="false" version="3.5.0.v20090620043401" download-size="1369" install-size="1369" />
	<plugin fragment="true" id="org.eclipse.m2m.atl.core.ant.nl_ar" unpack="false" version="3.5.0.v20090620043401" download-size="1370" install-size="1370" />
	<plugin fragment="true" id="org.eclipse.m2m.atl.core.emf.nl_ar" unpack="false" version="3.5.0.v20090620043401" download-size="1370" install-size="1370" />
	<plugin fragment="true" id="org.eclipse.m2m.atl.core.nl_ar" unpack="false" version="3.5.0.v20090620043401" download-size="1367" install-size="1367" />
	<plugin fragment="true" id="org.eclipse.m2m.atl.core.ui.nl_ar" unpack="false" version="3.5.0.v20090620043401" download-size="2494" install-size="2494" />
	<plugin fragment="true" id="org.eclipse.m2m.atl.core.ui.vm.nl_ar" unpack="false" version="3.5.0.v20090620043401" download-size="1372" install-size="1372" />
	<plugin fragment="true" id="org.eclipse.m2m.atl.doc.nl_ar" unpack="false" version="3.5.0.v20090620043401" download-size="1367" install-size="1367" />
	<plugin fragment="true" id="org.eclipse.m2m.atl.drivers.emf4atl.nl_ar" unpack="false" version="3.5.0.v20090620043401" download-size="1375" install-size="1375" />
	<plugin fragment="true" id="org.eclipse.m2m.atl.drivers.uml24atl.nl_ar" unpack="false" version="3.5.0.v20090620043401" download-size="1376" install-size="1376" />
	<plugin fragment="true" id="org.eclipse.m2m.atl.dsls.nl_ar" unpack="false" version="3.5.0.v20090620043401" download-size="1368" install-size="1368" />
	<plugin fragment="true" id="org.eclipse.m2m.atl.engine.emfvm.nl_ar" unpack="false" version="3.5.0.v20090620043401" download-size="1372" install-size="1372" />
	<plugin fragment="true" id="org.eclipse.m2m.atl.engine.nl_ar" unpack="false" version="3.5.0.v20090620043401" download-size="2227" install-size="2227" />
	<plugin fragment="true" id="org.eclipse.m2m.atl.engine.vm.nl_ar" unpack="false" version="3.5.0.v20090620043401" download-size="1371" install-size="1371" />
	<plugin fragment="true" id="org.eclipse.m2m.atl.examples.nl_ar" unpack="false" version="3.5.0.v20090620043401" download-size="1371" install-size="1371" />
	<plugin fragment="true" id="org.eclipse.m2m.atl.nl_ar" unpack="false" version="3.5.0.v20090620043401" download-size="1364" install-size="1364" />
	<plugin fragment="true" id="org.eclipse.m2m.atl.tests.nl_ar" unpack="false" version="3.5.0.v20090620043401" download-size="1368" install-size="1368" />
	<plugin fragment="true" id="org.eclipse.m2m.qvt.oml.common.nl_ar" unpack="false" version="3.5.0.v20090620043401" download-size="1372" install-size="1372" />
	<plugin fragment="true" id="org.eclipse.m2m.qvt.oml.common.ui.nl_ar" unpack="false" version="3.5.0.v20090620043401" download-size="3945" install-size="3945" />
	<plugin fragment="true" id="org.eclipse.m2m.qvt.oml.cst.parser.nl_ar" unpack="false" version="3.5.0.v20090620043401" download-size="1373" install-size="1373" />
	<plugin fragment="true" id="org.eclipse.m2m.qvt.oml.doc.nl_ar" unpack="false" version="3.5.0.v20090620043401" download-size="1370" install-size="1370" />
	<plugin fragment="true" id="org.eclipse.m2m.qvt.oml.ecore.imperativeocl.nl_ar" unpack="false" version="3.5.0.v20090620043401" download-size="1380" install-size="1380" />
	<plugin fragment="true" id="org.eclipse.m2m.qvt.oml.editor.ui.nl_ar" unpack="false" version="3.5.0.v20090620043401" download-size="3451" install-size="3451" />
	<plugin fragment="true" id="org.eclipse.m2m.qvt.oml.emf.util.nl_ar" unpack="false" version="3.5.0.v20090620043401" download-size="1373" install-size="1373" />
	<plugin fragment="true" id="org.eclipse.m2m.qvt.oml.emf.util.ui.nl_ar" unpack="false" version="3.5.0.v20090620043401" download-size="1375" install-size="1375" />
	<plugin fragment="true" id="org.eclipse.m2m.qvt.oml.examples.blackbox.nl_ar" unpack="false" version="3.5.0.v20090620043401" download-size="1379" install-size="1379" />
	<plugin fragment="true" id="org.eclipse.m2m.qvt.oml.examples.omg.nl_ar" unpack="false" version="3.5.0.v20090620043401" download-size="1376" install-size="1376" />
	<plugin fragment="true" id="org.eclipse.m2m.qvt.oml.nl_ar" unpack="false" version="3.5.0.v20090620043401" download-size="1368" install-size="1368" />
	<plugin fragment="true" id="org.eclipse.m2m.qvt.oml.ocl.nl_ar" unpack="false" version="3.5.0.v20090620043401" download-size="1370" install-size="1370" />
	<plugin fragment="true" id="org.eclipse.m2m.qvt.oml.project.nl_ar" unpack="false" version="3.5.0.v20090620043401" download-size="1373" install-size="1373" />
	<plugin fragment="true" id="org.eclipse.m2m.qvt.oml.runtime.nl_ar" unpack="false" version="3.5.0.v20090620043401" download-size="2752" install-size="2752" />
	<plugin fragment="true" id="org.eclipse.m2m.qvt.oml.runtime.ui.nl_ar" unpack="false" version="3.5.0.v20090620043401" download-size="4145" install-size="4145" />
	<plugin fragment="true" id="org.eclipse.m2m.qvt.oml.samples.nl_ar" unpack="false" version="3.5.0.v20090620043401" download-size="4358" install-size="4358" />
	<plugin fragment="true" id="org.eclipse.m2m.qvt.oml.trace.edit.nl_ar" unpack="false" version="3.5.0.v20090620043401" download-size="2351" install-size="2351" />
	<plugin fragment="true" id="org.eclipse.m2m.qvt.oml.ui.nl_ar" unpack="false" version="3.5.0.v20090620043401" download-size="3703" install-size="3703" />
	<plugin fragment="true" id="org.eclipse.m2m.tests.qvt.oml.nl_ar" unpack="false" version="3.5.0.v20090620043401" download-size="1371" install-size="1371" />
	<plugin fragment="true" id="org.eclipse.m2m.tests.qvt.oml.ui.nl_ar" unpack="false" version="3.5.0.v20090620043401" download-size="1373" install-size="1373" />
</feature>