<?xml version="1.0" encoding="UTF-8" ?>
<feature
	id="org.eclipse.babel.nls_tools.pdt_tr"
	label="Babel Language Pack for tools.pdt in Turkish (62.68%)"
	image="eclipse_update_120.jpg"
	provider-name="%providerName"
	version="3.5.0.v20090620043401">
	<copyright>
		%copyright
	</copyright>
	<license url="%licenseURL">
		%license
	</license>
	<description>Babel Language Pack for tools.pdt in Turkish</description>
	<plugin fragment="true" id="org.eclipse.dltk.core.tests.nl_tr" unpack="false" version="3.5.0.v20090620043401" download-size="1371" install-size="1371" />
	<plugin fragment="true" id="org.eclipse.php.core.nl_tr" unpack="false" version="3.5.0.v20090620043401" download-size="2727" install-size="2727" />
	<plugin fragment="true" id="org.eclipse.php.core.parser.nl_tr" unpack="false" version="3.5.0.v20090620043401" download-size="1371" install-size="1371" />
	<plugin fragment="true" id="org.eclipse.php.debug.core.nl_tr" unpack="false" version="3.5.0.v20090620043401" download-size="2372" install-size="2372" />
	<plugin fragment="true" id="org.eclipse.php.debug.ui.nl_tr" unpack="false" version="3.5.0.v20090620043401" download-size="3393" install-size="3393" />
	<plugin fragment="true" id="org.eclipse.php.nl_tr" unpack="false" version="3.5.0.v20090620043401" download-size="1363" install-size="1363" />
	<plugin fragment="true" id="org.eclipse.php.server.core.nl_tr" unpack="false" version="3.5.0.v20090620043401" download-size="2257" install-size="2257" />
	<plugin fragment="true" id="org.eclipse.php.server.ui.nl_tr" unpack="false" version="3.5.0.v20090620043401" download-size="2233" install-size="2233" />
	<plugin fragment="true" id="org.eclipse.php.test.nl_tr" unpack="false" version="3.5.0.v20090620043401" download-size="1366" install-size="1366" />
	<plugin fragment="true" id="org.eclipse.php.ui.nl_tr" unpack="false" version="3.5.0.v20090620043401" download-size="41805" install-size="41805" />
	<plugin fragment="true" id="org.eclipse.test.nl_tr" unpack="false" version="3.5.0.v20090620043401" download-size="1385" install-size="1385" />
</feature>