<?xml version="1.0" encoding="UTF-8" ?>
<feature
	id="org.eclipse.babel.nls_modeling.m2m_hu"
	label="Babel Language Pack for modeling.m2m in Hungarian (21.43%)"
	image="eclipse_update_120.jpg"
	provider-name="%providerName"
	version="3.5.0.v20090620043401">
	<copyright>
		%copyright
	</copyright>
	<license url="%licenseURL">
		%license
	</license>
	<description>Babel Language Pack for modeling.m2m in Hungarian</description>
	<plugin fragment="true" id="org.eclipse.m2m.atl.adt.debug.nl_hu" unpack="false" version="3.5.0.v20090620043401" download-size="2395" install-size="2395" />
	<plugin fragment="true" id="org.eclipse.m2m.atl.adt.editor.nl_hu" unpack="false" version="3.5.0.v20090620043401" download-size="3639" install-size="3639" />
	<plugin fragment="true" id="org.eclipse.m2m.atl.adt.nl_hu" unpack="false" version="3.5.0.v20090620043401" download-size="2196" install-size="2196" />
	<plugin fragment="true" id="org.eclipse.m2m.atl.adt.ui.nl_hu" unpack="false" version="3.5.0.v20090620043401" download-size="2478" install-size="2478" />
	<plugin fragment="true" id="org.eclipse.m2m.atl.common.nl_hu" unpack="false" version="3.5.0.v20090620043401" download-size="1370" install-size="1370" />
	<plugin fragment="true" id="org.eclipse.m2m.atl.core.ant.nl_hu" unpack="false" version="3.5.0.v20090620043401" download-size="1371" install-size="1371" />
	<plugin fragment="true" id="org.eclipse.m2m.atl.core.emf.nl_hu" unpack="false" version="3.5.0.v20090620043401" download-size="1372" install-size="1372" />
	<plugin fragment="true" id="org.eclipse.m2m.atl.core.nl_hu" unpack="false" version="3.5.0.v20090620043401" download-size="1369" install-size="1369" />
	<plugin fragment="true" id="org.eclipse.m2m.atl.core.ui.nl_hu" unpack="false" version="3.5.0.v20090620043401" download-size="2488" install-size="2488" />
	<plugin fragment="true" id="org.eclipse.m2m.atl.core.ui.vm.nl_hu" unpack="false" version="3.5.0.v20090620043401" download-size="1373" install-size="1373" />
	<plugin fragment="true" id="org.eclipse.m2m.atl.doc.nl_hu" unpack="false" version="3.5.0.v20090620043401" download-size="1369" install-size="1369" />
	<plugin fragment="true" id="org.eclipse.m2m.atl.drivers.emf4atl.nl_hu" unpack="false" version="3.5.0.v20090620043401" download-size="1377" install-size="1377" />
	<plugin fragment="true" id="org.eclipse.m2m.atl.drivers.uml24atl.nl_hu" unpack="false" version="3.5.0.v20090620043401" download-size="1377" install-size="1377" />
	<plugin fragment="true" id="org.eclipse.m2m.atl.dsls.nl_hu" unpack="false" version="3.5.0.v20090620043401" download-size="1369" install-size="1369" />
	<plugin fragment="true" id="org.eclipse.m2m.atl.engine.emfvm.nl_hu" unpack="false" version="3.5.0.v20090620043401" download-size="1374" install-size="1374" />
	<plugin fragment="true" id="org.eclipse.m2m.atl.engine.nl_hu" unpack="false" version="3.5.0.v20090620043401" download-size="2204" install-size="2204" />
	<plugin fragment="true" id="org.eclipse.m2m.atl.engine.vm.nl_hu" unpack="false" version="3.5.0.v20090620043401" download-size="1372" install-size="1372" />
	<plugin fragment="true" id="org.eclipse.m2m.atl.examples.nl_hu" unpack="false" version="3.5.0.v20090620043401" download-size="1372" install-size="1372" />
	<plugin fragment="true" id="org.eclipse.m2m.atl.nl_hu" unpack="false" version="3.5.0.v20090620043401" download-size="1366" install-size="1366" />
	<plugin fragment="true" id="org.eclipse.m2m.atl.tests.nl_hu" unpack="false" version="3.5.0.v20090620043401" download-size="1369" install-size="1369" />
	<plugin fragment="true" id="org.eclipse.m2m.qvt.oml.common.nl_hu" unpack="false" version="3.5.0.v20090620043401" download-size="1373" install-size="1373" />
	<plugin fragment="true" id="org.eclipse.m2m.qvt.oml.common.ui.nl_hu" unpack="false" version="3.5.0.v20090620043401" download-size="3889" install-size="3889" />
	<plugin fragment="true" id="org.eclipse.m2m.qvt.oml.cst.parser.nl_hu" unpack="false" version="3.5.0.v20090620043401" download-size="1375" install-size="1375" />
	<plugin fragment="true" id="org.eclipse.m2m.qvt.oml.doc.nl_hu" unpack="false" version="3.5.0.v20090620043401" download-size="1372" install-size="1372" />
	<plugin fragment="true" id="org.eclipse.m2m.qvt.oml.ecore.imperativeocl.nl_hu" unpack="false" version="3.5.0.v20090620043401" download-size="1382" install-size="1382" />
	<plugin fragment="true" id="org.eclipse.m2m.qvt.oml.editor.ui.nl_hu" unpack="false" version="3.5.0.v20090620043401" download-size="3353" install-size="3353" />
	<plugin fragment="true" id="org.eclipse.m2m.qvt.oml.emf.util.nl_hu" unpack="false" version="3.5.0.v20090620043401" download-size="1374" install-size="1374" />
	<plugin fragment="true" id="org.eclipse.m2m.qvt.oml.emf.util.ui.nl_hu" unpack="false" version="3.5.0.v20090620043401" download-size="1376" install-size="1376" />
	<plugin fragment="true" id="org.eclipse.m2m.qvt.oml.examples.blackbox.nl_hu" unpack="false" version="3.5.0.v20090620043401" download-size="1381" install-size="1381" />
	<plugin fragment="true" id="org.eclipse.m2m.qvt.oml.examples.omg.nl_hu" unpack="false" version="3.5.0.v20090620043401" download-size="1378" install-size="1378" />
	<plugin fragment="true" id="org.eclipse.m2m.qvt.oml.nl_hu" unpack="false" version="3.5.0.v20090620043401" download-size="1369" install-size="1369" />
	<plugin fragment="true" id="org.eclipse.m2m.qvt.oml.ocl.nl_hu" unpack="false" version="3.5.0.v20090620043401" download-size="1372" install-size="1372" />
	<plugin fragment="true" id="org.eclipse.m2m.qvt.oml.project.nl_hu" unpack="false" version="3.5.0.v20090620043401" download-size="1374" install-size="1374" />
	<plugin fragment="true" id="org.eclipse.m2m.qvt.oml.runtime.nl_hu" unpack="false" version="3.5.0.v20090620043401" download-size="2738" install-size="2738" />
	<plugin fragment="true" id="org.eclipse.m2m.qvt.oml.runtime.ui.nl_hu" unpack="false" version="3.5.0.v20090620043401" download-size="4117" install-size="4117" />
	<plugin fragment="true" id="org.eclipse.m2m.qvt.oml.samples.nl_hu" unpack="false" version="3.5.0.v20090620043401" download-size="4151" install-size="4151" />
	<plugin fragment="true" id="org.eclipse.m2m.qvt.oml.trace.edit.nl_hu" unpack="false" version="3.5.0.v20090620043401" download-size="2231" install-size="2231" />
	<plugin fragment="true" id="org.eclipse.m2m.qvt.oml.ui.nl_hu" unpack="false" version="3.5.0.v20090620043401" download-size="3659" install-size="3659" />
	<plugin fragment="true" id="org.eclipse.m2m.tests.qvt.oml.nl_hu" unpack="false" version="3.5.0.v20090620043401" download-size="1372" install-size="1372" />
	<plugin fragment="true" id="org.eclipse.m2m.tests.qvt.oml.ui.nl_hu" unpack="false" version="3.5.0.v20090620043401" download-size="1374" install-size="1374" />
</feature>