<?xml version="1.0" encoding="UTF-8" ?>
<feature
	id="org.eclipse.babel.nls_technology.dltk_sv"
	label="Babel Language Pack for technology.dltk in Swedish (56.49%)"
	image="eclipse_update_120.jpg"
	provider-name="%providerName"
	version="3.5.0.v20090620043401">
	<copyright>
		%copyright
	</copyright>
	<license url="%licenseURL">
		%license
	</license>
	<description>Babel Language Pack for technology.dltk in Swedish</description>
	<plugin fragment="true" id="org.eclipse.dltk.console.nl_sv" unpack="false" version="3.5.0.v20090620043401" download-size="1369" install-size="1369" />
	<plugin fragment="true" id="org.eclipse.dltk.console.ui.nl_sv" unpack="false" version="3.5.0.v20090620043401" download-size="2412" install-size="2412" />
	<plugin fragment="true" id="org.eclipse.dltk.core.doc.isv.nl_sv" unpack="false" version="3.5.0.v20090620043401" download-size="1373" install-size="1373" />
	<plugin fragment="true" id="org.eclipse.dltk.core.nl_sv" unpack="false" version="3.5.0.v20090620043401" download-size="5449" install-size="5449" />
	<plugin fragment="true" id="org.eclipse.dltk.debug.nl_sv" unpack="false" version="3.5.0.v20090620043401" download-size="3276" install-size="3276" />
	<plugin fragment="true" id="org.eclipse.dltk.debug.ui.nl_sv" unpack="false" version="3.5.0.v20090620043401" download-size="9793" install-size="9793" />
	<plugin fragment="true" id="org.eclipse.dltk.formatter.nl_sv" unpack="false" version="3.5.0.v20090620043401" download-size="2319" install-size="2319" />
	<plugin fragment="true" id="org.eclipse.dltk.itcl.core.nl_sv" unpack="false" version="3.5.0.v20090620043401" download-size="1371" install-size="1371" />
	<plugin fragment="true" id="org.eclipse.dltk.itcl.nl_sv" unpack="false" version="3.5.0.v20090620043401" download-size="1367" install-size="1367" />
	<plugin fragment="true" id="org.eclipse.dltk.itcl.ui.nl_sv" unpack="false" version="3.5.0.v20090620043401" download-size="1369" install-size="1369" />
	<plugin fragment="true" id="org.eclipse.dltk.javascript.core.dom.support.nl_sv" unpack="false" version="3.5.0.v20090620043401" download-size="1381" install-size="1381" />
	<plugin fragment="true" id="org.eclipse.dltk.javascript.core.nl_sv" unpack="false" version="3.5.0.v20090620043401" download-size="1375" install-size="1375" />
	<plugin fragment="true" id="org.eclipse.dltk.javascript.debug.nl_sv" unpack="false" version="3.5.0.v20090620043401" download-size="1376" install-size="1376" />
	<plugin fragment="true" id="org.eclipse.dltk.javascript.debug.ui.nl_sv" unpack="false" version="3.5.0.v20090620043401" download-size="3263" install-size="3263" />
	<plugin fragment="true" id="org.eclipse.dltk.javascript.formatter.nl_sv" unpack="false" version="3.5.0.v20090620043401" download-size="3013" install-size="3013" />
	<plugin fragment="true" id="org.eclipse.dltk.javascript.jsjdtdebugger.nl_sv" unpack="false" version="3.5.0.v20090620043401" download-size="1381" install-size="1381" />
	<plugin fragment="true" id="org.eclipse.dltk.javascript.launching.nl_sv" unpack="false" version="3.5.0.v20090620043401" download-size="1379" install-size="1379" />
	<plugin fragment="true" id="org.eclipse.dltk.javascript.rhino.dbgp.nl_sv" unpack="false" version="3.5.0.v20090620043401" download-size="1379" install-size="1379" />
	<plugin fragment="true" id="org.eclipse.dltk.javascript.rhino.nl_sv" unpack="false" version="3.5.0.v20090620043401" download-size="1375" install-size="1375" />
	<plugin fragment="true" id="org.eclipse.dltk.javascript.ui.nl_sv" unpack="false" version="3.5.0.v20090620043401" download-size="3209" install-size="3209" />
	<plugin fragment="true" id="org.eclipse.dltk.launching.nl_sv" unpack="false" version="3.5.0.v20090620043401" download-size="2936" install-size="2936" />
	<plugin fragment="true" id="org.eclipse.dltk.mylyn.nl_sv" unpack="false" version="3.5.0.v20090620043401" download-size="1369" install-size="1369" />
	<plugin fragment="true" id="org.eclipse.dltk.nl_sv" unpack="false" version="3.5.0.v20090620043401" download-size="1363" install-size="1363" />
	<plugin fragment="true" id="org.eclipse.dltk.python.activestatedebugger.nl_sv" unpack="false" version="3.5.0.v20090620043401" download-size="1382" install-size="1382" />
	<plugin fragment="true" id="org.eclipse.dltk.python.core.nl_sv" unpack="false" version="3.5.0.v20090620043401" download-size="1372" install-size="1372" />
	<plugin fragment="true" id="org.eclipse.dltk.python.debug.nl_sv" unpack="false" version="3.5.0.v20090620043401" download-size="1373" install-size="1373" />
	<plugin fragment="true" id="org.eclipse.dltk.python.debug.ui.nl_sv" unpack="false" version="3.5.0.v20090620043401" download-size="3078" install-size="3078" />
	<plugin fragment="true" id="org.eclipse.dltk.python.launching.nl_sv" unpack="false" version="3.5.0.v20090620043401" download-size="1376" install-size="1376" />
	<plugin fragment="true" id="org.eclipse.dltk.python.ui.nl_sv" unpack="false" version="3.5.0.v20090620043401" download-size="2780" install-size="2780" />
	<plugin fragment="true" id="org.eclipse.dltk.rse.core.nl_sv" unpack="false" version="3.5.0.v20090620043401" download-size="1370" install-size="1370" />
	<plugin fragment="true" id="org.eclipse.dltk.rse.nl_sv" unpack="false" version="3.5.0.v20090620043401" download-size="1366" install-size="1366" />
	<plugin fragment="true" id="org.eclipse.dltk.rse.ui.nl_sv" unpack="false" version="3.5.0.v20090620043401" download-size="1368" install-size="1368" />
	<plugin fragment="true" id="org.eclipse.dltk.ruby.abstractdebugger.nl_sv" unpack="false" version="3.5.0.v20090620043401" download-size="1378" install-size="1378" />
	<plugin fragment="true" id="org.eclipse.dltk.ruby.activestatedebugger.nl_sv" unpack="false" version="3.5.0.v20090620043401" download-size="1380" install-size="1380" />
	<plugin fragment="true" id="org.eclipse.dltk.ruby.basicdebugger.nl_sv" unpack="false" version="3.5.0.v20090620043401" download-size="1376" install-size="1376" />
	<plugin fragment="true" id="org.eclipse.dltk.ruby.core.nl_sv" unpack="false" version="3.5.0.v20090620043401" download-size="1905" install-size="1905" />
	<plugin fragment="true" id="org.eclipse.dltk.ruby.debug.nl_sv" unpack="false" version="3.5.0.v20090620043401" download-size="1371" install-size="1371" />
	<plugin fragment="true" id="org.eclipse.dltk.ruby.debug.ui.nl_sv" unpack="false" version="3.5.0.v20090620043401" download-size="3072" install-size="3072" />
	<plugin fragment="true" id="org.eclipse.dltk.ruby.fastdebugger.nl_sv" unpack="false" version="3.5.0.v20090620043401" download-size="1376" install-size="1376" />
	<plugin fragment="true" id="org.eclipse.dltk.ruby.formatter.nl_sv" unpack="false" version="3.5.0.v20090620043401" download-size="2532" install-size="2532" />
	<plugin fragment="true" id="org.eclipse.dltk.ruby.launching.nl_sv" unpack="false" version="3.5.0.v20090620043401" download-size="1375" install-size="1375" />
	<plugin fragment="true" id="org.eclipse.dltk.ruby.nl_sv" unpack="false" version="3.5.0.v20090620043401" download-size="1367" install-size="1367" />
	<plugin fragment="true" id="org.eclipse.dltk.ruby.testing.nl_sv" unpack="false" version="3.5.0.v20090620043401" download-size="1374" install-size="1374" />
	<plugin fragment="true" id="org.eclipse.dltk.ruby.ui.nl_sv" unpack="false" version="3.5.0.v20090620043401" download-size="5000" install-size="5000" />
	<plugin fragment="true" id="org.eclipse.dltk.tcl.activestatedebugger.nl_sv" unpack="false" version="3.5.0.v20090620043401" download-size="2724" install-size="2724" />
	<plugin fragment="true" id="org.eclipse.dltk.tcl.core.nl_sv" unpack="false" version="3.5.0.v20090620043401" download-size="1389" install-size="1389" />
	<plugin fragment="true" id="org.eclipse.dltk.tcl.debug.nl_sv" unpack="false" version="3.5.0.v20090620043401" download-size="1371" install-size="1371" />
	<plugin fragment="true" id="org.eclipse.dltk.tcl.debug.ui.nl_sv" unpack="false" version="3.5.0.v20090620043401" download-size="3552" install-size="3552" />
	<plugin fragment="true" id="org.eclipse.dltk.tcl.doc.user.nl_sv" unpack="false" version="3.5.0.v20090620043401" download-size="1708" install-size="1708" />
	<plugin fragment="true" id="org.eclipse.dltk.tcl.launching.nl_sv" unpack="false" version="3.5.0.v20090620043401" download-size="1374" install-size="1374" />
	<plugin fragment="true" id="org.eclipse.dltk.tcl.nl_sv" unpack="false" version="3.5.0.v20090620043401" download-size="1366" install-size="1366" />
	<plugin fragment="true" id="org.eclipse.dltk.tcl.parser.nl_sv" unpack="false" version="3.5.0.v20090620043401" download-size="2980" install-size="2980" />
	<plugin fragment="true" id="org.eclipse.dltk.tcl.tclchecker.nl_sv" unpack="false" version="3.5.0.v20090620043401" download-size="4176" install-size="4176" />
	<plugin fragment="true" id="org.eclipse.dltk.tcl.tcllib.nl_sv" unpack="false" version="3.5.0.v20090620043401" download-size="1372" install-size="1372" />
	<plugin fragment="true" id="org.eclipse.dltk.tcl.testing.nl_sv" unpack="false" version="3.5.0.v20090620043401" download-size="1371" install-size="1371" />
	<plugin fragment="true" id="org.eclipse.dltk.tcl.testing.tcltest.nl_sv" unpack="false" version="3.5.0.v20090620043401" download-size="1376" install-size="1376" />
	<plugin fragment="true" id="org.eclipse.dltk.tcl.ui.nl_sv" unpack="false" version="3.5.0.v20090620043401" download-size="4320" install-size="4320" />
	<plugin fragment="true" id="org.eclipse.dltk.tcl.validators.nl_sv" unpack="false" version="3.5.0.v20090620043401" download-size="1374" install-size="1374" />
	<plugin fragment="true" id="org.eclipse.dltk.testing.nl_sv" unpack="false" version="3.5.0.v20090620043401" download-size="8148" install-size="8148" />
	<plugin fragment="true" id="org.eclipse.dltk.ui.nl_sv" unpack="false" version="3.5.0.v20090620043401" download-size="74502" install-size="74502" />
	<plugin fragment="true" id="org.eclipse.dltk.validators.core.nl_sv" unpack="false" version="3.5.0.v20090620043401" download-size="2895" install-size="2895" />
	<plugin fragment="true" id="org.eclipse.dltk.validators.externalchecker.nl_sv" unpack="false" version="3.5.0.v20090620043401" download-size="3398" install-size="3398" />
	<plugin fragment="true" id="org.eclipse.dltk.validators.ui.nl_sv" unpack="false" version="3.5.0.v20090620043401" download-size="3293" install-size="3293" />
	<plugin fragment="true" id="org.eclipse.dltk.xotcl.core.nl_sv" unpack="false" version="3.5.0.v20090620043401" download-size="1372" install-size="1372" />
	<plugin fragment="true" id="org.eclipse.dltk.xotcl.nl_sv" unpack="false" version="3.5.0.v20090620043401" download-size="1367" install-size="1367" />
	<plugin fragment="true" id="org.eclipse.dltk.xotcl.testing.xounit.nl_sv" unpack="false" version="3.5.0.v20090620043401" download-size="1378" install-size="1378" />
	<plugin fragment="true" id="org.eclipse.dltk.xotcl.ui.nl_sv" unpack="false" version="3.5.0.v20090620043401" download-size="1370" install-size="1370" />
</feature>