<?xml version="1.0" encoding="UTF-8" ?>
<feature
	id="org.eclipse.babel.nls_webtools.jeetools_ar"
	label="Babel Language Pack for webtools.jeetools in Arabic (94.79%)"
	image="eclipse_update_120.jpg"
	provider-name="%providerName"
	version="3.5.0.v20090620043401">
	<copyright>
		%copyright
	</copyright>
	<license url="%licenseURL">
		%license
	</license>
	<description>Babel Language Pack for webtools.jeetools in Arabic</description>
	<plugin fragment="true" id="org.eclipse.jem.beaninfo.nl_ar" unpack="false" version="3.5.0.v20090620043401" download-size="3267" install-size="3267" />
	<plugin fragment="true" id="org.eclipse.jem.beaninfo.vm.common.nl_ar" unpack="false" version="3.5.0.v20090620043401" download-size="1378" install-size="1378" />
	<plugin fragment="true" id="org.eclipse.jem.beaninfo.vm.nl_ar" unpack="false" version="3.5.0.v20090620043401" download-size="3167" install-size="3167" />
	<plugin fragment="true" id="org.eclipse.jem.nl_ar" unpack="false" version="3.5.0.v20090620043401" download-size="4177" install-size="4177" />
	<plugin fragment="true" id="org.eclipse.jem.proxy.nl_ar" unpack="false" version="3.5.0.v20090620043401" download-size="7889" install-size="7889" />
	<plugin fragment="true" id="org.eclipse.jem.tests.nl_ar" unpack="false" version="3.5.0.v20090620043401" download-size="1366" install-size="1366" />
	<plugin fragment="true" id="org.eclipse.jem.workbench.nl_ar" unpack="false" version="3.5.0.v20090620043401" download-size="2535" install-size="2535" />
	<plugin fragment="true" id="org.eclipse.jst.j2ee.core.nl_ar" unpack="false" version="3.5.0.v20090620043401" download-size="34974" install-size="34974" />
	<plugin fragment="true" id="org.eclipse.jst.j2ee.doc.user.nl_ar" unpack="false" version="3.5.0.v20090620043401" download-size="1398" install-size="1398" />
	<plugin fragment="true" id="org.eclipse.jst.j2ee.infopop.nl_ar" unpack="false" version="3.5.0.v20090620043401" download-size="1395" install-size="1395" />
	<plugin fragment="true" id="org.eclipse.jst.j2ee.jca.nl_ar" unpack="false" version="3.5.0.v20090620043401" download-size="2601" install-size="2601" />
	<plugin fragment="true" id="org.eclipse.jst.j2ee.jca.ui.nl_ar" unpack="false" version="3.5.0.v20090620043401" download-size="2184" install-size="2184" />
	<plugin fragment="true" id="org.eclipse.jst.j2ee.navigator.ui.nl_ar" unpack="false" version="3.5.0.v20090620043401" download-size="3714" install-size="3714" />
	<plugin fragment="true" id="org.eclipse.jst.j2ee.nl_ar" unpack="false" version="3.5.0.v20090620043401" download-size="31790" install-size="31790" />
	<plugin fragment="true" id="org.eclipse.jst.j2ee.ui.nl_ar" unpack="false" version="3.5.0.v20090620043401" download-size="17474" install-size="17474" />
	<plugin fragment="true" id="org.eclipse.jst.j2ee.web.nl_ar" unpack="false" version="3.5.0.v20090620043401" download-size="22620" install-size="22620" />
	<plugin fragment="true" id="org.eclipse.jst.j2ee.webservice.nl_ar" unpack="false" version="3.5.0.v20090620043401" download-size="2934" install-size="2934" />
	<plugin fragment="true" id="org.eclipse.jst.j2ee.webservice.ui.nl_ar" unpack="false" version="3.5.0.v20090620043401" download-size="2653" install-size="2653" />
	<plugin fragment="true" id="org.eclipse.jst.j2ee.xdoclet.runtime.nl_ar" unpack="false" version="3.5.0.v20090620043401" download-size="2578" install-size="2578" />
	<plugin fragment="true" id="org.eclipse.jst.jee.nl_ar" unpack="false" version="3.5.0.v20090620043401" download-size="1368" install-size="1368" />
	<plugin fragment="true" id="org.eclipse.jst.jee.ui.nl_ar" unpack="false" version="3.5.0.v20090620043401" download-size="2697" install-size="2697" />
	<plugin fragment="true" id="org.eclipse.jst.jee.web.nl_ar" unpack="false" version="3.5.0.v20090620043401" download-size="1371" install-size="1371" />
	<plugin fragment="true" id="org.eclipse.jst.servlet.ui.infopop.nl_ar" unpack="false" version="3.5.0.v20090620043401" download-size="1403" install-size="1403" />
	<plugin fragment="true" id="org.eclipse.jst.servlet.ui.nl_ar" unpack="false" version="3.5.0.v20090620043401" download-size="6170" install-size="6170" />
	<plugin fragment="true" id="org.eclipse.wst.web.ui.infopop.nl_ar" unpack="false" version="3.5.0.v20090620043401" download-size="1395" install-size="1395" />
</feature>