<?xml version="1.0" encoding="UTF-8" ?>
<feature
	id="org.eclipse.babel.nls_eclipse_tl"
	label="Babel Language Pack for eclipse in Klingon (0.02%)"
	image="eclipse_update_120.jpg"
	provider-name="%providerName"
	version="3.5.0.v20090620043401">
	<copyright>
		%copyright
	</copyright>
	<license url="%licenseURL">
		%license
	</license>
	<description>Babel Language Pack for eclipse in Klingon</description>
	<plugin fragment="true" id="org.eclipse.compare.nl_tl" unpack="false" version="3.5.0.v20090620043401" download-size="1884" install-size="1884" />
	<plugin fragment="true" id="org.eclipse.jdt.ui.nl_tl" unpack="false" version="3.5.0.v20090620043401" download-size="2410" install-size="2410" />
	<plugin fragment="true" id="org.eclipse.pde.ui.nl_tl" unpack="false" version="3.5.0.v20090620043401" download-size="2691" install-size="2691" />
	<plugin fragment="true" id="org.eclipse.update.core.nl_tl" unpack="false" version="3.5.0.v20090620043401" download-size="2025" install-size="2025" />
</feature>