<?xml version="1.0" encoding="UTF-8" ?>
<feature
	id="org.eclipse.babel.nls_webtools.jeetools_zh_TW"
	label="Babel Language Pack for webtools.jeetools in Chinese (Traditional) (94.82%)"
	image="eclipse_update_120.jpg"
	provider-name="%providerName"
	version="3.5.0.v20090620043401">
	<copyright>
		%copyright
	</copyright>
	<license url="%licenseURL">
		%license
	</license>
	<description>Babel Language Pack for webtools.jeetools in Chinese (Traditional)</description>
	<plugin fragment="true" id="org.eclipse.jem.beaninfo.nl_zh_TW" unpack="false" version="3.5.0.v20090620043401" download-size="3265" install-size="3265" />
	<plugin fragment="true" id="org.eclipse.jem.beaninfo.vm.common.nl_zh_TW" unpack="false" version="3.5.0.v20090620043401" download-size="1398" install-size="1398" />
	<plugin fragment="true" id="org.eclipse.jem.beaninfo.vm.nl_zh_TW" unpack="false" version="3.5.0.v20090620043401" download-size="3136" install-size="3136" />
	<plugin fragment="true" id="org.eclipse.jem.nl_zh_TW" unpack="false" version="3.5.0.v20090620043401" download-size="4082" install-size="4082" />
	<plugin fragment="true" id="org.eclipse.jem.proxy.nl_zh_TW" unpack="false" version="3.5.0.v20090620043401" download-size="7619" install-size="7619" />
	<plugin fragment="true" id="org.eclipse.jem.tests.nl_zh_TW" unpack="false" version="3.5.0.v20090620043401" download-size="1386" install-size="1386" />
	<plugin fragment="true" id="org.eclipse.jem.workbench.nl_zh_TW" unpack="false" version="3.5.0.v20090620043401" download-size="2539" install-size="2539" />
	<plugin fragment="true" id="org.eclipse.jst.j2ee.core.nl_zh_TW" unpack="false" version="3.5.0.v20090620043401" download-size="31586" install-size="31586" />
	<plugin fragment="true" id="org.eclipse.jst.j2ee.doc.user.nl_zh_TW" unpack="false" version="3.5.0.v20090620043401" download-size="1428" install-size="1428" />
	<plugin fragment="true" id="org.eclipse.jst.j2ee.infopop.nl_zh_TW" unpack="false" version="3.5.0.v20090620043401" download-size="1437" install-size="1437" />
	<plugin fragment="true" id="org.eclipse.jst.j2ee.jca.nl_zh_TW" unpack="false" version="3.5.0.v20090620043401" download-size="2600" install-size="2600" />
	<plugin fragment="true" id="org.eclipse.jst.j2ee.jca.ui.nl_zh_TW" unpack="false" version="3.5.0.v20090620043401" download-size="2153" install-size="2153" />
	<plugin fragment="true" id="org.eclipse.jst.j2ee.navigator.ui.nl_zh_TW" unpack="false" version="3.5.0.v20090620043401" download-size="3667" install-size="3667" />
	<plugin fragment="true" id="org.eclipse.jst.j2ee.nl_zh_TW" unpack="false" version="3.5.0.v20090620043401" download-size="28991" install-size="28991" />
	<plugin fragment="true" id="org.eclipse.jst.j2ee.ui.nl_zh_TW" unpack="false" version="3.5.0.v20090620043401" download-size="16313" install-size="16313" />
	<plugin fragment="true" id="org.eclipse.jst.j2ee.web.nl_zh_TW" unpack="false" version="3.5.0.v20090620043401" download-size="19661" install-size="19661" />
	<plugin fragment="true" id="org.eclipse.jst.j2ee.webservice.nl_zh_TW" unpack="false" version="3.5.0.v20090620043401" download-size="2773" install-size="2773" />
	<plugin fragment="true" id="org.eclipse.jst.j2ee.webservice.ui.nl_zh_TW" unpack="false" version="3.5.0.v20090620043401" download-size="2566" install-size="2566" />
	<plugin fragment="true" id="org.eclipse.jst.j2ee.xdoclet.runtime.nl_zh_TW" unpack="false" version="3.5.0.v20090620043401" download-size="2391" install-size="2391" />
	<plugin fragment="true" id="org.eclipse.jst.jee.nl_zh_TW" unpack="false" version="3.5.0.v20090620043401" download-size="1389" install-size="1389" />
	<plugin fragment="true" id="org.eclipse.jst.jee.ui.nl_zh_TW" unpack="false" version="3.5.0.v20090620043401" download-size="2697" install-size="2697" />
	<plugin fragment="true" id="org.eclipse.jst.jee.web.nl_zh_TW" unpack="false" version="3.5.0.v20090620043401" download-size="1392" install-size="1392" />
	<plugin fragment="true" id="org.eclipse.jst.servlet.ui.infopop.nl_zh_TW" unpack="false" version="3.5.0.v20090620043401" download-size="1441" install-size="1441" />
	<plugin fragment="true" id="org.eclipse.jst.servlet.ui.nl_zh_TW" unpack="false" version="3.5.0.v20090620043401" download-size="5827" install-size="5827" />
	<plugin fragment="true" id="org.eclipse.wst.web.ui.infopop.nl_zh_TW" unpack="false" version="3.5.0.v20090620043401" download-size="1436" install-size="1436" />
</feature>