<?xml version="1.0" encoding="UTF-8" ?>
<feature
	id="org.eclipse.babel.nls_datatools_nl"
	label="Babel Language Pack for datatools in Dutch (23.15%)"
	image="eclipse_update_120.jpg"
	provider-name="%providerName"
	version="3.5.0.v20090620043401">
	<copyright>
		%copyright
	</copyright>
	<license url="%licenseURL">
		%license
	</license>
	<description>Babel Language Pack for datatools in Dutch</description>
	<plugin fragment="true" id="org.eclipse.datatools.connectivity.apache.derby.dbdefinition.nl_nl" unpack="false" version="3.5.0.v20090620043401" download-size="1376" install-size="1376" />
	<plugin fragment="true" id="org.eclipse.datatools.connectivity.apache.derby.nl_nl" unpack="false" version="3.5.0.v20090620043401" download-size="1433" install-size="1433" />
	<plugin fragment="true" id="org.eclipse.datatools.connectivity.apache.derby.ui.nl_nl" unpack="false" version="3.5.0.v20090620043401" download-size="3584" install-size="3584" />
	<plugin fragment="true" id="org.eclipse.datatools.connectivity.console.profile.nl_nl" unpack="false" version="3.5.0.v20090620043401" download-size="2556" install-size="2556" />
	<plugin fragment="true" id="org.eclipse.datatools.connectivity.db.generic.nl_nl" unpack="false" version="3.5.0.v20090620043401" download-size="2615" install-size="2615" />
	<plugin fragment="true" id="org.eclipse.datatools.connectivity.db.generic.ui.nl_nl" unpack="false" version="3.5.0.v20090620043401" download-size="1364" install-size="1364" />
	<plugin fragment="true" id="org.eclipse.datatools.connectivity.dbdefinition.genericJDBC.nl_nl" unpack="false" version="3.5.0.v20090620043401" download-size="1397" install-size="1397" />
	<plugin fragment="true" id="org.eclipse.datatools.connectivity.nl_nl" unpack="false" version="3.5.0.v20090620043401" download-size="3195" install-size="3195" />
	<plugin fragment="true" id="org.eclipse.datatools.connectivity.oda.consumer.nl_nl" unpack="false" version="3.5.0.v20090620043401" download-size="2865" install-size="2865" />
	<plugin fragment="true" id="org.eclipse.datatools.connectivity.oda.design.nl_nl" unpack="false" version="3.5.0.v20090620043401" download-size="1362" install-size="1362" />
	<plugin fragment="true" id="org.eclipse.datatools.connectivity.oda.design.ui.nl_nl" unpack="false" version="3.5.0.v20090620043401" download-size="2952" install-size="2952" />
	<plugin fragment="true" id="org.eclipse.datatools.connectivity.oda.flatfile.nl_nl" unpack="false" version="3.5.0.v20090620043401" download-size="2761" install-size="2761" />
	<plugin fragment="true" id="org.eclipse.datatools.connectivity.oda.flatfile.ui.nl_nl" unpack="false" version="3.5.0.v20090620043401" download-size="3066" install-size="3066" />
	<plugin fragment="true" id="org.eclipse.datatools.connectivity.oda.template.ui.nl_nl" unpack="false" version="3.5.0.v20090620043401" download-size="2949" install-size="2949" />
	<plugin fragment="true" id="org.eclipse.datatools.connectivity.sqm.core.nl_nl" unpack="false" version="3.5.0.v20090620043401" download-size="3077" install-size="3077" />
	<plugin fragment="true" id="org.eclipse.datatools.connectivity.sqm.core.ui.nl_nl" unpack="false" version="3.5.0.v20090620043401" download-size="4092" install-size="4092" />
	<plugin fragment="true" id="org.eclipse.datatools.connectivity.sqm.server.ui.nl_nl" unpack="false" version="3.5.0.v20090620043401" download-size="3573" install-size="3573" />
	<plugin fragment="true" id="org.eclipse.datatools.connectivity.ui.dse.nl_nl" unpack="false" version="3.5.0.v20090620043401" download-size="2896" install-size="2896" />
	<plugin fragment="true" id="org.eclipse.datatools.connectivity.ui.nl_nl" unpack="false" version="3.5.0.v20090620043401" download-size="3507" install-size="3507" />
	<plugin fragment="true" id="org.eclipse.datatools.connectivity.ui.templates.nl_nl" unpack="false" version="3.5.0.v20090620043401" download-size="2748" install-size="2748" />
	<plugin fragment="true" id="org.eclipse.datatools.enablement.finfo.nl_nl" unpack="false" version="3.5.0.v20090620043401" download-size="1374" install-size="1374" />
	<plugin fragment="true" id="org.eclipse.datatools.enablement.hsqldb.dbdefinition.nl_nl" unpack="false" version="3.5.0.v20090620043401" download-size="1387" install-size="1387" />
	<plugin fragment="true" id="org.eclipse.datatools.enablement.hsqldb.nl_nl" unpack="false" version="3.5.0.v20090620043401" download-size="1425" install-size="1425" />
	<plugin fragment="true" id="org.eclipse.datatools.enablement.hsqldb.ui.nl_nl" unpack="false" version="3.5.0.v20090620043401" download-size="2687" install-size="2687" />
	<plugin fragment="true" id="org.eclipse.datatools.enablement.ibm.db2.iseries.dbdefinition.nl_nl" unpack="false" version="3.5.0.v20090620043401" download-size="1394" install-size="1394" />
	<plugin fragment="true" id="org.eclipse.datatools.enablement.ibm.db2.iseries.nl_nl" unpack="false" version="3.5.0.v20090620043401" download-size="1425" install-size="1425" />
	<plugin fragment="true" id="org.eclipse.datatools.enablement.ibm.db2.iseries.ui.nl_nl" unpack="false" version="3.5.0.v20090620043401" download-size="3372" install-size="3372" />
	<plugin fragment="true" id="org.eclipse.datatools.enablement.ibm.db2.luw.dbdefinition.nl_nl" unpack="false" version="3.5.0.v20090620043401" download-size="1392" install-size="1392" />
	<plugin fragment="true" id="org.eclipse.datatools.enablement.ibm.db2.luw.nl_nl" unpack="false" version="3.5.0.v20090620043401" download-size="1422" install-size="1422" />
	<plugin fragment="true" id="org.eclipse.datatools.enablement.ibm.db2.luw.ui.nl_nl" unpack="false" version="3.5.0.v20090620043401" download-size="3334" install-size="3334" />
	<plugin fragment="true" id="org.eclipse.datatools.enablement.ibm.db2.zseries.dbdefinition.nl_nl" unpack="false" version="3.5.0.v20090620043401" download-size="1393" install-size="1393" />
	<plugin fragment="true" id="org.eclipse.datatools.enablement.ibm.db2.zseries.nl_nl" unpack="false" version="3.5.0.v20090620043401" download-size="1426" install-size="1426" />
	<plugin fragment="true" id="org.eclipse.datatools.enablement.ibm.db2.zseries.ui.nl_nl" unpack="false" version="3.5.0.v20090620043401" download-size="3390" install-size="3390" />
	<plugin fragment="true" id="org.eclipse.datatools.enablement.ibm.informix.dbdefinition.nl_nl" unpack="false" version="3.5.0.v20090620043401" download-size="1406" install-size="1406" />
	<plugin fragment="true" id="org.eclipse.datatools.enablement.ibm.informix.nl_nl" unpack="false" version="3.5.0.v20090620043401" download-size="1423" install-size="1423" />
	<plugin fragment="true" id="org.eclipse.datatools.enablement.ibm.informix.ui.nl_nl" unpack="false" version="3.5.0.v20090620043401" download-size="3203" install-size="3203" />
	<plugin fragment="true" id="org.eclipse.datatools.enablement.ibm.ui.nl_nl" unpack="false" version="3.5.0.v20090620043401" download-size="2969" install-size="2969" />
	<plugin fragment="true" id="org.eclipse.datatools.enablement.ingres.dbdefinition.nl_nl" unpack="false" version="3.5.0.v20090620043401" download-size="1386" install-size="1386" />
	<plugin fragment="true" id="org.eclipse.datatools.enablement.ingres.nl_nl" unpack="false" version="3.5.0.v20090620043401" download-size="1431" install-size="1431" />
	<plugin fragment="true" id="org.eclipse.datatools.enablement.ingres.ui.nl_nl" unpack="false" version="3.5.0.v20090620043401" download-size="2876" install-size="2876" />
	<plugin fragment="true" id="org.eclipse.datatools.enablement.jdt.classpath.nl_nl" unpack="false" version="3.5.0.v20090620043401" download-size="1386" install-size="1386" />
	<plugin fragment="true" id="org.eclipse.datatools.enablement.msft.sqlserver.dbdefinition.nl_nl" unpack="false" version="3.5.0.v20090620043401" download-size="1393" install-size="1393" />
	<plugin fragment="true" id="org.eclipse.datatools.enablement.msft.sqlserver.nl_nl" unpack="false" version="3.5.0.v20090620043401" download-size="1427" install-size="1427" />
	<plugin fragment="true" id="org.eclipse.datatools.enablement.msft.sqlserver.ui.nl_nl" unpack="false" version="3.5.0.v20090620043401" download-size="3471" install-size="3471" />
	<plugin fragment="true" id="org.eclipse.datatools.enablement.mysql.dbdefinition.nl_nl" unpack="false" version="3.5.0.v20090620043401" download-size="1408" install-size="1408" />
	<plugin fragment="true" id="org.eclipse.datatools.enablement.mysql.nl_nl" unpack="false" version="3.5.0.v20090620043401" download-size="1448" install-size="1448" />
	<plugin fragment="true" id="org.eclipse.datatools.enablement.mysql.ui.nl_nl" unpack="false" version="3.5.0.v20090620043401" download-size="1376" install-size="1376" />
	<plugin fragment="true" id="org.eclipse.datatools.enablement.oda.ws.nl_nl" unpack="false" version="3.5.0.v20090620043401" download-size="2397" install-size="2397" />
	<plugin fragment="true" id="org.eclipse.datatools.enablement.oda.ws.ui.nl_nl" unpack="false" version="3.5.0.v20090620043401" download-size="2966" install-size="2966" />
	<plugin fragment="true" id="org.eclipse.datatools.enablement.oda.xml.nl_nl" unpack="false" version="3.5.0.v20090620043401" download-size="2970" install-size="2970" />
	<plugin fragment="true" id="org.eclipse.datatools.enablement.oda.xml.ui.nl_nl" unpack="false" version="3.5.0.v20090620043401" download-size="3403" install-size="3403" />
	<plugin fragment="true" id="org.eclipse.datatools.enablement.oracle.dbdefinition.nl_nl" unpack="false" version="3.5.0.v20090620043401" download-size="1438" install-size="1438" />
	<plugin fragment="true" id="org.eclipse.datatools.enablement.oracle.nl_nl" unpack="false" version="3.5.0.v20090620043401" download-size="1507" install-size="1507" />
	<plugin fragment="true" id="org.eclipse.datatools.enablement.oracle.ui.nl_nl" unpack="false" version="3.5.0.v20090620043401" download-size="3033" install-size="3033" />
	<plugin fragment="true" id="org.eclipse.datatools.enablement.postgresql.dbdefinition.nl_nl" unpack="false" version="3.5.0.v20090620043401" download-size="1389" install-size="1389" />
	<plugin fragment="true" id="org.eclipse.datatools.enablement.postgresql.nl_nl" unpack="false" version="3.5.0.v20090620043401" download-size="1442" install-size="1442" />
	<plugin fragment="true" id="org.eclipse.datatools.enablement.postgresql.ui.nl_nl" unpack="false" version="3.5.0.v20090620043401" download-size="1382" install-size="1382" />
	<plugin fragment="true" id="org.eclipse.datatools.enablement.sap.maxdb.dbdefinition.nl_nl" unpack="false" version="3.5.0.v20090620043401" download-size="1370" install-size="1370" />
	<plugin fragment="true" id="org.eclipse.datatools.enablement.sap.maxdb.nl_nl" unpack="false" version="3.5.0.v20090620043401" download-size="1419" install-size="1419" />
	<plugin fragment="true" id="org.eclipse.datatools.enablement.sap.maxdb.ui.nl_nl" unpack="false" version="3.5.0.v20090620043401" download-size="1379" install-size="1379" />
	<plugin fragment="true" id="org.eclipse.datatools.enablement.sqlite.dbdefinition.nl_nl" unpack="false" version="3.5.0.v20090620043401" download-size="1385" install-size="1385" />
	<plugin fragment="true" id="org.eclipse.datatools.enablement.sqlite.nl_nl" unpack="false" version="3.5.0.v20090620043401" download-size="1425" install-size="1425" />
	<plugin fragment="true" id="org.eclipse.datatools.enablement.sqlite.ui.nl_nl" unpack="false" version="3.5.0.v20090620043401" download-size="2648" install-size="2648" />
	<plugin fragment="true" id="org.eclipse.datatools.enablement.sybase.asa.dbdefinition.nl_nl" unpack="false" version="3.5.0.v20090620043401" download-size="1390" install-size="1390" />
	<plugin fragment="true" id="org.eclipse.datatools.enablement.sybase.asa.models.nl_nl" unpack="false" version="3.5.0.v20090620043401" download-size="1385" install-size="1385" />
	<plugin fragment="true" id="org.eclipse.datatools.enablement.sybase.asa.nl_nl" unpack="false" version="3.5.0.v20090620043401" download-size="2856" install-size="2856" />
	<plugin fragment="true" id="org.eclipse.datatools.enablement.sybase.asa.schemaobjecteditor.examples.nl_nl" unpack="false" version="3.5.0.v20090620043401" download-size="15688" install-size="15688" />
	<plugin fragment="true" id="org.eclipse.datatools.enablement.sybase.asa.ui.nl_nl" unpack="false" version="3.5.0.v20090620043401" download-size="1428" install-size="1428" />
	<plugin fragment="true" id="org.eclipse.datatools.enablement.sybase.ase.dbdefinition.nl_nl" unpack="false" version="3.5.0.v20090620043401" download-size="1387" install-size="1387" />
	<plugin fragment="true" id="org.eclipse.datatools.enablement.sybase.ase.models.nl_nl" unpack="false" version="3.5.0.v20090620043401" download-size="1382" install-size="1382" />
	<plugin fragment="true" id="org.eclipse.datatools.enablement.sybase.ase.nl_nl" unpack="false" version="3.5.0.v20090620043401" download-size="2450" install-size="2450" />
	<plugin fragment="true" id="org.eclipse.datatools.enablement.sybase.ase.ui.nl_nl" unpack="false" version="3.5.0.v20090620043401" download-size="1425" install-size="1425" />
	<plugin fragment="true" id="org.eclipse.datatools.enablement.sybase.models.nl_nl" unpack="false" version="3.5.0.v20090620043401" download-size="1380" install-size="1380" />
	<plugin fragment="true" id="org.eclipse.datatools.enablement.sybase.nl_nl" unpack="false" version="3.5.0.v20090620043401" download-size="2911" install-size="2911" />
	<plugin fragment="true" id="org.eclipse.datatools.enablement.sybase.ui.nl_nl" unpack="false" version="3.5.0.v20090620043401" download-size="2846" install-size="2846" />
	<plugin fragment="true" id="org.eclipse.datatools.help.nl_nl" unpack="false" version="3.5.0.v20090620043401" download-size="1351" install-size="1351" />
	<plugin fragment="true" id="org.eclipse.datatools.modelbase.dbdefinition.nl_nl" unpack="false" version="3.5.0.v20090620043401" download-size="1379" install-size="1379" />
	<plugin fragment="true" id="org.eclipse.datatools.modelbase.derby.nl_nl" unpack="false" version="3.5.0.v20090620043401" download-size="1375" install-size="1375" />
	<plugin fragment="true" id="org.eclipse.datatools.modelbase.sql.edit.nl_nl" unpack="false" version="3.5.0.v20090620043401" download-size="2602" install-size="2602" />
	<plugin fragment="true" id="org.eclipse.datatools.modelbase.sql.nl_nl" unpack="false" version="3.5.0.v20090620043401" download-size="1374" install-size="1374" />
	<plugin fragment="true" id="org.eclipse.datatools.modelbase.sql.query.edit.nl_nl" unpack="false" version="3.5.0.v20090620043401" download-size="1715" install-size="1715" />
	<plugin fragment="true" id="org.eclipse.datatools.modelbase.sql.query.nl_nl" unpack="false" version="3.5.0.v20090620043401" download-size="1378" install-size="1378" />
	<plugin fragment="true" id="org.eclipse.datatools.modelbase.sql.xml.query.nl_nl" unpack="false" version="3.5.0.v20090620043401" download-size="1384" install-size="1384" />
	<plugin fragment="true" id="org.eclipse.datatools.sqltools.common.ui.nl_nl" unpack="false" version="3.5.0.v20090620043401" download-size="5544" install-size="5544" />
	<plugin fragment="true" id="org.eclipse.datatools.sqltools.data.core.nl_nl" unpack="false" version="3.5.0.v20090620043401" download-size="2836" install-size="2836" />
	<plugin fragment="true" id="org.eclipse.datatools.sqltools.data.ui.nl_nl" unpack="false" version="3.5.0.v20090620043401" download-size="3419" install-size="3419" />
	<plugin fragment="true" id="org.eclipse.datatools.sqltools.db.derby.nl_nl" unpack="false" version="3.5.0.v20090620043401" download-size="2620" install-size="2620" />
	<plugin fragment="true" id="org.eclipse.datatools.sqltools.db.derby.ui.nl_nl" unpack="false" version="3.5.0.v20090620043401" download-size="1383" install-size="1383" />
	<plugin fragment="true" id="org.eclipse.datatools.sqltools.db.generic.nl_nl" unpack="false" version="3.5.0.v20090620043401" download-size="2632" install-size="2632" />
	<plugin fragment="true" id="org.eclipse.datatools.sqltools.db.generic.ui.nl_nl" unpack="false" version="3.5.0.v20090620043401" download-size="1384" install-size="1384" />
	<plugin fragment="true" id="org.eclipse.datatools.sqltools.ddlgen.ui.nl_nl" unpack="false" version="3.5.0.v20090620043401" download-size="3223" install-size="3223" />
	<plugin fragment="true" id="org.eclipse.datatools.sqltools.debugger.core.nl_nl" unpack="false" version="3.5.0.v20090620043401" download-size="4481" install-size="4481" />
	<plugin fragment="true" id="org.eclipse.datatools.sqltools.debugger.core.ui.nl_nl" unpack="false" version="3.5.0.v20090620043401" download-size="3735" install-size="3735" />
	<plugin fragment="true" id="org.eclipse.datatools.sqltools.editor.core.nl_nl" unpack="false" version="3.5.0.v20090620043401" download-size="2480" install-size="2480" />
	<plugin fragment="true" id="org.eclipse.datatools.sqltools.editor.core.ui.nl_nl" unpack="false" version="3.5.0.v20090620043401" download-size="1384" install-size="1384" />
	<plugin fragment="true" id="org.eclipse.datatools.sqltools.parsers.sql.lexer.nl_nl" unpack="false" version="3.5.0.v20090620043401" download-size="1383" install-size="1383" />
	<plugin fragment="true" id="org.eclipse.datatools.sqltools.parsers.sql.nl_nl" unpack="false" version="3.5.0.v20090620043401" download-size="1377" install-size="1377" />
	<plugin fragment="true" id="org.eclipse.datatools.sqltools.parsers.sql.query.nl_nl" unpack="false" version="3.5.0.v20090620043401" download-size="2681" install-size="2681" />
	<plugin fragment="true" id="org.eclipse.datatools.sqltools.parsers.sql.xml.query.nl_nl" unpack="false" version="3.5.0.v20090620043401" download-size="1387" install-size="1387" />
	<plugin fragment="true" id="org.eclipse.datatools.sqltools.plan.nl_nl" unpack="false" version="3.5.0.v20090620043401" download-size="4137" install-size="4137" />
	<plugin fragment="true" id="org.eclipse.datatools.sqltools.result.nl_nl" unpack="false" version="3.5.0.v20090620043401" download-size="4002" install-size="4002" />
	<plugin fragment="true" id="org.eclipse.datatools.sqltools.result.ui.nl_nl" unpack="false" version="3.5.0.v20090620043401" download-size="3622" install-size="3622" />
	<plugin fragment="true" id="org.eclipse.datatools.sqltools.routineeditor.nl_nl" unpack="false" version="3.5.0.v20090620043401" download-size="5690" install-size="5690" />
	<plugin fragment="true" id="org.eclipse.datatools.sqltools.routineeditor.ui.nl_nl" unpack="false" version="3.5.0.v20090620043401" download-size="5025" install-size="5025" />
	<plugin fragment="true" id="org.eclipse.datatools.sqltools.schemaobjecteditor.nl_nl" unpack="false" version="3.5.0.v20090620043401" download-size="1387" install-size="1387" />
	<plugin fragment="true" id="org.eclipse.datatools.sqltools.schemaobjecteditor.ui.nl_nl" unpack="false" version="3.5.0.v20090620043401" download-size="5761" install-size="5761" />
	<plugin fragment="true" id="org.eclipse.datatools.sqltools.schemaobjecteditor.ui.pages.nl_nl" unpack="false" version="3.5.0.v20090620043401" download-size="3597" install-size="3597" />
	<plugin fragment="true" id="org.eclipse.datatools.sqltools.sql.nl_nl" unpack="false" version="3.5.0.v20090620043401" download-size="2629" install-size="2629" />
	<plugin fragment="true" id="org.eclipse.datatools.sqltools.sql.ui.nl_nl" unpack="false" version="3.5.0.v20090620043401" download-size="1372" install-size="1372" />
	<plugin fragment="true" id="org.eclipse.datatools.sqltools.sqlbuilder.nl_nl" unpack="false" version="3.5.0.v20090620043401" download-size="3470" install-size="3470" />
	<plugin fragment="true" id="org.eclipse.datatools.sqltools.sqleditor.nl_nl" unpack="false" version="3.5.0.v20090620043401" download-size="8267" install-size="8267" />
	<plugin fragment="true" id="org.eclipse.datatools.sqltools.sqlscrapbook.nl_nl" unpack="false" version="3.5.0.v20090620043401" download-size="4783" install-size="4783" />
	<plugin fragment="true" id="org.eclipse.datatools.sqltools.tabledataeditor.nl_nl" unpack="false" version="3.5.0.v20090620043401" download-size="1379" install-size="1379" />
</feature>