<?xml version="1.0" encoding="UTF-8" ?>
<feature
	id="org.eclipse.babel.nls_rt.ecf_de"
	label="Babel Language Pack for rt.ecf in German (15.02%)"
	image="eclipse_update_120.jpg"
	provider-name="%providerName"
	version="3.5.0.v20090620043401">
	<copyright>
		%copyright
	</copyright>
	<license url="%licenseURL">
		%license
	</license>
	<description>Babel Language Pack for rt.ecf in German</description>
	<plugin fragment="true" id="org.eclipse.ecf.datashare.nl_de" unpack="false" version="3.5.0.v20090620043401" download-size="2082" install-size="2082" />
	<plugin fragment="true" id="org.eclipse.ecf.discovery.nl_de" unpack="false" version="3.5.0.v20090620043401" download-size="1368" install-size="1368" />
	<plugin fragment="true" id="org.eclipse.ecf.discovery.ui.browser.nl_de" unpack="false" version="3.5.0.v20090620043401" download-size="1376" install-size="1376" />
	<plugin fragment="true" id="org.eclipse.ecf.discovery.ui.edit.nl_de" unpack="false" version="3.5.0.v20090620043401" download-size="1543" install-size="1543" />
	<plugin fragment="true" id="org.eclipse.ecf.discovery.ui.model.nl_de" unpack="false" version="3.5.0.v20090620043401" download-size="1373" install-size="1373" />
	<plugin fragment="true" id="org.eclipse.ecf.discovery.ui.nl_de" unpack="false" version="3.5.0.v20090620043401" download-size="1371" install-size="1371" />
	<plugin fragment="true" id="org.eclipse.ecf.doc.nl_de" unpack="false" version="3.5.0.v20090620043401" download-size="1364" install-size="1364" />
	<plugin fragment="true" id="org.eclipse.ecf.docshare.nl_de" unpack="false" version="3.5.0.v20090620043401" download-size="2277" install-size="2277" />
	<plugin fragment="true" id="org.eclipse.ecf.example.clients.nl_de" unpack="false" version="3.5.0.v20090620043401" download-size="1372" install-size="1372" />
	<plugin fragment="true" id="org.eclipse.ecf.example.collab.editor.nl_de" unpack="false" version="3.5.0.v20090620043401" download-size="1376" install-size="1376" />
	<plugin fragment="true" id="org.eclipse.ecf.example.collab.nl_de" unpack="false" version="3.5.0.v20090620043401" download-size="3556" install-size="3556" />
	<plugin fragment="true" id="org.eclipse.ecf.examples.remoteservices.common.nl_de" unpack="false" version="3.5.0.v20090620043401" download-size="1381" install-size="1381" />
	<plugin fragment="true" id="org.eclipse.ecf.examples.remoteservices.server.nl_de" unpack="false" version="3.5.0.v20090620043401" download-size="1380" install-size="1380" />
	<plugin fragment="true" id="org.eclipse.ecf.examples.updatesite.client.nl_de" unpack="false" version="3.5.0.v20090620043401" download-size="1378" install-size="1378" />
	<plugin fragment="true" id="org.eclipse.ecf.examples.updatesite.server.nl_de" unpack="false" version="3.5.0.v20090620043401" download-size="1377" install-size="1377" />
	<plugin fragment="true" id="org.eclipse.ecf.filetransfer.nl_de" unpack="false" version="3.5.0.v20090620043401" download-size="1368" install-size="1368" />
	<plugin fragment="true" id="org.eclipse.ecf.filetransfer.ui.nl_de" unpack="false" version="3.5.0.v20090620043401" download-size="2602" install-size="2602" />
	<plugin fragment="true" id="org.eclipse.ecf.identity.nl_de" unpack="false" version="3.5.0.v20090620043401" download-size="1368" install-size="1368" />
	<plugin fragment="true" id="org.eclipse.ecf.nl_de" unpack="false" version="3.5.0.v20090620043401" download-size="1550" install-size="1550" />
	<plugin fragment="true" id="org.eclipse.ecf.osgi.services.discovery.nl_de" unpack="false" version="3.5.0.v20090620043401" download-size="1378" install-size="1378" />
	<plugin fragment="true" id="org.eclipse.ecf.osgi.services.distribution.nl_de" unpack="false" version="3.5.0.v20090620043401" download-size="1379" install-size="1379" />
	<plugin fragment="true" id="org.eclipse.ecf.osgi.services.nl_de" unpack="false" version="3.5.0.v20090620043401" download-size="1354" install-size="1354" />
	<plugin fragment="true" id="org.eclipse.ecf.presence.bot.nl_de" unpack="false" version="3.5.0.v20090620043401" download-size="1370" install-size="1370" />
	<plugin fragment="true" id="org.eclipse.ecf.presence.collab.ui.nl_de" unpack="false" version="3.5.0.v20090620043401" download-size="2631" install-size="2631" />
	<plugin fragment="true" id="org.eclipse.ecf.presence.nl_de" unpack="false" version="3.5.0.v20090620043401" download-size="1367" install-size="1367" />
	<plugin fragment="true" id="org.eclipse.ecf.presence.ui.nl_de" unpack="false" version="3.5.0.v20090620043401" download-size="2981" install-size="2981" />
	<plugin fragment="true" id="org.eclipse.ecf.protocol.bittorrent.nl_de" unpack="false" version="3.5.0.v20090620043401" download-size="1373" install-size="1373" />
	<plugin fragment="true" id="org.eclipse.ecf.protocol.msn.nl_de" unpack="false" version="3.5.0.v20090620043401" download-size="1370" install-size="1370" />
	<plugin fragment="true" id="org.eclipse.ecf.provider.bittorrent.nl_de" unpack="false" version="3.5.0.v20090620043401" download-size="1374" install-size="1374" />
	<plugin fragment="true" id="org.eclipse.ecf.provider.bittorrent.ui.nl_de" unpack="false" version="3.5.0.v20090620043401" download-size="2625" install-size="2625" />
	<plugin fragment="true" id="org.eclipse.ecf.provider.datashare.nio.nl_de" unpack="false" version="3.5.0.v20090620043401" download-size="1376" install-size="1376" />
	<plugin fragment="true" id="org.eclipse.ecf.provider.datashare.nl_de" unpack="false" version="3.5.0.v20090620043401" download-size="1374" install-size="1374" />
	<plugin fragment="true" id="org.eclipse.ecf.provider.discovery.nl_de" unpack="false" version="3.5.0.v20090620043401" download-size="1375" install-size="1375" />
	<plugin fragment="true" id="org.eclipse.ecf.provider.filetransfer.efs.nl_de" unpack="false" version="3.5.0.v20090620043401" download-size="1378" install-size="1378" />
	<plugin fragment="true" id="org.eclipse.ecf.provider.filetransfer.httpclient.nl_de" unpack="false" version="3.5.0.v20090620043401" download-size="2670" install-size="2670" />
	<plugin fragment="true" id="org.eclipse.ecf.provider.filetransfer.nl_de" unpack="false" version="3.5.0.v20090620043401" download-size="2550" install-size="2550" />
	<plugin fragment="true" id="org.eclipse.ecf.provider.filetransfer.scp.nl_de" unpack="false" version="3.5.0.v20090620043401" download-size="1378" install-size="1378" />
	<plugin fragment="true" id="org.eclipse.ecf.provider.irc.nl_de" unpack="false" version="3.5.0.v20090620043401" download-size="2409" install-size="2409" />
	<plugin fragment="true" id="org.eclipse.ecf.provider.irc.ui.nl_de" unpack="false" version="3.5.0.v20090620043401" download-size="2402" install-size="2402" />
	<plugin fragment="true" id="org.eclipse.ecf.provider.jmdns.nl_de" unpack="false" version="3.5.0.v20090620043401" download-size="1372" install-size="1372" />
	<plugin fragment="true" id="org.eclipse.ecf.provider.jslp.nl_de" unpack="false" version="3.5.0.v20090620043401" download-size="1371" install-size="1371" />
	<plugin fragment="true" id="org.eclipse.ecf.provider.msn.nl_de" unpack="false" version="3.5.0.v20090620043401" download-size="2387" install-size="2387" />
	<plugin fragment="true" id="org.eclipse.ecf.provider.msn.ui.nl_de" unpack="false" version="3.5.0.v20090620043401" download-size="2567" install-size="2567" />
	<plugin fragment="true" id="org.eclipse.ecf.provider.nl_de" unpack="false" version="3.5.0.v20090620043401" download-size="2843" install-size="2843" />
	<plugin fragment="true" id="org.eclipse.ecf.provider.remoteservice.nl_de" unpack="false" version="3.5.0.v20090620043401" download-size="1376" install-size="1376" />
	<plugin fragment="true" id="org.eclipse.ecf.provider.ui.nl_de" unpack="false" version="3.5.0.v20090620043401" download-size="1370" install-size="1370" />
	<plugin fragment="true" id="org.eclipse.ecf.provider.xmpp.nl_de" unpack="false" version="3.5.0.v20090620043401" download-size="2419" install-size="2419" />
	<plugin fragment="true" id="org.eclipse.ecf.provider.xmpp.ui.nl_de" unpack="false" version="3.5.0.v20090620043401" download-size="2742" install-size="2742" />
	<plugin fragment="true" id="org.eclipse.ecf.remoteservice.nl_de" unpack="false" version="3.5.0.v20090620043401" download-size="1370" install-size="1370" />
	<plugin fragment="true" id="org.eclipse.ecf.remoteservice.ui.nl_de" unpack="false" version="3.5.0.v20090620043401" download-size="2490" install-size="2490" />
	<plugin fragment="true" id="org.eclipse.ecf.server.generic.nl_de" unpack="false" version="3.5.0.v20090620043401" download-size="1371" install-size="1371" />
	<plugin fragment="true" id="org.eclipse.ecf.server.nl_de" unpack="false" version="3.5.0.v20090620043401" download-size="1366" install-size="1366" />
	<plugin fragment="true" id="org.eclipse.ecf.sharedobject.nl_de" unpack="false" version="3.5.0.v20090620043401" download-size="2419" install-size="2419" />
	<plugin fragment="true" id="org.eclipse.ecf.storage.nl_de" unpack="false" version="3.5.0.v20090620043401" download-size="1366" install-size="1366" />
	<plugin fragment="true" id="org.eclipse.ecf.sync.nl_de" unpack="false" version="3.5.0.v20090620043401" download-size="1365" install-size="1365" />
	<plugin fragment="true" id="org.eclipse.ecf.telephony.call.nl_de" unpack="false" version="3.5.0.v20090620043401" download-size="1372" install-size="1372" />
	<plugin fragment="true" id="org.eclipse.ecf.telephony.call.ui.nl_de" unpack="false" version="3.5.0.v20090620043401" download-size="1373" install-size="1373" />
	<plugin fragment="true" id="org.eclipse.ecf.ui.capabilities.nl_de" unpack="false" version="3.5.0.v20090620043401" download-size="1372" install-size="1372" />
	<plugin fragment="true" id="org.eclipse.ecf.ui.nl_de" unpack="false" version="3.5.0.v20090620043401" download-size="2398" install-size="2398" />
	<plugin fragment="true" id="org.eclipse.team.ecf.core.nl_de" unpack="false" version="3.5.0.v20090620043401" download-size="1368" install-size="1368" />
	<plugin fragment="true" id="org.eclipse.team.ecf.ui.nl_de" unpack="false" version="3.5.0.v20090620043401" download-size="2406" install-size="2406" />
	<plugin fragment="true" id="org.jivesoftware.smack.nl_de" unpack="false" version="3.5.0.v20090620043401" download-size="1369" install-size="1369" />
</feature>