<?xml version="1.0" encoding="UTF-8" ?>
<feature
	id="org.eclipse.babel.nls_tools.pdt_hu"
	label="Babel Language Pack for tools.pdt in Hungarian (62.71%)"
	image="eclipse_update_120.jpg"
	provider-name="%providerName"
	version="3.5.0.v20090620043401">
	<copyright>
		%copyright
	</copyright>
	<license url="%licenseURL">
		%license
	</license>
	<description>Babel Language Pack for tools.pdt in Hungarian</description>
	<plugin fragment="true" id="org.eclipse.dltk.core.tests.nl_hu" unpack="false" version="3.5.0.v20090620043401" download-size="1372" install-size="1372" />
	<plugin fragment="true" id="org.eclipse.php.core.nl_hu" unpack="false" version="3.5.0.v20090620043401" download-size="2760" install-size="2760" />
	<plugin fragment="true" id="org.eclipse.php.core.parser.nl_hu" unpack="false" version="3.5.0.v20090620043401" download-size="1371" install-size="1371" />
	<plugin fragment="true" id="org.eclipse.php.debug.core.nl_hu" unpack="false" version="3.5.0.v20090620043401" download-size="2384" install-size="2384" />
	<plugin fragment="true" id="org.eclipse.php.debug.ui.nl_hu" unpack="false" version="3.5.0.v20090620043401" download-size="3449" install-size="3449" />
	<plugin fragment="true" id="org.eclipse.php.nl_hu" unpack="false" version="3.5.0.v20090620043401" download-size="1364" install-size="1364" />
	<plugin fragment="true" id="org.eclipse.php.server.core.nl_hu" unpack="false" version="3.5.0.v20090620043401" download-size="2275" install-size="2275" />
	<plugin fragment="true" id="org.eclipse.php.server.ui.nl_hu" unpack="false" version="3.5.0.v20090620043401" download-size="2246" install-size="2246" />
	<plugin fragment="true" id="org.eclipse.php.test.nl_hu" unpack="false" version="3.5.0.v20090620043401" download-size="1367" install-size="1367" />
	<plugin fragment="true" id="org.eclipse.php.ui.nl_hu" unpack="false" version="3.5.0.v20090620043401" download-size="42915" install-size="42915" />
	<plugin fragment="true" id="org.eclipse.test.nl_hu" unpack="false" version="3.5.0.v20090620043401" download-size="1363" install-size="1363" />
</feature>