<?xml version="1.0" encoding="UTF-8" ?>
<feature
	id="org.eclipse.babel.nls_technology.actf_hu"
	label="Babel Language Pack for technology.actf in Hungarian (6.78%)"
	image="eclipse_update_120.jpg"
	provider-name="%providerName"
	version="3.5.0.v20090620043401">
	<copyright>
		%copyright
	</copyright>
	<license url="%licenseURL">
		%license
	</license>
	<description>Babel Language Pack for technology.actf in Hungarian</description>
	<plugin fragment="true" id="org.eclipse.actf.core.nl_hu" unpack="false" version="3.5.0.v20090620043401" download-size="1605" install-size="1605" />
	<plugin fragment="true" id="org.eclipse.actf.model.flash.proxy.nl_hu" unpack="false" version="3.5.0.v20090620043401" download-size="1907" install-size="1907" />
	<plugin fragment="true" id="org.eclipse.actf.model.ui.nl_hu" unpack="false" version="3.5.0.v20090620043401" download-size="1534" install-size="1534" />
	<plugin fragment="true" id="org.eclipse.actf.ui.nl_hu" unpack="false" version="3.5.0.v20090620043401" download-size="1734" install-size="1734" />
	<plugin fragment="true" id="org.eclipse.actf.util.vocab.nl_hu" unpack="false" version="3.5.0.v20090620043401" download-size="1385" install-size="1385" />
	<plugin fragment="true" id="org.eclipse.actf.visualization.doc.isv.nl_hu" unpack="false" version="3.5.0.v20090620043401" download-size="1379" install-size="1379" />
	<plugin fragment="true" id="org.eclipse.actf.visualization.engines.blind.html.nl_hu" unpack="false" version="3.5.0.v20090620043401" download-size="1426" install-size="1426" />
	<plugin fragment="true" id="org.eclipse.actf.visualization.engines.blind.nl_hu" unpack="false" version="3.5.0.v20090620043401" download-size="1691" install-size="1691" />
	<plugin fragment="true" id="org.eclipse.actf.visualization.eval.nl_hu" unpack="false" version="3.5.0.v20090620043401" download-size="1952" install-size="1952" />
	<plugin fragment="true" id="org.eclipse.actf.visualization.gui.nl_hu" unpack="false" version="3.5.0.v20090620043401" download-size="1916" install-size="1916" />
	<plugin fragment="true" id="org.eclipse.actf.visualization.presentation.nl_hu" unpack="false" version="3.5.0.v20090620043401" download-size="1394" install-size="1394" />
	<plugin fragment="true" id="org.eclipse.actf.visualization.ui.report.nl_hu" unpack="false" version="3.5.0.v20090620043401" download-size="1457" install-size="1457" />
</feature>