<?xml version="1.0" encoding="UTF-8" ?>
<feature
	id="org.eclipse.babel.nls_datatools_fi"
	label="Babel Language Pack for datatools in Finnish (22.88%)"
	image="eclipse_update_120.jpg"
	provider-name="%providerName"
	version="3.5.0.v20090620043401">
	<copyright>
		%copyright
	</copyright>
	<license url="%licenseURL">
		%license
	</license>
	<description>Babel Language Pack for datatools in Finnish</description>
	<plugin fragment="true" id="org.eclipse.datatools.connectivity.apache.derby.dbdefinition.nl_fi" unpack="false" version="3.5.0.v20090620043401" download-size="1376" install-size="1376" />
	<plugin fragment="true" id="org.eclipse.datatools.connectivity.apache.derby.nl_fi" unpack="false" version="3.5.0.v20090620043401" download-size="1441" install-size="1441" />
	<plugin fragment="true" id="org.eclipse.datatools.connectivity.apache.derby.ui.nl_fi" unpack="false" version="3.5.0.v20090620043401" download-size="3602" install-size="3602" />
	<plugin fragment="true" id="org.eclipse.datatools.connectivity.console.profile.nl_fi" unpack="false" version="3.5.0.v20090620043401" download-size="2566" install-size="2566" />
	<plugin fragment="true" id="org.eclipse.datatools.connectivity.db.generic.nl_fi" unpack="false" version="3.5.0.v20090620043401" download-size="2635" install-size="2635" />
	<plugin fragment="true" id="org.eclipse.datatools.connectivity.db.generic.ui.nl_fi" unpack="false" version="3.5.0.v20090620043401" download-size="1366" install-size="1366" />
	<plugin fragment="true" id="org.eclipse.datatools.connectivity.dbdefinition.genericJDBC.nl_fi" unpack="false" version="3.5.0.v20090620043401" download-size="1398" install-size="1398" />
	<plugin fragment="true" id="org.eclipse.datatools.connectivity.nl_fi" unpack="false" version="3.5.0.v20090620043401" download-size="3195" install-size="3195" />
	<plugin fragment="true" id="org.eclipse.datatools.connectivity.oda.consumer.nl_fi" unpack="false" version="3.5.0.v20090620043401" download-size="2897" install-size="2897" />
	<plugin fragment="true" id="org.eclipse.datatools.connectivity.oda.design.nl_fi" unpack="false" version="3.5.0.v20090620043401" download-size="1363" install-size="1363" />
	<plugin fragment="true" id="org.eclipse.datatools.connectivity.oda.design.ui.nl_fi" unpack="false" version="3.5.0.v20090620043401" download-size="2952" install-size="2952" />
	<plugin fragment="true" id="org.eclipse.datatools.connectivity.oda.flatfile.nl_fi" unpack="false" version="3.5.0.v20090620043401" download-size="2778" install-size="2778" />
	<plugin fragment="true" id="org.eclipse.datatools.connectivity.oda.flatfile.ui.nl_fi" unpack="false" version="3.5.0.v20090620043401" download-size="3096" install-size="3096" />
	<plugin fragment="true" id="org.eclipse.datatools.connectivity.oda.template.ui.nl_fi" unpack="false" version="3.5.0.v20090620043401" download-size="2960" install-size="2960" />
	<plugin fragment="true" id="org.eclipse.datatools.connectivity.sqm.core.nl_fi" unpack="false" version="3.5.0.v20090620043401" download-size="3077" install-size="3077" />
	<plugin fragment="true" id="org.eclipse.datatools.connectivity.sqm.core.ui.nl_fi" unpack="false" version="3.5.0.v20090620043401" download-size="4145" install-size="4145" />
	<plugin fragment="true" id="org.eclipse.datatools.connectivity.sqm.server.ui.nl_fi" unpack="false" version="3.5.0.v20090620043401" download-size="3575" install-size="3575" />
	<plugin fragment="true" id="org.eclipse.datatools.connectivity.ui.dse.nl_fi" unpack="false" version="3.5.0.v20090620043401" download-size="2889" install-size="2889" />
	<plugin fragment="true" id="org.eclipse.datatools.connectivity.ui.nl_fi" unpack="false" version="3.5.0.v20090620043401" download-size="3523" install-size="3523" />
	<plugin fragment="true" id="org.eclipse.datatools.connectivity.ui.templates.nl_fi" unpack="false" version="3.5.0.v20090620043401" download-size="2751" install-size="2751" />
	<plugin fragment="true" id="org.eclipse.datatools.enablement.finfo.nl_fi" unpack="false" version="3.5.0.v20090620043401" download-size="1375" install-size="1375" />
	<plugin fragment="true" id="org.eclipse.datatools.enablement.hsqldb.dbdefinition.nl_fi" unpack="false" version="3.5.0.v20090620043401" download-size="1386" install-size="1386" />
	<plugin fragment="true" id="org.eclipse.datatools.enablement.hsqldb.nl_fi" unpack="false" version="3.5.0.v20090620043401" download-size="1437" install-size="1437" />
	<plugin fragment="true" id="org.eclipse.datatools.enablement.hsqldb.ui.nl_fi" unpack="false" version="3.5.0.v20090620043401" download-size="2706" install-size="2706" />
	<plugin fragment="true" id="org.eclipse.datatools.enablement.ibm.db2.iseries.dbdefinition.nl_fi" unpack="false" version="3.5.0.v20090620043401" download-size="1394" install-size="1394" />
	<plugin fragment="true" id="org.eclipse.datatools.enablement.ibm.db2.iseries.nl_fi" unpack="false" version="3.5.0.v20090620043401" download-size="1435" install-size="1435" />
	<plugin fragment="true" id="org.eclipse.datatools.enablement.ibm.db2.iseries.ui.nl_fi" unpack="false" version="3.5.0.v20090620043401" download-size="3393" install-size="3393" />
	<plugin fragment="true" id="org.eclipse.datatools.enablement.ibm.db2.luw.dbdefinition.nl_fi" unpack="false" version="3.5.0.v20090620043401" download-size="1389" install-size="1389" />
	<plugin fragment="true" id="org.eclipse.datatools.enablement.ibm.db2.luw.nl_fi" unpack="false" version="3.5.0.v20090620043401" download-size="1432" install-size="1432" />
	<plugin fragment="true" id="org.eclipse.datatools.enablement.ibm.db2.luw.ui.nl_fi" unpack="false" version="3.5.0.v20090620043401" download-size="3350" install-size="3350" />
	<plugin fragment="true" id="org.eclipse.datatools.enablement.ibm.db2.zseries.dbdefinition.nl_fi" unpack="false" version="3.5.0.v20090620043401" download-size="1395" install-size="1395" />
	<plugin fragment="true" id="org.eclipse.datatools.enablement.ibm.db2.zseries.nl_fi" unpack="false" version="3.5.0.v20090620043401" download-size="1435" install-size="1435" />
	<plugin fragment="true" id="org.eclipse.datatools.enablement.ibm.db2.zseries.ui.nl_fi" unpack="false" version="3.5.0.v20090620043401" download-size="3408" install-size="3408" />
	<plugin fragment="true" id="org.eclipse.datatools.enablement.ibm.informix.dbdefinition.nl_fi" unpack="false" version="3.5.0.v20090620043401" download-size="1405" install-size="1405" />
	<plugin fragment="true" id="org.eclipse.datatools.enablement.ibm.informix.nl_fi" unpack="false" version="3.5.0.v20090620043401" download-size="1432" install-size="1432" />
	<plugin fragment="true" id="org.eclipse.datatools.enablement.ibm.informix.ui.nl_fi" unpack="false" version="3.5.0.v20090620043401" download-size="3222" install-size="3222" />
	<plugin fragment="true" id="org.eclipse.datatools.enablement.ibm.ui.nl_fi" unpack="false" version="3.5.0.v20090620043401" download-size="2965" install-size="2965" />
	<plugin fragment="true" id="org.eclipse.datatools.enablement.ingres.dbdefinition.nl_fi" unpack="false" version="3.5.0.v20090620043401" download-size="1387" install-size="1387" />
	<plugin fragment="true" id="org.eclipse.datatools.enablement.ingres.nl_fi" unpack="false" version="3.5.0.v20090620043401" download-size="1438" install-size="1438" />
	<plugin fragment="true" id="org.eclipse.datatools.enablement.ingres.ui.nl_fi" unpack="false" version="3.5.0.v20090620043401" download-size="2878" install-size="2878" />
	<plugin fragment="true" id="org.eclipse.datatools.enablement.jdt.classpath.nl_fi" unpack="false" version="3.5.0.v20090620043401" download-size="1387" install-size="1387" />
	<plugin fragment="true" id="org.eclipse.datatools.enablement.msft.sqlserver.dbdefinition.nl_fi" unpack="false" version="3.5.0.v20090620043401" download-size="1393" install-size="1393" />
	<plugin fragment="true" id="org.eclipse.datatools.enablement.msft.sqlserver.nl_fi" unpack="false" version="3.5.0.v20090620043401" download-size="1433" install-size="1433" />
	<plugin fragment="true" id="org.eclipse.datatools.enablement.msft.sqlserver.ui.nl_fi" unpack="false" version="3.5.0.v20090620043401" download-size="3488" install-size="3488" />
	<plugin fragment="true" id="org.eclipse.datatools.enablement.mysql.dbdefinition.nl_fi" unpack="false" version="3.5.0.v20090620043401" download-size="1405" install-size="1405" />
	<plugin fragment="true" id="org.eclipse.datatools.enablement.mysql.nl_fi" unpack="false" version="3.5.0.v20090620043401" download-size="1455" install-size="1455" />
	<plugin fragment="true" id="org.eclipse.datatools.enablement.mysql.ui.nl_fi" unpack="false" version="3.5.0.v20090620043401" download-size="1378" install-size="1378" />
	<plugin fragment="true" id="org.eclipse.datatools.enablement.oda.ws.ui.nl_fi" unpack="false" version="3.5.0.v20090620043401" download-size="2965" install-size="2965" />
	<plugin fragment="true" id="org.eclipse.datatools.enablement.oda.xml.nl_fi" unpack="false" version="3.5.0.v20090620043401" download-size="3012" install-size="3012" />
	<plugin fragment="true" id="org.eclipse.datatools.enablement.oda.xml.ui.nl_fi" unpack="false" version="3.5.0.v20090620043401" download-size="3446" install-size="3446" />
	<plugin fragment="true" id="org.eclipse.datatools.enablement.oracle.dbdefinition.nl_fi" unpack="false" version="3.5.0.v20090620043401" download-size="1439" install-size="1439" />
	<plugin fragment="true" id="org.eclipse.datatools.enablement.oracle.nl_fi" unpack="false" version="3.5.0.v20090620043401" download-size="1514" install-size="1514" />
	<plugin fragment="true" id="org.eclipse.datatools.enablement.oracle.ui.nl_fi" unpack="false" version="3.5.0.v20090620043401" download-size="3055" install-size="3055" />
	<plugin fragment="true" id="org.eclipse.datatools.enablement.postgresql.dbdefinition.nl_fi" unpack="false" version="3.5.0.v20090620043401" download-size="1390" install-size="1390" />
	<plugin fragment="true" id="org.eclipse.datatools.enablement.postgresql.nl_fi" unpack="false" version="3.5.0.v20090620043401" download-size="1452" install-size="1452" />
	<plugin fragment="true" id="org.eclipse.datatools.enablement.postgresql.ui.nl_fi" unpack="false" version="3.5.0.v20090620043401" download-size="1381" install-size="1381" />
	<plugin fragment="true" id="org.eclipse.datatools.enablement.sap.maxdb.dbdefinition.nl_fi" unpack="false" version="3.5.0.v20090620043401" download-size="1372" install-size="1372" />
	<plugin fragment="true" id="org.eclipse.datatools.enablement.sap.maxdb.nl_fi" unpack="false" version="3.5.0.v20090620043401" download-size="1427" install-size="1427" />
	<plugin fragment="true" id="org.eclipse.datatools.enablement.sap.maxdb.ui.nl_fi" unpack="false" version="3.5.0.v20090620043401" download-size="1381" install-size="1381" />
	<plugin fragment="true" id="org.eclipse.datatools.enablement.sqlite.dbdefinition.nl_fi" unpack="false" version="3.5.0.v20090620043401" download-size="1386" install-size="1386" />
	<plugin fragment="true" id="org.eclipse.datatools.enablement.sqlite.nl_fi" unpack="false" version="3.5.0.v20090620043401" download-size="1436" install-size="1436" />
	<plugin fragment="true" id="org.eclipse.datatools.enablement.sqlite.ui.nl_fi" unpack="false" version="3.5.0.v20090620043401" download-size="2666" install-size="2666" />
	<plugin fragment="true" id="org.eclipse.datatools.enablement.sybase.asa.dbdefinition.nl_fi" unpack="false" version="3.5.0.v20090620043401" download-size="1391" install-size="1391" />
	<plugin fragment="true" id="org.eclipse.datatools.enablement.sybase.asa.models.nl_fi" unpack="false" version="3.5.0.v20090620043401" download-size="1384" install-size="1384" />
	<plugin fragment="true" id="org.eclipse.datatools.enablement.sybase.asa.nl_fi" unpack="false" version="3.5.0.v20090620043401" download-size="2900" install-size="2900" />
	<plugin fragment="true" id="org.eclipse.datatools.enablement.sybase.asa.schemaobjecteditor.examples.nl_fi" unpack="false" version="3.5.0.v20090620043401" download-size="15694" install-size="15694" />
	<plugin fragment="true" id="org.eclipse.datatools.enablement.sybase.asa.ui.nl_fi" unpack="false" version="3.5.0.v20090620043401" download-size="1423" install-size="1423" />
	<plugin fragment="true" id="org.eclipse.datatools.enablement.sybase.ase.dbdefinition.nl_fi" unpack="false" version="3.5.0.v20090620043401" download-size="1387" install-size="1387" />
	<plugin fragment="true" id="org.eclipse.datatools.enablement.sybase.ase.models.nl_fi" unpack="false" version="3.5.0.v20090620043401" download-size="1384" install-size="1384" />
	<plugin fragment="true" id="org.eclipse.datatools.enablement.sybase.ase.nl_fi" unpack="false" version="3.5.0.v20090620043401" download-size="2486" install-size="2486" />
	<plugin fragment="true" id="org.eclipse.datatools.enablement.sybase.ase.ui.nl_fi" unpack="false" version="3.5.0.v20090620043401" download-size="1428" install-size="1428" />
	<plugin fragment="true" id="org.eclipse.datatools.enablement.sybase.models.nl_fi" unpack="false" version="3.5.0.v20090620043401" download-size="1381" install-size="1381" />
	<plugin fragment="true" id="org.eclipse.datatools.enablement.sybase.nl_fi" unpack="false" version="3.5.0.v20090620043401" download-size="2907" install-size="2907" />
	<plugin fragment="true" id="org.eclipse.datatools.enablement.sybase.ui.nl_fi" unpack="false" version="3.5.0.v20090620043401" download-size="2885" install-size="2885" />
	<plugin fragment="true" id="org.eclipse.datatools.help.nl_fi" unpack="false" version="3.5.0.v20090620043401" download-size="1352" install-size="1352" />
	<plugin fragment="true" id="org.eclipse.datatools.modelbase.dbdefinition.nl_fi" unpack="false" version="3.5.0.v20090620043401" download-size="1380" install-size="1380" />
	<plugin fragment="true" id="org.eclipse.datatools.modelbase.derby.nl_fi" unpack="false" version="3.5.0.v20090620043401" download-size="1377" install-size="1377" />
	<plugin fragment="true" id="org.eclipse.datatools.modelbase.sql.edit.nl_fi" unpack="false" version="3.5.0.v20090620043401" download-size="2647" install-size="2647" />
	<plugin fragment="true" id="org.eclipse.datatools.modelbase.sql.nl_fi" unpack="false" version="3.5.0.v20090620043401" download-size="1375" install-size="1375" />
	<plugin fragment="true" id="org.eclipse.datatools.modelbase.sql.query.edit.nl_fi" unpack="false" version="3.5.0.v20090620043401" download-size="1745" install-size="1745" />
	<plugin fragment="true" id="org.eclipse.datatools.modelbase.sql.query.nl_fi" unpack="false" version="3.5.0.v20090620043401" download-size="1379" install-size="1379" />
	<plugin fragment="true" id="org.eclipse.datatools.modelbase.sql.xml.query.nl_fi" unpack="false" version="3.5.0.v20090620043401" download-size="1383" install-size="1383" />
	<plugin fragment="true" id="org.eclipse.datatools.sqltools.common.ui.nl_fi" unpack="false" version="3.5.0.v20090620043401" download-size="5563" install-size="5563" />
	<plugin fragment="true" id="org.eclipse.datatools.sqltools.data.core.nl_fi" unpack="false" version="3.5.0.v20090620043401" download-size="2840" install-size="2840" />
	<plugin fragment="true" id="org.eclipse.datatools.sqltools.data.ui.nl_fi" unpack="false" version="3.5.0.v20090620043401" download-size="3443" install-size="3443" />
	<plugin fragment="true" id="org.eclipse.datatools.sqltools.db.derby.nl_fi" unpack="false" version="3.5.0.v20090620043401" download-size="2630" install-size="2630" />
	<plugin fragment="true" id="org.eclipse.datatools.sqltools.db.derby.ui.nl_fi" unpack="false" version="3.5.0.v20090620043401" download-size="1384" install-size="1384" />
	<plugin fragment="true" id="org.eclipse.datatools.sqltools.db.generic.nl_fi" unpack="false" version="3.5.0.v20090620043401" download-size="2642" install-size="2642" />
	<plugin fragment="true" id="org.eclipse.datatools.sqltools.db.generic.ui.nl_fi" unpack="false" version="3.5.0.v20090620043401" download-size="1385" install-size="1385" />
	<plugin fragment="true" id="org.eclipse.datatools.sqltools.ddlgen.ui.nl_fi" unpack="false" version="3.5.0.v20090620043401" download-size="3254" install-size="3254" />
	<plugin fragment="true" id="org.eclipse.datatools.sqltools.debugger.core.nl_fi" unpack="false" version="3.5.0.v20090620043401" download-size="4485" install-size="4485" />
	<plugin fragment="true" id="org.eclipse.datatools.sqltools.debugger.core.ui.nl_fi" unpack="false" version="3.5.0.v20090620043401" download-size="3720" install-size="3720" />
	<plugin fragment="true" id="org.eclipse.datatools.sqltools.editor.core.nl_fi" unpack="false" version="3.5.0.v20090620043401" download-size="2490" install-size="2490" />
	<plugin fragment="true" id="org.eclipse.datatools.sqltools.editor.core.ui.nl_fi" unpack="false" version="3.5.0.v20090620043401" download-size="1385" install-size="1385" />
	<plugin fragment="true" id="org.eclipse.datatools.sqltools.parsers.sql.lexer.nl_fi" unpack="false" version="3.5.0.v20090620043401" download-size="1382" install-size="1382" />
	<plugin fragment="true" id="org.eclipse.datatools.sqltools.parsers.sql.nl_fi" unpack="false" version="3.5.0.v20090620043401" download-size="1378" install-size="1378" />
	<plugin fragment="true" id="org.eclipse.datatools.sqltools.parsers.sql.query.nl_fi" unpack="false" version="3.5.0.v20090620043401" download-size="2690" install-size="2690" />
	<plugin fragment="true" id="org.eclipse.datatools.sqltools.parsers.sql.xml.query.nl_fi" unpack="false" version="3.5.0.v20090620043401" download-size="1385" install-size="1385" />
	<plugin fragment="true" id="org.eclipse.datatools.sqltools.plan.nl_fi" unpack="false" version="3.5.0.v20090620043401" download-size="4130" install-size="4130" />
	<plugin fragment="true" id="org.eclipse.datatools.sqltools.result.nl_fi" unpack="false" version="3.5.0.v20090620043401" download-size="4017" install-size="4017" />
	<plugin fragment="true" id="org.eclipse.datatools.sqltools.result.ui.nl_fi" unpack="false" version="3.5.0.v20090620043401" download-size="3642" install-size="3642" />
	<plugin fragment="true" id="org.eclipse.datatools.sqltools.routineeditor.nl_fi" unpack="false" version="3.5.0.v20090620043401" download-size="5670" install-size="5670" />
	<plugin fragment="true" id="org.eclipse.datatools.sqltools.routineeditor.ui.nl_fi" unpack="false" version="3.5.0.v20090620043401" download-size="5009" install-size="5009" />
	<plugin fragment="true" id="org.eclipse.datatools.sqltools.schemaobjecteditor.nl_fi" unpack="false" version="3.5.0.v20090620043401" download-size="1389" install-size="1389" />
	<plugin fragment="true" id="org.eclipse.datatools.sqltools.schemaobjecteditor.ui.nl_fi" unpack="false" version="3.5.0.v20090620043401" download-size="5801" install-size="5801" />
	<plugin fragment="true" id="org.eclipse.datatools.sqltools.schemaobjecteditor.ui.pages.nl_fi" unpack="false" version="3.5.0.v20090620043401" download-size="3597" install-size="3597" />
	<plugin fragment="true" id="org.eclipse.datatools.sqltools.sql.nl_fi" unpack="false" version="3.5.0.v20090620043401" download-size="2631" install-size="2631" />
	<plugin fragment="true" id="org.eclipse.datatools.sqltools.sql.ui.nl_fi" unpack="false" version="3.5.0.v20090620043401" download-size="1373" install-size="1373" />
	<plugin fragment="true" id="org.eclipse.datatools.sqltools.sqlbuilder.nl_fi" unpack="false" version="3.5.0.v20090620043401" download-size="3571" install-size="3571" />
	<plugin fragment="true" id="org.eclipse.datatools.sqltools.sqleditor.nl_fi" unpack="false" version="3.5.0.v20090620043401" download-size="8384" install-size="8384" />
	<plugin fragment="true" id="org.eclipse.datatools.sqltools.sqlscrapbook.nl_fi" unpack="false" version="3.5.0.v20090620043401" download-size="4790" install-size="4790" />
	<plugin fragment="true" id="org.eclipse.datatools.sqltools.tabledataeditor.nl_fi" unpack="false" version="3.5.0.v20090620043401" download-size="1380" install-size="1380" />
</feature>