<?xml version="1.0" encoding="UTF-8" ?>
<feature
	id="org.eclipse.babel.nls_modeling.emf_en_AA"
	label="Babel Language Pack for modeling.emf in Pseudo Translations (100%)"
	image="eclipse_update_120.jpg"
	provider-name="%providerName"
	version="3.5.0.v20090620043401">
	<copyright>
		%copyright
	</copyright>
	<license url="%licenseURL">
		%license
	</license>
	<description>Babel Language Pack for modeling.emf in Pseudo Translations</description>
	<plugin fragment="true" id="library.ecore.nl_en_AA" unpack="false" version="3.5.0.v20090620043401" download-size="1421" install-size="1421" />
	<plugin fragment="true" id="library.java.nl_en_AA" unpack="false" version="3.5.0.v20090620043401" download-size="1422" install-size="1422" />
	<plugin fragment="true" id="library.rose.nl_en_AA" unpack="false" version="3.5.0.v20090620043401" download-size="1421" install-size="1421" />
	<plugin fragment="true" id="library.xsd.nl_en_AA" unpack="false" version="3.5.0.v20090620043401" download-size="1421" install-size="1421" />
	<plugin fragment="true" id="library.xsds.nl_en_AA" unpack="false" version="3.5.0.v20090620043401" download-size="1421" install-size="1421" />
	<plugin fragment="true" id="org.eclipse.emf.activities.nl_en_AA" unpack="false" version="3.5.0.v20090620043401" download-size="1766" install-size="1766" />
	<plugin fragment="true" id="org.eclipse.emf.ant.nl_en_AA" unpack="false" version="3.5.0.v20090620043401" download-size="1431" install-size="1431" />
	<plugin fragment="true" id="org.eclipse.emf.cdo.common.nl_en_AA" unpack="false" version="3.5.0.v20090620043401" download-size="4585" install-size="4585" />
	<plugin fragment="true" id="org.eclipse.emf.cdo.defs.nl_en_AA" unpack="false" version="3.5.0.v20090620043401" download-size="1817" install-size="1817" />
	<plugin fragment="true" id="org.eclipse.emf.cdo.doc.nl_en_AA" unpack="false" version="3.5.0.v20090620043401" download-size="2098" install-size="2098" />
	<plugin fragment="true" id="org.eclipse.emf.cdo.edit.nl_en_AA" unpack="false" version="3.5.0.v20090620043401" download-size="4502" install-size="4502" />
	<plugin fragment="true" id="org.eclipse.emf.cdo.examples.nl_en_AA" unpack="false" version="3.5.0.v20090620043401" download-size="1816" install-size="1816" />
	<plugin fragment="true" id="org.eclipse.emf.cdo.examples.spring.nl_en_AA" unpack="false" version="3.5.0.v20090620043401" download-size="1459" install-size="1459" />
	<plugin fragment="true" id="org.eclipse.emf.cdo.migrator.nl_en_AA" unpack="false" version="3.5.0.v20090620043401" download-size="3124" install-size="3124" />
	<plugin fragment="true" id="org.eclipse.emf.cdo.nl_en_AA" unpack="false" version="3.5.0.v20090620043401" download-size="6609" install-size="6609" />
	<plugin fragment="true" id="org.eclipse.emf.cdo.server.db.nl_en_AA" unpack="false" version="3.5.0.v20090620043401" download-size="3013" install-size="3013" />
	<plugin fragment="true" id="org.eclipse.emf.cdo.server.hibernate.id.nl_en_AA" unpack="false" version="3.5.0.v20090620043401" download-size="1465" install-size="1465" />
	<plugin fragment="true" id="org.eclipse.emf.cdo.server.hibernate.nl_en_AA" unpack="false" version="3.5.0.v20090620043401" download-size="2349" install-size="2349" />
	<plugin fragment="true" id="org.eclipse.emf.cdo.server.hibernate.teneo.nl_en_AA" unpack="false" version="3.5.0.v20090620043401" download-size="1474" install-size="1474" />
	<plugin fragment="true" id="org.eclipse.emf.cdo.server.nl_en_AA" unpack="false" version="3.5.0.v20090620043401" download-size="3196" install-size="3196" />
	<plugin fragment="true" id="org.eclipse.emf.cdo.tests.db.nl_en_AA" unpack="false" version="3.5.0.v20090620043401" download-size="1447" install-size="1447" />
	<plugin fragment="true" id="org.eclipse.emf.cdo.tests.hibernate.client.nl_en_AA" unpack="false" version="3.5.0.v20090620043401" download-size="1842" install-size="1842" />
	<plugin fragment="true" id="org.eclipse.emf.cdo.tests.hibernate.nl_en_AA" unpack="false" version="3.5.0.v20090620043401" download-size="2719" install-size="2719" />
	<plugin fragment="true" id="org.eclipse.emf.cdo.tests.mango.edit.nl_en_AA" unpack="false" version="3.5.0.v20090620043401" download-size="1802" install-size="1802" />
	<plugin fragment="true" id="org.eclipse.emf.cdo.tests.mango.nl_en_AA" unpack="false" version="3.5.0.v20090620043401" download-size="1449" install-size="1449" />
	<plugin fragment="true" id="org.eclipse.emf.cdo.tests.model1.edit.nl_en_AA" unpack="false" version="3.5.0.v20090620043401" download-size="2178" install-size="2178" />
	<plugin fragment="true" id="org.eclipse.emf.cdo.tests.model1.nl_en_AA" unpack="false" version="3.5.0.v20090620043401" download-size="1448" install-size="1448" />
	<plugin fragment="true" id="org.eclipse.emf.cdo.tests.model2.edit.nl_en_AA" unpack="false" version="3.5.0.v20090620043401" download-size="1813" install-size="1813" />
	<plugin fragment="true" id="org.eclipse.emf.cdo.tests.model2.nl_en_AA" unpack="false" version="3.5.0.v20090620043401" download-size="1449" install-size="1449" />
	<plugin fragment="true" id="org.eclipse.emf.cdo.tests.model3.edit.nl_en_AA" unpack="false" version="3.5.0.v20090620043401" download-size="1748" install-size="1748" />
	<plugin fragment="true" id="org.eclipse.emf.cdo.tests.model3.nl_en_AA" unpack="false" version="3.5.0.v20090620043401" download-size="1449" install-size="1449" />
	<plugin fragment="true" id="org.eclipse.emf.cdo.tests.model4.nl_en_AA" unpack="false" version="3.5.0.v20090620043401" download-size="1448" install-size="1448" />
	<plugin fragment="true" id="org.eclipse.emf.cdo.tests.model4interfaces.nl_en_AA" unpack="false" version="3.5.0.v20090620043401" download-size="1465" install-size="1465" />
	<plugin fragment="true" id="org.eclipse.emf.cdo.tests.model5.nl_en_AA" unpack="false" version="3.5.0.v20090620043401" download-size="1450" install-size="1450" />
	<plugin fragment="true" id="org.eclipse.emf.cdo.tests.nl_en_AA" unpack="false" version="3.5.0.v20090620043401" download-size="1811" install-size="1811" />
	<plugin fragment="true" id="org.eclipse.emf.cdo.ui.capabilities.nl_en_AA" unpack="false" version="3.5.0.v20090620043401" download-size="1578" install-size="1578" />
	<plugin fragment="true" id="org.eclipse.emf.cdo.ui.defs.nl_en_AA" unpack="false" version="3.5.0.v20090620043401" download-size="1450" install-size="1450" />
	<plugin fragment="true" id="org.eclipse.emf.cdo.ui.nl_en_AA" unpack="false" version="3.5.0.v20090620043401" download-size="8830" install-size="8830" />
	<plugin fragment="true" id="org.eclipse.emf.cheatsheets.nl_en_AA" unpack="false" version="3.5.0.v20090620043401" download-size="1772" install-size="1772" />
	<plugin fragment="true" id="org.eclipse.emf.codegen.ecore.nl_en_AA" unpack="false" version="3.5.0.v20090620043401" download-size="3365" install-size="3365" />
	<plugin fragment="true" id="org.eclipse.emf.codegen.ecore.ui.nl_en_AA" unpack="false" version="3.5.0.v20090620043401" download-size="8623" install-size="8623" />
	<plugin fragment="true" id="org.eclipse.emf.codegen.nl_en_AA" unpack="false" version="3.5.0.v20090620043401" download-size="2838" install-size="2838" />
	<plugin fragment="true" id="org.eclipse.emf.codegen.ui.nl_en_AA" unpack="false" version="3.5.0.v20090620043401" download-size="2209" install-size="2209" />
	<plugin fragment="true" id="org.eclipse.emf.common.nl_en_AA" unpack="false" version="3.5.0.v20090620043401" download-size="2214" install-size="2214" />
	<plugin fragment="true" id="org.eclipse.emf.common.ui.nl_en_AA" unpack="false" version="3.5.0.v20090620043401" download-size="2794" install-size="2794" />
	<plugin fragment="true" id="org.eclipse.emf.converter.nl_en_AA" unpack="false" version="3.5.0.v20090620043401" download-size="2532" install-size="2532" />
	<plugin fragment="true" id="org.eclipse.emf.databinding.edit.nl_en_AA" unpack="false" version="3.5.0.v20090620043401" download-size="1843" install-size="1843" />
	<plugin fragment="true" id="org.eclipse.emf.databinding.nl_en_AA" unpack="false" version="3.5.0.v20090620043401" download-size="1836" install-size="1836" />
	<plugin fragment="true" id="org.eclipse.emf.doc.nl_en_AA" unpack="false" version="3.5.0.v20090620043401" download-size="1841" install-size="1841" />
	<plugin fragment="true" id="org.eclipse.emf.ecore.change.edit.nl_en_AA" unpack="false" version="3.5.0.v20090620043401" download-size="1931" install-size="1931" />
	<plugin fragment="true" id="org.eclipse.emf.ecore.change.nl_en_AA" unpack="false" version="3.5.0.v20090620043401" download-size="1434" install-size="1434" />
	<plugin fragment="true" id="org.eclipse.emf.ecore.edit.nl_en_AA" unpack="false" version="3.5.0.v20090620043401" download-size="4516" install-size="4516" />
	<plugin fragment="true" id="org.eclipse.emf.ecore.editor.nl_en_AA" unpack="false" version="3.5.0.v20090620043401" download-size="3067" install-size="3067" />
	<plugin fragment="true" id="org.eclipse.emf.ecore.nl_en_AA" unpack="false" version="3.5.0.v20090620043401" download-size="5550" install-size="5550" />
	<plugin fragment="true" id="org.eclipse.emf.ecore.xmi.nl_en_AA" unpack="false" version="3.5.0.v20090620043401" download-size="1512" install-size="1512" />
	<plugin fragment="true" id="org.eclipse.emf.edit.nl_en_AA" unpack="false" version="3.5.0.v20090620043401" download-size="2717" install-size="2717" />
	<plugin fragment="true" id="org.eclipse.emf.edit.ui.nl_en_AA" unpack="false" version="3.5.0.v20090620043401" download-size="2775" install-size="2775" />
	<plugin fragment="true" id="org.eclipse.emf.example.installer.nl_en_AA" unpack="false" version="3.5.0.v20090620043401" download-size="2128" install-size="2128" />
	<plugin fragment="true" id="org.eclipse.emf.examples.databinding.project.core.model.nl_en_AA" unpack="false" version="3.5.0.v20090620043401" download-size="1451" install-size="1451" />
	<plugin fragment="true" id="org.eclipse.emf.examples.databinding.project.ui.rcp.nl_en_AA" unpack="false" version="3.5.0.v20090620043401" download-size="2664" install-size="2664" />
	<plugin fragment="true" id="org.eclipse.emf.examples.generator.validator.nl_en_AA" unpack="false" version="3.5.0.v20090620043401" download-size="1507" install-size="1507" />
	<plugin fragment="true" id="org.eclipse.emf.examples.jet.article2.nl_en_AA" unpack="false" version="3.5.0.v20090620043401" download-size="2099" install-size="2099" />
	<plugin fragment="true" id="org.eclipse.emf.examples.nl_en_AA" unpack="false" version="3.5.0.v20090620043401" download-size="1836" install-size="1836" />
	<plugin fragment="true" id="org.eclipse.emf.exporter.html.nl_en_AA" unpack="false" version="3.5.0.v20090620043401" download-size="1562" install-size="1562" />
	<plugin fragment="true" id="org.eclipse.emf.exporter.nl_en_AA" unpack="false" version="3.5.0.v20090620043401" download-size="2117" install-size="2117" />
	<plugin fragment="true" id="org.eclipse.emf.importer.ecore.nl_en_AA" unpack="false" version="3.5.0.v20090620043401" download-size="1702" install-size="1702" />
	<plugin fragment="true" id="org.eclipse.emf.importer.java.nl_en_AA" unpack="false" version="3.5.0.v20090620043401" download-size="1835" install-size="1835" />
	<plugin fragment="true" id="org.eclipse.emf.importer.nl_en_AA" unpack="false" version="3.5.0.v20090620043401" download-size="2409" install-size="2409" />
	<plugin fragment="true" id="org.eclipse.emf.importer.rose.nl_en_AA" unpack="false" version="3.5.0.v20090620043401" download-size="3079" install-size="3079" />
	<plugin fragment="true" id="org.eclipse.emf.java.edit.nl_en_AA" unpack="false" version="3.5.0.v20090620043401" download-size="3015" install-size="3015" />
	<plugin fragment="true" id="org.eclipse.emf.java.editor.nl_en_AA" unpack="false" version="3.5.0.v20090620043401" download-size="2141" install-size="2141" />
	<plugin fragment="true" id="org.eclipse.emf.java.nl_en_AA" unpack="false" version="3.5.0.v20090620043401" download-size="1437" install-size="1437" />
	<plugin fragment="true" id="org.eclipse.emf.mapping.ecore.editor.nl_en_AA" unpack="false" version="3.5.0.v20090620043401" download-size="1859" install-size="1859" />
	<plugin fragment="true" id="org.eclipse.emf.mapping.ecore.nl_en_AA" unpack="false" version="3.5.0.v20090620043401" download-size="1844" install-size="1844" />
	<plugin fragment="true" id="org.eclipse.emf.mapping.ecore2ecore.editor.nl_en_AA" unpack="false" version="3.5.0.v20090620043401" download-size="2492" install-size="2492" />
	<plugin fragment="true" id="org.eclipse.emf.mapping.ecore2ecore.nl_en_AA" unpack="false" version="3.5.0.v20090620043401" download-size="1570" install-size="1570" />
	<plugin fragment="true" id="org.eclipse.emf.mapping.ecore2xml.nl_en_AA" unpack="false" version="3.5.0.v20090620043401" download-size="1473" install-size="1473" />
	<plugin fragment="true" id="org.eclipse.emf.mapping.ecore2xml.ui.nl_en_AA" unpack="false" version="3.5.0.v20090620043401" download-size="2552" install-size="2552" />
	<plugin fragment="true" id="org.eclipse.emf.mapping.nl_en_AA" unpack="false" version="3.5.0.v20090620043401" download-size="2762" install-size="2762" />
	<plugin fragment="true" id="org.eclipse.emf.mapping.ui.nl_en_AA" unpack="false" version="3.5.0.v20090620043401" download-size="2539" install-size="2539" />
	<plugin fragment="true" id="org.eclipse.emf.mapping.xsd2ecore.editor.nl_en_AA" unpack="false" version="3.5.0.v20090620043401" download-size="2093" install-size="2093" />
	<plugin fragment="true" id="org.eclipse.emf.mapping.xsd2ecore.nl_en_AA" unpack="false" version="3.5.0.v20090620043401" download-size="1570" install-size="1570" />
	<plugin fragment="true" id="org.eclipse.emf.nl_en_AA" unpack="false" version="3.5.0.v20090620043401" download-size="1868" install-size="1868" />
	<plugin fragment="true" id="org.eclipse.emf.query.doc.nl_en_AA" unpack="false" version="3.5.0.v20090620043401" download-size="1814" install-size="1814" />
	<plugin fragment="true" id="org.eclipse.emf.query.examples.nl_en_AA" unpack="false" version="3.5.0.v20090620043401" download-size="1946" install-size="1946" />
	<plugin fragment="true" id="org.eclipse.emf.query.examples.ocl.nl_en_AA" unpack="false" version="3.5.0.v20090620043401" download-size="3392" install-size="3392" />
	<plugin fragment="true" id="org.eclipse.emf.query.examples.statements.nl_en_AA" unpack="false" version="3.5.0.v20090620043401" download-size="3330" install-size="3330" />
	<plugin fragment="true" id="org.eclipse.emf.query.nl_en_AA" unpack="false" version="3.5.0.v20090620043401" download-size="2842" install-size="2842" />
	<plugin fragment="true" id="org.eclipse.emf.query.ocl.nl_en_AA" unpack="false" version="3.5.0.v20090620043401" download-size="1824" install-size="1824" />
	<plugin fragment="true" id="org.eclipse.emf.query.ocl.tests.nl_en_AA" unpack="false" version="3.5.0.v20090620043401" download-size="1458" install-size="1458" />
	<plugin fragment="true" id="org.eclipse.emf.query.tests.nl_en_AA" unpack="false" version="3.5.0.v20090620043401" download-size="1808" install-size="1808" />
	<plugin fragment="true" id="org.eclipse.emf.test.build.nl_en_AA" unpack="false" version="3.5.0.v20090620043401" download-size="1437" install-size="1437" />
	<plugin fragment="true" id="org.eclipse.emf.test.common.nl_en_AA" unpack="false" version="3.5.0.v20090620043401" download-size="2238" install-size="2238" />
	<plugin fragment="true" id="org.eclipse.emf.test.core.nl_en_AA" unpack="false" version="3.5.0.v20090620043401" download-size="1436" install-size="1436" />
	<plugin fragment="true" id="org.eclipse.emf.test.edit.nl_en_AA" unpack="false" version="3.5.0.v20090620043401" download-size="2656" install-size="2656" />
	<plugin fragment="true" id="org.eclipse.emf.test.examples.nl_en_AA" unpack="false" version="3.5.0.v20090620043401" download-size="1439" install-size="1439" />
	<plugin fragment="true" id="org.eclipse.emf.test.tools.nl_en_AA" unpack="false" version="3.5.0.v20090620043401" download-size="1435" install-size="1435" />
	<plugin fragment="true" id="org.eclipse.emf.test.xml.nl_en_AA" unpack="false" version="3.5.0.v20090620043401" download-size="1435" install-size="1435" />
	<plugin fragment="true" id="org.eclipse.emf.tests.nl_en_AA" unpack="false" version="3.5.0.v20090620043401" download-size="1834" install-size="1834" />
	<plugin fragment="true" id="org.eclipse.emf.transaction.doc.nl_en_AA" unpack="false" version="3.5.0.v20090620043401" download-size="1822" install-size="1822" />
	<plugin fragment="true" id="org.eclipse.emf.transaction.examples.nl_en_AA" unpack="false" version="3.5.0.v20090620043401" download-size="3231" install-size="3231" />
	<plugin fragment="true" id="org.eclipse.emf.transaction.nl_en_AA" unpack="false" version="3.5.0.v20090620043401" download-size="3576" install-size="3576" />
	<plugin fragment="true" id="org.eclipse.emf.transaction.tests.nl_en_AA" unpack="false" version="3.5.0.v20090620043401" download-size="1815" install-size="1815" />
	<plugin fragment="true" id="org.eclipse.emf.transaction.ui.nl_en_AA" unpack="false" version="3.5.0.v20090620043401" download-size="2696" install-size="2696" />
	<plugin fragment="true" id="org.eclipse.emf.validation.doc.nl_en_AA" unpack="false" version="3.5.0.v20090620043401" download-size="1828" install-size="1828" />
	<plugin fragment="true" id="org.eclipse.emf.validation.examples.adapter.nl_en_AA" unpack="false" version="3.5.0.v20090620043401" download-size="1633" install-size="1633" />
	<plugin fragment="true" id="org.eclipse.emf.validation.examples.general.nl_en_AA" unpack="false" version="3.5.0.v20090620043401" download-size="3527" install-size="3527" />
	<plugin fragment="true" id="org.eclipse.emf.validation.examples.nl_en_AA" unpack="false" version="3.5.0.v20090620043401" download-size="3285" install-size="3285" />
	<plugin fragment="true" id="org.eclipse.emf.validation.examples.ocl.nl_en_AA" unpack="false" version="3.5.0.v20090620043401" download-size="1698" install-size="1698" />
	<plugin fragment="true" id="org.eclipse.emf.validation.nl_en_AA" unpack="false" version="3.5.0.v20090620043401" download-size="5165" install-size="5165" />
	<plugin fragment="true" id="org.eclipse.emf.validation.ocl.nl_en_AA" unpack="false" version="3.5.0.v20090620043401" download-size="1837" install-size="1837" />
	<plugin fragment="true" id="org.eclipse.emf.validation.tests.nl_en_AA" unpack="false" version="3.5.0.v20090620043401" download-size="2859" install-size="2859" />
	<plugin fragment="true" id="org.eclipse.emf.validation.ui.ide.nl_en_AA" unpack="false" version="3.5.0.v20090620043401" download-size="2887" install-size="2887" />
	<plugin fragment="true" id="org.eclipse.emf.validation.ui.nl_en_AA" unpack="false" version="3.5.0.v20090620043401" download-size="3461" install-size="3461" />
	<plugin fragment="true" id="org.eclipse.emf.workspace.doc.nl_en_AA" unpack="false" version="3.5.0.v20090620043401" download-size="1851" install-size="1851" />
	<plugin fragment="true" id="org.eclipse.emf.workspace.examples.library.editor.nl_en_AA" unpack="false" version="3.5.0.v20090620043401" download-size="3783" install-size="3783" />
	<plugin fragment="true" id="org.eclipse.emf.workspace.examples.nl_en_AA" unpack="false" version="3.5.0.v20090620043401" download-size="1854" install-size="1854" />
	<plugin fragment="true" id="org.eclipse.emf.workspace.nl_en_AA" unpack="false" version="3.5.0.v20090620043401" download-size="3392" install-size="3392" />
	<plugin fragment="true" id="org.eclipse.emf.workspace.tests.nl_en_AA" unpack="false" version="3.5.0.v20090620043401" download-size="1464" install-size="1464" />
	<plugin fragment="true" id="org.eclipse.emf.workspace.ui.nl_en_AA" unpack="false" version="3.5.0.v20090620043401" download-size="1461" install-size="1461" />
	<plugin fragment="true" id="org.eclipse.net4j.buddies.chat.nl_en_AA" unpack="false" version="3.5.0.v20090620043401" download-size="1826" install-size="1826" />
	<plugin fragment="true" id="org.eclipse.net4j.buddies.chat.ui.nl_en_AA" unpack="false" version="3.5.0.v20090620043401" download-size="2893" install-size="2893" />
	<plugin fragment="true" id="org.eclipse.net4j.buddies.common.nl_en_AA" unpack="false" version="3.5.0.v20090620043401" download-size="1456" install-size="1456" />
	<plugin fragment="true" id="org.eclipse.net4j.buddies.nl_en_AA" unpack="false" version="3.5.0.v20090620043401" download-size="1813" install-size="1813" />
	<plugin fragment="true" id="org.eclipse.net4j.buddies.server.nl_en_AA" unpack="false" version="3.5.0.v20090620043401" download-size="3094" install-size="3094" />
	<plugin fragment="true" id="org.eclipse.net4j.buddies.ui.nl_en_AA" unpack="false" version="3.5.0.v20090620043401" download-size="3134" install-size="3134" />
	<plugin fragment="true" id="org.eclipse.net4j.db.derby.nl_en_AA" unpack="false" version="3.5.0.v20090620043401" download-size="1446" install-size="1446" />
	<plugin fragment="true" id="org.eclipse.net4j.db.hsqldb.nl_en_AA" unpack="false" version="3.5.0.v20090620043401" download-size="1452" install-size="1452" />
	<plugin fragment="true" id="org.eclipse.net4j.db.mysql.nl_en_AA" unpack="false" version="3.5.0.v20090620043401" download-size="1450" install-size="1450" />
	<plugin fragment="true" id="org.eclipse.net4j.db.nl_en_AA" unpack="false" version="3.5.0.v20090620043401" download-size="1825" install-size="1825" />
	<plugin fragment="true" id="org.eclipse.net4j.db.postgresql.nl_en_AA" unpack="false" version="3.5.0.v20090620043401" download-size="1453" install-size="1453" />
	<plugin fragment="true" id="org.eclipse.net4j.debug.nl_en_AA" unpack="false" version="3.5.0.v20090620043401" download-size="2668" install-size="2668" />
	<plugin fragment="true" id="org.eclipse.net4j.defs.nl_en_AA" unpack="false" version="3.5.0.v20090620043401" download-size="1819" install-size="1819" />
	<plugin fragment="true" id="org.eclipse.net4j.doc.nl_en_AA" unpack="false" version="3.5.0.v20090620043401" download-size="1822" install-size="1822" />
	<plugin fragment="true" id="org.eclipse.net4j.examples.nl_en_AA" unpack="false" version="3.5.0.v20090620043401" download-size="1886" install-size="1886" />
	<plugin fragment="true" id="org.eclipse.net4j.http.common.nl_en_AA" unpack="false" version="3.5.0.v20090620043401" download-size="2691" install-size="2691" />
	<plugin fragment="true" id="org.eclipse.net4j.http.nl_en_AA" unpack="false" version="3.5.0.v20090620043401" download-size="1451" install-size="1451" />
	<plugin fragment="true" id="org.eclipse.net4j.http.server.nl_en_AA" unpack="false" version="3.5.0.v20090620043401" download-size="2761" install-size="2761" />
	<plugin fragment="true" id="org.eclipse.net4j.http.tests.nl_en_AA" unpack="false" version="3.5.0.v20090620043401" download-size="1456" install-size="1456" />
	<plugin fragment="true" id="org.eclipse.net4j.jms.admin.nl_en_AA" unpack="false" version="3.5.0.v20090620043401" download-size="1450" install-size="1450" />
	<plugin fragment="true" id="org.eclipse.net4j.jms.api.nl_en_AA" unpack="false" version="3.5.0.v20090620043401" download-size="1453" install-size="1453" />
	<plugin fragment="true" id="org.eclipse.net4j.jms.nl_en_AA" unpack="false" version="3.5.0.v20090620043401" download-size="2777" install-size="2777" />
	<plugin fragment="true" id="org.eclipse.net4j.jms.server.jdbc.nl_en_AA" unpack="false" version="3.5.0.v20090620043401" download-size="1459" install-size="1459" />
	<plugin fragment="true" id="org.eclipse.net4j.jms.server.nl_en_AA" unpack="false" version="3.5.0.v20090620043401" download-size="2800" install-size="2800" />
	<plugin fragment="true" id="org.eclipse.net4j.jms.tests.nl_en_AA" unpack="false" version="3.5.0.v20090620043401" download-size="1841" install-size="1841" />
	<plugin fragment="true" id="org.eclipse.net4j.jvm.nl_en_AA" unpack="false" version="3.5.0.v20090620043401" download-size="2509" install-size="2509" />
	<plugin fragment="true" id="org.eclipse.net4j.nl_en_AA" unpack="false" version="3.5.0.v20090620043401" download-size="1806" install-size="1806" />
	<plugin fragment="true" id="org.eclipse.net4j.tcp.nl_en_AA" unpack="false" version="3.5.0.v20090620043401" download-size="2566" install-size="2566" />
	<plugin fragment="true" id="org.eclipse.net4j.tests.nl_en_AA" unpack="false" version="3.5.0.v20090620043401" download-size="1813" install-size="1813" />
	<plugin fragment="true" id="org.eclipse.net4j.ui.capabilities.nl_en_AA" unpack="false" version="3.5.0.v20090620043401" download-size="1615" install-size="1615" />
	<plugin fragment="true" id="org.eclipse.net4j.ui.defs.nl_en_AA" unpack="false" version="3.5.0.v20090620043401" download-size="1451" install-size="1451" />
	<plugin fragment="true" id="org.eclipse.net4j.ui.nl_en_AA" unpack="false" version="3.5.0.v20090620043401" download-size="2967" install-size="2967" />
	<plugin fragment="true" id="org.eclipse.net4j.util.defs.nl_en_AA" unpack="false" version="3.5.0.v20090620043401" download-size="1452" install-size="1452" />
	<plugin fragment="true" id="org.eclipse.net4j.util.nl_en_AA" unpack="false" version="3.5.0.v20090620043401" download-size="1490" install-size="1490" />
	<plugin fragment="true" id="org.eclipse.net4j.util.ui.nl_en_AA" unpack="false" version="3.5.0.v20090620043401" download-size="8980" install-size="8980" />
	<plugin fragment="true" id="org.eclipse.xsd.cheatsheets.nl_en_AA" unpack="false" version="3.5.0.v20090620043401" download-size="1527" install-size="1527" />
	<plugin fragment="true" id="org.eclipse.xsd.doc.nl_en_AA" unpack="false" version="3.5.0.v20090620043401" download-size="1855" install-size="1855" />
	<plugin fragment="true" id="org.eclipse.xsd.ecore.converter.nl_en_AA" unpack="false" version="3.5.0.v20090620043401" download-size="1865" install-size="1865" />
	<plugin fragment="true" id="org.eclipse.xsd.ecore.exporter.nl_en_AA" unpack="false" version="3.5.0.v20090620043401" download-size="1588" install-size="1588" />
	<plugin fragment="true" id="org.eclipse.xsd.ecore.importer.nl_en_AA" unpack="false" version="3.5.0.v20090620043401" download-size="1738" install-size="1738" />
	<plugin fragment="true" id="org.eclipse.xsd.edit.nl_en_AA" unpack="false" version="3.5.0.v20090620043401" download-size="5483" install-size="5483" />
	<plugin fragment="true" id="org.eclipse.xsd.editor.nl_en_AA" unpack="false" version="3.5.0.v20090620043401" download-size="2476" install-size="2476" />
	<plugin fragment="true" id="org.eclipse.xsd.example.installer.nl_en_AA" unpack="false" version="3.5.0.v20090620043401" download-size="1591" install-size="1591" />
	<plugin fragment="true" id="org.eclipse.xsd.example.nl_en_AA" unpack="false" version="3.5.0.v20090620043401" download-size="1850" install-size="1850" />
	<plugin fragment="true" id="org.eclipse.xsd.mapping.editor.nl_en_AA" unpack="false" version="3.5.0.v20090620043401" download-size="1864" install-size="1864" />
	<plugin fragment="true" id="org.eclipse.xsd.mapping.nl_en_AA" unpack="false" version="3.5.0.v20090620043401" download-size="1850" install-size="1850" />
	<plugin fragment="true" id="org.eclipse.xsd.nl_en_AA" unpack="false" version="3.5.0.v20090620043401" download-size="5531" install-size="5531" />
</feature>