<?xml version="1.0" encoding="UTF-8" ?>
<feature
	id="org.eclipse.babel.nls_rt.ecf_ko"
	label="Babel Language Pack for rt.ecf in Korean (15.02%)"
	image="eclipse_update_120.jpg"
	provider-name="%providerName"
	version="3.5.0.v20090620043401">
	<copyright>
		%copyright
	</copyright>
	<license url="%licenseURL">
		%license
	</license>
	<description>Babel Language Pack for rt.ecf in Korean</description>
	<plugin fragment="true" id="org.eclipse.ecf.datashare.nl_ko" unpack="false" version="3.5.0.v20090620043401" download-size="2113" install-size="2113" />
	<plugin fragment="true" id="org.eclipse.ecf.discovery.nl_ko" unpack="false" version="3.5.0.v20090620043401" download-size="1368" install-size="1368" />
	<plugin fragment="true" id="org.eclipse.ecf.discovery.ui.browser.nl_ko" unpack="false" version="3.5.0.v20090620043401" download-size="1376" install-size="1376" />
	<plugin fragment="true" id="org.eclipse.ecf.discovery.ui.edit.nl_ko" unpack="false" version="3.5.0.v20090620043401" download-size="1582" install-size="1582" />
	<plugin fragment="true" id="org.eclipse.ecf.discovery.ui.model.nl_ko" unpack="false" version="3.5.0.v20090620043401" download-size="1373" install-size="1373" />
	<plugin fragment="true" id="org.eclipse.ecf.discovery.ui.nl_ko" unpack="false" version="3.5.0.v20090620043401" download-size="1370" install-size="1370" />
	<plugin fragment="true" id="org.eclipse.ecf.doc.nl_ko" unpack="false" version="3.5.0.v20090620043401" download-size="1364" install-size="1364" />
	<plugin fragment="true" id="org.eclipse.ecf.docshare.nl_ko" unpack="false" version="3.5.0.v20090620043401" download-size="2308" install-size="2308" />
	<plugin fragment="true" id="org.eclipse.ecf.example.clients.nl_ko" unpack="false" version="3.5.0.v20090620043401" download-size="1372" install-size="1372" />
	<plugin fragment="true" id="org.eclipse.ecf.example.collab.editor.nl_ko" unpack="false" version="3.5.0.v20090620043401" download-size="1376" install-size="1376" />
	<plugin fragment="true" id="org.eclipse.ecf.example.collab.nl_ko" unpack="false" version="3.5.0.v20090620043401" download-size="3616" install-size="3616" />
	<plugin fragment="true" id="org.eclipse.ecf.examples.remoteservices.common.nl_ko" unpack="false" version="3.5.0.v20090620043401" download-size="1381" install-size="1381" />
	<plugin fragment="true" id="org.eclipse.ecf.examples.remoteservices.server.nl_ko" unpack="false" version="3.5.0.v20090620043401" download-size="1380" install-size="1380" />
	<plugin fragment="true" id="org.eclipse.ecf.examples.updatesite.client.nl_ko" unpack="false" version="3.5.0.v20090620043401" download-size="1378" install-size="1378" />
	<plugin fragment="true" id="org.eclipse.ecf.examples.updatesite.server.nl_ko" unpack="false" version="3.5.0.v20090620043401" download-size="1378" install-size="1378" />
	<plugin fragment="true" id="org.eclipse.ecf.filetransfer.nl_ko" unpack="false" version="3.5.0.v20090620043401" download-size="1368" install-size="1368" />
	<plugin fragment="true" id="org.eclipse.ecf.filetransfer.ui.nl_ko" unpack="false" version="3.5.0.v20090620043401" download-size="2658" install-size="2658" />
	<plugin fragment="true" id="org.eclipse.ecf.identity.nl_ko" unpack="false" version="3.5.0.v20090620043401" download-size="1368" install-size="1368" />
	<plugin fragment="true" id="org.eclipse.ecf.nl_ko" unpack="false" version="3.5.0.v20090620043401" download-size="1550" install-size="1550" />
	<plugin fragment="true" id="org.eclipse.ecf.osgi.services.discovery.nl_ko" unpack="false" version="3.5.0.v20090620043401" download-size="1378" install-size="1378" />
	<plugin fragment="true" id="org.eclipse.ecf.osgi.services.distribution.nl_ko" unpack="false" version="3.5.0.v20090620043401" download-size="1379" install-size="1379" />
	<plugin fragment="true" id="org.eclipse.ecf.osgi.services.nl_ko" unpack="false" version="3.5.0.v20090620043401" download-size="1354" install-size="1354" />
	<plugin fragment="true" id="org.eclipse.ecf.presence.bot.nl_ko" unpack="false" version="3.5.0.v20090620043401" download-size="1370" install-size="1370" />
	<plugin fragment="true" id="org.eclipse.ecf.presence.collab.ui.nl_ko" unpack="false" version="3.5.0.v20090620043401" download-size="2638" install-size="2638" />
	<plugin fragment="true" id="org.eclipse.ecf.presence.nl_ko" unpack="false" version="3.5.0.v20090620043401" download-size="1367" install-size="1367" />
	<plugin fragment="true" id="org.eclipse.ecf.presence.ui.nl_ko" unpack="false" version="3.5.0.v20090620043401" download-size="3083" install-size="3083" />
	<plugin fragment="true" id="org.eclipse.ecf.protocol.bittorrent.nl_ko" unpack="false" version="3.5.0.v20090620043401" download-size="1373" install-size="1373" />
	<plugin fragment="true" id="org.eclipse.ecf.protocol.msn.nl_ko" unpack="false" version="3.5.0.v20090620043401" download-size="1370" install-size="1370" />
	<plugin fragment="true" id="org.eclipse.ecf.provider.bittorrent.nl_ko" unpack="false" version="3.5.0.v20090620043401" download-size="1373" install-size="1373" />
	<plugin fragment="true" id="org.eclipse.ecf.provider.bittorrent.ui.nl_ko" unpack="false" version="3.5.0.v20090620043401" download-size="2641" install-size="2641" />
	<plugin fragment="true" id="org.eclipse.ecf.provider.datashare.nio.nl_ko" unpack="false" version="3.5.0.v20090620043401" download-size="1376" install-size="1376" />
	<plugin fragment="true" id="org.eclipse.ecf.provider.datashare.nl_ko" unpack="false" version="3.5.0.v20090620043401" download-size="1373" install-size="1373" />
	<plugin fragment="true" id="org.eclipse.ecf.provider.discovery.nl_ko" unpack="false" version="3.5.0.v20090620043401" download-size="1374" install-size="1374" />
	<plugin fragment="true" id="org.eclipse.ecf.provider.filetransfer.efs.nl_ko" unpack="false" version="3.5.0.v20090620043401" download-size="1377" install-size="1377" />
	<plugin fragment="true" id="org.eclipse.ecf.provider.filetransfer.httpclient.nl_ko" unpack="false" version="3.5.0.v20090620043401" download-size="2680" install-size="2680" />
	<plugin fragment="true" id="org.eclipse.ecf.provider.filetransfer.nl_ko" unpack="false" version="3.5.0.v20090620043401" download-size="2579" install-size="2579" />
	<plugin fragment="true" id="org.eclipse.ecf.provider.filetransfer.scp.nl_ko" unpack="false" version="3.5.0.v20090620043401" download-size="1378" install-size="1378" />
	<plugin fragment="true" id="org.eclipse.ecf.provider.irc.nl_ko" unpack="false" version="3.5.0.v20090620043401" download-size="2421" install-size="2421" />
	<plugin fragment="true" id="org.eclipse.ecf.provider.irc.ui.nl_ko" unpack="false" version="3.5.0.v20090620043401" download-size="2433" install-size="2433" />
	<plugin fragment="true" id="org.eclipse.ecf.provider.jmdns.nl_ko" unpack="false" version="3.5.0.v20090620043401" download-size="1372" install-size="1372" />
	<plugin fragment="true" id="org.eclipse.ecf.provider.jslp.nl_ko" unpack="false" version="3.5.0.v20090620043401" download-size="1371" install-size="1371" />
	<plugin fragment="true" id="org.eclipse.ecf.provider.msn.nl_ko" unpack="false" version="3.5.0.v20090620043401" download-size="2400" install-size="2400" />
	<plugin fragment="true" id="org.eclipse.ecf.provider.msn.ui.nl_ko" unpack="false" version="3.5.0.v20090620043401" download-size="2573" install-size="2573" />
	<plugin fragment="true" id="org.eclipse.ecf.provider.nl_ko" unpack="false" version="3.5.0.v20090620043401" download-size="2898" install-size="2898" />
	<plugin fragment="true" id="org.eclipse.ecf.provider.remoteservice.nl_ko" unpack="false" version="3.5.0.v20090620043401" download-size="1376" install-size="1376" />
	<plugin fragment="true" id="org.eclipse.ecf.provider.ui.nl_ko" unpack="false" version="3.5.0.v20090620043401" download-size="1369" install-size="1369" />
	<plugin fragment="true" id="org.eclipse.ecf.provider.xmpp.nl_ko" unpack="false" version="3.5.0.v20090620043401" download-size="2431" install-size="2431" />
	<plugin fragment="true" id="org.eclipse.ecf.provider.xmpp.ui.nl_ko" unpack="false" version="3.5.0.v20090620043401" download-size="2773" install-size="2773" />
	<plugin fragment="true" id="org.eclipse.ecf.remoteservice.nl_ko" unpack="false" version="3.5.0.v20090620043401" download-size="1370" install-size="1370" />
	<plugin fragment="true" id="org.eclipse.ecf.remoteservice.ui.nl_ko" unpack="false" version="3.5.0.v20090620043401" download-size="2508" install-size="2508" />
	<plugin fragment="true" id="org.eclipse.ecf.server.generic.nl_ko" unpack="false" version="3.5.0.v20090620043401" download-size="1371" install-size="1371" />
	<plugin fragment="true" id="org.eclipse.ecf.server.nl_ko" unpack="false" version="3.5.0.v20090620043401" download-size="1366" install-size="1366" />
	<plugin fragment="true" id="org.eclipse.ecf.sharedobject.nl_ko" unpack="false" version="3.5.0.v20090620043401" download-size="2419" install-size="2419" />
	<plugin fragment="true" id="org.eclipse.ecf.storage.nl_ko" unpack="false" version="3.5.0.v20090620043401" download-size="1366" install-size="1366" />
	<plugin fragment="true" id="org.eclipse.ecf.sync.nl_ko" unpack="false" version="3.5.0.v20090620043401" download-size="1365" install-size="1365" />
	<plugin fragment="true" id="org.eclipse.ecf.telephony.call.nl_ko" unpack="false" version="3.5.0.v20090620043401" download-size="1371" install-size="1371" />
	<plugin fragment="true" id="org.eclipse.ecf.telephony.call.ui.nl_ko" unpack="false" version="3.5.0.v20090620043401" download-size="1373" install-size="1373" />
	<plugin fragment="true" id="org.eclipse.ecf.ui.capabilities.nl_ko" unpack="false" version="3.5.0.v20090620043401" download-size="1372" install-size="1372" />
	<plugin fragment="true" id="org.eclipse.ecf.ui.nl_ko" unpack="false" version="3.5.0.v20090620043401" download-size="2431" install-size="2431" />
	<plugin fragment="true" id="org.eclipse.team.ecf.core.nl_ko" unpack="false" version="3.5.0.v20090620043401" download-size="1368" install-size="1368" />
	<plugin fragment="true" id="org.eclipse.team.ecf.ui.nl_ko" unpack="false" version="3.5.0.v20090620043401" download-size="2426" install-size="2426" />
	<plugin fragment="true" id="org.jivesoftware.smack.nl_ko" unpack="false" version="3.5.0.v20090620043401" download-size="1369" install-size="1369" />
</feature>