<?xml version="1.0" encoding="UTF-8" ?>
<feature
	id="org.eclipse.babel.nls_tptp.platform_es"
	label="Babel Language Pack for tptp.platform in Spanish (18.41%)"
	image="eclipse_update_120.jpg"
	provider-name="%providerName"
	version="3.5.0.v20090620043401">
	<copyright>
		%copyright
	</copyright>
	<license url="%licenseURL">
		%license
	</license>
	<description>Babel Language Pack for tptp.platform in Spanish</description>
	<plugin fragment="true" id="org.eclipse.hyades.analysis.engine.nl_es" unpack="false" version="3.5.0.v20090620043401" download-size="1373" install-size="1373" />
	<plugin fragment="true" id="org.eclipse.hyades.logging.adapter.nl_es" unpack="false" version="3.5.0.v20090620043401" download-size="3129" install-size="3129" />
	<plugin fragment="true" id="org.eclipse.hyades.logging.adapter.ui.nl_es" unpack="false" version="3.5.0.v20090620043401" download-size="4559" install-size="4559" />
	<plugin fragment="true" id="org.eclipse.hyades.logging.parsers.nl_es" unpack="false" version="3.5.0.v20090620043401" download-size="2454" install-size="2454" />
	<plugin fragment="true" id="org.eclipse.hyades.probekit.ui.nl_es" unpack="false" version="3.5.0.v20090620043401" download-size="3909" install-size="3909" />
	<plugin fragment="true" id="org.eclipse.hyades.resources.database.nl_es" unpack="false" version="3.5.0.v20090620043401" download-size="1376" install-size="1376" />
	<plugin fragment="true" id="org.eclipse.hyades.sdb.nl_es" unpack="false" version="3.5.0.v20090620043401" download-size="7543" install-size="7543" />
	<plugin fragment="true" id="org.eclipse.hyades.statistical.ui.nl_es" unpack="false" version="3.5.0.v20090620043401" download-size="1377" install-size="1377" />
	<plugin fragment="true" id="org.eclipse.hyades.test.core.nl_es" unpack="false" version="3.5.0.v20090620043401" download-size="3230" install-size="3230" />
	<plugin fragment="true" id="org.eclipse.hyades.test.tools.ui.nl_es" unpack="false" version="3.5.0.v20090620043401" download-size="3574" install-size="3574" />
	<plugin fragment="true" id="org.eclipse.hyades.test.ui.extensions.nl_es" unpack="false" version="3.5.0.v20090620043401" download-size="2658" install-size="2658" />
	<plugin fragment="true" id="org.eclipse.hyades.test.ui.nl_es" unpack="false" version="3.5.0.v20090620043401" download-size="9269" install-size="9269" />
	<plugin fragment="true" id="org.eclipse.hyades.trace.ui.nl_es" unpack="false" version="3.5.0.v20090620043401" download-size="5963" install-size="5963" />
	<plugin fragment="true" id="org.eclipse.hyades.trace.views.nl_es" unpack="false" version="3.5.0.v20090620043401" download-size="2673" install-size="2673" />
	<plugin fragment="true" id="org.eclipse.hyades.ui.nl_es" unpack="false" version="3.5.0.v20090620043401" download-size="1378" install-size="1378" />
	<plugin fragment="true" id="org.eclipse.tptp.lta.gla.ui.epi.nl_es" unpack="false" version="3.5.0.v20090620043401" download-size="1371" install-size="1371" />
	<plugin fragment="true" id="org.eclipse.tptp.lta.log.epi.nl_es" unpack="false" version="3.5.0.v20090620043401" download-size="1463" install-size="1463" />
	<plugin fragment="true" id="org.eclipse.tptp.lta.runtime.nl_es" unpack="false" version="3.5.0.v20090620043401" download-size="1370" install-size="1370" />
	<plugin fragment="true" id="org.eclipse.tptp.lta.sdb.epi.nl_es" unpack="false" version="3.5.0.v20090620043401" download-size="1373" install-size="1373" />
	<plugin fragment="true" id="org.eclipse.tptp.lta.symptom.epi.nl_es" unpack="false" version="3.5.0.v20090620043401" download-size="1375" install-size="1375" />
	<plugin fragment="true" id="org.eclipse.tptp.monitoring.la.core.nl_es" unpack="false" version="3.5.0.v20090620043401" download-size="1374" install-size="1374" />
	<plugin fragment="true" id="org.eclipse.tptp.monitoring.logui.nl_es" unpack="false" version="3.5.0.v20090620043401" download-size="2788" install-size="2788" />
	<plugin fragment="true" id="org.eclipse.tptp.monitoring.lta.doc.isv.nl_es" unpack="false" version="3.5.0.v20090620043401" download-size="1377" install-size="1377" />
	<plugin fragment="true" id="org.eclipse.tptp.monitoring.lta.doc.user.nl_es" unpack="false" version="3.5.0.v20090620043401" download-size="1377" install-size="1377" />
	<plugin fragment="true" id="org.eclipse.tptp.monitoring.lta.examples.isv.nl_es" unpack="false" version="3.5.0.v20090620043401" download-size="2894" install-size="2894" />
	<plugin fragment="true" id="org.eclipse.tptp.monitoring.lta.examples.nl_es" unpack="false" version="3.5.0.v20090620043401" download-size="2710" install-size="2710" />
	<plugin fragment="true" id="org.eclipse.tptp.monitoring.managedagent.jmx.nl_es" unpack="false" version="3.5.0.v20090620043401" download-size="2676" install-size="2676" />
	<plugin fragment="true" id="org.eclipse.tptp.monitoring.managedagent.ui.nl_es" unpack="false" version="3.5.0.v20090620043401" download-size="4959" install-size="4959" />
	<plugin fragment="true" id="org.eclipse.tptp.monitoring.profile.server.nl_es" unpack="false" version="3.5.0.v20090620043401" download-size="1380" install-size="1380" />
	<plugin fragment="true" id="org.eclipse.tptp.monitoring.report.birt.nl_es" unpack="false" version="3.5.0.v20090620043401" download-size="2605" install-size="2605" />
	<plugin fragment="true" id="org.eclipse.tptp.monitoring.symptom.doc.user.nl_es" unpack="false" version="3.5.0.v20090620043401" download-size="1379" install-size="1379" />
	<plugin fragment="true" id="org.eclipse.tptp.monitoring.symptom.editor.nl_es" unpack="false" version="3.5.0.v20090620043401" download-size="1378" install-size="1378" />
	<plugin fragment="true" id="org.eclipse.tptp.platform.agentcontroller.nl_es" unpack="false" version="3.5.0.v20090620043401" download-size="2595" install-size="2595" />
	<plugin fragment="true" id="org.eclipse.tptp.platform.analysis.codereview.cpp.nl_es" unpack="false" version="3.5.0.v20090620043401" download-size="1387" install-size="1387" />
	<plugin fragment="true" id="org.eclipse.tptp.platform.analysis.codereview.cpp.rules.nl_es" unpack="false" version="3.5.0.v20090620043401" download-size="1501" install-size="1501" />
	<plugin fragment="true" id="org.eclipse.tptp.platform.analysis.codereview.java.nl_es" unpack="false" version="3.5.0.v20090620043401" download-size="1420" install-size="1420" />
	<plugin fragment="true" id="org.eclipse.tptp.platform.analysis.codereview.java.rules.nl_es" unpack="false" version="3.5.0.v20090620043401" download-size="1581" install-size="1581" />
	<plugin fragment="true" id="org.eclipse.tptp.platform.analysis.core.nl_es" unpack="false" version="3.5.0.v20090620043401" download-size="2543" install-size="2543" />
	<plugin fragment="true" id="org.eclipse.tptp.platform.analysis.core.ui.nl_es" unpack="false" version="3.5.0.v20090620043401" download-size="2992" install-size="2992" />
	<plugin fragment="true" id="org.eclipse.tptp.platform.common.nl_es" unpack="false" version="3.5.0.v20090620043401" download-size="2333" install-size="2333" />
	<plugin fragment="true" id="org.eclipse.tptp.platform.common.ui.nl_es" unpack="false" version="3.5.0.v20090620043401" download-size="4850" install-size="4850" />
	<plugin fragment="true" id="org.eclipse.tptp.platform.common.ui.trace.nl_es" unpack="false" version="3.5.0.v20090620043401" download-size="3092" install-size="3092" />
	<plugin fragment="true" id="org.eclipse.tptp.platform.examples.isv.nl_es" unpack="false" version="3.5.0.v20090620043401" download-size="2612" install-size="2612" />
	<plugin fragment="true" id="org.eclipse.tptp.platform.examples.nl_es" unpack="false" version="3.5.0.v20090620043401" download-size="1685" install-size="1685" />
	<plugin fragment="true" id="org.eclipse.tptp.platform.iac.administrator.nl_es" unpack="false" version="3.5.0.v20090620043401" download-size="3292" install-size="3292" />
	<plugin fragment="true" id="org.eclipse.tptp.platform.instrumentation.ui.nl_es" unpack="false" version="3.5.0.v20090620043401" download-size="3190" install-size="3190" />
	<plugin fragment="true" id="org.eclipse.tptp.platform.integration.pde.nl_es" unpack="false" version="3.5.0.v20090620043401" download-size="2750" install-size="2750" />
	<plugin fragment="true" id="org.eclipse.tptp.platform.la.core.nl_es" unpack="false" version="3.5.0.v20090620043401" download-size="2632" install-size="2632" />
	<plugin fragment="true" id="org.eclipse.tptp.platform.llc.core.nl_es" unpack="false" version="3.5.0.v20090620043401" download-size="1373" install-size="1373" />
	<plugin fragment="true" id="org.eclipse.tptp.platform.llc.doc.user.nl_es" unpack="false" version="3.5.0.v20090620043401" download-size="1377" install-size="1377" />
	<plugin fragment="true" id="org.eclipse.tptp.platform.llc.launch.nl_es" unpack="false" version="3.5.0.v20090620043401" download-size="2844" install-size="2844" />
	<plugin fragment="true" id="org.eclipse.tptp.platform.llc.ui.nl_es" unpack="false" version="3.5.0.v20090620043401" download-size="1372" install-size="1372" />
	<plugin fragment="true" id="org.eclipse.tptp.platform.log.doc.user.nl_es" unpack="false" version="3.5.0.v20090620043401" download-size="1376" install-size="1376" />
	<plugin fragment="true" id="org.eclipse.tptp.platform.log.views.nl_es" unpack="false" version="3.5.0.v20090620043401" download-size="3896" install-size="3896" />
	<plugin fragment="true" id="org.eclipse.tptp.platform.lta.common.nl_es" unpack="false" version="3.5.0.v20090620043401" download-size="2437" install-size="2437" />
	<plugin fragment="true" id="org.eclipse.tptp.platform.models.lta.nl_es" unpack="false" version="3.5.0.v20090620043401" download-size="1374" install-size="1374" />
	<plugin fragment="true" id="org.eclipse.tptp.platform.models.nl_es" unpack="false" version="3.5.0.v20090620043401" download-size="3162" install-size="3162" />
	<plugin fragment="true" id="org.eclipse.tptp.platform.probekit.launch.nl_es" unpack="false" version="3.5.0.v20090620043401" download-size="3646" install-size="3646" />
	<plugin fragment="true" id="org.eclipse.tptp.platform.report.birt.nl_es" unpack="false" version="3.5.0.v20090620043401" download-size="1379" install-size="1379" />
	<plugin fragment="true" id="org.eclipse.tptp.platform.report.birt.ui.nl_es" unpack="false" version="3.5.0.v20090620043401" download-size="2524" install-size="2524" />
	<plugin fragment="true" id="org.eclipse.tptp.platform.report.core.nl_es" unpack="false" version="3.5.0.v20090620043401" download-size="1442" install-size="1442" />
	<plugin fragment="true" id="org.eclipse.tptp.platform.report.ui.nl_es" unpack="false" version="3.5.0.v20090620043401" download-size="1446" install-size="1446" />
	<plugin fragment="true" id="org.eclipse.tptp.test.auto.gui.nl_es" unpack="false" version="3.5.0.v20090620043401" download-size="2891" install-size="2891" />
	<plugin fragment="true" id="org.eclipse.tptp.test.auto.nl_es" unpack="false" version="3.5.0.v20090620043401" download-size="1368" install-size="1368" />
	<plugin fragment="true" id="org.eclipse.tptp.test.recorders.url.nl_es" unpack="false" version="3.5.0.v20090620043401" download-size="4742" install-size="4742" />
	<plugin fragment="true" id="org.eclipse.tptp.test.report.birt.nl_es" unpack="false" version="3.5.0.v20090620043401" download-size="3406" install-size="3406" />
	<plugin fragment="true" id="org.eclipse.tptp.test.samples.nl_es" unpack="false" version="3.5.0.v20090620043401" download-size="2857" install-size="2857" />
	<plugin fragment="true" id="org.eclipse.tptp.test.tools.junit.plugin.nl_es" unpack="false" version="3.5.0.v20090620043401" download-size="3199" install-size="3199" />
	<plugin fragment="true" id="org.eclipse.tptp.test.tools.manual.doc.user.nl_es" unpack="false" version="3.5.0.v20090620043401" download-size="1377" install-size="1377" />
	<plugin fragment="true" id="org.eclipse.tptp.test.tools.manual.nl_es" unpack="false" version="3.5.0.v20090620043401" download-size="4135" install-size="4135" />
	<plugin fragment="true" id="org.eclipse.tptp.trace.arm.nl_es" unpack="false" version="3.5.0.v20090620043401" download-size="1400" install-size="1400" />
	<plugin fragment="true" id="org.eclipse.tptp.trace.arm.ui.nl_es" unpack="false" version="3.5.0.v20090620043401" download-size="2507" install-size="2507" />
	<plugin fragment="true" id="org.eclipse.tptp.trace.jvmti.client.nl_es" unpack="false" version="3.5.0.v20090620043401" download-size="2759" install-size="2759" />
	<plugin fragment="true" id="org.eclipse.tptp.trace.memory.nl_es" unpack="false" version="3.5.0.v20090620043401" download-size="1374" install-size="1374" />
	<plugin fragment="true" id="org.eclipse.tptp.trace.report.birt.nl_es" unpack="false" version="3.5.0.v20090620043401" download-size="2511" install-size="2511" />
</feature>