<?xml version="1.0" encoding="UTF-8" ?>
<feature
	id="org.eclipse.babel.nls_tools.mylyn_it"
	label="Babel Language Pack for tools.mylyn in Italian (15.28%)"
	image="eclipse_update_120.jpg"
	provider-name="%providerName"
	version="3.5.0.v20090620043401">
	<copyright>
		%copyright
	</copyright>
	<license url="%licenseURL">
		%license
	</license>
	<description>Babel Language Pack for tools.mylyn in Italian</description>
	<plugin fragment="true" id="org.eclipse.mylyn.bugzilla.core.nl_it" unpack="false" version="3.5.0.v20090620043401" download-size="2528" install-size="2528" />
	<plugin fragment="true" id="org.eclipse.mylyn.bugzilla.ide.nl_it" unpack="false" version="3.5.0.v20090620043401" download-size="1355" install-size="1355" />
	<plugin fragment="true" id="org.eclipse.mylyn.bugzilla.ui.nl_it" unpack="false" version="3.5.0.v20090620043401" download-size="3676" install-size="3676" />
	<plugin fragment="true" id="org.eclipse.mylyn.commons.core.nl_it" unpack="false" version="3.5.0.v20090620043401" download-size="1354" install-size="1354" />
	<plugin fragment="true" id="org.eclipse.mylyn.commons.net.nl_it" unpack="false" version="3.5.0.v20090620043401" download-size="2539" install-size="2539" />
	<plugin fragment="true" id="org.eclipse.mylyn.commons.soap.nl_it" unpack="false" version="3.5.0.v20090620043401" download-size="1354" install-size="1354" />
	<plugin fragment="true" id="org.eclipse.mylyn.commons.ui.nl_it" unpack="false" version="3.5.0.v20090620043401" download-size="2524" install-size="2524" />
	<plugin fragment="true" id="org.eclipse.mylyn.compatibility.nl_it" unpack="false" version="3.5.0.v20090620043401" download-size="1355" install-size="1355" />
	<plugin fragment="true" id="org.eclipse.mylyn.context.core.nl_it" unpack="false" version="3.5.0.v20090620043401" download-size="1355" install-size="1355" />
	<plugin fragment="true" id="org.eclipse.mylyn.context.ui.nl_it" unpack="false" version="3.5.0.v20090620043401" download-size="4539" install-size="4539" />
	<plugin fragment="true" id="org.eclipse.mylyn.discovery.core.nl_it" unpack="false" version="3.5.0.v20090620043401" download-size="2609" install-size="2609" />
	<plugin fragment="true" id="org.eclipse.mylyn.discovery.ui.nl_it" unpack="false" version="3.5.0.v20090620043401" download-size="2835" install-size="2835" />
	<plugin fragment="true" id="org.eclipse.mylyn.help.ui.nl_it" unpack="false" version="3.5.0.v20090620043401" download-size="1380" install-size="1380" />
	<plugin fragment="true" id="org.eclipse.mylyn.ide.ant.nl_it" unpack="false" version="3.5.0.v20090620043401" download-size="1351" install-size="1351" />
	<plugin fragment="true" id="org.eclipse.mylyn.ide.capabilities.nl_it" unpack="false" version="3.5.0.v20090620043401" download-size="1374" install-size="1374" />
	<plugin fragment="true" id="org.eclipse.mylyn.ide.ui.nl_it" unpack="false" version="3.5.0.v20090620043401" download-size="1350" install-size="1350" />
	<plugin fragment="true" id="org.eclipse.mylyn.java.tasks.nl_it" unpack="false" version="3.5.0.v20090620043401" download-size="2414" install-size="2414" />
	<plugin fragment="true" id="org.eclipse.mylyn.java.ui.nl_it" unpack="false" version="3.5.0.v20090620043401" download-size="1410" install-size="1410" />
	<plugin fragment="true" id="org.eclipse.mylyn.jira.core.nl_it" unpack="false" version="3.5.0.v20090620043401" download-size="2976" install-size="2976" />
	<plugin fragment="true" id="org.eclipse.mylyn.jira.ui.nl_it" unpack="false" version="3.5.0.v20090620043401" download-size="3502" install-size="3502" />
	<plugin fragment="true" id="org.eclipse.mylyn.monitor.core.nl_it" unpack="false" version="3.5.0.v20090620043401" download-size="2616" install-size="2616" />
	<plugin fragment="true" id="org.eclipse.mylyn.monitor.ui.nl_it" unpack="false" version="3.5.0.v20090620043401" download-size="1353" install-size="1353" />
	<plugin fragment="true" id="org.eclipse.mylyn.nl_it" unpack="false" version="3.5.0.v20090620043401" download-size="1346" install-size="1346" />
	<plugin fragment="true" id="org.eclipse.mylyn.pde.ui.nl_it" unpack="false" version="3.5.0.v20090620043401" download-size="1351" install-size="1351" />
	<plugin fragment="true" id="org.eclipse.mylyn.resources.ui.nl_it" unpack="false" version="3.5.0.v20090620043401" download-size="2656" install-size="2656" />
	<plugin fragment="true" id="org.eclipse.mylyn.tasks.bugs.nl_it" unpack="false" version="3.5.0.v20090620043401" download-size="3376" install-size="3376" />
	<plugin fragment="true" id="org.eclipse.mylyn.tasks.core.nl_it" unpack="false" version="3.5.0.v20090620043401" download-size="3509" install-size="3509" />
	<plugin fragment="true" id="org.eclipse.mylyn.tasks.ui.nl_it" unpack="false" version="3.5.0.v20090620043401" download-size="10497" install-size="10497" />
	<plugin fragment="true" id="org.eclipse.mylyn.team.cvs.nl_it" unpack="false" version="3.5.0.v20090620043401" download-size="1352" install-size="1352" />
	<plugin fragment="true" id="org.eclipse.mylyn.team.ui.nl_it" unpack="false" version="3.5.0.v20090620043401" download-size="3578" install-size="3578" />
	<plugin fragment="true" id="org.eclipse.mylyn.trac.core.nl_it" unpack="false" version="3.5.0.v20090620043401" download-size="2944" install-size="2944" />
	<plugin fragment="true" id="org.eclipse.mylyn.trac.ui.nl_it" unpack="false" version="3.5.0.v20090620043401" download-size="2614" install-size="2614" />
	<plugin fragment="true" id="org.eclipse.mylyn.wikitext.confluence.core.nl_it" unpack="false" version="3.5.0.v20090620043401" download-size="1363" install-size="1363" />
	<plugin fragment="true" id="org.eclipse.mylyn.wikitext.confluence.ui.nl_it" unpack="false" version="3.5.0.v20090620043401" download-size="1387" install-size="1387" />
	<plugin fragment="true" id="org.eclipse.mylyn.wikitext.core.nl_it" unpack="false" version="3.5.0.v20090620043401" download-size="4395" install-size="4395" />
	<plugin fragment="true" id="org.eclipse.mylyn.wikitext.help.sdk.nl_it" unpack="false" version="3.5.0.v20090620043401" download-size="1380" install-size="1380" />
	<plugin fragment="true" id="org.eclipse.mylyn.wikitext.help.ui.nl_it" unpack="false" version="3.5.0.v20090620043401" download-size="1378" install-size="1378" />
	<plugin fragment="true" id="org.eclipse.mylyn.wikitext.mediawiki.core.nl_it" unpack="false" version="3.5.0.v20090620043401" download-size="1382" install-size="1382" />
	<plugin fragment="true" id="org.eclipse.mylyn.wikitext.mediawiki.ui.nl_it" unpack="false" version="3.5.0.v20090620043401" download-size="1404" install-size="1404" />
	<plugin fragment="true" id="org.eclipse.mylyn.wikitext.tasks.ui.nl_it" unpack="false" version="3.5.0.v20090620043401" download-size="2827" install-size="2827" />
	<plugin fragment="true" id="org.eclipse.mylyn.wikitext.tests.nl_it" unpack="false" version="3.5.0.v20090620043401" download-size="1356" install-size="1356" />
	<plugin fragment="true" id="org.eclipse.mylyn.wikitext.textile.core.nl_it" unpack="false" version="3.5.0.v20090620043401" download-size="1359" install-size="1359" />
	<plugin fragment="true" id="org.eclipse.mylyn.wikitext.textile.ui.nl_it" unpack="false" version="3.5.0.v20090620043401" download-size="1396" install-size="1396" />
	<plugin fragment="true" id="org.eclipse.mylyn.wikitext.tracwiki.core.nl_it" unpack="false" version="3.5.0.v20090620043401" download-size="1361" install-size="1361" />
	<plugin fragment="true" id="org.eclipse.mylyn.wikitext.tracwiki.ui.nl_it" unpack="false" version="3.5.0.v20090620043401" download-size="1385" install-size="1385" />
	<plugin fragment="true" id="org.eclipse.mylyn.wikitext.twiki.core.nl_it" unpack="false" version="3.5.0.v20090620043401" download-size="1359" install-size="1359" />
	<plugin fragment="true" id="org.eclipse.mylyn.wikitext.twiki.ui.nl_it" unpack="false" version="3.5.0.v20090620043401" download-size="1384" install-size="1384" />
	<plugin fragment="true" id="org.eclipse.mylyn.wikitext.ui.nl_it" unpack="false" version="3.5.0.v20090620043401" download-size="6046" install-size="6046" />
	<plugin fragment="true" id="org.eclipse.mylyn.xplanner.core.nl_it" unpack="false" version="3.5.0.v20090620043401" download-size="1355" install-size="1355" />
	<plugin fragment="true" id="org.eclipse.mylyn.xplanner.ui.nl_it" unpack="false" version="3.5.0.v20090620043401" download-size="3686" install-size="3686" />
</feature>