<?xml version="1.0" encoding="UTF-8" ?>
<feature
	id="org.eclipse.babel.nls_dsdp.mtj_en_AA"
	label="Babel Language Pack for dsdp.mtj in Pseudo Translations (100%)"
	image="eclipse_update_120.jpg"
	provider-name="%providerName"
	version="3.5.0.v20090620043401">
	<copyright>
		%copyright
	</copyright>
	<license url="%licenseURL">
		%license
	</license>
	<description>Babel Language Pack for dsdp.mtj in Pseudo Translations</description>
	<plugin fragment="true" id="antenna.preprocessor.v3.nl_en_AA" unpack="false" version="3.5.0.v20090620043401" download-size="1438" install-size="1438" />
	<plugin fragment="true" id="de.schlichtherle.truezip.nl_en_AA" unpack="false" version="3.5.0.v20090620043401" download-size="1430" install-size="1430" />
	<plugin fragment="true" id="jmunit.framework.nl_en_AA" unpack="false" version="3.5.0.v20090620043401" download-size="1429" install-size="1429" />
	<plugin fragment="true" id="org.eclipse.mtj.branding.nl_en_AA" unpack="false" version="3.5.0.v20090620043401" download-size="1684" install-size="1684" />
	<plugin fragment="true" id="org.eclipse.mtj.core.hooks.nl_en_AA" unpack="false" version="3.5.0.v20090620043401" download-size="1980" install-size="1980" />
	<plugin fragment="true" id="org.eclipse.mtj.core.nl_en_AA" unpack="false" version="3.5.0.v20090620043401" download-size="9130" install-size="9130" />
	<plugin fragment="true" id="org.eclipse.mtj.doc.isv.nl_en_AA" unpack="false" version="3.5.0.v20090620043401" download-size="1682" install-size="1682" />
	<plugin fragment="true" id="org.eclipse.mtj.doc.user.nl_en_AA" unpack="false" version="3.5.0.v20090620043401" download-size="1440" install-size="1440" />
	<plugin fragment="true" id="org.eclipse.mtj.eswt.templates.nl_en_AA" unpack="false" version="3.5.0.v20090620043401" download-size="3189" install-size="3189" />
	<plugin fragment="true" id="org.eclipse.mtj.example.library.nl_en_AA" unpack="false" version="3.5.0.v20090620043401" download-size="1440" install-size="1440" />
	<plugin fragment="true" id="org.eclipse.mtj.examples.jadextension.nl_en_AA" unpack="false" version="3.5.0.v20090620043401" download-size="2459" install-size="2459" />
	<plugin fragment="true" id="org.eclipse.mtj.examples.templates.nl_en_AA" unpack="false" version="3.5.0.v20090620043401" download-size="1514" install-size="1514" />
	<plugin fragment="true" id="org.eclipse.mtj.examples.toolkits.nl_en_AA" unpack="false" version="3.5.0.v20090620043401" download-size="3817" install-size="3817" />
	<plugin fragment="true" id="org.eclipse.mtj.jmunit.nl_en_AA" unpack="false" version="3.5.0.v20090620043401" download-size="3958" install-size="3958" />
	<plugin fragment="true" id="org.eclipse.mtj.pulsar.core.nl_en_AA" unpack="false" version="3.5.0.v20090620043401" download-size="3360" install-size="3360" />
	<plugin fragment="true" id="org.eclipse.mtj.pulsar.ui.nl_en_AA" unpack="false" version="3.5.0.v20090620043401" download-size="3062" install-size="3062" />
	<plugin fragment="true" id="org.eclipse.mtj.templates.nl_en_AA" unpack="false" version="3.5.0.v20090620043401" download-size="3236" install-size="3236" />
	<plugin fragment="true" id="org.eclipse.mtj.toolkit.microemu.nl_en_AA" unpack="false" version="3.5.0.v20090620043401" download-size="2995" install-size="2995" />
	<plugin fragment="true" id="org.eclipse.mtj.toolkit.mpowerplayer.nl_en_AA" unpack="false" version="3.5.0.v20090620043401" download-size="3011" install-size="3011" />
	<plugin fragment="true" id="org.eclipse.mtj.toolkit.uei.nl_en_AA" unpack="false" version="3.5.0.v20090620043401" download-size="4090" install-size="4090" />
	<plugin fragment="true" id="org.eclipse.mtj.ui.nl_en_AA" unpack="false" version="3.5.0.v20090620043401" download-size="23839" install-size="23839" />
</feature>