<?xml version="1.0" encoding="UTF-8" ?>
<feature
	id="org.eclipse.babel.nls_rt.equinox_ko"
	label="Babel Language Pack for rt.equinox in Korean (34.86%)"
	image="eclipse_update_120.jpg"
	provider-name="%providerName"
	version="3.5.0.v20090620043401">
	<copyright>
		%copyright
	</copyright>
	<license url="%licenseURL">
		%license
	</license>
	<description>Babel Language Pack for rt.equinox in Korean</description>
	<plugin fragment="true" id="org.eclipse.core.resources.jmx.nl_ko" unpack="false" version="3.5.0.v20090620043401" download-size="2250" install-size="2250" />
	<plugin fragment="true" id="org.eclipse.equinox.frameworkadmin.equinox.nl_ko" unpack="false" version="3.5.0.v20090620043401" download-size="1377" install-size="1377" />
	<plugin fragment="true" id="org.eclipse.equinox.frameworkadmin.nl_ko" unpack="false" version="3.5.0.v20090620043401" download-size="1375" install-size="1375" />
	<plugin fragment="true" id="org.eclipse.equinox.initializer.nl_ko" unpack="false" version="3.5.0.v20090620043401" download-size="1388" install-size="1388" />
	<plugin fragment="true" id="org.eclipse.equinox.jmx.client.nl_ko" unpack="false" version="3.5.0.v20090620043401" download-size="4800" install-size="4800" />
	<plugin fragment="true" id="org.eclipse.equinox.jmx.common.nl_ko" unpack="false" version="3.5.0.v20090620043401" download-size="2340" install-size="2340" />
	<plugin fragment="true" id="org.eclipse.equinox.jmx.server.nl_ko" unpack="false" version="3.5.0.v20090620043401" download-size="3091" install-size="3091" />
	<plugin fragment="true" id="org.eclipse.equinox.jmx.vm.nl_ko" unpack="false" version="3.5.0.v20090620043401" download-size="2678" install-size="2678" />
	<plugin fragment="true" id="org.eclipse.equinox.p2.artifact.repository.nl_ko" unpack="false" version="3.5.0.v20090620043401" download-size="2636" install-size="2636" />
	<plugin fragment="true" id="org.eclipse.equinox.p2.console.nl_ko" unpack="false" version="3.5.0.v20090620043401" download-size="1371" install-size="1371" />
	<plugin fragment="true" id="org.eclipse.equinox.p2.core.nl_ko" unpack="false" version="3.5.0.v20090620043401" download-size="1369" install-size="1369" />
	<plugin fragment="true" id="org.eclipse.equinox.p2.director.app.nl_ko" unpack="false" version="3.5.0.v20090620043401" download-size="1374" install-size="1374" />
	<plugin fragment="true" id="org.eclipse.equinox.p2.director.nl_ko" unpack="false" version="3.5.0.v20090620043401" download-size="2425" install-size="2425" />
	<plugin fragment="true" id="org.eclipse.equinox.p2.directorywatcher.nl_ko" unpack="false" version="3.5.0.v20090620043401" download-size="1378" install-size="1378" />
	<plugin fragment="true" id="org.eclipse.equinox.p2.engine.nl_ko" unpack="false" version="3.5.0.v20090620043401" download-size="2894" install-size="2894" />
	<plugin fragment="true" id="org.eclipse.equinox.p2.exemplarysetup.nl_ko" unpack="false" version="3.5.0.v20090620043401" download-size="1376" install-size="1376" />
	<plugin fragment="true" id="org.eclipse.equinox.p2.extensionlocation.nl_ko" unpack="false" version="3.5.0.v20090620043401" download-size="1377" install-size="1377" />
	<plugin fragment="true" id="org.eclipse.equinox.p2.garbagecollector.nl_ko" unpack="false" version="3.5.0.v20090620043401" download-size="1377" install-size="1377" />
	<plugin fragment="true" id="org.eclipse.equinox.p2.installer.nl_ko" unpack="false" version="3.5.0.v20090620043401" download-size="2820" install-size="2820" />
	<plugin fragment="true" id="org.eclipse.equinox.p2.jarprocessor.nl_ko" unpack="false" version="3.5.0.v20090620043401" download-size="1374" install-size="1374" />
	<plugin fragment="true" id="org.eclipse.equinox.p2.metadata.generator.nl_ko" unpack="false" version="3.5.0.v20090620043401" download-size="3975" install-size="3975" />
	<plugin fragment="true" id="org.eclipse.equinox.p2.metadata.nl_ko" unpack="false" version="3.5.0.v20090620043401" download-size="1372" install-size="1372" />
	<plugin fragment="true" id="org.eclipse.equinox.p2.metadata.repository.nl_ko" unpack="false" version="3.5.0.v20090620043401" download-size="2635" install-size="2635" />
	<plugin fragment="true" id="org.eclipse.equinox.p2.publisher.nl_ko" unpack="false" version="3.5.0.v20090620043401" download-size="2488" install-size="2488" />
	<plugin fragment="true" id="org.eclipse.equinox.p2.reconciler.dropins.nl_ko" unpack="false" version="3.5.0.v20090620043401" download-size="1377" install-size="1377" />
	<plugin fragment="true" id="org.eclipse.equinox.p2.repository.nl_ko" unpack="false" version="3.5.0.v20090620043401" download-size="2959" install-size="2959" />
	<plugin fragment="true" id="org.eclipse.equinox.p2.repository.tools.nl_ko" unpack="false" version="3.5.0.v20090620043401" download-size="3459" install-size="3459" />
	<plugin fragment="true" id="org.eclipse.equinox.p2.selfhosting.nl_ko" unpack="false" version="3.5.0.v20090620043401" download-size="1374" install-size="1374" />
	<plugin fragment="true" id="org.eclipse.equinox.p2.tests.nl_ko" unpack="false" version="3.5.0.v20090620043401" download-size="1830" install-size="1830" />
	<plugin fragment="true" id="org.eclipse.equinox.p2.tests.ui.nl_ko" unpack="false" version="3.5.0.v20090620043401" download-size="1372" install-size="1372" />
	<plugin fragment="true" id="org.eclipse.equinox.p2.tools.nl_ko" unpack="false" version="3.5.0.v20090620043401" download-size="1370" install-size="1370" />
	<plugin fragment="true" id="org.eclipse.equinox.p2.touchpoint.eclipse.nl_ko" unpack="false" version="3.5.0.v20090620043401" download-size="1375" install-size="1375" />
	<plugin fragment="true" id="org.eclipse.equinox.p2.touchpoint.natives.nl_ko" unpack="false" version="3.5.0.v20090620043401" download-size="1378" install-size="1378" />
	<plugin fragment="true" id="org.eclipse.equinox.p2.ui.admin.nl_ko" unpack="false" version="3.5.0.v20090620043401" download-size="2852" install-size="2852" />
	<plugin fragment="true" id="org.eclipse.equinox.p2.ui.admin.rcp.nl_ko" unpack="false" version="3.5.0.v20090620043401" download-size="2798" install-size="2798" />
	<plugin fragment="true" id="org.eclipse.equinox.p2.ui.nl_ko" unpack="false" version="3.5.0.v20090620043401" download-size="3563" install-size="3563" />
	<plugin fragment="true" id="org.eclipse.equinox.p2.ui.sdk.nl_ko" unpack="false" version="3.5.0.v20090620043401" download-size="2727" install-size="2727" />
	<plugin fragment="true" id="org.eclipse.equinox.p2.ui.sdk.scheduler.nl_ko" unpack="false" version="3.5.0.v20090620043401" download-size="3284" install-size="3284" />
	<plugin fragment="true" id="org.eclipse.equinox.p2.updatechecker.nl_ko" unpack="false" version="3.5.0.v20090620043401" download-size="1358" install-size="1358" />
	<plugin fragment="true" id="org.eclipse.equinox.p2.updatesite.nl_ko" unpack="false" version="3.5.0.v20090620043401" download-size="3151" install-size="3151" />
	<plugin fragment="true" id="org.eclipse.equinox.preferences.jmx.nl_ko" unpack="false" version="3.5.0.v20090620043401" download-size="2440" install-size="2440" />
	<plugin fragment="true" id="org.eclipse.equinox.simpleconfigurator.manipulator.nl_ko" unpack="false" version="3.5.0.v20090620043401" download-size="1366" install-size="1366" />
	<plugin fragment="true" id="org.eclipse.equinox.simpleconfigurator.nl_ko" unpack="false" version="3.5.0.v20090620043401" download-size="1359" install-size="1359" />
	<plugin fragment="true" id="org.eclipse.osgi.jmx.nl_ko" unpack="false" version="3.5.0.v20090620043401" download-size="2983" install-size="2983" />
	<plugin fragment="true" id="org.eclipse.swt.jmx.nl_ko" unpack="false" version="3.5.0.v20090620043401" download-size="2137" install-size="2137" />
</feature>