<?xml version="1.0" encoding="UTF-8" ?>
<feature
	id="org.eclipse.babel.nls_dsdp.tm_en_AA"
	label="Babel Language Pack for dsdp.tm in Pseudo Translations (100%)"
	image="eclipse_update_120.jpg"
	provider-name="%providerName"
	version="3.5.0.v20090620043401">
	<copyright>
		%copyright
	</copyright>
	<license url="%licenseURL">
		%license
	</license>
	<description>Babel Language Pack for dsdp.tm in Pseudo Translations</description>
	<plugin fragment="true" id="org.eclipse.dstore.core.nl_en_AA" unpack="false" version="3.5.0.v20090620043401" download-size="1424" install-size="1424" />
	<plugin fragment="true" id="org.eclipse.dstore.doc.isv.nl_en_AA" unpack="false" version="3.5.0.v20090620043401" download-size="1438" install-size="1438" />
	<plugin fragment="true" id="org.eclipse.dstore.extra.nl_en_AA" unpack="false" version="3.5.0.v20090620043401" download-size="1433" install-size="1433" />
	<plugin fragment="true" id="org.eclipse.rse.connectorservice.dstore.nl_en_AA" unpack="false" version="3.5.0.v20090620043401" download-size="4529" install-size="4529" />
	<plugin fragment="true" id="org.eclipse.rse.connectorservice.local.nl_en_AA" unpack="false" version="3.5.0.v20090620043401" download-size="2624" install-size="2624" />
	<plugin fragment="true" id="org.eclipse.rse.connectorservice.ssh.nl_en_AA" unpack="false" version="3.5.0.v20090620043401" download-size="3071" install-size="3071" />
	<plugin fragment="true" id="org.eclipse.rse.connectorservice.telnet.nl_en_AA" unpack="false" version="3.5.0.v20090620043401" download-size="2688" install-size="2688" />
	<plugin fragment="true" id="org.eclipse.rse.core.nl_en_AA" unpack="false" version="3.5.0.v20090620043401" download-size="4493" install-size="4493" />
	<plugin fragment="true" id="org.eclipse.rse.discovery.nl_en_AA" unpack="false" version="3.5.0.v20090620043401" download-size="2394" install-size="2394" />
	<plugin fragment="true" id="org.eclipse.rse.doc.isv.nl_en_AA" unpack="false" version="3.5.0.v20090620043401" download-size="1431" install-size="1431" />
	<plugin fragment="true" id="org.eclipse.rse.doc.user.nl_en_AA" unpack="false" version="3.5.0.v20090620043401" download-size="1428" install-size="1428" />
	<plugin fragment="true" id="org.eclipse.rse.dstore.security.nl_en_AA" unpack="false" version="3.5.0.v20090620043401" download-size="3619" install-size="3619" />
	<plugin fragment="true" id="org.eclipse.rse.efs.nl_en_AA" unpack="false" version="3.5.0.v20090620043401" download-size="2616" install-size="2616" />
	<plugin fragment="true" id="org.eclipse.rse.efs.ui.nl_en_AA" unpack="false" version="3.5.0.v20090620043401" download-size="2579" install-size="2579" />
	<plugin fragment="true" id="org.eclipse.rse.examples.daytime.nl_en_AA" unpack="false" version="3.5.0.v20090620043401" download-size="2626" install-size="2626" />
	<plugin fragment="true" id="org.eclipse.rse.examples.tutorial.nl_en_AA" unpack="false" version="3.5.0.v20090620043401" download-size="2514" install-size="2514" />
	<plugin fragment="true" id="org.eclipse.rse.files.ui.nl_en_AA" unpack="false" version="3.5.0.v20090620043401" download-size="8330" install-size="8330" />
	<plugin fragment="true" id="org.eclipse.rse.importexport.nl_en_AA" unpack="false" version="3.5.0.v20090620043401" download-size="6817" install-size="6817" />
	<plugin fragment="true" id="org.eclipse.rse.nl_en_AA" unpack="false" version="3.5.0.v20090620043401" download-size="1841" install-size="1841" />
	<plugin fragment="true" id="org.eclipse.rse.processes.ui.nl_en_AA" unpack="false" version="3.5.0.v20090620043401" download-size="5047" install-size="5047" />
	<plugin fragment="true" id="org.eclipse.rse.remotecdt.nl_en_AA" unpack="false" version="3.5.0.v20090620043401" download-size="3340" install-size="3340" />
	<plugin fragment="true" id="org.eclipse.rse.sdk.nl_en_AA" unpack="false" version="3.5.0.v20090620043401" download-size="1837" install-size="1837" />
	<plugin fragment="true" id="org.eclipse.rse.services.dstore.nl_en_AA" unpack="false" version="3.5.0.v20090620043401" download-size="4117" install-size="4117" />
	<plugin fragment="true" id="org.eclipse.rse.services.files.ftp.nl_en_AA" unpack="false" version="3.5.0.v20090620043401" download-size="3231" install-size="3231" />
	<plugin fragment="true" id="org.eclipse.rse.services.local.nl_en_AA" unpack="false" version="3.5.0.v20090620043401" download-size="3626" install-size="3626" />
	<plugin fragment="true" id="org.eclipse.rse.services.nl_en_AA" unpack="false" version="3.5.0.v20090620043401" download-size="4252" install-size="4252" />
	<plugin fragment="true" id="org.eclipse.rse.services.ssh.nl_en_AA" unpack="false" version="3.5.0.v20090620043401" download-size="3146" install-size="3146" />
	<plugin fragment="true" id="org.eclipse.rse.services.telnet.nl_en_AA" unpack="false" version="3.5.0.v20090620043401" download-size="2959" install-size="2959" />
	<plugin fragment="true" id="org.eclipse.rse.shells.ui.nl_en_AA" unpack="false" version="3.5.0.v20090620043401" download-size="3418" install-size="3418" />
	<plugin fragment="true" id="org.eclipse.rse.subsystems.files.core.nl_en_AA" unpack="false" version="3.5.0.v20090620043401" download-size="4102" install-size="4102" />
	<plugin fragment="true" id="org.eclipse.rse.subsystems.files.dstore.nl_en_AA" unpack="false" version="3.5.0.v20090620043401" download-size="1524" install-size="1524" />
	<plugin fragment="true" id="org.eclipse.rse.subsystems.files.ftp.nl_en_AA" unpack="false" version="3.5.0.v20090620043401" download-size="3068" install-size="3068" />
	<plugin fragment="true" id="org.eclipse.rse.subsystems.files.local.nl_en_AA" unpack="false" version="3.5.0.v20090620043401" download-size="1535" install-size="1535" />
	<plugin fragment="true" id="org.eclipse.rse.subsystems.files.ssh.nl_en_AA" unpack="false" version="3.5.0.v20090620043401" download-size="1514" install-size="1514" />
	<plugin fragment="true" id="org.eclipse.rse.subsystems.processes.core.nl_en_AA" unpack="false" version="3.5.0.v20090620043401" download-size="2995" install-size="2995" />
	<plugin fragment="true" id="org.eclipse.rse.subsystems.processes.dstore.nl_en_AA" unpack="false" version="3.5.0.v20090620043401" download-size="1528" install-size="1528" />
	<plugin fragment="true" id="org.eclipse.rse.subsystems.processes.local.nl_en_AA" unpack="false" version="3.5.0.v20090620043401" download-size="1439" install-size="1439" />
	<plugin fragment="true" id="org.eclipse.rse.subsystems.processes.shell.linux.nl_en_AA" unpack="false" version="3.5.0.v20090620043401" download-size="3220" install-size="3220" />
	<plugin fragment="true" id="org.eclipse.rse.subsystems.shells.core.nl_en_AA" unpack="false" version="3.5.0.v20090620043401" download-size="2873" install-size="2873" />
	<plugin fragment="true" id="org.eclipse.rse.subsystems.shells.dstore.nl_en_AA" unpack="false" version="3.5.0.v20090620043401" download-size="1534" install-size="1534" />
	<plugin fragment="true" id="org.eclipse.rse.subsystems.shells.local.nl_en_AA" unpack="false" version="3.5.0.v20090620043401" download-size="1545" install-size="1545" />
	<plugin fragment="true" id="org.eclipse.rse.subsystems.shells.ssh.nl_en_AA" unpack="false" version="3.5.0.v20090620043401" download-size="1519" install-size="1519" />
	<plugin fragment="true" id="org.eclipse.rse.subsystems.shells.telnet.nl_en_AA" unpack="false" version="3.5.0.v20090620043401" download-size="1569" install-size="1569" />
	<plugin fragment="true" id="org.eclipse.rse.subsystems.terminals.core.nl_en_AA" unpack="false" version="3.5.0.v20090620043401" download-size="1499" install-size="1499" />
	<plugin fragment="true" id="org.eclipse.rse.subsystems.terminals.ssh.nl_en_AA" unpack="false" version="3.5.0.v20090620043401" download-size="1532" install-size="1532" />
	<plugin fragment="true" id="org.eclipse.rse.subsystems.wince.nl_en_AA" unpack="false" version="3.5.0.v20090620043401" download-size="3937" install-size="3937" />
	<plugin fragment="true" id="org.eclipse.rse.terminals.ui.nl_en_AA" unpack="false" version="3.5.0.v20090620043401" download-size="3126" install-size="3126" />
	<plugin fragment="true" id="org.eclipse.rse.tests.framework.nl_en_AA" unpack="false" version="3.5.0.v20090620043401" download-size="1584" install-size="1584" />
	<plugin fragment="true" id="org.eclipse.rse.tests.nl_en_AA" unpack="false" version="3.5.0.v20090620043401" download-size="3051" install-size="3051" />
	<plugin fragment="true" id="org.eclipse.rse.ui.nl_en_AA" unpack="false" version="3.5.0.v20090620043401" download-size="17605" install-size="17605" />
	<plugin fragment="true" id="org.eclipse.rse.useractions.nl_en_AA" unpack="false" version="3.5.0.v20090620043401" download-size="9318" install-size="9318" />
	<plugin fragment="true" id="org.eclipse.tm.discovery.doc.isv.nl_en_AA" unpack="false" version="3.5.0.v20090620043401" download-size="1454" install-size="1454" />
	<plugin fragment="true" id="org.eclipse.tm.discovery.engine.nl_en_AA" unpack="false" version="3.5.0.v20090620043401" download-size="2859" install-size="2859" />
	<plugin fragment="true" id="org.eclipse.tm.discovery.model.edit.nl_en_AA" unpack="false" version="3.5.0.v20090620043401" download-size="1458" install-size="1458" />
	<plugin fragment="true" id="org.eclipse.tm.discovery.model.nl_en_AA" unpack="false" version="3.5.0.v20090620043401" download-size="1446" install-size="1446" />
	<plugin fragment="true" id="org.eclipse.tm.discovery.protocol.dnssd.nl_en_AA" unpack="false" version="3.5.0.v20090620043401" download-size="2779" install-size="2779" />
	<plugin fragment="true" id="org.eclipse.tm.discovery.transport.udp.nl_en_AA" unpack="false" version="3.5.0.v20090620043401" download-size="1460" install-size="1460" />
	<plugin fragment="true" id="org.eclipse.tm.discovery.view.nl_en_AA" unpack="false" version="3.5.0.v20090620043401" download-size="2714" install-size="2714" />
	<plugin fragment="true" id="org.eclipse.tm.discovery.wizard.nl_en_AA" unpack="false" version="3.5.0.v20090620043401" download-size="2938" install-size="2938" />
	<plugin fragment="true" id="org.eclipse.tm.rapi.examples.nl_en_AA" unpack="false" version="3.5.0.v20090620043401" download-size="1448" install-size="1448" />
	<plugin fragment="true" id="org.eclipse.tm.rapi.nl_en_AA" unpack="false" version="3.5.0.v20090620043401" download-size="1439" install-size="1439" />
	<plugin fragment="true" id="org.eclipse.tm.rapi.tests.nl_en_AA" unpack="false" version="3.5.0.v20090620043401" download-size="1448" install-size="1448" />
	<plugin fragment="true" id="org.eclipse.tm.terminal.nl_en_AA" unpack="false" version="3.5.0.v20090620043401" download-size="3770" install-size="3770" />
	<plugin fragment="true" id="org.eclipse.tm.terminal.serial.nl_en_AA" unpack="false" version="3.5.0.v20090620043401" download-size="3507" install-size="3507" />
	<plugin fragment="true" id="org.eclipse.tm.terminal.ssh.nl_en_AA" unpack="false" version="3.5.0.v20090620043401" download-size="3530" install-size="3530" />
	<plugin fragment="true" id="org.eclipse.tm.terminal.telnet.nl_en_AA" unpack="false" version="3.5.0.v20090620043401" download-size="2942" install-size="2942" />
	<plugin fragment="true" id="org.eclipse.tm.terminal.test.nl_en_AA" unpack="false" version="3.5.0.v20090620043401" download-size="1786" install-size="1786" />
	<plugin fragment="true" id="org.eclipse.tm.terminal.view.nl_en_AA" unpack="false" version="3.5.0.v20090620043401" download-size="4039" install-size="4039" />
	<plugin fragment="true" id="test.data.nl_en_AA" unpack="false" version="3.5.0.v20090620043401" download-size="4314" install-size="4314" />
</feature>