<?xml version="1.0" encoding="UTF-8" ?>
<feature
	id="org.eclipse.babel.nls_tools.pdt_iw"
	label="Babel Language Pack for tools.pdt in Hebrew (62.08%)"
	image="eclipse_update_120.jpg"
	provider-name="%providerName"
	version="3.5.0.v20090620043401">
	<copyright>
		%copyright
	</copyright>
	<license url="%licenseURL">
		%license
	</license>
	<description>Babel Language Pack for tools.pdt in Hebrew</description>
	<plugin fragment="true" id="org.eclipse.dltk.core.tests.nl_iw" unpack="false" version="3.5.0.v20090620043401" download-size="1370" install-size="1370" />
	<plugin fragment="true" id="org.eclipse.php.core.nl_iw" unpack="false" version="3.5.0.v20090620043401" download-size="2525" install-size="2525" />
	<plugin fragment="true" id="org.eclipse.php.core.parser.nl_iw" unpack="false" version="3.5.0.v20090620043401" download-size="1370" install-size="1370" />
	<plugin fragment="true" id="org.eclipse.php.debug.core.nl_iw" unpack="false" version="3.5.0.v20090620043401" download-size="2360" install-size="2360" />
	<plugin fragment="true" id="org.eclipse.php.debug.ui.nl_iw" unpack="false" version="3.5.0.v20090620043401" download-size="3368" install-size="3368" />
	<plugin fragment="true" id="org.eclipse.php.nl_iw" unpack="false" version="3.5.0.v20090620043401" download-size="1362" install-size="1362" />
	<plugin fragment="true" id="org.eclipse.php.server.core.nl_iw" unpack="false" version="3.5.0.v20090620043401" download-size="2236" install-size="2236" />
	<plugin fragment="true" id="org.eclipse.php.server.ui.nl_iw" unpack="false" version="3.5.0.v20090620043401" download-size="2209" install-size="2209" />
	<plugin fragment="true" id="org.eclipse.php.test.nl_iw" unpack="false" version="3.5.0.v20090620043401" download-size="1365" install-size="1365" />
	<plugin fragment="true" id="org.eclipse.php.ui.nl_iw" unpack="false" version="3.5.0.v20090620043401" download-size="36815" install-size="36815" />
	<plugin fragment="true" id="org.eclipse.test.nl_iw" unpack="false" version="3.5.0.v20090620043401" download-size="1414" install-size="1414" />
</feature>