<?xml version="1.0" encoding="UTF-8" ?>
<feature
	id="org.eclipse.babel.nls_technology.packaging_en_AA"
	label="Babel Language Pack for technology.packaging in Pseudo Translations (100%)"
	image="eclipse_update_120.jpg"
	provider-name="%providerName"
	version="3.5.0.v20090620043401">
	<copyright>
		%copyright
	</copyright>
	<license url="%licenseURL">
		%license
	</license>
	<description>Babel Language Pack for technology.packaging in Pseudo Translations</description>
	<plugin fragment="true" id="org.eclipse.epp.usagedata.gathering.nl_en_AA" unpack="false" version="3.5.0.v20090620043401" download-size="1449" install-size="1449" />
	<plugin fragment="true" id="org.eclipse.epp.usagedata.recording.nl_en_AA" unpack="false" version="3.5.0.v20090620043401" download-size="1448" install-size="1448" />
	<plugin fragment="true" id="org.eclipse.epp.usagedata.ui.nl_en_AA" unpack="false" version="3.5.0.v20090620043401" download-size="5187" install-size="5187" />
</feature>