<?xml version="1.0" encoding="UTF-8" ?>
<feature
	id="org.eclipse.babel.nls_webtools.jeetools_tr"
	label="Babel Language Pack for webtools.jeetools in Turkish (94.79%)"
	image="eclipse_update_120.jpg"
	provider-name="%providerName"
	version="3.5.0.v20090620043401">
	<copyright>
		%copyright
	</copyright>
	<license url="%licenseURL">
		%license
	</license>
	<description>Babel Language Pack for webtools.jeetools in Turkish</description>
	<plugin fragment="true" id="org.eclipse.jem.beaninfo.nl_tr" unpack="false" version="3.5.0.v20090620043401" download-size="3208" install-size="3208" />
	<plugin fragment="true" id="org.eclipse.jem.beaninfo.vm.common.nl_tr" unpack="false" version="3.5.0.v20090620043401" download-size="1378" install-size="1378" />
	<plugin fragment="true" id="org.eclipse.jem.beaninfo.vm.nl_tr" unpack="false" version="3.5.0.v20090620043401" download-size="3040" install-size="3040" />
	<plugin fragment="true" id="org.eclipse.jem.nl_tr" unpack="false" version="3.5.0.v20090620043401" download-size="4038" install-size="4038" />
	<plugin fragment="true" id="org.eclipse.jem.proxy.nl_tr" unpack="false" version="3.5.0.v20090620043401" download-size="7370" install-size="7370" />
	<plugin fragment="true" id="org.eclipse.jem.tests.nl_tr" unpack="false" version="3.5.0.v20090620043401" download-size="1366" install-size="1366" />
	<plugin fragment="true" id="org.eclipse.jem.workbench.nl_tr" unpack="false" version="3.5.0.v20090620043401" download-size="2492" install-size="2492" />
	<plugin fragment="true" id="org.eclipse.jst.j2ee.core.nl_tr" unpack="false" version="3.5.0.v20090620043401" download-size="30909" install-size="30909" />
	<plugin fragment="true" id="org.eclipse.jst.j2ee.doc.user.nl_tr" unpack="false" version="3.5.0.v20090620043401" download-size="1410" install-size="1410" />
	<plugin fragment="true" id="org.eclipse.jst.j2ee.infopop.nl_tr" unpack="false" version="3.5.0.v20090620043401" download-size="1419" install-size="1419" />
	<plugin fragment="true" id="org.eclipse.jst.j2ee.jca.nl_tr" unpack="false" version="3.5.0.v20090620043401" download-size="2549" install-size="2549" />
	<plugin fragment="true" id="org.eclipse.jst.j2ee.jca.ui.nl_tr" unpack="false" version="3.5.0.v20090620043401" download-size="2117" install-size="2117" />
	<plugin fragment="true" id="org.eclipse.jst.j2ee.navigator.ui.nl_tr" unpack="false" version="3.5.0.v20090620043401" download-size="3635" install-size="3635" />
	<plugin fragment="true" id="org.eclipse.jst.j2ee.nl_tr" unpack="false" version="3.5.0.v20090620043401" download-size="28171" install-size="28171" />
	<plugin fragment="true" id="org.eclipse.jst.j2ee.ui.nl_tr" unpack="false" version="3.5.0.v20090620043401" download-size="16052" install-size="16052" />
	<plugin fragment="true" id="org.eclipse.jst.j2ee.web.nl_tr" unpack="false" version="3.5.0.v20090620043401" download-size="19896" install-size="19896" />
	<plugin fragment="true" id="org.eclipse.jst.j2ee.webservice.nl_tr" unpack="false" version="3.5.0.v20090620043401" download-size="2742" install-size="2742" />
	<plugin fragment="true" id="org.eclipse.jst.j2ee.webservice.ui.nl_tr" unpack="false" version="3.5.0.v20090620043401" download-size="2518" install-size="2518" />
	<plugin fragment="true" id="org.eclipse.jst.j2ee.xdoclet.runtime.nl_tr" unpack="false" version="3.5.0.v20090620043401" download-size="2399" install-size="2399" />
	<plugin fragment="true" id="org.eclipse.jst.jee.nl_tr" unpack="false" version="3.5.0.v20090620043401" download-size="1369" install-size="1369" />
	<plugin fragment="true" id="org.eclipse.jst.jee.ui.nl_tr" unpack="false" version="3.5.0.v20090620043401" download-size="2666" install-size="2666" />
	<plugin fragment="true" id="org.eclipse.jst.jee.web.nl_tr" unpack="false" version="3.5.0.v20090620043401" download-size="1372" install-size="1372" />
	<plugin fragment="true" id="org.eclipse.jst.servlet.ui.infopop.nl_tr" unpack="false" version="3.5.0.v20090620043401" download-size="1436" install-size="1436" />
	<plugin fragment="true" id="org.eclipse.jst.servlet.ui.nl_tr" unpack="false" version="3.5.0.v20090620043401" download-size="5828" install-size="5828" />
	<plugin fragment="true" id="org.eclipse.wst.web.ui.infopop.nl_tr" unpack="false" version="3.5.0.v20090620043401" download-size="1412" install-size="1412" />
</feature>