<?xml version="1.0" encoding="UTF-8" ?>
<feature
	id="org.eclipse.babel.nls_modeling.m2m_uk"
	label="Babel Language Pack for modeling.m2m in Ukrainian (8.11%)"
	image="eclipse_update_120.jpg"
	provider-name="%providerName"
	version="3.5.0.v20090620043401">
	<copyright>
		%copyright
	</copyright>
	<license url="%licenseURL">
		%license
	</license>
	<description>Babel Language Pack for modeling.m2m in Ukrainian</description>
	<plugin fragment="true" id="org.eclipse.m2m.atl.adt.debug.nl_uk" unpack="false" version="3.5.0.v20090620043401" download-size="2360" install-size="2360" />
	<plugin fragment="true" id="org.eclipse.m2m.atl.adt.editor.nl_uk" unpack="false" version="3.5.0.v20090620043401" download-size="2550" install-size="2550" />
	<plugin fragment="true" id="org.eclipse.m2m.atl.adt.nl_uk" unpack="false" version="3.5.0.v20090620043401" download-size="1369" install-size="1369" />
	<plugin fragment="true" id="org.eclipse.m2m.atl.adt.ui.nl_uk" unpack="false" version="3.5.0.v20090620043401" download-size="2409" install-size="2409" />
	<plugin fragment="true" id="org.eclipse.m2m.atl.common.nl_uk" unpack="false" version="3.5.0.v20090620043401" download-size="1371" install-size="1371" />
	<plugin fragment="true" id="org.eclipse.m2m.atl.core.ant.nl_uk" unpack="false" version="3.5.0.v20090620043401" download-size="1372" install-size="1372" />
	<plugin fragment="true" id="org.eclipse.m2m.atl.core.emf.nl_uk" unpack="false" version="3.5.0.v20090620043401" download-size="1372" install-size="1372" />
	<plugin fragment="true" id="org.eclipse.m2m.atl.core.nl_uk" unpack="false" version="3.5.0.v20090620043401" download-size="1369" install-size="1369" />
	<plugin fragment="true" id="org.eclipse.m2m.atl.core.ui.nl_uk" unpack="false" version="3.5.0.v20090620043401" download-size="2427" install-size="2427" />
	<plugin fragment="true" id="org.eclipse.m2m.atl.core.ui.vm.nl_uk" unpack="false" version="3.5.0.v20090620043401" download-size="1373" install-size="1373" />
	<plugin fragment="true" id="org.eclipse.m2m.atl.doc.nl_uk" unpack="false" version="3.5.0.v20090620043401" download-size="1369" install-size="1369" />
	<plugin fragment="true" id="org.eclipse.m2m.atl.drivers.emf4atl.nl_uk" unpack="false" version="3.5.0.v20090620043401" download-size="1377" install-size="1377" />
	<plugin fragment="true" id="org.eclipse.m2m.atl.drivers.uml24atl.nl_uk" unpack="false" version="3.5.0.v20090620043401" download-size="1378" install-size="1378" />
	<plugin fragment="true" id="org.eclipse.m2m.atl.dsls.nl_uk" unpack="false" version="3.5.0.v20090620043401" download-size="1370" install-size="1370" />
	<plugin fragment="true" id="org.eclipse.m2m.atl.engine.emfvm.nl_uk" unpack="false" version="3.5.0.v20090620043401" download-size="1374" install-size="1374" />
	<plugin fragment="true" id="org.eclipse.m2m.atl.engine.nl_uk" unpack="false" version="3.5.0.v20090620043401" download-size="1371" install-size="1371" />
	<plugin fragment="true" id="org.eclipse.m2m.atl.engine.vm.nl_uk" unpack="false" version="3.5.0.v20090620043401" download-size="1372" install-size="1372" />
	<plugin fragment="true" id="org.eclipse.m2m.atl.examples.nl_uk" unpack="false" version="3.5.0.v20090620043401" download-size="1372" install-size="1372" />
	<plugin fragment="true" id="org.eclipse.m2m.atl.nl_uk" unpack="false" version="3.5.0.v20090620043401" download-size="1366" install-size="1366" />
	<plugin fragment="true" id="org.eclipse.m2m.atl.tests.nl_uk" unpack="false" version="3.5.0.v20090620043401" download-size="1370" install-size="1370" />
	<plugin fragment="true" id="org.eclipse.m2m.qvt.oml.common.nl_uk" unpack="false" version="3.5.0.v20090620043401" download-size="1373" install-size="1373" />
	<plugin fragment="true" id="org.eclipse.m2m.qvt.oml.common.ui.nl_uk" unpack="false" version="3.5.0.v20090620043401" download-size="3478" install-size="3478" />
	<plugin fragment="true" id="org.eclipse.m2m.qvt.oml.cst.parser.nl_uk" unpack="false" version="3.5.0.v20090620043401" download-size="1376" install-size="1376" />
	<plugin fragment="true" id="org.eclipse.m2m.qvt.oml.doc.nl_uk" unpack="false" version="3.5.0.v20090620043401" download-size="1372" install-size="1372" />
	<plugin fragment="true" id="org.eclipse.m2m.qvt.oml.ecore.imperativeocl.nl_uk" unpack="false" version="3.5.0.v20090620043401" download-size="1381" install-size="1381" />
	<plugin fragment="true" id="org.eclipse.m2m.qvt.oml.editor.ui.nl_uk" unpack="false" version="3.5.0.v20090620043401" download-size="2919" install-size="2919" />
	<plugin fragment="true" id="org.eclipse.m2m.qvt.oml.emf.util.nl_uk" unpack="false" version="3.5.0.v20090620043401" download-size="1375" install-size="1375" />
	<plugin fragment="true" id="org.eclipse.m2m.qvt.oml.emf.util.ui.nl_uk" unpack="false" version="3.5.0.v20090620043401" download-size="1376" install-size="1376" />
	<plugin fragment="true" id="org.eclipse.m2m.qvt.oml.examples.blackbox.nl_uk" unpack="false" version="3.5.0.v20090620043401" download-size="1381" install-size="1381" />
	<plugin fragment="true" id="org.eclipse.m2m.qvt.oml.examples.omg.nl_uk" unpack="false" version="3.5.0.v20090620043401" download-size="1378" install-size="1378" />
	<plugin fragment="true" id="org.eclipse.m2m.qvt.oml.nl_uk" unpack="false" version="3.5.0.v20090620043401" download-size="1370" install-size="1370" />
	<plugin fragment="true" id="org.eclipse.m2m.qvt.oml.ocl.nl_uk" unpack="false" version="3.5.0.v20090620043401" download-size="1372" install-size="1372" />
	<plugin fragment="true" id="org.eclipse.m2m.qvt.oml.project.nl_uk" unpack="false" version="3.5.0.v20090620043401" download-size="1374" install-size="1374" />
	<plugin fragment="true" id="org.eclipse.m2m.qvt.oml.runtime.nl_uk" unpack="false" version="3.5.0.v20090620043401" download-size="1374" install-size="1374" />
	<plugin fragment="true" id="org.eclipse.m2m.qvt.oml.runtime.ui.nl_uk" unpack="false" version="3.5.0.v20090620043401" download-size="4110" install-size="4110" />
	<plugin fragment="true" id="org.eclipse.m2m.qvt.oml.samples.nl_uk" unpack="false" version="3.5.0.v20090620043401" download-size="3109" install-size="3109" />
	<plugin fragment="true" id="org.eclipse.m2m.qvt.oml.trace.edit.nl_uk" unpack="false" version="3.5.0.v20090620043401" download-size="1764" install-size="1764" />
	<plugin fragment="true" id="org.eclipse.m2m.qvt.oml.ui.nl_uk" unpack="false" version="3.5.0.v20090620043401" download-size="3401" install-size="3401" />
	<plugin fragment="true" id="org.eclipse.m2m.tests.qvt.oml.nl_uk" unpack="false" version="3.5.0.v20090620043401" download-size="1373" install-size="1373" />
	<plugin fragment="true" id="org.eclipse.m2m.tests.qvt.oml.ui.nl_uk" unpack="false" version="3.5.0.v20090620043401" download-size="1374" install-size="1374" />
</feature>