<?xml version="1.0" encoding="UTF-8" ?>
<feature
	id="org.eclipse.babel.nls_birt_it"
	label="Babel Language Pack for birt in Italian (21.6%)"
	image="eclipse_update_120.jpg"
	provider-name="%providerName"
	version="3.5.0.v20090620043401">
	<copyright>
		%copyright
	</copyright>
	<license url="%licenseURL">
		%license
	</license>
	<description>Babel Language Pack for birt in Italian</description>
	<plugin fragment="true" id="com.lowagie.itext.nl_it" unpack="false" version="3.5.0.v20090620043401" download-size="1475" install-size="1475" />
	<plugin fragment="true" id="org.apache.derby.core.nl_it" unpack="false" version="3.5.0.v20090620043401" download-size="1477" install-size="1477" />
	<plugin fragment="true" id="org.eclipse.birt.chart.cshelp.nl_it" unpack="false" version="3.5.0.v20090620043401" download-size="1492" install-size="1492" />
	<plugin fragment="true" id="org.eclipse.birt.chart.device.extension.nl_it" unpack="false" version="3.5.0.v20090620043401" download-size="2689" install-size="2689" />
	<plugin fragment="true" id="org.eclipse.birt.chart.device.swt.nl_it" unpack="false" version="3.5.0.v20090620043401" download-size="2325" install-size="2325" />
	<plugin fragment="true" id="org.eclipse.birt.chart.engine.extension.nl_it" unpack="false" version="3.5.0.v20090620043401" download-size="2946" install-size="2946" />
	<plugin fragment="true" id="org.eclipse.birt.chart.engine.nl_it" unpack="false" version="3.5.0.v20090620043401" download-size="2950" install-size="2950" />
	<plugin fragment="true" id="org.eclipse.birt.chart.examples.nl_it" unpack="false" version="3.5.0.v20090620043401" download-size="2605" install-size="2605" />
	<plugin fragment="true" id="org.eclipse.birt.chart.integration.wtp.ui.nl_it" unpack="false" version="3.5.0.v20090620043401" download-size="3264" install-size="3264" />
	<plugin fragment="true" id="org.eclipse.birt.chart.nl_it" unpack="false" version="3.5.0.v20090620043401" download-size="1477" install-size="1477" />
	<plugin fragment="true" id="org.eclipse.birt.chart.reportitem.nl_it" unpack="false" version="3.5.0.v20090620043401" download-size="2456" install-size="2456" />
	<plugin fragment="true" id="org.eclipse.birt.chart.reportitem.ui.nl_it" unpack="false" version="3.5.0.v20090620043401" download-size="2999" install-size="2999" />
	<plugin fragment="true" id="org.eclipse.birt.chart.runtime.nl_it" unpack="false" version="3.5.0.v20090620043401" download-size="1477" install-size="1477" />
	<plugin fragment="true" id="org.eclipse.birt.chart.ui.extension.nl_it" unpack="false" version="3.5.0.v20090620043401" download-size="4459" install-size="4459" />
	<plugin fragment="true" id="org.eclipse.birt.chart.ui.nl_it" unpack="false" version="3.5.0.v20090620043401" download-size="3982" install-size="3982" />
	<plugin fragment="true" id="org.eclipse.birt.core.nl_it" unpack="false" version="3.5.0.v20090620043401" download-size="2208" install-size="2208" />
	<plugin fragment="true" id="org.eclipse.birt.core.script.function.nl_it" unpack="false" version="3.5.0.v20090620043401" download-size="1399" install-size="1399" />
	<plugin fragment="true" id="org.eclipse.birt.core.tests.nl_it" unpack="false" version="3.5.0.v20090620043401" download-size="2164" install-size="2164" />
	<plugin fragment="true" id="org.eclipse.birt.core.ui.nl_it" unpack="false" version="3.5.0.v20090620043401" download-size="2812" install-size="2812" />
	<plugin fragment="true" id="org.eclipse.birt.cshelp.nl_it" unpack="false" version="3.5.0.v20090620043401" download-size="1483" install-size="1483" />
	<plugin fragment="true" id="org.eclipse.birt.data.aggregation.nl_it" unpack="false" version="3.5.0.v20090620043401" download-size="2339" install-size="2339" />
	<plugin fragment="true" id="org.eclipse.birt.data.nl_it" unpack="false" version="3.5.0.v20090620043401" download-size="2407" install-size="2407" />
	<plugin fragment="true" id="org.eclipse.birt.data.tests.nl_it" unpack="false" version="3.5.0.v20090620043401" download-size="2577" install-size="2577" />
	<plugin fragment="true" id="org.eclipse.birt.doc.isv.nl_it" unpack="false" version="3.5.0.v20090620043401" download-size="1480" install-size="1480" />
	<plugin fragment="true" id="org.eclipse.birt.doc.nl_it" unpack="false" version="3.5.0.v20090620043401" download-size="1470" install-size="1470" />
	<plugin fragment="true" id="org.eclipse.birt.example.nl_it" unpack="false" version="3.5.0.v20090620043401" download-size="1471" install-size="1471" />
	<plugin fragment="true" id="org.eclipse.birt.integration.wtp.ui.nl_it" unpack="false" version="3.5.0.v20090620043401" download-size="3781" install-size="3781" />
	<plugin fragment="true" id="org.eclipse.birt.nl_it" unpack="false" version="3.5.0.v20090620043401" download-size="1733" install-size="1733" />
	<plugin fragment="true" id="org.eclipse.birt.report.data.adapter.nl_it" unpack="false" version="3.5.0.v20090620043401" download-size="2339" install-size="2339" />
	<plugin fragment="true" id="org.eclipse.birt.report.data.oda.jdbc.dbprofile.nl_it" unpack="false" version="3.5.0.v20090620043401" download-size="1512" install-size="1512" />
	<plugin fragment="true" id="org.eclipse.birt.report.data.oda.jdbc.dbprofile.sampledb.nl_it" unpack="false" version="3.5.0.v20090620043401" download-size="3015" install-size="3015" />
	<plugin fragment="true" id="org.eclipse.birt.report.data.oda.jdbc.dbprofile.ui.nl_it" unpack="false" version="3.5.0.v20090620043401" download-size="2965" install-size="2965" />
	<plugin fragment="true" id="org.eclipse.birt.report.data.oda.jdbc.nl_it" unpack="false" version="3.5.0.v20090620043401" download-size="1423" install-size="1423" />
	<plugin fragment="true" id="org.eclipse.birt.report.data.oda.jdbc.ui.nl_it" unpack="false" version="3.5.0.v20090620043401" download-size="3476" install-size="3476" />
	<plugin fragment="true" id="org.eclipse.birt.report.data.oda.sampledb.nl_it" unpack="false" version="3.5.0.v20090620043401" download-size="1384" install-size="1384" />
	<plugin fragment="true" id="org.eclipse.birt.report.data.oda.sampledb.ui.nl_it" unpack="false" version="3.5.0.v20090620043401" download-size="1385" install-size="1385" />
	<plugin fragment="true" id="org.eclipse.birt.report.debug.core.nl_it" unpack="false" version="3.5.0.v20090620043401" download-size="1500" install-size="1500" />
	<plugin fragment="true" id="org.eclipse.birt.report.debug.ui.nl_it" unpack="false" version="3.5.0.v20090620043401" download-size="2802" install-size="2802" />
	<plugin fragment="true" id="org.eclipse.birt.report.designer.core.nl_it" unpack="false" version="3.5.0.v20090620043401" download-size="10252" install-size="10252" />
	<plugin fragment="true" id="org.eclipse.birt.report.designer.nl_it" unpack="false" version="3.5.0.v20090620043401" download-size="1482" install-size="1482" />
	<plugin fragment="true" id="org.eclipse.birt.report.designer.tests.nl_it" unpack="false" version="3.5.0.v20090620043401" download-size="2761" install-size="2761" />
	<plugin fragment="true" id="org.eclipse.birt.report.designer.ui.cubebuilder.nl_it" unpack="false" version="3.5.0.v20090620043401" download-size="3024" install-size="3024" />
	<plugin fragment="true" id="org.eclipse.birt.report.designer.ui.editor.script.nl_it" unpack="false" version="3.5.0.v20090620043401" download-size="1412" install-size="1412" />
	<plugin fragment="true" id="org.eclipse.birt.report.designer.ui.editor.xml.wtp.nl_it" unpack="false" version="3.5.0.v20090620043401" download-size="1764" install-size="1764" />
	<plugin fragment="true" id="org.eclipse.birt.report.designer.ui.editors.nl_it" unpack="false" version="3.5.0.v20090620043401" download-size="1426" install-size="1426" />
	<plugin fragment="true" id="org.eclipse.birt.report.designer.ui.editors.schematic.nl_it" unpack="false" version="3.5.0.v20090620043401" download-size="1500" install-size="1500" />
	<plugin fragment="true" id="org.eclipse.birt.report.designer.ui.ide.nl_it" unpack="false" version="3.5.0.v20090620043401" download-size="1708" install-size="1708" />
	<plugin fragment="true" id="org.eclipse.birt.report.designer.ui.lib.explorer.nl_it" unpack="false" version="3.5.0.v20090620043401" download-size="1388" install-size="1388" />
	<plugin fragment="true" id="org.eclipse.birt.report.designer.ui.lib.nl_it" unpack="false" version="3.5.0.v20090620043401" download-size="1574" install-size="1574" />
	<plugin fragment="true" id="org.eclipse.birt.report.designer.ui.nl_it" unpack="false" version="3.5.0.v20090620043401" download-size="1781" install-size="1781" />
	<plugin fragment="true" id="org.eclipse.birt.report.designer.ui.preview.nl_it" unpack="false" version="3.5.0.v20090620043401" download-size="1530" install-size="1530" />
	<plugin fragment="true" id="org.eclipse.birt.report.designer.ui.preview.web.nl_it" unpack="false" version="3.5.0.v20090620043401" download-size="1548" install-size="1548" />
	<plugin fragment="true" id="org.eclipse.birt.report.designer.ui.rcp.nl_it" unpack="false" version="3.5.0.v20090620043401" download-size="3283" install-size="3283" />
	<plugin fragment="true" id="org.eclipse.birt.report.designer.ui.samples.ide.nl_it" unpack="false" version="3.5.0.v20090620043401" download-size="3277" install-size="3277" />
	<plugin fragment="true" id="org.eclipse.birt.report.designer.ui.samplesview.nl_it" unpack="false" version="3.5.0.v20090620043401" download-size="1393" install-size="1393" />
	<plugin fragment="true" id="org.eclipse.birt.report.designer.ui.views.nl_it" unpack="false" version="3.5.0.v20090620043401" download-size="1440" install-size="1440" />
	<plugin fragment="true" id="org.eclipse.birt.report.engine.dataextraction.csv.nl_it" unpack="false" version="3.5.0.v20090620043401" download-size="1391" install-size="1391" />
	<plugin fragment="true" id="org.eclipse.birt.report.engine.emitter.config.html.nl_it" unpack="false" version="3.5.0.v20090620043401" download-size="2785" install-size="2785" />
	<plugin fragment="true" id="org.eclipse.birt.report.engine.emitter.config.pdf.nl_it" unpack="false" version="3.5.0.v20090620043401" download-size="2742" install-size="2742" />
	<plugin fragment="true" id="org.eclipse.birt.report.engine.emitter.config.postscript.nl_it" unpack="false" version="3.5.0.v20090620043401" download-size="2797" install-size="2797" />
	<plugin fragment="true" id="org.eclipse.birt.report.engine.nl_it" unpack="false" version="3.5.0.v20090620043401" download-size="2143" install-size="2143" />
	<plugin fragment="true" id="org.eclipse.birt.report.item.crosstab.core.nl_it" unpack="false" version="3.5.0.v20090620043401" download-size="2891" install-size="2891" />
	<plugin fragment="true" id="org.eclipse.birt.report.item.crosstab.ui.nl_it" unpack="false" version="3.5.0.v20090620043401" download-size="3946" install-size="3946" />
	<plugin fragment="true" id="org.eclipse.birt.report.model.nl_it" unpack="false" version="3.5.0.v20090620043401" download-size="5786" install-size="5786" />
	<plugin fragment="true" id="org.eclipse.birt.report.model.tests.nl_it" unpack="false" version="3.5.0.v20090620043401" download-size="2313" install-size="2313" />
	<plugin fragment="true" id="org.eclipse.birt.report.runtime.nl_it" unpack="false" version="3.5.0.v20090620043401" download-size="1479" install-size="1479" />
	<plugin fragment="true" id="org.eclipse.birt.report.viewer.nl_it" unpack="false" version="3.5.0.v20090620043401" download-size="6160" install-size="6160" />
	<plugin fragment="true" id="org.eclipse.birt.resources.nl_it" unpack="false" version="3.5.0.v20090620043401" download-size="1394" install-size="1394" />
	<plugin fragment="true" id="org.eclipse.birt.sdk.nl_it" unpack="false" version="3.5.0.v20090620043401" download-size="1492" install-size="1492" />
	<plugin fragment="true" id="org.eclipse.birt.tests.data.nl_it" unpack="false" version="3.5.0.v20090620043401" download-size="1384" install-size="1384" />
	<plugin fragment="true" id="org.mozilla.rhino.nl_it" unpack="false" version="3.5.0.v20090620043401" download-size="1471" install-size="1471" />
	<plugin fragment="true" id="org.w3c.sac.nl_it" unpack="false" version="3.5.0.v20090620043401" download-size="1451" install-size="1451" />
</feature>