<?xml version="1.0" encoding="UTF-8" ?>
<feature
	id="org.eclipse.babel.nls_modeling.emft_zh"
	label="Babel Language Pack for modeling.emft in Chinese (Simplified) (27.11%)"
	image="eclipse_update_120.jpg"
	provider-name="%providerName"
	version="3.5.0.v20090620043401">
	<copyright>
		%copyright
	</copyright>
	<license url="%licenseURL">
		%license
	</license>
	<description>Babel Language Pack for modeling.emft in Chinese (Simplified)</description>
	<plugin fragment="true" id="org.eclipse.emf.compare.diff.edit.nl_zh" unpack="false" version="3.5.0.v20090620043401" download-size="1886" install-size="1886" />
	<plugin fragment="true" id="org.eclipse.emf.compare.diff.nl_zh" unpack="false" version="3.5.0.v20090620043401" download-size="1381" install-size="1381" />
	<plugin fragment="true" id="org.eclipse.emf.compare.epatch.nl_zh" unpack="false" version="3.5.0.v20090620043401" download-size="1383" install-size="1383" />
	<plugin fragment="true" id="org.eclipse.emf.compare.match.nl_zh" unpack="false" version="3.5.0.v20090620043401" download-size="1730" install-size="1730" />
	<plugin fragment="true" id="org.eclipse.emf.compare.nl_zh" unpack="false" version="3.5.0.v20090620043401" download-size="1378" install-size="1378" />
	<plugin fragment="true" id="org.eclipse.emf.compare.tests.nl_zh" unpack="false" version="3.5.0.v20090620043401" download-size="1382" install-size="1382" />
	<plugin fragment="true" id="org.eclipse.emf.compare.ui.nl_zh" unpack="false" version="3.5.0.v20090620043401" download-size="3789" install-size="3789" />
	<plugin fragment="true" id="org.eclipse.emf.mwe.activities.nl_zh" unpack="false" version="3.5.0.v20090620043401" download-size="1382" install-size="1382" />
	<plugin fragment="true" id="org.eclipse.emf.mwe.core.nl_zh" unpack="false" version="3.5.0.v20090620043401" download-size="1606" install-size="1606" />
	<plugin fragment="true" id="org.eclipse.emf.mwe.doc.nl_zh" unpack="false" version="3.5.0.v20090620043401" download-size="1632" install-size="1632" />
	<plugin fragment="true" id="org.eclipse.emf.mwe.examples.nl_zh" unpack="false" version="3.5.0.v20090620043401" download-size="1382" install-size="1382" />
	<plugin fragment="true" id="org.eclipse.emf.mwe.tests.nl_zh" unpack="false" version="3.5.0.v20090620043401" download-size="1587" install-size="1587" />
	<plugin fragment="true" id="org.eclipse.emf.mwe.ui.editor.nl_zh" unpack="false" version="3.5.0.v20090620043401" download-size="2646" install-size="2646" />
	<plugin fragment="true" id="org.eclipse.emf.mwe.ui.nl_zh" unpack="false" version="3.5.0.v20090620043401" download-size="2486" install-size="2486" />
	<plugin fragment="true" id="org.eclipse.emf.mwe.ui.simpleEditor.nl_zh" unpack="false" version="3.5.0.v20090620043401" download-size="1385" install-size="1385" />
	<plugin fragment="true" id="org.eclipse.emf.mwe.utils.nl_zh" unpack="false" version="3.5.0.v20090620043401" download-size="1378" install-size="1378" />
</feature>