<?xml version="1.0" encoding="UTF-8" ?>
<feature
	id="org.eclipse.babel.nls_webtools.servertools_ar"
	label="Babel Language Pack for webtools.servertools in Arabic (72%)"
	image="eclipse_update_120.jpg"
	provider-name="%providerName"
	version="3.5.0.v20090620043401">
	<copyright>
		%copyright
	</copyright>
	<license url="%licenseURL">
		%license
	</license>
	<description>Babel Language Pack for webtools.servertools in Arabic</description>
	<plugin fragment="true" id="org.apache.cactus.nl_ar" unpack="false" version="3.5.0.v20090620043401" download-size="1369" install-size="1369" />
	<plugin fragment="true" id="org.eclipse.jst.server.core.nl_ar" unpack="false" version="3.5.0.v20090620043401" download-size="3528" install-size="3528" />
	<plugin fragment="true" id="org.eclipse.jst.server.generic.core.nl_ar" unpack="false" version="3.5.0.v20090620043401" download-size="3682" install-size="3682" />
	<plugin fragment="true" id="org.eclipse.jst.server.generic.jboss.nl_ar" unpack="false" version="3.5.0.v20090620043401" download-size="1847" install-size="1847" />
	<plugin fragment="true" id="org.eclipse.jst.server.generic.jonas.nl_ar" unpack="false" version="3.5.0.v20090620043401" download-size="1883" install-size="1883" />
	<plugin fragment="true" id="org.eclipse.jst.server.generic.oc4j.nl_ar" unpack="false" version="3.5.0.v20090620043401" download-size="2021" install-size="2021" />
	<plugin fragment="true" id="org.eclipse.jst.server.generic.ui.nl_ar" unpack="false" version="3.5.0.v20090620043401" download-size="3069" install-size="3069" />
	<plugin fragment="true" id="org.eclipse.jst.server.installable.nl_ar" unpack="false" version="3.5.0.v20090620043401" download-size="1466" install-size="1466" />
	<plugin fragment="true" id="org.eclipse.jst.server.preview.adapter.nl_ar" unpack="false" version="3.5.0.v20090620043401" download-size="2886" install-size="2886" />
	<plugin fragment="true" id="org.eclipse.jst.server.tomcat.core.nl_ar" unpack="false" version="3.5.0.v20090620043401" download-size="5129" install-size="5129" />
	<plugin fragment="true" id="org.eclipse.jst.server.tomcat.ui.nl_ar" unpack="false" version="3.5.0.v20090620043401" download-size="3621" install-size="3621" />
	<plugin fragment="true" id="org.eclipse.jst.server.ui.doc.user.nl_ar" unpack="false" version="3.5.0.v20090620043401" download-size="1418" install-size="1418" />
	<plugin fragment="true" id="org.eclipse.jst.server.ui.infopop.nl_ar" unpack="false" version="3.5.0.v20090620043401" download-size="1413" install-size="1413" />
	<plugin fragment="true" id="org.eclipse.jst.server.ui.nl_ar" unpack="false" version="3.5.0.v20090620043401" download-size="2820" install-size="2820" />
	<plugin fragment="true" id="org.eclipse.jst.server.websphere.core.nl_ar" unpack="false" version="3.5.0.v20090620043401" download-size="1749" install-size="1749" />
	<plugin fragment="true" id="org.eclipse.servertools.doc.isv.nl_ar" unpack="false" version="3.5.0.v20090620043401" download-size="1372" install-size="1372" />
	<plugin fragment="true" id="org.eclipse.wst.internet.monitor.core.nl_ar" unpack="false" version="3.5.0.v20090620043401" download-size="2996" install-size="2996" />
	<plugin fragment="true" id="org.eclipse.wst.internet.monitor.ui.nl_ar" unpack="false" version="3.5.0.v20090620043401" download-size="3539" install-size="3539" />
	<plugin fragment="true" id="org.eclipse.wst.server.core.nl_ar" unpack="false" version="3.5.0.v20090620043401" download-size="4075" install-size="4075" />
	<plugin fragment="true" id="org.eclipse.wst.server.discovery.nl_ar" unpack="false" version="3.5.0.v20090620043401" download-size="2690" install-size="2690" />
	<plugin fragment="true" id="org.eclipse.wst.server.http.core.nl_ar" unpack="false" version="3.5.0.v20090620043401" download-size="2811" install-size="2811" />
	<plugin fragment="true" id="org.eclipse.wst.server.http.ui.nl_ar" unpack="false" version="3.5.0.v20090620043401" download-size="2569" install-size="2569" />
	<plugin fragment="true" id="org.eclipse.wst.server.preview.adapter.nl_ar" unpack="false" version="3.5.0.v20090620043401" download-size="3049" install-size="3049" />
	<plugin fragment="true" id="org.eclipse.wst.server.preview.nl_ar" unpack="false" version="3.5.0.v20090620043401" download-size="2887" install-size="2887" />
	<plugin fragment="true" id="org.eclipse.wst.server.ui.doc.user.nl_ar" unpack="false" version="3.5.0.v20090620043401" download-size="1393" install-size="1393" />
	<plugin fragment="true" id="org.eclipse.wst.server.ui.infopop.nl_ar" unpack="false" version="3.5.0.v20090620043401" download-size="1410" install-size="1410" />
	<plugin fragment="true" id="org.eclipse.wst.server.ui.nl_ar" unpack="false" version="3.5.0.v20090620043401" download-size="8013" install-size="8013" />
</feature>