<?xml version="1.0" encoding="UTF-8" ?>
<feature
	id="org.eclipse.babel.nls_webtools.ejbtools_ro"
	label="Babel Language Pack for webtools.ejbtools in Romanian (1.63%)"
	image="eclipse_update_120.jpg"
	provider-name="%providerName"
	version="3.5.0.v20090620043401">
	<copyright>
		%copyright
	</copyright>
	<license url="%licenseURL">
		%license
	</license>
	<description>Babel Language Pack for webtools.ejbtools in Romanian</description>
	<plugin fragment="true" id="org.eclipse.jst.ejb.ui.infopop.nl_ro" unpack="false" version="3.5.0.v20090620043401" download-size="1373" install-size="1373" />
	<plugin fragment="true" id="org.eclipse.jst.ejb.ui.nl_ro" unpack="false" version="3.5.0.v20090620043401" download-size="1590" install-size="1590" />
	<plugin fragment="true" id="org.eclipse.jst.j2ee.ejb.annotation.model.nl_ro" unpack="false" version="3.5.0.v20090620043401" download-size="1684" install-size="1684" />
	<plugin fragment="true" id="org.eclipse.jst.j2ee.ejb.annotations.emitter.nl_ro" unpack="false" version="3.5.0.v20090620043401" download-size="1384" install-size="1384" />
	<plugin fragment="true" id="org.eclipse.jst.j2ee.ejb.annotations.ui.nl_ro" unpack="false" version="3.5.0.v20090620043401" download-size="1381" install-size="1381" />
	<plugin fragment="true" id="org.eclipse.jst.j2ee.ejb.annotations.xdoclet.nl_ro" unpack="false" version="3.5.0.v20090620043401" download-size="2970" install-size="2970" />
	<plugin fragment="true" id="org.eclipse.jst.j2ee.ejb.nl_ro" unpack="false" version="3.5.0.v20090620043401" download-size="2151" install-size="2151" />
	<plugin fragment="true" id="org.eclipse.jst.jee.ejb.nl_ro" unpack="false" version="3.5.0.v20090620043401" download-size="1372" install-size="1372" />
</feature>