<?xml version="1.0" encoding="UTF-8" ?>
<feature
	id="org.eclipse.babel.nls_modeling.mdt_fr"
	label="Babel Language Pack for modeling.mdt in French (39.7%)"
	image="eclipse_update_120.jpg"
	provider-name="%providerName"
	version="3.5.0.v20090620043401">
	<copyright>
		%copyright
	</copyright>
	<license url="%licenseURL">
		%license
	</license>
	<description>Babel Language Pack for modeling.mdt in French</description>
	<plugin fragment="true" id="org.eclipse.emf.examples.library.edit.nl_fr" unpack="false" version="3.5.0.v20090620043401" download-size="2100" install-size="2100" />
	<plugin fragment="true" id="org.eclipse.emf.examples.library.editor.nl_fr" unpack="false" version="3.5.0.v20090620043401" download-size="2027" install-size="2027" />
	<plugin fragment="true" id="org.eclipse.emf.examples.library.nl_fr" unpack="false" version="3.5.0.v20090620043401" download-size="1408" install-size="1408" />
	<plugin fragment="true" id="org.eclipse.emf.ocl.doc.nl_fr" unpack="false" version="3.5.0.v20090620043401" download-size="1367" install-size="1367" />
	<plugin fragment="true" id="org.eclipse.emf.ocl.examples.interpreter.nl_fr" unpack="false" version="3.5.0.v20090620043401" download-size="2848" install-size="2848" />
	<plugin fragment="true" id="org.eclipse.emf.ocl.examples.nl_fr" unpack="false" version="3.5.0.v20090620043401" download-size="1375" install-size="1375" />
	<plugin fragment="true" id="org.eclipse.emf.ocl.nl_fr" unpack="false" version="3.5.0.v20090620043401" download-size="1369" install-size="1369" />
	<plugin fragment="true" id="org.eclipse.emf.ocl.tests.nl_fr" unpack="false" version="3.5.0.v20090620043401" download-size="1372" install-size="1372" />
	<plugin fragment="true" id="org.eclipse.ocl.doc.nl_fr" unpack="false" version="3.5.0.v20090620043401" download-size="1364" install-size="1364" />
	<plugin fragment="true" id="org.eclipse.ocl.ecore.nl_fr" unpack="false" version="3.5.0.v20090620043401" download-size="1369" install-size="1369" />
	<plugin fragment="true" id="org.eclipse.ocl.ecore.tests.nl_fr" unpack="false" version="3.5.0.v20090620043401" download-size="1373" install-size="1373" />
	<plugin fragment="true" id="org.eclipse.ocl.nl_fr" unpack="false" version="3.5.0.v20090620043401" download-size="2514" install-size="2514" />
	<plugin fragment="true" id="org.eclipse.ocl.uml.nl_fr" unpack="false" version="3.5.0.v20090620043401" download-size="1368" install-size="1368" />
	<plugin fragment="true" id="org.eclipse.ocl.uml.tests.nl_fr" unpack="false" version="3.5.0.v20090620043401" download-size="1372" install-size="1372" />
	<plugin fragment="true" id="org.eclipse.uml2.codegen.ecore.nl_fr" unpack="false" version="3.5.0.v20090620043401" download-size="1372" install-size="1372" />
	<plugin fragment="true" id="org.eclipse.uml2.codegen.ecore.ui.nl_fr" unpack="false" version="3.5.0.v20090620043401" download-size="1532" install-size="1532" />
	<plugin fragment="true" id="org.eclipse.uml2.common.edit.nl_fr" unpack="false" version="3.5.0.v20090620043401" download-size="1370" install-size="1370" />
	<plugin fragment="true" id="org.eclipse.uml2.common.nl_fr" unpack="false" version="3.5.0.v20090620043401" download-size="1367" install-size="1367" />
	<plugin fragment="true" id="org.eclipse.uml2.diagram.activity.nl_fr" unpack="false" version="3.5.0.v20090620043401" download-size="3757" install-size="3757" />
	<plugin fragment="true" id="org.eclipse.uml2.diagram.clazz.nl_fr" unpack="false" version="3.5.0.v20090620043401" download-size="4700" install-size="4700" />
	<plugin fragment="true" id="org.eclipse.uml2.diagram.clazz.tests.nl_fr" unpack="false" version="3.5.0.v20090620043401" download-size="1376" install-size="1376" />
	<plugin fragment="true" id="org.eclipse.uml2.diagram.codegen.edit.nl_fr" unpack="false" version="3.5.0.v20090620043401" download-size="1731" install-size="1731" />
	<plugin fragment="true" id="org.eclipse.uml2.diagram.codegen.nl_fr" unpack="false" version="3.5.0.v20090620043401" download-size="1372" install-size="1372" />
	<plugin fragment="true" id="org.eclipse.uml2.diagram.common.nl_fr" unpack="false" version="3.5.0.v20090620043401" download-size="2151" install-size="2151" />
	<plugin fragment="true" id="org.eclipse.uml2.diagram.common.notation.nl_fr" unpack="false" version="3.5.0.v20090620043401" download-size="1377" install-size="1377" />
	<plugin fragment="true" id="org.eclipse.uml2.diagram.common.tests.nl_fr" unpack="false" version="3.5.0.v20090620043401" download-size="1376" install-size="1376" />
	<plugin fragment="true" id="org.eclipse.uml2.diagram.component.nl_fr" unpack="false" version="3.5.0.v20090620043401" download-size="3499" install-size="3499" />
	<plugin fragment="true" id="org.eclipse.uml2.diagram.csd.nl_fr" unpack="false" version="3.5.0.v20090620043401" download-size="3411" install-size="3411" />
	<plugin fragment="true" id="org.eclipse.uml2.diagram.def.nl_fr" unpack="false" version="3.5.0.v20090620043401" download-size="1371" install-size="1371" />
	<plugin fragment="true" id="org.eclipse.uml2.diagram.deploy.nl_fr" unpack="false" version="3.5.0.v20090620043401" download-size="3063" install-size="3063" />
	<plugin fragment="true" id="org.eclipse.uml2.diagram.examples.activity.nl_fr" unpack="false" version="3.5.0.v20090620043401" download-size="1379" install-size="1379" />
	<plugin fragment="true" id="org.eclipse.uml2.diagram.examples.clazz.nl_fr" unpack="false" version="3.5.0.v20090620043401" download-size="1378" install-size="1378" />
	<plugin fragment="true" id="org.eclipse.uml2.diagram.examples.profile.nl_fr" unpack="false" version="3.5.0.v20090620043401" download-size="1378" install-size="1378" />
	<plugin fragment="true" id="org.eclipse.uml2.diagram.examples.statemachine.nl_fr" unpack="false" version="3.5.0.v20090620043401" download-size="1382" install-size="1382" />
	<plugin fragment="true" id="org.eclipse.uml2.diagram.nl_fr" unpack="false" version="3.5.0.v20090620043401" download-size="1368" install-size="1368" />
	<plugin fragment="true" id="org.eclipse.uml2.diagram.parser.nl_fr" unpack="false" version="3.5.0.v20090620043401" download-size="1372" install-size="1372" />
	<plugin fragment="true" id="org.eclipse.uml2.diagram.profile.nl_fr" unpack="false" version="3.5.0.v20090620043401" download-size="3212" install-size="3212" />
	<plugin fragment="true" id="org.eclipse.uml2.diagram.profile.tests.nl_fr" unpack="false" version="3.5.0.v20090620043401" download-size="1377" install-size="1377" />
	<plugin fragment="true" id="org.eclipse.uml2.diagram.sequence.model.nl_fr" unpack="false" version="3.5.0.v20090620043401" download-size="1378" install-size="1378" />
	<plugin fragment="true" id="org.eclipse.uml2.diagram.sequence.nl_fr" unpack="false" version="3.5.0.v20090620043401" download-size="2455" install-size="2455" />
	<plugin fragment="true" id="org.eclipse.uml2.diagram.sequence.tests.nl_fr" unpack="false" version="3.5.0.v20090620043401" download-size="1377" install-size="1377" />
	<plugin fragment="true" id="org.eclipse.uml2.diagram.statemachine.nl_fr" unpack="false" version="3.5.0.v20090620043401" download-size="2611" install-size="2611" />
	<plugin fragment="true" id="org.eclipse.uml2.diagram.statemachine.tests.nl_fr" unpack="false" version="3.5.0.v20090620043401" download-size="1379" install-size="1379" />
	<plugin fragment="true" id="org.eclipse.uml2.diagram.usecase.nl_fr" unpack="false" version="3.5.0.v20090620043401" download-size="3053" install-size="3053" />
	<plugin fragment="true" id="org.eclipse.uml2.doc.nl_fr" unpack="false" version="3.5.0.v20090620043401" download-size="1365" install-size="1365" />
	<plugin fragment="true" id="org.eclipse.uml2.examples.nl_fr" unpack="false" version="3.5.0.v20090620043401" download-size="1368" install-size="1368" />
	<plugin fragment="true" id="org.eclipse.uml2.examples.uml.ui.nl_fr" unpack="false" version="3.5.0.v20090620043401" download-size="1442" install-size="1442" />
	<plugin fragment="true" id="org.eclipse.uml2.nl_fr" unpack="false" version="3.5.0.v20090620043401" download-size="1363" install-size="1363" />
	<plugin fragment="true" id="org.eclipse.uml2.tests.nl_fr" unpack="false" version="3.5.0.v20090620043401" download-size="1366" install-size="1366" />
	<plugin fragment="true" id="org.eclipse.uml2.uml.ecore.importer.nl_fr" unpack="false" version="3.5.0.v20090620043401" download-size="1373" install-size="1373" />
	<plugin fragment="true" id="org.eclipse.uml2.uml.edit.nl_fr" unpack="false" version="3.5.0.v20090620043401" download-size="4617" install-size="4617" />
	<plugin fragment="true" id="org.eclipse.uml2.uml.editor.nl_fr" unpack="false" version="3.5.0.v20090620043401" download-size="2116" install-size="2116" />
	<plugin fragment="true" id="org.eclipse.uml2.uml.nl_fr" unpack="false" version="3.5.0.v20090620043401" download-size="1439" install-size="1439" />
	<plugin fragment="true" id="org.eclipse.uml2.uml.resources.nl_fr" unpack="false" version="3.5.0.v20090620043401" download-size="10076" install-size="10076" />
	<plugin fragment="true" id="org.eclipse.uml2.uml.tests.nl_fr" unpack="false" version="3.5.0.v20090620043401" download-size="1368" install-size="1368" />
	<plugin fragment="true" id="org.eclipse.uml2tools.doc.nl_fr" unpack="false" version="3.5.0.v20090620043401" download-size="1368" install-size="1368" />
	<plugin fragment="true" id="org.eclipse.uml2tools.nl_fr" unpack="false" version="3.5.0.v20090620043401" download-size="1366" install-size="1366" />
</feature>