<?xml version="1.0" encoding="UTF-8" ?>
<feature
	id="org.eclipse.babel.nls_birt_ro"
	label="Babel Language Pack for birt in Romanian (2.93%)"
	image="eclipse_update_120.jpg"
	provider-name="%providerName"
	version="3.5.0.v20090620043401">
	<copyright>
		%copyright
	</copyright>
	<license url="%licenseURL">
		%license
	</license>
	<description>Babel Language Pack for birt in Romanian</description>
	<plugin fragment="true" id="org.eclipse.birt.chart.engine.extension.nl_ro" unpack="false" version="3.5.0.v20090620043401" download-size="2342" install-size="2342" />
	<plugin fragment="true" id="org.eclipse.birt.chart.engine.nl_ro" unpack="false" version="3.5.0.v20090620043401" download-size="2350" install-size="2350" />
	<plugin fragment="true" id="org.eclipse.birt.chart.examples.nl_ro" unpack="false" version="3.5.0.v20090620043401" download-size="2351" install-size="2351" />
	<plugin fragment="true" id="org.eclipse.birt.chart.reportitem.nl_ro" unpack="false" version="3.5.0.v20090620043401" download-size="2164" install-size="2164" />
	<plugin fragment="true" id="org.eclipse.birt.chart.reportitem.ui.nl_ro" unpack="false" version="3.5.0.v20090620043401" download-size="2360" install-size="2360" />
	<plugin fragment="true" id="org.eclipse.birt.chart.ui.extension.nl_ro" unpack="false" version="3.5.0.v20090620043401" download-size="2659" install-size="2659" />
	<plugin fragment="true" id="org.eclipse.birt.chart.ui.nl_ro" unpack="false" version="3.5.0.v20090620043401" download-size="2166" install-size="2166" />
	<plugin fragment="true" id="org.eclipse.birt.report.data.oda.jdbc.ui.nl_ro" unpack="false" version="3.5.0.v20090620043401" download-size="2748" install-size="2748" />
	<plugin fragment="true" id="org.eclipse.birt.report.debug.ui.nl_ro" unpack="false" version="3.5.0.v20090620043401" download-size="2307" install-size="2307" />
	<plugin fragment="true" id="org.eclipse.birt.report.designer.core.nl_ro" unpack="false" version="3.5.0.v20090620043401" download-size="4176" install-size="4176" />
	<plugin fragment="true" id="org.eclipse.birt.report.designer.ui.cubebuilder.nl_ro" unpack="false" version="3.5.0.v20090620043401" download-size="2776" install-size="2776" />
	<plugin fragment="true" id="org.eclipse.birt.report.designer.ui.nl_ro" unpack="false" version="3.5.0.v20090620043401" download-size="1385" install-size="1385" />
	<plugin fragment="true" id="org.eclipse.birt.report.designer.ui.rcp.nl_ro" unpack="false" version="3.5.0.v20090620043401" download-size="2653" install-size="2653" />
	<plugin fragment="true" id="org.eclipse.birt.report.designer.ui.samples.ide.nl_ro" unpack="false" version="3.5.0.v20090620043401" download-size="2663" install-size="2663" />
	<plugin fragment="true" id="org.eclipse.birt.report.engine.nl_ro" unpack="false" version="3.5.0.v20090620043401" download-size="2148" install-size="2148" />
	<plugin fragment="true" id="org.eclipse.birt.report.item.crosstab.ui.nl_ro" unpack="false" version="3.5.0.v20090620043401" download-size="2950" install-size="2950" />
	<plugin fragment="true" id="org.eclipse.birt.report.model.nl_ro" unpack="false" version="3.5.0.v20090620043401" download-size="2574" install-size="2574" />
	<plugin fragment="true" id="org.eclipse.birt.report.viewer.nl_ro" unpack="false" version="3.5.0.v20090620043401" download-size="2281" install-size="2281" />
</feature>