<?xml version="1.0" encoding="UTF-8" ?>
<feature
	id="org.eclipse.babel.nls_webtools.common_nl"
	label="Babel Language Pack for webtools.common in Dutch (48.31%)"
	image="eclipse_update_120.jpg"
	provider-name="%providerName"
	version="3.5.0.v20090620043401">
	<copyright>
		%copyright
	</copyright>
	<license url="%licenseURL">
		%license
	</license>
	<description>Babel Language Pack for webtools.common in Dutch</description>
	<plugin fragment="true" id="org.eclipse.jem.util.nl_nl" unpack="false" version="3.5.0.v20090620043401" download-size="1837" install-size="1837" />
	<plugin fragment="true" id="org.eclipse.jst.common.annotations.controller.nl_nl" unpack="false" version="3.5.0.v20090620043401" download-size="1979" install-size="1979" />
	<plugin fragment="true" id="org.eclipse.jst.common.annotations.core.nl_nl" unpack="false" version="3.5.0.v20090620043401" download-size="1772" install-size="1772" />
	<plugin fragment="true" id="org.eclipse.jst.common.annotations.ui.nl_nl" unpack="false" version="3.5.0.v20090620043401" download-size="1705" install-size="1705" />
	<plugin fragment="true" id="org.eclipse.jst.common.fproj.enablement.jdt.sdk.nl_nl" unpack="false" version="3.5.0.v20090620043401" download-size="1381" install-size="1381" />
	<plugin fragment="true" id="org.eclipse.jst.common.frameworks.nl_nl" unpack="false" version="3.5.0.v20090620043401" download-size="1392" install-size="1392" />
	<plugin fragment="true" id="org.eclipse.jst.common.project.facet.core.nl_nl" unpack="false" version="3.5.0.v20090620043401" download-size="4140" install-size="4140" />
	<plugin fragment="true" id="org.eclipse.jst.common.project.facet.ui.nl_nl" unpack="false" version="3.5.0.v20090620043401" download-size="5158" install-size="5158" />
	<plugin fragment="true" id="org.eclipse.perfmsr.core.stub.nl_nl" unpack="false" version="3.5.0.v20090620043401" download-size="1376" install-size="1376" />
	<plugin fragment="true" id="org.eclipse.wst.common.api.doc.nl_nl" unpack="false" version="3.5.0.v20090620043401" download-size="1962" install-size="1962" />
	<plugin fragment="true" id="org.eclipse.wst.common.core.nl_nl" unpack="false" version="3.5.0.v20090620043401" download-size="2614" install-size="2614" />
	<plugin fragment="true" id="org.eclipse.wst.common.emf.nl_nl" unpack="false" version="3.5.0.v20090620043401" download-size="2023" install-size="2023" />
	<plugin fragment="true" id="org.eclipse.wst.common.emfworkbench.integration.nl_nl" unpack="false" version="3.5.0.v20090620043401" download-size="2721" install-size="2721" />
	<plugin fragment="true" id="org.eclipse.wst.common.environment.nl_nl" unpack="false" version="3.5.0.v20090620043401" download-size="3090" install-size="3090" />
	<plugin fragment="true" id="org.eclipse.wst.common.fproj.sdk.nl_nl" unpack="false" version="3.5.0.v20090620043401" download-size="1373" install-size="1373" />
	<plugin fragment="true" id="org.eclipse.wst.common.frameworks.nl_nl" unpack="false" version="3.5.0.v20090620043401" download-size="2713" install-size="2713" />
	<plugin fragment="true" id="org.eclipse.wst.common.frameworks.ui.nl_nl" unpack="false" version="3.5.0.v20090620043401" download-size="4216" install-size="4216" />
	<plugin fragment="true" id="org.eclipse.wst.common.infopop.nl_nl" unpack="false" version="3.5.0.v20090620043401" download-size="1398" install-size="1398" />
	<plugin fragment="true" id="org.eclipse.wst.common.modulecore.nl_nl" unpack="false" version="3.5.0.v20090620043401" download-size="2205" install-size="2205" />
	<plugin fragment="true" id="org.eclipse.wst.common.project.facet.core.nl_nl" unpack="false" version="3.5.0.v20090620043401" download-size="8739" install-size="8739" />
	<plugin fragment="true" id="org.eclipse.wst.common.project.facet.doc.api.nl_nl" unpack="false" version="3.5.0.v20090620043401" download-size="1378" install-size="1378" />
	<plugin fragment="true" id="org.eclipse.wst.common.project.facet.ui.nl_nl" unpack="false" version="3.5.0.v20090620043401" download-size="7510" install-size="7510" />
	<plugin fragment="true" id="org.eclipse.wst.common.snippets.nl_nl" unpack="false" version="3.5.0.v20090620043401" download-size="3320" install-size="3320" />
	<plugin fragment="true" id="org.eclipse.wst.common.ui.nl_nl" unpack="false" version="3.5.0.v20090620043401" download-size="5027" install-size="5027" />
	<plugin fragment="true" id="org.eclipse.wst.common.ui.properties.nl_nl" unpack="false" version="3.5.0.v20090620043401" download-size="3307" install-size="3307" />
	<plugin fragment="true" id="org.eclipse.wst.common.uriresolver.nl_nl" unpack="false" version="3.5.0.v20090620043401" download-size="1423" install-size="1423" />
	<plugin fragment="true" id="org.eclipse.wst.internet.cache.nl_nl" unpack="false" version="3.5.0.v20090620043401" download-size="3102" install-size="3102" />
	<plugin fragment="true" id="org.eclipse.wst.validation.doc.isv.nl_nl" unpack="false" version="3.5.0.v20090620043401" download-size="1954" install-size="1954" />
	<plugin fragment="true" id="org.eclipse.wst.validation.infopop.nl_nl" unpack="false" version="3.5.0.v20090620043401" download-size="1407" install-size="1407" />
	<plugin fragment="true" id="org.eclipse.wst.validation.nl_nl" unpack="false" version="3.5.0.v20090620043401" download-size="4704" install-size="4704" />
	<plugin fragment="true" id="org.eclipse.wst.validation.ui.nl_nl" unpack="false" version="3.5.0.v20090620043401" download-size="3684" install-size="3684" />
</feature>