<?xml version="1.0" encoding="UTF-8" ?>
<feature
	id="org.eclipse.babel.nls_webtools.webservices_en_AA"
	label="Babel Language Pack for webtools.webservices in Pseudo Translations (100%)"
	image="eclipse_update_120.jpg"
	provider-name="%providerName"
	version="3.5.0.v20090620043401">
	<copyright>
		%copyright
	</copyright>
	<license url="%licenseURL">
		%license
	</license>
	<description>Babel Language Pack for webtools.webservices in Pseudo Translations</description>
	<plugin fragment="true" id="org.eclipse.jst.ws.axis.consumption.core.nl_en_AA" unpack="false" version="3.5.0.v20090620043401" download-size="5043" install-size="5043" />
	<plugin fragment="true" id="org.eclipse.jst.ws.axis.consumption.ui.nl_en_AA" unpack="false" version="3.5.0.v20090620043401" download-size="4751" install-size="4751" />
	<plugin fragment="true" id="org.eclipse.jst.ws.axis.creation.ui.nl_en_AA" unpack="false" version="3.5.0.v20090620043401" download-size="4100" install-size="4100" />
	<plugin fragment="true" id="org.eclipse.jst.ws.axis2.consumption.core.nl_en_AA" unpack="false" version="3.5.0.v20090620043401" download-size="3411" install-size="3411" />
	<plugin fragment="true" id="org.eclipse.jst.ws.axis2.consumption.ui.nl_en_AA" unpack="false" version="3.5.0.v20090620043401" download-size="1577" install-size="1577" />
	<plugin fragment="true" id="org.eclipse.jst.ws.axis2.core.nl_en_AA" unpack="false" version="3.5.0.v20090620043401" download-size="3761" install-size="3761" />
	<plugin fragment="true" id="org.eclipse.jst.ws.axis2.creation.core.nl_en_AA" unpack="false" version="3.5.0.v20090620043401" download-size="3432" install-size="3432" />
	<plugin fragment="true" id="org.eclipse.jst.ws.axis2.creation.ui.nl_en_AA" unpack="false" version="3.5.0.v20090620043401" download-size="1487" install-size="1487" />
	<plugin fragment="true" id="org.eclipse.jst.ws.axis2.ui.doc.user.nl_en_AA" unpack="false" version="3.5.0.v20090620043401" download-size="1446" install-size="1446" />
	<plugin fragment="true" id="org.eclipse.jst.ws.axis2.ui.nl_en_AA" unpack="false" version="3.5.0.v20090620043401" download-size="1829" install-size="1829" />
	<plugin fragment="true" id="org.eclipse.jst.ws.consumption.nl_en_AA" unpack="false" version="3.5.0.v20090620043401" download-size="5186" install-size="5186" />
	<plugin fragment="true" id="org.eclipse.jst.ws.consumption.ui.nl_en_AA" unpack="false" version="3.5.0.v20090620043401" download-size="11551" install-size="11551" />
	<plugin fragment="true" id="org.eclipse.jst.ws.creation.ejb.ui.nl_en_AA" unpack="false" version="3.5.0.v20090620043401" download-size="1542" install-size="1542" />
	<plugin fragment="true" id="org.eclipse.jst.ws.creation.ui.nl_en_AA" unpack="false" version="3.5.0.v20090620043401" download-size="3124" install-size="3124" />
	<plugin fragment="true" id="org.eclipse.jst.ws.nl_en_AA" unpack="false" version="3.5.0.v20090620043401" download-size="3628" install-size="3628" />
	<plugin fragment="true" id="org.eclipse.jst.ws.uddiregistry.nl_en_AA" unpack="false" version="3.5.0.v20090620043401" download-size="2942" install-size="2942" />
	<plugin fragment="true" id="org.eclipse.jst.ws.ui.nl_en_AA" unpack="false" version="3.5.0.v20090620043401" download-size="3863" install-size="3863" />
	<plugin fragment="true" id="org.eclipse.wst.command.env.core.nl_en_AA" unpack="false" version="3.5.0.v20090620043401" download-size="2763" install-size="2763" />
	<plugin fragment="true" id="org.eclipse.wst.command.env.nl_en_AA" unpack="false" version="3.5.0.v20090620043401" download-size="5919" install-size="5919" />
	<plugin fragment="true" id="org.eclipse.wst.command.env.ui.nl_en_AA" unpack="false" version="3.5.0.v20090620043401" download-size="3441" install-size="3441" />
	<plugin fragment="true" id="org.eclipse.wst.ws.explorer.nl_en_AA" unpack="false" version="3.5.0.v20090620043401" download-size="19687" install-size="19687" />
	<plugin fragment="true" id="org.eclipse.wst.ws.nl_en_AA" unpack="false" version="3.5.0.v20090620043401" download-size="3511" install-size="3511" />
	<plugin fragment="true" id="org.eclipse.wst.ws.parser.nl_en_AA" unpack="false" version="3.5.0.v20090620043401" download-size="3371" install-size="3371" />
	<plugin fragment="true" id="org.eclipse.wst.ws.service.policy.nl_en_AA" unpack="false" version="3.5.0.v20090620043401" download-size="1625" install-size="1625" />
	<plugin fragment="true" id="org.eclipse.wst.ws.service.policy.ui.nl_en_AA" unpack="false" version="3.5.0.v20090620043401" download-size="3355" install-size="3355" />
	<plugin fragment="true" id="org.eclipse.wst.ws.ui.nl_en_AA" unpack="false" version="3.5.0.v20090620043401" download-size="3394" install-size="3394" />
	<plugin fragment="true" id="org.eclipse.wst.wsdl.nl_en_AA" unpack="false" version="3.5.0.v20090620043401" download-size="1634" install-size="1634" />
	<plugin fragment="true" id="org.eclipse.wst.wsdl.ui.nl_en_AA" unpack="false" version="3.5.0.v20090620043401" download-size="7283" install-size="7283" />
	<plugin fragment="true" id="org.eclipse.wst.wsdl.validation.nl_en_AA" unpack="false" version="3.5.0.v20090620043401" download-size="7944" install-size="7944" />
	<plugin fragment="true" id="org.eclipse.wst.wsi.nl_en_AA" unpack="false" version="3.5.0.v20090620043401" download-size="6401" install-size="6401" />
	<plugin fragment="true" id="org.eclipse.wst.wsi.ui.nl_en_AA" unpack="false" version="3.5.0.v20090620043401" download-size="4123" install-size="4123" />
</feature>