<?xml version="1.0" encoding="UTF-8" ?>
<feature
	id="org.eclipse.babel.nls_webtools.servertools_hu"
	label="Babel Language Pack for webtools.servertools in Hungarian (72%)"
	image="eclipse_update_120.jpg"
	provider-name="%providerName"
	version="3.5.0.v20090620043401">
	<copyright>
		%copyright
	</copyright>
	<license url="%licenseURL">
		%license
	</license>
	<description>Babel Language Pack for webtools.servertools in Hungarian</description>
	<plugin fragment="true" id="org.apache.cactus.nl_hu" unpack="false" version="3.5.0.v20090620043401" download-size="1370" install-size="1370" />
	<plugin fragment="true" id="org.eclipse.jst.server.core.nl_hu" unpack="false" version="3.5.0.v20090620043401" download-size="3332" install-size="3332" />
	<plugin fragment="true" id="org.eclipse.jst.server.generic.core.nl_hu" unpack="false" version="3.5.0.v20090620043401" download-size="3545" install-size="3545" />
	<plugin fragment="true" id="org.eclipse.jst.server.generic.jboss.nl_hu" unpack="false" version="3.5.0.v20090620043401" download-size="1758" install-size="1758" />
	<plugin fragment="true" id="org.eclipse.jst.server.generic.jonas.nl_hu" unpack="false" version="3.5.0.v20090620043401" download-size="1805" install-size="1805" />
	<plugin fragment="true" id="org.eclipse.jst.server.generic.oc4j.nl_hu" unpack="false" version="3.5.0.v20090620043401" download-size="1909" install-size="1909" />
	<plugin fragment="true" id="org.eclipse.jst.server.generic.ui.nl_hu" unpack="false" version="3.5.0.v20090620043401" download-size="3010" install-size="3010" />
	<plugin fragment="true" id="org.eclipse.jst.server.installable.nl_hu" unpack="false" version="3.5.0.v20090620043401" download-size="1438" install-size="1438" />
	<plugin fragment="true" id="org.eclipse.jst.server.preview.adapter.nl_hu" unpack="false" version="3.5.0.v20090620043401" download-size="2788" install-size="2788" />
	<plugin fragment="true" id="org.eclipse.jst.server.tomcat.core.nl_hu" unpack="false" version="3.5.0.v20090620043401" download-size="4886" install-size="4886" />
	<plugin fragment="true" id="org.eclipse.jst.server.tomcat.ui.nl_hu" unpack="false" version="3.5.0.v20090620043401" download-size="3531" install-size="3531" />
	<plugin fragment="true" id="org.eclipse.jst.server.ui.doc.user.nl_hu" unpack="false" version="3.5.0.v20090620043401" download-size="1376" install-size="1376" />
	<plugin fragment="true" id="org.eclipse.jst.server.ui.infopop.nl_hu" unpack="false" version="3.5.0.v20090620043401" download-size="1446" install-size="1446" />
	<plugin fragment="true" id="org.eclipse.jst.server.ui.nl_hu" unpack="false" version="3.5.0.v20090620043401" download-size="2863" install-size="2863" />
	<plugin fragment="true" id="org.eclipse.jst.server.websphere.core.nl_hu" unpack="false" version="3.5.0.v20090620043401" download-size="1686" install-size="1686" />
	<plugin fragment="true" id="org.eclipse.servertools.doc.isv.nl_hu" unpack="false" version="3.5.0.v20090620043401" download-size="1373" install-size="1373" />
	<plugin fragment="true" id="org.eclipse.wst.internet.monitor.core.nl_hu" unpack="false" version="3.5.0.v20090620043401" download-size="2914" install-size="2914" />
	<plugin fragment="true" id="org.eclipse.wst.internet.monitor.ui.nl_hu" unpack="false" version="3.5.0.v20090620043401" download-size="3382" install-size="3382" />
	<plugin fragment="true" id="org.eclipse.wst.server.core.nl_hu" unpack="false" version="3.5.0.v20090620043401" download-size="3877" install-size="3877" />
	<plugin fragment="true" id="org.eclipse.wst.server.discovery.nl_hu" unpack="false" version="3.5.0.v20090620043401" download-size="2639" install-size="2639" />
	<plugin fragment="true" id="org.eclipse.wst.server.http.core.nl_hu" unpack="false" version="3.5.0.v20090620043401" download-size="2719" install-size="2719" />
	<plugin fragment="true" id="org.eclipse.wst.server.http.ui.nl_hu" unpack="false" version="3.5.0.v20090620043401" download-size="2552" install-size="2552" />
	<plugin fragment="true" id="org.eclipse.wst.server.preview.adapter.nl_hu" unpack="false" version="3.5.0.v20090620043401" download-size="2956" install-size="2956" />
	<plugin fragment="true" id="org.eclipse.wst.server.preview.nl_hu" unpack="false" version="3.5.0.v20090620043401" download-size="2820" install-size="2820" />
	<plugin fragment="true" id="org.eclipse.wst.server.ui.doc.user.nl_hu" unpack="false" version="3.5.0.v20090620043401" download-size="1409" install-size="1409" />
	<plugin fragment="true" id="org.eclipse.wst.server.ui.infopop.nl_hu" unpack="false" version="3.5.0.v20090620043401" download-size="1447" install-size="1447" />
	<plugin fragment="true" id="org.eclipse.wst.server.ui.nl_hu" unpack="false" version="3.5.0.v20090620043401" download-size="7384" install-size="7384" />
</feature>