<?xml version="1.0" encoding="UTF-8" ?>
<feature
	id="org.eclipse.babel.nls_technology.dltk_fr"
	label="Babel Language Pack for technology.dltk in French (58.62%)"
	image="eclipse_update_120.jpg"
	provider-name="%providerName"
	version="3.5.0.v20090620043401">
	<copyright>
		%copyright
	</copyright>
	<license url="%licenseURL">
		%license
	</license>
	<description>Babel Language Pack for technology.dltk in French</description>
	<plugin fragment="true" id="org.eclipse.dltk.console.nl_fr" unpack="false" version="3.5.0.v20090620043401" download-size="1368" install-size="1368" />
	<plugin fragment="true" id="org.eclipse.dltk.console.ui.nl_fr" unpack="false" version="3.5.0.v20090620043401" download-size="2420" install-size="2420" />
	<plugin fragment="true" id="org.eclipse.dltk.core.doc.isv.nl_fr" unpack="false" version="3.5.0.v20090620043401" download-size="1372" install-size="1372" />
	<plugin fragment="true" id="org.eclipse.dltk.core.nl_fr" unpack="false" version="3.5.0.v20090620043401" download-size="5728" install-size="5728" />
	<plugin fragment="true" id="org.eclipse.dltk.debug.nl_fr" unpack="false" version="3.5.0.v20090620043401" download-size="3269" install-size="3269" />
	<plugin fragment="true" id="org.eclipse.dltk.debug.ui.nl_fr" unpack="false" version="3.5.0.v20090620043401" download-size="10162" install-size="10162" />
	<plugin fragment="true" id="org.eclipse.dltk.formatter.nl_fr" unpack="false" version="3.5.0.v20090620043401" download-size="2316" install-size="2316" />
	<plugin fragment="true" id="org.eclipse.dltk.itcl.core.nl_fr" unpack="false" version="3.5.0.v20090620043401" download-size="1369" install-size="1369" />
	<plugin fragment="true" id="org.eclipse.dltk.itcl.nl_fr" unpack="false" version="3.5.0.v20090620043401" download-size="1365" install-size="1365" />
	<plugin fragment="true" id="org.eclipse.dltk.itcl.ui.nl_fr" unpack="false" version="3.5.0.v20090620043401" download-size="1368" install-size="1368" />
	<plugin fragment="true" id="org.eclipse.dltk.javascript.core.dom.support.nl_fr" unpack="false" version="3.5.0.v20090620043401" download-size="1380" install-size="1380" />
	<plugin fragment="true" id="org.eclipse.dltk.javascript.core.nl_fr" unpack="false" version="3.5.0.v20090620043401" download-size="1374" install-size="1374" />
	<plugin fragment="true" id="org.eclipse.dltk.javascript.debug.nl_fr" unpack="false" version="3.5.0.v20090620043401" download-size="1375" install-size="1375" />
	<plugin fragment="true" id="org.eclipse.dltk.javascript.debug.ui.nl_fr" unpack="false" version="3.5.0.v20090620043401" download-size="3325" install-size="3325" />
	<plugin fragment="true" id="org.eclipse.dltk.javascript.formatter.nl_fr" unpack="false" version="3.5.0.v20090620043401" download-size="3068" install-size="3068" />
	<plugin fragment="true" id="org.eclipse.dltk.javascript.jsjdtdebugger.nl_fr" unpack="false" version="3.5.0.v20090620043401" download-size="1380" install-size="1380" />
	<plugin fragment="true" id="org.eclipse.dltk.javascript.launching.nl_fr" unpack="false" version="3.5.0.v20090620043401" download-size="1377" install-size="1377" />
	<plugin fragment="true" id="org.eclipse.dltk.javascript.rhino.dbgp.nl_fr" unpack="false" version="3.5.0.v20090620043401" download-size="1378" install-size="1378" />
	<plugin fragment="true" id="org.eclipse.dltk.javascript.rhino.nl_fr" unpack="false" version="3.5.0.v20090620043401" download-size="1374" install-size="1374" />
	<plugin fragment="true" id="org.eclipse.dltk.javascript.ui.nl_fr" unpack="false" version="3.5.0.v20090620043401" download-size="4279" install-size="4279" />
	<plugin fragment="true" id="org.eclipse.dltk.launching.nl_fr" unpack="false" version="3.5.0.v20090620043401" download-size="2997" install-size="2997" />
	<plugin fragment="true" id="org.eclipse.dltk.mylyn.nl_fr" unpack="false" version="3.5.0.v20090620043401" download-size="1367" install-size="1367" />
	<plugin fragment="true" id="org.eclipse.dltk.nl_fr" unpack="false" version="3.5.0.v20090620043401" download-size="1362" install-size="1362" />
	<plugin fragment="true" id="org.eclipse.dltk.python.activestatedebugger.nl_fr" unpack="false" version="3.5.0.v20090620043401" download-size="1381" install-size="1381" />
	<plugin fragment="true" id="org.eclipse.dltk.python.core.nl_fr" unpack="false" version="3.5.0.v20090620043401" download-size="1371" install-size="1371" />
	<plugin fragment="true" id="org.eclipse.dltk.python.debug.nl_fr" unpack="false" version="3.5.0.v20090620043401" download-size="1373" install-size="1373" />
	<plugin fragment="true" id="org.eclipse.dltk.python.debug.ui.nl_fr" unpack="false" version="3.5.0.v20090620043401" download-size="3133" install-size="3133" />
	<plugin fragment="true" id="org.eclipse.dltk.python.launching.nl_fr" unpack="false" version="3.5.0.v20090620043401" download-size="1374" install-size="1374" />
	<plugin fragment="true" id="org.eclipse.dltk.python.ui.nl_fr" unpack="false" version="3.5.0.v20090620043401" download-size="2898" install-size="2898" />
	<plugin fragment="true" id="org.eclipse.dltk.rse.core.nl_fr" unpack="false" version="3.5.0.v20090620043401" download-size="1369" install-size="1369" />
	<plugin fragment="true" id="org.eclipse.dltk.rse.nl_fr" unpack="false" version="3.5.0.v20090620043401" download-size="1364" install-size="1364" />
	<plugin fragment="true" id="org.eclipse.dltk.rse.ui.nl_fr" unpack="false" version="3.5.0.v20090620043401" download-size="1367" install-size="1367" />
	<plugin fragment="true" id="org.eclipse.dltk.ruby.abstractdebugger.nl_fr" unpack="false" version="3.5.0.v20090620043401" download-size="1377" install-size="1377" />
	<plugin fragment="true" id="org.eclipse.dltk.ruby.activestatedebugger.nl_fr" unpack="false" version="3.5.0.v20090620043401" download-size="1380" install-size="1380" />
	<plugin fragment="true" id="org.eclipse.dltk.ruby.basicdebugger.nl_fr" unpack="false" version="3.5.0.v20090620043401" download-size="1375" install-size="1375" />
	<plugin fragment="true" id="org.eclipse.dltk.ruby.core.nl_fr" unpack="false" version="3.5.0.v20090620043401" download-size="1940" install-size="1940" />
	<plugin fragment="true" id="org.eclipse.dltk.ruby.debug.nl_fr" unpack="false" version="3.5.0.v20090620043401" download-size="1370" install-size="1370" />
	<plugin fragment="true" id="org.eclipse.dltk.ruby.debug.ui.nl_fr" unpack="false" version="3.5.0.v20090620043401" download-size="3130" install-size="3130" />
	<plugin fragment="true" id="org.eclipse.dltk.ruby.fastdebugger.nl_fr" unpack="false" version="3.5.0.v20090620043401" download-size="1375" install-size="1375" />
	<plugin fragment="true" id="org.eclipse.dltk.ruby.formatter.nl_fr" unpack="false" version="3.5.0.v20090620043401" download-size="2538" install-size="2538" />
	<plugin fragment="true" id="org.eclipse.dltk.ruby.launching.nl_fr" unpack="false" version="3.5.0.v20090620043401" download-size="1373" install-size="1373" />
	<plugin fragment="true" id="org.eclipse.dltk.ruby.nl_fr" unpack="false" version="3.5.0.v20090620043401" download-size="1366" install-size="1366" />
	<plugin fragment="true" id="org.eclipse.dltk.ruby.testing.nl_fr" unpack="false" version="3.5.0.v20090620043401" download-size="2401" install-size="2401" />
	<plugin fragment="true" id="org.eclipse.dltk.ruby.ui.nl_fr" unpack="false" version="3.5.0.v20090620043401" download-size="5059" install-size="5059" />
	<plugin fragment="true" id="org.eclipse.dltk.tcl.activestatedebugger.nl_fr" unpack="false" version="3.5.0.v20090620043401" download-size="2725" install-size="2725" />
	<plugin fragment="true" id="org.eclipse.dltk.tcl.core.nl_fr" unpack="false" version="3.5.0.v20090620043401" download-size="1387" install-size="1387" />
	<plugin fragment="true" id="org.eclipse.dltk.tcl.debug.nl_fr" unpack="false" version="3.5.0.v20090620043401" download-size="1370" install-size="1370" />
	<plugin fragment="true" id="org.eclipse.dltk.tcl.debug.ui.nl_fr" unpack="false" version="3.5.0.v20090620043401" download-size="3607" install-size="3607" />
	<plugin fragment="true" id="org.eclipse.dltk.tcl.doc.user.nl_fr" unpack="false" version="3.5.0.v20090620043401" download-size="1738" install-size="1738" />
	<plugin fragment="true" id="org.eclipse.dltk.tcl.launching.nl_fr" unpack="false" version="3.5.0.v20090620043401" download-size="1371" install-size="1371" />
	<plugin fragment="true" id="org.eclipse.dltk.tcl.nl_fr" unpack="false" version="3.5.0.v20090620043401" download-size="1364" install-size="1364" />
	<plugin fragment="true" id="org.eclipse.dltk.tcl.parser.nl_fr" unpack="false" version="3.5.0.v20090620043401" download-size="2977" install-size="2977" />
	<plugin fragment="true" id="org.eclipse.dltk.tcl.tclchecker.nl_fr" unpack="false" version="3.5.0.v20090620043401" download-size="4280" install-size="4280" />
	<plugin fragment="true" id="org.eclipse.dltk.tcl.tcllib.nl_fr" unpack="false" version="3.5.0.v20090620043401" download-size="1371" install-size="1371" />
	<plugin fragment="true" id="org.eclipse.dltk.tcl.testing.nl_fr" unpack="false" version="3.5.0.v20090620043401" download-size="1370" install-size="1370" />
	<plugin fragment="true" id="org.eclipse.dltk.tcl.testing.tcltest.nl_fr" unpack="false" version="3.5.0.v20090620043401" download-size="1375" install-size="1375" />
	<plugin fragment="true" id="org.eclipse.dltk.tcl.ui.nl_fr" unpack="false" version="3.5.0.v20090620043401" download-size="4424" install-size="4424" />
	<plugin fragment="true" id="org.eclipse.dltk.tcl.validators.nl_fr" unpack="false" version="3.5.0.v20090620043401" download-size="1373" install-size="1373" />
	<plugin fragment="true" id="org.eclipse.dltk.testing.nl_fr" unpack="false" version="3.5.0.v20090620043401" download-size="9950" install-size="9950" />
	<plugin fragment="true" id="org.eclipse.dltk.ui.nl_fr" unpack="false" version="3.5.0.v20090620043401" download-size="78678" install-size="78678" />
	<plugin fragment="true" id="org.eclipse.dltk.validators.core.nl_fr" unpack="false" version="3.5.0.v20090620043401" download-size="2916" install-size="2916" />
	<plugin fragment="true" id="org.eclipse.dltk.validators.externalchecker.nl_fr" unpack="false" version="3.5.0.v20090620043401" download-size="3400" install-size="3400" />
	<plugin fragment="true" id="org.eclipse.dltk.validators.ui.nl_fr" unpack="false" version="3.5.0.v20090620043401" download-size="3312" install-size="3312" />
	<plugin fragment="true" id="org.eclipse.dltk.xotcl.core.nl_fr" unpack="false" version="3.5.0.v20090620043401" download-size="1370" install-size="1370" />
	<plugin fragment="true" id="org.eclipse.dltk.xotcl.nl_fr" unpack="false" version="3.5.0.v20090620043401" download-size="1366" install-size="1366" />
	<plugin fragment="true" id="org.eclipse.dltk.xotcl.testing.xounit.nl_fr" unpack="false" version="3.5.0.v20090620043401" download-size="1377" install-size="1377" />
	<plugin fragment="true" id="org.eclipse.dltk.xotcl.ui.nl_fr" unpack="false" version="3.5.0.v20090620043401" download-size="1369" install-size="1369" />
</feature>