<?xml version="1.0" encoding="UTF-8" ?>
<feature
	id="org.eclipse.babel.nls_stp.bpmn_it"
	label="Babel Language Pack for stp.bpmn in Italian (18.22%)"
	image="eclipse_update_120.jpg"
	provider-name="%providerName"
	version="3.5.0.v20090620043401">
	<copyright>
		%copyright
	</copyright>
	<license url="%licenseURL">
		%license
	</license>
	<description>Babel Language Pack for stp.bpmn in Italian</description>
	<plugin fragment="true" id="org.eclipse.stp.bpmn.diagram.nl_it" unpack="false" version="3.5.0.v20090620043401" download-size="2674" install-size="2674" />
	<plugin fragment="true" id="org.eclipse.stp.bpmn.edit.nl_it" unpack="false" version="3.5.0.v20090620043401" download-size="2261" install-size="2261" />
	<plugin fragment="true" id="org.eclipse.stp.bpmn.nl_it" unpack="false" version="3.5.0.v20090620043401" download-size="2136" install-size="2136" />
	<plugin fragment="true" id="org.eclipse.stp.bpmn.validation.nl_it" unpack="false" version="3.5.0.v20090620043401" download-size="2305" install-size="2305" />
</feature>