<?xml version="1.0" encoding="UTF-8" ?>
<feature
	id="org.eclipse.babel.nls_stp.bpmn_es"
	label="Babel Language Pack for stp.bpmn in Spanish (20.58%)"
	image="eclipse_update_120.jpg"
	provider-name="%providerName"
	version="3.5.0.v20090620043401">
	<copyright>
		%copyright
	</copyright>
	<license url="%licenseURL">
		%license
	</license>
	<description>Babel Language Pack for stp.bpmn in Spanish</description>
	<plugin fragment="true" id="org.eclipse.stp.bpmn.diagram.nl_es" unpack="false" version="3.5.0.v20090620043401" download-size="2729" install-size="2729" />
	<plugin fragment="true" id="org.eclipse.stp.bpmn.edit.nl_es" unpack="false" version="3.5.0.v20090620043401" download-size="2340" install-size="2340" />
	<plugin fragment="true" id="org.eclipse.stp.bpmn.nl_es" unpack="false" version="3.5.0.v20090620043401" download-size="2212" install-size="2212" />
	<plugin fragment="true" id="org.eclipse.stp.bpmn.validation.nl_es" unpack="false" version="3.5.0.v20090620043401" download-size="2300" install-size="2300" />
</feature>