<?xml version="1.0" encoding="UTF-8" ?>
<feature
	id="org.eclipse.babel.nls_modeling.m2t_en_AA"
	label="Babel Language Pack for modeling.m2t in Pseudo Translations (100%)"
	image="eclipse_update_120.jpg"
	provider-name="%providerName"
	version="3.5.0.v20090620043401">
	<copyright>
		%copyright
	</copyright>
	<license url="%licenseURL">
		%license
	</license>
	<description>Babel Language Pack for modeling.m2t in Pseudo Translations</description>
	<plugin fragment="true" id="org.eclipse.acceleo.common.nl_en_AA" unpack="false" version="3.5.0.v20090620043401" download-size="3237" install-size="3237" />
	<plugin fragment="true" id="org.eclipse.acceleo.engine.nl_en_AA" unpack="false" version="3.5.0.v20090620043401" download-size="3506" install-size="3506" />
	<plugin fragment="true" id="org.eclipse.acceleo.ide.ui.nl_en_AA" unpack="false" version="3.5.0.v20090620043401" download-size="4964" install-size="4964" />
	<plugin fragment="true" id="org.eclipse.acceleo.model.nl_en_AA" unpack="false" version="3.5.0.v20090620043401" download-size="1431" install-size="1431" />
	<plugin fragment="true" id="org.eclipse.acceleo.parser.nl_en_AA" unpack="false" version="3.5.0.v20090620043401" download-size="3116" install-size="3116" />
</feature>