<?xml version="1.0" encoding="UTF-8" ?>
<feature
	id="org.eclipse.babel.nls_rt.rap_pt"
	label="Babel Language Pack for rt.rap in Portuguese (88.68%)"
	image="eclipse_update_120.jpg"
	provider-name="%providerName"
	version="3.5.0.v20090620043401">
	<copyright>
		%copyright
	</copyright>
	<license url="%licenseURL">
		%license
	</license>
	<description>Babel Language Pack for rt.rap in Portuguese</description>
	<plugin fragment="true" id="org.eclipse.rap.design.example.nl_pt" unpack="false" version="3.5.0.v20090620043401" download-size="1375" install-size="1375" />
	<plugin fragment="true" id="org.eclipse.rap.jface.databinding.nl_pt" unpack="false" version="3.5.0.v20090620043401" download-size="1414" install-size="1414" />
	<plugin fragment="true" id="org.eclipse.rap.jface.nl_pt" unpack="false" version="3.5.0.v20090620043401" download-size="10242" install-size="10242" />
	<plugin fragment="true" id="org.eclipse.rap.rwt.nl_pt" unpack="false" version="3.5.0.v20090620043401" download-size="3295" install-size="3295" />
	<plugin fragment="true" id="org.eclipse.rap.rwt.test.nl_pt" unpack="false" version="3.5.0.v20090620043401" download-size="1375" install-size="1375" />
	<plugin fragment="true" id="org.eclipse.rap.ui.forms.nl_pt" unpack="false" version="3.5.0.v20090620043401" download-size="2315" install-size="2315" />
	<plugin fragment="true" id="org.eclipse.rap.ui.help.nl_pt" unpack="false" version="3.5.0.v20090620043401" download-size="1370" install-size="1370" />
	<plugin fragment="true" id="org.eclipse.rap.ui.intro.nl_pt" unpack="false" version="3.5.0.v20090620043401" download-size="2551" install-size="2551" />
	<plugin fragment="true" id="org.eclipse.rap.ui.launch.nl_pt" unpack="false" version="3.5.0.v20090620043401" download-size="2479" install-size="2479" />
	<plugin fragment="true" id="org.eclipse.rap.ui.nl_pt" unpack="false" version="3.5.0.v20090620043401" download-size="5449" install-size="5449" />
	<plugin fragment="true" id="org.eclipse.rap.ui.templates.nl_pt" unpack="false" version="3.5.0.v20090620043401" download-size="2597" install-size="2597" />
	<plugin fragment="true" id="org.eclipse.rap.ui.views.nl_pt" unpack="false" version="3.5.0.v20090620043401" download-size="3175" install-size="3175" />
	<plugin fragment="true" id="org.eclipse.rap.ui.workbench.nl_pt" unpack="false" version="3.5.0.v20090620043401" download-size="27021" install-size="27021" />
</feature>