<?xml version="1.0" encoding="UTF-8" ?>
<feature
	id="org.eclipse.babel.nls_technology.actf_ar"
	label="Babel Language Pack for technology.actf in Arabic (6.71%)"
	image="eclipse_update_120.jpg"
	provider-name="%providerName"
	version="3.5.0.v20090620043401">
	<copyright>
		%copyright
	</copyright>
	<license url="%licenseURL">
		%license
	</license>
	<description>Babel Language Pack for technology.actf in Arabic</description>
	<plugin fragment="true" id="org.eclipse.actf.core.nl_ar" unpack="false" version="3.5.0.v20090620043401" download-size="1618" install-size="1618" />
	<plugin fragment="true" id="org.eclipse.actf.model.flash.proxy.nl_ar" unpack="false" version="3.5.0.v20090620043401" download-size="1953" install-size="1953" />
	<plugin fragment="true" id="org.eclipse.actf.model.ui.nl_ar" unpack="false" version="3.5.0.v20090620043401" download-size="1544" install-size="1544" />
	<plugin fragment="true" id="org.eclipse.actf.ui.nl_ar" unpack="false" version="3.5.0.v20090620043401" download-size="1765" install-size="1765" />
	<plugin fragment="true" id="org.eclipse.actf.util.vocab.nl_ar" unpack="false" version="3.5.0.v20090620043401" download-size="1398" install-size="1398" />
	<plugin fragment="true" id="org.eclipse.actf.visualization.doc.isv.nl_ar" unpack="false" version="3.5.0.v20090620043401" download-size="1378" install-size="1378" />
	<plugin fragment="true" id="org.eclipse.actf.visualization.engines.blind.html.nl_ar" unpack="false" version="3.5.0.v20090620043401" download-size="1430" install-size="1430" />
	<plugin fragment="true" id="org.eclipse.actf.visualization.engines.blind.nl_ar" unpack="false" version="3.5.0.v20090620043401" download-size="1726" install-size="1726" />
	<plugin fragment="true" id="org.eclipse.actf.visualization.eval.nl_ar" unpack="false" version="3.5.0.v20090620043401" download-size="1971" install-size="1971" />
	<plugin fragment="true" id="org.eclipse.actf.visualization.gui.nl_ar" unpack="false" version="3.5.0.v20090620043401" download-size="1972" install-size="1972" />
	<plugin fragment="true" id="org.eclipse.actf.visualization.presentation.nl_ar" unpack="false" version="3.5.0.v20090620043401" download-size="1410" install-size="1410" />
	<plugin fragment="true" id="org.eclipse.actf.visualization.ui.report.nl_ar" unpack="false" version="3.5.0.v20090620043401" download-size="1482" install-size="1482" />
</feature>