<?xml version="1.0" encoding="UTF-8" ?>
<feature
	id="org.eclipse.babel.nls_modeling.emf_ja"
	label="Babel Language Pack for modeling.emf in Japanese (74.52%)"
	image="eclipse_update_120.jpg"
	provider-name="%providerName"
	version="3.5.0.v20090620043401">
	<copyright>
		%copyright
	</copyright>
	<license url="%licenseURL">
		%license
	</license>
	<description>Babel Language Pack for modeling.emf in Japanese</description>
	<plugin fragment="true" id="library.ecore.nl_ja" unpack="false" version="3.5.0.v20090620043401" download-size="1366" install-size="1366" />
	<plugin fragment="true" id="library.java.nl_ja" unpack="false" version="3.5.0.v20090620043401" download-size="1366" install-size="1366" />
	<plugin fragment="true" id="library.rose.nl_ja" unpack="false" version="3.5.0.v20090620043401" download-size="1367" install-size="1367" />
	<plugin fragment="true" id="library.xsd.nl_ja" unpack="false" version="3.5.0.v20090620043401" download-size="1366" install-size="1366" />
	<plugin fragment="true" id="library.xsds.nl_ja" unpack="false" version="3.5.0.v20090620043401" download-size="1366" install-size="1366" />
	<plugin fragment="true" id="org.eclipse.emf.activities.nl_ja" unpack="false" version="3.5.0.v20090620043401" download-size="1422" install-size="1422" />
	<plugin fragment="true" id="org.eclipse.emf.ant.nl_ja" unpack="false" version="3.5.0.v20090620043401" download-size="1396" install-size="1396" />
	<plugin fragment="true" id="org.eclipse.emf.cdo.common.nl_ja" unpack="false" version="3.5.0.v20090620043401" download-size="1370" install-size="1370" />
	<plugin fragment="true" id="org.eclipse.emf.cdo.defs.nl_ja" unpack="false" version="3.5.0.v20090620043401" download-size="1368" install-size="1368" />
	<plugin fragment="true" id="org.eclipse.emf.cdo.doc.nl_ja" unpack="false" version="3.5.0.v20090620043401" download-size="1368" install-size="1368" />
	<plugin fragment="true" id="org.eclipse.emf.cdo.edit.nl_ja" unpack="false" version="3.5.0.v20090620043401" download-size="3746" install-size="3746" />
	<plugin fragment="true" id="org.eclipse.emf.cdo.examples.nl_ja" unpack="false" version="3.5.0.v20090620043401" download-size="1371" install-size="1371" />
	<plugin fragment="true" id="org.eclipse.emf.cdo.examples.spring.nl_ja" unpack="false" version="3.5.0.v20090620043401" download-size="1376" install-size="1376" />
	<plugin fragment="true" id="org.eclipse.emf.cdo.migrator.nl_ja" unpack="false" version="3.5.0.v20090620043401" download-size="2763" install-size="2763" />
	<plugin fragment="true" id="org.eclipse.emf.cdo.nl_ja" unpack="false" version="3.5.0.v20090620043401" download-size="2935" install-size="2935" />
	<plugin fragment="true" id="org.eclipse.emf.cdo.server.db.nl_ja" unpack="false" version="3.5.0.v20090620043401" download-size="1372" install-size="1372" />
	<plugin fragment="true" id="org.eclipse.emf.cdo.server.hibernate.id.nl_ja" unpack="false" version="3.5.0.v20090620043401" download-size="1378" install-size="1378" />
	<plugin fragment="true" id="org.eclipse.emf.cdo.server.hibernate.nl_ja" unpack="false" version="3.5.0.v20090620043401" download-size="1724" install-size="1724" />
	<plugin fragment="true" id="org.eclipse.emf.cdo.server.hibernate.teneo.nl_ja" unpack="false" version="3.5.0.v20090620043401" download-size="1378" install-size="1378" />
	<plugin fragment="true" id="org.eclipse.emf.cdo.server.nl_ja" unpack="false" version="3.5.0.v20090620043401" download-size="1370" install-size="1370" />
	<plugin fragment="true" id="org.eclipse.emf.cdo.tests.db.nl_ja" unpack="false" version="3.5.0.v20090620043401" download-size="1371" install-size="1371" />
	<plugin fragment="true" id="org.eclipse.emf.cdo.tests.hibernate.client.nl_ja" unpack="false" version="3.5.0.v20090620043401" download-size="1380" install-size="1380" />
	<plugin fragment="true" id="org.eclipse.emf.cdo.tests.hibernate.nl_ja" unpack="false" version="3.5.0.v20090620043401" download-size="1953" install-size="1953" />
	<plugin fragment="true" id="org.eclipse.emf.cdo.tests.mango.edit.nl_ja" unpack="false" version="3.5.0.v20090620043401" download-size="1726" install-size="1726" />
	<plugin fragment="true" id="org.eclipse.emf.cdo.tests.mango.nl_ja" unpack="false" version="3.5.0.v20090620043401" download-size="1373" install-size="1373" />
	<plugin fragment="true" id="org.eclipse.emf.cdo.tests.model1.edit.nl_ja" unpack="false" version="3.5.0.v20090620043401" download-size="1920" install-size="1920" />
	<plugin fragment="true" id="org.eclipse.emf.cdo.tests.model1.nl_ja" unpack="false" version="3.5.0.v20090620043401" download-size="1374" install-size="1374" />
	<plugin fragment="true" id="org.eclipse.emf.cdo.tests.model2.edit.nl_ja" unpack="false" version="3.5.0.v20090620043401" download-size="1715" install-size="1715" />
	<plugin fragment="true" id="org.eclipse.emf.cdo.tests.model2.nl_ja" unpack="false" version="3.5.0.v20090620043401" download-size="1374" install-size="1374" />
	<plugin fragment="true" id="org.eclipse.emf.cdo.tests.model3.edit.nl_ja" unpack="false" version="3.5.0.v20090620043401" download-size="1663" install-size="1663" />
	<plugin fragment="true" id="org.eclipse.emf.cdo.tests.model3.nl_ja" unpack="false" version="3.5.0.v20090620043401" download-size="1373" install-size="1373" />
	<plugin fragment="true" id="org.eclipse.emf.cdo.tests.model4.nl_ja" unpack="false" version="3.5.0.v20090620043401" download-size="1373" install-size="1373" />
	<plugin fragment="true" id="org.eclipse.emf.cdo.tests.model4interfaces.nl_ja" unpack="false" version="3.5.0.v20090620043401" download-size="1379" install-size="1379" />
	<plugin fragment="true" id="org.eclipse.emf.cdo.tests.model5.nl_ja" unpack="false" version="3.5.0.v20090620043401" download-size="1374" install-size="1374" />
	<plugin fragment="true" id="org.eclipse.emf.cdo.tests.nl_ja" unpack="false" version="3.5.0.v20090620043401" download-size="1369" install-size="1369" />
	<plugin fragment="true" id="org.eclipse.emf.cdo.ui.capabilities.nl_ja" unpack="false" version="3.5.0.v20090620043401" download-size="1376" install-size="1376" />
	<plugin fragment="true" id="org.eclipse.emf.cdo.ui.defs.nl_ja" unpack="false" version="3.5.0.v20090620043401" download-size="1371" install-size="1371" />
	<plugin fragment="true" id="org.eclipse.emf.cdo.ui.nl_ja" unpack="false" version="3.5.0.v20090620043401" download-size="4807" install-size="4807" />
	<plugin fragment="true" id="org.eclipse.emf.cheatsheets.nl_ja" unpack="false" version="3.5.0.v20090620043401" download-size="1372" install-size="1372" />
	<plugin fragment="true" id="org.eclipse.emf.codegen.ecore.nl_ja" unpack="false" version="3.5.0.v20090620043401" download-size="3361" install-size="3361" />
	<plugin fragment="true" id="org.eclipse.emf.codegen.ecore.ui.nl_ja" unpack="false" version="3.5.0.v20090620043401" download-size="8144" install-size="8144" />
	<plugin fragment="true" id="org.eclipse.emf.codegen.nl_ja" unpack="false" version="3.5.0.v20090620043401" download-size="2955" install-size="2955" />
	<plugin fragment="true" id="org.eclipse.emf.codegen.ui.nl_ja" unpack="false" version="3.5.0.v20090620043401" download-size="2169" install-size="2169" />
	<plugin fragment="true" id="org.eclipse.emf.common.nl_ja" unpack="false" version="3.5.0.v20090620043401" download-size="2085" install-size="2085" />
	<plugin fragment="true" id="org.eclipse.emf.common.ui.nl_ja" unpack="false" version="3.5.0.v20090620043401" download-size="2677" install-size="2677" />
	<plugin fragment="true" id="org.eclipse.emf.converter.nl_ja" unpack="false" version="3.5.0.v20090620043401" download-size="2558" install-size="2558" />
	<plugin fragment="true" id="org.eclipse.emf.databinding.edit.nl_ja" unpack="false" version="3.5.0.v20090620043401" download-size="1375" install-size="1375" />
	<plugin fragment="true" id="org.eclipse.emf.databinding.nl_ja" unpack="false" version="3.5.0.v20090620043401" download-size="1372" install-size="1372" />
	<plugin fragment="true" id="org.eclipse.emf.doc.nl_ja" unpack="false" version="3.5.0.v20090620043401" download-size="1677" install-size="1677" />
	<plugin fragment="true" id="org.eclipse.emf.ecore.change.edit.nl_ja" unpack="false" version="3.5.0.v20090620043401" download-size="1976" install-size="1976" />
	<plugin fragment="true" id="org.eclipse.emf.ecore.change.nl_ja" unpack="false" version="3.5.0.v20090620043401" download-size="1414" install-size="1414" />
	<plugin fragment="true" id="org.eclipse.emf.ecore.edit.nl_ja" unpack="false" version="3.5.0.v20090620043401" download-size="3254" install-size="3254" />
	<plugin fragment="true" id="org.eclipse.emf.ecore.editor.nl_ja" unpack="false" version="3.5.0.v20090620043401" download-size="2838" install-size="2838" />
	<plugin fragment="true" id="org.eclipse.emf.ecore.nl_ja" unpack="false" version="3.5.0.v20090620043401" download-size="5162" install-size="5162" />
	<plugin fragment="true" id="org.eclipse.emf.ecore.xmi.nl_ja" unpack="false" version="3.5.0.v20090620043401" download-size="1371" install-size="1371" />
	<plugin fragment="true" id="org.eclipse.emf.edit.nl_ja" unpack="false" version="3.5.0.v20090620043401" download-size="2684" install-size="2684" />
	<plugin fragment="true" id="org.eclipse.emf.edit.ui.nl_ja" unpack="false" version="3.5.0.v20090620043401" download-size="2726" install-size="2726" />
	<plugin fragment="true" id="org.eclipse.emf.example.installer.nl_ja" unpack="false" version="3.5.0.v20090620043401" download-size="1436" install-size="1436" />
	<plugin fragment="true" id="org.eclipse.emf.examples.databinding.project.core.model.nl_ja" unpack="false" version="3.5.0.v20090620043401" download-size="1397" install-size="1397" />
	<plugin fragment="true" id="org.eclipse.emf.examples.generator.validator.nl_ja" unpack="false" version="3.5.0.v20090620043401" download-size="1382" install-size="1382" />
	<plugin fragment="true" id="org.eclipse.emf.examples.jet.article2.nl_ja" unpack="false" version="3.5.0.v20090620043401" download-size="1626" install-size="1626" />
	<plugin fragment="true" id="org.eclipse.emf.examples.nl_ja" unpack="false" version="3.5.0.v20090620043401" download-size="1370" install-size="1370" />
	<plugin fragment="true" id="org.eclipse.emf.exporter.html.nl_ja" unpack="false" version="3.5.0.v20090620043401" download-size="1446" install-size="1446" />
	<plugin fragment="true" id="org.eclipse.emf.exporter.nl_ja" unpack="false" version="3.5.0.v20090620043401" download-size="1413" install-size="1413" />
	<plugin fragment="true" id="org.eclipse.emf.importer.ecore.nl_ja" unpack="false" version="3.5.0.v20090620043401" download-size="1814" install-size="1814" />
	<plugin fragment="true" id="org.eclipse.emf.importer.java.nl_ja" unpack="false" version="3.5.0.v20090620043401" download-size="1954" install-size="1954" />
	<plugin fragment="true" id="org.eclipse.emf.importer.nl_ja" unpack="false" version="3.5.0.v20090620043401" download-size="2577" install-size="2577" />
	<plugin fragment="true" id="org.eclipse.emf.importer.rose.nl_ja" unpack="false" version="3.5.0.v20090620043401" download-size="3590" install-size="3590" />
	<plugin fragment="true" id="org.eclipse.emf.java.edit.nl_ja" unpack="false" version="3.5.0.v20090620043401" download-size="2264" install-size="2264" />
	<plugin fragment="true" id="org.eclipse.emf.java.editor.nl_ja" unpack="false" version="3.5.0.v20090620043401" download-size="2145" install-size="2145" />
	<plugin fragment="true" id="org.eclipse.emf.java.nl_ja" unpack="false" version="3.5.0.v20090620043401" download-size="1367" install-size="1367" />
	<plugin fragment="true" id="org.eclipse.emf.mapping.ecore.editor.nl_ja" unpack="false" version="3.5.0.v20090620043401" download-size="1898" install-size="1898" />
	<plugin fragment="true" id="org.eclipse.emf.mapping.ecore.nl_ja" unpack="false" version="3.5.0.v20090620043401" download-size="1885" install-size="1885" />
	<plugin fragment="true" id="org.eclipse.emf.mapping.ecore2ecore.editor.nl_ja" unpack="false" version="3.5.0.v20090620043401" download-size="2654" install-size="2654" />
	<plugin fragment="true" id="org.eclipse.emf.mapping.ecore2ecore.nl_ja" unpack="false" version="3.5.0.v20090620043401" download-size="1546" install-size="1546" />
	<plugin fragment="true" id="org.eclipse.emf.mapping.ecore2xml.nl_ja" unpack="false" version="3.5.0.v20090620043401" download-size="1412" install-size="1412" />
	<plugin fragment="true" id="org.eclipse.emf.mapping.ecore2xml.ui.nl_ja" unpack="false" version="3.5.0.v20090620043401" download-size="2704" install-size="2704" />
	<plugin fragment="true" id="org.eclipse.emf.mapping.nl_ja" unpack="false" version="3.5.0.v20090620043401" download-size="2701" install-size="2701" />
	<plugin fragment="true" id="org.eclipse.emf.mapping.ui.nl_ja" unpack="false" version="3.5.0.v20090620043401" download-size="2493" install-size="2493" />
	<plugin fragment="true" id="org.eclipse.emf.mapping.xsd2ecore.editor.nl_ja" unpack="false" version="3.5.0.v20090620043401" download-size="2210" install-size="2210" />
	<plugin fragment="true" id="org.eclipse.emf.mapping.xsd2ecore.nl_ja" unpack="false" version="3.5.0.v20090620043401" download-size="1573" install-size="1573" />
	<plugin fragment="true" id="org.eclipse.emf.nl_ja" unpack="false" version="3.5.0.v20090620043401" download-size="1364" install-size="1364" />
	<plugin fragment="true" id="org.eclipse.emf.query.doc.nl_ja" unpack="false" version="3.5.0.v20090620043401" download-size="1693" install-size="1693" />
	<plugin fragment="true" id="org.eclipse.emf.query.examples.nl_ja" unpack="false" version="3.5.0.v20090620043401" download-size="1451" install-size="1451" />
	<plugin fragment="true" id="org.eclipse.emf.query.examples.ocl.nl_ja" unpack="false" version="3.5.0.v20090620043401" download-size="1381" install-size="1381" />
	<plugin fragment="true" id="org.eclipse.emf.query.examples.statements.nl_ja" unpack="false" version="3.5.0.v20090620043401" download-size="1384" install-size="1384" />
	<plugin fragment="true" id="org.eclipse.emf.query.nl_ja" unpack="false" version="3.5.0.v20090620043401" download-size="2695" install-size="2695" />
	<plugin fragment="true" id="org.eclipse.emf.query.ocl.nl_ja" unpack="false" version="3.5.0.v20090620043401" download-size="1680" install-size="1680" />
	<plugin fragment="true" id="org.eclipse.emf.query.ocl.tests.nl_ja" unpack="false" version="3.5.0.v20090620043401" download-size="1379" install-size="1379" />
	<plugin fragment="true" id="org.eclipse.emf.query.tests.nl_ja" unpack="false" version="3.5.0.v20090620043401" download-size="1377" install-size="1377" />
	<plugin fragment="true" id="org.eclipse.emf.test.build.nl_ja" unpack="false" version="3.5.0.v20090620043401" download-size="1371" install-size="1371" />
	<plugin fragment="true" id="org.eclipse.emf.test.common.nl_ja" unpack="false" version="3.5.0.v20090620043401" download-size="1836" install-size="1836" />
	<plugin fragment="true" id="org.eclipse.emf.test.core.nl_ja" unpack="false" version="3.5.0.v20090620043401" download-size="1370" install-size="1370" />
	<plugin fragment="true" id="org.eclipse.emf.test.edit.nl_ja" unpack="false" version="3.5.0.v20090620043401" download-size="2454" install-size="2454" />
	<plugin fragment="true" id="org.eclipse.emf.test.examples.nl_ja" unpack="false" version="3.5.0.v20090620043401" download-size="1373" install-size="1373" />
	<plugin fragment="true" id="org.eclipse.emf.test.tools.nl_ja" unpack="false" version="3.5.0.v20090620043401" download-size="1370" install-size="1370" />
	<plugin fragment="true" id="org.eclipse.emf.test.xml.nl_ja" unpack="false" version="3.5.0.v20090620043401" download-size="1370" install-size="1370" />
	<plugin fragment="true" id="org.eclipse.emf.tests.nl_ja" unpack="false" version="3.5.0.v20090620043401" download-size="1368" install-size="1368" />
	<plugin fragment="true" id="org.eclipse.emf.transaction.doc.nl_ja" unpack="false" version="3.5.0.v20090620043401" download-size="1709" install-size="1709" />
	<plugin fragment="true" id="org.eclipse.emf.transaction.examples.nl_ja" unpack="false" version="3.5.0.v20090620043401" download-size="1724" install-size="1724" />
	<plugin fragment="true" id="org.eclipse.emf.transaction.nl_ja" unpack="false" version="3.5.0.v20090620043401" download-size="1624" install-size="1624" />
	<plugin fragment="true" id="org.eclipse.emf.transaction.tests.nl_ja" unpack="false" version="3.5.0.v20090620043401" download-size="1379" install-size="1379" />
	<plugin fragment="true" id="org.eclipse.emf.transaction.ui.nl_ja" unpack="false" version="3.5.0.v20090620043401" download-size="1377" install-size="1377" />
	<plugin fragment="true" id="org.eclipse.emf.validation.doc.nl_ja" unpack="false" version="3.5.0.v20090620043401" download-size="1707" install-size="1707" />
	<plugin fragment="true" id="org.eclipse.emf.validation.examples.adapter.nl_ja" unpack="false" version="3.5.0.v20090620043401" download-size="1385" install-size="1385" />
	<plugin fragment="true" id="org.eclipse.emf.validation.examples.general.nl_ja" unpack="false" version="3.5.0.v20090620043401" download-size="3106" install-size="3106" />
	<plugin fragment="true" id="org.eclipse.emf.validation.examples.nl_ja" unpack="false" version="3.5.0.v20090620043401" download-size="1741" install-size="1741" />
	<plugin fragment="true" id="org.eclipse.emf.validation.examples.ocl.nl_ja" unpack="false" version="3.5.0.v20090620043401" download-size="1384" install-size="1384" />
	<plugin fragment="true" id="org.eclipse.emf.validation.nl_ja" unpack="false" version="3.5.0.v20090620043401" download-size="5547" install-size="5547" />
	<plugin fragment="true" id="org.eclipse.emf.validation.ocl.nl_ja" unpack="false" version="3.5.0.v20090620043401" download-size="1692" install-size="1692" />
	<plugin fragment="true" id="org.eclipse.emf.validation.tests.nl_ja" unpack="false" version="3.5.0.v20090620043401" download-size="1380" install-size="1380" />
	<plugin fragment="true" id="org.eclipse.emf.validation.ui.ide.nl_ja" unpack="false" version="3.5.0.v20090620043401" download-size="2884" install-size="2884" />
	<plugin fragment="true" id="org.eclipse.emf.validation.ui.nl_ja" unpack="false" version="3.5.0.v20090620043401" download-size="3635" install-size="3635" />
	<plugin fragment="true" id="org.eclipse.emf.workspace.doc.nl_ja" unpack="false" version="3.5.0.v20090620043401" download-size="1748" install-size="1748" />
	<plugin fragment="true" id="org.eclipse.emf.workspace.examples.library.editor.nl_ja" unpack="false" version="3.5.0.v20090620043401" download-size="2204" install-size="2204" />
	<plugin fragment="true" id="org.eclipse.emf.workspace.examples.nl_ja" unpack="false" version="3.5.0.v20090620043401" download-size="1382" install-size="1382" />
	<plugin fragment="true" id="org.eclipse.emf.workspace.nl_ja" unpack="false" version="3.5.0.v20090620043401" download-size="2828" install-size="2828" />
	<plugin fragment="true" id="org.eclipse.emf.workspace.tests.nl_ja" unpack="false" version="3.5.0.v20090620043401" download-size="1380" install-size="1380" />
	<plugin fragment="true" id="org.eclipse.emf.workspace.ui.nl_ja" unpack="false" version="3.5.0.v20090620043401" download-size="1378" install-size="1378" />
	<plugin fragment="true" id="org.eclipse.net4j.buddies.chat.nl_ja" unpack="false" version="3.5.0.v20090620043401" download-size="1373" install-size="1373" />
	<plugin fragment="true" id="org.eclipse.net4j.buddies.chat.ui.nl_ja" unpack="false" version="3.5.0.v20090620043401" download-size="2802" install-size="2802" />
	<plugin fragment="true" id="org.eclipse.net4j.buddies.common.nl_ja" unpack="false" version="3.5.0.v20090620043401" download-size="1373" install-size="1373" />
	<plugin fragment="true" id="org.eclipse.net4j.buddies.nl_ja" unpack="false" version="3.5.0.v20090620043401" download-size="1369" install-size="1369" />
	<plugin fragment="true" id="org.eclipse.net4j.buddies.server.nl_ja" unpack="false" version="3.5.0.v20090620043401" download-size="1373" install-size="1373" />
	<plugin fragment="true" id="org.eclipse.net4j.buddies.ui.nl_ja" unpack="false" version="3.5.0.v20090620043401" download-size="2724" install-size="2724" />
	<plugin fragment="true" id="org.eclipse.net4j.db.derby.nl_ja" unpack="false" version="3.5.0.v20090620043401" download-size="1371" install-size="1371" />
	<plugin fragment="true" id="org.eclipse.net4j.db.hsqldb.nl_ja" unpack="false" version="3.5.0.v20090620043401" download-size="1372" install-size="1372" />
	<plugin fragment="true" id="org.eclipse.net4j.db.mysql.nl_ja" unpack="false" version="3.5.0.v20090620043401" download-size="1371" install-size="1371" />
	<plugin fragment="true" id="org.eclipse.net4j.db.nl_ja" unpack="false" version="3.5.0.v20090620043401" download-size="1366" install-size="1366" />
	<plugin fragment="true" id="org.eclipse.net4j.db.postgresql.nl_ja" unpack="false" version="3.5.0.v20090620043401" download-size="1373" install-size="1373" />
	<plugin fragment="true" id="org.eclipse.net4j.debug.nl_ja" unpack="false" version="3.5.0.v20090620043401" download-size="2506" install-size="2506" />
	<plugin fragment="true" id="org.eclipse.net4j.defs.nl_ja" unpack="false" version="3.5.0.v20090620043401" download-size="1368" install-size="1368" />
	<plugin fragment="true" id="org.eclipse.net4j.doc.nl_ja" unpack="false" version="3.5.0.v20090620043401" download-size="1367" install-size="1367" />
	<plugin fragment="true" id="org.eclipse.net4j.examples.nl_ja" unpack="false" version="3.5.0.v20090620043401" download-size="1370" install-size="1370" />
	<plugin fragment="true" id="org.eclipse.net4j.http.common.nl_ja" unpack="false" version="3.5.0.v20090620043401" download-size="1372" install-size="1372" />
	<plugin fragment="true" id="org.eclipse.net4j.http.nl_ja" unpack="false" version="3.5.0.v20090620043401" download-size="1367" install-size="1367" />
	<plugin fragment="true" id="org.eclipse.net4j.http.server.nl_ja" unpack="false" version="3.5.0.v20090620043401" download-size="1372" install-size="1372" />
	<plugin fragment="true" id="org.eclipse.net4j.http.tests.nl_ja" unpack="false" version="3.5.0.v20090620043401" download-size="1371" install-size="1371" />
	<plugin fragment="true" id="org.eclipse.net4j.jms.admin.nl_ja" unpack="false" version="3.5.0.v20090620043401" download-size="1371" install-size="1371" />
	<plugin fragment="true" id="org.eclipse.net4j.jms.api.nl_ja" unpack="false" version="3.5.0.v20090620043401" download-size="1369" install-size="1369" />
	<plugin fragment="true" id="org.eclipse.net4j.jms.nl_ja" unpack="false" version="3.5.0.v20090620043401" download-size="1367" install-size="1367" />
	<plugin fragment="true" id="org.eclipse.net4j.jms.server.jdbc.nl_ja" unpack="false" version="3.5.0.v20090620043401" download-size="1374" install-size="1374" />
	<plugin fragment="true" id="org.eclipse.net4j.jms.server.nl_ja" unpack="false" version="3.5.0.v20090620043401" download-size="1371" install-size="1371" />
	<plugin fragment="true" id="org.eclipse.net4j.jms.tests.nl_ja" unpack="false" version="3.5.0.v20090620043401" download-size="1370" install-size="1370" />
	<plugin fragment="true" id="org.eclipse.net4j.jvm.nl_ja" unpack="false" version="3.5.0.v20090620043401" download-size="1367" install-size="1367" />
	<plugin fragment="true" id="org.eclipse.net4j.nl_ja" unpack="false" version="3.5.0.v20090620043401" download-size="1364" install-size="1364" />
	<plugin fragment="true" id="org.eclipse.net4j.tcp.nl_ja" unpack="false" version="3.5.0.v20090620043401" download-size="1367" install-size="1367" />
	<plugin fragment="true" id="org.eclipse.net4j.tests.nl_ja" unpack="false" version="3.5.0.v20090620043401" download-size="1367" install-size="1367" />
	<plugin fragment="true" id="org.eclipse.net4j.ui.capabilities.nl_ja" unpack="false" version="3.5.0.v20090620043401" download-size="1374" install-size="1374" />
	<plugin fragment="true" id="org.eclipse.net4j.ui.defs.nl_ja" unpack="false" version="3.5.0.v20090620043401" download-size="1369" install-size="1369" />
	<plugin fragment="true" id="org.eclipse.net4j.ui.nl_ja" unpack="false" version="3.5.0.v20090620043401" download-size="2399" install-size="2399" />
	<plugin fragment="true" id="org.eclipse.net4j.util.defs.nl_ja" unpack="false" version="3.5.0.v20090620043401" download-size="1371" install-size="1371" />
	<plugin fragment="true" id="org.eclipse.net4j.util.nl_ja" unpack="false" version="3.5.0.v20090620043401" download-size="1367" install-size="1367" />
	<plugin fragment="true" id="org.eclipse.net4j.util.ui.nl_ja" unpack="false" version="3.5.0.v20090620043401" download-size="9004" install-size="9004" />
	<plugin fragment="true" id="org.eclipse.xsd.cheatsheets.nl_ja" unpack="false" version="3.5.0.v20090620043401" download-size="1372" install-size="1372" />
	<plugin fragment="true" id="org.eclipse.xsd.doc.nl_ja" unpack="false" version="3.5.0.v20090620043401" download-size="1367" install-size="1367" />
	<plugin fragment="true" id="org.eclipse.xsd.ecore.converter.nl_ja" unpack="false" version="3.5.0.v20090620043401" download-size="1902" install-size="1902" />
	<plugin fragment="true" id="org.eclipse.xsd.ecore.exporter.nl_ja" unpack="false" version="3.5.0.v20090620043401" download-size="1624" install-size="1624" />
	<plugin fragment="true" id="org.eclipse.xsd.ecore.importer.nl_ja" unpack="false" version="3.5.0.v20090620043401" download-size="1845" install-size="1845" />
	<plugin fragment="true" id="org.eclipse.xsd.edit.nl_ja" unpack="false" version="3.5.0.v20090620043401" download-size="5147" install-size="5147" />
	<plugin fragment="true" id="org.eclipse.xsd.editor.nl_ja" unpack="false" version="3.5.0.v20090620043401" download-size="2465" install-size="2465" />
	<plugin fragment="true" id="org.eclipse.xsd.example.installer.nl_ja" unpack="false" version="3.5.0.v20090620043401" download-size="1431" install-size="1431" />
	<plugin fragment="true" id="org.eclipse.xsd.example.nl_ja" unpack="false" version="3.5.0.v20090620043401" download-size="1369" install-size="1369" />
	<plugin fragment="true" id="org.eclipse.xsd.mapping.editor.nl_ja" unpack="false" version="3.5.0.v20090620043401" download-size="1901" install-size="1901" />
	<plugin fragment="true" id="org.eclipse.xsd.mapping.nl_ja" unpack="false" version="3.5.0.v20090620043401" download-size="1888" install-size="1888" />
	<plugin fragment="true" id="org.eclipse.xsd.nl_ja" unpack="false" version="3.5.0.v20090620043401" download-size="1576" install-size="1576" />
</feature>