<?xml version="1.0" encoding="UTF-8" ?>
<feature
	id="org.eclipse.babel.nls_dsdp.tm_sv"
	label="Babel Language Pack for dsdp.tm in Swedish (20.76%)"
	image="eclipse_update_120.jpg"
	provider-name="%providerName"
	version="3.5.0.v20090620043401">
	<copyright>
		%copyright
	</copyright>
	<license url="%licenseURL">
		%license
	</license>
	<description>Babel Language Pack for dsdp.tm in Swedish</description>
	<plugin fragment="true" id="org.eclipse.dstore.core.nl_sv" unpack="false" version="3.5.0.v20090620043401" download-size="1374" install-size="1374" />
	<plugin fragment="true" id="org.eclipse.dstore.doc.isv.nl_sv" unpack="false" version="3.5.0.v20090620043401" download-size="1376" install-size="1376" />
	<plugin fragment="true" id="org.eclipse.dstore.extra.nl_sv" unpack="false" version="3.5.0.v20090620043401" download-size="1375" install-size="1375" />
	<plugin fragment="true" id="org.eclipse.rse.connectorservice.dstore.nl_sv" unpack="false" version="3.5.0.v20090620043401" download-size="1384" install-size="1384" />
	<plugin fragment="true" id="org.eclipse.rse.connectorservice.local.nl_sv" unpack="false" version="3.5.0.v20090620043401" download-size="1384" install-size="1384" />
	<plugin fragment="true" id="org.eclipse.rse.connectorservice.ssh.nl_sv" unpack="false" version="3.5.0.v20090620043401" download-size="2715" install-size="2715" />
	<plugin fragment="true" id="org.eclipse.rse.connectorservice.telnet.nl_sv" unpack="false" version="3.5.0.v20090620043401" download-size="1384" install-size="1384" />
	<plugin fragment="true" id="org.eclipse.rse.core.nl_sv" unpack="false" version="3.5.0.v20090620043401" download-size="2399" install-size="2399" />
	<plugin fragment="true" id="org.eclipse.rse.discovery.nl_sv" unpack="false" version="3.5.0.v20090620043401" download-size="2213" install-size="2213" />
	<plugin fragment="true" id="org.eclipse.rse.doc.isv.nl_sv" unpack="false" version="3.5.0.v20090620043401" download-size="1374" install-size="1374" />
	<plugin fragment="true" id="org.eclipse.rse.doc.user.nl_sv" unpack="false" version="3.5.0.v20090620043401" download-size="1375" install-size="1375" />
	<plugin fragment="true" id="org.eclipse.rse.dstore.security.nl_sv" unpack="false" version="3.5.0.v20090620043401" download-size="2575" install-size="2575" />
	<plugin fragment="true" id="org.eclipse.rse.efs.nl_sv" unpack="false" version="3.5.0.v20090620043401" download-size="1371" install-size="1371" />
	<plugin fragment="true" id="org.eclipse.rse.efs.ui.nl_sv" unpack="false" version="3.5.0.v20090620043401" download-size="1374" install-size="1374" />
	<plugin fragment="true" id="org.eclipse.rse.examples.daytime.nl_sv" unpack="false" version="3.5.0.v20090620043401" download-size="1380" install-size="1380" />
	<plugin fragment="true" id="org.eclipse.rse.examples.tutorial.nl_sv" unpack="false" version="3.5.0.v20090620043401" download-size="1676" install-size="1676" />
	<plugin fragment="true" id="org.eclipse.rse.files.ui.nl_sv" unpack="false" version="3.5.0.v20090620043401" download-size="3216" install-size="3216" />
	<plugin fragment="true" id="org.eclipse.rse.importexport.nl_sv" unpack="false" version="3.5.0.v20090620043401" download-size="3941" install-size="3941" />
	<plugin fragment="true" id="org.eclipse.rse.nl_sv" unpack="false" version="3.5.0.v20090620043401" download-size="1368" install-size="1368" />
	<plugin fragment="true" id="org.eclipse.rse.processes.ui.nl_sv" unpack="false" version="3.5.0.v20090620043401" download-size="3075" install-size="3075" />
	<plugin fragment="true" id="org.eclipse.rse.remotecdt.nl_sv" unpack="false" version="3.5.0.v20090620043401" download-size="2306" install-size="2306" />
	<plugin fragment="true" id="org.eclipse.rse.sdk.nl_sv" unpack="false" version="3.5.0.v20090620043401" download-size="1372" install-size="1372" />
	<plugin fragment="true" id="org.eclipse.rse.services.dstore.nl_sv" unpack="false" version="3.5.0.v20090620043401" download-size="1596" install-size="1596" />
	<plugin fragment="true" id="org.eclipse.rse.services.files.ftp.nl_sv" unpack="false" version="3.5.0.v20090620043401" download-size="2604" install-size="2604" />
	<plugin fragment="true" id="org.eclipse.rse.services.local.nl_sv" unpack="false" version="3.5.0.v20090620043401" download-size="1379" install-size="1379" />
	<plugin fragment="true" id="org.eclipse.rse.services.nl_sv" unpack="false" version="3.5.0.v20090620043401" download-size="3075" install-size="3075" />
	<plugin fragment="true" id="org.eclipse.rse.services.ssh.nl_sv" unpack="false" version="3.5.0.v20090620043401" download-size="1375" install-size="1375" />
	<plugin fragment="true" id="org.eclipse.rse.services.telnet.nl_sv" unpack="false" version="3.5.0.v20090620043401" download-size="1378" install-size="1378" />
	<plugin fragment="true" id="org.eclipse.rse.shells.ui.nl_sv" unpack="false" version="3.5.0.v20090620043401" download-size="2605" install-size="2605" />
	<plugin fragment="true" id="org.eclipse.rse.subsystems.files.core.nl_sv" unpack="false" version="3.5.0.v20090620043401" download-size="2847" install-size="2847" />
	<plugin fragment="true" id="org.eclipse.rse.subsystems.files.dstore.nl_sv" unpack="false" version="3.5.0.v20090620043401" download-size="1392" install-size="1392" />
	<plugin fragment="true" id="org.eclipse.rse.subsystems.files.ftp.nl_sv" unpack="false" version="3.5.0.v20090620043401" download-size="1407" install-size="1407" />
	<plugin fragment="true" id="org.eclipse.rse.subsystems.files.local.nl_sv" unpack="false" version="3.5.0.v20090620043401" download-size="1384" install-size="1384" />
	<plugin fragment="true" id="org.eclipse.rse.subsystems.files.ssh.nl_sv" unpack="false" version="3.5.0.v20090620043401" download-size="1382" install-size="1382" />
	<plugin fragment="true" id="org.eclipse.rse.subsystems.processes.core.nl_sv" unpack="false" version="3.5.0.v20090620043401" download-size="1385" install-size="1385" />
	<plugin fragment="true" id="org.eclipse.rse.subsystems.processes.dstore.nl_sv" unpack="false" version="3.5.0.v20090620043401" download-size="1386" install-size="1386" />
	<plugin fragment="true" id="org.eclipse.rse.subsystems.processes.local.nl_sv" unpack="false" version="3.5.0.v20090620043401" download-size="1386" install-size="1386" />
	<plugin fragment="true" id="org.eclipse.rse.subsystems.processes.shell.linux.nl_sv" unpack="false" version="3.5.0.v20090620043401" download-size="1390" install-size="1390" />
	<plugin fragment="true" id="org.eclipse.rse.subsystems.shells.core.nl_sv" unpack="false" version="3.5.0.v20090620043401" download-size="1384" install-size="1384" />
	<plugin fragment="true" id="org.eclipse.rse.subsystems.shells.dstore.nl_sv" unpack="false" version="3.5.0.v20090620043401" download-size="1385" install-size="1385" />
	<plugin fragment="true" id="org.eclipse.rse.subsystems.shells.local.nl_sv" unpack="false" version="3.5.0.v20090620043401" download-size="1384" install-size="1384" />
	<plugin fragment="true" id="org.eclipse.rse.subsystems.shells.ssh.nl_sv" unpack="false" version="3.5.0.v20090620043401" download-size="1383" install-size="1383" />
	<plugin fragment="true" id="org.eclipse.rse.subsystems.shells.telnet.nl_sv" unpack="false" version="3.5.0.v20090620043401" download-size="1384" install-size="1384" />
	<plugin fragment="true" id="org.eclipse.rse.subsystems.terminals.core.nl_sv" unpack="false" version="3.5.0.v20090620043401" download-size="1385" install-size="1385" />
	<plugin fragment="true" id="org.eclipse.rse.subsystems.terminals.ssh.nl_sv" unpack="false" version="3.5.0.v20090620043401" download-size="1385" install-size="1385" />
	<plugin fragment="true" id="org.eclipse.rse.subsystems.wince.nl_sv" unpack="false" version="3.5.0.v20090620043401" download-size="1402" install-size="1402" />
	<plugin fragment="true" id="org.eclipse.rse.terminals.ui.nl_sv" unpack="false" version="3.5.0.v20090620043401" download-size="1403" install-size="1403" />
	<plugin fragment="true" id="org.eclipse.rse.tests.framework.nl_sv" unpack="false" version="3.5.0.v20090620043401" download-size="1450" install-size="1450" />
	<plugin fragment="true" id="org.eclipse.rse.tests.nl_sv" unpack="false" version="3.5.0.v20090620043401" download-size="2421" install-size="2421" />
	<plugin fragment="true" id="org.eclipse.rse.ui.nl_sv" unpack="false" version="3.5.0.v20090620043401" download-size="5588" install-size="5588" />
	<plugin fragment="true" id="org.eclipse.rse.useractions.nl_sv" unpack="false" version="3.5.0.v20090620043401" download-size="3437" install-size="3437" />
	<plugin fragment="true" id="org.eclipse.tm.discovery.doc.isv.nl_sv" unpack="false" version="3.5.0.v20090620043401" download-size="1380" install-size="1380" />
	<plugin fragment="true" id="org.eclipse.tm.discovery.engine.nl_sv" unpack="false" version="3.5.0.v20090620043401" download-size="1380" install-size="1380" />
	<plugin fragment="true" id="org.eclipse.tm.discovery.model.edit.nl_sv" unpack="false" version="3.5.0.v20090620043401" download-size="1382" install-size="1382" />
	<plugin fragment="true" id="org.eclipse.tm.discovery.model.nl_sv" unpack="false" version="3.5.0.v20090620043401" download-size="1380" install-size="1380" />
	<plugin fragment="true" id="org.eclipse.tm.discovery.protocol.dnssd.nl_sv" unpack="false" version="3.5.0.v20090620043401" download-size="1384" install-size="1384" />
	<plugin fragment="true" id="org.eclipse.tm.discovery.transport.udp.nl_sv" unpack="false" version="3.5.0.v20090620043401" download-size="1385" install-size="1385" />
	<plugin fragment="true" id="org.eclipse.tm.discovery.view.nl_sv" unpack="false" version="3.5.0.v20090620043401" download-size="2511" install-size="2511" />
	<plugin fragment="true" id="org.eclipse.tm.discovery.wizard.nl_sv" unpack="false" version="3.5.0.v20090620043401" download-size="2560" install-size="2560" />
	<plugin fragment="true" id="org.eclipse.tm.rapi.examples.nl_sv" unpack="false" version="3.5.0.v20090620043401" download-size="1378" install-size="1378" />
	<plugin fragment="true" id="org.eclipse.tm.rapi.nl_sv" unpack="false" version="3.5.0.v20090620043401" download-size="1372" install-size="1372" />
	<plugin fragment="true" id="org.eclipse.tm.rapi.tests.nl_sv" unpack="false" version="3.5.0.v20090620043401" download-size="1375" install-size="1375" />
	<plugin fragment="true" id="org.eclipse.tm.terminal.nl_sv" unpack="false" version="3.5.0.v20090620043401" download-size="2626" install-size="2626" />
	<plugin fragment="true" id="org.eclipse.tm.terminal.serial.nl_sv" unpack="false" version="3.5.0.v20090620043401" download-size="2394" install-size="2394" />
	<plugin fragment="true" id="org.eclipse.tm.terminal.ssh.nl_sv" unpack="false" version="3.5.0.v20090620043401" download-size="2816" install-size="2816" />
	<plugin fragment="true" id="org.eclipse.tm.terminal.telnet.nl_sv" unpack="false" version="3.5.0.v20090620043401" download-size="2409" install-size="2409" />
	<plugin fragment="true" id="org.eclipse.tm.terminal.test.nl_sv" unpack="false" version="3.5.0.v20090620043401" download-size="1378" install-size="1378" />
	<plugin fragment="true" id="org.eclipse.tm.terminal.view.nl_sv" unpack="false" version="3.5.0.v20090620043401" download-size="2932" install-size="2932" />
	<plugin fragment="true" id="test.data.nl_sv" unpack="false" version="3.5.0.v20090620043401" download-size="2765" install-size="2765" />
</feature>