<?xml version="1.0" encoding="UTF-8" ?>
<feature
	id="org.eclipse.babel.nls_eclipse_nl"
	label="Babel Language Pack for eclipse in Dutch (75.91%)"
	image="eclipse_update_120.jpg"
	provider-name="%providerName"
	version="3.5.0.v20090620043401">
	<copyright>
		%copyright
	</copyright>
	<license url="%licenseURL">
		%license
	</license>
	<description>Babel Language Pack for eclipse in Dutch</description>
	<plugin fragment="true" id="org.eclipse.ant.core.nl_nl" unpack="false" version="3.5.0.v20090620043401" download-size="4430" install-size="4430" />
	<plugin fragment="true" id="org.eclipse.ant.tests.core.nl_nl" unpack="false" version="3.5.0.v20090620043401" download-size="1609" install-size="1609" />
	<plugin fragment="true" id="org.eclipse.ant.tests.ui.nl_nl" unpack="false" version="3.5.0.v20090620043401" download-size="1366" install-size="1366" />
	<plugin fragment="true" id="org.eclipse.ant.ui.nl_nl" unpack="false" version="3.5.0.v20090620043401" download-size="24198" install-size="24198" />
	<plugin fragment="true" id="org.eclipse.compare.core.nl_nl" unpack="false" version="3.5.0.v20090620043401" download-size="2335" install-size="2335" />
	<plugin fragment="true" id="org.eclipse.compare.examples.nl_nl" unpack="false" version="3.5.0.v20090620043401" download-size="2340" install-size="2340" />
	<plugin fragment="true" id="org.eclipse.compare.examples.xml.nl_nl" unpack="false" version="3.5.0.v20090620043401" download-size="2537" install-size="2537" />
	<plugin fragment="true" id="org.eclipse.compare.nl_nl" unpack="false" version="3.5.0.v20090620043401" download-size="12347" install-size="12347" />
	<plugin fragment="true" id="org.eclipse.compare.tests.nl_nl" unpack="false" version="3.5.0.v20090620043401" download-size="1600" install-size="1600" />
	<plugin fragment="true" id="org.eclipse.compare.win32.nl_nl" unpack="false" version="3.5.0.v20090620043401" download-size="2547" install-size="2547" />
	<plugin fragment="true" id="org.eclipse.core.boot.nl_nl" unpack="false" version="3.5.0.v20090620043401" download-size="1376" install-size="1376" />
	<plugin fragment="true" id="org.eclipse.core.commands.nl_nl" unpack="false" version="3.5.0.v20090620043401" download-size="1379" install-size="1379" />
	<plugin fragment="true" id="org.eclipse.core.contenttype.nl_nl" unpack="false" version="3.5.0.v20090620043401" download-size="2594" install-size="2594" />
	<plugin fragment="true" id="org.eclipse.core.databinding.beans.nl_nl" unpack="false" version="3.5.0.v20090620043401" download-size="1373" install-size="1373" />
	<plugin fragment="true" id="org.eclipse.core.databinding.nl_nl" unpack="false" version="3.5.0.v20090620043401" download-size="2250" install-size="2250" />
	<plugin fragment="true" id="org.eclipse.core.databinding.observable.nl_nl" unpack="false" version="3.5.0.v20090620043401" download-size="1377" install-size="1377" />
	<plugin fragment="true" id="org.eclipse.core.databinding.property.nl_nl" unpack="false" version="3.5.0.v20090620043401" download-size="1375" install-size="1375" />
	<plugin fragment="true" id="org.eclipse.core.expressions.nl_nl" unpack="false" version="3.5.0.v20090620043401" download-size="2807" install-size="2807" />
	<plugin fragment="true" id="org.eclipse.core.expressions.tests.nl_nl" unpack="false" version="3.5.0.v20090620043401" download-size="1372" install-size="1372" />
	<plugin fragment="true" id="org.eclipse.core.filebuffers.nl_nl" unpack="false" version="3.5.0.v20090620043401" download-size="3912" install-size="3912" />
	<plugin fragment="true" id="org.eclipse.core.filebuffers.tests.nl_nl" unpack="false" version="3.5.0.v20090620043401" download-size="1378" install-size="1378" />
	<plugin fragment="true" id="org.eclipse.core.filesystem.nl_nl" unpack="false" version="3.5.0.v20090620043401" download-size="2889" install-size="2889" />
	<plugin fragment="true" id="org.eclipse.core.jobs.nl_nl" unpack="false" version="3.5.0.v20090620043401" download-size="2391" install-size="2391" />
	<plugin fragment="true" id="org.eclipse.core.net.linux.x86.nl_nl" unpack="false" version="3.5.0.v20090620043401" download-size="1375" install-size="1375" />
	<plugin fragment="true" id="org.eclipse.core.net.nl_nl" unpack="false" version="3.5.0.v20090620043401" download-size="1396" install-size="1396" />
	<plugin fragment="true" id="org.eclipse.core.net.win32.x86.nl_nl" unpack="false" version="3.5.0.v20090620043401" download-size="1376" install-size="1376" />
	<plugin fragment="true" id="org.eclipse.core.resources.nl_nl" unpack="false" version="3.5.0.v20090620043401" download-size="8467" install-size="8467" />
	<plugin fragment="true" id="org.eclipse.core.runtime.compatibility.auth.nl_nl" unpack="false" version="3.5.0.v20090620043401" download-size="2696" install-size="2696" />
	<plugin fragment="true" id="org.eclipse.core.runtime.compatibility.nl_nl" unpack="false" version="3.5.0.v20090620043401" download-size="2430" install-size="2430" />
	<plugin fragment="true" id="org.eclipse.core.runtime.nl_nl" unpack="false" version="3.5.0.v20090620043401" download-size="3623" install-size="3623" />
	<plugin fragment="true" id="org.eclipse.core.variables.nl_nl" unpack="false" version="3.5.0.v20090620043401" download-size="2523" install-size="2523" />
	<plugin fragment="true" id="org.eclipse.cvs.nl_nl" unpack="false" version="3.5.0.v20090620043401" download-size="1360" install-size="1360" />
	<plugin fragment="true" id="org.eclipse.debug.core.nl_nl" unpack="false" version="3.5.0.v20090620043401" download-size="6269" install-size="6269" />
	<plugin fragment="true" id="org.eclipse.debug.examples.ui.nl_nl" unpack="false" version="3.5.0.v20090620043401" download-size="2364" install-size="2364" />
	<plugin fragment="true" id="org.eclipse.debug.ui.nl_nl" unpack="false" version="3.5.0.v20090620043401" download-size="29357" install-size="29357" />
	<plugin fragment="true" id="org.eclipse.equinox.app.nl_nl" unpack="false" version="3.5.0.v20090620043401" download-size="2749" install-size="2749" />
	<plugin fragment="true" id="org.eclipse.equinox.cm.nl_nl" unpack="false" version="3.5.0.v20090620043401" download-size="1366" install-size="1366" />
	<plugin fragment="true" id="org.eclipse.equinox.common.nl_nl" unpack="false" version="3.5.0.v20090620043401" download-size="3125" install-size="3125" />
	<plugin fragment="true" id="org.eclipse.equinox.concurrent.nl_nl" unpack="false" version="3.5.0.v20090620043401" download-size="1372" install-size="1372" />
	<plugin fragment="true" id="org.eclipse.equinox.device.nl_nl" unpack="false" version="3.5.0.v20090620043401" download-size="3045" install-size="3045" />
	<plugin fragment="true" id="org.eclipse.equinox.ds.nl_nl" unpack="false" version="3.5.0.v20090620043401" download-size="1366" install-size="1366" />
	<plugin fragment="true" id="org.eclipse.equinox.event.nl_nl" unpack="false" version="3.5.0.v20090620043401" download-size="2858" install-size="2858" />
	<plugin fragment="true" id="org.eclipse.equinox.http.jetty5.nl_nl" unpack="false" version="3.5.0.v20090620043401" download-size="1372" install-size="1372" />
	<plugin fragment="true" id="org.eclipse.equinox.http.jetty6.nl_nl" unpack="false" version="3.5.0.v20090620043401" download-size="1372" install-size="1372" />
	<plugin fragment="true" id="org.eclipse.equinox.http.nl_nl" unpack="false" version="3.5.0.v20090620043401" download-size="4087" install-size="4087" />
	<plugin fragment="true" id="org.eclipse.equinox.http.registry.nl_nl" unpack="false" version="3.5.0.v20090620043401" download-size="1372" install-size="1372" />
	<plugin fragment="true" id="org.eclipse.equinox.http.servlet.nl_nl" unpack="false" version="3.5.0.v20090620043401" download-size="1373" install-size="1373" />
	<plugin fragment="true" id="org.eclipse.equinox.http.servletbridge.nl_nl" unpack="false" version="3.5.0.v20090620043401" download-size="1377" install-size="1377" />
	<plugin fragment="true" id="org.eclipse.equinox.io.nl_nl" unpack="false" version="3.5.0.v20090620043401" download-size="1365" install-size="1365" />
	<plugin fragment="true" id="org.eclipse.equinox.ip.nl_nl" unpack="false" version="3.5.0.v20090620043401" download-size="1366" install-size="1366" />
	<plugin fragment="true" id="org.eclipse.equinox.jsp.jasper.nl_nl" unpack="false" version="3.5.0.v20090620043401" download-size="1371" install-size="1371" />
	<plugin fragment="true" id="org.eclipse.equinox.jsp.jasper.registry.nl_nl" unpack="false" version="3.5.0.v20090620043401" download-size="1377" install-size="1377" />
	<plugin fragment="true" id="org.eclipse.equinox.launcher.carbon.macosx.nl_nl" unpack="false" version="3.5.0.v20090620043401" download-size="1410" install-size="1410" />
	<plugin fragment="true" id="org.eclipse.equinox.launcher.cocoa.macosx.nl_nl" unpack="false" version="3.5.0.v20090620043401" download-size="1407" install-size="1407" />
	<plugin fragment="true" id="org.eclipse.equinox.launcher.gtk.linux.ppc.nl_nl" unpack="false" version="3.5.0.v20090620043401" download-size="1410" install-size="1410" />
	<plugin fragment="true" id="org.eclipse.equinox.launcher.gtk.linux.s390.nl_nl" unpack="false" version="3.5.0.v20090620043401" download-size="1413" install-size="1413" />
	<plugin fragment="true" id="org.eclipse.equinox.launcher.gtk.linux.s390x.nl_nl" unpack="false" version="3.5.0.v20090620043401" download-size="1416" install-size="1416" />
	<plugin fragment="true" id="org.eclipse.equinox.launcher.gtk.linux.x86.nl_nl" unpack="false" version="3.5.0.v20090620043401" download-size="1411" install-size="1411" />
	<plugin fragment="true" id="org.eclipse.equinox.launcher.gtk.solaris.sparc.nl_nl" unpack="false" version="3.5.0.v20090620043401" download-size="1421" install-size="1421" />
	<plugin fragment="true" id="org.eclipse.equinox.launcher.gtk.solaris.x86.nl_nl" unpack="false" version="3.5.0.v20090620043401" download-size="1416" install-size="1416" />
	<plugin fragment="true" id="org.eclipse.equinox.launcher.motif.aix.ppc.nl_nl" unpack="false" version="3.5.0.v20090620043401" download-size="1410" install-size="1410" />
	<plugin fragment="true" id="org.eclipse.equinox.launcher.motif.linux.x86.nl_nl" unpack="false" version="3.5.0.v20090620043401" download-size="1415" install-size="1415" />
	<plugin fragment="true" id="org.eclipse.equinox.launcher.motif.solaris.sparc.nl_nl" unpack="false" version="3.5.0.v20090620043401" download-size="1426" install-size="1426" />
	<plugin fragment="true" id="org.eclipse.equinox.launcher.nl_nl" unpack="false" version="3.5.0.v20090620043401" download-size="1374" install-size="1374" />
	<plugin fragment="true" id="org.eclipse.equinox.launcher.win32.win32.ia64.nl_nl" unpack="false" version="3.5.0.v20090620043401" download-size="1416" install-size="1416" />
	<plugin fragment="true" id="org.eclipse.equinox.launcher.win32.win32.x86.nl_nl" unpack="false" version="3.5.0.v20090620043401" download-size="1413" install-size="1413" />
	<plugin fragment="true" id="org.eclipse.equinox.launcher.wpf.win32.x86.nl_nl" unpack="false" version="3.5.0.v20090620043401" download-size="1411" install-size="1411" />
	<plugin fragment="true" id="org.eclipse.equinox.log.nl_nl" unpack="false" version="3.5.0.v20090620043401" download-size="1366" install-size="1366" />
	<plugin fragment="true" id="org.eclipse.equinox.metatype.nl_nl" unpack="false" version="3.5.0.v20090620043401" download-size="2756" install-size="2756" />
	<plugin fragment="true" id="org.eclipse.equinox.preferences.nl_nl" unpack="false" version="3.5.0.v20090620043401" download-size="2997" install-size="2997" />
	<plugin fragment="true" id="org.eclipse.equinox.registry.nl_nl" unpack="false" version="3.5.0.v20090620043401" download-size="3372" install-size="3372" />
	<plugin fragment="true" id="org.eclipse.equinox.security.nl_nl" unpack="false" version="3.5.0.v20090620043401" download-size="2636" install-size="2636" />
	<plugin fragment="true" id="org.eclipse.equinox.security.ui.nl_nl" unpack="false" version="3.5.0.v20090620043401" download-size="3564" install-size="3564" />
	<plugin fragment="true" id="org.eclipse.equinox.servletbridge.nl_nl" unpack="false" version="3.5.0.v20090620043401" download-size="1373" install-size="1373" />
	<plugin fragment="true" id="org.eclipse.equinox.transforms.xslt.nl_nl" unpack="false" version="3.5.0.v20090620043401" download-size="1374" install-size="1374" />
	<plugin fragment="true" id="org.eclipse.equinox.useradmin.nl_nl" unpack="false" version="3.5.0.v20090620043401" download-size="3159" install-size="3159" />
	<plugin fragment="true" id="org.eclipse.equinox.util.nl_nl" unpack="false" version="3.5.0.v20090620043401" download-size="1367" install-size="1367" />
	<plugin fragment="true" id="org.eclipse.equinox.wireadmin.nl_nl" unpack="false" version="3.5.0.v20090620043401" download-size="1371" install-size="1371" />
	<plugin fragment="true" id="org.eclipse.help.appserver.nl_nl" unpack="false" version="3.5.0.v20090620043401" download-size="2540" install-size="2540" />
	<plugin fragment="true" id="org.eclipse.help.base.nl_nl" unpack="false" version="3.5.0.v20090620043401" download-size="3660" install-size="3660" />
	<plugin fragment="true" id="org.eclipse.help.nl_nl" unpack="false" version="3.5.0.v20090620043401" download-size="1476" install-size="1476" />
	<plugin fragment="true" id="org.eclipse.help.ui.nl_nl" unpack="false" version="3.5.0.v20090620043401" download-size="5021" install-size="5021" />
	<plugin fragment="true" id="org.eclipse.help.webapp.nl_nl" unpack="false" version="3.5.0.v20090620043401" download-size="4282" install-size="4282" />
	<plugin fragment="true" id="org.eclipse.jdt.apt.core.nl_nl" unpack="false" version="3.5.0.v20090620043401" download-size="3741" install-size="3741" />
	<plugin fragment="true" id="org.eclipse.jdt.apt.pluggable.core.nl_nl" unpack="false" version="3.5.0.v20090620043401" download-size="1373" install-size="1373" />
	<plugin fragment="true" id="org.eclipse.jdt.apt.pluggable.tests.nl_nl" unpack="false" version="3.5.0.v20090620043401" download-size="1374" install-size="1374" />
	<plugin fragment="true" id="org.eclipse.jdt.apt.tests.nl_nl" unpack="false" version="3.5.0.v20090620043401" download-size="1367" install-size="1367" />
	<plugin fragment="true" id="org.eclipse.jdt.apt.ui.nl_nl" unpack="false" version="3.5.0.v20090620043401" download-size="4483" install-size="4483" />
	<plugin fragment="true" id="org.eclipse.jdt.compiler.apt.tests.nl_nl" unpack="false" version="3.5.0.v20090620043401" download-size="1373" install-size="1373" />
	<plugin fragment="true" id="org.eclipse.jdt.compiler.tool.tests.nl_nl" unpack="false" version="3.5.0.v20090620043401" download-size="1373" install-size="1373" />
	<plugin fragment="true" id="org.eclipse.jdt.core.manipulation.nl_nl" unpack="false" version="3.5.0.v20090620043401" download-size="3303" install-size="3303" />
	<plugin fragment="true" id="org.eclipse.jdt.core.nl_nl" unpack="false" version="3.5.0.v20090620043401" download-size="28300" install-size="28300" />
	<plugin fragment="true" id="org.eclipse.jdt.core.tests.builder.nl_nl" unpack="false" version="3.5.0.v20090620043401" download-size="1373" install-size="1373" />
	<plugin fragment="true" id="org.eclipse.jdt.core.tests.compiler.nl_nl" unpack="false" version="3.5.0.v20090620043401" download-size="1374" install-size="1374" />
	<plugin fragment="true" id="org.eclipse.jdt.core.tests.model.nl_nl" unpack="false" version="3.5.0.v20090620043401" download-size="12018" install-size="12018" />
	<plugin fragment="true" id="org.eclipse.jdt.core.tests.performance.nl_nl" unpack="false" version="3.5.0.v20090620043401" download-size="1375" install-size="1375" />
	<plugin fragment="true" id="org.eclipse.jdt.debug.nl_nl" unpack="false" version="3.5.0.v20090620043401" download-size="20447" install-size="20447" />
	<plugin fragment="true" id="org.eclipse.jdt.debug.tests.nl_nl" unpack="false" version="3.5.0.v20090620043401" download-size="1369" install-size="1369" />
	<plugin fragment="true" id="org.eclipse.jdt.debug.ui.nl_nl" unpack="false" version="3.5.0.v20090620043401" download-size="26562" install-size="26562" />
	<plugin fragment="true" id="org.eclipse.jdt.doc.isv.nl_nl" unpack="false" version="3.5.0.v20090620043401" download-size="1752" install-size="1752" />
	<plugin fragment="true" id="org.eclipse.jdt.doc.user.nl_nl" unpack="false" version="3.5.0.v20090620043401" download-size="1748" install-size="1748" />
	<plugin fragment="true" id="org.eclipse.jdt.junit.nl_nl" unpack="false" version="3.5.0.v20090620043401" download-size="8479" install-size="8479" />
	<plugin fragment="true" id="org.eclipse.jdt.junit.runtime.nl_nl" unpack="false" version="3.5.0.v20090620043401" download-size="2866" install-size="2866" />
	<plugin fragment="true" id="org.eclipse.jdt.junit4.runtime.nl_nl" unpack="false" version="3.5.0.v20090620043401" download-size="1411" install-size="1411" />
	<plugin fragment="true" id="org.eclipse.jdt.launching.macosx.nl_nl" unpack="false" version="3.5.0.v20090620043401" download-size="1373" install-size="1373" />
	<plugin fragment="true" id="org.eclipse.jdt.launching.nl_nl" unpack="false" version="3.5.0.v20090620043401" download-size="6341" install-size="6341" />
	<plugin fragment="true" id="org.eclipse.jdt.launching.ui.macosx.nl_nl" unpack="false" version="3.5.0.v20090620043401" download-size="2574" install-size="2574" />
	<plugin fragment="true" id="org.eclipse.jdt.nl_nl" unpack="false" version="3.5.0.v20090620043401" download-size="1391" install-size="1391" />
	<plugin fragment="true" id="org.eclipse.jdt.text.tests.nl_nl" unpack="false" version="3.5.0.v20090620043401" download-size="1373" install-size="1373" />
	<plugin fragment="true" id="org.eclipse.jdt.ui.examples.projects.nl_nl" unpack="false" version="3.5.0.v20090620043401" download-size="2680" install-size="2680" />
	<plugin fragment="true" id="org.eclipse.jdt.ui.nl_nl" unpack="false" version="3.5.0.v20090620043401" download-size="150010" install-size="150010" />
	<plugin fragment="true" id="org.eclipse.jdt.ui.tests.nl_nl" unpack="false" version="3.5.0.v20090620043401" download-size="1371" install-size="1371" />
	<plugin fragment="true" id="org.eclipse.jdt.ui.tests.refactoring.nl_nl" unpack="false" version="3.5.0.v20090620043401" download-size="1379" install-size="1379" />
	<plugin fragment="true" id="org.eclipse.jface.databinding.nl_nl" unpack="false" version="3.5.0.v20090620043401" download-size="1393" install-size="1393" />
	<plugin fragment="true" id="org.eclipse.jface.examples.databinding.nl_nl" unpack="false" version="3.5.0.v20090620043401" download-size="1377" install-size="1377" />
	<plugin fragment="true" id="org.eclipse.jface.nl_nl" unpack="false" version="3.5.0.v20090620043401" download-size="9699" install-size="9699" />
	<plugin fragment="true" id="org.eclipse.jface.tests.databinding.conformance.nl_nl" unpack="false" version="3.5.0.v20090620043401" download-size="1382" install-size="1382" />
	<plugin fragment="true" id="org.eclipse.jface.tests.databinding.nl_nl" unpack="false" version="3.5.0.v20090620043401" download-size="1374" install-size="1374" />
	<plugin fragment="true" id="org.eclipse.jface.text.nl_nl" unpack="false" version="3.5.0.v20090620043401" download-size="10709" install-size="10709" />
	<plugin fragment="true" id="org.eclipse.jface.text.tests.nl_nl" unpack="false" version="3.5.0.v20090620043401" download-size="1374" install-size="1374" />
	<plugin fragment="true" id="org.eclipse.jsch.core.nl_nl" unpack="false" version="3.5.0.v20090620043401" download-size="2303" install-size="2303" />
	<plugin fragment="true" id="org.eclipse.jsch.ui.nl_nl" unpack="false" version="3.5.0.v20090620043401" download-size="3705" install-size="3705" />
	<plugin fragment="true" id="org.eclipse.ltk.core.refactoring.nl_nl" unpack="false" version="3.5.0.v20090620043401" download-size="4504" install-size="4504" />
	<plugin fragment="true" id="org.eclipse.ltk.core.refactoring.tests.nl_nl" unpack="false" version="3.5.0.v20090620043401" download-size="1375" install-size="1375" />
	<plugin fragment="true" id="org.eclipse.ltk.ui.refactoring.nl_nl" unpack="false" version="3.5.0.v20090620043401" download-size="7948" install-size="7948" />
	<plugin fragment="true" id="org.eclipse.ltk.ui.refactoring.tests.nl_nl" unpack="false" version="3.5.0.v20090620043401" download-size="1374" install-size="1374" />
	<plugin fragment="true" id="org.eclipse.osgi.nl_nl" unpack="false" version="3.5.0.v20090620043401" download-size="9891" install-size="9891" />
	<plugin fragment="true" id="org.eclipse.osgi.services.nl_nl" unpack="false" version="3.5.0.v20090620043401" download-size="1542" install-size="1542" />
	<plugin fragment="true" id="org.eclipse.osgi.util.nl_nl" unpack="false" version="3.5.0.v20090620043401" download-size="1540" install-size="1540" />
	<plugin fragment="true" id="org.eclipse.pde.api.tools.nl_nl" unpack="false" version="3.5.0.v20090620043401" download-size="3157" install-size="3157" />
	<plugin fragment="true" id="org.eclipse.pde.api.tools.ui.nl_nl" unpack="false" version="3.5.0.v20090620043401" download-size="5218" install-size="5218" />
	<plugin fragment="true" id="org.eclipse.pde.build.nl_nl" unpack="false" version="3.5.0.v20090620043401" download-size="5077" install-size="5077" />
	<plugin fragment="true" id="org.eclipse.pde.build.tests.nl_nl" unpack="false" version="3.5.0.v20090620043401" download-size="1390" install-size="1390" />
	<plugin fragment="true" id="org.eclipse.pde.core.nl_nl" unpack="false" version="3.5.0.v20090620043401" download-size="7187" install-size="7187" />
	<plugin fragment="true" id="org.eclipse.pde.doc.user.nl_nl" unpack="false" version="3.5.0.v20090620043401" download-size="1741" install-size="1741" />
	<plugin fragment="true" id="org.eclipse.pde.ds.core.nl_nl" unpack="false" version="3.5.0.v20090620043401" download-size="2356" install-size="2356" />
	<plugin fragment="true" id="org.eclipse.pde.ds.tests.nl_nl" unpack="false" version="3.5.0.v20090620043401" download-size="1366" install-size="1366" />
	<plugin fragment="true" id="org.eclipse.pde.ds.ui.nl_nl" unpack="false" version="3.5.0.v20090620043401" download-size="2863" install-size="2863" />
	<plugin fragment="true" id="org.eclipse.pde.junit.runtime.nl_nl" unpack="false" version="3.5.0.v20090620043401" download-size="1399" install-size="1399" />
	<plugin fragment="true" id="org.eclipse.pde.nl_nl" unpack="false" version="3.5.0.v20090620043401" download-size="1376" install-size="1376" />
	<plugin fragment="true" id="org.eclipse.pde.runtime.nl_nl" unpack="false" version="3.5.0.v20090620043401" download-size="2674" install-size="2674" />
	<plugin fragment="true" id="org.eclipse.pde.tools.versioning.nl_nl" unpack="false" version="3.5.0.v20090620043401" download-size="1379" install-size="1379" />
	<plugin fragment="true" id="org.eclipse.pde.ua.core.nl_nl" unpack="false" version="3.5.0.v20090620043401" download-size="1366" install-size="1366" />
	<plugin fragment="true" id="org.eclipse.pde.ua.ui.nl_nl" unpack="false" version="3.5.0.v20090620043401" download-size="10698" install-size="10698" />
	<plugin fragment="true" id="org.eclipse.pde.ui.nl_nl" unpack="false" version="3.5.0.v20090620043401" download-size="33504" install-size="33504" />
	<plugin fragment="true" id="org.eclipse.pde.ui.templates.nl_nl" unpack="false" version="3.5.0.v20090620043401" download-size="2665" install-size="2665" />
	<plugin fragment="true" id="org.eclipse.platform.doc.isv.nl_nl" unpack="false" version="3.5.0.v20090620043401" download-size="1420" install-size="1420" />
	<plugin fragment="true" id="org.eclipse.platform.doc.user.nl_nl" unpack="false" version="3.5.0.v20090620043401" download-size="1422" install-size="1422" />
	<plugin fragment="true" id="org.eclipse.platform.nl_nl" unpack="false" version="3.5.0.v20090620043401" download-size="2328" install-size="2328" />
	<plugin fragment="true" id="org.eclipse.rcp.nl_nl" unpack="false" version="3.5.0.v20090620043401" download-size="1695" install-size="1695" />
	<plugin fragment="true" id="org.eclipse.releng.tools.nl_nl" unpack="false" version="3.5.0.v20090620043401" download-size="2208" install-size="2208" />
	<plugin fragment="true" id="org.eclipse.sdk.examples.nl_nl" unpack="false" version="3.5.0.v20090620043401" download-size="1694" install-size="1694" />
	<plugin fragment="true" id="org.eclipse.sdk.nl_nl" unpack="false" version="3.5.0.v20090620043401" download-size="2634" install-size="2634" />
	<plugin fragment="true" id="org.eclipse.sdk.tests.nl_nl" unpack="false" version="3.5.0.v20090620043401" download-size="1690" install-size="1690" />
	<plugin fragment="true" id="org.eclipse.search.nl_nl" unpack="false" version="3.5.0.v20090620043401" download-size="7612" install-size="7612" />
	<plugin fragment="true" id="org.eclipse.search.tests.nl_nl" unpack="false" version="3.5.0.v20090620043401" download-size="1366" install-size="1366" />
	<plugin fragment="true" id="org.eclipse.swt.examples.browser.demos.nl_nl" unpack="false" version="3.5.0.v20090620043401" download-size="1376" install-size="1376" />
	<plugin fragment="true" id="org.eclipse.swt.examples.browser.nl_nl" unpack="false" version="3.5.0.v20090620043401" download-size="1407" install-size="1407" />
	<plugin fragment="true" id="org.eclipse.swt.examples.controls.nl_nl" unpack="false" version="3.5.0.v20090620043401" download-size="1372" install-size="1372" />
	<plugin fragment="true" id="org.eclipse.swt.examples.launcher.nl_nl" unpack="false" version="3.5.0.v20090620043401" download-size="1460" install-size="1460" />
	<plugin fragment="true" id="org.eclipse.swt.examples.layouts.nl_nl" unpack="false" version="3.5.0.v20090620043401" download-size="1373" install-size="1373" />
	<plugin fragment="true" id="org.eclipse.swt.examples.nl_nl" unpack="false" version="3.5.0.v20090620043401" download-size="6171" install-size="6171" />
	<plugin fragment="true" id="org.eclipse.swt.examples.ole.win32.nl_nl" unpack="false" version="3.5.0.v20090620043401" download-size="1459" install-size="1459" />
	<plugin fragment="true" id="org.eclipse.swt.examples.paint.nl_nl" unpack="false" version="3.5.0.v20090620043401" download-size="1371" install-size="1371" />
	<plugin fragment="true" id="org.eclipse.swt.nl_nl" unpack="false" version="3.5.0.v20090620043401" download-size="2307" install-size="2307" />
	<plugin fragment="true" id="org.eclipse.swt.tests.nl_nl" unpack="false" version="3.5.0.v20090620043401" download-size="1377" install-size="1377" />
	<plugin fragment="true" id="org.eclipse.swt.tools.nl_nl" unpack="false" version="3.5.0.v20090620043401" download-size="1364" install-size="1364" />
	<plugin fragment="true" id="org.eclipse.team.core.nl_nl" unpack="false" version="3.5.0.v20090620043401" download-size="4318" install-size="4318" />
	<plugin fragment="true" id="org.eclipse.team.cvs.core.nl_nl" unpack="false" version="3.5.0.v20090620043401" download-size="7857" install-size="7857" />
	<plugin fragment="true" id="org.eclipse.team.cvs.ssh.nl_nl" unpack="false" version="3.5.0.v20090620043401" download-size="3070" install-size="3070" />
	<plugin fragment="true" id="org.eclipse.team.cvs.ssh2.nl_nl" unpack="false" version="3.5.0.v20090620043401" download-size="3472" install-size="3472" />
	<plugin fragment="true" id="org.eclipse.team.cvs.ui.nl_nl" unpack="false" version="3.5.0.v20090620043401" download-size="24735" install-size="24735" />
	<plugin fragment="true" id="org.eclipse.team.examples.filesystem.nl_nl" unpack="false" version="3.5.0.v20090620043401" download-size="2328" install-size="2328" />
	<plugin fragment="true" id="org.eclipse.team.tests.cvs.core.nl_nl" unpack="false" version="3.5.0.v20090620043401" download-size="1426" install-size="1426" />
	<plugin fragment="true" id="org.eclipse.team.ui.nl_nl" unpack="false" version="3.5.0.v20090620043401" download-size="12115" install-size="12115" />
	<plugin fragment="true" id="org.eclipse.text.nl_nl" unpack="false" version="3.5.0.v20090620043401" download-size="3767" install-size="3767" />
	<plugin fragment="true" id="org.eclipse.text.tests.nl_nl" unpack="false" version="3.5.0.v20090620043401" download-size="1370" install-size="1370" />
	<plugin fragment="true" id="org.eclipse.ui.browser.nl_nl" unpack="false" version="3.5.0.v20090620043401" download-size="3607" install-size="3607" />
	<plugin fragment="true" id="org.eclipse.ui.cheatsheets.nl_nl" unpack="false" version="3.5.0.v20090620043401" download-size="5563" install-size="5563" />
	<plugin fragment="true" id="org.eclipse.ui.console.nl_nl" unpack="false" version="3.5.0.v20090620043401" download-size="3366" install-size="3366" />
	<plugin fragment="true" id="org.eclipse.ui.editors.nl_nl" unpack="false" version="3.5.0.v20090620043401" download-size="11878" install-size="11878" />
	<plugin fragment="true" id="org.eclipse.ui.editors.tests.nl_nl" unpack="false" version="3.5.0.v20090620043401" download-size="1374" install-size="1374" />
	<plugin fragment="true" id="org.eclipse.ui.examples.contributions.nl_nl" unpack="false" version="3.5.0.v20090620043401" download-size="1603" install-size="1603" />
	<plugin fragment="true" id="org.eclipse.ui.examples.fieldassist.nl_nl" unpack="false" version="3.5.0.v20090620043401" download-size="2280" install-size="2280" />
	<plugin fragment="true" id="org.eclipse.ui.examples.javaeditor.nl_nl" unpack="false" version="3.5.0.v20090620043401" download-size="2361" install-size="2361" />
	<plugin fragment="true" id="org.eclipse.ui.examples.multipageeditor.nl_nl" unpack="false" version="3.5.0.v20090620043401" download-size="2309" install-size="2309" />
	<plugin fragment="true" id="org.eclipse.ui.examples.propertysheet.nl_nl" unpack="false" version="3.5.0.v20090620043401" download-size="2373" install-size="2373" />
	<plugin fragment="true" id="org.eclipse.ui.examples.readmetool.nl_nl" unpack="false" version="3.5.0.v20090620043401" download-size="2316" install-size="2316" />
	<plugin fragment="true" id="org.eclipse.ui.examples.undo.nl_nl" unpack="false" version="3.5.0.v20090620043401" download-size="2223" install-size="2223" />
	<plugin fragment="true" id="org.eclipse.ui.examples.views.properties.tabbed.article.nl_nl" unpack="false" version="3.5.0.v20090620043401" download-size="1444" install-size="1444" />
	<plugin fragment="true" id="org.eclipse.ui.externaltools.nl_nl" unpack="false" version="3.5.0.v20090620043401" download-size="8690" install-size="8690" />
	<plugin fragment="true" id="org.eclipse.ui.forms.nl_nl" unpack="false" version="3.5.0.v20090620043401" download-size="2419" install-size="2419" />
	<plugin fragment="true" id="org.eclipse.ui.ide.application.nl_nl" unpack="false" version="3.5.0.v20090620043401" download-size="1514" install-size="1514" />
	<plugin fragment="true" id="org.eclipse.ui.ide.nl_nl" unpack="false" version="3.5.0.v20090620043401" download-size="28656" install-size="28656" />
	<plugin fragment="true" id="org.eclipse.ui.intro.nl_nl" unpack="false" version="3.5.0.v20090620043401" download-size="3618" install-size="3618" />
	<plugin fragment="true" id="org.eclipse.ui.intro.universal.nl_nl" unpack="false" version="3.5.0.v20090620043401" download-size="5831" install-size="5831" />
	<plugin fragment="true" id="org.eclipse.ui.navigator.nl_nl" unpack="false" version="3.5.0.v20090620043401" download-size="3749" install-size="3749" />
	<plugin fragment="true" id="org.eclipse.ui.navigator.resources.nl_nl" unpack="false" version="3.5.0.v20090620043401" download-size="3456" install-size="3456" />
	<plugin fragment="true" id="org.eclipse.ui.net.nl_nl" unpack="false" version="3.5.0.v20090620043401" download-size="2386" install-size="2386" />
	<plugin fragment="true" id="org.eclipse.ui.nl_nl" unpack="false" version="3.5.0.v20090620043401" download-size="4822" install-size="4822" />
	<plugin fragment="true" id="org.eclipse.ui.presentations.r21.nl_nl" unpack="false" version="3.5.0.v20090620043401" download-size="2515" install-size="2515" />
	<plugin fragment="true" id="org.eclipse.ui.tests.views.properties.tabbed.nl_nl" unpack="false" version="3.5.0.v20090620043401" download-size="1411" install-size="1411" />
	<plugin fragment="true" id="org.eclipse.ui.views.log.nl_nl" unpack="false" version="3.5.0.v20090620043401" download-size="2758" install-size="2758" />
	<plugin fragment="true" id="org.eclipse.ui.views.nl_nl" unpack="false" version="3.5.0.v20090620043401" download-size="3186" install-size="3186" />
	<plugin fragment="true" id="org.eclipse.ui.views.properties.tabbed.nl_nl" unpack="false" version="3.5.0.v20090620043401" download-size="3053" install-size="3053" />
	<plugin fragment="true" id="org.eclipse.ui.workbench.nl_nl" unpack="false" version="3.5.0.v20090620043401" download-size="26916" install-size="26916" />
	<plugin fragment="true" id="org.eclipse.ui.workbench.texteditor.nl_nl" unpack="false" version="3.5.0.v20090620043401" download-size="11373" install-size="11373" />
	<plugin fragment="true" id="org.eclipse.ui.workbench.texteditor.tests.nl_nl" unpack="false" version="3.5.0.v20090620043401" download-size="1383" install-size="1383" />
	<plugin fragment="true" id="org.eclipse.update.configurator.nl_nl" unpack="false" version="3.5.0.v20090620043401" download-size="3390" install-size="3390" />
	<plugin fragment="true" id="org.eclipse.update.core.nl_nl" unpack="false" version="3.5.0.v20090620043401" download-size="8200" install-size="8200" />
	<plugin fragment="true" id="org.eclipse.update.scheduler.nl_nl" unpack="false" version="3.5.0.v20090620043401" download-size="2846" install-size="2846" />
	<plugin fragment="true" id="org.eclipse.update.tests.core.nl_nl" unpack="false" version="3.5.0.v20090620043401" download-size="1370" install-size="1370" />
	<plugin fragment="true" id="org.eclipse.update.ui.nl_nl" unpack="false" version="3.5.0.v20090620043401" download-size="8657" install-size="8657" />
	<plugin fragment="true" id="org.junit4.nl_nl" unpack="false" version="3.5.0.v20090620043401" download-size="1359" install-size="1359" />
	<plugin fragment="true" id="security.a.nl_nl" unpack="false" version="3.5.0.v20090620043401" download-size="1366" install-size="1366" />
</feature>