<?xml version="1.0" encoding="UTF-8" ?>
<feature
	id="org.eclipse.babel.nls_dsdp.tm_da"
	label="Babel Language Pack for dsdp.tm in Danish (20.76%)"
	image="eclipse_update_120.jpg"
	provider-name="%providerName"
	version="3.5.0.v20090620043401">
	<copyright>
		%copyright
	</copyright>
	<license url="%licenseURL">
		%license
	</license>
	<description>Babel Language Pack for dsdp.tm in Danish</description>
	<plugin fragment="true" id="org.eclipse.dstore.core.nl_da" unpack="false" version="3.5.0.v20090620043401" download-size="1373" install-size="1373" />
	<plugin fragment="true" id="org.eclipse.dstore.doc.isv.nl_da" unpack="false" version="3.5.0.v20090620043401" download-size="1376" install-size="1376" />
	<plugin fragment="true" id="org.eclipse.dstore.extra.nl_da" unpack="false" version="3.5.0.v20090620043401" download-size="1374" install-size="1374" />
	<plugin fragment="true" id="org.eclipse.rse.connectorservice.dstore.nl_da" unpack="false" version="3.5.0.v20090620043401" download-size="1383" install-size="1383" />
	<plugin fragment="true" id="org.eclipse.rse.connectorservice.local.nl_da" unpack="false" version="3.5.0.v20090620043401" download-size="1383" install-size="1383" />
	<plugin fragment="true" id="org.eclipse.rse.connectorservice.ssh.nl_da" unpack="false" version="3.5.0.v20090620043401" download-size="2695" install-size="2695" />
	<plugin fragment="true" id="org.eclipse.rse.connectorservice.telnet.nl_da" unpack="false" version="3.5.0.v20090620043401" download-size="1383" install-size="1383" />
	<plugin fragment="true" id="org.eclipse.rse.core.nl_da" unpack="false" version="3.5.0.v20090620043401" download-size="2394" install-size="2394" />
	<plugin fragment="true" id="org.eclipse.rse.discovery.nl_da" unpack="false" version="3.5.0.v20090620043401" download-size="2212" install-size="2212" />
	<plugin fragment="true" id="org.eclipse.rse.doc.isv.nl_da" unpack="false" version="3.5.0.v20090620043401" download-size="1374" install-size="1374" />
	<plugin fragment="true" id="org.eclipse.rse.doc.user.nl_da" unpack="false" version="3.5.0.v20090620043401" download-size="1374" install-size="1374" />
	<plugin fragment="true" id="org.eclipse.rse.dstore.security.nl_da" unpack="false" version="3.5.0.v20090620043401" download-size="2567" install-size="2567" />
	<plugin fragment="true" id="org.eclipse.rse.efs.nl_da" unpack="false" version="3.5.0.v20090620043401" download-size="1371" install-size="1371" />
	<plugin fragment="true" id="org.eclipse.rse.efs.ui.nl_da" unpack="false" version="3.5.0.v20090620043401" download-size="1373" install-size="1373" />
	<plugin fragment="true" id="org.eclipse.rse.examples.daytime.nl_da" unpack="false" version="3.5.0.v20090620043401" download-size="1379" install-size="1379" />
	<plugin fragment="true" id="org.eclipse.rse.examples.tutorial.nl_da" unpack="false" version="3.5.0.v20090620043401" download-size="1677" install-size="1677" />
	<plugin fragment="true" id="org.eclipse.rse.files.ui.nl_da" unpack="false" version="3.5.0.v20090620043401" download-size="3212" install-size="3212" />
	<plugin fragment="true" id="org.eclipse.rse.importexport.nl_da" unpack="false" version="3.5.0.v20090620043401" download-size="3936" install-size="3936" />
	<plugin fragment="true" id="org.eclipse.rse.nl_da" unpack="false" version="3.5.0.v20090620043401" download-size="1367" install-size="1367" />
	<plugin fragment="true" id="org.eclipse.rse.processes.ui.nl_da" unpack="false" version="3.5.0.v20090620043401" download-size="3058" install-size="3058" />
	<plugin fragment="true" id="org.eclipse.rse.remotecdt.nl_da" unpack="false" version="3.5.0.v20090620043401" download-size="2296" install-size="2296" />
	<plugin fragment="true" id="org.eclipse.rse.sdk.nl_da" unpack="false" version="3.5.0.v20090620043401" download-size="1371" install-size="1371" />
	<plugin fragment="true" id="org.eclipse.rse.services.dstore.nl_da" unpack="false" version="3.5.0.v20090620043401" download-size="1594" install-size="1594" />
	<plugin fragment="true" id="org.eclipse.rse.services.files.ftp.nl_da" unpack="false" version="3.5.0.v20090620043401" download-size="2603" install-size="2603" />
	<plugin fragment="true" id="org.eclipse.rse.services.local.nl_da" unpack="false" version="3.5.0.v20090620043401" download-size="1378" install-size="1378" />
	<plugin fragment="true" id="org.eclipse.rse.services.nl_da" unpack="false" version="3.5.0.v20090620043401" download-size="3086" install-size="3086" />
	<plugin fragment="true" id="org.eclipse.rse.services.ssh.nl_da" unpack="false" version="3.5.0.v20090620043401" download-size="1374" install-size="1374" />
	<plugin fragment="true" id="org.eclipse.rse.services.telnet.nl_da" unpack="false" version="3.5.0.v20090620043401" download-size="1378" install-size="1378" />
	<plugin fragment="true" id="org.eclipse.rse.shells.ui.nl_da" unpack="false" version="3.5.0.v20090620043401" download-size="2594" install-size="2594" />
	<plugin fragment="true" id="org.eclipse.rse.subsystems.files.core.nl_da" unpack="false" version="3.5.0.v20090620043401" download-size="2848" install-size="2848" />
	<plugin fragment="true" id="org.eclipse.rse.subsystems.files.dstore.nl_da" unpack="false" version="3.5.0.v20090620043401" download-size="1391" install-size="1391" />
	<plugin fragment="true" id="org.eclipse.rse.subsystems.files.ftp.nl_da" unpack="false" version="3.5.0.v20090620043401" download-size="1406" install-size="1406" />
	<plugin fragment="true" id="org.eclipse.rse.subsystems.files.local.nl_da" unpack="false" version="3.5.0.v20090620043401" download-size="1383" install-size="1383" />
	<plugin fragment="true" id="org.eclipse.rse.subsystems.files.ssh.nl_da" unpack="false" version="3.5.0.v20090620043401" download-size="1381" install-size="1381" />
	<plugin fragment="true" id="org.eclipse.rse.subsystems.processes.core.nl_da" unpack="false" version="3.5.0.v20090620043401" download-size="1384" install-size="1384" />
	<plugin fragment="true" id="org.eclipse.rse.subsystems.processes.dstore.nl_da" unpack="false" version="3.5.0.v20090620043401" download-size="1385" install-size="1385" />
	<plugin fragment="true" id="org.eclipse.rse.subsystems.processes.local.nl_da" unpack="false" version="3.5.0.v20090620043401" download-size="1385" install-size="1385" />
	<plugin fragment="true" id="org.eclipse.rse.subsystems.processes.shell.linux.nl_da" unpack="false" version="3.5.0.v20090620043401" download-size="1390" install-size="1390" />
	<plugin fragment="true" id="org.eclipse.rse.subsystems.shells.core.nl_da" unpack="false" version="3.5.0.v20090620043401" download-size="1383" install-size="1383" />
	<plugin fragment="true" id="org.eclipse.rse.subsystems.shells.dstore.nl_da" unpack="false" version="3.5.0.v20090620043401" download-size="1384" install-size="1384" />
	<plugin fragment="true" id="org.eclipse.rse.subsystems.shells.local.nl_da" unpack="false" version="3.5.0.v20090620043401" download-size="1383" install-size="1383" />
	<plugin fragment="true" id="org.eclipse.rse.subsystems.shells.ssh.nl_da" unpack="false" version="3.5.0.v20090620043401" download-size="1382" install-size="1382" />
	<plugin fragment="true" id="org.eclipse.rse.subsystems.shells.telnet.nl_da" unpack="false" version="3.5.0.v20090620043401" download-size="1383" install-size="1383" />
	<plugin fragment="true" id="org.eclipse.rse.subsystems.terminals.core.nl_da" unpack="false" version="3.5.0.v20090620043401" download-size="1384" install-size="1384" />
	<plugin fragment="true" id="org.eclipse.rse.subsystems.terminals.ssh.nl_da" unpack="false" version="3.5.0.v20090620043401" download-size="1384" install-size="1384" />
	<plugin fragment="true" id="org.eclipse.rse.subsystems.wince.nl_da" unpack="false" version="3.5.0.v20090620043401" download-size="1400" install-size="1400" />
	<plugin fragment="true" id="org.eclipse.rse.terminals.ui.nl_da" unpack="false" version="3.5.0.v20090620043401" download-size="1399" install-size="1399" />
	<plugin fragment="true" id="org.eclipse.rse.tests.framework.nl_da" unpack="false" version="3.5.0.v20090620043401" download-size="1444" install-size="1444" />
	<plugin fragment="true" id="org.eclipse.rse.tests.nl_da" unpack="false" version="3.5.0.v20090620043401" download-size="2419" install-size="2419" />
	<plugin fragment="true" id="org.eclipse.rse.ui.nl_da" unpack="false" version="3.5.0.v20090620043401" download-size="5574" install-size="5574" />
	<plugin fragment="true" id="org.eclipse.rse.useractions.nl_da" unpack="false" version="3.5.0.v20090620043401" download-size="3427" install-size="3427" />
	<plugin fragment="true" id="org.eclipse.tm.discovery.doc.isv.nl_da" unpack="false" version="3.5.0.v20090620043401" download-size="1379" install-size="1379" />
	<plugin fragment="true" id="org.eclipse.tm.discovery.engine.nl_da" unpack="false" version="3.5.0.v20090620043401" download-size="1379" install-size="1379" />
	<plugin fragment="true" id="org.eclipse.tm.discovery.model.edit.nl_da" unpack="false" version="3.5.0.v20090620043401" download-size="1380" install-size="1380" />
	<plugin fragment="true" id="org.eclipse.tm.discovery.model.nl_da" unpack="false" version="3.5.0.v20090620043401" download-size="1378" install-size="1378" />
	<plugin fragment="true" id="org.eclipse.tm.discovery.protocol.dnssd.nl_da" unpack="false" version="3.5.0.v20090620043401" download-size="1383" install-size="1383" />
	<plugin fragment="true" id="org.eclipse.tm.discovery.transport.udp.nl_da" unpack="false" version="3.5.0.v20090620043401" download-size="1384" install-size="1384" />
	<plugin fragment="true" id="org.eclipse.tm.discovery.view.nl_da" unpack="false" version="3.5.0.v20090620043401" download-size="2513" install-size="2513" />
	<plugin fragment="true" id="org.eclipse.tm.discovery.wizard.nl_da" unpack="false" version="3.5.0.v20090620043401" download-size="2563" install-size="2563" />
	<plugin fragment="true" id="org.eclipse.tm.rapi.examples.nl_da" unpack="false" version="3.5.0.v20090620043401" download-size="1377" install-size="1377" />
	<plugin fragment="true" id="org.eclipse.tm.rapi.nl_da" unpack="false" version="3.5.0.v20090620043401" download-size="1371" install-size="1371" />
	<plugin fragment="true" id="org.eclipse.tm.rapi.tests.nl_da" unpack="false" version="3.5.0.v20090620043401" download-size="1374" install-size="1374" />
	<plugin fragment="true" id="org.eclipse.tm.terminal.nl_da" unpack="false" version="3.5.0.v20090620043401" download-size="2628" install-size="2628" />
	<plugin fragment="true" id="org.eclipse.tm.terminal.serial.nl_da" unpack="false" version="3.5.0.v20090620043401" download-size="2393" install-size="2393" />
	<plugin fragment="true" id="org.eclipse.tm.terminal.ssh.nl_da" unpack="false" version="3.5.0.v20090620043401" download-size="2785" install-size="2785" />
	<plugin fragment="true" id="org.eclipse.tm.terminal.telnet.nl_da" unpack="false" version="3.5.0.v20090620043401" download-size="2407" install-size="2407" />
	<plugin fragment="true" id="org.eclipse.tm.terminal.test.nl_da" unpack="false" version="3.5.0.v20090620043401" download-size="1377" install-size="1377" />
	<plugin fragment="true" id="org.eclipse.tm.terminal.view.nl_da" unpack="false" version="3.5.0.v20090620043401" download-size="2917" install-size="2917" />
	<plugin fragment="true" id="test.data.nl_da" unpack="false" version="3.5.0.v20090620043401" download-size="2727" install-size="2727" />
</feature>