<?xml version="1.0" encoding="UTF-8" ?>
<feature
	id="org.eclipse.babel.nls_webtools.sourceediting_ja"
	label="Babel Language Pack for webtools.sourceediting in Japanese (81.32%)"
	image="eclipse_update_120.jpg"
	provider-name="%providerName"
	version="3.5.0.v20090620043401">
	<copyright>
		%copyright
	</copyright>
	<license url="%licenseURL">
		%license
	</license>
	<description>Babel Language Pack for webtools.sourceediting in Japanese</description>
	<plugin fragment="true" id="org.eclipse.jst.jsp.core.nl_ja" unpack="false" version="3.5.0.v20090620043401" download-size="3430" install-size="3430" />
	<plugin fragment="true" id="org.eclipse.jst.jsp.ui.infopop.nl_ja" unpack="false" version="3.5.0.v20090620043401" download-size="1411" install-size="1411" />
	<plugin fragment="true" id="org.eclipse.jst.jsp.ui.nl_ja" unpack="false" version="3.5.0.v20090620043401" download-size="7202" install-size="7202" />
	<plugin fragment="true" id="org.eclipse.jst.standard.schemas.nl_ja" unpack="false" version="3.5.0.v20090620043401" download-size="1415" install-size="1415" />
	<plugin fragment="true" id="org.eclipse.wst.css.core.nl_ja" unpack="false" version="3.5.0.v20090620043401" download-size="3555" install-size="3555" />
	<plugin fragment="true" id="org.eclipse.wst.css.ui.nl_ja" unpack="false" version="3.5.0.v20090620043401" download-size="5844" install-size="5844" />
	<plugin fragment="true" id="org.eclipse.wst.doc.user.nl_ja" unpack="false" version="3.5.0.v20090620043401" download-size="1430" install-size="1430" />
	<plugin fragment="true" id="org.eclipse.wst.dtd.core.nl_ja" unpack="false" version="3.5.0.v20090620043401" download-size="4736" install-size="4736" />
	<plugin fragment="true" id="org.eclipse.wst.dtd.ui.infopop.nl_ja" unpack="false" version="3.5.0.v20090620043401" download-size="1413" install-size="1413" />
	<plugin fragment="true" id="org.eclipse.wst.dtd.ui.nl_ja" unpack="false" version="3.5.0.v20090620043401" download-size="5563" install-size="5563" />
	<plugin fragment="true" id="org.eclipse.wst.dtdeditor.doc.user.nl_ja" unpack="false" version="3.5.0.v20090620043401" download-size="1434" install-size="1434" />
	<plugin fragment="true" id="org.eclipse.wst.html.core.nl_ja" unpack="false" version="3.5.0.v20090620043401" download-size="5329" install-size="5329" />
	<plugin fragment="true" id="org.eclipse.wst.html.ui.infopop.nl_ja" unpack="false" version="3.5.0.v20090620043401" download-size="1417" install-size="1417" />
	<plugin fragment="true" id="org.eclipse.wst.html.ui.nl_ja" unpack="false" version="3.5.0.v20090620043401" download-size="7469" install-size="7469" />
	<plugin fragment="true" id="org.eclipse.wst.javascript.core.nl_ja" unpack="false" version="3.5.0.v20090620043401" download-size="2738" install-size="2738" />
	<plugin fragment="true" id="org.eclipse.wst.javascript.ui.infopop.nl_ja" unpack="false" version="3.5.0.v20090620043401" download-size="1381" install-size="1381" />
	<plugin fragment="true" id="org.eclipse.wst.javascript.ui.nl_ja" unpack="false" version="3.5.0.v20090620043401" download-size="6210" install-size="6210" />
	<plugin fragment="true" id="org.eclipse.wst.jsdt.core.nl_ja" unpack="false" version="3.5.0.v20090620043401" download-size="23699" install-size="23699" />
	<plugin fragment="true" id="org.eclipse.wst.jsdt.doc.nl_ja" unpack="false" version="3.5.0.v20090620043401" download-size="1370" install-size="1370" />
	<plugin fragment="true" id="org.eclipse.wst.jsdt.manipulation.nl_ja" unpack="false" version="3.5.0.v20090620043401" download-size="4203" install-size="4203" />
	<plugin fragment="true" id="org.eclipse.wst.jsdt.support.firefox.nl_ja" unpack="false" version="3.5.0.v20090620043401" download-size="1440" install-size="1440" />
	<plugin fragment="true" id="org.eclipse.wst.jsdt.support.ie.nl_ja" unpack="false" version="3.5.0.v20090620043401" download-size="1437" install-size="1437" />
	<plugin fragment="true" id="org.eclipse.wst.jsdt.ui.nl_ja" unpack="false" version="3.5.0.v20090620043401" download-size="148027" install-size="148027" />
	<plugin fragment="true" id="org.eclipse.wst.jsdt.web.core.nl_ja" unpack="false" version="3.5.0.v20090620043401" download-size="3312" install-size="3312" />
	<plugin fragment="true" id="org.eclipse.wst.jsdt.web.support.jsp.nl_ja" unpack="false" version="3.5.0.v20090620043401" download-size="1379" install-size="1379" />
	<plugin fragment="true" id="org.eclipse.wst.jsdt.web.ui.nl_ja" unpack="false" version="3.5.0.v20090620043401" download-size="5552" install-size="5552" />
	<plugin fragment="true" id="org.eclipse.wst.sse.core.nl_ja" unpack="false" version="3.5.0.v20090620043401" download-size="4460" install-size="4460" />
	<plugin fragment="true" id="org.eclipse.wst.sse.doc.user.nl_ja" unpack="false" version="3.5.0.v20090620043401" download-size="1464" install-size="1464" />
	<plugin fragment="true" id="org.eclipse.wst.sse.ui.infopop.nl_ja" unpack="false" version="3.5.0.v20090620043401" download-size="1376" install-size="1376" />
	<plugin fragment="true" id="org.eclipse.wst.sse.ui.nl_ja" unpack="false" version="3.5.0.v20090620043401" download-size="9328" install-size="9328" />
	<plugin fragment="true" id="org.eclipse.wst.standard.schemas.nl_ja" unpack="false" version="3.5.0.v20090620043401" download-size="1514" install-size="1514" />
	<plugin fragment="true" id="org.eclipse.wst.web.nl_ja" unpack="false" version="3.5.0.v20090620043401" download-size="2191" install-size="2191" />
	<plugin fragment="true" id="org.eclipse.wst.web.ui.nl_ja" unpack="false" version="3.5.0.v20090620043401" download-size="2686" install-size="2686" />
	<plugin fragment="true" id="org.eclipse.wst.webtools.doc.user.nl_ja" unpack="false" version="3.5.0.v20090620043401" download-size="1426" install-size="1426" />
	<plugin fragment="true" id="org.eclipse.wst.xml.core.nl_ja" unpack="false" version="3.5.0.v20090620043401" download-size="3938" install-size="3938" />
	<plugin fragment="true" id="org.eclipse.wst.xml.ui.infopop.nl_ja" unpack="false" version="3.5.0.v20090620043401" download-size="1411" install-size="1411" />
	<plugin fragment="true" id="org.eclipse.wst.xml.ui.nl_ja" unpack="false" version="3.5.0.v20090620043401" download-size="16061" install-size="16061" />
	<plugin fragment="true" id="org.eclipse.wst.xml.xpath.core.nl_ja" unpack="false" version="3.5.0.v20090620043401" download-size="1373" install-size="1373" />
	<plugin fragment="true" id="org.eclipse.wst.xml.xpath.core.tests.nl_ja" unpack="false" version="3.5.0.v20090620043401" download-size="1375" install-size="1375" />
	<plugin fragment="true" id="org.eclipse.wst.xml.xpath.ui.nl_ja" unpack="false" version="3.5.0.v20090620043401" download-size="3209" install-size="3209" />
	<plugin fragment="true" id="org.eclipse.wst.xml.xpath2.processor.nl_ja" unpack="false" version="3.5.0.v20090620043401" download-size="1377" install-size="1377" />
	<plugin fragment="true" id="org.eclipse.wst.xmleditor.doc.user.nl_ja" unpack="false" version="3.5.0.v20090620043401" download-size="1409" install-size="1409" />
	<plugin fragment="true" id="org.eclipse.wst.xsd.core.nl_ja" unpack="false" version="3.5.0.v20090620043401" download-size="1520" install-size="1520" />
	<plugin fragment="true" id="org.eclipse.wst.xsd.ui.nl_ja" unpack="false" version="3.5.0.v20090620043401" download-size="21261" install-size="21261" />
	<plugin fragment="true" id="org.eclipse.wst.xsdeditor.doc.user.nl_ja" unpack="false" version="3.5.0.v20090620043401" download-size="1428" install-size="1428" />
	<plugin fragment="true" id="org.eclipse.wst.xsl.core.nl_ja" unpack="false" version="3.5.0.v20090620043401" download-size="1386" install-size="1386" />
	<plugin fragment="true" id="org.eclipse.wst.xsl.debug.ui.nl_ja" unpack="false" version="3.5.0.v20090620043401" download-size="4376" install-size="4376" />
	<plugin fragment="true" id="org.eclipse.wst.xsl.doc.nl_ja" unpack="false" version="3.5.0.v20090620043401" download-size="1368" install-size="1368" />
	<plugin fragment="true" id="org.eclipse.wst.xsl.jaxp.debug.nl_ja" unpack="false" version="3.5.0.v20090620043401" download-size="3074" install-size="3074" />
	<plugin fragment="true" id="org.eclipse.wst.xsl.jaxp.debug.ui.nl_ja" unpack="false" version="3.5.0.v20090620043401" download-size="4184" install-size="4184" />
	<plugin fragment="true" id="org.eclipse.wst.xsl.jaxp.launching.nl_ja" unpack="false" version="3.5.0.v20090620043401" download-size="3271" install-size="3271" />
	<plugin fragment="true" id="org.eclipse.wst.xsl.launching.nl_ja" unpack="false" version="3.5.0.v20090620043401" download-size="1405" install-size="1405" />
	<plugin fragment="true" id="org.eclipse.wst.xsl.launching.tests.nl_ja" unpack="false" version="3.5.0.v20090620043401" download-size="1381" install-size="1381" />
	<plugin fragment="true" id="org.eclipse.wst.xsl.nl_ja" unpack="false" version="3.5.0.v20090620043401" download-size="1370" install-size="1370" />
	<plugin fragment="true" id="org.eclipse.wst.xsl.saxon.nl_ja" unpack="false" version="3.5.0.v20090620043401" download-size="1784" install-size="1784" />
	<plugin fragment="true" id="org.eclipse.wst.xsl.sdk.documentation.nl_ja" unpack="false" version="3.5.0.v20090620043401" download-size="1378" install-size="1378" />
	<plugin fragment="true" id="org.eclipse.wst.xsl.tests.nl_ja" unpack="false" version="3.5.0.v20090620043401" download-size="1392" install-size="1392" />
	<plugin fragment="true" id="org.eclipse.wst.xsl.ui.nl_ja" unpack="false" version="3.5.0.v20090620043401" download-size="2812" install-size="2812" />
	<plugin fragment="true" id="org.eclipse.wst.xsl.ui.tests.nl_ja" unpack="false" version="3.5.0.v20090620043401" download-size="1377" install-size="1377" />
	<plugin fragment="true" id="org.eclipse.wst.xsl.xalan.nl_ja" unpack="false" version="3.5.0.v20090620043401" download-size="1690" install-size="1690" />
</feature>