<?xml version="1.0" encoding="UTF-8" ?>
<feature
	id="org.eclipse.babel.nls_modeling.mdt_nl"
	label="Babel Language Pack for modeling.mdt in Dutch (24.23%)"
	image="eclipse_update_120.jpg"
	provider-name="%providerName"
	version="3.5.0.v20090620043401">
	<copyright>
		%copyright
	</copyright>
	<license url="%licenseURL">
		%license
	</license>
	<description>Babel Language Pack for modeling.mdt in Dutch</description>
	<plugin fragment="true" id="org.eclipse.emf.examples.library.edit.nl_nl" unpack="false" version="3.5.0.v20090620043401" download-size="1767" install-size="1767" />
	<plugin fragment="true" id="org.eclipse.emf.examples.library.editor.nl_nl" unpack="false" version="3.5.0.v20090620043401" download-size="2021" install-size="2021" />
	<plugin fragment="true" id="org.eclipse.emf.examples.library.nl_nl" unpack="false" version="3.5.0.v20090620043401" download-size="1373" install-size="1373" />
	<plugin fragment="true" id="org.eclipse.emf.ocl.doc.nl_nl" unpack="false" version="3.5.0.v20090620043401" download-size="1367" install-size="1367" />
	<plugin fragment="true" id="org.eclipse.emf.ocl.examples.interpreter.nl_nl" unpack="false" version="3.5.0.v20090620043401" download-size="2854" install-size="2854" />
	<plugin fragment="true" id="org.eclipse.emf.ocl.examples.nl_nl" unpack="false" version="3.5.0.v20090620043401" download-size="1375" install-size="1375" />
	<plugin fragment="true" id="org.eclipse.emf.ocl.nl_nl" unpack="false" version="3.5.0.v20090620043401" download-size="1368" install-size="1368" />
	<plugin fragment="true" id="org.eclipse.emf.ocl.tests.nl_nl" unpack="false" version="3.5.0.v20090620043401" download-size="1372" install-size="1372" />
	<plugin fragment="true" id="org.eclipse.ocl.doc.nl_nl" unpack="false" version="3.5.0.v20090620043401" download-size="1363" install-size="1363" />
	<plugin fragment="true" id="org.eclipse.ocl.ecore.nl_nl" unpack="false" version="3.5.0.v20090620043401" download-size="1369" install-size="1369" />
	<plugin fragment="true" id="org.eclipse.ocl.ecore.tests.nl_nl" unpack="false" version="3.5.0.v20090620043401" download-size="1373" install-size="1373" />
	<plugin fragment="true" id="org.eclipse.ocl.nl_nl" unpack="false" version="3.5.0.v20090620043401" download-size="2484" install-size="2484" />
	<plugin fragment="true" id="org.eclipse.ocl.uml.nl_nl" unpack="false" version="3.5.0.v20090620043401" download-size="1367" install-size="1367" />
	<plugin fragment="true" id="org.eclipse.ocl.uml.tests.nl_nl" unpack="false" version="3.5.0.v20090620043401" download-size="1371" install-size="1371" />
	<plugin fragment="true" id="org.eclipse.uml2.codegen.ecore.nl_nl" unpack="false" version="3.5.0.v20090620043401" download-size="1371" install-size="1371" />
	<plugin fragment="true" id="org.eclipse.uml2.codegen.ecore.ui.nl_nl" unpack="false" version="3.5.0.v20090620043401" download-size="1517" install-size="1517" />
	<plugin fragment="true" id="org.eclipse.uml2.common.edit.nl_nl" unpack="false" version="3.5.0.v20090620043401" download-size="1369" install-size="1369" />
	<plugin fragment="true" id="org.eclipse.uml2.common.nl_nl" unpack="false" version="3.5.0.v20090620043401" download-size="1366" install-size="1366" />
	<plugin fragment="true" id="org.eclipse.uml2.diagram.activity.nl_nl" unpack="false" version="3.5.0.v20090620043401" download-size="2162" install-size="2162" />
	<plugin fragment="true" id="org.eclipse.uml2.diagram.clazz.nl_nl" unpack="false" version="3.5.0.v20090620043401" download-size="3395" install-size="3395" />
	<plugin fragment="true" id="org.eclipse.uml2.diagram.clazz.tests.nl_nl" unpack="false" version="3.5.0.v20090620043401" download-size="1375" install-size="1375" />
	<plugin fragment="true" id="org.eclipse.uml2.diagram.codegen.edit.nl_nl" unpack="false" version="3.5.0.v20090620043401" download-size="1726" install-size="1726" />
	<plugin fragment="true" id="org.eclipse.uml2.diagram.codegen.nl_nl" unpack="false" version="3.5.0.v20090620043401" download-size="1372" install-size="1372" />
	<plugin fragment="true" id="org.eclipse.uml2.diagram.common.nl_nl" unpack="false" version="3.5.0.v20090620043401" download-size="1992" install-size="1992" />
	<plugin fragment="true" id="org.eclipse.uml2.diagram.common.notation.nl_nl" unpack="false" version="3.5.0.v20090620043401" download-size="1377" install-size="1377" />
	<plugin fragment="true" id="org.eclipse.uml2.diagram.common.tests.nl_nl" unpack="false" version="3.5.0.v20090620043401" download-size="1375" install-size="1375" />
	<plugin fragment="true" id="org.eclipse.uml2.diagram.component.nl_nl" unpack="false" version="3.5.0.v20090620043401" download-size="2611" install-size="2611" />
	<plugin fragment="true" id="org.eclipse.uml2.diagram.csd.nl_nl" unpack="false" version="3.5.0.v20090620043401" download-size="2647" install-size="2647" />
	<plugin fragment="true" id="org.eclipse.uml2.diagram.def.nl_nl" unpack="false" version="3.5.0.v20090620043401" download-size="1370" install-size="1370" />
	<plugin fragment="true" id="org.eclipse.uml2.diagram.deploy.nl_nl" unpack="false" version="3.5.0.v20090620043401" download-size="2381" install-size="2381" />
	<plugin fragment="true" id="org.eclipse.uml2.diagram.examples.activity.nl_nl" unpack="false" version="3.5.0.v20090620043401" download-size="1378" install-size="1378" />
	<plugin fragment="true" id="org.eclipse.uml2.diagram.examples.clazz.nl_nl" unpack="false" version="3.5.0.v20090620043401" download-size="1378" install-size="1378" />
	<plugin fragment="true" id="org.eclipse.uml2.diagram.examples.profile.nl_nl" unpack="false" version="3.5.0.v20090620043401" download-size="1377" install-size="1377" />
	<plugin fragment="true" id="org.eclipse.uml2.diagram.examples.statemachine.nl_nl" unpack="false" version="3.5.0.v20090620043401" download-size="1381" install-size="1381" />
	<plugin fragment="true" id="org.eclipse.uml2.diagram.nl_nl" unpack="false" version="3.5.0.v20090620043401" download-size="1367" install-size="1367" />
	<plugin fragment="true" id="org.eclipse.uml2.diagram.parser.nl_nl" unpack="false" version="3.5.0.v20090620043401" download-size="1372" install-size="1372" />
	<plugin fragment="true" id="org.eclipse.uml2.diagram.profile.nl_nl" unpack="false" version="3.5.0.v20090620043401" download-size="2712" install-size="2712" />
	<plugin fragment="true" id="org.eclipse.uml2.diagram.profile.tests.nl_nl" unpack="false" version="3.5.0.v20090620043401" download-size="1376" install-size="1376" />
	<plugin fragment="true" id="org.eclipse.uml2.diagram.sequence.model.nl_nl" unpack="false" version="3.5.0.v20090620043401" download-size="1376" install-size="1376" />
	<plugin fragment="true" id="org.eclipse.uml2.diagram.sequence.nl_nl" unpack="false" version="3.5.0.v20090620043401" download-size="1972" install-size="1972" />
	<plugin fragment="true" id="org.eclipse.uml2.diagram.sequence.tests.nl_nl" unpack="false" version="3.5.0.v20090620043401" download-size="1376" install-size="1376" />
	<plugin fragment="true" id="org.eclipse.uml2.diagram.statemachine.nl_nl" unpack="false" version="3.5.0.v20090620043401" download-size="2027" install-size="2027" />
	<plugin fragment="true" id="org.eclipse.uml2.diagram.statemachine.tests.nl_nl" unpack="false" version="3.5.0.v20090620043401" download-size="1378" install-size="1378" />
	<plugin fragment="true" id="org.eclipse.uml2.diagram.usecase.nl_nl" unpack="false" version="3.5.0.v20090620043401" download-size="2412" install-size="2412" />
	<plugin fragment="true" id="org.eclipse.uml2.doc.nl_nl" unpack="false" version="3.5.0.v20090620043401" download-size="1364" install-size="1364" />
	<plugin fragment="true" id="org.eclipse.uml2.examples.nl_nl" unpack="false" version="3.5.0.v20090620043401" download-size="1368" install-size="1368" />
	<plugin fragment="true" id="org.eclipse.uml2.examples.uml.ui.nl_nl" unpack="false" version="3.5.0.v20090620043401" download-size="1434" install-size="1434" />
	<plugin fragment="true" id="org.eclipse.uml2.nl_nl" unpack="false" version="3.5.0.v20090620043401" download-size="1361" install-size="1361" />
	<plugin fragment="true" id="org.eclipse.uml2.tests.nl_nl" unpack="false" version="3.5.0.v20090620043401" download-size="1365" install-size="1365" />
	<plugin fragment="true" id="org.eclipse.uml2.uml.ecore.importer.nl_nl" unpack="false" version="3.5.0.v20090620043401" download-size="1372" install-size="1372" />
	<plugin fragment="true" id="org.eclipse.uml2.uml.edit.nl_nl" unpack="false" version="3.5.0.v20090620043401" download-size="4046" install-size="4046" />
	<plugin fragment="true" id="org.eclipse.uml2.uml.editor.nl_nl" unpack="false" version="3.5.0.v20090620043401" download-size="2053" install-size="2053" />
	<plugin fragment="true" id="org.eclipse.uml2.uml.nl_nl" unpack="false" version="3.5.0.v20090620043401" download-size="1440" install-size="1440" />
	<plugin fragment="true" id="org.eclipse.uml2.uml.resources.nl_nl" unpack="false" version="3.5.0.v20090620043401" download-size="8884" install-size="8884" />
	<plugin fragment="true" id="org.eclipse.uml2.uml.tests.nl_nl" unpack="false" version="3.5.0.v20090620043401" download-size="1367" install-size="1367" />
	<plugin fragment="true" id="org.eclipse.uml2tools.doc.nl_nl" unpack="false" version="3.5.0.v20090620043401" download-size="1367" install-size="1367" />
	<plugin fragment="true" id="org.eclipse.uml2tools.nl_nl" unpack="false" version="3.5.0.v20090620043401" download-size="1365" install-size="1365" />
</feature>