<?xml version="1.0" encoding="UTF-8" ?>
<feature
	id="org.eclipse.babel.nls_birt_el"
	label="Babel Language Pack for birt in Greek (70.32%)"
	image="eclipse_update_120.jpg"
	provider-name="%providerName"
	version="3.5.0.v20090620043401">
	<copyright>
		%copyright
	</copyright>
	<license url="%licenseURL">
		%license
	</license>
	<description>Babel Language Pack for birt in Greek</description>
	<plugin fragment="true" id="org.eclipse.birt.chart.cshelp.nl_el" unpack="false" version="3.5.0.v20090620043401" download-size="1610" install-size="1610" />
	<plugin fragment="true" id="org.eclipse.birt.chart.device.extension.nl_el" unpack="false" version="3.5.0.v20090620043401" download-size="4156" install-size="4156" />
	<plugin fragment="true" id="org.eclipse.birt.chart.device.svg.nl_el" unpack="false" version="3.5.0.v20090620043401" download-size="3040" install-size="3040" />
	<plugin fragment="true" id="org.eclipse.birt.chart.device.swt.nl_el" unpack="false" version="3.5.0.v20090620043401" download-size="3285" install-size="3285" />
	<plugin fragment="true" id="org.eclipse.birt.chart.doc.isv.nl_el" unpack="false" version="3.5.0.v20090620043401" download-size="1595" install-size="1595" />
	<plugin fragment="true" id="org.eclipse.birt.chart.engine.extension.nl_el" unpack="false" version="3.5.0.v20090620043401" download-size="5239" install-size="5239" />
	<plugin fragment="true" id="org.eclipse.birt.chart.engine.nl_el" unpack="false" version="3.5.0.v20090620043401" download-size="11273" install-size="11273" />
	<plugin fragment="true" id="org.eclipse.birt.chart.examples.nl_el" unpack="false" version="3.5.0.v20090620043401" download-size="2590" install-size="2590" />
	<plugin fragment="true" id="org.eclipse.birt.chart.integration.wtp.ui.nl_el" unpack="false" version="3.5.0.v20090620043401" download-size="2805" install-size="2805" />
	<plugin fragment="true" id="org.eclipse.birt.chart.reportitem.nl_el" unpack="false" version="3.5.0.v20090620043401" download-size="3992" install-size="3992" />
	<plugin fragment="true" id="org.eclipse.birt.chart.reportitem.ui.nl_el" unpack="false" version="3.5.0.v20090620043401" download-size="4707" install-size="4707" />
	<plugin fragment="true" id="org.eclipse.birt.chart.runtime.nl_el" unpack="false" version="3.5.0.v20090620043401" download-size="1577" install-size="1577" />
	<plugin fragment="true" id="org.eclipse.birt.chart.ui.extension.nl_el" unpack="false" version="3.5.0.v20090620043401" download-size="17820" install-size="17820" />
	<plugin fragment="true" id="org.eclipse.birt.chart.ui.nl_el" unpack="false" version="3.5.0.v20090620043401" download-size="4418" install-size="4418" />
	<plugin fragment="true" id="org.eclipse.birt.core.nl_el" unpack="false" version="3.5.0.v20090620043401" download-size="2256" install-size="2256" />
	<plugin fragment="true" id="org.eclipse.birt.core.script.function.nl_el" unpack="false" version="3.5.0.v20090620043401" download-size="1554" install-size="1554" />
	<plugin fragment="true" id="org.eclipse.birt.core.ui.nl_el" unpack="false" version="3.5.0.v20090620043401" download-size="2837" install-size="2837" />
	<plugin fragment="true" id="org.eclipse.birt.cshelp.nl_el" unpack="false" version="3.5.0.v20090620043401" download-size="1595" install-size="1595" />
	<plugin fragment="true" id="org.eclipse.birt.data.aggregation.nl_el" unpack="false" version="3.5.0.v20090620043401" download-size="2440" install-size="2440" />
	<plugin fragment="true" id="org.eclipse.birt.data.nl_el" unpack="false" version="3.5.0.v20090620043401" download-size="9595" install-size="9595" />
	<plugin fragment="true" id="org.eclipse.birt.data.tests.nl_el" unpack="false" version="3.5.0.v20090620043401" download-size="1404" install-size="1404" />
	<plugin fragment="true" id="org.eclipse.birt.doc.isv.nl_el" unpack="false" version="3.5.0.v20090620043401" download-size="1577" install-size="1577" />
	<plugin fragment="true" id="org.eclipse.birt.doc.nl_el" unpack="false" version="3.5.0.v20090620043401" download-size="1569" install-size="1569" />
	<plugin fragment="true" id="org.eclipse.birt.example.nl_el" unpack="false" version="3.5.0.v20090620043401" download-size="1575" install-size="1575" />
	<plugin fragment="true" id="org.eclipse.birt.integration.wtp.ui.nl_el" unpack="false" version="3.5.0.v20090620043401" download-size="2834" install-size="2834" />
	<plugin fragment="true" id="org.eclipse.birt.nl_el" unpack="false" version="3.5.0.v20090620043401" download-size="1393" install-size="1393" />
	<plugin fragment="true" id="org.eclipse.birt.report.data.adapter.nl_el" unpack="false" version="3.5.0.v20090620043401" download-size="2832" install-size="2832" />
	<plugin fragment="true" id="org.eclipse.birt.report.data.oda.jdbc.dbprofile.nl_el" unpack="false" version="3.5.0.v20090620043401" download-size="1592" install-size="1592" />
	<plugin fragment="true" id="org.eclipse.birt.report.data.oda.jdbc.dbprofile.ui.nl_el" unpack="false" version="3.5.0.v20090620043401" download-size="1442" install-size="1442" />
	<plugin fragment="true" id="org.eclipse.birt.report.data.oda.jdbc.nl_el" unpack="false" version="3.5.0.v20090620043401" download-size="5250" install-size="5250" />
	<plugin fragment="true" id="org.eclipse.birt.report.data.oda.jdbc.ui.nl_el" unpack="false" version="3.5.0.v20090620043401" download-size="6282" install-size="6282" />
	<plugin fragment="true" id="org.eclipse.birt.report.data.oda.sampledb.nl_el" unpack="false" version="3.5.0.v20090620043401" download-size="1716" install-size="1716" />
	<plugin fragment="true" id="org.eclipse.birt.report.data.oda.sampledb.ui.nl_el" unpack="false" version="3.5.0.v20090620043401" download-size="3741" install-size="3741" />
	<plugin fragment="true" id="org.eclipse.birt.report.data.oda.xml.nl_el" unpack="false" version="3.5.0.v20090620043401" download-size="3251" install-size="3251" />
	<plugin fragment="true" id="org.eclipse.birt.report.data.oda.xml.ui.nl_el" unpack="false" version="3.5.0.v20090620043401" download-size="1886" install-size="1886" />
	<plugin fragment="true" id="org.eclipse.birt.report.debug.core.nl_el" unpack="false" version="3.5.0.v20090620043401" download-size="1583" install-size="1583" />
	<plugin fragment="true" id="org.eclipse.birt.report.debug.ui.nl_el" unpack="false" version="3.5.0.v20090620043401" download-size="2904" install-size="2904" />
	<plugin fragment="true" id="org.eclipse.birt.report.designer.core.nl_el" unpack="false" version="3.5.0.v20090620043401" download-size="46768" install-size="46768" />
	<plugin fragment="true" id="org.eclipse.birt.report.designer.nl_el" unpack="false" version="3.5.0.v20090620043401" download-size="1596" install-size="1596" />
	<plugin fragment="true" id="org.eclipse.birt.report.designer.tests.nl_el" unpack="false" version="3.5.0.v20090620043401" download-size="2663" install-size="2663" />
	<plugin fragment="true" id="org.eclipse.birt.report.designer.ui.cubebuilder.nl_el" unpack="false" version="3.5.0.v20090620043401" download-size="3438" install-size="3438" />
	<plugin fragment="true" id="org.eclipse.birt.report.designer.ui.editor.script.nl_el" unpack="false" version="3.5.0.v20090620043401" download-size="1450" install-size="1450" />
	<plugin fragment="true" id="org.eclipse.birt.report.designer.ui.editor.xml.wtp.nl_el" unpack="false" version="3.5.0.v20090620043401" download-size="1901" install-size="1901" />
	<plugin fragment="true" id="org.eclipse.birt.report.designer.ui.editors.nl_el" unpack="false" version="3.5.0.v20090620043401" download-size="1437" install-size="1437" />
	<plugin fragment="true" id="org.eclipse.birt.report.designer.ui.editors.schematic.nl_el" unpack="false" version="3.5.0.v20090620043401" download-size="1617" install-size="1617" />
	<plugin fragment="true" id="org.eclipse.birt.report.designer.ui.ide.nl_el" unpack="false" version="3.5.0.v20090620043401" download-size="1843" install-size="1843" />
	<plugin fragment="true" id="org.eclipse.birt.report.designer.ui.lib.explorer.nl_el" unpack="false" version="3.5.0.v20090620043401" download-size="1432" install-size="1432" />
	<plugin fragment="true" id="org.eclipse.birt.report.designer.ui.lib.nl_el" unpack="false" version="3.5.0.v20090620043401" download-size="1732" install-size="1732" />
	<plugin fragment="true" id="org.eclipse.birt.report.designer.ui.nl_el" unpack="false" version="3.5.0.v20090620043401" download-size="2088" install-size="2088" />
	<plugin fragment="true" id="org.eclipse.birt.report.designer.ui.preview.nl_el" unpack="false" version="3.5.0.v20090620043401" download-size="1526" install-size="1526" />
	<plugin fragment="true" id="org.eclipse.birt.report.designer.ui.preview.web.nl_el" unpack="false" version="3.5.0.v20090620043401" download-size="1573" install-size="1573" />
	<plugin fragment="true" id="org.eclipse.birt.report.designer.ui.rcp.nl_el" unpack="false" version="3.5.0.v20090620043401" download-size="3265" install-size="3265" />
	<plugin fragment="true" id="org.eclipse.birt.report.designer.ui.samples.ide.nl_el" unpack="false" version="3.5.0.v20090620043401" download-size="3297" install-size="3297" />
	<plugin fragment="true" id="org.eclipse.birt.report.designer.ui.views.nl_el" unpack="false" version="3.5.0.v20090620043401" download-size="1429" install-size="1429" />
	<plugin fragment="true" id="org.eclipse.birt.report.engine.emitter.config.html.nl_el" unpack="false" version="3.5.0.v20090620043401" download-size="2821" install-size="2821" />
	<plugin fragment="true" id="org.eclipse.birt.report.engine.emitter.config.pdf.nl_el" unpack="false" version="3.5.0.v20090620043401" download-size="2744" install-size="2744" />
	<plugin fragment="true" id="org.eclipse.birt.report.engine.nl_el" unpack="false" version="3.5.0.v20090620043401" download-size="3633" install-size="3633" />
	<plugin fragment="true" id="org.eclipse.birt.report.item.crosstab.core.nl_el" unpack="false" version="3.5.0.v20090620043401" download-size="3306" install-size="3306" />
	<plugin fragment="true" id="org.eclipse.birt.report.item.crosstab.ui.nl_el" unpack="false" version="3.5.0.v20090620043401" download-size="4593" install-size="4593" />
	<plugin fragment="true" id="org.eclipse.birt.report.model.nl_el" unpack="false" version="3.5.0.v20090620043401" download-size="47193" install-size="47193" />
	<plugin fragment="true" id="org.eclipse.birt.report.model.tests.nl_el" unpack="false" version="3.5.0.v20090620043401" download-size="2312" install-size="2312" />
	<plugin fragment="true" id="org.eclipse.birt.report.runtime.nl_el" unpack="false" version="3.5.0.v20090620043401" download-size="1600" install-size="1600" />
	<plugin fragment="true" id="org.eclipse.birt.report.viewer.nl_el" unpack="false" version="3.5.0.v20090620043401" download-size="3921" install-size="3921" />
	<plugin fragment="true" id="org.eclipse.birt.resources.nl_el" unpack="false" version="3.5.0.v20090620043401" download-size="1446" install-size="1446" />
	<plugin fragment="true" id="org.eclipse.birt.sdk.nl_el" unpack="false" version="3.5.0.v20090620043401" download-size="1575" install-size="1575" />
	<plugin fragment="true" id="org.eclipse.birt.tests.data.nl_el" unpack="false" version="3.5.0.v20090620043401" download-size="1404" install-size="1404" />
</feature>