<?xml version="1.0" encoding="UTF-8" ?>
<feature
	id="org.eclipse.babel.nls_rt.equinox_ja"
	label="Babel Language Pack for rt.equinox in Japanese (34.73%)"
	image="eclipse_update_120.jpg"
	provider-name="%providerName"
	version="3.5.0.v20090620043401">
	<copyright>
		%copyright
	</copyright>
	<license url="%licenseURL">
		%license
	</license>
	<description>Babel Language Pack for rt.equinox in Japanese</description>
	<plugin fragment="true" id="org.eclipse.core.resources.jmx.nl_ja" unpack="false" version="3.5.0.v20090620043401" download-size="2258" install-size="2258" />
	<plugin fragment="true" id="org.eclipse.equinox.frameworkadmin.equinox.nl_ja" unpack="false" version="3.5.0.v20090620043401" download-size="1379" install-size="1379" />
	<plugin fragment="true" id="org.eclipse.equinox.frameworkadmin.nl_ja" unpack="false" version="3.5.0.v20090620043401" download-size="1376" install-size="1376" />
	<plugin fragment="true" id="org.eclipse.equinox.initializer.nl_ja" unpack="false" version="3.5.0.v20090620043401" download-size="1399" install-size="1399" />
	<plugin fragment="true" id="org.eclipse.equinox.jmx.client.nl_ja" unpack="false" version="3.5.0.v20090620043401" download-size="4836" install-size="4836" />
	<plugin fragment="true" id="org.eclipse.equinox.jmx.common.nl_ja" unpack="false" version="3.5.0.v20090620043401" download-size="2336" install-size="2336" />
	<plugin fragment="true" id="org.eclipse.equinox.jmx.server.nl_ja" unpack="false" version="3.5.0.v20090620043401" download-size="3106" install-size="3106" />
	<plugin fragment="true" id="org.eclipse.equinox.jmx.vm.nl_ja" unpack="false" version="3.5.0.v20090620043401" download-size="2715" install-size="2715" />
	<plugin fragment="true" id="org.eclipse.equinox.p2.artifact.repository.nl_ja" unpack="false" version="3.5.0.v20090620043401" download-size="2660" install-size="2660" />
	<plugin fragment="true" id="org.eclipse.equinox.p2.console.nl_ja" unpack="false" version="3.5.0.v20090620043401" download-size="1372" install-size="1372" />
	<plugin fragment="true" id="org.eclipse.equinox.p2.core.nl_ja" unpack="false" version="3.5.0.v20090620043401" download-size="1371" install-size="1371" />
	<plugin fragment="true" id="org.eclipse.equinox.p2.director.app.nl_ja" unpack="false" version="3.5.0.v20090620043401" download-size="1375" install-size="1375" />
	<plugin fragment="true" id="org.eclipse.equinox.p2.director.nl_ja" unpack="false" version="3.5.0.v20090620043401" download-size="2427" install-size="2427" />
	<plugin fragment="true" id="org.eclipse.equinox.p2.directorywatcher.nl_ja" unpack="false" version="3.5.0.v20090620043401" download-size="1379" install-size="1379" />
	<plugin fragment="true" id="org.eclipse.equinox.p2.engine.nl_ja" unpack="false" version="3.5.0.v20090620043401" download-size="2893" install-size="2893" />
	<plugin fragment="true" id="org.eclipse.equinox.p2.exemplarysetup.nl_ja" unpack="false" version="3.5.0.v20090620043401" download-size="1377" install-size="1377" />
	<plugin fragment="true" id="org.eclipse.equinox.p2.extensionlocation.nl_ja" unpack="false" version="3.5.0.v20090620043401" download-size="1379" install-size="1379" />
	<plugin fragment="true" id="org.eclipse.equinox.p2.garbagecollector.nl_ja" unpack="false" version="3.5.0.v20090620043401" download-size="1378" install-size="1378" />
	<plugin fragment="true" id="org.eclipse.equinox.p2.installer.nl_ja" unpack="false" version="3.5.0.v20090620043401" download-size="2827" install-size="2827" />
	<plugin fragment="true" id="org.eclipse.equinox.p2.jarprocessor.nl_ja" unpack="false" version="3.5.0.v20090620043401" download-size="1375" install-size="1375" />
	<plugin fragment="true" id="org.eclipse.equinox.p2.metadata.generator.nl_ja" unpack="false" version="3.5.0.v20090620043401" download-size="3942" install-size="3942" />
	<plugin fragment="true" id="org.eclipse.equinox.p2.metadata.nl_ja" unpack="false" version="3.5.0.v20090620043401" download-size="1373" install-size="1373" />
	<plugin fragment="true" id="org.eclipse.equinox.p2.metadata.repository.nl_ja" unpack="false" version="3.5.0.v20090620043401" download-size="2638" install-size="2638" />
	<plugin fragment="true" id="org.eclipse.equinox.p2.publisher.nl_ja" unpack="false" version="3.5.0.v20090620043401" download-size="2446" install-size="2446" />
	<plugin fragment="true" id="org.eclipse.equinox.p2.reconciler.dropins.nl_ja" unpack="false" version="3.5.0.v20090620043401" download-size="1379" install-size="1379" />
	<plugin fragment="true" id="org.eclipse.equinox.p2.repository.nl_ja" unpack="false" version="3.5.0.v20090620043401" download-size="3006" install-size="3006" />
	<plugin fragment="true" id="org.eclipse.equinox.p2.repository.tools.nl_ja" unpack="false" version="3.5.0.v20090620043401" download-size="3526" install-size="3526" />
	<plugin fragment="true" id="org.eclipse.equinox.p2.selfhosting.nl_ja" unpack="false" version="3.5.0.v20090620043401" download-size="1376" install-size="1376" />
	<plugin fragment="true" id="org.eclipse.equinox.p2.tests.nl_ja" unpack="false" version="3.5.0.v20090620043401" download-size="1833" install-size="1833" />
	<plugin fragment="true" id="org.eclipse.equinox.p2.tests.ui.nl_ja" unpack="false" version="3.5.0.v20090620043401" download-size="1373" install-size="1373" />
	<plugin fragment="true" id="org.eclipse.equinox.p2.tools.nl_ja" unpack="false" version="3.5.0.v20090620043401" download-size="1371" install-size="1371" />
	<plugin fragment="true" id="org.eclipse.equinox.p2.touchpoint.eclipse.nl_ja" unpack="false" version="3.5.0.v20090620043401" download-size="1377" install-size="1377" />
	<plugin fragment="true" id="org.eclipse.equinox.p2.touchpoint.natives.nl_ja" unpack="false" version="3.5.0.v20090620043401" download-size="2662" install-size="2662" />
	<plugin fragment="true" id="org.eclipse.equinox.p2.ui.admin.nl_ja" unpack="false" version="3.5.0.v20090620043401" download-size="2890" install-size="2890" />
	<plugin fragment="true" id="org.eclipse.equinox.p2.ui.admin.rcp.nl_ja" unpack="false" version="3.5.0.v20090620043401" download-size="2808" install-size="2808" />
	<plugin fragment="true" id="org.eclipse.equinox.p2.ui.nl_ja" unpack="false" version="3.5.0.v20090620043401" download-size="3648" install-size="3648" />
	<plugin fragment="true" id="org.eclipse.equinox.p2.ui.sdk.nl_ja" unpack="false" version="3.5.0.v20090620043401" download-size="2737" install-size="2737" />
	<plugin fragment="true" id="org.eclipse.equinox.p2.ui.sdk.scheduler.nl_ja" unpack="false" version="3.5.0.v20090620043401" download-size="3301" install-size="3301" />
	<plugin fragment="true" id="org.eclipse.equinox.p2.updatechecker.nl_ja" unpack="false" version="3.5.0.v20090620043401" download-size="1360" install-size="1360" />
	<plugin fragment="true" id="org.eclipse.equinox.p2.updatesite.nl_ja" unpack="false" version="3.5.0.v20090620043401" download-size="3161" install-size="3161" />
	<plugin fragment="true" id="org.eclipse.equinox.preferences.jmx.nl_ja" unpack="false" version="3.5.0.v20090620043401" download-size="2438" install-size="2438" />
	<plugin fragment="true" id="org.eclipse.equinox.simpleconfigurator.manipulator.nl_ja" unpack="false" version="3.5.0.v20090620043401" download-size="1368" install-size="1368" />
	<plugin fragment="true" id="org.eclipse.equinox.simpleconfigurator.nl_ja" unpack="false" version="3.5.0.v20090620043401" download-size="1360" install-size="1360" />
	<plugin fragment="true" id="org.eclipse.osgi.jmx.nl_ja" unpack="false" version="3.5.0.v20090620043401" download-size="3039" install-size="3039" />
	<plugin fragment="true" id="org.eclipse.swt.jmx.nl_ja" unpack="false" version="3.5.0.v20090620043401" download-size="2155" install-size="2155" />
</feature>