<?xml version="1.0" encoding="UTF-8" ?>
<feature
	id="org.eclipse.babel.nls_webtools.jeetools_cs"
	label="Babel Language Pack for webtools.jeetools in Czech (94.79%)"
	image="eclipse_update_120.jpg"
	provider-name="%providerName"
	version="3.5.0.v20090620043401">
	<copyright>
		%copyright
	</copyright>
	<license url="%licenseURL">
		%license
	</license>
	<description>Babel Language Pack for webtools.jeetools in Czech</description>
	<plugin fragment="true" id="org.eclipse.jem.beaninfo.nl_cs" unpack="false" version="3.5.0.v20090620043401" download-size="3190" install-size="3190" />
	<plugin fragment="true" id="org.eclipse.jem.beaninfo.vm.common.nl_cs" unpack="false" version="3.5.0.v20090620043401" download-size="1377" install-size="1377" />
	<plugin fragment="true" id="org.eclipse.jem.beaninfo.vm.nl_cs" unpack="false" version="3.5.0.v20090620043401" download-size="3069" install-size="3069" />
	<plugin fragment="true" id="org.eclipse.jem.nl_cs" unpack="false" version="3.5.0.v20090620043401" download-size="4020" install-size="4020" />
	<plugin fragment="true" id="org.eclipse.jem.proxy.nl_cs" unpack="false" version="3.5.0.v20090620043401" download-size="7554" install-size="7554" />
	<plugin fragment="true" id="org.eclipse.jem.tests.nl_cs" unpack="false" version="3.5.0.v20090620043401" download-size="1366" install-size="1366" />
	<plugin fragment="true" id="org.eclipse.jem.workbench.nl_cs" unpack="false" version="3.5.0.v20090620043401" download-size="2494" install-size="2494" />
	<plugin fragment="true" id="org.eclipse.jst.j2ee.core.nl_cs" unpack="false" version="3.5.0.v20090620043401" download-size="31601" install-size="31601" />
	<plugin fragment="true" id="org.eclipse.jst.j2ee.doc.user.nl_cs" unpack="false" version="3.5.0.v20090620043401" download-size="1398" install-size="1398" />
	<plugin fragment="true" id="org.eclipse.jst.j2ee.infopop.nl_cs" unpack="false" version="3.5.0.v20090620043401" download-size="1394" install-size="1394" />
	<plugin fragment="true" id="org.eclipse.jst.j2ee.jca.nl_cs" unpack="false" version="3.5.0.v20090620043401" download-size="2494" install-size="2494" />
	<plugin fragment="true" id="org.eclipse.jst.j2ee.jca.ui.nl_cs" unpack="false" version="3.5.0.v20090620043401" download-size="2074" install-size="2074" />
	<plugin fragment="true" id="org.eclipse.jst.j2ee.navigator.ui.nl_cs" unpack="false" version="3.5.0.v20090620043401" download-size="3595" install-size="3595" />
	<plugin fragment="true" id="org.eclipse.jst.j2ee.nl_cs" unpack="false" version="3.5.0.v20090620043401" download-size="28554" install-size="28554" />
	<plugin fragment="true" id="org.eclipse.jst.j2ee.ui.nl_cs" unpack="false" version="3.5.0.v20090620043401" download-size="16025" install-size="16025" />
	<plugin fragment="true" id="org.eclipse.jst.j2ee.web.nl_cs" unpack="false" version="3.5.0.v20090620043401" download-size="20185" install-size="20185" />
	<plugin fragment="true" id="org.eclipse.jst.j2ee.webservice.nl_cs" unpack="false" version="3.5.0.v20090620043401" download-size="2750" install-size="2750" />
	<plugin fragment="true" id="org.eclipse.jst.j2ee.webservice.ui.nl_cs" unpack="false" version="3.5.0.v20090620043401" download-size="2505" install-size="2505" />
	<plugin fragment="true" id="org.eclipse.jst.j2ee.xdoclet.runtime.nl_cs" unpack="false" version="3.5.0.v20090620043401" download-size="2424" install-size="2424" />
	<plugin fragment="true" id="org.eclipse.jst.jee.nl_cs" unpack="false" version="3.5.0.v20090620043401" download-size="1368" install-size="1368" />
	<plugin fragment="true" id="org.eclipse.jst.jee.ui.nl_cs" unpack="false" version="3.5.0.v20090620043401" download-size="2632" install-size="2632" />
	<plugin fragment="true" id="org.eclipse.jst.jee.web.nl_cs" unpack="false" version="3.5.0.v20090620043401" download-size="1371" install-size="1371" />
	<plugin fragment="true" id="org.eclipse.jst.servlet.ui.infopop.nl_cs" unpack="false" version="3.5.0.v20090620043401" download-size="1403" install-size="1403" />
	<plugin fragment="true" id="org.eclipse.jst.servlet.ui.nl_cs" unpack="false" version="3.5.0.v20090620043401" download-size="5748" install-size="5748" />
	<plugin fragment="true" id="org.eclipse.wst.web.ui.infopop.nl_cs" unpack="false" version="3.5.0.v20090620043401" download-size="1395" install-size="1395" />
</feature>