<?xml version="1.0" encoding="UTF-8" ?>
<feature
	id="org.eclipse.babel.nls_tools.mylyn_en_AA"
	label="Babel Language Pack for tools.mylyn in Pseudo Translations (100%)"
	image="eclipse_update_120.jpg"
	provider-name="%providerName"
	version="3.5.0.v20090620043401">
	<copyright>
		%copyright
	</copyright>
	<license url="%licenseURL">
		%license
	</license>
	<description>Babel Language Pack for tools.mylyn in Pseudo Translations</description>
	<plugin fragment="true" id="org.eclipse.mylyn.bugzilla.core.nl_en_AA" unpack="false" version="3.5.0.v20090620043401" download-size="5078" install-size="5078" />
	<plugin fragment="true" id="org.eclipse.mylyn.bugzilla.ide.nl_en_AA" unpack="false" version="3.5.0.v20090620043401" download-size="1424" install-size="1424" />
	<plugin fragment="true" id="org.eclipse.mylyn.bugzilla.ui.nl_en_AA" unpack="false" version="3.5.0.v20090620043401" download-size="6795" install-size="6795" />
	<plugin fragment="true" id="org.eclipse.mylyn.commons.core.nl_en_AA" unpack="false" version="3.5.0.v20090620043401" download-size="2693" install-size="2693" />
	<plugin fragment="true" id="org.eclipse.mylyn.commons.net.nl_en_AA" unpack="false" version="3.5.0.v20090620043401" download-size="2563" install-size="2563" />
	<plugin fragment="true" id="org.eclipse.mylyn.commons.soap.nl_en_AA" unpack="false" version="3.5.0.v20090620043401" download-size="1370" install-size="1370" />
	<plugin fragment="true" id="org.eclipse.mylyn.commons.ui.nl_en_AA" unpack="false" version="3.5.0.v20090620043401" download-size="3522" install-size="3522" />
	<plugin fragment="true" id="org.eclipse.mylyn.compatibility.nl_en_AA" unpack="false" version="3.5.0.v20090620043401" download-size="2474" install-size="2474" />
	<plugin fragment="true" id="org.eclipse.mylyn.context.core.nl_en_AA" unpack="false" version="3.5.0.v20090620043401" download-size="1371" install-size="1371" />
	<plugin fragment="true" id="org.eclipse.mylyn.context.ui.nl_en_AA" unpack="false" version="3.5.0.v20090620043401" download-size="8643" install-size="8643" />
	<plugin fragment="true" id="org.eclipse.mylyn.discovery.core.nl_en_AA" unpack="false" version="3.5.0.v20090620043401" download-size="4334" install-size="4334" />
	<plugin fragment="true" id="org.eclipse.mylyn.discovery.ui.nl_en_AA" unpack="false" version="3.5.0.v20090620043401" download-size="4286" install-size="4286" />
	<plugin fragment="true" id="org.eclipse.mylyn.help.ui.nl_en_AA" unpack="false" version="3.5.0.v20090620043401" download-size="3586" install-size="3586" />
	<plugin fragment="true" id="org.eclipse.mylyn.ide.ant.nl_en_AA" unpack="false" version="3.5.0.v20090620043401" download-size="2498" install-size="2498" />
	<plugin fragment="true" id="org.eclipse.mylyn.ide.capabilities.nl_en_AA" unpack="false" version="3.5.0.v20090620043401" download-size="1513" install-size="1513" />
	<plugin fragment="true" id="org.eclipse.mylyn.ide.ui.nl_en_AA" unpack="false" version="3.5.0.v20090620043401" download-size="1570" install-size="1570" />
	<plugin fragment="true" id="org.eclipse.mylyn.java.tasks.nl_en_AA" unpack="false" version="3.5.0.v20090620043401" download-size="2670" install-size="2670" />
	<plugin fragment="true" id="org.eclipse.mylyn.java.ui.nl_en_AA" unpack="false" version="3.5.0.v20090620043401" download-size="5062" install-size="5062" />
	<plugin fragment="true" id="org.eclipse.mylyn.jira.core.nl_en_AA" unpack="false" version="3.5.0.v20090620043401" download-size="4999" install-size="4999" />
	<plugin fragment="true" id="org.eclipse.mylyn.jira.ui.nl_en_AA" unpack="false" version="3.5.0.v20090620043401" download-size="6023" install-size="6023" />
	<plugin fragment="true" id="org.eclipse.mylyn.monitor.core.nl_en_AA" unpack="false" version="3.5.0.v20090620043401" download-size="3011" install-size="3011" />
	<plugin fragment="true" id="org.eclipse.mylyn.monitor.ui.nl_en_AA" unpack="false" version="3.5.0.v20090620043401" download-size="2428" install-size="2428" />
	<plugin fragment="true" id="org.eclipse.mylyn.nl_en_AA" unpack="false" version="3.5.0.v20090620043401" download-size="1363" install-size="1363" />
	<plugin fragment="true" id="org.eclipse.mylyn.pde.ui.nl_en_AA" unpack="false" version="3.5.0.v20090620043401" download-size="3250" install-size="3250" />
	<plugin fragment="true" id="org.eclipse.mylyn.resources.ui.nl_en_AA" unpack="false" version="3.5.0.v20090620043401" download-size="3525" install-size="3525" />
	<plugin fragment="true" id="org.eclipse.mylyn.tasks.bugs.nl_en_AA" unpack="false" version="3.5.0.v20090620043401" download-size="4539" install-size="4539" />
	<plugin fragment="true" id="org.eclipse.mylyn.tasks.core.nl_en_AA" unpack="false" version="3.5.0.v20090620043401" download-size="4284" install-size="4284" />
	<plugin fragment="true" id="org.eclipse.mylyn.tasks.ui.nl_en_AA" unpack="false" version="3.5.0.v20090620043401" download-size="27053" install-size="27053" />
	<plugin fragment="true" id="org.eclipse.mylyn.team.cvs.nl_en_AA" unpack="false" version="3.5.0.v20090620043401" download-size="2438" install-size="2438" />
	<plugin fragment="true" id="org.eclipse.mylyn.team.ui.nl_en_AA" unpack="false" version="3.5.0.v20090620043401" download-size="5816" install-size="5816" />
	<plugin fragment="true" id="org.eclipse.mylyn.trac.core.nl_en_AA" unpack="false" version="3.5.0.v20090620043401" download-size="4271" install-size="4271" />
	<plugin fragment="true" id="org.eclipse.mylyn.trac.ui.nl_en_AA" unpack="false" version="3.5.0.v20090620043401" download-size="4520" install-size="4520" />
	<plugin fragment="true" id="org.eclipse.mylyn.wikitext.confluence.core.nl_en_AA" unpack="false" version="3.5.0.v20090620043401" download-size="1433" install-size="1433" />
	<plugin fragment="true" id="org.eclipse.mylyn.wikitext.confluence.ui.nl_en_AA" unpack="false" version="3.5.0.v20090620043401" download-size="1853" install-size="1853" />
	<plugin fragment="true" id="org.eclipse.mylyn.wikitext.core.nl_en_AA" unpack="false" version="3.5.0.v20090620043401" download-size="7806" install-size="7806" />
	<plugin fragment="true" id="org.eclipse.mylyn.wikitext.help.sdk.nl_en_AA" unpack="false" version="3.5.0.v20090620043401" download-size="1444" install-size="1444" />
	<plugin fragment="true" id="org.eclipse.mylyn.wikitext.help.ui.nl_en_AA" unpack="false" version="3.5.0.v20090620043401" download-size="1441" install-size="1441" />
	<plugin fragment="true" id="org.eclipse.mylyn.wikitext.mediawiki.core.nl_en_AA" unpack="false" version="3.5.0.v20090620043401" download-size="3014" install-size="3014" />
	<plugin fragment="true" id="org.eclipse.mylyn.wikitext.mediawiki.ui.nl_en_AA" unpack="false" version="3.5.0.v20090620043401" download-size="1638" install-size="1638" />
	<plugin fragment="true" id="org.eclipse.mylyn.wikitext.tasks.ui.nl_en_AA" unpack="false" version="3.5.0.v20090620043401" download-size="3819" install-size="3819" />
	<plugin fragment="true" id="org.eclipse.mylyn.wikitext.tests.nl_en_AA" unpack="false" version="3.5.0.v20090620043401" download-size="1373" install-size="1373" />
	<plugin fragment="true" id="org.eclipse.mylyn.wikitext.textile.core.nl_en_AA" unpack="false" version="3.5.0.v20090620043401" download-size="2972" install-size="2972" />
	<plugin fragment="true" id="org.eclipse.mylyn.wikitext.textile.ui.nl_en_AA" unpack="false" version="3.5.0.v20090620043401" download-size="1880" install-size="1880" />
	<plugin fragment="true" id="org.eclipse.mylyn.wikitext.tracwiki.core.nl_en_AA" unpack="false" version="3.5.0.v20090620043401" download-size="1456" install-size="1456" />
	<plugin fragment="true" id="org.eclipse.mylyn.wikitext.tracwiki.ui.nl_en_AA" unpack="false" version="3.5.0.v20090620043401" download-size="1740" install-size="1740" />
	<plugin fragment="true" id="org.eclipse.mylyn.wikitext.twiki.core.nl_en_AA" unpack="false" version="3.5.0.v20090620043401" download-size="2899" install-size="2899" />
	<plugin fragment="true" id="org.eclipse.mylyn.wikitext.twiki.ui.nl_en_AA" unpack="false" version="3.5.0.v20090620043401" download-size="1679" install-size="1679" />
	<plugin fragment="true" id="org.eclipse.mylyn.wikitext.ui.nl_en_AA" unpack="false" version="3.5.0.v20090620043401" download-size="13769" install-size="13769" />
	<plugin fragment="true" id="org.eclipse.mylyn.xplanner.core.nl_en_AA" unpack="false" version="3.5.0.v20090620043401" download-size="2738" install-size="2738" />
	<plugin fragment="true" id="org.eclipse.mylyn.xplanner.tests.nl_en_AA" unpack="false" version="3.5.0.v20090620043401" download-size="1411" install-size="1411" />
	<plugin fragment="true" id="org.eclipse.mylyn.xplanner.ui.nl_en_AA" unpack="false" version="3.5.0.v20090620043401" download-size="6076" install-size="6076" />
</feature>