<?xml version="1.0" encoding="UTF-8" ?>
<feature
	id="org.eclipse.babel.nls_webtools.webservices_nl"
	label="Babel Language Pack for webtools.webservices in Dutch (89.24%)"
	image="eclipse_update_120.jpg"
	provider-name="%providerName"
	version="3.5.0.v20090620043401">
	<copyright>
		%copyright
	</copyright>
	<license url="%licenseURL">
		%license
	</license>
	<description>Babel Language Pack for webtools.webservices in Dutch</description>
	<plugin fragment="true" id="org.eclipse.jst.ws.axis.consumption.core.nl_nl" unpack="false" version="3.5.0.v20090620043401" download-size="4205" install-size="4205" />
	<plugin fragment="true" id="org.eclipse.jst.ws.axis.consumption.ui.nl_nl" unpack="false" version="3.5.0.v20090620043401" download-size="4671" install-size="4671" />
	<plugin fragment="true" id="org.eclipse.jst.ws.axis.creation.ui.nl_nl" unpack="false" version="3.5.0.v20090620043401" download-size="3981" install-size="3981" />
	<plugin fragment="true" id="org.eclipse.jst.ws.axis2.consumption.core.nl_nl" unpack="false" version="3.5.0.v20090620043401" download-size="2802" install-size="2802" />
	<plugin fragment="true" id="org.eclipse.jst.ws.axis2.consumption.ui.nl_nl" unpack="false" version="3.5.0.v20090620043401" download-size="1425" install-size="1425" />
	<plugin fragment="true" id="org.eclipse.jst.ws.axis2.core.nl_nl" unpack="false" version="3.5.0.v20090620043401" download-size="2684" install-size="2684" />
	<plugin fragment="true" id="org.eclipse.jst.ws.axis2.creation.core.nl_nl" unpack="false" version="3.5.0.v20090620043401" download-size="2771" install-size="2771" />
	<plugin fragment="true" id="org.eclipse.jst.ws.axis2.creation.ui.nl_nl" unpack="false" version="3.5.0.v20090620043401" download-size="1380" install-size="1380" />
	<plugin fragment="true" id="org.eclipse.jst.ws.axis2.ui.doc.user.nl_nl" unpack="false" version="3.5.0.v20090620043401" download-size="1376" install-size="1376" />
	<plugin fragment="true" id="org.eclipse.jst.ws.axis2.ui.nl_nl" unpack="false" version="3.5.0.v20090620043401" download-size="1375" install-size="1375" />
	<plugin fragment="true" id="org.eclipse.jst.ws.consumption.nl_nl" unpack="false" version="3.5.0.v20090620043401" download-size="4896" install-size="4896" />
	<plugin fragment="true" id="org.eclipse.jst.ws.consumption.ui.nl_nl" unpack="false" version="3.5.0.v20090620043401" download-size="10202" install-size="10202" />
	<plugin fragment="true" id="org.eclipse.jst.ws.creation.ejb.ui.nl_nl" unpack="false" version="3.5.0.v20090620043401" download-size="1496" install-size="1496" />
	<plugin fragment="true" id="org.eclipse.jst.ws.creation.ui.nl_nl" unpack="false" version="3.5.0.v20090620043401" download-size="3024" install-size="3024" />
	<plugin fragment="true" id="org.eclipse.jst.ws.nl_nl" unpack="false" version="3.5.0.v20090620043401" download-size="3627" install-size="3627" />
	<plugin fragment="true" id="org.eclipse.jst.ws.uddiregistry.nl_nl" unpack="false" version="3.5.0.v20090620043401" download-size="2785" install-size="2785" />
	<plugin fragment="true" id="org.eclipse.jst.ws.ui.nl_nl" unpack="false" version="3.5.0.v20090620043401" download-size="3644" install-size="3644" />
	<plugin fragment="true" id="org.eclipse.wst.command.env.core.nl_nl" unpack="false" version="3.5.0.v20090620043401" download-size="2691" install-size="2691" />
	<plugin fragment="true" id="org.eclipse.wst.command.env.nl_nl" unpack="false" version="3.5.0.v20090620043401" download-size="4905" install-size="4905" />
	<plugin fragment="true" id="org.eclipse.wst.command.env.ui.nl_nl" unpack="false" version="3.5.0.v20090620043401" download-size="3243" install-size="3243" />
	<plugin fragment="true" id="org.eclipse.wst.ws.explorer.nl_nl" unpack="false" version="3.5.0.v20090620043401" download-size="17139" install-size="17139" />
	<plugin fragment="true" id="org.eclipse.wst.ws.nl_nl" unpack="false" version="3.5.0.v20090620043401" download-size="2752" install-size="2752" />
	<plugin fragment="true" id="org.eclipse.wst.ws.parser.nl_nl" unpack="false" version="3.5.0.v20090620043401" download-size="3262" install-size="3262" />
	<plugin fragment="true" id="org.eclipse.wst.ws.service.policy.nl_nl" unpack="false" version="3.5.0.v20090620043401" download-size="1484" install-size="1484" />
	<plugin fragment="true" id="org.eclipse.wst.ws.service.policy.ui.nl_nl" unpack="false" version="3.5.0.v20090620043401" download-size="2885" install-size="2885" />
	<plugin fragment="true" id="org.eclipse.wst.ws.ui.nl_nl" unpack="false" version="3.5.0.v20090620043401" download-size="3052" install-size="3052" />
	<plugin fragment="true" id="org.eclipse.wst.wsdl.nl_nl" unpack="false" version="3.5.0.v20090620043401" download-size="1364" install-size="1364" />
	<plugin fragment="true" id="org.eclipse.wst.wsdl.ui.nl_nl" unpack="false" version="3.5.0.v20090620043401" download-size="6110" install-size="6110" />
	<plugin fragment="true" id="org.eclipse.wst.wsdl.validation.nl_nl" unpack="false" version="3.5.0.v20090620043401" download-size="7839" install-size="7839" />
	<plugin fragment="true" id="org.eclipse.wst.wsi.nl_nl" unpack="false" version="3.5.0.v20090620043401" download-size="5835" install-size="5835" />
	<plugin fragment="true" id="org.eclipse.wst.wsi.ui.nl_nl" unpack="false" version="3.5.0.v20090620043401" download-size="3935" install-size="3935" />
</feature>