<?xml version="1.0" encoding="UTF-8" ?>
<feature
	id="org.eclipse.babel.nls_technology.mat_ro"
	label="Babel Language Pack for technology.mat in Romanian (1.45%)"
	image="eclipse_update_120.jpg"
	provider-name="%providerName"
	version="3.5.0.v20090620043401">
	<copyright>
		%copyright
	</copyright>
	<license url="%licenseURL">
		%license
	</license>
	<description>Babel Language Pack for technology.mat in Romanian</description>
	<plugin fragment="true" id="org.eclipse.mat.api.nl_ro" unpack="false" version="3.5.0.v20090620043401" download-size="2155" install-size="2155" />
	<plugin fragment="true" id="org.eclipse.mat.chart.nl_ro" unpack="false" version="3.5.0.v20090620043401" download-size="1367" install-size="1367" />
	<plugin fragment="true" id="org.eclipse.mat.chart.ui.nl_ro" unpack="false" version="3.5.0.v20090620043401" download-size="1369" install-size="1369" />
	<plugin fragment="true" id="org.eclipse.mat.hprof.nl_ro" unpack="false" version="3.5.0.v20090620043401" download-size="1367" install-size="1367" />
	<plugin fragment="true" id="org.eclipse.mat.jdt.nl_ro" unpack="false" version="3.5.0.v20090620043401" download-size="1366" install-size="1366" />
	<plugin fragment="true" id="org.eclipse.mat.parser.nl_ro" unpack="false" version="3.5.0.v20090620043401" download-size="1367" install-size="1367" />
	<plugin fragment="true" id="org.eclipse.mat.report.nl_ro" unpack="false" version="3.5.0.v20090620043401" download-size="2210" install-size="2210" />
	<plugin fragment="true" id="org.eclipse.mat.ui.nl_ro" unpack="false" version="3.5.0.v20090620043401" download-size="2629" install-size="2629" />
	<plugin fragment="true" id="org.eclipse.mat.ui.rcp.nl_ro" unpack="false" version="3.5.0.v20090620043401" download-size="1368" install-size="1368" />
</feature>