<?xml version="1.0" encoding="UTF-8" ?>
<feature
	id="org.eclipse.babel.nls_webtools.sourceediting_cs"
	label="Babel Language Pack for webtools.sourceediting in Czech (73.42%)"
	image="eclipse_update_120.jpg"
	provider-name="%providerName"
	version="3.5.0.v20090620043401">
	<copyright>
		%copyright
	</copyright>
	<license url="%licenseURL">
		%license
	</license>
	<description>Babel Language Pack for webtools.sourceediting in Czech</description>
	<plugin fragment="true" id="org.eclipse.jst.jsp.core.nl_cs" unpack="false" version="3.5.0.v20090620043401" download-size="3078" install-size="3078" />
	<plugin fragment="true" id="org.eclipse.jst.jsp.ui.infopop.nl_cs" unpack="false" version="3.5.0.v20090620043401" download-size="1399" install-size="1399" />
	<plugin fragment="true" id="org.eclipse.jst.jsp.ui.nl_cs" unpack="false" version="3.5.0.v20090620043401" download-size="6089" install-size="6089" />
	<plugin fragment="true" id="org.eclipse.jst.standard.schemas.nl_cs" unpack="false" version="3.5.0.v20090620043401" download-size="1377" install-size="1377" />
	<plugin fragment="true" id="org.eclipse.wst.css.core.nl_cs" unpack="false" version="3.5.0.v20090620043401" download-size="3421" install-size="3421" />
	<plugin fragment="true" id="org.eclipse.wst.css.ui.nl_cs" unpack="false" version="3.5.0.v20090620043401" download-size="5134" install-size="5134" />
	<plugin fragment="true" id="org.eclipse.wst.doc.user.nl_cs" unpack="false" version="3.5.0.v20090620043401" download-size="1367" install-size="1367" />
	<plugin fragment="true" id="org.eclipse.wst.dtd.core.nl_cs" unpack="false" version="3.5.0.v20090620043401" download-size="4532" install-size="4532" />
	<plugin fragment="true" id="org.eclipse.wst.dtd.ui.infopop.nl_cs" unpack="false" version="3.5.0.v20090620043401" download-size="1396" install-size="1396" />
	<plugin fragment="true" id="org.eclipse.wst.dtd.ui.nl_cs" unpack="false" version="3.5.0.v20090620043401" download-size="5095" install-size="5095" />
	<plugin fragment="true" id="org.eclipse.wst.dtdeditor.doc.user.nl_cs" unpack="false" version="3.5.0.v20090620043401" download-size="1374" install-size="1374" />
	<plugin fragment="true" id="org.eclipse.wst.html.core.nl_cs" unpack="false" version="3.5.0.v20090620043401" download-size="5435" install-size="5435" />
	<plugin fragment="true" id="org.eclipse.wst.html.ui.infopop.nl_cs" unpack="false" version="3.5.0.v20090620043401" download-size="1426" install-size="1426" />
	<plugin fragment="true" id="org.eclipse.wst.html.ui.nl_cs" unpack="false" version="3.5.0.v20090620043401" download-size="6281" install-size="6281" />
	<plugin fragment="true" id="org.eclipse.wst.javascript.core.nl_cs" unpack="false" version="3.5.0.v20090620043401" download-size="2675" install-size="2675" />
	<plugin fragment="true" id="org.eclipse.wst.javascript.ui.infopop.nl_cs" unpack="false" version="3.5.0.v20090620043401" download-size="1427" install-size="1427" />
	<plugin fragment="true" id="org.eclipse.wst.javascript.ui.nl_cs" unpack="false" version="3.5.0.v20090620043401" download-size="5669" install-size="5669" />
	<plugin fragment="true" id="org.eclipse.wst.jsdt.core.nl_cs" unpack="false" version="3.5.0.v20090620043401" download-size="20614" install-size="20614" />
	<plugin fragment="true" id="org.eclipse.wst.jsdt.doc.nl_cs" unpack="false" version="3.5.0.v20090620043401" download-size="1369" install-size="1369" />
	<plugin fragment="true" id="org.eclipse.wst.jsdt.manipulation.nl_cs" unpack="false" version="3.5.0.v20090620043401" download-size="3347" install-size="3347" />
	<plugin fragment="true" id="org.eclipse.wst.jsdt.support.firefox.nl_cs" unpack="false" version="3.5.0.v20090620043401" download-size="1375" install-size="1375" />
	<plugin fragment="true" id="org.eclipse.wst.jsdt.support.ie.nl_cs" unpack="false" version="3.5.0.v20090620043401" download-size="1375" install-size="1375" />
	<plugin fragment="true" id="org.eclipse.wst.jsdt.ui.nl_cs" unpack="false" version="3.5.0.v20090620043401" download-size="121004" install-size="121004" />
	<plugin fragment="true" id="org.eclipse.wst.jsdt.web.core.nl_cs" unpack="false" version="3.5.0.v20090620043401" download-size="2658" install-size="2658" />
	<plugin fragment="true" id="org.eclipse.wst.jsdt.web.support.jsp.nl_cs" unpack="false" version="3.5.0.v20090620043401" download-size="1378" install-size="1378" />
	<plugin fragment="true" id="org.eclipse.wst.jsdt.web.ui.nl_cs" unpack="false" version="3.5.0.v20090620043401" download-size="5050" install-size="5050" />
	<plugin fragment="true" id="org.eclipse.wst.sse.core.nl_cs" unpack="false" version="3.5.0.v20090620043401" download-size="4246" install-size="4246" />
	<plugin fragment="true" id="org.eclipse.wst.sse.doc.user.nl_cs" unpack="false" version="3.5.0.v20090620043401" download-size="1374" install-size="1374" />
	<plugin fragment="true" id="org.eclipse.wst.sse.ui.infopop.nl_cs" unpack="false" version="3.5.0.v20090620043401" download-size="1418" install-size="1418" />
	<plugin fragment="true" id="org.eclipse.wst.sse.ui.nl_cs" unpack="false" version="3.5.0.v20090620043401" download-size="8530" install-size="8530" />
	<plugin fragment="true" id="org.eclipse.wst.standard.schemas.nl_cs" unpack="false" version="3.5.0.v20090620043401" download-size="1377" install-size="1377" />
	<plugin fragment="true" id="org.eclipse.wst.web.nl_cs" unpack="false" version="3.5.0.v20090620043401" download-size="2060" install-size="2060" />
	<plugin fragment="true" id="org.eclipse.wst.web.ui.nl_cs" unpack="false" version="3.5.0.v20090620043401" download-size="1426" install-size="1426" />
	<plugin fragment="true" id="org.eclipse.wst.webtools.doc.user.nl_cs" unpack="false" version="3.5.0.v20090620043401" download-size="1372" install-size="1372" />
	<plugin fragment="true" id="org.eclipse.wst.xml.core.nl_cs" unpack="false" version="3.5.0.v20090620043401" download-size="3789" install-size="3789" />
	<plugin fragment="true" id="org.eclipse.wst.xml.ui.infopop.nl_cs" unpack="false" version="3.5.0.v20090620043401" download-size="1391" install-size="1391" />
	<plugin fragment="true" id="org.eclipse.wst.xml.ui.nl_cs" unpack="false" version="3.5.0.v20090620043401" download-size="14159" install-size="14159" />
	<plugin fragment="true" id="org.eclipse.wst.xml.xpath.ui.nl_cs" unpack="false" version="3.5.0.v20090620043401" download-size="3076" install-size="3076" />
	<plugin fragment="true" id="org.eclipse.wst.xml.xpath2.processor.nl_cs" unpack="false" version="3.5.0.v20090620043401" download-size="1376" install-size="1376" />
	<plugin fragment="true" id="org.eclipse.wst.xmleditor.doc.user.nl_cs" unpack="false" version="3.5.0.v20090620043401" download-size="1391" install-size="1391" />
	<plugin fragment="true" id="org.eclipse.wst.xsd.core.nl_cs" unpack="false" version="3.5.0.v20090620043401" download-size="1493" install-size="1493" />
	<plugin fragment="true" id="org.eclipse.wst.xsd.ui.nl_cs" unpack="false" version="3.5.0.v20090620043401" download-size="19708" install-size="19708" />
	<plugin fragment="true" id="org.eclipse.wst.xsdeditor.doc.user.nl_cs" unpack="false" version="3.5.0.v20090620043401" download-size="1400" install-size="1400" />
</feature>