<?xml version="1.0" encoding="UTF-8" ?>
<feature
	id="org.eclipse.babel.nls_webtools.webservices_cs"
	label="Babel Language Pack for webtools.webservices in Czech (89.12%)"
	image="eclipse_update_120.jpg"
	provider-name="%providerName"
	version="3.5.0.v20090620043401">
	<copyright>
		%copyright
	</copyright>
	<license url="%licenseURL">
		%license
	</license>
	<description>Babel Language Pack for webtools.webservices in Czech</description>
	<plugin fragment="true" id="org.eclipse.jst.ws.axis.consumption.core.nl_cs" unpack="false" version="3.5.0.v20090620043401" download-size="4289" install-size="4289" />
	<plugin fragment="true" id="org.eclipse.jst.ws.axis.consumption.ui.nl_cs" unpack="false" version="3.5.0.v20090620043401" download-size="4828" install-size="4828" />
	<plugin fragment="true" id="org.eclipse.jst.ws.axis.creation.ui.nl_cs" unpack="false" version="3.5.0.v20090620043401" download-size="4124" install-size="4124" />
	<plugin fragment="true" id="org.eclipse.jst.ws.axis2.consumption.core.nl_cs" unpack="false" version="3.5.0.v20090620043401" download-size="2827" install-size="2827" />
	<plugin fragment="true" id="org.eclipse.jst.ws.axis2.consumption.ui.nl_cs" unpack="false" version="3.5.0.v20090620043401" download-size="1444" install-size="1444" />
	<plugin fragment="true" id="org.eclipse.jst.ws.axis2.core.nl_cs" unpack="false" version="3.5.0.v20090620043401" download-size="2693" install-size="2693" />
	<plugin fragment="true" id="org.eclipse.jst.ws.axis2.creation.core.nl_cs" unpack="false" version="3.5.0.v20090620043401" download-size="2795" install-size="2795" />
	<plugin fragment="true" id="org.eclipse.jst.ws.axis2.creation.ui.nl_cs" unpack="false" version="3.5.0.v20090620043401" download-size="1380" install-size="1380" />
	<plugin fragment="true" id="org.eclipse.jst.ws.axis2.ui.doc.user.nl_cs" unpack="false" version="3.5.0.v20090620043401" download-size="1376" install-size="1376" />
	<plugin fragment="true" id="org.eclipse.jst.ws.axis2.ui.nl_cs" unpack="false" version="3.5.0.v20090620043401" download-size="1376" install-size="1376" />
	<plugin fragment="true" id="org.eclipse.jst.ws.consumption.nl_cs" unpack="false" version="3.5.0.v20090620043401" download-size="4958" install-size="4958" />
	<plugin fragment="true" id="org.eclipse.jst.ws.consumption.ui.nl_cs" unpack="false" version="3.5.0.v20090620043401" download-size="10735" install-size="10735" />
	<plugin fragment="true" id="org.eclipse.jst.ws.creation.ejb.ui.nl_cs" unpack="false" version="3.5.0.v20090620043401" download-size="1531" install-size="1531" />
	<plugin fragment="true" id="org.eclipse.jst.ws.creation.ui.nl_cs" unpack="false" version="3.5.0.v20090620043401" download-size="3072" install-size="3072" />
	<plugin fragment="true" id="org.eclipse.jst.ws.nl_cs" unpack="false" version="3.5.0.v20090620043401" download-size="3694" install-size="3694" />
	<plugin fragment="true" id="org.eclipse.jst.ws.uddiregistry.nl_cs" unpack="false" version="3.5.0.v20090620043401" download-size="2884" install-size="2884" />
	<plugin fragment="true" id="org.eclipse.jst.ws.ui.nl_cs" unpack="false" version="3.5.0.v20090620043401" download-size="3793" install-size="3793" />
	<plugin fragment="true" id="org.eclipse.wst.command.env.core.nl_cs" unpack="false" version="3.5.0.v20090620043401" download-size="2702" install-size="2702" />
	<plugin fragment="true" id="org.eclipse.wst.command.env.nl_cs" unpack="false" version="3.5.0.v20090620043401" download-size="5072" install-size="5072" />
	<plugin fragment="true" id="org.eclipse.wst.command.env.ui.nl_cs" unpack="false" version="3.5.0.v20090620043401" download-size="3365" install-size="3365" />
	<plugin fragment="true" id="org.eclipse.wst.ws.explorer.nl_cs" unpack="false" version="3.5.0.v20090620043401" download-size="17998" install-size="17998" />
	<plugin fragment="true" id="org.eclipse.wst.ws.nl_cs" unpack="false" version="3.5.0.v20090620043401" download-size="2795" install-size="2795" />
	<plugin fragment="true" id="org.eclipse.wst.ws.parser.nl_cs" unpack="false" version="3.5.0.v20090620043401" download-size="3276" install-size="3276" />
	<plugin fragment="true" id="org.eclipse.wst.ws.service.policy.nl_cs" unpack="false" version="3.5.0.v20090620043401" download-size="1489" install-size="1489" />
	<plugin fragment="true" id="org.eclipse.wst.ws.service.policy.ui.nl_cs" unpack="false" version="3.5.0.v20090620043401" download-size="2905" install-size="2905" />
	<plugin fragment="true" id="org.eclipse.wst.ws.ui.nl_cs" unpack="false" version="3.5.0.v20090620043401" download-size="3136" install-size="3136" />
	<plugin fragment="true" id="org.eclipse.wst.wsdl.nl_cs" unpack="false" version="3.5.0.v20090620043401" download-size="1365" install-size="1365" />
	<plugin fragment="true" id="org.eclipse.wst.wsdl.ui.nl_cs" unpack="false" version="3.5.0.v20090620043401" download-size="6382" install-size="6382" />
	<plugin fragment="true" id="org.eclipse.wst.wsdl.validation.nl_cs" unpack="false" version="3.5.0.v20090620043401" download-size="8299" install-size="8299" />
	<plugin fragment="true" id="org.eclipse.wst.wsi.nl_cs" unpack="false" version="3.5.0.v20090620043401" download-size="5937" install-size="5937" />
	<plugin fragment="true" id="org.eclipse.wst.wsi.ui.nl_cs" unpack="false" version="3.5.0.v20090620043401" download-size="4032" install-size="4032" />
</feature>