<?xml version="1.0" encoding="UTF-8" ?>
<feature
	id="org.eclipse.babel.nls_webtools.common_pl"
	label="Babel Language Pack for webtools.common in Polish (46.59%)"
	image="eclipse_update_120.jpg"
	provider-name="%providerName"
	version="3.5.0.v20090620043401">
	<copyright>
		%copyright
	</copyright>
	<license url="%licenseURL">
		%license
	</license>
	<description>Babel Language Pack for webtools.common in Polish</description>
	<plugin fragment="true" id="org.eclipse.jem.util.nl_pl" unpack="false" version="3.5.0.v20090620043401" download-size="1890" install-size="1890" />
	<plugin fragment="true" id="org.eclipse.jst.common.annotations.controller.nl_pl" unpack="false" version="3.5.0.v20090620043401" download-size="2066" install-size="2066" />
	<plugin fragment="true" id="org.eclipse.jst.common.annotations.core.nl_pl" unpack="false" version="3.5.0.v20090620043401" download-size="1819" install-size="1819" />
	<plugin fragment="true" id="org.eclipse.jst.common.annotations.ui.nl_pl" unpack="false" version="3.5.0.v20090620043401" download-size="1757" install-size="1757" />
	<plugin fragment="true" id="org.eclipse.jst.common.fproj.enablement.jdt.sdk.nl_pl" unpack="false" version="3.5.0.v20090620043401" download-size="1383" install-size="1383" />
	<plugin fragment="true" id="org.eclipse.jst.common.frameworks.nl_pl" unpack="false" version="3.5.0.v20090620043401" download-size="1395" install-size="1395" />
	<plugin fragment="true" id="org.eclipse.jst.common.project.facet.core.nl_pl" unpack="false" version="3.5.0.v20090620043401" download-size="3760" install-size="3760" />
	<plugin fragment="true" id="org.eclipse.jst.common.project.facet.ui.nl_pl" unpack="false" version="3.5.0.v20090620043401" download-size="4576" install-size="4576" />
	<plugin fragment="true" id="org.eclipse.perfmsr.core.stub.nl_pl" unpack="false" version="3.5.0.v20090620043401" download-size="1388" install-size="1388" />
	<plugin fragment="true" id="org.eclipse.wst.common.api.doc.nl_pl" unpack="false" version="3.5.0.v20090620043401" download-size="1371" install-size="1371" />
	<plugin fragment="true" id="org.eclipse.wst.common.core.nl_pl" unpack="false" version="3.5.0.v20090620043401" download-size="2667" install-size="2667" />
	<plugin fragment="true" id="org.eclipse.wst.common.emf.nl_pl" unpack="false" version="3.5.0.v20090620043401" download-size="2183" install-size="2183" />
	<plugin fragment="true" id="org.eclipse.wst.common.emfworkbench.integration.nl_pl" unpack="false" version="3.5.0.v20090620043401" download-size="2865" install-size="2865" />
	<plugin fragment="true" id="org.eclipse.wst.common.environment.nl_pl" unpack="false" version="3.5.0.v20090620043401" download-size="3200" install-size="3200" />
	<plugin fragment="true" id="org.eclipse.wst.common.fproj.sdk.nl_pl" unpack="false" version="3.5.0.v20090620043401" download-size="1374" install-size="1374" />
	<plugin fragment="true" id="org.eclipse.wst.common.frameworks.nl_pl" unpack="false" version="3.5.0.v20090620043401" download-size="2919" install-size="2919" />
	<plugin fragment="true" id="org.eclipse.wst.common.frameworks.ui.nl_pl" unpack="false" version="3.5.0.v20090620043401" download-size="4344" install-size="4344" />
	<plugin fragment="true" id="org.eclipse.wst.common.infopop.nl_pl" unpack="false" version="3.5.0.v20090620043401" download-size="1433" install-size="1433" />
	<plugin fragment="true" id="org.eclipse.wst.common.modulecore.nl_pl" unpack="false" version="3.5.0.v20090620043401" download-size="2182" install-size="2182" />
	<plugin fragment="true" id="org.eclipse.wst.common.project.facet.core.nl_pl" unpack="false" version="3.5.0.v20090620043401" download-size="9005" install-size="9005" />
	<plugin fragment="true" id="org.eclipse.wst.common.project.facet.doc.api.nl_pl" unpack="false" version="3.5.0.v20090620043401" download-size="1380" install-size="1380" />
	<plugin fragment="true" id="org.eclipse.wst.common.project.facet.ui.nl_pl" unpack="false" version="3.5.0.v20090620043401" download-size="7844" install-size="7844" />
	<plugin fragment="true" id="org.eclipse.wst.common.snippets.nl_pl" unpack="false" version="3.5.0.v20090620043401" download-size="3441" install-size="3441" />
	<plugin fragment="true" id="org.eclipse.wst.common.ui.nl_pl" unpack="false" version="3.5.0.v20090620043401" download-size="5065" install-size="5065" />
	<plugin fragment="true" id="org.eclipse.wst.common.ui.properties.nl_pl" unpack="false" version="3.5.0.v20090620043401" download-size="3430" install-size="3430" />
	<plugin fragment="true" id="org.eclipse.wst.common.uriresolver.nl_pl" unpack="false" version="3.5.0.v20090620043401" download-size="1484" install-size="1484" />
	<plugin fragment="true" id="org.eclipse.wst.internet.cache.nl_pl" unpack="false" version="3.5.0.v20090620043401" download-size="3290" install-size="3290" />
	<plugin fragment="true" id="org.eclipse.wst.validation.doc.isv.nl_pl" unpack="false" version="3.5.0.v20090620043401" download-size="1378" install-size="1378" />
	<plugin fragment="true" id="org.eclipse.wst.validation.infopop.nl_pl" unpack="false" version="3.5.0.v20090620043401" download-size="1454" install-size="1454" />
	<plugin fragment="true" id="org.eclipse.wst.validation.nl_pl" unpack="false" version="3.5.0.v20090620043401" download-size="4892" install-size="4892" />
	<plugin fragment="true" id="org.eclipse.wst.validation.ui.nl_pl" unpack="false" version="3.5.0.v20090620043401" download-size="3774" install-size="3774" />
</feature>