<?xml version="1.0" encoding="UTF-8" ?>
<feature
	id="org.eclipse.babel.nls_dsdp.mtj_pt"
	label="Babel Language Pack for dsdp.mtj in Portuguese (5.86%)"
	image="eclipse_update_120.jpg"
	provider-name="%providerName"
	version="3.5.0.v20090620043401">
	<copyright>
		%copyright
	</copyright>
	<license url="%licenseURL">
		%license
	</license>
	<description>Babel Language Pack for dsdp.mtj in Portuguese</description>
	<plugin fragment="true" id="org.eclipse.mtj.core.nl_pt" unpack="false" version="3.5.0.v20090620043401" download-size="2177" install-size="2177" />
	<plugin fragment="true" id="org.eclipse.mtj.eswt.templates.nl_pt" unpack="false" version="3.5.0.v20090620043401" download-size="2171" install-size="2171" />
	<plugin fragment="true" id="org.eclipse.mtj.jmunit.nl_pt" unpack="false" version="3.5.0.v20090620043401" download-size="2259" install-size="2259" />
	<plugin fragment="true" id="org.eclipse.mtj.pulsar.ui.nl_pt" unpack="false" version="3.5.0.v20090620043401" download-size="2383" install-size="2383" />
	<plugin fragment="true" id="org.eclipse.mtj.ui.nl_pt" unpack="false" version="3.5.0.v20090620043401" download-size="4976" install-size="4976" />
</feature>