<?xml version="1.0" encoding="UTF-8" ?>
<feature
	id="org.eclipse.babel.nls_webtools.jsf_ru"
	label="Babel Language Pack for webtools.jsf in Russian (30.11%)"
	image="eclipse_update_120.jpg"
	provider-name="%providerName"
	version="3.5.0.v20090620043401">
	<copyright>
		%copyright
	</copyright>
	<license url="%licenseURL">
		%license
	</license>
	<description>Babel Language Pack for webtools.jsf in Russian</description>
	<plugin fragment="true" id="org.eclipse.jst.jsf.apache.trinidad.tagsupport.nl_ru" unpack="false" version="3.5.0.v20090620043401" download-size="3110" install-size="3110" />
	<plugin fragment="true" id="org.eclipse.jst.jsf.common.nl_ru" unpack="false" version="3.5.0.v20090620043401" download-size="2779" install-size="2779" />
	<plugin fragment="true" id="org.eclipse.jst.jsf.common.runtime.nl_ru" unpack="false" version="3.5.0.v20090620043401" download-size="1378" install-size="1378" />
	<plugin fragment="true" id="org.eclipse.jst.jsf.common.ui.nl_ru" unpack="false" version="3.5.0.v20090620043401" download-size="5175" install-size="5175" />
	<plugin fragment="true" id="org.eclipse.jst.jsf.core.nl_ru" unpack="false" version="3.5.0.v20090620043401" download-size="6567" install-size="6567" />
	<plugin fragment="true" id="org.eclipse.jst.jsf.facesconfig.nl_ru" unpack="false" version="3.5.0.v20090620043401" download-size="5844" install-size="5844" />
	<plugin fragment="true" id="org.eclipse.jst.jsf.facesconfig.ui.nl_ru" unpack="false" version="3.5.0.v20090620043401" download-size="7721" install-size="7721" />
	<plugin fragment="true" id="org.eclipse.jst.jsf.standard.tagsupport.nl_ru" unpack="false" version="3.5.0.v20090620043401" download-size="3045" install-size="3045" />
	<plugin fragment="true" id="org.eclipse.jst.jsf.ui.nl_ru" unpack="false" version="3.5.0.v20090620043401" download-size="4666" install-size="4666" />
	<plugin fragment="true" id="org.eclipse.jst.pagedesigner.jsf.ui.nl_ru" unpack="false" version="3.5.0.v20090620043401" download-size="5275" install-size="5275" />
	<plugin fragment="true" id="org.eclipse.jst.pagedesigner.jsp.core.nl_ru" unpack="false" version="3.5.0.v20090620043401" download-size="1376" install-size="1376" />
	<plugin fragment="true" id="org.eclipse.jst.pagedesigner.nl_ru" unpack="false" version="3.5.0.v20090620043401" download-size="11219" install-size="11219" />
</feature>