<?xml version="1.0" encoding="UTF-8" ?>
<feature
	id="org.eclipse.babel.nls_stp.bpmn_pl"
	label="Babel Language Pack for stp.bpmn in Polish (18.22%)"
	image="eclipse_update_120.jpg"
	provider-name="%providerName"
	version="3.5.0.v20090620043401">
	<copyright>
		%copyright
	</copyright>
	<license url="%licenseURL">
		%license
	</license>
	<description>Babel Language Pack for stp.bpmn in Polish</description>
	<plugin fragment="true" id="org.eclipse.stp.bpmn.diagram.nl_pl" unpack="false" version="3.5.0.v20090620043401" download-size="2729" install-size="2729" />
	<plugin fragment="true" id="org.eclipse.stp.bpmn.edit.nl_pl" unpack="false" version="3.5.0.v20090620043401" download-size="2313" install-size="2313" />
	<plugin fragment="true" id="org.eclipse.stp.bpmn.nl_pl" unpack="false" version="3.5.0.v20090620043401" download-size="2133" install-size="2133" />
	<plugin fragment="true" id="org.eclipse.stp.bpmn.validation.nl_pl" unpack="false" version="3.5.0.v20090620043401" download-size="2332" install-size="2332" />
</feature>