<?xml version="1.0" encoding="UTF-8" ?>
<feature
	id="org.eclipse.babel.nls_webtools.sourceediting_fr"
	label="Babel Language Pack for webtools.sourceediting in French (79.08%)"
	image="eclipse_update_120.jpg"
	provider-name="%providerName"
	version="3.5.0.v20090620043401">
	<copyright>
		%copyright
	</copyright>
	<license url="%licenseURL">
		%license
	</license>
	<description>Babel Language Pack for webtools.sourceediting in French</description>
	<plugin fragment="true" id="org.eclipse.jst.jsp.core.nl_fr" unpack="false" version="3.5.0.v20090620043401" download-size="3305" install-size="3305" />
	<plugin fragment="true" id="org.eclipse.jst.jsp.ui.infopop.nl_fr" unpack="false" version="3.5.0.v20090620043401" download-size="1404" install-size="1404" />
	<plugin fragment="true" id="org.eclipse.jst.jsp.ui.nl_fr" unpack="false" version="3.5.0.v20090620043401" download-size="6508" install-size="6508" />
	<plugin fragment="true" id="org.eclipse.jst.standard.schemas.nl_fr" unpack="false" version="3.5.0.v20090620043401" download-size="1376" install-size="1376" />
	<plugin fragment="true" id="org.eclipse.wst.css.core.nl_fr" unpack="false" version="3.5.0.v20090620043401" download-size="3391" install-size="3391" />
	<plugin fragment="true" id="org.eclipse.wst.css.ui.nl_fr" unpack="false" version="3.5.0.v20090620043401" download-size="5068" install-size="5068" />
	<plugin fragment="true" id="org.eclipse.wst.doc.user.nl_fr" unpack="false" version="3.5.0.v20090620043401" download-size="1410" install-size="1410" />
	<plugin fragment="true" id="org.eclipse.wst.dtd.core.nl_fr" unpack="false" version="3.5.0.v20090620043401" download-size="4529" install-size="4529" />
	<plugin fragment="true" id="org.eclipse.wst.dtd.ui.infopop.nl_fr" unpack="false" version="3.5.0.v20090620043401" download-size="1407" install-size="1407" />
	<plugin fragment="true" id="org.eclipse.wst.dtd.ui.nl_fr" unpack="false" version="3.5.0.v20090620043401" download-size="5040" install-size="5040" />
	<plugin fragment="true" id="org.eclipse.wst.dtdeditor.doc.user.nl_fr" unpack="false" version="3.5.0.v20090620043401" download-size="1373" install-size="1373" />
	<plugin fragment="true" id="org.eclipse.wst.html.core.nl_fr" unpack="false" version="3.5.0.v20090620043401" download-size="5432" install-size="5432" />
	<plugin fragment="true" id="org.eclipse.wst.html.ui.infopop.nl_fr" unpack="false" version="3.5.0.v20090620043401" download-size="1410" install-size="1410" />
	<plugin fragment="true" id="org.eclipse.wst.html.ui.nl_fr" unpack="false" version="3.5.0.v20090620043401" download-size="6170" install-size="6170" />
	<plugin fragment="true" id="org.eclipse.wst.javascript.core.nl_fr" unpack="false" version="3.5.0.v20090620043401" download-size="2674" install-size="2674" />
	<plugin fragment="true" id="org.eclipse.wst.javascript.ui.infopop.nl_fr" unpack="false" version="3.5.0.v20090620043401" download-size="1402" install-size="1402" />
	<plugin fragment="true" id="org.eclipse.wst.javascript.ui.nl_fr" unpack="false" version="3.5.0.v20090620043401" download-size="5595" install-size="5595" />
	<plugin fragment="true" id="org.eclipse.wst.jsdt.core.nl_fr" unpack="false" version="3.5.0.v20090620043401" download-size="20915" install-size="20915" />
	<plugin fragment="true" id="org.eclipse.wst.jsdt.doc.nl_fr" unpack="false" version="3.5.0.v20090620043401" download-size="1698" install-size="1698" />
	<plugin fragment="true" id="org.eclipse.wst.jsdt.manipulation.nl_fr" unpack="false" version="3.5.0.v20090620043401" download-size="4007" install-size="4007" />
	<plugin fragment="true" id="org.eclipse.wst.jsdt.support.firefox.nl_fr" unpack="false" version="3.5.0.v20090620043401" download-size="1375" install-size="1375" />
	<plugin fragment="true" id="org.eclipse.wst.jsdt.support.ie.nl_fr" unpack="false" version="3.5.0.v20090620043401" download-size="1375" install-size="1375" />
	<plugin fragment="true" id="org.eclipse.wst.jsdt.ui.nl_fr" unpack="false" version="3.5.0.v20090620043401" download-size="126660" install-size="126660" />
	<plugin fragment="true" id="org.eclipse.wst.jsdt.web.core.nl_fr" unpack="false" version="3.5.0.v20090620043401" download-size="3171" install-size="3171" />
	<plugin fragment="true" id="org.eclipse.wst.jsdt.web.support.jsp.nl_fr" unpack="false" version="3.5.0.v20090620043401" download-size="1378" install-size="1378" />
	<plugin fragment="true" id="org.eclipse.wst.jsdt.web.ui.nl_fr" unpack="false" version="3.5.0.v20090620043401" download-size="4986" install-size="4986" />
	<plugin fragment="true" id="org.eclipse.wst.sse.core.nl_fr" unpack="false" version="3.5.0.v20090620043401" download-size="4192" install-size="4192" />
	<plugin fragment="true" id="org.eclipse.wst.sse.doc.user.nl_fr" unpack="false" version="3.5.0.v20090620043401" download-size="1421" install-size="1421" />
	<plugin fragment="true" id="org.eclipse.wst.sse.ui.infopop.nl_fr" unpack="false" version="3.5.0.v20090620043401" download-size="1394" install-size="1394" />
	<plugin fragment="true" id="org.eclipse.wst.sse.ui.nl_fr" unpack="false" version="3.5.0.v20090620043401" download-size="8424" install-size="8424" />
	<plugin fragment="true" id="org.eclipse.wst.standard.schemas.nl_fr" unpack="false" version="3.5.0.v20090620043401" download-size="1406" install-size="1406" />
	<plugin fragment="true" id="org.eclipse.wst.web.nl_fr" unpack="false" version="3.5.0.v20090620043401" download-size="2052" install-size="2052" />
	<plugin fragment="true" id="org.eclipse.wst.web.ui.nl_fr" unpack="false" version="3.5.0.v20090620043401" download-size="3069" install-size="3069" />
	<plugin fragment="true" id="org.eclipse.wst.webtools.doc.user.nl_fr" unpack="false" version="3.5.0.v20090620043401" download-size="1398" install-size="1398" />
	<plugin fragment="true" id="org.eclipse.wst.xml.core.nl_fr" unpack="false" version="3.5.0.v20090620043401" download-size="3722" install-size="3722" />
	<plugin fragment="true" id="org.eclipse.wst.xml.ui.infopop.nl_fr" unpack="false" version="3.5.0.v20090620043401" download-size="1394" install-size="1394" />
	<plugin fragment="true" id="org.eclipse.wst.xml.ui.nl_fr" unpack="false" version="3.5.0.v20090620043401" download-size="14160" install-size="14160" />
	<plugin fragment="true" id="org.eclipse.wst.xml.xpath.core.nl_fr" unpack="false" version="3.5.0.v20090620043401" download-size="1372" install-size="1372" />
	<plugin fragment="true" id="org.eclipse.wst.xml.xpath.core.tests.nl_fr" unpack="false" version="3.5.0.v20090620043401" download-size="1374" install-size="1374" />
	<plugin fragment="true" id="org.eclipse.wst.xml.xpath.ui.nl_fr" unpack="false" version="3.5.0.v20090620043401" download-size="3783" install-size="3783" />
	<plugin fragment="true" id="org.eclipse.wst.xml.xpath2.processor.nl_fr" unpack="false" version="3.5.0.v20090620043401" download-size="1375" install-size="1375" />
	<plugin fragment="true" id="org.eclipse.wst.xmleditor.doc.user.nl_fr" unpack="false" version="3.5.0.v20090620043401" download-size="1374" install-size="1374" />
	<plugin fragment="true" id="org.eclipse.wst.xsd.core.nl_fr" unpack="false" version="3.5.0.v20090620043401" download-size="1478" install-size="1478" />
	<plugin fragment="true" id="org.eclipse.wst.xsd.ui.nl_fr" unpack="false" version="3.5.0.v20090620043401" download-size="19263" install-size="19263" />
	<plugin fragment="true" id="org.eclipse.wst.xsdeditor.doc.user.nl_fr" unpack="false" version="3.5.0.v20090620043401" download-size="1409" install-size="1409" />
	<plugin fragment="true" id="org.eclipse.wst.xsl.core.nl_fr" unpack="false" version="3.5.0.v20090620043401" download-size="3975" install-size="3975" />
	<plugin fragment="true" id="org.eclipse.wst.xsl.core.tests.nl_fr" unpack="false" version="3.5.0.v20090620043401" download-size="1388" install-size="1388" />
	<plugin fragment="true" id="org.eclipse.wst.xsl.debug.ui.nl_fr" unpack="false" version="3.5.0.v20090620043401" download-size="4825" install-size="4825" />
	<plugin fragment="true" id="org.eclipse.wst.xsl.doc.nl_fr" unpack="false" version="3.5.0.v20090620043401" download-size="1366" install-size="1366" />
	<plugin fragment="true" id="org.eclipse.wst.xsl.jaxp.debug.nl_fr" unpack="false" version="3.5.0.v20090620043401" download-size="3390" install-size="3390" />
	<plugin fragment="true" id="org.eclipse.wst.xsl.jaxp.debug.ui.nl_fr" unpack="false" version="3.5.0.v20090620043401" download-size="4261" install-size="4261" />
	<plugin fragment="true" id="org.eclipse.wst.xsl.jaxp.launching.nl_fr" unpack="false" version="3.5.0.v20090620043401" download-size="3621" install-size="3621" />
	<plugin fragment="true" id="org.eclipse.wst.xsl.launching.nl_fr" unpack="false" version="3.5.0.v20090620043401" download-size="2483" install-size="2483" />
	<plugin fragment="true" id="org.eclipse.wst.xsl.launching.tests.nl_fr" unpack="false" version="3.5.0.v20090620043401" download-size="1379" install-size="1379" />
	<plugin fragment="true" id="org.eclipse.wst.xsl.nl_fr" unpack="false" version="3.5.0.v20090620043401" download-size="1760" install-size="1760" />
	<plugin fragment="true" id="org.eclipse.wst.xsl.saxon.nl_fr" unpack="false" version="3.5.0.v20090620043401" download-size="1764" install-size="1764" />
	<plugin fragment="true" id="org.eclipse.wst.xsl.sdk.documentation.nl_fr" unpack="false" version="3.5.0.v20090620043401" download-size="1377" install-size="1377" />
	<plugin fragment="true" id="org.eclipse.wst.xsl.tests.nl_fr" unpack="false" version="3.5.0.v20090620043401" download-size="1392" install-size="1392" />
	<plugin fragment="true" id="org.eclipse.wst.xsl.ui.nl_fr" unpack="false" version="3.5.0.v20090620043401" download-size="2676" install-size="2676" />
	<plugin fragment="true" id="org.eclipse.wst.xsl.ui.tests.nl_fr" unpack="false" version="3.5.0.v20090620043401" download-size="1375" install-size="1375" />
	<plugin fragment="true" id="org.eclipse.wst.xsl.xalan.nl_fr" unpack="false" version="3.5.0.v20090620043401" download-size="1679" install-size="1679" />
</feature>