<?xml version="1.0" encoding="UTF-8" ?>
<feature
	id="org.eclipse.babel.nls_modeling.mdt_uk"
	label="Babel Language Pack for modeling.mdt in Ukrainian (6.16%)"
	image="eclipse_update_120.jpg"
	provider-name="%providerName"
	version="3.5.0.v20090620043401">
	<copyright>
		%copyright
	</copyright>
	<license url="%licenseURL">
		%license
	</license>
	<description>Babel Language Pack for modeling.mdt in Ukrainian</description>
	<plugin fragment="true" id="org.eclipse.emf.examples.library.edit.nl_uk" unpack="false" version="3.5.0.v20090620043401" download-size="1526" install-size="1526" />
	<plugin fragment="true" id="org.eclipse.emf.examples.library.editor.nl_uk" unpack="false" version="3.5.0.v20090620043401" download-size="1445" install-size="1445" />
	<plugin fragment="true" id="org.eclipse.emf.examples.library.nl_uk" unpack="false" version="3.5.0.v20090620043401" download-size="1374" install-size="1374" />
	<plugin fragment="true" id="org.eclipse.emf.ocl.doc.nl_uk" unpack="false" version="3.5.0.v20090620043401" download-size="1370" install-size="1370" />
	<plugin fragment="true" id="org.eclipse.emf.ocl.examples.interpreter.nl_uk" unpack="false" version="3.5.0.v20090620043401" download-size="2828" install-size="2828" />
	<plugin fragment="true" id="org.eclipse.emf.ocl.examples.nl_uk" unpack="false" version="3.5.0.v20090620043401" download-size="1377" install-size="1377" />
	<plugin fragment="true" id="org.eclipse.emf.ocl.nl_uk" unpack="false" version="3.5.0.v20090620043401" download-size="1371" install-size="1371" />
	<plugin fragment="true" id="org.eclipse.emf.ocl.tests.nl_uk" unpack="false" version="3.5.0.v20090620043401" download-size="1375" install-size="1375" />
	<plugin fragment="true" id="org.eclipse.ocl.doc.nl_uk" unpack="false" version="3.5.0.v20090620043401" download-size="1366" install-size="1366" />
	<plugin fragment="true" id="org.eclipse.ocl.ecore.nl_uk" unpack="false" version="3.5.0.v20090620043401" download-size="1371" install-size="1371" />
	<plugin fragment="true" id="org.eclipse.ocl.ecore.tests.nl_uk" unpack="false" version="3.5.0.v20090620043401" download-size="1375" install-size="1375" />
	<plugin fragment="true" id="org.eclipse.ocl.nl_uk" unpack="false" version="3.5.0.v20090620043401" download-size="2202" install-size="2202" />
	<plugin fragment="true" id="org.eclipse.ocl.uml.nl_uk" unpack="false" version="3.5.0.v20090620043401" download-size="1370" install-size="1370" />
	<plugin fragment="true" id="org.eclipse.ocl.uml.tests.nl_uk" unpack="false" version="3.5.0.v20090620043401" download-size="1374" install-size="1374" />
	<plugin fragment="true" id="org.eclipse.uml2.codegen.ecore.nl_uk" unpack="false" version="3.5.0.v20090620043401" download-size="1374" install-size="1374" />
	<plugin fragment="true" id="org.eclipse.uml2.codegen.ecore.ui.nl_uk" unpack="false" version="3.5.0.v20090620043401" download-size="1477" install-size="1477" />
	<plugin fragment="true" id="org.eclipse.uml2.common.edit.nl_uk" unpack="false" version="3.5.0.v20090620043401" download-size="1372" install-size="1372" />
	<plugin fragment="true" id="org.eclipse.uml2.common.nl_uk" unpack="false" version="3.5.0.v20090620043401" download-size="1369" install-size="1369" />
	<plugin fragment="true" id="org.eclipse.uml2.diagram.activity.nl_uk" unpack="false" version="3.5.0.v20090620043401" download-size="1888" install-size="1888" />
	<plugin fragment="true" id="org.eclipse.uml2.diagram.clazz.nl_uk" unpack="false" version="3.5.0.v20090620043401" download-size="2281" install-size="2281" />
	<plugin fragment="true" id="org.eclipse.uml2.diagram.clazz.tests.nl_uk" unpack="false" version="3.5.0.v20090620043401" download-size="1378" install-size="1378" />
	<plugin fragment="true" id="org.eclipse.uml2.diagram.codegen.edit.nl_uk" unpack="false" version="3.5.0.v20090620043401" download-size="1481" install-size="1481" />
	<plugin fragment="true" id="org.eclipse.uml2.diagram.codegen.nl_uk" unpack="false" version="3.5.0.v20090620043401" download-size="1374" install-size="1374" />
	<plugin fragment="true" id="org.eclipse.uml2.diagram.common.nl_uk" unpack="false" version="3.5.0.v20090620043401" download-size="1852" install-size="1852" />
	<plugin fragment="true" id="org.eclipse.uml2.diagram.common.notation.nl_uk" unpack="false" version="3.5.0.v20090620043401" download-size="1379" install-size="1379" />
	<plugin fragment="true" id="org.eclipse.uml2.diagram.common.tests.nl_uk" unpack="false" version="3.5.0.v20090620043401" download-size="1378" install-size="1378" />
	<plugin fragment="true" id="org.eclipse.uml2.diagram.component.nl_uk" unpack="false" version="3.5.0.v20090620043401" download-size="1985" install-size="1985" />
	<plugin fragment="true" id="org.eclipse.uml2.diagram.csd.nl_uk" unpack="false" version="3.5.0.v20090620043401" download-size="1963" install-size="1963" />
	<plugin fragment="true" id="org.eclipse.uml2.diagram.def.nl_uk" unpack="false" version="3.5.0.v20090620043401" download-size="1373" install-size="1373" />
	<plugin fragment="true" id="org.eclipse.uml2.diagram.deploy.nl_uk" unpack="false" version="3.5.0.v20090620043401" download-size="1918" install-size="1918" />
	<plugin fragment="true" id="org.eclipse.uml2.diagram.examples.activity.nl_uk" unpack="false" version="3.5.0.v20090620043401" download-size="1380" install-size="1380" />
	<plugin fragment="true" id="org.eclipse.uml2.diagram.examples.clazz.nl_uk" unpack="false" version="3.5.0.v20090620043401" download-size="1380" install-size="1380" />
	<plugin fragment="true" id="org.eclipse.uml2.diagram.examples.profile.nl_uk" unpack="false" version="3.5.0.v20090620043401" download-size="1380" install-size="1380" />
	<plugin fragment="true" id="org.eclipse.uml2.diagram.examples.statemachine.nl_uk" unpack="false" version="3.5.0.v20090620043401" download-size="1383" install-size="1383" />
	<plugin fragment="true" id="org.eclipse.uml2.diagram.nl_uk" unpack="false" version="3.5.0.v20090620043401" download-size="1370" install-size="1370" />
	<plugin fragment="true" id="org.eclipse.uml2.diagram.parser.nl_uk" unpack="false" version="3.5.0.v20090620043401" download-size="1374" install-size="1374" />
	<plugin fragment="true" id="org.eclipse.uml2.diagram.profile.nl_uk" unpack="false" version="3.5.0.v20090620043401" download-size="1894" install-size="1894" />
	<plugin fragment="true" id="org.eclipse.uml2.diagram.profile.tests.nl_uk" unpack="false" version="3.5.0.v20090620043401" download-size="1379" install-size="1379" />
	<plugin fragment="true" id="org.eclipse.uml2.diagram.sequence.model.nl_uk" unpack="false" version="3.5.0.v20090620043401" download-size="1379" install-size="1379" />
	<plugin fragment="true" id="org.eclipse.uml2.diagram.sequence.nl_uk" unpack="false" version="3.5.0.v20090620043401" download-size="1763" install-size="1763" />
	<plugin fragment="true" id="org.eclipse.uml2.diagram.sequence.tests.nl_uk" unpack="false" version="3.5.0.v20090620043401" download-size="1378" install-size="1378" />
	<plugin fragment="true" id="org.eclipse.uml2.diagram.statemachine.nl_uk" unpack="false" version="3.5.0.v20090620043401" download-size="1781" install-size="1781" />
	<plugin fragment="true" id="org.eclipse.uml2.diagram.statemachine.tests.nl_uk" unpack="false" version="3.5.0.v20090620043401" download-size="1384" install-size="1384" />
	<plugin fragment="true" id="org.eclipse.uml2.diagram.usecase.nl_uk" unpack="false" version="3.5.0.v20090620043401" download-size="1854" install-size="1854" />
	<plugin fragment="true" id="org.eclipse.uml2.doc.nl_uk" unpack="false" version="3.5.0.v20090620043401" download-size="1367" install-size="1367" />
	<plugin fragment="true" id="org.eclipse.uml2.examples.nl_uk" unpack="false" version="3.5.0.v20090620043401" download-size="1370" install-size="1370" />
	<plugin fragment="true" id="org.eclipse.uml2.examples.uml.ui.nl_uk" unpack="false" version="3.5.0.v20090620043401" download-size="1375" install-size="1375" />
	<plugin fragment="true" id="org.eclipse.uml2.nl_uk" unpack="false" version="3.5.0.v20090620043401" download-size="1364" install-size="1364" />
	<plugin fragment="true" id="org.eclipse.uml2.tests.nl_uk" unpack="false" version="3.5.0.v20090620043401" download-size="1368" install-size="1368" />
	<plugin fragment="true" id="org.eclipse.uml2.uml.ecore.importer.nl_uk" unpack="false" version="3.5.0.v20090620043401" download-size="1375" install-size="1375" />
	<plugin fragment="true" id="org.eclipse.uml2.uml.edit.nl_uk" unpack="false" version="3.5.0.v20090620043401" download-size="2224" install-size="2224" />
	<plugin fragment="true" id="org.eclipse.uml2.uml.editor.nl_uk" unpack="false" version="3.5.0.v20090620043401" download-size="1437" install-size="1437" />
	<plugin fragment="true" id="org.eclipse.uml2.uml.nl_uk" unpack="false" version="3.5.0.v20090620043401" download-size="1445" install-size="1445" />
	<plugin fragment="true" id="org.eclipse.uml2.uml.resources.nl_uk" unpack="false" version="3.5.0.v20090620043401" download-size="4835" install-size="4835" />
	<plugin fragment="true" id="org.eclipse.uml2.uml.tests.nl_uk" unpack="false" version="3.5.0.v20090620043401" download-size="1370" install-size="1370" />
	<plugin fragment="true" id="org.eclipse.uml2tools.doc.nl_uk" unpack="false" version="3.5.0.v20090620043401" download-size="1370" install-size="1370" />
	<plugin fragment="true" id="org.eclipse.uml2tools.nl_uk" unpack="false" version="3.5.0.v20090620043401" download-size="1368" install-size="1368" />
</feature>