<?xml version="1.0" encoding="UTF-8" ?>
<feature
	id="org.eclipse.babel.nls_tools.orbit_zh"
	label="Babel Language Pack for tools.orbit in Chinese (Simplified) (5.23%)"
	image="eclipse_update_120.jpg"
	provider-name="%providerName"
	version="3.5.0.v20090620043401">
	<copyright>
		%copyright
	</copyright>
	<license url="%licenseURL">
		%license
	</license>
	<description>Babel Language Pack for tools.orbit in Chinese (Simplified)</description>
	<plugin fragment="true" id="com.jcraft.jsch.nl_zh" unpack="false" version="3.5.0.v20090620043401" download-size="1380" install-size="1380" />
	<plugin fragment="true" id="com.sun.syndication.nl_zh" unpack="false" version="3.5.0.v20090620043401" download-size="1378" install-size="1378" />
	<plugin fragment="true" id="com.sun.xml.bind.nl_zh" unpack="false" version="3.5.0.v20090620043401" download-size="1380" install-size="1380" />
	<plugin fragment="true" id="commonj.sdo.nl_zh" unpack="false" version="3.5.0.v20090620043401" download-size="1373" install-size="1373" />
	<plugin fragment="true" id="edu.emory.mathcs.backport.nl_zh" unpack="false" version="3.5.0.v20090620043401" download-size="1381" install-size="1381" />
	<plugin fragment="true" id="javax.activation.nl_zh" unpack="false" version="3.5.0.v20090620043401" download-size="1380" install-size="1380" />
	<plugin fragment="true" id="javax.jws.nl_zh" unpack="false" version="3.5.0.v20090620043401" download-size="1376" install-size="1376" />
	<plugin fragment="true" id="javax.mail.glassfish.nl_zh" unpack="false" version="3.5.0.v20090620043401" download-size="1383" install-size="1383" />
	<plugin fragment="true" id="javax.mail.nl_zh" unpack="false" version="3.5.0.v20090620043401" download-size="1376" install-size="1376" />
	<plugin fragment="true" id="javax.management.nl_zh" unpack="false" version="3.5.0.v20090620043401" download-size="1380" install-size="1380" />
	<plugin fragment="true" id="javax.management.remote.nl_zh" unpack="false" version="3.5.0.v20090620043401" download-size="1384" install-size="1384" />
	<plugin fragment="true" id="javax.persistence.nl_zh" unpack="false" version="3.5.0.v20090620043401" download-size="1378" install-size="1378" />
	<plugin fragment="true" id="javax.servlet.jsp.nl_zh" unpack="false" version="3.5.0.v20090620043401" download-size="1379" install-size="1379" />
	<plugin fragment="true" id="javax.servlet.nl_zh" unpack="false" version="3.5.0.v20090620043401" download-size="3022" install-size="3022" />
	<plugin fragment="true" id="javax.wsdl.nl_zh" unpack="false" version="3.5.0.v20090620043401" download-size="1377" install-size="1377" />
	<plugin fragment="true" id="javax.xml.bind.nl_zh" unpack="false" version="3.5.0.v20090620043401" download-size="1380" install-size="1380" />
	<plugin fragment="true" id="javax.xml.nl_zh" unpack="false" version="3.5.0.v20090620043401" download-size="1375" install-size="1375" />
	<plugin fragment="true" id="javax.xml.rpc.nl_zh" unpack="false" version="3.5.0.v20090620043401" download-size="1379" install-size="1379" />
	<plugin fragment="true" id="javax.xml.soap.nl_zh" unpack="false" version="3.5.0.v20090620043401" download-size="1380" install-size="1380" />
	<plugin fragment="true" id="net.sourceforge.lpg.lpgjavaruntime.nl_zh" unpack="false" version="3.5.0.v20090620043401" download-size="1387" install-size="1387" />
	<plugin fragment="true" id="net.sourceforge.mx4j.nl_zh" unpack="false" version="3.5.0.v20090620043401" download-size="1382" install-size="1382" />
	<plugin fragment="true" id="net.sourceforge.mx4j.remote.nl_zh" unpack="false" version="3.5.0.v20090620043401" download-size="1386" install-size="1386" />
	<plugin fragment="true" id="org.antlr.runtime.nl_zh" unpack="false" version="3.5.0.v20090620043401" download-size="1376" install-size="1376" />
	<plugin fragment="true" id="org.apache.axis.nl_zh" unpack="false" version="3.5.0.v20090620043401" download-size="2833" install-size="2833" />
	<plugin fragment="true" id="org.apache.batik.bridge.nl_zh" unpack="false" version="3.5.0.v20090620043401" download-size="1380" install-size="1380" />
	<plugin fragment="true" id="org.apache.batik.css.nl_zh" unpack="false" version="3.5.0.v20090620043401" download-size="1379" install-size="1379" />
	<plugin fragment="true" id="org.apache.batik.dom.nl_zh" unpack="false" version="3.5.0.v20090620043401" download-size="1379" install-size="1379" />
	<plugin fragment="true" id="org.apache.batik.dom.svg.nl_zh" unpack="false" version="3.5.0.v20090620043401" download-size="1381" install-size="1381" />
	<plugin fragment="true" id="org.apache.batik.ext.awt.nl_zh" unpack="false" version="3.5.0.v20090620043401" download-size="2855" install-size="2855" />
	<plugin fragment="true" id="org.apache.batik.extension.nl_zh" unpack="false" version="3.5.0.v20090620043401" download-size="1382" install-size="1382" />
	<plugin fragment="true" id="org.apache.batik.parser.nl_zh" unpack="false" version="3.5.0.v20090620043401" download-size="1380" install-size="1380" />
	<plugin fragment="true" id="org.apache.batik.pdf.nl_zh" unpack="false" version="3.5.0.v20090620043401" download-size="1380" install-size="1380" />
	<plugin fragment="true" id="org.apache.batik.svggen.nl_zh" unpack="false" version="3.5.0.v20090620043401" download-size="1380" install-size="1380" />
	<plugin fragment="true" id="org.apache.batik.swing.nl_zh" unpack="false" version="3.5.0.v20090620043401" download-size="1380" install-size="1380" />
	<plugin fragment="true" id="org.apache.batik.transcoder.nl_zh" unpack="false" version="3.5.0.v20090620043401" download-size="1383" install-size="1383" />
	<plugin fragment="true" id="org.apache.batik.util.gui.nl_zh" unpack="false" version="3.5.0.v20090620043401" download-size="7629" install-size="7629" />
	<plugin fragment="true" id="org.apache.batik.util.nl_zh" unpack="false" version="3.5.0.v20090620043401" download-size="1379" install-size="1379" />
	<plugin fragment="true" id="org.apache.batik.xml.nl_zh" unpack="false" version="3.5.0.v20090620043401" download-size="1379" install-size="1379" />
	<plugin fragment="true" id="org.apache.bcel.nl_zh" unpack="false" version="3.5.0.v20090620043401" download-size="1375" install-size="1375" />
	<plugin fragment="true" id="org.apache.bsf.nl_zh" unpack="false" version="3.5.0.v20090620043401" download-size="1375" install-size="1375" />
	<plugin fragment="true" id="org.apache.commons.beanutils.nl_zh" unpack="false" version="3.5.0.v20090620043401" download-size="1382" install-size="1382" />
	<plugin fragment="true" id="org.apache.commons.collections.nl_zh" unpack="false" version="3.5.0.v20090620043401" download-size="1384" install-size="1384" />
	<plugin fragment="true" id="org.apache.commons.discovery.nl_zh" unpack="false" version="3.5.0.v20090620043401" download-size="1388" install-size="1388" />
	<plugin fragment="true" id="org.apache.commons.el.nl_zh" unpack="false" version="3.5.0.v20090620043401" download-size="1379" install-size="1379" />
	<plugin fragment="true" id="org.apache.commons.lang.nl_zh" unpack="false" version="3.5.0.v20090620043401" download-size="1379" install-size="1379" />
	<plugin fragment="true" id="org.apache.commons.logging.nl_zh" unpack="false" version="3.5.0.v20090620043401" download-size="1386" install-size="1386" />
	<plugin fragment="true" id="org.apache.commons.net.nl_zh" unpack="false" version="3.5.0.v20090620043401" download-size="1378" install-size="1378" />
	<plugin fragment="true" id="org.apache.derby.nl_zh" unpack="false" version="3.5.0.v20090620043401" download-size="24594" install-size="24594" />
	<plugin fragment="true" id="org.apache.httpcomponents.httpcore.nio.nl_zh" unpack="false" version="3.5.0.v20090620043401" download-size="1602" install-size="1602" />
	<plugin fragment="true" id="org.apache.httpcomponents.httpcore.nl_zh" unpack="false" version="3.5.0.v20090620043401" download-size="1596" install-size="1596" />
	<plugin fragment="true" id="org.apache.jasper.nl_zh" unpack="false" version="3.5.0.v20090620043401" download-size="13638" install-size="13638" />
	<plugin fragment="true" id="org.apache.log4j.nl_zh" unpack="false" version="3.5.0.v20090620043401" download-size="1381" install-size="1381" />
	<plugin fragment="true" id="org.apache.oro.nl_zh" unpack="false" version="3.5.0.v20090620043401" download-size="1374" install-size="1374" />
	<plugin fragment="true" id="org.apache.solr.client.solrj.embedded.nl_zh" unpack="false" version="3.5.0.v20090620043401" download-size="1387" install-size="1387" />
	<plugin fragment="true" id="org.apache.solr.client.solrj.nl_zh" unpack="false" version="3.5.0.v20090620043401" download-size="1382" install-size="1382" />
	<plugin fragment="true" id="org.apache.velocity.nl_zh" unpack="false" version="3.5.0.v20090620043401" download-size="1382" install-size="1382" />
	<plugin fragment="true" id="org.apache.ws.commons.schema.nl_zh" unpack="false" version="3.5.0.v20090620043401" download-size="1391" install-size="1391" />
	<plugin fragment="true" id="org.apache.wsil4j.nl_zh" unpack="false" version="3.5.0.v20090620043401" download-size="1381" install-size="1381" />
	<plugin fragment="true" id="org.apache.xalan.nl_zh" unpack="false" version="3.5.0.v20090620043401" download-size="2648" install-size="2648" />
	<plugin fragment="true" id="org.apache.xerces.nl_zh" unpack="false" version="3.5.0.v20090620043401" download-size="2427" install-size="2427" />
	<plugin fragment="true" id="org.apache.xml.resolver.nl_zh" unpack="false" version="3.5.0.v20090620043401" download-size="1384" install-size="1384" />
	<plugin fragment="true" id="org.apache.xml.security.nl_zh" unpack="false" version="3.5.0.v20090620043401" download-size="1869" install-size="1869" />
	<plugin fragment="true" id="org.apache.xml.serializer.nl_zh" unpack="false" version="3.5.0.v20090620043401" download-size="2447" install-size="2447" />
	<plugin fragment="true" id="org.eclipse.orbit.nl_zh" unpack="false" version="3.5.0.v20090620043401" download-size="1372" install-size="1372" />
	<plugin fragment="true" id="org.hamcrest.core.nl_zh" unpack="false" version="3.5.0.v20090620043401" download-size="1376" install-size="1376" />
	<plugin fragment="true" id="org.hamcrest.generator.nl_zh" unpack="false" version="3.5.0.v20090620043401" download-size="1378" install-size="1378" />
	<plugin fragment="true" id="org.hamcrest.integration.nl_zh" unpack="false" version="3.5.0.v20090620043401" download-size="1379" install-size="1379" />
	<plugin fragment="true" id="org.hamcrest.library.nl_zh" unpack="false" version="3.5.0.v20090620043401" download-size="1378" install-size="1378" />
	<plugin fragment="true" id="org.hamcrest.nl_zh" unpack="false" version="3.5.0.v20090620043401" download-size="1372" install-size="1372" />
	<plugin fragment="true" id="org.hamcrest.text.nl_zh" unpack="false" version="3.5.0.v20090620043401" download-size="1376" install-size="1376" />
	<plugin fragment="true" id="org.jdom.nl_zh" unpack="false" version="3.5.0.v20090620043401" download-size="1368" install-size="1368" />
	<plugin fragment="true" id="org.mortbay.jetty.nl_zh" unpack="false" version="3.5.0.v20090620043401" download-size="2673" install-size="2673" />
	<plugin fragment="true" id="org.mortbay.jetty.server.nl_zh" unpack="false" version="3.5.0.v20090620043401" download-size="1849" install-size="1849" />
	<plugin fragment="true" id="org.mortbay.jetty.util.nl_zh" unpack="false" version="3.5.0.v20090620043401" download-size="1380" install-size="1380" />
	<plugin fragment="true" id="org.mozilla.javascript.nl_zh" unpack="false" version="3.5.0.v20090620043401" download-size="1383" install-size="1383" />
	<plugin fragment="true" id="org.objectweb.asm.nl_zh" unpack="false" version="3.5.0.v20090620043401" download-size="5629" install-size="5629" />
	<plugin fragment="true" id="org.opensaml.nl_zh" unpack="false" version="3.5.0.v20090620043401" download-size="1405" install-size="1405" />
	<plugin fragment="true" id="org.slf4j.api.nl_zh" unpack="false" version="3.5.0.v20090620043401" download-size="1378" install-size="1378" />
	<plugin fragment="true" id="org.uddi4j.nl_zh" unpack="false" version="3.5.0.v20090620043401" download-size="1376" install-size="1376" />
	<plugin fragment="true" id="org.w3c.css.sac.nl_zh" unpack="false" version="3.5.0.v20090620043401" download-size="1375" install-size="1375" />
	<plugin fragment="true" id="org.w3c.dom.events.nl_zh" unpack="false" version="3.5.0.v20090620043401" download-size="1376" install-size="1376" />
	<plugin fragment="true" id="org.w3c.dom.smil.nl_zh" unpack="false" version="3.5.0.v20090620043401" download-size="1376" install-size="1376" />
	<plugin fragment="true" id="org.w3c.dom.svg.nl_zh" unpack="false" version="3.5.0.v20090620043401" download-size="1375" install-size="1375" />
</feature>