<?xml version="1.0" encoding="UTF-8" ?>
<feature
	id="org.eclipse.babel.nls_modeling.m2m_zh_TW"
	label="Babel Language Pack for modeling.m2m in Chinese (Traditional) (22.26%)"
	image="eclipse_update_120.jpg"
	provider-name="%providerName"
	version="3.5.0.v20090620043401">
	<copyright>
		%copyright
	</copyright>
	<license url="%licenseURL">
		%license
	</license>
	<description>Babel Language Pack for modeling.m2m in Chinese (Traditional)</description>
	<plugin fragment="true" id="org.eclipse.m2m.atl.adt.debug.nl_zh_TW" unpack="false" version="3.5.0.v20090620043401" download-size="2423" install-size="2423" />
	<plugin fragment="true" id="org.eclipse.m2m.atl.adt.editor.nl_zh_TW" unpack="false" version="3.5.0.v20090620043401" download-size="3718" install-size="3718" />
	<plugin fragment="true" id="org.eclipse.m2m.atl.adt.nl_zh_TW" unpack="false" version="3.5.0.v20090620043401" download-size="2229" install-size="2229" />
	<plugin fragment="true" id="org.eclipse.m2m.atl.adt.ui.nl_zh_TW" unpack="false" version="3.5.0.v20090620043401" download-size="2471" install-size="2471" />
	<plugin fragment="true" id="org.eclipse.m2m.atl.common.nl_zh_TW" unpack="false" version="3.5.0.v20090620043401" download-size="1390" install-size="1390" />
	<plugin fragment="true" id="org.eclipse.m2m.atl.core.ant.nl_zh_TW" unpack="false" version="3.5.0.v20090620043401" download-size="1390" install-size="1390" />
	<plugin fragment="true" id="org.eclipse.m2m.atl.core.emf.nl_zh_TW" unpack="false" version="3.5.0.v20090620043401" download-size="1390" install-size="1390" />
	<plugin fragment="true" id="org.eclipse.m2m.atl.core.nl_zh_TW" unpack="false" version="3.5.0.v20090620043401" download-size="1388" install-size="1388" />
	<plugin fragment="true" id="org.eclipse.m2m.atl.core.ui.nl_zh_TW" unpack="false" version="3.5.0.v20090620043401" download-size="2543" install-size="2543" />
	<plugin fragment="true" id="org.eclipse.m2m.atl.core.ui.vm.nl_zh_TW" unpack="false" version="3.5.0.v20090620043401" download-size="1392" install-size="1392" />
	<plugin fragment="true" id="org.eclipse.m2m.atl.doc.nl_zh_TW" unpack="false" version="3.5.0.v20090620043401" download-size="1388" install-size="1388" />
	<plugin fragment="true" id="org.eclipse.m2m.atl.drivers.emf4atl.nl_zh_TW" unpack="false" version="3.5.0.v20090620043401" download-size="1395" install-size="1395" />
	<plugin fragment="true" id="org.eclipse.m2m.atl.drivers.uml24atl.nl_zh_TW" unpack="false" version="3.5.0.v20090620043401" download-size="1397" install-size="1397" />
	<plugin fragment="true" id="org.eclipse.m2m.atl.dsls.nl_zh_TW" unpack="false" version="3.5.0.v20090620043401" download-size="1389" install-size="1389" />
	<plugin fragment="true" id="org.eclipse.m2m.atl.engine.emfvm.nl_zh_TW" unpack="false" version="3.5.0.v20090620043401" download-size="1394" install-size="1394" />
	<plugin fragment="true" id="org.eclipse.m2m.atl.engine.nl_zh_TW" unpack="false" version="3.5.0.v20090620043401" download-size="2241" install-size="2241" />
	<plugin fragment="true" id="org.eclipse.m2m.atl.engine.vm.nl_zh_TW" unpack="false" version="3.5.0.v20090620043401" download-size="1392" install-size="1392" />
	<plugin fragment="true" id="org.eclipse.m2m.atl.examples.nl_zh_TW" unpack="false" version="3.5.0.v20090620043401" download-size="1391" install-size="1391" />
	<plugin fragment="true" id="org.eclipse.m2m.atl.nl_zh_TW" unpack="false" version="3.5.0.v20090620043401" download-size="1385" install-size="1385" />
	<plugin fragment="true" id="org.eclipse.m2m.atl.tests.nl_zh_TW" unpack="false" version="3.5.0.v20090620043401" download-size="1389" install-size="1389" />
	<plugin fragment="true" id="org.eclipse.m2m.qvt.oml.common.nl_zh_TW" unpack="false" version="3.5.0.v20090620043401" download-size="1392" install-size="1392" />
	<plugin fragment="true" id="org.eclipse.m2m.qvt.oml.common.ui.nl_zh_TW" unpack="false" version="3.5.0.v20090620043401" download-size="3948" install-size="3948" />
	<plugin fragment="true" id="org.eclipse.m2m.qvt.oml.cst.parser.nl_zh_TW" unpack="false" version="3.5.0.v20090620043401" download-size="1394" install-size="1394" />
	<plugin fragment="true" id="org.eclipse.m2m.qvt.oml.doc.nl_zh_TW" unpack="false" version="3.5.0.v20090620043401" download-size="1391" install-size="1391" />
	<plugin fragment="true" id="org.eclipse.m2m.qvt.oml.ecore.imperativeocl.nl_zh_TW" unpack="false" version="3.5.0.v20090620043401" download-size="1405" install-size="1405" />
	<plugin fragment="true" id="org.eclipse.m2m.qvt.oml.editor.ui.nl_zh_TW" unpack="false" version="3.5.0.v20090620043401" download-size="3404" install-size="3404" />
	<plugin fragment="true" id="org.eclipse.m2m.qvt.oml.emf.util.nl_zh_TW" unpack="false" version="3.5.0.v20090620043401" download-size="1393" install-size="1393" />
	<plugin fragment="true" id="org.eclipse.m2m.qvt.oml.emf.util.ui.nl_zh_TW" unpack="false" version="3.5.0.v20090620043401" download-size="1398" install-size="1398" />
	<plugin fragment="true" id="org.eclipse.m2m.qvt.oml.examples.blackbox.nl_zh_TW" unpack="false" version="3.5.0.v20090620043401" download-size="1405" install-size="1405" />
	<plugin fragment="true" id="org.eclipse.m2m.qvt.oml.examples.omg.nl_zh_TW" unpack="false" version="3.5.0.v20090620043401" download-size="1397" install-size="1397" />
	<plugin fragment="true" id="org.eclipse.m2m.qvt.oml.nl_zh_TW" unpack="false" version="3.5.0.v20090620043401" download-size="1388" install-size="1388" />
	<plugin fragment="true" id="org.eclipse.m2m.qvt.oml.ocl.nl_zh_TW" unpack="false" version="3.5.0.v20090620043401" download-size="1391" install-size="1391" />
	<plugin fragment="true" id="org.eclipse.m2m.qvt.oml.project.nl_zh_TW" unpack="false" version="3.5.0.v20090620043401" download-size="1396" install-size="1396" />
	<plugin fragment="true" id="org.eclipse.m2m.qvt.oml.runtime.nl_zh_TW" unpack="false" version="3.5.0.v20090620043401" download-size="2771" install-size="2771" />
	<plugin fragment="true" id="org.eclipse.m2m.qvt.oml.runtime.ui.nl_zh_TW" unpack="false" version="3.5.0.v20090620043401" download-size="4150" install-size="4150" />
	<plugin fragment="true" id="org.eclipse.m2m.qvt.oml.samples.nl_zh_TW" unpack="false" version="3.5.0.v20090620043401" download-size="4237" install-size="4237" />
	<plugin fragment="true" id="org.eclipse.m2m.qvt.oml.trace.edit.nl_zh_TW" unpack="false" version="3.5.0.v20090620043401" download-size="2360" install-size="2360" />
	<plugin fragment="true" id="org.eclipse.m2m.qvt.oml.ui.nl_zh_TW" unpack="false" version="3.5.0.v20090620043401" download-size="3711" install-size="3711" />
	<plugin fragment="true" id="org.eclipse.m2m.tests.qvt.oml.nl_zh_TW" unpack="false" version="3.5.0.v20090620043401" download-size="1391" install-size="1391" />
	<plugin fragment="true" id="org.eclipse.m2m.tests.qvt.oml.ui.nl_zh_TW" unpack="false" version="3.5.0.v20090620043401" download-size="1393" install-size="1393" />
</feature>