<?xml version="1.0" encoding="UTF-8" ?>
<feature
	id="org.eclipse.babel.nls_webtools.sourceediting_da"
	label="Babel Language Pack for webtools.sourceediting in Danish (73.34%)"
	image="eclipse_update_120.jpg"
	provider-name="%providerName"
	version="3.5.0.v20090620043401">
	<copyright>
		%copyright
	</copyright>
	<license url="%licenseURL">
		%license
	</license>
	<description>Babel Language Pack for webtools.sourceediting in Danish</description>
	<plugin fragment="true" id="org.eclipse.jst.jsp.core.nl_da" unpack="false" version="3.5.0.v20090620043401" download-size="2996" install-size="2996" />
	<plugin fragment="true" id="org.eclipse.jst.jsp.ui.infopop.nl_da" unpack="false" version="3.5.0.v20090620043401" download-size="1420" install-size="1420" />
	<plugin fragment="true" id="org.eclipse.jst.jsp.ui.nl_da" unpack="false" version="3.5.0.v20090620043401" download-size="5785" install-size="5785" />
	<plugin fragment="true" id="org.eclipse.jst.standard.schemas.nl_da" unpack="false" version="3.5.0.v20090620043401" download-size="1376" install-size="1376" />
	<plugin fragment="true" id="org.eclipse.wst.css.core.nl_da" unpack="false" version="3.5.0.v20090620043401" download-size="3312" install-size="3312" />
	<plugin fragment="true" id="org.eclipse.wst.css.ui.nl_da" unpack="false" version="3.5.0.v20090620043401" download-size="4859" install-size="4859" />
	<plugin fragment="true" id="org.eclipse.wst.doc.user.nl_da" unpack="false" version="3.5.0.v20090620043401" download-size="1392" install-size="1392" />
	<plugin fragment="true" id="org.eclipse.wst.dtd.core.nl_da" unpack="false" version="3.5.0.v20090620043401" download-size="4375" install-size="4375" />
	<plugin fragment="true" id="org.eclipse.wst.dtd.ui.infopop.nl_da" unpack="false" version="3.5.0.v20090620043401" download-size="1407" install-size="1407" />
	<plugin fragment="true" id="org.eclipse.wst.dtd.ui.nl_da" unpack="false" version="3.5.0.v20090620043401" download-size="4903" install-size="4903" />
	<plugin fragment="true" id="org.eclipse.wst.dtdeditor.doc.user.nl_da" unpack="false" version="3.5.0.v20090620043401" download-size="1374" install-size="1374" />
	<plugin fragment="true" id="org.eclipse.wst.html.core.nl_da" unpack="false" version="3.5.0.v20090620043401" download-size="5176" install-size="5176" />
	<plugin fragment="true" id="org.eclipse.wst.html.ui.infopop.nl_da" unpack="false" version="3.5.0.v20090620043401" download-size="1412" install-size="1412" />
	<plugin fragment="true" id="org.eclipse.wst.html.ui.nl_da" unpack="false" version="3.5.0.v20090620043401" download-size="5886" install-size="5886" />
	<plugin fragment="true" id="org.eclipse.wst.javascript.core.nl_da" unpack="false" version="3.5.0.v20090620043401" download-size="2643" install-size="2643" />
	<plugin fragment="true" id="org.eclipse.wst.javascript.ui.infopop.nl_da" unpack="false" version="3.5.0.v20090620043401" download-size="1413" install-size="1413" />
	<plugin fragment="true" id="org.eclipse.wst.javascript.ui.nl_da" unpack="false" version="3.5.0.v20090620043401" download-size="5407" install-size="5407" />
	<plugin fragment="true" id="org.eclipse.wst.jsdt.core.nl_da" unpack="false" version="3.5.0.v20090620043401" download-size="19142" install-size="19142" />
	<plugin fragment="true" id="org.eclipse.wst.jsdt.doc.nl_da" unpack="false" version="3.5.0.v20090620043401" download-size="1368" install-size="1368" />
	<plugin fragment="true" id="org.eclipse.wst.jsdt.manipulation.nl_da" unpack="false" version="3.5.0.v20090620043401" download-size="3354" install-size="3354" />
	<plugin fragment="true" id="org.eclipse.wst.jsdt.support.firefox.nl_da" unpack="false" version="3.5.0.v20090620043401" download-size="1376" install-size="1376" />
	<plugin fragment="true" id="org.eclipse.wst.jsdt.support.ie.nl_da" unpack="false" version="3.5.0.v20090620043401" download-size="1375" install-size="1375" />
	<plugin fragment="true" id="org.eclipse.wst.jsdt.ui.nl_da" unpack="false" version="3.5.0.v20090620043401" download-size="112268" install-size="112268" />
	<plugin fragment="true" id="org.eclipse.wst.jsdt.web.core.nl_da" unpack="false" version="3.5.0.v20090620043401" download-size="2633" install-size="2633" />
	<plugin fragment="true" id="org.eclipse.wst.jsdt.web.support.jsp.nl_da" unpack="false" version="3.5.0.v20090620043401" download-size="1377" install-size="1377" />
	<plugin fragment="true" id="org.eclipse.wst.jsdt.web.ui.nl_da" unpack="false" version="3.5.0.v20090620043401" download-size="4801" install-size="4801" />
	<plugin fragment="true" id="org.eclipse.wst.sse.core.nl_da" unpack="false" version="3.5.0.v20090620043401" download-size="4096" install-size="4096" />
	<plugin fragment="true" id="org.eclipse.wst.sse.doc.user.nl_da" unpack="false" version="3.5.0.v20090620043401" download-size="1374" install-size="1374" />
	<plugin fragment="true" id="org.eclipse.wst.sse.ui.infopop.nl_da" unpack="false" version="3.5.0.v20090620043401" download-size="1404" install-size="1404" />
	<plugin fragment="true" id="org.eclipse.wst.sse.ui.nl_da" unpack="false" version="3.5.0.v20090620043401" download-size="7868" install-size="7868" />
	<plugin fragment="true" id="org.eclipse.wst.standard.schemas.nl_da" unpack="false" version="3.5.0.v20090620043401" download-size="1376" install-size="1376" />
	<plugin fragment="true" id="org.eclipse.wst.web.nl_da" unpack="false" version="3.5.0.v20090620043401" download-size="2021" install-size="2021" />
	<plugin fragment="true" id="org.eclipse.wst.web.ui.nl_da" unpack="false" version="3.5.0.v20090620043401" download-size="1412" install-size="1412" />
	<plugin fragment="true" id="org.eclipse.wst.webtools.doc.user.nl_da" unpack="false" version="3.5.0.v20090620043401" download-size="1372" install-size="1372" />
	<plugin fragment="true" id="org.eclipse.wst.xml.core.nl_da" unpack="false" version="3.5.0.v20090620043401" download-size="3649" install-size="3649" />
	<plugin fragment="true" id="org.eclipse.wst.xml.ui.infopop.nl_da" unpack="false" version="3.5.0.v20090620043401" download-size="1403" install-size="1403" />
	<plugin fragment="true" id="org.eclipse.wst.xml.ui.nl_da" unpack="false" version="3.5.0.v20090620043401" download-size="13240" install-size="13240" />
	<plugin fragment="true" id="org.eclipse.wst.xml.xpath.core.nl_da" unpack="false" version="3.5.0.v20090620043401" download-size="1372" install-size="1372" />
	<plugin fragment="true" id="org.eclipse.wst.xml.xpath.ui.nl_da" unpack="false" version="3.5.0.v20090620043401" download-size="3050" install-size="3050" />
	<plugin fragment="true" id="org.eclipse.wst.xml.xpath2.processor.nl_da" unpack="false" version="3.5.0.v20090620043401" download-size="1375" install-size="1375" />
	<plugin fragment="true" id="org.eclipse.wst.xmleditor.doc.user.nl_da" unpack="false" version="3.5.0.v20090620043401" download-size="1374" install-size="1374" />
	<plugin fragment="true" id="org.eclipse.wst.xsd.core.nl_da" unpack="false" version="3.5.0.v20090620043401" download-size="1471" install-size="1471" />
	<plugin fragment="true" id="org.eclipse.wst.xsd.ui.nl_da" unpack="false" version="3.5.0.v20090620043401" download-size="18547" install-size="18547" />
	<plugin fragment="true" id="org.eclipse.wst.xsdeditor.doc.user.nl_da" unpack="false" version="3.5.0.v20090620043401" download-size="1400" install-size="1400" />
	<plugin fragment="true" id="org.eclipse.wst.xsl.core.nl_da" unpack="false" version="3.5.0.v20090620043401" download-size="1385" install-size="1385" />
	<plugin fragment="true" id="org.eclipse.wst.xsl.debug.ui.nl_da" unpack="false" version="3.5.0.v20090620043401" download-size="4055" install-size="4055" />
	<plugin fragment="true" id="org.eclipse.wst.xsl.doc.nl_da" unpack="false" version="3.5.0.v20090620043401" download-size="1366" install-size="1366" />
	<plugin fragment="true" id="org.eclipse.wst.xsl.jaxp.debug.nl_da" unpack="false" version="3.5.0.v20090620043401" download-size="3039" install-size="3039" />
	<plugin fragment="true" id="org.eclipse.wst.xsl.jaxp.debug.ui.nl_da" unpack="false" version="3.5.0.v20090620043401" download-size="4082" install-size="4082" />
	<plugin fragment="true" id="org.eclipse.wst.xsl.jaxp.launching.nl_da" unpack="false" version="3.5.0.v20090620043401" download-size="2923" install-size="2923" />
	<plugin fragment="true" id="org.eclipse.wst.xsl.launching.nl_da" unpack="false" version="3.5.0.v20090620043401" download-size="1403" install-size="1403" />
	<plugin fragment="true" id="org.eclipse.wst.xsl.launching.tests.nl_da" unpack="false" version="3.5.0.v20090620043401" download-size="1379" install-size="1379" />
	<plugin fragment="true" id="org.eclipse.wst.xsl.nl_da" unpack="false" version="3.5.0.v20090620043401" download-size="1368" install-size="1368" />
	<plugin fragment="true" id="org.eclipse.wst.xsl.saxon.nl_da" unpack="false" version="3.5.0.v20090620043401" download-size="1758" install-size="1758" />
	<plugin fragment="true" id="org.eclipse.wst.xsl.sdk.documentation.nl_da" unpack="false" version="3.5.0.v20090620043401" download-size="1376" install-size="1376" />
	<plugin fragment="true" id="org.eclipse.wst.xsl.tests.nl_da" unpack="false" version="3.5.0.v20090620043401" download-size="1372" install-size="1372" />
	<plugin fragment="true" id="org.eclipse.wst.xsl.ui.nl_da" unpack="false" version="3.5.0.v20090620043401" download-size="2620" install-size="2620" />
	<plugin fragment="true" id="org.eclipse.wst.xsl.xalan.nl_da" unpack="false" version="3.5.0.v20090620043401" download-size="1671" install-size="1671" />
</feature>