<?xml version="1.0" encoding="UTF-8" ?>
<feature
	id="org.eclipse.babel.nls_modeling.emft_el"
	label="Babel Language Pack for modeling.emft in Greek (26.84%)"
	image="eclipse_update_120.jpg"
	provider-name="%providerName"
	version="3.5.0.v20090620043401">
	<copyright>
		%copyright
	</copyright>
	<license url="%licenseURL">
		%license
	</license>
	<description>Babel Language Pack for modeling.emft in Greek</description>
	<plugin fragment="true" id="org.eclipse.emf.compare.diff.edit.nl_el" unpack="false" version="3.5.0.v20090620043401" download-size="2008" install-size="2008" />
	<plugin fragment="true" id="org.eclipse.emf.compare.diff.nl_el" unpack="false" version="3.5.0.v20090620043401" download-size="1370" install-size="1370" />
	<plugin fragment="true" id="org.eclipse.emf.compare.epatch.nl_el" unpack="false" version="3.5.0.v20090620043401" download-size="1372" install-size="1372" />
	<plugin fragment="true" id="org.eclipse.emf.compare.match.nl_el" unpack="false" version="3.5.0.v20090620043401" download-size="1825" install-size="1825" />
	<plugin fragment="true" id="org.eclipse.emf.compare.nl_el" unpack="false" version="3.5.0.v20090620043401" download-size="1366" install-size="1366" />
	<plugin fragment="true" id="org.eclipse.emf.compare.tests.nl_el" unpack="false" version="3.5.0.v20090620043401" download-size="1370" install-size="1370" />
	<plugin fragment="true" id="org.eclipse.emf.compare.ui.nl_el" unpack="false" version="3.5.0.v20090620043401" download-size="4049" install-size="4049" />
	<plugin fragment="true" id="org.eclipse.emf.mwe.activities.nl_el" unpack="false" version="3.5.0.v20090620043401" download-size="1371" install-size="1371" />
	<plugin fragment="true" id="org.eclipse.emf.mwe.core.nl_el" unpack="false" version="3.5.0.v20090620043401" download-size="1599" install-size="1599" />
	<plugin fragment="true" id="org.eclipse.emf.mwe.doc.nl_el" unpack="false" version="3.5.0.v20090620043401" download-size="1620" install-size="1620" />
	<plugin fragment="true" id="org.eclipse.emf.mwe.examples.nl_el" unpack="false" version="3.5.0.v20090620043401" download-size="1370" install-size="1370" />
	<plugin fragment="true" id="org.eclipse.emf.mwe.tests.nl_el" unpack="false" version="3.5.0.v20090620043401" download-size="1576" install-size="1576" />
	<plugin fragment="true" id="org.eclipse.emf.mwe.ui.editor.nl_el" unpack="false" version="3.5.0.v20090620043401" download-size="2620" install-size="2620" />
	<plugin fragment="true" id="org.eclipse.emf.mwe.ui.nl_el" unpack="false" version="3.5.0.v20090620043401" download-size="2576" install-size="2576" />
	<plugin fragment="true" id="org.eclipse.emf.mwe.ui.simpleEditor.nl_el" unpack="false" version="3.5.0.v20090620043401" download-size="1373" install-size="1373" />
	<plugin fragment="true" id="org.eclipse.emf.mwe.utils.nl_el" unpack="false" version="3.5.0.v20090620043401" download-size="1367" install-size="1367" />
</feature>