<?xml version="1.0" encoding="UTF-8" ?>
<feature
	id="org.eclipse.babel.nls_webtools.jsf_el"
	label="Babel Language Pack for webtools.jsf in Greek (29.98%)"
	image="eclipse_update_120.jpg"
	provider-name="%providerName"
	version="3.5.0.v20090620043401">
	<copyright>
		%copyright
	</copyright>
	<license url="%licenseURL">
		%license
	</license>
	<description>Babel Language Pack for webtools.jsf in Greek</description>
	<plugin fragment="true" id="org.eclipse.jst.jsf.apache.trinidad.tagsupport.nl_el" unpack="false" version="3.5.0.v20090620043401" download-size="3101" install-size="3101" />
	<plugin fragment="true" id="org.eclipse.jst.jsf.common.nl_el" unpack="false" version="3.5.0.v20090620043401" download-size="2793" install-size="2793" />
	<plugin fragment="true" id="org.eclipse.jst.jsf.common.runtime.nl_el" unpack="false" version="3.5.0.v20090620043401" download-size="1376" install-size="1376" />
	<plugin fragment="true" id="org.eclipse.jst.jsf.common.ui.nl_el" unpack="false" version="3.5.0.v20090620043401" download-size="5296" install-size="5296" />
	<plugin fragment="true" id="org.eclipse.jst.jsf.core.nl_el" unpack="false" version="3.5.0.v20090620043401" download-size="6592" install-size="6592" />
	<plugin fragment="true" id="org.eclipse.jst.jsf.facesconfig.nl_el" unpack="false" version="3.5.0.v20090620043401" download-size="5875" install-size="5875" />
	<plugin fragment="true" id="org.eclipse.jst.jsf.facesconfig.ui.nl_el" unpack="false" version="3.5.0.v20090620043401" download-size="7867" install-size="7867" />
	<plugin fragment="true" id="org.eclipse.jst.jsf.standard.tagsupport.nl_el" unpack="false" version="3.5.0.v20090620043401" download-size="3051" install-size="3051" />
	<plugin fragment="true" id="org.eclipse.jst.jsf.ui.nl_el" unpack="false" version="3.5.0.v20090620043401" download-size="4706" install-size="4706" />
	<plugin fragment="true" id="org.eclipse.jst.pagedesigner.jsf.ui.nl_el" unpack="false" version="3.5.0.v20090620043401" download-size="5263" install-size="5263" />
	<plugin fragment="true" id="org.eclipse.jst.pagedesigner.jsp.core.nl_el" unpack="false" version="3.5.0.v20090620043401" download-size="1375" install-size="1375" />
	<plugin fragment="true" id="org.eclipse.jst.pagedesigner.nl_el" unpack="false" version="3.5.0.v20090620043401" download-size="11337" install-size="11337" />
</feature>