<?xml version="1.0" encoding="UTF-8" ?>
<feature
	id="org.eclipse.babel.nls_stp.sca_ko"
	label="Babel Language Pack for stp.sca in Korean (21.37%)"
	image="eclipse_update_120.jpg"
	provider-name="%providerName"
	version="3.5.0.v20090620043401">
	<copyright>
		%copyright
	</copyright>
	<license url="%licenseURL">
		%license
	</license>
	<description>Babel Language Pack for stp.sca in Korean</description>
	<plugin fragment="true" id="org.eclipse.stp.sca.common.jdt.nl_ko" unpack="false" version="3.5.0.v20090620043401" download-size="2334" install-size="2334" />
	<plugin fragment="true" id="org.eclipse.stp.sca.common.nl_ko" unpack="false" version="3.5.0.v20090620043401" download-size="1351" install-size="1351" />
	<plugin fragment="true" id="org.eclipse.stp.sca.diagram.extension.generator.ui.nl_ko" unpack="false" version="3.5.0.v20090620043401" download-size="2890" install-size="2890" />
	<plugin fragment="true" id="org.eclipse.stp.sca.diagram.extension.nl_ko" unpack="false" version="3.5.0.v20090620043401" download-size="1427" install-size="1427" />
	<plugin fragment="true" id="org.eclipse.stp.sca.diagram.frascati.nl_ko" unpack="false" version="3.5.0.v20090620043401" download-size="1375" install-size="1375" />
	<plugin fragment="true" id="org.eclipse.stp.sca.diagram.jdt.nl_ko" unpack="false" version="3.5.0.v20090620043401" download-size="1355" install-size="1355" />
	<plugin fragment="true" id="org.eclipse.stp.sca.diagram.nl_ko" unpack="false" version="3.5.0.v20090620043401" download-size="2414" install-size="2414" />
	<plugin fragment="true" id="org.eclipse.stp.sca.diagram.tuscany.nl_ko" unpack="false" version="3.5.0.v20090620043401" download-size="1357" install-size="1357" />
	<plugin fragment="true" id="org.eclipse.stp.sca.domainmodel.frascati.edit.nl_ko" unpack="false" version="3.5.0.v20090620043401" download-size="1695" install-size="1695" />
	<plugin fragment="true" id="org.eclipse.stp.sca.domainmodel.frascati.editor.nl_ko" unpack="false" version="3.5.0.v20090620043401" download-size="1464" install-size="1464" />
	<plugin fragment="true" id="org.eclipse.stp.sca.domainmodel.tuscany.edit.nl_ko" unpack="false" version="3.5.0.v20090620043401" download-size="1834" install-size="1834" />
	<plugin fragment="true" id="org.eclipse.stp.sca.domainmodel.tuscany.editor.nl_ko" unpack="false" version="3.5.0.v20090620043401" download-size="1459" install-size="1459" />
	<plugin fragment="true" id="org.eclipse.stp.sca.edit.nl_ko" unpack="false" version="3.5.0.v20090620043401" download-size="3751" install-size="3751" />
	<plugin fragment="true" id="org.eclipse.stp.sca.editor.nl_ko" unpack="false" version="3.5.0.v20090620043401" download-size="3029" install-size="3029" />
	<plugin fragment="true" id="org.eclipse.stp.sca.formeditor.nl_ko" unpack="false" version="3.5.0.v20090620043401" download-size="2367" install-size="2367" />
	<plugin fragment="true" id="org.eclipse.stp.sca.implementation.java.nl_ko" unpack="false" version="3.5.0.v20090620043401" download-size="1359" install-size="1359" />
	<plugin fragment="true" id="org.eclipse.stp.sca.implementation.sca.nl_ko" unpack="false" version="3.5.0.v20090620043401" download-size="1358" install-size="1358" />
	<plugin fragment="true" id="org.eclipse.stp.sca.interfacee.java.nl_ko" unpack="false" version="3.5.0.v20090620043401" download-size="1357" install-size="1357" />
	<plugin fragment="true" id="org.eclipse.stp.sca.nl_ko" unpack="false" version="3.5.0.v20090620043401" download-size="1347" install-size="1347" />
	<plugin fragment="true" id="org.eclipse.stp.sca.ontology.view.jena2.nl_ko" unpack="false" version="3.5.0.v20090620043401" download-size="2534" install-size="2534" />
	<plugin fragment="true" id="org.eclipse.stp.sca.ontology.view.nl_ko" unpack="false" version="3.5.0.v20090620043401" download-size="2364" install-size="2364" />
	<plugin fragment="true" id="org.eclipse.stp.sca.semantic.sawsdl.edit.nl_ko" unpack="false" version="3.5.0.v20090620043401" download-size="1639" install-size="1639" />
	<plugin fragment="true" id="org.eclipse.stp.sca.semantic.sawsdl.properties.nl_ko" unpack="false" version="3.5.0.v20090620043401" download-size="1366" install-size="1366" />
	<plugin fragment="true" id="org.eclipse.stp.sca.validation.frascati.nl_ko" unpack="false" version="3.5.0.v20090620043401" download-size="1360" install-size="1360" />
	<plugin fragment="true" id="org.eclipse.stp.sca.validation.nl_ko" unpack="false" version="3.5.0.v20090620043401" download-size="1354" install-size="1354" />
	<plugin fragment="true" id="org.eclipse.stp.sca.xmleditor.nl_ko" unpack="false" version="3.5.0.v20090620043401" download-size="2454" install-size="2454" />
</feature>