<?xml version="1.0" encoding="UTF-8" ?>
<feature
	id="org.eclipse.babel.nls_webtools.servertools_it"
	label="Babel Language Pack for webtools.servertools in Italian (71.91%)"
	image="eclipse_update_120.jpg"
	provider-name="%providerName"
	version="3.5.0.v20090620043401">
	<copyright>
		%copyright
	</copyright>
	<license url="%licenseURL">
		%license
	</license>
	<description>Babel Language Pack for webtools.servertools in Italian</description>
	<plugin fragment="true" id="org.apache.cactus.nl_it" unpack="false" version="3.5.0.v20090620043401" download-size="1369" install-size="1369" />
	<plugin fragment="true" id="org.eclipse.jst.server.core.nl_it" unpack="false" version="3.5.0.v20090620043401" download-size="3231" install-size="3231" />
	<plugin fragment="true" id="org.eclipse.jst.server.generic.core.nl_it" unpack="false" version="3.5.0.v20090620043401" download-size="3448" install-size="3448" />
	<plugin fragment="true" id="org.eclipse.jst.server.generic.jboss.nl_it" unpack="false" version="3.5.0.v20090620043401" download-size="1719" install-size="1719" />
	<plugin fragment="true" id="org.eclipse.jst.server.generic.jonas.nl_it" unpack="false" version="3.5.0.v20090620043401" download-size="1750" install-size="1750" />
	<plugin fragment="true" id="org.eclipse.jst.server.generic.oc4j.nl_it" unpack="false" version="3.5.0.v20090620043401" download-size="1847" install-size="1847" />
	<plugin fragment="true" id="org.eclipse.jst.server.generic.ui.nl_it" unpack="false" version="3.5.0.v20090620043401" download-size="2923" install-size="2923" />
	<plugin fragment="true" id="org.eclipse.jst.server.installable.nl_it" unpack="false" version="3.5.0.v20090620043401" download-size="1415" install-size="1415" />
	<plugin fragment="true" id="org.eclipse.jst.server.preview.adapter.nl_it" unpack="false" version="3.5.0.v20090620043401" download-size="2780" install-size="2780" />
	<plugin fragment="true" id="org.eclipse.jst.server.tomcat.core.nl_it" unpack="false" version="3.5.0.v20090620043401" download-size="4728" install-size="4728" />
	<plugin fragment="true" id="org.eclipse.jst.server.tomcat.ui.nl_it" unpack="false" version="3.5.0.v20090620043401" download-size="3413" install-size="3413" />
	<plugin fragment="true" id="org.eclipse.jst.server.ui.doc.user.nl_it" unpack="false" version="3.5.0.v20090620043401" download-size="1375" install-size="1375" />
	<plugin fragment="true" id="org.eclipse.jst.server.ui.infopop.nl_it" unpack="false" version="3.5.0.v20090620043401" download-size="1426" install-size="1426" />
	<plugin fragment="true" id="org.eclipse.jst.server.ui.nl_it" unpack="false" version="3.5.0.v20090620043401" download-size="2736" install-size="2736" />
	<plugin fragment="true" id="org.eclipse.jst.server.websphere.core.nl_it" unpack="false" version="3.5.0.v20090620043401" download-size="1641" install-size="1641" />
	<plugin fragment="true" id="org.eclipse.servertools.doc.isv.nl_it" unpack="false" version="3.5.0.v20090620043401" download-size="1371" install-size="1371" />
	<plugin fragment="true" id="org.eclipse.wst.internet.monitor.core.nl_it" unpack="false" version="3.5.0.v20090620043401" download-size="2849" install-size="2849" />
	<plugin fragment="true" id="org.eclipse.wst.internet.monitor.ui.nl_it" unpack="false" version="3.5.0.v20090620043401" download-size="3281" install-size="3281" />
	<plugin fragment="true" id="org.eclipse.wst.server.core.nl_it" unpack="false" version="3.5.0.v20090620043401" download-size="3639" install-size="3639" />
	<plugin fragment="true" id="org.eclipse.wst.server.discovery.nl_it" unpack="false" version="3.5.0.v20090620043401" download-size="2611" install-size="2611" />
	<plugin fragment="true" id="org.eclipse.wst.server.http.core.nl_it" unpack="false" version="3.5.0.v20090620043401" download-size="2703" install-size="2703" />
	<plugin fragment="true" id="org.eclipse.wst.server.http.ui.nl_it" unpack="false" version="3.5.0.v20090620043401" download-size="2541" install-size="2541" />
	<plugin fragment="true" id="org.eclipse.wst.server.preview.adapter.nl_it" unpack="false" version="3.5.0.v20090620043401" download-size="2941" install-size="2941" />
	<plugin fragment="true" id="org.eclipse.wst.server.preview.nl_it" unpack="false" version="3.5.0.v20090620043401" download-size="2748" install-size="2748" />
	<plugin fragment="true" id="org.eclipse.wst.server.ui.doc.user.nl_it" unpack="false" version="3.5.0.v20090620043401" download-size="1393" install-size="1393" />
	<plugin fragment="true" id="org.eclipse.wst.server.ui.infopop.nl_it" unpack="false" version="3.5.0.v20090620043401" download-size="1422" install-size="1422" />
	<plugin fragment="true" id="org.eclipse.wst.server.ui.nl_it" unpack="false" version="3.5.0.v20090620043401" download-size="6778" install-size="6778" />
</feature>