<?xml version="1.0" encoding="UTF-8" ?>
<feature
	id="org.eclipse.babel.nls_webtools.webservices_pt"
	label="Babel Language Pack for webtools.webservices in Portuguese (89.2%)"
	image="eclipse_update_120.jpg"
	provider-name="%providerName"
	version="3.5.0.v20090620043401">
	<copyright>
		%copyright
	</copyright>
	<license url="%licenseURL">
		%license
	</license>
	<description>Babel Language Pack for webtools.webservices in Portuguese</description>
	<plugin fragment="true" id="org.eclipse.jst.ws.axis.consumption.core.nl_pt" unpack="false" version="3.5.0.v20090620043401" download-size="4286" install-size="4286" />
	<plugin fragment="true" id="org.eclipse.jst.ws.axis.consumption.ui.nl_pt" unpack="false" version="3.5.0.v20090620043401" download-size="4728" install-size="4728" />
	<plugin fragment="true" id="org.eclipse.jst.ws.axis.creation.ui.nl_pt" unpack="false" version="3.5.0.v20090620043401" download-size="4034" install-size="4034" />
	<plugin fragment="true" id="org.eclipse.jst.ws.axis2.consumption.core.nl_pt" unpack="false" version="3.5.0.v20090620043401" download-size="2818" install-size="2818" />
	<plugin fragment="true" id="org.eclipse.jst.ws.axis2.consumption.ui.nl_pt" unpack="false" version="3.5.0.v20090620043401" download-size="1428" install-size="1428" />
	<plugin fragment="true" id="org.eclipse.jst.ws.axis2.core.nl_pt" unpack="false" version="3.5.0.v20090620043401" download-size="2688" install-size="2688" />
	<plugin fragment="true" id="org.eclipse.jst.ws.axis2.creation.core.nl_pt" unpack="false" version="3.5.0.v20090620043401" download-size="2801" install-size="2801" />
	<plugin fragment="true" id="org.eclipse.jst.ws.axis2.creation.ui.nl_pt" unpack="false" version="3.5.0.v20090620043401" download-size="1384" install-size="1384" />
	<plugin fragment="true" id="org.eclipse.jst.ws.axis2.ui.doc.user.nl_pt" unpack="false" version="3.5.0.v20090620043401" download-size="1380" install-size="1380" />
	<plugin fragment="true" id="org.eclipse.jst.ws.axis2.ui.nl_pt" unpack="false" version="3.5.0.v20090620043401" download-size="1379" install-size="1379" />
	<plugin fragment="true" id="org.eclipse.jst.ws.consumption.nl_pt" unpack="false" version="3.5.0.v20090620043401" download-size="4891" install-size="4891" />
	<plugin fragment="true" id="org.eclipse.jst.ws.consumption.ui.nl_pt" unpack="false" version="3.5.0.v20090620043401" download-size="10342" install-size="10342" />
	<plugin fragment="true" id="org.eclipse.jst.ws.creation.ejb.ui.nl_pt" unpack="false" version="3.5.0.v20090620043401" download-size="1520" install-size="1520" />
	<plugin fragment="true" id="org.eclipse.jst.ws.creation.ui.nl_pt" unpack="false" version="3.5.0.v20090620043401" download-size="3053" install-size="3053" />
	<plugin fragment="true" id="org.eclipse.jst.ws.nl_pt" unpack="false" version="3.5.0.v20090620043401" download-size="3712" install-size="3712" />
	<plugin fragment="true" id="org.eclipse.jst.ws.uddiregistry.nl_pt" unpack="false" version="3.5.0.v20090620043401" download-size="2859" install-size="2859" />
	<plugin fragment="true" id="org.eclipse.jst.ws.ui.nl_pt" unpack="false" version="3.5.0.v20090620043401" download-size="3659" install-size="3659" />
	<plugin fragment="true" id="org.eclipse.wst.command.env.core.nl_pt" unpack="false" version="3.5.0.v20090620043401" download-size="2702" install-size="2702" />
	<plugin fragment="true" id="org.eclipse.wst.command.env.nl_pt" unpack="false" version="3.5.0.v20090620043401" download-size="4996" install-size="4996" />
	<plugin fragment="true" id="org.eclipse.wst.command.env.ui.nl_pt" unpack="false" version="3.5.0.v20090620043401" download-size="3294" install-size="3294" />
	<plugin fragment="true" id="org.eclipse.wst.ws.explorer.nl_pt" unpack="false" version="3.5.0.v20090620043401" download-size="17567" install-size="17567" />
	<plugin fragment="true" id="org.eclipse.wst.ws.nl_pt" unpack="false" version="3.5.0.v20090620043401" download-size="2821" install-size="2821" />
	<plugin fragment="true" id="org.eclipse.wst.ws.parser.nl_pt" unpack="false" version="3.5.0.v20090620043401" download-size="3296" install-size="3296" />
	<plugin fragment="true" id="org.eclipse.wst.ws.service.policy.nl_pt" unpack="false" version="3.5.0.v20090620043401" download-size="1486" install-size="1486" />
	<plugin fragment="true" id="org.eclipse.wst.ws.service.policy.ui.nl_pt" unpack="false" version="3.5.0.v20090620043401" download-size="2912" install-size="2912" />
	<plugin fragment="true" id="org.eclipse.wst.ws.ui.nl_pt" unpack="false" version="3.5.0.v20090620043401" download-size="3129" install-size="3129" />
	<plugin fragment="true" id="org.eclipse.wst.wsdl.nl_pt" unpack="false" version="3.5.0.v20090620043401" download-size="1366" install-size="1366" />
	<plugin fragment="true" id="org.eclipse.wst.wsdl.ui.nl_pt" unpack="false" version="3.5.0.v20090620043401" download-size="6277" install-size="6277" />
	<plugin fragment="true" id="org.eclipse.wst.wsdl.validation.nl_pt" unpack="false" version="3.5.0.v20090620043401" download-size="8092" install-size="8092" />
	<plugin fragment="true" id="org.eclipse.wst.wsi.nl_pt" unpack="false" version="3.5.0.v20090620043401" download-size="5942" install-size="5942" />
	<plugin fragment="true" id="org.eclipse.wst.wsi.ui.nl_pt" unpack="false" version="3.5.0.v20090620043401" download-size="3995" install-size="3995" />
</feature>