<?xml version="1.0" encoding="UTF-8" ?>
<feature
	id="org.eclipse.babel.nls_eclipse_hu"
	label="Babel Language Pack for eclipse in Hungarian (75.49%)"
	image="eclipse_update_120.jpg"
	provider-name="%providerName"
	version="3.5.0.v20090620043401">
	<copyright>
		%copyright
	</copyright>
	<license url="%licenseURL">
		%license
	</license>
	<description>Babel Language Pack for eclipse in Hungarian</description>
	<plugin fragment="true" id="org.eclipse.ant.core.nl_hu" unpack="false" version="3.5.0.v20090620043401" download-size="4805" install-size="4805" />
	<plugin fragment="true" id="org.eclipse.ant.tests.core.nl_hu" unpack="false" version="3.5.0.v20090620043401" download-size="1370" install-size="1370" />
	<plugin fragment="true" id="org.eclipse.ant.tests.ui.nl_hu" unpack="false" version="3.5.0.v20090620043401" download-size="1368" install-size="1368" />
	<plugin fragment="true" id="org.eclipse.ant.ui.nl_hu" unpack="false" version="3.5.0.v20090620043401" download-size="25961" install-size="25961" />
	<plugin fragment="true" id="org.eclipse.compare.core.nl_hu" unpack="false" version="3.5.0.v20090620043401" download-size="2358" install-size="2358" />
	<plugin fragment="true" id="org.eclipse.compare.examples.nl_hu" unpack="false" version="3.5.0.v20090620043401" download-size="1372" install-size="1372" />
	<plugin fragment="true" id="org.eclipse.compare.examples.xml.nl_hu" unpack="false" version="3.5.0.v20090620043401" download-size="2568" install-size="2568" />
	<plugin fragment="true" id="org.eclipse.compare.nl_hu" unpack="false" version="3.5.0.v20090620043401" download-size="12992" install-size="12992" />
	<plugin fragment="true" id="org.eclipse.compare.tests.nl_hu" unpack="false" version="3.5.0.v20090620043401" download-size="1602" install-size="1602" />
	<plugin fragment="true" id="org.eclipse.compare.win32.nl_hu" unpack="false" version="3.5.0.v20090620043401" download-size="2555" install-size="2555" />
	<plugin fragment="true" id="org.eclipse.core.boot.nl_hu" unpack="false" version="3.5.0.v20090620043401" download-size="1403" install-size="1403" />
	<plugin fragment="true" id="org.eclipse.core.commands.nl_hu" unpack="false" version="3.5.0.v20090620043401" download-size="1385" install-size="1385" />
	<plugin fragment="true" id="org.eclipse.core.contenttype.nl_hu" unpack="false" version="3.5.0.v20090620043401" download-size="2708" install-size="2708" />
	<plugin fragment="true" id="org.eclipse.core.databinding.beans.nl_hu" unpack="false" version="3.5.0.v20090620043401" download-size="1375" install-size="1375" />
	<plugin fragment="true" id="org.eclipse.core.databinding.nl_hu" unpack="false" version="3.5.0.v20090620043401" download-size="2260" install-size="2260" />
	<plugin fragment="true" id="org.eclipse.core.databinding.observable.nl_hu" unpack="false" version="3.5.0.v20090620043401" download-size="1379" install-size="1379" />
	<plugin fragment="true" id="org.eclipse.core.databinding.property.nl_hu" unpack="false" version="3.5.0.v20090620043401" download-size="1378" install-size="1378" />
	<plugin fragment="true" id="org.eclipse.core.expressions.nl_hu" unpack="false" version="3.5.0.v20090620043401" download-size="2927" install-size="2927" />
	<plugin fragment="true" id="org.eclipse.core.expressions.tests.nl_hu" unpack="false" version="3.5.0.v20090620043401" download-size="1374" install-size="1374" />
	<plugin fragment="true" id="org.eclipse.core.filebuffers.nl_hu" unpack="false" version="3.5.0.v20090620043401" download-size="4188" install-size="4188" />
	<plugin fragment="true" id="org.eclipse.core.filebuffers.tests.nl_hu" unpack="false" version="3.5.0.v20090620043401" download-size="1380" install-size="1380" />
	<plugin fragment="true" id="org.eclipse.core.filesystem.nl_hu" unpack="false" version="3.5.0.v20090620043401" download-size="2976" install-size="2976" />
	<plugin fragment="true" id="org.eclipse.core.jobs.nl_hu" unpack="false" version="3.5.0.v20090620043401" download-size="2407" install-size="2407" />
	<plugin fragment="true" id="org.eclipse.core.net.linux.x86.nl_hu" unpack="false" version="3.5.0.v20090620043401" download-size="1377" install-size="1377" />
	<plugin fragment="true" id="org.eclipse.core.net.nl_hu" unpack="false" version="3.5.0.v20090620043401" download-size="1371" install-size="1371" />
	<plugin fragment="true" id="org.eclipse.core.net.win32.x86.nl_hu" unpack="false" version="3.5.0.v20090620043401" download-size="1377" install-size="1377" />
	<plugin fragment="true" id="org.eclipse.core.resources.nl_hu" unpack="false" version="3.5.0.v20090620043401" download-size="8530" install-size="8530" />
	<plugin fragment="true" id="org.eclipse.core.runtime.compatibility.auth.nl_hu" unpack="false" version="3.5.0.v20090620043401" download-size="2506" install-size="2506" />
	<plugin fragment="true" id="org.eclipse.core.runtime.compatibility.nl_hu" unpack="false" version="3.5.0.v20090620043401" download-size="2491" install-size="2491" />
	<plugin fragment="true" id="org.eclipse.core.runtime.nl_hu" unpack="false" version="3.5.0.v20090620043401" download-size="3940" install-size="3940" />
	<plugin fragment="true" id="org.eclipse.core.variables.nl_hu" unpack="false" version="3.5.0.v20090620043401" download-size="2557" install-size="2557" />
	<plugin fragment="true" id="org.eclipse.cvs.nl_hu" unpack="false" version="3.5.0.v20090620043401" download-size="1363" install-size="1363" />
	<plugin fragment="true" id="org.eclipse.debug.core.nl_hu" unpack="false" version="3.5.0.v20090620043401" download-size="6665" install-size="6665" />
	<plugin fragment="true" id="org.eclipse.debug.examples.ui.nl_hu" unpack="false" version="3.5.0.v20090620043401" download-size="2375" install-size="2375" />
	<plugin fragment="true" id="org.eclipse.debug.ui.nl_hu" unpack="false" version="3.5.0.v20090620043401" download-size="31309" install-size="31309" />
	<plugin fragment="true" id="org.eclipse.equinox.app.nl_hu" unpack="false" version="3.5.0.v20090620043401" download-size="2373" install-size="2373" />
	<plugin fragment="true" id="org.eclipse.equinox.cm.nl_hu" unpack="false" version="3.5.0.v20090620043401" download-size="1368" install-size="1368" />
	<plugin fragment="true" id="org.eclipse.equinox.common.nl_hu" unpack="false" version="3.5.0.v20090620043401" download-size="3238" install-size="3238" />
	<plugin fragment="true" id="org.eclipse.equinox.concurrent.nl_hu" unpack="false" version="3.5.0.v20090620043401" download-size="1373" install-size="1373" />
	<plugin fragment="true" id="org.eclipse.equinox.device.nl_hu" unpack="false" version="3.5.0.v20090620043401" download-size="3188" install-size="3188" />
	<plugin fragment="true" id="org.eclipse.equinox.ds.nl_hu" unpack="false" version="3.5.0.v20090620043401" download-size="1368" install-size="1368" />
	<plugin fragment="true" id="org.eclipse.equinox.event.nl_hu" unpack="false" version="3.5.0.v20090620043401" download-size="2385" install-size="2385" />
	<plugin fragment="true" id="org.eclipse.equinox.http.jetty5.nl_hu" unpack="false" version="3.5.0.v20090620043401" download-size="1374" install-size="1374" />
	<plugin fragment="true" id="org.eclipse.equinox.http.jetty6.nl_hu" unpack="false" version="3.5.0.v20090620043401" download-size="1374" install-size="1374" />
	<plugin fragment="true" id="org.eclipse.equinox.http.nl_hu" unpack="false" version="3.5.0.v20090620043401" download-size="3861" install-size="3861" />
	<plugin fragment="true" id="org.eclipse.equinox.http.registry.nl_hu" unpack="false" version="3.5.0.v20090620043401" download-size="1375" install-size="1375" />
	<plugin fragment="true" id="org.eclipse.equinox.http.servlet.nl_hu" unpack="false" version="3.5.0.v20090620043401" download-size="1375" install-size="1375" />
	<plugin fragment="true" id="org.eclipse.equinox.http.servletbridge.nl_hu" unpack="false" version="3.5.0.v20090620043401" download-size="1379" install-size="1379" />
	<plugin fragment="true" id="org.eclipse.equinox.io.nl_hu" unpack="false" version="3.5.0.v20090620043401" download-size="1368" install-size="1368" />
	<plugin fragment="true" id="org.eclipse.equinox.ip.nl_hu" unpack="false" version="3.5.0.v20090620043401" download-size="1368" install-size="1368" />
	<plugin fragment="true" id="org.eclipse.equinox.jsp.jasper.nl_hu" unpack="false" version="3.5.0.v20090620043401" download-size="1373" install-size="1373" />
	<plugin fragment="true" id="org.eclipse.equinox.jsp.jasper.registry.nl_hu" unpack="false" version="3.5.0.v20090620043401" download-size="1379" install-size="1379" />
	<plugin fragment="true" id="org.eclipse.equinox.launcher.carbon.macosx.nl_hu" unpack="false" version="3.5.0.v20090620043401" download-size="1412" install-size="1412" />
	<plugin fragment="true" id="org.eclipse.equinox.launcher.cocoa.macosx.nl_hu" unpack="false" version="3.5.0.v20090620043401" download-size="1409" install-size="1409" />
	<plugin fragment="true" id="org.eclipse.equinox.launcher.gtk.linux.ppc.nl_hu" unpack="false" version="3.5.0.v20090620043401" download-size="1412" install-size="1412" />
	<plugin fragment="true" id="org.eclipse.equinox.launcher.gtk.linux.s390.nl_hu" unpack="false" version="3.5.0.v20090620043401" download-size="1415" install-size="1415" />
	<plugin fragment="true" id="org.eclipse.equinox.launcher.gtk.linux.s390x.nl_hu" unpack="false" version="3.5.0.v20090620043401" download-size="1418" install-size="1418" />
	<plugin fragment="true" id="org.eclipse.equinox.launcher.gtk.linux.x86.nl_hu" unpack="false" version="3.5.0.v20090620043401" download-size="1413" install-size="1413" />
	<plugin fragment="true" id="org.eclipse.equinox.launcher.gtk.solaris.sparc.nl_hu" unpack="false" version="3.5.0.v20090620043401" download-size="1423" install-size="1423" />
	<plugin fragment="true" id="org.eclipse.equinox.launcher.gtk.solaris.x86.nl_hu" unpack="false" version="3.5.0.v20090620043401" download-size="1419" install-size="1419" />
	<plugin fragment="true" id="org.eclipse.equinox.launcher.motif.aix.ppc.nl_hu" unpack="false" version="3.5.0.v20090620043401" download-size="1412" install-size="1412" />
	<plugin fragment="true" id="org.eclipse.equinox.launcher.motif.linux.x86.nl_hu" unpack="false" version="3.5.0.v20090620043401" download-size="1418" install-size="1418" />
	<plugin fragment="true" id="org.eclipse.equinox.launcher.motif.solaris.sparc.nl_hu" unpack="false" version="3.5.0.v20090620043401" download-size="1430" install-size="1430" />
	<plugin fragment="true" id="org.eclipse.equinox.launcher.nl_hu" unpack="false" version="3.5.0.v20090620043401" download-size="1376" install-size="1376" />
	<plugin fragment="true" id="org.eclipse.equinox.launcher.win32.win32.ia64.nl_hu" unpack="false" version="3.5.0.v20090620043401" download-size="1418" install-size="1418" />
	<plugin fragment="true" id="org.eclipse.equinox.launcher.win32.win32.x86.nl_hu" unpack="false" version="3.5.0.v20090620043401" download-size="1415" install-size="1415" />
	<plugin fragment="true" id="org.eclipse.equinox.launcher.wpf.win32.x86.nl_hu" unpack="false" version="3.5.0.v20090620043401" download-size="1414" install-size="1414" />
	<plugin fragment="true" id="org.eclipse.equinox.log.nl_hu" unpack="false" version="3.5.0.v20090620043401" download-size="1368" install-size="1368" />
	<plugin fragment="true" id="org.eclipse.equinox.metatype.nl_hu" unpack="false" version="3.5.0.v20090620043401" download-size="2889" install-size="2889" />
	<plugin fragment="true" id="org.eclipse.equinox.preferences.nl_hu" unpack="false" version="3.5.0.v20090620043401" download-size="3177" install-size="3177" />
	<plugin fragment="true" id="org.eclipse.equinox.registry.nl_hu" unpack="false" version="3.5.0.v20090620043401" download-size="3586" install-size="3586" />
	<plugin fragment="true" id="org.eclipse.equinox.security.nl_hu" unpack="false" version="3.5.0.v20090620043401" download-size="2650" install-size="2650" />
	<plugin fragment="true" id="org.eclipse.equinox.security.ui.nl_hu" unpack="false" version="3.5.0.v20090620043401" download-size="3657" install-size="3657" />
	<plugin fragment="true" id="org.eclipse.equinox.servletbridge.nl_hu" unpack="false" version="3.5.0.v20090620043401" download-size="1376" install-size="1376" />
	<plugin fragment="true" id="org.eclipse.equinox.transforms.xslt.nl_hu" unpack="false" version="3.5.0.v20090620043401" download-size="1376" install-size="1376" />
	<plugin fragment="true" id="org.eclipse.equinox.useradmin.nl_hu" unpack="false" version="3.5.0.v20090620043401" download-size="3295" install-size="3295" />
	<plugin fragment="true" id="org.eclipse.equinox.util.nl_hu" unpack="false" version="3.5.0.v20090620043401" download-size="1369" install-size="1369" />
	<plugin fragment="true" id="org.eclipse.equinox.wireadmin.nl_hu" unpack="false" version="3.5.0.v20090620043401" download-size="1373" install-size="1373" />
	<plugin fragment="true" id="org.eclipse.help.appserver.nl_hu" unpack="false" version="3.5.0.v20090620043401" download-size="2599" install-size="2599" />
	<plugin fragment="true" id="org.eclipse.help.base.nl_hu" unpack="false" version="3.5.0.v20090620043401" download-size="3882" install-size="3882" />
	<plugin fragment="true" id="org.eclipse.help.nl_hu" unpack="false" version="3.5.0.v20090620043401" download-size="1527" install-size="1527" />
	<plugin fragment="true" id="org.eclipse.help.ui.nl_hu" unpack="false" version="3.5.0.v20090620043401" download-size="5470" install-size="5470" />
	<plugin fragment="true" id="org.eclipse.help.webapp.nl_hu" unpack="false" version="3.5.0.v20090620043401" download-size="4577" install-size="4577" />
	<plugin fragment="true" id="org.eclipse.jdt.apt.core.nl_hu" unpack="false" version="3.5.0.v20090620043401" download-size="3898" install-size="3898" />
	<plugin fragment="true" id="org.eclipse.jdt.apt.pluggable.core.nl_hu" unpack="false" version="3.5.0.v20090620043401" download-size="1375" install-size="1375" />
	<plugin fragment="true" id="org.eclipse.jdt.apt.pluggable.tests.nl_hu" unpack="false" version="3.5.0.v20090620043401" download-size="1376" install-size="1376" />
	<plugin fragment="true" id="org.eclipse.jdt.apt.tests.nl_hu" unpack="false" version="3.5.0.v20090620043401" download-size="1369" install-size="1369" />
	<plugin fragment="true" id="org.eclipse.jdt.apt.ui.nl_hu" unpack="false" version="3.5.0.v20090620043401" download-size="4649" install-size="4649" />
	<plugin fragment="true" id="org.eclipse.jdt.compiler.apt.tests.nl_hu" unpack="false" version="3.5.0.v20090620043401" download-size="1375" install-size="1375" />
	<plugin fragment="true" id="org.eclipse.jdt.compiler.tool.tests.nl_hu" unpack="false" version="3.5.0.v20090620043401" download-size="1375" install-size="1375" />
	<plugin fragment="true" id="org.eclipse.jdt.core.manipulation.nl_hu" unpack="false" version="3.5.0.v20090620043401" download-size="3294" install-size="3294" />
	<plugin fragment="true" id="org.eclipse.jdt.core.nl_hu" unpack="false" version="3.5.0.v20090620043401" download-size="31019" install-size="31019" />
	<plugin fragment="true" id="org.eclipse.jdt.core.tests.builder.nl_hu" unpack="false" version="3.5.0.v20090620043401" download-size="1375" install-size="1375" />
	<plugin fragment="true" id="org.eclipse.jdt.core.tests.compiler.nl_hu" unpack="false" version="3.5.0.v20090620043401" download-size="1376" install-size="1376" />
	<plugin fragment="true" id="org.eclipse.jdt.core.tests.model.nl_hu" unpack="false" version="3.5.0.v20090620043401" download-size="12786" install-size="12786" />
	<plugin fragment="true" id="org.eclipse.jdt.core.tests.performance.nl_hu" unpack="false" version="3.5.0.v20090620043401" download-size="1378" install-size="1378" />
	<plugin fragment="true" id="org.eclipse.jdt.debug.nl_hu" unpack="false" version="3.5.0.v20090620043401" download-size="21921" install-size="21921" />
	<plugin fragment="true" id="org.eclipse.jdt.debug.tests.nl_hu" unpack="false" version="3.5.0.v20090620043401" download-size="1371" install-size="1371" />
	<plugin fragment="true" id="org.eclipse.jdt.debug.ui.nl_hu" unpack="false" version="3.5.0.v20090620043401" download-size="28486" install-size="28486" />
	<plugin fragment="true" id="org.eclipse.jdt.doc.isv.nl_hu" unpack="false" version="3.5.0.v20090620043401" download-size="1804" install-size="1804" />
	<plugin fragment="true" id="org.eclipse.jdt.doc.user.nl_hu" unpack="false" version="3.5.0.v20090620043401" download-size="1797" install-size="1797" />
	<plugin fragment="true" id="org.eclipse.jdt.junit.nl_hu" unpack="false" version="3.5.0.v20090620043401" download-size="9128" install-size="9128" />
	<plugin fragment="true" id="org.eclipse.jdt.junit.runtime.nl_hu" unpack="false" version="3.5.0.v20090620043401" download-size="2994" install-size="2994" />
	<plugin fragment="true" id="org.eclipse.jdt.junit4.runtime.nl_hu" unpack="false" version="3.5.0.v20090620043401" download-size="1432" install-size="1432" />
	<plugin fragment="true" id="org.eclipse.jdt.launching.macosx.nl_hu" unpack="false" version="3.5.0.v20090620043401" download-size="1376" install-size="1376" />
	<plugin fragment="true" id="org.eclipse.jdt.launching.nl_hu" unpack="false" version="3.5.0.v20090620043401" download-size="6735" install-size="6735" />
	<plugin fragment="true" id="org.eclipse.jdt.launching.ui.macosx.nl_hu" unpack="false" version="3.5.0.v20090620043401" download-size="2614" install-size="2614" />
	<plugin fragment="true" id="org.eclipse.jdt.nl_hu" unpack="false" version="3.5.0.v20090620043401" download-size="1398" install-size="1398" />
	<plugin fragment="true" id="org.eclipse.jdt.text.tests.nl_hu" unpack="false" version="3.5.0.v20090620043401" download-size="1375" install-size="1375" />
	<plugin fragment="true" id="org.eclipse.jdt.ui.examples.projects.nl_hu" unpack="false" version="3.5.0.v20090620043401" download-size="2710" install-size="2710" />
	<plugin fragment="true" id="org.eclipse.jdt.ui.nl_hu" unpack="false" version="3.5.0.v20090620043401" download-size="162319" install-size="162319" />
	<plugin fragment="true" id="org.eclipse.jdt.ui.tests.nl_hu" unpack="false" version="3.5.0.v20090620043401" download-size="1374" install-size="1374" />
	<plugin fragment="true" id="org.eclipse.jdt.ui.tests.refactoring.nl_hu" unpack="false" version="3.5.0.v20090620043401" download-size="1382" install-size="1382" />
	<plugin fragment="true" id="org.eclipse.jface.databinding.nl_hu" unpack="false" version="3.5.0.v20090620043401" download-size="1404" install-size="1404" />
	<plugin fragment="true" id="org.eclipse.jface.examples.databinding.nl_hu" unpack="false" version="3.5.0.v20090620043401" download-size="1379" install-size="1379" />
	<plugin fragment="true" id="org.eclipse.jface.nl_hu" unpack="false" version="3.5.0.v20090620043401" download-size="9708" install-size="9708" />
	<plugin fragment="true" id="org.eclipse.jface.tests.databinding.conformance.nl_hu" unpack="false" version="3.5.0.v20090620043401" download-size="1385" install-size="1385" />
	<plugin fragment="true" id="org.eclipse.jface.tests.databinding.nl_hu" unpack="false" version="3.5.0.v20090620043401" download-size="1377" install-size="1377" />
	<plugin fragment="true" id="org.eclipse.jface.text.nl_hu" unpack="false" version="3.5.0.v20090620043401" download-size="11239" install-size="11239" />
	<plugin fragment="true" id="org.eclipse.jface.text.tests.nl_hu" unpack="false" version="3.5.0.v20090620043401" download-size="1377" install-size="1377" />
	<plugin fragment="true" id="org.eclipse.jsch.core.nl_hu" unpack="false" version="3.5.0.v20090620043401" download-size="2325" install-size="2325" />
	<plugin fragment="true" id="org.eclipse.jsch.ui.nl_hu" unpack="false" version="3.5.0.v20090620043401" download-size="3900" install-size="3900" />
	<plugin fragment="true" id="org.eclipse.ltk.core.refactoring.nl_hu" unpack="false" version="3.5.0.v20090620043401" download-size="4762" install-size="4762" />
	<plugin fragment="true" id="org.eclipse.ltk.core.refactoring.tests.nl_hu" unpack="false" version="3.5.0.v20090620043401" download-size="1378" install-size="1378" />
	<plugin fragment="true" id="org.eclipse.ltk.ui.refactoring.nl_hu" unpack="false" version="3.5.0.v20090620043401" download-size="8384" install-size="8384" />
	<plugin fragment="true" id="org.eclipse.ltk.ui.refactoring.tests.nl_hu" unpack="false" version="3.5.0.v20090620043401" download-size="1377" install-size="1377" />
	<plugin fragment="true" id="org.eclipse.osgi.nl_hu" unpack="false" version="3.5.0.v20090620043401" download-size="6773" install-size="6773" />
	<plugin fragment="true" id="org.eclipse.osgi.services.nl_hu" unpack="false" version="3.5.0.v20090620043401" download-size="1565" install-size="1565" />
	<plugin fragment="true" id="org.eclipse.osgi.util.nl_hu" unpack="false" version="3.5.0.v20090620043401" download-size="1564" install-size="1564" />
	<plugin fragment="true" id="org.eclipse.pde.api.tools.nl_hu" unpack="false" version="3.5.0.v20090620043401" download-size="3217" install-size="3217" />
	<plugin fragment="true" id="org.eclipse.pde.api.tools.ui.nl_hu" unpack="false" version="3.5.0.v20090620043401" download-size="5366" install-size="5366" />
	<plugin fragment="true" id="org.eclipse.pde.build.nl_hu" unpack="false" version="3.5.0.v20090620043401" download-size="5259" install-size="5259" />
	<plugin fragment="true" id="org.eclipse.pde.build.tests.nl_hu" unpack="false" version="3.5.0.v20090620043401" download-size="1373" install-size="1373" />
	<plugin fragment="true" id="org.eclipse.pde.core.nl_hu" unpack="false" version="3.5.0.v20090620043401" download-size="7704" install-size="7704" />
	<plugin fragment="true" id="org.eclipse.pde.doc.user.nl_hu" unpack="false" version="3.5.0.v20090620043401" download-size="1817" install-size="1817" />
	<plugin fragment="true" id="org.eclipse.pde.ds.core.nl_hu" unpack="false" version="3.5.0.v20090620043401" download-size="2373" install-size="2373" />
	<plugin fragment="true" id="org.eclipse.pde.ds.tests.nl_hu" unpack="false" version="3.5.0.v20090620043401" download-size="1369" install-size="1369" />
	<plugin fragment="true" id="org.eclipse.pde.ds.ui.nl_hu" unpack="false" version="3.5.0.v20090620043401" download-size="2927" install-size="2927" />
	<plugin fragment="true" id="org.eclipse.pde.junit.runtime.nl_hu" unpack="false" version="3.5.0.v20090620043401" download-size="1407" install-size="1407" />
	<plugin fragment="true" id="org.eclipse.pde.nl_hu" unpack="false" version="3.5.0.v20090620043401" download-size="1388" install-size="1388" />
	<plugin fragment="true" id="org.eclipse.pde.runtime.nl_hu" unpack="false" version="3.5.0.v20090620043401" download-size="2799" install-size="2799" />
	<plugin fragment="true" id="org.eclipse.pde.tools.versioning.nl_hu" unpack="false" version="3.5.0.v20090620043401" download-size="1382" install-size="1382" />
	<plugin fragment="true" id="org.eclipse.pde.ua.core.nl_hu" unpack="false" version="3.5.0.v20090620043401" download-size="1368" install-size="1368" />
	<plugin fragment="true" id="org.eclipse.pde.ua.ui.nl_hu" unpack="false" version="3.5.0.v20090620043401" download-size="11038" install-size="11038" />
	<plugin fragment="true" id="org.eclipse.pde.ui.nl_hu" unpack="false" version="3.5.0.v20090620043401" download-size="36609" install-size="36609" />
	<plugin fragment="true" id="org.eclipse.pde.ui.templates.nl_hu" unpack="false" version="3.5.0.v20090620043401" download-size="2698" install-size="2698" />
	<plugin fragment="true" id="org.eclipse.platform.doc.isv.nl_hu" unpack="false" version="3.5.0.v20090620043401" download-size="1427" install-size="1427" />
	<plugin fragment="true" id="org.eclipse.platform.doc.user.nl_hu" unpack="false" version="3.5.0.v20090620043401" download-size="1424" install-size="1424" />
	<plugin fragment="true" id="org.eclipse.platform.nl_hu" unpack="false" version="3.5.0.v20090620043401" download-size="2347" install-size="2347" />
	<plugin fragment="true" id="org.eclipse.rcp.nl_hu" unpack="false" version="3.5.0.v20090620043401" download-size="1730" install-size="1730" />
	<plugin fragment="true" id="org.eclipse.releng.tools.nl_hu" unpack="false" version="3.5.0.v20090620043401" download-size="2242" install-size="2242" />
	<plugin fragment="true" id="org.eclipse.sdk.examples.nl_hu" unpack="false" version="3.5.0.v20090620043401" download-size="1370" install-size="1370" />
	<plugin fragment="true" id="org.eclipse.sdk.nl_hu" unpack="false" version="3.5.0.v20090620043401" download-size="2791" install-size="2791" />
	<plugin fragment="true" id="org.eclipse.sdk.tests.nl_hu" unpack="false" version="3.5.0.v20090620043401" download-size="1367" install-size="1367" />
	<plugin fragment="true" id="org.eclipse.search.nl_hu" unpack="false" version="3.5.0.v20090620043401" download-size="8423" install-size="8423" />
	<plugin fragment="true" id="org.eclipse.search.tests.nl_hu" unpack="false" version="3.5.0.v20090620043401" download-size="1369" install-size="1369" />
	<plugin fragment="true" id="org.eclipse.swt.examples.browser.demos.nl_hu" unpack="false" version="3.5.0.v20090620043401" download-size="1378" install-size="1378" />
	<plugin fragment="true" id="org.eclipse.swt.examples.browser.nl_hu" unpack="false" version="3.5.0.v20090620043401" download-size="1426" install-size="1426" />
	<plugin fragment="true" id="org.eclipse.swt.examples.controls.nl_hu" unpack="false" version="3.5.0.v20090620043401" download-size="1375" install-size="1375" />
	<plugin fragment="true" id="org.eclipse.swt.examples.launcher.nl_hu" unpack="false" version="3.5.0.v20090620043401" download-size="1468" install-size="1468" />
	<plugin fragment="true" id="org.eclipse.swt.examples.layouts.nl_hu" unpack="false" version="3.5.0.v20090620043401" download-size="1374" install-size="1374" />
	<plugin fragment="true" id="org.eclipse.swt.examples.nl_hu" unpack="false" version="3.5.0.v20090620043401" download-size="6601" install-size="6601" />
	<plugin fragment="true" id="org.eclipse.swt.examples.ole.win32.nl_hu" unpack="false" version="3.5.0.v20090620043401" download-size="1485" install-size="1485" />
	<plugin fragment="true" id="org.eclipse.swt.examples.paint.nl_hu" unpack="false" version="3.5.0.v20090620043401" download-size="1373" install-size="1373" />
	<plugin fragment="true" id="org.eclipse.swt.nl_hu" unpack="false" version="3.5.0.v20090620043401" download-size="2348" install-size="2348" />
	<plugin fragment="true" id="org.eclipse.swt.tests.nl_hu" unpack="false" version="3.5.0.v20090620043401" download-size="1383" install-size="1383" />
	<plugin fragment="true" id="org.eclipse.swt.tools.nl_hu" unpack="false" version="3.5.0.v20090620043401" download-size="1367" install-size="1367" />
	<plugin fragment="true" id="org.eclipse.team.core.nl_hu" unpack="false" version="3.5.0.v20090620043401" download-size="4610" install-size="4610" />
	<plugin fragment="true" id="org.eclipse.team.cvs.core.nl_hu" unpack="false" version="3.5.0.v20090620043401" download-size="8345" install-size="8345" />
	<plugin fragment="true" id="org.eclipse.team.cvs.ssh.nl_hu" unpack="false" version="3.5.0.v20090620043401" download-size="3204" install-size="3204" />
	<plugin fragment="true" id="org.eclipse.team.cvs.ssh2.nl_hu" unpack="false" version="3.5.0.v20090620043401" download-size="3608" install-size="3608" />
	<plugin fragment="true" id="org.eclipse.team.cvs.ui.nl_hu" unpack="false" version="3.5.0.v20090620043401" download-size="27281" install-size="27281" />
	<plugin fragment="true" id="org.eclipse.team.examples.filesystem.nl_hu" unpack="false" version="3.5.0.v20090620043401" download-size="2354" install-size="2354" />
	<plugin fragment="true" id="org.eclipse.team.tests.cvs.core.nl_hu" unpack="false" version="3.5.0.v20090620043401" download-size="1430" install-size="1430" />
	<plugin fragment="true" id="org.eclipse.team.ui.nl_hu" unpack="false" version="3.5.0.v20090620043401" download-size="12841" install-size="12841" />
	<plugin fragment="true" id="org.eclipse.text.nl_hu" unpack="false" version="3.5.0.v20090620043401" download-size="3891" install-size="3891" />
	<plugin fragment="true" id="org.eclipse.text.tests.nl_hu" unpack="false" version="3.5.0.v20090620043401" download-size="1372" install-size="1372" />
	<plugin fragment="true" id="org.eclipse.ui.browser.nl_hu" unpack="false" version="3.5.0.v20090620043401" download-size="3871" install-size="3871" />
	<plugin fragment="true" id="org.eclipse.ui.cheatsheets.nl_hu" unpack="false" version="3.5.0.v20090620043401" download-size="5862" install-size="5862" />
	<plugin fragment="true" id="org.eclipse.ui.console.nl_hu" unpack="false" version="3.5.0.v20090620043401" download-size="3485" install-size="3485" />
	<plugin fragment="true" id="org.eclipse.ui.editors.nl_hu" unpack="false" version="3.5.0.v20090620043401" download-size="13032" install-size="13032" />
	<plugin fragment="true" id="org.eclipse.ui.editors.tests.nl_hu" unpack="false" version="3.5.0.v20090620043401" download-size="1376" install-size="1376" />
	<plugin fragment="true" id="org.eclipse.ui.examples.contributions.nl_hu" unpack="false" version="3.5.0.v20090620043401" download-size="1581" install-size="1581" />
	<plugin fragment="true" id="org.eclipse.ui.examples.fieldassist.nl_hu" unpack="false" version="3.5.0.v20090620043401" download-size="2304" install-size="2304" />
	<plugin fragment="true" id="org.eclipse.ui.examples.javaeditor.nl_hu" unpack="false" version="3.5.0.v20090620043401" download-size="2389" install-size="2389" />
	<plugin fragment="true" id="org.eclipse.ui.examples.multipageeditor.nl_hu" unpack="false" version="3.5.0.v20090620043401" download-size="2349" install-size="2349" />
	<plugin fragment="true" id="org.eclipse.ui.examples.propertysheet.nl_hu" unpack="false" version="3.5.0.v20090620043401" download-size="2414" install-size="2414" />
	<plugin fragment="true" id="org.eclipse.ui.examples.readmetool.nl_hu" unpack="false" version="3.5.0.v20090620043401" download-size="2329" install-size="2329" />
	<plugin fragment="true" id="org.eclipse.ui.examples.undo.nl_hu" unpack="false" version="3.5.0.v20090620043401" download-size="2224" install-size="2224" />
	<plugin fragment="true" id="org.eclipse.ui.examples.views.properties.tabbed.article.nl_hu" unpack="false" version="3.5.0.v20090620043401" download-size="1472" install-size="1472" />
	<plugin fragment="true" id="org.eclipse.ui.externaltools.nl_hu" unpack="false" version="3.5.0.v20090620043401" download-size="9206" install-size="9206" />
	<plugin fragment="true" id="org.eclipse.ui.forms.nl_hu" unpack="false" version="3.5.0.v20090620043401" download-size="2432" install-size="2432" />
	<plugin fragment="true" id="org.eclipse.ui.ide.application.nl_hu" unpack="false" version="3.5.0.v20090620043401" download-size="1503" install-size="1503" />
	<plugin fragment="true" id="org.eclipse.ui.ide.nl_hu" unpack="false" version="3.5.0.v20090620043401" download-size="31412" install-size="31412" />
	<plugin fragment="true" id="org.eclipse.ui.intro.nl_hu" unpack="false" version="3.5.0.v20090620043401" download-size="3793" install-size="3793" />
	<plugin fragment="true" id="org.eclipse.ui.intro.universal.nl_hu" unpack="false" version="3.5.0.v20090620043401" download-size="5960" install-size="5960" />
	<plugin fragment="true" id="org.eclipse.ui.navigator.nl_hu" unpack="false" version="3.5.0.v20090620043401" download-size="3994" install-size="3994" />
	<plugin fragment="true" id="org.eclipse.ui.navigator.resources.nl_hu" unpack="false" version="3.5.0.v20090620043401" download-size="3572" install-size="3572" />
	<plugin fragment="true" id="org.eclipse.ui.net.nl_hu" unpack="false" version="3.5.0.v20090620043401" download-size="2407" install-size="2407" />
	<plugin fragment="true" id="org.eclipse.ui.nl_hu" unpack="false" version="3.5.0.v20090620043401" download-size="5818" install-size="5818" />
	<plugin fragment="true" id="org.eclipse.ui.presentations.r21.nl_hu" unpack="false" version="3.5.0.v20090620043401" download-size="2568" install-size="2568" />
	<plugin fragment="true" id="org.eclipse.ui.tests.views.properties.tabbed.nl_hu" unpack="false" version="3.5.0.v20090620043401" download-size="1433" install-size="1433" />
	<plugin fragment="true" id="org.eclipse.ui.views.log.nl_hu" unpack="false" version="3.5.0.v20090620043401" download-size="2800" install-size="2800" />
	<plugin fragment="true" id="org.eclipse.ui.views.nl_hu" unpack="false" version="3.5.0.v20090620043401" download-size="3252" install-size="3252" />
	<plugin fragment="true" id="org.eclipse.ui.views.properties.tabbed.nl_hu" unpack="false" version="3.5.0.v20090620043401" download-size="3138" install-size="3138" />
	<plugin fragment="true" id="org.eclipse.ui.workbench.nl_hu" unpack="false" version="3.5.0.v20090620043401" download-size="27598" install-size="27598" />
	<plugin fragment="true" id="org.eclipse.ui.workbench.texteditor.nl_hu" unpack="false" version="3.5.0.v20090620043401" download-size="12149" install-size="12149" />
	<plugin fragment="true" id="org.eclipse.ui.workbench.texteditor.tests.nl_hu" unpack="false" version="3.5.0.v20090620043401" download-size="1385" install-size="1385" />
	<plugin fragment="true" id="org.eclipse.update.configurator.nl_hu" unpack="false" version="3.5.0.v20090620043401" download-size="3596" install-size="3596" />
	<plugin fragment="true" id="org.eclipse.update.core.nl_hu" unpack="false" version="3.5.0.v20090620043401" download-size="8878" install-size="8878" />
	<plugin fragment="true" id="org.eclipse.update.scheduler.nl_hu" unpack="false" version="3.5.0.v20090620043401" download-size="2913" install-size="2913" />
	<plugin fragment="true" id="org.eclipse.update.tests.core.nl_hu" unpack="false" version="3.5.0.v20090620043401" download-size="1372" install-size="1372" />
	<plugin fragment="true" id="org.eclipse.update.ui.nl_hu" unpack="false" version="3.5.0.v20090620043401" download-size="9725" install-size="9725" />
	<plugin fragment="true" id="org.junit4.nl_hu" unpack="false" version="3.5.0.v20090620043401" download-size="1361" install-size="1361" />
	<plugin fragment="true" id="security.a.nl_hu" unpack="false" version="3.5.0.v20090620043401" download-size="1380" install-size="1380" />
</feature>