<?xml version="1.0" encoding="UTF-8" ?>
<feature
	id="org.eclipse.babel.nls_technology.mat_zh"
	label="Babel Language Pack for technology.mat in Chinese (Simplified) (2.91%)"
	image="eclipse_update_120.jpg"
	provider-name="%providerName"
	version="3.5.0.v20090620043401">
	<copyright>
		%copyright
	</copyright>
	<license url="%licenseURL">
		%license
	</license>
	<description>Babel Language Pack for technology.mat in Chinese (Simplified)</description>
	<plugin fragment="true" id="org.eclipse.mat.api.nl_zh" unpack="false" version="3.5.0.v20090620043401" download-size="2272" install-size="2272" />
	<plugin fragment="true" id="org.eclipse.mat.chart.nl_zh" unpack="false" version="3.5.0.v20090620043401" download-size="1378" install-size="1378" />
	<plugin fragment="true" id="org.eclipse.mat.chart.ui.nl_zh" unpack="false" version="3.5.0.v20090620043401" download-size="1380" install-size="1380" />
	<plugin fragment="true" id="org.eclipse.mat.hprof.nl_zh" unpack="false" version="3.5.0.v20090620043401" download-size="1378" install-size="1378" />
	<plugin fragment="true" id="org.eclipse.mat.jdt.nl_zh" unpack="false" version="3.5.0.v20090620043401" download-size="1376" install-size="1376" />
	<plugin fragment="true" id="org.eclipse.mat.parser.nl_zh" unpack="false" version="3.5.0.v20090620043401" download-size="1378" install-size="1378" />
	<plugin fragment="true" id="org.eclipse.mat.report.nl_zh" unpack="false" version="3.5.0.v20090620043401" download-size="2281" install-size="2281" />
	<plugin fragment="true" id="org.eclipse.mat.ui.nl_zh" unpack="false" version="3.5.0.v20090620043401" download-size="2846" install-size="2846" />
	<plugin fragment="true" id="org.eclipse.mat.ui.rcp.nl_zh" unpack="false" version="3.5.0.v20090620043401" download-size="1379" install-size="1379" />
</feature>