<?xml version="1.0" encoding="UTF-8" ?>
<feature
	id="org.eclipse.babel.nls_webtools.common_zh"
	label="Babel Language Pack for webtools.common in Chinese (Simplified) (57.65%)"
	image="eclipse_update_120.jpg"
	provider-name="%providerName"
	version="3.5.0.v20090620043401">
	<copyright>
		%copyright
	</copyright>
	<license url="%licenseURL">
		%license
	</license>
	<description>Babel Language Pack for webtools.common in Chinese (Simplified)</description>
	<plugin fragment="true" id="org.eclipse.jem.util.nl_zh" unpack="false" version="3.5.0.v20090620043401" download-size="1900" install-size="1900" />
	<plugin fragment="true" id="org.eclipse.jst.common.annotations.controller.nl_zh" unpack="false" version="3.5.0.v20090620043401" download-size="2085" install-size="2085" />
	<plugin fragment="true" id="org.eclipse.jst.common.annotations.core.nl_zh" unpack="false" version="3.5.0.v20090620043401" download-size="1857" install-size="1857" />
	<plugin fragment="true" id="org.eclipse.jst.common.annotations.ui.nl_zh" unpack="false" version="3.5.0.v20090620043401" download-size="1768" install-size="1768" />
	<plugin fragment="true" id="org.eclipse.jst.common.fproj.enablement.jdt.sdk.nl_zh" unpack="false" version="3.5.0.v20090620043401" download-size="1396" install-size="1396" />
	<plugin fragment="true" id="org.eclipse.jst.common.frameworks.nl_zh" unpack="false" version="3.5.0.v20090620043401" download-size="1416" install-size="1416" />
	<plugin fragment="true" id="org.eclipse.jst.common.project.facet.core.nl_zh" unpack="false" version="3.5.0.v20090620043401" download-size="3788" install-size="3788" />
	<plugin fragment="true" id="org.eclipse.jst.common.project.facet.ui.nl_zh" unpack="false" version="3.5.0.v20090620043401" download-size="5210" install-size="5210" />
	<plugin fragment="true" id="org.eclipse.perfmsr.core.stub.nl_zh" unpack="false" version="3.5.0.v20090620043401" download-size="1401" install-size="1401" />
	<plugin fragment="true" id="org.eclipse.wst.common.api.doc.nl_zh" unpack="false" version="3.5.0.v20090620043401" download-size="1995" install-size="1995" />
	<plugin fragment="true" id="org.eclipse.wst.common.core.nl_zh" unpack="false" version="3.5.0.v20090620043401" download-size="2680" install-size="2680" />
	<plugin fragment="true" id="org.eclipse.wst.common.emf.nl_zh" unpack="false" version="3.5.0.v20090620043401" download-size="2127" install-size="2127" />
	<plugin fragment="true" id="org.eclipse.wst.common.emfworkbench.integration.nl_zh" unpack="false" version="3.5.0.v20090620043401" download-size="2894" install-size="2894" />
	<plugin fragment="true" id="org.eclipse.wst.common.environment.nl_zh" unpack="false" version="3.5.0.v20090620043401" download-size="3168" install-size="3168" />
	<plugin fragment="true" id="org.eclipse.wst.common.fproj.sdk.nl_zh" unpack="false" version="3.5.0.v20090620043401" download-size="1386" install-size="1386" />
	<plugin fragment="true" id="org.eclipse.wst.common.frameworks.nl_zh" unpack="false" version="3.5.0.v20090620043401" download-size="2854" install-size="2854" />
	<plugin fragment="true" id="org.eclipse.wst.common.frameworks.ui.nl_zh" unpack="false" version="3.5.0.v20090620043401" download-size="4388" install-size="4388" />
	<plugin fragment="true" id="org.eclipse.wst.common.infopop.nl_zh" unpack="false" version="3.5.0.v20090620043401" download-size="1431" install-size="1431" />
	<plugin fragment="true" id="org.eclipse.wst.common.modulecore.nl_zh" unpack="false" version="3.5.0.v20090620043401" download-size="2308" install-size="2308" />
	<plugin fragment="true" id="org.eclipse.wst.common.project.facet.core.nl_zh" unpack="false" version="3.5.0.v20090620043401" download-size="15870" install-size="15870" />
	<plugin fragment="true" id="org.eclipse.wst.common.project.facet.doc.api.nl_zh" unpack="false" version="3.5.0.v20090620043401" download-size="1394" install-size="1394" />
	<plugin fragment="true" id="org.eclipse.wst.common.project.facet.ui.nl_zh" unpack="false" version="3.5.0.v20090620043401" download-size="8875" install-size="8875" />
	<plugin fragment="true" id="org.eclipse.wst.common.snippets.nl_zh" unpack="false" version="3.5.0.v20090620043401" download-size="3458" install-size="3458" />
	<plugin fragment="true" id="org.eclipse.wst.common.ui.nl_zh" unpack="false" version="3.5.0.v20090620043401" download-size="6559" install-size="6559" />
	<plugin fragment="true" id="org.eclipse.wst.common.ui.properties.nl_zh" unpack="false" version="3.5.0.v20090620043401" download-size="3435" install-size="3435" />
	<plugin fragment="true" id="org.eclipse.wst.common.uriresolver.nl_zh" unpack="false" version="3.5.0.v20090620043401" download-size="1458" install-size="1458" />
	<plugin fragment="true" id="org.eclipse.wst.internet.cache.nl_zh" unpack="false" version="3.5.0.v20090620043401" download-size="3252" install-size="3252" />
	<plugin fragment="true" id="org.eclipse.wst.validation.doc.isv.nl_zh" unpack="false" version="3.5.0.v20090620043401" download-size="1750" install-size="1750" />
	<plugin fragment="true" id="org.eclipse.wst.validation.infopop.nl_zh" unpack="false" version="3.5.0.v20090620043401" download-size="1440" install-size="1440" />
	<plugin fragment="true" id="org.eclipse.wst.validation.nl_zh" unpack="false" version="3.5.0.v20090620043401" download-size="4951" install-size="4951" />
	<plugin fragment="true" id="org.eclipse.wst.validation.ui.nl_zh" unpack="false" version="3.5.0.v20090620043401" download-size="3908" install-size="3908" />
</feature>