<?xml version="1.0" encoding="UTF-8" ?>
<feature
	id="org.eclipse.babel.nls_webtools.common_no"
	label="Babel Language Pack for webtools.common in Norwegian (47.21%)"
	image="eclipse_update_120.jpg"
	provider-name="%providerName"
	version="3.5.0.v20090620043401">
	<copyright>
		%copyright
	</copyright>
	<license url="%licenseURL">
		%license
	</license>
	<description>Babel Language Pack for webtools.common in Norwegian</description>
	<plugin fragment="true" id="org.eclipse.jem.util.nl_no" unpack="false" version="3.5.0.v20090620043401" download-size="1840" install-size="1840" />
	<plugin fragment="true" id="org.eclipse.jst.common.annotations.controller.nl_no" unpack="false" version="3.5.0.v20090620043401" download-size="1982" install-size="1982" />
	<plugin fragment="true" id="org.eclipse.jst.common.annotations.core.nl_no" unpack="false" version="3.5.0.v20090620043401" download-size="1786" install-size="1786" />
	<plugin fragment="true" id="org.eclipse.jst.common.annotations.ui.nl_no" unpack="false" version="3.5.0.v20090620043401" download-size="1716" install-size="1716" />
	<plugin fragment="true" id="org.eclipse.jst.common.fproj.enablement.jdt.sdk.nl_no" unpack="false" version="3.5.0.v20090620043401" download-size="1384" install-size="1384" />
	<plugin fragment="true" id="org.eclipse.jst.common.frameworks.nl_no" unpack="false" version="3.5.0.v20090620043401" download-size="1401" install-size="1401" />
	<plugin fragment="true" id="org.eclipse.jst.common.project.facet.core.nl_no" unpack="false" version="3.5.0.v20090620043401" download-size="3219" install-size="3219" />
	<plugin fragment="true" id="org.eclipse.jst.common.project.facet.ui.nl_no" unpack="false" version="3.5.0.v20090620043401" download-size="5091" install-size="5091" />
	<plugin fragment="true" id="org.eclipse.wst.common.api.doc.nl_no" unpack="false" version="3.5.0.v20090620043401" download-size="1372" install-size="1372" />
	<plugin fragment="true" id="org.eclipse.wst.common.core.nl_no" unpack="false" version="3.5.0.v20090620043401" download-size="2627" install-size="2627" />
	<plugin fragment="true" id="org.eclipse.wst.common.emf.nl_no" unpack="false" version="3.5.0.v20090620043401" download-size="2037" install-size="2037" />
	<plugin fragment="true" id="org.eclipse.wst.common.emfworkbench.integration.nl_no" unpack="false" version="3.5.0.v20090620043401" download-size="2707" install-size="2707" />
	<plugin fragment="true" id="org.eclipse.wst.common.environment.nl_no" unpack="false" version="3.5.0.v20090620043401" download-size="3087" install-size="3087" />
	<plugin fragment="true" id="org.eclipse.wst.common.fproj.sdk.nl_no" unpack="false" version="3.5.0.v20090620043401" download-size="1374" install-size="1374" />
	<plugin fragment="true" id="org.eclipse.wst.common.frameworks.nl_no" unpack="false" version="3.5.0.v20090620043401" download-size="2723" install-size="2723" />
	<plugin fragment="true" id="org.eclipse.wst.common.frameworks.ui.nl_no" unpack="false" version="3.5.0.v20090620043401" download-size="4175" install-size="4175" />
	<plugin fragment="true" id="org.eclipse.wst.common.infopop.nl_no" unpack="false" version="3.5.0.v20090620043401" download-size="1399" install-size="1399" />
	<plugin fragment="true" id="org.eclipse.wst.common.modulecore.nl_no" unpack="false" version="3.5.0.v20090620043401" download-size="2203" install-size="2203" />
	<plugin fragment="true" id="org.eclipse.wst.common.project.facet.core.nl_no" unpack="false" version="3.5.0.v20090620043401" download-size="8714" install-size="8714" />
	<plugin fragment="true" id="org.eclipse.wst.common.project.facet.doc.api.nl_no" unpack="false" version="3.5.0.v20090620043401" download-size="1380" install-size="1380" />
	<plugin fragment="true" id="org.eclipse.wst.common.project.facet.ui.nl_no" unpack="false" version="3.5.0.v20090620043401" download-size="7591" install-size="7591" />
	<plugin fragment="true" id="org.eclipse.wst.common.snippets.nl_no" unpack="false" version="3.5.0.v20090620043401" download-size="3325" install-size="3325" />
	<plugin fragment="true" id="org.eclipse.wst.common.ui.nl_no" unpack="false" version="3.5.0.v20090620043401" download-size="4929" install-size="4929" />
	<plugin fragment="true" id="org.eclipse.wst.common.ui.properties.nl_no" unpack="false" version="3.5.0.v20090620043401" download-size="3324" install-size="3324" />
	<plugin fragment="true" id="org.eclipse.wst.common.uriresolver.nl_no" unpack="false" version="3.5.0.v20090620043401" download-size="1435" install-size="1435" />
	<plugin fragment="true" id="org.eclipse.wst.internet.cache.nl_no" unpack="false" version="3.5.0.v20090620043401" download-size="3101" install-size="3101" />
	<plugin fragment="true" id="org.eclipse.wst.validation.doc.isv.nl_no" unpack="false" version="3.5.0.v20090620043401" download-size="1378" install-size="1378" />
	<plugin fragment="true" id="org.eclipse.wst.validation.infopop.nl_no" unpack="false" version="3.5.0.v20090620043401" download-size="1410" install-size="1410" />
	<plugin fragment="true" id="org.eclipse.wst.validation.nl_no" unpack="false" version="3.5.0.v20090620043401" download-size="4689" install-size="4689" />
	<plugin fragment="true" id="org.eclipse.wst.validation.ui.nl_no" unpack="false" version="3.5.0.v20090620043401" download-size="3646" install-size="3646" />
</feature>