<?xml version="1.0" encoding="UTF-8" ?>
<feature
	id="org.eclipse.babel.nls_webtools.jeetools_es"
	label="Babel Language Pack for webtools.jeetools in Spanish (94.86%)"
	image="eclipse_update_120.jpg"
	provider-name="%providerName"
	version="3.5.0.v20090620043401">
	<copyright>
		%copyright
	</copyright>
	<license url="%licenseURL">
		%license
	</license>
	<description>Babel Language Pack for webtools.jeetools in Spanish</description>
	<plugin fragment="true" id="org.eclipse.jem.beaninfo.nl_es" unpack="false" version="3.5.0.v20090620043401" download-size="3186" install-size="3186" />
	<plugin fragment="true" id="org.eclipse.jem.beaninfo.vm.common.nl_es" unpack="false" version="3.5.0.v20090620043401" download-size="1379" install-size="1379" />
	<plugin fragment="true" id="org.eclipse.jem.beaninfo.vm.nl_es" unpack="false" version="3.5.0.v20090620043401" download-size="3018" install-size="3018" />
	<plugin fragment="true" id="org.eclipse.jem.nl_es" unpack="false" version="3.5.0.v20090620043401" download-size="3955" install-size="3955" />
	<plugin fragment="true" id="org.eclipse.jem.proxy.nl_es" unpack="false" version="3.5.0.v20090620043401" download-size="7299" install-size="7299" />
	<plugin fragment="true" id="org.eclipse.jem.tests.nl_es" unpack="false" version="3.5.0.v20090620043401" download-size="1365" install-size="1365" />
	<plugin fragment="true" id="org.eclipse.jem.workbench.nl_es" unpack="false" version="3.5.0.v20090620043401" download-size="2480" install-size="2480" />
	<plugin fragment="true" id="org.eclipse.jst.j2ee.core.nl_es" unpack="false" version="3.5.0.v20090620043401" download-size="30004" install-size="30004" />
	<plugin fragment="true" id="org.eclipse.jst.j2ee.doc.user.nl_es" unpack="false" version="3.5.0.v20090620043401" download-size="1411" install-size="1411" />
	<plugin fragment="true" id="org.eclipse.jst.j2ee.infopop.nl_es" unpack="false" version="3.5.0.v20090620043401" download-size="1406" install-size="1406" />
	<plugin fragment="true" id="org.eclipse.jst.j2ee.jca.nl_es" unpack="false" version="3.5.0.v20090620043401" download-size="2505" install-size="2505" />
	<plugin fragment="true" id="org.eclipse.jst.j2ee.jca.ui.nl_es" unpack="false" version="3.5.0.v20090620043401" download-size="2046" install-size="2046" />
	<plugin fragment="true" id="org.eclipse.jst.j2ee.navigator.ui.nl_es" unpack="false" version="3.5.0.v20090620043401" download-size="3523" install-size="3523" />
	<plugin fragment="true" id="org.eclipse.jst.j2ee.nl_es" unpack="false" version="3.5.0.v20090620043401" download-size="27480" install-size="27480" />
	<plugin fragment="true" id="org.eclipse.jst.j2ee.ui.nl_es" unpack="false" version="3.5.0.v20090620043401" download-size="15499" install-size="15499" />
	<plugin fragment="true" id="org.eclipse.jst.j2ee.web.nl_es" unpack="false" version="3.5.0.v20090620043401" download-size="19088" install-size="19088" />
	<plugin fragment="true" id="org.eclipse.jst.j2ee.webservice.nl_es" unpack="false" version="3.5.0.v20090620043401" download-size="2658" install-size="2658" />
	<plugin fragment="true" id="org.eclipse.jst.j2ee.webservice.ui.nl_es" unpack="false" version="3.5.0.v20090620043401" download-size="2459" install-size="2459" />
	<plugin fragment="true" id="org.eclipse.jst.j2ee.xdoclet.runtime.nl_es" unpack="false" version="3.5.0.v20090620043401" download-size="2328" install-size="2328" />
	<plugin fragment="true" id="org.eclipse.jst.jee.nl_es" unpack="false" version="3.5.0.v20090620043401" download-size="1368" install-size="1368" />
	<plugin fragment="true" id="org.eclipse.jst.jee.ui.nl_es" unpack="false" version="3.5.0.v20090620043401" download-size="2625" install-size="2625" />
	<plugin fragment="true" id="org.eclipse.jst.jee.web.nl_es" unpack="false" version="3.5.0.v20090620043401" download-size="1372" install-size="1372" />
	<plugin fragment="true" id="org.eclipse.jst.servlet.ui.infopop.nl_es" unpack="false" version="3.5.0.v20090620043401" download-size="1406" install-size="1406" />
	<plugin fragment="true" id="org.eclipse.jst.servlet.ui.nl_es" unpack="false" version="3.5.0.v20090620043401" download-size="5574" install-size="5574" />
	<plugin fragment="true" id="org.eclipse.wst.web.ui.infopop.nl_es" unpack="false" version="3.5.0.v20090620043401" download-size="1405" install-size="1405" />
</feature>