<?xml version="1.0" encoding="UTF-8" ?>
<feature
	id="org.eclipse.babel.nls_webtools.jeetools_ko"
	label="Babel Language Pack for webtools.jeetools in Korean (94.82%)"
	image="eclipse_update_120.jpg"
	provider-name="%providerName"
	version="3.5.0.v20090620043401">
	<copyright>
		%copyright
	</copyright>
	<license url="%licenseURL">
		%license
	</license>
	<description>Babel Language Pack for webtools.jeetools in Korean</description>
	<plugin fragment="true" id="org.eclipse.jem.beaninfo.nl_ko" unpack="false" version="3.5.0.v20090620043401" download-size="3269" install-size="3269" />
	<plugin fragment="true" id="org.eclipse.jem.beaninfo.vm.common.nl_ko" unpack="false" version="3.5.0.v20090620043401" download-size="1378" install-size="1378" />
	<plugin fragment="true" id="org.eclipse.jem.beaninfo.vm.nl_ko" unpack="false" version="3.5.0.v20090620043401" download-size="3160" install-size="3160" />
	<plugin fragment="true" id="org.eclipse.jem.nl_ko" unpack="false" version="3.5.0.v20090620043401" download-size="4161" install-size="4161" />
	<plugin fragment="true" id="org.eclipse.jem.proxy.nl_ko" unpack="false" version="3.5.0.v20090620043401" download-size="7806" install-size="7806" />
	<plugin fragment="true" id="org.eclipse.jem.tests.nl_ko" unpack="false" version="3.5.0.v20090620043401" download-size="1365" install-size="1365" />
	<plugin fragment="true" id="org.eclipse.jem.workbench.nl_ko" unpack="false" version="3.5.0.v20090620043401" download-size="2541" install-size="2541" />
	<plugin fragment="true" id="org.eclipse.jst.j2ee.core.nl_ko" unpack="false" version="3.5.0.v20090620043401" download-size="33029" install-size="33029" />
	<plugin fragment="true" id="org.eclipse.jst.j2ee.doc.user.nl_ko" unpack="false" version="3.5.0.v20090620043401" download-size="1409" install-size="1409" />
	<plugin fragment="true" id="org.eclipse.jst.j2ee.infopop.nl_ko" unpack="false" version="3.5.0.v20090620043401" download-size="1415" install-size="1415" />
	<plugin fragment="true" id="org.eclipse.jst.j2ee.jca.nl_ko" unpack="false" version="3.5.0.v20090620043401" download-size="2624" install-size="2624" />
	<plugin fragment="true" id="org.eclipse.jst.j2ee.jca.ui.nl_ko" unpack="false" version="3.5.0.v20090620043401" download-size="2212" install-size="2212" />
	<plugin fragment="true" id="org.eclipse.jst.j2ee.navigator.ui.nl_ko" unpack="false" version="3.5.0.v20090620043401" download-size="3788" install-size="3788" />
	<plugin fragment="true" id="org.eclipse.jst.j2ee.nl_ko" unpack="false" version="3.5.0.v20090620043401" download-size="30003" install-size="30003" />
	<plugin fragment="true" id="org.eclipse.jst.j2ee.ui.nl_ko" unpack="false" version="3.5.0.v20090620043401" download-size="16588" install-size="16588" />
	<plugin fragment="true" id="org.eclipse.jst.j2ee.web.nl_ko" unpack="false" version="3.5.0.v20090620043401" download-size="20093" install-size="20093" />
	<plugin fragment="true" id="org.eclipse.jst.j2ee.webservice.nl_ko" unpack="false" version="3.5.0.v20090620043401" download-size="2821" install-size="2821" />
	<plugin fragment="true" id="org.eclipse.jst.j2ee.webservice.ui.nl_ko" unpack="false" version="3.5.0.v20090620043401" download-size="2569" install-size="2569" />
	<plugin fragment="true" id="org.eclipse.jst.j2ee.xdoclet.runtime.nl_ko" unpack="false" version="3.5.0.v20090620043401" download-size="2473" install-size="2473" />
	<plugin fragment="true" id="org.eclipse.jst.jee.nl_ko" unpack="false" version="3.5.0.v20090620043401" download-size="1368" install-size="1368" />
	<plugin fragment="true" id="org.eclipse.jst.jee.ui.nl_ko" unpack="false" version="3.5.0.v20090620043401" download-size="2675" install-size="2675" />
	<plugin fragment="true" id="org.eclipse.jst.jee.web.nl_ko" unpack="false" version="3.5.0.v20090620043401" download-size="1371" install-size="1371" />
	<plugin fragment="true" id="org.eclipse.jst.servlet.ui.infopop.nl_ko" unpack="false" version="3.5.0.v20090620043401" download-size="1418" install-size="1418" />
	<plugin fragment="true" id="org.eclipse.jst.servlet.ui.nl_ko" unpack="false" version="3.5.0.v20090620043401" download-size="5929" install-size="5929" />
	<plugin fragment="true" id="org.eclipse.wst.web.ui.infopop.nl_ko" unpack="false" version="3.5.0.v20090620043401" download-size="1415" install-size="1415" />
</feature>