<?xml version="1.0" encoding="UTF-8" ?>
<feature
	id="org.eclipse.babel.nls_webtools.webservices_no"
	label="Babel Language Pack for webtools.webservices in Norwegian (89.12%)"
	image="eclipse_update_120.jpg"
	provider-name="%providerName"
	version="3.5.0.v20090620043401">
	<copyright>
		%copyright
	</copyright>
	<license url="%licenseURL">
		%license
	</license>
	<description>Babel Language Pack for webtools.webservices in Norwegian</description>
	<plugin fragment="true" id="org.eclipse.jst.ws.axis.consumption.core.nl_no" unpack="false" version="3.5.0.v20090620043401" download-size="4232" install-size="4232" />
	<plugin fragment="true" id="org.eclipse.jst.ws.axis.consumption.ui.nl_no" unpack="false" version="3.5.0.v20090620043401" download-size="4576" install-size="4576" />
	<plugin fragment="true" id="org.eclipse.jst.ws.axis.creation.ui.nl_no" unpack="false" version="3.5.0.v20090620043401" download-size="3914" install-size="3914" />
	<plugin fragment="true" id="org.eclipse.jst.ws.axis2.consumption.core.nl_no" unpack="false" version="3.5.0.v20090620043401" download-size="2811" install-size="2811" />
	<plugin fragment="true" id="org.eclipse.jst.ws.axis2.consumption.ui.nl_no" unpack="false" version="3.5.0.v20090620043401" download-size="1427" install-size="1427" />
	<plugin fragment="true" id="org.eclipse.jst.ws.axis2.core.nl_no" unpack="false" version="3.5.0.v20090620043401" download-size="2687" install-size="2687" />
	<plugin fragment="true" id="org.eclipse.jst.ws.axis2.creation.core.nl_no" unpack="false" version="3.5.0.v20090620043401" download-size="2779" install-size="2779" />
	<plugin fragment="true" id="org.eclipse.jst.ws.axis2.creation.ui.nl_no" unpack="false" version="3.5.0.v20090620043401" download-size="1381" install-size="1381" />
	<plugin fragment="true" id="org.eclipse.jst.ws.axis2.ui.doc.user.nl_no" unpack="false" version="3.5.0.v20090620043401" download-size="1378" install-size="1378" />
	<plugin fragment="true" id="org.eclipse.jst.ws.axis2.ui.nl_no" unpack="false" version="3.5.0.v20090620043401" download-size="1376" install-size="1376" />
	<plugin fragment="true" id="org.eclipse.jst.ws.consumption.nl_no" unpack="false" version="3.5.0.v20090620043401" download-size="4751" install-size="4751" />
	<plugin fragment="true" id="org.eclipse.jst.ws.consumption.ui.nl_no" unpack="false" version="3.5.0.v20090620043401" download-size="9990" install-size="9990" />
	<plugin fragment="true" id="org.eclipse.jst.ws.creation.ejb.ui.nl_no" unpack="false" version="3.5.0.v20090620043401" download-size="1496" install-size="1496" />
	<plugin fragment="true" id="org.eclipse.jst.ws.creation.ui.nl_no" unpack="false" version="3.5.0.v20090620043401" download-size="2988" install-size="2988" />
	<plugin fragment="true" id="org.eclipse.jst.ws.nl_no" unpack="false" version="3.5.0.v20090620043401" download-size="3548" install-size="3548" />
	<plugin fragment="true" id="org.eclipse.jst.ws.uddiregistry.nl_no" unpack="false" version="3.5.0.v20090620043401" download-size="2786" install-size="2786" />
	<plugin fragment="true" id="org.eclipse.jst.ws.ui.nl_no" unpack="false" version="3.5.0.v20090620043401" download-size="3582" install-size="3582" />
	<plugin fragment="true" id="org.eclipse.wst.command.env.core.nl_no" unpack="false" version="3.5.0.v20090620043401" download-size="2682" install-size="2682" />
	<plugin fragment="true" id="org.eclipse.wst.command.env.nl_no" unpack="false" version="3.5.0.v20090620043401" download-size="4893" install-size="4893" />
	<plugin fragment="true" id="org.eclipse.wst.command.env.ui.nl_no" unpack="false" version="3.5.0.v20090620043401" download-size="3244" install-size="3244" />
	<plugin fragment="true" id="org.eclipse.wst.ws.explorer.nl_no" unpack="false" version="3.5.0.v20090620043401" download-size="16724" install-size="16724" />
	<plugin fragment="true" id="org.eclipse.wst.ws.nl_no" unpack="false" version="3.5.0.v20090620043401" download-size="2753" install-size="2753" />
	<plugin fragment="true" id="org.eclipse.wst.ws.parser.nl_no" unpack="false" version="3.5.0.v20090620043401" download-size="3254" install-size="3254" />
	<plugin fragment="true" id="org.eclipse.wst.ws.service.policy.nl_no" unpack="false" version="3.5.0.v20090620043401" download-size="1487" install-size="1487" />
	<plugin fragment="true" id="org.eclipse.wst.ws.service.policy.ui.nl_no" unpack="false" version="3.5.0.v20090620043401" download-size="2890" install-size="2890" />
	<plugin fragment="true" id="org.eclipse.wst.ws.ui.nl_no" unpack="false" version="3.5.0.v20090620043401" download-size="3074" install-size="3074" />
	<plugin fragment="true" id="org.eclipse.wst.wsdl.nl_no" unpack="false" version="3.5.0.v20090620043401" download-size="1366" install-size="1366" />
	<plugin fragment="true" id="org.eclipse.wst.wsdl.ui.nl_no" unpack="false" version="3.5.0.v20090620043401" download-size="6147" install-size="6147" />
	<plugin fragment="true" id="org.eclipse.wst.wsdl.validation.nl_no" unpack="false" version="3.5.0.v20090620043401" download-size="7656" install-size="7656" />
	<plugin fragment="true" id="org.eclipse.wst.wsi.nl_no" unpack="false" version="3.5.0.v20090620043401" download-size="5797" install-size="5797" />
	<plugin fragment="true" id="org.eclipse.wst.wsi.ui.nl_no" unpack="false" version="3.5.0.v20090620043401" download-size="3909" install-size="3909" />
</feature>