<?xml version="1.0" encoding="UTF-8" ?>
<feature
	id="org.eclipse.babel.nls_tools.mylyn_hu"
	label="Babel Language Pack for tools.mylyn in Hungarian (15.41%)"
	image="eclipse_update_120.jpg"
	provider-name="%providerName"
	version="3.5.0.v20090620043401">
	<copyright>
		%copyright
	</copyright>
	<license url="%licenseURL">
		%license
	</license>
	<description>Babel Language Pack for tools.mylyn in Hungarian</description>
	<plugin fragment="true" id="org.eclipse.mylyn.bugzilla.core.nl_hu" unpack="false" version="3.5.0.v20090620043401" download-size="2562" install-size="2562" />
	<plugin fragment="true" id="org.eclipse.mylyn.bugzilla.ide.nl_hu" unpack="false" version="3.5.0.v20090620043401" download-size="1357" install-size="1357" />
	<plugin fragment="true" id="org.eclipse.mylyn.bugzilla.ui.nl_hu" unpack="false" version="3.5.0.v20090620043401" download-size="3756" install-size="3756" />
	<plugin fragment="true" id="org.eclipse.mylyn.commons.core.nl_hu" unpack="false" version="3.5.0.v20090620043401" download-size="1356" install-size="1356" />
	<plugin fragment="true" id="org.eclipse.mylyn.commons.net.nl_hu" unpack="false" version="3.5.0.v20090620043401" download-size="2560" install-size="2560" />
	<plugin fragment="true" id="org.eclipse.mylyn.commons.soap.nl_hu" unpack="false" version="3.5.0.v20090620043401" download-size="1355" install-size="1355" />
	<plugin fragment="true" id="org.eclipse.mylyn.commons.ui.nl_hu" unpack="false" version="3.5.0.v20090620043401" download-size="2565" install-size="2565" />
	<plugin fragment="true" id="org.eclipse.mylyn.compatibility.nl_hu" unpack="false" version="3.5.0.v20090620043401" download-size="1357" install-size="1357" />
	<plugin fragment="true" id="org.eclipse.mylyn.context.core.nl_hu" unpack="false" version="3.5.0.v20090620043401" download-size="1356" install-size="1356" />
	<plugin fragment="true" id="org.eclipse.mylyn.context.ui.nl_hu" unpack="false" version="3.5.0.v20090620043401" download-size="4614" install-size="4614" />
	<plugin fragment="true" id="org.eclipse.mylyn.discovery.core.nl_hu" unpack="false" version="3.5.0.v20090620043401" download-size="2645" install-size="2645" />
	<plugin fragment="true" id="org.eclipse.mylyn.discovery.ui.nl_hu" unpack="false" version="3.5.0.v20090620043401" download-size="2695" install-size="2695" />
	<plugin fragment="true" id="org.eclipse.mylyn.help.ui.nl_hu" unpack="false" version="3.5.0.v20090620043401" download-size="1378" install-size="1378" />
	<plugin fragment="true" id="org.eclipse.mylyn.ide.ant.nl_hu" unpack="false" version="3.5.0.v20090620043401" download-size="1353" install-size="1353" />
	<plugin fragment="true" id="org.eclipse.mylyn.ide.capabilities.nl_hu" unpack="false" version="3.5.0.v20090620043401" download-size="1376" install-size="1376" />
	<plugin fragment="true" id="org.eclipse.mylyn.ide.ui.nl_hu" unpack="false" version="3.5.0.v20090620043401" download-size="1352" install-size="1352" />
	<plugin fragment="true" id="org.eclipse.mylyn.java.tasks.nl_hu" unpack="false" version="3.5.0.v20090620043401" download-size="2423" install-size="2423" />
	<plugin fragment="true" id="org.eclipse.mylyn.java.ui.nl_hu" unpack="false" version="3.5.0.v20090620043401" download-size="1415" install-size="1415" />
	<plugin fragment="true" id="org.eclipse.mylyn.jira.core.nl_hu" unpack="false" version="3.5.0.v20090620043401" download-size="2998" install-size="2998" />
	<plugin fragment="true" id="org.eclipse.mylyn.jira.ui.nl_hu" unpack="false" version="3.5.0.v20090620043401" download-size="3566" install-size="3566" />
	<plugin fragment="true" id="org.eclipse.mylyn.monitor.core.nl_hu" unpack="false" version="3.5.0.v20090620043401" download-size="2638" install-size="2638" />
	<plugin fragment="true" id="org.eclipse.mylyn.monitor.ui.nl_hu" unpack="false" version="3.5.0.v20090620043401" download-size="1355" install-size="1355" />
	<plugin fragment="true" id="org.eclipse.mylyn.nl_hu" unpack="false" version="3.5.0.v20090620043401" download-size="1348" install-size="1348" />
	<plugin fragment="true" id="org.eclipse.mylyn.pde.ui.nl_hu" unpack="false" version="3.5.0.v20090620043401" download-size="1352" install-size="1352" />
	<plugin fragment="true" id="org.eclipse.mylyn.resources.ui.nl_hu" unpack="false" version="3.5.0.v20090620043401" download-size="2684" install-size="2684" />
	<plugin fragment="true" id="org.eclipse.mylyn.tasks.bugs.nl_hu" unpack="false" version="3.5.0.v20090620043401" download-size="3399" install-size="3399" />
	<plugin fragment="true" id="org.eclipse.mylyn.tasks.core.nl_hu" unpack="false" version="3.5.0.v20090620043401" download-size="3520" install-size="3520" />
	<plugin fragment="true" id="org.eclipse.mylyn.tasks.ui.nl_hu" unpack="false" version="3.5.0.v20090620043401" download-size="11896" install-size="11896" />
	<plugin fragment="true" id="org.eclipse.mylyn.team.cvs.nl_hu" unpack="false" version="3.5.0.v20090620043401" download-size="1354" install-size="1354" />
	<plugin fragment="true" id="org.eclipse.mylyn.team.ui.nl_hu" unpack="false" version="3.5.0.v20090620043401" download-size="3132" install-size="3132" />
	<plugin fragment="true" id="org.eclipse.mylyn.trac.core.nl_hu" unpack="false" version="3.5.0.v20090620043401" download-size="3027" install-size="3027" />
	<plugin fragment="true" id="org.eclipse.mylyn.trac.ui.nl_hu" unpack="false" version="3.5.0.v20090620043401" download-size="2633" install-size="2633" />
	<plugin fragment="true" id="org.eclipse.mylyn.wikitext.confluence.core.nl_hu" unpack="false" version="3.5.0.v20090620043401" download-size="1364" install-size="1364" />
	<plugin fragment="true" id="org.eclipse.mylyn.wikitext.confluence.ui.nl_hu" unpack="false" version="3.5.0.v20090620043401" download-size="1398" install-size="1398" />
	<plugin fragment="true" id="org.eclipse.mylyn.wikitext.core.nl_hu" unpack="false" version="3.5.0.v20090620043401" download-size="4433" install-size="4433" />
	<plugin fragment="true" id="org.eclipse.mylyn.wikitext.help.sdk.nl_hu" unpack="false" version="3.5.0.v20090620043401" download-size="1381" install-size="1381" />
	<plugin fragment="true" id="org.eclipse.mylyn.wikitext.help.ui.nl_hu" unpack="false" version="3.5.0.v20090620043401" download-size="1380" install-size="1380" />
	<plugin fragment="true" id="org.eclipse.mylyn.wikitext.mediawiki.core.nl_hu" unpack="false" version="3.5.0.v20090620043401" download-size="1384" install-size="1384" />
	<plugin fragment="true" id="org.eclipse.mylyn.wikitext.mediawiki.ui.nl_hu" unpack="false" version="3.5.0.v20090620043401" download-size="1432" install-size="1432" />
	<plugin fragment="true" id="org.eclipse.mylyn.wikitext.tasks.ui.nl_hu" unpack="false" version="3.5.0.v20090620043401" download-size="2850" install-size="2850" />
	<plugin fragment="true" id="org.eclipse.mylyn.wikitext.tests.nl_hu" unpack="false" version="3.5.0.v20090620043401" download-size="1358" install-size="1358" />
	<plugin fragment="true" id="org.eclipse.mylyn.wikitext.textile.core.nl_hu" unpack="false" version="3.5.0.v20090620043401" download-size="1361" install-size="1361" />
	<plugin fragment="true" id="org.eclipse.mylyn.wikitext.textile.ui.nl_hu" unpack="false" version="3.5.0.v20090620043401" download-size="1418" install-size="1418" />
	<plugin fragment="true" id="org.eclipse.mylyn.wikitext.tracwiki.core.nl_hu" unpack="false" version="3.5.0.v20090620043401" download-size="1363" install-size="1363" />
	<plugin fragment="true" id="org.eclipse.mylyn.wikitext.tracwiki.ui.nl_hu" unpack="false" version="3.5.0.v20090620043401" download-size="1396" install-size="1396" />
	<plugin fragment="true" id="org.eclipse.mylyn.wikitext.twiki.core.nl_hu" unpack="false" version="3.5.0.v20090620043401" download-size="1361" install-size="1361" />
	<plugin fragment="true" id="org.eclipse.mylyn.wikitext.twiki.ui.nl_hu" unpack="false" version="3.5.0.v20090620043401" download-size="1410" install-size="1410" />
	<plugin fragment="true" id="org.eclipse.mylyn.wikitext.ui.nl_hu" unpack="false" version="3.5.0.v20090620043401" download-size="6169" install-size="6169" />
	<plugin fragment="true" id="org.eclipse.mylyn.xplanner.core.nl_hu" unpack="false" version="3.5.0.v20090620043401" download-size="2418" install-size="2418" />
	<plugin fragment="true" id="org.eclipse.mylyn.xplanner.ui.nl_hu" unpack="false" version="3.5.0.v20090620043401" download-size="3704" install-size="3704" />
</feature>