<?xml version="1.0" encoding="UTF-8" ?>
<feature
	id="org.eclipse.babel.nls_technology.subversive_zh_TW"
	label="Babel Language Pack for technology.subversive in Chinese (Traditional) (19.06%)"
	image="eclipse_update_120.jpg"
	provider-name="%providerName"
	version="3.5.0.v20090620043401">
	<copyright>
		%copyright
	</copyright>
	<license url="%licenseURL">
		%license
	</license>
	<description>Babel Language Pack for technology.subversive in Chinese (Traditional)</description>
	<plugin fragment="true" id="org.eclipse.team.svn.core.nl_zh_TW" unpack="false" version="3.5.0.v20090620043401" download-size="2972" install-size="2972" />
	<plugin fragment="true" id="org.eclipse.team.svn.mylyn.nl_zh_TW" unpack="false" version="3.5.0.v20090620043401" download-size="1389" install-size="1389" />
	<plugin fragment="true" id="org.eclipse.team.svn.ui.nl_zh_TW" unpack="false" version="3.5.0.v20090620043401" download-size="7767" install-size="7767" />
</feature>