<?xml version="1.0" encoding="UTF-8" ?>
<feature
	id="org.eclipse.babel.nls_eclipse_ru"
	label="Babel Language Pack for eclipse in Russian (75.35%)"
	image="eclipse_update_120.jpg"
	provider-name="%providerName"
	version="3.5.0.v20090620043401">
	<copyright>
		%copyright
	</copyright>
	<license url="%licenseURL">
		%license
	</license>
	<description>Babel Language Pack for eclipse in Russian</description>
	<plugin fragment="true" id="org.eclipse.ant.core.nl_ru" unpack="false" version="3.5.0.v20090620043401" download-size="5292" install-size="5292" />
	<plugin fragment="true" id="org.eclipse.ant.tests.core.nl_ru" unpack="false" version="3.5.0.v20090620043401" download-size="1583" install-size="1583" />
	<plugin fragment="true" id="org.eclipse.ant.tests.ui.nl_ru" unpack="false" version="3.5.0.v20090620043401" download-size="1367" install-size="1367" />
	<plugin fragment="true" id="org.eclipse.ant.ui.nl_ru" unpack="false" version="3.5.0.v20090620043401" download-size="29472" install-size="29472" />
	<plugin fragment="true" id="org.eclipse.compare.core.nl_ru" unpack="false" version="3.5.0.v20090620043401" download-size="2448" install-size="2448" />
	<plugin fragment="true" id="org.eclipse.compare.examples.nl_ru" unpack="false" version="3.5.0.v20090620043401" download-size="2292" install-size="2292" />
	<plugin fragment="true" id="org.eclipse.compare.examples.xml.nl_ru" unpack="false" version="3.5.0.v20090620043401" download-size="2633" install-size="2633" />
	<plugin fragment="true" id="org.eclipse.compare.nl_ru" unpack="false" version="3.5.0.v20090620043401" download-size="14702" install-size="14702" />
	<plugin fragment="true" id="org.eclipse.compare.tests.nl_ru" unpack="false" version="3.5.0.v20090620043401" download-size="1601" install-size="1601" />
	<plugin fragment="true" id="org.eclipse.compare.win32.nl_ru" unpack="false" version="3.5.0.v20090620043401" download-size="2593" install-size="2593" />
	<plugin fragment="true" id="org.eclipse.core.boot.nl_ru" unpack="false" version="3.5.0.v20090620043401" download-size="1378" install-size="1378" />
	<plugin fragment="true" id="org.eclipse.core.commands.nl_ru" unpack="false" version="3.5.0.v20090620043401" download-size="1398" install-size="1398" />
	<plugin fragment="true" id="org.eclipse.core.contenttype.nl_ru" unpack="false" version="3.5.0.v20090620043401" download-size="2829" install-size="2829" />
	<plugin fragment="true" id="org.eclipse.core.databinding.beans.nl_ru" unpack="false" version="3.5.0.v20090620043401" download-size="1374" install-size="1374" />
	<plugin fragment="true" id="org.eclipse.core.databinding.nl_ru" unpack="false" version="3.5.0.v20090620043401" download-size="2269" install-size="2269" />
	<plugin fragment="true" id="org.eclipse.core.databinding.observable.nl_ru" unpack="false" version="3.5.0.v20090620043401" download-size="1378" install-size="1378" />
	<plugin fragment="true" id="org.eclipse.core.databinding.property.nl_ru" unpack="false" version="3.5.0.v20090620043401" download-size="1377" install-size="1377" />
	<plugin fragment="true" id="org.eclipse.core.expressions.nl_ru" unpack="false" version="3.5.0.v20090620043401" download-size="3176" install-size="3176" />
	<plugin fragment="true" id="org.eclipse.core.expressions.tests.nl_ru" unpack="false" version="3.5.0.v20090620043401" download-size="1373" install-size="1373" />
	<plugin fragment="true" id="org.eclipse.core.filebuffers.nl_ru" unpack="false" version="3.5.0.v20090620043401" download-size="4441" install-size="4441" />
	<plugin fragment="true" id="org.eclipse.core.filebuffers.tests.nl_ru" unpack="false" version="3.5.0.v20090620043401" download-size="1379" install-size="1379" />
	<plugin fragment="true" id="org.eclipse.core.filesystem.nl_ru" unpack="false" version="3.5.0.v20090620043401" download-size="3237" install-size="3237" />
	<plugin fragment="true" id="org.eclipse.core.jobs.nl_ru" unpack="false" version="3.5.0.v20090620043401" download-size="2419" install-size="2419" />
	<plugin fragment="true" id="org.eclipse.core.net.linux.x86.nl_ru" unpack="false" version="3.5.0.v20090620043401" download-size="1376" install-size="1376" />
	<plugin fragment="true" id="org.eclipse.core.net.nl_ru" unpack="false" version="3.5.0.v20090620043401" download-size="1370" install-size="1370" />
	<plugin fragment="true" id="org.eclipse.core.net.win32.x86.nl_ru" unpack="false" version="3.5.0.v20090620043401" download-size="1377" install-size="1377" />
	<plugin fragment="true" id="org.eclipse.core.resources.nl_ru" unpack="false" version="3.5.0.v20090620043401" download-size="10345" install-size="10345" />
	<plugin fragment="true" id="org.eclipse.core.runtime.compatibility.auth.nl_ru" unpack="false" version="3.5.0.v20090620043401" download-size="2557" install-size="2557" />
	<plugin fragment="true" id="org.eclipse.core.runtime.compatibility.nl_ru" unpack="false" version="3.5.0.v20090620043401" download-size="2534" install-size="2534" />
	<plugin fragment="true" id="org.eclipse.core.runtime.nl_ru" unpack="false" version="3.5.0.v20090620043401" download-size="4323" install-size="4323" />
	<plugin fragment="true" id="org.eclipse.core.variables.nl_ru" unpack="false" version="3.5.0.v20090620043401" download-size="2683" install-size="2683" />
	<plugin fragment="true" id="org.eclipse.cvs.nl_ru" unpack="false" version="3.5.0.v20090620043401" download-size="1361" install-size="1361" />
	<plugin fragment="true" id="org.eclipse.debug.core.nl_ru" unpack="false" version="3.5.0.v20090620043401" download-size="7763" install-size="7763" />
	<plugin fragment="true" id="org.eclipse.debug.examples.ui.nl_ru" unpack="false" version="3.5.0.v20090620043401" download-size="2414" install-size="2414" />
	<plugin fragment="true" id="org.eclipse.debug.ui.nl_ru" unpack="false" version="3.5.0.v20090620043401" download-size="35300" install-size="35300" />
	<plugin fragment="true" id="org.eclipse.equinox.app.nl_ru" unpack="false" version="3.5.0.v20090620043401" download-size="2413" install-size="2413" />
	<plugin fragment="true" id="org.eclipse.equinox.cm.nl_ru" unpack="false" version="3.5.0.v20090620043401" download-size="1367" install-size="1367" />
	<plugin fragment="true" id="org.eclipse.equinox.common.nl_ru" unpack="false" version="3.5.0.v20090620043401" download-size="3504" install-size="3504" />
	<plugin fragment="true" id="org.eclipse.equinox.concurrent.nl_ru" unpack="false" version="3.5.0.v20090620043401" download-size="1373" install-size="1373" />
	<plugin fragment="true" id="org.eclipse.equinox.device.nl_ru" unpack="false" version="3.5.0.v20090620043401" download-size="3419" install-size="3419" />
	<plugin fragment="true" id="org.eclipse.equinox.ds.nl_ru" unpack="false" version="3.5.0.v20090620043401" download-size="1367" install-size="1367" />
	<plugin fragment="true" id="org.eclipse.equinox.event.nl_ru" unpack="false" version="3.5.0.v20090620043401" download-size="2474" install-size="2474" />
	<plugin fragment="true" id="org.eclipse.equinox.http.jetty5.nl_ru" unpack="false" version="3.5.0.v20090620043401" download-size="1373" install-size="1373" />
	<plugin fragment="true" id="org.eclipse.equinox.http.jetty6.nl_ru" unpack="false" version="3.5.0.v20090620043401" download-size="1373" install-size="1373" />
	<plugin fragment="true" id="org.eclipse.equinox.http.nl_ru" unpack="false" version="3.5.0.v20090620043401" download-size="4193" install-size="4193" />
	<plugin fragment="true" id="org.eclipse.equinox.http.registry.nl_ru" unpack="false" version="3.5.0.v20090620043401" download-size="1373" install-size="1373" />
	<plugin fragment="true" id="org.eclipse.equinox.http.servlet.nl_ru" unpack="false" version="3.5.0.v20090620043401" download-size="1374" install-size="1374" />
	<plugin fragment="true" id="org.eclipse.equinox.http.servletbridge.nl_ru" unpack="false" version="3.5.0.v20090620043401" download-size="1379" install-size="1379" />
	<plugin fragment="true" id="org.eclipse.equinox.io.nl_ru" unpack="false" version="3.5.0.v20090620043401" download-size="1366" install-size="1366" />
	<plugin fragment="true" id="org.eclipse.equinox.ip.nl_ru" unpack="false" version="3.5.0.v20090620043401" download-size="1367" install-size="1367" />
	<plugin fragment="true" id="org.eclipse.equinox.jsp.jasper.nl_ru" unpack="false" version="3.5.0.v20090620043401" download-size="1373" install-size="1373" />
	<plugin fragment="true" id="org.eclipse.equinox.jsp.jasper.registry.nl_ru" unpack="false" version="3.5.0.v20090620043401" download-size="1378" install-size="1378" />
	<plugin fragment="true" id="org.eclipse.equinox.launcher.carbon.macosx.nl_ru" unpack="false" version="3.5.0.v20090620043401" download-size="1411" install-size="1411" />
	<plugin fragment="true" id="org.eclipse.equinox.launcher.cocoa.macosx.nl_ru" unpack="false" version="3.5.0.v20090620043401" download-size="1408" install-size="1408" />
	<plugin fragment="true" id="org.eclipse.equinox.launcher.gtk.linux.ppc.nl_ru" unpack="false" version="3.5.0.v20090620043401" download-size="1412" install-size="1412" />
	<plugin fragment="true" id="org.eclipse.equinox.launcher.gtk.linux.s390.nl_ru" unpack="false" version="3.5.0.v20090620043401" download-size="1414" install-size="1414" />
	<plugin fragment="true" id="org.eclipse.equinox.launcher.gtk.linux.s390x.nl_ru" unpack="false" version="3.5.0.v20090620043401" download-size="1417" install-size="1417" />
	<plugin fragment="true" id="org.eclipse.equinox.launcher.gtk.linux.x86.nl_ru" unpack="false" version="3.5.0.v20090620043401" download-size="1412" install-size="1412" />
	<plugin fragment="true" id="org.eclipse.equinox.launcher.gtk.solaris.sparc.nl_ru" unpack="false" version="3.5.0.v20090620043401" download-size="1422" install-size="1422" />
	<plugin fragment="true" id="org.eclipse.equinox.launcher.gtk.solaris.x86.nl_ru" unpack="false" version="3.5.0.v20090620043401" download-size="1417" install-size="1417" />
	<plugin fragment="true" id="org.eclipse.equinox.launcher.motif.aix.ppc.nl_ru" unpack="false" version="3.5.0.v20090620043401" download-size="1411" install-size="1411" />
	<plugin fragment="true" id="org.eclipse.equinox.launcher.motif.linux.x86.nl_ru" unpack="false" version="3.5.0.v20090620043401" download-size="1417" install-size="1417" />
	<plugin fragment="true" id="org.eclipse.equinox.launcher.motif.solaris.sparc.nl_ru" unpack="false" version="3.5.0.v20090620043401" download-size="1431" install-size="1431" />
	<plugin fragment="true" id="org.eclipse.equinox.launcher.nl_ru" unpack="false" version="3.5.0.v20090620043401" download-size="1375" install-size="1375" />
	<plugin fragment="true" id="org.eclipse.equinox.launcher.win32.win32.ia64.nl_ru" unpack="false" version="3.5.0.v20090620043401" download-size="1417" install-size="1417" />
	<plugin fragment="true" id="org.eclipse.equinox.launcher.win32.win32.x86.nl_ru" unpack="false" version="3.5.0.v20090620043401" download-size="1415" install-size="1415" />
	<plugin fragment="true" id="org.eclipse.equinox.launcher.wpf.win32.x86.nl_ru" unpack="false" version="3.5.0.v20090620043401" download-size="1413" install-size="1413" />
	<plugin fragment="true" id="org.eclipse.equinox.log.nl_ru" unpack="false" version="3.5.0.v20090620043401" download-size="1368" install-size="1368" />
	<plugin fragment="true" id="org.eclipse.equinox.metatype.nl_ru" unpack="false" version="3.5.0.v20090620043401" download-size="3107" install-size="3107" />
	<plugin fragment="true" id="org.eclipse.equinox.preferences.nl_ru" unpack="false" version="3.5.0.v20090620043401" download-size="3394" install-size="3394" />
	<plugin fragment="true" id="org.eclipse.equinox.registry.nl_ru" unpack="false" version="3.5.0.v20090620043401" download-size="3990" install-size="3990" />
	<plugin fragment="true" id="org.eclipse.equinox.security.nl_ru" unpack="false" version="3.5.0.v20090620043401" download-size="2765" install-size="2765" />
	<plugin fragment="true" id="org.eclipse.equinox.security.ui.nl_ru" unpack="false" version="3.5.0.v20090620043401" download-size="4101" install-size="4101" />
	<plugin fragment="true" id="org.eclipse.equinox.servletbridge.nl_ru" unpack="false" version="3.5.0.v20090620043401" download-size="1374" install-size="1374" />
	<plugin fragment="true" id="org.eclipse.equinox.transforms.xslt.nl_ru" unpack="false" version="3.5.0.v20090620043401" download-size="1374" install-size="1374" />
	<plugin fragment="true" id="org.eclipse.equinox.useradmin.nl_ru" unpack="false" version="3.5.0.v20090620043401" download-size="3529" install-size="3529" />
	<plugin fragment="true" id="org.eclipse.equinox.util.nl_ru" unpack="false" version="3.5.0.v20090620043401" download-size="1368" install-size="1368" />
	<plugin fragment="true" id="org.eclipse.equinox.wireadmin.nl_ru" unpack="false" version="3.5.0.v20090620043401" download-size="1372" install-size="1372" />
	<plugin fragment="true" id="org.eclipse.help.appserver.nl_ru" unpack="false" version="3.5.0.v20090620043401" download-size="2753" install-size="2753" />
	<plugin fragment="true" id="org.eclipse.help.base.nl_ru" unpack="false" version="3.5.0.v20090620043401" download-size="4304" install-size="4304" />
	<plugin fragment="true" id="org.eclipse.help.nl_ru" unpack="false" version="3.5.0.v20090620043401" download-size="1552" install-size="1552" />
	<plugin fragment="true" id="org.eclipse.help.ui.nl_ru" unpack="false" version="3.5.0.v20090620043401" download-size="6026" install-size="6026" />
	<plugin fragment="true" id="org.eclipse.help.webapp.nl_ru" unpack="false" version="3.5.0.v20090620043401" download-size="5091" install-size="5091" />
	<plugin fragment="true" id="org.eclipse.jdt.apt.core.nl_ru" unpack="false" version="3.5.0.v20090620043401" download-size="4151" install-size="4151" />
	<plugin fragment="true" id="org.eclipse.jdt.apt.pluggable.core.nl_ru" unpack="false" version="3.5.0.v20090620043401" download-size="1374" install-size="1374" />
	<plugin fragment="true" id="org.eclipse.jdt.apt.pluggable.tests.nl_ru" unpack="false" version="3.5.0.v20090620043401" download-size="1375" install-size="1375" />
	<plugin fragment="true" id="org.eclipse.jdt.apt.tests.nl_ru" unpack="false" version="3.5.0.v20090620043401" download-size="1368" install-size="1368" />
	<plugin fragment="true" id="org.eclipse.jdt.apt.ui.nl_ru" unpack="false" version="3.5.0.v20090620043401" download-size="5091" install-size="5091" />
	<plugin fragment="true" id="org.eclipse.jdt.compiler.apt.tests.nl_ru" unpack="false" version="3.5.0.v20090620043401" download-size="1374" install-size="1374" />
	<plugin fragment="true" id="org.eclipse.jdt.compiler.tool.tests.nl_ru" unpack="false" version="3.5.0.v20090620043401" download-size="1374" install-size="1374" />
	<plugin fragment="true" id="org.eclipse.jdt.core.manipulation.nl_ru" unpack="false" version="3.5.0.v20090620043401" download-size="3361" install-size="3361" />
	<plugin fragment="true" id="org.eclipse.jdt.core.nl_ru" unpack="false" version="3.5.0.v20090620043401" download-size="38938" install-size="38938" />
	<plugin fragment="true" id="org.eclipse.jdt.core.tests.builder.nl_ru" unpack="false" version="3.5.0.v20090620043401" download-size="1374" install-size="1374" />
	<plugin fragment="true" id="org.eclipse.jdt.core.tests.compiler.nl_ru" unpack="false" version="3.5.0.v20090620043401" download-size="1375" install-size="1375" />
	<plugin fragment="true" id="org.eclipse.jdt.core.tests.model.nl_ru" unpack="false" version="3.5.0.v20090620043401" download-size="16007" install-size="16007" />
	<plugin fragment="true" id="org.eclipse.jdt.core.tests.performance.nl_ru" unpack="false" version="3.5.0.v20090620043401" download-size="1377" install-size="1377" />
	<plugin fragment="true" id="org.eclipse.jdt.debug.nl_ru" unpack="false" version="3.5.0.v20090620043401" download-size="25456" install-size="25456" />
	<plugin fragment="true" id="org.eclipse.jdt.debug.tests.nl_ru" unpack="false" version="3.5.0.v20090620043401" download-size="1370" install-size="1370" />
	<plugin fragment="true" id="org.eclipse.jdt.debug.ui.nl_ru" unpack="false" version="3.5.0.v20090620043401" download-size="33111" install-size="33111" />
	<plugin fragment="true" id="org.eclipse.jdt.doc.isv.nl_ru" unpack="false" version="3.5.0.v20090620043401" download-size="1895" install-size="1895" />
	<plugin fragment="true" id="org.eclipse.jdt.doc.user.nl_ru" unpack="false" version="3.5.0.v20090620043401" download-size="1864" install-size="1864" />
	<plugin fragment="true" id="org.eclipse.jdt.junit.nl_ru" unpack="false" version="3.5.0.v20090620043401" download-size="10439" install-size="10439" />
	<plugin fragment="true" id="org.eclipse.jdt.junit.runtime.nl_ru" unpack="false" version="3.5.0.v20090620043401" download-size="3115" install-size="3115" />
	<plugin fragment="true" id="org.eclipse.jdt.junit4.runtime.nl_ru" unpack="false" version="3.5.0.v20090620043401" download-size="1447" install-size="1447" />
	<plugin fragment="true" id="org.eclipse.jdt.launching.macosx.nl_ru" unpack="false" version="3.5.0.v20090620043401" download-size="1375" install-size="1375" />
	<plugin fragment="true" id="org.eclipse.jdt.launching.nl_ru" unpack="false" version="3.5.0.v20090620043401" download-size="7913" install-size="7913" />
	<plugin fragment="true" id="org.eclipse.jdt.launching.ui.macosx.nl_ru" unpack="false" version="3.5.0.v20090620043401" download-size="2661" install-size="2661" />
	<plugin fragment="true" id="org.eclipse.jdt.nl_ru" unpack="false" version="3.5.0.v20090620043401" download-size="1632" install-size="1632" />
	<plugin fragment="true" id="org.eclipse.jdt.text.tests.nl_ru" unpack="false" version="3.5.0.v20090620043401" download-size="1374" install-size="1374" />
	<plugin fragment="true" id="org.eclipse.jdt.ui.examples.projects.nl_ru" unpack="false" version="3.5.0.v20090620043401" download-size="2756" install-size="2756" />
	<plugin fragment="true" id="org.eclipse.jdt.ui.nl_ru" unpack="false" version="3.5.0.v20090620043401" download-size="200374" install-size="200374" />
	<plugin fragment="true" id="org.eclipse.jdt.ui.tests.nl_ru" unpack="false" version="3.5.0.v20090620043401" download-size="1373" install-size="1373" />
	<plugin fragment="true" id="org.eclipse.jdt.ui.tests.refactoring.nl_ru" unpack="false" version="3.5.0.v20090620043401" download-size="1381" install-size="1381" />
	<plugin fragment="true" id="org.eclipse.jface.databinding.nl_ru" unpack="false" version="3.5.0.v20090620043401" download-size="1420" install-size="1420" />
	<plugin fragment="true" id="org.eclipse.jface.examples.databinding.nl_ru" unpack="false" version="3.5.0.v20090620043401" download-size="1378" install-size="1378" />
	<plugin fragment="true" id="org.eclipse.jface.nl_ru" unpack="false" version="3.5.0.v20090620043401" download-size="10152" install-size="10152" />
	<plugin fragment="true" id="org.eclipse.jface.tests.databinding.conformance.nl_ru" unpack="false" version="3.5.0.v20090620043401" download-size="1384" install-size="1384" />
	<plugin fragment="true" id="org.eclipse.jface.tests.databinding.nl_ru" unpack="false" version="3.5.0.v20090620043401" download-size="1376" install-size="1376" />
	<plugin fragment="true" id="org.eclipse.jface.text.nl_ru" unpack="false" version="3.5.0.v20090620043401" download-size="13258" install-size="13258" />
	<plugin fragment="true" id="org.eclipse.jface.text.tests.nl_ru" unpack="false" version="3.5.0.v20090620043401" download-size="1375" install-size="1375" />
	<plugin fragment="true" id="org.eclipse.jsch.core.nl_ru" unpack="false" version="3.5.0.v20090620043401" download-size="2354" install-size="2354" />
	<plugin fragment="true" id="org.eclipse.jsch.ui.nl_ru" unpack="false" version="3.5.0.v20090620043401" download-size="4152" install-size="4152" />
	<plugin fragment="true" id="org.eclipse.ltk.core.refactoring.nl_ru" unpack="false" version="3.5.0.v20090620043401" download-size="5289" install-size="5289" />
	<plugin fragment="true" id="org.eclipse.ltk.core.refactoring.tests.nl_ru" unpack="false" version="3.5.0.v20090620043401" download-size="1377" install-size="1377" />
	<plugin fragment="true" id="org.eclipse.ltk.ui.refactoring.nl_ru" unpack="false" version="3.5.0.v20090620043401" download-size="9493" install-size="9493" />
	<plugin fragment="true" id="org.eclipse.ltk.ui.refactoring.tests.nl_ru" unpack="false" version="3.5.0.v20090620043401" download-size="1376" install-size="1376" />
	<plugin fragment="true" id="org.eclipse.osgi.nl_ru" unpack="false" version="3.5.0.v20090620043401" download-size="8189" install-size="8189" />
	<plugin fragment="true" id="org.eclipse.osgi.services.nl_ru" unpack="false" version="3.5.0.v20090620043401" download-size="1633" install-size="1633" />
	<plugin fragment="true" id="org.eclipse.osgi.util.nl_ru" unpack="false" version="3.5.0.v20090620043401" download-size="1629" install-size="1629" />
	<plugin fragment="true" id="org.eclipse.pde.api.tools.nl_ru" unpack="false" version="3.5.0.v20090620043401" download-size="4051" install-size="4051" />
	<plugin fragment="true" id="org.eclipse.pde.api.tools.ui.nl_ru" unpack="false" version="3.5.0.v20090620043401" download-size="5546" install-size="5546" />
	<plugin fragment="true" id="org.eclipse.pde.build.nl_ru" unpack="false" version="3.5.0.v20090620043401" download-size="5623" install-size="5623" />
	<plugin fragment="true" id="org.eclipse.pde.build.tests.nl_ru" unpack="false" version="3.5.0.v20090620043401" download-size="1372" install-size="1372" />
	<plugin fragment="true" id="org.eclipse.pde.core.nl_ru" unpack="false" version="3.5.0.v20090620043401" download-size="8904" install-size="8904" />
	<plugin fragment="true" id="org.eclipse.pde.doc.user.nl_ru" unpack="false" version="3.5.0.v20090620043401" download-size="1848" install-size="1848" />
	<plugin fragment="true" id="org.eclipse.pde.ds.core.nl_ru" unpack="false" version="3.5.0.v20090620043401" download-size="2385" install-size="2385" />
	<plugin fragment="true" id="org.eclipse.pde.ds.tests.nl_ru" unpack="false" version="3.5.0.v20090620043401" download-size="1367" install-size="1367" />
	<plugin fragment="true" id="org.eclipse.pde.ds.ui.nl_ru" unpack="false" version="3.5.0.v20090620043401" download-size="3015" install-size="3015" />
	<plugin fragment="true" id="org.eclipse.pde.junit.runtime.nl_ru" unpack="false" version="3.5.0.v20090620043401" download-size="1422" install-size="1422" />
	<plugin fragment="true" id="org.eclipse.pde.nl_ru" unpack="false" version="3.5.0.v20090620043401" download-size="1406" install-size="1406" />
	<plugin fragment="true" id="org.eclipse.pde.runtime.nl_ru" unpack="false" version="3.5.0.v20090620043401" download-size="2988" install-size="2988" />
	<plugin fragment="true" id="org.eclipse.pde.tools.versioning.nl_ru" unpack="false" version="3.5.0.v20090620043401" download-size="1380" install-size="1380" />
	<plugin fragment="true" id="org.eclipse.pde.ua.core.nl_ru" unpack="false" version="3.5.0.v20090620043401" download-size="1367" install-size="1367" />
	<plugin fragment="true" id="org.eclipse.pde.ua.ui.nl_ru" unpack="false" version="3.5.0.v20090620043401" download-size="11604" install-size="11604" />
	<plugin fragment="true" id="org.eclipse.pde.ui.nl_ru" unpack="false" version="3.5.0.v20090620043401" download-size="45040" install-size="45040" />
	<plugin fragment="true" id="org.eclipse.pde.ui.templates.nl_ru" unpack="false" version="3.5.0.v20090620043401" download-size="2827" install-size="2827" />
	<plugin fragment="true" id="org.eclipse.platform.doc.isv.nl_ru" unpack="false" version="3.5.0.v20090620043401" download-size="1460" install-size="1460" />
	<plugin fragment="true" id="org.eclipse.platform.doc.user.nl_ru" unpack="false" version="3.5.0.v20090620043401" download-size="1413" install-size="1413" />
	<plugin fragment="true" id="org.eclipse.platform.nl_ru" unpack="false" version="3.5.0.v20090620043401" download-size="2390" install-size="2390" />
	<plugin fragment="true" id="org.eclipse.rcp.nl_ru" unpack="false" version="3.5.0.v20090620043401" download-size="1759" install-size="1759" />
	<plugin fragment="true" id="org.eclipse.releng.tools.nl_ru" unpack="false" version="3.5.0.v20090620043401" download-size="2269" install-size="2269" />
	<plugin fragment="true" id="org.eclipse.sdk.examples.nl_ru" unpack="false" version="3.5.0.v20090620043401" download-size="1368" install-size="1368" />
	<plugin fragment="true" id="org.eclipse.sdk.nl_ru" unpack="false" version="3.5.0.v20090620043401" download-size="3144" install-size="3144" />
	<plugin fragment="true" id="org.eclipse.sdk.tests.nl_ru" unpack="false" version="3.5.0.v20090620043401" download-size="1366" install-size="1366" />
	<plugin fragment="true" id="org.eclipse.search.nl_ru" unpack="false" version="3.5.0.v20090620043401" download-size="9000" install-size="9000" />
	<plugin fragment="true" id="org.eclipse.search.tests.nl_ru" unpack="false" version="3.5.0.v20090620043401" download-size="1368" install-size="1368" />
	<plugin fragment="true" id="org.eclipse.swt.examples.browser.demos.nl_ru" unpack="false" version="3.5.0.v20090620043401" download-size="1376" install-size="1376" />
	<plugin fragment="true" id="org.eclipse.swt.examples.browser.nl_ru" unpack="false" version="3.5.0.v20090620043401" download-size="1433" install-size="1433" />
	<plugin fragment="true" id="org.eclipse.swt.examples.controls.nl_ru" unpack="false" version="3.5.0.v20090620043401" download-size="1374" install-size="1374" />
	<plugin fragment="true" id="org.eclipse.swt.examples.launcher.nl_ru" unpack="false" version="3.5.0.v20090620043401" download-size="1494" install-size="1494" />
	<plugin fragment="true" id="org.eclipse.swt.examples.layouts.nl_ru" unpack="false" version="3.5.0.v20090620043401" download-size="1373" install-size="1373" />
	<plugin fragment="true" id="org.eclipse.swt.examples.nl_ru" unpack="false" version="3.5.0.v20090620043401" download-size="7466" install-size="7466" />
	<plugin fragment="true" id="org.eclipse.swt.examples.ole.win32.nl_ru" unpack="false" version="3.5.0.v20090620043401" download-size="1519" install-size="1519" />
	<plugin fragment="true" id="org.eclipse.swt.examples.paint.nl_ru" unpack="false" version="3.5.0.v20090620043401" download-size="1372" install-size="1372" />
	<plugin fragment="true" id="org.eclipse.swt.nl_ru" unpack="false" version="3.5.0.v20090620043401" download-size="2539" install-size="2539" />
	<plugin fragment="true" id="org.eclipse.swt.tests.nl_ru" unpack="false" version="3.5.0.v20090620043401" download-size="1396" install-size="1396" />
	<plugin fragment="true" id="org.eclipse.swt.tools.nl_ru" unpack="false" version="3.5.0.v20090620043401" download-size="1366" install-size="1366" />
	<plugin fragment="true" id="org.eclipse.team.core.nl_ru" unpack="false" version="3.5.0.v20090620043401" download-size="5109" install-size="5109" />
	<plugin fragment="true" id="org.eclipse.team.cvs.core.nl_ru" unpack="false" version="3.5.0.v20090620043401" download-size="9890" install-size="9890" />
	<plugin fragment="true" id="org.eclipse.team.cvs.ssh.nl_ru" unpack="false" version="3.5.0.v20090620043401" download-size="3360" install-size="3360" />
	<plugin fragment="true" id="org.eclipse.team.cvs.ssh2.nl_ru" unpack="false" version="3.5.0.v20090620043401" download-size="3833" install-size="3833" />
	<plugin fragment="true" id="org.eclipse.team.cvs.ui.nl_ru" unpack="false" version="3.5.0.v20090620043401" download-size="33188" install-size="33188" />
	<plugin fragment="true" id="org.eclipse.team.examples.filesystem.nl_ru" unpack="false" version="3.5.0.v20090620043401" download-size="2410" install-size="2410" />
	<plugin fragment="true" id="org.eclipse.team.tests.cvs.core.nl_ru" unpack="false" version="3.5.0.v20090620043401" download-size="1439" install-size="1439" />
	<plugin fragment="true" id="org.eclipse.team.ui.nl_ru" unpack="false" version="3.5.0.v20090620043401" download-size="14771" install-size="14771" />
	<plugin fragment="true" id="org.eclipse.text.nl_ru" unpack="false" version="3.5.0.v20090620043401" download-size="4168" install-size="4168" />
	<plugin fragment="true" id="org.eclipse.text.tests.nl_ru" unpack="false" version="3.5.0.v20090620043401" download-size="1371" install-size="1371" />
	<plugin fragment="true" id="org.eclipse.ui.browser.nl_ru" unpack="false" version="3.5.0.v20090620043401" download-size="4116" install-size="4116" />
	<plugin fragment="true" id="org.eclipse.ui.cheatsheets.nl_ru" unpack="false" version="3.5.0.v20090620043401" download-size="6604" install-size="6604" />
	<plugin fragment="true" id="org.eclipse.ui.console.nl_ru" unpack="false" version="3.5.0.v20090620043401" download-size="3766" install-size="3766" />
	<plugin fragment="true" id="org.eclipse.ui.editors.nl_ru" unpack="false" version="3.5.0.v20090620043401" download-size="14202" install-size="14202" />
	<plugin fragment="true" id="org.eclipse.ui.editors.tests.nl_ru" unpack="false" version="3.5.0.v20090620043401" download-size="1374" install-size="1374" />
	<plugin fragment="true" id="org.eclipse.ui.examples.contributions.nl_ru" unpack="false" version="3.5.0.v20090620043401" download-size="2535" install-size="2535" />
	<plugin fragment="true" id="org.eclipse.ui.examples.fieldassist.nl_ru" unpack="false" version="3.5.0.v20090620043401" download-size="2361" install-size="2361" />
	<plugin fragment="true" id="org.eclipse.ui.examples.javaeditor.nl_ru" unpack="false" version="3.5.0.v20090620043401" download-size="2473" install-size="2473" />
	<plugin fragment="true" id="org.eclipse.ui.examples.multipageeditor.nl_ru" unpack="false" version="3.5.0.v20090620043401" download-size="2419" install-size="2419" />
	<plugin fragment="true" id="org.eclipse.ui.examples.propertysheet.nl_ru" unpack="false" version="3.5.0.v20090620043401" download-size="2474" install-size="2474" />
	<plugin fragment="true" id="org.eclipse.ui.examples.readmetool.nl_ru" unpack="false" version="3.5.0.v20090620043401" download-size="2395" install-size="2395" />
	<plugin fragment="true" id="org.eclipse.ui.examples.undo.nl_ru" unpack="false" version="3.5.0.v20090620043401" download-size="2241" install-size="2241" />
	<plugin fragment="true" id="org.eclipse.ui.examples.views.properties.tabbed.article.nl_ru" unpack="false" version="3.5.0.v20090620043401" download-size="1498" install-size="1498" />
	<plugin fragment="true" id="org.eclipse.ui.externaltools.nl_ru" unpack="false" version="3.5.0.v20090620043401" download-size="10359" install-size="10359" />
	<plugin fragment="true" id="org.eclipse.ui.forms.nl_ru" unpack="false" version="3.5.0.v20090620043401" download-size="2311" install-size="2311" />
	<plugin fragment="true" id="org.eclipse.ui.ide.application.nl_ru" unpack="false" version="3.5.0.v20090620043401" download-size="1556" install-size="1556" />
	<plugin fragment="true" id="org.eclipse.ui.ide.nl_ru" unpack="false" version="3.5.0.v20090620043401" download-size="36092" install-size="36092" />
	<plugin fragment="true" id="org.eclipse.ui.intro.nl_ru" unpack="false" version="3.5.0.v20090620043401" download-size="4116" install-size="4116" />
	<plugin fragment="true" id="org.eclipse.ui.intro.universal.nl_ru" unpack="false" version="3.5.0.v20090620043401" download-size="6288" install-size="6288" />
	<plugin fragment="true" id="org.eclipse.ui.navigator.nl_ru" unpack="false" version="3.5.0.v20090620043401" download-size="4310" install-size="4310" />
	<plugin fragment="true" id="org.eclipse.ui.navigator.resources.nl_ru" unpack="false" version="3.5.0.v20090620043401" download-size="3868" install-size="3868" />
	<plugin fragment="true" id="org.eclipse.ui.net.nl_ru" unpack="false" version="3.5.0.v20090620043401" download-size="2461" install-size="2461" />
	<plugin fragment="true" id="org.eclipse.ui.nl_ru" unpack="false" version="3.5.0.v20090620043401" download-size="6268" install-size="6268" />
	<plugin fragment="true" id="org.eclipse.ui.presentations.r21.nl_ru" unpack="false" version="3.5.0.v20090620043401" download-size="2610" install-size="2610" />
	<plugin fragment="true" id="org.eclipse.ui.tests.views.properties.tabbed.nl_ru" unpack="false" version="3.5.0.v20090620043401" download-size="1450" install-size="1450" />
	<plugin fragment="true" id="org.eclipse.ui.views.log.nl_ru" unpack="false" version="3.5.0.v20090620043401" download-size="3062" install-size="3062" />
	<plugin fragment="true" id="org.eclipse.ui.views.nl_ru" unpack="false" version="3.5.0.v20090620043401" download-size="3347" install-size="3347" />
	<plugin fragment="true" id="org.eclipse.ui.views.properties.tabbed.nl_ru" unpack="false" version="3.5.0.v20090620043401" download-size="3213" install-size="3213" />
	<plugin fragment="true" id="org.eclipse.ui.workbench.nl_ru" unpack="false" version="3.5.0.v20090620043401" download-size="31438" install-size="31438" />
	<plugin fragment="true" id="org.eclipse.ui.workbench.texteditor.nl_ru" unpack="false" version="3.5.0.v20090620043401" download-size="13661" install-size="13661" />
	<plugin fragment="true" id="org.eclipse.ui.workbench.texteditor.tests.nl_ru" unpack="false" version="3.5.0.v20090620043401" download-size="1388" install-size="1388" />
	<plugin fragment="true" id="org.eclipse.update.configurator.nl_ru" unpack="false" version="3.5.0.v20090620043401" download-size="3900" install-size="3900" />
	<plugin fragment="true" id="org.eclipse.update.core.nl_ru" unpack="false" version="3.5.0.v20090620043401" download-size="10909" install-size="10909" />
	<plugin fragment="true" id="org.eclipse.update.scheduler.nl_ru" unpack="false" version="3.5.0.v20090620043401" download-size="3113" install-size="3113" />
	<plugin fragment="true" id="org.eclipse.update.tests.core.nl_ru" unpack="false" version="3.5.0.v20090620043401" download-size="1371" install-size="1371" />
	<plugin fragment="true" id="org.eclipse.update.ui.nl_ru" unpack="false" version="3.5.0.v20090620043401" download-size="11901" install-size="11901" />
	<plugin fragment="true" id="org.junit4.nl_ru" unpack="false" version="3.5.0.v20090620043401" download-size="1395" install-size="1395" />
	<plugin fragment="true" id="security.a.nl_ru" unpack="false" version="3.5.0.v20090620043401" download-size="1396" install-size="1396" />
</feature>