<?xml version="1.0" encoding="UTF-8" ?>
<feature
	id="org.eclipse.babel.nls_modeling.emft_pt_BR"
	label="Babel Language Pack for modeling.emft in Portuguese (Brazilian) (51.84%)"
	image="eclipse_update_120.jpg"
	provider-name="%providerName"
	version="3.5.0.v20090620043401">
	<copyright>
		%copyright
	</copyright>
	<license url="%licenseURL">
		%license
	</license>
	<description>Babel Language Pack for modeling.emft in Portuguese (Brazilian)</description>
	<plugin fragment="true" id="org.eclipse.emf.compare.diff.edit.nl_pt_BR" unpack="false" version="3.5.0.v20090620043401" download-size="2593" install-size="2593" />
	<plugin fragment="true" id="org.eclipse.emf.compare.diff.nl_pt_BR" unpack="false" version="3.5.0.v20090620043401" download-size="2528" install-size="2528" />
	<plugin fragment="true" id="org.eclipse.emf.compare.epatch.nl_pt_BR" unpack="false" version="3.5.0.v20090620043401" download-size="1393" install-size="1393" />
	<plugin fragment="true" id="org.eclipse.emf.compare.match.nl_pt_BR" unpack="false" version="3.5.0.v20090620043401" download-size="1725" install-size="1725" />
	<plugin fragment="true" id="org.eclipse.emf.compare.nl_pt_BR" unpack="false" version="3.5.0.v20090620043401" download-size="1388" install-size="1388" />
	<plugin fragment="true" id="org.eclipse.emf.compare.tests.nl_pt_BR" unpack="false" version="3.5.0.v20090620043401" download-size="1391" install-size="1391" />
	<plugin fragment="true" id="org.eclipse.emf.compare.ui.nl_pt_BR" unpack="false" version="3.5.0.v20090620043401" download-size="3710" install-size="3710" />
	<plugin fragment="true" id="org.eclipse.emf.mwe.activities.nl_pt_BR" unpack="false" version="3.5.0.v20090620043401" download-size="1393" install-size="1393" />
	<plugin fragment="true" id="org.eclipse.emf.mwe.core.nl_pt_BR" unpack="false" version="3.5.0.v20090620043401" download-size="1615" install-size="1615" />
	<plugin fragment="true" id="org.eclipse.emf.mwe.doc.nl_pt_BR" unpack="false" version="3.5.0.v20090620043401" download-size="1654" install-size="1654" />
	<plugin fragment="true" id="org.eclipse.emf.mwe.examples.nl_pt_BR" unpack="false" version="3.5.0.v20090620043401" download-size="1392" install-size="1392" />
	<plugin fragment="true" id="org.eclipse.emf.mwe.tests.nl_pt_BR" unpack="false" version="3.5.0.v20090620043401" download-size="1609" install-size="1609" />
	<plugin fragment="true" id="org.eclipse.emf.mwe.ui.editor.nl_pt_BR" unpack="false" version="3.5.0.v20090620043401" download-size="2593" install-size="2593" />
	<plugin fragment="true" id="org.eclipse.emf.mwe.ui.nl_pt_BR" unpack="false" version="3.5.0.v20090620043401" download-size="2450" install-size="2450" />
	<plugin fragment="true" id="org.eclipse.emf.mwe.ui.simpleEditor.nl_pt_BR" unpack="false" version="3.5.0.v20090620043401" download-size="1395" install-size="1395" />
	<plugin fragment="true" id="org.eclipse.emf.mwe.utils.nl_pt_BR" unpack="false" version="3.5.0.v20090620043401" download-size="1389" install-size="1389" />
</feature>