<?xml version="1.0" encoding="UTF-8" ?>
<feature
	id="org.eclipse.babel.nls_technology.actf_fi"
	label="Babel Language Pack for technology.actf in Finnish (6.71%)"
	image="eclipse_update_120.jpg"
	provider-name="%providerName"
	version="3.5.0.v20090620043401">
	<copyright>
		%copyright
	</copyright>
	<license url="%licenseURL">
		%license
	</license>
	<description>Babel Language Pack for technology.actf in Finnish</description>
	<plugin fragment="true" id="org.eclipse.actf.core.nl_fi" unpack="false" version="3.5.0.v20090620043401" download-size="1604" install-size="1604" />
	<plugin fragment="true" id="org.eclipse.actf.model.flash.proxy.nl_fi" unpack="false" version="3.5.0.v20090620043401" download-size="1893" install-size="1893" />
	<plugin fragment="true" id="org.eclipse.actf.model.ui.nl_fi" unpack="false" version="3.5.0.v20090620043401" download-size="1528" install-size="1528" />
	<plugin fragment="true" id="org.eclipse.actf.ui.nl_fi" unpack="false" version="3.5.0.v20090620043401" download-size="1715" install-size="1715" />
	<plugin fragment="true" id="org.eclipse.actf.util.vocab.nl_fi" unpack="false" version="3.5.0.v20090620043401" download-size="1396" install-size="1396" />
	<plugin fragment="true" id="org.eclipse.actf.visualization.doc.isv.nl_fi" unpack="false" version="3.5.0.v20090620043401" download-size="1378" install-size="1378" />
	<plugin fragment="true" id="org.eclipse.actf.visualization.engines.blind.html.nl_fi" unpack="false" version="3.5.0.v20090620043401" download-size="1413" install-size="1413" />
	<plugin fragment="true" id="org.eclipse.actf.visualization.engines.blind.nl_fi" unpack="false" version="3.5.0.v20090620043401" download-size="1683" install-size="1683" />
	<plugin fragment="true" id="org.eclipse.actf.visualization.eval.nl_fi" unpack="false" version="3.5.0.v20090620043401" download-size="1900" install-size="1900" />
	<plugin fragment="true" id="org.eclipse.actf.visualization.gui.nl_fi" unpack="false" version="3.5.0.v20090620043401" download-size="1872" install-size="1872" />
	<plugin fragment="true" id="org.eclipse.actf.visualization.presentation.nl_fi" unpack="false" version="3.5.0.v20090620043401" download-size="1382" install-size="1382" />
	<plugin fragment="true" id="org.eclipse.actf.visualization.ui.report.nl_fi" unpack="false" version="3.5.0.v20090620043401" download-size="1448" install-size="1448" />
</feature>