<?xml version="1.0" encoding="UTF-8" ?>
<feature
	id="org.eclipse.babel.nls_webtools.webservices_pt_BR"
	label="Babel Language Pack for webtools.webservices in Portuguese (Brazilian) (89.12%)"
	image="eclipse_update_120.jpg"
	provider-name="%providerName"
	version="3.5.0.v20090620043401">
	<copyright>
		%copyright
	</copyright>
	<license url="%licenseURL">
		%license
	</license>
	<description>Babel Language Pack for webtools.webservices in Portuguese (Brazilian)</description>
	<plugin fragment="true" id="org.eclipse.jst.ws.axis.consumption.core.nl_pt_BR" unpack="false" version="3.5.0.v20090620043401" download-size="4352" install-size="4352" />
	<plugin fragment="true" id="org.eclipse.jst.ws.axis.consumption.ui.nl_pt_BR" unpack="false" version="3.5.0.v20090620043401" download-size="4576" install-size="4576" />
	<plugin fragment="true" id="org.eclipse.jst.ws.axis.creation.ui.nl_pt_BR" unpack="false" version="3.5.0.v20090620043401" download-size="4069" install-size="4069" />
	<plugin fragment="true" id="org.eclipse.jst.ws.axis2.consumption.core.nl_pt_BR" unpack="false" version="3.5.0.v20090620043401" download-size="2846" install-size="2846" />
	<plugin fragment="true" id="org.eclipse.jst.ws.axis2.consumption.ui.nl_pt_BR" unpack="false" version="3.5.0.v20090620043401" download-size="1450" install-size="1450" />
	<plugin fragment="true" id="org.eclipse.jst.ws.axis2.core.nl_pt_BR" unpack="false" version="3.5.0.v20090620043401" download-size="2712" install-size="2712" />
	<plugin fragment="true" id="org.eclipse.jst.ws.axis2.creation.core.nl_pt_BR" unpack="false" version="3.5.0.v20090620043401" download-size="2815" install-size="2815" />
	<plugin fragment="true" id="org.eclipse.jst.ws.axis2.creation.ui.nl_pt_BR" unpack="false" version="3.5.0.v20090620043401" download-size="1404" install-size="1404" />
	<plugin fragment="true" id="org.eclipse.jst.ws.axis2.ui.doc.user.nl_pt_BR" unpack="false" version="3.5.0.v20090620043401" download-size="1400" install-size="1400" />
	<plugin fragment="true" id="org.eclipse.jst.ws.axis2.ui.nl_pt_BR" unpack="false" version="3.5.0.v20090620043401" download-size="1396" install-size="1396" />
	<plugin fragment="true" id="org.eclipse.jst.ws.consumption.nl_pt_BR" unpack="false" version="3.5.0.v20090620043401" download-size="4901" install-size="4901" />
	<plugin fragment="true" id="org.eclipse.jst.ws.consumption.ui.nl_pt_BR" unpack="false" version="3.5.0.v20090620043401" download-size="10499" install-size="10499" />
	<plugin fragment="true" id="org.eclipse.jst.ws.creation.ejb.ui.nl_pt_BR" unpack="false" version="3.5.0.v20090620043401" download-size="1539" install-size="1539" />
	<plugin fragment="true" id="org.eclipse.jst.ws.creation.ui.nl_pt_BR" unpack="false" version="3.5.0.v20090620043401" download-size="3080" install-size="3080" />
	<plugin fragment="true" id="org.eclipse.jst.ws.nl_pt_BR" unpack="false" version="3.5.0.v20090620043401" download-size="3689" install-size="3689" />
	<plugin fragment="true" id="org.eclipse.jst.ws.uddiregistry.nl_pt_BR" unpack="false" version="3.5.0.v20090620043401" download-size="2864" install-size="2864" />
	<plugin fragment="true" id="org.eclipse.jst.ws.ui.nl_pt_BR" unpack="false" version="3.5.0.v20090620043401" download-size="3699" install-size="3699" />
	<plugin fragment="true" id="org.eclipse.wst.command.env.core.nl_pt_BR" unpack="false" version="3.5.0.v20090620043401" download-size="2727" install-size="2727" />
	<plugin fragment="true" id="org.eclipse.wst.command.env.nl_pt_BR" unpack="false" version="3.5.0.v20090620043401" download-size="5040" install-size="5040" />
	<plugin fragment="true" id="org.eclipse.wst.command.env.ui.nl_pt_BR" unpack="false" version="3.5.0.v20090620043401" download-size="3315" install-size="3315" />
	<plugin fragment="true" id="org.eclipse.wst.ws.explorer.nl_pt_BR" unpack="false" version="3.5.0.v20090620043401" download-size="17512" install-size="17512" />
	<plugin fragment="true" id="org.eclipse.wst.ws.nl_pt_BR" unpack="false" version="3.5.0.v20090620043401" download-size="2823" install-size="2823" />
	<plugin fragment="true" id="org.eclipse.wst.ws.parser.nl_pt_BR" unpack="false" version="3.5.0.v20090620043401" download-size="3326" install-size="3326" />
	<plugin fragment="true" id="org.eclipse.wst.ws.service.policy.nl_pt_BR" unpack="false" version="3.5.0.v20090620043401" download-size="1519" install-size="1519" />
	<plugin fragment="true" id="org.eclipse.wst.ws.service.policy.ui.nl_pt_BR" unpack="false" version="3.5.0.v20090620043401" download-size="2934" install-size="2934" />
	<plugin fragment="true" id="org.eclipse.wst.ws.ui.nl_pt_BR" unpack="false" version="3.5.0.v20090620043401" download-size="3153" install-size="3153" />
	<plugin fragment="true" id="org.eclipse.wst.wsdl.nl_pt_BR" unpack="false" version="3.5.0.v20090620043401" download-size="1386" install-size="1386" />
	<plugin fragment="true" id="org.eclipse.wst.wsdl.ui.nl_pt_BR" unpack="false" version="3.5.0.v20090620043401" download-size="6274" install-size="6274" />
	<plugin fragment="true" id="org.eclipse.wst.wsdl.validation.nl_pt_BR" unpack="false" version="3.5.0.v20090620043401" download-size="7990" install-size="7990" />
	<plugin fragment="true" id="org.eclipse.wst.wsi.nl_pt_BR" unpack="false" version="3.5.0.v20090620043401" download-size="5938" install-size="5938" />
	<plugin fragment="true" id="org.eclipse.wst.wsi.ui.nl_pt_BR" unpack="false" version="3.5.0.v20090620043401" download-size="3996" install-size="3996" />
</feature>