<?xml version="1.0" encoding="UTF-8" ?>
<feature
	id="org.eclipse.babel.nls_webtools.ejbtools_ru"
	label="Babel Language Pack for webtools.ejbtools in Russian (96.28%)"
	image="eclipse_update_120.jpg"
	provider-name="%providerName"
	version="3.5.0.v20090620043401">
	<copyright>
		%copyright
	</copyright>
	<license url="%licenseURL">
		%license
	</license>
	<description>Babel Language Pack for webtools.ejbtools in Russian</description>
	<plugin fragment="true" id="org.eclipse.jst.ejb.doc.user.nl_ru" unpack="false" version="3.5.0.v20090620043401" download-size="1406" install-size="1406" />
	<plugin fragment="true" id="org.eclipse.jst.ejb.ui.infopop.nl_ru" unpack="false" version="3.5.0.v20090620043401" download-size="1373" install-size="1373" />
	<plugin fragment="true" id="org.eclipse.jst.ejb.ui.nl_ru" unpack="false" version="3.5.0.v20090620043401" download-size="4384" install-size="4384" />
	<plugin fragment="true" id="org.eclipse.jst.j2ee.ejb.annotation.model.nl_ru" unpack="false" version="3.5.0.v20090620043401" download-size="4141" install-size="4141" />
	<plugin fragment="true" id="org.eclipse.jst.j2ee.ejb.annotations.emitter.nl_ru" unpack="false" version="3.5.0.v20090620043401" download-size="1383" install-size="1383" />
	<plugin fragment="true" id="org.eclipse.jst.j2ee.ejb.annotations.ui.nl_ru" unpack="false" version="3.5.0.v20090620043401" download-size="4093" install-size="4093" />
	<plugin fragment="true" id="org.eclipse.jst.j2ee.ejb.annotations.xdoclet.nl_ru" unpack="false" version="3.5.0.v20090620043401" download-size="3759" install-size="3759" />
	<plugin fragment="true" id="org.eclipse.jst.j2ee.ejb.nl_ru" unpack="false" version="3.5.0.v20090620043401" download-size="30689" install-size="30689" />
	<plugin fragment="true" id="org.eclipse.jst.jee.ejb.nl_ru" unpack="false" version="3.5.0.v20090620043401" download-size="1372" install-size="1372" />
</feature>