<?xml version="1.0" encoding="UTF-8" ?>
<feature
	id="org.eclipse.babel.nls_eclipse_uk"
	label="Babel Language Pack for eclipse in Ukrainian (14.92%)"
	image="eclipse_update_120.jpg"
	provider-name="%providerName"
	version="3.5.0.v20090620043401">
	<copyright>
		%copyright
	</copyright>
	<license url="%licenseURL">
		%license
	</license>
	<description>Babel Language Pack for eclipse in Ukrainian</description>
	<plugin fragment="true" id="org.eclipse.ant.core.nl_uk" unpack="false" version="3.5.0.v20090620043401" download-size="1349" install-size="1349" />
	<plugin fragment="true" id="org.eclipse.ant.tests.core.nl_uk" unpack="false" version="3.5.0.v20090620043401" download-size="1429" install-size="1429" />
	<plugin fragment="true" id="org.eclipse.ant.tests.ui.nl_uk" unpack="false" version="3.5.0.v20090620043401" download-size="1452" install-size="1452" />
	<plugin fragment="true" id="org.eclipse.ant.ui.nl_uk" unpack="false" version="3.5.0.v20090620043401" download-size="9876" install-size="9876" />
	<plugin fragment="true" id="org.eclipse.compare.core.nl_uk" unpack="false" version="3.5.0.v20090620043401" download-size="1352" install-size="1352" />
	<plugin fragment="true" id="org.eclipse.compare.examples.nl_uk" unpack="false" version="3.5.0.v20090620043401" download-size="1423" install-size="1423" />
	<plugin fragment="true" id="org.eclipse.compare.examples.xml.nl_uk" unpack="false" version="3.5.0.v20090620043401" download-size="2437" install-size="2437" />
	<plugin fragment="true" id="org.eclipse.compare.nl_uk" unpack="false" version="3.5.0.v20090620043401" download-size="5990" install-size="5990" />
	<plugin fragment="true" id="org.eclipse.compare.tests.nl_uk" unpack="false" version="3.5.0.v20090620043401" download-size="1651" install-size="1651" />
	<plugin fragment="true" id="org.eclipse.compare.win32.nl_uk" unpack="false" version="3.5.0.v20090620043401" download-size="2276" install-size="2276" />
	<plugin fragment="true" id="org.eclipse.core.boot.nl_uk" unpack="false" version="3.5.0.v20090620043401" download-size="1435" install-size="1435" />
	<plugin fragment="true" id="org.eclipse.core.commands.nl_uk" unpack="false" version="3.5.0.v20090620043401" download-size="1400" install-size="1400" />
	<plugin fragment="true" id="org.eclipse.core.contenttype.nl_uk" unpack="false" version="3.5.0.v20090620043401" download-size="2859" install-size="2859" />
	<plugin fragment="true" id="org.eclipse.core.databinding.beans.nl_uk" unpack="false" version="3.5.0.v20090620043401" download-size="1443" install-size="1443" />
	<plugin fragment="true" id="org.eclipse.core.databinding.nl_uk" unpack="false" version="3.5.0.v20090620043401" download-size="2933" install-size="2933" />
	<plugin fragment="true" id="org.eclipse.core.databinding.observable.nl_uk" unpack="false" version="3.5.0.v20090620043401" download-size="1379" install-size="1379" />
	<plugin fragment="true" id="org.eclipse.core.databinding.property.nl_uk" unpack="false" version="3.5.0.v20090620043401" download-size="1431" install-size="1431" />
	<plugin fragment="true" id="org.eclipse.core.expressions.nl_uk" unpack="false" version="3.5.0.v20090620043401" download-size="3268" install-size="3268" />
	<plugin fragment="true" id="org.eclipse.core.expressions.tests.nl_uk" unpack="false" version="3.5.0.v20090620043401" download-size="1375" install-size="1375" />
	<plugin fragment="true" id="org.eclipse.core.filebuffers.nl_uk" unpack="false" version="3.5.0.v20090620043401" download-size="3334" install-size="3334" />
	<plugin fragment="true" id="org.eclipse.core.filebuffers.tests.nl_uk" unpack="false" version="3.5.0.v20090620043401" download-size="1453" install-size="1453" />
	<plugin fragment="true" id="org.eclipse.core.filesystem.nl_uk" unpack="false" version="3.5.0.v20090620043401" download-size="3211" install-size="3211" />
	<plugin fragment="true" id="org.eclipse.core.jobs.nl_uk" unpack="false" version="3.5.0.v20090620043401" download-size="2551" install-size="2551" />
	<plugin fragment="true" id="org.eclipse.core.net.linux.x86.nl_uk" unpack="false" version="3.5.0.v20090620043401" download-size="1428" install-size="1428" />
	<plugin fragment="true" id="org.eclipse.core.net.nl_uk" unpack="false" version="3.5.0.v20090620043401" download-size="1440" install-size="1440" />
	<plugin fragment="true" id="org.eclipse.core.net.win32.x86.nl_uk" unpack="false" version="3.5.0.v20090620043401" download-size="1430" install-size="1430" />
	<plugin fragment="true" id="org.eclipse.core.resources.nl_uk" unpack="false" version="3.5.0.v20090620043401" download-size="4408" install-size="4408" />
	<plugin fragment="true" id="org.eclipse.core.runtime.compatibility.auth.nl_uk" unpack="false" version="3.5.0.v20090620043401" download-size="2883" install-size="2883" />
	<plugin fragment="true" id="org.eclipse.core.runtime.compatibility.nl_uk" unpack="false" version="3.5.0.v20090620043401" download-size="2601" install-size="2601" />
	<plugin fragment="true" id="org.eclipse.core.runtime.nl_uk" unpack="false" version="3.5.0.v20090620043401" download-size="4335" install-size="4335" />
	<plugin fragment="true" id="org.eclipse.core.variables.nl_uk" unpack="false" version="3.5.0.v20090620043401" download-size="2719" install-size="2719" />
	<plugin fragment="true" id="org.eclipse.cvs.nl_uk" unpack="false" version="3.5.0.v20090620043401" download-size="1406" install-size="1406" />
	<plugin fragment="true" id="org.eclipse.debug.core.nl_uk" unpack="false" version="3.5.0.v20090620043401" download-size="2908" install-size="2908" />
	<plugin fragment="true" id="org.eclipse.debug.examples.ui.nl_uk" unpack="false" version="3.5.0.v20090620043401" download-size="2441" install-size="2441" />
	<plugin fragment="true" id="org.eclipse.debug.ui.nl_uk" unpack="false" version="3.5.0.v20090620043401" download-size="11847" install-size="11847" />
	<plugin fragment="true" id="org.eclipse.equinox.app.nl_uk" unpack="false" version="3.5.0.v20090620043401" download-size="3080" install-size="3080" />
	<plugin fragment="true" id="org.eclipse.equinox.cm.nl_uk" unpack="false" version="3.5.0.v20090620043401" download-size="1432" install-size="1432" />
	<plugin fragment="true" id="org.eclipse.equinox.common.nl_uk" unpack="false" version="3.5.0.v20090620043401" download-size="3606" install-size="3606" />
	<plugin fragment="true" id="org.eclipse.equinox.concurrent.nl_uk" unpack="false" version="3.5.0.v20090620043401" download-size="1425" install-size="1425" />
	<plugin fragment="true" id="org.eclipse.equinox.device.nl_uk" unpack="false" version="3.5.0.v20090620043401" download-size="1468" install-size="1468" />
	<plugin fragment="true" id="org.eclipse.equinox.ds.nl_uk" unpack="false" version="3.5.0.v20090620043401" download-size="1422" install-size="1422" />
	<plugin fragment="true" id="org.eclipse.equinox.event.nl_uk" unpack="false" version="3.5.0.v20090620043401" download-size="1447" install-size="1447" />
	<plugin fragment="true" id="org.eclipse.equinox.http.jetty5.nl_uk" unpack="false" version="3.5.0.v20090620043401" download-size="1374" install-size="1374" />
	<plugin fragment="true" id="org.eclipse.equinox.http.jetty6.nl_uk" unpack="false" version="3.5.0.v20090620043401" download-size="1374" install-size="1374" />
	<plugin fragment="true" id="org.eclipse.equinox.http.nl_uk" unpack="false" version="3.5.0.v20090620043401" download-size="2252" install-size="2252" />
	<plugin fragment="true" id="org.eclipse.equinox.http.registry.nl_uk" unpack="false" version="3.5.0.v20090620043401" download-size="1375" install-size="1375" />
	<plugin fragment="true" id="org.eclipse.equinox.http.servlet.nl_uk" unpack="false" version="3.5.0.v20090620043401" download-size="1425" install-size="1425" />
	<plugin fragment="true" id="org.eclipse.equinox.http.servletbridge.nl_uk" unpack="false" version="3.5.0.v20090620043401" download-size="1448" install-size="1448" />
	<plugin fragment="true" id="org.eclipse.equinox.io.nl_uk" unpack="false" version="3.5.0.v20090620043401" download-size="1435" install-size="1435" />
	<plugin fragment="true" id="org.eclipse.equinox.ip.nl_uk" unpack="false" version="3.5.0.v20090620043401" download-size="1422" install-size="1422" />
	<plugin fragment="true" id="org.eclipse.equinox.jsp.jasper.nl_uk" unpack="false" version="3.5.0.v20090620043401" download-size="1435" install-size="1435" />
	<plugin fragment="true" id="org.eclipse.equinox.jsp.jasper.registry.nl_uk" unpack="false" version="3.5.0.v20090620043401" download-size="1453" install-size="1453" />
	<plugin fragment="true" id="org.eclipse.equinox.launcher.carbon.macosx.nl_uk" unpack="false" version="3.5.0.v20090620043401" download-size="1499" install-size="1499" />
	<plugin fragment="true" id="org.eclipse.equinox.launcher.cocoa.macosx.nl_uk" unpack="false" version="3.5.0.v20090620043401" download-size="1495" install-size="1495" />
	<plugin fragment="true" id="org.eclipse.equinox.launcher.gtk.linux.ppc.nl_uk" unpack="false" version="3.5.0.v20090620043401" download-size="1495" install-size="1495" />
	<plugin fragment="true" id="org.eclipse.equinox.launcher.gtk.linux.s390.nl_uk" unpack="false" version="3.5.0.v20090620043401" download-size="1498" install-size="1498" />
	<plugin fragment="true" id="org.eclipse.equinox.launcher.gtk.linux.s390x.nl_uk" unpack="false" version="3.5.0.v20090620043401" download-size="1501" install-size="1501" />
	<plugin fragment="true" id="org.eclipse.equinox.launcher.gtk.linux.x86.nl_uk" unpack="false" version="3.5.0.v20090620043401" download-size="1495" install-size="1495" />
	<plugin fragment="true" id="org.eclipse.equinox.launcher.gtk.solaris.sparc.nl_uk" unpack="false" version="3.5.0.v20090620043401" download-size="1503" install-size="1503" />
	<plugin fragment="true" id="org.eclipse.equinox.launcher.gtk.solaris.x86.nl_uk" unpack="false" version="3.5.0.v20090620043401" download-size="1506" install-size="1506" />
	<plugin fragment="true" id="org.eclipse.equinox.launcher.motif.aix.ppc.nl_uk" unpack="false" version="3.5.0.v20090620043401" download-size="1496" install-size="1496" />
	<plugin fragment="true" id="org.eclipse.equinox.launcher.motif.linux.x86.nl_uk" unpack="false" version="3.5.0.v20090620043401" download-size="1504" install-size="1504" />
	<plugin fragment="true" id="org.eclipse.equinox.launcher.motif.solaris.sparc.nl_uk" unpack="false" version="3.5.0.v20090620043401" download-size="1516" install-size="1516" />
	<plugin fragment="true" id="org.eclipse.equinox.launcher.nl_uk" unpack="false" version="3.5.0.v20090620043401" download-size="1430" install-size="1430" />
	<plugin fragment="true" id="org.eclipse.equinox.launcher.win32.win32.ia64.nl_uk" unpack="false" version="3.5.0.v20090620043401" download-size="1503" install-size="1503" />
	<plugin fragment="true" id="org.eclipse.equinox.launcher.win32.win32.x86.nl_uk" unpack="false" version="3.5.0.v20090620043401" download-size="1498" install-size="1498" />
	<plugin fragment="true" id="org.eclipse.equinox.launcher.wpf.win32.x86.nl_uk" unpack="false" version="3.5.0.v20090620043401" download-size="1500" install-size="1500" />
	<plugin fragment="true" id="org.eclipse.equinox.log.nl_uk" unpack="false" version="3.5.0.v20090620043401" download-size="1428" install-size="1428" />
	<plugin fragment="true" id="org.eclipse.equinox.metatype.nl_uk" unpack="false" version="3.5.0.v20090620043401" download-size="1430" install-size="1430" />
	<plugin fragment="true" id="org.eclipse.equinox.preferences.nl_uk" unpack="false" version="3.5.0.v20090620043401" download-size="3394" install-size="3394" />
	<plugin fragment="true" id="org.eclipse.equinox.registry.nl_uk" unpack="false" version="3.5.0.v20090620043401" download-size="4076" install-size="4076" />
	<plugin fragment="true" id="org.eclipse.equinox.security.nl_uk" unpack="false" version="3.5.0.v20090620043401" download-size="2667" install-size="2667" />
	<plugin fragment="true" id="org.eclipse.equinox.security.ui.nl_uk" unpack="false" version="3.5.0.v20090620043401" download-size="3520" install-size="3520" />
	<plugin fragment="true" id="org.eclipse.equinox.servletbridge.nl_uk" unpack="false" version="3.5.0.v20090620043401" download-size="1394" install-size="1394" />
	<plugin fragment="true" id="org.eclipse.equinox.transforms.xslt.nl_uk" unpack="false" version="3.5.0.v20090620043401" download-size="1446" install-size="1446" />
	<plugin fragment="true" id="org.eclipse.equinox.useradmin.nl_uk" unpack="false" version="3.5.0.v20090620043401" download-size="1372" install-size="1372" />
	<plugin fragment="true" id="org.eclipse.equinox.util.nl_uk" unpack="false" version="3.5.0.v20090620043401" download-size="1435" install-size="1435" />
	<plugin fragment="true" id="org.eclipse.equinox.wireadmin.nl_uk" unpack="false" version="3.5.0.v20090620043401" download-size="1373" install-size="1373" />
	<plugin fragment="true" id="org.eclipse.help.appserver.nl_uk" unpack="false" version="3.5.0.v20090620043401" download-size="2689" install-size="2689" />
	<plugin fragment="true" id="org.eclipse.help.base.nl_uk" unpack="false" version="3.5.0.v20090620043401" download-size="2706" install-size="2706" />
	<plugin fragment="true" id="org.eclipse.help.nl_uk" unpack="false" version="3.5.0.v20090620043401" download-size="1559" install-size="1559" />
	<plugin fragment="true" id="org.eclipse.help.ui.nl_uk" unpack="false" version="3.5.0.v20090620043401" download-size="2949" install-size="2949" />
	<plugin fragment="true" id="org.eclipse.help.webapp.nl_uk" unpack="false" version="3.5.0.v20090620043401" download-size="2753" install-size="2753" />
	<plugin fragment="true" id="org.eclipse.jdt.apt.core.nl_uk" unpack="false" version="3.5.0.v20090620043401" download-size="1369" install-size="1369" />
	<plugin fragment="true" id="org.eclipse.jdt.apt.pluggable.core.nl_uk" unpack="false" version="3.5.0.v20090620043401" download-size="1376" install-size="1376" />
	<plugin fragment="true" id="org.eclipse.jdt.apt.pluggable.tests.nl_uk" unpack="false" version="3.5.0.v20090620043401" download-size="1440" install-size="1440" />
	<plugin fragment="true" id="org.eclipse.jdt.apt.tests.nl_uk" unpack="false" version="3.5.0.v20090620043401" download-size="1434" install-size="1434" />
	<plugin fragment="true" id="org.eclipse.jdt.apt.ui.nl_uk" unpack="false" version="3.5.0.v20090620043401" download-size="2666" install-size="2666" />
	<plugin fragment="true" id="org.eclipse.jdt.compiler.apt.tests.nl_uk" unpack="false" version="3.5.0.v20090620043401" download-size="1439" install-size="1439" />
	<plugin fragment="true" id="org.eclipse.jdt.compiler.tool.tests.nl_uk" unpack="false" version="3.5.0.v20090620043401" download-size="1451" install-size="1451" />
	<plugin fragment="true" id="org.eclipse.jdt.core.manipulation.nl_uk" unpack="false" version="3.5.0.v20090620043401" download-size="2582" install-size="2582" />
	<plugin fragment="true" id="org.eclipse.jdt.core.nl_uk" unpack="false" version="3.5.0.v20090620043401" download-size="4549" install-size="4549" />
	<plugin fragment="true" id="org.eclipse.jdt.core.tests.builder.nl_uk" unpack="false" version="3.5.0.v20090620043401" download-size="1428" install-size="1428" />
	<plugin fragment="true" id="org.eclipse.jdt.core.tests.compiler.nl_uk" unpack="false" version="3.5.0.v20090620043401" download-size="1434" install-size="1434" />
	<plugin fragment="true" id="org.eclipse.jdt.core.tests.model.nl_uk" unpack="false" version="3.5.0.v20090620043401" download-size="2892" install-size="2892" />
	<plugin fragment="true" id="org.eclipse.jdt.core.tests.performance.nl_uk" unpack="false" version="3.5.0.v20090620043401" download-size="1446" install-size="1446" />
	<plugin fragment="true" id="org.eclipse.jdt.debug.nl_uk" unpack="false" version="3.5.0.v20090620043401" download-size="4339" install-size="4339" />
	<plugin fragment="true" id="org.eclipse.jdt.debug.tests.nl_uk" unpack="false" version="3.5.0.v20090620043401" download-size="1442" install-size="1442" />
	<plugin fragment="true" id="org.eclipse.jdt.debug.ui.nl_uk" unpack="false" version="3.5.0.v20090620043401" download-size="7854" install-size="7854" />
	<plugin fragment="true" id="org.eclipse.jdt.doc.isv.nl_uk" unpack="false" version="3.5.0.v20090620043401" download-size="1444" install-size="1444" />
	<plugin fragment="true" id="org.eclipse.jdt.doc.user.nl_uk" unpack="false" version="3.5.0.v20090620043401" download-size="1454" install-size="1454" />
	<plugin fragment="true" id="org.eclipse.jdt.junit.nl_uk" unpack="false" version="3.5.0.v20090620043401" download-size="3461" install-size="3461" />
	<plugin fragment="true" id="org.eclipse.jdt.junit.runtime.nl_uk" unpack="false" version="3.5.0.v20090620043401" download-size="1488" install-size="1488" />
	<plugin fragment="true" id="org.eclipse.jdt.junit4.runtime.nl_uk" unpack="false" version="3.5.0.v20090620043401" download-size="1490" install-size="1490" />
	<plugin fragment="true" id="org.eclipse.jdt.launching.macosx.nl_uk" unpack="false" version="3.5.0.v20090620043401" download-size="1437" install-size="1437" />
	<plugin fragment="true" id="org.eclipse.jdt.launching.nl_uk" unpack="false" version="3.5.0.v20090620043401" download-size="2273" install-size="2273" />
	<plugin fragment="true" id="org.eclipse.jdt.launching.ui.macosx.nl_uk" unpack="false" version="3.5.0.v20090620043401" download-size="2508" install-size="2508" />
	<plugin fragment="true" id="org.eclipse.jdt.nl_uk" unpack="false" version="3.5.0.v20090620043401" download-size="1364" install-size="1364" />
	<plugin fragment="true" id="org.eclipse.jdt.text.tests.nl_uk" unpack="false" version="3.5.0.v20090620043401" download-size="1432" install-size="1432" />
	<plugin fragment="true" id="org.eclipse.jdt.ui.examples.projects.nl_uk" unpack="false" version="3.5.0.v20090620043401" download-size="2537" install-size="2537" />
	<plugin fragment="true" id="org.eclipse.jdt.ui.nl_uk" unpack="false" version="3.5.0.v20090620043401" download-size="29872" install-size="29872" />
	<plugin fragment="true" id="org.eclipse.jdt.ui.tests.nl_uk" unpack="false" version="3.5.0.v20090620043401" download-size="1374" install-size="1374" />
	<plugin fragment="true" id="org.eclipse.jdt.ui.tests.refactoring.nl_uk" unpack="false" version="3.5.0.v20090620043401" download-size="1450" install-size="1450" />
	<plugin fragment="true" id="org.eclipse.jface.databinding.nl_uk" unpack="false" version="3.5.0.v20090620043401" download-size="1444" install-size="1444" />
	<plugin fragment="true" id="org.eclipse.jface.examples.databinding.nl_uk" unpack="false" version="3.5.0.v20090620043401" download-size="1452" install-size="1452" />
	<plugin fragment="true" id="org.eclipse.jface.nl_uk" unpack="false" version="3.5.0.v20090620043401" download-size="8814" install-size="8814" />
	<plugin fragment="true" id="org.eclipse.jface.tests.databinding.conformance.nl_uk" unpack="false" version="3.5.0.v20090620043401" download-size="1475" install-size="1475" />
	<plugin fragment="true" id="org.eclipse.jface.tests.databinding.nl_uk" unpack="false" version="3.5.0.v20090620043401" download-size="1447" install-size="1447" />
	<plugin fragment="true" id="org.eclipse.jface.text.nl_uk" unpack="false" version="3.5.0.v20090620043401" download-size="6364" install-size="6364" />
	<plugin fragment="true" id="org.eclipse.jface.text.tests.nl_uk" unpack="false" version="3.5.0.v20090620043401" download-size="1437" install-size="1437" />
	<plugin fragment="true" id="org.eclipse.jsch.core.nl_uk" unpack="false" version="3.5.0.v20090620043401" download-size="1399" install-size="1399" />
	<plugin fragment="true" id="org.eclipse.jsch.ui.nl_uk" unpack="false" version="3.5.0.v20090620043401" download-size="2333" install-size="2333" />
	<plugin fragment="true" id="org.eclipse.ltk.core.refactoring.nl_uk" unpack="false" version="3.5.0.v20090620043401" download-size="2600" install-size="2600" />
	<plugin fragment="true" id="org.eclipse.ltk.core.refactoring.tests.nl_uk" unpack="false" version="3.5.0.v20090620043401" download-size="1378" install-size="1378" />
	<plugin fragment="true" id="org.eclipse.ltk.ui.refactoring.nl_uk" unpack="false" version="3.5.0.v20090620043401" download-size="3413" install-size="3413" />
	<plugin fragment="true" id="org.eclipse.ltk.ui.refactoring.tests.nl_uk" unpack="false" version="3.5.0.v20090620043401" download-size="1480" install-size="1480" />
	<plugin fragment="true" id="org.eclipse.osgi.nl_uk" unpack="false" version="3.5.0.v20090620043401" download-size="14986" install-size="14986" />
	<plugin fragment="true" id="org.eclipse.osgi.services.nl_uk" unpack="false" version="3.5.0.v20090620043401" download-size="1718" install-size="1718" />
	<plugin fragment="true" id="org.eclipse.osgi.util.nl_uk" unpack="false" version="3.5.0.v20090620043401" download-size="1723" install-size="1723" />
	<plugin fragment="true" id="org.eclipse.pde.api.tools.nl_uk" unpack="false" version="3.5.0.v20090620043401" download-size="2564" install-size="2564" />
	<plugin fragment="true" id="org.eclipse.pde.api.tools.ui.nl_uk" unpack="false" version="3.5.0.v20090620043401" download-size="4986" install-size="4986" />
	<plugin fragment="true" id="org.eclipse.pde.build.nl_uk" unpack="false" version="3.5.0.v20090620043401" download-size="1827" install-size="1827" />
	<plugin fragment="true" id="org.eclipse.pde.build.tests.nl_uk" unpack="false" version="3.5.0.v20090620043401" download-size="1373" install-size="1373" />
	<plugin fragment="true" id="org.eclipse.pde.core.nl_uk" unpack="false" version="3.5.0.v20090620043401" download-size="2460" install-size="2460" />
	<plugin fragment="true" id="org.eclipse.pde.doc.user.nl_uk" unpack="false" version="3.5.0.v20090620043401" download-size="1432" install-size="1432" />
	<plugin fragment="true" id="org.eclipse.pde.ds.core.nl_uk" unpack="false" version="3.5.0.v20090620043401" download-size="1351" install-size="1351" />
	<plugin fragment="true" id="org.eclipse.pde.ds.tests.nl_uk" unpack="false" version="3.5.0.v20090620043401" download-size="1405" install-size="1405" />
	<plugin fragment="true" id="org.eclipse.pde.ds.ui.nl_uk" unpack="false" version="3.5.0.v20090620043401" download-size="2709" install-size="2709" />
	<plugin fragment="true" id="org.eclipse.pde.junit.runtime.nl_uk" unpack="false" version="3.5.0.v20090620043401" download-size="1428" install-size="1428" />
	<plugin fragment="true" id="org.eclipse.pde.nl_uk" unpack="false" version="3.5.0.v20090620043401" download-size="1346" install-size="1346" />
	<plugin fragment="true" id="org.eclipse.pde.runtime.nl_uk" unpack="false" version="3.5.0.v20090620043401" download-size="2415" install-size="2415" />
	<plugin fragment="true" id="org.eclipse.pde.ua.core.nl_uk" unpack="false" version="3.5.0.v20090620043401" download-size="1368" install-size="1368" />
	<plugin fragment="true" id="org.eclipse.pde.ua.ui.nl_uk" unpack="false" version="3.5.0.v20090620043401" download-size="10673" install-size="10673" />
	<plugin fragment="true" id="org.eclipse.pde.ui.nl_uk" unpack="false" version="3.5.0.v20090620043401" download-size="6294" install-size="6294" />
	<plugin fragment="true" id="org.eclipse.pde.ui.templates.nl_uk" unpack="false" version="3.5.0.v20090620043401" download-size="2692" install-size="2692" />
	<plugin fragment="true" id="org.eclipse.platform.doc.isv.nl_uk" unpack="false" version="3.5.0.v20090620043401" download-size="1460" install-size="1460" />
	<plugin fragment="true" id="org.eclipse.platform.doc.user.nl_uk" unpack="false" version="3.5.0.v20090620043401" download-size="1448" install-size="1448" />
	<plugin fragment="true" id="org.eclipse.platform.nl_uk" unpack="false" version="3.5.0.v20090620043401" download-size="3164" install-size="3164" />
	<plugin fragment="true" id="org.eclipse.rcp.nl_uk" unpack="false" version="3.5.0.v20090620043401" download-size="1380" install-size="1380" />
	<plugin fragment="true" id="org.eclipse.releng.tools.nl_uk" unpack="false" version="3.5.0.v20090620043401" download-size="2103" install-size="2103" />
	<plugin fragment="true" id="org.eclipse.sdk.examples.nl_uk" unpack="false" version="3.5.0.v20090620043401" download-size="1394" install-size="1394" />
	<plugin fragment="true" id="org.eclipse.sdk.nl_uk" unpack="false" version="3.5.0.v20090620043401" download-size="1620" install-size="1620" />
	<plugin fragment="true" id="org.eclipse.sdk.tests.nl_uk" unpack="false" version="3.5.0.v20090620043401" download-size="1404" install-size="1404" />
	<plugin fragment="true" id="org.eclipse.search.nl_uk" unpack="false" version="3.5.0.v20090620043401" download-size="4346" install-size="4346" />
	<plugin fragment="true" id="org.eclipse.search.tests.nl_uk" unpack="false" version="3.5.0.v20090620043401" download-size="1447" install-size="1447" />
	<plugin fragment="true" id="org.eclipse.swt.examples.browser.demos.nl_uk" unpack="false" version="3.5.0.v20090620043401" download-size="1378" install-size="1378" />
	<plugin fragment="true" id="org.eclipse.swt.examples.browser.nl_uk" unpack="false" version="3.5.0.v20090620043401" download-size="1375" install-size="1375" />
	<plugin fragment="true" id="org.eclipse.swt.examples.controls.nl_uk" unpack="false" version="3.5.0.v20090620043401" download-size="1375" install-size="1375" />
	<plugin fragment="true" id="org.eclipse.swt.examples.launcher.nl_uk" unpack="false" version="3.5.0.v20090620043401" download-size="1438" install-size="1438" />
	<plugin fragment="true" id="org.eclipse.swt.examples.layouts.nl_uk" unpack="false" version="3.5.0.v20090620043401" download-size="1375" install-size="1375" />
	<plugin fragment="true" id="org.eclipse.swt.examples.nl_uk" unpack="false" version="3.5.0.v20090620043401" download-size="5652" install-size="5652" />
	<plugin fragment="true" id="org.eclipse.swt.examples.ole.win32.nl_uk" unpack="false" version="3.5.0.v20090620043401" download-size="1460" install-size="1460" />
	<plugin fragment="true" id="org.eclipse.swt.examples.paint.nl_uk" unpack="false" version="3.5.0.v20090620043401" download-size="1374" install-size="1374" />
	<plugin fragment="true" id="org.eclipse.swt.nl_uk" unpack="false" version="3.5.0.v20090620043401" download-size="3236" install-size="3236" />
	<plugin fragment="true" id="org.eclipse.swt.tests.nl_uk" unpack="false" version="3.5.0.v20090620043401" download-size="1396" install-size="1396" />
	<plugin fragment="true" id="org.eclipse.swt.tools.nl_uk" unpack="false" version="3.5.0.v20090620043401" download-size="1419" install-size="1419" />
	<plugin fragment="true" id="org.eclipse.team.core.nl_uk" unpack="false" version="3.5.0.v20090620043401" download-size="2257" install-size="2257" />
	<plugin fragment="true" id="org.eclipse.team.cvs.core.nl_uk" unpack="false" version="3.5.0.v20090620043401" download-size="2461" install-size="2461" />
	<plugin fragment="true" id="org.eclipse.team.cvs.ssh.nl_uk" unpack="false" version="3.5.0.v20090620043401" download-size="1404" install-size="1404" />
	<plugin fragment="true" id="org.eclipse.team.cvs.ssh2.nl_uk" unpack="false" version="3.5.0.v20090620043401" download-size="2476" install-size="2476" />
	<plugin fragment="true" id="org.eclipse.team.cvs.ui.nl_uk" unpack="false" version="3.5.0.v20090620043401" download-size="4372" install-size="4372" />
	<plugin fragment="true" id="org.eclipse.team.examples.filesystem.nl_uk" unpack="false" version="3.5.0.v20090620043401" download-size="2334" install-size="2334" />
	<plugin fragment="true" id="org.eclipse.team.ui.nl_uk" unpack="false" version="3.5.0.v20090620043401" download-size="3907" install-size="3907" />
	<plugin fragment="true" id="org.eclipse.text.nl_uk" unpack="false" version="3.5.0.v20090620043401" download-size="2382" install-size="2382" />
	<plugin fragment="true" id="org.eclipse.text.tests.nl_uk" unpack="false" version="3.5.0.v20090620043401" download-size="1427" install-size="1427" />
	<plugin fragment="true" id="org.eclipse.ui.browser.nl_uk" unpack="false" version="3.5.0.v20090620043401" download-size="2410" install-size="2410" />
	<plugin fragment="true" id="org.eclipse.ui.cheatsheets.nl_uk" unpack="false" version="3.5.0.v20090620043401" download-size="2480" install-size="2480" />
	<plugin fragment="true" id="org.eclipse.ui.console.nl_uk" unpack="false" version="3.5.0.v20090620043401" download-size="2728" install-size="2728" />
	<plugin fragment="true" id="org.eclipse.ui.editors.nl_uk" unpack="false" version="3.5.0.v20090620043401" download-size="6898" install-size="6898" />
	<plugin fragment="true" id="org.eclipse.ui.editors.tests.nl_uk" unpack="false" version="3.5.0.v20090620043401" download-size="1437" install-size="1437" />
	<plugin fragment="true" id="org.eclipse.ui.examples.contributions.nl_uk" unpack="false" version="3.5.0.v20090620043401" download-size="1585" install-size="1585" />
	<plugin fragment="true" id="org.eclipse.ui.examples.fieldassist.nl_uk" unpack="false" version="3.5.0.v20090620043401" download-size="2261" install-size="2261" />
	<plugin fragment="true" id="org.eclipse.ui.examples.javaeditor.nl_uk" unpack="false" version="3.5.0.v20090620043401" download-size="2379" install-size="2379" />
	<plugin fragment="true" id="org.eclipse.ui.examples.multipageeditor.nl_uk" unpack="false" version="3.5.0.v20090620043401" download-size="2312" install-size="2312" />
	<plugin fragment="true" id="org.eclipse.ui.examples.propertysheet.nl_uk" unpack="false" version="3.5.0.v20090620043401" download-size="2231" install-size="2231" />
	<plugin fragment="true" id="org.eclipse.ui.examples.readmetool.nl_uk" unpack="false" version="3.5.0.v20090620043401" download-size="2257" install-size="2257" />
	<plugin fragment="true" id="org.eclipse.ui.examples.undo.nl_uk" unpack="false" version="3.5.0.v20090620043401" download-size="2245" install-size="2245" />
	<plugin fragment="true" id="org.eclipse.ui.examples.views.properties.tabbed.article.nl_uk" unpack="false" version="3.5.0.v20090620043401" download-size="1581" install-size="1581" />
	<plugin fragment="true" id="org.eclipse.ui.externaltools.nl_uk" unpack="false" version="3.5.0.v20090620043401" download-size="2677" install-size="2677" />
	<plugin fragment="true" id="org.eclipse.ui.forms.nl_uk" unpack="false" version="3.5.0.v20090620043401" download-size="2512" install-size="2512" />
	<plugin fragment="true" id="org.eclipse.ui.ide.application.nl_uk" unpack="false" version="3.5.0.v20090620043401" download-size="1823" install-size="1823" />
	<plugin fragment="true" id="org.eclipse.ui.ide.nl_uk" unpack="false" version="3.5.0.v20090620043401" download-size="19624" install-size="19624" />
	<plugin fragment="true" id="org.eclipse.ui.intro.nl_uk" unpack="false" version="3.5.0.v20090620043401" download-size="2603" install-size="2603" />
	<plugin fragment="true" id="org.eclipse.ui.intro.universal.nl_uk" unpack="false" version="3.5.0.v20090620043401" download-size="3778" install-size="3778" />
	<plugin fragment="true" id="org.eclipse.ui.navigator.nl_uk" unpack="false" version="3.5.0.v20090620043401" download-size="3073" install-size="3073" />
	<plugin fragment="true" id="org.eclipse.ui.navigator.resources.nl_uk" unpack="false" version="3.5.0.v20090620043401" download-size="3175" install-size="3175" />
	<plugin fragment="true" id="org.eclipse.ui.net.nl_uk" unpack="false" version="3.5.0.v20090620043401" download-size="2495" install-size="2495" />
	<plugin fragment="true" id="org.eclipse.ui.nl_uk" unpack="false" version="3.5.0.v20090620043401" download-size="7601" install-size="7601" />
	<plugin fragment="true" id="org.eclipse.ui.presentations.r21.nl_uk" unpack="false" version="3.5.0.v20090620043401" download-size="2516" install-size="2516" />
	<plugin fragment="true" id="org.eclipse.ui.tests.views.properties.tabbed.nl_uk" unpack="false" version="3.5.0.v20090620043401" download-size="1462" install-size="1462" />
	<plugin fragment="true" id="org.eclipse.ui.views.log.nl_uk" unpack="false" version="3.5.0.v20090620043401" download-size="2533" install-size="2533" />
	<plugin fragment="true" id="org.eclipse.ui.views.nl_uk" unpack="false" version="3.5.0.v20090620043401" download-size="3503" install-size="3503" />
	<plugin fragment="true" id="org.eclipse.ui.views.properties.tabbed.nl_uk" unpack="false" version="3.5.0.v20090620043401" download-size="1515" install-size="1515" />
	<plugin fragment="true" id="org.eclipse.ui.workbench.nl_uk" unpack="false" version="3.5.0.v20090620043401" download-size="19917" install-size="19917" />
	<plugin fragment="true" id="org.eclipse.ui.workbench.texteditor.nl_uk" unpack="false" version="3.5.0.v20090620043401" download-size="4758" install-size="4758" />
	<plugin fragment="true" id="org.eclipse.ui.workbench.texteditor.tests.nl_uk" unpack="false" version="3.5.0.v20090620043401" download-size="1479" install-size="1479" />
	<plugin fragment="true" id="org.eclipse.update.configurator.nl_uk" unpack="false" version="3.5.0.v20090620043401" download-size="2925" install-size="2925" />
	<plugin fragment="true" id="org.eclipse.update.core.nl_uk" unpack="false" version="3.5.0.v20090620043401" download-size="2501" install-size="2501" />
	<plugin fragment="true" id="org.eclipse.update.scheduler.nl_uk" unpack="false" version="3.5.0.v20090620043401" download-size="1372" install-size="1372" />
	<plugin fragment="true" id="org.eclipse.update.tests.core.nl_uk" unpack="false" version="3.5.0.v20090620043401" download-size="1442" install-size="1442" />
	<plugin fragment="true" id="org.eclipse.update.ui.nl_uk" unpack="false" version="3.5.0.v20090620043401" download-size="2903" install-size="2903" />
	<plugin fragment="true" id="org.junit4.nl_uk" unpack="false" version="3.5.0.v20090620043401" download-size="1441" install-size="1441" />
	<plugin fragment="true" id="security.a.nl_uk" unpack="false" version="3.5.0.v20090620043401" download-size="1406" install-size="1406" />
</feature>