<?xml version="1.0" encoding="UTF-8" ?>
<feature
	id="org.eclipse.babel.nls_birt_es"
	label="Babel Language Pack for birt in Spanish (88.26%)"
	image="eclipse_update_120.jpg"
	provider-name="%providerName"
	version="3.5.0.v20090620043401">
	<copyright>
		%copyright
	</copyright>
	<license url="%licenseURL">
		%license
	</license>
	<description>Babel Language Pack for birt in Spanish</description>
	<plugin fragment="true" id="com.lowagie.itext.nl_es" unpack="false" version="3.5.0.v20090620043401" download-size="1487" install-size="1487" />
	<plugin fragment="true" id="org.apache.derby.core.nl_es" unpack="false" version="3.5.0.v20090620043401" download-size="1496" install-size="1496" />
	<plugin fragment="true" id="org.eclipse.birt.chart.cshelp.nl_es" unpack="false" version="3.5.0.v20090620043401" download-size="1522" install-size="1522" />
	<plugin fragment="true" id="org.eclipse.birt.chart.device.extension.nl_es" unpack="false" version="3.5.0.v20090620043401" download-size="3586" install-size="3586" />
	<plugin fragment="true" id="org.eclipse.birt.chart.device.svg.nl_es" unpack="false" version="3.5.0.v20090620043401" download-size="2900" install-size="2900" />
	<plugin fragment="true" id="org.eclipse.birt.chart.device.swt.nl_es" unpack="false" version="3.5.0.v20090620043401" download-size="2923" install-size="2923" />
	<plugin fragment="true" id="org.eclipse.birt.chart.doc.isv.nl_es" unpack="false" version="3.5.0.v20090620043401" download-size="1519" install-size="1519" />
	<plugin fragment="true" id="org.eclipse.birt.chart.engine.extension.nl_es" unpack="false" version="3.5.0.v20090620043401" download-size="5094" install-size="5094" />
	<plugin fragment="true" id="org.eclipse.birt.chart.engine.nl_es" unpack="false" version="3.5.0.v20090620043401" download-size="8984" install-size="8984" />
	<plugin fragment="true" id="org.eclipse.birt.chart.examples.nl_es" unpack="false" version="3.5.0.v20090620043401" download-size="5766" install-size="5766" />
	<plugin fragment="true" id="org.eclipse.birt.chart.integration.wtp.ui.nl_es" unpack="false" version="3.5.0.v20090620043401" download-size="4109" install-size="4109" />
	<plugin fragment="true" id="org.eclipse.birt.chart.reportitem.nl_es" unpack="false" version="3.5.0.v20090620043401" download-size="3734" install-size="3734" />
	<plugin fragment="true" id="org.eclipse.birt.chart.reportitem.ui.nl_es" unpack="false" version="3.5.0.v20090620043401" download-size="4463" install-size="4463" />
	<plugin fragment="true" id="org.eclipse.birt.chart.runtime.nl_es" unpack="false" version="3.5.0.v20090620043401" download-size="1514" install-size="1514" />
	<plugin fragment="true" id="org.eclipse.birt.chart.ui.extension.nl_es" unpack="false" version="3.5.0.v20090620043401" download-size="14929" install-size="14929" />
	<plugin fragment="true" id="org.eclipse.birt.chart.ui.nl_es" unpack="false" version="3.5.0.v20090620043401" download-size="4003" install-size="4003" />
	<plugin fragment="true" id="org.eclipse.birt.core.nl_es" unpack="false" version="3.5.0.v20090620043401" download-size="2181" install-size="2181" />
	<plugin fragment="true" id="org.eclipse.birt.core.script.function.nl_es" unpack="false" version="3.5.0.v20090620043401" download-size="1429" install-size="1429" />
	<plugin fragment="true" id="org.eclipse.birt.core.ui.nl_es" unpack="false" version="3.5.0.v20090620043401" download-size="2848" install-size="2848" />
	<plugin fragment="true" id="org.eclipse.birt.cshelp.nl_es" unpack="false" version="3.5.0.v20090620043401" download-size="1705" install-size="1705" />
	<plugin fragment="true" id="org.eclipse.birt.data.aggregation.nl_es" unpack="false" version="3.5.0.v20090620043401" download-size="3645" install-size="3645" />
	<plugin fragment="true" id="org.eclipse.birt.data.nl_es" unpack="false" version="3.5.0.v20090620043401" download-size="9698" install-size="9698" />
	<plugin fragment="true" id="org.eclipse.birt.data.tests.nl_es" unpack="false" version="3.5.0.v20090620043401" download-size="1385" install-size="1385" />
	<plugin fragment="true" id="org.eclipse.birt.doc.isv.nl_es" unpack="false" version="3.5.0.v20090620043401" download-size="1508" install-size="1508" />
	<plugin fragment="true" id="org.eclipse.birt.doc.nl_es" unpack="false" version="3.5.0.v20090620043401" download-size="1501" install-size="1501" />
	<plugin fragment="true" id="org.eclipse.birt.example.nl_es" unpack="false" version="3.5.0.v20090620043401" download-size="1501" install-size="1501" />
	<plugin fragment="true" id="org.eclipse.birt.integration.wtp.ui.nl_es" unpack="false" version="3.5.0.v20090620043401" download-size="4487" install-size="4487" />
	<plugin fragment="true" id="org.eclipse.birt.nl_es" unpack="false" version="3.5.0.v20090620043401" download-size="1415" install-size="1415" />
	<plugin fragment="true" id="org.eclipse.birt.report.data.adapter.nl_es" unpack="false" version="3.5.0.v20090620043401" download-size="2931" install-size="2931" />
	<plugin fragment="true" id="org.eclipse.birt.report.data.oda.jdbc.dbprofile.nl_es" unpack="false" version="3.5.0.v20090620043401" download-size="3615" install-size="3615" />
	<plugin fragment="true" id="org.eclipse.birt.report.data.oda.jdbc.dbprofile.sampledb.nl_es" unpack="false" version="3.5.0.v20090620043401" download-size="3344" install-size="3344" />
	<plugin fragment="true" id="org.eclipse.birt.report.data.oda.jdbc.dbprofile.ui.nl_es" unpack="false" version="3.5.0.v20090620043401" download-size="3836" install-size="3836" />
	<plugin fragment="true" id="org.eclipse.birt.report.data.oda.jdbc.nl_es" unpack="false" version="3.5.0.v20090620043401" download-size="4472" install-size="4472" />
	<plugin fragment="true" id="org.eclipse.birt.report.data.oda.jdbc.ui.nl_es" unpack="false" version="3.5.0.v20090620043401" download-size="5456" install-size="5456" />
	<plugin fragment="true" id="org.eclipse.birt.report.data.oda.sampledb.nl_es" unpack="false" version="3.5.0.v20090620043401" download-size="1649" install-size="1649" />
	<plugin fragment="true" id="org.eclipse.birt.report.data.oda.sampledb.ui.nl_es" unpack="false" version="3.5.0.v20090620043401" download-size="3365" install-size="3365" />
	<plugin fragment="true" id="org.eclipse.birt.report.data.oda.xml.nl_es" unpack="false" version="3.5.0.v20090620043401" download-size="3102" install-size="3102" />
	<plugin fragment="true" id="org.eclipse.birt.report.data.oda.xml.ui.nl_es" unpack="false" version="3.5.0.v20090620043401" download-size="1739" install-size="1739" />
	<plugin fragment="true" id="org.eclipse.birt.report.debug.core.nl_es" unpack="false" version="3.5.0.v20090620043401" download-size="3140" install-size="3140" />
	<plugin fragment="true" id="org.eclipse.birt.report.debug.ui.nl_es" unpack="false" version="3.5.0.v20090620043401" download-size="3292" install-size="3292" />
	<plugin fragment="true" id="org.eclipse.birt.report.designer.core.nl_es" unpack="false" version="3.5.0.v20090620043401" download-size="39417" install-size="39417" />
	<plugin fragment="true" id="org.eclipse.birt.report.designer.nl_es" unpack="false" version="3.5.0.v20090620043401" download-size="1512" install-size="1512" />
	<plugin fragment="true" id="org.eclipse.birt.report.designer.tests.nl_es" unpack="false" version="3.5.0.v20090620043401" download-size="2668" install-size="2668" />
	<plugin fragment="true" id="org.eclipse.birt.report.designer.ui.cubebuilder.nl_es" unpack="false" version="3.5.0.v20090620043401" download-size="4361" install-size="4361" />
	<plugin fragment="true" id="org.eclipse.birt.report.designer.ui.editor.script.nl_es" unpack="false" version="3.5.0.v20090620043401" download-size="1420" install-size="1420" />
	<plugin fragment="true" id="org.eclipse.birt.report.designer.ui.editor.xml.wtp.nl_es" unpack="false" version="3.5.0.v20090620043401" download-size="1790" install-size="1790" />
	<plugin fragment="true" id="org.eclipse.birt.report.designer.ui.editors.nl_es" unpack="false" version="3.5.0.v20090620043401" download-size="1442" install-size="1442" />
	<plugin fragment="true" id="org.eclipse.birt.report.designer.ui.editors.schematic.nl_es" unpack="false" version="3.5.0.v20090620043401" download-size="1530" install-size="1530" />
	<plugin fragment="true" id="org.eclipse.birt.report.designer.ui.ide.nl_es" unpack="false" version="3.5.0.v20090620043401" download-size="1762" install-size="1762" />
	<plugin fragment="true" id="org.eclipse.birt.report.designer.ui.lib.explorer.nl_es" unpack="false" version="3.5.0.v20090620043401" download-size="1392" install-size="1392" />
	<plugin fragment="true" id="org.eclipse.birt.report.designer.ui.lib.nl_es" unpack="false" version="3.5.0.v20090620043401" download-size="1605" install-size="1605" />
	<plugin fragment="true" id="org.eclipse.birt.report.designer.ui.nl_es" unpack="false" version="3.5.0.v20090620043401" download-size="1836" install-size="1836" />
	<plugin fragment="true" id="org.eclipse.birt.report.designer.ui.preview.nl_es" unpack="false" version="3.5.0.v20090620043401" download-size="1494" install-size="1494" />
	<plugin fragment="true" id="org.eclipse.birt.report.designer.ui.preview.web.nl_es" unpack="false" version="3.5.0.v20090620043401" download-size="1526" install-size="1526" />
	<plugin fragment="true" id="org.eclipse.birt.report.designer.ui.rcp.nl_es" unpack="false" version="3.5.0.v20090620043401" download-size="3281" install-size="3281" />
	<plugin fragment="true" id="org.eclipse.birt.report.designer.ui.samples.ide.nl_es" unpack="false" version="3.5.0.v20090620043401" download-size="3304" install-size="3304" />
	<plugin fragment="true" id="org.eclipse.birt.report.designer.ui.samplesview.nl_es" unpack="false" version="3.5.0.v20090620043401" download-size="6798" install-size="6798" />
	<plugin fragment="true" id="org.eclipse.birt.report.designer.ui.views.nl_es" unpack="false" version="3.5.0.v20090620043401" download-size="1446" install-size="1446" />
	<plugin fragment="true" id="org.eclipse.birt.report.engine.dataextraction.csv.nl_es" unpack="false" version="3.5.0.v20090620043401" download-size="1391" install-size="1391" />
	<plugin fragment="true" id="org.eclipse.birt.report.engine.emitter.config.html.nl_es" unpack="false" version="3.5.0.v20090620043401" download-size="2824" install-size="2824" />
	<plugin fragment="true" id="org.eclipse.birt.report.engine.emitter.config.pdf.nl_es" unpack="false" version="3.5.0.v20090620043401" download-size="2742" install-size="2742" />
	<plugin fragment="true" id="org.eclipse.birt.report.engine.emitter.config.postscript.nl_es" unpack="false" version="3.5.0.v20090620043401" download-size="2797" install-size="2797" />
	<plugin fragment="true" id="org.eclipse.birt.report.engine.nl_es" unpack="false" version="3.5.0.v20090620043401" download-size="4171" install-size="4171" />
	<plugin fragment="true" id="org.eclipse.birt.report.item.crosstab.core.nl_es" unpack="false" version="3.5.0.v20090620043401" download-size="4868" install-size="4868" />
	<plugin fragment="true" id="org.eclipse.birt.report.item.crosstab.ui.nl_es" unpack="false" version="3.5.0.v20090620043401" download-size="5836" install-size="5836" />
	<plugin fragment="true" id="org.eclipse.birt.report.model.adapter.oda.nl_es" unpack="false" version="3.5.0.v20090620043401" download-size="1398" install-size="1398" />
	<plugin fragment="true" id="org.eclipse.birt.report.model.nl_es" unpack="false" version="3.5.0.v20090620043401" download-size="36618" install-size="36618" />
	<plugin fragment="true" id="org.eclipse.birt.report.model.tests.nl_es" unpack="false" version="3.5.0.v20090620043401" download-size="2313" install-size="2313" />
	<plugin fragment="true" id="org.eclipse.birt.report.runtime.nl_es" unpack="false" version="3.5.0.v20090620043401" download-size="1519" install-size="1519" />
	<plugin fragment="true" id="org.eclipse.birt.report.viewer.nl_es" unpack="false" version="3.5.0.v20090620043401" download-size="6248" install-size="6248" />
	<plugin fragment="true" id="org.eclipse.birt.resources.nl_es" unpack="false" version="3.5.0.v20090620043401" download-size="1524" install-size="1524" />
	<plugin fragment="true" id="org.eclipse.birt.sdk.nl_es" unpack="false" version="3.5.0.v20090620043401" download-size="1513" install-size="1513" />
	<plugin fragment="true" id="org.eclipse.birt.tests.data.nl_es" unpack="false" version="3.5.0.v20090620043401" download-size="1385" install-size="1385" />
</feature>