<?xml version="1.0" encoding="UTF-8" ?>
<feature
	id="org.eclipse.babel.nls_tools.pdt_no"
	label="Babel Language Pack for tools.pdt in Norwegian (62.61%)"
	image="eclipse_update_120.jpg"
	provider-name="%providerName"
	version="3.5.0.v20090620043401">
	<copyright>
		%copyright
	</copyright>
	<license url="%licenseURL">
		%license
	</license>
	<description>Babel Language Pack for tools.pdt in Norwegian</description>
	<plugin fragment="true" id="org.eclipse.dltk.core.tests.nl_no" unpack="false" version="3.5.0.v20090620043401" download-size="1371" install-size="1371" />
	<plugin fragment="true" id="org.eclipse.php.core.nl_no" unpack="false" version="3.5.0.v20090620043401" download-size="2643" install-size="2643" />
	<plugin fragment="true" id="org.eclipse.php.core.parser.nl_no" unpack="false" version="3.5.0.v20090620043401" download-size="1371" install-size="1371" />
	<plugin fragment="true" id="org.eclipse.php.debug.core.nl_no" unpack="false" version="3.5.0.v20090620043401" download-size="2356" install-size="2356" />
	<plugin fragment="true" id="org.eclipse.php.debug.ui.nl_no" unpack="false" version="3.5.0.v20090620043401" download-size="3322" install-size="3322" />
	<plugin fragment="true" id="org.eclipse.php.nl_no" unpack="false" version="3.5.0.v20090620043401" download-size="1364" install-size="1364" />
	<plugin fragment="true" id="org.eclipse.php.server.core.nl_no" unpack="false" version="3.5.0.v20090620043401" download-size="2249" install-size="2249" />
	<plugin fragment="true" id="org.eclipse.php.server.ui.nl_no" unpack="false" version="3.5.0.v20090620043401" download-size="2210" install-size="2210" />
	<plugin fragment="true" id="org.eclipse.php.test.nl_no" unpack="false" version="3.5.0.v20090620043401" download-size="1367" install-size="1367" />
	<plugin fragment="true" id="org.eclipse.php.ui.nl_no" unpack="false" version="3.5.0.v20090620043401" download-size="38598" install-size="38598" />
	<plugin fragment="true" id="org.eclipse.test.nl_no" unpack="false" version="3.5.0.v20090620043401" download-size="1363" install-size="1363" />
</feature>