<?xml version="1.0" encoding="UTF-8" ?>
<feature
	id="org.eclipse.babel.nls_tools.gef_it"
	label="Babel Language Pack for tools.gef in Italian (59.6%)"
	image="eclipse_update_120.jpg"
	provider-name="%providerName"
	version="3.5.0.v20090620043401">
	<copyright>
		%copyright
	</copyright>
	<license url="%licenseURL">
		%license
	</license>
	<description>Babel Language Pack for tools.gef in Italian</description>
	<plugin fragment="true" id="org.eclipse.draw2d.doc.isv.nl_it" unpack="false" version="3.5.0.v20090620043401" download-size="1396" install-size="1396" />
	<plugin fragment="true" id="org.eclipse.draw2d.nl_it" unpack="false" version="3.5.0.v20090620043401" download-size="1697" install-size="1697" />
	<plugin fragment="true" id="org.eclipse.draw2d.test.nl_it" unpack="false" version="3.5.0.v20090620043401" download-size="1372" install-size="1372" />
	<plugin fragment="true" id="org.eclipse.gef.doc.isv.nl_it" unpack="false" version="3.5.0.v20090620043401" download-size="1475" install-size="1475" />
	<plugin fragment="true" id="org.eclipse.gef.examples.flow.nl_it" unpack="false" version="3.5.0.v20090620043401" download-size="1377" install-size="1377" />
	<plugin fragment="true" id="org.eclipse.gef.examples.logic.nl_it" unpack="false" version="3.5.0.v20090620043401" download-size="2582" install-size="2582" />
	<plugin fragment="true" id="org.eclipse.gef.examples.shapes.nl_it" unpack="false" version="3.5.0.v20090620043401" download-size="1377" install-size="1377" />
	<plugin fragment="true" id="org.eclipse.gef.examples.text.nl_it" unpack="false" version="3.5.0.v20090620043401" download-size="1376" install-size="1376" />
	<plugin fragment="true" id="org.eclipse.gef.examples.ui.pde.nl_it" unpack="false" version="3.5.0.v20090620043401" download-size="1377" install-size="1377" />
	<plugin fragment="true" id="org.eclipse.gef.nl_it" unpack="false" version="3.5.0.v20090620043401" download-size="4815" install-size="4815" />
	<plugin fragment="true" id="org.eclipse.gef.test.nl_it" unpack="false" version="3.5.0.v20090620043401" download-size="1369" install-size="1369" />
	<plugin fragment="true" id="org.eclipse.zest.core.nl_it" unpack="false" version="3.5.0.v20090620043401" download-size="2217" install-size="2217" />
	<plugin fragment="true" id="org.eclipse.zest.layouts.nl_it" unpack="false" version="3.5.0.v20090620043401" download-size="1373" install-size="1373" />
</feature>