<?xml version="1.0" encoding="UTF-8" ?>
<feature
	id="org.eclipse.babel.nls_tools.mylyn_iw"
	label="Babel Language Pack for tools.mylyn in Hebrew (14.02%)"
	image="eclipse_update_120.jpg"
	provider-name="%providerName"
	version="3.5.0.v20090620043401">
	<copyright>
		%copyright
	</copyright>
	<license url="%licenseURL">
		%license
	</license>
	<description>Babel Language Pack for tools.mylyn in Hebrew</description>
	<plugin fragment="true" id="org.eclipse.mylyn.bugzilla.core.nl_iw" unpack="false" version="3.5.0.v20090620043401" download-size="2539" install-size="2539" />
	<plugin fragment="true" id="org.eclipse.mylyn.bugzilla.ide.nl_iw" unpack="false" version="3.5.0.v20090620043401" download-size="1356" install-size="1356" />
	<plugin fragment="true" id="org.eclipse.mylyn.bugzilla.ui.nl_iw" unpack="false" version="3.5.0.v20090620043401" download-size="3653" install-size="3653" />
	<plugin fragment="true" id="org.eclipse.mylyn.commons.core.nl_iw" unpack="false" version="3.5.0.v20090620043401" download-size="1354" install-size="1354" />
	<plugin fragment="true" id="org.eclipse.mylyn.commons.net.nl_iw" unpack="false" version="3.5.0.v20090620043401" download-size="2572" install-size="2572" />
	<plugin fragment="true" id="org.eclipse.mylyn.commons.soap.nl_iw" unpack="false" version="3.5.0.v20090620043401" download-size="1354" install-size="1354" />
	<plugin fragment="true" id="org.eclipse.mylyn.commons.ui.nl_iw" unpack="false" version="3.5.0.v20090620043401" download-size="2573" install-size="2573" />
	<plugin fragment="true" id="org.eclipse.mylyn.compatibility.nl_iw" unpack="false" version="3.5.0.v20090620043401" download-size="1356" install-size="1356" />
	<plugin fragment="true" id="org.eclipse.mylyn.context.core.nl_iw" unpack="false" version="3.5.0.v20090620043401" download-size="1354" install-size="1354" />
	<plugin fragment="true" id="org.eclipse.mylyn.context.ui.nl_iw" unpack="false" version="3.5.0.v20090620043401" download-size="4629" install-size="4629" />
	<plugin fragment="true" id="org.eclipse.mylyn.discovery.core.nl_iw" unpack="false" version="3.5.0.v20090620043401" download-size="2609" install-size="2609" />
	<plugin fragment="true" id="org.eclipse.mylyn.discovery.ui.nl_iw" unpack="false" version="3.5.0.v20090620043401" download-size="2698" install-size="2698" />
	<plugin fragment="true" id="org.eclipse.mylyn.help.ui.nl_iw" unpack="false" version="3.5.0.v20090620043401" download-size="1393" install-size="1393" />
	<plugin fragment="true" id="org.eclipse.mylyn.ide.ant.nl_iw" unpack="false" version="3.5.0.v20090620043401" download-size="1351" install-size="1351" />
	<plugin fragment="true" id="org.eclipse.mylyn.ide.capabilities.nl_iw" unpack="false" version="3.5.0.v20090620043401" download-size="1374" install-size="1374" />
	<plugin fragment="true" id="org.eclipse.mylyn.ide.ui.nl_iw" unpack="false" version="3.5.0.v20090620043401" download-size="1350" install-size="1350" />
	<plugin fragment="true" id="org.eclipse.mylyn.java.tasks.nl_iw" unpack="false" version="3.5.0.v20090620043401" download-size="2401" install-size="2401" />
	<plugin fragment="true" id="org.eclipse.mylyn.java.ui.nl_iw" unpack="false" version="3.5.0.v20090620043401" download-size="1409" install-size="1409" />
	<plugin fragment="true" id="org.eclipse.mylyn.jira.core.nl_iw" unpack="false" version="3.5.0.v20090620043401" download-size="2959" install-size="2959" />
	<plugin fragment="true" id="org.eclipse.mylyn.jira.ui.nl_iw" unpack="false" version="3.5.0.v20090620043401" download-size="3516" install-size="3516" />
	<plugin fragment="true" id="org.eclipse.mylyn.monitor.core.nl_iw" unpack="false" version="3.5.0.v20090620043401" download-size="2629" install-size="2629" />
	<plugin fragment="true" id="org.eclipse.mylyn.monitor.ui.nl_iw" unpack="false" version="3.5.0.v20090620043401" download-size="1353" install-size="1353" />
	<plugin fragment="true" id="org.eclipse.mylyn.nl_iw" unpack="false" version="3.5.0.v20090620043401" download-size="1346" install-size="1346" />
	<plugin fragment="true" id="org.eclipse.mylyn.pde.ui.nl_iw" unpack="false" version="3.5.0.v20090620043401" download-size="1351" install-size="1351" />
	<plugin fragment="true" id="org.eclipse.mylyn.resources.ui.nl_iw" unpack="false" version="3.5.0.v20090620043401" download-size="2667" install-size="2667" />
	<plugin fragment="true" id="org.eclipse.mylyn.tasks.bugs.nl_iw" unpack="false" version="3.5.0.v20090620043401" download-size="3383" install-size="3383" />
	<plugin fragment="true" id="org.eclipse.mylyn.tasks.core.nl_iw" unpack="false" version="3.5.0.v20090620043401" download-size="3540" install-size="3540" />
	<plugin fragment="true" id="org.eclipse.mylyn.tasks.ui.nl_iw" unpack="false" version="3.5.0.v20090620043401" download-size="10692" install-size="10692" />
	<plugin fragment="true" id="org.eclipse.mylyn.team.cvs.nl_iw" unpack="false" version="3.5.0.v20090620043401" download-size="1352" install-size="1352" />
	<plugin fragment="true" id="org.eclipse.mylyn.team.ui.nl_iw" unpack="false" version="3.5.0.v20090620043401" download-size="3107" install-size="3107" />
	<plugin fragment="true" id="org.eclipse.mylyn.trac.core.nl_iw" unpack="false" version="3.5.0.v20090620043401" download-size="2927" install-size="2927" />
	<plugin fragment="true" id="org.eclipse.mylyn.trac.ui.nl_iw" unpack="false" version="3.5.0.v20090620043401" download-size="2646" install-size="2646" />
	<plugin fragment="true" id="org.eclipse.mylyn.wikitext.confluence.core.nl_iw" unpack="false" version="3.5.0.v20090620043401" download-size="1362" install-size="1362" />
	<plugin fragment="true" id="org.eclipse.mylyn.wikitext.confluence.ui.nl_iw" unpack="false" version="3.5.0.v20090620043401" download-size="1396" install-size="1396" />
	<plugin fragment="true" id="org.eclipse.mylyn.wikitext.core.nl_iw" unpack="false" version="3.5.0.v20090620043401" download-size="4437" install-size="4437" />
	<plugin fragment="true" id="org.eclipse.mylyn.wikitext.help.sdk.nl_iw" unpack="false" version="3.5.0.v20090620043401" download-size="1379" install-size="1379" />
	<plugin fragment="true" id="org.eclipse.mylyn.wikitext.help.ui.nl_iw" unpack="false" version="3.5.0.v20090620043401" download-size="1378" install-size="1378" />
	<plugin fragment="true" id="org.eclipse.mylyn.wikitext.mediawiki.core.nl_iw" unpack="false" version="3.5.0.v20090620043401" download-size="1383" install-size="1383" />
	<plugin fragment="true" id="org.eclipse.mylyn.wikitext.mediawiki.ui.nl_iw" unpack="false" version="3.5.0.v20090620043401" download-size="1404" install-size="1404" />
	<plugin fragment="true" id="org.eclipse.mylyn.wikitext.tasks.ui.nl_iw" unpack="false" version="3.5.0.v20090620043401" download-size="2826" install-size="2826" />
	<plugin fragment="true" id="org.eclipse.mylyn.wikitext.tests.nl_iw" unpack="false" version="3.5.0.v20090620043401" download-size="1355" install-size="1355" />
	<plugin fragment="true" id="org.eclipse.mylyn.wikitext.textile.core.nl_iw" unpack="false" version="3.5.0.v20090620043401" download-size="1360" install-size="1360" />
	<plugin fragment="true" id="org.eclipse.mylyn.wikitext.textile.ui.nl_iw" unpack="false" version="3.5.0.v20090620043401" download-size="1403" install-size="1403" />
	<plugin fragment="true" id="org.eclipse.mylyn.wikitext.tracwiki.core.nl_iw" unpack="false" version="3.5.0.v20090620043401" download-size="1361" install-size="1361" />
	<plugin fragment="true" id="org.eclipse.mylyn.wikitext.tracwiki.ui.nl_iw" unpack="false" version="3.5.0.v20090620043401" download-size="1395" install-size="1395" />
	<plugin fragment="true" id="org.eclipse.mylyn.wikitext.twiki.core.nl_iw" unpack="false" version="3.5.0.v20090620043401" download-size="1360" install-size="1360" />
	<plugin fragment="true" id="org.eclipse.mylyn.wikitext.twiki.ui.nl_iw" unpack="false" version="3.5.0.v20090620043401" download-size="1384" install-size="1384" />
	<plugin fragment="true" id="org.eclipse.mylyn.wikitext.ui.nl_iw" unpack="false" version="3.5.0.v20090620043401" download-size="6069" install-size="6069" />
	<plugin fragment="true" id="org.eclipse.mylyn.xplanner.core.nl_iw" unpack="false" version="3.5.0.v20090620043401" download-size="1355" install-size="1355" />
	<plugin fragment="true" id="org.eclipse.mylyn.xplanner.ui.nl_iw" unpack="false" version="3.5.0.v20090620043401" download-size="3736" install-size="3736" />
</feature>