<?xml version="1.0" encoding="UTF-8" ?>
<feature
	id="org.eclipse.babel.nls_webtools.common_zh_TW"
	label="Babel Language Pack for webtools.common in Chinese (Traditional) (47.48%)"
	image="eclipse_update_120.jpg"
	provider-name="%providerName"
	version="3.5.0.v20090620043401">
	<copyright>
		%copyright
	</copyright>
	<license url="%licenseURL">
		%license
	</license>
	<description>Babel Language Pack for webtools.common in Chinese (Traditional)</description>
	<plugin fragment="true" id="org.eclipse.jem.util.nl_zh_TW" unpack="false" version="3.5.0.v20090620043401" download-size="1920" install-size="1920" />
	<plugin fragment="true" id="org.eclipse.jst.common.annotations.controller.nl_zh_TW" unpack="false" version="3.5.0.v20090620043401" download-size="2112" install-size="2112" />
	<plugin fragment="true" id="org.eclipse.jst.common.annotations.core.nl_zh_TW" unpack="false" version="3.5.0.v20090620043401" download-size="1866" install-size="1866" />
	<plugin fragment="true" id="org.eclipse.jst.common.annotations.ui.nl_zh_TW" unpack="false" version="3.5.0.v20090620043401" download-size="1798" install-size="1798" />
	<plugin fragment="true" id="org.eclipse.jst.common.fproj.enablement.jdt.sdk.nl_zh_TW" unpack="false" version="3.5.0.v20090620043401" download-size="1407" install-size="1407" />
	<plugin fragment="true" id="org.eclipse.jst.common.frameworks.nl_zh_TW" unpack="false" version="3.5.0.v20090620043401" download-size="1437" install-size="1437" />
	<plugin fragment="true" id="org.eclipse.jst.common.project.facet.core.nl_zh_TW" unpack="false" version="3.5.0.v20090620043401" download-size="3288" install-size="3288" />
	<plugin fragment="true" id="org.eclipse.jst.common.project.facet.ui.nl_zh_TW" unpack="false" version="3.5.0.v20090620043401" download-size="5220" install-size="5220" />
	<plugin fragment="true" id="org.eclipse.wst.common.api.doc.nl_zh_TW" unpack="false" version="3.5.0.v20090620043401" download-size="1392" install-size="1392" />
	<plugin fragment="true" id="org.eclipse.wst.common.core.nl_zh_TW" unpack="false" version="3.5.0.v20090620043401" download-size="2692" install-size="2692" />
	<plugin fragment="true" id="org.eclipse.wst.common.emf.nl_zh_TW" unpack="false" version="3.5.0.v20090620043401" download-size="2126" install-size="2126" />
	<plugin fragment="true" id="org.eclipse.wst.common.emfworkbench.integration.nl_zh_TW" unpack="false" version="3.5.0.v20090620043401" download-size="2905" install-size="2905" />
	<plugin fragment="true" id="org.eclipse.wst.common.environment.nl_zh_TW" unpack="false" version="3.5.0.v20090620043401" download-size="3213" install-size="3213" />
	<plugin fragment="true" id="org.eclipse.wst.common.fproj.sdk.nl_zh_TW" unpack="false" version="3.5.0.v20090620043401" download-size="1394" install-size="1394" />
	<plugin fragment="true" id="org.eclipse.wst.common.frameworks.nl_zh_TW" unpack="false" version="3.5.0.v20090620043401" download-size="2868" install-size="2868" />
	<plugin fragment="true" id="org.eclipse.wst.common.frameworks.ui.nl_zh_TW" unpack="false" version="3.5.0.v20090620043401" download-size="4390" install-size="4390" />
	<plugin fragment="true" id="org.eclipse.wst.common.infopop.nl_zh_TW" unpack="false" version="3.5.0.v20090620043401" download-size="1441" install-size="1441" />
	<plugin fragment="true" id="org.eclipse.wst.common.modulecore.nl_zh_TW" unpack="false" version="3.5.0.v20090620043401" download-size="2272" install-size="2272" />
	<plugin fragment="true" id="org.eclipse.wst.common.project.facet.core.nl_zh_TW" unpack="false" version="3.5.0.v20090620043401" download-size="9290" install-size="9290" />
	<plugin fragment="true" id="org.eclipse.wst.common.project.facet.doc.api.nl_zh_TW" unpack="false" version="3.5.0.v20090620043401" download-size="1405" install-size="1405" />
	<plugin fragment="true" id="org.eclipse.wst.common.project.facet.ui.nl_zh_TW" unpack="false" version="3.5.0.v20090620043401" download-size="8022" install-size="8022" />
	<plugin fragment="true" id="org.eclipse.wst.common.snippets.nl_zh_TW" unpack="false" version="3.5.0.v20090620043401" download-size="3494" install-size="3494" />
	<plugin fragment="true" id="org.eclipse.wst.common.ui.nl_zh_TW" unpack="false" version="3.5.0.v20090620043401" download-size="5346" install-size="5346" />
	<plugin fragment="true" id="org.eclipse.wst.common.ui.properties.nl_zh_TW" unpack="false" version="3.5.0.v20090620043401" download-size="3467" install-size="3467" />
	<plugin fragment="true" id="org.eclipse.wst.common.uriresolver.nl_zh_TW" unpack="false" version="3.5.0.v20090620043401" download-size="1469" install-size="1469" />
	<plugin fragment="true" id="org.eclipse.wst.internet.cache.nl_zh_TW" unpack="false" version="3.5.0.v20090620043401" download-size="3221" install-size="3221" />
	<plugin fragment="true" id="org.eclipse.wst.validation.doc.isv.nl_zh_TW" unpack="false" version="3.5.0.v20090620043401" download-size="1399" install-size="1399" />
	<plugin fragment="true" id="org.eclipse.wst.validation.infopop.nl_zh_TW" unpack="false" version="3.5.0.v20090620043401" download-size="1458" install-size="1458" />
	<plugin fragment="true" id="org.eclipse.wst.validation.nl_zh_TW" unpack="false" version="3.5.0.v20090620043401" download-size="4883" install-size="4883" />
	<plugin fragment="true" id="org.eclipse.wst.validation.ui.nl_zh_TW" unpack="false" version="3.5.0.v20090620043401" download-size="3844" install-size="3844" />
</feature>