<?xml version="1.0" encoding="UTF-8" ?>
<feature
	id="org.eclipse.babel.nls_dsdp.tm_ko"
	label="Babel Language Pack for dsdp.tm in Korean (22.72%)"
	image="eclipse_update_120.jpg"
	provider-name="%providerName"
	version="3.5.0.v20090620043401">
	<copyright>
		%copyright
	</copyright>
	<license url="%licenseURL">
		%license
	</license>
	<description>Babel Language Pack for dsdp.tm in Korean</description>
	<plugin fragment="true" id="org.eclipse.dstore.core.nl_ko" unpack="false" version="3.5.0.v20090620043401" download-size="1365" install-size="1365" />
	<plugin fragment="true" id="org.eclipse.dstore.doc.isv.nl_ko" unpack="false" version="3.5.0.v20090620043401" download-size="1367" install-size="1367" />
	<plugin fragment="true" id="org.eclipse.dstore.extra.nl_ko" unpack="false" version="3.5.0.v20090620043401" download-size="1367" install-size="1367" />
	<plugin fragment="true" id="org.eclipse.rse.connectorservice.dstore.nl_ko" unpack="false" version="3.5.0.v20090620043401" download-size="1375" install-size="1375" />
	<plugin fragment="true" id="org.eclipse.rse.connectorservice.local.nl_ko" unpack="false" version="3.5.0.v20090620043401" download-size="1375" install-size="1375" />
	<plugin fragment="true" id="org.eclipse.rse.connectorservice.ssh.nl_ko" unpack="false" version="3.5.0.v20090620043401" download-size="2779" install-size="2779" />
	<plugin fragment="true" id="org.eclipse.rse.connectorservice.telnet.nl_ko" unpack="false" version="3.5.0.v20090620043401" download-size="1376" install-size="1376" />
	<plugin fragment="true" id="org.eclipse.rse.core.nl_ko" unpack="false" version="3.5.0.v20090620043401" download-size="2420" install-size="2420" />
	<plugin fragment="true" id="org.eclipse.rse.discovery.nl_ko" unpack="false" version="3.5.0.v20090620043401" download-size="2223" install-size="2223" />
	<plugin fragment="true" id="org.eclipse.rse.doc.isv.nl_ko" unpack="false" version="3.5.0.v20090620043401" download-size="1366" install-size="1366" />
	<plugin fragment="true" id="org.eclipse.rse.doc.user.nl_ko" unpack="false" version="3.5.0.v20090620043401" download-size="1367" install-size="1367" />
	<plugin fragment="true" id="org.eclipse.rse.dstore.security.nl_ko" unpack="false" version="3.5.0.v20090620043401" download-size="2613" install-size="2613" />
	<plugin fragment="true" id="org.eclipse.rse.efs.nl_ko" unpack="false" version="3.5.0.v20090620043401" download-size="1364" install-size="1364" />
	<plugin fragment="true" id="org.eclipse.rse.efs.ui.nl_ko" unpack="false" version="3.5.0.v20090620043401" download-size="1366" install-size="1366" />
	<plugin fragment="true" id="org.eclipse.rse.examples.daytime.nl_ko" unpack="false" version="3.5.0.v20090620043401" download-size="1372" install-size="1372" />
	<plugin fragment="true" id="org.eclipse.rse.examples.tutorial.nl_ko" unpack="false" version="3.5.0.v20090620043401" download-size="1683" install-size="1683" />
	<plugin fragment="true" id="org.eclipse.rse.files.ui.nl_ko" unpack="false" version="3.5.0.v20090620043401" download-size="3475" install-size="3475" />
	<plugin fragment="true" id="org.eclipse.rse.importexport.nl_ko" unpack="false" version="3.5.0.v20090620043401" download-size="4724" install-size="4724" />
	<plugin fragment="true" id="org.eclipse.rse.nl_ko" unpack="false" version="3.5.0.v20090620043401" download-size="1360" install-size="1360" />
	<plugin fragment="true" id="org.eclipse.rse.processes.ui.nl_ko" unpack="false" version="3.5.0.v20090620043401" download-size="3190" install-size="3190" />
	<plugin fragment="true" id="org.eclipse.rse.remotecdt.nl_ko" unpack="false" version="3.5.0.v20090620043401" download-size="2327" install-size="2327" />
	<plugin fragment="true" id="org.eclipse.rse.sdk.nl_ko" unpack="false" version="3.5.0.v20090620043401" download-size="1364" install-size="1364" />
	<plugin fragment="true" id="org.eclipse.rse.services.dstore.nl_ko" unpack="false" version="3.5.0.v20090620043401" download-size="1586" install-size="1586" />
	<plugin fragment="true" id="org.eclipse.rse.services.files.ftp.nl_ko" unpack="false" version="3.5.0.v20090620043401" download-size="2608" install-size="2608" />
	<plugin fragment="true" id="org.eclipse.rse.services.local.nl_ko" unpack="false" version="3.5.0.v20090620043401" download-size="1371" install-size="1371" />
	<plugin fragment="true" id="org.eclipse.rse.services.nl_ko" unpack="false" version="3.5.0.v20090620043401" download-size="3123" install-size="3123" />
	<plugin fragment="true" id="org.eclipse.rse.services.ssh.nl_ko" unpack="false" version="3.5.0.v20090620043401" download-size="1370" install-size="1370" />
	<plugin fragment="true" id="org.eclipse.rse.services.telnet.nl_ko" unpack="false" version="3.5.0.v20090620043401" download-size="1371" install-size="1371" />
	<plugin fragment="true" id="org.eclipse.rse.shells.ui.nl_ko" unpack="false" version="3.5.0.v20090620043401" download-size="2665" install-size="2665" />
	<plugin fragment="true" id="org.eclipse.rse.subsystems.files.core.nl_ko" unpack="false" version="3.5.0.v20090620043401" download-size="2900" install-size="2900" />
	<plugin fragment="true" id="org.eclipse.rse.subsystems.files.dstore.nl_ko" unpack="false" version="3.5.0.v20090620043401" download-size="1396" install-size="1396" />
	<plugin fragment="true" id="org.eclipse.rse.subsystems.files.ftp.nl_ko" unpack="false" version="3.5.0.v20090620043401" download-size="1411" install-size="1411" />
	<plugin fragment="true" id="org.eclipse.rse.subsystems.files.local.nl_ko" unpack="false" version="3.5.0.v20090620043401" download-size="1376" install-size="1376" />
	<plugin fragment="true" id="org.eclipse.rse.subsystems.files.ssh.nl_ko" unpack="false" version="3.5.0.v20090620043401" download-size="1375" install-size="1375" />
	<plugin fragment="true" id="org.eclipse.rse.subsystems.processes.core.nl_ko" unpack="false" version="3.5.0.v20090620043401" download-size="1376" install-size="1376" />
	<plugin fragment="true" id="org.eclipse.rse.subsystems.processes.dstore.nl_ko" unpack="false" version="3.5.0.v20090620043401" download-size="1377" install-size="1377" />
	<plugin fragment="true" id="org.eclipse.rse.subsystems.processes.local.nl_ko" unpack="false" version="3.5.0.v20090620043401" download-size="1378" install-size="1378" />
	<plugin fragment="true" id="org.eclipse.rse.subsystems.processes.shell.linux.nl_ko" unpack="false" version="3.5.0.v20090620043401" download-size="1382" install-size="1382" />
	<plugin fragment="true" id="org.eclipse.rse.subsystems.shells.core.nl_ko" unpack="false" version="3.5.0.v20090620043401" download-size="1375" install-size="1375" />
	<plugin fragment="true" id="org.eclipse.rse.subsystems.shells.dstore.nl_ko" unpack="false" version="3.5.0.v20090620043401" download-size="1377" install-size="1377" />
	<plugin fragment="true" id="org.eclipse.rse.subsystems.shells.local.nl_ko" unpack="false" version="3.5.0.v20090620043401" download-size="1376" install-size="1376" />
	<plugin fragment="true" id="org.eclipse.rse.subsystems.shells.ssh.nl_ko" unpack="false" version="3.5.0.v20090620043401" download-size="1376" install-size="1376" />
	<plugin fragment="true" id="org.eclipse.rse.subsystems.shells.telnet.nl_ko" unpack="false" version="3.5.0.v20090620043401" download-size="1376" install-size="1376" />
	<plugin fragment="true" id="org.eclipse.rse.subsystems.terminals.core.nl_ko" unpack="false" version="3.5.0.v20090620043401" download-size="1376" install-size="1376" />
	<plugin fragment="true" id="org.eclipse.rse.subsystems.terminals.ssh.nl_ko" unpack="false" version="3.5.0.v20090620043401" download-size="1376" install-size="1376" />
	<plugin fragment="true" id="org.eclipse.rse.subsystems.wince.nl_ko" unpack="false" version="3.5.0.v20090620043401" download-size="1390" install-size="1390" />
	<plugin fragment="true" id="org.eclipse.rse.terminals.ui.nl_ko" unpack="false" version="3.5.0.v20090620043401" download-size="1400" install-size="1400" />
	<plugin fragment="true" id="org.eclipse.rse.tests.framework.nl_ko" unpack="false" version="3.5.0.v20090620043401" download-size="1462" install-size="1462" />
	<plugin fragment="true" id="org.eclipse.rse.tests.nl_ko" unpack="false" version="3.5.0.v20090620043401" download-size="2424" install-size="2424" />
	<plugin fragment="true" id="org.eclipse.rse.ui.nl_ko" unpack="false" version="3.5.0.v20090620043401" download-size="6102" install-size="6102" />
	<plugin fragment="true" id="org.eclipse.rse.useractions.nl_ko" unpack="false" version="3.5.0.v20090620043401" download-size="3565" install-size="3565" />
	<plugin fragment="true" id="org.eclipse.tm.discovery.doc.isv.nl_ko" unpack="false" version="3.5.0.v20090620043401" download-size="1372" install-size="1372" />
	<plugin fragment="true" id="org.eclipse.tm.discovery.engine.nl_ko" unpack="false" version="3.5.0.v20090620043401" download-size="1372" install-size="1372" />
	<plugin fragment="true" id="org.eclipse.tm.discovery.model.edit.nl_ko" unpack="false" version="3.5.0.v20090620043401" download-size="1373" install-size="1373" />
	<plugin fragment="true" id="org.eclipse.tm.discovery.model.nl_ko" unpack="false" version="3.5.0.v20090620043401" download-size="1371" install-size="1371" />
	<plugin fragment="true" id="org.eclipse.tm.discovery.protocol.dnssd.nl_ko" unpack="false" version="3.5.0.v20090620043401" download-size="1376" install-size="1376" />
	<plugin fragment="true" id="org.eclipse.tm.discovery.transport.udp.nl_ko" unpack="false" version="3.5.0.v20090620043401" download-size="1376" install-size="1376" />
	<plugin fragment="true" id="org.eclipse.tm.discovery.view.nl_ko" unpack="false" version="3.5.0.v20090620043401" download-size="2528" install-size="2528" />
	<plugin fragment="true" id="org.eclipse.tm.discovery.wizard.nl_ko" unpack="false" version="3.5.0.v20090620043401" download-size="2588" install-size="2588" />
	<plugin fragment="true" id="org.eclipse.tm.rapi.examples.nl_ko" unpack="false" version="3.5.0.v20090620043401" download-size="1369" install-size="1369" />
	<plugin fragment="true" id="org.eclipse.tm.rapi.nl_ko" unpack="false" version="3.5.0.v20090620043401" download-size="1364" install-size="1364" />
	<plugin fragment="true" id="org.eclipse.tm.rapi.tests.nl_ko" unpack="false" version="3.5.0.v20090620043401" download-size="1367" install-size="1367" />
	<plugin fragment="true" id="org.eclipse.tm.terminal.nl_ko" unpack="false" version="3.5.0.v20090620043401" download-size="2668" install-size="2668" />
	<plugin fragment="true" id="org.eclipse.tm.terminal.serial.nl_ko" unpack="false" version="3.5.0.v20090620043401" download-size="2391" install-size="2391" />
	<plugin fragment="true" id="org.eclipse.tm.terminal.ssh.nl_ko" unpack="false" version="3.5.0.v20090620043401" download-size="2905" install-size="2905" />
	<plugin fragment="true" id="org.eclipse.tm.terminal.telnet.nl_ko" unpack="false" version="3.5.0.v20090620043401" download-size="2409" install-size="2409" />
	<plugin fragment="true" id="org.eclipse.tm.terminal.test.nl_ko" unpack="false" version="3.5.0.v20090620043401" download-size="1370" install-size="1370" />
	<plugin fragment="true" id="org.eclipse.tm.terminal.view.nl_ko" unpack="false" version="3.5.0.v20090620043401" download-size="2928" install-size="2928" />
	<plugin fragment="true" id="test.data.nl_ko" unpack="false" version="3.5.0.v20090620043401" download-size="2835" install-size="2835" />
</feature>