<?xml version="1.0" encoding="UTF-8" ?>
<feature
	id="org.eclipse.babel.nls_datatools_pl"
	label="Babel Language Pack for datatools in Polish (21.02%)"
	image="eclipse_update_120.jpg"
	provider-name="%providerName"
	version="3.5.0.v20090620043401">
	<copyright>
		%copyright
	</copyright>
	<license url="%licenseURL">
		%license
	</license>
	<description>Babel Language Pack for datatools in Polish</description>
	<plugin fragment="true" id="org.eclipse.datatools.connectivity.apache.derby.dbdefinition.nl_pl" unpack="false" version="3.5.0.v20090620043401" download-size="1377" install-size="1377" />
	<plugin fragment="true" id="org.eclipse.datatools.connectivity.apache.derby.nl_pl" unpack="false" version="3.5.0.v20090620043401" download-size="1440" install-size="1440" />
	<plugin fragment="true" id="org.eclipse.datatools.connectivity.apache.derby.ui.nl_pl" unpack="false" version="3.5.0.v20090620043401" download-size="3593" install-size="3593" />
	<plugin fragment="true" id="org.eclipse.datatools.connectivity.console.profile.nl_pl" unpack="false" version="3.5.0.v20090620043401" download-size="2549" install-size="2549" />
	<plugin fragment="true" id="org.eclipse.datatools.connectivity.db.generic.nl_pl" unpack="false" version="3.5.0.v20090620043401" download-size="2597" install-size="2597" />
	<plugin fragment="true" id="org.eclipse.datatools.connectivity.db.generic.ui.nl_pl" unpack="false" version="3.5.0.v20090620043401" download-size="1366" install-size="1366" />
	<plugin fragment="true" id="org.eclipse.datatools.connectivity.dbdefinition.genericJDBC.nl_pl" unpack="false" version="3.5.0.v20090620043401" download-size="1399" install-size="1399" />
	<plugin fragment="true" id="org.eclipse.datatools.connectivity.nl_pl" unpack="false" version="3.5.0.v20090620043401" download-size="3220" install-size="3220" />
	<plugin fragment="true" id="org.eclipse.datatools.connectivity.oda.design.nl_pl" unpack="false" version="3.5.0.v20090620043401" download-size="1363" install-size="1363" />
	<plugin fragment="true" id="org.eclipse.datatools.connectivity.oda.design.ui.nl_pl" unpack="false" version="3.5.0.v20090620043401" download-size="2925" install-size="2925" />
	<plugin fragment="true" id="org.eclipse.datatools.connectivity.oda.flatfile.nl_pl" unpack="false" version="3.5.0.v20090620043401" download-size="2700" install-size="2700" />
	<plugin fragment="true" id="org.eclipse.datatools.connectivity.oda.flatfile.ui.nl_pl" unpack="false" version="3.5.0.v20090620043401" download-size="3118" install-size="3118" />
	<plugin fragment="true" id="org.eclipse.datatools.connectivity.oda.template.ui.nl_pl" unpack="false" version="3.5.0.v20090620043401" download-size="2895" install-size="2895" />
	<plugin fragment="true" id="org.eclipse.datatools.connectivity.sqm.core.nl_pl" unpack="false" version="3.5.0.v20090620043401" download-size="3078" install-size="3078" />
	<plugin fragment="true" id="org.eclipse.datatools.connectivity.sqm.core.ui.nl_pl" unpack="false" version="3.5.0.v20090620043401" download-size="4144" install-size="4144" />
	<plugin fragment="true" id="org.eclipse.datatools.connectivity.sqm.server.ui.nl_pl" unpack="false" version="3.5.0.v20090620043401" download-size="3577" install-size="3577" />
	<plugin fragment="true" id="org.eclipse.datatools.connectivity.ui.dse.nl_pl" unpack="false" version="3.5.0.v20090620043401" download-size="2951" install-size="2951" />
	<plugin fragment="true" id="org.eclipse.datatools.connectivity.ui.nl_pl" unpack="false" version="3.5.0.v20090620043401" download-size="3563" install-size="3563" />
	<plugin fragment="true" id="org.eclipse.datatools.connectivity.ui.templates.nl_pl" unpack="false" version="3.5.0.v20090620043401" download-size="2763" install-size="2763" />
	<plugin fragment="true" id="org.eclipse.datatools.enablement.finfo.nl_pl" unpack="false" version="3.5.0.v20090620043401" download-size="1376" install-size="1376" />
	<plugin fragment="true" id="org.eclipse.datatools.enablement.hsqldb.dbdefinition.nl_pl" unpack="false" version="3.5.0.v20090620043401" download-size="1386" install-size="1386" />
	<plugin fragment="true" id="org.eclipse.datatools.enablement.hsqldb.nl_pl" unpack="false" version="3.5.0.v20090620043401" download-size="1435" install-size="1435" />
	<plugin fragment="true" id="org.eclipse.datatools.enablement.hsqldb.ui.nl_pl" unpack="false" version="3.5.0.v20090620043401" download-size="2684" install-size="2684" />
	<plugin fragment="true" id="org.eclipse.datatools.enablement.ibm.db2.iseries.dbdefinition.nl_pl" unpack="false" version="3.5.0.v20090620043401" download-size="1394" install-size="1394" />
	<plugin fragment="true" id="org.eclipse.datatools.enablement.ibm.db2.iseries.nl_pl" unpack="false" version="3.5.0.v20090620043401" download-size="1437" install-size="1437" />
	<plugin fragment="true" id="org.eclipse.datatools.enablement.ibm.db2.iseries.ui.nl_pl" unpack="false" version="3.5.0.v20090620043401" download-size="3390" install-size="3390" />
	<plugin fragment="true" id="org.eclipse.datatools.enablement.ibm.db2.luw.dbdefinition.nl_pl" unpack="false" version="3.5.0.v20090620043401" download-size="1392" install-size="1392" />
	<plugin fragment="true" id="org.eclipse.datatools.enablement.ibm.db2.luw.nl_pl" unpack="false" version="3.5.0.v20090620043401" download-size="1434" install-size="1434" />
	<plugin fragment="true" id="org.eclipse.datatools.enablement.ibm.db2.luw.ui.nl_pl" unpack="false" version="3.5.0.v20090620043401" download-size="3349" install-size="3349" />
	<plugin fragment="true" id="org.eclipse.datatools.enablement.ibm.db2.zseries.dbdefinition.nl_pl" unpack="false" version="3.5.0.v20090620043401" download-size="1395" install-size="1395" />
	<plugin fragment="true" id="org.eclipse.datatools.enablement.ibm.db2.zseries.nl_pl" unpack="false" version="3.5.0.v20090620043401" download-size="1438" install-size="1438" />
	<plugin fragment="true" id="org.eclipse.datatools.enablement.ibm.db2.zseries.ui.nl_pl" unpack="false" version="3.5.0.v20090620043401" download-size="3406" install-size="3406" />
	<plugin fragment="true" id="org.eclipse.datatools.enablement.ibm.informix.dbdefinition.nl_pl" unpack="false" version="3.5.0.v20090620043401" download-size="1408" install-size="1408" />
	<plugin fragment="true" id="org.eclipse.datatools.enablement.ibm.informix.nl_pl" unpack="false" version="3.5.0.v20090620043401" download-size="1435" install-size="1435" />
	<plugin fragment="true" id="org.eclipse.datatools.enablement.ibm.informix.ui.nl_pl" unpack="false" version="3.5.0.v20090620043401" download-size="3215" install-size="3215" />
	<plugin fragment="true" id="org.eclipse.datatools.enablement.ibm.ui.nl_pl" unpack="false" version="3.5.0.v20090620043401" download-size="2985" install-size="2985" />
	<plugin fragment="true" id="org.eclipse.datatools.enablement.ingres.dbdefinition.nl_pl" unpack="false" version="3.5.0.v20090620043401" download-size="1387" install-size="1387" />
	<plugin fragment="true" id="org.eclipse.datatools.enablement.ingres.nl_pl" unpack="false" version="3.5.0.v20090620043401" download-size="1439" install-size="1439" />
	<plugin fragment="true" id="org.eclipse.datatools.enablement.ingres.ui.nl_pl" unpack="false" version="3.5.0.v20090620043401" download-size="2878" install-size="2878" />
	<plugin fragment="true" id="org.eclipse.datatools.enablement.jdt.classpath.nl_pl" unpack="false" version="3.5.0.v20090620043401" download-size="1391" install-size="1391" />
	<plugin fragment="true" id="org.eclipse.datatools.enablement.msft.sqlserver.dbdefinition.nl_pl" unpack="false" version="3.5.0.v20090620043401" download-size="1393" install-size="1393" />
	<plugin fragment="true" id="org.eclipse.datatools.enablement.msft.sqlserver.nl_pl" unpack="false" version="3.5.0.v20090620043401" download-size="1439" install-size="1439" />
	<plugin fragment="true" id="org.eclipse.datatools.enablement.msft.sqlserver.ui.nl_pl" unpack="false" version="3.5.0.v20090620043401" download-size="3489" install-size="3489" />
	<plugin fragment="true" id="org.eclipse.datatools.enablement.mysql.dbdefinition.nl_pl" unpack="false" version="3.5.0.v20090620043401" download-size="1405" install-size="1405" />
	<plugin fragment="true" id="org.eclipse.datatools.enablement.mysql.nl_pl" unpack="false" version="3.5.0.v20090620043401" download-size="1458" install-size="1458" />
	<plugin fragment="true" id="org.eclipse.datatools.enablement.mysql.ui.nl_pl" unpack="false" version="3.5.0.v20090620043401" download-size="1378" install-size="1378" />
	<plugin fragment="true" id="org.eclipse.datatools.enablement.oda.ws.ui.nl_pl" unpack="false" version="3.5.0.v20090620043401" download-size="2963" install-size="2963" />
	<plugin fragment="true" id="org.eclipse.datatools.enablement.oda.xml.ui.nl_pl" unpack="false" version="3.5.0.v20090620043401" download-size="3082" install-size="3082" />
	<plugin fragment="true" id="org.eclipse.datatools.enablement.oracle.dbdefinition.nl_pl" unpack="false" version="3.5.0.v20090620043401" download-size="1438" install-size="1438" />
	<plugin fragment="true" id="org.eclipse.datatools.enablement.oracle.nl_pl" unpack="false" version="3.5.0.v20090620043401" download-size="1514" install-size="1514" />
	<plugin fragment="true" id="org.eclipse.datatools.enablement.oracle.ui.nl_pl" unpack="false" version="3.5.0.v20090620043401" download-size="3053" install-size="3053" />
	<plugin fragment="true" id="org.eclipse.datatools.enablement.postgresql.dbdefinition.nl_pl" unpack="false" version="3.5.0.v20090620043401" download-size="1391" install-size="1391" />
	<plugin fragment="true" id="org.eclipse.datatools.enablement.postgresql.nl_pl" unpack="false" version="3.5.0.v20090620043401" download-size="1453" install-size="1453" />
	<plugin fragment="true" id="org.eclipse.datatools.enablement.postgresql.ui.nl_pl" unpack="false" version="3.5.0.v20090620043401" download-size="1381" install-size="1381" />
	<plugin fragment="true" id="org.eclipse.datatools.enablement.sap.maxdb.dbdefinition.nl_pl" unpack="false" version="3.5.0.v20090620043401" download-size="1370" install-size="1370" />
	<plugin fragment="true" id="org.eclipse.datatools.enablement.sap.maxdb.nl_pl" unpack="false" version="3.5.0.v20090620043401" download-size="1428" install-size="1428" />
	<plugin fragment="true" id="org.eclipse.datatools.enablement.sap.maxdb.ui.nl_pl" unpack="false" version="3.5.0.v20090620043401" download-size="1381" install-size="1381" />
	<plugin fragment="true" id="org.eclipse.datatools.enablement.sqlite.dbdefinition.nl_pl" unpack="false" version="3.5.0.v20090620043401" download-size="1385" install-size="1385" />
	<plugin fragment="true" id="org.eclipse.datatools.enablement.sqlite.nl_pl" unpack="false" version="3.5.0.v20090620043401" download-size="1434" install-size="1434" />
	<plugin fragment="true" id="org.eclipse.datatools.enablement.sqlite.ui.nl_pl" unpack="false" version="3.5.0.v20090620043401" download-size="2668" install-size="2668" />
	<plugin fragment="true" id="org.eclipse.datatools.enablement.sybase.asa.dbdefinition.nl_pl" unpack="false" version="3.5.0.v20090620043401" download-size="1391" install-size="1391" />
	<plugin fragment="true" id="org.eclipse.datatools.enablement.sybase.asa.models.nl_pl" unpack="false" version="3.5.0.v20090620043401" download-size="1386" install-size="1386" />
	<plugin fragment="true" id="org.eclipse.datatools.enablement.sybase.asa.nl_pl" unpack="false" version="3.5.0.v20090620043401" download-size="2855" install-size="2855" />
	<plugin fragment="true" id="org.eclipse.datatools.enablement.sybase.asa.schemaobjecteditor.examples.nl_pl" unpack="false" version="3.5.0.v20090620043401" download-size="15667" install-size="15667" />
	<plugin fragment="true" id="org.eclipse.datatools.enablement.sybase.asa.ui.nl_pl" unpack="false" version="3.5.0.v20090620043401" download-size="1428" install-size="1428" />
	<plugin fragment="true" id="org.eclipse.datatools.enablement.sybase.ase.dbdefinition.nl_pl" unpack="false" version="3.5.0.v20090620043401" download-size="1387" install-size="1387" />
	<plugin fragment="true" id="org.eclipse.datatools.enablement.sybase.ase.models.nl_pl" unpack="false" version="3.5.0.v20090620043401" download-size="1383" install-size="1383" />
	<plugin fragment="true" id="org.eclipse.datatools.enablement.sybase.ase.nl_pl" unpack="false" version="3.5.0.v20090620043401" download-size="2461" install-size="2461" />
	<plugin fragment="true" id="org.eclipse.datatools.enablement.sybase.ase.ui.nl_pl" unpack="false" version="3.5.0.v20090620043401" download-size="1440" install-size="1440" />
	<plugin fragment="true" id="org.eclipse.datatools.enablement.sybase.models.nl_pl" unpack="false" version="3.5.0.v20090620043401" download-size="1380" install-size="1380" />
	<plugin fragment="true" id="org.eclipse.datatools.enablement.sybase.nl_pl" unpack="false" version="3.5.0.v20090620043401" download-size="2912" install-size="2912" />
	<plugin fragment="true" id="org.eclipse.datatools.enablement.sybase.ui.nl_pl" unpack="false" version="3.5.0.v20090620043401" download-size="2851" install-size="2851" />
	<plugin fragment="true" id="org.eclipse.datatools.help.nl_pl" unpack="false" version="3.5.0.v20090620043401" download-size="1352" install-size="1352" />
	<plugin fragment="true" id="org.eclipse.datatools.modelbase.dbdefinition.nl_pl" unpack="false" version="3.5.0.v20090620043401" download-size="1380" install-size="1380" />
	<plugin fragment="true" id="org.eclipse.datatools.modelbase.derby.nl_pl" unpack="false" version="3.5.0.v20090620043401" download-size="1376" install-size="1376" />
	<plugin fragment="true" id="org.eclipse.datatools.modelbase.sql.edit.nl_pl" unpack="false" version="3.5.0.v20090620043401" download-size="2483" install-size="2483" />
	<plugin fragment="true" id="org.eclipse.datatools.modelbase.sql.nl_pl" unpack="false" version="3.5.0.v20090620043401" download-size="1375" install-size="1375" />
	<plugin fragment="true" id="org.eclipse.datatools.modelbase.sql.query.edit.nl_pl" unpack="false" version="3.5.0.v20090620043401" download-size="1640" install-size="1640" />
	<plugin fragment="true" id="org.eclipse.datatools.modelbase.sql.query.nl_pl" unpack="false" version="3.5.0.v20090620043401" download-size="1379" install-size="1379" />
	<plugin fragment="true" id="org.eclipse.datatools.modelbase.sql.xml.query.nl_pl" unpack="false" version="3.5.0.v20090620043401" download-size="1383" install-size="1383" />
	<plugin fragment="true" id="org.eclipse.datatools.sqltools.common.ui.nl_pl" unpack="false" version="3.5.0.v20090620043401" download-size="5641" install-size="5641" />
	<plugin fragment="true" id="org.eclipse.datatools.sqltools.data.core.nl_pl" unpack="false" version="3.5.0.v20090620043401" download-size="1378" install-size="1378" />
	<plugin fragment="true" id="org.eclipse.datatools.sqltools.data.ui.nl_pl" unpack="false" version="3.5.0.v20090620043401" download-size="3414" install-size="3414" />
	<plugin fragment="true" id="org.eclipse.datatools.sqltools.db.derby.nl_pl" unpack="false" version="3.5.0.v20090620043401" download-size="2639" install-size="2639" />
	<plugin fragment="true" id="org.eclipse.datatools.sqltools.db.derby.ui.nl_pl" unpack="false" version="3.5.0.v20090620043401" download-size="1384" install-size="1384" />
	<plugin fragment="true" id="org.eclipse.datatools.sqltools.db.generic.nl_pl" unpack="false" version="3.5.0.v20090620043401" download-size="2651" install-size="2651" />
	<plugin fragment="true" id="org.eclipse.datatools.sqltools.db.generic.ui.nl_pl" unpack="false" version="3.5.0.v20090620043401" download-size="1385" install-size="1385" />
	<plugin fragment="true" id="org.eclipse.datatools.sqltools.ddlgen.ui.nl_pl" unpack="false" version="3.5.0.v20090620043401" download-size="3265" install-size="3265" />
	<plugin fragment="true" id="org.eclipse.datatools.sqltools.debugger.core.nl_pl" unpack="false" version="3.5.0.v20090620043401" download-size="4530" install-size="4530" />
	<plugin fragment="true" id="org.eclipse.datatools.sqltools.debugger.core.ui.nl_pl" unpack="false" version="3.5.0.v20090620043401" download-size="3766" install-size="3766" />
	<plugin fragment="true" id="org.eclipse.datatools.sqltools.editor.core.nl_pl" unpack="false" version="3.5.0.v20090620043401" download-size="2481" install-size="2481" />
	<plugin fragment="true" id="org.eclipse.datatools.sqltools.editor.core.ui.nl_pl" unpack="false" version="3.5.0.v20090620043401" download-size="1385" install-size="1385" />
	<plugin fragment="true" id="org.eclipse.datatools.sqltools.parsers.sql.lexer.nl_pl" unpack="false" version="3.5.0.v20090620043401" download-size="1382" install-size="1382" />
	<plugin fragment="true" id="org.eclipse.datatools.sqltools.parsers.sql.nl_pl" unpack="false" version="3.5.0.v20090620043401" download-size="1377" install-size="1377" />
	<plugin fragment="true" id="org.eclipse.datatools.sqltools.parsers.sql.query.nl_pl" unpack="false" version="3.5.0.v20090620043401" download-size="2665" install-size="2665" />
	<plugin fragment="true" id="org.eclipse.datatools.sqltools.parsers.sql.xml.query.nl_pl" unpack="false" version="3.5.0.v20090620043401" download-size="1385" install-size="1385" />
	<plugin fragment="true" id="org.eclipse.datatools.sqltools.plan.nl_pl" unpack="false" version="3.5.0.v20090620043401" download-size="4144" install-size="4144" />
	<plugin fragment="true" id="org.eclipse.datatools.sqltools.result.nl_pl" unpack="false" version="3.5.0.v20090620043401" download-size="4048" install-size="4048" />
	<plugin fragment="true" id="org.eclipse.datatools.sqltools.result.ui.nl_pl" unpack="false" version="3.5.0.v20090620043401" download-size="3641" install-size="3641" />
	<plugin fragment="true" id="org.eclipse.datatools.sqltools.routineeditor.nl_pl" unpack="false" version="3.5.0.v20090620043401" download-size="5702" install-size="5702" />
	<plugin fragment="true" id="org.eclipse.datatools.sqltools.routineeditor.ui.nl_pl" unpack="false" version="3.5.0.v20090620043401" download-size="5015" install-size="5015" />
	<plugin fragment="true" id="org.eclipse.datatools.sqltools.schemaobjecteditor.nl_pl" unpack="false" version="3.5.0.v20090620043401" download-size="1389" install-size="1389" />
	<plugin fragment="true" id="org.eclipse.datatools.sqltools.schemaobjecteditor.ui.nl_pl" unpack="false" version="3.5.0.v20090620043401" download-size="5847" install-size="5847" />
	<plugin fragment="true" id="org.eclipse.datatools.sqltools.schemaobjecteditor.ui.pages.nl_pl" unpack="false" version="3.5.0.v20090620043401" download-size="3594" install-size="3594" />
	<plugin fragment="true" id="org.eclipse.datatools.sqltools.sql.nl_pl" unpack="false" version="3.5.0.v20090620043401" download-size="2628" install-size="2628" />
	<plugin fragment="true" id="org.eclipse.datatools.sqltools.sql.ui.nl_pl" unpack="false" version="3.5.0.v20090620043401" download-size="1373" install-size="1373" />
	<plugin fragment="true" id="org.eclipse.datatools.sqltools.sqlbuilder.nl_pl" unpack="false" version="3.5.0.v20090620043401" download-size="3452" install-size="3452" />
	<plugin fragment="true" id="org.eclipse.datatools.sqltools.sqleditor.nl_pl" unpack="false" version="3.5.0.v20090620043401" download-size="8474" install-size="8474" />
	<plugin fragment="true" id="org.eclipse.datatools.sqltools.sqlscrapbook.nl_pl" unpack="false" version="3.5.0.v20090620043401" download-size="3688" install-size="3688" />
	<plugin fragment="true" id="org.eclipse.datatools.sqltools.tabledataeditor.nl_pl" unpack="false" version="3.5.0.v20090620043401" download-size="1380" install-size="1380" />
</feature>