<?xml version="1.0" encoding="UTF-8" ?>
<feature
	id="org.eclipse.babel.nls_dsdp.mtj_fr"
	label="Babel Language Pack for dsdp.mtj in French (4.79%)"
	image="eclipse_update_120.jpg"
	provider-name="%providerName"
	version="3.5.0.v20090620043401">
	<copyright>
		%copyright
	</copyright>
	<license url="%licenseURL">
		%license
	</license>
	<description>Babel Language Pack for dsdp.mtj in French</description>
	<plugin fragment="true" id="org.eclipse.mtj.core.nl_fr" unpack="false" version="3.5.0.v20090620043401" download-size="2281" install-size="2281" />
	<plugin fragment="true" id="org.eclipse.mtj.eswt.templates.nl_fr" unpack="false" version="3.5.0.v20090620043401" download-size="2167" install-size="2167" />
	<plugin fragment="true" id="org.eclipse.mtj.jmunit.nl_fr" unpack="false" version="3.5.0.v20090620043401" download-size="1366" install-size="1366" />
	<plugin fragment="true" id="org.eclipse.mtj.pulsar.ui.nl_fr" unpack="false" version="3.5.0.v20090620043401" download-size="2357" install-size="2357" />
	<plugin fragment="true" id="org.eclipse.mtj.ui.nl_fr" unpack="false" version="3.5.0.v20090620043401" download-size="4275" install-size="4275" />
</feature>