<?xml version="1.0" encoding="UTF-8" ?>
<feature
	id="org.eclipse.babel.nls_technology.subversive_en_AU"
	label="Babel Language Pack for technology.subversive in English (Australian) (0.17%)"
	image="eclipse_update_120.jpg"
	provider-name="%providerName"
	version="3.5.0.v20090620043401">
	<copyright>
		%copyright
	</copyright>
	<license url="%licenseURL">
		%license
	</license>
	<description>Babel Language Pack for technology.subversive in English (Australian)</description>
	<plugin fragment="true" id="org.eclipse.team.svn.core.nl_en_AU" unpack="false" version="3.5.0.v20090620043401" download-size="1386" install-size="1386" />
	<plugin fragment="true" id="org.eclipse.team.svn.mylyn.nl_en_AU" unpack="false" version="3.5.0.v20090620043401" download-size="1387" install-size="1387" />
	<plugin fragment="true" id="org.eclipse.team.svn.ui.nl_en_AU" unpack="false" version="3.5.0.v20090620043401" download-size="2227" install-size="2227" />
</feature>