<?xml version="1.0" encoding="UTF-8" ?>
<feature
	id="org.eclipse.babel.nls_tptp.platform_no"
	label="Babel Language Pack for tptp.platform in Norwegian (17.22%)"
	image="eclipse_update_120.jpg"
	provider-name="%providerName"
	version="3.5.0.v20090620043401">
	<copyright>
		%copyright
	</copyright>
	<license url="%licenseURL">
		%license
	</license>
	<description>Babel Language Pack for tptp.platform in Norwegian</description>
	<plugin fragment="true" id="org.eclipse.hyades.analysis.engine.nl_no" unpack="false" version="3.5.0.v20090620043401" download-size="1374" install-size="1374" />
	<plugin fragment="true" id="org.eclipse.hyades.logging.adapter.nl_no" unpack="false" version="3.5.0.v20090620043401" download-size="3071" install-size="3071" />
	<plugin fragment="true" id="org.eclipse.hyades.logging.adapter.ui.nl_no" unpack="false" version="3.5.0.v20090620043401" download-size="4470" install-size="4470" />
	<plugin fragment="true" id="org.eclipse.hyades.logging.parsers.nl_no" unpack="false" version="3.5.0.v20090620043401" download-size="2450" install-size="2450" />
	<plugin fragment="true" id="org.eclipse.hyades.probekit.ui.nl_no" unpack="false" version="3.5.0.v20090620043401" download-size="3854" install-size="3854" />
	<plugin fragment="true" id="org.eclipse.hyades.resources.database.nl_no" unpack="false" version="3.5.0.v20090620043401" download-size="1378" install-size="1378" />
	<plugin fragment="true" id="org.eclipse.hyades.sdb.nl_no" unpack="false" version="3.5.0.v20090620043401" download-size="6189" install-size="6189" />
	<plugin fragment="true" id="org.eclipse.hyades.statistical.ui.nl_no" unpack="false" version="3.5.0.v20090620043401" download-size="1379" install-size="1379" />
	<plugin fragment="true" id="org.eclipse.hyades.test.core.nl_no" unpack="false" version="3.5.0.v20090620043401" download-size="3221" install-size="3221" />
	<plugin fragment="true" id="org.eclipse.hyades.test.tools.ui.nl_no" unpack="false" version="3.5.0.v20090620043401" download-size="3523" install-size="3523" />
	<plugin fragment="true" id="org.eclipse.hyades.test.ui.extensions.nl_no" unpack="false" version="3.5.0.v20090620043401" download-size="2654" install-size="2654" />
	<plugin fragment="true" id="org.eclipse.hyades.test.ui.nl_no" unpack="false" version="3.5.0.v20090620043401" download-size="8958" install-size="8958" />
	<plugin fragment="true" id="org.eclipse.hyades.trace.ui.nl_no" unpack="false" version="3.5.0.v20090620043401" download-size="5831" install-size="5831" />
	<plugin fragment="true" id="org.eclipse.hyades.trace.views.nl_no" unpack="false" version="3.5.0.v20090620043401" download-size="2625" install-size="2625" />
	<plugin fragment="true" id="org.eclipse.hyades.ui.nl_no" unpack="false" version="3.5.0.v20090620043401" download-size="1380" install-size="1380" />
	<plugin fragment="true" id="org.eclipse.tptp.lta.gla.ui.epi.nl_no" unpack="false" version="3.5.0.v20090620043401" download-size="1372" install-size="1372" />
	<plugin fragment="true" id="org.eclipse.tptp.lta.log.epi.nl_no" unpack="false" version="3.5.0.v20090620043401" download-size="1415" install-size="1415" />
	<plugin fragment="true" id="org.eclipse.tptp.lta.runtime.nl_no" unpack="false" version="3.5.0.v20090620043401" download-size="1372" install-size="1372" />
	<plugin fragment="true" id="org.eclipse.tptp.lta.sdb.epi.nl_no" unpack="false" version="3.5.0.v20090620043401" download-size="1374" install-size="1374" />
	<plugin fragment="true" id="org.eclipse.tptp.lta.symptom.epi.nl_no" unpack="false" version="3.5.0.v20090620043401" download-size="1376" install-size="1376" />
	<plugin fragment="true" id="org.eclipse.tptp.monitoring.la.core.nl_no" unpack="false" version="3.5.0.v20090620043401" download-size="1374" install-size="1374" />
	<plugin fragment="true" id="org.eclipse.tptp.monitoring.logui.nl_no" unpack="false" version="3.5.0.v20090620043401" download-size="2725" install-size="2725" />
	<plugin fragment="true" id="org.eclipse.tptp.monitoring.lta.doc.isv.nl_no" unpack="false" version="3.5.0.v20090620043401" download-size="1378" install-size="1378" />
	<plugin fragment="true" id="org.eclipse.tptp.monitoring.lta.doc.user.nl_no" unpack="false" version="3.5.0.v20090620043401" download-size="1378" install-size="1378" />
	<plugin fragment="true" id="org.eclipse.tptp.monitoring.lta.examples.isv.nl_no" unpack="false" version="3.5.0.v20090620043401" download-size="2826" install-size="2826" />
	<plugin fragment="true" id="org.eclipse.tptp.monitoring.lta.examples.nl_no" unpack="false" version="3.5.0.v20090620043401" download-size="2688" install-size="2688" />
	<plugin fragment="true" id="org.eclipse.tptp.monitoring.managedagent.jmx.nl_no" unpack="false" version="3.5.0.v20090620043401" download-size="2653" install-size="2653" />
	<plugin fragment="true" id="org.eclipse.tptp.monitoring.managedagent.ui.nl_no" unpack="false" version="3.5.0.v20090620043401" download-size="4935" install-size="4935" />
	<plugin fragment="true" id="org.eclipse.tptp.monitoring.profile.server.nl_no" unpack="false" version="3.5.0.v20090620043401" download-size="1381" install-size="1381" />
	<plugin fragment="true" id="org.eclipse.tptp.monitoring.report.birt.nl_no" unpack="false" version="3.5.0.v20090620043401" download-size="2586" install-size="2586" />
	<plugin fragment="true" id="org.eclipse.tptp.monitoring.symptom.doc.user.nl_no" unpack="false" version="3.5.0.v20090620043401" download-size="1381" install-size="1381" />
	<plugin fragment="true" id="org.eclipse.tptp.monitoring.symptom.editor.nl_no" unpack="false" version="3.5.0.v20090620043401" download-size="1379" install-size="1379" />
	<plugin fragment="true" id="org.eclipse.tptp.platform.agentcontroller.nl_no" unpack="false" version="3.5.0.v20090620043401" download-size="2557" install-size="2557" />
	<plugin fragment="true" id="org.eclipse.tptp.platform.analysis.codereview.cpp.nl_no" unpack="false" version="3.5.0.v20090620043401" download-size="1384" install-size="1384" />
	<plugin fragment="true" id="org.eclipse.tptp.platform.analysis.codereview.cpp.rules.nl_no" unpack="false" version="3.5.0.v20090620043401" download-size="1474" install-size="1474" />
	<plugin fragment="true" id="org.eclipse.tptp.platform.analysis.codereview.java.nl_no" unpack="false" version="3.5.0.v20090620043401" download-size="1418" install-size="1418" />
	<plugin fragment="true" id="org.eclipse.tptp.platform.analysis.codereview.java.rules.nl_no" unpack="false" version="3.5.0.v20090620043401" download-size="1575" install-size="1575" />
	<plugin fragment="true" id="org.eclipse.tptp.platform.analysis.core.nl_no" unpack="false" version="3.5.0.v20090620043401" download-size="2509" install-size="2509" />
	<plugin fragment="true" id="org.eclipse.tptp.platform.analysis.core.ui.nl_no" unpack="false" version="3.5.0.v20090620043401" download-size="2943" install-size="2943" />
	<plugin fragment="true" id="org.eclipse.tptp.platform.common.nl_no" unpack="false" version="3.5.0.v20090620043401" download-size="2308" install-size="2308" />
	<plugin fragment="true" id="org.eclipse.tptp.platform.common.ui.nl_no" unpack="false" version="3.5.0.v20090620043401" download-size="4743" install-size="4743" />
	<plugin fragment="true" id="org.eclipse.tptp.platform.common.ui.trace.nl_no" unpack="false" version="3.5.0.v20090620043401" download-size="3078" install-size="3078" />
	<plugin fragment="true" id="org.eclipse.tptp.platform.examples.isv.nl_no" unpack="false" version="3.5.0.v20090620043401" download-size="2615" install-size="2615" />
	<plugin fragment="true" id="org.eclipse.tptp.platform.examples.nl_no" unpack="false" version="3.5.0.v20090620043401" download-size="1402" install-size="1402" />
	<plugin fragment="true" id="org.eclipse.tptp.platform.iac.administrator.nl_no" unpack="false" version="3.5.0.v20090620043401" download-size="3279" install-size="3279" />
	<plugin fragment="true" id="org.eclipse.tptp.platform.instrumentation.ui.nl_no" unpack="false" version="3.5.0.v20090620043401" download-size="3167" install-size="3167" />
	<plugin fragment="true" id="org.eclipse.tptp.platform.integration.pde.nl_no" unpack="false" version="3.5.0.v20090620043401" download-size="2722" install-size="2722" />
	<plugin fragment="true" id="org.eclipse.tptp.platform.la.core.nl_no" unpack="false" version="3.5.0.v20090620043401" download-size="2632" install-size="2632" />
	<plugin fragment="true" id="org.eclipse.tptp.platform.llc.core.nl_no" unpack="false" version="3.5.0.v20090620043401" download-size="1374" install-size="1374" />
	<plugin fragment="true" id="org.eclipse.tptp.platform.llc.doc.user.nl_no" unpack="false" version="3.5.0.v20090620043401" download-size="1378" install-size="1378" />
	<plugin fragment="true" id="org.eclipse.tptp.platform.llc.launch.nl_no" unpack="false" version="3.5.0.v20090620043401" download-size="2827" install-size="2827" />
	<plugin fragment="true" id="org.eclipse.tptp.platform.llc.ui.nl_no" unpack="false" version="3.5.0.v20090620043401" download-size="1373" install-size="1373" />
	<plugin fragment="true" id="org.eclipse.tptp.platform.log.doc.user.nl_no" unpack="false" version="3.5.0.v20090620043401" download-size="1376" install-size="1376" />
	<plugin fragment="true" id="org.eclipse.tptp.platform.log.views.nl_no" unpack="false" version="3.5.0.v20090620043401" download-size="3794" install-size="3794" />
	<plugin fragment="true" id="org.eclipse.tptp.platform.lta.common.nl_no" unpack="false" version="3.5.0.v20090620043401" download-size="2415" install-size="2415" />
	<plugin fragment="true" id="org.eclipse.tptp.platform.models.lta.nl_no" unpack="false" version="3.5.0.v20090620043401" download-size="1375" install-size="1375" />
	<plugin fragment="true" id="org.eclipse.tptp.platform.models.nl_no" unpack="false" version="3.5.0.v20090620043401" download-size="3122" install-size="3122" />
	<plugin fragment="true" id="org.eclipse.tptp.platform.probekit.launch.nl_no" unpack="false" version="3.5.0.v20090620043401" download-size="3605" install-size="3605" />
	<plugin fragment="true" id="org.eclipse.tptp.platform.report.birt.nl_no" unpack="false" version="3.5.0.v20090620043401" download-size="1379" install-size="1379" />
	<plugin fragment="true" id="org.eclipse.tptp.platform.report.birt.ui.nl_no" unpack="false" version="3.5.0.v20090620043401" download-size="2527" install-size="2527" />
	<plugin fragment="true" id="org.eclipse.tptp.platform.report.core.nl_no" unpack="false" version="3.5.0.v20090620043401" download-size="1446" install-size="1446" />
	<plugin fragment="true" id="org.eclipse.tptp.platform.report.ui.nl_no" unpack="false" version="3.5.0.v20090620043401" download-size="1463" install-size="1463" />
	<plugin fragment="true" id="org.eclipse.tptp.test.auto.gui.nl_no" unpack="false" version="3.5.0.v20090620043401" download-size="2847" install-size="2847" />
	<plugin fragment="true" id="org.eclipse.tptp.test.auto.nl_no" unpack="false" version="3.5.0.v20090620043401" download-size="1369" install-size="1369" />
	<plugin fragment="true" id="org.eclipse.tptp.test.recorders.url.nl_no" unpack="false" version="3.5.0.v20090620043401" download-size="4727" install-size="4727" />
	<plugin fragment="true" id="org.eclipse.tptp.test.report.birt.nl_no" unpack="false" version="3.5.0.v20090620043401" download-size="3382" install-size="3382" />
	<plugin fragment="true" id="org.eclipse.tptp.test.samples.nl_no" unpack="false" version="3.5.0.v20090620043401" download-size="2817" install-size="2817" />
	<plugin fragment="true" id="org.eclipse.tptp.test.tools.junit.plugin.nl_no" unpack="false" version="3.5.0.v20090620043401" download-size="3194" install-size="3194" />
	<plugin fragment="true" id="org.eclipse.tptp.test.tools.manual.doc.user.nl_no" unpack="false" version="3.5.0.v20090620043401" download-size="1379" install-size="1379" />
	<plugin fragment="true" id="org.eclipse.tptp.test.tools.manual.nl_no" unpack="false" version="3.5.0.v20090620043401" download-size="4089" install-size="4089" />
	<plugin fragment="true" id="org.eclipse.tptp.trace.arm.nl_no" unpack="false" version="3.5.0.v20090620043401" download-size="1398" install-size="1398" />
	<plugin fragment="true" id="org.eclipse.tptp.trace.arm.ui.nl_no" unpack="false" version="3.5.0.v20090620043401" download-size="2501" install-size="2501" />
	<plugin fragment="true" id="org.eclipse.tptp.trace.jvmti.client.nl_no" unpack="false" version="3.5.0.v20090620043401" download-size="2735" install-size="2735" />
	<plugin fragment="true" id="org.eclipse.tptp.trace.memory.nl_no" unpack="false" version="3.5.0.v20090620043401" download-size="1374" install-size="1374" />
	<plugin fragment="true" id="org.eclipse.tptp.trace.report.birt.nl_no" unpack="false" version="3.5.0.v20090620043401" download-size="2499" install-size="2499" />
</feature>