<?xml version="1.0" encoding="UTF-8" ?>
<feature
	id="org.eclipse.babel.nls_birt_ru"
	label="Babel Language Pack for birt in Russian (71.5%)"
	image="eclipse_update_120.jpg"
	provider-name="%providerName"
	version="3.5.0.v20090620043401">
	<copyright>
		%copyright
	</copyright>
	<license url="%licenseURL">
		%license
	</license>
	<description>Babel Language Pack for birt in Russian</description>
	<plugin fragment="true" id="org.eclipse.birt.chart.cshelp.nl_ru" unpack="false" version="3.5.0.v20090620043401" download-size="1554" install-size="1554" />
	<plugin fragment="true" id="org.eclipse.birt.chart.device.extension.nl_ru" unpack="false" version="3.5.0.v20090620043401" download-size="4007" install-size="4007" />
	<plugin fragment="true" id="org.eclipse.birt.chart.device.svg.nl_ru" unpack="false" version="3.5.0.v20090620043401" download-size="2988" install-size="2988" />
	<plugin fragment="true" id="org.eclipse.birt.chart.device.swt.nl_ru" unpack="false" version="3.5.0.v20090620043401" download-size="3168" install-size="3168" />
	<plugin fragment="true" id="org.eclipse.birt.chart.doc.isv.nl_ru" unpack="false" version="3.5.0.v20090620043401" download-size="1554" install-size="1554" />
	<plugin fragment="true" id="org.eclipse.birt.chart.engine.extension.nl_ru" unpack="false" version="3.5.0.v20090620043401" download-size="4939" install-size="4939" />
	<plugin fragment="true" id="org.eclipse.birt.chart.engine.nl_ru" unpack="false" version="3.5.0.v20090620043401" download-size="10261" install-size="10261" />
	<plugin fragment="true" id="org.eclipse.birt.chart.examples.nl_ru" unpack="false" version="3.5.0.v20090620043401" download-size="2614" install-size="2614" />
	<plugin fragment="true" id="org.eclipse.birt.chart.integration.wtp.ui.nl_ru" unpack="false" version="3.5.0.v20090620043401" download-size="2775" install-size="2775" />
	<plugin fragment="true" id="org.eclipse.birt.chart.reportitem.nl_ru" unpack="false" version="3.5.0.v20090620043401" download-size="3873" install-size="3873" />
	<plugin fragment="true" id="org.eclipse.birt.chart.reportitem.ui.nl_ru" unpack="false" version="3.5.0.v20090620043401" download-size="4524" install-size="4524" />
	<plugin fragment="true" id="org.eclipse.birt.chart.runtime.nl_ru" unpack="false" version="3.5.0.v20090620043401" download-size="1531" install-size="1531" />
	<plugin fragment="true" id="org.eclipse.birt.chart.ui.extension.nl_ru" unpack="false" version="3.5.0.v20090620043401" download-size="16556" install-size="16556" />
	<plugin fragment="true" id="org.eclipse.birt.chart.ui.nl_ru" unpack="false" version="3.5.0.v20090620043401" download-size="4200" install-size="4200" />
	<plugin fragment="true" id="org.eclipse.birt.core.nl_ru" unpack="false" version="3.5.0.v20090620043401" download-size="2213" install-size="2213" />
	<plugin fragment="true" id="org.eclipse.birt.core.script.function.nl_ru" unpack="false" version="3.5.0.v20090620043401" download-size="1460" install-size="1460" />
	<plugin fragment="true" id="org.eclipse.birt.core.ui.nl_ru" unpack="false" version="3.5.0.v20090620043401" download-size="2753" install-size="2753" />
	<plugin fragment="true" id="org.eclipse.birt.cshelp.nl_ru" unpack="false" version="3.5.0.v20090620043401" download-size="1539" install-size="1539" />
	<plugin fragment="true" id="org.eclipse.birt.data.aggregation.nl_ru" unpack="false" version="3.5.0.v20090620043401" download-size="2402" install-size="2402" />
	<plugin fragment="true" id="org.eclipse.birt.data.nl_ru" unpack="false" version="3.5.0.v20090620043401" download-size="8771" install-size="8771" />
	<plugin fragment="true" id="org.eclipse.birt.data.tests.nl_ru" unpack="false" version="3.5.0.v20090620043401" download-size="1401" install-size="1401" />
	<plugin fragment="true" id="org.eclipse.birt.doc.isv.nl_ru" unpack="false" version="3.5.0.v20090620043401" download-size="1540" install-size="1540" />
	<plugin fragment="true" id="org.eclipse.birt.doc.nl_ru" unpack="false" version="3.5.0.v20090620043401" download-size="1531" install-size="1531" />
	<plugin fragment="true" id="org.eclipse.birt.example.nl_ru" unpack="false" version="3.5.0.v20090620043401" download-size="1525" install-size="1525" />
	<plugin fragment="true" id="org.eclipse.birt.integration.wtp.ui.nl_ru" unpack="false" version="3.5.0.v20090620043401" download-size="2788" install-size="2788" />
	<plugin fragment="true" id="org.eclipse.birt.nl_ru" unpack="false" version="3.5.0.v20090620043401" download-size="1375" install-size="1375" />
	<plugin fragment="true" id="org.eclipse.birt.report.data.adapter.nl_ru" unpack="false" version="3.5.0.v20090620043401" download-size="2735" install-size="2735" />
	<plugin fragment="true" id="org.eclipse.birt.report.data.oda.jdbc.dbprofile.nl_ru" unpack="false" version="3.5.0.v20090620043401" download-size="1569" install-size="1569" />
	<plugin fragment="true" id="org.eclipse.birt.report.data.oda.jdbc.dbprofile.ui.nl_ru" unpack="false" version="3.5.0.v20090620043401" download-size="1424" install-size="1424" />
	<plugin fragment="true" id="org.eclipse.birt.report.data.oda.jdbc.nl_ru" unpack="false" version="3.5.0.v20090620043401" download-size="4831" install-size="4831" />
	<plugin fragment="true" id="org.eclipse.birt.report.data.oda.jdbc.ui.nl_ru" unpack="false" version="3.5.0.v20090620043401" download-size="5937" install-size="5937" />
	<plugin fragment="true" id="org.eclipse.birt.report.data.oda.sampledb.nl_ru" unpack="false" version="3.5.0.v20090620043401" download-size="1679" install-size="1679" />
	<plugin fragment="true" id="org.eclipse.birt.report.data.oda.sampledb.ui.nl_ru" unpack="false" version="3.5.0.v20090620043401" download-size="3623" install-size="3623" />
	<plugin fragment="true" id="org.eclipse.birt.report.data.oda.xml.nl_ru" unpack="false" version="3.5.0.v20090620043401" download-size="3153" install-size="3153" />
	<plugin fragment="true" id="org.eclipse.birt.report.data.oda.xml.ui.nl_ru" unpack="false" version="3.5.0.v20090620043401" download-size="1847" install-size="1847" />
	<plugin fragment="true" id="org.eclipse.birt.report.debug.core.nl_ru" unpack="false" version="3.5.0.v20090620043401" download-size="1561" install-size="1561" />
	<plugin fragment="true" id="org.eclipse.birt.report.debug.ui.nl_ru" unpack="false" version="3.5.0.v20090620043401" download-size="2893" install-size="2893" />
	<plugin fragment="true" id="org.eclipse.birt.report.designer.core.nl_ru" unpack="false" version="3.5.0.v20090620043401" download-size="42067" install-size="42067" />
	<plugin fragment="true" id="org.eclipse.birt.report.designer.nl_ru" unpack="false" version="3.5.0.v20090620043401" download-size="1548" install-size="1548" />
	<plugin fragment="true" id="org.eclipse.birt.report.designer.tests.nl_ru" unpack="false" version="3.5.0.v20090620043401" download-size="2666" install-size="2666" />
	<plugin fragment="true" id="org.eclipse.birt.report.designer.ui.cubebuilder.nl_ru" unpack="false" version="3.5.0.v20090620043401" download-size="3403" install-size="3403" />
	<plugin fragment="true" id="org.eclipse.birt.report.designer.ui.editor.script.nl_ru" unpack="false" version="3.5.0.v20090620043401" download-size="1431" install-size="1431" />
	<plugin fragment="true" id="org.eclipse.birt.report.designer.ui.editor.xml.wtp.nl_ru" unpack="false" version="3.5.0.v20090620043401" download-size="1850" install-size="1850" />
	<plugin fragment="true" id="org.eclipse.birt.report.designer.ui.editors.nl_ru" unpack="false" version="3.5.0.v20090620043401" download-size="1439" install-size="1439" />
	<plugin fragment="true" id="org.eclipse.birt.report.designer.ui.editors.schematic.nl_ru" unpack="false" version="3.5.0.v20090620043401" download-size="1591" install-size="1591" />
	<plugin fragment="true" id="org.eclipse.birt.report.designer.ui.ide.nl_ru" unpack="false" version="3.5.0.v20090620043401" download-size="1753" install-size="1753" />
	<plugin fragment="true" id="org.eclipse.birt.report.designer.ui.lib.explorer.nl_ru" unpack="false" version="3.5.0.v20090620043401" download-size="1417" install-size="1417" />
	<plugin fragment="true" id="org.eclipse.birt.report.designer.ui.lib.nl_ru" unpack="false" version="3.5.0.v20090620043401" download-size="1698" install-size="1698" />
	<plugin fragment="true" id="org.eclipse.birt.report.designer.ui.nl_ru" unpack="false" version="3.5.0.v20090620043401" download-size="2032" install-size="2032" />
	<plugin fragment="true" id="org.eclipse.birt.report.designer.ui.preview.nl_ru" unpack="false" version="3.5.0.v20090620043401" download-size="1533" install-size="1533" />
	<plugin fragment="true" id="org.eclipse.birt.report.designer.ui.preview.web.nl_ru" unpack="false" version="3.5.0.v20090620043401" download-size="1576" install-size="1576" />
	<plugin fragment="true" id="org.eclipse.birt.report.designer.ui.rcp.nl_ru" unpack="false" version="3.5.0.v20090620043401" download-size="3167" install-size="3167" />
	<plugin fragment="true" id="org.eclipse.birt.report.designer.ui.samples.ide.nl_ru" unpack="false" version="3.5.0.v20090620043401" download-size="3179" install-size="3179" />
	<plugin fragment="true" id="org.eclipse.birt.report.designer.ui.views.nl_ru" unpack="false" version="3.5.0.v20090620043401" download-size="1425" install-size="1425" />
	<plugin fragment="true" id="org.eclipse.birt.report.engine.emitter.config.html.nl_ru" unpack="false" version="3.5.0.v20090620043401" download-size="2809" install-size="2809" />
	<plugin fragment="true" id="org.eclipse.birt.report.engine.emitter.config.pdf.nl_ru" unpack="false" version="3.5.0.v20090620043401" download-size="2743" install-size="2743" />
	<plugin fragment="true" id="org.eclipse.birt.report.engine.nl_ru" unpack="false" version="3.5.0.v20090620043401" download-size="3434" install-size="3434" />
	<plugin fragment="true" id="org.eclipse.birt.report.item.crosstab.core.nl_ru" unpack="false" version="3.5.0.v20090620043401" download-size="3277" install-size="3277" />
	<plugin fragment="true" id="org.eclipse.birt.report.item.crosstab.ui.nl_ru" unpack="false" version="3.5.0.v20090620043401" download-size="4524" install-size="4524" />
	<plugin fragment="true" id="org.eclipse.birt.report.model.nl_ru" unpack="false" version="3.5.0.v20090620043401" download-size="42619" install-size="42619" />
	<plugin fragment="true" id="org.eclipse.birt.report.model.tests.nl_ru" unpack="false" version="3.5.0.v20090620043401" download-size="2313" install-size="2313" />
	<plugin fragment="true" id="org.eclipse.birt.report.runtime.nl_ru" unpack="false" version="3.5.0.v20090620043401" download-size="1552" install-size="1552" />
	<plugin fragment="true" id="org.eclipse.birt.report.viewer.nl_ru" unpack="false" version="3.5.0.v20090620043401" download-size="7078" install-size="7078" />
	<plugin fragment="true" id="org.eclipse.birt.resources.nl_ru" unpack="false" version="3.5.0.v20090620043401" download-size="1443" install-size="1443" />
	<plugin fragment="true" id="org.eclipse.birt.sdk.nl_ru" unpack="false" version="3.5.0.v20090620043401" download-size="1553" install-size="1553" />
	<plugin fragment="true" id="org.eclipse.birt.tests.data.nl_ru" unpack="false" version="3.5.0.v20090620043401" download-size="1401" install-size="1401" />
</feature>