<?xml version="1.0" encoding="UTF-8" ?>
<feature
	id="org.eclipse.babel.nls_webtools.jsf_iw"
	label="Babel Language Pack for webtools.jsf in Hebrew (23.53%)"
	image="eclipse_update_120.jpg"
	provider-name="%providerName"
	version="3.5.0.v20090620043401">
	<copyright>
		%copyright
	</copyright>
	<license url="%licenseURL">
		%license
	</license>
	<description>Babel Language Pack for webtools.jsf in Hebrew</description>
	<plugin fragment="true" id="org.eclipse.jst.jsf.apache.trinidad.tagsupport.nl_iw" unpack="false" version="3.5.0.v20090620043401" download-size="3057" install-size="3057" />
	<plugin fragment="true" id="org.eclipse.jst.jsf.common.nl_iw" unpack="false" version="3.5.0.v20090620043401" download-size="2740" install-size="2740" />
	<plugin fragment="true" id="org.eclipse.jst.jsf.common.runtime.nl_iw" unpack="false" version="3.5.0.v20090620043401" download-size="1377" install-size="1377" />
	<plugin fragment="true" id="org.eclipse.jst.jsf.common.ui.nl_iw" unpack="false" version="3.5.0.v20090620043401" download-size="4474" install-size="4474" />
	<plugin fragment="true" id="org.eclipse.jst.jsf.core.nl_iw" unpack="false" version="3.5.0.v20090620043401" download-size="5772" install-size="5772" />
	<plugin fragment="true" id="org.eclipse.jst.jsf.facesconfig.nl_iw" unpack="false" version="3.5.0.v20090620043401" download-size="4873" install-size="4873" />
	<plugin fragment="true" id="org.eclipse.jst.jsf.facesconfig.ui.nl_iw" unpack="false" version="3.5.0.v20090620043401" download-size="6823" install-size="6823" />
	<plugin fragment="true" id="org.eclipse.jst.jsf.standard.tagsupport.nl_iw" unpack="false" version="3.5.0.v20090620043401" download-size="2610" install-size="2610" />
	<plugin fragment="true" id="org.eclipse.jst.jsf.ui.nl_iw" unpack="false" version="3.5.0.v20090620043401" download-size="4340" install-size="4340" />
	<plugin fragment="true" id="org.eclipse.jst.pagedesigner.jsf.ui.nl_iw" unpack="false" version="3.5.0.v20090620043401" download-size="4725" install-size="4725" />
	<plugin fragment="true" id="org.eclipse.jst.pagedesigner.jsp.core.nl_iw" unpack="false" version="3.5.0.v20090620043401" download-size="1376" install-size="1376" />
	<plugin fragment="true" id="org.eclipse.jst.pagedesigner.nl_iw" unpack="false" version="3.5.0.v20090620043401" download-size="8467" install-size="8467" />
</feature>