<?xml version="1.0" encoding="UTF-8" ?>
<feature
	id="org.eclipse.babel.nls_technology.dltk_cs"
	label="Babel Language Pack for technology.dltk in Czech (56.7%)"
	image="eclipse_update_120.jpg"
	provider-name="%providerName"
	version="3.5.0.v20090620043401">
	<copyright>
		%copyright
	</copyright>
	<license url="%licenseURL">
		%license
	</license>
	<description>Babel Language Pack for technology.dltk in Czech</description>
	<plugin fragment="true" id="org.eclipse.dltk.console.nl_cs" unpack="false" version="3.5.0.v20090620043401" download-size="1368" install-size="1368" />
	<plugin fragment="true" id="org.eclipse.dltk.console.ui.nl_cs" unpack="false" version="3.5.0.v20090620043401" download-size="2421" install-size="2421" />
	<plugin fragment="true" id="org.eclipse.dltk.core.doc.isv.nl_cs" unpack="false" version="3.5.0.v20090620043401" download-size="1372" install-size="1372" />
	<plugin fragment="true" id="org.eclipse.dltk.core.nl_cs" unpack="false" version="3.5.0.v20090620043401" download-size="5724" install-size="5724" />
	<plugin fragment="true" id="org.eclipse.dltk.debug.nl_cs" unpack="false" version="3.5.0.v20090620043401" download-size="3295" install-size="3295" />
	<plugin fragment="true" id="org.eclipse.dltk.debug.ui.nl_cs" unpack="false" version="3.5.0.v20090620043401" download-size="9997" install-size="9997" />
	<plugin fragment="true" id="org.eclipse.dltk.formatter.nl_cs" unpack="false" version="3.5.0.v20090620043401" download-size="2331" install-size="2331" />
	<plugin fragment="true" id="org.eclipse.dltk.itcl.core.nl_cs" unpack="false" version="3.5.0.v20090620043401" download-size="1370" install-size="1370" />
	<plugin fragment="true" id="org.eclipse.dltk.itcl.nl_cs" unpack="false" version="3.5.0.v20090620043401" download-size="1366" install-size="1366" />
	<plugin fragment="true" id="org.eclipse.dltk.itcl.ui.nl_cs" unpack="false" version="3.5.0.v20090620043401" download-size="1369" install-size="1369" />
	<plugin fragment="true" id="org.eclipse.dltk.javascript.core.dom.support.nl_cs" unpack="false" version="3.5.0.v20090620043401" download-size="1380" install-size="1380" />
	<plugin fragment="true" id="org.eclipse.dltk.javascript.core.nl_cs" unpack="false" version="3.5.0.v20090620043401" download-size="1374" install-size="1374" />
	<plugin fragment="true" id="org.eclipse.dltk.javascript.debug.nl_cs" unpack="false" version="3.5.0.v20090620043401" download-size="1375" install-size="1375" />
	<plugin fragment="true" id="org.eclipse.dltk.javascript.debug.ui.nl_cs" unpack="false" version="3.5.0.v20090620043401" download-size="3345" install-size="3345" />
	<plugin fragment="true" id="org.eclipse.dltk.javascript.formatter.nl_cs" unpack="false" version="3.5.0.v20090620043401" download-size="3079" install-size="3079" />
	<plugin fragment="true" id="org.eclipse.dltk.javascript.jsjdtdebugger.nl_cs" unpack="false" version="3.5.0.v20090620043401" download-size="1380" install-size="1380" />
	<plugin fragment="true" id="org.eclipse.dltk.javascript.launching.nl_cs" unpack="false" version="3.5.0.v20090620043401" download-size="1378" install-size="1378" />
	<plugin fragment="true" id="org.eclipse.dltk.javascript.rhino.dbgp.nl_cs" unpack="false" version="3.5.0.v20090620043401" download-size="1378" install-size="1378" />
	<plugin fragment="true" id="org.eclipse.dltk.javascript.rhino.nl_cs" unpack="false" version="3.5.0.v20090620043401" download-size="1374" install-size="1374" />
	<plugin fragment="true" id="org.eclipse.dltk.javascript.ui.nl_cs" unpack="false" version="3.5.0.v20090620043401" download-size="4197" install-size="4197" />
	<plugin fragment="true" id="org.eclipse.dltk.launching.nl_cs" unpack="false" version="3.5.0.v20090620043401" download-size="2996" install-size="2996" />
	<plugin fragment="true" id="org.eclipse.dltk.mylyn.nl_cs" unpack="false" version="3.5.0.v20090620043401" download-size="1368" install-size="1368" />
	<plugin fragment="true" id="org.eclipse.dltk.nl_cs" unpack="false" version="3.5.0.v20090620043401" download-size="1361" install-size="1361" />
	<plugin fragment="true" id="org.eclipse.dltk.python.activestatedebugger.nl_cs" unpack="false" version="3.5.0.v20090620043401" download-size="1381" install-size="1381" />
	<plugin fragment="true" id="org.eclipse.dltk.python.core.nl_cs" unpack="false" version="3.5.0.v20090620043401" download-size="1371" install-size="1371" />
	<plugin fragment="true" id="org.eclipse.dltk.python.debug.nl_cs" unpack="false" version="3.5.0.v20090620043401" download-size="1373" install-size="1373" />
	<plugin fragment="true" id="org.eclipse.dltk.python.debug.ui.nl_cs" unpack="false" version="3.5.0.v20090620043401" download-size="3117" install-size="3117" />
	<plugin fragment="true" id="org.eclipse.dltk.python.launching.nl_cs" unpack="false" version="3.5.0.v20090620043401" download-size="1375" install-size="1375" />
	<plugin fragment="true" id="org.eclipse.dltk.python.ui.nl_cs" unpack="false" version="3.5.0.v20090620043401" download-size="2843" install-size="2843" />
	<plugin fragment="true" id="org.eclipse.dltk.rse.core.nl_cs" unpack="false" version="3.5.0.v20090620043401" download-size="1369" install-size="1369" />
	<plugin fragment="true" id="org.eclipse.dltk.rse.nl_cs" unpack="false" version="3.5.0.v20090620043401" download-size="1365" install-size="1365" />
	<plugin fragment="true" id="org.eclipse.dltk.rse.ui.nl_cs" unpack="false" version="3.5.0.v20090620043401" download-size="1368" install-size="1368" />
	<plugin fragment="true" id="org.eclipse.dltk.ruby.abstractdebugger.nl_cs" unpack="false" version="3.5.0.v20090620043401" download-size="1377" install-size="1377" />
	<plugin fragment="true" id="org.eclipse.dltk.ruby.activestatedebugger.nl_cs" unpack="false" version="3.5.0.v20090620043401" download-size="1380" install-size="1380" />
	<plugin fragment="true" id="org.eclipse.dltk.ruby.basicdebugger.nl_cs" unpack="false" version="3.5.0.v20090620043401" download-size="1375" install-size="1375" />
	<plugin fragment="true" id="org.eclipse.dltk.ruby.core.nl_cs" unpack="false" version="3.5.0.v20090620043401" download-size="1932" install-size="1932" />
	<plugin fragment="true" id="org.eclipse.dltk.ruby.debug.nl_cs" unpack="false" version="3.5.0.v20090620043401" download-size="1370" install-size="1370" />
	<plugin fragment="true" id="org.eclipse.dltk.ruby.debug.ui.nl_cs" unpack="false" version="3.5.0.v20090620043401" download-size="3106" install-size="3106" />
	<plugin fragment="true" id="org.eclipse.dltk.ruby.fastdebugger.nl_cs" unpack="false" version="3.5.0.v20090620043401" download-size="1375" install-size="1375" />
	<plugin fragment="true" id="org.eclipse.dltk.ruby.formatter.nl_cs" unpack="false" version="3.5.0.v20090620043401" download-size="2548" install-size="2548" />
	<plugin fragment="true" id="org.eclipse.dltk.ruby.launching.nl_cs" unpack="false" version="3.5.0.v20090620043401" download-size="1375" install-size="1375" />
	<plugin fragment="true" id="org.eclipse.dltk.ruby.nl_cs" unpack="false" version="3.5.0.v20090620043401" download-size="1366" install-size="1366" />
	<plugin fragment="true" id="org.eclipse.dltk.ruby.testing.nl_cs" unpack="false" version="3.5.0.v20090620043401" download-size="1373" install-size="1373" />
	<plugin fragment="true" id="org.eclipse.dltk.ruby.ui.nl_cs" unpack="false" version="3.5.0.v20090620043401" download-size="5059" install-size="5059" />
	<plugin fragment="true" id="org.eclipse.dltk.tcl.activestatedebugger.nl_cs" unpack="false" version="3.5.0.v20090620043401" download-size="2736" install-size="2736" />
	<plugin fragment="true" id="org.eclipse.dltk.tcl.core.nl_cs" unpack="false" version="3.5.0.v20090620043401" download-size="1388" install-size="1388" />
	<plugin fragment="true" id="org.eclipse.dltk.tcl.debug.nl_cs" unpack="false" version="3.5.0.v20090620043401" download-size="1370" install-size="1370" />
	<plugin fragment="true" id="org.eclipse.dltk.tcl.debug.ui.nl_cs" unpack="false" version="3.5.0.v20090620043401" download-size="3590" install-size="3590" />
	<plugin fragment="true" id="org.eclipse.dltk.tcl.doc.user.nl_cs" unpack="false" version="3.5.0.v20090620043401" download-size="1734" install-size="1734" />
	<plugin fragment="true" id="org.eclipse.dltk.tcl.launching.nl_cs" unpack="false" version="3.5.0.v20090620043401" download-size="1373" install-size="1373" />
	<plugin fragment="true" id="org.eclipse.dltk.tcl.nl_cs" unpack="false" version="3.5.0.v20090620043401" download-size="1365" install-size="1365" />
	<plugin fragment="true" id="org.eclipse.dltk.tcl.parser.nl_cs" unpack="false" version="3.5.0.v20090620043401" download-size="2984" install-size="2984" />
	<plugin fragment="true" id="org.eclipse.dltk.tcl.tclchecker.nl_cs" unpack="false" version="3.5.0.v20090620043401" download-size="4226" install-size="4226" />
	<plugin fragment="true" id="org.eclipse.dltk.tcl.tcllib.nl_cs" unpack="false" version="3.5.0.v20090620043401" download-size="1371" install-size="1371" />
	<plugin fragment="true" id="org.eclipse.dltk.tcl.testing.nl_cs" unpack="false" version="3.5.0.v20090620043401" download-size="1370" install-size="1370" />
	<plugin fragment="true" id="org.eclipse.dltk.tcl.testing.tcltest.nl_cs" unpack="false" version="3.5.0.v20090620043401" download-size="1375" install-size="1375" />
	<plugin fragment="true" id="org.eclipse.dltk.tcl.ui.nl_cs" unpack="false" version="3.5.0.v20090620043401" download-size="4446" install-size="4446" />
	<plugin fragment="true" id="org.eclipse.dltk.tcl.validators.nl_cs" unpack="false" version="3.5.0.v20090620043401" download-size="1374" install-size="1374" />
	<plugin fragment="true" id="org.eclipse.dltk.testing.nl_cs" unpack="false" version="3.5.0.v20090620043401" download-size="8575" install-size="8575" />
	<plugin fragment="true" id="org.eclipse.dltk.ui.nl_cs" unpack="false" version="3.5.0.v20090620043401" download-size="78978" install-size="78978" />
	<plugin fragment="true" id="org.eclipse.dltk.validators.core.nl_cs" unpack="false" version="3.5.0.v20090620043401" download-size="2909" install-size="2909" />
	<plugin fragment="true" id="org.eclipse.dltk.validators.externalchecker.nl_cs" unpack="false" version="3.5.0.v20090620043401" download-size="3418" install-size="3418" />
	<plugin fragment="true" id="org.eclipse.dltk.validators.ui.nl_cs" unpack="false" version="3.5.0.v20090620043401" download-size="3331" install-size="3331" />
	<plugin fragment="true" id="org.eclipse.dltk.xotcl.core.nl_cs" unpack="false" version="3.5.0.v20090620043401" download-size="1370" install-size="1370" />
	<plugin fragment="true" id="org.eclipse.dltk.xotcl.nl_cs" unpack="false" version="3.5.0.v20090620043401" download-size="1366" install-size="1366" />
	<plugin fragment="true" id="org.eclipse.dltk.xotcl.testing.xounit.nl_cs" unpack="false" version="3.5.0.v20090620043401" download-size="1377" install-size="1377" />
	<plugin fragment="true" id="org.eclipse.dltk.xotcl.ui.nl_cs" unpack="false" version="3.5.0.v20090620043401" download-size="1369" install-size="1369" />
</feature>