<?xml version="1.0" encoding="UTF-8" ?>
<feature
	id="org.eclipse.babel.nls_modeling.m2m_el"
	label="Babel Language Pack for modeling.m2m in Greek (21.78%)"
	image="eclipse_update_120.jpg"
	provider-name="%providerName"
	version="3.5.0.v20090620043401">
	<copyright>
		%copyright
	</copyright>
	<license url="%licenseURL">
		%license
	</license>
	<description>Babel Language Pack for modeling.m2m in Greek</description>
	<plugin fragment="true" id="org.eclipse.m2m.atl.adt.debug.nl_el" unpack="false" version="3.5.0.v20090620043401" download-size="2420" install-size="2420" />
	<plugin fragment="true" id="org.eclipse.m2m.atl.adt.editor.nl_el" unpack="false" version="3.5.0.v20090620043401" download-size="3917" install-size="3917" />
	<plugin fragment="true" id="org.eclipse.m2m.atl.adt.nl_el" unpack="false" version="3.5.0.v20090620043401" download-size="2247" install-size="2247" />
	<plugin fragment="true" id="org.eclipse.m2m.atl.adt.ui.nl_el" unpack="false" version="3.5.0.v20090620043401" download-size="2497" install-size="2497" />
	<plugin fragment="true" id="org.eclipse.m2m.atl.common.nl_el" unpack="false" version="3.5.0.v20090620043401" download-size="1368" install-size="1368" />
	<plugin fragment="true" id="org.eclipse.m2m.atl.core.ant.nl_el" unpack="false" version="3.5.0.v20090620043401" download-size="1369" install-size="1369" />
	<plugin fragment="true" id="org.eclipse.m2m.atl.core.emf.nl_el" unpack="false" version="3.5.0.v20090620043401" download-size="1369" install-size="1369" />
	<plugin fragment="true" id="org.eclipse.m2m.atl.core.nl_el" unpack="false" version="3.5.0.v20090620043401" download-size="1367" install-size="1367" />
	<plugin fragment="true" id="org.eclipse.m2m.atl.core.ui.nl_el" unpack="false" version="3.5.0.v20090620043401" download-size="2547" install-size="2547" />
	<plugin fragment="true" id="org.eclipse.m2m.atl.core.ui.vm.nl_el" unpack="false" version="3.5.0.v20090620043401" download-size="1371" install-size="1371" />
	<plugin fragment="true" id="org.eclipse.m2m.atl.doc.nl_el" unpack="false" version="3.5.0.v20090620043401" download-size="1366" install-size="1366" />
	<plugin fragment="true" id="org.eclipse.m2m.atl.drivers.emf4atl.nl_el" unpack="false" version="3.5.0.v20090620043401" download-size="1374" install-size="1374" />
	<plugin fragment="true" id="org.eclipse.m2m.atl.drivers.uml24atl.nl_el" unpack="false" version="3.5.0.v20090620043401" download-size="1375" install-size="1375" />
	<plugin fragment="true" id="org.eclipse.m2m.atl.dsls.nl_el" unpack="false" version="3.5.0.v20090620043401" download-size="1367" install-size="1367" />
	<plugin fragment="true" id="org.eclipse.m2m.atl.engine.emfvm.nl_el" unpack="false" version="3.5.0.v20090620043401" download-size="1372" install-size="1372" />
	<plugin fragment="true" id="org.eclipse.m2m.atl.engine.nl_el" unpack="false" version="3.5.0.v20090620043401" download-size="2223" install-size="2223" />
	<plugin fragment="true" id="org.eclipse.m2m.atl.engine.vm.nl_el" unpack="false" version="3.5.0.v20090620043401" download-size="1370" install-size="1370" />
	<plugin fragment="true" id="org.eclipse.m2m.atl.examples.nl_el" unpack="false" version="3.5.0.v20090620043401" download-size="1370" install-size="1370" />
	<plugin fragment="true" id="org.eclipse.m2m.atl.nl_el" unpack="false" version="3.5.0.v20090620043401" download-size="1364" install-size="1364" />
	<plugin fragment="true" id="org.eclipse.m2m.atl.tests.nl_el" unpack="false" version="3.5.0.v20090620043401" download-size="1367" install-size="1367" />
	<plugin fragment="true" id="org.eclipse.m2m.qvt.oml.common.nl_el" unpack="false" version="3.5.0.v20090620043401" download-size="1371" install-size="1371" />
	<plugin fragment="true" id="org.eclipse.m2m.qvt.oml.common.ui.nl_el" unpack="false" version="3.5.0.v20090620043401" download-size="3976" install-size="3976" />
	<plugin fragment="true" id="org.eclipse.m2m.qvt.oml.cst.parser.nl_el" unpack="false" version="3.5.0.v20090620043401" download-size="1372" install-size="1372" />
	<plugin fragment="true" id="org.eclipse.m2m.qvt.oml.doc.nl_el" unpack="false" version="3.5.0.v20090620043401" download-size="1369" install-size="1369" />
	<plugin fragment="true" id="org.eclipse.m2m.qvt.oml.ecore.imperativeocl.nl_el" unpack="false" version="3.5.0.v20090620043401" download-size="1379" install-size="1379" />
	<plugin fragment="true" id="org.eclipse.m2m.qvt.oml.editor.ui.nl_el" unpack="false" version="3.5.0.v20090620043401" download-size="3550" install-size="3550" />
	<plugin fragment="true" id="org.eclipse.m2m.qvt.oml.emf.util.nl_el" unpack="false" version="3.5.0.v20090620043401" download-size="1373" install-size="1373" />
	<plugin fragment="true" id="org.eclipse.m2m.qvt.oml.emf.util.ui.nl_el" unpack="false" version="3.5.0.v20090620043401" download-size="1374" install-size="1374" />
	<plugin fragment="true" id="org.eclipse.m2m.qvt.oml.examples.blackbox.nl_el" unpack="false" version="3.5.0.v20090620043401" download-size="1378" install-size="1378" />
	<plugin fragment="true" id="org.eclipse.m2m.qvt.oml.examples.omg.nl_el" unpack="false" version="3.5.0.v20090620043401" download-size="1375" install-size="1375" />
	<plugin fragment="true" id="org.eclipse.m2m.qvt.oml.nl_el" unpack="false" version="3.5.0.v20090620043401" download-size="1366" install-size="1366" />
	<plugin fragment="true" id="org.eclipse.m2m.qvt.oml.ocl.nl_el" unpack="false" version="3.5.0.v20090620043401" download-size="1369" install-size="1369" />
	<plugin fragment="true" id="org.eclipse.m2m.qvt.oml.project.nl_el" unpack="false" version="3.5.0.v20090620043401" download-size="1372" install-size="1372" />
	<plugin fragment="true" id="org.eclipse.m2m.qvt.oml.runtime.nl_el" unpack="false" version="3.5.0.v20090620043401" download-size="2765" install-size="2765" />
	<plugin fragment="true" id="org.eclipse.m2m.qvt.oml.runtime.ui.nl_el" unpack="false" version="3.5.0.v20090620043401" download-size="4172" install-size="4172" />
	<plugin fragment="true" id="org.eclipse.m2m.qvt.oml.samples.nl_el" unpack="false" version="3.5.0.v20090620043401" download-size="4580" install-size="4580" />
	<plugin fragment="true" id="org.eclipse.m2m.qvt.oml.trace.edit.nl_el" unpack="false" version="3.5.0.v20090620043401" download-size="2486" install-size="2486" />
	<plugin fragment="true" id="org.eclipse.m2m.qvt.oml.ui.nl_el" unpack="false" version="3.5.0.v20090620043401" download-size="3822" install-size="3822" />
	<plugin fragment="true" id="org.eclipse.m2m.tests.qvt.oml.nl_el" unpack="false" version="3.5.0.v20090620043401" download-size="1370" install-size="1370" />
	<plugin fragment="true" id="org.eclipse.m2m.tests.qvt.oml.ui.nl_el" unpack="false" version="3.5.0.v20090620043401" download-size="1372" install-size="1372" />
</feature>