<?xml version="1.0" encoding="UTF-8" ?>
<feature
	id="org.eclipse.babel.nls_webtools.servertools_fr"
	label="Babel Language Pack for webtools.servertools in French (74.06%)"
	image="eclipse_update_120.jpg"
	provider-name="%providerName"
	version="3.5.0.v20090620043401">
	<copyright>
		%copyright
	</copyright>
	<license url="%licenseURL">
		%license
	</license>
	<description>Babel Language Pack for webtools.servertools in French</description>
	<plugin fragment="true" id="org.apache.cactus.nl_fr" unpack="false" version="3.5.0.v20090620043401" download-size="1369" install-size="1369" />
	<plugin fragment="true" id="org.eclipse.jst.server.core.nl_fr" unpack="false" version="3.5.0.v20090620043401" download-size="3305" install-size="3305" />
	<plugin fragment="true" id="org.eclipse.jst.server.generic.core.nl_fr" unpack="false" version="3.5.0.v20090620043401" download-size="3470" install-size="3470" />
	<plugin fragment="true" id="org.eclipse.jst.server.generic.jboss.nl_fr" unpack="false" version="3.5.0.v20090620043401" download-size="1734" install-size="1734" />
	<plugin fragment="true" id="org.eclipse.jst.server.generic.jonas.nl_fr" unpack="false" version="3.5.0.v20090620043401" download-size="1766" install-size="1766" />
	<plugin fragment="true" id="org.eclipse.jst.server.generic.oc4j.nl_fr" unpack="false" version="3.5.0.v20090620043401" download-size="1902" install-size="1902" />
	<plugin fragment="true" id="org.eclipse.jst.server.generic.ui.nl_fr" unpack="false" version="3.5.0.v20090620043401" download-size="2990" install-size="2990" />
	<plugin fragment="true" id="org.eclipse.jst.server.installable.nl_fr" unpack="false" version="3.5.0.v20090620043401" download-size="1432" install-size="1432" />
	<plugin fragment="true" id="org.eclipse.jst.server.preview.adapter.nl_fr" unpack="false" version="3.5.0.v20090620043401" download-size="2862" install-size="2862" />
	<plugin fragment="true" id="org.eclipse.jst.server.tomcat.core.nl_fr" unpack="false" version="3.5.0.v20090620043401" download-size="4909" install-size="4909" />
	<plugin fragment="true" id="org.eclipse.jst.server.tomcat.ui.nl_fr" unpack="false" version="3.5.0.v20090620043401" download-size="3443" install-size="3443" />
	<plugin fragment="true" id="org.eclipse.jst.server.ui.doc.user.nl_fr" unpack="false" version="3.5.0.v20090620043401" download-size="1422" install-size="1422" />
	<plugin fragment="true" id="org.eclipse.jst.server.ui.infopop.nl_fr" unpack="false" version="3.5.0.v20090620043401" download-size="1419" install-size="1419" />
	<plugin fragment="true" id="org.eclipse.jst.server.ui.nl_fr" unpack="false" version="3.5.0.v20090620043401" download-size="2843" install-size="2843" />
	<plugin fragment="true" id="org.eclipse.jst.server.websphere.core.nl_fr" unpack="false" version="3.5.0.v20090620043401" download-size="1661" install-size="1661" />
	<plugin fragment="true" id="org.eclipse.servertools.doc.isv.nl_fr" unpack="false" version="3.5.0.v20090620043401" download-size="1371" install-size="1371" />
	<plugin fragment="true" id="org.eclipse.wst.internet.monitor.core.nl_fr" unpack="false" version="3.5.0.v20090620043401" download-size="2918" install-size="2918" />
	<plugin fragment="true" id="org.eclipse.wst.internet.monitor.ui.nl_fr" unpack="false" version="3.5.0.v20090620043401" download-size="3320" install-size="3320" />
	<plugin fragment="true" id="org.eclipse.wst.server.core.nl_fr" unpack="false" version="3.5.0.v20090620043401" download-size="3814" install-size="3814" />
	<plugin fragment="true" id="org.eclipse.wst.server.discovery.nl_fr" unpack="false" version="3.5.0.v20090620043401" download-size="2645" install-size="2645" />
	<plugin fragment="true" id="org.eclipse.wst.server.http.core.nl_fr" unpack="false" version="3.5.0.v20090620043401" download-size="2738" install-size="2738" />
	<plugin fragment="true" id="org.eclipse.wst.server.http.ui.nl_fr" unpack="false" version="3.5.0.v20090620043401" download-size="2571" install-size="2571" />
	<plugin fragment="true" id="org.eclipse.wst.server.preview.adapter.nl_fr" unpack="false" version="3.5.0.v20090620043401" download-size="3036" install-size="3036" />
	<plugin fragment="true" id="org.eclipse.wst.server.preview.nl_fr" unpack="false" version="3.5.0.v20090620043401" download-size="2769" install-size="2769" />
	<plugin fragment="true" id="org.eclipse.wst.server.ui.doc.user.nl_fr" unpack="false" version="3.5.0.v20090620043401" download-size="1404" install-size="1404" />
	<plugin fragment="true" id="org.eclipse.wst.server.ui.infopop.nl_fr" unpack="false" version="3.5.0.v20090620043401" download-size="1417" install-size="1417" />
	<plugin fragment="true" id="org.eclipse.wst.server.ui.nl_fr" unpack="false" version="3.5.0.v20090620043401" download-size="7163" install-size="7163" />
</feature>