<?xml version="1.0" encoding="UTF-8" ?>
<feature
	id="org.eclipse.babel.nls_modeling.mdt_hu"
	label="Babel Language Pack for modeling.mdt in Hungarian (23.12%)"
	image="eclipse_update_120.jpg"
	provider-name="%providerName"
	version="3.5.0.v20090620043401">
	<copyright>
		%copyright
	</copyright>
	<license url="%licenseURL">
		%license
	</license>
	<description>Babel Language Pack for modeling.mdt in Hungarian</description>
	<plugin fragment="true" id="org.eclipse.emf.examples.library.edit.nl_hu" unpack="false" version="3.5.0.v20090620043401" download-size="1787" install-size="1787" />
	<plugin fragment="true" id="org.eclipse.emf.examples.library.editor.nl_hu" unpack="false" version="3.5.0.v20090620043401" download-size="2107" install-size="2107" />
	<plugin fragment="true" id="org.eclipse.emf.examples.library.nl_hu" unpack="false" version="3.5.0.v20090620043401" download-size="1375" install-size="1375" />
	<plugin fragment="true" id="org.eclipse.emf.ocl.doc.nl_hu" unpack="false" version="3.5.0.v20090620043401" download-size="1370" install-size="1370" />
	<plugin fragment="true" id="org.eclipse.emf.ocl.examples.interpreter.nl_hu" unpack="false" version="3.5.0.v20090620043401" download-size="2863" install-size="2863" />
	<plugin fragment="true" id="org.eclipse.emf.ocl.examples.nl_hu" unpack="false" version="3.5.0.v20090620043401" download-size="1377" install-size="1377" />
	<plugin fragment="true" id="org.eclipse.emf.ocl.nl_hu" unpack="false" version="3.5.0.v20090620043401" download-size="1371" install-size="1371" />
	<plugin fragment="true" id="org.eclipse.emf.ocl.tests.nl_hu" unpack="false" version="3.5.0.v20090620043401" download-size="1374" install-size="1374" />
	<plugin fragment="true" id="org.eclipse.ocl.doc.nl_hu" unpack="false" version="3.5.0.v20090620043401" download-size="1366" install-size="1366" />
	<plugin fragment="true" id="org.eclipse.ocl.ecore.nl_hu" unpack="false" version="3.5.0.v20090620043401" download-size="1371" install-size="1371" />
	<plugin fragment="true" id="org.eclipse.ocl.ecore.tests.nl_hu" unpack="false" version="3.5.0.v20090620043401" download-size="1375" install-size="1375" />
	<plugin fragment="true" id="org.eclipse.ocl.nl_hu" unpack="false" version="3.5.0.v20090620043401" download-size="2516" install-size="2516" />
	<plugin fragment="true" id="org.eclipse.ocl.uml.nl_hu" unpack="false" version="3.5.0.v20090620043401" download-size="1370" install-size="1370" />
	<plugin fragment="true" id="org.eclipse.ocl.uml.tests.nl_hu" unpack="false" version="3.5.0.v20090620043401" download-size="1373" install-size="1373" />
	<plugin fragment="true" id="org.eclipse.uml2.codegen.ecore.nl_hu" unpack="false" version="3.5.0.v20090620043401" download-size="1373" install-size="1373" />
	<plugin fragment="true" id="org.eclipse.uml2.codegen.ecore.ui.nl_hu" unpack="false" version="3.5.0.v20090620043401" download-size="1543" install-size="1543" />
	<plugin fragment="true" id="org.eclipse.uml2.common.edit.nl_hu" unpack="false" version="3.5.0.v20090620043401" download-size="1372" install-size="1372" />
	<plugin fragment="true" id="org.eclipse.uml2.common.nl_hu" unpack="false" version="3.5.0.v20090620043401" download-size="1368" install-size="1368" />
	<plugin fragment="true" id="org.eclipse.uml2.diagram.activity.nl_hu" unpack="false" version="3.5.0.v20090620043401" download-size="2200" install-size="2200" />
	<plugin fragment="true" id="org.eclipse.uml2.diagram.clazz.nl_hu" unpack="false" version="3.5.0.v20090620043401" download-size="3473" install-size="3473" />
	<plugin fragment="true" id="org.eclipse.uml2.diagram.clazz.tests.nl_hu" unpack="false" version="3.5.0.v20090620043401" download-size="1377" install-size="1377" />
	<plugin fragment="true" id="org.eclipse.uml2.diagram.codegen.edit.nl_hu" unpack="false" version="3.5.0.v20090620043401" download-size="1774" install-size="1774" />
	<plugin fragment="true" id="org.eclipse.uml2.diagram.codegen.nl_hu" unpack="false" version="3.5.0.v20090620043401" download-size="1374" install-size="1374" />
	<plugin fragment="true" id="org.eclipse.uml2.diagram.common.nl_hu" unpack="false" version="3.5.0.v20090620043401" download-size="2063" install-size="2063" />
	<plugin fragment="true" id="org.eclipse.uml2.diagram.common.notation.nl_hu" unpack="false" version="3.5.0.v20090620043401" download-size="1379" install-size="1379" />
	<plugin fragment="true" id="org.eclipse.uml2.diagram.common.tests.nl_hu" unpack="false" version="3.5.0.v20090620043401" download-size="1377" install-size="1377" />
	<plugin fragment="true" id="org.eclipse.uml2.diagram.component.nl_hu" unpack="false" version="3.5.0.v20090620043401" download-size="2683" install-size="2683" />
	<plugin fragment="true" id="org.eclipse.uml2.diagram.csd.nl_hu" unpack="false" version="3.5.0.v20090620043401" download-size="2714" install-size="2714" />
	<plugin fragment="true" id="org.eclipse.uml2.diagram.def.nl_hu" unpack="false" version="3.5.0.v20090620043401" download-size="1372" install-size="1372" />
	<plugin fragment="true" id="org.eclipse.uml2.diagram.deploy.nl_hu" unpack="false" version="3.5.0.v20090620043401" download-size="2418" install-size="2418" />
	<plugin fragment="true" id="org.eclipse.uml2.diagram.examples.activity.nl_hu" unpack="false" version="3.5.0.v20090620043401" download-size="1380" install-size="1380" />
	<plugin fragment="true" id="org.eclipse.uml2.diagram.examples.clazz.nl_hu" unpack="false" version="3.5.0.v20090620043401" download-size="1379" install-size="1379" />
	<plugin fragment="true" id="org.eclipse.uml2.diagram.examples.profile.nl_hu" unpack="false" version="3.5.0.v20090620043401" download-size="1379" install-size="1379" />
	<plugin fragment="true" id="org.eclipse.uml2.diagram.examples.statemachine.nl_hu" unpack="false" version="3.5.0.v20090620043401" download-size="1383" install-size="1383" />
	<plugin fragment="true" id="org.eclipse.uml2.diagram.nl_hu" unpack="false" version="3.5.0.v20090620043401" download-size="1369" install-size="1369" />
	<plugin fragment="true" id="org.eclipse.uml2.diagram.parser.nl_hu" unpack="false" version="3.5.0.v20090620043401" download-size="1373" install-size="1373" />
	<plugin fragment="true" id="org.eclipse.uml2.diagram.profile.nl_hu" unpack="false" version="3.5.0.v20090620043401" download-size="2745" install-size="2745" />
	<plugin fragment="true" id="org.eclipse.uml2.diagram.profile.tests.nl_hu" unpack="false" version="3.5.0.v20090620043401" download-size="1378" install-size="1378" />
	<plugin fragment="true" id="org.eclipse.uml2.diagram.sequence.model.nl_hu" unpack="false" version="3.5.0.v20090620043401" download-size="1378" install-size="1378" />
	<plugin fragment="true" id="org.eclipse.uml2.diagram.sequence.nl_hu" unpack="false" version="3.5.0.v20090620043401" download-size="2015" install-size="2015" />
	<plugin fragment="true" id="org.eclipse.uml2.diagram.sequence.tests.nl_hu" unpack="false" version="3.5.0.v20090620043401" download-size="1378" install-size="1378" />
	<plugin fragment="true" id="org.eclipse.uml2.diagram.statemachine.nl_hu" unpack="false" version="3.5.0.v20090620043401" download-size="2043" install-size="2043" />
	<plugin fragment="true" id="org.eclipse.uml2.diagram.statemachine.tests.nl_hu" unpack="false" version="3.5.0.v20090620043401" download-size="1380" install-size="1380" />
	<plugin fragment="true" id="org.eclipse.uml2.diagram.usecase.nl_hu" unpack="false" version="3.5.0.v20090620043401" download-size="2446" install-size="2446" />
	<plugin fragment="true" id="org.eclipse.uml2.doc.nl_hu" unpack="false" version="3.5.0.v20090620043401" download-size="1367" install-size="1367" />
	<plugin fragment="true" id="org.eclipse.uml2.examples.nl_hu" unpack="false" version="3.5.0.v20090620043401" download-size="1370" install-size="1370" />
	<plugin fragment="true" id="org.eclipse.uml2.examples.uml.ui.nl_hu" unpack="false" version="3.5.0.v20090620043401" download-size="1459" install-size="1459" />
	<plugin fragment="true" id="org.eclipse.uml2.nl_hu" unpack="false" version="3.5.0.v20090620043401" download-size="1364" install-size="1364" />
	<plugin fragment="true" id="org.eclipse.uml2.tests.nl_hu" unpack="false" version="3.5.0.v20090620043401" download-size="1368" install-size="1368" />
	<plugin fragment="true" id="org.eclipse.uml2.uml.ecore.importer.nl_hu" unpack="false" version="3.5.0.v20090620043401" download-size="1374" install-size="1374" />
	<plugin fragment="true" id="org.eclipse.uml2.uml.edit.nl_hu" unpack="false" version="3.5.0.v20090620043401" download-size="4036" install-size="4036" />
	<plugin fragment="true" id="org.eclipse.uml2.uml.editor.nl_hu" unpack="false" version="3.5.0.v20090620043401" download-size="2143" install-size="2143" />
	<plugin fragment="true" id="org.eclipse.uml2.uml.nl_hu" unpack="false" version="3.5.0.v20090620043401" download-size="1481" install-size="1481" />
	<plugin fragment="true" id="org.eclipse.uml2.uml.resources.nl_hu" unpack="false" version="3.5.0.v20090620043401" download-size="9386" install-size="9386" />
	<plugin fragment="true" id="org.eclipse.uml2.uml.tests.nl_hu" unpack="false" version="3.5.0.v20090620043401" download-size="1369" install-size="1369" />
	<plugin fragment="true" id="org.eclipse.uml2tools.doc.nl_hu" unpack="false" version="3.5.0.v20090620043401" download-size="1370" install-size="1370" />
	<plugin fragment="true" id="org.eclipse.uml2tools.nl_hu" unpack="false" version="3.5.0.v20090620043401" download-size="1367" install-size="1367" />
</feature>