<?xml version="1.0" encoding="UTF-8" ?>
<feature
	id="org.eclipse.babel.nls_modeling.emf_de"
	label="Babel Language Pack for modeling.emf in German (70.51%)"
	image="eclipse_update_120.jpg"
	provider-name="%providerName"
	version="3.5.0.v20090620043401">
	<copyright>
		%copyright
	</copyright>
	<license url="%licenseURL">
		%license
	</license>
	<description>Babel Language Pack for modeling.emf in German</description>
	<plugin fragment="true" id="library.ecore.nl_de" unpack="false" version="3.5.0.v20090620043401" download-size="1368" install-size="1368" />
	<plugin fragment="true" id="library.java.nl_de" unpack="false" version="3.5.0.v20090620043401" download-size="1368" install-size="1368" />
	<plugin fragment="true" id="library.rose.nl_de" unpack="false" version="3.5.0.v20090620043401" download-size="1368" install-size="1368" />
	<plugin fragment="true" id="library.xsd.nl_de" unpack="false" version="3.5.0.v20090620043401" download-size="1367" install-size="1367" />
	<plugin fragment="true" id="library.xsds.nl_de" unpack="false" version="3.5.0.v20090620043401" download-size="1367" install-size="1367" />
	<plugin fragment="true" id="org.eclipse.emf.activities.nl_de" unpack="false" version="3.5.0.v20090620043401" download-size="1397" install-size="1397" />
	<plugin fragment="true" id="org.eclipse.emf.ant.nl_de" unpack="false" version="3.5.0.v20090620043401" download-size="1386" install-size="1386" />
	<plugin fragment="true" id="org.eclipse.emf.cdo.common.nl_de" unpack="false" version="3.5.0.v20090620043401" download-size="1368" install-size="1368" />
	<plugin fragment="true" id="org.eclipse.emf.cdo.defs.nl_de" unpack="false" version="3.5.0.v20090620043401" download-size="1367" install-size="1367" />
	<plugin fragment="true" id="org.eclipse.emf.cdo.doc.nl_de" unpack="false" version="3.5.0.v20090620043401" download-size="1367" install-size="1367" />
	<plugin fragment="true" id="org.eclipse.emf.cdo.edit.nl_de" unpack="false" version="3.5.0.v20090620043401" download-size="3637" install-size="3637" />
	<plugin fragment="true" id="org.eclipse.emf.cdo.examples.nl_de" unpack="false" version="3.5.0.v20090620043401" download-size="1370" install-size="1370" />
	<plugin fragment="true" id="org.eclipse.emf.cdo.examples.spring.nl_de" unpack="false" version="3.5.0.v20090620043401" download-size="1374" install-size="1374" />
	<plugin fragment="true" id="org.eclipse.emf.cdo.migrator.nl_de" unpack="false" version="3.5.0.v20090620043401" download-size="2643" install-size="2643" />
	<plugin fragment="true" id="org.eclipse.emf.cdo.nl_de" unpack="false" version="3.5.0.v20090620043401" download-size="2914" install-size="2914" />
	<plugin fragment="true" id="org.eclipse.emf.cdo.server.db.nl_de" unpack="false" version="3.5.0.v20090620043401" download-size="1371" install-size="1371" />
	<plugin fragment="true" id="org.eclipse.emf.cdo.server.hibernate.id.nl_de" unpack="false" version="3.5.0.v20090620043401" download-size="1376" install-size="1376" />
	<plugin fragment="true" id="org.eclipse.emf.cdo.server.hibernate.nl_de" unpack="false" version="3.5.0.v20090620043401" download-size="1700" install-size="1700" />
	<plugin fragment="true" id="org.eclipse.emf.cdo.server.hibernate.teneo.nl_de" unpack="false" version="3.5.0.v20090620043401" download-size="1379" install-size="1379" />
	<plugin fragment="true" id="org.eclipse.emf.cdo.server.nl_de" unpack="false" version="3.5.0.v20090620043401" download-size="1369" install-size="1369" />
	<plugin fragment="true" id="org.eclipse.emf.cdo.tests.db.nl_de" unpack="false" version="3.5.0.v20090620043401" download-size="1370" install-size="1370" />
	<plugin fragment="true" id="org.eclipse.emf.cdo.tests.hibernate.client.nl_de" unpack="false" version="3.5.0.v20090620043401" download-size="1378" install-size="1378" />
	<plugin fragment="true" id="org.eclipse.emf.cdo.tests.hibernate.nl_de" unpack="false" version="3.5.0.v20090620043401" download-size="1937" install-size="1937" />
	<plugin fragment="true" id="org.eclipse.emf.cdo.tests.mango.edit.nl_de" unpack="false" version="3.5.0.v20090620043401" download-size="1685" install-size="1685" />
	<plugin fragment="true" id="org.eclipse.emf.cdo.tests.mango.nl_de" unpack="false" version="3.5.0.v20090620043401" download-size="1372" install-size="1372" />
	<plugin fragment="true" id="org.eclipse.emf.cdo.tests.model1.edit.nl_de" unpack="false" version="3.5.0.v20090620043401" download-size="1830" install-size="1830" />
	<plugin fragment="true" id="org.eclipse.emf.cdo.tests.model1.nl_de" unpack="false" version="3.5.0.v20090620043401" download-size="1372" install-size="1372" />
	<plugin fragment="true" id="org.eclipse.emf.cdo.tests.model2.edit.nl_de" unpack="false" version="3.5.0.v20090620043401" download-size="1689" install-size="1689" />
	<plugin fragment="true" id="org.eclipse.emf.cdo.tests.model2.nl_de" unpack="false" version="3.5.0.v20090620043401" download-size="1372" install-size="1372" />
	<plugin fragment="true" id="org.eclipse.emf.cdo.tests.model3.edit.nl_de" unpack="false" version="3.5.0.v20090620043401" download-size="1636" install-size="1636" />
	<plugin fragment="true" id="org.eclipse.emf.cdo.tests.model3.nl_de" unpack="false" version="3.5.0.v20090620043401" download-size="1372" install-size="1372" />
	<plugin fragment="true" id="org.eclipse.emf.cdo.tests.model4.nl_de" unpack="false" version="3.5.0.v20090620043401" download-size="1372" install-size="1372" />
	<plugin fragment="true" id="org.eclipse.emf.cdo.tests.model4interfaces.nl_de" unpack="false" version="3.5.0.v20090620043401" download-size="1378" install-size="1378" />
	<plugin fragment="true" id="org.eclipse.emf.cdo.tests.model5.nl_de" unpack="false" version="3.5.0.v20090620043401" download-size="1372" install-size="1372" />
	<plugin fragment="true" id="org.eclipse.emf.cdo.tests.nl_de" unpack="false" version="3.5.0.v20090620043401" download-size="1368" install-size="1368" />
	<plugin fragment="true" id="org.eclipse.emf.cdo.ui.capabilities.nl_de" unpack="false" version="3.5.0.v20090620043401" download-size="1374" install-size="1374" />
	<plugin fragment="true" id="org.eclipse.emf.cdo.ui.defs.nl_de" unpack="false" version="3.5.0.v20090620043401" download-size="1369" install-size="1369" />
	<plugin fragment="true" id="org.eclipse.emf.cdo.ui.nl_de" unpack="false" version="3.5.0.v20090620043401" download-size="4506" install-size="4506" />
	<plugin fragment="true" id="org.eclipse.emf.cheatsheets.nl_de" unpack="false" version="3.5.0.v20090620043401" download-size="1524" install-size="1524" />
	<plugin fragment="true" id="org.eclipse.emf.codegen.ecore.nl_de" unpack="false" version="3.5.0.v20090620043401" download-size="3081" install-size="3081" />
	<plugin fragment="true" id="org.eclipse.emf.codegen.ecore.ui.nl_de" unpack="false" version="3.5.0.v20090620043401" download-size="6773" install-size="6773" />
	<plugin fragment="true" id="org.eclipse.emf.codegen.nl_de" unpack="false" version="3.5.0.v20090620043401" download-size="2567" install-size="2567" />
	<plugin fragment="true" id="org.eclipse.emf.codegen.ui.nl_de" unpack="false" version="3.5.0.v20090620043401" download-size="2062" install-size="2062" />
	<plugin fragment="true" id="org.eclipse.emf.common.nl_de" unpack="false" version="3.5.0.v20090620043401" download-size="1992" install-size="1992" />
	<plugin fragment="true" id="org.eclipse.emf.common.ui.nl_de" unpack="false" version="3.5.0.v20090620043401" download-size="2516" install-size="2516" />
	<plugin fragment="true" id="org.eclipse.emf.converter.nl_de" unpack="false" version="3.5.0.v20090620043401" download-size="2339" install-size="2339" />
	<plugin fragment="true" id="org.eclipse.emf.databinding.edit.nl_de" unpack="false" version="3.5.0.v20090620043401" download-size="1372" install-size="1372" />
	<plugin fragment="true" id="org.eclipse.emf.databinding.nl_de" unpack="false" version="3.5.0.v20090620043401" download-size="1370" install-size="1370" />
	<plugin fragment="true" id="org.eclipse.emf.doc.nl_de" unpack="false" version="3.5.0.v20090620043401" download-size="1676" install-size="1676" />
	<plugin fragment="true" id="org.eclipse.emf.ecore.change.edit.nl_de" unpack="false" version="3.5.0.v20090620043401" download-size="1902" install-size="1902" />
	<plugin fragment="true" id="org.eclipse.emf.ecore.change.nl_de" unpack="false" version="3.5.0.v20090620043401" download-size="1405" install-size="1405" />
	<plugin fragment="true" id="org.eclipse.emf.ecore.edit.nl_de" unpack="false" version="3.5.0.v20090620043401" download-size="2803" install-size="2803" />
	<plugin fragment="true" id="org.eclipse.emf.ecore.editor.nl_de" unpack="false" version="3.5.0.v20090620043401" download-size="2586" install-size="2586" />
	<plugin fragment="true" id="org.eclipse.emf.ecore.nl_de" unpack="false" version="3.5.0.v20090620043401" download-size="3047" install-size="3047" />
	<plugin fragment="true" id="org.eclipse.emf.ecore.xmi.nl_de" unpack="false" version="3.5.0.v20090620043401" download-size="1385" install-size="1385" />
	<plugin fragment="true" id="org.eclipse.emf.edit.nl_de" unpack="false" version="3.5.0.v20090620043401" download-size="2457" install-size="2457" />
	<plugin fragment="true" id="org.eclipse.emf.edit.ui.nl_de" unpack="false" version="3.5.0.v20090620043401" download-size="2548" install-size="2548" />
	<plugin fragment="true" id="org.eclipse.emf.example.installer.nl_de" unpack="false" version="3.5.0.v20090620043401" download-size="1436" install-size="1436" />
	<plugin fragment="true" id="org.eclipse.emf.examples.databinding.project.core.model.nl_de" unpack="false" version="3.5.0.v20090620043401" download-size="1397" install-size="1397" />
	<plugin fragment="true" id="org.eclipse.emf.examples.generator.validator.nl_de" unpack="false" version="3.5.0.v20090620043401" download-size="1380" install-size="1380" />
	<plugin fragment="true" id="org.eclipse.emf.examples.jet.article2.nl_de" unpack="false" version="3.5.0.v20090620043401" download-size="1564" install-size="1564" />
	<plugin fragment="true" id="org.eclipse.emf.examples.nl_de" unpack="false" version="3.5.0.v20090620043401" download-size="1643" install-size="1643" />
	<plugin fragment="true" id="org.eclipse.emf.exporter.html.nl_de" unpack="false" version="3.5.0.v20090620043401" download-size="1432" install-size="1432" />
	<plugin fragment="true" id="org.eclipse.emf.exporter.nl_de" unpack="false" version="3.5.0.v20090620043401" download-size="1396" install-size="1396" />
	<plugin fragment="true" id="org.eclipse.emf.importer.ecore.nl_de" unpack="false" version="3.5.0.v20090620043401" download-size="1702" install-size="1702" />
	<plugin fragment="true" id="org.eclipse.emf.importer.java.nl_de" unpack="false" version="3.5.0.v20090620043401" download-size="1854" install-size="1854" />
	<plugin fragment="true" id="org.eclipse.emf.importer.nl_de" unpack="false" version="3.5.0.v20090620043401" download-size="2369" install-size="2369" />
	<plugin fragment="true" id="org.eclipse.emf.importer.rose.nl_de" unpack="false" version="3.5.0.v20090620043401" download-size="3259" install-size="3259" />
	<plugin fragment="true" id="org.eclipse.emf.java.edit.nl_de" unpack="false" version="3.5.0.v20090620043401" download-size="2090" install-size="2090" />
	<plugin fragment="true" id="org.eclipse.emf.java.editor.nl_de" unpack="false" version="3.5.0.v20090620043401" download-size="2032" install-size="2032" />
	<plugin fragment="true" id="org.eclipse.emf.java.nl_de" unpack="false" version="3.5.0.v20090620043401" download-size="1365" install-size="1365" />
	<plugin fragment="true" id="org.eclipse.emf.mapping.ecore.editor.nl_de" unpack="false" version="3.5.0.v20090620043401" download-size="1677" install-size="1677" />
	<plugin fragment="true" id="org.eclipse.emf.mapping.ecore.nl_de" unpack="false" version="3.5.0.v20090620043401" download-size="1849" install-size="1849" />
	<plugin fragment="true" id="org.eclipse.emf.mapping.ecore2ecore.editor.nl_de" unpack="false" version="3.5.0.v20090620043401" download-size="2494" install-size="2494" />
	<plugin fragment="true" id="org.eclipse.emf.mapping.ecore2ecore.nl_de" unpack="false" version="3.5.0.v20090620043401" download-size="1498" install-size="1498" />
	<plugin fragment="true" id="org.eclipse.emf.mapping.ecore2xml.nl_de" unpack="false" version="3.5.0.v20090620043401" download-size="1396" install-size="1396" />
	<plugin fragment="true" id="org.eclipse.emf.mapping.ecore2xml.ui.nl_de" unpack="false" version="3.5.0.v20090620043401" download-size="2578" install-size="2578" />
	<plugin fragment="true" id="org.eclipse.emf.mapping.nl_de" unpack="false" version="3.5.0.v20090620043401" download-size="2522" install-size="2522" />
	<plugin fragment="true" id="org.eclipse.emf.mapping.ui.nl_de" unpack="false" version="3.5.0.v20090620043401" download-size="2340" install-size="2340" />
	<plugin fragment="true" id="org.eclipse.emf.mapping.xsd2ecore.editor.nl_de" unpack="false" version="3.5.0.v20090620043401" download-size="2079" install-size="2079" />
	<plugin fragment="true" id="org.eclipse.emf.mapping.xsd2ecore.nl_de" unpack="false" version="3.5.0.v20090620043401" download-size="1503" install-size="1503" />
	<plugin fragment="true" id="org.eclipse.emf.nl_de" unpack="false" version="3.5.0.v20090620043401" download-size="1628" install-size="1628" />
	<plugin fragment="true" id="org.eclipse.emf.query.doc.nl_de" unpack="false" version="3.5.0.v20090620043401" download-size="1684" install-size="1684" />
	<plugin fragment="true" id="org.eclipse.emf.query.examples.nl_de" unpack="false" version="3.5.0.v20090620043401" download-size="1708" install-size="1708" />
	<plugin fragment="true" id="org.eclipse.emf.query.examples.ocl.nl_de" unpack="false" version="3.5.0.v20090620043401" download-size="2764" install-size="2764" />
	<plugin fragment="true" id="org.eclipse.emf.query.examples.statements.nl_de" unpack="false" version="3.5.0.v20090620043401" download-size="2898" install-size="2898" />
	<plugin fragment="true" id="org.eclipse.emf.query.nl_de" unpack="false" version="3.5.0.v20090620043401" download-size="2701" install-size="2701" />
	<plugin fragment="true" id="org.eclipse.emf.query.ocl.nl_de" unpack="false" version="3.5.0.v20090620043401" download-size="1677" install-size="1677" />
	<plugin fragment="true" id="org.eclipse.emf.query.ocl.tests.nl_de" unpack="false" version="3.5.0.v20090620043401" download-size="1377" install-size="1377" />
	<plugin fragment="true" id="org.eclipse.emf.query.tests.nl_de" unpack="false" version="3.5.0.v20090620043401" download-size="1374" install-size="1374" />
	<plugin fragment="true" id="org.eclipse.emf.test.build.nl_de" unpack="false" version="3.5.0.v20090620043401" download-size="1369" install-size="1369" />
	<plugin fragment="true" id="org.eclipse.emf.test.common.nl_de" unpack="false" version="3.5.0.v20090620043401" download-size="1819" install-size="1819" />
	<plugin fragment="true" id="org.eclipse.emf.test.core.nl_de" unpack="false" version="3.5.0.v20090620043401" download-size="1367" install-size="1367" />
	<plugin fragment="true" id="org.eclipse.emf.test.edit.nl_de" unpack="false" version="3.5.0.v20090620043401" download-size="2341" install-size="2341" />
	<plugin fragment="true" id="org.eclipse.emf.test.examples.nl_de" unpack="false" version="3.5.0.v20090620043401" download-size="1371" install-size="1371" />
	<plugin fragment="true" id="org.eclipse.emf.test.tools.nl_de" unpack="false" version="3.5.0.v20090620043401" download-size="1368" install-size="1368" />
	<plugin fragment="true" id="org.eclipse.emf.test.xml.nl_de" unpack="false" version="3.5.0.v20090620043401" download-size="1367" install-size="1367" />
	<plugin fragment="true" id="org.eclipse.emf.tests.nl_de" unpack="false" version="3.5.0.v20090620043401" download-size="1365" install-size="1365" />
	<plugin fragment="true" id="org.eclipse.emf.transaction.doc.nl_de" unpack="false" version="3.5.0.v20090620043401" download-size="1691" install-size="1691" />
	<plugin fragment="true" id="org.eclipse.emf.transaction.examples.nl_de" unpack="false" version="3.5.0.v20090620043401" download-size="1703" install-size="1703" />
	<plugin fragment="true" id="org.eclipse.emf.transaction.nl_de" unpack="false" version="3.5.0.v20090620043401" download-size="3444" install-size="3444" />
	<plugin fragment="true" id="org.eclipse.emf.transaction.tests.nl_de" unpack="false" version="3.5.0.v20090620043401" download-size="1377" install-size="1377" />
	<plugin fragment="true" id="org.eclipse.emf.transaction.ui.nl_de" unpack="false" version="3.5.0.v20090620043401" download-size="2691" install-size="2691" />
	<plugin fragment="true" id="org.eclipse.emf.validation.doc.nl_de" unpack="false" version="3.5.0.v20090620043401" download-size="1692" install-size="1692" />
	<plugin fragment="true" id="org.eclipse.emf.validation.examples.adapter.nl_de" unpack="false" version="3.5.0.v20090620043401" download-size="1383" install-size="1383" />
	<plugin fragment="true" id="org.eclipse.emf.validation.examples.general.nl_de" unpack="false" version="3.5.0.v20090620043401" download-size="3022" install-size="3022" />
	<plugin fragment="true" id="org.eclipse.emf.validation.examples.nl_de" unpack="false" version="3.5.0.v20090620043401" download-size="1455" install-size="1455" />
	<plugin fragment="true" id="org.eclipse.emf.validation.examples.ocl.nl_de" unpack="false" version="3.5.0.v20090620043401" download-size="1382" install-size="1382" />
	<plugin fragment="true" id="org.eclipse.emf.validation.nl_de" unpack="false" version="3.5.0.v20090620043401" download-size="4952" install-size="4952" />
	<plugin fragment="true" id="org.eclipse.emf.validation.ocl.nl_de" unpack="false" version="3.5.0.v20090620043401" download-size="1715" install-size="1715" />
	<plugin fragment="true" id="org.eclipse.emf.validation.tests.nl_de" unpack="false" version="3.5.0.v20090620043401" download-size="1377" install-size="1377" />
	<plugin fragment="true" id="org.eclipse.emf.validation.ui.ide.nl_de" unpack="false" version="3.5.0.v20090620043401" download-size="2884" install-size="2884" />
	<plugin fragment="true" id="org.eclipse.emf.validation.ui.nl_de" unpack="false" version="3.5.0.v20090620043401" download-size="3492" install-size="3492" />
	<plugin fragment="true" id="org.eclipse.emf.workspace.doc.nl_de" unpack="false" version="3.5.0.v20090620043401" download-size="1699" install-size="1699" />
	<plugin fragment="true" id="org.eclipse.emf.workspace.examples.library.editor.nl_de" unpack="false" version="3.5.0.v20090620043401" download-size="2068" install-size="2068" />
	<plugin fragment="true" id="org.eclipse.emf.workspace.examples.nl_de" unpack="false" version="3.5.0.v20090620043401" download-size="1380" install-size="1380" />
	<plugin fragment="true" id="org.eclipse.emf.workspace.nl_de" unpack="false" version="3.5.0.v20090620043401" download-size="3276" install-size="3276" />
	<plugin fragment="true" id="org.eclipse.emf.workspace.tests.nl_de" unpack="false" version="3.5.0.v20090620043401" download-size="1377" install-size="1377" />
	<plugin fragment="true" id="org.eclipse.emf.workspace.ui.nl_de" unpack="false" version="3.5.0.v20090620043401" download-size="1436" install-size="1436" />
	<plugin fragment="true" id="org.eclipse.net4j.buddies.chat.nl_de" unpack="false" version="3.5.0.v20090620043401" download-size="1372" install-size="1372" />
	<plugin fragment="true" id="org.eclipse.net4j.buddies.chat.ui.nl_de" unpack="false" version="3.5.0.v20090620043401" download-size="1373" install-size="1373" />
	<plugin fragment="true" id="org.eclipse.net4j.buddies.common.nl_de" unpack="false" version="3.5.0.v20090620043401" download-size="1372" install-size="1372" />
	<plugin fragment="true" id="org.eclipse.net4j.buddies.nl_de" unpack="false" version="3.5.0.v20090620043401" download-size="1368" install-size="1368" />
	<plugin fragment="true" id="org.eclipse.net4j.buddies.server.nl_de" unpack="false" version="3.5.0.v20090620043401" download-size="1372" install-size="1372" />
	<plugin fragment="true" id="org.eclipse.net4j.buddies.ui.nl_de" unpack="false" version="3.5.0.v20090620043401" download-size="2700" install-size="2700" />
	<plugin fragment="true" id="org.eclipse.net4j.db.derby.nl_de" unpack="false" version="3.5.0.v20090620043401" download-size="1369" install-size="1369" />
	<plugin fragment="true" id="org.eclipse.net4j.db.hsqldb.nl_de" unpack="false" version="3.5.0.v20090620043401" download-size="1371" install-size="1371" />
	<plugin fragment="true" id="org.eclipse.net4j.db.mysql.nl_de" unpack="false" version="3.5.0.v20090620043401" download-size="1370" install-size="1370" />
	<plugin fragment="true" id="org.eclipse.net4j.db.nl_de" unpack="false" version="3.5.0.v20090620043401" download-size="1365" install-size="1365" />
	<plugin fragment="true" id="org.eclipse.net4j.db.postgresql.nl_de" unpack="false" version="3.5.0.v20090620043401" download-size="1372" install-size="1372" />
	<plugin fragment="true" id="org.eclipse.net4j.debug.nl_de" unpack="false" version="3.5.0.v20090620043401" download-size="2466" install-size="2466" />
	<plugin fragment="true" id="org.eclipse.net4j.defs.nl_de" unpack="false" version="3.5.0.v20090620043401" download-size="1366" install-size="1366" />
	<plugin fragment="true" id="org.eclipse.net4j.doc.nl_de" unpack="false" version="3.5.0.v20090620043401" download-size="1365" install-size="1365" />
	<plugin fragment="true" id="org.eclipse.net4j.examples.nl_de" unpack="false" version="3.5.0.v20090620043401" download-size="1369" install-size="1369" />
	<plugin fragment="true" id="org.eclipse.net4j.http.common.nl_de" unpack="false" version="3.5.0.v20090620043401" download-size="1371" install-size="1371" />
	<plugin fragment="true" id="org.eclipse.net4j.http.nl_de" unpack="false" version="3.5.0.v20090620043401" download-size="1366" install-size="1366" />
	<plugin fragment="true" id="org.eclipse.net4j.http.server.nl_de" unpack="false" version="3.5.0.v20090620043401" download-size="1371" install-size="1371" />
	<plugin fragment="true" id="org.eclipse.net4j.http.tests.nl_de" unpack="false" version="3.5.0.v20090620043401" download-size="1370" install-size="1370" />
	<plugin fragment="true" id="org.eclipse.net4j.jms.admin.nl_de" unpack="false" version="3.5.0.v20090620043401" download-size="1370" install-size="1370" />
	<plugin fragment="true" id="org.eclipse.net4j.jms.api.nl_de" unpack="false" version="3.5.0.v20090620043401" download-size="1368" install-size="1368" />
	<plugin fragment="true" id="org.eclipse.net4j.jms.nl_de" unpack="false" version="3.5.0.v20090620043401" download-size="1366" install-size="1366" />
	<plugin fragment="true" id="org.eclipse.net4j.jms.server.jdbc.nl_de" unpack="false" version="3.5.0.v20090620043401" download-size="1373" install-size="1373" />
	<plugin fragment="true" id="org.eclipse.net4j.jms.server.nl_de" unpack="false" version="3.5.0.v20090620043401" download-size="1370" install-size="1370" />
	<plugin fragment="true" id="org.eclipse.net4j.jms.tests.nl_de" unpack="false" version="3.5.0.v20090620043401" download-size="1369" install-size="1369" />
	<plugin fragment="true" id="org.eclipse.net4j.jvm.nl_de" unpack="false" version="3.5.0.v20090620043401" download-size="1366" install-size="1366" />
	<plugin fragment="true" id="org.eclipse.net4j.nl_de" unpack="false" version="3.5.0.v20090620043401" download-size="1363" install-size="1363" />
	<plugin fragment="true" id="org.eclipse.net4j.tcp.nl_de" unpack="false" version="3.5.0.v20090620043401" download-size="1366" install-size="1366" />
	<plugin fragment="true" id="org.eclipse.net4j.tests.nl_de" unpack="false" version="3.5.0.v20090620043401" download-size="1366" install-size="1366" />
	<plugin fragment="true" id="org.eclipse.net4j.ui.capabilities.nl_de" unpack="false" version="3.5.0.v20090620043401" download-size="1372" install-size="1372" />
	<plugin fragment="true" id="org.eclipse.net4j.ui.defs.nl_de" unpack="false" version="3.5.0.v20090620043401" download-size="1368" install-size="1368" />
	<plugin fragment="true" id="org.eclipse.net4j.ui.nl_de" unpack="false" version="3.5.0.v20090620043401" download-size="2395" install-size="2395" />
	<plugin fragment="true" id="org.eclipse.net4j.util.defs.nl_de" unpack="false" version="3.5.0.v20090620043401" download-size="1370" install-size="1370" />
	<plugin fragment="true" id="org.eclipse.net4j.util.nl_de" unpack="false" version="3.5.0.v20090620043401" download-size="1366" install-size="1366" />
	<plugin fragment="true" id="org.eclipse.net4j.util.ui.nl_de" unpack="false" version="3.5.0.v20090620043401" download-size="8701" install-size="8701" />
	<plugin fragment="true" id="org.eclipse.xsd.cheatsheets.nl_de" unpack="false" version="3.5.0.v20090620043401" download-size="1370" install-size="1370" />
	<plugin fragment="true" id="org.eclipse.xsd.doc.nl_de" unpack="false" version="3.5.0.v20090620043401" download-size="1656" install-size="1656" />
	<plugin fragment="true" id="org.eclipse.xsd.ecore.converter.nl_de" unpack="false" version="3.5.0.v20090620043401" download-size="1617" install-size="1617" />
	<plugin fragment="true" id="org.eclipse.xsd.ecore.exporter.nl_de" unpack="false" version="3.5.0.v20090620043401" download-size="1553" install-size="1553" />
	<plugin fragment="true" id="org.eclipse.xsd.ecore.importer.nl_de" unpack="false" version="3.5.0.v20090620043401" download-size="1746" install-size="1746" />
	<plugin fragment="true" id="org.eclipse.xsd.edit.nl_de" unpack="false" version="3.5.0.v20090620043401" download-size="5001" install-size="5001" />
	<plugin fragment="true" id="org.eclipse.xsd.editor.nl_de" unpack="false" version="3.5.0.v20090620043401" download-size="2278" install-size="2278" />
	<plugin fragment="true" id="org.eclipse.xsd.example.installer.nl_de" unpack="false" version="3.5.0.v20090620043401" download-size="1446" install-size="1446" />
	<plugin fragment="true" id="org.eclipse.xsd.example.nl_de" unpack="false" version="3.5.0.v20090620043401" download-size="1603" install-size="1603" />
	<plugin fragment="true" id="org.eclipse.xsd.mapping.editor.nl_de" unpack="false" version="3.5.0.v20090620043401" download-size="1620" install-size="1620" />
	<plugin fragment="true" id="org.eclipse.xsd.mapping.nl_de" unpack="false" version="3.5.0.v20090620043401" download-size="1605" install-size="1605" />
	<plugin fragment="true" id="org.eclipse.xsd.nl_de" unpack="false" version="3.5.0.v20090620043401" download-size="1529" install-size="1529" />
</feature>