<?xml version="1.0" encoding="UTF-8" ?>
<feature
	id="org.eclipse.babel.nls_modeling.emft_sv"
	label="Babel Language Pack for modeling.emft in Swedish (26.84%)"
	image="eclipse_update_120.jpg"
	provider-name="%providerName"
	version="3.5.0.v20090620043401">
	<copyright>
		%copyright
	</copyright>
	<license url="%licenseURL">
		%license
	</license>
	<description>Babel Language Pack for modeling.emft in Swedish</description>
	<plugin fragment="true" id="org.eclipse.emf.compare.diff.edit.nl_sv" unpack="false" version="3.5.0.v20090620043401" download-size="1832" install-size="1832" />
	<plugin fragment="true" id="org.eclipse.emf.compare.diff.nl_sv" unpack="false" version="3.5.0.v20090620043401" download-size="1385" install-size="1385" />
	<plugin fragment="true" id="org.eclipse.emf.compare.epatch.nl_sv" unpack="false" version="3.5.0.v20090620043401" download-size="1387" install-size="1387" />
	<plugin fragment="true" id="org.eclipse.emf.compare.match.nl_sv" unpack="false" version="3.5.0.v20090620043401" download-size="1692" install-size="1692" />
	<plugin fragment="true" id="org.eclipse.emf.compare.nl_sv" unpack="false" version="3.5.0.v20090620043401" download-size="1382" install-size="1382" />
	<plugin fragment="true" id="org.eclipse.emf.compare.tests.nl_sv" unpack="false" version="3.5.0.v20090620043401" download-size="1385" install-size="1385" />
	<plugin fragment="true" id="org.eclipse.emf.compare.ui.nl_sv" unpack="false" version="3.5.0.v20090620043401" download-size="3691" install-size="3691" />
	<plugin fragment="true" id="org.eclipse.emf.mwe.activities.nl_sv" unpack="false" version="3.5.0.v20090620043401" download-size="1386" install-size="1386" />
	<plugin fragment="true" id="org.eclipse.emf.mwe.core.nl_sv" unpack="false" version="3.5.0.v20090620043401" download-size="1600" install-size="1600" />
	<plugin fragment="true" id="org.eclipse.emf.mwe.doc.nl_sv" unpack="false" version="3.5.0.v20090620043401" download-size="1636" install-size="1636" />
	<plugin fragment="true" id="org.eclipse.emf.mwe.examples.nl_sv" unpack="false" version="3.5.0.v20090620043401" download-size="1385" install-size="1385" />
	<plugin fragment="true" id="org.eclipse.emf.mwe.tests.nl_sv" unpack="false" version="3.5.0.v20090620043401" download-size="1591" install-size="1591" />
	<plugin fragment="true" id="org.eclipse.emf.mwe.ui.editor.nl_sv" unpack="false" version="3.5.0.v20090620043401" download-size="2571" install-size="2571" />
	<plugin fragment="true" id="org.eclipse.emf.mwe.ui.nl_sv" unpack="false" version="3.5.0.v20090620043401" download-size="2426" install-size="2426" />
	<plugin fragment="true" id="org.eclipse.emf.mwe.ui.simpleEditor.nl_sv" unpack="false" version="3.5.0.v20090620043401" download-size="1388" install-size="1388" />
	<plugin fragment="true" id="org.eclipse.emf.mwe.utils.nl_sv" unpack="false" version="3.5.0.v20090620043401" download-size="1383" install-size="1383" />
</feature>