<?xml version="1.0" encoding="UTF-8" ?>
<feature
	id="org.eclipse.babel.nls_tools.mylyn_ro"
	label="Babel Language Pack for tools.mylyn in Romanian (3.01%)"
	image="eclipse_update_120.jpg"
	provider-name="%providerName"
	version="3.5.0.v20090620043401">
	<copyright>
		%copyright
	</copyright>
	<license url="%licenseURL">
		%license
	</license>
	<description>Babel Language Pack for tools.mylyn in Romanian</description>
	<plugin fragment="true" id="org.eclipse.mylyn.bugzilla.core.nl_ro" unpack="false" version="3.5.0.v20090620043401" download-size="2424" install-size="2424" />
	<plugin fragment="true" id="org.eclipse.mylyn.bugzilla.ide.nl_ro" unpack="false" version="3.5.0.v20090620043401" download-size="1356" install-size="1356" />
	<plugin fragment="true" id="org.eclipse.mylyn.bugzilla.ui.nl_ro" unpack="false" version="3.5.0.v20090620043401" download-size="2567" install-size="2567" />
	<plugin fragment="true" id="org.eclipse.mylyn.commons.core.nl_ro" unpack="false" version="3.5.0.v20090620043401" download-size="1354" install-size="1354" />
	<plugin fragment="true" id="org.eclipse.mylyn.commons.net.nl_ro" unpack="false" version="3.5.0.v20090620043401" download-size="1354" install-size="1354" />
	<plugin fragment="true" id="org.eclipse.mylyn.commons.soap.nl_ro" unpack="false" version="3.5.0.v20090620043401" download-size="1354" install-size="1354" />
	<plugin fragment="true" id="org.eclipse.mylyn.commons.ui.nl_ro" unpack="false" version="3.5.0.v20090620043401" download-size="2388" install-size="2388" />
	<plugin fragment="true" id="org.eclipse.mylyn.compatibility.nl_ro" unpack="false" version="3.5.0.v20090620043401" download-size="1356" install-size="1356" />
	<plugin fragment="true" id="org.eclipse.mylyn.context.core.nl_ro" unpack="false" version="3.5.0.v20090620043401" download-size="1355" install-size="1355" />
	<plugin fragment="true" id="org.eclipse.mylyn.context.ui.nl_ro" unpack="false" version="3.5.0.v20090620043401" download-size="3439" install-size="3439" />
	<plugin fragment="true" id="org.eclipse.mylyn.discovery.core.nl_ro" unpack="false" version="3.5.0.v20090620043401" download-size="1374" install-size="1374" />
	<plugin fragment="true" id="org.eclipse.mylyn.discovery.ui.nl_ro" unpack="false" version="3.5.0.v20090620043401" download-size="2597" install-size="2597" />
	<plugin fragment="true" id="org.eclipse.mylyn.help.ui.nl_ro" unpack="false" version="3.5.0.v20090620043401" download-size="1376" install-size="1376" />
	<plugin fragment="true" id="org.eclipse.mylyn.ide.ant.nl_ro" unpack="false" version="3.5.0.v20090620043401" download-size="1352" install-size="1352" />
	<plugin fragment="true" id="org.eclipse.mylyn.ide.capabilities.nl_ro" unpack="false" version="3.5.0.v20090620043401" download-size="1375" install-size="1375" />
	<plugin fragment="true" id="org.eclipse.mylyn.ide.ui.nl_ro" unpack="false" version="3.5.0.v20090620043401" download-size="1351" install-size="1351" />
	<plugin fragment="true" id="org.eclipse.mylyn.java.tasks.nl_ro" unpack="false" version="3.5.0.v20090620043401" download-size="1355" install-size="1355" />
	<plugin fragment="true" id="org.eclipse.mylyn.java.ui.nl_ro" unpack="false" version="3.5.0.v20090620043401" download-size="1352" install-size="1352" />
	<plugin fragment="true" id="org.eclipse.mylyn.jira.core.nl_ro" unpack="false" version="3.5.0.v20090620043401" download-size="2391" install-size="2391" />
	<plugin fragment="true" id="org.eclipse.mylyn.jira.ui.nl_ro" unpack="false" version="3.5.0.v20090620043401" download-size="3015" install-size="3015" />
	<plugin fragment="true" id="org.eclipse.mylyn.monitor.core.nl_ro" unpack="false" version="3.5.0.v20090620043401" download-size="1354" install-size="1354" />
	<plugin fragment="true" id="org.eclipse.mylyn.monitor.ui.nl_ro" unpack="false" version="3.5.0.v20090620043401" download-size="1353" install-size="1353" />
	<plugin fragment="true" id="org.eclipse.mylyn.nl_ro" unpack="false" version="3.5.0.v20090620043401" download-size="1347" install-size="1347" />
	<plugin fragment="true" id="org.eclipse.mylyn.pde.ui.nl_ro" unpack="false" version="3.5.0.v20090620043401" download-size="1351" install-size="1351" />
	<plugin fragment="true" id="org.eclipse.mylyn.resources.ui.nl_ro" unpack="false" version="3.5.0.v20090620043401" download-size="1354" install-size="1354" />
	<plugin fragment="true" id="org.eclipse.mylyn.tasks.bugs.nl_ro" unpack="false" version="3.5.0.v20090620043401" download-size="2874" install-size="2874" />
	<plugin fragment="true" id="org.eclipse.mylyn.tasks.core.nl_ro" unpack="false" version="3.5.0.v20090620043401" download-size="1354" install-size="1354" />
	<plugin fragment="true" id="org.eclipse.mylyn.tasks.ui.nl_ro" unpack="false" version="3.5.0.v20090620043401" download-size="6757" install-size="6757" />
	<plugin fragment="true" id="org.eclipse.mylyn.team.cvs.nl_ro" unpack="false" version="3.5.0.v20090620043401" download-size="1353" install-size="1353" />
	<plugin fragment="true" id="org.eclipse.mylyn.team.ui.nl_ro" unpack="false" version="3.5.0.v20090620043401" download-size="1390" install-size="1390" />
	<plugin fragment="true" id="org.eclipse.mylyn.trac.core.nl_ro" unpack="false" version="3.5.0.v20090620043401" download-size="2382" install-size="2382" />
	<plugin fragment="true" id="org.eclipse.mylyn.trac.ui.nl_ro" unpack="false" version="3.5.0.v20090620043401" download-size="2557" install-size="2557" />
	<plugin fragment="true" id="org.eclipse.mylyn.wikitext.confluence.core.nl_ro" unpack="false" version="3.5.0.v20090620043401" download-size="1363" install-size="1363" />
	<plugin fragment="true" id="org.eclipse.mylyn.wikitext.confluence.ui.nl_ro" unpack="false" version="3.5.0.v20090620043401" download-size="1362" install-size="1362" />
	<plugin fragment="true" id="org.eclipse.mylyn.wikitext.core.nl_ro" unpack="false" version="3.5.0.v20090620043401" download-size="1356" install-size="1356" />
	<plugin fragment="true" id="org.eclipse.mylyn.wikitext.help.sdk.nl_ro" unpack="false" version="3.5.0.v20090620043401" download-size="1380" install-size="1380" />
	<plugin fragment="true" id="org.eclipse.mylyn.wikitext.help.ui.nl_ro" unpack="false" version="3.5.0.v20090620043401" download-size="1379" install-size="1379" />
	<plugin fragment="true" id="org.eclipse.mylyn.wikitext.mediawiki.core.nl_ro" unpack="false" version="3.5.0.v20090620043401" download-size="1383" install-size="1383" />
	<plugin fragment="true" id="org.eclipse.mylyn.wikitext.mediawiki.ui.nl_ro" unpack="false" version="3.5.0.v20090620043401" download-size="1406" install-size="1406" />
	<plugin fragment="true" id="org.eclipse.mylyn.wikitext.tasks.ui.nl_ro" unpack="false" version="3.5.0.v20090620043401" download-size="1359" install-size="1359" />
	<plugin fragment="true" id="org.eclipse.mylyn.wikitext.tests.nl_ro" unpack="false" version="3.5.0.v20090620043401" download-size="1357" install-size="1357" />
	<plugin fragment="true" id="org.eclipse.mylyn.wikitext.textile.core.nl_ro" unpack="false" version="3.5.0.v20090620043401" download-size="1360" install-size="1360" />
	<plugin fragment="true" id="org.eclipse.mylyn.wikitext.textile.ui.nl_ro" unpack="false" version="3.5.0.v20090620043401" download-size="1359" install-size="1359" />
	<plugin fragment="true" id="org.eclipse.mylyn.wikitext.tracwiki.core.nl_ro" unpack="false" version="3.5.0.v20090620043401" download-size="1365" install-size="1365" />
	<plugin fragment="true" id="org.eclipse.mylyn.wikitext.tracwiki.ui.nl_ro" unpack="false" version="3.5.0.v20090620043401" download-size="1361" install-size="1361" />
	<plugin fragment="true" id="org.eclipse.mylyn.wikitext.twiki.core.nl_ro" unpack="false" version="3.5.0.v20090620043401" download-size="1360" install-size="1360" />
	<plugin fragment="true" id="org.eclipse.mylyn.wikitext.twiki.ui.nl_ro" unpack="false" version="3.5.0.v20090620043401" download-size="1359" install-size="1359" />
	<plugin fragment="true" id="org.eclipse.mylyn.wikitext.ui.nl_ro" unpack="false" version="3.5.0.v20090620043401" download-size="3258" install-size="3258" />
	<plugin fragment="true" id="org.eclipse.mylyn.xplanner.core.nl_ro" unpack="false" version="3.5.0.v20090620043401" download-size="1355" install-size="1355" />
	<plugin fragment="true" id="org.eclipse.mylyn.xplanner.ui.nl_ro" unpack="false" version="3.5.0.v20090620043401" download-size="3091" install-size="3091" />
</feature>