<?xml version="1.0" encoding="UTF-8" ?>
<feature
	id="org.eclipse.babel.nls_technology.mat_ru"
	label="Babel Language Pack for technology.mat in Russian (2.91%)"
	image="eclipse_update_120.jpg"
	provider-name="%providerName"
	version="3.5.0.v20090620043401">
	<copyright>
		%copyright
	</copyright>
	<license url="%licenseURL">
		%license
	</license>
	<description>Babel Language Pack for technology.mat in Russian</description>
	<plugin fragment="true" id="org.eclipse.mat.api.nl_ru" unpack="false" version="3.5.0.v20090620043401" download-size="2298" install-size="2298" />
	<plugin fragment="true" id="org.eclipse.mat.chart.nl_ru" unpack="false" version="3.5.0.v20090620043401" download-size="1367" install-size="1367" />
	<plugin fragment="true" id="org.eclipse.mat.chart.ui.nl_ru" unpack="false" version="3.5.0.v20090620043401" download-size="1369" install-size="1369" />
	<plugin fragment="true" id="org.eclipse.mat.hprof.nl_ru" unpack="false" version="3.5.0.v20090620043401" download-size="1368" install-size="1368" />
	<plugin fragment="true" id="org.eclipse.mat.jdt.nl_ru" unpack="false" version="3.5.0.v20090620043401" download-size="1366" install-size="1366" />
	<plugin fragment="true" id="org.eclipse.mat.parser.nl_ru" unpack="false" version="3.5.0.v20090620043401" download-size="1367" install-size="1367" />
	<plugin fragment="true" id="org.eclipse.mat.report.nl_ru" unpack="false" version="3.5.0.v20090620043401" download-size="2282" install-size="2282" />
	<plugin fragment="true" id="org.eclipse.mat.ui.nl_ru" unpack="false" version="3.5.0.v20090620043401" download-size="2903" install-size="2903" />
	<plugin fragment="true" id="org.eclipse.mat.ui.rcp.nl_ru" unpack="false" version="3.5.0.v20090620043401" download-size="1368" install-size="1368" />
</feature>