<?xml version="1.0" encoding="UTF-8" ?>
<feature
	id="org.eclipse.babel.nls_webtools.jeetools_it"
	label="Babel Language Pack for webtools.jeetools in Italian (94.77%)"
	image="eclipse_update_120.jpg"
	provider-name="%providerName"
	version="3.5.0.v20090620043401">
	<copyright>
		%copyright
	</copyright>
	<license url="%licenseURL">
		%license
	</license>
	<description>Babel Language Pack for webtools.jeetools in Italian</description>
	<plugin fragment="true" id="org.eclipse.jem.beaninfo.nl_it" unpack="false" version="3.5.0.v20090620043401" download-size="3145" install-size="3145" />
	<plugin fragment="true" id="org.eclipse.jem.beaninfo.vm.common.nl_it" unpack="false" version="3.5.0.v20090620043401" download-size="1378" install-size="1378" />
	<plugin fragment="true" id="org.eclipse.jem.beaninfo.vm.nl_it" unpack="false" version="3.5.0.v20090620043401" download-size="3023" install-size="3023" />
	<plugin fragment="true" id="org.eclipse.jem.nl_it" unpack="false" version="3.5.0.v20090620043401" download-size="3935" install-size="3935" />
	<plugin fragment="true" id="org.eclipse.jem.proxy.nl_it" unpack="false" version="3.5.0.v20090620043401" download-size="7217" install-size="7217" />
	<plugin fragment="true" id="org.eclipse.jem.tests.nl_it" unpack="false" version="3.5.0.v20090620043401" download-size="1365" install-size="1365" />
	<plugin fragment="true" id="org.eclipse.jem.workbench.nl_it" unpack="false" version="3.5.0.v20090620043401" download-size="2470" install-size="2470" />
	<plugin fragment="true" id="org.eclipse.jst.j2ee.core.nl_it" unpack="false" version="3.5.0.v20090620043401" download-size="30109" install-size="30109" />
	<plugin fragment="true" id="org.eclipse.jst.j2ee.doc.user.nl_it" unpack="false" version="3.5.0.v20090620043401" download-size="1402" install-size="1402" />
	<plugin fragment="true" id="org.eclipse.jst.j2ee.infopop.nl_it" unpack="false" version="3.5.0.v20090620043401" download-size="1407" install-size="1407" />
	<plugin fragment="true" id="org.eclipse.jst.j2ee.jca.nl_it" unpack="false" version="3.5.0.v20090620043401" download-size="2474" install-size="2474" />
	<plugin fragment="true" id="org.eclipse.jst.j2ee.jca.ui.nl_it" unpack="false" version="3.5.0.v20090620043401" download-size="2016" install-size="2016" />
	<plugin fragment="true" id="org.eclipse.jst.j2ee.navigator.ui.nl_it" unpack="false" version="3.5.0.v20090620043401" download-size="3472" install-size="3472" />
	<plugin fragment="true" id="org.eclipse.jst.j2ee.nl_it" unpack="false" version="3.5.0.v20090620043401" download-size="27168" install-size="27168" />
	<plugin fragment="true" id="org.eclipse.jst.j2ee.ui.nl_it" unpack="false" version="3.5.0.v20090620043401" download-size="15353" install-size="15353" />
	<plugin fragment="true" id="org.eclipse.jst.j2ee.web.nl_it" unpack="false" version="3.5.0.v20090620043401" download-size="18748" install-size="18748" />
	<plugin fragment="true" id="org.eclipse.jst.j2ee.webservice.nl_it" unpack="false" version="3.5.0.v20090620043401" download-size="2660" install-size="2660" />
	<plugin fragment="true" id="org.eclipse.jst.j2ee.webservice.ui.nl_it" unpack="false" version="3.5.0.v20090620043401" download-size="2429" install-size="2429" />
	<plugin fragment="true" id="org.eclipse.jst.j2ee.xdoclet.runtime.nl_it" unpack="false" version="3.5.0.v20090620043401" download-size="2278" install-size="2278" />
	<plugin fragment="true" id="org.eclipse.jst.jee.nl_it" unpack="false" version="3.5.0.v20090620043401" download-size="1368" install-size="1368" />
	<plugin fragment="true" id="org.eclipse.jst.jee.ui.nl_it" unpack="false" version="3.5.0.v20090620043401" download-size="2613" install-size="2613" />
	<plugin fragment="true" id="org.eclipse.jst.jee.web.nl_it" unpack="false" version="3.5.0.v20090620043401" download-size="1371" install-size="1371" />
	<plugin fragment="true" id="org.eclipse.jst.servlet.ui.infopop.nl_it" unpack="false" version="3.5.0.v20090620043401" download-size="1401" install-size="1401" />
	<plugin fragment="true" id="org.eclipse.jst.servlet.ui.nl_it" unpack="false" version="3.5.0.v20090620043401" download-size="5534" install-size="5534" />
	<plugin fragment="true" id="org.eclipse.wst.web.ui.infopop.nl_it" unpack="false" version="3.5.0.v20090620043401" download-size="1401" install-size="1401" />
</feature>