<?xml version="1.0" encoding="UTF-8" ?>
<feature
	id="org.eclipse.babel.nls_rt.rap_tr"
	label="Babel Language Pack for rt.rap in Turkish (79.69%)"
	image="eclipse_update_120.jpg"
	provider-name="%providerName"
	version="3.5.0.v20090620043401">
	<copyright>
		%copyright
	</copyright>
	<license url="%licenseURL">
		%license
	</license>
	<description>Babel Language Pack for rt.rap in Turkish</description>
	<plugin fragment="true" id="org.eclipse.rap.design.example.nl_tr" unpack="false" version="3.5.0.v20090620043401" download-size="1373" install-size="1373" />
	<plugin fragment="true" id="org.eclipse.rap.jface.databinding.nl_tr" unpack="false" version="3.5.0.v20090620043401" download-size="1413" install-size="1413" />
	<plugin fragment="true" id="org.eclipse.rap.jface.nl_tr" unpack="false" version="3.5.0.v20090620043401" download-size="10144" install-size="10144" />
	<plugin fragment="true" id="org.eclipse.rap.rwt.nl_tr" unpack="false" version="3.5.0.v20090620043401" download-size="2856" install-size="2856" />
	<plugin fragment="true" id="org.eclipse.rap.rwt.test.nl_tr" unpack="false" version="3.5.0.v20090620043401" download-size="1373" install-size="1373" />
	<plugin fragment="true" id="org.eclipse.rap.ui.forms.nl_tr" unpack="false" version="3.5.0.v20090620043401" download-size="2309" install-size="2309" />
	<plugin fragment="true" id="org.eclipse.rap.ui.help.nl_tr" unpack="false" version="3.5.0.v20090620043401" download-size="1367" install-size="1367" />
	<plugin fragment="true" id="org.eclipse.rap.ui.intro.nl_tr" unpack="false" version="3.5.0.v20090620043401" download-size="2541" install-size="2541" />
	<plugin fragment="true" id="org.eclipse.rap.ui.launch.nl_tr" unpack="false" version="3.5.0.v20090620043401" download-size="2497" install-size="2497" />
	<plugin fragment="true" id="org.eclipse.rap.ui.nl_tr" unpack="false" version="3.5.0.v20090620043401" download-size="5208" install-size="5208" />
	<plugin fragment="true" id="org.eclipse.rap.ui.templates.nl_tr" unpack="false" version="3.5.0.v20090620043401" download-size="2610" install-size="2610" />
	<plugin fragment="true" id="org.eclipse.rap.ui.views.nl_tr" unpack="false" version="3.5.0.v20090620043401" download-size="3170" install-size="3170" />
	<plugin fragment="true" id="org.eclipse.rap.ui.workbench.nl_tr" unpack="false" version="3.5.0.v20090620043401" download-size="25904" install-size="25904" />
</feature>