<?xml version="1.0" encoding="UTF-8" ?>
<feature
	id="org.eclipse.babel.nls_modeling.m2m_hi"
	label="Babel Language Pack for modeling.m2m in Hindi (3.47%)"
	image="eclipse_update_120.jpg"
	provider-name="%providerName"
	version="3.5.0.v20090620043401">
	<copyright>
		%copyright
	</copyright>
	<license url="%licenseURL">
		%license
	</license>
	<description>Babel Language Pack for modeling.m2m in Hindi</description>
	<plugin fragment="true" id="org.eclipse.m2m.atl.adt.debug.nl_hi" unpack="false" version="3.5.0.v20090620043401" download-size="1370" install-size="1370" />
	<plugin fragment="true" id="org.eclipse.m2m.atl.adt.editor.nl_hi" unpack="false" version="3.5.0.v20090620043401" download-size="1370" install-size="1370" />
	<plugin fragment="true" id="org.eclipse.m2m.atl.adt.nl_hi" unpack="false" version="3.5.0.v20090620043401" download-size="1366" install-size="1366" />
	<plugin fragment="true" id="org.eclipse.m2m.atl.adt.ui.nl_hi" unpack="false" version="3.5.0.v20090620043401" download-size="1368" install-size="1368" />
	<plugin fragment="true" id="org.eclipse.m2m.atl.common.nl_hi" unpack="false" version="3.5.0.v20090620043401" download-size="1368" install-size="1368" />
	<plugin fragment="true" id="org.eclipse.m2m.atl.core.ant.nl_hi" unpack="false" version="3.5.0.v20090620043401" download-size="1369" install-size="1369" />
	<plugin fragment="true" id="org.eclipse.m2m.atl.core.emf.nl_hi" unpack="false" version="3.5.0.v20090620043401" download-size="1369" install-size="1369" />
	<plugin fragment="true" id="org.eclipse.m2m.atl.core.nl_hi" unpack="false" version="3.5.0.v20090620043401" download-size="1366" install-size="1366" />
	<plugin fragment="true" id="org.eclipse.m2m.atl.core.ui.nl_hi" unpack="false" version="3.5.0.v20090620043401" download-size="1368" install-size="1368" />
	<plugin fragment="true" id="org.eclipse.m2m.atl.core.ui.vm.nl_hi" unpack="false" version="3.5.0.v20090620043401" download-size="1371" install-size="1371" />
	<plugin fragment="true" id="org.eclipse.m2m.atl.doc.nl_hi" unpack="false" version="3.5.0.v20090620043401" download-size="1366" install-size="1366" />
	<plugin fragment="true" id="org.eclipse.m2m.atl.drivers.emf4atl.nl_hi" unpack="false" version="3.5.0.v20090620043401" download-size="1374" install-size="1374" />
	<plugin fragment="true" id="org.eclipse.m2m.atl.drivers.uml24atl.nl_hi" unpack="false" version="3.5.0.v20090620043401" download-size="1375" install-size="1375" />
	<plugin fragment="true" id="org.eclipse.m2m.atl.dsls.nl_hi" unpack="false" version="3.5.0.v20090620043401" download-size="1367" install-size="1367" />
	<plugin fragment="true" id="org.eclipse.m2m.atl.engine.emfvm.nl_hi" unpack="false" version="3.5.0.v20090620043401" download-size="1372" install-size="1372" />
	<plugin fragment="true" id="org.eclipse.m2m.atl.engine.nl_hi" unpack="false" version="3.5.0.v20090620043401" download-size="1368" install-size="1368" />
	<plugin fragment="true" id="org.eclipse.m2m.atl.engine.vm.nl_hi" unpack="false" version="3.5.0.v20090620043401" download-size="1370" install-size="1370" />
	<plugin fragment="true" id="org.eclipse.m2m.atl.examples.nl_hi" unpack="false" version="3.5.0.v20090620043401" download-size="1370" install-size="1370" />
	<plugin fragment="true" id="org.eclipse.m2m.atl.nl_hi" unpack="false" version="3.5.0.v20090620043401" download-size="1363" install-size="1363" />
	<plugin fragment="true" id="org.eclipse.m2m.atl.tests.nl_hi" unpack="false" version="3.5.0.v20090620043401" download-size="1367" install-size="1367" />
	<plugin fragment="true" id="org.eclipse.m2m.qvt.oml.common.nl_hi" unpack="false" version="3.5.0.v20090620043401" download-size="1370" install-size="1370" />
	<plugin fragment="true" id="org.eclipse.m2m.qvt.oml.common.ui.nl_hi" unpack="false" version="3.5.0.v20090620043401" download-size="1372" install-size="1372" />
	<plugin fragment="true" id="org.eclipse.m2m.qvt.oml.cst.parser.nl_hi" unpack="false" version="3.5.0.v20090620043401" download-size="1373" install-size="1373" />
	<plugin fragment="true" id="org.eclipse.m2m.qvt.oml.doc.nl_hi" unpack="false" version="3.5.0.v20090620043401" download-size="1369" install-size="1369" />
	<plugin fragment="true" id="org.eclipse.m2m.qvt.oml.ecore.imperativeocl.nl_hi" unpack="false" version="3.5.0.v20090620043401" download-size="1379" install-size="1379" />
	<plugin fragment="true" id="org.eclipse.m2m.qvt.oml.editor.ui.nl_hi" unpack="false" version="3.5.0.v20090620043401" download-size="2871" install-size="2871" />
	<plugin fragment="true" id="org.eclipse.m2m.qvt.oml.emf.util.nl_hi" unpack="false" version="3.5.0.v20090620043401" download-size="1372" install-size="1372" />
	<plugin fragment="true" id="org.eclipse.m2m.qvt.oml.emf.util.ui.nl_hi" unpack="false" version="3.5.0.v20090620043401" download-size="1373" install-size="1373" />
	<plugin fragment="true" id="org.eclipse.m2m.qvt.oml.examples.blackbox.nl_hi" unpack="false" version="3.5.0.v20090620043401" download-size="1378" install-size="1378" />
	<plugin fragment="true" id="org.eclipse.m2m.qvt.oml.examples.omg.nl_hi" unpack="false" version="3.5.0.v20090620043401" download-size="1375" install-size="1375" />
	<plugin fragment="true" id="org.eclipse.m2m.qvt.oml.nl_hi" unpack="false" version="3.5.0.v20090620043401" download-size="1366" install-size="1366" />
	<plugin fragment="true" id="org.eclipse.m2m.qvt.oml.ocl.nl_hi" unpack="false" version="3.5.0.v20090620043401" download-size="1369" install-size="1369" />
	<plugin fragment="true" id="org.eclipse.m2m.qvt.oml.project.nl_hi" unpack="false" version="3.5.0.v20090620043401" download-size="1372" install-size="1372" />
	<plugin fragment="true" id="org.eclipse.m2m.qvt.oml.runtime.nl_hi" unpack="false" version="3.5.0.v20090620043401" download-size="1371" install-size="1371" />
	<plugin fragment="true" id="org.eclipse.m2m.qvt.oml.runtime.ui.nl_hi" unpack="false" version="3.5.0.v20090620043401" download-size="1373" install-size="1373" />
	<plugin fragment="true" id="org.eclipse.m2m.qvt.oml.samples.nl_hi" unpack="false" version="3.5.0.v20090620043401" download-size="1435" install-size="1435" />
	<plugin fragment="true" id="org.eclipse.m2m.qvt.oml.trace.edit.nl_hi" unpack="false" version="3.5.0.v20090620043401" download-size="1373" install-size="1373" />
	<plugin fragment="true" id="org.eclipse.m2m.qvt.oml.ui.nl_hi" unpack="false" version="3.5.0.v20090620043401" download-size="2955" install-size="2955" />
	<plugin fragment="true" id="org.eclipse.m2m.tests.qvt.oml.nl_hi" unpack="false" version="3.5.0.v20090620043401" download-size="1370" install-size="1370" />
	<plugin fragment="true" id="org.eclipse.m2m.tests.qvt.oml.ui.nl_hi" unpack="false" version="3.5.0.v20090620043401" download-size="1372" install-size="1372" />
</feature>