<?xml version="1.0" encoding="UTF-8" ?>
<feature
	id="org.eclipse.babel.nls_stp.bpmn_zh_TW"
	label="Babel Language Pack for stp.bpmn in Chinese (Traditional) (19%)"
	image="eclipse_update_120.jpg"
	provider-name="%providerName"
	version="3.5.0.v20090620043401">
	<copyright>
		%copyright
	</copyright>
	<license url="%licenseURL">
		%license
	</license>
	<description>Babel Language Pack for stp.bpmn in Chinese (Traditional)</description>
	<plugin fragment="true" id="org.eclipse.stp.bpmn.diagram.nl_zh_TW" unpack="false" version="3.5.0.v20090620043401" download-size="2784" install-size="2784" />
	<plugin fragment="true" id="org.eclipse.stp.bpmn.edit.nl_zh_TW" unpack="false" version="3.5.0.v20090620043401" download-size="2366" install-size="2366" />
	<plugin fragment="true" id="org.eclipse.stp.bpmn.nl_zh_TW" unpack="false" version="3.5.0.v20090620043401" download-size="2265" install-size="2265" />
	<plugin fragment="true" id="org.eclipse.stp.bpmn.validation.nl_zh_TW" unpack="false" version="3.5.0.v20090620043401" download-size="2352" install-size="2352" />
</feature>