<?xml version="1.0" encoding="UTF-8" ?>
<feature
	id="org.eclipse.babel.nls_rt.equinox_ro"
	label="Babel Language Pack for rt.equinox in Romanian (12.61%)"
	image="eclipse_update_120.jpg"
	provider-name="%providerName"
	version="3.5.0.v20090620043401">
	<copyright>
		%copyright
	</copyright>
	<license url="%licenseURL">
		%license
	</license>
	<description>Babel Language Pack for rt.equinox in Romanian</description>
	<plugin fragment="true" id="org.eclipse.core.resources.jmx.nl_ro" unpack="false" version="3.5.0.v20090620043401" download-size="2243" install-size="2243" />
	<plugin fragment="true" id="org.eclipse.equinox.frameworkadmin.equinox.nl_ro" unpack="false" version="3.5.0.v20090620043401" download-size="1378" install-size="1378" />
	<plugin fragment="true" id="org.eclipse.equinox.frameworkadmin.nl_ro" unpack="false" version="3.5.0.v20090620043401" download-size="1376" install-size="1376" />
	<plugin fragment="true" id="org.eclipse.equinox.jmx.client.nl_ro" unpack="false" version="3.5.0.v20090620043401" download-size="4472" install-size="4472" />
	<plugin fragment="true" id="org.eclipse.equinox.jmx.common.nl_ro" unpack="false" version="3.5.0.v20090620043401" download-size="2260" install-size="2260" />
	<plugin fragment="true" id="org.eclipse.equinox.jmx.server.nl_ro" unpack="false" version="3.5.0.v20090620043401" download-size="2301" install-size="2301" />
	<plugin fragment="true" id="org.eclipse.equinox.jmx.vm.nl_ro" unpack="false" version="3.5.0.v20090620043401" download-size="2169" install-size="2169" />
	<plugin fragment="true" id="org.eclipse.equinox.p2.artifact.repository.nl_ro" unpack="false" version="3.5.0.v20090620043401" download-size="2629" install-size="2629" />
	<plugin fragment="true" id="org.eclipse.equinox.p2.console.nl_ro" unpack="false" version="3.5.0.v20090620043401" download-size="1372" install-size="1372" />
	<plugin fragment="true" id="org.eclipse.equinox.p2.core.nl_ro" unpack="false" version="3.5.0.v20090620043401" download-size="1371" install-size="1371" />
	<plugin fragment="true" id="org.eclipse.equinox.p2.director.app.nl_ro" unpack="false" version="3.5.0.v20090620043401" download-size="1375" install-size="1375" />
	<plugin fragment="true" id="org.eclipse.equinox.p2.director.nl_ro" unpack="false" version="3.5.0.v20090620043401" download-size="1373" install-size="1373" />
	<plugin fragment="true" id="org.eclipse.equinox.p2.directorywatcher.nl_ro" unpack="false" version="3.5.0.v20090620043401" download-size="1379" install-size="1379" />
	<plugin fragment="true" id="org.eclipse.equinox.p2.engine.nl_ro" unpack="false" version="3.5.0.v20090620043401" download-size="1372" install-size="1372" />
	<plugin fragment="true" id="org.eclipse.equinox.p2.exemplarysetup.nl_ro" unpack="false" version="3.5.0.v20090620043401" download-size="1377" install-size="1377" />
	<plugin fragment="true" id="org.eclipse.equinox.p2.extensionlocation.nl_ro" unpack="false" version="3.5.0.v20090620043401" download-size="1379" install-size="1379" />
	<plugin fragment="true" id="org.eclipse.equinox.p2.garbagecollector.nl_ro" unpack="false" version="3.5.0.v20090620043401" download-size="1378" install-size="1378" />
	<plugin fragment="true" id="org.eclipse.equinox.p2.installer.nl_ro" unpack="false" version="3.5.0.v20090620043401" download-size="2417" install-size="2417" />
	<plugin fragment="true" id="org.eclipse.equinox.p2.jarprocessor.nl_ro" unpack="false" version="3.5.0.v20090620043401" download-size="1375" install-size="1375" />
	<plugin fragment="true" id="org.eclipse.equinox.p2.metadata.generator.nl_ro" unpack="false" version="3.5.0.v20090620043401" download-size="1378" install-size="1378" />
	<plugin fragment="true" id="org.eclipse.equinox.p2.metadata.nl_ro" unpack="false" version="3.5.0.v20090620043401" download-size="1373" install-size="1373" />
	<plugin fragment="true" id="org.eclipse.equinox.p2.metadata.repository.nl_ro" unpack="false" version="3.5.0.v20090620043401" download-size="2627" install-size="2627" />
	<plugin fragment="true" id="org.eclipse.equinox.p2.publisher.nl_ro" unpack="false" version="3.5.0.v20090620043401" download-size="1374" install-size="1374" />
	<plugin fragment="true" id="org.eclipse.equinox.p2.reconciler.dropins.nl_ro" unpack="false" version="3.5.0.v20090620043401" download-size="1378" install-size="1378" />
	<plugin fragment="true" id="org.eclipse.equinox.p2.repository.nl_ro" unpack="false" version="3.5.0.v20090620043401" download-size="2943" install-size="2943" />
	<plugin fragment="true" id="org.eclipse.equinox.p2.repository.tools.nl_ro" unpack="false" version="3.5.0.v20090620043401" download-size="2608" install-size="2608" />
	<plugin fragment="true" id="org.eclipse.equinox.p2.selfhosting.nl_ro" unpack="false" version="3.5.0.v20090620043401" download-size="1376" install-size="1376" />
	<plugin fragment="true" id="org.eclipse.equinox.p2.tests.nl_ro" unpack="false" version="3.5.0.v20090620043401" download-size="1371" install-size="1371" />
	<plugin fragment="true" id="org.eclipse.equinox.p2.tests.ui.nl_ro" unpack="false" version="3.5.0.v20090620043401" download-size="1373" install-size="1373" />
	<plugin fragment="true" id="org.eclipse.equinox.p2.tools.nl_ro" unpack="false" version="3.5.0.v20090620043401" download-size="1371" install-size="1371" />
	<plugin fragment="true" id="org.eclipse.equinox.p2.touchpoint.eclipse.nl_ro" unpack="false" version="3.5.0.v20090620043401" download-size="1376" install-size="1376" />
	<plugin fragment="true" id="org.eclipse.equinox.p2.touchpoint.natives.nl_ro" unpack="false" version="3.5.0.v20090620043401" download-size="1378" install-size="1378" />
	<plugin fragment="true" id="org.eclipse.equinox.p2.ui.admin.nl_ro" unpack="false" version="3.5.0.v20090620043401" download-size="2634" install-size="2634" />
	<plugin fragment="true" id="org.eclipse.equinox.p2.ui.admin.rcp.nl_ro" unpack="false" version="3.5.0.v20090620043401" download-size="2788" install-size="2788" />
	<plugin fragment="true" id="org.eclipse.equinox.p2.ui.nl_ro" unpack="false" version="3.5.0.v20090620043401" download-size="2641" install-size="2641" />
	<plugin fragment="true" id="org.eclipse.equinox.p2.ui.sdk.nl_ro" unpack="false" version="3.5.0.v20090620043401" download-size="2670" install-size="2670" />
	<plugin fragment="true" id="org.eclipse.equinox.p2.ui.sdk.scheduler.nl_ro" unpack="false" version="3.5.0.v20090620043401" download-size="1474" install-size="1474" />
	<plugin fragment="true" id="org.eclipse.equinox.p2.updatechecker.nl_ro" unpack="false" version="3.5.0.v20090620043401" download-size="1359" install-size="1359" />
	<plugin fragment="true" id="org.eclipse.equinox.p2.updatesite.nl_ro" unpack="false" version="3.5.0.v20090620043401" download-size="2378" install-size="2378" />
	<plugin fragment="true" id="org.eclipse.equinox.preferences.jmx.nl_ro" unpack="false" version="3.5.0.v20090620043401" download-size="2370" install-size="2370" />
	<plugin fragment="true" id="org.eclipse.equinox.simpleconfigurator.manipulator.nl_ro" unpack="false" version="3.5.0.v20090620043401" download-size="1367" install-size="1367" />
	<plugin fragment="true" id="org.eclipse.equinox.simpleconfigurator.nl_ro" unpack="false" version="3.5.0.v20090620043401" download-size="1360" install-size="1360" />
</feature>