<?xml version="1.0" encoding="UTF-8" ?>
<feature
	id="org.eclipse.babel.nls_rt.rap_es"
	label="Babel Language Pack for rt.rap in Spanish (90.08%)"
	image="eclipse_update_120.jpg"
	provider-name="%providerName"
	version="3.5.0.v20090620043401">
	<copyright>
		%copyright
	</copyright>
	<license url="%licenseURL">
		%license
	</license>
	<description>Babel Language Pack for rt.rap in Spanish</description>
	<plugin fragment="true" id="org.eclipse.rap.design.example.nl_es" unpack="false" version="3.5.0.v20090620043401" download-size="1372" install-size="1372" />
	<plugin fragment="true" id="org.eclipse.rap.jface.databinding.nl_es" unpack="false" version="3.5.0.v20090620043401" download-size="1398" install-size="1398" />
	<plugin fragment="true" id="org.eclipse.rap.jface.nl_es" unpack="false" version="3.5.0.v20090620043401" download-size="10940" install-size="10940" />
	<plugin fragment="true" id="org.eclipse.rap.rwt.nl_es" unpack="false" version="3.5.0.v20090620043401" download-size="3198" install-size="3198" />
	<plugin fragment="true" id="org.eclipse.rap.rwt.test.nl_es" unpack="false" version="3.5.0.v20090620043401" download-size="3252" install-size="3252" />
	<plugin fragment="true" id="org.eclipse.rap.ui.forms.nl_es" unpack="false" version="3.5.0.v20090620043401" download-size="2401" install-size="2401" />
	<plugin fragment="true" id="org.eclipse.rap.ui.help.nl_es" unpack="false" version="3.5.0.v20090620043401" download-size="1367" install-size="1367" />
	<plugin fragment="true" id="org.eclipse.rap.ui.intro.nl_es" unpack="false" version="3.5.0.v20090620043401" download-size="2544" install-size="2544" />
	<plugin fragment="true" id="org.eclipse.rap.ui.launch.nl_es" unpack="false" version="3.5.0.v20090620043401" download-size="2500" install-size="2500" />
	<plugin fragment="true" id="org.eclipse.rap.ui.nl_es" unpack="false" version="3.5.0.v20090620043401" download-size="5275" install-size="5275" />
	<plugin fragment="true" id="org.eclipse.rap.ui.templates.nl_es" unpack="false" version="3.5.0.v20090620043401" download-size="2673" install-size="2673" />
	<plugin fragment="true" id="org.eclipse.rap.ui.views.nl_es" unpack="false" version="3.5.0.v20090620043401" download-size="3142" install-size="3142" />
	<plugin fragment="true" id="org.eclipse.rap.ui.workbench.nl_es" unpack="false" version="3.5.0.v20090620043401" download-size="26825" install-size="26825" />
</feature>