<?xml version="1.0" encoding="UTF-8" ?>
<feature
	id="org.eclipse.babel.nls_tools.pdt_ar"
	label="Babel Language Pack for tools.pdt in Arabic (62.61%)"
	image="eclipse_update_120.jpg"
	provider-name="%providerName"
	version="3.5.0.v20090620043401">
	<copyright>
		%copyright
	</copyright>
	<license url="%licenseURL">
		%license
	</license>
	<description>Babel Language Pack for tools.pdt in Arabic</description>
	<plugin fragment="true" id="org.eclipse.dltk.core.tests.nl_ar" unpack="false" version="3.5.0.v20090620043401" download-size="1370" install-size="1370" />
	<plugin fragment="true" id="org.eclipse.php.core.nl_ar" unpack="false" version="3.5.0.v20090620043401" download-size="2850" install-size="2850" />
	<plugin fragment="true" id="org.eclipse.php.core.parser.nl_ar" unpack="false" version="3.5.0.v20090620043401" download-size="1370" install-size="1370" />
	<plugin fragment="true" id="org.eclipse.php.debug.core.nl_ar" unpack="false" version="3.5.0.v20090620043401" download-size="2399" install-size="2399" />
	<plugin fragment="true" id="org.eclipse.php.debug.ui.nl_ar" unpack="false" version="3.5.0.v20090620043401" download-size="3559" install-size="3559" />
	<plugin fragment="true" id="org.eclipse.php.nl_ar" unpack="false" version="3.5.0.v20090620043401" download-size="1362" install-size="1362" />
	<plugin fragment="true" id="org.eclipse.php.server.core.nl_ar" unpack="false" version="3.5.0.v20090620043401" download-size="2293" install-size="2293" />
	<plugin fragment="true" id="org.eclipse.php.server.ui.nl_ar" unpack="false" version="3.5.0.v20090620043401" download-size="2281" install-size="2281" />
	<plugin fragment="true" id="org.eclipse.php.test.nl_ar" unpack="false" version="3.5.0.v20090620043401" download-size="1366" install-size="1366" />
	<plugin fragment="true" id="org.eclipse.php.ui.nl_ar" unpack="false" version="3.5.0.v20090620043401" download-size="48014" install-size="48014" />
	<plugin fragment="true" id="org.eclipse.test.nl_ar" unpack="false" version="3.5.0.v20090620043401" download-size="1362" install-size="1362" />
</feature>