<?xml version="1.0" encoding="UTF-8" ?>
<feature
	id="org.eclipse.babel.nls_technology.mat_ko"
	label="Babel Language Pack for technology.mat in Korean (2.91%)"
	image="eclipse_update_120.jpg"
	provider-name="%providerName"
	version="3.5.0.v20090620043401">
	<copyright>
		%copyright
	</copyright>
	<license url="%licenseURL">
		%license
	</license>
	<description>Babel Language Pack for technology.mat in Korean</description>
	<plugin fragment="true" id="org.eclipse.mat.api.nl_ko" unpack="false" version="3.5.0.v20090620043401" download-size="2256" install-size="2256" />
	<plugin fragment="true" id="org.eclipse.mat.chart.nl_ko" unpack="false" version="3.5.0.v20090620043401" download-size="1366" install-size="1366" />
	<plugin fragment="true" id="org.eclipse.mat.chart.ui.nl_ko" unpack="false" version="3.5.0.v20090620043401" download-size="1368" install-size="1368" />
	<plugin fragment="true" id="org.eclipse.mat.hprof.nl_ko" unpack="false" version="3.5.0.v20090620043401" download-size="1367" install-size="1367" />
	<plugin fragment="true" id="org.eclipse.mat.jdt.nl_ko" unpack="false" version="3.5.0.v20090620043401" download-size="1365" install-size="1365" />
	<plugin fragment="true" id="org.eclipse.mat.parser.nl_ko" unpack="false" version="3.5.0.v20090620043401" download-size="1366" install-size="1366" />
	<plugin fragment="true" id="org.eclipse.mat.report.nl_ko" unpack="false" version="3.5.0.v20090620043401" download-size="2267" install-size="2267" />
	<plugin fragment="true" id="org.eclipse.mat.ui.nl_ko" unpack="false" version="3.5.0.v20090620043401" download-size="2846" install-size="2846" />
	<plugin fragment="true" id="org.eclipse.mat.ui.rcp.nl_ko" unpack="false" version="3.5.0.v20090620043401" download-size="1367" install-size="1367" />
</feature>