<?xml version="1.0" encoding="UTF-8" ?>
<feature
	id="org.eclipse.babel.nls_modeling.emft_es"
	label="Babel Language Pack for modeling.emft in Spanish (26.84%)"
	image="eclipse_update_120.jpg"
	provider-name="%providerName"
	version="3.5.0.v20090620043401">
	<copyright>
		%copyright
	</copyright>
	<license url="%licenseURL">
		%license
	</license>
	<description>Babel Language Pack for modeling.emft in Spanish</description>
	<plugin fragment="true" id="org.eclipse.emf.compare.diff.edit.nl_es" unpack="false" version="3.5.0.v20090620043401" download-size="1825" install-size="1825" />
	<plugin fragment="true" id="org.eclipse.emf.compare.diff.nl_es" unpack="false" version="3.5.0.v20090620043401" download-size="1370" install-size="1370" />
	<plugin fragment="true" id="org.eclipse.emf.compare.epatch.nl_es" unpack="false" version="3.5.0.v20090620043401" download-size="1372" install-size="1372" />
	<plugin fragment="true" id="org.eclipse.emf.compare.match.nl_es" unpack="false" version="3.5.0.v20090620043401" download-size="1680" install-size="1680" />
	<plugin fragment="true" id="org.eclipse.emf.compare.nl_es" unpack="false" version="3.5.0.v20090620043401" download-size="1367" install-size="1367" />
	<plugin fragment="true" id="org.eclipse.emf.compare.tests.nl_es" unpack="false" version="3.5.0.v20090620043401" download-size="1370" install-size="1370" />
	<plugin fragment="true" id="org.eclipse.emf.compare.ui.nl_es" unpack="false" version="3.5.0.v20090620043401" download-size="3651" install-size="3651" />
	<plugin fragment="true" id="org.eclipse.emf.mwe.activities.nl_es" unpack="false" version="3.5.0.v20090620043401" download-size="1372" install-size="1372" />
	<plugin fragment="true" id="org.eclipse.emf.mwe.core.nl_es" unpack="false" version="3.5.0.v20090620043401" download-size="1589" install-size="1589" />
	<plugin fragment="true" id="org.eclipse.emf.mwe.doc.nl_es" unpack="false" version="3.5.0.v20090620043401" download-size="1625" install-size="1625" />
	<plugin fragment="true" id="org.eclipse.emf.mwe.examples.nl_es" unpack="false" version="3.5.0.v20090620043401" download-size="1371" install-size="1371" />
	<plugin fragment="true" id="org.eclipse.emf.mwe.tests.nl_es" unpack="false" version="3.5.0.v20090620043401" download-size="1580" install-size="1580" />
	<plugin fragment="true" id="org.eclipse.emf.mwe.ui.editor.nl_es" unpack="false" version="3.5.0.v20090620043401" download-size="2628" install-size="2628" />
	<plugin fragment="true" id="org.eclipse.emf.mwe.ui.nl_es" unpack="false" version="3.5.0.v20090620043401" download-size="2440" install-size="2440" />
	<plugin fragment="true" id="org.eclipse.emf.mwe.ui.simpleEditor.nl_es" unpack="false" version="3.5.0.v20090620043401" download-size="1374" install-size="1374" />
	<plugin fragment="true" id="org.eclipse.emf.mwe.utils.nl_es" unpack="false" version="3.5.0.v20090620043401" download-size="1368" install-size="1368" />
</feature>