<?xml version="1.0" encoding="UTF-8" ?>
<feature
	id="org.eclipse.babel.nls_webtools.sourceediting_sv"
	label="Babel Language Pack for webtools.sourceediting in Swedish (73.41%)"
	image="eclipse_update_120.jpg"
	provider-name="%providerName"
	version="3.5.0.v20090620043401">
	<copyright>
		%copyright
	</copyright>
	<license url="%licenseURL">
		%license
	</license>
	<description>Babel Language Pack for webtools.sourceediting in Swedish</description>
	<plugin fragment="true" id="org.eclipse.jst.jsp.core.nl_sv" unpack="false" version="3.5.0.v20090620043401" download-size="3064" install-size="3064" />
	<plugin fragment="true" id="org.eclipse.jst.jsp.ui.infopop.nl_sv" unpack="false" version="3.5.0.v20090620043401" download-size="1417" install-size="1417" />
	<plugin fragment="true" id="org.eclipse.jst.jsp.ui.nl_sv" unpack="false" version="3.5.0.v20090620043401" download-size="5906" install-size="5906" />
	<plugin fragment="true" id="org.eclipse.jst.standard.schemas.nl_sv" unpack="false" version="3.5.0.v20090620043401" download-size="1377" install-size="1377" />
	<plugin fragment="true" id="org.eclipse.wst.css.core.nl_sv" unpack="false" version="3.5.0.v20090620043401" download-size="3400" install-size="3400" />
	<plugin fragment="true" id="org.eclipse.wst.css.ui.nl_sv" unpack="false" version="3.5.0.v20090620043401" download-size="4891" install-size="4891" />
	<plugin fragment="true" id="org.eclipse.wst.doc.user.nl_sv" unpack="false" version="3.5.0.v20090620043401" download-size="1368" install-size="1368" />
	<plugin fragment="true" id="org.eclipse.wst.dtd.core.nl_sv" unpack="false" version="3.5.0.v20090620043401" download-size="4415" install-size="4415" />
	<plugin fragment="true" id="org.eclipse.wst.dtd.ui.infopop.nl_sv" unpack="false" version="3.5.0.v20090620043401" download-size="1396" install-size="1396" />
	<plugin fragment="true" id="org.eclipse.wst.dtd.ui.nl_sv" unpack="false" version="3.5.0.v20090620043401" download-size="4967" install-size="4967" />
	<plugin fragment="true" id="org.eclipse.wst.dtdeditor.doc.user.nl_sv" unpack="false" version="3.5.0.v20090620043401" download-size="1375" install-size="1375" />
	<plugin fragment="true" id="org.eclipse.wst.html.core.nl_sv" unpack="false" version="3.5.0.v20090620043401" download-size="5206" install-size="5206" />
	<plugin fragment="true" id="org.eclipse.wst.html.ui.infopop.nl_sv" unpack="false" version="3.5.0.v20090620043401" download-size="1399" install-size="1399" />
	<plugin fragment="true" id="org.eclipse.wst.html.ui.nl_sv" unpack="false" version="3.5.0.v20090620043401" download-size="5912" install-size="5912" />
	<plugin fragment="true" id="org.eclipse.wst.javascript.core.nl_sv" unpack="false" version="3.5.0.v20090620043401" download-size="2661" install-size="2661" />
	<plugin fragment="true" id="org.eclipse.wst.javascript.ui.infopop.nl_sv" unpack="false" version="3.5.0.v20090620043401" download-size="1401" install-size="1401" />
	<plugin fragment="true" id="org.eclipse.wst.javascript.ui.nl_sv" unpack="false" version="3.5.0.v20090620043401" download-size="5497" install-size="5497" />
	<plugin fragment="true" id="org.eclipse.wst.jsdt.core.nl_sv" unpack="false" version="3.5.0.v20090620043401" download-size="19648" install-size="19648" />
	<plugin fragment="true" id="org.eclipse.wst.jsdt.doc.nl_sv" unpack="false" version="3.5.0.v20090620043401" download-size="1369" install-size="1369" />
	<plugin fragment="true" id="org.eclipse.wst.jsdt.manipulation.nl_sv" unpack="false" version="3.5.0.v20090620043401" download-size="3341" install-size="3341" />
	<plugin fragment="true" id="org.eclipse.wst.jsdt.support.firefox.nl_sv" unpack="false" version="3.5.0.v20090620043401" download-size="1376" install-size="1376" />
	<plugin fragment="true" id="org.eclipse.wst.jsdt.support.ie.nl_sv" unpack="false" version="3.5.0.v20090620043401" download-size="1376" install-size="1376" />
	<plugin fragment="true" id="org.eclipse.wst.jsdt.ui.nl_sv" unpack="false" version="3.5.0.v20090620043401" download-size="114049" install-size="114049" />
	<plugin fragment="true" id="org.eclipse.wst.jsdt.web.core.nl_sv" unpack="false" version="3.5.0.v20090620043401" download-size="2629" install-size="2629" />
	<plugin fragment="true" id="org.eclipse.wst.jsdt.web.support.jsp.nl_sv" unpack="false" version="3.5.0.v20090620043401" download-size="1378" install-size="1378" />
	<plugin fragment="true" id="org.eclipse.wst.jsdt.web.ui.nl_sv" unpack="false" version="3.5.0.v20090620043401" download-size="4871" install-size="4871" />
	<plugin fragment="true" id="org.eclipse.wst.sse.core.nl_sv" unpack="false" version="3.5.0.v20090620043401" download-size="4154" install-size="4154" />
	<plugin fragment="true" id="org.eclipse.wst.sse.doc.user.nl_sv" unpack="false" version="3.5.0.v20090620043401" download-size="1375" install-size="1375" />
	<plugin fragment="true" id="org.eclipse.wst.sse.ui.infopop.nl_sv" unpack="false" version="3.5.0.v20090620043401" download-size="1393" install-size="1393" />
	<plugin fragment="true" id="org.eclipse.wst.sse.ui.nl_sv" unpack="false" version="3.5.0.v20090620043401" download-size="8037" install-size="8037" />
	<plugin fragment="true" id="org.eclipse.wst.standard.schemas.nl_sv" unpack="false" version="3.5.0.v20090620043401" download-size="1377" install-size="1377" />
	<plugin fragment="true" id="org.eclipse.wst.web.nl_sv" unpack="false" version="3.5.0.v20090620043401" download-size="2024" install-size="2024" />
	<plugin fragment="true" id="org.eclipse.wst.web.ui.nl_sv" unpack="false" version="3.5.0.v20090620043401" download-size="1409" install-size="1409" />
	<plugin fragment="true" id="org.eclipse.wst.webtools.doc.user.nl_sv" unpack="false" version="3.5.0.v20090620043401" download-size="1373" install-size="1373" />
	<plugin fragment="true" id="org.eclipse.wst.xml.core.nl_sv" unpack="false" version="3.5.0.v20090620043401" download-size="3715" install-size="3715" />
	<plugin fragment="true" id="org.eclipse.wst.xml.ui.infopop.nl_sv" unpack="false" version="3.5.0.v20090620043401" download-size="1392" install-size="1392" />
	<plugin fragment="true" id="org.eclipse.wst.xml.ui.nl_sv" unpack="false" version="3.5.0.v20090620043401" download-size="13395" install-size="13395" />
	<plugin fragment="true" id="org.eclipse.wst.xml.xpath.core.nl_sv" unpack="false" version="3.5.0.v20090620043401" download-size="1373" install-size="1373" />
	<plugin fragment="true" id="org.eclipse.wst.xml.xpath.ui.nl_sv" unpack="false" version="3.5.0.v20090620043401" download-size="3067" install-size="3067" />
	<plugin fragment="true" id="org.eclipse.wst.xml.xpath2.processor.nl_sv" unpack="false" version="3.5.0.v20090620043401" download-size="1376" install-size="1376" />
	<plugin fragment="true" id="org.eclipse.wst.xmleditor.doc.user.nl_sv" unpack="false" version="3.5.0.v20090620043401" download-size="1376" install-size="1376" />
	<plugin fragment="true" id="org.eclipse.wst.xsd.core.nl_sv" unpack="false" version="3.5.0.v20090620043401" download-size="1488" install-size="1488" />
	<plugin fragment="true" id="org.eclipse.wst.xsd.ui.nl_sv" unpack="false" version="3.5.0.v20090620043401" download-size="18870" install-size="18870" />
	<plugin fragment="true" id="org.eclipse.wst.xsdeditor.doc.user.nl_sv" unpack="false" version="3.5.0.v20090620043401" download-size="1402" install-size="1402" />
	<plugin fragment="true" id="org.eclipse.wst.xsl.core.nl_sv" unpack="false" version="3.5.0.v20090620043401" download-size="1385" install-size="1385" />
	<plugin fragment="true" id="org.eclipse.wst.xsl.debug.ui.nl_sv" unpack="false" version="3.5.0.v20090620043401" download-size="4047" install-size="4047" />
	<plugin fragment="true" id="org.eclipse.wst.xsl.doc.nl_sv" unpack="false" version="3.5.0.v20090620043401" download-size="1367" install-size="1367" />
	<plugin fragment="true" id="org.eclipse.wst.xsl.jaxp.debug.nl_sv" unpack="false" version="3.5.0.v20090620043401" download-size="3029" install-size="3029" />
	<plugin fragment="true" id="org.eclipse.wst.xsl.jaxp.debug.ui.nl_sv" unpack="false" version="3.5.0.v20090620043401" download-size="4099" install-size="4099" />
	<plugin fragment="true" id="org.eclipse.wst.xsl.jaxp.launching.nl_sv" unpack="false" version="3.5.0.v20090620043401" download-size="2932" install-size="2932" />
	<plugin fragment="true" id="org.eclipse.wst.xsl.launching.nl_sv" unpack="false" version="3.5.0.v20090620043401" download-size="1404" install-size="1404" />
	<plugin fragment="true" id="org.eclipse.wst.xsl.launching.tests.nl_sv" unpack="false" version="3.5.0.v20090620043401" download-size="1380" install-size="1380" />
	<plugin fragment="true" id="org.eclipse.wst.xsl.nl_sv" unpack="false" version="3.5.0.v20090620043401" download-size="1369" install-size="1369" />
	<plugin fragment="true" id="org.eclipse.wst.xsl.saxon.nl_sv" unpack="false" version="3.5.0.v20090620043401" download-size="1759" install-size="1759" />
	<plugin fragment="true" id="org.eclipse.wst.xsl.sdk.documentation.nl_sv" unpack="false" version="3.5.0.v20090620043401" download-size="1377" install-size="1377" />
	<plugin fragment="true" id="org.eclipse.wst.xsl.tests.nl_sv" unpack="false" version="3.5.0.v20090620043401" download-size="1372" install-size="1372" />
	<plugin fragment="true" id="org.eclipse.wst.xsl.ui.nl_sv" unpack="false" version="3.5.0.v20090620043401" download-size="2643" install-size="2643" />
	<plugin fragment="true" id="org.eclipse.wst.xsl.xalan.nl_sv" unpack="false" version="3.5.0.v20090620043401" download-size="1672" install-size="1672" />
</feature>