<?xml version="1.0" encoding="UTF-8" ?>
<feature
	id="org.eclipse.babel.nls_webtools.jsf_pt"
	label="Babel Language Pack for webtools.jsf in Portuguese (30.28%)"
	image="eclipse_update_120.jpg"
	provider-name="%providerName"
	version="3.5.0.v20090620043401">
	<copyright>
		%copyright
	</copyright>
	<license url="%licenseURL">
		%license
	</license>
	<description>Babel Language Pack for webtools.jsf in Portuguese</description>
	<plugin fragment="true" id="org.eclipse.jst.jsf.apache.trinidad.tagsupport.nl_pt" unpack="false" version="3.5.0.v20090620043401" download-size="3094" install-size="3094" />
	<plugin fragment="true" id="org.eclipse.jst.jsf.common.nl_pt" unpack="false" version="3.5.0.v20090620043401" download-size="2753" install-size="2753" />
	<plugin fragment="true" id="org.eclipse.jst.jsf.common.runtime.nl_pt" unpack="false" version="3.5.0.v20090620043401" download-size="1380" install-size="1380" />
	<plugin fragment="true" id="org.eclipse.jst.jsf.common.ui.nl_pt" unpack="false" version="3.5.0.v20090620043401" download-size="4832" install-size="4832" />
	<plugin fragment="true" id="org.eclipse.jst.jsf.core.nl_pt" unpack="false" version="3.5.0.v20090620043401" download-size="6455" install-size="6455" />
	<plugin fragment="true" id="org.eclipse.jst.jsf.facesconfig.nl_pt" unpack="false" version="3.5.0.v20090620043401" download-size="5215" install-size="5215" />
	<plugin fragment="true" id="org.eclipse.jst.jsf.facesconfig.ui.nl_pt" unpack="false" version="3.5.0.v20090620043401" download-size="6976" install-size="6976" />
	<plugin fragment="true" id="org.eclipse.jst.jsf.standard.tagsupport.nl_pt" unpack="false" version="3.5.0.v20090620043401" download-size="2776" install-size="2776" />
	<plugin fragment="true" id="org.eclipse.jst.jsf.ui.nl_pt" unpack="false" version="3.5.0.v20090620043401" download-size="4361" install-size="4361" />
	<plugin fragment="true" id="org.eclipse.jst.pagedesigner.jsf.ui.nl_pt" unpack="false" version="3.5.0.v20090620043401" download-size="4963" install-size="4963" />
	<plugin fragment="true" id="org.eclipse.jst.pagedesigner.jsp.core.nl_pt" unpack="false" version="3.5.0.v20090620043401" download-size="1378" install-size="1378" />
	<plugin fragment="true" id="org.eclipse.jst.pagedesigner.nl_pt" unpack="false" version="3.5.0.v20090620043401" download-size="10316" install-size="10316" />
</feature>