<?xml version="1.0" encoding="UTF-8" ?>
<feature
	id="org.eclipse.babel.nls_modeling.emft_zh_TW"
	label="Babel Language Pack for modeling.emft in Chinese (Traditional) (26.84%)"
	image="eclipse_update_120.jpg"
	provider-name="%providerName"
	version="3.5.0.v20090620043401">
	<copyright>
		%copyright
	</copyright>
	<license url="%licenseURL">
		%license
	</license>
	<description>Babel Language Pack for modeling.emft in Chinese (Traditional)</description>
	<plugin fragment="true" id="org.eclipse.emf.compare.diff.edit.nl_zh_TW" unpack="false" version="3.5.0.v20090620043401" download-size="1905" install-size="1905" />
	<plugin fragment="true" id="org.eclipse.emf.compare.diff.nl_zh_TW" unpack="false" version="3.5.0.v20090620043401" download-size="1390" install-size="1390" />
	<plugin fragment="true" id="org.eclipse.emf.compare.epatch.nl_zh_TW" unpack="false" version="3.5.0.v20090620043401" download-size="1393" install-size="1393" />
	<plugin fragment="true" id="org.eclipse.emf.compare.match.nl_zh_TW" unpack="false" version="3.5.0.v20090620043401" download-size="1745" install-size="1745" />
	<plugin fragment="true" id="org.eclipse.emf.compare.nl_zh_TW" unpack="false" version="3.5.0.v20090620043401" download-size="1387" install-size="1387" />
	<plugin fragment="true" id="org.eclipse.emf.compare.tests.nl_zh_TW" unpack="false" version="3.5.0.v20090620043401" download-size="1391" install-size="1391" />
	<plugin fragment="true" id="org.eclipse.emf.compare.ui.nl_zh_TW" unpack="false" version="3.5.0.v20090620043401" download-size="3821" install-size="3821" />
	<plugin fragment="true" id="org.eclipse.emf.mwe.activities.nl_zh_TW" unpack="false" version="3.5.0.v20090620043401" download-size="1393" install-size="1393" />
	<plugin fragment="true" id="org.eclipse.emf.mwe.core.nl_zh_TW" unpack="false" version="3.5.0.v20090620043401" download-size="1622" install-size="1622" />
	<plugin fragment="true" id="org.eclipse.emf.mwe.doc.nl_zh_TW" unpack="false" version="3.5.0.v20090620043401" download-size="1648" install-size="1648" />
	<plugin fragment="true" id="org.eclipse.emf.mwe.examples.nl_zh_TW" unpack="false" version="3.5.0.v20090620043401" download-size="1391" install-size="1391" />
	<plugin fragment="true" id="org.eclipse.emf.mwe.tests.nl_zh_TW" unpack="false" version="3.5.0.v20090620043401" download-size="1604" install-size="1604" />
	<plugin fragment="true" id="org.eclipse.emf.mwe.ui.editor.nl_zh_TW" unpack="false" version="3.5.0.v20090620043401" download-size="2661" install-size="2661" />
	<plugin fragment="true" id="org.eclipse.emf.mwe.ui.nl_zh_TW" unpack="false" version="3.5.0.v20090620043401" download-size="2503" install-size="2503" />
	<plugin fragment="true" id="org.eclipse.emf.mwe.ui.simpleEditor.nl_zh_TW" unpack="false" version="3.5.0.v20090620043401" download-size="1396" install-size="1396" />
	<plugin fragment="true" id="org.eclipse.emf.mwe.utils.nl_zh_TW" unpack="false" version="3.5.0.v20090620043401" download-size="1389" install-size="1389" />
</feature>