<?xml version="1.0" encoding="UTF-8" ?>
<feature
	id="org.eclipse.babel.nls_technology.dltk_ja"
	label="Babel Language Pack for technology.dltk in Japanese (59.29%)"
	image="eclipse_update_120.jpg"
	provider-name="%providerName"
	version="3.5.0.v20090620043401">
	<copyright>
		%copyright
	</copyright>
	<license url="%licenseURL">
		%license
	</license>
	<description>Babel Language Pack for technology.dltk in Japanese</description>
	<plugin fragment="true" id="org.eclipse.dltk.console.nl_ja" unpack="false" version="3.5.0.v20090620043401" download-size="1369" install-size="1369" />
	<plugin fragment="true" id="org.eclipse.dltk.console.ui.nl_ja" unpack="false" version="3.5.0.v20090620043401" download-size="2426" install-size="2426" />
	<plugin fragment="true" id="org.eclipse.dltk.core.doc.isv.nl_ja" unpack="false" version="3.5.0.v20090620043401" download-size="1374" install-size="1374" />
	<plugin fragment="true" id="org.eclipse.dltk.core.nl_ja" unpack="false" version="3.5.0.v20090620043401" download-size="6370" install-size="6370" />
	<plugin fragment="true" id="org.eclipse.dltk.debug.nl_ja" unpack="false" version="3.5.0.v20090620043401" download-size="3299" install-size="3299" />
	<plugin fragment="true" id="org.eclipse.dltk.debug.ui.nl_ja" unpack="false" version="3.5.0.v20090620043401" download-size="10988" install-size="10988" />
	<plugin fragment="true" id="org.eclipse.dltk.formatter.nl_ja" unpack="false" version="3.5.0.v20090620043401" download-size="2374" install-size="2374" />
	<plugin fragment="true" id="org.eclipse.dltk.itcl.core.nl_ja" unpack="false" version="3.5.0.v20090620043401" download-size="1371" install-size="1371" />
	<plugin fragment="true" id="org.eclipse.dltk.itcl.nl_ja" unpack="false" version="3.5.0.v20090620043401" download-size="1367" install-size="1367" />
	<plugin fragment="true" id="org.eclipse.dltk.itcl.ui.nl_ja" unpack="false" version="3.5.0.v20090620043401" download-size="1370" install-size="1370" />
	<plugin fragment="true" id="org.eclipse.dltk.javascript.core.dom.support.nl_ja" unpack="false" version="3.5.0.v20090620043401" download-size="1381" install-size="1381" />
	<plugin fragment="true" id="org.eclipse.dltk.javascript.core.nl_ja" unpack="false" version="3.5.0.v20090620043401" download-size="1375" install-size="1375" />
	<plugin fragment="true" id="org.eclipse.dltk.javascript.debug.nl_ja" unpack="false" version="3.5.0.v20090620043401" download-size="1376" install-size="1376" />
	<plugin fragment="true" id="org.eclipse.dltk.javascript.debug.ui.nl_ja" unpack="false" version="3.5.0.v20090620043401" download-size="3481" install-size="3481" />
	<plugin fragment="true" id="org.eclipse.dltk.javascript.formatter.nl_ja" unpack="false" version="3.5.0.v20090620043401" download-size="3164" install-size="3164" />
	<plugin fragment="true" id="org.eclipse.dltk.javascript.jsjdtdebugger.nl_ja" unpack="false" version="3.5.0.v20090620043401" download-size="1381" install-size="1381" />
	<plugin fragment="true" id="org.eclipse.dltk.javascript.launching.nl_ja" unpack="false" version="3.5.0.v20090620043401" download-size="1379" install-size="1379" />
	<plugin fragment="true" id="org.eclipse.dltk.javascript.rhino.dbgp.nl_ja" unpack="false" version="3.5.0.v20090620043401" download-size="1379" install-size="1379" />
	<plugin fragment="true" id="org.eclipse.dltk.javascript.rhino.nl_ja" unpack="false" version="3.5.0.v20090620043401" download-size="1376" install-size="1376" />
	<plugin fragment="true" id="org.eclipse.dltk.javascript.ui.nl_ja" unpack="false" version="3.5.0.v20090620043401" download-size="4503" install-size="4503" />
	<plugin fragment="true" id="org.eclipse.dltk.launching.nl_ja" unpack="false" version="3.5.0.v20090620043401" download-size="3151" install-size="3151" />
	<plugin fragment="true" id="org.eclipse.dltk.mylyn.nl_ja" unpack="false" version="3.5.0.v20090620043401" download-size="4002" install-size="4002" />
	<plugin fragment="true" id="org.eclipse.dltk.nl_ja" unpack="false" version="3.5.0.v20090620043401" download-size="1364" install-size="1364" />
	<plugin fragment="true" id="org.eclipse.dltk.python.activestatedebugger.nl_ja" unpack="false" version="3.5.0.v20090620043401" download-size="1382" install-size="1382" />
	<plugin fragment="true" id="org.eclipse.dltk.python.core.nl_ja" unpack="false" version="3.5.0.v20090620043401" download-size="1373" install-size="1373" />
	<plugin fragment="true" id="org.eclipse.dltk.python.debug.nl_ja" unpack="false" version="3.5.0.v20090620043401" download-size="1374" install-size="1374" />
	<plugin fragment="true" id="org.eclipse.dltk.python.debug.ui.nl_ja" unpack="false" version="3.5.0.v20090620043401" download-size="3244" install-size="3244" />
	<plugin fragment="true" id="org.eclipse.dltk.python.launching.nl_ja" unpack="false" version="3.5.0.v20090620043401" download-size="1376" install-size="1376" />
	<plugin fragment="true" id="org.eclipse.dltk.python.ui.nl_ja" unpack="false" version="3.5.0.v20090620043401" download-size="2968" install-size="2968" />
	<plugin fragment="true" id="org.eclipse.dltk.rse.core.nl_ja" unpack="false" version="3.5.0.v20090620043401" download-size="1371" install-size="1371" />
	<plugin fragment="true" id="org.eclipse.dltk.rse.nl_ja" unpack="false" version="3.5.0.v20090620043401" download-size="1366" install-size="1366" />
	<plugin fragment="true" id="org.eclipse.dltk.rse.ui.nl_ja" unpack="false" version="3.5.0.v20090620043401" download-size="1369" install-size="1369" />
	<plugin fragment="true" id="org.eclipse.dltk.ruby.abstractdebugger.nl_ja" unpack="false" version="3.5.0.v20090620043401" download-size="1378" install-size="1378" />
	<plugin fragment="true" id="org.eclipse.dltk.ruby.activestatedebugger.nl_ja" unpack="false" version="3.5.0.v20090620043401" download-size="1381" install-size="1381" />
	<plugin fragment="true" id="org.eclipse.dltk.ruby.basicdebugger.nl_ja" unpack="false" version="3.5.0.v20090620043401" download-size="1376" install-size="1376" />
	<plugin fragment="true" id="org.eclipse.dltk.ruby.core.nl_ja" unpack="false" version="3.5.0.v20090620043401" download-size="1965" install-size="1965" />
	<plugin fragment="true" id="org.eclipse.dltk.ruby.debug.nl_ja" unpack="false" version="3.5.0.v20090620043401" download-size="1371" install-size="1371" />
	<plugin fragment="true" id="org.eclipse.dltk.ruby.debug.ui.nl_ja" unpack="false" version="3.5.0.v20090620043401" download-size="3238" install-size="3238" />
	<plugin fragment="true" id="org.eclipse.dltk.ruby.fastdebugger.nl_ja" unpack="false" version="3.5.0.v20090620043401" download-size="1376" install-size="1376" />
	<plugin fragment="true" id="org.eclipse.dltk.ruby.formatter.nl_ja" unpack="false" version="3.5.0.v20090620043401" download-size="2556" install-size="2556" />
	<plugin fragment="true" id="org.eclipse.dltk.ruby.launching.nl_ja" unpack="false" version="3.5.0.v20090620043401" download-size="1376" install-size="1376" />
	<plugin fragment="true" id="org.eclipse.dltk.ruby.nl_ja" unpack="false" version="3.5.0.v20090620043401" download-size="1368" install-size="1368" />
	<plugin fragment="true" id="org.eclipse.dltk.ruby.testing.nl_ja" unpack="false" version="3.5.0.v20090620043401" download-size="2411" install-size="2411" />
	<plugin fragment="true" id="org.eclipse.dltk.ruby.ui.nl_ja" unpack="false" version="3.5.0.v20090620043401" download-size="5229" install-size="5229" />
	<plugin fragment="true" id="org.eclipse.dltk.tcl.activestatedebugger.nl_ja" unpack="false" version="3.5.0.v20090620043401" download-size="2802" install-size="2802" />
	<plugin fragment="true" id="org.eclipse.dltk.tcl.core.nl_ja" unpack="false" version="3.5.0.v20090620043401" download-size="1389" install-size="1389" />
	<plugin fragment="true" id="org.eclipse.dltk.tcl.debug.nl_ja" unpack="false" version="3.5.0.v20090620043401" download-size="1372" install-size="1372" />
	<plugin fragment="true" id="org.eclipse.dltk.tcl.debug.ui.nl_ja" unpack="false" version="3.5.0.v20090620043401" download-size="3732" install-size="3732" />
	<plugin fragment="true" id="org.eclipse.dltk.tcl.doc.user.nl_ja" unpack="false" version="3.5.0.v20090620043401" download-size="1607" install-size="1607" />
	<plugin fragment="true" id="org.eclipse.dltk.tcl.launching.nl_ja" unpack="false" version="3.5.0.v20090620043401" download-size="1374" install-size="1374" />
	<plugin fragment="true" id="org.eclipse.dltk.tcl.nl_ja" unpack="false" version="3.5.0.v20090620043401" download-size="1366" install-size="1366" />
	<plugin fragment="true" id="org.eclipse.dltk.tcl.parser.nl_ja" unpack="false" version="3.5.0.v20090620043401" download-size="3495" install-size="3495" />
	<plugin fragment="true" id="org.eclipse.dltk.tcl.tclchecker.nl_ja" unpack="false" version="3.5.0.v20090620043401" download-size="4470" install-size="4470" />
	<plugin fragment="true" id="org.eclipse.dltk.tcl.tcllib.nl_ja" unpack="false" version="3.5.0.v20090620043401" download-size="1372" install-size="1372" />
	<plugin fragment="true" id="org.eclipse.dltk.tcl.testing.nl_ja" unpack="false" version="3.5.0.v20090620043401" download-size="1372" install-size="1372" />
	<plugin fragment="true" id="org.eclipse.dltk.tcl.testing.tcltest.nl_ja" unpack="false" version="3.5.0.v20090620043401" download-size="1376" install-size="1376" />
	<plugin fragment="true" id="org.eclipse.dltk.tcl.ui.nl_ja" unpack="false" version="3.5.0.v20090620043401" download-size="4608" install-size="4608" />
	<plugin fragment="true" id="org.eclipse.dltk.tcl.validators.nl_ja" unpack="false" version="3.5.0.v20090620043401" download-size="1374" install-size="1374" />
	<plugin fragment="true" id="org.eclipse.dltk.testing.nl_ja" unpack="false" version="3.5.0.v20090620043401" download-size="10865" install-size="10865" />
	<plugin fragment="true" id="org.eclipse.dltk.ui.nl_ja" unpack="false" version="3.5.0.v20090620043401" download-size="89165" install-size="89165" />
	<plugin fragment="true" id="org.eclipse.dltk.validators.core.nl_ja" unpack="false" version="3.5.0.v20090620043401" download-size="2961" install-size="2961" />
	<plugin fragment="true" id="org.eclipse.dltk.validators.externalchecker.nl_ja" unpack="false" version="3.5.0.v20090620043401" download-size="3481" install-size="3481" />
	<plugin fragment="true" id="org.eclipse.dltk.validators.ui.nl_ja" unpack="false" version="3.5.0.v20090620043401" download-size="3393" install-size="3393" />
	<plugin fragment="true" id="org.eclipse.dltk.xotcl.core.nl_ja" unpack="false" version="3.5.0.v20090620043401" download-size="1372" install-size="1372" />
	<plugin fragment="true" id="org.eclipse.dltk.xotcl.nl_ja" unpack="false" version="3.5.0.v20090620043401" download-size="1368" install-size="1368" />
	<plugin fragment="true" id="org.eclipse.dltk.xotcl.testing.xounit.nl_ja" unpack="false" version="3.5.0.v20090620043401" download-size="1378" install-size="1378" />
	<plugin fragment="true" id="org.eclipse.dltk.xotcl.ui.nl_ja" unpack="false" version="3.5.0.v20090620043401" download-size="1371" install-size="1371" />
</feature>