<?xml version="1.0" encoding="UTF-8" ?>
<feature
	id="org.eclipse.babel.nls_webtools.servertools_ja"
	label="Babel Language Pack for webtools.servertools in Japanese (90.16%)"
	image="eclipse_update_120.jpg"
	provider-name="%providerName"
	version="3.5.0.v20090620043401">
	<copyright>
		%copyright
	</copyright>
	<license url="%licenseURL">
		%license
	</license>
	<description>Babel Language Pack for webtools.servertools in Japanese</description>
	<plugin fragment="true" id="org.apache.cactus.nl_ja" unpack="false" version="3.5.0.v20090620043401" download-size="1417" install-size="1417" />
	<plugin fragment="true" id="org.eclipse.jst.server.core.nl_ja" unpack="false" version="3.5.0.v20090620043401" download-size="3720" install-size="3720" />
	<plugin fragment="true" id="org.eclipse.jst.server.generic.core.nl_ja" unpack="false" version="3.5.0.v20090620043401" download-size="3895" install-size="3895" />
	<plugin fragment="true" id="org.eclipse.jst.server.generic.jboss.nl_ja" unpack="false" version="3.5.0.v20090620043401" download-size="1951" install-size="1951" />
	<plugin fragment="true" id="org.eclipse.jst.server.generic.jonas.nl_ja" unpack="false" version="3.5.0.v20090620043401" download-size="1874" install-size="1874" />
	<plugin fragment="true" id="org.eclipse.jst.server.generic.oc4j.nl_ja" unpack="false" version="3.5.0.v20090620043401" download-size="2130" install-size="2130" />
	<plugin fragment="true" id="org.eclipse.jst.server.generic.ui.nl_ja" unpack="false" version="3.5.0.v20090620043401" download-size="3148" install-size="3148" />
	<plugin fragment="true" id="org.eclipse.jst.server.installable.nl_ja" unpack="false" version="3.5.0.v20090620043401" download-size="1470" install-size="1470" />
	<plugin fragment="true" id="org.eclipse.jst.server.preview.adapter.nl_ja" unpack="false" version="3.5.0.v20090620043401" download-size="3053" install-size="3053" />
	<plugin fragment="true" id="org.eclipse.jst.server.tomcat.core.nl_ja" unpack="false" version="3.5.0.v20090620043401" download-size="5751" install-size="5751" />
	<plugin fragment="true" id="org.eclipse.jst.server.tomcat.ui.nl_ja" unpack="false" version="3.5.0.v20090620043401" download-size="4909" install-size="4909" />
	<plugin fragment="true" id="org.eclipse.jst.server.ui.doc.user.nl_ja" unpack="false" version="3.5.0.v20090620043401" download-size="1451" install-size="1451" />
	<plugin fragment="true" id="org.eclipse.jst.server.ui.infopop.nl_ja" unpack="false" version="3.5.0.v20090620043401" download-size="1432" install-size="1432" />
	<plugin fragment="true" id="org.eclipse.jst.server.ui.nl_ja" unpack="false" version="3.5.0.v20090620043401" download-size="2928" install-size="2928" />
	<plugin fragment="true" id="org.eclipse.jst.server.websphere.core.nl_ja" unpack="false" version="3.5.0.v20090620043401" download-size="1746" install-size="1746" />
	<plugin fragment="true" id="org.eclipse.servertools.doc.isv.nl_ja" unpack="false" version="3.5.0.v20090620043401" download-size="1372" install-size="1372" />
	<plugin fragment="true" id="org.eclipse.wst.internet.monitor.core.nl_ja" unpack="false" version="3.5.0.v20090620043401" download-size="2975" install-size="2975" />
	<plugin fragment="true" id="org.eclipse.wst.internet.monitor.ui.nl_ja" unpack="false" version="3.5.0.v20090620043401" download-size="3579" install-size="3579" />
	<plugin fragment="true" id="org.eclipse.wst.server.core.nl_ja" unpack="false" version="3.5.0.v20090620043401" download-size="4278" install-size="4278" />
	<plugin fragment="true" id="org.eclipse.wst.server.discovery.nl_ja" unpack="false" version="3.5.0.v20090620043401" download-size="2800" install-size="2800" />
	<plugin fragment="true" id="org.eclipse.wst.server.http.core.nl_ja" unpack="false" version="3.5.0.v20090620043401" download-size="3023" install-size="3023" />
	<plugin fragment="true" id="org.eclipse.wst.server.http.ui.nl_ja" unpack="false" version="3.5.0.v20090620043401" download-size="2907" install-size="2907" />
	<plugin fragment="true" id="org.eclipse.wst.server.preview.adapter.nl_ja" unpack="false" version="3.5.0.v20090620043401" download-size="3245" install-size="3245" />
	<plugin fragment="true" id="org.eclipse.wst.server.preview.nl_ja" unpack="false" version="3.5.0.v20090620043401" download-size="3032" install-size="3032" />
	<plugin fragment="true" id="org.eclipse.wst.server.ui.doc.user.nl_ja" unpack="false" version="3.5.0.v20090620043401" download-size="1404" install-size="1404" />
	<plugin fragment="true" id="org.eclipse.wst.server.ui.infopop.nl_ja" unpack="false" version="3.5.0.v20090620043401" download-size="1432" install-size="1432" />
	<plugin fragment="true" id="org.eclipse.wst.server.ui.nl_ja" unpack="false" version="3.5.0.v20090620043401" download-size="8451" install-size="8451" />
</feature>