<?xml version="1.0" encoding="UTF-8" ?>
<feature
	id="org.eclipse.babel.nls_webtools.sourceediting_zh"
	label="Babel Language Pack for webtools.sourceediting in Chinese (Simplified) (79.58%)"
	image="eclipse_update_120.jpg"
	provider-name="%providerName"
	version="3.5.0.v20090620043401">
	<copyright>
		%copyright
	</copyright>
	<license url="%licenseURL">
		%license
	</license>
	<description>Babel Language Pack for webtools.sourceediting in Chinese (Simplified)</description>
	<plugin fragment="true" id="org.eclipse.jst.jsp.core.nl_zh" unpack="false" version="3.5.0.v20090620043401" download-size="3438" install-size="3438" />
	<plugin fragment="true" id="org.eclipse.jst.jsp.ui.infopop.nl_zh" unpack="false" version="3.5.0.v20090620043401" download-size="1432" install-size="1432" />
	<plugin fragment="true" id="org.eclipse.jst.jsp.ui.nl_zh" unpack="false" version="3.5.0.v20090620043401" download-size="8332" install-size="8332" />
	<plugin fragment="true" id="org.eclipse.jst.standard.schemas.nl_zh" unpack="false" version="3.5.0.v20090620043401" download-size="1389" install-size="1389" />
	<plugin fragment="true" id="org.eclipse.wst.css.core.nl_zh" unpack="false" version="3.5.0.v20090620043401" download-size="3458" install-size="3458" />
	<plugin fragment="true" id="org.eclipse.wst.css.ui.nl_zh" unpack="false" version="3.5.0.v20090620043401" download-size="5158" install-size="5158" />
	<plugin fragment="true" id="org.eclipse.wst.doc.user.nl_zh" unpack="false" version="3.5.0.v20090620043401" download-size="1421" install-size="1421" />
	<plugin fragment="true" id="org.eclipse.wst.dtd.core.nl_zh" unpack="false" version="3.5.0.v20090620043401" download-size="4561" install-size="4561" />
	<plugin fragment="true" id="org.eclipse.wst.dtd.ui.infopop.nl_zh" unpack="false" version="3.5.0.v20090620043401" download-size="1430" install-size="1430" />
	<plugin fragment="true" id="org.eclipse.wst.dtd.ui.nl_zh" unpack="false" version="3.5.0.v20090620043401" download-size="5297" install-size="5297" />
	<plugin fragment="true" id="org.eclipse.wst.dtdeditor.doc.user.nl_zh" unpack="false" version="3.5.0.v20090620043401" download-size="1425" install-size="1425" />
	<plugin fragment="true" id="org.eclipse.wst.html.core.nl_zh" unpack="false" version="3.5.0.v20090620043401" download-size="5486" install-size="5486" />
	<plugin fragment="true" id="org.eclipse.wst.html.ui.infopop.nl_zh" unpack="false" version="3.5.0.v20090620043401" download-size="1435" install-size="1435" />
	<plugin fragment="true" id="org.eclipse.wst.html.ui.nl_zh" unpack="false" version="3.5.0.v20090620043401" download-size="6682" install-size="6682" />
	<plugin fragment="true" id="org.eclipse.wst.javascript.core.nl_zh" unpack="false" version="3.5.0.v20090620043401" download-size="2730" install-size="2730" />
	<plugin fragment="true" id="org.eclipse.wst.javascript.ui.infopop.nl_zh" unpack="false" version="3.5.0.v20090620043401" download-size="1429" install-size="1429" />
	<plugin fragment="true" id="org.eclipse.wst.javascript.ui.nl_zh" unpack="false" version="3.5.0.v20090620043401" download-size="5864" install-size="5864" />
	<plugin fragment="true" id="org.eclipse.wst.jsdt.core.nl_zh" unpack="false" version="3.5.0.v20090620043401" download-size="21543" install-size="21543" />
	<plugin fragment="true" id="org.eclipse.wst.jsdt.doc.nl_zh" unpack="false" version="3.5.0.v20090620043401" download-size="1675" install-size="1675" />
	<plugin fragment="true" id="org.eclipse.wst.jsdt.manipulation.nl_zh" unpack="false" version="3.5.0.v20090620043401" download-size="4069" install-size="4069" />
	<plugin fragment="true" id="org.eclipse.wst.jsdt.support.firefox.nl_zh" unpack="false" version="3.5.0.v20090620043401" download-size="1465" install-size="1465" />
	<plugin fragment="true" id="org.eclipse.wst.jsdt.support.ie.nl_zh" unpack="false" version="3.5.0.v20090620043401" download-size="1445" install-size="1445" />
	<plugin fragment="true" id="org.eclipse.wst.jsdt.ui.nl_zh" unpack="false" version="3.5.0.v20090620043401" download-size="131357" install-size="131357" />
	<plugin fragment="true" id="org.eclipse.wst.jsdt.web.core.nl_zh" unpack="false" version="3.5.0.v20090620043401" download-size="4625" install-size="4625" />
	<plugin fragment="true" id="org.eclipse.wst.jsdt.web.support.jsp.nl_zh" unpack="false" version="3.5.0.v20090620043401" download-size="1389" install-size="1389" />
	<plugin fragment="true" id="org.eclipse.wst.jsdt.web.ui.nl_zh" unpack="false" version="3.5.0.v20090620043401" download-size="6743" install-size="6743" />
	<plugin fragment="true" id="org.eclipse.wst.sse.core.nl_zh" unpack="false" version="3.5.0.v20090620043401" download-size="4339" install-size="4339" />
	<plugin fragment="true" id="org.eclipse.wst.sse.doc.user.nl_zh" unpack="false" version="3.5.0.v20090620043401" download-size="1385" install-size="1385" />
	<plugin fragment="true" id="org.eclipse.wst.sse.ui.infopop.nl_zh" unpack="false" version="3.5.0.v20090620043401" download-size="1420" install-size="1420" />
	<plugin fragment="true" id="org.eclipse.wst.sse.ui.nl_zh" unpack="false" version="3.5.0.v20090620043401" download-size="8445" install-size="8445" />
	<plugin fragment="true" id="org.eclipse.wst.standard.schemas.nl_zh" unpack="false" version="3.5.0.v20090620043401" download-size="1426" install-size="1426" />
	<plugin fragment="true" id="org.eclipse.wst.web.nl_zh" unpack="false" version="3.5.0.v20090620043401" download-size="2097" install-size="2097" />
	<plugin fragment="true" id="org.eclipse.wst.web.ui.nl_zh" unpack="false" version="3.5.0.v20090620043401" download-size="1565" install-size="1565" />
	<plugin fragment="true" id="org.eclipse.wst.webtools.doc.user.nl_zh" unpack="false" version="3.5.0.v20090620043401" download-size="1426" install-size="1426" />
	<plugin fragment="true" id="org.eclipse.wst.xml.core.nl_zh" unpack="false" version="3.5.0.v20090620043401" download-size="3817" install-size="3817" />
	<plugin fragment="true" id="org.eclipse.wst.xml.ui.infopop.nl_zh" unpack="false" version="3.5.0.v20090620043401" download-size="1419" install-size="1419" />
	<plugin fragment="true" id="org.eclipse.wst.xml.ui.nl_zh" unpack="false" version="3.5.0.v20090620043401" download-size="14672" install-size="14672" />
	<plugin fragment="true" id="org.eclipse.wst.xml.xpath.core.nl_zh" unpack="false" version="3.5.0.v20090620043401" download-size="1383" install-size="1383" />
	<plugin fragment="true" id="org.eclipse.wst.xml.xpath.ui.nl_zh" unpack="false" version="3.5.0.v20090620043401" download-size="3169" install-size="3169" />
	<plugin fragment="true" id="org.eclipse.wst.xml.xpath2.processor.nl_zh" unpack="false" version="3.5.0.v20090620043401" download-size="1390" install-size="1390" />
	<plugin fragment="true" id="org.eclipse.wst.xmleditor.doc.user.nl_zh" unpack="false" version="3.5.0.v20090620043401" download-size="1417" install-size="1417" />
	<plugin fragment="true" id="org.eclipse.wst.xsd.core.nl_zh" unpack="false" version="3.5.0.v20090620043401" download-size="1523" install-size="1523" />
	<plugin fragment="true" id="org.eclipse.wst.xsd.ui.nl_zh" unpack="false" version="3.5.0.v20090620043401" download-size="19471" install-size="19471" />
	<plugin fragment="true" id="org.eclipse.wst.xsdeditor.doc.user.nl_zh" unpack="false" version="3.5.0.v20090620043401" download-size="1430" install-size="1430" />
	<plugin fragment="true" id="org.eclipse.wst.xsl.core.nl_zh" unpack="false" version="3.5.0.v20090620043401" download-size="1396" install-size="1396" />
	<plugin fragment="true" id="org.eclipse.wst.xsl.debug.ui.nl_zh" unpack="false" version="3.5.0.v20090620043401" download-size="4341" install-size="4341" />
	<plugin fragment="true" id="org.eclipse.wst.xsl.doc.nl_zh" unpack="false" version="3.5.0.v20090620043401" download-size="1378" install-size="1378" />
	<plugin fragment="true" id="org.eclipse.wst.xsl.jaxp.debug.nl_zh" unpack="false" version="3.5.0.v20090620043401" download-size="3066" install-size="3066" />
	<plugin fragment="true" id="org.eclipse.wst.xsl.jaxp.debug.ui.nl_zh" unpack="false" version="3.5.0.v20090620043401" download-size="4189" install-size="4189" />
	<plugin fragment="true" id="org.eclipse.wst.xsl.jaxp.launching.nl_zh" unpack="false" version="3.5.0.v20090620043401" download-size="3228" install-size="3228" />
	<plugin fragment="true" id="org.eclipse.wst.xsl.launching.nl_zh" unpack="false" version="3.5.0.v20090620043401" download-size="1413" install-size="1413" />
	<plugin fragment="true" id="org.eclipse.wst.xsl.launching.tests.nl_zh" unpack="false" version="3.5.0.v20090620043401" download-size="1390" install-size="1390" />
	<plugin fragment="true" id="org.eclipse.wst.xsl.nl_zh" unpack="false" version="3.5.0.v20090620043401" download-size="1380" install-size="1380" />
	<plugin fragment="true" id="org.eclipse.wst.xsl.saxon.nl_zh" unpack="false" version="3.5.0.v20090620043401" download-size="1784" install-size="1784" />
	<plugin fragment="true" id="org.eclipse.wst.xsl.sdk.documentation.nl_zh" unpack="false" version="3.5.0.v20090620043401" download-size="1387" install-size="1387" />
	<plugin fragment="true" id="org.eclipse.wst.xsl.tests.nl_zh" unpack="false" version="3.5.0.v20090620043401" download-size="1383" install-size="1383" />
	<plugin fragment="true" id="org.eclipse.wst.xsl.ui.nl_zh" unpack="false" version="3.5.0.v20090620043401" download-size="2732" install-size="2732" />
	<plugin fragment="true" id="org.eclipse.wst.xsl.xalan.nl_zh" unpack="false" version="3.5.0.v20090620043401" download-size="1706" install-size="1706" />
</feature>