<?xml version="1.0" encoding="UTF-8" ?>
<feature
	id="org.eclipse.babel.nls_rt.equinox_uk"
	label="Babel Language Pack for rt.equinox in Ukrainian (11.78%)"
	image="eclipse_update_120.jpg"
	provider-name="%providerName"
	version="3.5.0.v20090620043401">
	<copyright>
		%copyright
	</copyright>
	<license url="%licenseURL">
		%license
	</license>
	<description>Babel Language Pack for rt.equinox in Ukrainian</description>
	<plugin fragment="true" id="org.eclipse.core.resources.jmx.nl_uk" unpack="false" version="3.5.0.v20090620043401" download-size="2274" install-size="2274" />
	<plugin fragment="true" id="org.eclipse.equinox.frameworkadmin.equinox.nl_uk" unpack="false" version="3.5.0.v20090620043401" download-size="1379" install-size="1379" />
	<plugin fragment="true" id="org.eclipse.equinox.frameworkadmin.nl_uk" unpack="false" version="3.5.0.v20090620043401" download-size="1376" install-size="1376" />
	<plugin fragment="true" id="org.eclipse.equinox.jmx.client.nl_uk" unpack="false" version="3.5.0.v20090620043401" download-size="4531" install-size="4531" />
	<plugin fragment="true" id="org.eclipse.equinox.jmx.common.nl_uk" unpack="false" version="3.5.0.v20090620043401" download-size="2353" install-size="2353" />
	<plugin fragment="true" id="org.eclipse.equinox.jmx.server.nl_uk" unpack="false" version="3.5.0.v20090620043401" download-size="2593" install-size="2593" />
	<plugin fragment="true" id="org.eclipse.equinox.jmx.vm.nl_uk" unpack="false" version="3.5.0.v20090620043401" download-size="2209" install-size="2209" />
	<plugin fragment="true" id="org.eclipse.equinox.p2.artifact.repository.nl_uk" unpack="false" version="3.5.0.v20090620043401" download-size="1382" install-size="1382" />
	<plugin fragment="true" id="org.eclipse.equinox.p2.console.nl_uk" unpack="false" version="3.5.0.v20090620043401" download-size="1373" install-size="1373" />
	<plugin fragment="true" id="org.eclipse.equinox.p2.core.nl_uk" unpack="false" version="3.5.0.v20090620043401" download-size="1372" install-size="1372" />
	<plugin fragment="true" id="org.eclipse.equinox.p2.director.app.nl_uk" unpack="false" version="3.5.0.v20090620043401" download-size="1379" install-size="1379" />
	<plugin fragment="true" id="org.eclipse.equinox.p2.director.nl_uk" unpack="false" version="3.5.0.v20090620043401" download-size="1373" install-size="1373" />
	<plugin fragment="true" id="org.eclipse.equinox.p2.directorywatcher.nl_uk" unpack="false" version="3.5.0.v20090620043401" download-size="1381" install-size="1381" />
	<plugin fragment="true" id="org.eclipse.equinox.p2.engine.nl_uk" unpack="false" version="3.5.0.v20090620043401" download-size="1372" install-size="1372" />
	<plugin fragment="true" id="org.eclipse.equinox.p2.exemplarysetup.nl_uk" unpack="false" version="3.5.0.v20090620043401" download-size="1378" install-size="1378" />
	<plugin fragment="true" id="org.eclipse.equinox.p2.extensionlocation.nl_uk" unpack="false" version="3.5.0.v20090620043401" download-size="1380" install-size="1380" />
	<plugin fragment="true" id="org.eclipse.equinox.p2.garbagecollector.nl_uk" unpack="false" version="3.5.0.v20090620043401" download-size="1379" install-size="1379" />
	<plugin fragment="true" id="org.eclipse.equinox.p2.installer.nl_uk" unpack="false" version="3.5.0.v20090620043401" download-size="2730" install-size="2730" />
	<plugin fragment="true" id="org.eclipse.equinox.p2.jarprocessor.nl_uk" unpack="false" version="3.5.0.v20090620043401" download-size="1376" install-size="1376" />
	<plugin fragment="true" id="org.eclipse.equinox.p2.metadata.generator.nl_uk" unpack="false" version="3.5.0.v20090620043401" download-size="1382" install-size="1382" />
	<plugin fragment="true" id="org.eclipse.equinox.p2.metadata.nl_uk" unpack="false" version="3.5.0.v20090620043401" download-size="1374" install-size="1374" />
	<plugin fragment="true" id="org.eclipse.equinox.p2.metadata.repository.nl_uk" unpack="false" version="3.5.0.v20090620043401" download-size="1383" install-size="1383" />
	<plugin fragment="true" id="org.eclipse.equinox.p2.publisher.nl_uk" unpack="false" version="3.5.0.v20090620043401" download-size="1375" install-size="1375" />
	<plugin fragment="true" id="org.eclipse.equinox.p2.reconciler.dropins.nl_uk" unpack="false" version="3.5.0.v20090620043401" download-size="1382" install-size="1382" />
	<plugin fragment="true" id="org.eclipse.equinox.p2.repository.nl_uk" unpack="false" version="3.5.0.v20090620043401" download-size="1374" install-size="1374" />
	<plugin fragment="true" id="org.eclipse.equinox.p2.repository.tools.nl_uk" unpack="false" version="3.5.0.v20090620043401" download-size="2609" install-size="2609" />
	<plugin fragment="true" id="org.eclipse.equinox.p2.selfhosting.nl_uk" unpack="false" version="3.5.0.v20090620043401" download-size="1377" install-size="1377" />
	<plugin fragment="true" id="org.eclipse.equinox.p2.tests.nl_uk" unpack="false" version="3.5.0.v20090620043401" download-size="1601" install-size="1601" />
	<plugin fragment="true" id="org.eclipse.equinox.p2.tests.ui.nl_uk" unpack="false" version="3.5.0.v20090620043401" download-size="1374" install-size="1374" />
	<plugin fragment="true" id="org.eclipse.equinox.p2.tools.nl_uk" unpack="false" version="3.5.0.v20090620043401" download-size="1372" install-size="1372" />
	<plugin fragment="true" id="org.eclipse.equinox.p2.touchpoint.eclipse.nl_uk" unpack="false" version="3.5.0.v20090620043401" download-size="1377" install-size="1377" />
	<plugin fragment="true" id="org.eclipse.equinox.p2.touchpoint.natives.nl_uk" unpack="false" version="3.5.0.v20090620043401" download-size="1383" install-size="1383" />
	<plugin fragment="true" id="org.eclipse.equinox.p2.ui.admin.nl_uk" unpack="false" version="3.5.0.v20090620043401" download-size="2805" install-size="2805" />
	<plugin fragment="true" id="org.eclipse.equinox.p2.ui.admin.rcp.nl_uk" unpack="false" version="3.5.0.v20090620043401" download-size="2810" install-size="2810" />
	<plugin fragment="true" id="org.eclipse.equinox.p2.ui.nl_uk" unpack="false" version="3.5.0.v20090620043401" download-size="2898" install-size="2898" />
	<plugin fragment="true" id="org.eclipse.equinox.p2.ui.sdk.nl_uk" unpack="false" version="3.5.0.v20090620043401" download-size="2668" install-size="2668" />
	<plugin fragment="true" id="org.eclipse.equinox.p2.ui.sdk.scheduler.nl_uk" unpack="false" version="3.5.0.v20090620043401" download-size="1379" install-size="1379" />
	<plugin fragment="true" id="org.eclipse.equinox.p2.updatechecker.nl_uk" unpack="false" version="3.5.0.v20090620043401" download-size="1360" install-size="1360" />
	<plugin fragment="true" id="org.eclipse.equinox.p2.updatesite.nl_uk" unpack="false" version="3.5.0.v20090620043401" download-size="1358" install-size="1358" />
	<plugin fragment="true" id="org.eclipse.equinox.preferences.jmx.nl_uk" unpack="false" version="3.5.0.v20090620043401" download-size="2261" install-size="2261" />
	<plugin fragment="true" id="org.eclipse.equinox.simpleconfigurator.manipulator.nl_uk" unpack="false" version="3.5.0.v20090620043401" download-size="1371" install-size="1371" />
	<plugin fragment="true" id="org.eclipse.equinox.simpleconfigurator.nl_uk" unpack="false" version="3.5.0.v20090620043401" download-size="1362" install-size="1362" />
	<plugin fragment="true" id="org.eclipse.osgi.jmx.nl_uk" unpack="false" version="3.5.0.v20090620043401" download-size="2146" install-size="2146" />
</feature>