<?xml version="1.0" encoding="UTF-8" ?>
<feature
	id="org.eclipse.babel.nls_webtools.sourceediting_uk"
	label="Babel Language Pack for webtools.sourceediting in Ukrainian (7.32%)"
	image="eclipse_update_120.jpg"
	provider-name="%providerName"
	version="3.5.0.v20090620043401">
	<copyright>
		%copyright
	</copyright>
	<license url="%licenseURL">
		%license
	</license>
	<description>Babel Language Pack for webtools.sourceediting in Ukrainian</description>
	<plugin fragment="true" id="org.eclipse.jst.jsp.core.nl_uk" unpack="false" version="3.5.0.v20090620043401" download-size="1369" install-size="1369" />
	<plugin fragment="true" id="org.eclipse.jst.jsp.ui.infopop.nl_uk" unpack="false" version="3.5.0.v20090620043401" download-size="1377" install-size="1377" />
	<plugin fragment="true" id="org.eclipse.jst.jsp.ui.nl_uk" unpack="false" version="3.5.0.v20090620043401" download-size="2791" install-size="2791" />
	<plugin fragment="true" id="org.eclipse.jst.standard.schemas.nl_uk" unpack="false" version="3.5.0.v20090620043401" download-size="1379" install-size="1379" />
	<plugin fragment="true" id="org.eclipse.wst.css.core.nl_uk" unpack="false" version="3.5.0.v20090620043401" download-size="1648" install-size="1648" />
	<plugin fragment="true" id="org.eclipse.wst.css.ui.nl_uk" unpack="false" version="3.5.0.v20090620043401" download-size="2598" install-size="2598" />
	<plugin fragment="true" id="org.eclipse.wst.doc.user.nl_uk" unpack="false" version="3.5.0.v20090620043401" download-size="1370" install-size="1370" />
	<plugin fragment="true" id="org.eclipse.wst.dtd.core.nl_uk" unpack="false" version="3.5.0.v20090620043401" download-size="2445" install-size="2445" />
	<plugin fragment="true" id="org.eclipse.wst.dtd.ui.infopop.nl_uk" unpack="false" version="3.5.0.v20090620043401" download-size="1374" install-size="1374" />
	<plugin fragment="true" id="org.eclipse.wst.dtd.ui.nl_uk" unpack="false" version="3.5.0.v20090620043401" download-size="3154" install-size="3154" />
	<plugin fragment="true" id="org.eclipse.wst.dtdeditor.doc.user.nl_uk" unpack="false" version="3.5.0.v20090620043401" download-size="1375" install-size="1375" />
	<plugin fragment="true" id="org.eclipse.wst.html.core.nl_uk" unpack="false" version="3.5.0.v20090620043401" download-size="1370" install-size="1370" />
	<plugin fragment="true" id="org.eclipse.wst.html.ui.infopop.nl_uk" unpack="false" version="3.5.0.v20090620043401" download-size="1378" install-size="1378" />
	<plugin fragment="true" id="org.eclipse.wst.html.ui.nl_uk" unpack="false" version="3.5.0.v20090620043401" download-size="2860" install-size="2860" />
	<plugin fragment="true" id="org.eclipse.wst.javascript.core.nl_uk" unpack="false" version="3.5.0.v20090620043401" download-size="1413" install-size="1413" />
	<plugin fragment="true" id="org.eclipse.wst.javascript.ui.infopop.nl_uk" unpack="false" version="3.5.0.v20090620043401" download-size="1382" install-size="1382" />
	<plugin fragment="true" id="org.eclipse.wst.javascript.ui.nl_uk" unpack="false" version="3.5.0.v20090620043401" download-size="3496" install-size="3496" />
	<plugin fragment="true" id="org.eclipse.wst.jsdt.core.nl_uk" unpack="false" version="3.5.0.v20090620043401" download-size="5216" install-size="5216" />
	<plugin fragment="true" id="org.eclipse.wst.jsdt.doc.nl_uk" unpack="false" version="3.5.0.v20090620043401" download-size="1371" install-size="1371" />
	<plugin fragment="true" id="org.eclipse.wst.jsdt.manipulation.nl_uk" unpack="false" version="3.5.0.v20090620043401" download-size="2643" install-size="2643" />
	<plugin fragment="true" id="org.eclipse.wst.jsdt.support.firefox.nl_uk" unpack="false" version="3.5.0.v20090620043401" download-size="1378" install-size="1378" />
	<plugin fragment="true" id="org.eclipse.wst.jsdt.support.ie.nl_uk" unpack="false" version="3.5.0.v20090620043401" download-size="1377" install-size="1377" />
	<plugin fragment="true" id="org.eclipse.wst.jsdt.ui.nl_uk" unpack="false" version="3.5.0.v20090620043401" download-size="27029" install-size="27029" />
	<plugin fragment="true" id="org.eclipse.wst.jsdt.web.core.nl_uk" unpack="false" version="3.5.0.v20090620043401" download-size="1390" install-size="1390" />
	<plugin fragment="true" id="org.eclipse.wst.jsdt.web.support.jsp.nl_uk" unpack="false" version="3.5.0.v20090620043401" download-size="1380" install-size="1380" />
	<plugin fragment="true" id="org.eclipse.wst.jsdt.web.ui.nl_uk" unpack="false" version="3.5.0.v20090620043401" download-size="2892" install-size="2892" />
	<plugin fragment="true" id="org.eclipse.wst.sse.core.nl_uk" unpack="false" version="3.5.0.v20090620043401" download-size="1369" install-size="1369" />
	<plugin fragment="true" id="org.eclipse.wst.sse.doc.user.nl_uk" unpack="false" version="3.5.0.v20090620043401" download-size="1376" install-size="1376" />
	<plugin fragment="true" id="org.eclipse.wst.sse.ui.infopop.nl_uk" unpack="false" version="3.5.0.v20090620043401" download-size="1377" install-size="1377" />
	<plugin fragment="true" id="org.eclipse.wst.sse.ui.nl_uk" unpack="false" version="3.5.0.v20090620043401" download-size="3326" install-size="3326" />
	<plugin fragment="true" id="org.eclipse.wst.standard.schemas.nl_uk" unpack="false" version="3.5.0.v20090620043401" download-size="1379" install-size="1379" />
	<plugin fragment="true" id="org.eclipse.wst.web.nl_uk" unpack="false" version="3.5.0.v20090620043401" download-size="1349" install-size="1349" />
	<plugin fragment="true" id="org.eclipse.wst.web.ui.nl_uk" unpack="false" version="3.5.0.v20090620043401" download-size="1351" install-size="1351" />
	<plugin fragment="true" id="org.eclipse.wst.webtools.doc.user.nl_uk" unpack="false" version="3.5.0.v20090620043401" download-size="1374" install-size="1374" />
	<plugin fragment="true" id="org.eclipse.wst.xml.core.nl_uk" unpack="false" version="3.5.0.v20090620043401" download-size="2388" install-size="2388" />
	<plugin fragment="true" id="org.eclipse.wst.xml.ui.infopop.nl_uk" unpack="false" version="3.5.0.v20090620043401" download-size="1374" install-size="1374" />
	<plugin fragment="true" id="org.eclipse.wst.xml.ui.nl_uk" unpack="false" version="3.5.0.v20090620043401" download-size="5384" install-size="5384" />
	<plugin fragment="true" id="org.eclipse.wst.xml.xpath.core.nl_uk" unpack="false" version="3.5.0.v20090620043401" download-size="1374" install-size="1374" />
	<plugin fragment="true" id="org.eclipse.wst.xml.xpath.ui.nl_uk" unpack="false" version="3.5.0.v20090620043401" download-size="3104" install-size="3104" />
	<plugin fragment="true" id="org.eclipse.wst.xml.xpath2.processor.nl_uk" unpack="false" version="3.5.0.v20090620043401" download-size="1378" install-size="1378" />
	<plugin fragment="true" id="org.eclipse.wst.xmleditor.doc.user.nl_uk" unpack="false" version="3.5.0.v20090620043401" download-size="1377" install-size="1377" />
	<plugin fragment="true" id="org.eclipse.wst.xsd.core.nl_uk" unpack="false" version="3.5.0.v20090620043401" download-size="1374" install-size="1374" />
	<plugin fragment="true" id="org.eclipse.wst.xsd.ui.nl_uk" unpack="false" version="3.5.0.v20090620043401" download-size="5803" install-size="5803" />
	<plugin fragment="true" id="org.eclipse.wst.xsdeditor.doc.user.nl_uk" unpack="false" version="3.5.0.v20090620043401" download-size="1379" install-size="1379" />
	<plugin fragment="true" id="org.eclipse.wst.xsl.core.nl_uk" unpack="false" version="3.5.0.v20090620043401" download-size="1387" install-size="1387" />
	<plugin fragment="true" id="org.eclipse.wst.xsl.debug.ui.nl_uk" unpack="false" version="3.5.0.v20090620043401" download-size="3507" install-size="3507" />
	<plugin fragment="true" id="org.eclipse.wst.xsl.doc.nl_uk" unpack="false" version="3.5.0.v20090620043401" download-size="1368" install-size="1368" />
	<plugin fragment="true" id="org.eclipse.wst.xsl.jaxp.debug.nl_uk" unpack="false" version="3.5.0.v20090620043401" download-size="2533" install-size="2533" />
	<plugin fragment="true" id="org.eclipse.wst.xsl.jaxp.debug.ui.nl_uk" unpack="false" version="3.5.0.v20090620043401" download-size="3713" install-size="3713" />
	<plugin fragment="true" id="org.eclipse.wst.xsl.jaxp.launching.nl_uk" unpack="false" version="3.5.0.v20090620043401" download-size="1668" install-size="1668" />
	<plugin fragment="true" id="org.eclipse.wst.xsl.launching.nl_uk" unpack="false" version="3.5.0.v20090620043401" download-size="1378" install-size="1378" />
	<plugin fragment="true" id="org.eclipse.wst.xsl.launching.tests.nl_uk" unpack="false" version="3.5.0.v20090620043401" download-size="1381" install-size="1381" />
	<plugin fragment="true" id="org.eclipse.wst.xsl.nl_uk" unpack="false" version="3.5.0.v20090620043401" download-size="1371" install-size="1371" />
	<plugin fragment="true" id="org.eclipse.wst.xsl.saxon.nl_uk" unpack="false" version="3.5.0.v20090620043401" download-size="1374" install-size="1374" />
	<plugin fragment="true" id="org.eclipse.wst.xsl.sdk.documentation.nl_uk" unpack="false" version="3.5.0.v20090620043401" download-size="1378" install-size="1378" />
	<plugin fragment="true" id="org.eclipse.wst.xsl.tests.nl_uk" unpack="false" version="3.5.0.v20090620043401" download-size="1374" install-size="1374" />
	<plugin fragment="true" id="org.eclipse.wst.xsl.ui.nl_uk" unpack="false" version="3.5.0.v20090620043401" download-size="2476" install-size="2476" />
	<plugin fragment="true" id="org.eclipse.wst.xsl.xalan.nl_uk" unpack="false" version="3.5.0.v20090620043401" download-size="1375" install-size="1375" />
</feature>