<?xml version="1.0" encoding="UTF-8" ?>
<feature
	id="org.eclipse.babel.nls_webtools.jeetools_pt"
	label="Babel Language Pack for webtools.jeetools in Portuguese (94.79%)"
	image="eclipse_update_120.jpg"
	provider-name="%providerName"
	version="3.5.0.v20090620043401">
	<copyright>
		%copyright
	</copyright>
	<license url="%licenseURL">
		%license
	</license>
	<description>Babel Language Pack for webtools.jeetools in Portuguese</description>
	<plugin fragment="true" id="org.eclipse.jem.beaninfo.nl_pt" unpack="false" version="3.5.0.v20090620043401" download-size="3169" install-size="3169" />
	<plugin fragment="true" id="org.eclipse.jem.beaninfo.vm.common.nl_pt" unpack="false" version="3.5.0.v20090620043401" download-size="1380" install-size="1380" />
	<plugin fragment="true" id="org.eclipse.jem.beaninfo.vm.nl_pt" unpack="false" version="3.5.0.v20090620043401" download-size="3018" install-size="3018" />
	<plugin fragment="true" id="org.eclipse.jem.nl_pt" unpack="false" version="3.5.0.v20090620043401" download-size="3974" install-size="3974" />
	<plugin fragment="true" id="org.eclipse.jem.proxy.nl_pt" unpack="false" version="3.5.0.v20090620043401" download-size="7289" install-size="7289" />
	<plugin fragment="true" id="org.eclipse.jem.tests.nl_pt" unpack="false" version="3.5.0.v20090620043401" download-size="1368" install-size="1368" />
	<plugin fragment="true" id="org.eclipse.jem.workbench.nl_pt" unpack="false" version="3.5.0.v20090620043401" download-size="2493" install-size="2493" />
	<plugin fragment="true" id="org.eclipse.jst.j2ee.core.nl_pt" unpack="false" version="3.5.0.v20090620043401" download-size="30294" install-size="30294" />
	<plugin fragment="true" id="org.eclipse.jst.j2ee.doc.user.nl_pt" unpack="false" version="3.5.0.v20090620043401" download-size="1417" install-size="1417" />
	<plugin fragment="true" id="org.eclipse.jst.j2ee.infopop.nl_pt" unpack="false" version="3.5.0.v20090620043401" download-size="1406" install-size="1406" />
	<plugin fragment="true" id="org.eclipse.jst.j2ee.jca.nl_pt" unpack="false" version="3.5.0.v20090620043401" download-size="2497" install-size="2497" />
	<plugin fragment="true" id="org.eclipse.jst.j2ee.jca.ui.nl_pt" unpack="false" version="3.5.0.v20090620043401" download-size="2057" install-size="2057" />
	<plugin fragment="true" id="org.eclipse.jst.j2ee.navigator.ui.nl_pt" unpack="false" version="3.5.0.v20090620043401" download-size="3575" install-size="3575" />
	<plugin fragment="true" id="org.eclipse.jst.j2ee.nl_pt" unpack="false" version="3.5.0.v20090620043401" download-size="27808" install-size="27808" />
	<plugin fragment="true" id="org.eclipse.jst.j2ee.ui.nl_pt" unpack="false" version="3.5.0.v20090620043401" download-size="15729" install-size="15729" />
	<plugin fragment="true" id="org.eclipse.jst.j2ee.web.nl_pt" unpack="false" version="3.5.0.v20090620043401" download-size="19554" install-size="19554" />
	<plugin fragment="true" id="org.eclipse.jst.j2ee.webservice.nl_pt" unpack="false" version="3.5.0.v20090620043401" download-size="2723" install-size="2723" />
	<plugin fragment="true" id="org.eclipse.jst.j2ee.webservice.ui.nl_pt" unpack="false" version="3.5.0.v20090620043401" download-size="2497" install-size="2497" />
	<plugin fragment="true" id="org.eclipse.jst.j2ee.xdoclet.runtime.nl_pt" unpack="false" version="3.5.0.v20090620043401" download-size="2341" install-size="2341" />
	<plugin fragment="true" id="org.eclipse.jst.jee.nl_pt" unpack="false" version="3.5.0.v20090620043401" download-size="1371" install-size="1371" />
	<plugin fragment="true" id="org.eclipse.jst.jee.ui.nl_pt" unpack="false" version="3.5.0.v20090620043401" download-size="2651" install-size="2651" />
	<plugin fragment="true" id="org.eclipse.jst.jee.web.nl_pt" unpack="false" version="3.5.0.v20090620043401" download-size="1374" install-size="1374" />
	<plugin fragment="true" id="org.eclipse.jst.servlet.ui.infopop.nl_pt" unpack="false" version="3.5.0.v20090620043401" download-size="1410" install-size="1410" />
	<plugin fragment="true" id="org.eclipse.jst.servlet.ui.nl_pt" unpack="false" version="3.5.0.v20090620043401" download-size="5641" install-size="5641" />
	<plugin fragment="true" id="org.eclipse.wst.web.ui.infopop.nl_pt" unpack="false" version="3.5.0.v20090620043401" download-size="1406" install-size="1406" />
</feature>