<?xml version="1.0" encoding="UTF-8" ?>
<feature
	id="org.eclipse.babel.nls_webtools.jeetools_sv"
	label="Babel Language Pack for webtools.jeetools in Swedish (94.82%)"
	image="eclipse_update_120.jpg"
	provider-name="%providerName"
	version="3.5.0.v20090620043401">
	<copyright>
		%copyright
	</copyright>
	<license url="%licenseURL">
		%license
	</license>
	<description>Babel Language Pack for webtools.jeetools in Swedish</description>
	<plugin fragment="true" id="org.eclipse.jem.beaninfo.nl_sv" unpack="false" version="3.5.0.v20090620043401" download-size="3173" install-size="3173" />
	<plugin fragment="true" id="org.eclipse.jem.beaninfo.vm.common.nl_sv" unpack="false" version="3.5.0.v20090620043401" download-size="1378" install-size="1378" />
	<plugin fragment="true" id="org.eclipse.jem.beaninfo.vm.nl_sv" unpack="false" version="3.5.0.v20090620043401" download-size="3022" install-size="3022" />
	<plugin fragment="true" id="org.eclipse.jem.nl_sv" unpack="false" version="3.5.0.v20090620043401" download-size="3939" install-size="3939" />
	<plugin fragment="true" id="org.eclipse.jem.proxy.nl_sv" unpack="false" version="3.5.0.v20090620043401" download-size="7272" install-size="7272" />
	<plugin fragment="true" id="org.eclipse.jem.tests.nl_sv" unpack="false" version="3.5.0.v20090620043401" download-size="1366" install-size="1366" />
	<plugin fragment="true" id="org.eclipse.jem.workbench.nl_sv" unpack="false" version="3.5.0.v20090620043401" download-size="2483" install-size="2483" />
	<plugin fragment="true" id="org.eclipse.jst.j2ee.core.nl_sv" unpack="false" version="3.5.0.v20090620043401" download-size="30100" install-size="30100" />
	<plugin fragment="true" id="org.eclipse.jst.j2ee.doc.user.nl_sv" unpack="false" version="3.5.0.v20090620043401" download-size="1399" install-size="1399" />
	<plugin fragment="true" id="org.eclipse.jst.j2ee.infopop.nl_sv" unpack="false" version="3.5.0.v20090620043401" download-size="1395" install-size="1395" />
	<plugin fragment="true" id="org.eclipse.jst.j2ee.jca.nl_sv" unpack="false" version="3.5.0.v20090620043401" download-size="2504" install-size="2504" />
	<plugin fragment="true" id="org.eclipse.jst.j2ee.jca.ui.nl_sv" unpack="false" version="3.5.0.v20090620043401" download-size="2049" install-size="2049" />
	<plugin fragment="true" id="org.eclipse.jst.j2ee.navigator.ui.nl_sv" unpack="false" version="3.5.0.v20090620043401" download-size="3535" install-size="3535" />
	<plugin fragment="true" id="org.eclipse.jst.j2ee.nl_sv" unpack="false" version="3.5.0.v20090620043401" download-size="27179" install-size="27179" />
	<plugin fragment="true" id="org.eclipse.jst.j2ee.ui.nl_sv" unpack="false" version="3.5.0.v20090620043401" download-size="15389" install-size="15389" />
	<plugin fragment="true" id="org.eclipse.jst.j2ee.web.nl_sv" unpack="false" version="3.5.0.v20090620043401" download-size="18935" install-size="18935" />
	<plugin fragment="true" id="org.eclipse.jst.j2ee.webservice.nl_sv" unpack="false" version="3.5.0.v20090620043401" download-size="2729" install-size="2729" />
	<plugin fragment="true" id="org.eclipse.jst.j2ee.webservice.ui.nl_sv" unpack="false" version="3.5.0.v20090620043401" download-size="2446" install-size="2446" />
	<plugin fragment="true" id="org.eclipse.jst.j2ee.xdoclet.runtime.nl_sv" unpack="false" version="3.5.0.v20090620043401" download-size="2354" install-size="2354" />
	<plugin fragment="true" id="org.eclipse.jst.jee.nl_sv" unpack="false" version="3.5.0.v20090620043401" download-size="1369" install-size="1369" />
	<plugin fragment="true" id="org.eclipse.jst.jee.ui.nl_sv" unpack="false" version="3.5.0.v20090620043401" download-size="2608" install-size="2608" />
	<plugin fragment="true" id="org.eclipse.jst.jee.web.nl_sv" unpack="false" version="3.5.0.v20090620043401" download-size="1372" install-size="1372" />
	<plugin fragment="true" id="org.eclipse.jst.servlet.ui.infopop.nl_sv" unpack="false" version="3.5.0.v20090620043401" download-size="1403" install-size="1403" />
	<plugin fragment="true" id="org.eclipse.jst.servlet.ui.nl_sv" unpack="false" version="3.5.0.v20090620043401" download-size="5603" install-size="5603" />
	<plugin fragment="true" id="org.eclipse.wst.web.ui.infopop.nl_sv" unpack="false" version="3.5.0.v20090620043401" download-size="1396" install-size="1396" />
</feature>