<?xml version="1.0" encoding="UTF-8" ?>
<feature
	id="org.eclipse.babel.nls_birt_mn"
	label="Babel Language Pack for birt in Mongolian (0.97%)"
	image="eclipse_update_120.jpg"
	provider-name="%providerName"
	version="3.5.0.v20090620043401">
	<copyright>
		%copyright
	</copyright>
	<license url="%licenseURL">
		%license
	</license>
	<description>Babel Language Pack for birt in Mongolian</description>
	<plugin fragment="true" id="com.lowagie.itext.nl_mn" unpack="false" version="3.5.0.v20090620043401" download-size="1560" install-size="1560" />
	<plugin fragment="true" id="org.apache.derby.core.nl_mn" unpack="false" version="3.5.0.v20090620043401" download-size="1558" install-size="1558" />
	<plugin fragment="true" id="org.eclipse.birt.chart.engine.nl_mn" unpack="false" version="3.5.0.v20090620043401" download-size="2353" install-size="2353" />
	<plugin fragment="true" id="org.eclipse.birt.chart.reportitem.ui.nl_mn" unpack="false" version="3.5.0.v20090620043401" download-size="2370" install-size="2370" />
	<plugin fragment="true" id="org.eclipse.birt.chart.ui.extension.nl_mn" unpack="false" version="3.5.0.v20090620043401" download-size="2398" install-size="2398" />
	<plugin fragment="true" id="org.eclipse.birt.chart.ui.nl_mn" unpack="false" version="3.5.0.v20090620043401" download-size="2127" install-size="2127" />
	<plugin fragment="true" id="org.eclipse.birt.core.ui.nl_mn" unpack="false" version="3.5.0.v20090620043401" download-size="2210" install-size="2210" />
	<plugin fragment="true" id="org.eclipse.birt.report.data.oda.jdbc.ui.nl_mn" unpack="false" version="3.5.0.v20090620043401" download-size="2690" install-size="2690" />
	<plugin fragment="true" id="org.eclipse.birt.report.designer.core.nl_mn" unpack="false" version="3.5.0.v20090620043401" download-size="2960" install-size="2960" />
	<plugin fragment="true" id="org.eclipse.birt.report.designer.ui.cubebuilder.nl_mn" unpack="false" version="3.5.0.v20090620043401" download-size="2587" install-size="2587" />
	<plugin fragment="true" id="org.eclipse.birt.report.designer.ui.nl_mn" unpack="false" version="3.5.0.v20090620043401" download-size="1389" install-size="1389" />
	<plugin fragment="true" id="org.eclipse.birt.report.engine.nl_mn" unpack="false" version="3.5.0.v20090620043401" download-size="2160" install-size="2160" />
	<plugin fragment="true" id="org.eclipse.birt.report.item.crosstab.ui.nl_mn" unpack="false" version="3.5.0.v20090620043401" download-size="2588" install-size="2588" />
	<plugin fragment="true" id="org.eclipse.birt.report.model.nl_mn" unpack="false" version="3.5.0.v20090620043401" download-size="2460" install-size="2460" />
	<plugin fragment="true" id="org.eclipse.birt.report.viewer.nl_mn" unpack="false" version="3.5.0.v20090620043401" download-size="2046" install-size="2046" />
</feature>