<?xml version="1.0" encoding="UTF-8" ?>
<feature
	id="org.eclipse.babel.nls_webtools.webservices_zh"
	label="Babel Language Pack for webtools.webservices in Chinese (Simplified) (93.51%)"
	image="eclipse_update_120.jpg"
	provider-name="%providerName"
	version="3.5.0.v20090620043401">
	<copyright>
		%copyright
	</copyright>
	<license url="%licenseURL">
		%license
	</license>
	<description>Babel Language Pack for webtools.webservices in Chinese (Simplified)</description>
	<plugin fragment="true" id="org.eclipse.jst.ws.axis.consumption.core.nl_zh" unpack="false" version="3.5.0.v20090620043401" download-size="4505" install-size="4505" />
	<plugin fragment="true" id="org.eclipse.jst.ws.axis.consumption.ui.nl_zh" unpack="false" version="3.5.0.v20090620043401" download-size="4822" install-size="4822" />
	<plugin fragment="true" id="org.eclipse.jst.ws.axis.creation.ui.nl_zh" unpack="false" version="3.5.0.v20090620043401" download-size="4053" install-size="4053" />
	<plugin fragment="true" id="org.eclipse.jst.ws.axis2.consumption.core.nl_zh" unpack="false" version="3.5.0.v20090620043401" download-size="3325" install-size="3325" />
	<plugin fragment="true" id="org.eclipse.jst.ws.axis2.consumption.ui.nl_zh" unpack="false" version="3.5.0.v20090620043401" download-size="1561" install-size="1561" />
	<plugin fragment="true" id="org.eclipse.jst.ws.axis2.core.nl_zh" unpack="false" version="3.5.0.v20090620043401" download-size="3727" install-size="3727" />
	<plugin fragment="true" id="org.eclipse.jst.ws.axis2.creation.core.nl_zh" unpack="false" version="3.5.0.v20090620043401" download-size="3460" install-size="3460" />
	<plugin fragment="true" id="org.eclipse.jst.ws.axis2.creation.ui.nl_zh" unpack="false" version="3.5.0.v20090620043401" download-size="1476" install-size="1476" />
	<plugin fragment="true" id="org.eclipse.jst.ws.axis2.ui.doc.user.nl_zh" unpack="false" version="3.5.0.v20090620043401" download-size="1431" install-size="1431" />
	<plugin fragment="true" id="org.eclipse.jst.ws.axis2.ui.nl_zh" unpack="false" version="3.5.0.v20090620043401" download-size="1438" install-size="1438" />
	<plugin fragment="true" id="org.eclipse.jst.ws.consumption.nl_zh" unpack="false" version="3.5.0.v20090620043401" download-size="4978" install-size="4978" />
	<plugin fragment="true" id="org.eclipse.jst.ws.consumption.ui.nl_zh" unpack="false" version="3.5.0.v20090620043401" download-size="10492" install-size="10492" />
	<plugin fragment="true" id="org.eclipse.jst.ws.creation.ejb.ui.nl_zh" unpack="false" version="3.5.0.v20090620043401" download-size="1518" install-size="1518" />
	<plugin fragment="true" id="org.eclipse.jst.ws.creation.ui.nl_zh" unpack="false" version="3.5.0.v20090620043401" download-size="3064" install-size="3064" />
	<plugin fragment="true" id="org.eclipse.jst.ws.nl_zh" unpack="false" version="3.5.0.v20090620043401" download-size="3774" install-size="3774" />
	<plugin fragment="true" id="org.eclipse.jst.ws.uddiregistry.nl_zh" unpack="false" version="3.5.0.v20090620043401" download-size="2921" install-size="2921" />
	<plugin fragment="true" id="org.eclipse.jst.ws.ui.nl_zh" unpack="false" version="3.5.0.v20090620043401" download-size="3695" install-size="3695" />
	<plugin fragment="true" id="org.eclipse.wst.command.env.core.nl_zh" unpack="false" version="3.5.0.v20090620043401" download-size="2743" install-size="2743" />
	<plugin fragment="true" id="org.eclipse.wst.command.env.nl_zh" unpack="false" version="3.5.0.v20090620043401" download-size="5149" install-size="5149" />
	<plugin fragment="true" id="org.eclipse.wst.command.env.ui.nl_zh" unpack="false" version="3.5.0.v20090620043401" download-size="3413" install-size="3413" />
	<plugin fragment="true" id="org.eclipse.wst.ws.explorer.nl_zh" unpack="false" version="3.5.0.v20090620043401" download-size="17767" install-size="17767" />
	<plugin fragment="true" id="org.eclipse.wst.ws.nl_zh" unpack="false" version="3.5.0.v20090620043401" download-size="2824" install-size="2824" />
	<plugin fragment="true" id="org.eclipse.wst.ws.parser.nl_zh" unpack="false" version="3.5.0.v20090620043401" download-size="3339" install-size="3339" />
	<plugin fragment="true" id="org.eclipse.wst.ws.service.policy.nl_zh" unpack="false" version="3.5.0.v20090620043401" download-size="1580" install-size="1580" />
	<plugin fragment="true" id="org.eclipse.wst.ws.service.policy.ui.nl_zh" unpack="false" version="3.5.0.v20090620043401" download-size="2953" install-size="2953" />
	<plugin fragment="true" id="org.eclipse.wst.ws.ui.nl_zh" unpack="false" version="3.5.0.v20090620043401" download-size="3174" install-size="3174" />
	<plugin fragment="true" id="org.eclipse.wst.wsdl.nl_zh" unpack="false" version="3.5.0.v20090620043401" download-size="1376" install-size="1376" />
	<plugin fragment="true" id="org.eclipse.wst.wsdl.ui.nl_zh" unpack="false" version="3.5.0.v20090620043401" download-size="6506" install-size="6506" />
	<plugin fragment="true" id="org.eclipse.wst.wsdl.validation.nl_zh" unpack="false" version="3.5.0.v20090620043401" download-size="8168" install-size="8168" />
	<plugin fragment="true" id="org.eclipse.wst.wsi.nl_zh" unpack="false" version="3.5.0.v20090620043401" download-size="6002" install-size="6002" />
	<plugin fragment="true" id="org.eclipse.wst.wsi.ui.nl_zh" unpack="false" version="3.5.0.v20090620043401" download-size="4091" install-size="4091" />
</feature>