<?xml version="1.0" encoding="UTF-8" ?>
<feature
	id="org.eclipse.babel.nls_webtools.servertools_es"
	label="Babel Language Pack for webtools.servertools in Spanish (72.18%)"
	image="eclipse_update_120.jpg"
	provider-name="%providerName"
	version="3.5.0.v20090620043401">
	<copyright>
		%copyright
	</copyright>
	<license url="%licenseURL">
		%license
	</license>
	<description>Babel Language Pack for webtools.servertools in Spanish</description>
	<plugin fragment="true" id="org.apache.cactus.nl_es" unpack="false" version="3.5.0.v20090620043401" download-size="1369" install-size="1369" />
	<plugin fragment="true" id="org.eclipse.jst.server.core.nl_es" unpack="false" version="3.5.0.v20090620043401" download-size="3249" install-size="3249" />
	<plugin fragment="true" id="org.eclipse.jst.server.generic.core.nl_es" unpack="false" version="3.5.0.v20090620043401" download-size="3428" install-size="3428" />
	<plugin fragment="true" id="org.eclipse.jst.server.generic.jboss.nl_es" unpack="false" version="3.5.0.v20090620043401" download-size="1731" install-size="1731" />
	<plugin fragment="true" id="org.eclipse.jst.server.generic.jonas.nl_es" unpack="false" version="3.5.0.v20090620043401" download-size="1763" install-size="1763" />
	<plugin fragment="true" id="org.eclipse.jst.server.generic.oc4j.nl_es" unpack="false" version="3.5.0.v20090620043401" download-size="1878" install-size="1878" />
	<plugin fragment="true" id="org.eclipse.jst.server.generic.ui.nl_es" unpack="false" version="3.5.0.v20090620043401" download-size="2953" install-size="2953" />
	<plugin fragment="true" id="org.eclipse.jst.server.installable.nl_es" unpack="false" version="3.5.0.v20090620043401" download-size="1419" install-size="1419" />
	<plugin fragment="true" id="org.eclipse.jst.server.preview.adapter.nl_es" unpack="false" version="3.5.0.v20090620043401" download-size="2762" install-size="2762" />
	<plugin fragment="true" id="org.eclipse.jst.server.tomcat.core.nl_es" unpack="false" version="3.5.0.v20090620043401" download-size="4718" install-size="4718" />
	<plugin fragment="true" id="org.eclipse.jst.server.tomcat.ui.nl_es" unpack="false" version="3.5.0.v20090620043401" download-size="3423" install-size="3423" />
	<plugin fragment="true" id="org.eclipse.jst.server.ui.doc.user.nl_es" unpack="false" version="3.5.0.v20090620043401" download-size="1375" install-size="1375" />
	<plugin fragment="true" id="org.eclipse.jst.server.ui.infopop.nl_es" unpack="false" version="3.5.0.v20090620043401" download-size="1431" install-size="1431" />
	<plugin fragment="true" id="org.eclipse.jst.server.ui.nl_es" unpack="false" version="3.5.0.v20090620043401" download-size="2797" install-size="2797" />
	<plugin fragment="true" id="org.eclipse.jst.server.websphere.core.nl_es" unpack="false" version="3.5.0.v20090620043401" download-size="1660" install-size="1660" />
	<plugin fragment="true" id="org.eclipse.servertools.doc.isv.nl_es" unpack="false" version="3.5.0.v20090620043401" download-size="1371" install-size="1371" />
	<plugin fragment="true" id="org.eclipse.wst.internet.monitor.core.nl_es" unpack="false" version="3.5.0.v20090620043401" download-size="2866" install-size="2866" />
	<plugin fragment="true" id="org.eclipse.wst.internet.monitor.ui.nl_es" unpack="false" version="3.5.0.v20090620043401" download-size="3313" install-size="3313" />
	<plugin fragment="true" id="org.eclipse.wst.server.core.nl_es" unpack="false" version="3.5.0.v20090620043401" download-size="3755" install-size="3755" />
	<plugin fragment="true" id="org.eclipse.wst.server.discovery.nl_es" unpack="false" version="3.5.0.v20090620043401" download-size="2625" install-size="2625" />
	<plugin fragment="true" id="org.eclipse.wst.server.http.core.nl_es" unpack="false" version="3.5.0.v20090620043401" download-size="2699" install-size="2699" />
	<plugin fragment="true" id="org.eclipse.wst.server.http.ui.nl_es" unpack="false" version="3.5.0.v20090620043401" download-size="2543" install-size="2543" />
	<plugin fragment="true" id="org.eclipse.wst.server.preview.adapter.nl_es" unpack="false" version="3.5.0.v20090620043401" download-size="2937" install-size="2937" />
	<plugin fragment="true" id="org.eclipse.wst.server.preview.nl_es" unpack="false" version="3.5.0.v20090620043401" download-size="2759" install-size="2759" />
	<plugin fragment="true" id="org.eclipse.wst.server.ui.doc.user.nl_es" unpack="false" version="3.5.0.v20090620043401" download-size="1393" install-size="1393" />
	<plugin fragment="true" id="org.eclipse.wst.server.ui.infopop.nl_es" unpack="false" version="3.5.0.v20090620043401" download-size="1428" install-size="1428" />
	<plugin fragment="true" id="org.eclipse.wst.server.ui.nl_es" unpack="false" version="3.5.0.v20090620043401" download-size="6989" install-size="6989" />
</feature>