<?xml version="1.0" encoding="UTF-8" ?>
<feature
	id="org.eclipse.babel.nls_webtools.ejbtools_es"
	label="Babel Language Pack for webtools.ejbtools in Spanish (96.53%)"
	image="eclipse_update_120.jpg"
	provider-name="%providerName"
	version="3.5.0.v20090620043401">
	<copyright>
		%copyright
	</copyright>
	<license url="%licenseURL">
		%license
	</license>
	<description>Babel Language Pack for webtools.ejbtools in Spanish</description>
	<plugin fragment="true" id="org.eclipse.jst.ejb.doc.user.nl_es" unpack="false" version="3.5.0.v20090620043401" download-size="1379" install-size="1379" />
	<plugin fragment="true" id="org.eclipse.jst.ejb.ui.infopop.nl_es" unpack="false" version="3.5.0.v20090620043401" download-size="1373" install-size="1373" />
	<plugin fragment="true" id="org.eclipse.jst.ejb.ui.nl_es" unpack="false" version="3.5.0.v20090620043401" download-size="3759" install-size="3759" />
	<plugin fragment="true" id="org.eclipse.jst.j2ee.ejb.annotation.model.nl_es" unpack="false" version="3.5.0.v20090620043401" download-size="3611" install-size="3611" />
	<plugin fragment="true" id="org.eclipse.jst.j2ee.ejb.annotations.emitter.nl_es" unpack="false" version="3.5.0.v20090620043401" download-size="1383" install-size="1383" />
	<plugin fragment="true" id="org.eclipse.jst.j2ee.ejb.annotations.ui.nl_es" unpack="false" version="3.5.0.v20090620043401" download-size="3848" install-size="3848" />
	<plugin fragment="true" id="org.eclipse.jst.j2ee.ejb.annotations.xdoclet.nl_es" unpack="false" version="3.5.0.v20090620043401" download-size="3547" install-size="3547" />
	<plugin fragment="true" id="org.eclipse.jst.j2ee.ejb.nl_es" unpack="false" version="3.5.0.v20090620043401" download-size="24621" install-size="24621" />
	<plugin fragment="true" id="org.eclipse.jst.jee.ejb.nl_es" unpack="false" version="3.5.0.v20090620043401" download-size="1371" install-size="1371" />
</feature>