<?xml version="1.0" encoding="UTF-8" ?>
<feature
	id="org.eclipse.babel.nls_webtools.dali_fr"
	label="Babel Language Pack for webtools.dali in French (56.61%)"
	image="eclipse_update_120.jpg"
	provider-name="%providerName"
	version="3.5.0.v20090620043401">
	<copyright>
		%copyright
	</copyright>
	<license url="%licenseURL">
		%license
	</license>
	<description>Babel Language Pack for webtools.dali in French</description>
	<plugin fragment="true" id="org.eclipse.jpt.branding.nl_fr" unpack="false" version="3.5.0.v20090620043401" download-size="1368" install-size="1368" />
	<plugin fragment="true" id="org.eclipse.jpt.core.nl_fr" unpack="false" version="3.5.0.v20090620043401" download-size="3818" install-size="3818" />
	<plugin fragment="true" id="org.eclipse.jpt.db.nl_fr" unpack="false" version="3.5.0.v20090620043401" download-size="1388" install-size="1388" />
	<plugin fragment="true" id="org.eclipse.jpt.db.ui.nl_fr" unpack="false" version="3.5.0.v20090620043401" download-size="1393" install-size="1393" />
	<plugin fragment="true" id="org.eclipse.jpt.doc.isv.nl_fr" unpack="false" version="3.5.0.v20090620043401" download-size="1371" install-size="1371" />
	<plugin fragment="true" id="org.eclipse.jpt.doc.user.nl_fr" unpack="false" version="3.5.0.v20090620043401" download-size="1561" install-size="1561" />
	<plugin fragment="true" id="org.eclipse.jpt.eclipselink.branding.nl_fr" unpack="false" version="3.5.0.v20090620043401" download-size="1372" install-size="1372" />
	<plugin fragment="true" id="org.eclipse.jpt.eclipselink.core.ddlgen.nl_fr" unpack="false" version="3.5.0.v20090620043401" download-size="1433" install-size="1433" />
	<plugin fragment="true" id="org.eclipse.jpt.eclipselink.core.nl_fr" unpack="false" version="3.5.0.v20090620043401" download-size="1412" install-size="1412" />
	<plugin fragment="true" id="org.eclipse.jpt.eclipselink.ui.nl_fr" unpack="false" version="3.5.0.v20090620043401" download-size="4384" install-size="4384" />
	<plugin fragment="true" id="org.eclipse.jpt.gen.nl_fr" unpack="false" version="3.5.0.v20090620043401" download-size="1651" install-size="1651" />
	<plugin fragment="true" id="org.eclipse.jpt.ui.nl_fr" unpack="false" version="3.5.0.v20090620043401" download-size="8761" install-size="8761" />
	<plugin fragment="true" id="org.eclipse.jpt.utility.nl_fr" unpack="false" version="3.5.0.v20090620043401" download-size="1397" install-size="1397" />
</feature>