<?xml version="1.0" encoding="UTF-8" ?>
<feature
	id="org.eclipse.babel.nls_rt.equinox_no"
	label="Babel Language Pack for rt.equinox in Norwegian (34.07%)"
	image="eclipse_update_120.jpg"
	provider-name="%providerName"
	version="3.5.0.v20090620043401">
	<copyright>
		%copyright
	</copyright>
	<license url="%licenseURL">
		%license
	</license>
	<description>Babel Language Pack for rt.equinox in Norwegian</description>
	<plugin fragment="true" id="org.eclipse.core.resources.jmx.nl_no" unpack="false" version="3.5.0.v20090620043401" download-size="2223" install-size="2223" />
	<plugin fragment="true" id="org.eclipse.equinox.frameworkadmin.equinox.nl_no" unpack="false" version="3.5.0.v20090620043401" download-size="1378" install-size="1378" />
	<plugin fragment="true" id="org.eclipse.equinox.frameworkadmin.nl_no" unpack="false" version="3.5.0.v20090620043401" download-size="1376" install-size="1376" />
	<plugin fragment="true" id="org.eclipse.equinox.initializer.nl_no" unpack="false" version="3.5.0.v20090620043401" download-size="1379" install-size="1379" />
	<plugin fragment="true" id="org.eclipse.equinox.jmx.client.nl_no" unpack="false" version="3.5.0.v20090620043401" download-size="4567" install-size="4567" />
	<plugin fragment="true" id="org.eclipse.equinox.jmx.common.nl_no" unpack="false" version="3.5.0.v20090620043401" download-size="2279" install-size="2279" />
	<plugin fragment="true" id="org.eclipse.equinox.jmx.server.nl_no" unpack="false" version="3.5.0.v20090620043401" download-size="2902" install-size="2902" />
	<plugin fragment="true" id="org.eclipse.equinox.jmx.vm.nl_no" unpack="false" version="3.5.0.v20090620043401" download-size="2600" install-size="2600" />
	<plugin fragment="true" id="org.eclipse.equinox.p2.artifact.repository.nl_no" unpack="false" version="3.5.0.v20090620043401" download-size="2625" install-size="2625" />
	<plugin fragment="true" id="org.eclipse.equinox.p2.console.nl_no" unpack="false" version="3.5.0.v20090620043401" download-size="1372" install-size="1372" />
	<plugin fragment="true" id="org.eclipse.equinox.p2.core.nl_no" unpack="false" version="3.5.0.v20090620043401" download-size="1371" install-size="1371" />
	<plugin fragment="true" id="org.eclipse.equinox.p2.director.app.nl_no" unpack="false" version="3.5.0.v20090620043401" download-size="1376" install-size="1376" />
	<plugin fragment="true" id="org.eclipse.equinox.p2.director.nl_no" unpack="false" version="3.5.0.v20090620043401" download-size="2414" install-size="2414" />
	<plugin fragment="true" id="org.eclipse.equinox.p2.directorywatcher.nl_no" unpack="false" version="3.5.0.v20090620043401" download-size="1379" install-size="1379" />
	<plugin fragment="true" id="org.eclipse.equinox.p2.engine.nl_no" unpack="false" version="3.5.0.v20090620043401" download-size="2856" install-size="2856" />
	<plugin fragment="true" id="org.eclipse.equinox.p2.exemplarysetup.nl_no" unpack="false" version="3.5.0.v20090620043401" download-size="1378" install-size="1378" />
	<plugin fragment="true" id="org.eclipse.equinox.p2.extensionlocation.nl_no" unpack="false" version="3.5.0.v20090620043401" download-size="1379" install-size="1379" />
	<plugin fragment="true" id="org.eclipse.equinox.p2.garbagecollector.nl_no" unpack="false" version="3.5.0.v20090620043401" download-size="1379" install-size="1379" />
	<plugin fragment="true" id="org.eclipse.equinox.p2.installer.nl_no" unpack="false" version="3.5.0.v20090620043401" download-size="2771" install-size="2771" />
	<plugin fragment="true" id="org.eclipse.equinox.p2.jarprocessor.nl_no" unpack="false" version="3.5.0.v20090620043401" download-size="1376" install-size="1376" />
	<plugin fragment="true" id="org.eclipse.equinox.p2.metadata.generator.nl_no" unpack="false" version="3.5.0.v20090620043401" download-size="3732" install-size="3732" />
	<plugin fragment="true" id="org.eclipse.equinox.p2.metadata.nl_no" unpack="false" version="3.5.0.v20090620043401" download-size="1373" install-size="1373" />
	<plugin fragment="true" id="org.eclipse.equinox.p2.metadata.repository.nl_no" unpack="false" version="3.5.0.v20090620043401" download-size="2622" install-size="2622" />
	<plugin fragment="true" id="org.eclipse.equinox.p2.publisher.nl_no" unpack="false" version="3.5.0.v20090620043401" download-size="2447" install-size="2447" />
	<plugin fragment="true" id="org.eclipse.equinox.p2.reconciler.dropins.nl_no" unpack="false" version="3.5.0.v20090620043401" download-size="1379" install-size="1379" />
	<plugin fragment="true" id="org.eclipse.equinox.p2.repository.nl_no" unpack="false" version="3.5.0.v20090620043401" download-size="2932" install-size="2932" />
	<plugin fragment="true" id="org.eclipse.equinox.p2.repository.tools.nl_no" unpack="false" version="3.5.0.v20090620043401" download-size="3381" install-size="3381" />
	<plugin fragment="true" id="org.eclipse.equinox.p2.selfhosting.nl_no" unpack="false" version="3.5.0.v20090620043401" download-size="1376" install-size="1376" />
	<plugin fragment="true" id="org.eclipse.equinox.p2.tests.nl_no" unpack="false" version="3.5.0.v20090620043401" download-size="1832" install-size="1832" />
	<plugin fragment="true" id="org.eclipse.equinox.p2.tests.ui.nl_no" unpack="false" version="3.5.0.v20090620043401" download-size="1373" install-size="1373" />
	<plugin fragment="true" id="org.eclipse.equinox.p2.tools.nl_no" unpack="false" version="3.5.0.v20090620043401" download-size="1372" install-size="1372" />
	<plugin fragment="true" id="org.eclipse.equinox.p2.touchpoint.eclipse.nl_no" unpack="false" version="3.5.0.v20090620043401" download-size="1377" install-size="1377" />
	<plugin fragment="true" id="org.eclipse.equinox.p2.touchpoint.natives.nl_no" unpack="false" version="3.5.0.v20090620043401" download-size="1382" install-size="1382" />
	<plugin fragment="true" id="org.eclipse.equinox.p2.ui.admin.nl_no" unpack="false" version="3.5.0.v20090620043401" download-size="2810" install-size="2810" />
	<plugin fragment="true" id="org.eclipse.equinox.p2.ui.admin.rcp.nl_no" unpack="false" version="3.5.0.v20090620043401" download-size="2774" install-size="2774" />
	<plugin fragment="true" id="org.eclipse.equinox.p2.ui.nl_no" unpack="false" version="3.5.0.v20090620043401" download-size="3287" install-size="3287" />
	<plugin fragment="true" id="org.eclipse.equinox.p2.ui.sdk.nl_no" unpack="false" version="3.5.0.v20090620043401" download-size="2676" install-size="2676" />
	<plugin fragment="true" id="org.eclipse.equinox.p2.ui.sdk.scheduler.nl_no" unpack="false" version="3.5.0.v20090620043401" download-size="3181" install-size="3181" />
	<plugin fragment="true" id="org.eclipse.equinox.p2.updatechecker.nl_no" unpack="false" version="3.5.0.v20090620043401" download-size="1360" install-size="1360" />
	<plugin fragment="true" id="org.eclipse.equinox.p2.updatesite.nl_no" unpack="false" version="3.5.0.v20090620043401" download-size="2950" install-size="2950" />
	<plugin fragment="true" id="org.eclipse.equinox.preferences.jmx.nl_no" unpack="false" version="3.5.0.v20090620043401" download-size="2398" install-size="2398" />
	<plugin fragment="true" id="org.eclipse.equinox.simpleconfigurator.manipulator.nl_no" unpack="false" version="3.5.0.v20090620043401" download-size="1371" install-size="1371" />
	<plugin fragment="true" id="org.eclipse.equinox.simpleconfigurator.nl_no" unpack="false" version="3.5.0.v20090620043401" download-size="1361" install-size="1361" />
	<plugin fragment="true" id="org.eclipse.osgi.jmx.nl_no" unpack="false" version="3.5.0.v20090620043401" download-size="2868" install-size="2868" />
	<plugin fragment="true" id="org.eclipse.swt.jmx.nl_no" unpack="false" version="3.5.0.v20090620043401" download-size="2100" install-size="2100" />
</feature>