<?xml version="1.0" encoding="UTF-8" ?>
<feature
	id="org.eclipse.babel.nls_dsdp.mtj_zh"
	label="Babel Language Pack for dsdp.mtj in Chinese (Simplified) (6.57%)"
	image="eclipse_update_120.jpg"
	provider-name="%providerName"
	version="3.5.0.v20090620043401">
	<copyright>
		%copyright
	</copyright>
	<license url="%licenseURL">
		%license
	</license>
	<description>Babel Language Pack for dsdp.mtj in Chinese (Simplified)</description>
	<plugin fragment="true" id="org.eclipse.mtj.core.nl_zh" unpack="false" version="3.5.0.v20090620043401" download-size="2330" install-size="2330" />
	<plugin fragment="true" id="org.eclipse.mtj.eswt.templates.nl_zh" unpack="false" version="3.5.0.v20090620043401" download-size="2190" install-size="2190" />
	<plugin fragment="true" id="org.eclipse.mtj.jmunit.nl_zh" unpack="false" version="3.5.0.v20090620043401" download-size="2283" install-size="2283" />
	<plugin fragment="true" id="org.eclipse.mtj.pulsar.ui.nl_zh" unpack="false" version="3.5.0.v20090620043401" download-size="2404" install-size="2404" />
	<plugin fragment="true" id="org.eclipse.mtj.ui.nl_zh" unpack="false" version="3.5.0.v20090620043401" download-size="5206" install-size="5206" />
</feature>