<?xml version="1.0" encoding="UTF-8" ?>
<feature
	id="org.eclipse.babel.nls_webtools.ejbtools_en_AA"
	label="Babel Language Pack for webtools.ejbtools in Pseudo Translations (100%)"
	image="eclipse_update_120.jpg"
	provider-name="%providerName"
	version="3.5.0.v20090620043401">
	<copyright>
		%copyright
	</copyright>
	<license url="%licenseURL">
		%license
	</license>
	<description>Babel Language Pack for webtools.ejbtools in Pseudo Translations</description>
	<plugin fragment="true" id="org.eclipse.jst.ejb.doc.user.nl_en_AA" unpack="false" version="3.5.0.v20090620043401" download-size="1411" install-size="1411" />
	<plugin fragment="true" id="org.eclipse.jst.ejb.ui.infopop.nl_en_AA" unpack="false" version="3.5.0.v20090620043401" download-size="1430" install-size="1430" />
	<plugin fragment="true" id="org.eclipse.jst.ejb.ui.nl_en_AA" unpack="false" version="3.5.0.v20090620043401" download-size="4661" install-size="4661" />
	<plugin fragment="true" id="org.eclipse.jst.j2ee.ejb.annotation.model.nl_en_AA" unpack="false" version="3.5.0.v20090620043401" download-size="3956" install-size="3956" />
	<plugin fragment="true" id="org.eclipse.jst.j2ee.ejb.annotations.emitter.nl_en_AA" unpack="false" version="3.5.0.v20090620043401" download-size="1441" install-size="1441" />
	<plugin fragment="true" id="org.eclipse.jst.j2ee.ejb.annotations.ui.nl_en_AA" unpack="false" version="3.5.0.v20090620043401" download-size="3947" install-size="3947" />
	<plugin fragment="true" id="org.eclipse.jst.j2ee.ejb.annotations.xdoclet.nl_en_AA" unpack="false" version="3.5.0.v20090620043401" download-size="3707" install-size="3707" />
	<plugin fragment="true" id="org.eclipse.jst.j2ee.ejb.nl_en_AA" unpack="false" version="3.5.0.v20090620043401" download-size="28767" install-size="28767" />
	<plugin fragment="true" id="org.eclipse.jst.jee.ejb.nl_en_AA" unpack="false" version="3.5.0.v20090620043401" download-size="2450" install-size="2450" />
</feature>