<?xml version="1.0" encoding="UTF-8" ?>
<feature
	id="org.eclipse.babel.nls_webtools.jsf_de"
	label="Babel Language Pack for webtools.jsf in German (31.68%)"
	image="eclipse_update_120.jpg"
	provider-name="%providerName"
	version="3.5.0.v20090620043401">
	<copyright>
		%copyright
	</copyright>
	<license url="%licenseURL">
		%license
	</license>
	<description>Babel Language Pack for webtools.jsf in German</description>
	<plugin fragment="true" id="org.eclipse.jst.jsf.apache.trinidad.tagsupport.nl_de" unpack="false" version="3.5.0.v20090620043401" download-size="3117" install-size="3117" />
	<plugin fragment="true" id="org.eclipse.jst.jsf.common.nl_de" unpack="false" version="3.5.0.v20090620043401" download-size="2778" install-size="2778" />
	<plugin fragment="true" id="org.eclipse.jst.jsf.common.runtime.nl_de" unpack="false" version="3.5.0.v20090620043401" download-size="1377" install-size="1377" />
	<plugin fragment="true" id="org.eclipse.jst.jsf.common.ui.nl_de" unpack="false" version="3.5.0.v20090620043401" download-size="4918" install-size="4918" />
	<plugin fragment="true" id="org.eclipse.jst.jsf.core.nl_de" unpack="false" version="3.5.0.v20090620043401" download-size="6457" install-size="6457" />
	<plugin fragment="true" id="org.eclipse.jst.jsf.facesconfig.nl_de" unpack="false" version="3.5.0.v20090620043401" download-size="5371" install-size="5371" />
	<plugin fragment="true" id="org.eclipse.jst.jsf.facesconfig.ui.nl_de" unpack="false" version="3.5.0.v20090620043401" download-size="7210" install-size="7210" />
	<plugin fragment="true" id="org.eclipse.jst.jsf.standard.tagsupport.nl_de" unpack="false" version="3.5.0.v20090620043401" download-size="2780" install-size="2780" />
	<plugin fragment="true" id="org.eclipse.jst.jsf.ui.nl_de" unpack="false" version="3.5.0.v20090620043401" download-size="4421" install-size="4421" />
	<plugin fragment="true" id="org.eclipse.jst.pagedesigner.jsf.ui.nl_de" unpack="false" version="3.5.0.v20090620043401" download-size="5010" install-size="5010" />
	<plugin fragment="true" id="org.eclipse.jst.pagedesigner.jsp.core.nl_de" unpack="false" version="3.5.0.v20090620043401" download-size="1376" install-size="1376" />
	<plugin fragment="true" id="org.eclipse.jst.pagedesigner.nl_de" unpack="false" version="3.5.0.v20090620043401" download-size="10463" install-size="10463" />
</feature>