<?xml version="1.0" encoding="UTF-8" ?>
<feature
	id="org.eclipse.babel.nls_webtools.webservices_tr"
	label="Babel Language Pack for webtools.webservices in Turkish (89.12%)"
	image="eclipse_update_120.jpg"
	provider-name="%providerName"
	version="3.5.0.v20090620043401">
	<copyright>
		%copyright
	</copyright>
	<license url="%licenseURL">
		%license
	</license>
	<description>Babel Language Pack for webtools.webservices in Turkish</description>
	<plugin fragment="true" id="org.eclipse.jst.ws.axis.consumption.core.nl_tr" unpack="false" version="3.5.0.v20090620043401" download-size="4321" install-size="4321" />
	<plugin fragment="true" id="org.eclipse.jst.ws.axis.consumption.ui.nl_tr" unpack="false" version="3.5.0.v20090620043401" download-size="4700" install-size="4700" />
	<plugin fragment="true" id="org.eclipse.jst.ws.axis.creation.ui.nl_tr" unpack="false" version="3.5.0.v20090620043401" download-size="4057" install-size="4057" />
	<plugin fragment="true" id="org.eclipse.jst.ws.axis2.consumption.core.nl_tr" unpack="false" version="3.5.0.v20090620043401" download-size="2810" install-size="2810" />
	<plugin fragment="true" id="org.eclipse.jst.ws.axis2.consumption.ui.nl_tr" unpack="false" version="3.5.0.v20090620043401" download-size="1434" install-size="1434" />
	<plugin fragment="true" id="org.eclipse.jst.ws.axis2.core.nl_tr" unpack="false" version="3.5.0.v20090620043401" download-size="2691" install-size="2691" />
	<plugin fragment="true" id="org.eclipse.jst.ws.axis2.creation.core.nl_tr" unpack="false" version="3.5.0.v20090620043401" download-size="2778" install-size="2778" />
	<plugin fragment="true" id="org.eclipse.jst.ws.axis2.creation.ui.nl_tr" unpack="false" version="3.5.0.v20090620043401" download-size="1381" install-size="1381" />
	<plugin fragment="true" id="org.eclipse.jst.ws.axis2.ui.doc.user.nl_tr" unpack="false" version="3.5.0.v20090620043401" download-size="1377" install-size="1377" />
	<plugin fragment="true" id="org.eclipse.jst.ws.axis2.ui.nl_tr" unpack="false" version="3.5.0.v20090620043401" download-size="1377" install-size="1377" />
	<plugin fragment="true" id="org.eclipse.jst.ws.consumption.nl_tr" unpack="false" version="3.5.0.v20090620043401" download-size="4846" install-size="4846" />
	<plugin fragment="true" id="org.eclipse.jst.ws.consumption.ui.nl_tr" unpack="false" version="3.5.0.v20090620043401" download-size="10538" install-size="10538" />
	<plugin fragment="true" id="org.eclipse.jst.ws.creation.ejb.ui.nl_tr" unpack="false" version="3.5.0.v20090620043401" download-size="1504" install-size="1504" />
	<plugin fragment="true" id="org.eclipse.jst.ws.creation.ui.nl_tr" unpack="false" version="3.5.0.v20090620043401" download-size="3064" install-size="3064" />
	<plugin fragment="true" id="org.eclipse.jst.ws.nl_tr" unpack="false" version="3.5.0.v20090620043401" download-size="3702" install-size="3702" />
	<plugin fragment="true" id="org.eclipse.jst.ws.uddiregistry.nl_tr" unpack="false" version="3.5.0.v20090620043401" download-size="2816" install-size="2816" />
	<plugin fragment="true" id="org.eclipse.jst.ws.ui.nl_tr" unpack="false" version="3.5.0.v20090620043401" download-size="3724" install-size="3724" />
	<plugin fragment="true" id="org.eclipse.wst.command.env.core.nl_tr" unpack="false" version="3.5.0.v20090620043401" download-size="2706" install-size="2706" />
	<plugin fragment="true" id="org.eclipse.wst.command.env.nl_tr" unpack="false" version="3.5.0.v20090620043401" download-size="5021" install-size="5021" />
	<plugin fragment="true" id="org.eclipse.wst.command.env.ui.nl_tr" unpack="false" version="3.5.0.v20090620043401" download-size="3350" install-size="3350" />
	<plugin fragment="true" id="org.eclipse.wst.ws.explorer.nl_tr" unpack="false" version="3.5.0.v20090620043401" download-size="17765" install-size="17765" />
	<plugin fragment="true" id="org.eclipse.wst.ws.nl_tr" unpack="false" version="3.5.0.v20090620043401" download-size="2779" install-size="2779" />
	<plugin fragment="true" id="org.eclipse.wst.ws.parser.nl_tr" unpack="false" version="3.5.0.v20090620043401" download-size="3306" install-size="3306" />
	<plugin fragment="true" id="org.eclipse.wst.ws.service.policy.nl_tr" unpack="false" version="3.5.0.v20090620043401" download-size="1508" install-size="1508" />
	<plugin fragment="true" id="org.eclipse.wst.ws.service.policy.ui.nl_tr" unpack="false" version="3.5.0.v20090620043401" download-size="2905" install-size="2905" />
	<plugin fragment="true" id="org.eclipse.wst.ws.ui.nl_tr" unpack="false" version="3.5.0.v20090620043401" download-size="3159" install-size="3159" />
	<plugin fragment="true" id="org.eclipse.wst.wsdl.nl_tr" unpack="false" version="3.5.0.v20090620043401" download-size="1365" install-size="1365" />
	<plugin fragment="true" id="org.eclipse.wst.wsdl.ui.nl_tr" unpack="false" version="3.5.0.v20090620043401" download-size="6281" install-size="6281" />
	<plugin fragment="true" id="org.eclipse.wst.wsdl.validation.nl_tr" unpack="false" version="3.5.0.v20090620043401" download-size="8183" install-size="8183" />
	<plugin fragment="true" id="org.eclipse.wst.wsi.nl_tr" unpack="false" version="3.5.0.v20090620043401" download-size="5862" install-size="5862" />
	<plugin fragment="true" id="org.eclipse.wst.wsi.ui.nl_tr" unpack="false" version="3.5.0.v20090620043401" download-size="4090" install-size="4090" />
</feature>