<?xml version="1.0" encoding="UTF-8" ?>
<feature
	id="org.eclipse.babel.nls_modeling.emf_hu"
	label="Babel Language Pack for modeling.emf in Hungarian (68.72%)"
	image="eclipse_update_120.jpg"
	provider-name="%providerName"
	version="3.5.0.v20090620043401">
	<copyright>
		%copyright
	</copyright>
	<license url="%licenseURL">
		%license
	</license>
	<description>Babel Language Pack for modeling.emf in Hungarian</description>
	<plugin fragment="true" id="library.ecore.nl_hu" unpack="false" version="3.5.0.v20090620043401" download-size="1368" install-size="1368" />
	<plugin fragment="true" id="library.java.nl_hu" unpack="false" version="3.5.0.v20090620043401" download-size="1367" install-size="1367" />
	<plugin fragment="true" id="library.rose.nl_hu" unpack="false" version="3.5.0.v20090620043401" download-size="1367" install-size="1367" />
	<plugin fragment="true" id="library.xsd.nl_hu" unpack="false" version="3.5.0.v20090620043401" download-size="1367" install-size="1367" />
	<plugin fragment="true" id="library.xsds.nl_hu" unpack="false" version="3.5.0.v20090620043401" download-size="1367" install-size="1367" />
	<plugin fragment="true" id="org.eclipse.emf.activities.nl_hu" unpack="false" version="3.5.0.v20090620043401" download-size="1399" install-size="1399" />
	<plugin fragment="true" id="org.eclipse.emf.ant.nl_hu" unpack="false" version="3.5.0.v20090620043401" download-size="1388" install-size="1388" />
	<plugin fragment="true" id="org.eclipse.emf.cdo.common.nl_hu" unpack="false" version="3.5.0.v20090620043401" download-size="1370" install-size="1370" />
	<plugin fragment="true" id="org.eclipse.emf.cdo.defs.nl_hu" unpack="false" version="3.5.0.v20090620043401" download-size="1369" install-size="1369" />
	<plugin fragment="true" id="org.eclipse.emf.cdo.doc.nl_hu" unpack="false" version="3.5.0.v20090620043401" download-size="1369" install-size="1369" />
	<plugin fragment="true" id="org.eclipse.emf.cdo.edit.nl_hu" unpack="false" version="3.5.0.v20090620043401" download-size="3612" install-size="3612" />
	<plugin fragment="true" id="org.eclipse.emf.cdo.examples.nl_hu" unpack="false" version="3.5.0.v20090620043401" download-size="1372" install-size="1372" />
	<plugin fragment="true" id="org.eclipse.emf.cdo.examples.spring.nl_hu" unpack="false" version="3.5.0.v20090620043401" download-size="1376" install-size="1376" />
	<plugin fragment="true" id="org.eclipse.emf.cdo.migrator.nl_hu" unpack="false" version="3.5.0.v20090620043401" download-size="2675" install-size="2675" />
	<plugin fragment="true" id="org.eclipse.emf.cdo.nl_hu" unpack="false" version="3.5.0.v20090620043401" download-size="2896" install-size="2896" />
	<plugin fragment="true" id="org.eclipse.emf.cdo.server.db.nl_hu" unpack="false" version="3.5.0.v20090620043401" download-size="1372" install-size="1372" />
	<plugin fragment="true" id="org.eclipse.emf.cdo.server.hibernate.id.nl_hu" unpack="false" version="3.5.0.v20090620043401" download-size="1378" install-size="1378" />
	<plugin fragment="true" id="org.eclipse.emf.cdo.server.hibernate.nl_hu" unpack="false" version="3.5.0.v20090620043401" download-size="1682" install-size="1682" />
	<plugin fragment="true" id="org.eclipse.emf.cdo.server.hibernate.teneo.nl_hu" unpack="false" version="3.5.0.v20090620043401" download-size="1379" install-size="1379" />
	<plugin fragment="true" id="org.eclipse.emf.cdo.server.nl_hu" unpack="false" version="3.5.0.v20090620043401" download-size="1370" install-size="1370" />
	<plugin fragment="true" id="org.eclipse.emf.cdo.tests.db.nl_hu" unpack="false" version="3.5.0.v20090620043401" download-size="1372" install-size="1372" />
	<plugin fragment="true" id="org.eclipse.emf.cdo.tests.hibernate.client.nl_hu" unpack="false" version="3.5.0.v20090620043401" download-size="1380" install-size="1380" />
	<plugin fragment="true" id="org.eclipse.emf.cdo.tests.hibernate.nl_hu" unpack="false" version="3.5.0.v20090620043401" download-size="1918" install-size="1918" />
	<plugin fragment="true" id="org.eclipse.emf.cdo.tests.mango.edit.nl_hu" unpack="false" version="3.5.0.v20090620043401" download-size="1675" install-size="1675" />
	<plugin fragment="true" id="org.eclipse.emf.cdo.tests.mango.nl_hu" unpack="false" version="3.5.0.v20090620043401" download-size="1373" install-size="1373" />
	<plugin fragment="true" id="org.eclipse.emf.cdo.tests.model1.edit.nl_hu" unpack="false" version="3.5.0.v20090620043401" download-size="1758" install-size="1758" />
	<plugin fragment="true" id="org.eclipse.emf.cdo.tests.model1.nl_hu" unpack="false" version="3.5.0.v20090620043401" download-size="1374" install-size="1374" />
	<plugin fragment="true" id="org.eclipse.emf.cdo.tests.model2.edit.nl_hu" unpack="false" version="3.5.0.v20090620043401" download-size="1676" install-size="1676" />
	<plugin fragment="true" id="org.eclipse.emf.cdo.tests.model2.nl_hu" unpack="false" version="3.5.0.v20090620043401" download-size="1374" install-size="1374" />
	<plugin fragment="true" id="org.eclipse.emf.cdo.tests.model3.edit.nl_hu" unpack="false" version="3.5.0.v20090620043401" download-size="1619" install-size="1619" />
	<plugin fragment="true" id="org.eclipse.emf.cdo.tests.model3.nl_hu" unpack="false" version="3.5.0.v20090620043401" download-size="1374" install-size="1374" />
	<plugin fragment="true" id="org.eclipse.emf.cdo.tests.model4.nl_hu" unpack="false" version="3.5.0.v20090620043401" download-size="1374" install-size="1374" />
	<plugin fragment="true" id="org.eclipse.emf.cdo.tests.model4interfaces.nl_hu" unpack="false" version="3.5.0.v20090620043401" download-size="1380" install-size="1380" />
	<plugin fragment="true" id="org.eclipse.emf.cdo.tests.model5.nl_hu" unpack="false" version="3.5.0.v20090620043401" download-size="1374" install-size="1374" />
	<plugin fragment="true" id="org.eclipse.emf.cdo.tests.nl_hu" unpack="false" version="3.5.0.v20090620043401" download-size="1370" install-size="1370" />
	<plugin fragment="true" id="org.eclipse.emf.cdo.ui.capabilities.nl_hu" unpack="false" version="3.5.0.v20090620043401" download-size="1376" install-size="1376" />
	<plugin fragment="true" id="org.eclipse.emf.cdo.ui.defs.nl_hu" unpack="false" version="3.5.0.v20090620043401" download-size="1371" install-size="1371" />
	<plugin fragment="true" id="org.eclipse.emf.cdo.ui.nl_hu" unpack="false" version="3.5.0.v20090620043401" download-size="4535" install-size="4535" />
	<plugin fragment="true" id="org.eclipse.emf.cheatsheets.nl_hu" unpack="false" version="3.5.0.v20090620043401" download-size="1371" install-size="1371" />
	<plugin fragment="true" id="org.eclipse.emf.codegen.ecore.nl_hu" unpack="false" version="3.5.0.v20090620043401" download-size="3258" install-size="3258" />
	<plugin fragment="true" id="org.eclipse.emf.codegen.ecore.ui.nl_hu" unpack="false" version="3.5.0.v20090620043401" download-size="7190" install-size="7190" />
	<plugin fragment="true" id="org.eclipse.emf.codegen.nl_hu" unpack="false" version="3.5.0.v20090620043401" download-size="2688" install-size="2688" />
	<plugin fragment="true" id="org.eclipse.emf.codegen.ui.nl_hu" unpack="false" version="3.5.0.v20090620043401" download-size="2104" install-size="2104" />
	<plugin fragment="true" id="org.eclipse.emf.common.nl_hu" unpack="false" version="3.5.0.v20090620043401" download-size="2044" install-size="2044" />
	<plugin fragment="true" id="org.eclipse.emf.common.ui.nl_hu" unpack="false" version="3.5.0.v20090620043401" download-size="2533" install-size="2533" />
	<plugin fragment="true" id="org.eclipse.emf.converter.nl_hu" unpack="false" version="3.5.0.v20090620043401" download-size="2392" install-size="2392" />
	<plugin fragment="true" id="org.eclipse.emf.databinding.edit.nl_hu" unpack="false" version="3.5.0.v20090620043401" download-size="1374" install-size="1374" />
	<plugin fragment="true" id="org.eclipse.emf.databinding.nl_hu" unpack="false" version="3.5.0.v20090620043401" download-size="1372" install-size="1372" />
	<plugin fragment="true" id="org.eclipse.emf.doc.nl_hu" unpack="false" version="3.5.0.v20090620043401" download-size="1665" install-size="1665" />
	<plugin fragment="true" id="org.eclipse.emf.ecore.change.edit.nl_hu" unpack="false" version="3.5.0.v20090620043401" download-size="1948" install-size="1948" />
	<plugin fragment="true" id="org.eclipse.emf.ecore.change.nl_hu" unpack="false" version="3.5.0.v20090620043401" download-size="1410" install-size="1410" />
	<plugin fragment="true" id="org.eclipse.emf.ecore.edit.nl_hu" unpack="false" version="3.5.0.v20090620043401" download-size="3009" install-size="3009" />
	<plugin fragment="true" id="org.eclipse.emf.ecore.editor.nl_hu" unpack="false" version="3.5.0.v20090620043401" download-size="2634" install-size="2634" />
	<plugin fragment="true" id="org.eclipse.emf.ecore.nl_hu" unpack="false" version="3.5.0.v20090620043401" download-size="3123" install-size="3123" />
	<plugin fragment="true" id="org.eclipse.emf.ecore.xmi.nl_hu" unpack="false" version="3.5.0.v20090620043401" download-size="1387" install-size="1387" />
	<plugin fragment="true" id="org.eclipse.emf.edit.nl_hu" unpack="false" version="3.5.0.v20090620043401" download-size="2562" install-size="2562" />
	<plugin fragment="true" id="org.eclipse.emf.edit.ui.nl_hu" unpack="false" version="3.5.0.v20090620043401" download-size="2622" install-size="2622" />
	<plugin fragment="true" id="org.eclipse.emf.example.installer.nl_hu" unpack="false" version="3.5.0.v20090620043401" download-size="1412" install-size="1412" />
	<plugin fragment="true" id="org.eclipse.emf.examples.databinding.project.core.model.nl_hu" unpack="false" version="3.5.0.v20090620043401" download-size="1396" install-size="1396" />
	<plugin fragment="true" id="org.eclipse.emf.examples.generator.validator.nl_hu" unpack="false" version="3.5.0.v20090620043401" download-size="1381" install-size="1381" />
	<plugin fragment="true" id="org.eclipse.emf.examples.jet.article2.nl_hu" unpack="false" version="3.5.0.v20090620043401" download-size="1592" install-size="1592" />
	<plugin fragment="true" id="org.eclipse.emf.examples.nl_hu" unpack="false" version="3.5.0.v20090620043401" download-size="1369" install-size="1369" />
	<plugin fragment="true" id="org.eclipse.emf.exporter.html.nl_hu" unpack="false" version="3.5.0.v20090620043401" download-size="1432" install-size="1432" />
	<plugin fragment="true" id="org.eclipse.emf.exporter.nl_hu" unpack="false" version="3.5.0.v20090620043401" download-size="1396" install-size="1396" />
	<plugin fragment="true" id="org.eclipse.emf.importer.ecore.nl_hu" unpack="false" version="3.5.0.v20090620043401" download-size="1739" install-size="1739" />
	<plugin fragment="true" id="org.eclipse.emf.importer.java.nl_hu" unpack="false" version="3.5.0.v20090620043401" download-size="1877" install-size="1877" />
	<plugin fragment="true" id="org.eclipse.emf.importer.nl_hu" unpack="false" version="3.5.0.v20090620043401" download-size="2410" install-size="2410" />
	<plugin fragment="true" id="org.eclipse.emf.importer.rose.nl_hu" unpack="false" version="3.5.0.v20090620043401" download-size="3410" install-size="3410" />
	<plugin fragment="true" id="org.eclipse.emf.java.edit.nl_hu" unpack="false" version="3.5.0.v20090620043401" download-size="2094" install-size="2094" />
	<plugin fragment="true" id="org.eclipse.emf.java.editor.nl_hu" unpack="false" version="3.5.0.v20090620043401" download-size="2026" install-size="2026" />
	<plugin fragment="true" id="org.eclipse.emf.java.nl_hu" unpack="false" version="3.5.0.v20090620043401" download-size="1367" install-size="1367" />
	<plugin fragment="true" id="org.eclipse.emf.mapping.ecore.editor.nl_hu" unpack="false" version="3.5.0.v20090620043401" download-size="1376" install-size="1376" />
	<plugin fragment="true" id="org.eclipse.emf.mapping.ecore.nl_hu" unpack="false" version="3.5.0.v20090620043401" download-size="1372" install-size="1372" />
	<plugin fragment="true" id="org.eclipse.emf.mapping.ecore2ecore.editor.nl_hu" unpack="false" version="3.5.0.v20090620043401" download-size="2508" install-size="2508" />
	<plugin fragment="true" id="org.eclipse.emf.mapping.ecore2ecore.nl_hu" unpack="false" version="3.5.0.v20090620043401" download-size="1518" install-size="1518" />
	<plugin fragment="true" id="org.eclipse.emf.mapping.ecore2xml.nl_hu" unpack="false" version="3.5.0.v20090620043401" download-size="1409" install-size="1409" />
	<plugin fragment="true" id="org.eclipse.emf.mapping.ecore2xml.ui.nl_hu" unpack="false" version="3.5.0.v20090620043401" download-size="2589" install-size="2589" />
	<plugin fragment="true" id="org.eclipse.emf.mapping.nl_hu" unpack="false" version="3.5.0.v20090620043401" download-size="2625" install-size="2625" />
	<plugin fragment="true" id="org.eclipse.emf.mapping.ui.nl_hu" unpack="false" version="3.5.0.v20090620043401" download-size="2407" install-size="2407" />
	<plugin fragment="true" id="org.eclipse.emf.mapping.xsd2ecore.editor.nl_hu" unpack="false" version="3.5.0.v20090620043401" download-size="2101" install-size="2101" />
	<plugin fragment="true" id="org.eclipse.emf.mapping.xsd2ecore.nl_hu" unpack="false" version="3.5.0.v20090620043401" download-size="1525" install-size="1525" />
	<plugin fragment="true" id="org.eclipse.emf.nl_hu" unpack="false" version="3.5.0.v20090620043401" download-size="1363" install-size="1363" />
	<plugin fragment="true" id="org.eclipse.emf.query.doc.nl_hu" unpack="false" version="3.5.0.v20090620043401" download-size="1693" install-size="1693" />
	<plugin fragment="true" id="org.eclipse.emf.query.examples.nl_hu" unpack="false" version="3.5.0.v20090620043401" download-size="1686" install-size="1686" />
	<plugin fragment="true" id="org.eclipse.emf.query.examples.ocl.nl_hu" unpack="false" version="3.5.0.v20090620043401" download-size="1380" install-size="1380" />
	<plugin fragment="true" id="org.eclipse.emf.query.examples.statements.nl_hu" unpack="false" version="3.5.0.v20090620043401" download-size="1384" install-size="1384" />
	<plugin fragment="true" id="org.eclipse.emf.query.nl_hu" unpack="false" version="3.5.0.v20090620043401" download-size="2679" install-size="2679" />
	<plugin fragment="true" id="org.eclipse.emf.query.ocl.nl_hu" unpack="false" version="3.5.0.v20090620043401" download-size="1677" install-size="1677" />
	<plugin fragment="true" id="org.eclipse.emf.query.ocl.tests.nl_hu" unpack="false" version="3.5.0.v20090620043401" download-size="1379" install-size="1379" />
	<plugin fragment="true" id="org.eclipse.emf.query.tests.nl_hu" unpack="false" version="3.5.0.v20090620043401" download-size="1376" install-size="1376" />
	<plugin fragment="true" id="org.eclipse.emf.test.build.nl_hu" unpack="false" version="3.5.0.v20090620043401" download-size="1371" install-size="1371" />
	<plugin fragment="true" id="org.eclipse.emf.test.common.nl_hu" unpack="false" version="3.5.0.v20090620043401" download-size="1806" install-size="1806" />
	<plugin fragment="true" id="org.eclipse.emf.test.core.nl_hu" unpack="false" version="3.5.0.v20090620043401" download-size="1369" install-size="1369" />
	<plugin fragment="true" id="org.eclipse.emf.test.edit.nl_hu" unpack="false" version="3.5.0.v20090620043401" download-size="2345" install-size="2345" />
	<plugin fragment="true" id="org.eclipse.emf.test.examples.nl_hu" unpack="false" version="3.5.0.v20090620043401" download-size="1372" install-size="1372" />
	<plugin fragment="true" id="org.eclipse.emf.test.tools.nl_hu" unpack="false" version="3.5.0.v20090620043401" download-size="1370" install-size="1370" />
	<plugin fragment="true" id="org.eclipse.emf.test.xml.nl_hu" unpack="false" version="3.5.0.v20090620043401" download-size="1369" install-size="1369" />
	<plugin fragment="true" id="org.eclipse.emf.tests.nl_hu" unpack="false" version="3.5.0.v20090620043401" download-size="1367" install-size="1367" />
	<plugin fragment="true" id="org.eclipse.emf.transaction.doc.nl_hu" unpack="false" version="3.5.0.v20090620043401" download-size="1689" install-size="1689" />
	<plugin fragment="true" id="org.eclipse.emf.transaction.examples.nl_hu" unpack="false" version="3.5.0.v20090620043401" download-size="1692" install-size="1692" />
	<plugin fragment="true" id="org.eclipse.emf.transaction.nl_hu" unpack="false" version="3.5.0.v20090620043401" download-size="3469" install-size="3469" />
	<plugin fragment="true" id="org.eclipse.emf.transaction.tests.nl_hu" unpack="false" version="3.5.0.v20090620043401" download-size="1379" install-size="1379" />
	<plugin fragment="true" id="org.eclipse.emf.transaction.ui.nl_hu" unpack="false" version="3.5.0.v20090620043401" download-size="2697" install-size="2697" />
	<plugin fragment="true" id="org.eclipse.emf.validation.doc.nl_hu" unpack="false" version="3.5.0.v20090620043401" download-size="1703" install-size="1703" />
	<plugin fragment="true" id="org.eclipse.emf.validation.examples.adapter.nl_hu" unpack="false" version="3.5.0.v20090620043401" download-size="1385" install-size="1385" />
	<plugin fragment="true" id="org.eclipse.emf.validation.examples.general.nl_hu" unpack="false" version="3.5.0.v20090620043401" download-size="3042" install-size="3042" />
	<plugin fragment="true" id="org.eclipse.emf.validation.examples.nl_hu" unpack="false" version="3.5.0.v20090620043401" download-size="1440" install-size="1440" />
	<plugin fragment="true" id="org.eclipse.emf.validation.examples.ocl.nl_hu" unpack="false" version="3.5.0.v20090620043401" download-size="1384" install-size="1384" />
	<plugin fragment="true" id="org.eclipse.emf.validation.nl_hu" unpack="false" version="3.5.0.v20090620043401" download-size="4989" install-size="4989" />
	<plugin fragment="true" id="org.eclipse.emf.validation.ocl.nl_hu" unpack="false" version="3.5.0.v20090620043401" download-size="1703" install-size="1703" />
	<plugin fragment="true" id="org.eclipse.emf.validation.tests.nl_hu" unpack="false" version="3.5.0.v20090620043401" download-size="1379" install-size="1379" />
	<plugin fragment="true" id="org.eclipse.emf.validation.ui.ide.nl_hu" unpack="false" version="3.5.0.v20090620043401" download-size="2888" install-size="2888" />
	<plugin fragment="true" id="org.eclipse.emf.validation.ui.nl_hu" unpack="false" version="3.5.0.v20090620043401" download-size="3566" install-size="3566" />
	<plugin fragment="true" id="org.eclipse.emf.workspace.doc.nl_hu" unpack="false" version="3.5.0.v20090620043401" download-size="1708" install-size="1708" />
	<plugin fragment="true" id="org.eclipse.emf.workspace.examples.library.editor.nl_hu" unpack="false" version="3.5.0.v20090620043401" download-size="2114" install-size="2114" />
	<plugin fragment="true" id="org.eclipse.emf.workspace.examples.nl_hu" unpack="false" version="3.5.0.v20090620043401" download-size="1382" install-size="1382" />
	<plugin fragment="true" id="org.eclipse.emf.workspace.nl_hu" unpack="false" version="3.5.0.v20090620043401" download-size="3290" install-size="3290" />
	<plugin fragment="true" id="org.eclipse.emf.workspace.tests.nl_hu" unpack="false" version="3.5.0.v20090620043401" download-size="1379" install-size="1379" />
	<plugin fragment="true" id="org.eclipse.emf.workspace.ui.nl_hu" unpack="false" version="3.5.0.v20090620043401" download-size="1441" install-size="1441" />
	<plugin fragment="true" id="org.eclipse.net4j.buddies.chat.nl_hu" unpack="false" version="3.5.0.v20090620043401" download-size="1373" install-size="1373" />
	<plugin fragment="true" id="org.eclipse.net4j.buddies.chat.ui.nl_hu" unpack="false" version="3.5.0.v20090620043401" download-size="1375" install-size="1375" />
	<plugin fragment="true" id="org.eclipse.net4j.buddies.common.nl_hu" unpack="false" version="3.5.0.v20090620043401" download-size="1374" install-size="1374" />
	<plugin fragment="true" id="org.eclipse.net4j.buddies.nl_hu" unpack="false" version="3.5.0.v20090620043401" download-size="1370" install-size="1370" />
	<plugin fragment="true" id="org.eclipse.net4j.buddies.server.nl_hu" unpack="false" version="3.5.0.v20090620043401" download-size="1374" install-size="1374" />
	<plugin fragment="true" id="org.eclipse.net4j.buddies.ui.nl_hu" unpack="false" version="3.5.0.v20090620043401" download-size="2699" install-size="2699" />
	<plugin fragment="true" id="org.eclipse.net4j.db.derby.nl_hu" unpack="false" version="3.5.0.v20090620043401" download-size="1371" install-size="1371" />
	<plugin fragment="true" id="org.eclipse.net4j.db.hsqldb.nl_hu" unpack="false" version="3.5.0.v20090620043401" download-size="1372" install-size="1372" />
	<plugin fragment="true" id="org.eclipse.net4j.db.mysql.nl_hu" unpack="false" version="3.5.0.v20090620043401" download-size="1371" install-size="1371" />
	<plugin fragment="true" id="org.eclipse.net4j.db.nl_hu" unpack="false" version="3.5.0.v20090620043401" download-size="1367" install-size="1367" />
	<plugin fragment="true" id="org.eclipse.net4j.db.postgresql.nl_hu" unpack="false" version="3.5.0.v20090620043401" download-size="1374" install-size="1374" />
	<plugin fragment="true" id="org.eclipse.net4j.debug.nl_hu" unpack="false" version="3.5.0.v20090620043401" download-size="2480" install-size="2480" />
	<plugin fragment="true" id="org.eclipse.net4j.defs.nl_hu" unpack="false" version="3.5.0.v20090620043401" download-size="1368" install-size="1368" />
	<plugin fragment="true" id="org.eclipse.net4j.doc.nl_hu" unpack="false" version="3.5.0.v20090620043401" download-size="1367" install-size="1367" />
	<plugin fragment="true" id="org.eclipse.net4j.examples.nl_hu" unpack="false" version="3.5.0.v20090620043401" download-size="1371" install-size="1371" />
	<plugin fragment="true" id="org.eclipse.net4j.http.common.nl_hu" unpack="false" version="3.5.0.v20090620043401" download-size="1372" install-size="1372" />
	<plugin fragment="true" id="org.eclipse.net4j.http.nl_hu" unpack="false" version="3.5.0.v20090620043401" download-size="1368" install-size="1368" />
	<plugin fragment="true" id="org.eclipse.net4j.http.server.nl_hu" unpack="false" version="3.5.0.v20090620043401" download-size="1372" install-size="1372" />
	<plugin fragment="true" id="org.eclipse.net4j.http.tests.nl_hu" unpack="false" version="3.5.0.v20090620043401" download-size="1371" install-size="1371" />
	<plugin fragment="true" id="org.eclipse.net4j.jms.admin.nl_hu" unpack="false" version="3.5.0.v20090620043401" download-size="1372" install-size="1372" />
	<plugin fragment="true" id="org.eclipse.net4j.jms.api.nl_hu" unpack="false" version="3.5.0.v20090620043401" download-size="1370" install-size="1370" />
	<plugin fragment="true" id="org.eclipse.net4j.jms.nl_hu" unpack="false" version="3.5.0.v20090620043401" download-size="1368" install-size="1368" />
	<plugin fragment="true" id="org.eclipse.net4j.jms.server.jdbc.nl_hu" unpack="false" version="3.5.0.v20090620043401" download-size="1375" install-size="1375" />
	<plugin fragment="true" id="org.eclipse.net4j.jms.server.nl_hu" unpack="false" version="3.5.0.v20090620043401" download-size="1372" install-size="1372" />
	<plugin fragment="true" id="org.eclipse.net4j.jms.tests.nl_hu" unpack="false" version="3.5.0.v20090620043401" download-size="1371" install-size="1371" />
	<plugin fragment="true" id="org.eclipse.net4j.jvm.nl_hu" unpack="false" version="3.5.0.v20090620043401" download-size="1368" install-size="1368" />
	<plugin fragment="true" id="org.eclipse.net4j.nl_hu" unpack="false" version="3.5.0.v20090620043401" download-size="1365" install-size="1365" />
	<plugin fragment="true" id="org.eclipse.net4j.tcp.nl_hu" unpack="false" version="3.5.0.v20090620043401" download-size="1367" install-size="1367" />
	<plugin fragment="true" id="org.eclipse.net4j.tests.nl_hu" unpack="false" version="3.5.0.v20090620043401" download-size="1368" install-size="1368" />
	<plugin fragment="true" id="org.eclipse.net4j.ui.capabilities.nl_hu" unpack="false" version="3.5.0.v20090620043401" download-size="1374" install-size="1374" />
	<plugin fragment="true" id="org.eclipse.net4j.ui.defs.nl_hu" unpack="false" version="3.5.0.v20090620043401" download-size="1370" install-size="1370" />
	<plugin fragment="true" id="org.eclipse.net4j.ui.nl_hu" unpack="false" version="3.5.0.v20090620043401" download-size="2405" install-size="2405" />
	<plugin fragment="true" id="org.eclipse.net4j.util.defs.nl_hu" unpack="false" version="3.5.0.v20090620043401" download-size="1371" install-size="1371" />
	<plugin fragment="true" id="org.eclipse.net4j.util.nl_hu" unpack="false" version="3.5.0.v20090620043401" download-size="1368" install-size="1368" />
	<plugin fragment="true" id="org.eclipse.net4j.util.ui.nl_hu" unpack="false" version="3.5.0.v20090620043401" download-size="8150" install-size="8150" />
	<plugin fragment="true" id="org.eclipse.xsd.cheatsheets.nl_hu" unpack="false" version="3.5.0.v20090620043401" download-size="1371" install-size="1371" />
	<plugin fragment="true" id="org.eclipse.xsd.doc.nl_hu" unpack="false" version="3.5.0.v20090620043401" download-size="1669" install-size="1669" />
	<plugin fragment="true" id="org.eclipse.xsd.ecore.converter.nl_hu" unpack="false" version="3.5.0.v20090620043401" download-size="1374" install-size="1374" />
	<plugin fragment="true" id="org.eclipse.xsd.ecore.exporter.nl_hu" unpack="false" version="3.5.0.v20090620043401" download-size="1576" install-size="1576" />
	<plugin fragment="true" id="org.eclipse.xsd.ecore.importer.nl_hu" unpack="false" version="3.5.0.v20090620043401" download-size="1783" install-size="1783" />
	<plugin fragment="true" id="org.eclipse.xsd.edit.nl_hu" unpack="false" version="3.5.0.v20090620043401" download-size="5008" install-size="5008" />
	<plugin fragment="true" id="org.eclipse.xsd.editor.nl_hu" unpack="false" version="3.5.0.v20090620043401" download-size="2286" install-size="2286" />
	<plugin fragment="true" id="org.eclipse.xsd.example.installer.nl_hu" unpack="false" version="3.5.0.v20090620043401" download-size="1374" install-size="1374" />
	<plugin fragment="true" id="org.eclipse.xsd.example.nl_hu" unpack="false" version="3.5.0.v20090620043401" download-size="1369" install-size="1369" />
	<plugin fragment="true" id="org.eclipse.xsd.mapping.editor.nl_hu" unpack="false" version="3.5.0.v20090620043401" download-size="1373" install-size="1373" />
	<plugin fragment="true" id="org.eclipse.xsd.mapping.nl_hu" unpack="false" version="3.5.0.v20090620043401" download-size="1369" install-size="1369" />
	<plugin fragment="true" id="org.eclipse.xsd.nl_hu" unpack="false" version="3.5.0.v20090620043401" download-size="1537" install-size="1537" />
</feature>