<?xml version="1.0" encoding="UTF-8" ?>
<feature
	id="org.eclipse.babel.nls_tools.gef_ar"
	label="Babel Language Pack for tools.gef in Arabic (60.61%)"
	image="eclipse_update_120.jpg"
	provider-name="%providerName"
	version="3.5.0.v20090620043401">
	<copyright>
		%copyright
	</copyright>
	<license url="%licenseURL">
		%license
	</license>
	<description>Babel Language Pack for tools.gef in Arabic</description>
	<plugin fragment="true" id="org.eclipse.draw2d.doc.isv.nl_ar" unpack="false" version="3.5.0.v20090620043401" download-size="1395" install-size="1395" />
	<plugin fragment="true" id="org.eclipse.draw2d.nl_ar" unpack="false" version="3.5.0.v20090620043401" download-size="1697" install-size="1697" />
	<plugin fragment="true" id="org.eclipse.draw2d.test.nl_ar" unpack="false" version="3.5.0.v20090620043401" download-size="1372" install-size="1372" />
	<plugin fragment="true" id="org.eclipse.gef.doc.isv.nl_ar" unpack="false" version="3.5.0.v20090620043401" download-size="1459" install-size="1459" />
	<plugin fragment="true" id="org.eclipse.gef.examples.flow.nl_ar" unpack="false" version="3.5.0.v20090620043401" download-size="1377" install-size="1377" />
	<plugin fragment="true" id="org.eclipse.gef.examples.logic.nl_ar" unpack="false" version="3.5.0.v20090620043401" download-size="2846" install-size="2846" />
	<plugin fragment="true" id="org.eclipse.gef.examples.shapes.nl_ar" unpack="false" version="3.5.0.v20090620043401" download-size="1378" install-size="1378" />
	<plugin fragment="true" id="org.eclipse.gef.examples.text.nl_ar" unpack="false" version="3.5.0.v20090620043401" download-size="1376" install-size="1376" />
	<plugin fragment="true" id="org.eclipse.gef.examples.ui.pde.nl_ar" unpack="false" version="3.5.0.v20090620043401" download-size="1378" install-size="1378" />
	<plugin fragment="true" id="org.eclipse.gef.nl_ar" unpack="false" version="3.5.0.v20090620043401" download-size="5323" install-size="5323" />
	<plugin fragment="true" id="org.eclipse.gef.test.nl_ar" unpack="false" version="3.5.0.v20090620043401" download-size="1370" install-size="1370" />
	<plugin fragment="true" id="org.eclipse.zest.core.nl_ar" unpack="false" version="3.5.0.v20090620043401" download-size="2225" install-size="2225" />
	<plugin fragment="true" id="org.eclipse.zest.layouts.nl_ar" unpack="false" version="3.5.0.v20090620043401" download-size="1373" install-size="1373" />
</feature>