<?xml version="1.0" encoding="UTF-8" ?>
<feature
	id="org.eclipse.babel.nls_tools.pdt_pt"
	label="Babel Language Pack for tools.pdt in Portuguese (62.74%)"
	image="eclipse_update_120.jpg"
	provider-name="%providerName"
	version="3.5.0.v20090620043401">
	<copyright>
		%copyright
	</copyright>
	<license url="%licenseURL">
		%license
	</license>
	<description>Babel Language Pack for tools.pdt in Portuguese</description>
	<plugin fragment="true" id="org.eclipse.dltk.core.tests.nl_pt" unpack="false" version="3.5.0.v20090620043401" download-size="1373" install-size="1373" />
	<plugin fragment="true" id="org.eclipse.php.core.nl_pt" unpack="false" version="3.5.0.v20090620043401" download-size="2676" install-size="2676" />
	<plugin fragment="true" id="org.eclipse.php.core.parser.nl_pt" unpack="false" version="3.5.0.v20090620043401" download-size="1370" install-size="1370" />
	<plugin fragment="true" id="org.eclipse.php.debug.core.nl_pt" unpack="false" version="3.5.0.v20090620043401" download-size="2358" install-size="2358" />
	<plugin fragment="true" id="org.eclipse.php.debug.ui.nl_pt" unpack="false" version="3.5.0.v20090620043401" download-size="3345" install-size="3345" />
	<plugin fragment="true" id="org.eclipse.php.nl_pt" unpack="false" version="3.5.0.v20090620043401" download-size="1366" install-size="1366" />
	<plugin fragment="true" id="org.eclipse.php.server.core.nl_pt" unpack="false" version="3.5.0.v20090620043401" download-size="2256" install-size="2256" />
	<plugin fragment="true" id="org.eclipse.php.server.ui.nl_pt" unpack="false" version="3.5.0.v20090620043401" download-size="2243" install-size="2243" />
	<plugin fragment="true" id="org.eclipse.php.test.nl_pt" unpack="false" version="3.5.0.v20090620043401" download-size="1368" install-size="1368" />
	<plugin fragment="true" id="org.eclipse.php.ui.nl_pt" unpack="false" version="3.5.0.v20090620043401" download-size="40481" install-size="40481" />
	<plugin fragment="true" id="org.eclipse.test.nl_pt" unpack="false" version="3.5.0.v20090620043401" download-size="1364" install-size="1364" />
</feature>