<?xml version="1.0" encoding="UTF-8" ?>
<feature
	id="org.eclipse.babel.nls_birt_zh"
	label="Babel Language Pack for birt in Chinese (Simplified) (89.67%)"
	image="eclipse_update_120.jpg"
	provider-name="%providerName"
	version="3.5.0.v20090620043401">
	<copyright>
		%copyright
	</copyright>
	<license url="%licenseURL">
		%license
	</license>
	<description>Babel Language Pack for birt in Chinese (Simplified)</description>
	<plugin fragment="true" id="com.lowagie.itext.nl_zh" unpack="false" version="3.5.0.v20090620043401" download-size="1519" install-size="1519" />
	<plugin fragment="true" id="org.apache.derby.core.nl_zh" unpack="false" version="3.5.0.v20090620043401" download-size="1522" install-size="1522" />
	<plugin fragment="true" id="org.eclipse.birt.chart.cshelp.nl_zh" unpack="false" version="3.5.0.v20090620043401" download-size="1757" install-size="1757" />
	<plugin fragment="true" id="org.eclipse.birt.chart.device.extension.nl_zh" unpack="false" version="3.5.0.v20090620043401" download-size="3806" install-size="3806" />
	<plugin fragment="true" id="org.eclipse.birt.chart.device.svg.nl_zh" unpack="false" version="3.5.0.v20090620043401" download-size="2964" install-size="2964" />
	<plugin fragment="true" id="org.eclipse.birt.chart.device.swt.nl_zh" unpack="false" version="3.5.0.v20090620043401" download-size="3079" install-size="3079" />
	<plugin fragment="true" id="org.eclipse.birt.chart.doc.isv.nl_zh" unpack="false" version="3.5.0.v20090620043401" download-size="1532" install-size="1532" />
	<plugin fragment="true" id="org.eclipse.birt.chart.engine.extension.nl_zh" unpack="false" version="3.5.0.v20090620043401" download-size="5220" install-size="5220" />
	<plugin fragment="true" id="org.eclipse.birt.chart.engine.nl_zh" unpack="false" version="3.5.0.v20090620043401" download-size="9288" install-size="9288" />
	<plugin fragment="true" id="org.eclipse.birt.chart.examples.nl_zh" unpack="false" version="3.5.0.v20090620043401" download-size="5829" install-size="5829" />
	<plugin fragment="true" id="org.eclipse.birt.chart.integration.wtp.ui.nl_zh" unpack="false" version="3.5.0.v20090620043401" download-size="4512" install-size="4512" />
	<plugin fragment="true" id="org.eclipse.birt.chart.nl_zh" unpack="false" version="3.5.0.v20090620043401" download-size="1523" install-size="1523" />
	<plugin fragment="true" id="org.eclipse.birt.chart.reportitem.nl_zh" unpack="false" version="3.5.0.v20090620043401" download-size="3867" install-size="3867" />
	<plugin fragment="true" id="org.eclipse.birt.chart.reportitem.ui.nl_zh" unpack="false" version="3.5.0.v20090620043401" download-size="4590" install-size="4590" />
	<plugin fragment="true" id="org.eclipse.birt.chart.runtime.nl_zh" unpack="false" version="3.5.0.v20090620043401" download-size="1523" install-size="1523" />
	<plugin fragment="true" id="org.eclipse.birt.chart.ui.extension.nl_zh" unpack="false" version="3.5.0.v20090620043401" download-size="15920" install-size="15920" />
	<plugin fragment="true" id="org.eclipse.birt.chart.ui.nl_zh" unpack="false" version="3.5.0.v20090620043401" download-size="4158" install-size="4158" />
	<plugin fragment="true" id="org.eclipse.birt.core.nl_zh" unpack="false" version="3.5.0.v20090620043401" download-size="2244" install-size="2244" />
	<plugin fragment="true" id="org.eclipse.birt.core.script.function.nl_zh" unpack="false" version="3.5.0.v20090620043401" download-size="2753" install-size="2753" />
	<plugin fragment="true" id="org.eclipse.birt.core.tests.nl_zh" unpack="false" version="3.5.0.v20090620043401" download-size="2027" install-size="2027" />
	<plugin fragment="true" id="org.eclipse.birt.core.ui.nl_zh" unpack="false" version="3.5.0.v20090620043401" download-size="2915" install-size="2915" />
	<plugin fragment="true" id="org.eclipse.birt.cshelp.nl_zh" unpack="false" version="3.5.0.v20090620043401" download-size="1509" install-size="1509" />
	<plugin fragment="true" id="org.eclipse.birt.data.aggregation.nl_zh" unpack="false" version="3.5.0.v20090620043401" download-size="3769" install-size="3769" />
	<plugin fragment="true" id="org.eclipse.birt.data.nl_zh" unpack="false" version="3.5.0.v20090620043401" download-size="9938" install-size="9938" />
	<plugin fragment="true" id="org.eclipse.birt.data.tests.nl_zh" unpack="false" version="3.5.0.v20090620043401" download-size="2522" install-size="2522" />
	<plugin fragment="true" id="org.eclipse.birt.doc.isv.nl_zh" unpack="false" version="3.5.0.v20090620043401" download-size="1517" install-size="1517" />
	<plugin fragment="true" id="org.eclipse.birt.doc.nl_zh" unpack="false" version="3.5.0.v20090620043401" download-size="1512" install-size="1512" />
	<plugin fragment="true" id="org.eclipse.birt.example.nl_zh" unpack="false" version="3.5.0.v20090620043401" download-size="1515" install-size="1515" />
	<plugin fragment="true" id="org.eclipse.birt.integration.wtp.ui.nl_zh" unpack="false" version="3.5.0.v20090620043401" download-size="4957" install-size="4957" />
	<plugin fragment="true" id="org.eclipse.birt.nl_zh" unpack="false" version="3.5.0.v20090620043401" download-size="1805" install-size="1805" />
	<plugin fragment="true" id="org.eclipse.birt.report.data.adapter.nl_zh" unpack="false" version="3.5.0.v20090620043401" download-size="2966" install-size="2966" />
	<plugin fragment="true" id="org.eclipse.birt.report.data.oda.jdbc.dbprofile.nl_zh" unpack="false" version="3.5.0.v20090620043401" download-size="3698" install-size="3698" />
	<plugin fragment="true" id="org.eclipse.birt.report.data.oda.jdbc.dbprofile.sampledb.nl_zh" unpack="false" version="3.5.0.v20090620043401" download-size="3408" install-size="3408" />
	<plugin fragment="true" id="org.eclipse.birt.report.data.oda.jdbc.dbprofile.ui.nl_zh" unpack="false" version="3.5.0.v20090620043401" download-size="3947" install-size="3947" />
	<plugin fragment="true" id="org.eclipse.birt.report.data.oda.jdbc.nl_zh" unpack="false" version="3.5.0.v20090620043401" download-size="4718" install-size="4718" />
	<plugin fragment="true" id="org.eclipse.birt.report.data.oda.jdbc.ui.nl_zh" unpack="false" version="3.5.0.v20090620043401" download-size="5657" install-size="5657" />
	<plugin fragment="true" id="org.eclipse.birt.report.data.oda.sampledb.nl_zh" unpack="false" version="3.5.0.v20090620043401" download-size="1687" install-size="1687" />
	<plugin fragment="true" id="org.eclipse.birt.report.data.oda.sampledb.ui.nl_zh" unpack="false" version="3.5.0.v20090620043401" download-size="3446" install-size="3446" />
	<plugin fragment="true" id="org.eclipse.birt.report.data.oda.xml.nl_zh" unpack="false" version="3.5.0.v20090620043401" download-size="3157" install-size="3157" />
	<plugin fragment="true" id="org.eclipse.birt.report.data.oda.xml.ui.nl_zh" unpack="false" version="3.5.0.v20090620043401" download-size="1755" install-size="1755" />
	<plugin fragment="true" id="org.eclipse.birt.report.debug.core.nl_zh" unpack="false" version="3.5.0.v20090620043401" download-size="3224" install-size="3224" />
	<plugin fragment="true" id="org.eclipse.birt.report.debug.ui.nl_zh" unpack="false" version="3.5.0.v20090620043401" download-size="3368" install-size="3368" />
	<plugin fragment="true" id="org.eclipse.birt.report.designer.core.nl_zh" unpack="false" version="3.5.0.v20090620043401" download-size="41138" install-size="41138" />
	<plugin fragment="true" id="org.eclipse.birt.report.designer.nl_zh" unpack="false" version="3.5.0.v20090620043401" download-size="1528" install-size="1528" />
	<plugin fragment="true" id="org.eclipse.birt.report.designer.tests.nl_zh" unpack="false" version="3.5.0.v20090620043401" download-size="2805" install-size="2805" />
	<plugin fragment="true" id="org.eclipse.birt.report.designer.ui.cubebuilder.nl_zh" unpack="false" version="3.5.0.v20090620043401" download-size="4522" install-size="4522" />
	<plugin fragment="true" id="org.eclipse.birt.report.designer.ui.editor.script.nl_zh" unpack="false" version="3.5.0.v20090620043401" download-size="1434" install-size="1434" />
	<plugin fragment="true" id="org.eclipse.birt.report.designer.ui.editor.xml.wtp.nl_zh" unpack="false" version="3.5.0.v20090620043401" download-size="1810" install-size="1810" />
	<plugin fragment="true" id="org.eclipse.birt.report.designer.ui.editors.nl_zh" unpack="false" version="3.5.0.v20090620043401" download-size="1451" install-size="1451" />
	<plugin fragment="true" id="org.eclipse.birt.report.designer.ui.editors.schematic.nl_zh" unpack="false" version="3.5.0.v20090620043401" download-size="1546" install-size="1546" />
	<plugin fragment="true" id="org.eclipse.birt.report.designer.ui.ide.nl_zh" unpack="false" version="3.5.0.v20090620043401" download-size="1807" install-size="1807" />
	<plugin fragment="true" id="org.eclipse.birt.report.designer.ui.lib.explorer.nl_zh" unpack="false" version="3.5.0.v20090620043401" download-size="1420" install-size="1420" />
	<plugin fragment="true" id="org.eclipse.birt.report.designer.ui.lib.nl_zh" unpack="false" version="3.5.0.v20090620043401" download-size="1630" install-size="1630" />
	<plugin fragment="true" id="org.eclipse.birt.report.designer.ui.nl_zh" unpack="false" version="3.5.0.v20090620043401" download-size="1877" install-size="1877" />
	<plugin fragment="true" id="org.eclipse.birt.report.designer.ui.preview.nl_zh" unpack="false" version="3.5.0.v20090620043401" download-size="1544" install-size="1544" />
	<plugin fragment="true" id="org.eclipse.birt.report.designer.ui.preview.web.nl_zh" unpack="false" version="3.5.0.v20090620043401" download-size="1584" install-size="1584" />
	<plugin fragment="true" id="org.eclipse.birt.report.designer.ui.rcp.nl_zh" unpack="false" version="3.5.0.v20090620043401" download-size="3365" install-size="3365" />
	<plugin fragment="true" id="org.eclipse.birt.report.designer.ui.samples.ide.nl_zh" unpack="false" version="3.5.0.v20090620043401" download-size="3423" install-size="3423" />
	<plugin fragment="true" id="org.eclipse.birt.report.designer.ui.samplesview.nl_zh" unpack="false" version="3.5.0.v20090620043401" download-size="7094" install-size="7094" />
	<plugin fragment="true" id="org.eclipse.birt.report.designer.ui.views.nl_zh" unpack="false" version="3.5.0.v20090620043401" download-size="1488" install-size="1488" />
	<plugin fragment="true" id="org.eclipse.birt.report.engine.dataextraction.csv.nl_zh" unpack="false" version="3.5.0.v20090620043401" download-size="1400" install-size="1400" />
	<plugin fragment="true" id="org.eclipse.birt.report.engine.dataextraction.nl_zh" unpack="false" version="3.5.0.v20090620043401" download-size="2574" install-size="2574" />
	<plugin fragment="true" id="org.eclipse.birt.report.engine.emitter.config.html.nl_zh" unpack="false" version="3.5.0.v20090620043401" download-size="2851" install-size="2851" />
	<plugin fragment="true" id="org.eclipse.birt.report.engine.emitter.config.pdf.nl_zh" unpack="false" version="3.5.0.v20090620043401" download-size="2753" install-size="2753" />
	<plugin fragment="true" id="org.eclipse.birt.report.engine.emitter.config.postscript.nl_zh" unpack="false" version="3.5.0.v20090620043401" download-size="2812" install-size="2812" />
	<plugin fragment="true" id="org.eclipse.birt.report.engine.nl_zh" unpack="false" version="3.5.0.v20090620043401" download-size="4232" install-size="4232" />
	<plugin fragment="true" id="org.eclipse.birt.report.item.crosstab.core.nl_zh" unpack="false" version="3.5.0.v20090620043401" download-size="5032" install-size="5032" />
	<plugin fragment="true" id="org.eclipse.birt.report.item.crosstab.ui.nl_zh" unpack="false" version="3.5.0.v20090620043401" download-size="6011" install-size="6011" />
	<plugin fragment="true" id="org.eclipse.birt.report.model.adapter.oda.nl_zh" unpack="false" version="3.5.0.v20090620043401" download-size="1424" install-size="1424" />
	<plugin fragment="true" id="org.eclipse.birt.report.model.nl_zh" unpack="false" version="3.5.0.v20090620043401" download-size="38590" install-size="38590" />
	<plugin fragment="true" id="org.eclipse.birt.report.model.tests.nl_zh" unpack="false" version="3.5.0.v20090620043401" download-size="3571" install-size="3571" />
	<plugin fragment="true" id="org.eclipse.birt.report.runtime.nl_zh" unpack="false" version="3.5.0.v20090620043401" download-size="1525" install-size="1525" />
	<plugin fragment="true" id="org.eclipse.birt.report.tests.engine.nl_zh" unpack="false" version="3.5.0.v20090620043401" download-size="3059" install-size="3059" />
	<plugin fragment="true" id="org.eclipse.birt.report.tests.model.nl_zh" unpack="false" version="3.5.0.v20090620043401" download-size="3524" install-size="3524" />
	<plugin fragment="true" id="org.eclipse.birt.report.viewer.nl_zh" unpack="false" version="3.5.0.v20090620043401" download-size="6603" install-size="6603" />
	<plugin fragment="true" id="org.eclipse.birt.resources.nl_zh" unpack="false" version="3.5.0.v20090620043401" download-size="1551" install-size="1551" />
	<plugin fragment="true" id="org.eclipse.birt.sdk.nl_zh" unpack="false" version="3.5.0.v20090620043401" download-size="1539" install-size="1539" />
	<plugin fragment="true" id="org.eclipse.birt.tests.core.nl_zh" unpack="false" version="3.5.0.v20090620043401" download-size="1414" install-size="1414" />
	<plugin fragment="true" id="org.eclipse.birt.tests.data.nl_zh" unpack="false" version="3.5.0.v20090620043401" download-size="2483" install-size="2483" />
	<plugin fragment="true" id="org.mozilla.rhino.nl_zh" unpack="false" version="3.5.0.v20090620043401" download-size="1516" install-size="1516" />
	<plugin fragment="true" id="org.w3c.sac.nl_zh" unpack="false" version="3.5.0.v20090620043401" download-size="1495" install-size="1495" />
</feature>