<?xml version="1.0" encoding="UTF-8" ?>
<feature
	id="org.eclipse.babel.nls_webtools.common_pt"
	label="Babel Language Pack for webtools.common in Portuguese (47.27%)"
	image="eclipse_update_120.jpg"
	provider-name="%providerName"
	version="3.5.0.v20090620043401">
	<copyright>
		%copyright
	</copyright>
	<license url="%licenseURL">
		%license
	</license>
	<description>Babel Language Pack for webtools.common in Portuguese</description>
	<plugin fragment="true" id="org.eclipse.jem.util.nl_pt" unpack="false" version="3.5.0.v20090620043401" download-size="1857" install-size="1857" />
	<plugin fragment="true" id="org.eclipse.jst.common.annotations.controller.nl_pt" unpack="false" version="3.5.0.v20090620043401" download-size="2052" install-size="2052" />
	<plugin fragment="true" id="org.eclipse.jst.common.annotations.core.nl_pt" unpack="false" version="3.5.0.v20090620043401" download-size="1815" install-size="1815" />
	<plugin fragment="true" id="org.eclipse.jst.common.annotations.ui.nl_pt" unpack="false" version="3.5.0.v20090620043401" download-size="1724" install-size="1724" />
	<plugin fragment="true" id="org.eclipse.jst.common.fproj.enablement.jdt.sdk.nl_pt" unpack="false" version="3.5.0.v20090620043401" download-size="1385" install-size="1385" />
	<plugin fragment="true" id="org.eclipse.jst.common.frameworks.nl_pt" unpack="false" version="3.5.0.v20090620043401" download-size="1411" install-size="1411" />
	<plugin fragment="true" id="org.eclipse.jst.common.project.facet.core.nl_pt" unpack="false" version="3.5.0.v20090620043401" download-size="3223" install-size="3223" />
	<plugin fragment="true" id="org.eclipse.jst.common.project.facet.ui.nl_pt" unpack="false" version="3.5.0.v20090620043401" download-size="5099" install-size="5099" />
	<plugin fragment="true" id="org.eclipse.wst.common.api.doc.nl_pt" unpack="false" version="3.5.0.v20090620043401" download-size="1374" install-size="1374" />
	<plugin fragment="true" id="org.eclipse.wst.common.core.nl_pt" unpack="false" version="3.5.0.v20090620043401" download-size="2640" install-size="2640" />
	<plugin fragment="true" id="org.eclipse.wst.common.emf.nl_pt" unpack="false" version="3.5.0.v20090620043401" download-size="2069" install-size="2069" />
	<plugin fragment="true" id="org.eclipse.wst.common.emfworkbench.integration.nl_pt" unpack="false" version="3.5.0.v20090620043401" download-size="2789" install-size="2789" />
	<plugin fragment="true" id="org.eclipse.wst.common.environment.nl_pt" unpack="false" version="3.5.0.v20090620043401" download-size="3115" install-size="3115" />
	<plugin fragment="true" id="org.eclipse.wst.common.fproj.sdk.nl_pt" unpack="false" version="3.5.0.v20090620043401" download-size="1376" install-size="1376" />
	<plugin fragment="true" id="org.eclipse.wst.common.frameworks.nl_pt" unpack="false" version="3.5.0.v20090620043401" download-size="2774" install-size="2774" />
	<plugin fragment="true" id="org.eclipse.wst.common.frameworks.ui.nl_pt" unpack="false" version="3.5.0.v20090620043401" download-size="4259" install-size="4259" />
	<plugin fragment="true" id="org.eclipse.wst.common.infopop.nl_pt" unpack="false" version="3.5.0.v20090620043401" download-size="1403" install-size="1403" />
	<plugin fragment="true" id="org.eclipse.wst.common.modulecore.nl_pt" unpack="false" version="3.5.0.v20090620043401" download-size="2220" install-size="2220" />
	<plugin fragment="true" id="org.eclipse.wst.common.project.facet.core.nl_pt" unpack="false" version="3.5.0.v20090620043401" download-size="8920" install-size="8920" />
	<plugin fragment="true" id="org.eclipse.wst.common.project.facet.doc.api.nl_pt" unpack="false" version="3.5.0.v20090620043401" download-size="1384" install-size="1384" />
	<plugin fragment="true" id="org.eclipse.wst.common.project.facet.ui.nl_pt" unpack="false" version="3.5.0.v20090620043401" download-size="7679" install-size="7679" />
	<plugin fragment="true" id="org.eclipse.wst.common.snippets.nl_pt" unpack="false" version="3.5.0.v20090620043401" download-size="3380" install-size="3380" />
	<plugin fragment="true" id="org.eclipse.wst.common.ui.nl_pt" unpack="false" version="3.5.0.v20090620043401" download-size="5082" install-size="5082" />
	<plugin fragment="true" id="org.eclipse.wst.common.ui.properties.nl_pt" unpack="false" version="3.5.0.v20090620043401" download-size="3331" install-size="3331" />
	<plugin fragment="true" id="org.eclipse.wst.common.uriresolver.nl_pt" unpack="false" version="3.5.0.v20090620043401" download-size="1426" install-size="1426" />
	<plugin fragment="true" id="org.eclipse.wst.internet.cache.nl_pt" unpack="false" version="3.5.0.v20090620043401" download-size="3159" install-size="3159" />
	<plugin fragment="true" id="org.eclipse.wst.validation.doc.isv.nl_pt" unpack="false" version="3.5.0.v20090620043401" download-size="1380" install-size="1380" />
	<plugin fragment="true" id="org.eclipse.wst.validation.infopop.nl_pt" unpack="false" version="3.5.0.v20090620043401" download-size="1422" install-size="1422" />
	<plugin fragment="true" id="org.eclipse.wst.validation.nl_pt" unpack="false" version="3.5.0.v20090620043401" download-size="4791" install-size="4791" />
	<plugin fragment="true" id="org.eclipse.wst.validation.ui.nl_pt" unpack="false" version="3.5.0.v20090620043401" download-size="3722" install-size="3722" />
</feature>