<?xml version="1.0" encoding="UTF-8" ?>
<feature
	id="org.eclipse.babel.nls_webtools.jsf_es"
	label="Babel Language Pack for webtools.jsf in Spanish (31.48%)"
	image="eclipse_update_120.jpg"
	provider-name="%providerName"
	version="3.5.0.v20090620043401">
	<copyright>
		%copyright
	</copyright>
	<license url="%licenseURL">
		%license
	</license>
	<description>Babel Language Pack for webtools.jsf in Spanish</description>
	<plugin fragment="true" id="org.eclipse.jst.jsf.apache.trinidad.tagsupport.nl_es" unpack="false" version="3.5.0.v20090620043401" download-size="3125" install-size="3125" />
	<plugin fragment="true" id="org.eclipse.jst.jsf.common.nl_es" unpack="false" version="3.5.0.v20090620043401" download-size="2769" install-size="2769" />
	<plugin fragment="true" id="org.eclipse.jst.jsf.common.runtime.nl_es" unpack="false" version="3.5.0.v20090620043401" download-size="1377" install-size="1377" />
	<plugin fragment="true" id="org.eclipse.jst.jsf.common.ui.nl_es" unpack="false" version="3.5.0.v20090620043401" download-size="4927" install-size="4927" />
	<plugin fragment="true" id="org.eclipse.jst.jsf.core.nl_es" unpack="false" version="3.5.0.v20090620043401" download-size="6438" install-size="6438" />
	<plugin fragment="true" id="org.eclipse.jst.jsf.facesconfig.nl_es" unpack="false" version="3.5.0.v20090620043401" download-size="5268" install-size="5268" />
	<plugin fragment="true" id="org.eclipse.jst.jsf.facesconfig.ui.nl_es" unpack="false" version="3.5.0.v20090620043401" download-size="7020" install-size="7020" />
	<plugin fragment="true" id="org.eclipse.jst.jsf.standard.tagsupport.nl_es" unpack="false" version="3.5.0.v20090620043401" download-size="2780" install-size="2780" />
	<plugin fragment="true" id="org.eclipse.jst.jsf.ui.nl_es" unpack="false" version="3.5.0.v20090620043401" download-size="4381" install-size="4381" />
	<plugin fragment="true" id="org.eclipse.jst.pagedesigner.jsf.ui.nl_es" unpack="false" version="3.5.0.v20090620043401" download-size="5001" install-size="5001" />
	<plugin fragment="true" id="org.eclipse.jst.pagedesigner.jsp.core.nl_es" unpack="false" version="3.5.0.v20090620043401" download-size="1376" install-size="1376" />
	<plugin fragment="true" id="org.eclipse.jst.pagedesigner.nl_es" unpack="false" version="3.5.0.v20090620043401" download-size="10350" install-size="10350" />
</feature>