<?xml version="1.0" encoding="UTF-8" ?>
<feature
	id="org.eclipse.babel.nls_webtools.jsf_pl"
	label="Babel Language Pack for webtools.jsf in Polish (24.59%)"
	image="eclipse_update_120.jpg"
	provider-name="%providerName"
	version="3.5.0.v20090620043401">
	<copyright>
		%copyright
	</copyright>
	<license url="%licenseURL">
		%license
	</license>
	<description>Babel Language Pack for webtools.jsf in Polish</description>
	<plugin fragment="true" id="org.eclipse.jst.jsf.apache.trinidad.tagsupport.nl_pl" unpack="false" version="3.5.0.v20090620043401" download-size="3070" install-size="3070" />
	<plugin fragment="true" id="org.eclipse.jst.jsf.common.nl_pl" unpack="false" version="3.5.0.v20090620043401" download-size="2746" install-size="2746" />
	<plugin fragment="true" id="org.eclipse.jst.jsf.common.runtime.nl_pl" unpack="false" version="3.5.0.v20090620043401" download-size="1378" install-size="1378" />
	<plugin fragment="true" id="org.eclipse.jst.jsf.common.ui.nl_pl" unpack="false" version="3.5.0.v20090620043401" download-size="4889" install-size="4889" />
	<plugin fragment="true" id="org.eclipse.jst.jsf.core.nl_pl" unpack="false" version="3.5.0.v20090620043401" download-size="6408" install-size="6408" />
	<plugin fragment="true" id="org.eclipse.jst.jsf.facesconfig.nl_pl" unpack="false" version="3.5.0.v20090620043401" download-size="5092" install-size="5092" />
	<plugin fragment="true" id="org.eclipse.jst.jsf.facesconfig.ui.nl_pl" unpack="false" version="3.5.0.v20090620043401" download-size="6921" install-size="6921" />
	<plugin fragment="true" id="org.eclipse.jst.jsf.standard.tagsupport.nl_pl" unpack="false" version="3.5.0.v20090620043401" download-size="2710" install-size="2710" />
	<plugin fragment="true" id="org.eclipse.jst.jsf.ui.nl_pl" unpack="false" version="3.5.0.v20090620043401" download-size="4429" install-size="4429" />
	<plugin fragment="true" id="org.eclipse.jst.pagedesigner.jsf.ui.nl_pl" unpack="false" version="3.5.0.v20090620043401" download-size="4793" install-size="4793" />
	<plugin fragment="true" id="org.eclipse.jst.pagedesigner.jsp.core.nl_pl" unpack="false" version="3.5.0.v20090620043401" download-size="1376" install-size="1376" />
	<plugin fragment="true" id="org.eclipse.jst.pagedesigner.nl_pl" unpack="false" version="3.5.0.v20090620043401" download-size="9019" install-size="9019" />
</feature>