<?xml version="1.0" encoding="UTF-8" ?>
<feature
	id="org.eclipse.babel.nls_datatools_ko"
	label="Babel Language Pack for datatools in Korean (75.72%)"
	image="eclipse_update_120.jpg"
	provider-name="%providerName"
	version="3.5.0.v20090620043401">
	<copyright>
		%copyright
	</copyright>
	<license url="%licenseURL">
		%license
	</license>
	<description>Babel Language Pack for datatools in Korean</description>
	<plugin fragment="true" id="org.eclipse.datatools.connectivity.apache.derby.dbdefinition.nl_ko" unpack="false" version="3.5.0.v20090620043401" download-size="1472" install-size="1472" />
	<plugin fragment="true" id="org.eclipse.datatools.connectivity.apache.derby.nl_ko" unpack="false" version="3.5.0.v20090620043401" download-size="1645" install-size="1645" />
	<plugin fragment="true" id="org.eclipse.datatools.connectivity.apache.derby.ui.nl_ko" unpack="false" version="3.5.0.v20090620043401" download-size="5264" install-size="5264" />
	<plugin fragment="true" id="org.eclipse.datatools.connectivity.console.profile.nl_ko" unpack="false" version="3.5.0.v20090620043401" download-size="4150" install-size="4150" />
	<plugin fragment="true" id="org.eclipse.datatools.connectivity.db.generic.nl_ko" unpack="false" version="3.5.0.v20090620043401" download-size="3378" install-size="3378" />
	<plugin fragment="true" id="org.eclipse.datatools.connectivity.db.generic.ui.nl_ko" unpack="false" version="3.5.0.v20090620043401" download-size="1530" install-size="1530" />
	<plugin fragment="true" id="org.eclipse.datatools.connectivity.dbdefinition.genericJDBC.nl_ko" unpack="false" version="3.5.0.v20090620043401" download-size="1473" install-size="1473" />
	<plugin fragment="true" id="org.eclipse.datatools.connectivity.nl_ko" unpack="false" version="3.5.0.v20090620043401" download-size="7025" install-size="7025" />
	<plugin fragment="true" id="org.eclipse.datatools.connectivity.oda.consumer.nl_ko" unpack="false" version="3.5.0.v20090620043401" download-size="3314" install-size="3314" />
	<plugin fragment="true" id="org.eclipse.datatools.connectivity.oda.design.nl_ko" unpack="false" version="3.5.0.v20090620043401" download-size="2817" install-size="2817" />
	<plugin fragment="true" id="org.eclipse.datatools.connectivity.oda.design.ui.nl_ko" unpack="false" version="3.5.0.v20090620043401" download-size="4566" install-size="4566" />
	<plugin fragment="true" id="org.eclipse.datatools.connectivity.oda.flatfile.nl_ko" unpack="false" version="3.5.0.v20090620043401" download-size="4175" install-size="4175" />
	<plugin fragment="true" id="org.eclipse.datatools.connectivity.oda.flatfile.ui.nl_ko" unpack="false" version="3.5.0.v20090620043401" download-size="4414" install-size="4414" />
	<plugin fragment="true" id="org.eclipse.datatools.connectivity.oda.nl_ko" unpack="false" version="3.5.0.v20090620043401" download-size="3693" install-size="3693" />
	<plugin fragment="true" id="org.eclipse.datatools.connectivity.oda.profile.nl_ko" unpack="false" version="3.5.0.v20090620043401" download-size="2727" install-size="2727" />
	<plugin fragment="true" id="org.eclipse.datatools.connectivity.oda.template.ui.nl_ko" unpack="false" version="3.5.0.v20090620043401" download-size="3443" install-size="3443" />
	<plugin fragment="true" id="org.eclipse.datatools.connectivity.sqm.core.nl_ko" unpack="false" version="3.5.0.v20090620043401" download-size="5402" install-size="5402" />
	<plugin fragment="true" id="org.eclipse.datatools.connectivity.sqm.core.ui.nl_ko" unpack="false" version="3.5.0.v20090620043401" download-size="7743" install-size="7743" />
	<plugin fragment="true" id="org.eclipse.datatools.connectivity.sqm.server.ui.nl_ko" unpack="false" version="3.5.0.v20090620043401" download-size="5327" install-size="5327" />
	<plugin fragment="true" id="org.eclipse.datatools.connectivity.ui.dse.nl_ko" unpack="false" version="3.5.0.v20090620043401" download-size="4459" install-size="4459" />
	<plugin fragment="true" id="org.eclipse.datatools.connectivity.ui.nl_ko" unpack="false" version="3.5.0.v20090620043401" download-size="7211" install-size="7211" />
	<plugin fragment="true" id="org.eclipse.datatools.connectivity.ui.templates.nl_ko" unpack="false" version="3.5.0.v20090620043401" download-size="3027" install-size="3027" />
	<plugin fragment="true" id="org.eclipse.datatools.enablement.finfo.nl_ko" unpack="false" version="3.5.0.v20090620043401" download-size="1374" install-size="1374" />
	<plugin fragment="true" id="org.eclipse.datatools.enablement.hsqldb.dbdefinition.nl_ko" unpack="false" version="3.5.0.v20090620043401" download-size="1508" install-size="1508" />
	<plugin fragment="true" id="org.eclipse.datatools.enablement.hsqldb.nl_ko" unpack="false" version="3.5.0.v20090620043401" download-size="1619" install-size="1619" />
	<plugin fragment="true" id="org.eclipse.datatools.enablement.hsqldb.ui.nl_ko" unpack="false" version="3.5.0.v20090620043401" download-size="3423" install-size="3423" />
	<plugin fragment="true" id="org.eclipse.datatools.enablement.ibm.db2.iseries.dbdefinition.nl_ko" unpack="false" version="3.5.0.v20090620043401" download-size="1535" install-size="1535" />
	<plugin fragment="true" id="org.eclipse.datatools.enablement.ibm.db2.iseries.nl_ko" unpack="false" version="3.5.0.v20090620043401" download-size="1623" install-size="1623" />
	<plugin fragment="true" id="org.eclipse.datatools.enablement.ibm.db2.iseries.ui.nl_ko" unpack="false" version="3.5.0.v20090620043401" download-size="3833" install-size="3833" />
	<plugin fragment="true" id="org.eclipse.datatools.enablement.ibm.db2.luw.dbdefinition.nl_ko" unpack="false" version="3.5.0.v20090620043401" download-size="1563" install-size="1563" />
	<plugin fragment="true" id="org.eclipse.datatools.enablement.ibm.db2.luw.nl_ko" unpack="false" version="3.5.0.v20090620043401" download-size="1627" install-size="1627" />
	<plugin fragment="true" id="org.eclipse.datatools.enablement.ibm.db2.luw.ui.nl_ko" unpack="false" version="3.5.0.v20090620043401" download-size="3864" install-size="3864" />
	<plugin fragment="true" id="org.eclipse.datatools.enablement.ibm.db2.zseries.dbdefinition.nl_ko" unpack="false" version="3.5.0.v20090620043401" download-size="1643" install-size="1643" />
	<plugin fragment="true" id="org.eclipse.datatools.enablement.ibm.db2.zseries.nl_ko" unpack="false" version="3.5.0.v20090620043401" download-size="1624" install-size="1624" />
	<plugin fragment="true" id="org.eclipse.datatools.enablement.ibm.db2.zseries.ui.nl_ko" unpack="false" version="3.5.0.v20090620043401" download-size="3889" install-size="3889" />
	<plugin fragment="true" id="org.eclipse.datatools.enablement.ibm.informix.dbdefinition.nl_ko" unpack="false" version="3.5.0.v20090620043401" download-size="1521" install-size="1521" />
	<plugin fragment="true" id="org.eclipse.datatools.enablement.ibm.informix.nl_ko" unpack="false" version="3.5.0.v20090620043401" download-size="1643" install-size="1643" />
	<plugin fragment="true" id="org.eclipse.datatools.enablement.ibm.informix.ui.nl_ko" unpack="false" version="3.5.0.v20090620043401" download-size="3615" install-size="3615" />
	<plugin fragment="true" id="org.eclipse.datatools.enablement.ibm.ui.nl_ko" unpack="false" version="3.5.0.v20090620043401" download-size="3466" install-size="3466" />
	<plugin fragment="true" id="org.eclipse.datatools.enablement.ingres.dbdefinition.nl_ko" unpack="false" version="3.5.0.v20090620043401" download-size="1387" install-size="1387" />
	<plugin fragment="true" id="org.eclipse.datatools.enablement.ingres.nl_ko" unpack="false" version="3.5.0.v20090620043401" download-size="1546" install-size="1546" />
	<plugin fragment="true" id="org.eclipse.datatools.enablement.ingres.ui.nl_ko" unpack="false" version="3.5.0.v20090620043401" download-size="2919" install-size="2919" />
	<plugin fragment="true" id="org.eclipse.datatools.enablement.jdt.classpath.nl_ko" unpack="false" version="3.5.0.v20090620043401" download-size="1386" install-size="1386" />
	<plugin fragment="true" id="org.eclipse.datatools.enablement.msft.sqlserver.dbdefinition.nl_ko" unpack="false" version="3.5.0.v20090620043401" download-size="1508" install-size="1508" />
	<plugin fragment="true" id="org.eclipse.datatools.enablement.msft.sqlserver.nl_ko" unpack="false" version="3.5.0.v20090620043401" download-size="1633" install-size="1633" />
	<plugin fragment="true" id="org.eclipse.datatools.enablement.msft.sqlserver.ui.nl_ko" unpack="false" version="3.5.0.v20090620043401" download-size="3966" install-size="3966" />
	<plugin fragment="true" id="org.eclipse.datatools.enablement.mysql.dbdefinition.nl_ko" unpack="false" version="3.5.0.v20090620043401" download-size="1482" install-size="1482" />
	<plugin fragment="true" id="org.eclipse.datatools.enablement.mysql.nl_ko" unpack="false" version="3.5.0.v20090620043401" download-size="1629" install-size="1629" />
	<plugin fragment="true" id="org.eclipse.datatools.enablement.mysql.ui.nl_ko" unpack="false" version="3.5.0.v20090620043401" download-size="1530" install-size="1530" />
	<plugin fragment="true" id="org.eclipse.datatools.enablement.oda.ws.nl_ko" unpack="false" version="3.5.0.v20090620043401" download-size="2719" install-size="2719" />
	<plugin fragment="true" id="org.eclipse.datatools.enablement.oda.ws.ui.nl_ko" unpack="false" version="3.5.0.v20090620043401" download-size="4405" install-size="4405" />
	<plugin fragment="true" id="org.eclipse.datatools.enablement.oda.xml.nl_ko" unpack="false" version="3.5.0.v20090620043401" download-size="3379" install-size="3379" />
	<plugin fragment="true" id="org.eclipse.datatools.enablement.oda.xml.ui.nl_ko" unpack="false" version="3.5.0.v20090620043401" download-size="5386" install-size="5386" />
	<plugin fragment="true" id="org.eclipse.datatools.enablement.oracle.dbdefinition.nl_ko" unpack="false" version="3.5.0.v20090620043401" download-size="1482" install-size="1482" />
	<plugin fragment="true" id="org.eclipse.datatools.enablement.oracle.nl_ko" unpack="false" version="3.5.0.v20090620043401" download-size="1650" install-size="1650" />
	<plugin fragment="true" id="org.eclipse.datatools.enablement.oracle.ui.nl_ko" unpack="false" version="3.5.0.v20090620043401" download-size="3441" install-size="3441" />
	<plugin fragment="true" id="org.eclipse.datatools.enablement.postgresql.dbdefinition.nl_ko" unpack="false" version="3.5.0.v20090620043401" download-size="1387" install-size="1387" />
	<plugin fragment="true" id="org.eclipse.datatools.enablement.postgresql.nl_ko" unpack="false" version="3.5.0.v20090620043401" download-size="1598" install-size="1598" />
	<plugin fragment="true" id="org.eclipse.datatools.enablement.postgresql.ui.nl_ko" unpack="false" version="3.5.0.v20090620043401" download-size="1513" install-size="1513" />
	<plugin fragment="true" id="org.eclipse.datatools.enablement.sap.maxdb.dbdefinition.nl_ko" unpack="false" version="3.5.0.v20090620043401" download-size="1467" install-size="1467" />
	<plugin fragment="true" id="org.eclipse.datatools.enablement.sap.maxdb.nl_ko" unpack="false" version="3.5.0.v20090620043401" download-size="2595" install-size="2595" />
	<plugin fragment="true" id="org.eclipse.datatools.enablement.sap.maxdb.ui.nl_ko" unpack="false" version="3.5.0.v20090620043401" download-size="1533" install-size="1533" />
	<plugin fragment="true" id="org.eclipse.datatools.enablement.sqlite.dbdefinition.nl_ko" unpack="false" version="3.5.0.v20090620043401" download-size="1386" install-size="1386" />
	<plugin fragment="true" id="org.eclipse.datatools.enablement.sqlite.nl_ko" unpack="false" version="3.5.0.v20090620043401" download-size="1559" install-size="1559" />
	<plugin fragment="true" id="org.eclipse.datatools.enablement.sqlite.ui.nl_ko" unpack="false" version="3.5.0.v20090620043401" download-size="3027" install-size="3027" />
	<plugin fragment="true" id="org.eclipse.datatools.enablement.sybase.asa.dbdefinition.nl_ko" unpack="false" version="3.5.0.v20090620043401" download-size="1387" install-size="1387" />
	<plugin fragment="true" id="org.eclipse.datatools.enablement.sybase.asa.models.nl_ko" unpack="false" version="3.5.0.v20090620043401" download-size="1408" install-size="1408" />
	<plugin fragment="true" id="org.eclipse.datatools.enablement.sybase.asa.nl_ko" unpack="false" version="3.5.0.v20090620043401" download-size="4650" install-size="4650" />
	<plugin fragment="true" id="org.eclipse.datatools.enablement.sybase.asa.schemaobjecteditor.examples.nl_ko" unpack="false" version="3.5.0.v20090620043401" download-size="19271" install-size="19271" />
	<plugin fragment="true" id="org.eclipse.datatools.enablement.sybase.asa.ui.nl_ko" unpack="false" version="3.5.0.v20090620043401" download-size="1584" install-size="1584" />
	<plugin fragment="true" id="org.eclipse.datatools.enablement.sybase.ase.dbdefinition.nl_ko" unpack="false" version="3.5.0.v20090620043401" download-size="1493" install-size="1493" />
	<plugin fragment="true" id="org.eclipse.datatools.enablement.sybase.ase.models.nl_ko" unpack="false" version="3.5.0.v20090620043401" download-size="1383" install-size="1383" />
	<plugin fragment="true" id="org.eclipse.datatools.enablement.sybase.ase.nl_ko" unpack="false" version="3.5.0.v20090620043401" download-size="2926" install-size="2926" />
	<plugin fragment="true" id="org.eclipse.datatools.enablement.sybase.ase.ui.nl_ko" unpack="false" version="3.5.0.v20090620043401" download-size="1794" install-size="1794" />
	<plugin fragment="true" id="org.eclipse.datatools.enablement.sybase.models.nl_ko" unpack="false" version="3.5.0.v20090620043401" download-size="1380" install-size="1380" />
	<plugin fragment="true" id="org.eclipse.datatools.enablement.sybase.nl_ko" unpack="false" version="3.5.0.v20090620043401" download-size="3929" install-size="3929" />
	<plugin fragment="true" id="org.eclipse.datatools.enablement.sybase.ui.nl_ko" unpack="false" version="3.5.0.v20090620043401" download-size="4772" install-size="4772" />
	<plugin fragment="true" id="org.eclipse.datatools.help.nl_ko" unpack="false" version="3.5.0.v20090620043401" download-size="1351" install-size="1351" />
	<plugin fragment="true" id="org.eclipse.datatools.modelbase.dbdefinition.nl_ko" unpack="false" version="3.5.0.v20090620043401" download-size="1418" install-size="1418" />
	<plugin fragment="true" id="org.eclipse.datatools.modelbase.derby.nl_ko" unpack="false" version="3.5.0.v20090620043401" download-size="1415" install-size="1415" />
	<plugin fragment="true" id="org.eclipse.datatools.modelbase.sql.edit.nl_ko" unpack="false" version="3.5.0.v20090620043401" download-size="6714" install-size="6714" />
	<plugin fragment="true" id="org.eclipse.datatools.modelbase.sql.nl_ko" unpack="false" version="3.5.0.v20090620043401" download-size="1374" install-size="1374" />
	<plugin fragment="true" id="org.eclipse.datatools.modelbase.sql.query.edit.nl_ko" unpack="false" version="3.5.0.v20090620043401" download-size="3674" install-size="3674" />
	<plugin fragment="true" id="org.eclipse.datatools.modelbase.sql.query.nl_ko" unpack="false" version="3.5.0.v20090620043401" download-size="1379" install-size="1379" />
	<plugin fragment="true" id="org.eclipse.datatools.modelbase.sql.xml.query.nl_ko" unpack="false" version="3.5.0.v20090620043401" download-size="1448" install-size="1448" />
	<plugin fragment="true" id="org.eclipse.datatools.sqltools.common.ui.nl_ko" unpack="false" version="3.5.0.v20090620043401" download-size="6369" install-size="6369" />
	<plugin fragment="true" id="org.eclipse.datatools.sqltools.data.core.nl_ko" unpack="false" version="3.5.0.v20090620043401" download-size="3380" install-size="3380" />
	<plugin fragment="true" id="org.eclipse.datatools.sqltools.data.ui.nl_ko" unpack="false" version="3.5.0.v20090620043401" download-size="3564" install-size="3564" />
	<plugin fragment="true" id="org.eclipse.datatools.sqltools.db.derby.nl_ko" unpack="false" version="3.5.0.v20090620043401" download-size="2878" install-size="2878" />
	<plugin fragment="true" id="org.eclipse.datatools.sqltools.db.derby.ui.nl_ko" unpack="false" version="3.5.0.v20090620043401" download-size="1383" install-size="1383" />
	<plugin fragment="true" id="org.eclipse.datatools.sqltools.db.generic.nl_ko" unpack="false" version="3.5.0.v20090620043401" download-size="2901" install-size="2901" />
	<plugin fragment="true" id="org.eclipse.datatools.sqltools.db.generic.ui.nl_ko" unpack="false" version="3.5.0.v20090620043401" download-size="1411" install-size="1411" />
	<plugin fragment="true" id="org.eclipse.datatools.sqltools.ddlgen.ui.nl_ko" unpack="false" version="3.5.0.v20090620043401" download-size="3634" install-size="3634" />
	<plugin fragment="true" id="org.eclipse.datatools.sqltools.debugger.core.nl_ko" unpack="false" version="3.5.0.v20090620043401" download-size="4739" install-size="4739" />
	<plugin fragment="true" id="org.eclipse.datatools.sqltools.debugger.core.ui.nl_ko" unpack="false" version="3.5.0.v20090620043401" download-size="3778" install-size="3778" />
	<plugin fragment="true" id="org.eclipse.datatools.sqltools.editor.core.nl_ko" unpack="false" version="3.5.0.v20090620043401" download-size="8316" install-size="8316" />
	<plugin fragment="true" id="org.eclipse.datatools.sqltools.editor.core.ui.nl_ko" unpack="false" version="3.5.0.v20090620043401" download-size="2721" install-size="2721" />
	<plugin fragment="true" id="org.eclipse.datatools.sqltools.parsers.sql.lexer.nl_ko" unpack="false" version="3.5.0.v20090620043401" download-size="1415" install-size="1415" />
	<plugin fragment="true" id="org.eclipse.datatools.sqltools.parsers.sql.nl_ko" unpack="false" version="3.5.0.v20090620043401" download-size="3227" install-size="3227" />
	<plugin fragment="true" id="org.eclipse.datatools.sqltools.parsers.sql.query.nl_ko" unpack="false" version="3.5.0.v20090620043401" download-size="5567" install-size="5567" />
	<plugin fragment="true" id="org.eclipse.datatools.sqltools.parsers.sql.xml.query.nl_ko" unpack="false" version="3.5.0.v20090620043401" download-size="1385" install-size="1385" />
	<plugin fragment="true" id="org.eclipse.datatools.sqltools.plan.nl_ko" unpack="false" version="3.5.0.v20090620043401" download-size="7220" install-size="7220" />
	<plugin fragment="true" id="org.eclipse.datatools.sqltools.result.nl_ko" unpack="false" version="3.5.0.v20090620043401" download-size="8583" install-size="8583" />
	<plugin fragment="true" id="org.eclipse.datatools.sqltools.result.ui.nl_ko" unpack="false" version="3.5.0.v20090620043401" download-size="7935" install-size="7935" />
	<plugin fragment="true" id="org.eclipse.datatools.sqltools.routineeditor.nl_ko" unpack="false" version="3.5.0.v20090620043401" download-size="6152" install-size="6152" />
	<plugin fragment="true" id="org.eclipse.datatools.sqltools.routineeditor.ui.nl_ko" unpack="false" version="3.5.0.v20090620043401" download-size="5480" install-size="5480" />
	<plugin fragment="true" id="org.eclipse.datatools.sqltools.schemaobjecteditor.nl_ko" unpack="false" version="3.5.0.v20090620043401" download-size="1388" install-size="1388" />
	<plugin fragment="true" id="org.eclipse.datatools.sqltools.schemaobjecteditor.ui.nl_ko" unpack="false" version="3.5.0.v20090620043401" download-size="6266" install-size="6266" />
	<plugin fragment="true" id="org.eclipse.datatools.sqltools.schemaobjecteditor.ui.pages.nl_ko" unpack="false" version="3.5.0.v20090620043401" download-size="4329" install-size="4329" />
	<plugin fragment="true" id="org.eclipse.datatools.sqltools.sql.nl_ko" unpack="false" version="3.5.0.v20090620043401" download-size="4481" install-size="4481" />
	<plugin fragment="true" id="org.eclipse.datatools.sqltools.sql.ui.nl_ko" unpack="false" version="3.5.0.v20090620043401" download-size="1372" install-size="1372" />
	<plugin fragment="true" id="org.eclipse.datatools.sqltools.sqlbuilder.nl_ko" unpack="false" version="3.5.0.v20090620043401" download-size="9979" install-size="9979" />
	<plugin fragment="true" id="org.eclipse.datatools.sqltools.sqleditor.nl_ko" unpack="false" version="3.5.0.v20090620043401" download-size="14870" install-size="14870" />
	<plugin fragment="true" id="org.eclipse.datatools.sqltools.sqlscrapbook.nl_ko" unpack="false" version="3.5.0.v20090620043401" download-size="5373" install-size="5373" />
	<plugin fragment="true" id="org.eclipse.datatools.sqltools.tabledataeditor.nl_ko" unpack="false" version="3.5.0.v20090620043401" download-size="2959" install-size="2959" />
</feature>