<?xml version="1.0" encoding="UTF-8" ?>
<feature
	id="org.eclipse.babel.nls_birt_ja"
	label="Babel Language Pack for birt in Japanese (87.8%)"
	image="eclipse_update_120.jpg"
	provider-name="%providerName"
	version="3.5.0.v20090620043401">
	<copyright>
		%copyright
	</copyright>
	<license url="%licenseURL">
		%license
	</license>
	<description>Babel Language Pack for birt in Japanese</description>
	<plugin fragment="true" id="org.eclipse.birt.chart.device.extension.nl_ja" unpack="false" version="3.5.0.v20090620043401" download-size="3952" install-size="3952" />
	<plugin fragment="true" id="org.eclipse.birt.chart.device.svg.nl_ja" unpack="false" version="3.5.0.v20090620043401" download-size="2950" install-size="2950" />
	<plugin fragment="true" id="org.eclipse.birt.chart.device.swt.nl_ja" unpack="false" version="3.5.0.v20090620043401" download-size="3151" install-size="3151" />
	<plugin fragment="true" id="org.eclipse.birt.chart.engine.extension.nl_ja" unpack="false" version="3.5.0.v20090620043401" download-size="5386" install-size="5386" />
	<plugin fragment="true" id="org.eclipse.birt.chart.engine.nl_ja" unpack="false" version="3.5.0.v20090620043401" download-size="9819" install-size="9819" />
	<plugin fragment="true" id="org.eclipse.birt.chart.examples.nl_ja" unpack="false" version="3.5.0.v20090620043401" download-size="6145" install-size="6145" />
	<plugin fragment="true" id="org.eclipse.birt.chart.integration.wtp.ui.nl_ja" unpack="false" version="3.5.0.v20090620043401" download-size="4274" install-size="4274" />
	<plugin fragment="true" id="org.eclipse.birt.chart.reportitem.nl_ja" unpack="false" version="3.5.0.v20090620043401" download-size="4026" install-size="4026" />
	<plugin fragment="true" id="org.eclipse.birt.chart.reportitem.ui.nl_ja" unpack="false" version="3.5.0.v20090620043401" download-size="4825" install-size="4825" />
	<plugin fragment="true" id="org.eclipse.birt.chart.ui.extension.nl_ja" unpack="false" version="3.5.0.v20090620043401" download-size="17022" install-size="17022" />
	<plugin fragment="true" id="org.eclipse.birt.chart.ui.nl_ja" unpack="false" version="3.5.0.v20090620043401" download-size="4346" install-size="4346" />
	<plugin fragment="true" id="org.eclipse.birt.core.nl_ja" unpack="false" version="3.5.0.v20090620043401" download-size="2254" install-size="2254" />
	<plugin fragment="true" id="org.eclipse.birt.core.script.function.nl_ja" unpack="false" version="3.5.0.v20090620043401" download-size="1462" install-size="1462" />
	<plugin fragment="true" id="org.eclipse.birt.core.ui.nl_ja" unpack="false" version="3.5.0.v20090620043401" download-size="2973" install-size="2973" />
	<plugin fragment="true" id="org.eclipse.birt.data.aggregation.nl_ja" unpack="false" version="3.5.0.v20090620043401" download-size="3816" install-size="3816" />
	<plugin fragment="true" id="org.eclipse.birt.data.nl_ja" unpack="false" version="3.5.0.v20090620043401" download-size="10656" install-size="10656" />
	<plugin fragment="true" id="org.eclipse.birt.data.tests.nl_ja" unpack="false" version="3.5.0.v20090620043401" download-size="1385" install-size="1385" />
	<plugin fragment="true" id="org.eclipse.birt.integration.wtp.ui.nl_ja" unpack="false" version="3.5.0.v20090620043401" download-size="4749" install-size="4749" />
	<plugin fragment="true" id="org.eclipse.birt.nl_ja" unpack="false" version="3.5.0.v20090620043401" download-size="1427" install-size="1427" />
	<plugin fragment="true" id="org.eclipse.birt.report.data.adapter.nl_ja" unpack="false" version="3.5.0.v20090620043401" download-size="3003" install-size="3003" />
	<plugin fragment="true" id="org.eclipse.birt.report.data.oda.jdbc.dbprofile.nl_ja" unpack="false" version="3.5.0.v20090620043401" download-size="1612" install-size="1612" />
	<plugin fragment="true" id="org.eclipse.birt.report.data.oda.jdbc.dbprofile.sampledb.nl_ja" unpack="false" version="3.5.0.v20090620043401" download-size="3420" install-size="3420" />
	<plugin fragment="true" id="org.eclipse.birt.report.data.oda.jdbc.dbprofile.ui.nl_ja" unpack="false" version="3.5.0.v20090620043401" download-size="3458" install-size="3458" />
	<plugin fragment="true" id="org.eclipse.birt.report.data.oda.jdbc.nl_ja" unpack="false" version="3.5.0.v20090620043401" download-size="4867" install-size="4867" />
	<plugin fragment="true" id="org.eclipse.birt.report.data.oda.jdbc.ui.nl_ja" unpack="false" version="3.5.0.v20090620043401" download-size="5947" install-size="5947" />
	<plugin fragment="true" id="org.eclipse.birt.report.data.oda.sampledb.nl_ja" unpack="false" version="3.5.0.v20090620043401" download-size="1678" install-size="1678" />
	<plugin fragment="true" id="org.eclipse.birt.report.data.oda.sampledb.ui.nl_ja" unpack="false" version="3.5.0.v20090620043401" download-size="3560" install-size="3560" />
	<plugin fragment="true" id="org.eclipse.birt.report.data.oda.xml.nl_ja" unpack="false" version="3.5.0.v20090620043401" download-size="3206" install-size="3206" />
	<plugin fragment="true" id="org.eclipse.birt.report.data.oda.xml.ui.nl_ja" unpack="false" version="3.5.0.v20090620043401" download-size="1790" install-size="1790" />
	<plugin fragment="true" id="org.eclipse.birt.report.debug.core.nl_ja" unpack="false" version="3.5.0.v20090620043401" download-size="2319" install-size="2319" />
	<plugin fragment="true" id="org.eclipse.birt.report.debug.ui.nl_ja" unpack="false" version="3.5.0.v20090620043401" download-size="3461" install-size="3461" />
	<plugin fragment="true" id="org.eclipse.birt.report.designer.core.nl_ja" unpack="false" version="3.5.0.v20090620043401" download-size="45189" install-size="45189" />
	<plugin fragment="true" id="org.eclipse.birt.report.designer.tests.nl_ja" unpack="false" version="3.5.0.v20090620043401" download-size="2681" install-size="2681" />
	<plugin fragment="true" id="org.eclipse.birt.report.designer.ui.cubebuilder.nl_ja" unpack="false" version="3.5.0.v20090620043401" download-size="4675" install-size="4675" />
	<plugin fragment="true" id="org.eclipse.birt.report.designer.ui.editor.script.nl_ja" unpack="false" version="3.5.0.v20090620043401" download-size="1438" install-size="1438" />
	<plugin fragment="true" id="org.eclipse.birt.report.designer.ui.editor.xml.wtp.nl_ja" unpack="false" version="3.5.0.v20090620043401" download-size="1441" install-size="1441" />
	<plugin fragment="true" id="org.eclipse.birt.report.designer.ui.editors.nl_ja" unpack="false" version="3.5.0.v20090620043401" download-size="1464" install-size="1464" />
	<plugin fragment="true" id="org.eclipse.birt.report.designer.ui.editors.schematic.nl_ja" unpack="false" version="3.5.0.v20090620043401" download-size="1555" install-size="1555" />
	<plugin fragment="true" id="org.eclipse.birt.report.designer.ui.ide.nl_ja" unpack="false" version="3.5.0.v20090620043401" download-size="1853" install-size="1853" />
	<plugin fragment="true" id="org.eclipse.birt.report.designer.ui.lib.explorer.nl_ja" unpack="false" version="3.5.0.v20090620043401" download-size="1420" install-size="1420" />
	<plugin fragment="true" id="org.eclipse.birt.report.designer.ui.lib.nl_ja" unpack="false" version="3.5.0.v20090620043401" download-size="1670" install-size="1670" />
	<plugin fragment="true" id="org.eclipse.birt.report.designer.ui.nl_ja" unpack="false" version="3.5.0.v20090620043401" download-size="1945" install-size="1945" />
	<plugin fragment="true" id="org.eclipse.birt.report.designer.ui.preview.nl_ja" unpack="false" version="3.5.0.v20090620043401" download-size="1554" install-size="1554" />
	<plugin fragment="true" id="org.eclipse.birt.report.designer.ui.preview.web.nl_ja" unpack="false" version="3.5.0.v20090620043401" download-size="1581" install-size="1581" />
	<plugin fragment="true" id="org.eclipse.birt.report.designer.ui.rcp.nl_ja" unpack="false" version="3.5.0.v20090620043401" download-size="3485" install-size="3485" />
	<plugin fragment="true" id="org.eclipse.birt.report.designer.ui.samples.ide.nl_ja" unpack="false" version="3.5.0.v20090620043401" download-size="3446" install-size="3446" />
	<plugin fragment="true" id="org.eclipse.birt.report.designer.ui.samplesview.nl_ja" unpack="false" version="3.5.0.v20090620043401" download-size="7559" install-size="7559" />
	<plugin fragment="true" id="org.eclipse.birt.report.designer.ui.views.nl_ja" unpack="false" version="3.5.0.v20090620043401" download-size="1486" install-size="1486" />
	<plugin fragment="true" id="org.eclipse.birt.report.engine.dataextraction.csv.nl_ja" unpack="false" version="3.5.0.v20090620043401" download-size="1392" install-size="1392" />
	<plugin fragment="true" id="org.eclipse.birt.report.engine.emitter.config.html.nl_ja" unpack="false" version="3.5.0.v20090620043401" download-size="2873" install-size="2873" />
	<plugin fragment="true" id="org.eclipse.birt.report.engine.emitter.config.pdf.nl_ja" unpack="false" version="3.5.0.v20090620043401" download-size="2743" install-size="2743" />
	<plugin fragment="true" id="org.eclipse.birt.report.engine.nl_ja" unpack="false" version="3.5.0.v20090620043401" download-size="4504" install-size="4504" />
	<plugin fragment="true" id="org.eclipse.birt.report.item.crosstab.core.nl_ja" unpack="false" version="3.5.0.v20090620043401" download-size="4879" install-size="4879" />
	<plugin fragment="true" id="org.eclipse.birt.report.item.crosstab.ui.nl_ja" unpack="false" version="3.5.0.v20090620043401" download-size="6260" install-size="6260" />
	<plugin fragment="true" id="org.eclipse.birt.report.model.nl_ja" unpack="false" version="3.5.0.v20090620043401" download-size="40937" install-size="40937" />
	<plugin fragment="true" id="org.eclipse.birt.report.model.tests.nl_ja" unpack="false" version="3.5.0.v20090620043401" download-size="2634" install-size="2634" />
	<plugin fragment="true" id="org.eclipse.birt.report.viewer.nl_ja" unpack="false" version="3.5.0.v20090620043401" download-size="6652" install-size="6652" />
	<plugin fragment="true" id="org.eclipse.birt.resources.nl_ja" unpack="false" version="3.5.0.v20090620043401" download-size="1583" install-size="1583" />
	<plugin fragment="true" id="org.eclipse.birt.tests.data.nl_ja" unpack="false" version="3.5.0.v20090620043401" download-size="1385" install-size="1385" />
</feature>