<?xml version="1.0" encoding="UTF-8" ?>
<feature
	id="org.eclipse.babel.nls_modeling.mdt_en_AA"
	label="Babel Language Pack for modeling.mdt in Pseudo Translations (100%)"
	image="eclipse_update_120.jpg"
	provider-name="%providerName"
	version="3.5.0.v20090620043401">
	<copyright>
		%copyright
	</copyright>
	<license url="%licenseURL">
		%license
	</license>
	<description>Babel Language Pack for modeling.mdt in Pseudo Translations</description>
	<plugin fragment="true" id="org.eclipse.emf.examples.library.edit.nl_en_AA" unpack="false" version="3.5.0.v20090620043401" download-size="2272" install-size="2272" />
	<plugin fragment="true" id="org.eclipse.emf.examples.library.editor.nl_en_AA" unpack="false" version="3.5.0.v20090620043401" download-size="2110" install-size="2110" />
	<plugin fragment="true" id="org.eclipse.emf.examples.library.nl_en_AA" unpack="false" version="3.5.0.v20090620043401" download-size="1445" install-size="1445" />
	<plugin fragment="true" id="org.eclipse.emf.ocl.doc.nl_en_AA" unpack="false" version="3.5.0.v20090620043401" download-size="1867" install-size="1867" />
	<plugin fragment="true" id="org.eclipse.emf.ocl.examples.interpreter.nl_en_AA" unpack="false" version="3.5.0.v20090620043401" download-size="3556" install-size="3556" />
	<plugin fragment="true" id="org.eclipse.emf.ocl.examples.nl_en_AA" unpack="false" version="3.5.0.v20090620043401" download-size="3141" install-size="3141" />
	<plugin fragment="true" id="org.eclipse.emf.ocl.nl_en_AA" unpack="false" version="3.5.0.v20090620043401" download-size="1842" install-size="1842" />
	<plugin fragment="true" id="org.eclipse.emf.ocl.tests.nl_en_AA" unpack="false" version="3.5.0.v20090620043401" download-size="1836" install-size="1836" />
	<plugin fragment="true" id="org.eclipse.ocl.doc.nl_en_AA" unpack="false" version="3.5.0.v20090620043401" download-size="1839" install-size="1839" />
	<plugin fragment="true" id="org.eclipse.ocl.ecore.nl_en_AA" unpack="false" version="3.5.0.v20090620043401" download-size="1467" install-size="1467" />
	<plugin fragment="true" id="org.eclipse.ocl.ecore.tests.nl_en_AA" unpack="false" version="3.5.0.v20090620043401" download-size="1819" install-size="1819" />
	<plugin fragment="true" id="org.eclipse.ocl.nl_en_AA" unpack="false" version="3.5.0.v20090620043401" download-size="7695" install-size="7695" />
	<plugin fragment="true" id="org.eclipse.ocl.uml.nl_en_AA" unpack="false" version="3.5.0.v20090620043401" download-size="2115" install-size="2115" />
	<plugin fragment="true" id="org.eclipse.ocl.uml.tests.nl_en_AA" unpack="false" version="3.5.0.v20090620043401" download-size="1824" install-size="1824" />
	<plugin fragment="true" id="org.eclipse.uml2.codegen.ecore.nl_en_AA" unpack="false" version="3.5.0.v20090620043401" download-size="1593" install-size="1593" />
	<plugin fragment="true" id="org.eclipse.uml2.codegen.ecore.ui.nl_en_AA" unpack="false" version="3.5.0.v20090620043401" download-size="1894" install-size="1894" />
	<plugin fragment="true" id="org.eclipse.uml2.common.edit.nl_en_AA" unpack="false" version="3.5.0.v20090620043401" download-size="1442" install-size="1442" />
	<plugin fragment="true" id="org.eclipse.uml2.common.nl_en_AA" unpack="false" version="3.5.0.v20090620043401" download-size="1431" install-size="1431" />
	<plugin fragment="true" id="org.eclipse.uml2.diagram.activity.nl_en_AA" unpack="false" version="3.5.0.v20090620043401" download-size="7828" install-size="7828" />
	<plugin fragment="true" id="org.eclipse.uml2.diagram.clazz.nl_en_AA" unpack="false" version="3.5.0.v20090620043401" download-size="8603" install-size="8603" />
	<plugin fragment="true" id="org.eclipse.uml2.diagram.clazz.tests.nl_en_AA" unpack="false" version="3.5.0.v20090620043401" download-size="1465" install-size="1465" />
	<plugin fragment="true" id="org.eclipse.uml2.diagram.codegen.edit.nl_en_AA" unpack="false" version="3.5.0.v20090620043401" download-size="2535" install-size="2535" />
	<plugin fragment="true" id="org.eclipse.uml2.diagram.codegen.nl_en_AA" unpack="false" version="3.5.0.v20090620043401" download-size="1488" install-size="1488" />
	<plugin fragment="true" id="org.eclipse.uml2.diagram.common.nl_en_AA" unpack="false" version="3.5.0.v20090620043401" download-size="3864" install-size="3864" />
	<plugin fragment="true" id="org.eclipse.uml2.diagram.common.notation.nl_en_AA" unpack="false" version="3.5.0.v20090620043401" download-size="1476" install-size="1476" />
	<plugin fragment="true" id="org.eclipse.uml2.diagram.common.tests.nl_en_AA" unpack="false" version="3.5.0.v20090620043401" download-size="1469" install-size="1469" />
	<plugin fragment="true" id="org.eclipse.uml2.diagram.component.nl_en_AA" unpack="false" version="3.5.0.v20090620043401" download-size="5797" install-size="5797" />
	<plugin fragment="true" id="org.eclipse.uml2.diagram.csd.nl_en_AA" unpack="false" version="3.5.0.v20090620043401" download-size="6078" install-size="6078" />
	<plugin fragment="true" id="org.eclipse.uml2.diagram.def.nl_en_AA" unpack="false" version="3.5.0.v20090620043401" download-size="1460" install-size="1460" />
	<plugin fragment="true" id="org.eclipse.uml2.diagram.deploy.nl_en_AA" unpack="false" version="3.5.0.v20090620043401" download-size="4924" install-size="4924" />
	<plugin fragment="true" id="org.eclipse.uml2.diagram.examples.activity.nl_en_AA" unpack="false" version="3.5.0.v20090620043401" download-size="1475" install-size="1475" />
	<plugin fragment="true" id="org.eclipse.uml2.diagram.examples.clazz.nl_en_AA" unpack="false" version="3.5.0.v20090620043401" download-size="1469" install-size="1469" />
	<plugin fragment="true" id="org.eclipse.uml2.diagram.examples.profile.nl_en_AA" unpack="false" version="3.5.0.v20090620043401" download-size="1482" install-size="1482" />
	<plugin fragment="true" id="org.eclipse.uml2.diagram.examples.statemachine.nl_en_AA" unpack="false" version="3.5.0.v20090620043401" download-size="1480" install-size="1480" />
	<plugin fragment="true" id="org.eclipse.uml2.diagram.nl_en_AA" unpack="false" version="3.5.0.v20090620043401" download-size="1837" install-size="1837" />
	<plugin fragment="true" id="org.eclipse.uml2.diagram.parser.nl_en_AA" unpack="false" version="3.5.0.v20090620043401" download-size="1457" install-size="1457" />
	<plugin fragment="true" id="org.eclipse.uml2.diagram.profile.nl_en_AA" unpack="false" version="3.5.0.v20090620043401" download-size="5212" install-size="5212" />
	<plugin fragment="true" id="org.eclipse.uml2.diagram.profile.tests.nl_en_AA" unpack="false" version="3.5.0.v20090620043401" download-size="1470" install-size="1470" />
	<plugin fragment="true" id="org.eclipse.uml2.diagram.sequence.model.nl_en_AA" unpack="false" version="3.5.0.v20090620043401" download-size="1472" install-size="1472" />
	<plugin fragment="true" id="org.eclipse.uml2.diagram.sequence.nl_en_AA" unpack="false" version="3.5.0.v20090620043401" download-size="4096" install-size="4096" />
	<plugin fragment="true" id="org.eclipse.uml2.diagram.sequence.tests.nl_en_AA" unpack="false" version="3.5.0.v20090620043401" download-size="1469" install-size="1469" />
	<plugin fragment="true" id="org.eclipse.uml2.diagram.statemachine.nl_en_AA" unpack="false" version="3.5.0.v20090620043401" download-size="5980" install-size="5980" />
	<plugin fragment="true" id="org.eclipse.uml2.diagram.statemachine.tests.nl_en_AA" unpack="false" version="3.5.0.v20090620043401" download-size="1477" install-size="1477" />
	<plugin fragment="true" id="org.eclipse.uml2.diagram.usecase.nl_en_AA" unpack="false" version="3.5.0.v20090620043401" download-size="5081" install-size="5081" />
	<plugin fragment="true" id="org.eclipse.uml2.doc.nl_en_AA" unpack="false" version="3.5.0.v20090620043401" download-size="1785" install-size="1785" />
	<plugin fragment="true" id="org.eclipse.uml2.examples.nl_en_AA" unpack="false" version="3.5.0.v20090620043401" download-size="1786" install-size="1786" />
	<plugin fragment="true" id="org.eclipse.uml2.examples.uml.ui.nl_en_AA" unpack="false" version="3.5.0.v20090620043401" download-size="2015" install-size="2015" />
	<plugin fragment="true" id="org.eclipse.uml2.nl_en_AA" unpack="false" version="3.5.0.v20090620043401" download-size="1766" install-size="1766" />
	<plugin fragment="true" id="org.eclipse.uml2.tests.nl_en_AA" unpack="false" version="3.5.0.v20090620043401" download-size="1776" install-size="1776" />
	<plugin fragment="true" id="org.eclipse.uml2.uml.ecore.exporter.nl_en_AA" unpack="false" version="3.5.0.v20090620043401" download-size="1672" install-size="1672" />
	<plugin fragment="true" id="org.eclipse.uml2.uml.ecore.importer.nl_en_AA" unpack="false" version="3.5.0.v20090620043401" download-size="1731" install-size="1731" />
	<plugin fragment="true" id="org.eclipse.uml2.uml.edit.nl_en_AA" unpack="false" version="3.5.0.v20090620043401" download-size="12800" install-size="12800" />
	<plugin fragment="true" id="org.eclipse.uml2.uml.editor.nl_en_AA" unpack="false" version="3.5.0.v20090620043401" download-size="2844" install-size="2844" />
	<plugin fragment="true" id="org.eclipse.uml2.uml.nl_en_AA" unpack="false" version="3.5.0.v20090620043401" download-size="5455" install-size="5455" />
	<plugin fragment="true" id="org.eclipse.uml2.uml.resources.nl_en_AA" unpack="false" version="3.5.0.v20090620043401" download-size="27067" install-size="27067" />
	<plugin fragment="true" id="org.eclipse.uml2.uml.tests.nl_en_AA" unpack="false" version="3.5.0.v20090620043401" download-size="1435" install-size="1435" />
	<plugin fragment="true" id="org.eclipse.uml2tools.doc.nl_en_AA" unpack="false" version="3.5.0.v20090620043401" download-size="1827" install-size="1827" />
	<plugin fragment="true" id="org.eclipse.uml2tools.nl_en_AA" unpack="false" version="3.5.0.v20090620043401" download-size="1826" install-size="1826" />
</feature>