<?xml version="1.0" encoding="UTF-8" ?>
<feature
	id="org.eclipse.babel.nls_technology.actf_bg"
	label="Babel Language Pack for technology.actf in Bulgarian (0.22%)"
	image="eclipse_update_120.jpg"
	provider-name="%providerName"
	version="3.5.0.v20090620043401">
	<copyright>
		%copyright
	</copyright>
	<license url="%licenseURL">
		%license
	</license>
	<description>Babel Language Pack for technology.actf in Bulgarian</description>
	<plugin fragment="true" id="org.eclipse.actf.core.nl_bg" unpack="false" version="3.5.0.v20090620043401" download-size="1367" install-size="1367" />
	<plugin fragment="true" id="org.eclipse.actf.ui.nl_bg" unpack="false" version="3.5.0.v20090620043401" download-size="1366" install-size="1366" />
	<plugin fragment="true" id="org.eclipse.actf.visualization.doc.isv.nl_bg" unpack="false" version="3.5.0.v20090620043401" download-size="1379" install-size="1379" />
</feature>