<?xml version="1.0" encoding="UTF-8" ?>
<feature
	id="org.eclipse.babel.nls_dsdp.tm_tr"
	label="Babel Language Pack for dsdp.tm in Turkish (20.76%)"
	image="eclipse_update_120.jpg"
	provider-name="%providerName"
	version="3.5.0.v20090620043401">
	<copyright>
		%copyright
	</copyright>
	<license url="%licenseURL">
		%license
	</license>
	<description>Babel Language Pack for dsdp.tm in Turkish</description>
	<plugin fragment="true" id="org.eclipse.dstore.core.nl_tr" unpack="false" version="3.5.0.v20090620043401" download-size="1366" install-size="1366" />
	<plugin fragment="true" id="org.eclipse.dstore.doc.isv.nl_tr" unpack="false" version="3.5.0.v20090620043401" download-size="1369" install-size="1369" />
	<plugin fragment="true" id="org.eclipse.dstore.extra.nl_tr" unpack="false" version="3.5.0.v20090620043401" download-size="1368" install-size="1368" />
	<plugin fragment="true" id="org.eclipse.rse.connectorservice.dstore.nl_tr" unpack="false" version="3.5.0.v20090620043401" download-size="1377" install-size="1377" />
	<plugin fragment="true" id="org.eclipse.rse.connectorservice.local.nl_tr" unpack="false" version="3.5.0.v20090620043401" download-size="1377" install-size="1377" />
	<plugin fragment="true" id="org.eclipse.rse.connectorservice.ssh.nl_tr" unpack="false" version="3.5.0.v20090620043401" download-size="2732" install-size="2732" />
	<plugin fragment="true" id="org.eclipse.rse.connectorservice.telnet.nl_tr" unpack="false" version="3.5.0.v20090620043401" download-size="1377" install-size="1377" />
	<plugin fragment="true" id="org.eclipse.rse.core.nl_tr" unpack="false" version="3.5.0.v20090620043401" download-size="2399" install-size="2399" />
	<plugin fragment="true" id="org.eclipse.rse.discovery.nl_tr" unpack="false" version="3.5.0.v20090620043401" download-size="2223" install-size="2223" />
	<plugin fragment="true" id="org.eclipse.rse.doc.isv.nl_tr" unpack="false" version="3.5.0.v20090620043401" download-size="1367" install-size="1367" />
	<plugin fragment="true" id="org.eclipse.rse.doc.user.nl_tr" unpack="false" version="3.5.0.v20090620043401" download-size="1368" install-size="1368" />
	<plugin fragment="true" id="org.eclipse.rse.dstore.security.nl_tr" unpack="false" version="3.5.0.v20090620043401" download-size="2581" install-size="2581" />
	<plugin fragment="true" id="org.eclipse.rse.efs.nl_tr" unpack="false" version="3.5.0.v20090620043401" download-size="1364" install-size="1364" />
	<plugin fragment="true" id="org.eclipse.rse.efs.ui.nl_tr" unpack="false" version="3.5.0.v20090620043401" download-size="1366" install-size="1366" />
	<plugin fragment="true" id="org.eclipse.rse.examples.daytime.nl_tr" unpack="false" version="3.5.0.v20090620043401" download-size="1374" install-size="1374" />
	<plugin fragment="true" id="org.eclipse.rse.examples.tutorial.nl_tr" unpack="false" version="3.5.0.v20090620043401" download-size="1689" install-size="1689" />
	<plugin fragment="true" id="org.eclipse.rse.files.ui.nl_tr" unpack="false" version="3.5.0.v20090620043401" download-size="3268" install-size="3268" />
	<plugin fragment="true" id="org.eclipse.rse.importexport.nl_tr" unpack="false" version="3.5.0.v20090620043401" download-size="3975" install-size="3975" />
	<plugin fragment="true" id="org.eclipse.rse.nl_tr" unpack="false" version="3.5.0.v20090620043401" download-size="1361" install-size="1361" />
	<plugin fragment="true" id="org.eclipse.rse.processes.ui.nl_tr" unpack="false" version="3.5.0.v20090620043401" download-size="3083" install-size="3083" />
	<plugin fragment="true" id="org.eclipse.rse.remotecdt.nl_tr" unpack="false" version="3.5.0.v20090620043401" download-size="2313" install-size="2313" />
	<plugin fragment="true" id="org.eclipse.rse.sdk.nl_tr" unpack="false" version="3.5.0.v20090620043401" download-size="1365" install-size="1365" />
	<plugin fragment="true" id="org.eclipse.rse.services.dstore.nl_tr" unpack="false" version="3.5.0.v20090620043401" download-size="1601" install-size="1601" />
	<plugin fragment="true" id="org.eclipse.rse.services.files.ftp.nl_tr" unpack="false" version="3.5.0.v20090620043401" download-size="2598" install-size="2598" />
	<plugin fragment="true" id="org.eclipse.rse.services.local.nl_tr" unpack="false" version="3.5.0.v20090620043401" download-size="1372" install-size="1372" />
	<plugin fragment="true" id="org.eclipse.rse.services.nl_tr" unpack="false" version="3.5.0.v20090620043401" download-size="3098" install-size="3098" />
	<plugin fragment="true" id="org.eclipse.rse.services.ssh.nl_tr" unpack="false" version="3.5.0.v20090620043401" download-size="1368" install-size="1368" />
	<plugin fragment="true" id="org.eclipse.rse.services.telnet.nl_tr" unpack="false" version="3.5.0.v20090620043401" download-size="1371" install-size="1371" />
	<plugin fragment="true" id="org.eclipse.rse.shells.ui.nl_tr" unpack="false" version="3.5.0.v20090620043401" download-size="2616" install-size="2616" />
	<plugin fragment="true" id="org.eclipse.rse.subsystems.files.core.nl_tr" unpack="false" version="3.5.0.v20090620043401" download-size="2846" install-size="2846" />
	<plugin fragment="true" id="org.eclipse.rse.subsystems.files.dstore.nl_tr" unpack="false" version="3.5.0.v20090620043401" download-size="1387" install-size="1387" />
	<plugin fragment="true" id="org.eclipse.rse.subsystems.files.ftp.nl_tr" unpack="false" version="3.5.0.v20090620043401" download-size="1404" install-size="1404" />
	<plugin fragment="true" id="org.eclipse.rse.subsystems.files.local.nl_tr" unpack="false" version="3.5.0.v20090620043401" download-size="1377" install-size="1377" />
	<plugin fragment="true" id="org.eclipse.rse.subsystems.files.ssh.nl_tr" unpack="false" version="3.5.0.v20090620043401" download-size="1375" install-size="1375" />
	<plugin fragment="true" id="org.eclipse.rse.subsystems.processes.core.nl_tr" unpack="false" version="3.5.0.v20090620043401" download-size="1377" install-size="1377" />
	<plugin fragment="true" id="org.eclipse.rse.subsystems.processes.dstore.nl_tr" unpack="false" version="3.5.0.v20090620043401" download-size="1378" install-size="1378" />
	<plugin fragment="true" id="org.eclipse.rse.subsystems.processes.local.nl_tr" unpack="false" version="3.5.0.v20090620043401" download-size="1378" install-size="1378" />
	<plugin fragment="true" id="org.eclipse.rse.subsystems.processes.shell.linux.nl_tr" unpack="false" version="3.5.0.v20090620043401" download-size="1383" install-size="1383" />
	<plugin fragment="true" id="org.eclipse.rse.subsystems.shells.core.nl_tr" unpack="false" version="3.5.0.v20090620043401" download-size="1377" install-size="1377" />
	<plugin fragment="true" id="org.eclipse.rse.subsystems.shells.dstore.nl_tr" unpack="false" version="3.5.0.v20090620043401" download-size="1377" install-size="1377" />
	<plugin fragment="true" id="org.eclipse.rse.subsystems.shells.local.nl_tr" unpack="false" version="3.5.0.v20090620043401" download-size="1377" install-size="1377" />
	<plugin fragment="true" id="org.eclipse.rse.subsystems.shells.ssh.nl_tr" unpack="false" version="3.5.0.v20090620043401" download-size="1376" install-size="1376" />
	<plugin fragment="true" id="org.eclipse.rse.subsystems.shells.telnet.nl_tr" unpack="false" version="3.5.0.v20090620043401" download-size="1377" install-size="1377" />
	<plugin fragment="true" id="org.eclipse.rse.subsystems.terminals.core.nl_tr" unpack="false" version="3.5.0.v20090620043401" download-size="1377" install-size="1377" />
	<plugin fragment="true" id="org.eclipse.rse.subsystems.terminals.ssh.nl_tr" unpack="false" version="3.5.0.v20090620043401" download-size="1377" install-size="1377" />
	<plugin fragment="true" id="org.eclipse.rse.subsystems.wince.nl_tr" unpack="false" version="3.5.0.v20090620043401" download-size="1392" install-size="1392" />
	<plugin fragment="true" id="org.eclipse.rse.terminals.ui.nl_tr" unpack="false" version="3.5.0.v20090620043401" download-size="1391" install-size="1391" />
	<plugin fragment="true" id="org.eclipse.rse.tests.framework.nl_tr" unpack="false" version="3.5.0.v20090620043401" download-size="1461" install-size="1461" />
	<plugin fragment="true" id="org.eclipse.rse.tests.nl_tr" unpack="false" version="3.5.0.v20090620043401" download-size="2435" install-size="2435" />
	<plugin fragment="true" id="org.eclipse.rse.ui.nl_tr" unpack="false" version="3.5.0.v20090620043401" download-size="5700" install-size="5700" />
	<plugin fragment="true" id="org.eclipse.rse.useractions.nl_tr" unpack="false" version="3.5.0.v20090620043401" download-size="3474" install-size="3474" />
	<plugin fragment="true" id="org.eclipse.tm.discovery.doc.isv.nl_tr" unpack="false" version="3.5.0.v20090620043401" download-size="1373" install-size="1373" />
	<plugin fragment="true" id="org.eclipse.tm.discovery.engine.nl_tr" unpack="false" version="3.5.0.v20090620043401" download-size="1372" install-size="1372" />
	<plugin fragment="true" id="org.eclipse.tm.discovery.model.edit.nl_tr" unpack="false" version="3.5.0.v20090620043401" download-size="1375" install-size="1375" />
	<plugin fragment="true" id="org.eclipse.tm.discovery.model.nl_tr" unpack="false" version="3.5.0.v20090620043401" download-size="1372" install-size="1372" />
	<plugin fragment="true" id="org.eclipse.tm.discovery.protocol.dnssd.nl_tr" unpack="false" version="3.5.0.v20090620043401" download-size="1380" install-size="1380" />
	<plugin fragment="true" id="org.eclipse.tm.discovery.transport.udp.nl_tr" unpack="false" version="3.5.0.v20090620043401" download-size="1378" install-size="1378" />
	<plugin fragment="true" id="org.eclipse.tm.discovery.view.nl_tr" unpack="false" version="3.5.0.v20090620043401" download-size="2506" install-size="2506" />
	<plugin fragment="true" id="org.eclipse.tm.discovery.wizard.nl_tr" unpack="false" version="3.5.0.v20090620043401" download-size="2554" install-size="2554" />
	<plugin fragment="true" id="org.eclipse.tm.rapi.examples.nl_tr" unpack="false" version="3.5.0.v20090620043401" download-size="1370" install-size="1370" />
	<plugin fragment="true" id="org.eclipse.tm.rapi.nl_tr" unpack="false" version="3.5.0.v20090620043401" download-size="1364" install-size="1364" />
	<plugin fragment="true" id="org.eclipse.tm.rapi.tests.nl_tr" unpack="false" version="3.5.0.v20090620043401" download-size="1368" install-size="1368" />
	<plugin fragment="true" id="org.eclipse.tm.terminal.nl_tr" unpack="false" version="3.5.0.v20090620043401" download-size="2637" install-size="2637" />
	<plugin fragment="true" id="org.eclipse.tm.terminal.serial.nl_tr" unpack="false" version="3.5.0.v20090620043401" download-size="2391" install-size="2391" />
	<plugin fragment="true" id="org.eclipse.tm.terminal.ssh.nl_tr" unpack="false" version="3.5.0.v20090620043401" download-size="2841" install-size="2841" />
	<plugin fragment="true" id="org.eclipse.tm.terminal.telnet.nl_tr" unpack="false" version="3.5.0.v20090620043401" download-size="2406" install-size="2406" />
	<plugin fragment="true" id="org.eclipse.tm.terminal.test.nl_tr" unpack="false" version="3.5.0.v20090620043401" download-size="1371" install-size="1371" />
	<plugin fragment="true" id="org.eclipse.tm.terminal.view.nl_tr" unpack="false" version="3.5.0.v20090620043401" download-size="2911" install-size="2911" />
	<plugin fragment="true" id="test.data.nl_tr" unpack="false" version="3.5.0.v20090620043401" download-size="2740" install-size="2740" />
</feature>