<?xml version="1.0" encoding="UTF-8" ?>
<feature
	id="org.eclipse.babel.nls_tools.orbit_no"
	label="Babel Language Pack for tools.orbit in Norwegian (4.59%)"
	image="eclipse_update_120.jpg"
	provider-name="%providerName"
	version="3.5.0.v20090620043401">
	<copyright>
		%copyright
	</copyright>
	<license url="%licenseURL">
		%license
	</license>
	<description>Babel Language Pack for tools.orbit in Norwegian</description>
	<plugin fragment="true" id="com.sun.syndication.nl_no" unpack="false" version="3.5.0.v20090620043401" download-size="1367" install-size="1367" />
	<plugin fragment="true" id="com.sun.xml.bind.nl_no" unpack="false" version="3.5.0.v20090620043401" download-size="1370" install-size="1370" />
	<plugin fragment="true" id="commonj.sdo.nl_no" unpack="false" version="3.5.0.v20090620043401" download-size="1361" install-size="1361" />
	<plugin fragment="true" id="edu.emory.mathcs.backport.nl_no" unpack="false" version="3.5.0.v20090620043401" download-size="1373" install-size="1373" />
	<plugin fragment="true" id="javax.activation.nl_no" unpack="false" version="3.5.0.v20090620043401" download-size="1370" install-size="1370" />
	<plugin fragment="true" id="javax.jws.nl_no" unpack="false" version="3.5.0.v20090620043401" download-size="1364" install-size="1364" />
	<plugin fragment="true" id="javax.mail.glassfish.nl_no" unpack="false" version="3.5.0.v20090620043401" download-size="1374" install-size="1374" />
	<plugin fragment="true" id="javax.mail.nl_no" unpack="false" version="3.5.0.v20090620043401" download-size="1364" install-size="1364" />
	<plugin fragment="true" id="javax.management.nl_no" unpack="false" version="3.5.0.v20090620043401" download-size="1370" install-size="1370" />
	<plugin fragment="true" id="javax.management.remote.nl_no" unpack="false" version="3.5.0.v20090620043401" download-size="1374" install-size="1374" />
	<plugin fragment="true" id="javax.persistence.nl_no" unpack="false" version="3.5.0.v20090620043401" download-size="1368" install-size="1368" />
	<plugin fragment="true" id="javax.servlet.jsp.nl_no" unpack="false" version="3.5.0.v20090620043401" download-size="1369" install-size="1369" />
	<plugin fragment="true" id="javax.servlet.nl_no" unpack="false" version="3.5.0.v20090620043401" download-size="3011" install-size="3011" />
	<plugin fragment="true" id="javax.wsdl.nl_no" unpack="false" version="3.5.0.v20090620043401" download-size="1365" install-size="1365" />
	<plugin fragment="true" id="javax.xml.bind.nl_no" unpack="false" version="3.5.0.v20090620043401" download-size="1369" install-size="1369" />
	<plugin fragment="true" id="javax.xml.nl_no" unpack="false" version="3.5.0.v20090620043401" download-size="1364" install-size="1364" />
	<plugin fragment="true" id="javax.xml.rpc.nl_no" unpack="false" version="3.5.0.v20090620043401" download-size="1368" install-size="1368" />
	<plugin fragment="true" id="javax.xml.soap.nl_no" unpack="false" version="3.5.0.v20090620043401" download-size="1369" install-size="1369" />
	<plugin fragment="true" id="net.sourceforge.lpg.lpgjavaruntime.nl_no" unpack="false" version="3.5.0.v20090620043401" download-size="1377" install-size="1377" />
	<plugin fragment="true" id="net.sourceforge.mx4j.nl_no" unpack="false" version="3.5.0.v20090620043401" download-size="1373" install-size="1373" />
	<plugin fragment="true" id="net.sourceforge.mx4j.remote.nl_no" unpack="false" version="3.5.0.v20090620043401" download-size="1377" install-size="1377" />
	<plugin fragment="true" id="org.antlr.runtime.nl_no" unpack="false" version="3.5.0.v20090620043401" download-size="1365" install-size="1365" />
	<plugin fragment="true" id="org.apache.axis.nl_no" unpack="false" version="3.5.0.v20090620043401" download-size="2652" install-size="2652" />
	<plugin fragment="true" id="org.apache.batik.bridge.nl_no" unpack="false" version="3.5.0.v20090620043401" download-size="1371" install-size="1371" />
	<plugin fragment="true" id="org.apache.batik.css.nl_no" unpack="false" version="3.5.0.v20090620043401" download-size="1368" install-size="1368" />
	<plugin fragment="true" id="org.apache.batik.dom.nl_no" unpack="false" version="3.5.0.v20090620043401" download-size="1368" install-size="1368" />
	<plugin fragment="true" id="org.apache.batik.dom.svg.nl_no" unpack="false" version="3.5.0.v20090620043401" download-size="1372" install-size="1372" />
	<plugin fragment="true" id="org.apache.batik.ext.awt.nl_no" unpack="false" version="3.5.0.v20090620043401" download-size="2785" install-size="2785" />
	<plugin fragment="true" id="org.apache.batik.extension.nl_no" unpack="false" version="3.5.0.v20090620043401" download-size="1373" install-size="1373" />
	<plugin fragment="true" id="org.apache.batik.parser.nl_no" unpack="false" version="3.5.0.v20090620043401" download-size="1371" install-size="1371" />
	<plugin fragment="true" id="org.apache.batik.pdf.nl_no" unpack="false" version="3.5.0.v20090620043401" download-size="1370" install-size="1370" />
	<plugin fragment="true" id="org.apache.batik.svggen.nl_no" unpack="false" version="3.5.0.v20090620043401" download-size="1371" install-size="1371" />
	<plugin fragment="true" id="org.apache.batik.swing.nl_no" unpack="false" version="3.5.0.v20090620043401" download-size="1371" install-size="1371" />
	<plugin fragment="true" id="org.apache.batik.transcoder.nl_no" unpack="false" version="3.5.0.v20090620043401" download-size="1373" install-size="1373" />
	<plugin fragment="true" id="org.apache.batik.util.gui.nl_no" unpack="false" version="3.5.0.v20090620043401" download-size="7338" install-size="7338" />
	<plugin fragment="true" id="org.apache.batik.util.nl_no" unpack="false" version="3.5.0.v20090620043401" download-size="1370" install-size="1370" />
	<plugin fragment="true" id="org.apache.batik.xml.nl_no" unpack="false" version="3.5.0.v20090620043401" download-size="1369" install-size="1369" />
	<plugin fragment="true" id="org.apache.bcel.nl_no" unpack="false" version="3.5.0.v20090620043401" download-size="1365" install-size="1365" />
	<plugin fragment="true" id="org.apache.bsf.nl_no" unpack="false" version="3.5.0.v20090620043401" download-size="1365" install-size="1365" />
	<plugin fragment="true" id="org.apache.commons.beanutils.nl_no" unpack="false" version="3.5.0.v20090620043401" download-size="1374" install-size="1374" />
	<plugin fragment="true" id="org.apache.commons.collections.nl_no" unpack="false" version="3.5.0.v20090620043401" download-size="1374" install-size="1374" />
	<plugin fragment="true" id="org.apache.commons.discovery.nl_no" unpack="false" version="3.5.0.v20090620043401" download-size="1378" install-size="1378" />
	<plugin fragment="true" id="org.apache.commons.el.nl_no" unpack="false" version="3.5.0.v20090620043401" download-size="1370" install-size="1370" />
	<plugin fragment="true" id="org.apache.commons.lang.nl_no" unpack="false" version="3.5.0.v20090620043401" download-size="1370" install-size="1370" />
	<plugin fragment="true" id="org.apache.commons.logging.nl_no" unpack="false" version="3.5.0.v20090620043401" download-size="1373" install-size="1373" />
	<plugin fragment="true" id="org.apache.commons.net.nl_no" unpack="false" version="3.5.0.v20090620043401" download-size="1369" install-size="1369" />
	<plugin fragment="true" id="org.apache.derby.nl_no" unpack="false" version="3.5.0.v20090620043401" download-size="19070" install-size="19070" />
	<plugin fragment="true" id="org.apache.httpcomponents.httpcore.nio.nl_no" unpack="false" version="3.5.0.v20090620043401" download-size="1378" install-size="1378" />
	<plugin fragment="true" id="org.apache.httpcomponents.httpcore.nl_no" unpack="false" version="3.5.0.v20090620043401" download-size="1375" install-size="1375" />
	<plugin fragment="true" id="org.apache.jasper.nl_no" unpack="false" version="3.5.0.v20090620043401" download-size="12295" install-size="12295" />
	<plugin fragment="true" id="org.apache.log4j.nl_no" unpack="false" version="3.5.0.v20090620043401" download-size="1371" install-size="1371" />
	<plugin fragment="true" id="org.apache.oro.nl_no" unpack="false" version="3.5.0.v20090620043401" download-size="1363" install-size="1363" />
	<plugin fragment="true" id="org.apache.solr.client.solrj.embedded.nl_no" unpack="false" version="3.5.0.v20090620043401" download-size="1378" install-size="1378" />
	<plugin fragment="true" id="org.apache.solr.client.solrj.nl_no" unpack="false" version="3.5.0.v20090620043401" download-size="1372" install-size="1372" />
	<plugin fragment="true" id="org.apache.velocity.nl_no" unpack="false" version="3.5.0.v20090620043401" download-size="1371" install-size="1371" />
	<plugin fragment="true" id="org.apache.ws.commons.schema.nl_no" unpack="false" version="3.5.0.v20090620043401" download-size="1378" install-size="1378" />
	<plugin fragment="true" id="org.apache.wsil4j.nl_no" unpack="false" version="3.5.0.v20090620043401" download-size="1371" install-size="1371" />
	<plugin fragment="true" id="org.apache.xalan.nl_no" unpack="false" version="3.5.0.v20090620043401" download-size="2610" install-size="2610" />
	<plugin fragment="true" id="org.apache.xerces.nl_no" unpack="false" version="3.5.0.v20090620043401" download-size="2302" install-size="2302" />
	<plugin fragment="true" id="org.apache.xml.resolver.nl_no" unpack="false" version="3.5.0.v20090620043401" download-size="1374" install-size="1374" />
	<plugin fragment="true" id="org.apache.xml.security.nl_no" unpack="false" version="3.5.0.v20090620043401" download-size="1860" install-size="1860" />
	<plugin fragment="true" id="org.apache.xml.serializer.nl_no" unpack="false" version="3.5.0.v20090620043401" download-size="2410" install-size="2410" />
	<plugin fragment="true" id="org.eclipse.orbit.nl_no" unpack="false" version="3.5.0.v20090620043401" download-size="1362" install-size="1362" />
	<plugin fragment="true" id="org.hamcrest.core.nl_no" unpack="false" version="3.5.0.v20090620043401" download-size="1365" install-size="1365" />
	<plugin fragment="true" id="org.hamcrest.generator.nl_no" unpack="false" version="3.5.0.v20090620043401" download-size="1369" install-size="1369" />
	<plugin fragment="true" id="org.hamcrest.integration.nl_no" unpack="false" version="3.5.0.v20090620043401" download-size="1370" install-size="1370" />
	<plugin fragment="true" id="org.hamcrest.library.nl_no" unpack="false" version="3.5.0.v20090620043401" download-size="1368" install-size="1368" />
	<plugin fragment="true" id="org.hamcrest.nl_no" unpack="false" version="3.5.0.v20090620043401" download-size="1362" install-size="1362" />
	<plugin fragment="true" id="org.hamcrest.text.nl_no" unpack="false" version="3.5.0.v20090620043401" download-size="1366" install-size="1366" />
	<plugin fragment="true" id="org.jdom.nl_no" unpack="false" version="3.5.0.v20090620043401" download-size="1359" install-size="1359" />
	<plugin fragment="true" id="org.mortbay.jetty.nl_no" unpack="false" version="3.5.0.v20090620043401" download-size="2664" install-size="2664" />
	<plugin fragment="true" id="org.mortbay.jetty.server.nl_no" unpack="false" version="3.5.0.v20090620043401" download-size="1839" install-size="1839" />
	<plugin fragment="true" id="org.mortbay.jetty.util.nl_no" unpack="false" version="3.5.0.v20090620043401" download-size="1371" install-size="1371" />
	<plugin fragment="true" id="org.mozilla.javascript.nl_no" unpack="false" version="3.5.0.v20090620043401" download-size="1375" install-size="1375" />
	<plugin fragment="true" id="org.objectweb.asm.nl_no" unpack="false" version="3.5.0.v20090620043401" download-size="4621" install-size="4621" />
	<plugin fragment="true" id="org.opensaml.nl_no" unpack="false" version="3.5.0.v20090620043401" download-size="1394" install-size="1394" />
	<plugin fragment="true" id="org.slf4j.api.nl_no" unpack="false" version="3.5.0.v20090620043401" download-size="1368" install-size="1368" />
	<plugin fragment="true" id="org.uddi4j.nl_no" unpack="false" version="3.5.0.v20090620043401" download-size="1365" install-size="1365" />
	<plugin fragment="true" id="org.w3c.css.sac.nl_no" unpack="false" version="3.5.0.v20090620043401" download-size="1364" install-size="1364" />
	<plugin fragment="true" id="org.w3c.dom.events.nl_no" unpack="false" version="3.5.0.v20090620043401" download-size="1365" install-size="1365" />
	<plugin fragment="true" id="org.w3c.dom.smil.nl_no" unpack="false" version="3.5.0.v20090620043401" download-size="1365" install-size="1365" />
	<plugin fragment="true" id="org.w3c.dom.svg.nl_no" unpack="false" version="3.5.0.v20090620043401" download-size="1365" install-size="1365" />
</feature>