<?xml version="1.0" encoding="UTF-8" ?>
<feature
	id="org.eclipse.babel.nls_tools.pdt_es"
	label="Babel Language Pack for tools.pdt in Spanish (68.32%)"
	image="eclipse_update_120.jpg"
	provider-name="%providerName"
	version="3.5.0.v20090620043401">
	<copyright>
		%copyright
	</copyright>
	<license url="%licenseURL">
		%license
	</license>
	<description>Babel Language Pack for tools.pdt in Spanish</description>
	<plugin fragment="true" id="org.eclipse.dltk.core.tests.nl_es" unpack="false" version="3.5.0.v20090620043401" download-size="1370" install-size="1370" />
	<plugin fragment="true" id="org.eclipse.php.core.nl_es" unpack="false" version="3.5.0.v20090620043401" download-size="2692" install-size="2692" />
	<plugin fragment="true" id="org.eclipse.php.core.parser.nl_es" unpack="false" version="3.5.0.v20090620043401" download-size="1370" install-size="1370" />
	<plugin fragment="true" id="org.eclipse.php.debug.core.nl_es" unpack="false" version="3.5.0.v20090620043401" download-size="2864" install-size="2864" />
	<plugin fragment="true" id="org.eclipse.php.debug.ui.nl_es" unpack="false" version="3.5.0.v20090620043401" download-size="3574" install-size="3574" />
	<plugin fragment="true" id="org.eclipse.php.nl_es" unpack="false" version="3.5.0.v20090620043401" download-size="1362" install-size="1362" />
	<plugin fragment="true" id="org.eclipse.php.server.core.nl_es" unpack="false" version="3.5.0.v20090620043401" download-size="2334" install-size="2334" />
	<plugin fragment="true" id="org.eclipse.php.server.ui.nl_es" unpack="false" version="3.5.0.v20090620043401" download-size="2541" install-size="2541" />
	<plugin fragment="true" id="org.eclipse.php.test.nl_es" unpack="false" version="3.5.0.v20090620043401" download-size="1365" install-size="1365" />
	<plugin fragment="true" id="org.eclipse.php.ui.nl_es" unpack="false" version="3.5.0.v20090620043401" download-size="42993" install-size="42993" />
	<plugin fragment="true" id="org.eclipse.test.nl_es" unpack="false" version="3.5.0.v20090620043401" download-size="1362" install-size="1362" />
</feature>