<?xml version="1.0" encoding="UTF-8" ?>
<feature
	id="org.eclipse.babel.nls_modeling.emf_tr"
	label="Babel Language Pack for modeling.emf in Turkish (68.8%)"
	image="eclipse_update_120.jpg"
	provider-name="%providerName"
	version="3.5.0.v20090620043401">
	<copyright>
		%copyright
	</copyright>
	<license url="%licenseURL">
		%license
	</license>
	<description>Babel Language Pack for modeling.emf in Turkish</description>
	<plugin fragment="true" id="library.ecore.nl_tr" unpack="false" version="3.5.0.v20090620043401" download-size="1366" install-size="1366" />
	<plugin fragment="true" id="library.java.nl_tr" unpack="false" version="3.5.0.v20090620043401" download-size="1366" install-size="1366" />
	<plugin fragment="true" id="library.rose.nl_tr" unpack="false" version="3.5.0.v20090620043401" download-size="1367" install-size="1367" />
	<plugin fragment="true" id="library.xsd.nl_tr" unpack="false" version="3.5.0.v20090620043401" download-size="1366" install-size="1366" />
	<plugin fragment="true" id="library.xsds.nl_tr" unpack="false" version="3.5.0.v20090620043401" download-size="1366" install-size="1366" />
	<plugin fragment="true" id="org.eclipse.emf.activities.nl_tr" unpack="false" version="3.5.0.v20090620043401" download-size="1398" install-size="1398" />
	<plugin fragment="true" id="org.eclipse.emf.ant.nl_tr" unpack="false" version="3.5.0.v20090620043401" download-size="1386" install-size="1386" />
	<plugin fragment="true" id="org.eclipse.emf.cdo.common.nl_tr" unpack="false" version="3.5.0.v20090620043401" download-size="1370" install-size="1370" />
	<plugin fragment="true" id="org.eclipse.emf.cdo.defs.nl_tr" unpack="false" version="3.5.0.v20090620043401" download-size="1368" install-size="1368" />
	<plugin fragment="true" id="org.eclipse.emf.cdo.doc.nl_tr" unpack="false" version="3.5.0.v20090620043401" download-size="1368" install-size="1368" />
	<plugin fragment="true" id="org.eclipse.emf.cdo.edit.nl_tr" unpack="false" version="3.5.0.v20090620043401" download-size="3643" install-size="3643" />
	<plugin fragment="true" id="org.eclipse.emf.cdo.examples.nl_tr" unpack="false" version="3.5.0.v20090620043401" download-size="1371" install-size="1371" />
	<plugin fragment="true" id="org.eclipse.emf.cdo.examples.spring.nl_tr" unpack="false" version="3.5.0.v20090620043401" download-size="1376" install-size="1376" />
	<plugin fragment="true" id="org.eclipse.emf.cdo.migrator.nl_tr" unpack="false" version="3.5.0.v20090620043401" download-size="2678" install-size="2678" />
	<plugin fragment="true" id="org.eclipse.emf.cdo.nl_tr" unpack="false" version="3.5.0.v20090620043401" download-size="2911" install-size="2911" />
	<plugin fragment="true" id="org.eclipse.emf.cdo.server.db.nl_tr" unpack="false" version="3.5.0.v20090620043401" download-size="1372" install-size="1372" />
	<plugin fragment="true" id="org.eclipse.emf.cdo.server.hibernate.id.nl_tr" unpack="false" version="3.5.0.v20090620043401" download-size="1377" install-size="1377" />
	<plugin fragment="true" id="org.eclipse.emf.cdo.server.hibernate.nl_tr" unpack="false" version="3.5.0.v20090620043401" download-size="1692" install-size="1692" />
	<plugin fragment="true" id="org.eclipse.emf.cdo.server.hibernate.teneo.nl_tr" unpack="false" version="3.5.0.v20090620043401" download-size="1378" install-size="1378" />
	<plugin fragment="true" id="org.eclipse.emf.cdo.server.nl_tr" unpack="false" version="3.5.0.v20090620043401" download-size="1369" install-size="1369" />
	<plugin fragment="true" id="org.eclipse.emf.cdo.tests.db.nl_tr" unpack="false" version="3.5.0.v20090620043401" download-size="1371" install-size="1371" />
	<plugin fragment="true" id="org.eclipse.emf.cdo.tests.hibernate.client.nl_tr" unpack="false" version="3.5.0.v20090620043401" download-size="1379" install-size="1379" />
	<plugin fragment="true" id="org.eclipse.emf.cdo.tests.hibernate.nl_tr" unpack="false" version="3.5.0.v20090620043401" download-size="1932" install-size="1932" />
	<plugin fragment="true" id="org.eclipse.emf.cdo.tests.mango.edit.nl_tr" unpack="false" version="3.5.0.v20090620043401" download-size="1669" install-size="1669" />
	<plugin fragment="true" id="org.eclipse.emf.cdo.tests.mango.nl_tr" unpack="false" version="3.5.0.v20090620043401" download-size="1373" install-size="1373" />
	<plugin fragment="true" id="org.eclipse.emf.cdo.tests.model1.edit.nl_tr" unpack="false" version="3.5.0.v20090620043401" download-size="1747" install-size="1747" />
	<plugin fragment="true" id="org.eclipse.emf.cdo.tests.model1.nl_tr" unpack="false" version="3.5.0.v20090620043401" download-size="1373" install-size="1373" />
	<plugin fragment="true" id="org.eclipse.emf.cdo.tests.model2.edit.nl_tr" unpack="false" version="3.5.0.v20090620043401" download-size="1672" install-size="1672" />
	<plugin fragment="true" id="org.eclipse.emf.cdo.tests.model2.nl_tr" unpack="false" version="3.5.0.v20090620043401" download-size="1373" install-size="1373" />
	<plugin fragment="true" id="org.eclipse.emf.cdo.tests.model3.edit.nl_tr" unpack="false" version="3.5.0.v20090620043401" download-size="1621" install-size="1621" />
	<plugin fragment="true" id="org.eclipse.emf.cdo.tests.model3.nl_tr" unpack="false" version="3.5.0.v20090620043401" download-size="1373" install-size="1373" />
	<plugin fragment="true" id="org.eclipse.emf.cdo.tests.model4.nl_tr" unpack="false" version="3.5.0.v20090620043401" download-size="1373" install-size="1373" />
	<plugin fragment="true" id="org.eclipse.emf.cdo.tests.model4interfaces.nl_tr" unpack="false" version="3.5.0.v20090620043401" download-size="1379" install-size="1379" />
	<plugin fragment="true" id="org.eclipse.emf.cdo.tests.model5.nl_tr" unpack="false" version="3.5.0.v20090620043401" download-size="1373" install-size="1373" />
	<plugin fragment="true" id="org.eclipse.emf.cdo.tests.nl_tr" unpack="false" version="3.5.0.v20090620043401" download-size="1368" install-size="1368" />
	<plugin fragment="true" id="org.eclipse.emf.cdo.ui.capabilities.nl_tr" unpack="false" version="3.5.0.v20090620043401" download-size="1374" install-size="1374" />
	<plugin fragment="true" id="org.eclipse.emf.cdo.ui.defs.nl_tr" unpack="false" version="3.5.0.v20090620043401" download-size="1370" install-size="1370" />
	<plugin fragment="true" id="org.eclipse.emf.cdo.ui.nl_tr" unpack="false" version="3.5.0.v20090620043401" download-size="4367" install-size="4367" />
	<plugin fragment="true" id="org.eclipse.emf.cheatsheets.nl_tr" unpack="false" version="3.5.0.v20090620043401" download-size="1370" install-size="1370" />
	<plugin fragment="true" id="org.eclipse.emf.codegen.ecore.nl_tr" unpack="false" version="3.5.0.v20090620043401" download-size="3100" install-size="3100" />
	<plugin fragment="true" id="org.eclipse.emf.codegen.ecore.ui.nl_tr" unpack="false" version="3.5.0.v20090620043401" download-size="7203" install-size="7203" />
	<plugin fragment="true" id="org.eclipse.emf.codegen.nl_tr" unpack="false" version="3.5.0.v20090620043401" download-size="2573" install-size="2573" />
	<plugin fragment="true" id="org.eclipse.emf.codegen.ui.nl_tr" unpack="false" version="3.5.0.v20090620043401" download-size="2093" install-size="2093" />
	<plugin fragment="true" id="org.eclipse.emf.common.nl_tr" unpack="false" version="3.5.0.v20090620043401" download-size="2004" install-size="2004" />
	<plugin fragment="true" id="org.eclipse.emf.common.ui.nl_tr" unpack="false" version="3.5.0.v20090620043401" download-size="2485" install-size="2485" />
	<plugin fragment="true" id="org.eclipse.emf.converter.nl_tr" unpack="false" version="3.5.0.v20090620043401" download-size="2351" install-size="2351" />
	<plugin fragment="true" id="org.eclipse.emf.databinding.edit.nl_tr" unpack="false" version="3.5.0.v20090620043401" download-size="1374" install-size="1374" />
	<plugin fragment="true" id="org.eclipse.emf.databinding.nl_tr" unpack="false" version="3.5.0.v20090620043401" download-size="1371" install-size="1371" />
	<plugin fragment="true" id="org.eclipse.emf.doc.nl_tr" unpack="false" version="3.5.0.v20090620043401" download-size="1640" install-size="1640" />
	<plugin fragment="true" id="org.eclipse.emf.ecore.change.edit.nl_tr" unpack="false" version="3.5.0.v20090620043401" download-size="1900" install-size="1900" />
	<plugin fragment="true" id="org.eclipse.emf.ecore.change.nl_tr" unpack="false" version="3.5.0.v20090620043401" download-size="1395" install-size="1395" />
	<plugin fragment="true" id="org.eclipse.emf.ecore.edit.nl_tr" unpack="false" version="3.5.0.v20090620043401" download-size="2953" install-size="2953" />
	<plugin fragment="true" id="org.eclipse.emf.ecore.editor.nl_tr" unpack="false" version="3.5.0.v20090620043401" download-size="2561" install-size="2561" />
	<plugin fragment="true" id="org.eclipse.emf.ecore.nl_tr" unpack="false" version="3.5.0.v20090620043401" download-size="3015" install-size="3015" />
	<plugin fragment="true" id="org.eclipse.emf.ecore.xmi.nl_tr" unpack="false" version="3.5.0.v20090620043401" download-size="1386" install-size="1386" />
	<plugin fragment="true" id="org.eclipse.emf.edit.nl_tr" unpack="false" version="3.5.0.v20090620043401" download-size="2491" install-size="2491" />
	<plugin fragment="true" id="org.eclipse.emf.edit.ui.nl_tr" unpack="false" version="3.5.0.v20090620043401" download-size="2567" install-size="2567" />
	<plugin fragment="true" id="org.eclipse.emf.example.installer.nl_tr" unpack="false" version="3.5.0.v20090620043401" download-size="1411" install-size="1411" />
	<plugin fragment="true" id="org.eclipse.emf.examples.databinding.project.core.model.nl_tr" unpack="false" version="3.5.0.v20090620043401" download-size="1397" install-size="1397" />
	<plugin fragment="true" id="org.eclipse.emf.examples.generator.validator.nl_tr" unpack="false" version="3.5.0.v20090620043401" download-size="1381" install-size="1381" />
	<plugin fragment="true" id="org.eclipse.emf.examples.jet.article2.nl_tr" unpack="false" version="3.5.0.v20090620043401" download-size="1574" install-size="1574" />
	<plugin fragment="true" id="org.eclipse.emf.examples.nl_tr" unpack="false" version="3.5.0.v20090620043401" download-size="1369" install-size="1369" />
	<plugin fragment="true" id="org.eclipse.emf.exporter.html.nl_tr" unpack="false" version="3.5.0.v20090620043401" download-size="1438" install-size="1438" />
	<plugin fragment="true" id="org.eclipse.emf.exporter.nl_tr" unpack="false" version="3.5.0.v20090620043401" download-size="1397" install-size="1397" />
	<plugin fragment="true" id="org.eclipse.emf.importer.ecore.nl_tr" unpack="false" version="3.5.0.v20090620043401" download-size="1739" install-size="1739" />
	<plugin fragment="true" id="org.eclipse.emf.importer.java.nl_tr" unpack="false" version="3.5.0.v20090620043401" download-size="1889" install-size="1889" />
	<plugin fragment="true" id="org.eclipse.emf.importer.nl_tr" unpack="false" version="3.5.0.v20090620043401" download-size="2384" install-size="2384" />
	<plugin fragment="true" id="org.eclipse.emf.importer.rose.nl_tr" unpack="false" version="3.5.0.v20090620043401" download-size="3270" install-size="3270" />
	<plugin fragment="true" id="org.eclipse.emf.java.edit.nl_tr" unpack="false" version="3.5.0.v20090620043401" download-size="2143" install-size="2143" />
	<plugin fragment="true" id="org.eclipse.emf.java.editor.nl_tr" unpack="false" version="3.5.0.v20090620043401" download-size="1971" install-size="1971" />
	<plugin fragment="true" id="org.eclipse.emf.java.nl_tr" unpack="false" version="3.5.0.v20090620043401" download-size="1366" install-size="1366" />
	<plugin fragment="true" id="org.eclipse.emf.mapping.ecore.editor.nl_tr" unpack="false" version="3.5.0.v20090620043401" download-size="1375" install-size="1375" />
	<plugin fragment="true" id="org.eclipse.emf.mapping.ecore.nl_tr" unpack="false" version="3.5.0.v20090620043401" download-size="1370" install-size="1370" />
	<plugin fragment="true" id="org.eclipse.emf.mapping.ecore2ecore.editor.nl_tr" unpack="false" version="3.5.0.v20090620043401" download-size="2446" install-size="2446" />
	<plugin fragment="true" id="org.eclipse.emf.mapping.ecore2ecore.nl_tr" unpack="false" version="3.5.0.v20090620043401" download-size="1506" install-size="1506" />
	<plugin fragment="true" id="org.eclipse.emf.mapping.ecore2xml.nl_tr" unpack="false" version="3.5.0.v20090620043401" download-size="1396" install-size="1396" />
	<plugin fragment="true" id="org.eclipse.emf.mapping.ecore2xml.ui.nl_tr" unpack="false" version="3.5.0.v20090620043401" download-size="2516" install-size="2516" />
	<plugin fragment="true" id="org.eclipse.emf.mapping.nl_tr" unpack="false" version="3.5.0.v20090620043401" download-size="2593" install-size="2593" />
	<plugin fragment="true" id="org.eclipse.emf.mapping.ui.nl_tr" unpack="false" version="3.5.0.v20090620043401" download-size="2336" install-size="2336" />
	<plugin fragment="true" id="org.eclipse.emf.mapping.xsd2ecore.editor.nl_tr" unpack="false" version="3.5.0.v20090620043401" download-size="2044" install-size="2044" />
	<plugin fragment="true" id="org.eclipse.emf.mapping.xsd2ecore.nl_tr" unpack="false" version="3.5.0.v20090620043401" download-size="1516" install-size="1516" />
	<plugin fragment="true" id="org.eclipse.emf.nl_tr" unpack="false" version="3.5.0.v20090620043401" download-size="1361" install-size="1361" />
	<plugin fragment="true" id="org.eclipse.emf.query.doc.nl_tr" unpack="false" version="3.5.0.v20090620043401" download-size="1660" install-size="1660" />
	<plugin fragment="true" id="org.eclipse.emf.query.examples.nl_tr" unpack="false" version="3.5.0.v20090620043401" download-size="1667" install-size="1667" />
	<plugin fragment="true" id="org.eclipse.emf.query.examples.ocl.nl_tr" unpack="false" version="3.5.0.v20090620043401" download-size="1379" install-size="1379" />
	<plugin fragment="true" id="org.eclipse.emf.query.examples.statements.nl_tr" unpack="false" version="3.5.0.v20090620043401" download-size="1382" install-size="1382" />
	<plugin fragment="true" id="org.eclipse.emf.query.nl_tr" unpack="false" version="3.5.0.v20090620043401" download-size="2673" install-size="2673" />
	<plugin fragment="true" id="org.eclipse.emf.query.ocl.nl_tr" unpack="false" version="3.5.0.v20090620043401" download-size="1653" install-size="1653" />
	<plugin fragment="true" id="org.eclipse.emf.query.ocl.tests.nl_tr" unpack="false" version="3.5.0.v20090620043401" download-size="1378" install-size="1378" />
	<plugin fragment="true" id="org.eclipse.emf.query.tests.nl_tr" unpack="false" version="3.5.0.v20090620043401" download-size="1375" install-size="1375" />
	<plugin fragment="true" id="org.eclipse.emf.test.build.nl_tr" unpack="false" version="3.5.0.v20090620043401" download-size="1369" install-size="1369" />
	<plugin fragment="true" id="org.eclipse.emf.test.common.nl_tr" unpack="false" version="3.5.0.v20090620043401" download-size="1804" install-size="1804" />
	<plugin fragment="true" id="org.eclipse.emf.test.core.nl_tr" unpack="false" version="3.5.0.v20090620043401" download-size="1368" install-size="1368" />
	<plugin fragment="true" id="org.eclipse.emf.test.edit.nl_tr" unpack="false" version="3.5.0.v20090620043401" download-size="2299" install-size="2299" />
	<plugin fragment="true" id="org.eclipse.emf.test.examples.nl_tr" unpack="false" version="3.5.0.v20090620043401" download-size="1372" install-size="1372" />
	<plugin fragment="true" id="org.eclipse.emf.test.tools.nl_tr" unpack="false" version="3.5.0.v20090620043401" download-size="1369" install-size="1369" />
	<plugin fragment="true" id="org.eclipse.emf.test.xml.nl_tr" unpack="false" version="3.5.0.v20090620043401" download-size="1368" install-size="1368" />
	<plugin fragment="true" id="org.eclipse.emf.tests.nl_tr" unpack="false" version="3.5.0.v20090620043401" download-size="1366" install-size="1366" />
	<plugin fragment="true" id="org.eclipse.emf.transaction.doc.nl_tr" unpack="false" version="3.5.0.v20090620043401" download-size="1670" install-size="1670" />
	<plugin fragment="true" id="org.eclipse.emf.transaction.examples.nl_tr" unpack="false" version="3.5.0.v20090620043401" download-size="1668" install-size="1668" />
	<plugin fragment="true" id="org.eclipse.emf.transaction.nl_tr" unpack="false" version="3.5.0.v20090620043401" download-size="3424" install-size="3424" />
	<plugin fragment="true" id="org.eclipse.emf.transaction.tests.nl_tr" unpack="false" version="3.5.0.v20090620043401" download-size="1378" install-size="1378" />
	<plugin fragment="true" id="org.eclipse.emf.transaction.ui.nl_tr" unpack="false" version="3.5.0.v20090620043401" download-size="2695" install-size="2695" />
	<plugin fragment="true" id="org.eclipse.emf.validation.doc.nl_tr" unpack="false" version="3.5.0.v20090620043401" download-size="1664" install-size="1664" />
	<plugin fragment="true" id="org.eclipse.emf.validation.examples.adapter.nl_tr" unpack="false" version="3.5.0.v20090620043401" download-size="1384" install-size="1384" />
	<plugin fragment="true" id="org.eclipse.emf.validation.examples.general.nl_tr" unpack="false" version="3.5.0.v20090620043401" download-size="3034" install-size="3034" />
	<plugin fragment="true" id="org.eclipse.emf.validation.examples.nl_tr" unpack="false" version="3.5.0.v20090620043401" download-size="1440" install-size="1440" />
	<plugin fragment="true" id="org.eclipse.emf.validation.examples.ocl.nl_tr" unpack="false" version="3.5.0.v20090620043401" download-size="1383" install-size="1383" />
	<plugin fragment="true" id="org.eclipse.emf.validation.nl_tr" unpack="false" version="3.5.0.v20090620043401" download-size="4860" install-size="4860" />
	<plugin fragment="true" id="org.eclipse.emf.validation.ocl.nl_tr" unpack="false" version="3.5.0.v20090620043401" download-size="1696" install-size="1696" />
	<plugin fragment="true" id="org.eclipse.emf.validation.tests.nl_tr" unpack="false" version="3.5.0.v20090620043401" download-size="1378" install-size="1378" />
	<plugin fragment="true" id="org.eclipse.emf.validation.ui.ide.nl_tr" unpack="false" version="3.5.0.v20090620043401" download-size="2872" install-size="2872" />
	<plugin fragment="true" id="org.eclipse.emf.validation.ui.nl_tr" unpack="false" version="3.5.0.v20090620043401" download-size="3489" install-size="3489" />
	<plugin fragment="true" id="org.eclipse.emf.workspace.doc.nl_tr" unpack="false" version="3.5.0.v20090620043401" download-size="1683" install-size="1683" />
	<plugin fragment="true" id="org.eclipse.emf.workspace.examples.library.editor.nl_tr" unpack="false" version="3.5.0.v20090620043401" download-size="2048" install-size="2048" />
	<plugin fragment="true" id="org.eclipse.emf.workspace.examples.nl_tr" unpack="false" version="3.5.0.v20090620043401" download-size="1381" install-size="1381" />
	<plugin fragment="true" id="org.eclipse.emf.workspace.nl_tr" unpack="false" version="3.5.0.v20090620043401" download-size="3265" install-size="3265" />
	<plugin fragment="true" id="org.eclipse.emf.workspace.tests.nl_tr" unpack="false" version="3.5.0.v20090620043401" download-size="1378" install-size="1378" />
	<plugin fragment="true" id="org.eclipse.emf.workspace.ui.nl_tr" unpack="false" version="3.5.0.v20090620043401" download-size="1450" install-size="1450" />
	<plugin fragment="true" id="org.eclipse.net4j.buddies.chat.nl_tr" unpack="false" version="3.5.0.v20090620043401" download-size="1373" install-size="1373" />
	<plugin fragment="true" id="org.eclipse.net4j.buddies.chat.ui.nl_tr" unpack="false" version="3.5.0.v20090620043401" download-size="1374" install-size="1374" />
	<plugin fragment="true" id="org.eclipse.net4j.buddies.common.nl_tr" unpack="false" version="3.5.0.v20090620043401" download-size="1373" install-size="1373" />
	<plugin fragment="true" id="org.eclipse.net4j.buddies.nl_tr" unpack="false" version="3.5.0.v20090620043401" download-size="1369" install-size="1369" />
	<plugin fragment="true" id="org.eclipse.net4j.buddies.server.nl_tr" unpack="false" version="3.5.0.v20090620043401" download-size="1373" install-size="1373" />
	<plugin fragment="true" id="org.eclipse.net4j.buddies.ui.nl_tr" unpack="false" version="3.5.0.v20090620043401" download-size="2679" install-size="2679" />
	<plugin fragment="true" id="org.eclipse.net4j.db.derby.nl_tr" unpack="false" version="3.5.0.v20090620043401" download-size="1370" install-size="1370" />
	<plugin fragment="true" id="org.eclipse.net4j.db.hsqldb.nl_tr" unpack="false" version="3.5.0.v20090620043401" download-size="1371" install-size="1371" />
	<plugin fragment="true" id="org.eclipse.net4j.db.mysql.nl_tr" unpack="false" version="3.5.0.v20090620043401" download-size="1371" install-size="1371" />
	<plugin fragment="true" id="org.eclipse.net4j.db.nl_tr" unpack="false" version="3.5.0.v20090620043401" download-size="1366" install-size="1366" />
	<plugin fragment="true" id="org.eclipse.net4j.db.postgresql.nl_tr" unpack="false" version="3.5.0.v20090620043401" download-size="1373" install-size="1373" />
	<plugin fragment="true" id="org.eclipse.net4j.debug.nl_tr" unpack="false" version="3.5.0.v20090620043401" download-size="2476" install-size="2476" />
	<plugin fragment="true" id="org.eclipse.net4j.defs.nl_tr" unpack="false" version="3.5.0.v20090620043401" download-size="1367" install-size="1367" />
	<plugin fragment="true" id="org.eclipse.net4j.doc.nl_tr" unpack="false" version="3.5.0.v20090620043401" download-size="1366" install-size="1366" />
	<plugin fragment="true" id="org.eclipse.net4j.examples.nl_tr" unpack="false" version="3.5.0.v20090620043401" download-size="1370" install-size="1370" />
	<plugin fragment="true" id="org.eclipse.net4j.http.common.nl_tr" unpack="false" version="3.5.0.v20090620043401" download-size="1371" install-size="1371" />
	<plugin fragment="true" id="org.eclipse.net4j.http.nl_tr" unpack="false" version="3.5.0.v20090620043401" download-size="1367" install-size="1367" />
	<plugin fragment="true" id="org.eclipse.net4j.http.server.nl_tr" unpack="false" version="3.5.0.v20090620043401" download-size="1371" install-size="1371" />
	<plugin fragment="true" id="org.eclipse.net4j.http.tests.nl_tr" unpack="false" version="3.5.0.v20090620043401" download-size="1370" install-size="1370" />
	<plugin fragment="true" id="org.eclipse.net4j.jms.admin.nl_tr" unpack="false" version="3.5.0.v20090620043401" download-size="1371" install-size="1371" />
	<plugin fragment="true" id="org.eclipse.net4j.jms.api.nl_tr" unpack="false" version="3.5.0.v20090620043401" download-size="1369" install-size="1369" />
	<plugin fragment="true" id="org.eclipse.net4j.jms.nl_tr" unpack="false" version="3.5.0.v20090620043401" download-size="1366" install-size="1366" />
	<plugin fragment="true" id="org.eclipse.net4j.jms.server.jdbc.nl_tr" unpack="false" version="3.5.0.v20090620043401" download-size="1374" install-size="1374" />
	<plugin fragment="true" id="org.eclipse.net4j.jms.server.nl_tr" unpack="false" version="3.5.0.v20090620043401" download-size="1371" install-size="1371" />
	<plugin fragment="true" id="org.eclipse.net4j.jms.tests.nl_tr" unpack="false" version="3.5.0.v20090620043401" download-size="1370" install-size="1370" />
	<plugin fragment="true" id="org.eclipse.net4j.jvm.nl_tr" unpack="false" version="3.5.0.v20090620043401" download-size="1367" install-size="1367" />
	<plugin fragment="true" id="org.eclipse.net4j.nl_tr" unpack="false" version="3.5.0.v20090620043401" download-size="1363" install-size="1363" />
	<plugin fragment="true" id="org.eclipse.net4j.tcp.nl_tr" unpack="false" version="3.5.0.v20090620043401" download-size="1366" install-size="1366" />
	<plugin fragment="true" id="org.eclipse.net4j.tests.nl_tr" unpack="false" version="3.5.0.v20090620043401" download-size="1367" install-size="1367" />
	<plugin fragment="true" id="org.eclipse.net4j.ui.capabilities.nl_tr" unpack="false" version="3.5.0.v20090620043401" download-size="1373" install-size="1373" />
	<plugin fragment="true" id="org.eclipse.net4j.ui.defs.nl_tr" unpack="false" version="3.5.0.v20090620043401" download-size="1369" install-size="1369" />
	<plugin fragment="true" id="org.eclipse.net4j.ui.nl_tr" unpack="false" version="3.5.0.v20090620043401" download-size="2397" install-size="2397" />
	<plugin fragment="true" id="org.eclipse.net4j.util.defs.nl_tr" unpack="false" version="3.5.0.v20090620043401" download-size="1370" install-size="1370" />
	<plugin fragment="true" id="org.eclipse.net4j.util.nl_tr" unpack="false" version="3.5.0.v20090620043401" download-size="1367" install-size="1367" />
	<plugin fragment="true" id="org.eclipse.net4j.util.ui.nl_tr" unpack="false" version="3.5.0.v20090620043401" download-size="7997" install-size="7997" />
	<plugin fragment="true" id="org.eclipse.xsd.cheatsheets.nl_tr" unpack="false" version="3.5.0.v20090620043401" download-size="1370" install-size="1370" />
	<plugin fragment="true" id="org.eclipse.xsd.doc.nl_tr" unpack="false" version="3.5.0.v20090620043401" download-size="1649" install-size="1649" />
	<plugin fragment="true" id="org.eclipse.xsd.ecore.converter.nl_tr" unpack="false" version="3.5.0.v20090620043401" download-size="1373" install-size="1373" />
	<plugin fragment="true" id="org.eclipse.xsd.ecore.exporter.nl_tr" unpack="false" version="3.5.0.v20090620043401" download-size="1568" install-size="1568" />
	<plugin fragment="true" id="org.eclipse.xsd.ecore.importer.nl_tr" unpack="false" version="3.5.0.v20090620043401" download-size="1796" install-size="1796" />
	<plugin fragment="true" id="org.eclipse.xsd.edit.nl_tr" unpack="false" version="3.5.0.v20090620043401" download-size="5174" install-size="5174" />
	<plugin fragment="true" id="org.eclipse.xsd.editor.nl_tr" unpack="false" version="3.5.0.v20090620043401" download-size="2273" install-size="2273" />
	<plugin fragment="true" id="org.eclipse.xsd.example.installer.nl_tr" unpack="false" version="3.5.0.v20090620043401" download-size="1373" install-size="1373" />
	<plugin fragment="true" id="org.eclipse.xsd.example.nl_tr" unpack="false" version="3.5.0.v20090620043401" download-size="1368" install-size="1368" />
	<plugin fragment="true" id="org.eclipse.xsd.mapping.editor.nl_tr" unpack="false" version="3.5.0.v20090620043401" download-size="1372" install-size="1372" />
	<plugin fragment="true" id="org.eclipse.xsd.mapping.nl_tr" unpack="false" version="3.5.0.v20090620043401" download-size="1369" install-size="1369" />
	<plugin fragment="true" id="org.eclipse.xsd.nl_tr" unpack="false" version="3.5.0.v20090620043401" download-size="1533" install-size="1533" />
</feature>