<?xml version="1.0" encoding="UTF-8" ?>
<feature
	id="org.eclipse.babel.nls_stp.sca_hu"
	label="Babel Language Pack for stp.sca in Hungarian (21.19%)"
	image="eclipse_update_120.jpg"
	provider-name="%providerName"
	version="3.5.0.v20090620043401">
	<copyright>
		%copyright
	</copyright>
	<license url="%licenseURL">
		%license
	</license>
	<description>Babel Language Pack for stp.sca in Hungarian</description>
	<plugin fragment="true" id="org.eclipse.stp.sca.common.jdt.nl_hu" unpack="false" version="3.5.0.v20090620043401" download-size="2331" install-size="2331" />
	<plugin fragment="true" id="org.eclipse.stp.sca.common.nl_hu" unpack="false" version="3.5.0.v20090620043401" download-size="1353" install-size="1353" />
	<plugin fragment="true" id="org.eclipse.stp.sca.diagram.extension.generator.ui.nl_hu" unpack="false" version="3.5.0.v20090620043401" download-size="2871" install-size="2871" />
	<plugin fragment="true" id="org.eclipse.stp.sca.diagram.extension.nl_hu" unpack="false" version="3.5.0.v20090620043401" download-size="1439" install-size="1439" />
	<plugin fragment="true" id="org.eclipse.stp.sca.diagram.frascati.nl_hu" unpack="false" version="3.5.0.v20090620043401" download-size="1377" install-size="1377" />
	<plugin fragment="true" id="org.eclipse.stp.sca.diagram.jdt.nl_hu" unpack="false" version="3.5.0.v20090620043401" download-size="1356" install-size="1356" />
	<plugin fragment="true" id="org.eclipse.stp.sca.diagram.nl_hu" unpack="false" version="3.5.0.v20090620043401" download-size="2378" install-size="2378" />
	<plugin fragment="true" id="org.eclipse.stp.sca.diagram.tuscany.nl_hu" unpack="false" version="3.5.0.v20090620043401" download-size="1359" install-size="1359" />
	<plugin fragment="true" id="org.eclipse.stp.sca.domainmodel.frascati.edit.nl_hu" unpack="false" version="3.5.0.v20090620043401" download-size="1695" install-size="1695" />
	<plugin fragment="true" id="org.eclipse.stp.sca.domainmodel.frascati.editor.nl_hu" unpack="false" version="3.5.0.v20090620043401" download-size="1441" install-size="1441" />
	<plugin fragment="true" id="org.eclipse.stp.sca.domainmodel.tuscany.edit.nl_hu" unpack="false" version="3.5.0.v20090620043401" download-size="1813" install-size="1813" />
	<plugin fragment="true" id="org.eclipse.stp.sca.domainmodel.tuscany.editor.nl_hu" unpack="false" version="3.5.0.v20090620043401" download-size="1437" install-size="1437" />
	<plugin fragment="true" id="org.eclipse.stp.sca.edit.nl_hu" unpack="false" version="3.5.0.v20090620043401" download-size="3644" install-size="3644" />
	<plugin fragment="true" id="org.eclipse.stp.sca.editor.nl_hu" unpack="false" version="3.5.0.v20090620043401" download-size="2978" install-size="2978" />
	<plugin fragment="true" id="org.eclipse.stp.sca.formeditor.nl_hu" unpack="false" version="3.5.0.v20090620043401" download-size="2364" install-size="2364" />
	<plugin fragment="true" id="org.eclipse.stp.sca.implementation.java.nl_hu" unpack="false" version="3.5.0.v20090620043401" download-size="1361" install-size="1361" />
	<plugin fragment="true" id="org.eclipse.stp.sca.implementation.sca.nl_hu" unpack="false" version="3.5.0.v20090620043401" download-size="1361" install-size="1361" />
	<plugin fragment="true" id="org.eclipse.stp.sca.interfacee.java.nl_hu" unpack="false" version="3.5.0.v20090620043401" download-size="1359" install-size="1359" />
	<plugin fragment="true" id="org.eclipse.stp.sca.nl_hu" unpack="false" version="3.5.0.v20090620043401" download-size="1349" install-size="1349" />
	<plugin fragment="true" id="org.eclipse.stp.sca.ontology.view.jena2.nl_hu" unpack="false" version="3.5.0.v20090620043401" download-size="2524" install-size="2524" />
	<plugin fragment="true" id="org.eclipse.stp.sca.ontology.view.nl_hu" unpack="false" version="3.5.0.v20090620043401" download-size="2364" install-size="2364" />
	<plugin fragment="true" id="org.eclipse.stp.sca.semantic.sawsdl.edit.nl_hu" unpack="false" version="3.5.0.v20090620043401" download-size="1632" install-size="1632" />
	<plugin fragment="true" id="org.eclipse.stp.sca.semantic.sawsdl.properties.nl_hu" unpack="false" version="3.5.0.v20090620043401" download-size="1365" install-size="1365" />
	<plugin fragment="true" id="org.eclipse.stp.sca.validation.frascati.nl_hu" unpack="false" version="3.5.0.v20090620043401" download-size="1362" install-size="1362" />
	<plugin fragment="true" id="org.eclipse.stp.sca.validation.nl_hu" unpack="false" version="3.5.0.v20090620043401" download-size="1356" install-size="1356" />
	<plugin fragment="true" id="org.eclipse.stp.sca.xmleditor.nl_hu" unpack="false" version="3.5.0.v20090620043401" download-size="2475" install-size="2475" />
</feature>