<?xml version="1.0" encoding="UTF-8" ?>
<feature
	id="org.eclipse.babel.nls_modeling.m2m_sv"
	label="Babel Language Pack for modeling.m2m in Swedish (21.78%)"
	image="eclipse_update_120.jpg"
	provider-name="%providerName"
	version="3.5.0.v20090620043401">
	<copyright>
		%copyright
	</copyright>
	<license url="%licenseURL">
		%license
	</license>
	<description>Babel Language Pack for modeling.m2m in Swedish</description>
	<plugin fragment="true" id="org.eclipse.m2m.atl.adt.debug.nl_sv" unpack="false" version="3.5.0.v20090620043401" download-size="2394" install-size="2394" />
	<plugin fragment="true" id="org.eclipse.m2m.atl.adt.editor.nl_sv" unpack="false" version="3.5.0.v20090620043401" download-size="3558" install-size="3558" />
	<plugin fragment="true" id="org.eclipse.m2m.atl.adt.nl_sv" unpack="false" version="3.5.0.v20090620043401" download-size="2205" install-size="2205" />
	<plugin fragment="true" id="org.eclipse.m2m.atl.adt.ui.nl_sv" unpack="false" version="3.5.0.v20090620043401" download-size="2444" install-size="2444" />
	<plugin fragment="true" id="org.eclipse.m2m.atl.common.nl_sv" unpack="false" version="3.5.0.v20090620043401" download-size="1384" install-size="1384" />
	<plugin fragment="true" id="org.eclipse.m2m.atl.core.ant.nl_sv" unpack="false" version="3.5.0.v20090620043401" download-size="1385" install-size="1385" />
	<plugin fragment="true" id="org.eclipse.m2m.atl.core.emf.nl_sv" unpack="false" version="3.5.0.v20090620043401" download-size="1385" install-size="1385" />
	<plugin fragment="true" id="org.eclipse.m2m.atl.core.nl_sv" unpack="false" version="3.5.0.v20090620043401" download-size="1383" install-size="1383" />
	<plugin fragment="true" id="org.eclipse.m2m.atl.core.ui.nl_sv" unpack="false" version="3.5.0.v20090620043401" download-size="2467" install-size="2467" />
	<plugin fragment="true" id="org.eclipse.m2m.atl.core.ui.vm.nl_sv" unpack="false" version="3.5.0.v20090620043401" download-size="1386" install-size="1386" />
	<plugin fragment="true" id="org.eclipse.m2m.atl.doc.nl_sv" unpack="false" version="3.5.0.v20090620043401" download-size="1382" install-size="1382" />
	<plugin fragment="true" id="org.eclipse.m2m.atl.drivers.emf4atl.nl_sv" unpack="false" version="3.5.0.v20090620043401" download-size="1390" install-size="1390" />
	<plugin fragment="true" id="org.eclipse.m2m.atl.drivers.uml24atl.nl_sv" unpack="false" version="3.5.0.v20090620043401" download-size="1391" install-size="1391" />
	<plugin fragment="true" id="org.eclipse.m2m.atl.dsls.nl_sv" unpack="false" version="3.5.0.v20090620043401" download-size="1383" install-size="1383" />
	<plugin fragment="true" id="org.eclipse.m2m.atl.engine.emfvm.nl_sv" unpack="false" version="3.5.0.v20090620043401" download-size="1387" install-size="1387" />
	<plugin fragment="true" id="org.eclipse.m2m.atl.engine.nl_sv" unpack="false" version="3.5.0.v20090620043401" download-size="2218" install-size="2218" />
	<plugin fragment="true" id="org.eclipse.m2m.atl.engine.vm.nl_sv" unpack="false" version="3.5.0.v20090620043401" download-size="1386" install-size="1386" />
	<plugin fragment="true" id="org.eclipse.m2m.atl.examples.nl_sv" unpack="false" version="3.5.0.v20090620043401" download-size="1385" install-size="1385" />
	<plugin fragment="true" id="org.eclipse.m2m.atl.nl_sv" unpack="false" version="3.5.0.v20090620043401" download-size="1379" install-size="1379" />
	<plugin fragment="true" id="org.eclipse.m2m.atl.tests.nl_sv" unpack="false" version="3.5.0.v20090620043401" download-size="1383" install-size="1383" />
	<plugin fragment="true" id="org.eclipse.m2m.qvt.oml.common.nl_sv" unpack="false" version="3.5.0.v20090620043401" download-size="1386" install-size="1386" />
	<plugin fragment="true" id="org.eclipse.m2m.qvt.oml.common.ui.nl_sv" unpack="false" version="3.5.0.v20090620043401" download-size="3851" install-size="3851" />
	<plugin fragment="true" id="org.eclipse.m2m.qvt.oml.cst.parser.nl_sv" unpack="false" version="3.5.0.v20090620043401" download-size="1388" install-size="1388" />
	<plugin fragment="true" id="org.eclipse.m2m.qvt.oml.doc.nl_sv" unpack="false" version="3.5.0.v20090620043401" download-size="1385" install-size="1385" />
	<plugin fragment="true" id="org.eclipse.m2m.qvt.oml.ecore.imperativeocl.nl_sv" unpack="false" version="3.5.0.v20090620043401" download-size="1394" install-size="1394" />
	<plugin fragment="true" id="org.eclipse.m2m.qvt.oml.editor.ui.nl_sv" unpack="false" version="3.5.0.v20090620043401" download-size="3310" install-size="3310" />
	<plugin fragment="true" id="org.eclipse.m2m.qvt.oml.emf.util.nl_sv" unpack="false" version="3.5.0.v20090620043401" download-size="1388" install-size="1388" />
	<plugin fragment="true" id="org.eclipse.m2m.qvt.oml.emf.util.ui.nl_sv" unpack="false" version="3.5.0.v20090620043401" download-size="1389" install-size="1389" />
	<plugin fragment="true" id="org.eclipse.m2m.qvt.oml.examples.blackbox.nl_sv" unpack="false" version="3.5.0.v20090620043401" download-size="1380" install-size="1380" />
	<plugin fragment="true" id="org.eclipse.m2m.qvt.oml.examples.omg.nl_sv" unpack="false" version="3.5.0.v20090620043401" download-size="1377" install-size="1377" />
	<plugin fragment="true" id="org.eclipse.m2m.qvt.oml.nl_sv" unpack="false" version="3.5.0.v20090620043401" download-size="1382" install-size="1382" />
	<plugin fragment="true" id="org.eclipse.m2m.qvt.oml.ocl.nl_sv" unpack="false" version="3.5.0.v20090620043401" download-size="1385" install-size="1385" />
	<plugin fragment="true" id="org.eclipse.m2m.qvt.oml.project.nl_sv" unpack="false" version="3.5.0.v20090620043401" download-size="1387" install-size="1387" />
	<plugin fragment="true" id="org.eclipse.m2m.qvt.oml.runtime.nl_sv" unpack="false" version="3.5.0.v20090620043401" download-size="2744" install-size="2744" />
	<plugin fragment="true" id="org.eclipse.m2m.qvt.oml.runtime.ui.nl_sv" unpack="false" version="3.5.0.v20090620043401" download-size="4090" install-size="4090" />
	<plugin fragment="true" id="org.eclipse.m2m.qvt.oml.samples.nl_sv" unpack="false" version="3.5.0.v20090620043401" download-size="3989" install-size="3989" />
	<plugin fragment="true" id="org.eclipse.m2m.qvt.oml.trace.edit.nl_sv" unpack="false" version="3.5.0.v20090620043401" download-size="2213" install-size="2213" />
	<plugin fragment="true" id="org.eclipse.m2m.qvt.oml.ui.nl_sv" unpack="false" version="3.5.0.v20090620043401" download-size="3615" install-size="3615" />
	<plugin fragment="true" id="org.eclipse.m2m.tests.qvt.oml.nl_sv" unpack="false" version="3.5.0.v20090620043401" download-size="1385" install-size="1385" />
	<plugin fragment="true" id="org.eclipse.m2m.tests.qvt.oml.ui.nl_sv" unpack="false" version="3.5.0.v20090620043401" download-size="1387" install-size="1387" />
</feature>