<?xml version="1.0" encoding="UTF-8" ?>
<feature
	id="org.eclipse.babel.nls_modeling.mdt_it"
	label="Babel Language Pack for modeling.mdt in Italian (22.97%)"
	image="eclipse_update_120.jpg"
	provider-name="%providerName"
	version="3.5.0.v20090620043401">
	<copyright>
		%copyright
	</copyright>
	<license url="%licenseURL">
		%license
	</license>
	<description>Babel Language Pack for modeling.mdt in Italian</description>
	<plugin fragment="true" id="org.eclipse.emf.examples.library.edit.nl_it" unpack="false" version="3.5.0.v20090620043401" download-size="1735" install-size="1735" />
	<plugin fragment="true" id="org.eclipse.emf.examples.library.editor.nl_it" unpack="false" version="3.5.0.v20090620043401" download-size="2041" install-size="2041" />
	<plugin fragment="true" id="org.eclipse.emf.examples.library.nl_it" unpack="false" version="3.5.0.v20090620043401" download-size="1373" install-size="1373" />
	<plugin fragment="true" id="org.eclipse.emf.ocl.doc.nl_it" unpack="false" version="3.5.0.v20090620043401" download-size="1368" install-size="1368" />
	<plugin fragment="true" id="org.eclipse.emf.ocl.examples.interpreter.nl_it" unpack="false" version="3.5.0.v20090620043401" download-size="2831" install-size="2831" />
	<plugin fragment="true" id="org.eclipse.emf.ocl.examples.nl_it" unpack="false" version="3.5.0.v20090620043401" download-size="1375" install-size="1375" />
	<plugin fragment="true" id="org.eclipse.emf.ocl.nl_it" unpack="false" version="3.5.0.v20090620043401" download-size="1369" install-size="1369" />
	<plugin fragment="true" id="org.eclipse.emf.ocl.tests.nl_it" unpack="false" version="3.5.0.v20090620043401" download-size="1373" install-size="1373" />
	<plugin fragment="true" id="org.eclipse.ocl.doc.nl_it" unpack="false" version="3.5.0.v20090620043401" download-size="1364" install-size="1364" />
	<plugin fragment="true" id="org.eclipse.ocl.ecore.nl_it" unpack="false" version="3.5.0.v20090620043401" download-size="1370" install-size="1370" />
	<plugin fragment="true" id="org.eclipse.ocl.ecore.tests.nl_it" unpack="false" version="3.5.0.v20090620043401" download-size="1373" install-size="1373" />
	<plugin fragment="true" id="org.eclipse.ocl.nl_it" unpack="false" version="3.5.0.v20090620043401" download-size="2483" install-size="2483" />
	<plugin fragment="true" id="org.eclipse.ocl.uml.nl_it" unpack="false" version="3.5.0.v20090620043401" download-size="1368" install-size="1368" />
	<plugin fragment="true" id="org.eclipse.ocl.uml.tests.nl_it" unpack="false" version="3.5.0.v20090620043401" download-size="1372" install-size="1372" />
	<plugin fragment="true" id="org.eclipse.uml2.codegen.ecore.nl_it" unpack="false" version="3.5.0.v20090620043401" download-size="1372" install-size="1372" />
	<plugin fragment="true" id="org.eclipse.uml2.codegen.ecore.ui.nl_it" unpack="false" version="3.5.0.v20090620043401" download-size="1526" install-size="1526" />
	<plugin fragment="true" id="org.eclipse.uml2.common.edit.nl_it" unpack="false" version="3.5.0.v20090620043401" download-size="1370" install-size="1370" />
	<plugin fragment="true" id="org.eclipse.uml2.common.nl_it" unpack="false" version="3.5.0.v20090620043401" download-size="1367" install-size="1367" />
	<plugin fragment="true" id="org.eclipse.uml2.diagram.activity.nl_it" unpack="false" version="3.5.0.v20090620043401" download-size="2109" install-size="2109" />
	<plugin fragment="true" id="org.eclipse.uml2.diagram.clazz.nl_it" unpack="false" version="3.5.0.v20090620043401" download-size="3227" install-size="3227" />
	<plugin fragment="true" id="org.eclipse.uml2.diagram.clazz.tests.nl_it" unpack="false" version="3.5.0.v20090620043401" download-size="1376" install-size="1376" />
	<plugin fragment="true" id="org.eclipse.uml2.diagram.codegen.edit.nl_it" unpack="false" version="3.5.0.v20090620043401" download-size="1714" install-size="1714" />
	<plugin fragment="true" id="org.eclipse.uml2.diagram.codegen.nl_it" unpack="false" version="3.5.0.v20090620043401" download-size="1372" install-size="1372" />
	<plugin fragment="true" id="org.eclipse.uml2.diagram.common.nl_it" unpack="false" version="3.5.0.v20090620043401" download-size="1983" install-size="1983" />
	<plugin fragment="true" id="org.eclipse.uml2.diagram.common.notation.nl_it" unpack="false" version="3.5.0.v20090620043401" download-size="1377" install-size="1377" />
	<plugin fragment="true" id="org.eclipse.uml2.diagram.common.tests.nl_it" unpack="false" version="3.5.0.v20090620043401" download-size="1376" install-size="1376" />
	<plugin fragment="true" id="org.eclipse.uml2.diagram.component.nl_it" unpack="false" version="3.5.0.v20090620043401" download-size="2563" install-size="2563" />
	<plugin fragment="true" id="org.eclipse.uml2.diagram.csd.nl_it" unpack="false" version="3.5.0.v20090620043401" download-size="2586" install-size="2586" />
	<plugin fragment="true" id="org.eclipse.uml2.diagram.def.nl_it" unpack="false" version="3.5.0.v20090620043401" download-size="1371" install-size="1371" />
	<plugin fragment="true" id="org.eclipse.uml2.diagram.deploy.nl_it" unpack="false" version="3.5.0.v20090620043401" download-size="2287" install-size="2287" />
	<plugin fragment="true" id="org.eclipse.uml2.diagram.examples.activity.nl_it" unpack="false" version="3.5.0.v20090620043401" download-size="1379" install-size="1379" />
	<plugin fragment="true" id="org.eclipse.uml2.diagram.examples.clazz.nl_it" unpack="false" version="3.5.0.v20090620043401" download-size="1378" install-size="1378" />
	<plugin fragment="true" id="org.eclipse.uml2.diagram.examples.profile.nl_it" unpack="false" version="3.5.0.v20090620043401" download-size="1378" install-size="1378" />
	<plugin fragment="true" id="org.eclipse.uml2.diagram.examples.statemachine.nl_it" unpack="false" version="3.5.0.v20090620043401" download-size="1381" install-size="1381" />
	<plugin fragment="true" id="org.eclipse.uml2.diagram.nl_it" unpack="false" version="3.5.0.v20090620043401" download-size="1368" install-size="1368" />
	<plugin fragment="true" id="org.eclipse.uml2.diagram.parser.nl_it" unpack="false" version="3.5.0.v20090620043401" download-size="1372" install-size="1372" />
	<plugin fragment="true" id="org.eclipse.uml2.diagram.profile.nl_it" unpack="false" version="3.5.0.v20090620043401" download-size="2631" install-size="2631" />
	<plugin fragment="true" id="org.eclipse.uml2.diagram.profile.tests.nl_it" unpack="false" version="3.5.0.v20090620043401" download-size="1377" install-size="1377" />
	<plugin fragment="true" id="org.eclipse.uml2.diagram.sequence.model.nl_it" unpack="false" version="3.5.0.v20090620043401" download-size="1377" install-size="1377" />
	<plugin fragment="true" id="org.eclipse.uml2.diagram.sequence.nl_it" unpack="false" version="3.5.0.v20090620043401" download-size="1948" install-size="1948" />
	<plugin fragment="true" id="org.eclipse.uml2.diagram.sequence.tests.nl_it" unpack="false" version="3.5.0.v20090620043401" download-size="1376" install-size="1376" />
	<plugin fragment="true" id="org.eclipse.uml2.diagram.statemachine.nl_it" unpack="false" version="3.5.0.v20090620043401" download-size="1971" install-size="1971" />
	<plugin fragment="true" id="org.eclipse.uml2.diagram.statemachine.tests.nl_it" unpack="false" version="3.5.0.v20090620043401" download-size="1378" install-size="1378" />
	<plugin fragment="true" id="org.eclipse.uml2.diagram.usecase.nl_it" unpack="false" version="3.5.0.v20090620043401" download-size="2317" install-size="2317" />
	<plugin fragment="true" id="org.eclipse.uml2.doc.nl_it" unpack="false" version="3.5.0.v20090620043401" download-size="1365" install-size="1365" />
	<plugin fragment="true" id="org.eclipse.uml2.examples.nl_it" unpack="false" version="3.5.0.v20090620043401" download-size="1369" install-size="1369" />
	<plugin fragment="true" id="org.eclipse.uml2.examples.uml.ui.nl_it" unpack="false" version="3.5.0.v20090620043401" download-size="1431" install-size="1431" />
	<plugin fragment="true" id="org.eclipse.uml2.nl_it" unpack="false" version="3.5.0.v20090620043401" download-size="1363" install-size="1363" />
	<plugin fragment="true" id="org.eclipse.uml2.tests.nl_it" unpack="false" version="3.5.0.v20090620043401" download-size="1366" install-size="1366" />
	<plugin fragment="true" id="org.eclipse.uml2.uml.ecore.importer.nl_it" unpack="false" version="3.5.0.v20090620043401" download-size="1373" install-size="1373" />
	<plugin fragment="true" id="org.eclipse.uml2.uml.edit.nl_it" unpack="false" version="3.5.0.v20090620043401" download-size="3901" install-size="3901" />
	<plugin fragment="true" id="org.eclipse.uml2.uml.editor.nl_it" unpack="false" version="3.5.0.v20090620043401" download-size="2074" install-size="2074" />
	<plugin fragment="true" id="org.eclipse.uml2.uml.nl_it" unpack="false" version="3.5.0.v20090620043401" download-size="1439" install-size="1439" />
	<plugin fragment="true" id="org.eclipse.uml2.uml.resources.nl_it" unpack="false" version="3.5.0.v20090620043401" download-size="8657" install-size="8657" />
	<plugin fragment="true" id="org.eclipse.uml2.uml.tests.nl_it" unpack="false" version="3.5.0.v20090620043401" download-size="1368" install-size="1368" />
	<plugin fragment="true" id="org.eclipse.uml2tools.doc.nl_it" unpack="false" version="3.5.0.v20090620043401" download-size="1368" install-size="1368" />
	<plugin fragment="true" id="org.eclipse.uml2tools.nl_it" unpack="false" version="3.5.0.v20090620043401" download-size="1366" install-size="1366" />
</feature>