<?xml version="1.0" encoding="UTF-8" ?>
<feature
	id="org.eclipse.babel.nls_webtools.sourceediting_ko"
	label="Babel Language Pack for webtools.sourceediting in Korean (76.66%)"
	image="eclipse_update_120.jpg"
	provider-name="%providerName"
	version="3.5.0.v20090620043401">
	<copyright>
		%copyright
	</copyright>
	<license url="%licenseURL">
		%license
	</license>
	<description>Babel Language Pack for webtools.sourceediting in Korean</description>
	<plugin fragment="true" id="org.eclipse.jst.jsp.core.nl_ko" unpack="false" version="3.5.0.v20090620043401" download-size="3189" install-size="3189" />
	<plugin fragment="true" id="org.eclipse.jst.jsp.ui.infopop.nl_ko" unpack="false" version="3.5.0.v20090620043401" download-size="1421" install-size="1421" />
	<plugin fragment="true" id="org.eclipse.jst.jsp.ui.nl_ko" unpack="false" version="3.5.0.v20090620043401" download-size="6368" install-size="6368" />
	<plugin fragment="true" id="org.eclipse.jst.standard.schemas.nl_ko" unpack="false" version="3.5.0.v20090620043401" download-size="1376" install-size="1376" />
	<plugin fragment="true" id="org.eclipse.wst.css.core.nl_ko" unpack="false" version="3.5.0.v20090620043401" download-size="3497" install-size="3497" />
	<plugin fragment="true" id="org.eclipse.wst.css.ui.nl_ko" unpack="false" version="3.5.0.v20090620043401" download-size="5273" install-size="5273" />
	<plugin fragment="true" id="org.eclipse.wst.doc.user.nl_ko" unpack="false" version="3.5.0.v20090620043401" download-size="1419" install-size="1419" />
	<plugin fragment="true" id="org.eclipse.wst.dtd.core.nl_ko" unpack="false" version="3.5.0.v20090620043401" download-size="4630" install-size="4630" />
	<plugin fragment="true" id="org.eclipse.wst.dtd.ui.infopop.nl_ko" unpack="false" version="3.5.0.v20090620043401" download-size="1419" install-size="1419" />
	<plugin fragment="true" id="org.eclipse.wst.dtd.ui.nl_ko" unpack="false" version="3.5.0.v20090620043401" download-size="5289" install-size="5289" />
	<plugin fragment="true" id="org.eclipse.wst.dtdeditor.doc.user.nl_ko" unpack="false" version="3.5.0.v20090620043401" download-size="1374" install-size="1374" />
	<plugin fragment="true" id="org.eclipse.wst.html.core.nl_ko" unpack="false" version="3.5.0.v20090620043401" download-size="5670" install-size="5670" />
	<plugin fragment="true" id="org.eclipse.wst.html.ui.infopop.nl_ko" unpack="false" version="3.5.0.v20090620043401" download-size="1422" install-size="1422" />
	<plugin fragment="true" id="org.eclipse.wst.html.ui.nl_ko" unpack="false" version="3.5.0.v20090620043401" download-size="6375" install-size="6375" />
	<plugin fragment="true" id="org.eclipse.wst.javascript.core.nl_ko" unpack="false" version="3.5.0.v20090620043401" download-size="2734" install-size="2734" />
	<plugin fragment="true" id="org.eclipse.wst.javascript.ui.infopop.nl_ko" unpack="false" version="3.5.0.v20090620043401" download-size="1418" install-size="1418" />
	<plugin fragment="true" id="org.eclipse.wst.javascript.ui.nl_ko" unpack="false" version="3.5.0.v20090620043401" download-size="5946" install-size="5946" />
	<plugin fragment="true" id="org.eclipse.wst.jsdt.core.nl_ko" unpack="false" version="3.5.0.v20090620043401" download-size="21797" install-size="21797" />
	<plugin fragment="true" id="org.eclipse.wst.jsdt.doc.nl_ko" unpack="false" version="3.5.0.v20090620043401" download-size="1369" install-size="1369" />
	<plugin fragment="true" id="org.eclipse.wst.jsdt.manipulation.nl_ko" unpack="false" version="3.5.0.v20090620043401" download-size="4113" install-size="4113" />
	<plugin fragment="true" id="org.eclipse.wst.jsdt.support.firefox.nl_ko" unpack="false" version="3.5.0.v20090620043401" download-size="1375" install-size="1375" />
	<plugin fragment="true" id="org.eclipse.wst.jsdt.support.ie.nl_ko" unpack="false" version="3.5.0.v20090620043401" download-size="1375" install-size="1375" />
	<plugin fragment="true" id="org.eclipse.wst.jsdt.ui.nl_ko" unpack="false" version="3.5.0.v20090620043401" download-size="133691" install-size="133691" />
	<plugin fragment="true" id="org.eclipse.wst.jsdt.web.core.nl_ko" unpack="false" version="3.5.0.v20090620043401" download-size="3204" install-size="3204" />
	<plugin fragment="true" id="org.eclipse.wst.jsdt.web.support.jsp.nl_ko" unpack="false" version="3.5.0.v20090620043401" download-size="1377" install-size="1377" />
	<plugin fragment="true" id="org.eclipse.wst.jsdt.web.ui.nl_ko" unpack="false" version="3.5.0.v20090620043401" download-size="5184" install-size="5184" />
	<plugin fragment="true" id="org.eclipse.wst.sse.core.nl_ko" unpack="false" version="3.5.0.v20090620043401" download-size="4341" install-size="4341" />
	<plugin fragment="true" id="org.eclipse.wst.sse.doc.user.nl_ko" unpack="false" version="3.5.0.v20090620043401" download-size="1374" install-size="1374" />
	<plugin fragment="true" id="org.eclipse.wst.sse.ui.infopop.nl_ko" unpack="false" version="3.5.0.v20090620043401" download-size="1408" install-size="1408" />
	<plugin fragment="true" id="org.eclipse.wst.sse.ui.nl_ko" unpack="false" version="3.5.0.v20090620043401" download-size="8781" install-size="8781" />
	<plugin fragment="true" id="org.eclipse.wst.standard.schemas.nl_ko" unpack="false" version="3.5.0.v20090620043401" download-size="1376" install-size="1376" />
	<plugin fragment="true" id="org.eclipse.wst.web.nl_ko" unpack="false" version="3.5.0.v20090620043401" download-size="2172" install-size="2172" />
	<plugin fragment="true" id="org.eclipse.wst.web.ui.nl_ko" unpack="false" version="3.5.0.v20090620043401" download-size="1472" install-size="1472" />
	<plugin fragment="true" id="org.eclipse.wst.webtools.doc.user.nl_ko" unpack="false" version="3.5.0.v20090620043401" download-size="1372" install-size="1372" />
	<plugin fragment="true" id="org.eclipse.wst.xml.core.nl_ko" unpack="false" version="3.5.0.v20090620043401" download-size="3902" install-size="3902" />
	<plugin fragment="true" id="org.eclipse.wst.xml.ui.infopop.nl_ko" unpack="false" version="3.5.0.v20090620043401" download-size="1409" install-size="1409" />
	<plugin fragment="true" id="org.eclipse.wst.xml.ui.nl_ko" unpack="false" version="3.5.0.v20090620043401" download-size="14618" install-size="14618" />
	<plugin fragment="true" id="org.eclipse.wst.xml.xpath.core.nl_ko" unpack="false" version="3.5.0.v20090620043401" download-size="1372" install-size="1372" />
	<plugin fragment="true" id="org.eclipse.wst.xml.xpath.ui.nl_ko" unpack="false" version="3.5.0.v20090620043401" download-size="3149" install-size="3149" />
	<plugin fragment="true" id="org.eclipse.wst.xml.xpath2.processor.nl_ko" unpack="false" version="3.5.0.v20090620043401" download-size="1376" install-size="1376" />
	<plugin fragment="true" id="org.eclipse.wst.xmleditor.doc.user.nl_ko" unpack="false" version="3.5.0.v20090620043401" download-size="1375" install-size="1375" />
	<plugin fragment="true" id="org.eclipse.wst.xsd.core.nl_ko" unpack="false" version="3.5.0.v20090620043401" download-size="1529" install-size="1529" />
	<plugin fragment="true" id="org.eclipse.wst.xsd.ui.nl_ko" unpack="false" version="3.5.0.v20090620043401" download-size="20023" install-size="20023" />
	<plugin fragment="true" id="org.eclipse.wst.xsdeditor.doc.user.nl_ko" unpack="false" version="3.5.0.v20090620043401" download-size="1423" install-size="1423" />
	<plugin fragment="true" id="org.eclipse.wst.xsl.core.nl_ko" unpack="false" version="3.5.0.v20090620043401" download-size="1384" install-size="1384" />
	<plugin fragment="true" id="org.eclipse.wst.xsl.debug.ui.nl_ko" unpack="false" version="3.5.0.v20090620043401" download-size="4183" install-size="4183" />
	<plugin fragment="true" id="org.eclipse.wst.xsl.doc.nl_ko" unpack="false" version="3.5.0.v20090620043401" download-size="1366" install-size="1366" />
	<plugin fragment="true" id="org.eclipse.wst.xsl.jaxp.debug.nl_ko" unpack="false" version="3.5.0.v20090620043401" download-size="3077" install-size="3077" />
	<plugin fragment="true" id="org.eclipse.wst.xsl.jaxp.debug.ui.nl_ko" unpack="false" version="3.5.0.v20090620043401" download-size="4158" install-size="4158" />
	<plugin fragment="true" id="org.eclipse.wst.xsl.jaxp.launching.nl_ko" unpack="false" version="3.5.0.v20090620043401" download-size="3216" install-size="3216" />
	<plugin fragment="true" id="org.eclipse.wst.xsl.launching.nl_ko" unpack="false" version="3.5.0.v20090620043401" download-size="1403" install-size="1403" />
	<plugin fragment="true" id="org.eclipse.wst.xsl.launching.tests.nl_ko" unpack="false" version="3.5.0.v20090620043401" download-size="1379" install-size="1379" />
	<plugin fragment="true" id="org.eclipse.wst.xsl.nl_ko" unpack="false" version="3.5.0.v20090620043401" download-size="1369" install-size="1369" />
	<plugin fragment="true" id="org.eclipse.wst.xsl.saxon.nl_ko" unpack="false" version="3.5.0.v20090620043401" download-size="1772" install-size="1772" />
	<plugin fragment="true" id="org.eclipse.wst.xsl.sdk.documentation.nl_ko" unpack="false" version="3.5.0.v20090620043401" download-size="1376" install-size="1376" />
	<plugin fragment="true" id="org.eclipse.wst.xsl.tests.nl_ko" unpack="false" version="3.5.0.v20090620043401" download-size="1372" install-size="1372" />
	<plugin fragment="true" id="org.eclipse.wst.xsl.ui.nl_ko" unpack="false" version="3.5.0.v20090620043401" download-size="2740" install-size="2740" />
	<plugin fragment="true" id="org.eclipse.wst.xsl.xalan.nl_ko" unpack="false" version="3.5.0.v20090620043401" download-size="1695" install-size="1695" />
</feature>