<?xml version="1.0" encoding="UTF-8" ?>
<feature
	id="org.eclipse.babel.nls_technology.subversive_pt_BR"
	label="Babel Language Pack for technology.subversive in Portuguese (Brazilian) (18.5%)"
	image="eclipse_update_120.jpg"
	provider-name="%providerName"
	version="3.5.0.v20090620043401">
	<copyright>
		%copyright
	</copyright>
	<license url="%licenseURL">
		%license
	</license>
	<description>Babel Language Pack for technology.subversive in Portuguese (Brazilian)</description>
	<plugin fragment="true" id="org.eclipse.team.svn.core.nl_pt_BR" unpack="false" version="3.5.0.v20090620043401" download-size="2791" install-size="2791" />
	<plugin fragment="true" id="org.eclipse.team.svn.mylyn.nl_pt_BR" unpack="false" version="3.5.0.v20090620043401" download-size="1390" install-size="1390" />
	<plugin fragment="true" id="org.eclipse.team.svn.ui.nl_pt_BR" unpack="false" version="3.5.0.v20090620043401" download-size="7114" install-size="7114" />
</feature>