<?xml version="1.0" encoding="UTF-8" ?>
<feature
	id="org.eclipse.babel.nls_datatools_ar"
	label="Babel Language Pack for datatools in Arabic (22.88%)"
	image="eclipse_update_120.jpg"
	provider-name="%providerName"
	version="3.5.0.v20090620043401">
	<copyright>
		%copyright
	</copyright>
	<license url="%licenseURL">
		%license
	</license>
	<description>Babel Language Pack for datatools in Arabic</description>
	<plugin fragment="true" id="org.eclipse.datatools.connectivity.apache.derby.dbdefinition.nl_ar" unpack="false" version="3.5.0.v20090620043401" download-size="1377" install-size="1377" />
	<plugin fragment="true" id="org.eclipse.datatools.connectivity.apache.derby.nl_ar" unpack="false" version="3.5.0.v20090620043401" download-size="1471" install-size="1471" />
	<plugin fragment="true" id="org.eclipse.datatools.connectivity.apache.derby.ui.nl_ar" unpack="false" version="3.5.0.v20090620043401" download-size="3651" install-size="3651" />
	<plugin fragment="true" id="org.eclipse.datatools.connectivity.console.profile.nl_ar" unpack="false" version="3.5.0.v20090620043401" download-size="2598" install-size="2598" />
	<plugin fragment="true" id="org.eclipse.datatools.connectivity.db.generic.nl_ar" unpack="false" version="3.5.0.v20090620043401" download-size="2690" install-size="2690" />
	<plugin fragment="true" id="org.eclipse.datatools.connectivity.db.generic.ui.nl_ar" unpack="false" version="3.5.0.v20090620043401" download-size="1368" install-size="1368" />
	<plugin fragment="true" id="org.eclipse.datatools.connectivity.dbdefinition.genericJDBC.nl_ar" unpack="false" version="3.5.0.v20090620043401" download-size="1398" install-size="1398" />
	<plugin fragment="true" id="org.eclipse.datatools.connectivity.nl_ar" unpack="false" version="3.5.0.v20090620043401" download-size="3332" install-size="3332" />
	<plugin fragment="true" id="org.eclipse.datatools.connectivity.oda.consumer.nl_ar" unpack="false" version="3.5.0.v20090620043401" download-size="2981" install-size="2981" />
	<plugin fragment="true" id="org.eclipse.datatools.connectivity.oda.design.nl_ar" unpack="false" version="3.5.0.v20090620043401" download-size="1363" install-size="1363" />
	<plugin fragment="true" id="org.eclipse.datatools.connectivity.oda.design.ui.nl_ar" unpack="false" version="3.5.0.v20090620043401" download-size="2989" install-size="2989" />
	<plugin fragment="true" id="org.eclipse.datatools.connectivity.oda.flatfile.nl_ar" unpack="false" version="3.5.0.v20090620043401" download-size="2821" install-size="2821" />
	<plugin fragment="true" id="org.eclipse.datatools.connectivity.oda.flatfile.ui.nl_ar" unpack="false" version="3.5.0.v20090620043401" download-size="3161" install-size="3161" />
	<plugin fragment="true" id="org.eclipse.datatools.connectivity.oda.template.ui.nl_ar" unpack="false" version="3.5.0.v20090620043401" download-size="3002" install-size="3002" />
	<plugin fragment="true" id="org.eclipse.datatools.connectivity.sqm.core.nl_ar" unpack="false" version="3.5.0.v20090620043401" download-size="3102" install-size="3102" />
	<plugin fragment="true" id="org.eclipse.datatools.connectivity.sqm.core.ui.nl_ar" unpack="false" version="3.5.0.v20090620043401" download-size="4432" install-size="4432" />
	<plugin fragment="true" id="org.eclipse.datatools.connectivity.sqm.server.ui.nl_ar" unpack="false" version="3.5.0.v20090620043401" download-size="3686" install-size="3686" />
	<plugin fragment="true" id="org.eclipse.datatools.connectivity.ui.dse.nl_ar" unpack="false" version="3.5.0.v20090620043401" download-size="3005" install-size="3005" />
	<plugin fragment="true" id="org.eclipse.datatools.connectivity.ui.nl_ar" unpack="false" version="3.5.0.v20090620043401" download-size="3659" install-size="3659" />
	<plugin fragment="true" id="org.eclipse.datatools.connectivity.ui.templates.nl_ar" unpack="false" version="3.5.0.v20090620043401" download-size="2811" install-size="2811" />
	<plugin fragment="true" id="org.eclipse.datatools.enablement.finfo.nl_ar" unpack="false" version="3.5.0.v20090620043401" download-size="1375" install-size="1375" />
	<plugin fragment="true" id="org.eclipse.datatools.enablement.hsqldb.dbdefinition.nl_ar" unpack="false" version="3.5.0.v20090620043401" download-size="1386" install-size="1386" />
	<plugin fragment="true" id="org.eclipse.datatools.enablement.hsqldb.nl_ar" unpack="false" version="3.5.0.v20090620043401" download-size="1455" install-size="1455" />
	<plugin fragment="true" id="org.eclipse.datatools.enablement.hsqldb.ui.nl_ar" unpack="false" version="3.5.0.v20090620043401" download-size="2776" install-size="2776" />
	<plugin fragment="true" id="org.eclipse.datatools.enablement.ibm.db2.iseries.dbdefinition.nl_ar" unpack="false" version="3.5.0.v20090620043401" download-size="1394" install-size="1394" />
	<plugin fragment="true" id="org.eclipse.datatools.enablement.ibm.db2.iseries.nl_ar" unpack="false" version="3.5.0.v20090620043401" download-size="1463" install-size="1463" />
	<plugin fragment="true" id="org.eclipse.datatools.enablement.ibm.db2.iseries.ui.nl_ar" unpack="false" version="3.5.0.v20090620043401" download-size="3435" install-size="3435" />
	<plugin fragment="true" id="org.eclipse.datatools.enablement.ibm.db2.luw.dbdefinition.nl_ar" unpack="false" version="3.5.0.v20090620043401" download-size="1392" install-size="1392" />
	<plugin fragment="true" id="org.eclipse.datatools.enablement.ibm.db2.luw.nl_ar" unpack="false" version="3.5.0.v20090620043401" download-size="1460" install-size="1460" />
	<plugin fragment="true" id="org.eclipse.datatools.enablement.ibm.db2.luw.ui.nl_ar" unpack="false" version="3.5.0.v20090620043401" download-size="3394" install-size="3394" />
	<plugin fragment="true" id="org.eclipse.datatools.enablement.ibm.db2.zseries.dbdefinition.nl_ar" unpack="false" version="3.5.0.v20090620043401" download-size="1395" install-size="1395" />
	<plugin fragment="true" id="org.eclipse.datatools.enablement.ibm.db2.zseries.nl_ar" unpack="false" version="3.5.0.v20090620043401" download-size="1464" install-size="1464" />
	<plugin fragment="true" id="org.eclipse.datatools.enablement.ibm.db2.zseries.ui.nl_ar" unpack="false" version="3.5.0.v20090620043401" download-size="3456" install-size="3456" />
	<plugin fragment="true" id="org.eclipse.datatools.enablement.ibm.informix.dbdefinition.nl_ar" unpack="false" version="3.5.0.v20090620043401" download-size="1407" install-size="1407" />
	<plugin fragment="true" id="org.eclipse.datatools.enablement.ibm.informix.nl_ar" unpack="false" version="3.5.0.v20090620043401" download-size="1460" install-size="1460" />
	<plugin fragment="true" id="org.eclipse.datatools.enablement.ibm.informix.ui.nl_ar" unpack="false" version="3.5.0.v20090620043401" download-size="3265" install-size="3265" />
	<plugin fragment="true" id="org.eclipse.datatools.enablement.ibm.ui.nl_ar" unpack="false" version="3.5.0.v20090620043401" download-size="3001" install-size="3001" />
	<plugin fragment="true" id="org.eclipse.datatools.enablement.ingres.dbdefinition.nl_ar" unpack="false" version="3.5.0.v20090620043401" download-size="1387" install-size="1387" />
	<plugin fragment="true" id="org.eclipse.datatools.enablement.ingres.nl_ar" unpack="false" version="3.5.0.v20090620043401" download-size="1459" install-size="1459" />
	<plugin fragment="true" id="org.eclipse.datatools.enablement.ingres.ui.nl_ar" unpack="false" version="3.5.0.v20090620043401" download-size="2902" install-size="2902" />
	<plugin fragment="true" id="org.eclipse.datatools.enablement.jdt.classpath.nl_ar" unpack="false" version="3.5.0.v20090620043401" download-size="1387" install-size="1387" />
	<plugin fragment="true" id="org.eclipse.datatools.enablement.msft.sqlserver.dbdefinition.nl_ar" unpack="false" version="3.5.0.v20090620043401" download-size="1393" install-size="1393" />
	<plugin fragment="true" id="org.eclipse.datatools.enablement.msft.sqlserver.nl_ar" unpack="false" version="3.5.0.v20090620043401" download-size="1465" install-size="1465" />
	<plugin fragment="true" id="org.eclipse.datatools.enablement.msft.sqlserver.ui.nl_ar" unpack="false" version="3.5.0.v20090620043401" download-size="3535" install-size="3535" />
	<plugin fragment="true" id="org.eclipse.datatools.enablement.mysql.dbdefinition.nl_ar" unpack="false" version="3.5.0.v20090620043401" download-size="1406" install-size="1406" />
	<plugin fragment="true" id="org.eclipse.datatools.enablement.mysql.nl_ar" unpack="false" version="3.5.0.v20090620043401" download-size="1486" install-size="1486" />
	<plugin fragment="true" id="org.eclipse.datatools.enablement.mysql.ui.nl_ar" unpack="false" version="3.5.0.v20090620043401" download-size="1377" install-size="1377" />
	<plugin fragment="true" id="org.eclipse.datatools.enablement.oda.ws.ui.nl_ar" unpack="false" version="3.5.0.v20090620043401" download-size="3030" install-size="3030" />
	<plugin fragment="true" id="org.eclipse.datatools.enablement.oda.xml.nl_ar" unpack="false" version="3.5.0.v20090620043401" download-size="3088" install-size="3088" />
	<plugin fragment="true" id="org.eclipse.datatools.enablement.oda.xml.ui.nl_ar" unpack="false" version="3.5.0.v20090620043401" download-size="3578" install-size="3578" />
	<plugin fragment="true" id="org.eclipse.datatools.enablement.oracle.dbdefinition.nl_ar" unpack="false" version="3.5.0.v20090620043401" download-size="1441" install-size="1441" />
	<plugin fragment="true" id="org.eclipse.datatools.enablement.oracle.nl_ar" unpack="false" version="3.5.0.v20090620043401" download-size="1543" install-size="1543" />
	<plugin fragment="true" id="org.eclipse.datatools.enablement.oracle.ui.nl_ar" unpack="false" version="3.5.0.v20090620043401" download-size="3093" install-size="3093" />
	<plugin fragment="true" id="org.eclipse.datatools.enablement.postgresql.dbdefinition.nl_ar" unpack="false" version="3.5.0.v20090620043401" download-size="1391" install-size="1391" />
	<plugin fragment="true" id="org.eclipse.datatools.enablement.postgresql.nl_ar" unpack="false" version="3.5.0.v20090620043401" download-size="1480" install-size="1480" />
	<plugin fragment="true" id="org.eclipse.datatools.enablement.postgresql.ui.nl_ar" unpack="false" version="3.5.0.v20090620043401" download-size="1380" install-size="1380" />
	<plugin fragment="true" id="org.eclipse.datatools.enablement.sap.maxdb.dbdefinition.nl_ar" unpack="false" version="3.5.0.v20090620043401" download-size="1373" install-size="1373" />
	<plugin fragment="true" id="org.eclipse.datatools.enablement.sap.maxdb.nl_ar" unpack="false" version="3.5.0.v20090620043401" download-size="1455" install-size="1455" />
	<plugin fragment="true" id="org.eclipse.datatools.enablement.sap.maxdb.ui.nl_ar" unpack="false" version="3.5.0.v20090620043401" download-size="1380" install-size="1380" />
	<plugin fragment="true" id="org.eclipse.datatools.enablement.sqlite.dbdefinition.nl_ar" unpack="false" version="3.5.0.v20090620043401" download-size="1386" install-size="1386" />
	<plugin fragment="true" id="org.eclipse.datatools.enablement.sqlite.nl_ar" unpack="false" version="3.5.0.v20090620043401" download-size="1454" install-size="1454" />
	<plugin fragment="true" id="org.eclipse.datatools.enablement.sqlite.ui.nl_ar" unpack="false" version="3.5.0.v20090620043401" download-size="2738" install-size="2738" />
	<plugin fragment="true" id="org.eclipse.datatools.enablement.sybase.asa.dbdefinition.nl_ar" unpack="false" version="3.5.0.v20090620043401" download-size="1391" install-size="1391" />
	<plugin fragment="true" id="org.eclipse.datatools.enablement.sybase.asa.models.nl_ar" unpack="false" version="3.5.0.v20090620043401" download-size="1383" install-size="1383" />
	<plugin fragment="true" id="org.eclipse.datatools.enablement.sybase.asa.nl_ar" unpack="false" version="3.5.0.v20090620043401" download-size="3000" install-size="3000" />
	<plugin fragment="true" id="org.eclipse.datatools.enablement.sybase.asa.schemaobjecteditor.examples.nl_ar" unpack="false" version="3.5.0.v20090620043401" download-size="16256" install-size="16256" />
	<plugin fragment="true" id="org.eclipse.datatools.enablement.sybase.asa.ui.nl_ar" unpack="false" version="3.5.0.v20090620043401" download-size="1458" install-size="1458" />
	<plugin fragment="true" id="org.eclipse.datatools.enablement.sybase.ase.dbdefinition.nl_ar" unpack="false" version="3.5.0.v20090620043401" download-size="1390" install-size="1390" />
	<plugin fragment="true" id="org.eclipse.datatools.enablement.sybase.ase.models.nl_ar" unpack="false" version="3.5.0.v20090620043401" download-size="1383" install-size="1383" />
	<plugin fragment="true" id="org.eclipse.datatools.enablement.sybase.ase.nl_ar" unpack="false" version="3.5.0.v20090620043401" download-size="2557" install-size="2557" />
	<plugin fragment="true" id="org.eclipse.datatools.enablement.sybase.ase.ui.nl_ar" unpack="false" version="3.5.0.v20090620043401" download-size="1477" install-size="1477" />
	<plugin fragment="true" id="org.eclipse.datatools.enablement.sybase.models.nl_ar" unpack="false" version="3.5.0.v20090620043401" download-size="1381" install-size="1381" />
	<plugin fragment="true" id="org.eclipse.datatools.enablement.sybase.nl_ar" unpack="false" version="3.5.0.v20090620043401" download-size="3016" install-size="3016" />
	<plugin fragment="true" id="org.eclipse.datatools.enablement.sybase.ui.nl_ar" unpack="false" version="3.5.0.v20090620043401" download-size="3005" install-size="3005" />
	<plugin fragment="true" id="org.eclipse.datatools.help.nl_ar" unpack="false" version="3.5.0.v20090620043401" download-size="1352" install-size="1352" />
	<plugin fragment="true" id="org.eclipse.datatools.modelbase.dbdefinition.nl_ar" unpack="false" version="3.5.0.v20090620043401" download-size="1380" install-size="1380" />
	<plugin fragment="true" id="org.eclipse.datatools.modelbase.derby.nl_ar" unpack="false" version="3.5.0.v20090620043401" download-size="1376" install-size="1376" />
	<plugin fragment="true" id="org.eclipse.datatools.modelbase.sql.edit.nl_ar" unpack="false" version="3.5.0.v20090620043401" download-size="2871" install-size="2871" />
	<plugin fragment="true" id="org.eclipse.datatools.modelbase.sql.nl_ar" unpack="false" version="3.5.0.v20090620043401" download-size="1375" install-size="1375" />
	<plugin fragment="true" id="org.eclipse.datatools.modelbase.sql.query.edit.nl_ar" unpack="false" version="3.5.0.v20090620043401" download-size="1799" install-size="1799" />
	<plugin fragment="true" id="org.eclipse.datatools.modelbase.sql.query.nl_ar" unpack="false" version="3.5.0.v20090620043401" download-size="1379" install-size="1379" />
	<plugin fragment="true" id="org.eclipse.datatools.modelbase.sql.xml.query.nl_ar" unpack="false" version="3.5.0.v20090620043401" download-size="1382" install-size="1382" />
	<plugin fragment="true" id="org.eclipse.datatools.sqltools.common.ui.nl_ar" unpack="false" version="3.5.0.v20090620043401" download-size="5770" install-size="5770" />
	<plugin fragment="true" id="org.eclipse.datatools.sqltools.data.core.nl_ar" unpack="false" version="3.5.0.v20090620043401" download-size="2858" install-size="2858" />
	<plugin fragment="true" id="org.eclipse.datatools.sqltools.data.ui.nl_ar" unpack="false" version="3.5.0.v20090620043401" download-size="3557" install-size="3557" />
	<plugin fragment="true" id="org.eclipse.datatools.sqltools.db.derby.nl_ar" unpack="false" version="3.5.0.v20090620043401" download-size="2641" install-size="2641" />
	<plugin fragment="true" id="org.eclipse.datatools.sqltools.db.derby.ui.nl_ar" unpack="false" version="3.5.0.v20090620043401" download-size="1384" install-size="1384" />
	<plugin fragment="true" id="org.eclipse.datatools.sqltools.db.generic.nl_ar" unpack="false" version="3.5.0.v20090620043401" download-size="2653" install-size="2653" />
	<plugin fragment="true" id="org.eclipse.datatools.sqltools.db.generic.ui.nl_ar" unpack="false" version="3.5.0.v20090620043401" download-size="1385" install-size="1385" />
	<plugin fragment="true" id="org.eclipse.datatools.sqltools.ddlgen.ui.nl_ar" unpack="false" version="3.5.0.v20090620043401" download-size="3308" install-size="3308" />
	<plugin fragment="true" id="org.eclipse.datatools.sqltools.debugger.core.nl_ar" unpack="false" version="3.5.0.v20090620043401" download-size="4627" install-size="4627" />
	<plugin fragment="true" id="org.eclipse.datatools.sqltools.debugger.core.ui.nl_ar" unpack="false" version="3.5.0.v20090620043401" download-size="3799" install-size="3799" />
	<plugin fragment="true" id="org.eclipse.datatools.sqltools.editor.core.nl_ar" unpack="false" version="3.5.0.v20090620043401" download-size="2494" install-size="2494" />
	<plugin fragment="true" id="org.eclipse.datatools.sqltools.editor.core.ui.nl_ar" unpack="false" version="3.5.0.v20090620043401" download-size="1385" install-size="1385" />
	<plugin fragment="true" id="org.eclipse.datatools.sqltools.parsers.sql.lexer.nl_ar" unpack="false" version="3.5.0.v20090620043401" download-size="1382" install-size="1382" />
	<plugin fragment="true" id="org.eclipse.datatools.sqltools.parsers.sql.nl_ar" unpack="false" version="3.5.0.v20090620043401" download-size="1377" install-size="1377" />
	<plugin fragment="true" id="org.eclipse.datatools.sqltools.parsers.sql.query.nl_ar" unpack="false" version="3.5.0.v20090620043401" download-size="2722" install-size="2722" />
	<plugin fragment="true" id="org.eclipse.datatools.sqltools.parsers.sql.xml.query.nl_ar" unpack="false" version="3.5.0.v20090620043401" download-size="1385" install-size="1385" />
	<plugin fragment="true" id="org.eclipse.datatools.sqltools.plan.nl_ar" unpack="false" version="3.5.0.v20090620043401" download-size="4225" install-size="4225" />
	<plugin fragment="true" id="org.eclipse.datatools.sqltools.result.nl_ar" unpack="false" version="3.5.0.v20090620043401" download-size="4277" install-size="4277" />
	<plugin fragment="true" id="org.eclipse.datatools.sqltools.result.ui.nl_ar" unpack="false" version="3.5.0.v20090620043401" download-size="3900" install-size="3900" />
	<plugin fragment="true" id="org.eclipse.datatools.sqltools.routineeditor.nl_ar" unpack="false" version="3.5.0.v20090620043401" download-size="5863" install-size="5863" />
	<plugin fragment="true" id="org.eclipse.datatools.sqltools.routineeditor.ui.nl_ar" unpack="false" version="3.5.0.v20090620043401" download-size="5211" install-size="5211" />
	<plugin fragment="true" id="org.eclipse.datatools.sqltools.schemaobjecteditor.nl_ar" unpack="false" version="3.5.0.v20090620043401" download-size="1388" install-size="1388" />
	<plugin fragment="true" id="org.eclipse.datatools.sqltools.schemaobjecteditor.ui.nl_ar" unpack="false" version="3.5.0.v20090620043401" download-size="5999" install-size="5999" />
	<plugin fragment="true" id="org.eclipse.datatools.sqltools.schemaobjecteditor.ui.pages.nl_ar" unpack="false" version="3.5.0.v20090620043401" download-size="3687" install-size="3687" />
	<plugin fragment="true" id="org.eclipse.datatools.sqltools.sql.nl_ar" unpack="false" version="3.5.0.v20090620043401" download-size="2657" install-size="2657" />
	<plugin fragment="true" id="org.eclipse.datatools.sqltools.sql.ui.nl_ar" unpack="false" version="3.5.0.v20090620043401" download-size="1373" install-size="1373" />
	<plugin fragment="true" id="org.eclipse.datatools.sqltools.sqlbuilder.nl_ar" unpack="false" version="3.5.0.v20090620043401" download-size="3744" install-size="3744" />
	<plugin fragment="true" id="org.eclipse.datatools.sqltools.sqleditor.nl_ar" unpack="false" version="3.5.0.v20090620043401" download-size="9057" install-size="9057" />
	<plugin fragment="true" id="org.eclipse.datatools.sqltools.sqlscrapbook.nl_ar" unpack="false" version="3.5.0.v20090620043401" download-size="4960" install-size="4960" />
	<plugin fragment="true" id="org.eclipse.datatools.sqltools.tabledataeditor.nl_ar" unpack="false" version="3.5.0.v20090620043401" download-size="1380" install-size="1380" />
</feature>