<?xml version="1.0" encoding="UTF-8" ?>
<feature
	id="org.eclipse.babel.nls_modeling.tmf_fr"
	label="Babel Language Pack for modeling.tmf in French (54.55%)"
	image="eclipse_update_120.jpg"
	provider-name="%providerName"
	version="3.5.0.v20090620043401">
	<copyright>
		%copyright
	</copyright>
	<license url="%licenseURL">
		%license
	</license>
	<description>Babel Language Pack for modeling.tmf in French</description>
	<plugin fragment="true" id="org.eclipse.xtext.activities.nl_fr" unpack="false" version="3.5.0.v20090620043401" download-size="1370" install-size="1370" />
	<plugin fragment="true" id="org.eclipse.xtext.bootstrap.nl_fr" unpack="false" version="3.5.0.v20090620043401" download-size="1369" install-size="1369" />
	<plugin fragment="true" id="org.eclipse.xtext.doc.nl_fr" unpack="false" version="3.5.0.v20090620043401" download-size="1365" install-size="1365" />
	<plugin fragment="true" id="org.eclipse.xtext.example.domainmodel.nl_fr" unpack="false" version="3.5.0.v20090620043401" download-size="1380" install-size="1380" />
	<plugin fragment="true" id="org.eclipse.xtext.example.ecoredsl.nl_fr" unpack="false" version="3.5.0.v20090620043401" download-size="1379" install-size="1379" />
	<plugin fragment="true" id="org.eclipse.xtext.example.fowlerdsl.nl_fr" unpack="false" version="3.5.0.v20090620043401" download-size="1379" install-size="1379" />
	<plugin fragment="true" id="org.eclipse.xtext.generator.nl_fr" unpack="false" version="3.5.0.v20090620043401" download-size="1665" install-size="1665" />
	<plugin fragment="true" id="org.eclipse.xtext.generator.tests.nl_fr" unpack="false" version="3.5.0.v20090620043401" download-size="1673" install-size="1673" />
	<plugin fragment="true" id="org.eclipse.xtext.logging.nl_fr" unpack="false" version="3.5.0.v20090620043401" download-size="1626" install-size="1626" />
	<plugin fragment="true" id="org.eclipse.xtext.nl_fr" unpack="false" version="3.5.0.v20090620043401" download-size="1658" install-size="1658" />
	<plugin fragment="true" id="org.eclipse.xtext.reference.nl_fr" unpack="false" version="3.5.0.v20090620043401" download-size="1374" install-size="1374" />
	<plugin fragment="true" id="org.eclipse.xtext.ui.common.nl_fr" unpack="false" version="3.5.0.v20090620043401" download-size="1369" install-size="1369" />
	<plugin fragment="true" id="org.eclipse.xtext.ui.common.tests.nl_fr" unpack="false" version="3.5.0.v20090620043401" download-size="1377" install-size="1377" />
	<plugin fragment="true" id="org.eclipse.xtext.ui.core.nl_fr" unpack="false" version="3.5.0.v20090620043401" download-size="2986" install-size="2986" />
	<plugin fragment="true" id="org.eclipse.xtext.ui.integration.tests.nl_fr" unpack="false" version="3.5.0.v20090620043401" download-size="1380" install-size="1380" />
	<plugin fragment="true" id="org.eclipse.xtext.util.nl_fr" unpack="false" version="3.5.0.v20090620043401" download-size="1366" install-size="1366" />
	<plugin fragment="true" id="org.eclipse.xtext.xtend.tests.nl_fr" unpack="false" version="3.5.0.v20090620043401" download-size="1374" install-size="1374" />
	<plugin fragment="true" id="org.eclipse.xtext.xtext.ui.nl_fr" unpack="false" version="3.5.0.v20090620043401" download-size="2023" install-size="2023" />
</feature>