<?xml version="1.0" encoding="UTF-8" ?>
<feature
	id="org.eclipse.babel.nls_modeling.emft_nl"
	label="Babel Language Pack for modeling.emft in Dutch (83.68%)"
	image="eclipse_update_120.jpg"
	provider-name="%providerName"
	version="3.5.0.v20090620043401">
	<copyright>
		%copyright
	</copyright>
	<license url="%licenseURL">
		%license
	</license>
	<description>Babel Language Pack for modeling.emft in Dutch</description>
	<plugin fragment="true" id="org.eclipse.emf.compare.diff.edit.nl_nl" unpack="false" version="3.5.0.v20090620043401" download-size="2934" install-size="2934" />
	<plugin fragment="true" id="org.eclipse.emf.compare.diff.nl_nl" unpack="false" version="3.5.0.v20090620043401" download-size="2652" install-size="2652" />
	<plugin fragment="true" id="org.eclipse.emf.compare.epatch.nl_nl" unpack="false" version="3.5.0.v20090620043401" download-size="1370" install-size="1370" />
	<plugin fragment="true" id="org.eclipse.emf.compare.match.nl_nl" unpack="false" version="3.5.0.v20090620043401" download-size="2931" install-size="2931" />
	<plugin fragment="true" id="org.eclipse.emf.compare.nl_nl" unpack="false" version="3.5.0.v20090620043401" download-size="2744" install-size="2744" />
	<plugin fragment="true" id="org.eclipse.emf.compare.tests.nl_nl" unpack="false" version="3.5.0.v20090620043401" download-size="1370" install-size="1370" />
	<plugin fragment="true" id="org.eclipse.emf.compare.ui.nl_nl" unpack="false" version="3.5.0.v20090620043401" download-size="4631" install-size="4631" />
	<plugin fragment="true" id="org.eclipse.emf.mwe.activities.nl_nl" unpack="false" version="3.5.0.v20090620043401" download-size="1371" install-size="1371" />
	<plugin fragment="true" id="org.eclipse.emf.mwe.core.nl_nl" unpack="false" version="3.5.0.v20090620043401" download-size="1590" install-size="1590" />
	<plugin fragment="true" id="org.eclipse.emf.mwe.doc.nl_nl" unpack="false" version="3.5.0.v20090620043401" download-size="1620" install-size="1620" />
	<plugin fragment="true" id="org.eclipse.emf.mwe.examples.nl_nl" unpack="false" version="3.5.0.v20090620043401" download-size="1371" install-size="1371" />
	<plugin fragment="true" id="org.eclipse.emf.mwe.tests.nl_nl" unpack="false" version="3.5.0.v20090620043401" download-size="1576" install-size="1576" />
	<plugin fragment="true" id="org.eclipse.emf.mwe.ui.editor.nl_nl" unpack="false" version="3.5.0.v20090620043401" download-size="2556" install-size="2556" />
	<plugin fragment="true" id="org.eclipse.emf.mwe.ui.nl_nl" unpack="false" version="3.5.0.v20090620043401" download-size="2421" install-size="2421" />
	<plugin fragment="true" id="org.eclipse.emf.mwe.ui.simpleEditor.nl_nl" unpack="false" version="3.5.0.v20090620043401" download-size="1373" install-size="1373" />
	<plugin fragment="true" id="org.eclipse.emf.mwe.utils.nl_nl" unpack="false" version="3.5.0.v20090620043401" download-size="1367" install-size="1367" />
</feature>