<?xml version="1.0" encoding="UTF-8" ?>
<feature
	id="org.eclipse.babel.nls_webtools.servertools_el"
	label="Babel Language Pack for webtools.servertools in Greek (71.91%)"
	image="eclipse_update_120.jpg"
	provider-name="%providerName"
	version="3.5.0.v20090620043401">
	<copyright>
		%copyright
	</copyright>
	<license url="%licenseURL">
		%license
	</license>
	<description>Babel Language Pack for webtools.servertools in Greek</description>
	<plugin fragment="true" id="org.apache.cactus.nl_el" unpack="false" version="3.5.0.v20090620043401" download-size="1368" install-size="1368" />
	<plugin fragment="true" id="org.eclipse.jst.server.core.nl_el" unpack="false" version="3.5.0.v20090620043401" download-size="3918" install-size="3918" />
	<plugin fragment="true" id="org.eclipse.jst.server.generic.core.nl_el" unpack="false" version="3.5.0.v20090620043401" download-size="4055" install-size="4055" />
	<plugin fragment="true" id="org.eclipse.jst.server.generic.jboss.nl_el" unpack="false" version="3.5.0.v20090620043401" download-size="1923" install-size="1923" />
	<plugin fragment="true" id="org.eclipse.jst.server.generic.jonas.nl_el" unpack="false" version="3.5.0.v20090620043401" download-size="1976" install-size="1976" />
	<plugin fragment="true" id="org.eclipse.jst.server.generic.oc4j.nl_el" unpack="false" version="3.5.0.v20090620043401" download-size="2117" install-size="2117" />
	<plugin fragment="true" id="org.eclipse.jst.server.generic.ui.nl_el" unpack="false" version="3.5.0.v20090620043401" download-size="3238" install-size="3238" />
	<plugin fragment="true" id="org.eclipse.jst.server.installable.nl_el" unpack="false" version="3.5.0.v20090620043401" download-size="1482" install-size="1482" />
	<plugin fragment="true" id="org.eclipse.jst.server.preview.adapter.nl_el" unpack="false" version="3.5.0.v20090620043401" download-size="2940" install-size="2940" />
	<plugin fragment="true" id="org.eclipse.jst.server.tomcat.core.nl_el" unpack="false" version="3.5.0.v20090620043401" download-size="5814" install-size="5814" />
	<plugin fragment="true" id="org.eclipse.jst.server.tomcat.ui.nl_el" unpack="false" version="3.5.0.v20090620043401" download-size="3968" install-size="3968" />
	<plugin fragment="true" id="org.eclipse.jst.server.ui.doc.user.nl_el" unpack="false" version="3.5.0.v20090620043401" download-size="1374" install-size="1374" />
	<plugin fragment="true" id="org.eclipse.jst.server.ui.infopop.nl_el" unpack="false" version="3.5.0.v20090620043401" download-size="1493" install-size="1493" />
	<plugin fragment="true" id="org.eclipse.jst.server.ui.nl_el" unpack="false" version="3.5.0.v20090620043401" download-size="3086" install-size="3086" />
	<plugin fragment="true" id="org.eclipse.jst.server.websphere.core.nl_el" unpack="false" version="3.5.0.v20090620043401" download-size="1823" install-size="1823" />
	<plugin fragment="true" id="org.eclipse.servertools.doc.isv.nl_el" unpack="false" version="3.5.0.v20090620043401" download-size="1370" install-size="1370" />
	<plugin fragment="true" id="org.eclipse.wst.internet.monitor.core.nl_el" unpack="false" version="3.5.0.v20090620043401" download-size="3149" install-size="3149" />
	<plugin fragment="true" id="org.eclipse.wst.internet.monitor.ui.nl_el" unpack="false" version="3.5.0.v20090620043401" download-size="3833" install-size="3833" />
	<plugin fragment="true" id="org.eclipse.wst.server.core.nl_el" unpack="false" version="3.5.0.v20090620043401" download-size="4537" install-size="4537" />
	<plugin fragment="true" id="org.eclipse.wst.server.discovery.nl_el" unpack="false" version="3.5.0.v20090620043401" download-size="2819" install-size="2819" />
	<plugin fragment="true" id="org.eclipse.wst.server.http.core.nl_el" unpack="false" version="3.5.0.v20090620043401" download-size="2876" install-size="2876" />
	<plugin fragment="true" id="org.eclipse.wst.server.http.ui.nl_el" unpack="false" version="3.5.0.v20090620043401" download-size="2578" install-size="2578" />
	<plugin fragment="true" id="org.eclipse.wst.server.preview.adapter.nl_el" unpack="false" version="3.5.0.v20090620043401" download-size="3113" install-size="3113" />
	<plugin fragment="true" id="org.eclipse.wst.server.preview.nl_el" unpack="false" version="3.5.0.v20090620043401" download-size="3041" install-size="3041" />
	<plugin fragment="true" id="org.eclipse.wst.server.ui.doc.user.nl_el" unpack="false" version="3.5.0.v20090620043401" download-size="1445" install-size="1445" />
	<plugin fragment="true" id="org.eclipse.wst.server.ui.infopop.nl_el" unpack="false" version="3.5.0.v20090620043401" download-size="1500" install-size="1500" />
	<plugin fragment="true" id="org.eclipse.wst.server.ui.nl_el" unpack="false" version="3.5.0.v20090620043401" download-size="9374" install-size="9374" />
</feature>