<?xml version="1.0" encoding="UTF-8" ?>
<feature
	id="org.eclipse.babel.nls_stp.bpmn_ro"
	label="Babel Language Pack for stp.bpmn in Romanian (4.33%)"
	image="eclipse_update_120.jpg"
	provider-name="%providerName"
	version="3.5.0.v20090620043401">
	<copyright>
		%copyright
	</copyright>
	<license url="%licenseURL">
		%license
	</license>
	<description>Babel Language Pack for stp.bpmn in Romanian</description>
	<plugin fragment="true" id="org.eclipse.stp.bpmn.diagram.nl_ro" unpack="false" version="3.5.0.v20090620043401" download-size="2288" install-size="2288" />
	<plugin fragment="true" id="org.eclipse.stp.bpmn.edit.nl_ro" unpack="false" version="3.5.0.v20090620043401" download-size="1619" install-size="1619" />
	<plugin fragment="true" id="org.eclipse.stp.bpmn.nl_ro" unpack="false" version="3.5.0.v20090620043401" download-size="1348" install-size="1348" />
	<plugin fragment="true" id="org.eclipse.stp.bpmn.validation.nl_ro" unpack="false" version="3.5.0.v20090620043401" download-size="1373" install-size="1373" />
</feature>