<?xml version="1.0" encoding="UTF-8" ?>
<feature
	id="org.eclipse.babel.nls_rt.equinox_tr"
	label="Babel Language Pack for rt.equinox in Turkish (34.27%)"
	image="eclipse_update_120.jpg"
	provider-name="%providerName"
	version="3.5.0.v20090620043401">
	<copyright>
		%copyright
	</copyright>
	<license url="%licenseURL">
		%license
	</license>
	<description>Babel Language Pack for rt.equinox in Turkish</description>
	<plugin fragment="true" id="org.eclipse.core.resources.jmx.nl_tr" unpack="false" version="3.5.0.v20090620043401" download-size="2244" install-size="2244" />
	<plugin fragment="true" id="org.eclipse.equinox.frameworkadmin.equinox.nl_tr" unpack="false" version="3.5.0.v20090620043401" download-size="1378" install-size="1378" />
	<plugin fragment="true" id="org.eclipse.equinox.frameworkadmin.nl_tr" unpack="false" version="3.5.0.v20090620043401" download-size="1376" install-size="1376" />
	<plugin fragment="true" id="org.eclipse.equinox.initializer.nl_tr" unpack="false" version="3.5.0.v20090620043401" download-size="1399" install-size="1399" />
	<plugin fragment="true" id="org.eclipse.equinox.jmx.client.nl_tr" unpack="false" version="3.5.0.v20090620043401" download-size="4674" install-size="4674" />
	<plugin fragment="true" id="org.eclipse.equinox.jmx.common.nl_tr" unpack="false" version="3.5.0.v20090620043401" download-size="2287" install-size="2287" />
	<plugin fragment="true" id="org.eclipse.equinox.jmx.server.nl_tr" unpack="false" version="3.5.0.v20090620043401" download-size="2946" install-size="2946" />
	<plugin fragment="true" id="org.eclipse.equinox.jmx.vm.nl_tr" unpack="false" version="3.5.0.v20090620043401" download-size="2665" install-size="2665" />
	<plugin fragment="true" id="org.eclipse.equinox.p2.artifact.repository.nl_tr" unpack="false" version="3.5.0.v20090620043401" download-size="2633" install-size="2633" />
	<plugin fragment="true" id="org.eclipse.equinox.p2.console.nl_tr" unpack="false" version="3.5.0.v20090620043401" download-size="1372" install-size="1372" />
	<plugin fragment="true" id="org.eclipse.equinox.p2.core.nl_tr" unpack="false" version="3.5.0.v20090620043401" download-size="1371" install-size="1371" />
	<plugin fragment="true" id="org.eclipse.equinox.p2.director.app.nl_tr" unpack="false" version="3.5.0.v20090620043401" download-size="1375" install-size="1375" />
	<plugin fragment="true" id="org.eclipse.equinox.p2.director.nl_tr" unpack="false" version="3.5.0.v20090620043401" download-size="2424" install-size="2424" />
	<plugin fragment="true" id="org.eclipse.equinox.p2.directorywatcher.nl_tr" unpack="false" version="3.5.0.v20090620043401" download-size="1378" install-size="1378" />
	<plugin fragment="true" id="org.eclipse.equinox.p2.engine.nl_tr" unpack="false" version="3.5.0.v20090620043401" download-size="2856" install-size="2856" />
	<plugin fragment="true" id="org.eclipse.equinox.p2.exemplarysetup.nl_tr" unpack="false" version="3.5.0.v20090620043401" download-size="1378" install-size="1378" />
	<plugin fragment="true" id="org.eclipse.equinox.p2.extensionlocation.nl_tr" unpack="false" version="3.5.0.v20090620043401" download-size="1378" install-size="1378" />
	<plugin fragment="true" id="org.eclipse.equinox.p2.garbagecollector.nl_tr" unpack="false" version="3.5.0.v20090620043401" download-size="1378" install-size="1378" />
	<plugin fragment="true" id="org.eclipse.equinox.p2.installer.nl_tr" unpack="false" version="3.5.0.v20090620043401" download-size="2797" install-size="2797" />
	<plugin fragment="true" id="org.eclipse.equinox.p2.jarprocessor.nl_tr" unpack="false" version="3.5.0.v20090620043401" download-size="1375" install-size="1375" />
	<plugin fragment="true" id="org.eclipse.equinox.p2.metadata.generator.nl_tr" unpack="false" version="3.5.0.v20090620043401" download-size="3797" install-size="3797" />
	<plugin fragment="true" id="org.eclipse.equinox.p2.metadata.nl_tr" unpack="false" version="3.5.0.v20090620043401" download-size="1373" install-size="1373" />
	<plugin fragment="true" id="org.eclipse.equinox.p2.metadata.repository.nl_tr" unpack="false" version="3.5.0.v20090620043401" download-size="2634" install-size="2634" />
	<plugin fragment="true" id="org.eclipse.equinox.p2.publisher.nl_tr" unpack="false" version="3.5.0.v20090620043401" download-size="2451" install-size="2451" />
	<plugin fragment="true" id="org.eclipse.equinox.p2.reconciler.dropins.nl_tr" unpack="false" version="3.5.0.v20090620043401" download-size="1378" install-size="1378" />
	<plugin fragment="true" id="org.eclipse.equinox.p2.repository.nl_tr" unpack="false" version="3.5.0.v20090620043401" download-size="2946" install-size="2946" />
	<plugin fragment="true" id="org.eclipse.equinox.p2.repository.tools.nl_tr" unpack="false" version="3.5.0.v20090620043401" download-size="3491" install-size="3491" />
	<plugin fragment="true" id="org.eclipse.equinox.p2.selfhosting.nl_tr" unpack="false" version="3.5.0.v20090620043401" download-size="1375" install-size="1375" />
	<plugin fragment="true" id="org.eclipse.equinox.p2.tests.nl_tr" unpack="false" version="3.5.0.v20090620043401" download-size="1848" install-size="1848" />
	<plugin fragment="true" id="org.eclipse.equinox.p2.tests.ui.nl_tr" unpack="false" version="3.5.0.v20090620043401" download-size="1373" install-size="1373" />
	<plugin fragment="true" id="org.eclipse.equinox.p2.tools.nl_tr" unpack="false" version="3.5.0.v20090620043401" download-size="1371" install-size="1371" />
	<plugin fragment="true" id="org.eclipse.equinox.p2.touchpoint.eclipse.nl_tr" unpack="false" version="3.5.0.v20090620043401" download-size="1376" install-size="1376" />
	<plugin fragment="true" id="org.eclipse.equinox.p2.touchpoint.natives.nl_tr" unpack="false" version="3.5.0.v20090620043401" download-size="1378" install-size="1378" />
	<plugin fragment="true" id="org.eclipse.equinox.p2.ui.admin.nl_tr" unpack="false" version="3.5.0.v20090620043401" download-size="2801" install-size="2801" />
	<plugin fragment="true" id="org.eclipse.equinox.p2.ui.admin.rcp.nl_tr" unpack="false" version="3.5.0.v20090620043401" download-size="2783" install-size="2783" />
	<plugin fragment="true" id="org.eclipse.equinox.p2.ui.nl_tr" unpack="false" version="3.5.0.v20090620043401" download-size="3388" install-size="3388" />
	<plugin fragment="true" id="org.eclipse.equinox.p2.ui.sdk.nl_tr" unpack="false" version="3.5.0.v20090620043401" download-size="2691" install-size="2691" />
	<plugin fragment="true" id="org.eclipse.equinox.p2.ui.sdk.scheduler.nl_tr" unpack="false" version="3.5.0.v20090620043401" download-size="3251" install-size="3251" />
	<plugin fragment="true" id="org.eclipse.equinox.p2.updatechecker.nl_tr" unpack="false" version="3.5.0.v20090620043401" download-size="1360" install-size="1360" />
	<plugin fragment="true" id="org.eclipse.equinox.p2.updatesite.nl_tr" unpack="false" version="3.5.0.v20090620043401" download-size="3012" install-size="3012" />
	<plugin fragment="true" id="org.eclipse.equinox.preferences.jmx.nl_tr" unpack="false" version="3.5.0.v20090620043401" download-size="2408" install-size="2408" />
	<plugin fragment="true" id="org.eclipse.equinox.simpleconfigurator.manipulator.nl_tr" unpack="false" version="3.5.0.v20090620043401" download-size="1371" install-size="1371" />
	<plugin fragment="true" id="org.eclipse.equinox.simpleconfigurator.nl_tr" unpack="false" version="3.5.0.v20090620043401" download-size="1360" install-size="1360" />
	<plugin fragment="true" id="org.eclipse.osgi.jmx.nl_tr" unpack="false" version="3.5.0.v20090620043401" download-size="2904" install-size="2904" />
	<plugin fragment="true" id="org.eclipse.swt.jmx.nl_tr" unpack="false" version="3.5.0.v20090620043401" download-size="2139" install-size="2139" />
</feature>