<?xml version="1.0" encoding="UTF-8" ?>
<feature
	id="org.eclipse.babel.nls_webtools.dali_pl"
	label="Babel Language Pack for webtools.dali in Polish (19.1%)"
	image="eclipse_update_120.jpg"
	provider-name="%providerName"
	version="3.5.0.v20090620043401">
	<copyright>
		%copyright
	</copyright>
	<license url="%licenseURL">
		%license
	</license>
	<description>Babel Language Pack for webtools.dali in Polish</description>
	<plugin fragment="true" id="org.eclipse.jpt.branding.nl_pl" unpack="false" version="3.5.0.v20090620043401" download-size="1369" install-size="1369" />
	<plugin fragment="true" id="org.eclipse.jpt.core.nl_pl" unpack="false" version="3.5.0.v20090620043401" download-size="1662" install-size="1662" />
	<plugin fragment="true" id="org.eclipse.jpt.db.nl_pl" unpack="false" version="3.5.0.v20090620043401" download-size="1365" install-size="1365" />
	<plugin fragment="true" id="org.eclipse.jpt.db.ui.nl_pl" unpack="false" version="3.5.0.v20090620043401" download-size="1367" install-size="1367" />
	<plugin fragment="true" id="org.eclipse.jpt.doc.isv.nl_pl" unpack="false" version="3.5.0.v20090620043401" download-size="1372" install-size="1372" />
	<plugin fragment="true" id="org.eclipse.jpt.doc.user.nl_pl" unpack="false" version="3.5.0.v20090620043401" download-size="1368" install-size="1368" />
	<plugin fragment="true" id="org.eclipse.jpt.eclipselink.branding.nl_pl" unpack="false" version="3.5.0.v20090620043401" download-size="1372" install-size="1372" />
	<plugin fragment="true" id="org.eclipse.jpt.eclipselink.core.ddlgen.nl_pl" unpack="false" version="3.5.0.v20090620043401" download-size="1375" install-size="1375" />
	<plugin fragment="true" id="org.eclipse.jpt.eclipselink.core.nl_pl" unpack="false" version="3.5.0.v20090620043401" download-size="1370" install-size="1370" />
	<plugin fragment="true" id="org.eclipse.jpt.eclipselink.ui.nl_pl" unpack="false" version="3.5.0.v20090620043401" download-size="2749" install-size="2749" />
	<plugin fragment="true" id="org.eclipse.jpt.gen.nl_pl" unpack="false" version="3.5.0.v20090620043401" download-size="1365" install-size="1365" />
	<plugin fragment="true" id="org.eclipse.jpt.ui.nl_pl" unpack="false" version="3.5.0.v20090620043401" download-size="4963" install-size="4963" />
	<plugin fragment="true" id="org.eclipse.jpt.utility.nl_pl" unpack="false" version="3.5.0.v20090620043401" download-size="1368" install-size="1368" />
</feature>