<?xml version="1.0" encoding="UTF-8" ?>
<feature
	id="org.eclipse.babel.nls_technology.subversive_en_AA"
	label="Babel Language Pack for technology.subversive in Pseudo Translations (100%)"
	image="eclipse_update_120.jpg"
	provider-name="%providerName"
	version="3.5.0.v20090620043401">
	<copyright>
		%copyright
	</copyright>
	<license url="%licenseURL">
		%license
	</license>
	<description>Babel Language Pack for technology.subversive in Pseudo Translations</description>
	<plugin fragment="true" id="org.eclipse.team.svn.core.nl_en_AA" unpack="false" version="3.5.0.v20090620043401" download-size="7754" install-size="7754" />
	<plugin fragment="true" id="org.eclipse.team.svn.mylyn.nl_en_AA" unpack="false" version="3.5.0.v20090620043401" download-size="2334" install-size="2334" />
	<plugin fragment="true" id="org.eclipse.team.svn.ui.nl_en_AA" unpack="false" version="3.5.0.v20090620043401" download-size="39023" install-size="39023" />
</feature>