<?xml version="1.0" encoding="UTF-8" ?>
<feature
	id="org.eclipse.babel.nls_dsdp.mtj_nl"
	label="Babel Language Pack for dsdp.mtj in Dutch (6.14%)"
	image="eclipse_update_120.jpg"
	provider-name="%providerName"
	version="3.5.0.v20090620043401">
	<copyright>
		%copyright
	</copyright>
	<license url="%licenseURL">
		%license
	</license>
	<description>Babel Language Pack for dsdp.mtj in Dutch</description>
	<plugin fragment="true" id="org.eclipse.mtj.core.nl_nl" unpack="false" version="3.5.0.v20090620043401" download-size="2151" install-size="2151" />
	<plugin fragment="true" id="org.eclipse.mtj.eswt.templates.nl_nl" unpack="false" version="3.5.0.v20090620043401" download-size="2169" install-size="2169" />
	<plugin fragment="true" id="org.eclipse.mtj.jmunit.nl_nl" unpack="false" version="3.5.0.v20090620043401" download-size="2254" install-size="2254" />
	<plugin fragment="true" id="org.eclipse.mtj.pulsar.ui.nl_nl" unpack="false" version="3.5.0.v20090620043401" download-size="2374" install-size="2374" />
	<plugin fragment="true" id="org.eclipse.mtj.ui.nl_nl" unpack="false" version="3.5.0.v20090620043401" download-size="5000" install-size="5000" />
</feature>