<?xml version="1.0" encoding="UTF-8" ?>
<feature
	id="org.eclipse.babel.nls_webtools.webservices_hu"
	label="Babel Language Pack for webtools.webservices in Hungarian (89.12%)"
	image="eclipse_update_120.jpg"
	provider-name="%providerName"
	version="3.5.0.v20090620043401">
	<copyright>
		%copyright
	</copyright>
	<license url="%licenseURL">
		%license
	</license>
	<description>Babel Language Pack for webtools.webservices in Hungarian</description>
	<plugin fragment="true" id="org.eclipse.jst.ws.axis.consumption.core.nl_hu" unpack="false" version="3.5.0.v20090620043401" download-size="4352" install-size="4352" />
	<plugin fragment="true" id="org.eclipse.jst.ws.axis.consumption.ui.nl_hu" unpack="false" version="3.5.0.v20090620043401" download-size="4910" install-size="4910" />
	<plugin fragment="true" id="org.eclipse.jst.ws.axis.creation.ui.nl_hu" unpack="false" version="3.5.0.v20090620043401" download-size="4181" install-size="4181" />
	<plugin fragment="true" id="org.eclipse.jst.ws.axis2.consumption.core.nl_hu" unpack="false" version="3.5.0.v20090620043401" download-size="2821" install-size="2821" />
	<plugin fragment="true" id="org.eclipse.jst.ws.axis2.consumption.ui.nl_hu" unpack="false" version="3.5.0.v20090620043401" download-size="1427" install-size="1427" />
	<plugin fragment="true" id="org.eclipse.jst.ws.axis2.core.nl_hu" unpack="false" version="3.5.0.v20090620043401" download-size="2695" install-size="2695" />
	<plugin fragment="true" id="org.eclipse.jst.ws.axis2.creation.core.nl_hu" unpack="false" version="3.5.0.v20090620043401" download-size="2789" install-size="2789" />
	<plugin fragment="true" id="org.eclipse.jst.ws.axis2.creation.ui.nl_hu" unpack="false" version="3.5.0.v20090620043401" download-size="1383" install-size="1383" />
	<plugin fragment="true" id="org.eclipse.jst.ws.axis2.ui.doc.user.nl_hu" unpack="false" version="3.5.0.v20090620043401" download-size="1378" install-size="1378" />
	<plugin fragment="true" id="org.eclipse.jst.ws.axis2.ui.nl_hu" unpack="false" version="3.5.0.v20090620043401" download-size="1377" install-size="1377" />
	<plugin fragment="true" id="org.eclipse.jst.ws.consumption.nl_hu" unpack="false" version="3.5.0.v20090620043401" download-size="5051" install-size="5051" />
	<plugin fragment="true" id="org.eclipse.jst.ws.consumption.ui.nl_hu" unpack="false" version="3.5.0.v20090620043401" download-size="10965" install-size="10965" />
	<plugin fragment="true" id="org.eclipse.jst.ws.creation.ejb.ui.nl_hu" unpack="false" version="3.5.0.v20090620043401" download-size="1512" install-size="1512" />
	<plugin fragment="true" id="org.eclipse.jst.ws.creation.ui.nl_hu" unpack="false" version="3.5.0.v20090620043401" download-size="3067" install-size="3067" />
	<plugin fragment="true" id="org.eclipse.jst.ws.nl_hu" unpack="false" version="3.5.0.v20090620043401" download-size="3949" install-size="3949" />
	<plugin fragment="true" id="org.eclipse.jst.ws.uddiregistry.nl_hu" unpack="false" version="3.5.0.v20090620043401" download-size="2835" install-size="2835" />
	<plugin fragment="true" id="org.eclipse.jst.ws.ui.nl_hu" unpack="false" version="3.5.0.v20090620043401" download-size="3778" install-size="3778" />
	<plugin fragment="true" id="org.eclipse.wst.command.env.core.nl_hu" unpack="false" version="3.5.0.v20090620043401" download-size="2713" install-size="2713" />
	<plugin fragment="true" id="org.eclipse.wst.command.env.nl_hu" unpack="false" version="3.5.0.v20090620043401" download-size="5069" install-size="5069" />
	<plugin fragment="true" id="org.eclipse.wst.command.env.ui.nl_hu" unpack="false" version="3.5.0.v20090620043401" download-size="3418" install-size="3418" />
	<plugin fragment="true" id="org.eclipse.wst.ws.explorer.nl_hu" unpack="false" version="3.5.0.v20090620043401" download-size="18129" install-size="18129" />
	<plugin fragment="true" id="org.eclipse.wst.ws.nl_hu" unpack="false" version="3.5.0.v20090620043401" download-size="2814" install-size="2814" />
	<plugin fragment="true" id="org.eclipse.wst.ws.parser.nl_hu" unpack="false" version="3.5.0.v20090620043401" download-size="3310" install-size="3310" />
	<plugin fragment="true" id="org.eclipse.wst.ws.service.policy.nl_hu" unpack="false" version="3.5.0.v20090620043401" download-size="1506" install-size="1506" />
	<plugin fragment="true" id="org.eclipse.wst.ws.service.policy.ui.nl_hu" unpack="false" version="3.5.0.v20090620043401" download-size="2912" install-size="2912" />
	<plugin fragment="true" id="org.eclipse.wst.ws.ui.nl_hu" unpack="false" version="3.5.0.v20090620043401" download-size="3185" install-size="3185" />
	<plugin fragment="true" id="org.eclipse.wst.wsdl.nl_hu" unpack="false" version="3.5.0.v20090620043401" download-size="1367" install-size="1367" />
	<plugin fragment="true" id="org.eclipse.wst.wsdl.ui.nl_hu" unpack="false" version="3.5.0.v20090620043401" download-size="6444" install-size="6444" />
	<plugin fragment="true" id="org.eclipse.wst.wsdl.validation.nl_hu" unpack="false" version="3.5.0.v20090620043401" download-size="8156" install-size="8156" />
	<plugin fragment="true" id="org.eclipse.wst.wsi.nl_hu" unpack="false" version="3.5.0.v20090620043401" download-size="6001" install-size="6001" />
	<plugin fragment="true" id="org.eclipse.wst.wsi.ui.nl_hu" unpack="false" version="3.5.0.v20090620043401" download-size="4024" install-size="4024" />
</feature>