<?xml version="1.0" encoding="UTF-8" ?>
<feature
	id="org.eclipse.babel.nls_tools.gef_el"
	label="Babel Language Pack for tools.gef in Greek (60.61%)"
	image="eclipse_update_120.jpg"
	provider-name="%providerName"
	version="3.5.0.v20090620043401">
	<copyright>
		%copyright
	</copyright>
	<license url="%licenseURL">
		%license
	</license>
	<description>Babel Language Pack for tools.gef in Greek</description>
	<plugin fragment="true" id="org.eclipse.draw2d.doc.isv.nl_el" unpack="false" version="3.5.0.v20090620043401" download-size="1418" install-size="1418" />
	<plugin fragment="true" id="org.eclipse.draw2d.nl_el" unpack="false" version="3.5.0.v20090620043401" download-size="1794" install-size="1794" />
	<plugin fragment="true" id="org.eclipse.draw2d.test.nl_el" unpack="false" version="3.5.0.v20090620043401" download-size="1371" install-size="1371" />
	<plugin fragment="true" id="org.eclipse.gef.doc.isv.nl_el" unpack="false" version="3.5.0.v20090620043401" download-size="1587" install-size="1587" />
	<plugin fragment="true" id="org.eclipse.gef.examples.flow.nl_el" unpack="false" version="3.5.0.v20090620043401" download-size="1376" install-size="1376" />
	<plugin fragment="true" id="org.eclipse.gef.examples.logic.nl_el" unpack="false" version="3.5.0.v20090620043401" download-size="2933" install-size="2933" />
	<plugin fragment="true" id="org.eclipse.gef.examples.shapes.nl_el" unpack="false" version="3.5.0.v20090620043401" download-size="1377" install-size="1377" />
	<plugin fragment="true" id="org.eclipse.gef.examples.text.nl_el" unpack="false" version="3.5.0.v20090620043401" download-size="1376" install-size="1376" />
	<plugin fragment="true" id="org.eclipse.gef.examples.ui.pde.nl_el" unpack="false" version="3.5.0.v20090620043401" download-size="1376" install-size="1376" />
	<plugin fragment="true" id="org.eclipse.gef.nl_el" unpack="false" version="3.5.0.v20090620043401" download-size="5913" install-size="5913" />
	<plugin fragment="true" id="org.eclipse.gef.test.nl_el" unpack="false" version="3.5.0.v20090620043401" download-size="1369" install-size="1369" />
	<plugin fragment="true" id="org.eclipse.zest.core.nl_el" unpack="false" version="3.5.0.v20090620043401" download-size="2245" install-size="2245" />
	<plugin fragment="true" id="org.eclipse.zest.layouts.nl_el" unpack="false" version="3.5.0.v20090620043401" download-size="1372" install-size="1372" />
</feature>