<?xml version="1.0" encoding="UTF-8" ?>
<feature
	id="org.eclipse.babel.nls_webtools.servertools_ru"
	label="Babel Language Pack for webtools.servertools in Russian (71.91%)"
	image="eclipse_update_120.jpg"
	provider-name="%providerName"
	version="3.5.0.v20090620043401">
	<copyright>
		%copyright
	</copyright>
	<license url="%licenseURL">
		%license
	</license>
	<description>Babel Language Pack for webtools.servertools in Russian</description>
	<plugin fragment="true" id="org.apache.cactus.nl_ru" unpack="false" version="3.5.0.v20090620043401" download-size="1369" install-size="1369" />
	<plugin fragment="true" id="org.eclipse.jst.server.core.nl_ru" unpack="false" version="3.5.0.v20090620043401" download-size="3657" install-size="3657" />
	<plugin fragment="true" id="org.eclipse.jst.server.generic.core.nl_ru" unpack="false" version="3.5.0.v20090620043401" download-size="3801" install-size="3801" />
	<plugin fragment="true" id="org.eclipse.jst.server.generic.jboss.nl_ru" unpack="false" version="3.5.0.v20090620043401" download-size="1872" install-size="1872" />
	<plugin fragment="true" id="org.eclipse.jst.server.generic.jonas.nl_ru" unpack="false" version="3.5.0.v20090620043401" download-size="1934" install-size="1934" />
	<plugin fragment="true" id="org.eclipse.jst.server.generic.oc4j.nl_ru" unpack="false" version="3.5.0.v20090620043401" download-size="2045" install-size="2045" />
	<plugin fragment="true" id="org.eclipse.jst.server.generic.ui.nl_ru" unpack="false" version="3.5.0.v20090620043401" download-size="3104" install-size="3104" />
	<plugin fragment="true" id="org.eclipse.jst.server.installable.nl_ru" unpack="false" version="3.5.0.v20090620043401" download-size="1482" install-size="1482" />
	<plugin fragment="true" id="org.eclipse.jst.server.preview.adapter.nl_ru" unpack="false" version="3.5.0.v20090620043401" download-size="2889" install-size="2889" />
	<plugin fragment="true" id="org.eclipse.jst.server.tomcat.core.nl_ru" unpack="false" version="3.5.0.v20090620043401" download-size="5322" install-size="5322" />
	<plugin fragment="true" id="org.eclipse.jst.server.tomcat.ui.nl_ru" unpack="false" version="3.5.0.v20090620043401" download-size="3631" install-size="3631" />
	<plugin fragment="true" id="org.eclipse.jst.server.ui.doc.user.nl_ru" unpack="false" version="3.5.0.v20090620043401" download-size="1375" install-size="1375" />
	<plugin fragment="true" id="org.eclipse.jst.server.ui.infopop.nl_ru" unpack="false" version="3.5.0.v20090620043401" download-size="1481" install-size="1481" />
	<plugin fragment="true" id="org.eclipse.jst.server.ui.nl_ru" unpack="false" version="3.5.0.v20090620043401" download-size="3000" install-size="3000" />
	<plugin fragment="true" id="org.eclipse.jst.server.websphere.core.nl_ru" unpack="false" version="3.5.0.v20090620043401" download-size="1771" install-size="1771" />
	<plugin fragment="true" id="org.eclipse.servertools.doc.isv.nl_ru" unpack="false" version="3.5.0.v20090620043401" download-size="1371" install-size="1371" />
	<plugin fragment="true" id="org.eclipse.wst.internet.monitor.core.nl_ru" unpack="false" version="3.5.0.v20090620043401" download-size="3030" install-size="3030" />
	<plugin fragment="true" id="org.eclipse.wst.internet.monitor.ui.nl_ru" unpack="false" version="3.5.0.v20090620043401" download-size="3608" install-size="3608" />
	<plugin fragment="true" id="org.eclipse.wst.server.core.nl_ru" unpack="false" version="3.5.0.v20090620043401" download-size="4274" install-size="4274" />
	<plugin fragment="true" id="org.eclipse.wst.server.discovery.nl_ru" unpack="false" version="3.5.0.v20090620043401" download-size="2746" install-size="2746" />
	<plugin fragment="true" id="org.eclipse.wst.server.http.core.nl_ru" unpack="false" version="3.5.0.v20090620043401" download-size="2798" install-size="2798" />
	<plugin fragment="true" id="org.eclipse.wst.server.http.ui.nl_ru" unpack="false" version="3.5.0.v20090620043401" download-size="2566" install-size="2566" />
	<plugin fragment="true" id="org.eclipse.wst.server.preview.adapter.nl_ru" unpack="false" version="3.5.0.v20090620043401" download-size="3035" install-size="3035" />
	<plugin fragment="true" id="org.eclipse.wst.server.preview.nl_ru" unpack="false" version="3.5.0.v20090620043401" download-size="2939" install-size="2939" />
	<plugin fragment="true" id="org.eclipse.wst.server.ui.doc.user.nl_ru" unpack="false" version="3.5.0.v20090620043401" download-size="1393" install-size="1393" />
	<plugin fragment="true" id="org.eclipse.wst.server.ui.infopop.nl_ru" unpack="false" version="3.5.0.v20090620043401" download-size="1480" install-size="1480" />
	<plugin fragment="true" id="org.eclipse.wst.server.ui.nl_ru" unpack="false" version="3.5.0.v20090620043401" download-size="8386" install-size="8386" />
</feature>