<?xml version="1.0" encoding="UTF-8" ?>
<feature
	id="org.eclipse.babel.nls_webtools.webservices_de"
	label="Babel Language Pack for webtools.webservices in German (89.33%)"
	image="eclipse_update_120.jpg"
	provider-name="%providerName"
	version="3.5.0.v20090620043401">
	<copyright>
		%copyright
	</copyright>
	<license url="%licenseURL">
		%license
	</license>
	<description>Babel Language Pack for webtools.webservices in German</description>
	<plugin fragment="true" id="org.eclipse.jst.ws.axis.consumption.core.nl_de" unpack="false" version="3.5.0.v20090620043401" download-size="4286" install-size="4286" />
	<plugin fragment="true" id="org.eclipse.jst.ws.axis.consumption.ui.nl_de" unpack="false" version="3.5.0.v20090620043401" download-size="4820" install-size="4820" />
	<plugin fragment="true" id="org.eclipse.jst.ws.axis.creation.ui.nl_de" unpack="false" version="3.5.0.v20090620043401" download-size="4093" install-size="4093" />
	<plugin fragment="true" id="org.eclipse.jst.ws.axis2.consumption.core.nl_de" unpack="false" version="3.5.0.v20090620043401" download-size="2804" install-size="2804" />
	<plugin fragment="true" id="org.eclipse.jst.ws.axis2.consumption.ui.nl_de" unpack="false" version="3.5.0.v20090620043401" download-size="1426" install-size="1426" />
	<plugin fragment="true" id="org.eclipse.jst.ws.axis2.core.nl_de" unpack="false" version="3.5.0.v20090620043401" download-size="2687" install-size="2687" />
	<plugin fragment="true" id="org.eclipse.jst.ws.axis2.creation.core.nl_de" unpack="false" version="3.5.0.v20090620043401" download-size="2787" install-size="2787" />
	<plugin fragment="true" id="org.eclipse.jst.ws.axis2.creation.ui.nl_de" unpack="false" version="3.5.0.v20090620043401" download-size="1381" install-size="1381" />
	<plugin fragment="true" id="org.eclipse.jst.ws.axis2.ui.doc.user.nl_de" unpack="false" version="3.5.0.v20090620043401" download-size="1376" install-size="1376" />
	<plugin fragment="true" id="org.eclipse.jst.ws.axis2.ui.nl_de" unpack="false" version="3.5.0.v20090620043401" download-size="1375" install-size="1375" />
	<plugin fragment="true" id="org.eclipse.jst.ws.consumption.nl_de" unpack="false" version="3.5.0.v20090620043401" download-size="5023" install-size="5023" />
	<plugin fragment="true" id="org.eclipse.jst.ws.consumption.ui.nl_de" unpack="false" version="3.5.0.v20090620043401" download-size="10721" install-size="10721" />
	<plugin fragment="true" id="org.eclipse.jst.ws.creation.ejb.ui.nl_de" unpack="false" version="3.5.0.v20090620043401" download-size="1504" install-size="1504" />
	<plugin fragment="true" id="org.eclipse.jst.ws.creation.ui.nl_de" unpack="false" version="3.5.0.v20090620043401" download-size="3032" install-size="3032" />
	<plugin fragment="true" id="org.eclipse.jst.ws.nl_de" unpack="false" version="3.5.0.v20090620043401" download-size="3786" install-size="3786" />
	<plugin fragment="true" id="org.eclipse.jst.ws.uddiregistry.nl_de" unpack="false" version="3.5.0.v20090620043401" download-size="2827" install-size="2827" />
	<plugin fragment="true" id="org.eclipse.jst.ws.ui.nl_de" unpack="false" version="3.5.0.v20090620043401" download-size="3747" install-size="3747" />
	<plugin fragment="true" id="org.eclipse.wst.command.env.core.nl_de" unpack="false" version="3.5.0.v20090620043401" download-size="2701" install-size="2701" />
	<plugin fragment="true" id="org.eclipse.wst.command.env.nl_de" unpack="false" version="3.5.0.v20090620043401" download-size="5058" install-size="5058" />
	<plugin fragment="true" id="org.eclipse.wst.command.env.ui.nl_de" unpack="false" version="3.5.0.v20090620043401" download-size="3313" install-size="3313" />
	<plugin fragment="true" id="org.eclipse.wst.ws.explorer.nl_de" unpack="false" version="3.5.0.v20090620043401" download-size="18221" install-size="18221" />
	<plugin fragment="true" id="org.eclipse.wst.ws.nl_de" unpack="false" version="3.5.0.v20090620043401" download-size="2791" install-size="2791" />
	<plugin fragment="true" id="org.eclipse.wst.ws.parser.nl_de" unpack="false" version="3.5.0.v20090620043401" download-size="3297" install-size="3297" />
	<plugin fragment="true" id="org.eclipse.wst.ws.service.policy.nl_de" unpack="false" version="3.5.0.v20090620043401" download-size="1514" install-size="1514" />
	<plugin fragment="true" id="org.eclipse.wst.ws.service.policy.ui.nl_de" unpack="false" version="3.5.0.v20090620043401" download-size="2888" install-size="2888" />
	<plugin fragment="true" id="org.eclipse.wst.ws.ui.nl_de" unpack="false" version="3.5.0.v20090620043401" download-size="3122" install-size="3122" />
	<plugin fragment="true" id="org.eclipse.wst.wsdl.nl_de" unpack="false" version="3.5.0.v20090620043401" download-size="1385" install-size="1385" />
	<plugin fragment="true" id="org.eclipse.wst.wsdl.ui.nl_de" unpack="false" version="3.5.0.v20090620043401" download-size="6258" install-size="6258" />
	<plugin fragment="true" id="org.eclipse.wst.wsdl.validation.nl_de" unpack="false" version="3.5.0.v20090620043401" download-size="8150" install-size="8150" />
	<plugin fragment="true" id="org.eclipse.wst.wsi.nl_de" unpack="false" version="3.5.0.v20090620043401" download-size="6037" install-size="6037" />
	<plugin fragment="true" id="org.eclipse.wst.wsi.ui.nl_de" unpack="false" version="3.5.0.v20090620043401" download-size="4047" install-size="4047" />
</feature>