<?xml version="1.0" encoding="UTF-8" ?>
<feature
	id="org.eclipse.babel.nls_tptp.platform_iw"
	label="Babel Language Pack for tptp.platform in Hebrew (15.36%)"
	image="eclipse_update_120.jpg"
	provider-name="%providerName"
	version="3.5.0.v20090620043401">
	<copyright>
		%copyright
	</copyright>
	<license url="%licenseURL">
		%license
	</license>
	<description>Babel Language Pack for tptp.platform in Hebrew</description>
	<plugin fragment="true" id="org.eclipse.hyades.analysis.engine.nl_iw" unpack="false" version="3.5.0.v20090620043401" download-size="1373" install-size="1373" />
	<plugin fragment="true" id="org.eclipse.hyades.logging.adapter.nl_iw" unpack="false" version="3.5.0.v20090620043401" download-size="3063" install-size="3063" />
	<plugin fragment="true" id="org.eclipse.hyades.logging.adapter.ui.nl_iw" unpack="false" version="3.5.0.v20090620043401" download-size="3020" install-size="3020" />
	<plugin fragment="true" id="org.eclipse.hyades.logging.parsers.nl_iw" unpack="false" version="3.5.0.v20090620043401" download-size="2450" install-size="2450" />
	<plugin fragment="true" id="org.eclipse.hyades.probekit.ui.nl_iw" unpack="false" version="3.5.0.v20090620043401" download-size="3941" install-size="3941" />
	<plugin fragment="true" id="org.eclipse.hyades.resources.database.nl_iw" unpack="false" version="3.5.0.v20090620043401" download-size="1377" install-size="1377" />
	<plugin fragment="true" id="org.eclipse.hyades.sdb.nl_iw" unpack="false" version="3.5.0.v20090620043401" download-size="6328" install-size="6328" />
	<plugin fragment="true" id="org.eclipse.hyades.statistical.ui.nl_iw" unpack="false" version="3.5.0.v20090620043401" download-size="1378" install-size="1378" />
	<plugin fragment="true" id="org.eclipse.hyades.test.core.nl_iw" unpack="false" version="3.5.0.v20090620043401" download-size="2938" install-size="2938" />
	<plugin fragment="true" id="org.eclipse.hyades.test.tools.ui.nl_iw" unpack="false" version="3.5.0.v20090620043401" download-size="3580" install-size="3580" />
	<plugin fragment="true" id="org.eclipse.hyades.test.ui.extensions.nl_iw" unpack="false" version="3.5.0.v20090620043401" download-size="2661" install-size="2661" />
	<plugin fragment="true" id="org.eclipse.hyades.test.ui.nl_iw" unpack="false" version="3.5.0.v20090620043401" download-size="8848" install-size="8848" />
	<plugin fragment="true" id="org.eclipse.hyades.trace.ui.nl_iw" unpack="false" version="3.5.0.v20090620043401" download-size="5953" install-size="5953" />
	<plugin fragment="true" id="org.eclipse.hyades.trace.views.nl_iw" unpack="false" version="3.5.0.v20090620043401" download-size="2635" install-size="2635" />
	<plugin fragment="true" id="org.eclipse.hyades.ui.nl_iw" unpack="false" version="3.5.0.v20090620043401" download-size="1370" install-size="1370" />
	<plugin fragment="true" id="org.eclipse.tptp.lta.gla.ui.epi.nl_iw" unpack="false" version="3.5.0.v20090620043401" download-size="1372" install-size="1372" />
	<plugin fragment="true" id="org.eclipse.tptp.lta.log.epi.nl_iw" unpack="false" version="3.5.0.v20090620043401" download-size="1446" install-size="1446" />
	<plugin fragment="true" id="org.eclipse.tptp.lta.runtime.nl_iw" unpack="false" version="3.5.0.v20090620043401" download-size="1371" install-size="1371" />
	<plugin fragment="true" id="org.eclipse.tptp.lta.sdb.epi.nl_iw" unpack="false" version="3.5.0.v20090620043401" download-size="1373" install-size="1373" />
	<plugin fragment="true" id="org.eclipse.tptp.lta.symptom.epi.nl_iw" unpack="false" version="3.5.0.v20090620043401" download-size="1375" install-size="1375" />
	<plugin fragment="true" id="org.eclipse.tptp.monitoring.la.core.nl_iw" unpack="false" version="3.5.0.v20090620043401" download-size="1373" install-size="1373" />
	<plugin fragment="true" id="org.eclipse.tptp.monitoring.logui.nl_iw" unpack="false" version="3.5.0.v20090620043401" download-size="2778" install-size="2778" />
	<plugin fragment="true" id="org.eclipse.tptp.monitoring.lta.doc.isv.nl_iw" unpack="false" version="3.5.0.v20090620043401" download-size="1377" install-size="1377" />
	<plugin fragment="true" id="org.eclipse.tptp.monitoring.lta.doc.user.nl_iw" unpack="false" version="3.5.0.v20090620043401" download-size="1377" install-size="1377" />
	<plugin fragment="true" id="org.eclipse.tptp.monitoring.lta.examples.isv.nl_iw" unpack="false" version="3.5.0.v20090620043401" download-size="2834" install-size="2834" />
	<plugin fragment="true" id="org.eclipse.tptp.monitoring.lta.examples.nl_iw" unpack="false" version="3.5.0.v20090620043401" download-size="2705" install-size="2705" />
	<plugin fragment="true" id="org.eclipse.tptp.monitoring.managedagent.jmx.nl_iw" unpack="false" version="3.5.0.v20090620043401" download-size="2659" install-size="2659" />
	<plugin fragment="true" id="org.eclipse.tptp.monitoring.managedagent.ui.nl_iw" unpack="false" version="3.5.0.v20090620043401" download-size="4942" install-size="4942" />
	<plugin fragment="true" id="org.eclipse.tptp.monitoring.profile.server.nl_iw" unpack="false" version="3.5.0.v20090620043401" download-size="1381" install-size="1381" />
	<plugin fragment="true" id="org.eclipse.tptp.monitoring.report.birt.nl_iw" unpack="false" version="3.5.0.v20090620043401" download-size="2614" install-size="2614" />
	<plugin fragment="true" id="org.eclipse.tptp.monitoring.symptom.doc.user.nl_iw" unpack="false" version="3.5.0.v20090620043401" download-size="1380" install-size="1380" />
	<plugin fragment="true" id="org.eclipse.tptp.monitoring.symptom.editor.nl_iw" unpack="false" version="3.5.0.v20090620043401" download-size="1378" install-size="1378" />
	<plugin fragment="true" id="org.eclipse.tptp.platform.agentcontroller.nl_iw" unpack="false" version="3.5.0.v20090620043401" download-size="2547" install-size="2547" />
	<plugin fragment="true" id="org.eclipse.tptp.platform.analysis.codereview.cpp.nl_iw" unpack="false" version="3.5.0.v20090620043401" download-size="1384" install-size="1384" />
	<plugin fragment="true" id="org.eclipse.tptp.platform.analysis.codereview.cpp.rules.nl_iw" unpack="false" version="3.5.0.v20090620043401" download-size="1477" install-size="1477" />
	<plugin fragment="true" id="org.eclipse.tptp.platform.analysis.codereview.java.nl_iw" unpack="false" version="3.5.0.v20090620043401" download-size="1423" install-size="1423" />
	<plugin fragment="true" id="org.eclipse.tptp.platform.analysis.codereview.java.rules.nl_iw" unpack="false" version="3.5.0.v20090620043401" download-size="1546" install-size="1546" />
	<plugin fragment="true" id="org.eclipse.tptp.platform.analysis.core.nl_iw" unpack="false" version="3.5.0.v20090620043401" download-size="2533" install-size="2533" />
	<plugin fragment="true" id="org.eclipse.tptp.platform.analysis.core.ui.nl_iw" unpack="false" version="3.5.0.v20090620043401" download-size="2934" install-size="2934" />
	<plugin fragment="true" id="org.eclipse.tptp.platform.common.nl_iw" unpack="false" version="3.5.0.v20090620043401" download-size="2319" install-size="2319" />
	<plugin fragment="true" id="org.eclipse.tptp.platform.common.ui.nl_iw" unpack="false" version="3.5.0.v20090620043401" download-size="4772" install-size="4772" />
	<plugin fragment="true" id="org.eclipse.tptp.platform.common.ui.trace.nl_iw" unpack="false" version="3.5.0.v20090620043401" download-size="3119" install-size="3119" />
	<plugin fragment="true" id="org.eclipse.tptp.platform.examples.isv.nl_iw" unpack="false" version="3.5.0.v20090620043401" download-size="2577" install-size="2577" />
	<plugin fragment="true" id="org.eclipse.tptp.platform.examples.nl_iw" unpack="false" version="3.5.0.v20090620043401" download-size="1401" install-size="1401" />
	<plugin fragment="true" id="org.eclipse.tptp.platform.iac.administrator.nl_iw" unpack="false" version="3.5.0.v20090620043401" download-size="2765" install-size="2765" />
	<plugin fragment="true" id="org.eclipse.tptp.platform.instrumentation.ui.nl_iw" unpack="false" version="3.5.0.v20090620043401" download-size="3115" install-size="3115" />
	<plugin fragment="true" id="org.eclipse.tptp.platform.integration.pde.nl_iw" unpack="false" version="3.5.0.v20090620043401" download-size="1409" install-size="1409" />
	<plugin fragment="true" id="org.eclipse.tptp.platform.la.core.nl_iw" unpack="false" version="3.5.0.v20090620043401" download-size="2630" install-size="2630" />
	<plugin fragment="true" id="org.eclipse.tptp.platform.llc.core.nl_iw" unpack="false" version="3.5.0.v20090620043401" download-size="1373" install-size="1373" />
	<plugin fragment="true" id="org.eclipse.tptp.platform.llc.doc.user.nl_iw" unpack="false" version="3.5.0.v20090620043401" download-size="1377" install-size="1377" />
	<plugin fragment="true" id="org.eclipse.tptp.platform.llc.launch.nl_iw" unpack="false" version="3.5.0.v20090620043401" download-size="2838" install-size="2838" />
	<plugin fragment="true" id="org.eclipse.tptp.platform.llc.ui.nl_iw" unpack="false" version="3.5.0.v20090620043401" download-size="1373" install-size="1373" />
	<plugin fragment="true" id="org.eclipse.tptp.platform.log.doc.user.nl_iw" unpack="false" version="3.5.0.v20090620043401" download-size="1376" install-size="1376" />
	<plugin fragment="true" id="org.eclipse.tptp.platform.log.views.nl_iw" unpack="false" version="3.5.0.v20090620043401" download-size="3822" install-size="3822" />
	<plugin fragment="true" id="org.eclipse.tptp.platform.lta.common.nl_iw" unpack="false" version="3.5.0.v20090620043401" download-size="2443" install-size="2443" />
	<plugin fragment="true" id="org.eclipse.tptp.platform.models.lta.nl_iw" unpack="false" version="3.5.0.v20090620043401" download-size="1374" install-size="1374" />
	<plugin fragment="true" id="org.eclipse.tptp.platform.models.nl_iw" unpack="false" version="3.5.0.v20090620043401" download-size="3070" install-size="3070" />
	<plugin fragment="true" id="org.eclipse.tptp.platform.probekit.launch.nl_iw" unpack="false" version="3.5.0.v20090620043401" download-size="3718" install-size="3718" />
	<plugin fragment="true" id="org.eclipse.tptp.platform.report.birt.ui.nl_iw" unpack="false" version="3.5.0.v20090620043401" download-size="2524" install-size="2524" />
	<plugin fragment="true" id="org.eclipse.tptp.platform.report.core.nl_iw" unpack="false" version="3.5.0.v20090620043401" download-size="1463" install-size="1463" />
	<plugin fragment="true" id="org.eclipse.tptp.platform.report.ui.nl_iw" unpack="false" version="3.5.0.v20090620043401" download-size="1489" install-size="1489" />
	<plugin fragment="true" id="org.eclipse.tptp.test.auto.gui.nl_iw" unpack="false" version="3.5.0.v20090620043401" download-size="2827" install-size="2827" />
	<plugin fragment="true" id="org.eclipse.tptp.test.auto.nl_iw" unpack="false" version="3.5.0.v20090620043401" download-size="1368" install-size="1368" />
	<plugin fragment="true" id="org.eclipse.tptp.test.recorders.url.nl_iw" unpack="false" version="3.5.0.v20090620043401" download-size="3858" install-size="3858" />
	<plugin fragment="true" id="org.eclipse.tptp.test.report.birt.nl_iw" unpack="false" version="3.5.0.v20090620043401" download-size="2568" install-size="2568" />
	<plugin fragment="true" id="org.eclipse.tptp.test.samples.nl_iw" unpack="false" version="3.5.0.v20090620043401" download-size="2534" install-size="2534" />
	<plugin fragment="true" id="org.eclipse.tptp.test.tools.junit.plugin.nl_iw" unpack="false" version="3.5.0.v20090620043401" download-size="3161" install-size="3161" />
	<plugin fragment="true" id="org.eclipse.tptp.test.tools.manual.doc.user.nl_iw" unpack="false" version="3.5.0.v20090620043401" download-size="1378" install-size="1378" />
	<plugin fragment="true" id="org.eclipse.tptp.test.tools.manual.nl_iw" unpack="false" version="3.5.0.v20090620043401" download-size="4025" install-size="4025" />
	<plugin fragment="true" id="org.eclipse.tptp.trace.arm.nl_iw" unpack="false" version="3.5.0.v20090620043401" download-size="1397" install-size="1397" />
	<plugin fragment="true" id="org.eclipse.tptp.trace.arm.ui.nl_iw" unpack="false" version="3.5.0.v20090620043401" download-size="2512" install-size="2512" />
	<plugin fragment="true" id="org.eclipse.tptp.trace.jvmti.client.nl_iw" unpack="false" version="3.5.0.v20090620043401" download-size="2716" install-size="2716" />
	<plugin fragment="true" id="org.eclipse.tptp.trace.memory.nl_iw" unpack="false" version="3.5.0.v20090620043401" download-size="1373" install-size="1373" />
	<plugin fragment="true" id="org.eclipse.tptp.trace.report.birt.nl_iw" unpack="false" version="3.5.0.v20090620043401" download-size="2497" install-size="2497" />
</feature>