<?xml version="1.0" encoding="UTF-8" ?>
<feature
	id="org.eclipse.babel.nls_webtools.common_ko"
	label="Babel Language Pack for webtools.common in Korean (48.1%)"
	image="eclipse_update_120.jpg"
	provider-name="%providerName"
	version="3.5.0.v20090620043401">
	<copyright>
		%copyright
	</copyright>
	<license url="%licenseURL">
		%license
	</license>
	<description>Babel Language Pack for webtools.common in Korean</description>
	<plugin fragment="true" id="org.eclipse.jem.util.nl_ko" unpack="false" version="3.5.0.v20090620043401" download-size="1936" install-size="1936" />
	<plugin fragment="true" id="org.eclipse.jst.common.annotations.controller.nl_ko" unpack="false" version="3.5.0.v20090620043401" download-size="2128" install-size="2128" />
	<plugin fragment="true" id="org.eclipse.jst.common.annotations.core.nl_ko" unpack="false" version="3.5.0.v20090620043401" download-size="1857" install-size="1857" />
	<plugin fragment="true" id="org.eclipse.jst.common.annotations.ui.nl_ko" unpack="false" version="3.5.0.v20090620043401" download-size="1785" install-size="1785" />
	<plugin fragment="true" id="org.eclipse.jst.common.fproj.enablement.jdt.sdk.nl_ko" unpack="false" version="3.5.0.v20090620043401" download-size="1382" install-size="1382" />
	<plugin fragment="true" id="org.eclipse.jst.common.frameworks.nl_ko" unpack="false" version="3.5.0.v20090620043401" download-size="1412" install-size="1412" />
	<plugin fragment="true" id="org.eclipse.jst.common.project.facet.core.nl_ko" unpack="false" version="3.5.0.v20090620043401" download-size="3254" install-size="3254" />
	<plugin fragment="true" id="org.eclipse.jst.common.project.facet.ui.nl_ko" unpack="false" version="3.5.0.v20090620043401" download-size="5210" install-size="5210" />
	<plugin fragment="true" id="org.eclipse.wst.common.api.doc.nl_ko" unpack="false" version="3.5.0.v20090620043401" download-size="1371" install-size="1371" />
	<plugin fragment="true" id="org.eclipse.wst.common.core.nl_ko" unpack="false" version="3.5.0.v20090620043401" download-size="2657" install-size="2657" />
	<plugin fragment="true" id="org.eclipse.wst.common.emf.nl_ko" unpack="false" version="3.5.0.v20090620043401" download-size="2119" install-size="2119" />
	<plugin fragment="true" id="org.eclipse.wst.common.emfworkbench.integration.nl_ko" unpack="false" version="3.5.0.v20090620043401" download-size="2995" install-size="2995" />
	<plugin fragment="true" id="org.eclipse.wst.common.environment.nl_ko" unpack="false" version="3.5.0.v20090620043401" download-size="3260" install-size="3260" />
	<plugin fragment="true" id="org.eclipse.wst.common.fproj.sdk.nl_ko" unpack="false" version="3.5.0.v20090620043401" download-size="1373" install-size="1373" />
	<plugin fragment="true" id="org.eclipse.wst.common.frameworks.nl_ko" unpack="false" version="3.5.0.v20090620043401" download-size="2969" install-size="2969" />
	<plugin fragment="true" id="org.eclipse.wst.common.frameworks.ui.nl_ko" unpack="false" version="3.5.0.v20090620043401" download-size="4497" install-size="4497" />
	<plugin fragment="true" id="org.eclipse.wst.common.infopop.nl_ko" unpack="false" version="3.5.0.v20090620043401" download-size="1418" install-size="1418" />
	<plugin fragment="true" id="org.eclipse.wst.common.modulecore.nl_ko" unpack="false" version="3.5.0.v20090620043401" download-size="2247" install-size="2247" />
	<plugin fragment="true" id="org.eclipse.wst.common.project.facet.core.nl_ko" unpack="false" version="3.5.0.v20090620043401" download-size="9542" install-size="9542" />
	<plugin fragment="true" id="org.eclipse.wst.common.project.facet.doc.api.nl_ko" unpack="false" version="3.5.0.v20090620043401" download-size="1379" install-size="1379" />
	<plugin fragment="true" id="org.eclipse.wst.common.project.facet.ui.nl_ko" unpack="false" version="3.5.0.v20090620043401" download-size="8175" install-size="8175" />
	<plugin fragment="true" id="org.eclipse.wst.common.snippets.nl_ko" unpack="false" version="3.5.0.v20090620043401" download-size="3555" install-size="3555" />
	<plugin fragment="true" id="org.eclipse.wst.common.ui.nl_ko" unpack="false" version="3.5.0.v20090620043401" download-size="5758" install-size="5758" />
	<plugin fragment="true" id="org.eclipse.wst.common.ui.properties.nl_ko" unpack="false" version="3.5.0.v20090620043401" download-size="3447" install-size="3447" />
	<plugin fragment="true" id="org.eclipse.wst.common.uriresolver.nl_ko" unpack="false" version="3.5.0.v20090620043401" download-size="1457" install-size="1457" />
	<plugin fragment="true" id="org.eclipse.wst.internet.cache.nl_ko" unpack="false" version="3.5.0.v20090620043401" download-size="3256" install-size="3256" />
	<plugin fragment="true" id="org.eclipse.wst.validation.doc.isv.nl_ko" unpack="false" version="3.5.0.v20090620043401" download-size="1377" install-size="1377" />
	<plugin fragment="true" id="org.eclipse.wst.validation.infopop.nl_ko" unpack="false" version="3.5.0.v20090620043401" download-size="1450" install-size="1450" />
	<plugin fragment="true" id="org.eclipse.wst.validation.nl_ko" unpack="false" version="3.5.0.v20090620043401" download-size="5032" install-size="5032" />
	<plugin fragment="true" id="org.eclipse.wst.validation.ui.nl_ko" unpack="false" version="3.5.0.v20090620043401" download-size="3860" install-size="3860" />
</feature>