<?xml version="1.0" encoding="UTF-8" ?>
<feature
	id="org.eclipse.babel.nls_technology.actf_pt"
	label="Babel Language Pack for technology.actf in Portuguese (6.71%)"
	image="eclipse_update_120.jpg"
	provider-name="%providerName"
	version="3.5.0.v20090620043401">
	<copyright>
		%copyright
	</copyright>
	<license url="%licenseURL">
		%license
	</license>
	<description>Babel Language Pack for technology.actf in Portuguese</description>
	<plugin fragment="true" id="org.eclipse.actf.core.nl_pt" unpack="false" version="3.5.0.v20090620043401" download-size="1606" install-size="1606" />
	<plugin fragment="true" id="org.eclipse.actf.model.flash.proxy.nl_pt" unpack="false" version="3.5.0.v20090620043401" download-size="1894" install-size="1894" />
	<plugin fragment="true" id="org.eclipse.actf.model.ui.nl_pt" unpack="false" version="3.5.0.v20090620043401" download-size="1510" install-size="1510" />
	<plugin fragment="true" id="org.eclipse.actf.ui.nl_pt" unpack="false" version="3.5.0.v20090620043401" download-size="1718" install-size="1718" />
	<plugin fragment="true" id="org.eclipse.actf.util.vocab.nl_pt" unpack="false" version="3.5.0.v20090620043401" download-size="1391" install-size="1391" />
	<plugin fragment="true" id="org.eclipse.actf.visualization.doc.isv.nl_pt" unpack="false" version="3.5.0.v20090620043401" download-size="1380" install-size="1380" />
	<plugin fragment="true" id="org.eclipse.actf.visualization.engines.blind.html.nl_pt" unpack="false" version="3.5.0.v20090620043401" download-size="1418" install-size="1418" />
	<plugin fragment="true" id="org.eclipse.actf.visualization.engines.blind.nl_pt" unpack="false" version="3.5.0.v20090620043401" download-size="1697" install-size="1697" />
	<plugin fragment="true" id="org.eclipse.actf.visualization.eval.nl_pt" unpack="false" version="3.5.0.v20090620043401" download-size="1899" install-size="1899" />
	<plugin fragment="true" id="org.eclipse.actf.visualization.gui.nl_pt" unpack="false" version="3.5.0.v20090620043401" download-size="1851" install-size="1851" />
	<plugin fragment="true" id="org.eclipse.actf.visualization.presentation.nl_pt" unpack="false" version="3.5.0.v20090620043401" download-size="1398" install-size="1398" />
	<plugin fragment="true" id="org.eclipse.actf.visualization.ui.report.nl_pt" unpack="false" version="3.5.0.v20090620043401" download-size="1453" install-size="1453" />
</feature>