<?xml version="1.0" encoding="UTF-8" ?>
<feature
	id="org.eclipse.babel.nls_birt_ar"
	label="Babel Language Pack for birt in Arabic (70.3%)"
	image="eclipse_update_120.jpg"
	provider-name="%providerName"
	version="3.5.0.v20090620043401">
	<copyright>
		%copyright
	</copyright>
	<license url="%licenseURL">
		%license
	</license>
	<description>Babel Language Pack for birt in Arabic</description>
	<plugin fragment="true" id="org.eclipse.birt.chart.cshelp.nl_ar" unpack="false" version="3.5.0.v20090620043401" download-size="1571" install-size="1571" />
	<plugin fragment="true" id="org.eclipse.birt.chart.device.extension.nl_ar" unpack="false" version="3.5.0.v20090620043401" download-size="3881" install-size="3881" />
	<plugin fragment="true" id="org.eclipse.birt.chart.device.svg.nl_ar" unpack="false" version="3.5.0.v20090620043401" download-size="2968" install-size="2968" />
	<plugin fragment="true" id="org.eclipse.birt.chart.device.swt.nl_ar" unpack="false" version="3.5.0.v20090620043401" download-size="3109" install-size="3109" />
	<plugin fragment="true" id="org.eclipse.birt.chart.doc.isv.nl_ar" unpack="false" version="3.5.0.v20090620043401" download-size="1571" install-size="1571" />
	<plugin fragment="true" id="org.eclipse.birt.chart.engine.extension.nl_ar" unpack="false" version="3.5.0.v20090620043401" download-size="4852" install-size="4852" />
	<plugin fragment="true" id="org.eclipse.birt.chart.engine.nl_ar" unpack="false" version="3.5.0.v20090620043401" download-size="9821" install-size="9821" />
	<plugin fragment="true" id="org.eclipse.birt.chart.examples.nl_ar" unpack="false" version="3.5.0.v20090620043401" download-size="2548" install-size="2548" />
	<plugin fragment="true" id="org.eclipse.birt.chart.integration.wtp.ui.nl_ar" unpack="false" version="3.5.0.v20090620043401" download-size="2789" install-size="2789" />
	<plugin fragment="true" id="org.eclipse.birt.chart.reportitem.nl_ar" unpack="false" version="3.5.0.v20090620043401" download-size="3724" install-size="3724" />
	<plugin fragment="true" id="org.eclipse.birt.chart.reportitem.ui.nl_ar" unpack="false" version="3.5.0.v20090620043401" download-size="4345" install-size="4345" />
	<plugin fragment="true" id="org.eclipse.birt.chart.runtime.nl_ar" unpack="false" version="3.5.0.v20090620043401" download-size="1558" install-size="1558" />
	<plugin fragment="true" id="org.eclipse.birt.chart.ui.extension.nl_ar" unpack="false" version="3.5.0.v20090620043401" download-size="15932" install-size="15932" />
	<plugin fragment="true" id="org.eclipse.birt.chart.ui.nl_ar" unpack="false" version="3.5.0.v20090620043401" download-size="4124" install-size="4124" />
	<plugin fragment="true" id="org.eclipse.birt.core.nl_ar" unpack="false" version="3.5.0.v20090620043401" download-size="2202" install-size="2202" />
	<plugin fragment="true" id="org.eclipse.birt.core.script.function.nl_ar" unpack="false" version="3.5.0.v20090620043401" download-size="1464" install-size="1464" />
	<plugin fragment="true" id="org.eclipse.birt.core.ui.nl_ar" unpack="false" version="3.5.0.v20090620043401" download-size="2703" install-size="2703" />
	<plugin fragment="true" id="org.eclipse.birt.cshelp.nl_ar" unpack="false" version="3.5.0.v20090620043401" download-size="1564" install-size="1564" />
	<plugin fragment="true" id="org.eclipse.birt.data.aggregation.nl_ar" unpack="false" version="3.5.0.v20090620043401" download-size="2398" install-size="2398" />
	<plugin fragment="true" id="org.eclipse.birt.data.nl_ar" unpack="false" version="3.5.0.v20090620043401" download-size="8179" install-size="8179" />
	<plugin fragment="true" id="org.eclipse.birt.data.tests.nl_ar" unpack="false" version="3.5.0.v20090620043401" download-size="1417" install-size="1417" />
	<plugin fragment="true" id="org.eclipse.birt.doc.isv.nl_ar" unpack="false" version="3.5.0.v20090620043401" download-size="1564" install-size="1564" />
	<plugin fragment="true" id="org.eclipse.birt.doc.nl_ar" unpack="false" version="3.5.0.v20090620043401" download-size="1550" install-size="1550" />
	<plugin fragment="true" id="org.eclipse.birt.example.nl_ar" unpack="false" version="3.5.0.v20090620043401" download-size="1549" install-size="1549" />
	<plugin fragment="true" id="org.eclipse.birt.integration.wtp.ui.nl_ar" unpack="false" version="3.5.0.v20090620043401" download-size="2782" install-size="2782" />
	<plugin fragment="true" id="org.eclipse.birt.nl_ar" unpack="false" version="3.5.0.v20090620043401" download-size="1418" install-size="1418" />
	<plugin fragment="true" id="org.eclipse.birt.report.data.adapter.nl_ar" unpack="false" version="3.5.0.v20090620043401" download-size="2715" install-size="2715" />
	<plugin fragment="true" id="org.eclipse.birt.report.data.oda.jdbc.dbprofile.nl_ar" unpack="false" version="3.5.0.v20090620043401" download-size="1578" install-size="1578" />
	<plugin fragment="true" id="org.eclipse.birt.report.data.oda.jdbc.dbprofile.ui.nl_ar" unpack="false" version="3.5.0.v20090620043401" download-size="1440" install-size="1440" />
	<plugin fragment="true" id="org.eclipse.birt.report.data.oda.jdbc.nl_ar" unpack="false" version="3.5.0.v20090620043401" download-size="4688" install-size="4688" />
	<plugin fragment="true" id="org.eclipse.birt.report.data.oda.jdbc.ui.nl_ar" unpack="false" version="3.5.0.v20090620043401" download-size="5769" install-size="5769" />
	<plugin fragment="true" id="org.eclipse.birt.report.data.oda.sampledb.nl_ar" unpack="false" version="3.5.0.v20090620043401" download-size="1672" install-size="1672" />
	<plugin fragment="true" id="org.eclipse.birt.report.data.oda.sampledb.ui.nl_ar" unpack="false" version="3.5.0.v20090620043401" download-size="3541" install-size="3541" />
	<plugin fragment="true" id="org.eclipse.birt.report.data.oda.xml.nl_ar" unpack="false" version="3.5.0.v20090620043401" download-size="3125" install-size="3125" />
	<plugin fragment="true" id="org.eclipse.birt.report.data.oda.xml.ui.nl_ar" unpack="false" version="3.5.0.v20090620043401" download-size="1794" install-size="1794" />
	<plugin fragment="true" id="org.eclipse.birt.report.debug.core.nl_ar" unpack="false" version="3.5.0.v20090620043401" download-size="1569" install-size="1569" />
	<plugin fragment="true" id="org.eclipse.birt.report.debug.ui.nl_ar" unpack="false" version="3.5.0.v20090620043401" download-size="2836" install-size="2836" />
	<plugin fragment="true" id="org.eclipse.birt.report.designer.core.nl_ar" unpack="false" version="3.5.0.v20090620043401" download-size="40375" install-size="40375" />
	<plugin fragment="true" id="org.eclipse.birt.report.designer.nl_ar" unpack="false" version="3.5.0.v20090620043401" download-size="1559" install-size="1559" />
	<plugin fragment="true" id="org.eclipse.birt.report.designer.tests.nl_ar" unpack="false" version="3.5.0.v20090620043401" download-size="2659" install-size="2659" />
	<plugin fragment="true" id="org.eclipse.birt.report.designer.ui.cubebuilder.nl_ar" unpack="false" version="3.5.0.v20090620043401" download-size="3352" install-size="3352" />
	<plugin fragment="true" id="org.eclipse.birt.report.designer.ui.editor.script.nl_ar" unpack="false" version="3.5.0.v20090620043401" download-size="1455" install-size="1455" />
	<plugin fragment="true" id="org.eclipse.birt.report.designer.ui.editor.xml.wtp.nl_ar" unpack="false" version="3.5.0.v20090620043401" download-size="1855" install-size="1855" />
	<plugin fragment="true" id="org.eclipse.birt.report.designer.ui.editors.nl_ar" unpack="false" version="3.5.0.v20090620043401" download-size="1433" install-size="1433" />
	<plugin fragment="true" id="org.eclipse.birt.report.designer.ui.editors.schematic.nl_ar" unpack="false" version="3.5.0.v20090620043401" download-size="1597" install-size="1597" />
	<plugin fragment="true" id="org.eclipse.birt.report.designer.ui.ide.nl_ar" unpack="false" version="3.5.0.v20090620043401" download-size="1738" install-size="1738" />
	<plugin fragment="true" id="org.eclipse.birt.report.designer.ui.lib.explorer.nl_ar" unpack="false" version="3.5.0.v20090620043401" download-size="1430" install-size="1430" />
	<plugin fragment="true" id="org.eclipse.birt.report.designer.ui.lib.nl_ar" unpack="false" version="3.5.0.v20090620043401" download-size="1673" install-size="1673" />
	<plugin fragment="true" id="org.eclipse.birt.report.designer.ui.nl_ar" unpack="false" version="3.5.0.v20090620043401" download-size="1956" install-size="1956" />
	<plugin fragment="true" id="org.eclipse.birt.report.designer.ui.preview.nl_ar" unpack="false" version="3.5.0.v20090620043401" download-size="1520" install-size="1520" />
	<plugin fragment="true" id="org.eclipse.birt.report.designer.ui.preview.web.nl_ar" unpack="false" version="3.5.0.v20090620043401" download-size="1566" install-size="1566" />
	<plugin fragment="true" id="org.eclipse.birt.report.designer.ui.rcp.nl_ar" unpack="false" version="3.5.0.v20090620043401" download-size="3139" install-size="3139" />
	<plugin fragment="true" id="org.eclipse.birt.report.designer.ui.samples.ide.nl_ar" unpack="false" version="3.5.0.v20090620043401" download-size="3129" install-size="3129" />
	<plugin fragment="true" id="org.eclipse.birt.report.designer.ui.views.nl_ar" unpack="false" version="3.5.0.v20090620043401" download-size="1427" install-size="1427" />
	<plugin fragment="true" id="org.eclipse.birt.report.engine.emitter.config.html.nl_ar" unpack="false" version="3.5.0.v20090620043401" download-size="2810" install-size="2810" />
	<plugin fragment="true" id="org.eclipse.birt.report.engine.emitter.config.pdf.nl_ar" unpack="false" version="3.5.0.v20090620043401" download-size="2742" install-size="2742" />
	<plugin fragment="true" id="org.eclipse.birt.report.engine.nl_ar" unpack="false" version="3.5.0.v20090620043401" download-size="3371" install-size="3371" />
	<plugin fragment="true" id="org.eclipse.birt.report.item.crosstab.core.nl_ar" unpack="false" version="3.5.0.v20090620043401" download-size="3233" install-size="3233" />
	<plugin fragment="true" id="org.eclipse.birt.report.item.crosstab.ui.nl_ar" unpack="false" version="3.5.0.v20090620043401" download-size="4380" install-size="4380" />
	<plugin fragment="true" id="org.eclipse.birt.report.model.nl_ar" unpack="false" version="3.5.0.v20090620043401" download-size="40577" install-size="40577" />
	<plugin fragment="true" id="org.eclipse.birt.report.model.tests.nl_ar" unpack="false" version="3.5.0.v20090620043401" download-size="2313" install-size="2313" />
	<plugin fragment="true" id="org.eclipse.birt.report.runtime.nl_ar" unpack="false" version="3.5.0.v20090620043401" download-size="1555" install-size="1555" />
	<plugin fragment="true" id="org.eclipse.birt.report.viewer.nl_ar" unpack="false" version="3.5.0.v20090620043401" download-size="3670" install-size="3670" />
	<plugin fragment="true" id="org.eclipse.birt.resources.nl_ar" unpack="false" version="3.5.0.v20090620043401" download-size="1437" install-size="1437" />
	<plugin fragment="true" id="org.eclipse.birt.sdk.nl_ar" unpack="false" version="3.5.0.v20090620043401" download-size="1561" install-size="1561" />
	<plugin fragment="true" id="org.eclipse.birt.tests.data.nl_ar" unpack="false" version="3.5.0.v20090620043401" download-size="1417" install-size="1417" />
</feature>