<?xml version="1.0" encoding="UTF-8" ?>
<feature
	id="org.eclipse.babel.nls_dsdp.mtj_ru"
	label="Babel Language Pack for dsdp.mtj in Russian (5.86%)"
	image="eclipse_update_120.jpg"
	provider-name="%providerName"
	version="3.5.0.v20090620043401">
	<copyright>
		%copyright
	</copyright>
	<license url="%licenseURL">
		%license
	</license>
	<description>Babel Language Pack for dsdp.mtj in Russian</description>
	<plugin fragment="true" id="org.eclipse.mtj.core.nl_ru" unpack="false" version="3.5.0.v20090620043401" download-size="2274" install-size="2274" />
	<plugin fragment="true" id="org.eclipse.mtj.eswt.templates.nl_ru" unpack="false" version="3.5.0.v20090620043401" download-size="2194" install-size="2194" />
	<plugin fragment="true" id="org.eclipse.mtj.jmunit.nl_ru" unpack="false" version="3.5.0.v20090620043401" download-size="2289" install-size="2289" />
	<plugin fragment="true" id="org.eclipse.mtj.pulsar.ui.nl_ru" unpack="false" version="3.5.0.v20090620043401" download-size="2422" install-size="2422" />
	<plugin fragment="true" id="org.eclipse.mtj.ui.nl_ru" unpack="false" version="3.5.0.v20090620043401" download-size="5212" install-size="5212" />
</feature>