<?xml version="1.0" encoding="UTF-8" ?>
<feature
	id="org.eclipse.babel.nls_stp.bpmn_bg"
	label="Babel Language Pack for stp.bpmn in Bulgarian (0.13%)"
	image="eclipse_update_120.jpg"
	provider-name="%providerName"
	version="3.5.0.v20090620043401">
	<copyright>
		%copyright
	</copyright>
	<license url="%licenseURL">
		%license
	</license>
	<description>Babel Language Pack for stp.bpmn in Bulgarian</description>
	<plugin fragment="true" id="org.eclipse.stp.bpmn.diagram.nl_bg" unpack="false" version="3.5.0.v20090620043401" download-size="1355" install-size="1355" />
	<plugin fragment="true" id="org.eclipse.stp.bpmn.edit.nl_bg" unpack="false" version="3.5.0.v20090620043401" download-size="1352" install-size="1352" />
	<plugin fragment="true" id="org.eclipse.stp.bpmn.nl_bg" unpack="false" version="3.5.0.v20090620043401" download-size="1349" install-size="1349" />
	<plugin fragment="true" id="org.eclipse.stp.bpmn.validation.nl_bg" unpack="false" version="3.5.0.v20090620043401" download-size="1374" install-size="1374" />
</feature>