<?xml version="1.0" encoding="UTF-8" ?>
<feature
	id="org.eclipse.babel.nls_webtools.sourceediting_pt"
	label="Babel Language Pack for webtools.sourceediting in Portuguese (73.52%)"
	image="eclipse_update_120.jpg"
	provider-name="%providerName"
	version="3.5.0.v20090620043401">
	<copyright>
		%copyright
	</copyright>
	<license url="%licenseURL">
		%license
	</license>
	<description>Babel Language Pack for webtools.sourceediting in Portuguese</description>
	<plugin fragment="true" id="org.eclipse.jst.jsp.core.nl_pt" unpack="false" version="3.5.0.v20090620043401" download-size="3101" install-size="3101" />
	<plugin fragment="true" id="org.eclipse.jst.jsp.ui.infopop.nl_pt" unpack="false" version="3.5.0.v20090620043401" download-size="1410" install-size="1410" />
	<plugin fragment="true" id="org.eclipse.jst.jsp.ui.nl_pt" unpack="false" version="3.5.0.v20090620043401" download-size="5909" install-size="5909" />
	<plugin fragment="true" id="org.eclipse.jst.standard.schemas.nl_pt" unpack="false" version="3.5.0.v20090620043401" download-size="1380" install-size="1380" />
	<plugin fragment="true" id="org.eclipse.wst.css.core.nl_pt" unpack="false" version="3.5.0.v20090620043401" download-size="3413" install-size="3413" />
	<plugin fragment="true" id="org.eclipse.wst.css.ui.nl_pt" unpack="false" version="3.5.0.v20090620043401" download-size="4989" install-size="4989" />
	<plugin fragment="true" id="org.eclipse.wst.doc.user.nl_pt" unpack="false" version="3.5.0.v20090620043401" download-size="1419" install-size="1419" />
	<plugin fragment="true" id="org.eclipse.wst.dtd.core.nl_pt" unpack="false" version="3.5.0.v20090620043401" download-size="4490" install-size="4490" />
	<plugin fragment="true" id="org.eclipse.wst.dtd.ui.infopop.nl_pt" unpack="false" version="3.5.0.v20090620043401" download-size="1401" install-size="1401" />
	<plugin fragment="true" id="org.eclipse.wst.dtd.ui.nl_pt" unpack="false" version="3.5.0.v20090620043401" download-size="5010" install-size="5010" />
	<plugin fragment="true" id="org.eclipse.wst.dtdeditor.doc.user.nl_pt" unpack="false" version="3.5.0.v20090620043401" download-size="1377" install-size="1377" />
	<plugin fragment="true" id="org.eclipse.wst.html.core.nl_pt" unpack="false" version="3.5.0.v20090620043401" download-size="5323" install-size="5323" />
	<plugin fragment="true" id="org.eclipse.wst.html.ui.infopop.nl_pt" unpack="false" version="3.5.0.v20090620043401" download-size="1406" install-size="1406" />
	<plugin fragment="true" id="org.eclipse.wst.html.ui.nl_pt" unpack="false" version="3.5.0.v20090620043401" download-size="6007" install-size="6007" />
	<plugin fragment="true" id="org.eclipse.wst.javascript.core.nl_pt" unpack="false" version="3.5.0.v20090620043401" download-size="2667" install-size="2667" />
	<plugin fragment="true" id="org.eclipse.wst.javascript.ui.infopop.nl_pt" unpack="false" version="3.5.0.v20090620043401" download-size="1405" install-size="1405" />
	<plugin fragment="true" id="org.eclipse.wst.javascript.ui.nl_pt" unpack="false" version="3.5.0.v20090620043401" download-size="5531" install-size="5531" />
	<plugin fragment="true" id="org.eclipse.wst.jsdt.core.nl_pt" unpack="false" version="3.5.0.v20090620043401" download-size="19811" install-size="19811" />
	<plugin fragment="true" id="org.eclipse.wst.jsdt.doc.nl_pt" unpack="false" version="3.5.0.v20090620043401" download-size="1372" install-size="1372" />
	<plugin fragment="true" id="org.eclipse.wst.jsdt.manipulation.nl_pt" unpack="false" version="3.5.0.v20090620043401" download-size="3343" install-size="3343" />
	<plugin fragment="true" id="org.eclipse.wst.jsdt.support.firefox.nl_pt" unpack="false" version="3.5.0.v20090620043401" download-size="1378" install-size="1378" />
	<plugin fragment="true" id="org.eclipse.wst.jsdt.support.ie.nl_pt" unpack="false" version="3.5.0.v20090620043401" download-size="1377" install-size="1377" />
	<plugin fragment="true" id="org.eclipse.wst.jsdt.ui.nl_pt" unpack="false" version="3.5.0.v20090620043401" download-size="116066" install-size="116066" />
	<plugin fragment="true" id="org.eclipse.wst.jsdt.web.core.nl_pt" unpack="false" version="3.5.0.v20090620043401" download-size="2647" install-size="2647" />
	<plugin fragment="true" id="org.eclipse.wst.jsdt.web.support.jsp.nl_pt" unpack="false" version="3.5.0.v20090620043401" download-size="1380" install-size="1380" />
	<plugin fragment="true" id="org.eclipse.wst.jsdt.web.ui.nl_pt" unpack="false" version="3.5.0.v20090620043401" download-size="4919" install-size="4919" />
	<plugin fragment="true" id="org.eclipse.wst.sse.core.nl_pt" unpack="false" version="3.5.0.v20090620043401" download-size="4176" install-size="4176" />
	<plugin fragment="true" id="org.eclipse.wst.sse.doc.user.nl_pt" unpack="false" version="3.5.0.v20090620043401" download-size="1376" install-size="1376" />
	<plugin fragment="true" id="org.eclipse.wst.sse.ui.infopop.nl_pt" unpack="false" version="3.5.0.v20090620043401" download-size="1396" install-size="1396" />
	<plugin fragment="true" id="org.eclipse.wst.sse.ui.nl_pt" unpack="false" version="3.5.0.v20090620043401" download-size="8157" install-size="8157" />
	<plugin fragment="true" id="org.eclipse.wst.standard.schemas.nl_pt" unpack="false" version="3.5.0.v20090620043401" download-size="1380" install-size="1380" />
	<plugin fragment="true" id="org.eclipse.wst.web.nl_pt" unpack="false" version="3.5.0.v20090620043401" download-size="2063" install-size="2063" />
	<plugin fragment="true" id="org.eclipse.wst.web.ui.nl_pt" unpack="false" version="3.5.0.v20090620043401" download-size="1428" install-size="1428" />
	<plugin fragment="true" id="org.eclipse.wst.webtools.doc.user.nl_pt" unpack="false" version="3.5.0.v20090620043401" download-size="1376" install-size="1376" />
	<plugin fragment="true" id="org.eclipse.wst.xml.core.nl_pt" unpack="false" version="3.5.0.v20090620043401" download-size="3730" install-size="3730" />
	<plugin fragment="true" id="org.eclipse.wst.xml.ui.infopop.nl_pt" unpack="false" version="3.5.0.v20090620043401" download-size="1397" install-size="1397" />
	<plugin fragment="true" id="org.eclipse.wst.xml.ui.nl_pt" unpack="false" version="3.5.0.v20090620043401" download-size="13759" install-size="13759" />
	<plugin fragment="true" id="org.eclipse.wst.xml.xpath.core.nl_pt" unpack="false" version="3.5.0.v20090620043401" download-size="1375" install-size="1375" />
	<plugin fragment="true" id="org.eclipse.wst.xml.xpath.ui.nl_pt" unpack="false" version="3.5.0.v20090620043401" download-size="3070" install-size="3070" />
	<plugin fragment="true" id="org.eclipse.wst.xml.xpath2.processor.nl_pt" unpack="false" version="3.5.0.v20090620043401" download-size="1379" install-size="1379" />
	<plugin fragment="true" id="org.eclipse.wst.xmleditor.doc.user.nl_pt" unpack="false" version="3.5.0.v20090620043401" download-size="1378" install-size="1378" />
	<plugin fragment="true" id="org.eclipse.wst.xsd.core.nl_pt" unpack="false" version="3.5.0.v20090620043401" download-size="1501" install-size="1501" />
	<plugin fragment="true" id="org.eclipse.wst.xsd.ui.nl_pt" unpack="false" version="3.5.0.v20090620043401" download-size="19075" install-size="19075" />
	<plugin fragment="true" id="org.eclipse.wst.xsdeditor.doc.user.nl_pt" unpack="false" version="3.5.0.v20090620043401" download-size="1407" install-size="1407" />
	<plugin fragment="true" id="org.eclipse.wst.xsl.core.nl_pt" unpack="false" version="3.5.0.v20090620043401" download-size="1388" install-size="1388" />
	<plugin fragment="true" id="org.eclipse.wst.xsl.debug.ui.nl_pt" unpack="false" version="3.5.0.v20090620043401" download-size="4132" install-size="4132" />
	<plugin fragment="true" id="org.eclipse.wst.xsl.doc.nl_pt" unpack="false" version="3.5.0.v20090620043401" download-size="1370" install-size="1370" />
	<plugin fragment="true" id="org.eclipse.wst.xsl.jaxp.debug.nl_pt" unpack="false" version="3.5.0.v20090620043401" download-size="3039" install-size="3039" />
	<plugin fragment="true" id="org.eclipse.wst.xsl.jaxp.debug.ui.nl_pt" unpack="false" version="3.5.0.v20090620043401" download-size="4095" install-size="4095" />
	<plugin fragment="true" id="org.eclipse.wst.xsl.jaxp.launching.nl_pt" unpack="false" version="3.5.0.v20090620043401" download-size="2938" install-size="2938" />
	<plugin fragment="true" id="org.eclipse.wst.xsl.launching.nl_pt" unpack="false" version="3.5.0.v20090620043401" download-size="1405" install-size="1405" />
	<plugin fragment="true" id="org.eclipse.wst.xsl.launching.tests.nl_pt" unpack="false" version="3.5.0.v20090620043401" download-size="1381" install-size="1381" />
	<plugin fragment="true" id="org.eclipse.wst.xsl.nl_pt" unpack="false" version="3.5.0.v20090620043401" download-size="1372" install-size="1372" />
	<plugin fragment="true" id="org.eclipse.wst.xsl.saxon.nl_pt" unpack="false" version="3.5.0.v20090620043401" download-size="1761" install-size="1761" />
	<plugin fragment="true" id="org.eclipse.wst.xsl.sdk.documentation.nl_pt" unpack="false" version="3.5.0.v20090620043401" download-size="1379" install-size="1379" />
	<plugin fragment="true" id="org.eclipse.wst.xsl.tests.nl_pt" unpack="false" version="3.5.0.v20090620043401" download-size="1375" install-size="1375" />
	<plugin fragment="true" id="org.eclipse.wst.xsl.ui.nl_pt" unpack="false" version="3.5.0.v20090620043401" download-size="2652" install-size="2652" />
	<plugin fragment="true" id="org.eclipse.wst.xsl.xalan.nl_pt" unpack="false" version="3.5.0.v20090620043401" download-size="1678" install-size="1678" />
</feature>