<?xml version="1.0" encoding="UTF-8" ?>
<feature
	id="org.eclipse.babel.nls_rt.rap_no"
	label="Babel Language Pack for rt.rap in Norwegian (79.69%)"
	image="eclipse_update_120.jpg"
	provider-name="%providerName"
	version="3.5.0.v20090620043401">
	<copyright>
		%copyright
	</copyright>
	<license url="%licenseURL">
		%license
	</license>
	<description>Babel Language Pack for rt.rap in Norwegian</description>
	<plugin fragment="true" id="org.eclipse.rap.design.example.nl_no" unpack="false" version="3.5.0.v20090620043401" download-size="1373" install-size="1373" />
	<plugin fragment="true" id="org.eclipse.rap.jface.databinding.nl_no" unpack="false" version="3.5.0.v20090620043401" download-size="1396" install-size="1396" />
	<plugin fragment="true" id="org.eclipse.rap.jface.nl_no" unpack="false" version="3.5.0.v20090620043401" download-size="9986" install-size="9986" />
	<plugin fragment="true" id="org.eclipse.rap.rwt.nl_no" unpack="false" version="3.5.0.v20090620043401" download-size="2789" install-size="2789" />
	<plugin fragment="true" id="org.eclipse.rap.rwt.test.nl_no" unpack="false" version="3.5.0.v20090620043401" download-size="1373" install-size="1373" />
	<plugin fragment="true" id="org.eclipse.rap.ui.forms.nl_no" unpack="false" version="3.5.0.v20090620043401" download-size="2273" install-size="2273" />
	<plugin fragment="true" id="org.eclipse.rap.ui.help.nl_no" unpack="false" version="3.5.0.v20090620043401" download-size="1368" install-size="1368" />
	<plugin fragment="true" id="org.eclipse.rap.ui.intro.nl_no" unpack="false" version="3.5.0.v20090620043401" download-size="2539" install-size="2539" />
	<plugin fragment="true" id="org.eclipse.rap.ui.launch.nl_no" unpack="false" version="3.5.0.v20090620043401" download-size="2482" install-size="2482" />
	<plugin fragment="true" id="org.eclipse.rap.ui.nl_no" unpack="false" version="3.5.0.v20090620043401" download-size="4864" install-size="4864" />
	<plugin fragment="true" id="org.eclipse.rap.ui.templates.nl_no" unpack="false" version="3.5.0.v20090620043401" download-size="2595" install-size="2595" />
	<plugin fragment="true" id="org.eclipse.rap.ui.views.nl_no" unpack="false" version="3.5.0.v20090620043401" download-size="3133" install-size="3133" />
	<plugin fragment="true" id="org.eclipse.rap.ui.workbench.nl_no" unpack="false" version="3.5.0.v20090620043401" download-size="24490" install-size="24490" />
</feature>