<?xml version="1.0" encoding="UTF-8" ?>
<feature
	id="org.eclipse.babel.nls_technology.actf_fr"
	label="Babel Language Pack for technology.actf in French (8.12%)"
	image="eclipse_update_120.jpg"
	provider-name="%providerName"
	version="3.5.0.v20090620043401">
	<copyright>
		%copyright
	</copyright>
	<license url="%licenseURL">
		%license
	</license>
	<description>Babel Language Pack for technology.actf in French</description>
	<plugin fragment="true" id="org.eclipse.actf.core.nl_fr" unpack="false" version="3.5.0.v20090620043401" download-size="1663" install-size="1663" />
	<plugin fragment="true" id="org.eclipse.actf.model.flash.proxy.nl_fr" unpack="false" version="3.5.0.v20090620043401" download-size="1893" install-size="1893" />
	<plugin fragment="true" id="org.eclipse.actf.model.ui.nl_fr" unpack="false" version="3.5.0.v20090620043401" download-size="1569" install-size="1569" />
	<plugin fragment="true" id="org.eclipse.actf.ui.nl_fr" unpack="false" version="3.5.0.v20090620043401" download-size="1937" install-size="1937" />
	<plugin fragment="true" id="org.eclipse.actf.util.vocab.nl_fr" unpack="false" version="3.5.0.v20090620043401" download-size="1388" install-size="1388" />
	<plugin fragment="true" id="org.eclipse.actf.visualization.doc.isv.nl_fr" unpack="false" version="3.5.0.v20090620043401" download-size="1377" install-size="1377" />
	<plugin fragment="true" id="org.eclipse.actf.visualization.engines.blind.html.nl_fr" unpack="false" version="3.5.0.v20090620043401" download-size="1422" install-size="1422" />
	<plugin fragment="true" id="org.eclipse.actf.visualization.engines.blind.nl_fr" unpack="false" version="3.5.0.v20090620043401" download-size="1694" install-size="1694" />
	<plugin fragment="true" id="org.eclipse.actf.visualization.eval.nl_fr" unpack="false" version="3.5.0.v20090620043401" download-size="1939" install-size="1939" />
	<plugin fragment="true" id="org.eclipse.actf.visualization.gui.nl_fr" unpack="false" version="3.5.0.v20090620043401" download-size="1930" install-size="1930" />
	<plugin fragment="true" id="org.eclipse.actf.visualization.presentation.nl_fr" unpack="false" version="3.5.0.v20090620043401" download-size="1392" install-size="1392" />
	<plugin fragment="true" id="org.eclipse.actf.visualization.ui.report.nl_fr" unpack="false" version="3.5.0.v20090620043401" download-size="1474" install-size="1474" />
</feature>