<?xml version="1.0" encoding="UTF-8" ?>
<feature
	id="org.eclipse.babel.nls_rt.rap_zh"
	label="Babel Language Pack for rt.rap in Chinese (Simplified) (89.82%)"
	image="eclipse_update_120.jpg"
	provider-name="%providerName"
	version="3.5.0.v20090620043401">
	<copyright>
		%copyright
	</copyright>
	<license url="%licenseURL">
		%license
	</license>
	<description>Babel Language Pack for rt.rap in Chinese (Simplified)</description>
	<plugin fragment="true" id="org.eclipse.rap.design.example.nl_zh" unpack="false" version="3.5.0.v20090620043401" download-size="1383" install-size="1383" />
	<plugin fragment="true" id="org.eclipse.rap.jface.databinding.nl_zh" unpack="false" version="3.5.0.v20090620043401" download-size="1446" install-size="1446" />
	<plugin fragment="true" id="org.eclipse.rap.jface.nl_zh" unpack="false" version="3.5.0.v20090620043401" download-size="10849" install-size="10849" />
	<plugin fragment="true" id="org.eclipse.rap.rwt.nl_zh" unpack="false" version="3.5.0.v20090620043401" download-size="3462" install-size="3462" />
	<plugin fragment="true" id="org.eclipse.rap.rwt.test.nl_zh" unpack="false" version="3.5.0.v20090620043401" download-size="3272" install-size="3272" />
	<plugin fragment="true" id="org.eclipse.rap.ui.forms.nl_zh" unpack="false" version="3.5.0.v20090620043401" download-size="2465" install-size="2465" />
	<plugin fragment="true" id="org.eclipse.rap.ui.help.nl_zh" unpack="false" version="3.5.0.v20090620043401" download-size="1377" install-size="1377" />
	<plugin fragment="true" id="org.eclipse.rap.ui.intro.nl_zh" unpack="false" version="3.5.0.v20090620043401" download-size="2567" install-size="2567" />
	<plugin fragment="true" id="org.eclipse.rap.ui.launch.nl_zh" unpack="false" version="3.5.0.v20090620043401" download-size="2548" install-size="2548" />
	<plugin fragment="true" id="org.eclipse.rap.ui.nl_zh" unpack="false" version="3.5.0.v20090620043401" download-size="5512" install-size="5512" />
	<plugin fragment="true" id="org.eclipse.rap.ui.templates.nl_zh" unpack="false" version="3.5.0.v20090620043401" download-size="2728" install-size="2728" />
	<plugin fragment="true" id="org.eclipse.rap.ui.views.nl_zh" unpack="false" version="3.5.0.v20090620043401" download-size="3199" install-size="3199" />
	<plugin fragment="true" id="org.eclipse.rap.ui.workbench.nl_zh" unpack="false" version="3.5.0.v20090620043401" download-size="28514" install-size="28514" />
</feature>