<?xml version="1.0" encoding="UTF-8" ?>
<feature
	id="org.eclipse.babel.nls_webtools.jeetools_ru"
	label="Babel Language Pack for webtools.jeetools in Russian (94.67%)"
	image="eclipse_update_120.jpg"
	provider-name="%providerName"
	version="3.5.0.v20090620043401">
	<copyright>
		%copyright
	</copyright>
	<license url="%licenseURL">
		%license
	</license>
	<description>Babel Language Pack for webtools.jeetools in Russian</description>
	<plugin fragment="true" id="org.eclipse.jem.beaninfo.nl_ru" unpack="false" version="3.5.0.v20090620043401" download-size="3346" install-size="3346" />
	<plugin fragment="true" id="org.eclipse.jem.beaninfo.vm.common.nl_ru" unpack="false" version="3.5.0.v20090620043401" download-size="1378" install-size="1378" />
	<plugin fragment="true" id="org.eclipse.jem.beaninfo.vm.nl_ru" unpack="false" version="3.5.0.v20090620043401" download-size="3204" install-size="3204" />
	<plugin fragment="true" id="org.eclipse.jem.nl_ru" unpack="false" version="3.5.0.v20090620043401" download-size="4300" install-size="4300" />
	<plugin fragment="true" id="org.eclipse.jem.proxy.nl_ru" unpack="false" version="3.5.0.v20090620043401" download-size="8370" install-size="8370" />
	<plugin fragment="true" id="org.eclipse.jem.tests.nl_ru" unpack="false" version="3.5.0.v20090620043401" download-size="1366" install-size="1366" />
	<plugin fragment="true" id="org.eclipse.jem.workbench.nl_ru" unpack="false" version="3.5.0.v20090620043401" download-size="2607" install-size="2607" />
	<plugin fragment="true" id="org.eclipse.jst.j2ee.core.nl_ru" unpack="false" version="3.5.0.v20090620043401" download-size="37183" install-size="37183" />
	<plugin fragment="true" id="org.eclipse.jst.j2ee.doc.user.nl_ru" unpack="false" version="3.5.0.v20090620043401" download-size="1439" install-size="1439" />
	<plugin fragment="true" id="org.eclipse.jst.j2ee.infopop.nl_ru" unpack="false" version="3.5.0.v20090620043401" download-size="1452" install-size="1452" />
	<plugin fragment="true" id="org.eclipse.jst.j2ee.jca.nl_ru" unpack="false" version="3.5.0.v20090620043401" download-size="2640" install-size="2640" />
	<plugin fragment="true" id="org.eclipse.jst.j2ee.jca.ui.nl_ru" unpack="false" version="3.5.0.v20090620043401" download-size="2267" install-size="2267" />
	<plugin fragment="true" id="org.eclipse.jst.j2ee.navigator.ui.nl_ru" unpack="false" version="3.5.0.v20090620043401" download-size="3805" install-size="3805" />
	<plugin fragment="true" id="org.eclipse.jst.j2ee.nl_ru" unpack="false" version="3.5.0.v20090620043401" download-size="33917" install-size="33917" />
	<plugin fragment="true" id="org.eclipse.jst.j2ee.ui.nl_ru" unpack="false" version="3.5.0.v20090620043401" download-size="18475" install-size="18475" />
	<plugin fragment="true" id="org.eclipse.jst.j2ee.web.nl_ru" unpack="false" version="3.5.0.v20090620043401" download-size="23839" install-size="23839" />
	<plugin fragment="true" id="org.eclipse.jst.j2ee.webservice.nl_ru" unpack="false" version="3.5.0.v20090620043401" download-size="2976" install-size="2976" />
	<plugin fragment="true" id="org.eclipse.jst.j2ee.webservice.ui.nl_ru" unpack="false" version="3.5.0.v20090620043401" download-size="2730" install-size="2730" />
	<plugin fragment="true" id="org.eclipse.jst.j2ee.xdoclet.runtime.nl_ru" unpack="false" version="3.5.0.v20090620043401" download-size="2531" install-size="2531" />
	<plugin fragment="true" id="org.eclipse.jst.jee.nl_ru" unpack="false" version="3.5.0.v20090620043401" download-size="1369" install-size="1369" />
	<plugin fragment="true" id="org.eclipse.jst.jee.ui.nl_ru" unpack="false" version="3.5.0.v20090620043401" download-size="2770" install-size="2770" />
	<plugin fragment="true" id="org.eclipse.jst.jee.web.nl_ru" unpack="false" version="3.5.0.v20090620043401" download-size="1372" install-size="1372" />
	<plugin fragment="true" id="org.eclipse.jst.servlet.ui.infopop.nl_ru" unpack="false" version="3.5.0.v20090620043401" download-size="1467" install-size="1467" />
	<plugin fragment="true" id="org.eclipse.jst.servlet.ui.nl_ru" unpack="false" version="3.5.0.v20090620043401" download-size="6254" install-size="6254" />
	<plugin fragment="true" id="org.eclipse.wst.web.ui.infopop.nl_ru" unpack="false" version="3.5.0.v20090620043401" download-size="1459" install-size="1459" />
</feature>