<?xml version="1.0" encoding="UTF-8" ?>
<feature
	id="org.eclipse.babel.nls_webtools.sourceediting_pl"
	label="Babel Language Pack for webtools.sourceediting in Polish (73.33%)"
	image="eclipse_update_120.jpg"
	provider-name="%providerName"
	version="3.5.0.v20090620043401">
	<copyright>
		%copyright
	</copyright>
	<license url="%licenseURL">
		%license
	</license>
	<description>Babel Language Pack for webtools.sourceediting in Polish</description>
	<plugin fragment="true" id="org.eclipse.jst.jsp.core.nl_pl" unpack="false" version="3.5.0.v20090620043401" download-size="3152" install-size="3152" />
	<plugin fragment="true" id="org.eclipse.jst.jsp.ui.infopop.nl_pl" unpack="false" version="3.5.0.v20090620043401" download-size="1413" install-size="1413" />
	<plugin fragment="true" id="org.eclipse.jst.jsp.ui.nl_pl" unpack="false" version="3.5.0.v20090620043401" download-size="6103" install-size="6103" />
	<plugin fragment="true" id="org.eclipse.jst.standard.schemas.nl_pl" unpack="false" version="3.5.0.v20090620043401" download-size="1377" install-size="1377" />
	<plugin fragment="true" id="org.eclipse.wst.css.core.nl_pl" unpack="false" version="3.5.0.v20090620043401" download-size="3475" install-size="3475" />
	<plugin fragment="true" id="org.eclipse.wst.css.ui.nl_pl" unpack="false" version="3.5.0.v20090620043401" download-size="5108" install-size="5108" />
	<plugin fragment="true" id="org.eclipse.wst.doc.user.nl_pl" unpack="false" version="3.5.0.v20090620043401" download-size="1424" install-size="1424" />
	<plugin fragment="true" id="org.eclipse.wst.dtd.core.nl_pl" unpack="false" version="3.5.0.v20090620043401" download-size="4590" install-size="4590" />
	<plugin fragment="true" id="org.eclipse.wst.dtd.ui.infopop.nl_pl" unpack="false" version="3.5.0.v20090620043401" download-size="1413" install-size="1413" />
	<plugin fragment="true" id="org.eclipse.wst.dtd.ui.nl_pl" unpack="false" version="3.5.0.v20090620043401" download-size="5113" install-size="5113" />
	<plugin fragment="true" id="org.eclipse.wst.dtdeditor.doc.user.nl_pl" unpack="false" version="3.5.0.v20090620043401" download-size="1375" install-size="1375" />
	<plugin fragment="true" id="org.eclipse.wst.html.core.nl_pl" unpack="false" version="3.5.0.v20090620043401" download-size="5522" install-size="5522" />
	<plugin fragment="true" id="org.eclipse.wst.html.ui.infopop.nl_pl" unpack="false" version="3.5.0.v20090620043401" download-size="1417" install-size="1417" />
	<plugin fragment="true" id="org.eclipse.wst.html.ui.nl_pl" unpack="false" version="3.5.0.v20090620043401" download-size="6199" install-size="6199" />
	<plugin fragment="true" id="org.eclipse.wst.javascript.core.nl_pl" unpack="false" version="3.5.0.v20090620043401" download-size="2680" install-size="2680" />
	<plugin fragment="true" id="org.eclipse.wst.javascript.ui.infopop.nl_pl" unpack="false" version="3.5.0.v20090620043401" download-size="1428" install-size="1428" />
	<plugin fragment="true" id="org.eclipse.wst.javascript.ui.nl_pl" unpack="false" version="3.5.0.v20090620043401" download-size="5655" install-size="5655" />
	<plugin fragment="true" id="org.eclipse.wst.jsdt.core.nl_pl" unpack="false" version="3.5.0.v20090620043401" download-size="20722" install-size="20722" />
	<plugin fragment="true" id="org.eclipse.wst.jsdt.doc.nl_pl" unpack="false" version="3.5.0.v20090620043401" download-size="1370" install-size="1370" />
	<plugin fragment="true" id="org.eclipse.wst.jsdt.manipulation.nl_pl" unpack="false" version="3.5.0.v20090620043401" download-size="3369" install-size="3369" />
	<plugin fragment="true" id="org.eclipse.wst.jsdt.support.firefox.nl_pl" unpack="false" version="3.5.0.v20090620043401" download-size="1375" install-size="1375" />
	<plugin fragment="true" id="org.eclipse.wst.jsdt.support.ie.nl_pl" unpack="false" version="3.5.0.v20090620043401" download-size="1372" install-size="1372" />
	<plugin fragment="true" id="org.eclipse.wst.jsdt.ui.nl_pl" unpack="false" version="3.5.0.v20090620043401" download-size="119787" install-size="119787" />
	<plugin fragment="true" id="org.eclipse.wst.jsdt.web.core.nl_pl" unpack="false" version="3.5.0.v20090620043401" download-size="2651" install-size="2651" />
	<plugin fragment="true" id="org.eclipse.wst.jsdt.web.support.jsp.nl_pl" unpack="false" version="3.5.0.v20090620043401" download-size="1378" install-size="1378" />
	<plugin fragment="true" id="org.eclipse.wst.jsdt.web.ui.nl_pl" unpack="false" version="3.5.0.v20090620043401" download-size="5076" install-size="5076" />
	<plugin fragment="true" id="org.eclipse.wst.sse.core.nl_pl" unpack="false" version="3.5.0.v20090620043401" download-size="4305" install-size="4305" />
	<plugin fragment="true" id="org.eclipse.wst.sse.doc.user.nl_pl" unpack="false" version="3.5.0.v20090620043401" download-size="1372" install-size="1372" />
	<plugin fragment="true" id="org.eclipse.wst.sse.ui.infopop.nl_pl" unpack="false" version="3.5.0.v20090620043401" download-size="1447" install-size="1447" />
	<plugin fragment="true" id="org.eclipse.wst.sse.ui.nl_pl" unpack="false" version="3.5.0.v20090620043401" download-size="8417" install-size="8417" />
	<plugin fragment="true" id="org.eclipse.wst.standard.schemas.nl_pl" unpack="false" version="3.5.0.v20090620043401" download-size="1377" install-size="1377" />
	<plugin fragment="true" id="org.eclipse.wst.web.nl_pl" unpack="false" version="3.5.0.v20090620043401" download-size="2066" install-size="2066" />
	<plugin fragment="true" id="org.eclipse.wst.web.ui.nl_pl" unpack="false" version="3.5.0.v20090620043401" download-size="1431" install-size="1431" />
	<plugin fragment="true" id="org.eclipse.wst.webtools.doc.user.nl_pl" unpack="false" version="3.5.0.v20090620043401" download-size="1373" install-size="1373" />
	<plugin fragment="true" id="org.eclipse.wst.xml.core.nl_pl" unpack="false" version="3.5.0.v20090620043401" download-size="3800" install-size="3800" />
	<plugin fragment="true" id="org.eclipse.wst.xml.ui.infopop.nl_pl" unpack="false" version="3.5.0.v20090620043401" download-size="1419" install-size="1419" />
	<plugin fragment="true" id="org.eclipse.wst.xml.ui.nl_pl" unpack="false" version="3.5.0.v20090620043401" download-size="14193" install-size="14193" />
	<plugin fragment="true" id="org.eclipse.wst.xml.xpath.core.nl_pl" unpack="false" version="3.5.0.v20090620043401" download-size="1373" install-size="1373" />
	<plugin fragment="true" id="org.eclipse.wst.xml.xpath.ui.nl_pl" unpack="false" version="3.5.0.v20090620043401" download-size="3067" install-size="3067" />
	<plugin fragment="true" id="org.eclipse.wst.xml.xpath2.processor.nl_pl" unpack="false" version="3.5.0.v20090620043401" download-size="1376" install-size="1376" />
	<plugin fragment="true" id="org.eclipse.wst.xmleditor.doc.user.nl_pl" unpack="false" version="3.5.0.v20090620043401" download-size="1376" install-size="1376" />
	<plugin fragment="true" id="org.eclipse.wst.xsd.core.nl_pl" unpack="false" version="3.5.0.v20090620043401" download-size="1512" install-size="1512" />
	<plugin fragment="true" id="org.eclipse.wst.xsd.ui.nl_pl" unpack="false" version="3.5.0.v20090620043401" download-size="19584" install-size="19584" />
	<plugin fragment="true" id="org.eclipse.wst.xsdeditor.doc.user.nl_pl" unpack="false" version="3.5.0.v20090620043401" download-size="1412" install-size="1412" />
	<plugin fragment="true" id="org.eclipse.wst.xsl.core.nl_pl" unpack="false" version="3.5.0.v20090620043401" download-size="1386" install-size="1386" />
	<plugin fragment="true" id="org.eclipse.wst.xsl.debug.ui.nl_pl" unpack="false" version="3.5.0.v20090620043401" download-size="4171" install-size="4171" />
	<plugin fragment="true" id="org.eclipse.wst.xsl.doc.nl_pl" unpack="false" version="3.5.0.v20090620043401" download-size="1367" install-size="1367" />
	<plugin fragment="true" id="org.eclipse.wst.xsl.jaxp.debug.nl_pl" unpack="false" version="3.5.0.v20090620043401" download-size="3031" install-size="3031" />
	<plugin fragment="true" id="org.eclipse.wst.xsl.jaxp.debug.ui.nl_pl" unpack="false" version="3.5.0.v20090620043401" download-size="4090" install-size="4090" />
	<plugin fragment="true" id="org.eclipse.wst.xsl.jaxp.launching.nl_pl" unpack="false" version="3.5.0.v20090620043401" download-size="2861" install-size="2861" />
	<plugin fragment="true" id="org.eclipse.wst.xsl.launching.nl_pl" unpack="false" version="3.5.0.v20090620043401" download-size="1401" install-size="1401" />
	<plugin fragment="true" id="org.eclipse.wst.xsl.launching.tests.nl_pl" unpack="false" version="3.5.0.v20090620043401" download-size="1380" install-size="1380" />
	<plugin fragment="true" id="org.eclipse.wst.xsl.nl_pl" unpack="false" version="3.5.0.v20090620043401" download-size="1370" install-size="1370" />
	<plugin fragment="true" id="org.eclipse.wst.xsl.saxon.nl_pl" unpack="false" version="3.5.0.v20090620043401" download-size="1373" install-size="1373" />
	<plugin fragment="true" id="org.eclipse.wst.xsl.sdk.documentation.nl_pl" unpack="false" version="3.5.0.v20090620043401" download-size="1377" install-size="1377" />
	<plugin fragment="true" id="org.eclipse.wst.xsl.tests.nl_pl" unpack="false" version="3.5.0.v20090620043401" download-size="1372" install-size="1372" />
	<plugin fragment="true" id="org.eclipse.wst.xsl.ui.nl_pl" unpack="false" version="3.5.0.v20090620043401" download-size="2676" install-size="2676" />
	<plugin fragment="true" id="org.eclipse.wst.xsl.xalan.nl_pl" unpack="false" version="3.5.0.v20090620043401" download-size="1409" install-size="1409" />
</feature>