<?xml version="1.0" encoding="UTF-8" ?>
<feature
	id="org.eclipse.babel.nls_webtools.ejbtools_sv"
	label="Babel Language Pack for webtools.ejbtools in Swedish (96.28%)"
	image="eclipse_update_120.jpg"
	provider-name="%providerName"
	version="3.5.0.v20090620043401">
	<copyright>
		%copyright
	</copyright>
	<license url="%licenseURL">
		%license
	</license>
	<description>Babel Language Pack for webtools.ejbtools in Swedish</description>
	<plugin fragment="true" id="org.eclipse.jst.ejb.doc.user.nl_sv" unpack="false" version="3.5.0.v20090620043401" download-size="1391" install-size="1391" />
	<plugin fragment="true" id="org.eclipse.jst.ejb.ui.infopop.nl_sv" unpack="false" version="3.5.0.v20090620043401" download-size="1374" install-size="1374" />
	<plugin fragment="true" id="org.eclipse.jst.ejb.ui.nl_sv" unpack="false" version="3.5.0.v20090620043401" download-size="3745" install-size="3745" />
	<plugin fragment="true" id="org.eclipse.jst.j2ee.ejb.annotation.model.nl_sv" unpack="false" version="3.5.0.v20090620043401" download-size="3601" install-size="3601" />
	<plugin fragment="true" id="org.eclipse.jst.j2ee.ejb.annotations.emitter.nl_sv" unpack="false" version="3.5.0.v20090620043401" download-size="1384" install-size="1384" />
	<plugin fragment="true" id="org.eclipse.jst.j2ee.ejb.annotations.ui.nl_sv" unpack="false" version="3.5.0.v20090620043401" download-size="3879" install-size="3879" />
	<plugin fragment="true" id="org.eclipse.jst.j2ee.ejb.annotations.xdoclet.nl_sv" unpack="false" version="3.5.0.v20090620043401" download-size="3531" install-size="3531" />
	<plugin fragment="true" id="org.eclipse.jst.j2ee.ejb.nl_sv" unpack="false" version="3.5.0.v20090620043401" download-size="24723" install-size="24723" />
	<plugin fragment="true" id="org.eclipse.jst.jee.ejb.nl_sv" unpack="false" version="3.5.0.v20090620043401" download-size="1372" install-size="1372" />
</feature>