<?xml version="1.0" encoding="UTF-8" ?>
<feature
	id="org.eclipse.babel.nls_rt.rap_fi"
	label="Babel Language Pack for rt.rap in Finnish (79.74%)"
	image="eclipse_update_120.jpg"
	provider-name="%providerName"
	version="3.5.0.v20090620043401">
	<copyright>
		%copyright
	</copyright>
	<license url="%licenseURL">
		%license
	</license>
	<description>Babel Language Pack for rt.rap in Finnish</description>
	<plugin fragment="true" id="org.eclipse.rap.design.example.nl_fi" unpack="false" version="3.5.0.v20090620043401" download-size="1373" install-size="1373" />
	<plugin fragment="true" id="org.eclipse.rap.jface.databinding.nl_fi" unpack="false" version="3.5.0.v20090620043401" download-size="1395" install-size="1395" />
	<plugin fragment="true" id="org.eclipse.rap.jface.nl_fi" unpack="false" version="3.5.0.v20090620043401" download-size="10070" install-size="10070" />
	<plugin fragment="true" id="org.eclipse.rap.rwt.nl_fi" unpack="false" version="3.5.0.v20090620043401" download-size="2806" install-size="2806" />
	<plugin fragment="true" id="org.eclipse.rap.rwt.test.nl_fi" unpack="false" version="3.5.0.v20090620043401" download-size="1372" install-size="1372" />
	<plugin fragment="true" id="org.eclipse.rap.ui.forms.nl_fi" unpack="false" version="3.5.0.v20090620043401" download-size="2279" install-size="2279" />
	<plugin fragment="true" id="org.eclipse.rap.ui.help.nl_fi" unpack="false" version="3.5.0.v20090620043401" download-size="1367" install-size="1367" />
	<plugin fragment="true" id="org.eclipse.rap.ui.intro.nl_fi" unpack="false" version="3.5.0.v20090620043401" download-size="2532" install-size="2532" />
	<plugin fragment="true" id="org.eclipse.rap.ui.launch.nl_fi" unpack="false" version="3.5.0.v20090620043401" download-size="2494" install-size="2494" />
	<plugin fragment="true" id="org.eclipse.rap.ui.nl_fi" unpack="false" version="3.5.0.v20090620043401" download-size="5131" install-size="5131" />
	<plugin fragment="true" id="org.eclipse.rap.ui.templates.nl_fi" unpack="false" version="3.5.0.v20090620043401" download-size="2599" install-size="2599" />
	<plugin fragment="true" id="org.eclipse.rap.ui.views.nl_fi" unpack="false" version="3.5.0.v20090620043401" download-size="3177" install-size="3177" />
	<plugin fragment="true" id="org.eclipse.rap.ui.workbench.nl_fi" unpack="false" version="3.5.0.v20090620043401" download-size="25227" install-size="25227" />
</feature>