<?xml version="1.0" encoding="UTF-8" ?>
<feature
	id="org.eclipse.babel.nls_tools.gef_pt"
	label="Babel Language Pack for tools.gef in Portuguese (60.94%)"
	image="eclipse_update_120.jpg"
	provider-name="%providerName"
	version="3.5.0.v20090620043401">
	<copyright>
		%copyright
	</copyright>
	<license url="%licenseURL">
		%license
	</license>
	<description>Babel Language Pack for tools.gef in Portuguese</description>
	<plugin fragment="true" id="org.eclipse.draw2d.doc.isv.nl_pt" unpack="false" version="3.5.0.v20090620043401" download-size="1410" install-size="1410" />
	<plugin fragment="true" id="org.eclipse.draw2d.nl_pt" unpack="false" version="3.5.0.v20090620043401" download-size="1703" install-size="1703" />
	<plugin fragment="true" id="org.eclipse.draw2d.test.nl_pt" unpack="false" version="3.5.0.v20090620043401" download-size="1375" install-size="1375" />
	<plugin fragment="true" id="org.eclipse.gef.doc.isv.nl_pt" unpack="false" version="3.5.0.v20090620043401" download-size="1492" install-size="1492" />
	<plugin fragment="true" id="org.eclipse.gef.examples.flow.nl_pt" unpack="false" version="3.5.0.v20090620043401" download-size="1379" install-size="1379" />
	<plugin fragment="true" id="org.eclipse.gef.examples.logic.nl_pt" unpack="false" version="3.5.0.v20090620043401" download-size="2724" install-size="2724" />
	<plugin fragment="true" id="org.eclipse.gef.examples.shapes.nl_pt" unpack="false" version="3.5.0.v20090620043401" download-size="1379" install-size="1379" />
	<plugin fragment="true" id="org.eclipse.gef.examples.text.nl_pt" unpack="false" version="3.5.0.v20090620043401" download-size="1378" install-size="1378" />
	<plugin fragment="true" id="org.eclipse.gef.examples.ui.pde.nl_pt" unpack="false" version="3.5.0.v20090620043401" download-size="1380" install-size="1380" />
	<plugin fragment="true" id="org.eclipse.gef.nl_pt" unpack="false" version="3.5.0.v20090620043401" download-size="4819" install-size="4819" />
	<plugin fragment="true" id="org.eclipse.gef.test.nl_pt" unpack="false" version="3.5.0.v20090620043401" download-size="1372" install-size="1372" />
	<plugin fragment="true" id="org.eclipse.zest.core.nl_pt" unpack="false" version="3.5.0.v20090620043401" download-size="2206" install-size="2206" />
	<plugin fragment="true" id="org.eclipse.zest.layouts.nl_pt" unpack="false" version="3.5.0.v20090620043401" download-size="1376" install-size="1376" />
</feature>