<?xml version="1.0" encoding="UTF-8" ?>
<feature
	id="org.eclipse.babel.nls_dsdp.tm_fi"
	label="Babel Language Pack for dsdp.tm in Finnish (20.76%)"
	image="eclipse_update_120.jpg"
	provider-name="%providerName"
	version="3.5.0.v20090620043401">
	<copyright>
		%copyright
	</copyright>
	<license url="%licenseURL">
		%license
	</license>
	<description>Babel Language Pack for dsdp.tm in Finnish</description>
	<plugin fragment="true" id="org.eclipse.dstore.core.nl_fi" unpack="false" version="3.5.0.v20090620043401" download-size="1366" install-size="1366" />
	<plugin fragment="true" id="org.eclipse.dstore.doc.isv.nl_fi" unpack="false" version="3.5.0.v20090620043401" download-size="1369" install-size="1369" />
	<plugin fragment="true" id="org.eclipse.dstore.extra.nl_fi" unpack="false" version="3.5.0.v20090620043401" download-size="1367" install-size="1367" />
	<plugin fragment="true" id="org.eclipse.rse.connectorservice.dstore.nl_fi" unpack="false" version="3.5.0.v20090620043401" download-size="1377" install-size="1377" />
	<plugin fragment="true" id="org.eclipse.rse.connectorservice.local.nl_fi" unpack="false" version="3.5.0.v20090620043401" download-size="1376" install-size="1376" />
	<plugin fragment="true" id="org.eclipse.rse.connectorservice.ssh.nl_fi" unpack="false" version="3.5.0.v20090620043401" download-size="2716" install-size="2716" />
	<plugin fragment="true" id="org.eclipse.rse.connectorservice.telnet.nl_fi" unpack="false" version="3.5.0.v20090620043401" download-size="1376" install-size="1376" />
	<plugin fragment="true" id="org.eclipse.rse.core.nl_fi" unpack="false" version="3.5.0.v20090620043401" download-size="2398" install-size="2398" />
	<plugin fragment="true" id="org.eclipse.rse.discovery.nl_fi" unpack="false" version="3.5.0.v20090620043401" download-size="2213" install-size="2213" />
	<plugin fragment="true" id="org.eclipse.rse.doc.isv.nl_fi" unpack="false" version="3.5.0.v20090620043401" download-size="1367" install-size="1367" />
	<plugin fragment="true" id="org.eclipse.rse.doc.user.nl_fi" unpack="false" version="3.5.0.v20090620043401" download-size="1367" install-size="1367" />
	<plugin fragment="true" id="org.eclipse.rse.dstore.security.nl_fi" unpack="false" version="3.5.0.v20090620043401" download-size="2565" install-size="2565" />
	<plugin fragment="true" id="org.eclipse.rse.efs.nl_fi" unpack="false" version="3.5.0.v20090620043401" download-size="1364" install-size="1364" />
	<plugin fragment="true" id="org.eclipse.rse.efs.ui.nl_fi" unpack="false" version="3.5.0.v20090620043401" download-size="1366" install-size="1366" />
	<plugin fragment="true" id="org.eclipse.rse.examples.daytime.nl_fi" unpack="false" version="3.5.0.v20090620043401" download-size="1373" install-size="1373" />
	<plugin fragment="true" id="org.eclipse.rse.examples.tutorial.nl_fi" unpack="false" version="3.5.0.v20090620043401" download-size="1678" install-size="1678" />
	<plugin fragment="true" id="org.eclipse.rse.files.ui.nl_fi" unpack="false" version="3.5.0.v20090620043401" download-size="3231" install-size="3231" />
	<plugin fragment="true" id="org.eclipse.rse.importexport.nl_fi" unpack="false" version="3.5.0.v20090620043401" download-size="3929" install-size="3929" />
	<plugin fragment="true" id="org.eclipse.rse.nl_fi" unpack="false" version="3.5.0.v20090620043401" download-size="1360" install-size="1360" />
	<plugin fragment="true" id="org.eclipse.rse.processes.ui.nl_fi" unpack="false" version="3.5.0.v20090620043401" download-size="3052" install-size="3052" />
	<plugin fragment="true" id="org.eclipse.rse.remotecdt.nl_fi" unpack="false" version="3.5.0.v20090620043401" download-size="2298" install-size="2298" />
	<plugin fragment="true" id="org.eclipse.rse.sdk.nl_fi" unpack="false" version="3.5.0.v20090620043401" download-size="1364" install-size="1364" />
	<plugin fragment="true" id="org.eclipse.rse.services.dstore.nl_fi" unpack="false" version="3.5.0.v20090620043401" download-size="1587" install-size="1587" />
	<plugin fragment="true" id="org.eclipse.rse.services.files.ftp.nl_fi" unpack="false" version="3.5.0.v20090620043401" download-size="2595" install-size="2595" />
	<plugin fragment="true" id="org.eclipse.rse.services.local.nl_fi" unpack="false" version="3.5.0.v20090620043401" download-size="1371" install-size="1371" />
	<plugin fragment="true" id="org.eclipse.rse.services.nl_fi" unpack="false" version="3.5.0.v20090620043401" download-size="3086" install-size="3086" />
	<plugin fragment="true" id="org.eclipse.rse.services.ssh.nl_fi" unpack="false" version="3.5.0.v20090620043401" download-size="1368" install-size="1368" />
	<plugin fragment="true" id="org.eclipse.rse.services.telnet.nl_fi" unpack="false" version="3.5.0.v20090620043401" download-size="1371" install-size="1371" />
	<plugin fragment="true" id="org.eclipse.rse.shells.ui.nl_fi" unpack="false" version="3.5.0.v20090620043401" download-size="2625" install-size="2625" />
	<plugin fragment="true" id="org.eclipse.rse.subsystems.files.core.nl_fi" unpack="false" version="3.5.0.v20090620043401" download-size="2834" install-size="2834" />
	<plugin fragment="true" id="org.eclipse.rse.subsystems.files.dstore.nl_fi" unpack="false" version="3.5.0.v20090620043401" download-size="1390" install-size="1390" />
	<plugin fragment="true" id="org.eclipse.rse.subsystems.files.ftp.nl_fi" unpack="false" version="3.5.0.v20090620043401" download-size="1403" install-size="1403" />
	<plugin fragment="true" id="org.eclipse.rse.subsystems.files.local.nl_fi" unpack="false" version="3.5.0.v20090620043401" download-size="1376" install-size="1376" />
	<plugin fragment="true" id="org.eclipse.rse.subsystems.files.ssh.nl_fi" unpack="false" version="3.5.0.v20090620043401" download-size="1374" install-size="1374" />
	<plugin fragment="true" id="org.eclipse.rse.subsystems.processes.core.nl_fi" unpack="false" version="3.5.0.v20090620043401" download-size="1377" install-size="1377" />
	<plugin fragment="true" id="org.eclipse.rse.subsystems.processes.dstore.nl_fi" unpack="false" version="3.5.0.v20090620043401" download-size="1378" install-size="1378" />
	<plugin fragment="true" id="org.eclipse.rse.subsystems.processes.local.nl_fi" unpack="false" version="3.5.0.v20090620043401" download-size="1378" install-size="1378" />
	<plugin fragment="true" id="org.eclipse.rse.subsystems.processes.shell.linux.nl_fi" unpack="false" version="3.5.0.v20090620043401" download-size="1383" install-size="1383" />
	<plugin fragment="true" id="org.eclipse.rse.subsystems.shells.core.nl_fi" unpack="false" version="3.5.0.v20090620043401" download-size="1377" install-size="1377" />
	<plugin fragment="true" id="org.eclipse.rse.subsystems.shells.dstore.nl_fi" unpack="false" version="3.5.0.v20090620043401" download-size="1378" install-size="1378" />
	<plugin fragment="true" id="org.eclipse.rse.subsystems.shells.local.nl_fi" unpack="false" version="3.5.0.v20090620043401" download-size="1377" install-size="1377" />
	<plugin fragment="true" id="org.eclipse.rse.subsystems.shells.ssh.nl_fi" unpack="false" version="3.5.0.v20090620043401" download-size="1376" install-size="1376" />
	<plugin fragment="true" id="org.eclipse.rse.subsystems.shells.telnet.nl_fi" unpack="false" version="3.5.0.v20090620043401" download-size="1377" install-size="1377" />
	<plugin fragment="true" id="org.eclipse.rse.subsystems.terminals.core.nl_fi" unpack="false" version="3.5.0.v20090620043401" download-size="1377" install-size="1377" />
	<plugin fragment="true" id="org.eclipse.rse.subsystems.terminals.ssh.nl_fi" unpack="false" version="3.5.0.v20090620043401" download-size="1377" install-size="1377" />
	<plugin fragment="true" id="org.eclipse.rse.subsystems.wince.nl_fi" unpack="false" version="3.5.0.v20090620043401" download-size="1391" install-size="1391" />
	<plugin fragment="true" id="org.eclipse.rse.terminals.ui.nl_fi" unpack="false" version="3.5.0.v20090620043401" download-size="1391" install-size="1391" />
	<plugin fragment="true" id="org.eclipse.rse.tests.framework.nl_fi" unpack="false" version="3.5.0.v20090620043401" download-size="1430" install-size="1430" />
	<plugin fragment="true" id="org.eclipse.rse.tests.nl_fi" unpack="false" version="3.5.0.v20090620043401" download-size="2412" install-size="2412" />
	<plugin fragment="true" id="org.eclipse.rse.ui.nl_fi" unpack="false" version="3.5.0.v20090620043401" download-size="5631" install-size="5631" />
	<plugin fragment="true" id="org.eclipse.rse.useractions.nl_fi" unpack="false" version="3.5.0.v20090620043401" download-size="3415" install-size="3415" />
	<plugin fragment="true" id="org.eclipse.tm.discovery.doc.isv.nl_fi" unpack="false" version="3.5.0.v20090620043401" download-size="1373" install-size="1373" />
	<plugin fragment="true" id="org.eclipse.tm.discovery.engine.nl_fi" unpack="false" version="3.5.0.v20090620043401" download-size="1371" install-size="1371" />
	<plugin fragment="true" id="org.eclipse.tm.discovery.model.edit.nl_fi" unpack="false" version="3.5.0.v20090620043401" download-size="1374" install-size="1374" />
	<plugin fragment="true" id="org.eclipse.tm.discovery.model.nl_fi" unpack="false" version="3.5.0.v20090620043401" download-size="1372" install-size="1372" />
	<plugin fragment="true" id="org.eclipse.tm.discovery.protocol.dnssd.nl_fi" unpack="false" version="3.5.0.v20090620043401" download-size="1377" install-size="1377" />
	<plugin fragment="true" id="org.eclipse.tm.discovery.transport.udp.nl_fi" unpack="false" version="3.5.0.v20090620043401" download-size="1377" install-size="1377" />
	<plugin fragment="true" id="org.eclipse.tm.discovery.view.nl_fi" unpack="false" version="3.5.0.v20090620043401" download-size="2504" install-size="2504" />
	<plugin fragment="true" id="org.eclipse.tm.discovery.wizard.nl_fi" unpack="false" version="3.5.0.v20090620043401" download-size="2565" install-size="2565" />
	<plugin fragment="true" id="org.eclipse.tm.rapi.examples.nl_fi" unpack="false" version="3.5.0.v20090620043401" download-size="1370" install-size="1370" />
	<plugin fragment="true" id="org.eclipse.tm.rapi.nl_fi" unpack="false" version="3.5.0.v20090620043401" download-size="1364" install-size="1364" />
	<plugin fragment="true" id="org.eclipse.tm.rapi.tests.nl_fi" unpack="false" version="3.5.0.v20090620043401" download-size="1368" install-size="1368" />
	<plugin fragment="true" id="org.eclipse.tm.terminal.nl_fi" unpack="false" version="3.5.0.v20090620043401" download-size="2623" install-size="2623" />
	<plugin fragment="true" id="org.eclipse.tm.terminal.serial.nl_fi" unpack="false" version="3.5.0.v20090620043401" download-size="2387" install-size="2387" />
	<plugin fragment="true" id="org.eclipse.tm.terminal.ssh.nl_fi" unpack="false" version="3.5.0.v20090620043401" download-size="2829" install-size="2829" />
	<plugin fragment="true" id="org.eclipse.tm.terminal.telnet.nl_fi" unpack="false" version="3.5.0.v20090620043401" download-size="2404" install-size="2404" />
	<plugin fragment="true" id="org.eclipse.tm.terminal.test.nl_fi" unpack="false" version="3.5.0.v20090620043401" download-size="1370" install-size="1370" />
	<plugin fragment="true" id="org.eclipse.tm.terminal.view.nl_fi" unpack="false" version="3.5.0.v20090620043401" download-size="2899" install-size="2899" />
	<plugin fragment="true" id="test.data.nl_fi" unpack="false" version="3.5.0.v20090620043401" download-size="2748" install-size="2748" />
</feature>