<?xml version="1.0" encoding="UTF-8" ?>
<feature
	id="org.eclipse.babel.nls_webtools.servertools_en_AA"
	label="Babel Language Pack for webtools.servertools in Pseudo Translations (100%)"
	image="eclipse_update_120.jpg"
	provider-name="%providerName"
	version="3.5.0.v20090620043401">
	<copyright>
		%copyright
	</copyright>
	<license url="%licenseURL">
		%license
	</license>
	<description>Babel Language Pack for webtools.servertools in Pseudo Translations</description>
	<plugin fragment="true" id="org.apache.cactus.nl_en_AA" unpack="false" version="3.5.0.v20090620043401" download-size="1434" install-size="1434" />
	<plugin fragment="true" id="org.eclipse.jst.server.core.nl_en_AA" unpack="false" version="3.5.0.v20090620043401" download-size="3530" install-size="3530" />
	<plugin fragment="true" id="org.eclipse.jst.server.generic.core.nl_en_AA" unpack="false" version="3.5.0.v20090620043401" download-size="3547" install-size="3547" />
	<plugin fragment="true" id="org.eclipse.jst.server.generic.jboss.nl_en_AA" unpack="false" version="3.5.0.v20090620043401" download-size="1842" install-size="1842" />
	<plugin fragment="true" id="org.eclipse.jst.server.generic.jonas.nl_en_AA" unpack="false" version="3.5.0.v20090620043401" download-size="1810" install-size="1810" />
	<plugin fragment="true" id="org.eclipse.jst.server.generic.oc4j.nl_en_AA" unpack="false" version="3.5.0.v20090620043401" download-size="2027" install-size="2027" />
	<plugin fragment="true" id="org.eclipse.jst.server.generic.ui.nl_en_AA" unpack="false" version="3.5.0.v20090620043401" download-size="3264" install-size="3264" />
	<plugin fragment="true" id="org.eclipse.jst.server.installable.nl_en_AA" unpack="false" version="3.5.0.v20090620043401" download-size="1463" install-size="1463" />
	<plugin fragment="true" id="org.eclipse.jst.server.preview.adapter.nl_en_AA" unpack="false" version="3.5.0.v20090620043401" download-size="2997" install-size="2997" />
	<plugin fragment="true" id="org.eclipse.jst.server.tomcat.core.nl_en_AA" unpack="false" version="3.5.0.v20090620043401" download-size="5840" install-size="5840" />
	<plugin fragment="true" id="org.eclipse.jst.server.tomcat.ui.nl_en_AA" unpack="false" version="3.5.0.v20090620043401" download-size="5001" install-size="5001" />
	<plugin fragment="true" id="org.eclipse.jst.server.ui.doc.user.nl_en_AA" unpack="false" version="3.5.0.v20090620043401" download-size="1457" install-size="1457" />
	<plugin fragment="true" id="org.eclipse.jst.server.ui.infopop.nl_en_AA" unpack="false" version="3.5.0.v20090620043401" download-size="1455" install-size="1455" />
	<plugin fragment="true" id="org.eclipse.jst.server.ui.nl_en_AA" unpack="false" version="3.5.0.v20090620043401" download-size="2887" install-size="2887" />
	<plugin fragment="true" id="org.eclipse.jst.server.websphere.core.nl_en_AA" unpack="false" version="3.5.0.v20090620043401" download-size="1697" install-size="1697" />
	<plugin fragment="true" id="org.eclipse.servertools.doc.isv.nl_en_AA" unpack="false" version="3.5.0.v20090620043401" download-size="2312" install-size="2312" />
	<plugin fragment="true" id="org.eclipse.wst.internet.monitor.core.nl_en_AA" unpack="false" version="3.5.0.v20090620043401" download-size="2940" install-size="2940" />
	<plugin fragment="true" id="org.eclipse.wst.internet.monitor.ui.nl_en_AA" unpack="false" version="3.5.0.v20090620043401" download-size="3480" install-size="3480" />
	<plugin fragment="true" id="org.eclipse.wst.server.core.nl_en_AA" unpack="false" version="3.5.0.v20090620043401" download-size="4103" install-size="4103" />
	<plugin fragment="true" id="org.eclipse.wst.server.discovery.nl_en_AA" unpack="false" version="3.5.0.v20090620043401" download-size="2867" install-size="2867" />
	<plugin fragment="true" id="org.eclipse.wst.server.http.core.nl_en_AA" unpack="false" version="3.5.0.v20090620043401" download-size="2951" install-size="2951" />
	<plugin fragment="true" id="org.eclipse.wst.server.http.ui.nl_en_AA" unpack="false" version="3.5.0.v20090620043401" download-size="2927" install-size="2927" />
	<plugin fragment="true" id="org.eclipse.wst.server.preview.adapter.nl_en_AA" unpack="false" version="3.5.0.v20090620043401" download-size="3155" install-size="3155" />
	<plugin fragment="true" id="org.eclipse.wst.server.preview.nl_en_AA" unpack="false" version="3.5.0.v20090620043401" download-size="2901" install-size="2901" />
	<plugin fragment="true" id="org.eclipse.wst.server.ui.doc.user.nl_en_AA" unpack="false" version="3.5.0.v20090620043401" download-size="1455" install-size="1455" />
	<plugin fragment="true" id="org.eclipse.wst.server.ui.infopop.nl_en_AA" unpack="false" version="3.5.0.v20090620043401" download-size="1451" install-size="1451" />
	<plugin fragment="true" id="org.eclipse.wst.server.ui.nl_en_AA" unpack="false" version="3.5.0.v20090620043401" download-size="9426" install-size="9426" />
</feature>