<?xml version="1.0" encoding="UTF-8" ?>
<feature
	id="org.eclipse.babel.nls_birt_en_AU"
	label="Babel Language Pack for birt in English (Australian) (0.05%)"
	image="eclipse_update_120.jpg"
	provider-name="%providerName"
	version="3.5.0.v20090620043401">
	<copyright>
		%copyright
	</copyright>
	<license url="%licenseURL">
		%license
	</license>
	<description>Babel Language Pack for birt in English (Australian)</description>
	<plugin fragment="true" id="org.eclipse.birt.chart.engine.nl_en_AU" unpack="false" version="3.5.0.v20090620043401" download-size="1371" install-size="1371" />
	<plugin fragment="true" id="org.eclipse.birt.chart.ui.extension.nl_en_AU" unpack="false" version="3.5.0.v20090620043401" download-size="2334" install-size="2334" />
	<plugin fragment="true" id="org.eclipse.birt.report.designer.core.nl_en_AU" unpack="false" version="3.5.0.v20090620043401" download-size="2230" install-size="2230" />
	<plugin fragment="true" id="org.eclipse.birt.report.model.nl_en_AU" unpack="false" version="3.5.0.v20090620043401" download-size="2178" install-size="2178" />
</feature>