<?xml version="1.0" encoding="UTF-8" ?>
<feature
	id="org.eclipse.babel.nls_technology.subversive_zh"
	label="Babel Language Pack for technology.subversive in Chinese (Simplified) (19.76%)"
	image="eclipse_update_120.jpg"
	provider-name="%providerName"
	version="3.5.0.v20090620043401">
	<copyright>
		%copyright
	</copyright>
	<license url="%licenseURL">
		%license
	</license>
	<description>Babel Language Pack for technology.subversive in Chinese (Simplified)</description>
	<plugin fragment="true" id="org.eclipse.team.svn.core.nl_zh" unpack="false" version="3.5.0.v20090620043401" download-size="2994" install-size="2994" />
	<plugin fragment="true" id="org.eclipse.team.svn.mylyn.nl_zh" unpack="false" version="3.5.0.v20090620043401" download-size="1379" install-size="1379" />
	<plugin fragment="true" id="org.eclipse.team.svn.ui.nl_zh" unpack="false" version="3.5.0.v20090620043401" download-size="7785" install-size="7785" />
</feature>