<?xml version="1.0" encoding="UTF-8" ?>
<feature
	id="org.eclipse.babel.nls_technology.mat_it"
	label="Babel Language Pack for technology.mat in Italian (2.91%)"
	image="eclipse_update_120.jpg"
	provider-name="%providerName"
	version="3.5.0.v20090620043401">
	<copyright>
		%copyright
	</copyright>
	<license url="%licenseURL">
		%license
	</license>
	<description>Babel Language Pack for technology.mat in Italian</description>
	<plugin fragment="true" id="org.eclipse.mat.api.nl_it" unpack="false" version="3.5.0.v20090620043401" download-size="2230" install-size="2230" />
	<plugin fragment="true" id="org.eclipse.mat.chart.nl_it" unpack="false" version="3.5.0.v20090620043401" download-size="1367" install-size="1367" />
	<plugin fragment="true" id="org.eclipse.mat.chart.ui.nl_it" unpack="false" version="3.5.0.v20090620043401" download-size="1369" install-size="1369" />
	<plugin fragment="true" id="org.eclipse.mat.hprof.nl_it" unpack="false" version="3.5.0.v20090620043401" download-size="1367" install-size="1367" />
	<plugin fragment="true" id="org.eclipse.mat.jdt.nl_it" unpack="false" version="3.5.0.v20090620043401" download-size="1365" install-size="1365" />
	<plugin fragment="true" id="org.eclipse.mat.parser.nl_it" unpack="false" version="3.5.0.v20090620043401" download-size="1367" install-size="1367" />
	<plugin fragment="true" id="org.eclipse.mat.report.nl_it" unpack="false" version="3.5.0.v20090620043401" download-size="2248" install-size="2248" />
	<plugin fragment="true" id="org.eclipse.mat.ui.nl_it" unpack="false" version="3.5.0.v20090620043401" download-size="2778" install-size="2778" />
	<plugin fragment="true" id="org.eclipse.mat.ui.rcp.nl_it" unpack="false" version="3.5.0.v20090620043401" download-size="1367" install-size="1367" />
</feature>