<?xml version="1.0" encoding="UTF-8" ?>
<feature
	id="org.eclipse.babel.nls_tools.pdt_ko"
	label="Babel Language Pack for tools.pdt in Korean (67.91%)"
	image="eclipse_update_120.jpg"
	provider-name="%providerName"
	version="3.5.0.v20090620043401">
	<copyright>
		%copyright
	</copyright>
	<license url="%licenseURL">
		%license
	</license>
	<description>Babel Language Pack for tools.pdt in Korean</description>
	<plugin fragment="true" id="org.eclipse.dltk.core.tests.nl_ko" unpack="false" version="3.5.0.v20090620043401" download-size="1370" install-size="1370" />
	<plugin fragment="true" id="org.eclipse.php.core.nl_ko" unpack="false" version="3.5.0.v20090620043401" download-size="2863" install-size="2863" />
	<plugin fragment="true" id="org.eclipse.php.core.parser.nl_ko" unpack="false" version="3.5.0.v20090620043401" download-size="1368" install-size="1368" />
	<plugin fragment="true" id="org.eclipse.php.debug.core.nl_ko" unpack="false" version="3.5.0.v20090620043401" download-size="2392" install-size="2392" />
	<plugin fragment="true" id="org.eclipse.php.debug.ui.nl_ko" unpack="false" version="3.5.0.v20090620043401" download-size="3484" install-size="3484" />
	<plugin fragment="true" id="org.eclipse.php.nl_ko" unpack="false" version="3.5.0.v20090620043401" download-size="1362" install-size="1362" />
	<plugin fragment="true" id="org.eclipse.php.server.core.nl_ko" unpack="false" version="3.5.0.v20090620043401" download-size="2297" install-size="2297" />
	<plugin fragment="true" id="org.eclipse.php.server.ui.nl_ko" unpack="false" version="3.5.0.v20090620043401" download-size="2281" install-size="2281" />
	<plugin fragment="true" id="org.eclipse.php.test.nl_ko" unpack="false" version="3.5.0.v20090620043401" download-size="1365" install-size="1365" />
	<plugin fragment="true" id="org.eclipse.php.ui.nl_ko" unpack="false" version="3.5.0.v20090620043401" download-size="46857" install-size="46857" />
	<plugin fragment="true" id="org.eclipse.test.nl_ko" unpack="false" version="3.5.0.v20090620043401" download-size="1361" install-size="1361" />
</feature>