<?xml version="1.0" encoding="UTF-8" ?>
<feature
	id="org.eclipse.babel.nls_modeling.tmf_en_AA"
	label="Babel Language Pack for modeling.tmf in Pseudo Translations (100%)"
	image="eclipse_update_120.jpg"
	provider-name="%providerName"
	version="3.5.0.v20090620043401">
	<copyright>
		%copyright
	</copyright>
	<license url="%licenseURL">
		%license
	</license>
	<description>Babel Language Pack for modeling.tmf in Pseudo Translations</description>
	<plugin fragment="true" id="com.google.collect.nl_en_AA" unpack="false" version="3.5.0.v20090620043401" download-size="1424" install-size="1424" />
	<plugin fragment="true" id="org.eclipse.emf.index.nl_en_AA" unpack="false" version="3.5.0.v20090620043401" download-size="1506" install-size="1506" />
	<plugin fragment="true" id="org.eclipse.xtext.activities.nl_en_AA" unpack="false" version="3.5.0.v20090620043401" download-size="1572" install-size="1572" />
	<plugin fragment="true" id="org.eclipse.xtext.bootstrap.nl_en_AA" unpack="false" version="3.5.0.v20090620043401" download-size="1446" install-size="1446" />
	<plugin fragment="true" id="org.eclipse.xtext.doc.nl_en_AA" unpack="false" version="3.5.0.v20090620043401" download-size="1792" install-size="1792" />
	<plugin fragment="true" id="org.eclipse.xtext.example.domainmodel.nl_en_AA" unpack="false" version="3.5.0.v20090620043401" download-size="1437" install-size="1437" />
	<plugin fragment="true" id="org.eclipse.xtext.example.ecoredsl.nl_en_AA" unpack="false" version="3.5.0.v20090620043401" download-size="1434" install-size="1434" />
	<plugin fragment="true" id="org.eclipse.xtext.example.fowlerdsl.nl_en_AA" unpack="false" version="3.5.0.v20090620043401" download-size="1439" install-size="1439" />
	<plugin fragment="true" id="org.eclipse.xtext.generator.nl_en_AA" unpack="false" version="3.5.0.v20090620043401" download-size="1836" install-size="1836" />
	<plugin fragment="true" id="org.eclipse.xtext.generator.tests.nl_en_AA" unpack="false" version="3.5.0.v20090620043401" download-size="1827" install-size="1827" />
	<plugin fragment="true" id="org.eclipse.xtext.log4j.nl_en_AA" unpack="false" version="3.5.0.v20090620043401" download-size="1705" install-size="1705" />
	<plugin fragment="true" id="org.eclipse.xtext.logging.nl_en_AA" unpack="false" version="3.5.0.v20090620043401" download-size="1872" install-size="1872" />
	<plugin fragment="true" id="org.eclipse.xtext.nl_en_AA" unpack="false" version="3.5.0.v20090620043401" download-size="2180" install-size="2180" />
	<plugin fragment="true" id="org.eclipse.xtext.reference.nl_en_AA" unpack="false" version="3.5.0.v20090620043401" download-size="1436" install-size="1436" />
	<plugin fragment="true" id="org.eclipse.xtext.ui.common.nl_en_AA" unpack="false" version="3.5.0.v20090620043401" download-size="1448" install-size="1448" />
	<plugin fragment="true" id="org.eclipse.xtext.ui.common.tests.nl_en_AA" unpack="false" version="3.5.0.v20090620043401" download-size="1449" install-size="1449" />
	<plugin fragment="true" id="org.eclipse.xtext.ui.core.nl_en_AA" unpack="false" version="3.5.0.v20090620043401" download-size="3203" install-size="3203" />
	<plugin fragment="true" id="org.eclipse.xtext.ui.integration.tests.nl_en_AA" unpack="false" version="3.5.0.v20090620043401" download-size="1439" install-size="1439" />
	<plugin fragment="true" id="org.eclipse.xtext.util.nl_en_AA" unpack="false" version="3.5.0.v20090620043401" download-size="1442" install-size="1442" />
	<plugin fragment="true" id="org.eclipse.xtext.xtend.tests.nl_en_AA" unpack="false" version="3.5.0.v20090620043401" download-size="1442" install-size="1442" />
	<plugin fragment="true" id="org.eclipse.xtext.xtext.ui.nl_en_AA" unpack="false" version="3.5.0.v20090620043401" download-size="2519" install-size="2519" />
</feature>