<?xml version="1.0" encoding="UTF-8" ?>
<feature
	id="org.eclipse.babel.nls_stp.bpmn_pt_BR"
	label="Babel Language Pack for stp.bpmn in Portuguese (Brazilian) (80.89%)"
	image="eclipse_update_120.jpg"
	provider-name="%providerName"
	version="3.5.0.v20090620043401">
	<copyright>
		%copyright
	</copyright>
	<license url="%licenseURL">
		%license
	</license>
	<description>Babel Language Pack for stp.bpmn in Portuguese (Brazilian)</description>
	<plugin fragment="true" id="org.eclipse.stp.bpmn.diagram.nl_pt_BR" unpack="false" version="3.5.0.v20090620043401" download-size="7247" install-size="7247" />
	<plugin fragment="true" id="org.eclipse.stp.bpmn.edit.nl_pt_BR" unpack="false" version="3.5.0.v20090620043401" download-size="3359" install-size="3359" />
	<plugin fragment="true" id="org.eclipse.stp.bpmn.nl_pt_BR" unpack="false" version="3.5.0.v20090620043401" download-size="2969" install-size="2969" />
	<plugin fragment="true" id="org.eclipse.stp.bpmn.validation.nl_pt_BR" unpack="false" version="3.5.0.v20090620043401" download-size="3072" install-size="3072" />
</feature>