<?xml version="1.0" encoding="UTF-8" ?>
<feature
	id="org.eclipse.babel.nls_technology.dltk_no"
	label="Babel Language Pack for technology.dltk in Norwegian (56.49%)"
	image="eclipse_update_120.jpg"
	provider-name="%providerName"
	version="3.5.0.v20090620043401">
	<copyright>
		%copyright
	</copyright>
	<license url="%licenseURL">
		%license
	</license>
	<description>Babel Language Pack for technology.dltk in Norwegian</description>
	<plugin fragment="true" id="org.eclipse.dltk.console.nl_no" unpack="false" version="3.5.0.v20090620043401" download-size="1369" install-size="1369" />
	<plugin fragment="true" id="org.eclipse.dltk.console.ui.nl_no" unpack="false" version="3.5.0.v20090620043401" download-size="2414" install-size="2414" />
	<plugin fragment="true" id="org.eclipse.dltk.core.doc.isv.nl_no" unpack="false" version="3.5.0.v20090620043401" download-size="1373" install-size="1373" />
	<plugin fragment="true" id="org.eclipse.dltk.core.nl_no" unpack="false" version="3.5.0.v20090620043401" download-size="5341" install-size="5341" />
	<plugin fragment="true" id="org.eclipse.dltk.debug.nl_no" unpack="false" version="3.5.0.v20090620043401" download-size="3270" install-size="3270" />
	<plugin fragment="true" id="org.eclipse.dltk.debug.ui.nl_no" unpack="false" version="3.5.0.v20090620043401" download-size="9745" install-size="9745" />
	<plugin fragment="true" id="org.eclipse.dltk.formatter.nl_no" unpack="false" version="3.5.0.v20090620043401" download-size="2302" install-size="2302" />
	<plugin fragment="true" id="org.eclipse.dltk.itcl.core.nl_no" unpack="false" version="3.5.0.v20090620043401" download-size="1371" install-size="1371" />
	<plugin fragment="true" id="org.eclipse.dltk.itcl.nl_no" unpack="false" version="3.5.0.v20090620043401" download-size="1367" install-size="1367" />
	<plugin fragment="true" id="org.eclipse.dltk.itcl.ui.nl_no" unpack="false" version="3.5.0.v20090620043401" download-size="1370" install-size="1370" />
	<plugin fragment="true" id="org.eclipse.dltk.javascript.core.dom.support.nl_no" unpack="false" version="3.5.0.v20090620043401" download-size="1381" install-size="1381" />
	<plugin fragment="true" id="org.eclipse.dltk.javascript.core.nl_no" unpack="false" version="3.5.0.v20090620043401" download-size="1375" install-size="1375" />
	<plugin fragment="true" id="org.eclipse.dltk.javascript.debug.nl_no" unpack="false" version="3.5.0.v20090620043401" download-size="1376" install-size="1376" />
	<plugin fragment="true" id="org.eclipse.dltk.javascript.debug.ui.nl_no" unpack="false" version="3.5.0.v20090620043401" download-size="3260" install-size="3260" />
	<plugin fragment="true" id="org.eclipse.dltk.javascript.formatter.nl_no" unpack="false" version="3.5.0.v20090620043401" download-size="3030" install-size="3030" />
	<plugin fragment="true" id="org.eclipse.dltk.javascript.jsjdtdebugger.nl_no" unpack="false" version="3.5.0.v20090620043401" download-size="1384" install-size="1384" />
	<plugin fragment="true" id="org.eclipse.dltk.javascript.launching.nl_no" unpack="false" version="3.5.0.v20090620043401" download-size="1380" install-size="1380" />
	<plugin fragment="true" id="org.eclipse.dltk.javascript.rhino.dbgp.nl_no" unpack="false" version="3.5.0.v20090620043401" download-size="1380" install-size="1380" />
	<plugin fragment="true" id="org.eclipse.dltk.javascript.rhino.nl_no" unpack="false" version="3.5.0.v20090620043401" download-size="1375" install-size="1375" />
	<plugin fragment="true" id="org.eclipse.dltk.javascript.ui.nl_no" unpack="false" version="3.5.0.v20090620043401" download-size="3180" install-size="3180" />
	<plugin fragment="true" id="org.eclipse.dltk.launching.nl_no" unpack="false" version="3.5.0.v20090620043401" download-size="2928" install-size="2928" />
	<plugin fragment="true" id="org.eclipse.dltk.mylyn.nl_no" unpack="false" version="3.5.0.v20090620043401" download-size="1369" install-size="1369" />
	<plugin fragment="true" id="org.eclipse.dltk.nl_no" unpack="false" version="3.5.0.v20090620043401" download-size="1364" install-size="1364" />
	<plugin fragment="true" id="org.eclipse.dltk.python.activestatedebugger.nl_no" unpack="false" version="3.5.0.v20090620043401" download-size="1382" install-size="1382" />
	<plugin fragment="true" id="org.eclipse.dltk.python.core.nl_no" unpack="false" version="3.5.0.v20090620043401" download-size="1373" install-size="1373" />
	<plugin fragment="true" id="org.eclipse.dltk.python.debug.nl_no" unpack="false" version="3.5.0.v20090620043401" download-size="1373" install-size="1373" />
	<plugin fragment="true" id="org.eclipse.dltk.python.debug.ui.nl_no" unpack="false" version="3.5.0.v20090620043401" download-size="3070" install-size="3070" />
	<plugin fragment="true" id="org.eclipse.dltk.python.launching.nl_no" unpack="false" version="3.5.0.v20090620043401" download-size="1376" install-size="1376" />
	<plugin fragment="true" id="org.eclipse.dltk.python.ui.nl_no" unpack="false" version="3.5.0.v20090620043401" download-size="2760" install-size="2760" />
	<plugin fragment="true" id="org.eclipse.dltk.rse.core.nl_no" unpack="false" version="3.5.0.v20090620043401" download-size="1371" install-size="1371" />
	<plugin fragment="true" id="org.eclipse.dltk.rse.nl_no" unpack="false" version="3.5.0.v20090620043401" download-size="1366" install-size="1366" />
	<plugin fragment="true" id="org.eclipse.dltk.rse.ui.nl_no" unpack="false" version="3.5.0.v20090620043401" download-size="1369" install-size="1369" />
	<plugin fragment="true" id="org.eclipse.dltk.ruby.abstractdebugger.nl_no" unpack="false" version="3.5.0.v20090620043401" download-size="1381" install-size="1381" />
	<plugin fragment="true" id="org.eclipse.dltk.ruby.activestatedebugger.nl_no" unpack="false" version="3.5.0.v20090620043401" download-size="1383" install-size="1383" />
	<plugin fragment="true" id="org.eclipse.dltk.ruby.basicdebugger.nl_no" unpack="false" version="3.5.0.v20090620043401" download-size="1376" install-size="1376" />
	<plugin fragment="true" id="org.eclipse.dltk.ruby.core.nl_no" unpack="false" version="3.5.0.v20090620043401" download-size="1901" install-size="1901" />
	<plugin fragment="true" id="org.eclipse.dltk.ruby.debug.nl_no" unpack="false" version="3.5.0.v20090620043401" download-size="1371" install-size="1371" />
	<plugin fragment="true" id="org.eclipse.dltk.ruby.debug.ui.nl_no" unpack="false" version="3.5.0.v20090620043401" download-size="3063" install-size="3063" />
	<plugin fragment="true" id="org.eclipse.dltk.ruby.fastdebugger.nl_no" unpack="false" version="3.5.0.v20090620043401" download-size="1376" install-size="1376" />
	<plugin fragment="true" id="org.eclipse.dltk.ruby.formatter.nl_no" unpack="false" version="3.5.0.v20090620043401" download-size="2531" install-size="2531" />
	<plugin fragment="true" id="org.eclipse.dltk.ruby.launching.nl_no" unpack="false" version="3.5.0.v20090620043401" download-size="1376" install-size="1376" />
	<plugin fragment="true" id="org.eclipse.dltk.ruby.nl_no" unpack="false" version="3.5.0.v20090620043401" download-size="1367" install-size="1367" />
	<plugin fragment="true" id="org.eclipse.dltk.ruby.testing.nl_no" unpack="false" version="3.5.0.v20090620043401" download-size="1374" install-size="1374" />
	<plugin fragment="true" id="org.eclipse.dltk.ruby.ui.nl_no" unpack="false" version="3.5.0.v20090620043401" download-size="4972" install-size="4972" />
	<plugin fragment="true" id="org.eclipse.dltk.tcl.activestatedebugger.nl_no" unpack="false" version="3.5.0.v20090620043401" download-size="2717" install-size="2717" />
	<plugin fragment="true" id="org.eclipse.dltk.tcl.core.nl_no" unpack="false" version="3.5.0.v20090620043401" download-size="1389" install-size="1389" />
	<plugin fragment="true" id="org.eclipse.dltk.tcl.debug.nl_no" unpack="false" version="3.5.0.v20090620043401" download-size="1372" install-size="1372" />
	<plugin fragment="true" id="org.eclipse.dltk.tcl.debug.ui.nl_no" unpack="false" version="3.5.0.v20090620043401" download-size="3539" install-size="3539" />
	<plugin fragment="true" id="org.eclipse.dltk.tcl.doc.user.nl_no" unpack="false" version="3.5.0.v20090620043401" download-size="1708" install-size="1708" />
	<plugin fragment="true" id="org.eclipse.dltk.tcl.launching.nl_no" unpack="false" version="3.5.0.v20090620043401" download-size="1374" install-size="1374" />
	<plugin fragment="true" id="org.eclipse.dltk.tcl.nl_no" unpack="false" version="3.5.0.v20090620043401" download-size="1366" install-size="1366" />
	<plugin fragment="true" id="org.eclipse.dltk.tcl.parser.nl_no" unpack="false" version="3.5.0.v20090620043401" download-size="2983" install-size="2983" />
	<plugin fragment="true" id="org.eclipse.dltk.tcl.tclchecker.nl_no" unpack="false" version="3.5.0.v20090620043401" download-size="4187" install-size="4187" />
	<plugin fragment="true" id="org.eclipse.dltk.tcl.tcllib.nl_no" unpack="false" version="3.5.0.v20090620043401" download-size="1372" install-size="1372" />
	<plugin fragment="true" id="org.eclipse.dltk.tcl.testing.nl_no" unpack="false" version="3.5.0.v20090620043401" download-size="1372" install-size="1372" />
	<plugin fragment="true" id="org.eclipse.dltk.tcl.testing.tcltest.nl_no" unpack="false" version="3.5.0.v20090620043401" download-size="1376" install-size="1376" />
	<plugin fragment="true" id="org.eclipse.dltk.tcl.ui.nl_no" unpack="false" version="3.5.0.v20090620043401" download-size="4281" install-size="4281" />
	<plugin fragment="true" id="org.eclipse.dltk.tcl.validators.nl_no" unpack="false" version="3.5.0.v20090620043401" download-size="1374" install-size="1374" />
	<plugin fragment="true" id="org.eclipse.dltk.testing.nl_no" unpack="false" version="3.5.0.v20090620043401" download-size="7944" install-size="7944" />
	<plugin fragment="true" id="org.eclipse.dltk.ui.nl_no" unpack="false" version="3.5.0.v20090620043401" download-size="72706" install-size="72706" />
	<plugin fragment="true" id="org.eclipse.dltk.validators.core.nl_no" unpack="false" version="3.5.0.v20090620043401" download-size="2892" install-size="2892" />
	<plugin fragment="true" id="org.eclipse.dltk.validators.externalchecker.nl_no" unpack="false" version="3.5.0.v20090620043401" download-size="3397" install-size="3397" />
	<plugin fragment="true" id="org.eclipse.dltk.validators.ui.nl_no" unpack="false" version="3.5.0.v20090620043401" download-size="3291" install-size="3291" />
	<plugin fragment="true" id="org.eclipse.dltk.xotcl.core.nl_no" unpack="false" version="3.5.0.v20090620043401" download-size="1372" install-size="1372" />
	<plugin fragment="true" id="org.eclipse.dltk.xotcl.nl_no" unpack="false" version="3.5.0.v20090620043401" download-size="1368" install-size="1368" />
	<plugin fragment="true" id="org.eclipse.dltk.xotcl.testing.xounit.nl_no" unpack="false" version="3.5.0.v20090620043401" download-size="1379" install-size="1379" />
	<plugin fragment="true" id="org.eclipse.dltk.xotcl.ui.nl_no" unpack="false" version="3.5.0.v20090620043401" download-size="1371" install-size="1371" />
</feature>