<?xml version="1.0" encoding="UTF-8" ?>
<feature
	id="org.eclipse.babel.nls_webtools.webservices_hi"
	label="Babel Language Pack for webtools.webservices in Hindi (1.48%)"
	image="eclipse_update_120.jpg"
	provider-name="%providerName"
	version="3.5.0.v20090620043401">
	<copyright>
		%copyright
	</copyright>
	<license url="%licenseURL">
		%license
	</license>
	<description>Babel Language Pack for webtools.webservices in Hindi</description>
	<plugin fragment="true" id="org.eclipse.jst.ws.axis.consumption.core.nl_hi" unpack="false" version="3.5.0.v20090620043401" download-size="1383" install-size="1383" />
	<plugin fragment="true" id="org.eclipse.jst.ws.axis.consumption.ui.nl_hi" unpack="false" version="3.5.0.v20090620043401" download-size="1381" install-size="1381" />
	<plugin fragment="true" id="org.eclipse.jst.ws.axis.creation.ui.nl_hi" unpack="false" version="3.5.0.v20090620043401" download-size="1379" install-size="1379" />
	<plugin fragment="true" id="org.eclipse.jst.ws.axis2.consumption.core.nl_hi" unpack="false" version="3.5.0.v20090620043401" download-size="1383" install-size="1383" />
	<plugin fragment="true" id="org.eclipse.jst.ws.axis2.consumption.ui.nl_hi" unpack="false" version="3.5.0.v20090620043401" download-size="1382" install-size="1382" />
	<plugin fragment="true" id="org.eclipse.jst.ws.axis2.core.nl_hi" unpack="false" version="3.5.0.v20090620043401" download-size="1376" install-size="1376" />
	<plugin fragment="true" id="org.eclipse.jst.ws.axis2.creation.core.nl_hi" unpack="false" version="3.5.0.v20090620043401" download-size="1382" install-size="1382" />
	<plugin fragment="true" id="org.eclipse.jst.ws.axis2.creation.ui.nl_hi" unpack="false" version="3.5.0.v20090620043401" download-size="1379" install-size="1379" />
	<plugin fragment="true" id="org.eclipse.jst.ws.axis2.ui.doc.user.nl_hi" unpack="false" version="3.5.0.v20090620043401" download-size="1375" install-size="1375" />
	<plugin fragment="true" id="org.eclipse.jst.ws.axis2.ui.nl_hi" unpack="false" version="3.5.0.v20090620043401" download-size="1374" install-size="1374" />
	<plugin fragment="true" id="org.eclipse.jst.ws.consumption.nl_hi" unpack="false" version="3.5.0.v20090620043401" download-size="1376" install-size="1376" />
	<plugin fragment="true" id="org.eclipse.jst.ws.consumption.ui.nl_hi" unpack="false" version="3.5.0.v20090620043401" download-size="2592" install-size="2592" />
	<plugin fragment="true" id="org.eclipse.jst.ws.creation.ejb.ui.nl_hi" unpack="false" version="3.5.0.v20090620043401" download-size="1377" install-size="1377" />
	<plugin fragment="true" id="org.eclipse.jst.ws.creation.ui.nl_hi" unpack="false" version="3.5.0.v20090620043401" download-size="1375" install-size="1375" />
	<plugin fragment="true" id="org.eclipse.jst.ws.nl_hi" unpack="false" version="3.5.0.v20090620043401" download-size="1368" install-size="1368" />
	<plugin fragment="true" id="org.eclipse.jst.ws.uddiregistry.nl_hi" unpack="false" version="3.5.0.v20090620043401" download-size="1377" install-size="1377" />
	<plugin fragment="true" id="org.eclipse.jst.ws.ui.nl_hi" unpack="false" version="3.5.0.v20090620043401" download-size="2348" install-size="2348" />
	<plugin fragment="true" id="org.eclipse.wst.command.env.core.nl_hi" unpack="false" version="3.5.0.v20090620043401" download-size="1377" install-size="1377" />
	<plugin fragment="true" id="org.eclipse.wst.command.env.nl_hi" unpack="false" version="3.5.0.v20090620043401" download-size="1374" install-size="1374" />
	<plugin fragment="true" id="org.eclipse.wst.command.env.ui.nl_hi" unpack="false" version="3.5.0.v20090620043401" download-size="1376" install-size="1376" />
	<plugin fragment="true" id="org.eclipse.wst.ws.explorer.nl_hi" unpack="false" version="3.5.0.v20090620043401" download-size="1374" install-size="1374" />
	<plugin fragment="true" id="org.eclipse.wst.ws.nl_hi" unpack="false" version="3.5.0.v20090620043401" download-size="1367" install-size="1367" />
	<plugin fragment="true" id="org.eclipse.wst.ws.parser.nl_hi" unpack="false" version="3.5.0.v20090620043401" download-size="1372" install-size="1372" />
	<plugin fragment="true" id="org.eclipse.wst.ws.service.policy.nl_hi" unpack="false" version="3.5.0.v20090620043401" download-size="1377" install-size="1377" />
	<plugin fragment="true" id="org.eclipse.wst.ws.service.policy.ui.nl_hi" unpack="false" version="3.5.0.v20090620043401" download-size="1378" install-size="1378" />
	<plugin fragment="true" id="org.eclipse.wst.ws.ui.nl_hi" unpack="false" version="3.5.0.v20090620043401" download-size="2336" install-size="2336" />
	<plugin fragment="true" id="org.eclipse.wst.wsdl.nl_hi" unpack="false" version="3.5.0.v20090620043401" download-size="1364" install-size="1364" />
	<plugin fragment="true" id="org.eclipse.wst.wsdl.ui.nl_hi" unpack="false" version="3.5.0.v20090620043401" download-size="1366" install-size="1366" />
	<plugin fragment="true" id="org.eclipse.wst.wsdl.validation.nl_hi" unpack="false" version="3.5.0.v20090620043401" download-size="1375" install-size="1375" />
	<plugin fragment="true" id="org.eclipse.wst.wsi.nl_hi" unpack="false" version="3.5.0.v20090620043401" download-size="1367" install-size="1367" />
	<plugin fragment="true" id="org.eclipse.wst.wsi.ui.nl_hi" unpack="false" version="3.5.0.v20090620043401" download-size="1369" install-size="1369" />
</feature>