<?xml version="1.0" encoding="UTF-8" ?>
<feature
	id="org.eclipse.babel.nls_tools.gef_zh_TW"
	label="Babel Language Pack for tools.gef in Chinese (Traditional) (61.28%)"
	image="eclipse_update_120.jpg"
	provider-name="%providerName"
	version="3.5.0.v20090620043401">
	<copyright>
		%copyright
	</copyright>
	<license url="%licenseURL">
		%license
	</license>
	<description>Babel Language Pack for tools.gef in Chinese (Traditional)</description>
	<plugin fragment="true" id="org.eclipse.draw2d.doc.isv.nl_zh_TW" unpack="false" version="3.5.0.v20090620043401" download-size="1423" install-size="1423" />
	<plugin fragment="true" id="org.eclipse.draw2d.nl_zh_TW" unpack="false" version="3.5.0.v20090620043401" download-size="1742" install-size="1742" />
	<plugin fragment="true" id="org.eclipse.draw2d.test.nl_zh_TW" unpack="false" version="3.5.0.v20090620043401" download-size="1393" install-size="1393" />
	<plugin fragment="true" id="org.eclipse.gef.doc.isv.nl_zh_TW" unpack="false" version="3.5.0.v20090620043401" download-size="1536" install-size="1536" />
	<plugin fragment="true" id="org.eclipse.gef.examples.flow.nl_zh_TW" unpack="false" version="3.5.0.v20090620043401" download-size="1397" install-size="1397" />
	<plugin fragment="true" id="org.eclipse.gef.examples.logic.nl_zh_TW" unpack="false" version="3.5.0.v20090620043401" download-size="2814" install-size="2814" />
	<plugin fragment="true" id="org.eclipse.gef.examples.shapes.nl_zh_TW" unpack="false" version="3.5.0.v20090620043401" download-size="1398" install-size="1398" />
	<plugin fragment="true" id="org.eclipse.gef.examples.text.nl_zh_TW" unpack="false" version="3.5.0.v20090620043401" download-size="1396" install-size="1396" />
	<plugin fragment="true" id="org.eclipse.gef.examples.ui.pde.nl_zh_TW" unpack="false" version="3.5.0.v20090620043401" download-size="1435" install-size="1435" />
	<plugin fragment="true" id="org.eclipse.gef.nl_zh_TW" unpack="false" version="3.5.0.v20090620043401" download-size="5124" install-size="5124" />
	<plugin fragment="true" id="org.eclipse.gef.test.nl_zh_TW" unpack="false" version="3.5.0.v20090620043401" download-size="1390" install-size="1390" />
	<plugin fragment="true" id="org.eclipse.zest.core.nl_zh_TW" unpack="false" version="3.5.0.v20090620043401" download-size="2248" install-size="2248" />
	<plugin fragment="true" id="org.eclipse.zest.layouts.nl_zh_TW" unpack="false" version="3.5.0.v20090620043401" download-size="1393" install-size="1393" />
</feature>