<?xml version="1.0" encoding="UTF-8" ?>
<feature
	id="org.eclipse.babel.nls_modeling.m2t_pt"
	label="Babel Language Pack for modeling.m2t in Portuguese (9.95%)"
	image="eclipse_update_120.jpg"
	provider-name="%providerName"
	version="3.5.0.v20090620043401">
	<copyright>
		%copyright
	</copyright>
	<license url="%licenseURL">
		%license
	</license>
	<description>Babel Language Pack for modeling.m2t in Portuguese</description>
	<plugin fragment="true" id="org.eclipse.acceleo.common.nl_pt" unpack="false" version="3.5.0.v20090620043401" download-size="1371" install-size="1371" />
	<plugin fragment="true" id="org.eclipse.acceleo.engine.nl_pt" unpack="false" version="3.5.0.v20090620043401" download-size="1371" install-size="1371" />
	<plugin fragment="true" id="org.eclipse.acceleo.ide.ui.nl_pt" unpack="false" version="3.5.0.v20090620043401" download-size="2731" install-size="2731" />
	<plugin fragment="true" id="org.eclipse.acceleo.model.nl_pt" unpack="false" version="3.5.0.v20090620043401" download-size="1370" install-size="1370" />
	<plugin fragment="true" id="org.eclipse.acceleo.parser.nl_pt" unpack="false" version="3.5.0.v20090620043401" download-size="2344" install-size="2344" />
</feature>