<?xml version="1.0" encoding="UTF-8" ?>
<feature
	id="org.eclipse.babel.nls_tptp.platform_fr"
	label="Babel Language Pack for tptp.platform in French (19.25%)"
	image="eclipse_update_120.jpg"
	provider-name="%providerName"
	version="3.5.0.v20090620043401">
	<copyright>
		%copyright
	</copyright>
	<license url="%licenseURL">
		%license
	</license>
	<description>Babel Language Pack for tptp.platform in French</description>
	<plugin fragment="true" id="org.eclipse.hyades.analysis.engine.nl_fr" unpack="false" version="3.5.0.v20090620043401" download-size="1373" install-size="1373" />
	<plugin fragment="true" id="org.eclipse.hyades.logging.adapter.nl_fr" unpack="false" version="3.5.0.v20090620043401" download-size="3112" install-size="3112" />
	<plugin fragment="true" id="org.eclipse.hyades.logging.adapter.ui.nl_fr" unpack="false" version="3.5.0.v20090620043401" download-size="4738" install-size="4738" />
	<plugin fragment="true" id="org.eclipse.hyades.logging.parsers.nl_fr" unpack="false" version="3.5.0.v20090620043401" download-size="2448" install-size="2448" />
	<plugin fragment="true" id="org.eclipse.hyades.probekit.ui.nl_fr" unpack="false" version="3.5.0.v20090620043401" download-size="3936" install-size="3936" />
	<plugin fragment="true" id="org.eclipse.hyades.resources.database.nl_fr" unpack="false" version="3.5.0.v20090620043401" download-size="1376" install-size="1376" />
	<plugin fragment="true" id="org.eclipse.hyades.sdb.nl_fr" unpack="false" version="3.5.0.v20090620043401" download-size="7664" install-size="7664" />
	<plugin fragment="true" id="org.eclipse.hyades.statistical.ui.nl_fr" unpack="false" version="3.5.0.v20090620043401" download-size="1378" install-size="1378" />
	<plugin fragment="true" id="org.eclipse.hyades.test.core.nl_fr" unpack="false" version="3.5.0.v20090620043401" download-size="3264" install-size="3264" />
	<plugin fragment="true" id="org.eclipse.hyades.test.tools.ui.nl_fr" unpack="false" version="3.5.0.v20090620043401" download-size="3632" install-size="3632" />
	<plugin fragment="true" id="org.eclipse.hyades.test.ui.extensions.nl_fr" unpack="false" version="3.5.0.v20090620043401" download-size="2665" install-size="2665" />
	<plugin fragment="true" id="org.eclipse.hyades.test.ui.nl_fr" unpack="false" version="3.5.0.v20090620043401" download-size="9497" install-size="9497" />
	<plugin fragment="true" id="org.eclipse.hyades.trace.ui.nl_fr" unpack="false" version="3.5.0.v20090620043401" download-size="5978" install-size="5978" />
	<plugin fragment="true" id="org.eclipse.hyades.trace.views.nl_fr" unpack="false" version="3.5.0.v20090620043401" download-size="2703" install-size="2703" />
	<plugin fragment="true" id="org.eclipse.hyades.ui.nl_fr" unpack="false" version="3.5.0.v20090620043401" download-size="1378" install-size="1378" />
	<plugin fragment="true" id="org.eclipse.tptp.lta.gla.ui.epi.nl_fr" unpack="false" version="3.5.0.v20090620043401" download-size="1371" install-size="1371" />
	<plugin fragment="true" id="org.eclipse.tptp.lta.log.epi.nl_fr" unpack="false" version="3.5.0.v20090620043401" download-size="1487" install-size="1487" />
	<plugin fragment="true" id="org.eclipse.tptp.lta.runtime.nl_fr" unpack="false" version="3.5.0.v20090620043401" download-size="1370" install-size="1370" />
	<plugin fragment="true" id="org.eclipse.tptp.lta.sdb.epi.nl_fr" unpack="false" version="3.5.0.v20090620043401" download-size="1373" install-size="1373" />
	<plugin fragment="true" id="org.eclipse.tptp.lta.symptom.epi.nl_fr" unpack="false" version="3.5.0.v20090620043401" download-size="1375" install-size="1375" />
	<plugin fragment="true" id="org.eclipse.tptp.monitoring.la.core.nl_fr" unpack="false" version="3.5.0.v20090620043401" download-size="1374" install-size="1374" />
	<plugin fragment="true" id="org.eclipse.tptp.monitoring.logui.nl_fr" unpack="false" version="3.5.0.v20090620043401" download-size="2809" install-size="2809" />
	<plugin fragment="true" id="org.eclipse.tptp.monitoring.lta.doc.isv.nl_fr" unpack="false" version="3.5.0.v20090620043401" download-size="1377" install-size="1377" />
	<plugin fragment="true" id="org.eclipse.tptp.monitoring.lta.doc.user.nl_fr" unpack="false" version="3.5.0.v20090620043401" download-size="1377" install-size="1377" />
	<plugin fragment="true" id="org.eclipse.tptp.monitoring.lta.examples.isv.nl_fr" unpack="false" version="3.5.0.v20090620043401" download-size="2888" install-size="2888" />
	<plugin fragment="true" id="org.eclipse.tptp.monitoring.lta.examples.nl_fr" unpack="false" version="3.5.0.v20090620043401" download-size="2723" install-size="2723" />
	<plugin fragment="true" id="org.eclipse.tptp.monitoring.managedagent.jmx.nl_fr" unpack="false" version="3.5.0.v20090620043401" download-size="2682" install-size="2682" />
	<plugin fragment="true" id="org.eclipse.tptp.monitoring.managedagent.ui.nl_fr" unpack="false" version="3.5.0.v20090620043401" download-size="4977" install-size="4977" />
	<plugin fragment="true" id="org.eclipse.tptp.monitoring.profile.server.nl_fr" unpack="false" version="3.5.0.v20090620043401" download-size="1380" install-size="1380" />
	<plugin fragment="true" id="org.eclipse.tptp.monitoring.report.birt.nl_fr" unpack="false" version="3.5.0.v20090620043401" download-size="2615" install-size="2615" />
	<plugin fragment="true" id="org.eclipse.tptp.monitoring.symptom.doc.user.nl_fr" unpack="false" version="3.5.0.v20090620043401" download-size="1380" install-size="1380" />
	<plugin fragment="true" id="org.eclipse.tptp.monitoring.symptom.editor.nl_fr" unpack="false" version="3.5.0.v20090620043401" download-size="1377" install-size="1377" />
	<plugin fragment="true" id="org.eclipse.tptp.platform.agentcontroller.nl_fr" unpack="false" version="3.5.0.v20090620043401" download-size="2612" install-size="2612" />
	<plugin fragment="true" id="org.eclipse.tptp.platform.analysis.codereview.cpp.nl_fr" unpack="false" version="3.5.0.v20090620043401" download-size="1383" install-size="1383" />
	<plugin fragment="true" id="org.eclipse.tptp.platform.analysis.codereview.cpp.rules.nl_fr" unpack="false" version="3.5.0.v20090620043401" download-size="1516" install-size="1516" />
	<plugin fragment="true" id="org.eclipse.tptp.platform.analysis.codereview.java.nl_fr" unpack="false" version="3.5.0.v20090620043401" download-size="1415" install-size="1415" />
	<plugin fragment="true" id="org.eclipse.tptp.platform.analysis.codereview.java.rules.nl_fr" unpack="false" version="3.5.0.v20090620043401" download-size="1614" install-size="1614" />
	<plugin fragment="true" id="org.eclipse.tptp.platform.analysis.core.nl_fr" unpack="false" version="3.5.0.v20090620043401" download-size="2565" install-size="2565" />
	<plugin fragment="true" id="org.eclipse.tptp.platform.analysis.core.ui.nl_fr" unpack="false" version="3.5.0.v20090620043401" download-size="3002" install-size="3002" />
	<plugin fragment="true" id="org.eclipse.tptp.platform.common.nl_fr" unpack="false" version="3.5.0.v20090620043401" download-size="2346" install-size="2346" />
	<plugin fragment="true" id="org.eclipse.tptp.platform.common.ui.nl_fr" unpack="false" version="3.5.0.v20090620043401" download-size="4883" install-size="4883" />
	<plugin fragment="true" id="org.eclipse.tptp.platform.common.ui.trace.nl_fr" unpack="false" version="3.5.0.v20090620043401" download-size="3087" install-size="3087" />
	<plugin fragment="true" id="org.eclipse.tptp.platform.examples.isv.nl_fr" unpack="false" version="3.5.0.v20090620043401" download-size="2637" install-size="2637" />
	<plugin fragment="true" id="org.eclipse.tptp.platform.examples.nl_fr" unpack="false" version="3.5.0.v20090620043401" download-size="1704" install-size="1704" />
	<plugin fragment="true" id="org.eclipse.tptp.platform.iac.administrator.nl_fr" unpack="false" version="3.5.0.v20090620043401" download-size="3290" install-size="3290" />
	<plugin fragment="true" id="org.eclipse.tptp.platform.instrumentation.ui.nl_fr" unpack="false" version="3.5.0.v20090620043401" download-size="3191" install-size="3191" />
	<plugin fragment="true" id="org.eclipse.tptp.platform.integration.pde.nl_fr" unpack="false" version="3.5.0.v20090620043401" download-size="2765" install-size="2765" />
	<plugin fragment="true" id="org.eclipse.tptp.platform.la.core.nl_fr" unpack="false" version="3.5.0.v20090620043401" download-size="2629" install-size="2629" />
	<plugin fragment="true" id="org.eclipse.tptp.platform.llc.core.nl_fr" unpack="false" version="3.5.0.v20090620043401" download-size="1373" install-size="1373" />
	<plugin fragment="true" id="org.eclipse.tptp.platform.llc.doc.user.nl_fr" unpack="false" version="3.5.0.v20090620043401" download-size="1377" install-size="1377" />
	<plugin fragment="true" id="org.eclipse.tptp.platform.llc.launch.nl_fr" unpack="false" version="3.5.0.v20090620043401" download-size="2858" install-size="2858" />
	<plugin fragment="true" id="org.eclipse.tptp.platform.llc.ui.nl_fr" unpack="false" version="3.5.0.v20090620043401" download-size="1372" install-size="1372" />
	<plugin fragment="true" id="org.eclipse.tptp.platform.log.doc.user.nl_fr" unpack="false" version="3.5.0.v20090620043401" download-size="1376" install-size="1376" />
	<plugin fragment="true" id="org.eclipse.tptp.platform.log.views.nl_fr" unpack="false" version="3.5.0.v20090620043401" download-size="3955" install-size="3955" />
	<plugin fragment="true" id="org.eclipse.tptp.platform.lta.common.nl_fr" unpack="false" version="3.5.0.v20090620043401" download-size="3622" install-size="3622" />
	<plugin fragment="true" id="org.eclipse.tptp.platform.models.lta.nl_fr" unpack="false" version="3.5.0.v20090620043401" download-size="1374" install-size="1374" />
	<plugin fragment="true" id="org.eclipse.tptp.platform.models.nl_fr" unpack="false" version="3.5.0.v20090620043401" download-size="3196" install-size="3196" />
	<plugin fragment="true" id="org.eclipse.tptp.platform.probekit.launch.nl_fr" unpack="false" version="3.5.0.v20090620043401" download-size="3671" install-size="3671" />
	<plugin fragment="true" id="org.eclipse.tptp.platform.report.birt.nl_fr" unpack="false" version="3.5.0.v20090620043401" download-size="1389" install-size="1389" />
	<plugin fragment="true" id="org.eclipse.tptp.platform.report.birt.ui.nl_fr" unpack="false" version="3.5.0.v20090620043401" download-size="2525" install-size="2525" />
	<plugin fragment="true" id="org.eclipse.tptp.platform.report.core.nl_fr" unpack="false" version="3.5.0.v20090620043401" download-size="1454" install-size="1454" />
	<plugin fragment="true" id="org.eclipse.tptp.platform.report.ui.nl_fr" unpack="false" version="3.5.0.v20090620043401" download-size="1471" install-size="1471" />
	<plugin fragment="true" id="org.eclipse.tptp.test.auto.gui.nl_fr" unpack="false" version="3.5.0.v20090620043401" download-size="2914" install-size="2914" />
	<plugin fragment="true" id="org.eclipse.tptp.test.auto.nl_fr" unpack="false" version="3.5.0.v20090620043401" download-size="1368" install-size="1368" />
	<plugin fragment="true" id="org.eclipse.tptp.test.recorders.url.nl_fr" unpack="false" version="3.5.0.v20090620043401" download-size="4731" install-size="4731" />
	<plugin fragment="true" id="org.eclipse.tptp.test.report.birt.nl_fr" unpack="false" version="3.5.0.v20090620043401" download-size="3411" install-size="3411" />
	<plugin fragment="true" id="org.eclipse.tptp.test.samples.nl_fr" unpack="false" version="3.5.0.v20090620043401" download-size="2876" install-size="2876" />
	<plugin fragment="true" id="org.eclipse.tptp.test.tools.junit.plugin.nl_fr" unpack="false" version="3.5.0.v20090620043401" download-size="3221" install-size="3221" />
	<plugin fragment="true" id="org.eclipse.tptp.test.tools.manual.doc.user.nl_fr" unpack="false" version="3.5.0.v20090620043401" download-size="1377" install-size="1377" />
	<plugin fragment="true" id="org.eclipse.tptp.test.tools.manual.nl_fr" unpack="false" version="3.5.0.v20090620043401" download-size="4112" install-size="4112" />
	<plugin fragment="true" id="org.eclipse.tptp.trace.arm.nl_fr" unpack="false" version="3.5.0.v20090620043401" download-size="1402" install-size="1402" />
	<plugin fragment="true" id="org.eclipse.tptp.trace.arm.ui.nl_fr" unpack="false" version="3.5.0.v20090620043401" download-size="2498" install-size="2498" />
	<plugin fragment="true" id="org.eclipse.tptp.trace.jvmti.client.nl_fr" unpack="false" version="3.5.0.v20090620043401" download-size="2787" install-size="2787" />
	<plugin fragment="true" id="org.eclipse.tptp.trace.memory.nl_fr" unpack="false" version="3.5.0.v20090620043401" download-size="1373" install-size="1373" />
	<plugin fragment="true" id="org.eclipse.tptp.trace.report.birt.nl_fr" unpack="false" version="3.5.0.v20090620043401" download-size="2507" install-size="2507" />
</feature>