<?xml version="1.0" encoding="UTF-8" ?>
<feature
	id="org.eclipse.babel.nls_webtools.common_el"
	label="Babel Language Pack for webtools.common in Greek (47.21%)"
	image="eclipse_update_120.jpg"
	provider-name="%providerName"
	version="3.5.0.v20090620043401">
	<copyright>
		%copyright
	</copyright>
	<license url="%licenseURL">
		%license
	</license>
	<description>Babel Language Pack for webtools.common in Greek</description>
	<plugin fragment="true" id="org.eclipse.jem.util.nl_el" unpack="false" version="3.5.0.v20090620043401" download-size="2014" install-size="2014" />
	<plugin fragment="true" id="org.eclipse.jst.common.annotations.controller.nl_el" unpack="false" version="3.5.0.v20090620043401" download-size="2284" install-size="2284" />
	<plugin fragment="true" id="org.eclipse.jst.common.annotations.core.nl_el" unpack="false" version="3.5.0.v20090620043401" download-size="1962" install-size="1962" />
	<plugin fragment="true" id="org.eclipse.jst.common.annotations.ui.nl_el" unpack="false" version="3.5.0.v20090620043401" download-size="1862" install-size="1862" />
	<plugin fragment="true" id="org.eclipse.jst.common.fproj.enablement.jdt.sdk.nl_el" unpack="false" version="3.5.0.v20090620043401" download-size="1382" install-size="1382" />
	<plugin fragment="true" id="org.eclipse.jst.common.frameworks.nl_el" unpack="false" version="3.5.0.v20090620043401" download-size="1448" install-size="1448" />
	<plugin fragment="true" id="org.eclipse.jst.common.project.facet.core.nl_el" unpack="false" version="3.5.0.v20090620043401" download-size="3269" install-size="3269" />
	<plugin fragment="true" id="org.eclipse.jst.common.project.facet.ui.nl_el" unpack="false" version="3.5.0.v20090620043401" download-size="5316" install-size="5316" />
	<plugin fragment="true" id="org.eclipse.wst.common.api.doc.nl_el" unpack="false" version="3.5.0.v20090620043401" download-size="1371" install-size="1371" />
	<plugin fragment="true" id="org.eclipse.wst.common.core.nl_el" unpack="false" version="3.5.0.v20090620043401" download-size="2784" install-size="2784" />
	<plugin fragment="true" id="org.eclipse.wst.common.emf.nl_el" unpack="false" version="3.5.0.v20090620043401" download-size="2353" install-size="2353" />
	<plugin fragment="true" id="org.eclipse.wst.common.emfworkbench.integration.nl_el" unpack="false" version="3.5.0.v20090620043401" download-size="3448" install-size="3448" />
	<plugin fragment="true" id="org.eclipse.wst.common.environment.nl_el" unpack="false" version="3.5.0.v20090620043401" download-size="3386" install-size="3386" />
	<plugin fragment="true" id="org.eclipse.wst.common.fproj.sdk.nl_el" unpack="false" version="3.5.0.v20090620043401" download-size="1373" install-size="1373" />
	<plugin fragment="true" id="org.eclipse.wst.common.frameworks.nl_el" unpack="false" version="3.5.0.v20090620043401" download-size="3512" install-size="3512" />
	<plugin fragment="true" id="org.eclipse.wst.common.frameworks.ui.nl_el" unpack="false" version="3.5.0.v20090620043401" download-size="4848" install-size="4848" />
	<plugin fragment="true" id="org.eclipse.wst.common.infopop.nl_el" unpack="false" version="3.5.0.v20090620043401" download-size="1466" install-size="1466" />
	<plugin fragment="true" id="org.eclipse.wst.common.modulecore.nl_el" unpack="false" version="3.5.0.v20090620043401" download-size="2393" install-size="2393" />
	<plugin fragment="true" id="org.eclipse.wst.common.project.facet.core.nl_el" unpack="false" version="3.5.0.v20090620043401" download-size="10226" install-size="10226" />
	<plugin fragment="true" id="org.eclipse.wst.common.project.facet.doc.api.nl_el" unpack="false" version="3.5.0.v20090620043401" download-size="1378" install-size="1378" />
	<plugin fragment="true" id="org.eclipse.wst.common.project.facet.ui.nl_el" unpack="false" version="3.5.0.v20090620043401" download-size="8713" install-size="8713" />
	<plugin fragment="true" id="org.eclipse.wst.common.snippets.nl_el" unpack="false" version="3.5.0.v20090620043401" download-size="3921" install-size="3921" />
	<plugin fragment="true" id="org.eclipse.wst.common.ui.nl_el" unpack="false" version="3.5.0.v20090620043401" download-size="6092" install-size="6092" />
	<plugin fragment="true" id="org.eclipse.wst.common.ui.properties.nl_el" unpack="false" version="3.5.0.v20090620043401" download-size="3693" install-size="3693" />
	<plugin fragment="true" id="org.eclipse.wst.common.uriresolver.nl_el" unpack="false" version="3.5.0.v20090620043401" download-size="1515" install-size="1515" />
	<plugin fragment="true" id="org.eclipse.wst.internet.cache.nl_el" unpack="false" version="3.5.0.v20090620043401" download-size="3566" install-size="3566" />
	<plugin fragment="true" id="org.eclipse.wst.validation.doc.isv.nl_el" unpack="false" version="3.5.0.v20090620043401" download-size="1377" install-size="1377" />
	<plugin fragment="true" id="org.eclipse.wst.validation.infopop.nl_el" unpack="false" version="3.5.0.v20090620043401" download-size="1501" install-size="1501" />
	<plugin fragment="true" id="org.eclipse.wst.validation.nl_el" unpack="false" version="3.5.0.v20090620043401" download-size="5813" install-size="5813" />
	<plugin fragment="true" id="org.eclipse.wst.validation.ui.nl_el" unpack="false" version="3.5.0.v20090620043401" download-size="4188" install-size="4188" />
</feature>