<?xml version="1.0" encoding="UTF-8" ?>
<feature
	id="org.eclipse.babel.nls_eclipse_es"
	label="Babel Language Pack for eclipse in Spanish (88.92%)"
	image="eclipse_update_120.jpg"
	provider-name="%providerName"
	version="3.5.0.v20090620043401">
	<copyright>
		%copyright
	</copyright>
	<license url="%licenseURL">
		%license
	</license>
	<description>Babel Language Pack for eclipse in Spanish</description>
	<plugin fragment="true" id="org.eclipse.ant.core.nl_es" unpack="false" version="3.5.0.v20090620043401" download-size="4703" install-size="4703" />
	<plugin fragment="true" id="org.eclipse.ant.tests.core.nl_es" unpack="false" version="3.5.0.v20090620043401" download-size="1842" install-size="1842" />
	<plugin fragment="true" id="org.eclipse.ant.tests.ui.nl_es" unpack="false" version="3.5.0.v20090620043401" download-size="1599" install-size="1599" />
	<plugin fragment="true" id="org.eclipse.ant.ui.nl_es" unpack="false" version="3.5.0.v20090620043401" download-size="24921" install-size="24921" />
	<plugin fragment="true" id="org.eclipse.compare.core.nl_es" unpack="false" version="3.5.0.v20090620043401" download-size="2369" install-size="2369" />
	<plugin fragment="true" id="org.eclipse.compare.examples.nl_es" unpack="false" version="3.5.0.v20090620043401" download-size="2375" install-size="2375" />
	<plugin fragment="true" id="org.eclipse.compare.examples.xml.nl_es" unpack="false" version="3.5.0.v20090620043401" download-size="3040" install-size="3040" />
	<plugin fragment="true" id="org.eclipse.compare.nl_es" unpack="false" version="3.5.0.v20090620043401" download-size="13614" install-size="13614" />
	<plugin fragment="true" id="org.eclipse.compare.tests.nl_es" unpack="false" version="3.5.0.v20090620043401" download-size="1621" install-size="1621" />
	<plugin fragment="true" id="org.eclipse.compare.win32.nl_es" unpack="false" version="3.5.0.v20090620043401" download-size="2551" install-size="2551" />
	<plugin fragment="true" id="org.eclipse.core.boot.nl_es" unpack="false" version="3.5.0.v20090620043401" download-size="1392" install-size="1392" />
	<plugin fragment="true" id="org.eclipse.core.commands.nl_es" unpack="false" version="3.5.0.v20090620043401" download-size="1380" install-size="1380" />
	<plugin fragment="true" id="org.eclipse.core.contenttype.nl_es" unpack="false" version="3.5.0.v20090620043401" download-size="2637" install-size="2637" />
	<plugin fragment="true" id="org.eclipse.core.databinding.beans.nl_es" unpack="false" version="3.5.0.v20090620043401" download-size="1408" install-size="1408" />
	<plugin fragment="true" id="org.eclipse.core.databinding.nl_es" unpack="false" version="3.5.0.v20090620043401" download-size="2731" install-size="2731" />
	<plugin fragment="true" id="org.eclipse.core.databinding.observable.nl_es" unpack="false" version="3.5.0.v20090620043401" download-size="1377" install-size="1377" />
	<plugin fragment="true" id="org.eclipse.core.databinding.property.nl_es" unpack="false" version="3.5.0.v20090620043401" download-size="1402" install-size="1402" />
	<plugin fragment="true" id="org.eclipse.core.expressions.nl_es" unpack="false" version="3.5.0.v20090620043401" download-size="2982" install-size="2982" />
	<plugin fragment="true" id="org.eclipse.core.expressions.tests.nl_es" unpack="false" version="3.5.0.v20090620043401" download-size="1422" install-size="1422" />
	<plugin fragment="true" id="org.eclipse.core.filebuffers.nl_es" unpack="false" version="3.5.0.v20090620043401" download-size="4080" install-size="4080" />
	<plugin fragment="true" id="org.eclipse.core.filebuffers.tests.nl_es" unpack="false" version="3.5.0.v20090620043401" download-size="1414" install-size="1414" />
	<plugin fragment="true" id="org.eclipse.core.filesystem.nl_es" unpack="false" version="3.5.0.v20090620043401" download-size="2930" install-size="2930" />
	<plugin fragment="true" id="org.eclipse.core.jobs.nl_es" unpack="false" version="3.5.0.v20090620043401" download-size="2387" install-size="2387" />
	<plugin fragment="true" id="org.eclipse.core.net.linux.x86.nl_es" unpack="false" version="3.5.0.v20090620043401" download-size="1398" install-size="1398" />
	<plugin fragment="true" id="org.eclipse.core.net.nl_es" unpack="false" version="3.5.0.v20090620043401" download-size="2247" install-size="2247" />
	<plugin fragment="true" id="org.eclipse.core.net.win32.x86.nl_es" unpack="false" version="3.5.0.v20090620043401" download-size="1400" install-size="1400" />
	<plugin fragment="true" id="org.eclipse.core.resources.nl_es" unpack="false" version="3.5.0.v20090620043401" download-size="9022" install-size="9022" />
	<plugin fragment="true" id="org.eclipse.core.runtime.compatibility.auth.nl_es" unpack="false" version="3.5.0.v20090620043401" download-size="2702" install-size="2702" />
	<plugin fragment="true" id="org.eclipse.core.runtime.compatibility.nl_es" unpack="false" version="3.5.0.v20090620043401" download-size="2449" install-size="2449" />
	<plugin fragment="true" id="org.eclipse.core.runtime.nl_es" unpack="false" version="3.5.0.v20090620043401" download-size="3763" install-size="3763" />
	<plugin fragment="true" id="org.eclipse.core.variables.nl_es" unpack="false" version="3.5.0.v20090620043401" download-size="2543" install-size="2543" />
	<plugin fragment="true" id="org.eclipse.cvs.nl_es" unpack="false" version="3.5.0.v20090620043401" download-size="1384" install-size="1384" />
	<plugin fragment="true" id="org.eclipse.debug.core.nl_es" unpack="false" version="3.5.0.v20090620043401" download-size="6662" install-size="6662" />
	<plugin fragment="true" id="org.eclipse.debug.examples.ui.nl_es" unpack="false" version="3.5.0.v20090620043401" download-size="2385" install-size="2385" />
	<plugin fragment="true" id="org.eclipse.debug.ui.nl_es" unpack="false" version="3.5.0.v20090620043401" download-size="33933" install-size="33933" />
	<plugin fragment="true" id="org.eclipse.equinox.app.nl_es" unpack="false" version="3.5.0.v20090620043401" download-size="2832" install-size="2832" />
	<plugin fragment="true" id="org.eclipse.equinox.cm.nl_es" unpack="false" version="3.5.0.v20090620043401" download-size="1401" install-size="1401" />
	<plugin fragment="true" id="org.eclipse.equinox.common.nl_es" unpack="false" version="3.5.0.v20090620043401" download-size="3159" install-size="3159" />
	<plugin fragment="true" id="org.eclipse.equinox.concurrent.nl_es" unpack="false" version="3.5.0.v20090620043401" download-size="1372" install-size="1372" />
	<plugin fragment="true" id="org.eclipse.equinox.device.nl_es" unpack="false" version="3.5.0.v20090620043401" download-size="3085" install-size="3085" />
	<plugin fragment="true" id="org.eclipse.equinox.ds.nl_es" unpack="false" version="3.5.0.v20090620043401" download-size="1389" install-size="1389" />
	<plugin fragment="true" id="org.eclipse.equinox.event.nl_es" unpack="false" version="3.5.0.v20090620043401" download-size="2830" install-size="2830" />
	<plugin fragment="true" id="org.eclipse.equinox.http.jetty5.nl_es" unpack="false" version="3.5.0.v20090620043401" download-size="1463" install-size="1463" />
	<plugin fragment="true" id="org.eclipse.equinox.http.jetty6.nl_es" unpack="false" version="3.5.0.v20090620043401" download-size="1463" install-size="1463" />
	<plugin fragment="true" id="org.eclipse.equinox.http.nl_es" unpack="false" version="3.5.0.v20090620043401" download-size="4140" install-size="4140" />
	<plugin fragment="true" id="org.eclipse.equinox.http.registry.nl_es" unpack="false" version="3.5.0.v20090620043401" download-size="1454" install-size="1454" />
	<plugin fragment="true" id="org.eclipse.equinox.http.servlet.nl_es" unpack="false" version="3.5.0.v20090620043401" download-size="1399" install-size="1399" />
	<plugin fragment="true" id="org.eclipse.equinox.http.servletbridge.nl_es" unpack="false" version="3.5.0.v20090620043401" download-size="1404" install-size="1404" />
	<plugin fragment="true" id="org.eclipse.equinox.io.nl_es" unpack="false" version="3.5.0.v20090620043401" download-size="1366" install-size="1366" />
	<plugin fragment="true" id="org.eclipse.equinox.ip.nl_es" unpack="false" version="3.5.0.v20090620043401" download-size="1366" install-size="1366" />
	<plugin fragment="true" id="org.eclipse.equinox.jsp.jasper.nl_es" unpack="false" version="3.5.0.v20090620043401" download-size="1372" install-size="1372" />
	<plugin fragment="true" id="org.eclipse.equinox.jsp.jasper.registry.nl_es" unpack="false" version="3.5.0.v20090620043401" download-size="1377" install-size="1377" />
	<plugin fragment="true" id="org.eclipse.equinox.launcher.carbon.macosx.nl_es" unpack="false" version="3.5.0.v20090620043401" download-size="1411" install-size="1411" />
	<plugin fragment="true" id="org.eclipse.equinox.launcher.cocoa.macosx.nl_es" unpack="false" version="3.5.0.v20090620043401" download-size="1408" install-size="1408" />
	<plugin fragment="true" id="org.eclipse.equinox.launcher.gtk.linux.ppc.nl_es" unpack="false" version="3.5.0.v20090620043401" download-size="1411" install-size="1411" />
	<plugin fragment="true" id="org.eclipse.equinox.launcher.gtk.linux.s390.nl_es" unpack="false" version="3.5.0.v20090620043401" download-size="1414" install-size="1414" />
	<plugin fragment="true" id="org.eclipse.equinox.launcher.gtk.linux.s390x.nl_es" unpack="false" version="3.5.0.v20090620043401" download-size="1417" install-size="1417" />
	<plugin fragment="true" id="org.eclipse.equinox.launcher.gtk.linux.x86.nl_es" unpack="false" version="3.5.0.v20090620043401" download-size="1411" install-size="1411" />
	<plugin fragment="true" id="org.eclipse.equinox.launcher.gtk.solaris.sparc.nl_es" unpack="false" version="3.5.0.v20090620043401" download-size="1424" install-size="1424" />
	<plugin fragment="true" id="org.eclipse.equinox.launcher.gtk.solaris.x86.nl_es" unpack="false" version="3.5.0.v20090620043401" download-size="1417" install-size="1417" />
	<plugin fragment="true" id="org.eclipse.equinox.launcher.motif.aix.ppc.nl_es" unpack="false" version="3.5.0.v20090620043401" download-size="1411" install-size="1411" />
	<plugin fragment="true" id="org.eclipse.equinox.launcher.motif.linux.x86.nl_es" unpack="false" version="3.5.0.v20090620043401" download-size="1416" install-size="1416" />
	<plugin fragment="true" id="org.eclipse.equinox.launcher.motif.solaris.sparc.nl_es" unpack="false" version="3.5.0.v20090620043401" download-size="1431" install-size="1431" />
	<plugin fragment="true" id="org.eclipse.equinox.launcher.nl_es" unpack="false" version="3.5.0.v20090620043401" download-size="1396" install-size="1396" />
	<plugin fragment="true" id="org.eclipse.equinox.launcher.win32.win32.ia64.nl_es" unpack="false" version="3.5.0.v20090620043401" download-size="1417" install-size="1417" />
	<plugin fragment="true" id="org.eclipse.equinox.launcher.win32.win32.x86.nl_es" unpack="false" version="3.5.0.v20090620043401" download-size="1414" install-size="1414" />
	<plugin fragment="true" id="org.eclipse.equinox.launcher.wpf.win32.x86.nl_es" unpack="false" version="3.5.0.v20090620043401" download-size="1412" install-size="1412" />
	<plugin fragment="true" id="org.eclipse.equinox.log.nl_es" unpack="false" version="3.5.0.v20090620043401" download-size="1367" install-size="1367" />
	<plugin fragment="true" id="org.eclipse.equinox.metatype.nl_es" unpack="false" version="3.5.0.v20090620043401" download-size="2802" install-size="2802" />
	<plugin fragment="true" id="org.eclipse.equinox.preferences.nl_es" unpack="false" version="3.5.0.v20090620043401" download-size="3020" install-size="3020" />
	<plugin fragment="true" id="org.eclipse.equinox.registry.nl_es" unpack="false" version="3.5.0.v20090620043401" download-size="3487" install-size="3487" />
	<plugin fragment="true" id="org.eclipse.equinox.security.nl_es" unpack="false" version="3.5.0.v20090620043401" download-size="3695" install-size="3695" />
	<plugin fragment="true" id="org.eclipse.equinox.security.ui.nl_es" unpack="false" version="3.5.0.v20090620043401" download-size="4514" install-size="4514" />
	<plugin fragment="true" id="org.eclipse.equinox.servletbridge.nl_es" unpack="false" version="3.5.0.v20090620043401" download-size="1374" install-size="1374" />
	<plugin fragment="true" id="org.eclipse.equinox.transforms.xslt.nl_es" unpack="false" version="3.5.0.v20090620043401" download-size="1374" install-size="1374" />
	<plugin fragment="true" id="org.eclipse.equinox.useradmin.nl_es" unpack="false" version="3.5.0.v20090620043401" download-size="3201" install-size="3201" />
	<plugin fragment="true" id="org.eclipse.equinox.util.nl_es" unpack="false" version="3.5.0.v20090620043401" download-size="1368" install-size="1368" />
	<plugin fragment="true" id="org.eclipse.equinox.wireadmin.nl_es" unpack="false" version="3.5.0.v20090620043401" download-size="1372" install-size="1372" />
	<plugin fragment="true" id="org.eclipse.help.appserver.nl_es" unpack="false" version="3.5.0.v20090620043401" download-size="2577" install-size="2577" />
	<plugin fragment="true" id="org.eclipse.help.base.nl_es" unpack="false" version="3.5.0.v20090620043401" download-size="4097" install-size="4097" />
	<plugin fragment="true" id="org.eclipse.help.nl_es" unpack="false" version="3.5.0.v20090620043401" download-size="1505" install-size="1505" />
	<plugin fragment="true" id="org.eclipse.help.ui.nl_es" unpack="false" version="3.5.0.v20090620043401" download-size="5542" install-size="5542" />
	<plugin fragment="true" id="org.eclipse.help.webapp.nl_es" unpack="false" version="3.5.0.v20090620043401" download-size="4706" install-size="4706" />
	<plugin fragment="true" id="org.eclipse.jdt.apt.core.nl_es" unpack="false" version="3.5.0.v20090620043401" download-size="3846" install-size="3846" />
	<plugin fragment="true" id="org.eclipse.jdt.apt.pluggable.core.nl_es" unpack="false" version="3.5.0.v20090620043401" download-size="1418" install-size="1418" />
	<plugin fragment="true" id="org.eclipse.jdt.apt.pluggable.tests.nl_es" unpack="false" version="3.5.0.v20090620043401" download-size="1410" install-size="1410" />
	<plugin fragment="true" id="org.eclipse.jdt.apt.tests.nl_es" unpack="false" version="3.5.0.v20090620043401" download-size="1404" install-size="1404" />
	<plugin fragment="true" id="org.eclipse.jdt.apt.ui.nl_es" unpack="false" version="3.5.0.v20090620043401" download-size="4618" install-size="4618" />
	<plugin fragment="true" id="org.eclipse.jdt.compiler.apt.tests.nl_es" unpack="false" version="3.5.0.v20090620043401" download-size="1409" install-size="1409" />
	<plugin fragment="true" id="org.eclipse.jdt.compiler.tool.tests.nl_es" unpack="false" version="3.5.0.v20090620043401" download-size="1374" install-size="1374" />
	<plugin fragment="true" id="org.eclipse.jdt.core.manipulation.nl_es" unpack="false" version="3.5.0.v20090620043401" download-size="3843" install-size="3843" />
	<plugin fragment="true" id="org.eclipse.jdt.core.nl_es" unpack="false" version="3.5.0.v20090620043401" download-size="30159" install-size="30159" />
	<plugin fragment="true" id="org.eclipse.jdt.core.tests.builder.nl_es" unpack="false" version="3.5.0.v20090620043401" download-size="1404" install-size="1404" />
	<plugin fragment="true" id="org.eclipse.jdt.core.tests.compiler.nl_es" unpack="false" version="3.5.0.v20090620043401" download-size="1403" install-size="1403" />
	<plugin fragment="true" id="org.eclipse.jdt.core.tests.model.nl_es" unpack="false" version="3.5.0.v20090620043401" download-size="12651" install-size="12651" />
	<plugin fragment="true" id="org.eclipse.jdt.core.tests.performance.nl_es" unpack="false" version="3.5.0.v20090620043401" download-size="1376" install-size="1376" />
	<plugin fragment="true" id="org.eclipse.jdt.debug.nl_es" unpack="false" version="3.5.0.v20090620043401" download-size="22023" install-size="22023" />
	<plugin fragment="true" id="org.eclipse.jdt.debug.tests.nl_es" unpack="false" version="3.5.0.v20090620043401" download-size="1369" install-size="1369" />
	<plugin fragment="true" id="org.eclipse.jdt.debug.ui.nl_es" unpack="false" version="3.5.0.v20090620043401" download-size="29794" install-size="29794" />
	<plugin fragment="true" id="org.eclipse.jdt.doc.isv.nl_es" unpack="false" version="3.5.0.v20090620043401" download-size="1778" install-size="1778" />
	<plugin fragment="true" id="org.eclipse.jdt.doc.user.nl_es" unpack="false" version="3.5.0.v20090620043401" download-size="1771" install-size="1771" />
	<plugin fragment="true" id="org.eclipse.jdt.junit.nl_es" unpack="false" version="3.5.0.v20090620043401" download-size="10174" install-size="10174" />
	<plugin fragment="true" id="org.eclipse.jdt.junit.runtime.nl_es" unpack="false" version="3.5.0.v20090620043401" download-size="2912" install-size="2912" />
	<plugin fragment="true" id="org.eclipse.jdt.junit4.runtime.nl_es" unpack="false" version="3.5.0.v20090620043401" download-size="1427" install-size="1427" />
	<plugin fragment="true" id="org.eclipse.jdt.launching.macosx.nl_es" unpack="false" version="3.5.0.v20090620043401" download-size="2520" install-size="2520" />
	<plugin fragment="true" id="org.eclipse.jdt.launching.nl_es" unpack="false" version="3.5.0.v20090620043401" download-size="6583" install-size="6583" />
	<plugin fragment="true" id="org.eclipse.jdt.launching.ui.macosx.nl_es" unpack="false" version="3.5.0.v20090620043401" download-size="3049" install-size="3049" />
	<plugin fragment="true" id="org.eclipse.jdt.nl_es" unpack="false" version="3.5.0.v20090620043401" download-size="3159" install-size="3159" />
	<plugin fragment="true" id="org.eclipse.jdt.text.tests.nl_es" unpack="false" version="3.5.0.v20090620043401" download-size="1373" install-size="1373" />
	<plugin fragment="true" id="org.eclipse.jdt.ui.examples.projects.nl_es" unpack="false" version="3.5.0.v20090620043401" download-size="2677" install-size="2677" />
	<plugin fragment="true" id="org.eclipse.jdt.ui.nl_es" unpack="false" version="3.5.0.v20090620043401" download-size="166989" install-size="166989" />
	<plugin fragment="true" id="org.eclipse.jdt.ui.tests.nl_es" unpack="false" version="3.5.0.v20090620043401" download-size="1426" install-size="1426" />
	<plugin fragment="true" id="org.eclipse.jdt.ui.tests.refactoring.nl_es" unpack="false" version="3.5.0.v20090620043401" download-size="1584" install-size="1584" />
	<plugin fragment="true" id="org.eclipse.jface.databinding.nl_es" unpack="false" version="3.5.0.v20090620043401" download-size="1396" install-size="1396" />
	<plugin fragment="true" id="org.eclipse.jface.examples.databinding.nl_es" unpack="false" version="3.5.0.v20090620043401" download-size="1377" install-size="1377" />
	<plugin fragment="true" id="org.eclipse.jface.nl_es" unpack="false" version="3.5.0.v20090620043401" download-size="10522" install-size="10522" />
	<plugin fragment="true" id="org.eclipse.jface.tests.databinding.conformance.nl_es" unpack="false" version="3.5.0.v20090620043401" download-size="1383" install-size="1383" />
	<plugin fragment="true" id="org.eclipse.jface.tests.databinding.nl_es" unpack="false" version="3.5.0.v20090620043401" download-size="1375" install-size="1375" />
	<plugin fragment="true" id="org.eclipse.jface.text.nl_es" unpack="false" version="3.5.0.v20090620043401" download-size="11704" install-size="11704" />
	<plugin fragment="true" id="org.eclipse.jface.text.tests.nl_es" unpack="false" version="3.5.0.v20090620043401" download-size="1375" install-size="1375" />
	<plugin fragment="true" id="org.eclipse.jsch.core.nl_es" unpack="false" version="3.5.0.v20090620043401" download-size="2477" install-size="2477" />
	<plugin fragment="true" id="org.eclipse.jsch.ui.nl_es" unpack="false" version="3.5.0.v20090620043401" download-size="3811" install-size="3811" />
	<plugin fragment="true" id="org.eclipse.ltk.core.refactoring.nl_es" unpack="false" version="3.5.0.v20090620043401" download-size="5075" install-size="5075" />
	<plugin fragment="true" id="org.eclipse.ltk.core.refactoring.tests.nl_es" unpack="false" version="3.5.0.v20090620043401" download-size="1431" install-size="1431" />
	<plugin fragment="true" id="org.eclipse.ltk.ui.refactoring.nl_es" unpack="false" version="3.5.0.v20090620043401" download-size="8424" install-size="8424" />
	<plugin fragment="true" id="org.eclipse.ltk.ui.refactoring.tests.nl_es" unpack="false" version="3.5.0.v20090620043401" download-size="1375" install-size="1375" />
	<plugin fragment="true" id="org.eclipse.osgi.nl_es" unpack="false" version="3.5.0.v20090620043401" download-size="12736" install-size="12736" />
	<plugin fragment="true" id="org.eclipse.osgi.services.nl_es" unpack="false" version="3.5.0.v20090620043401" download-size="1545" install-size="1545" />
	<plugin fragment="true" id="org.eclipse.osgi.util.nl_es" unpack="false" version="3.5.0.v20090620043401" download-size="1548" install-size="1548" />
	<plugin fragment="true" id="org.eclipse.pde.api.tools.nl_es" unpack="false" version="3.5.0.v20090620043401" download-size="9550" install-size="9550" />
	<plugin fragment="true" id="org.eclipse.pde.api.tools.ui.nl_es" unpack="false" version="3.5.0.v20090620043401" download-size="6984" install-size="6984" />
	<plugin fragment="true" id="org.eclipse.pde.build.nl_es" unpack="false" version="3.5.0.v20090620043401" download-size="6096" install-size="6096" />
	<plugin fragment="true" id="org.eclipse.pde.build.tests.nl_es" unpack="false" version="3.5.0.v20090620043401" download-size="1392" install-size="1392" />
	<plugin fragment="true" id="org.eclipse.pde.core.nl_es" unpack="false" version="3.5.0.v20090620043401" download-size="8340" install-size="8340" />
	<plugin fragment="true" id="org.eclipse.pde.doc.user.nl_es" unpack="false" version="3.5.0.v20090620043401" download-size="1776" install-size="1776" />
	<plugin fragment="true" id="org.eclipse.pde.ds.core.nl_es" unpack="false" version="3.5.0.v20090620043401" download-size="2358" install-size="2358" />
	<plugin fragment="true" id="org.eclipse.pde.ds.tests.nl_es" unpack="false" version="3.5.0.v20090620043401" download-size="1367" install-size="1367" />
	<plugin fragment="true" id="org.eclipse.pde.ds.ui.nl_es" unpack="false" version="3.5.0.v20090620043401" download-size="2883" install-size="2883" />
	<plugin fragment="true" id="org.eclipse.pde.junit.runtime.nl_es" unpack="false" version="3.5.0.v20090620043401" download-size="1403" install-size="1403" />
	<plugin fragment="true" id="org.eclipse.pde.nl_es" unpack="false" version="3.5.0.v20090620043401" download-size="2696" install-size="2696" />
	<plugin fragment="true" id="org.eclipse.pde.runtime.nl_es" unpack="false" version="3.5.0.v20090620043401" download-size="3358" install-size="3358" />
	<plugin fragment="true" id="org.eclipse.pde.tools.versioning.nl_es" unpack="false" version="3.5.0.v20090620043401" download-size="3964" install-size="3964" />
	<plugin fragment="true" id="org.eclipse.pde.ua.core.nl_es" unpack="false" version="3.5.0.v20090620043401" download-size="1367" install-size="1367" />
	<plugin fragment="true" id="org.eclipse.pde.ua.ui.nl_es" unpack="false" version="3.5.0.v20090620043401" download-size="13425" install-size="13425" />
	<plugin fragment="true" id="org.eclipse.pde.ui.nl_es" unpack="false" version="3.5.0.v20090620043401" download-size="37839" install-size="37839" />
	<plugin fragment="true" id="org.eclipse.pde.ui.templates.nl_es" unpack="false" version="3.5.0.v20090620043401" download-size="5926" install-size="5926" />
	<plugin fragment="true" id="org.eclipse.platform.doc.isv.nl_es" unpack="false" version="3.5.0.v20090620043401" download-size="1417" install-size="1417" />
	<plugin fragment="true" id="org.eclipse.platform.doc.user.nl_es" unpack="false" version="3.5.0.v20090620043401" download-size="1391" install-size="1391" />
	<plugin fragment="true" id="org.eclipse.platform.nl_es" unpack="false" version="3.5.0.v20090620043401" download-size="3274" install-size="3274" />
	<plugin fragment="true" id="org.eclipse.rcp.nl_es" unpack="false" version="3.5.0.v20090620043401" download-size="1701" install-size="1701" />
	<plugin fragment="true" id="org.eclipse.releng.tests.nl_es" unpack="false" version="3.5.0.v20090620043401" download-size="1389" install-size="1389" />
	<plugin fragment="true" id="org.eclipse.releng.tools.nl_es" unpack="false" version="3.5.0.v20090620043401" download-size="2423" install-size="2423" />
	<plugin fragment="true" id="org.eclipse.sdk.examples.nl_es" unpack="false" version="3.5.0.v20090620043401" download-size="1707" install-size="1707" />
	<plugin fragment="true" id="org.eclipse.sdk.nl_es" unpack="false" version="3.5.0.v20090620043401" download-size="2610" install-size="2610" />
	<plugin fragment="true" id="org.eclipse.sdk.tests.nl_es" unpack="false" version="3.5.0.v20090620043401" download-size="1699" install-size="1699" />
	<plugin fragment="true" id="org.eclipse.search.nl_es" unpack="false" version="3.5.0.v20090620043401" download-size="8383" install-size="8383" />
	<plugin fragment="true" id="org.eclipse.search.tests.nl_es" unpack="false" version="3.5.0.v20090620043401" download-size="1367" install-size="1367" />
	<plugin fragment="true" id="org.eclipse.swt.examples.browser.demos.nl_es" unpack="false" version="3.5.0.v20090620043401" download-size="1461" install-size="1461" />
	<plugin fragment="true" id="org.eclipse.swt.examples.browser.nl_es" unpack="false" version="3.5.0.v20090620043401" download-size="1748" install-size="1748" />
	<plugin fragment="true" id="org.eclipse.swt.examples.controls.nl_es" unpack="false" version="3.5.0.v20090620043401" download-size="1742" install-size="1742" />
	<plugin fragment="true" id="org.eclipse.swt.examples.launcher.nl_es" unpack="false" version="3.5.0.v20090620043401" download-size="2026" install-size="2026" />
	<plugin fragment="true" id="org.eclipse.swt.examples.layouts.nl_es" unpack="false" version="3.5.0.v20090620043401" download-size="1747" install-size="1747" />
	<plugin fragment="true" id="org.eclipse.swt.examples.nl_es" unpack="false" version="3.5.0.v20090620043401" download-size="13998" install-size="13998" />
	<plugin fragment="true" id="org.eclipse.swt.examples.ole.win32.nl_es" unpack="false" version="3.5.0.v20090620043401" download-size="2041" install-size="2041" />
	<plugin fragment="true" id="org.eclipse.swt.examples.paint.nl_es" unpack="false" version="3.5.0.v20090620043401" download-size="1718" install-size="1718" />
	<plugin fragment="true" id="org.eclipse.swt.nl_es" unpack="false" version="3.5.0.v20090620043401" download-size="2732" install-size="2732" />
	<plugin fragment="true" id="org.eclipse.swt.tests.nl_es" unpack="false" version="3.5.0.v20090620043401" download-size="1378" install-size="1378" />
	<plugin fragment="true" id="org.eclipse.swt.tools.nl_es" unpack="false" version="3.5.0.v20090620043401" download-size="1387" install-size="1387" />
	<plugin fragment="true" id="org.eclipse.team.core.nl_es" unpack="false" version="3.5.0.v20090620043401" download-size="4431" install-size="4431" />
	<plugin fragment="true" id="org.eclipse.team.cvs.core.nl_es" unpack="false" version="3.5.0.v20090620043401" download-size="8328" install-size="8328" />
	<plugin fragment="true" id="org.eclipse.team.cvs.ssh.nl_es" unpack="false" version="3.5.0.v20090620043401" download-size="3112" install-size="3112" />
	<plugin fragment="true" id="org.eclipse.team.cvs.ssh2.nl_es" unpack="false" version="3.5.0.v20090620043401" download-size="3494" install-size="3494" />
	<plugin fragment="true" id="org.eclipse.team.cvs.ui.nl_es" unpack="false" version="3.5.0.v20090620043401" download-size="26836" install-size="26836" />
	<plugin fragment="true" id="org.eclipse.team.examples.filesystem.nl_es" unpack="false" version="3.5.0.v20090620043401" download-size="2929" install-size="2929" />
	<plugin fragment="true" id="org.eclipse.team.tests.cvs.core.nl_es" unpack="false" version="3.5.0.v20090620043401" download-size="1428" install-size="1428" />
	<plugin fragment="true" id="org.eclipse.team.ui.nl_es" unpack="false" version="3.5.0.v20090620043401" download-size="13299" install-size="13299" />
	<plugin fragment="true" id="org.eclipse.text.nl_es" unpack="false" version="3.5.0.v20090620043401" download-size="4272" install-size="4272" />
	<plugin fragment="true" id="org.eclipse.text.tests.nl_es" unpack="false" version="3.5.0.v20090620043401" download-size="1393" install-size="1393" />
	<plugin fragment="true" id="org.eclipse.ui.browser.nl_es" unpack="false" version="3.5.0.v20090620043401" download-size="3668" install-size="3668" />
	<plugin fragment="true" id="org.eclipse.ui.cheatsheets.nl_es" unpack="false" version="3.5.0.v20090620043401" download-size="5834" install-size="5834" />
	<plugin fragment="true" id="org.eclipse.ui.console.nl_es" unpack="false" version="3.5.0.v20090620043401" download-size="3412" install-size="3412" />
	<plugin fragment="true" id="org.eclipse.ui.editors.nl_es" unpack="false" version="3.5.0.v20090620043401" download-size="13493" install-size="13493" />
	<plugin fragment="true" id="org.eclipse.ui.editors.tests.nl_es" unpack="false" version="3.5.0.v20090620043401" download-size="1396" install-size="1396" />
	<plugin fragment="true" id="org.eclipse.ui.examples.contributions.nl_es" unpack="false" version="3.5.0.v20090620043401" download-size="2949" install-size="2949" />
	<plugin fragment="true" id="org.eclipse.ui.examples.fieldassist.nl_es" unpack="false" version="3.5.0.v20090620043401" download-size="2880" install-size="2880" />
	<plugin fragment="true" id="org.eclipse.ui.examples.javaeditor.nl_es" unpack="false" version="3.5.0.v20090620043401" download-size="3482" install-size="3482" />
	<plugin fragment="true" id="org.eclipse.ui.examples.multipageeditor.nl_es" unpack="false" version="3.5.0.v20090620043401" download-size="2418" install-size="2418" />
	<plugin fragment="true" id="org.eclipse.ui.examples.propertysheet.nl_es" unpack="false" version="3.5.0.v20090620043401" download-size="3533" install-size="3533" />
	<plugin fragment="true" id="org.eclipse.ui.examples.readmetool.nl_es" unpack="false" version="3.5.0.v20090620043401" download-size="3433" install-size="3433" />
	<plugin fragment="true" id="org.eclipse.ui.examples.undo.nl_es" unpack="false" version="3.5.0.v20090620043401" download-size="2764" install-size="2764" />
	<plugin fragment="true" id="org.eclipse.ui.examples.views.properties.tabbed.article.nl_es" unpack="false" version="3.5.0.v20090620043401" download-size="1503" install-size="1503" />
	<plugin fragment="true" id="org.eclipse.ui.externaltools.nl_es" unpack="false" version="3.5.0.v20090620043401" download-size="9006" install-size="9006" />
	<plugin fragment="true" id="org.eclipse.ui.forms.nl_es" unpack="false" version="3.5.0.v20090620043401" download-size="2393" install-size="2393" />
	<plugin fragment="true" id="org.eclipse.ui.ide.application.nl_es" unpack="false" version="3.5.0.v20090620043401" download-size="1592" install-size="1592" />
	<plugin fragment="true" id="org.eclipse.ui.ide.nl_es" unpack="false" version="3.5.0.v20090620043401" download-size="32311" install-size="32311" />
	<plugin fragment="true" id="org.eclipse.ui.intro.nl_es" unpack="false" version="3.5.0.v20090620043401" download-size="3674" install-size="3674" />
	<plugin fragment="true" id="org.eclipse.ui.intro.universal.nl_es" unpack="false" version="3.5.0.v20090620043401" download-size="6548" install-size="6548" />
	<plugin fragment="true" id="org.eclipse.ui.navigator.nl_es" unpack="false" version="3.5.0.v20090620043401" download-size="3921" install-size="3921" />
	<plugin fragment="true" id="org.eclipse.ui.navigator.resources.nl_es" unpack="false" version="3.5.0.v20090620043401" download-size="3517" install-size="3517" />
	<plugin fragment="true" id="org.eclipse.ui.net.nl_es" unpack="false" version="3.5.0.v20090620043401" download-size="2593" install-size="2593" />
	<plugin fragment="true" id="org.eclipse.ui.nl_es" unpack="false" version="3.5.0.v20090620043401" download-size="5511" install-size="5511" />
	<plugin fragment="true" id="org.eclipse.ui.presentations.r21.nl_es" unpack="false" version="3.5.0.v20090620043401" download-size="2534" install-size="2534" />
	<plugin fragment="true" id="org.eclipse.ui.tests.navigator.nl_es" unpack="false" version="3.5.0.v20090620043401" download-size="1385" install-size="1385" />
	<plugin fragment="true" id="org.eclipse.ui.tests.views.properties.tabbed.nl_es" unpack="false" version="3.5.0.v20090620043401" download-size="1425" install-size="1425" />
	<plugin fragment="true" id="org.eclipse.ui.views.log.nl_es" unpack="false" version="3.5.0.v20090620043401" download-size="3613" install-size="3613" />
	<plugin fragment="true" id="org.eclipse.ui.views.nl_es" unpack="false" version="3.5.0.v20090620043401" download-size="3171" install-size="3171" />
	<plugin fragment="true" id="org.eclipse.ui.views.properties.tabbed.nl_es" unpack="false" version="3.5.0.v20090620043401" download-size="3132" install-size="3132" />
	<plugin fragment="true" id="org.eclipse.ui.workbench.nl_es" unpack="false" version="3.5.0.v20090620043401" download-size="27531" install-size="27531" />
	<plugin fragment="true" id="org.eclipse.ui.workbench.texteditor.nl_es" unpack="false" version="3.5.0.v20090620043401" download-size="13430" install-size="13430" />
	<plugin fragment="true" id="org.eclipse.ui.workbench.texteditor.tests.nl_es" unpack="false" version="3.5.0.v20090620043401" download-size="1424" install-size="1424" />
	<plugin fragment="true" id="org.eclipse.update.configurator.nl_es" unpack="false" version="3.5.0.v20090620043401" download-size="3422" install-size="3422" />
	<plugin fragment="true" id="org.eclipse.update.core.nl_es" unpack="false" version="3.5.0.v20090620043401" download-size="8392" install-size="8392" />
	<plugin fragment="true" id="org.eclipse.update.scheduler.nl_es" unpack="false" version="3.5.0.v20090620043401" download-size="2911" install-size="2911" />
	<plugin fragment="true" id="org.eclipse.update.tests.core.nl_es" unpack="false" version="3.5.0.v20090620043401" download-size="2779" install-size="2779" />
	<plugin fragment="true" id="org.eclipse.update.ui.nl_es" unpack="false" version="3.5.0.v20090620043401" download-size="9260" install-size="9260" />
	<plugin fragment="true" id="org.junit4.nl_es" unpack="false" version="3.5.0.v20090620043401" download-size="1386" install-size="1386" />
	<plugin fragment="true" id="security.a.nl_es" unpack="false" version="3.5.0.v20090620043401" download-size="1371" install-size="1371" />
</feature>