<?xml version="1.0" encoding="UTF-8" ?>
<feature
	id="org.eclipse.babel.nls_webtools.sourceediting_nl"
	label="Babel Language Pack for webtools.sourceediting in Dutch (73.58%)"
	image="eclipse_update_120.jpg"
	provider-name="%providerName"
	version="3.5.0.v20090620043401">
	<copyright>
		%copyright
	</copyright>
	<license url="%licenseURL">
		%license
	</license>
	<description>Babel Language Pack for webtools.sourceediting in Dutch</description>
	<plugin fragment="true" id="org.eclipse.jst.jsp.core.nl_nl" unpack="false" version="3.5.0.v20090620043401" download-size="2988" install-size="2988" />
	<plugin fragment="true" id="org.eclipse.jst.jsp.ui.infopop.nl_nl" unpack="false" version="3.5.0.v20090620043401" download-size="1399" install-size="1399" />
	<plugin fragment="true" id="org.eclipse.jst.jsp.ui.nl_nl" unpack="false" version="3.5.0.v20090620043401" download-size="5809" install-size="5809" />
	<plugin fragment="true" id="org.eclipse.jst.standard.schemas.nl_nl" unpack="false" version="3.5.0.v20090620043401" download-size="1376" install-size="1376" />
	<plugin fragment="true" id="org.eclipse.wst.css.core.nl_nl" unpack="false" version="3.5.0.v20090620043401" download-size="3330" install-size="3330" />
	<plugin fragment="true" id="org.eclipse.wst.css.ui.nl_nl" unpack="false" version="3.5.0.v20090620043401" download-size="4853" install-size="4853" />
	<plugin fragment="true" id="org.eclipse.wst.doc.user.nl_nl" unpack="false" version="3.5.0.v20090620043401" download-size="1367" install-size="1367" />
	<plugin fragment="true" id="org.eclipse.wst.dtd.core.nl_nl" unpack="false" version="3.5.0.v20090620043401" download-size="4355" install-size="4355" />
	<plugin fragment="true" id="org.eclipse.wst.dtd.ui.infopop.nl_nl" unpack="false" version="3.5.0.v20090620043401" download-size="1395" install-size="1395" />
	<plugin fragment="true" id="org.eclipse.wst.dtd.ui.nl_nl" unpack="false" version="3.5.0.v20090620043401" download-size="4935" install-size="4935" />
	<plugin fragment="true" id="org.eclipse.wst.dtdeditor.doc.user.nl_nl" unpack="false" version="3.5.0.v20090620043401" download-size="1373" install-size="1373" />
	<plugin fragment="true" id="org.eclipse.wst.html.core.nl_nl" unpack="false" version="3.5.0.v20090620043401" download-size="5141" install-size="5141" />
	<plugin fragment="true" id="org.eclipse.wst.html.ui.infopop.nl_nl" unpack="false" version="3.5.0.v20090620043401" download-size="1407" install-size="1407" />
	<plugin fragment="true" id="org.eclipse.wst.html.ui.nl_nl" unpack="false" version="3.5.0.v20090620043401" download-size="5883" install-size="5883" />
	<plugin fragment="true" id="org.eclipse.wst.javascript.core.nl_nl" unpack="false" version="3.5.0.v20090620043401" download-size="2649" install-size="2649" />
	<plugin fragment="true" id="org.eclipse.wst.javascript.ui.infopop.nl_nl" unpack="false" version="3.5.0.v20090620043401" download-size="1406" install-size="1406" />
	<plugin fragment="true" id="org.eclipse.wst.javascript.ui.nl_nl" unpack="false" version="3.5.0.v20090620043401" download-size="5421" install-size="5421" />
	<plugin fragment="true" id="org.eclipse.wst.jsdt.core.nl_nl" unpack="false" version="3.5.0.v20090620043401" download-size="19558" install-size="19558" />
	<plugin fragment="true" id="org.eclipse.wst.jsdt.doc.nl_nl" unpack="false" version="3.5.0.v20090620043401" download-size="1368" install-size="1368" />
	<plugin fragment="true" id="org.eclipse.wst.jsdt.manipulation.nl_nl" unpack="false" version="3.5.0.v20090620043401" download-size="3342" install-size="3342" />
	<plugin fragment="true" id="org.eclipse.wst.jsdt.support.firefox.nl_nl" unpack="false" version="3.5.0.v20090620043401" download-size="1375" install-size="1375" />
	<plugin fragment="true" id="org.eclipse.wst.jsdt.support.ie.nl_nl" unpack="false" version="3.5.0.v20090620043401" download-size="1375" install-size="1375" />
	<plugin fragment="true" id="org.eclipse.wst.jsdt.ui.nl_nl" unpack="false" version="3.5.0.v20090620043401" download-size="113872" install-size="113872" />
	<plugin fragment="true" id="org.eclipse.wst.jsdt.web.core.nl_nl" unpack="false" version="3.5.0.v20090620043401" download-size="2629" install-size="2629" />
	<plugin fragment="true" id="org.eclipse.wst.jsdt.web.support.jsp.nl_nl" unpack="false" version="3.5.0.v20090620043401" download-size="1378" install-size="1378" />
	<plugin fragment="true" id="org.eclipse.wst.jsdt.web.ui.nl_nl" unpack="false" version="3.5.0.v20090620043401" download-size="4851" install-size="4851" />
	<plugin fragment="true" id="org.eclipse.wst.sse.core.nl_nl" unpack="false" version="3.5.0.v20090620043401" download-size="4122" install-size="4122" />
	<plugin fragment="true" id="org.eclipse.wst.sse.doc.user.nl_nl" unpack="false" version="3.5.0.v20090620043401" download-size="1373" install-size="1373" />
	<plugin fragment="true" id="org.eclipse.wst.sse.ui.infopop.nl_nl" unpack="false" version="3.5.0.v20090620043401" download-size="1397" install-size="1397" />
	<plugin fragment="true" id="org.eclipse.wst.sse.ui.nl_nl" unpack="false" version="3.5.0.v20090620043401" download-size="8246" install-size="8246" />
	<plugin fragment="true" id="org.eclipse.wst.standard.schemas.nl_nl" unpack="false" version="3.5.0.v20090620043401" download-size="1376" install-size="1376" />
	<plugin fragment="true" id="org.eclipse.wst.web.nl_nl" unpack="false" version="3.5.0.v20090620043401" download-size="2039" install-size="2039" />
	<plugin fragment="true" id="org.eclipse.wst.web.ui.nl_nl" unpack="false" version="3.5.0.v20090620043401" download-size="1417" install-size="1417" />
	<plugin fragment="true" id="org.eclipse.wst.webtools.doc.user.nl_nl" unpack="false" version="3.5.0.v20090620043401" download-size="1372" install-size="1372" />
	<plugin fragment="true" id="org.eclipse.wst.xml.core.nl_nl" unpack="false" version="3.5.0.v20090620043401" download-size="3648" install-size="3648" />
	<plugin fragment="true" id="org.eclipse.wst.xml.ui.infopop.nl_nl" unpack="false" version="3.5.0.v20090620043401" download-size="1390" install-size="1390" />
	<plugin fragment="true" id="org.eclipse.wst.xml.ui.nl_nl" unpack="false" version="3.5.0.v20090620043401" download-size="13459" install-size="13459" />
	<plugin fragment="true" id="org.eclipse.wst.xml.xpath.core.nl_nl" unpack="false" version="3.5.0.v20090620043401" download-size="1372" install-size="1372" />
	<plugin fragment="true" id="org.eclipse.wst.xml.xpath.ui.nl_nl" unpack="false" version="3.5.0.v20090620043401" download-size="3061" install-size="3061" />
	<plugin fragment="true" id="org.eclipse.wst.xml.xpath2.processor.nl_nl" unpack="false" version="3.5.0.v20090620043401" download-size="1375" install-size="1375" />
	<plugin fragment="true" id="org.eclipse.wst.xmleditor.doc.user.nl_nl" unpack="false" version="3.5.0.v20090620043401" download-size="1374" install-size="1374" />
	<plugin fragment="true" id="org.eclipse.wst.xsd.core.nl_nl" unpack="false" version="3.5.0.v20090620043401" download-size="1483" install-size="1483" />
	<plugin fragment="true" id="org.eclipse.wst.xsd.ui.nl_nl" unpack="false" version="3.5.0.v20090620043401" download-size="18834" install-size="18834" />
	<plugin fragment="true" id="org.eclipse.wst.xsdeditor.doc.user.nl_nl" unpack="false" version="3.5.0.v20090620043401" download-size="1407" install-size="1407" />
	<plugin fragment="true" id="org.eclipse.wst.xsl.core.nl_nl" unpack="false" version="3.5.0.v20090620043401" download-size="1384" install-size="1384" />
	<plugin fragment="true" id="org.eclipse.wst.xsl.debug.ui.nl_nl" unpack="false" version="3.5.0.v20090620043401" download-size="4057" install-size="4057" />
	<plugin fragment="true" id="org.eclipse.wst.xsl.doc.nl_nl" unpack="false" version="3.5.0.v20090620043401" download-size="1366" install-size="1366" />
	<plugin fragment="true" id="org.eclipse.wst.xsl.jaxp.debug.nl_nl" unpack="false" version="3.5.0.v20090620043401" download-size="3030" install-size="3030" />
	<plugin fragment="true" id="org.eclipse.wst.xsl.jaxp.debug.ui.nl_nl" unpack="false" version="3.5.0.v20090620043401" download-size="4073" install-size="4073" />
	<plugin fragment="true" id="org.eclipse.wst.xsl.jaxp.launching.nl_nl" unpack="false" version="3.5.0.v20090620043401" download-size="2924" install-size="2924" />
	<plugin fragment="true" id="org.eclipse.wst.xsl.launching.nl_nl" unpack="false" version="3.5.0.v20090620043401" download-size="1403" install-size="1403" />
	<plugin fragment="true" id="org.eclipse.wst.xsl.launching.tests.nl_nl" unpack="false" version="3.5.0.v20090620043401" download-size="1379" install-size="1379" />
	<plugin fragment="true" id="org.eclipse.wst.xsl.nl_nl" unpack="false" version="3.5.0.v20090620043401" download-size="1368" install-size="1368" />
	<plugin fragment="true" id="org.eclipse.wst.xsl.saxon.nl_nl" unpack="false" version="3.5.0.v20090620043401" download-size="1758" install-size="1758" />
	<plugin fragment="true" id="org.eclipse.wst.xsl.sdk.documentation.nl_nl" unpack="false" version="3.5.0.v20090620043401" download-size="1376" install-size="1376" />
	<plugin fragment="true" id="org.eclipse.wst.xsl.tests.nl_nl" unpack="false" version="3.5.0.v20090620043401" download-size="1371" install-size="1371" />
	<plugin fragment="true" id="org.eclipse.wst.xsl.ui.nl_nl" unpack="false" version="3.5.0.v20090620043401" download-size="2618" install-size="2618" />
	<plugin fragment="true" id="org.eclipse.wst.xsl.xalan.nl_nl" unpack="false" version="3.5.0.v20090620043401" download-size="1677" install-size="1677" />
</feature>