<?xml version="1.0" encoding="UTF-8" ?>
<feature
	id="org.eclipse.babel.nls_stp.sca_no"
	label="Babel Language Pack for stp.sca in Norwegian (21.02%)"
	image="eclipse_update_120.jpg"
	provider-name="%providerName"
	version="3.5.0.v20090620043401">
	<copyright>
		%copyright
	</copyright>
	<license url="%licenseURL">
		%license
	</license>
	<description>Babel Language Pack for stp.sca in Norwegian</description>
	<plugin fragment="true" id="org.eclipse.stp.sca.common.jdt.nl_no" unpack="false" version="3.5.0.v20090620043401" download-size="2330" install-size="2330" />
	<plugin fragment="true" id="org.eclipse.stp.sca.common.nl_no" unpack="false" version="3.5.0.v20090620043401" download-size="1353" install-size="1353" />
	<plugin fragment="true" id="org.eclipse.stp.sca.diagram.extension.generator.ui.nl_no" unpack="false" version="3.5.0.v20090620043401" download-size="2866" install-size="2866" />
	<plugin fragment="true" id="org.eclipse.stp.sca.diagram.extension.nl_no" unpack="false" version="3.5.0.v20090620043401" download-size="1391" install-size="1391" />
	<plugin fragment="true" id="org.eclipse.stp.sca.diagram.frascati.nl_no" unpack="false" version="3.5.0.v20090620043401" download-size="1376" install-size="1376" />
	<plugin fragment="true" id="org.eclipse.stp.sca.diagram.jdt.nl_no" unpack="false" version="3.5.0.v20090620043401" download-size="1356" install-size="1356" />
	<plugin fragment="true" id="org.eclipse.stp.sca.diagram.nl_no" unpack="false" version="3.5.0.v20090620043401" download-size="2266" install-size="2266" />
	<plugin fragment="true" id="org.eclipse.stp.sca.diagram.tuscany.nl_no" unpack="false" version="3.5.0.v20090620043401" download-size="1359" install-size="1359" />
	<plugin fragment="true" id="org.eclipse.stp.sca.domainmodel.frascati.edit.nl_no" unpack="false" version="3.5.0.v20090620043401" download-size="1628" install-size="1628" />
	<plugin fragment="true" id="org.eclipse.stp.sca.domainmodel.frascati.editor.nl_no" unpack="false" version="3.5.0.v20090620043401" download-size="1423" install-size="1423" />
	<plugin fragment="true" id="org.eclipse.stp.sca.domainmodel.tuscany.edit.nl_no" unpack="false" version="3.5.0.v20090620043401" download-size="1737" install-size="1737" />
	<plugin fragment="true" id="org.eclipse.stp.sca.domainmodel.tuscany.editor.nl_no" unpack="false" version="3.5.0.v20090620043401" download-size="1418" install-size="1418" />
	<plugin fragment="true" id="org.eclipse.stp.sca.edit.nl_no" unpack="false" version="3.5.0.v20090620043401" download-size="3484" install-size="3484" />
	<plugin fragment="true" id="org.eclipse.stp.sca.editor.nl_no" unpack="false" version="3.5.0.v20090620043401" download-size="2867" install-size="2867" />
	<plugin fragment="true" id="org.eclipse.stp.sca.formeditor.nl_no" unpack="false" version="3.5.0.v20090620043401" download-size="2336" install-size="2336" />
	<plugin fragment="true" id="org.eclipse.stp.sca.implementation.java.nl_no" unpack="false" version="3.5.0.v20090620043401" download-size="1361" install-size="1361" />
	<plugin fragment="true" id="org.eclipse.stp.sca.implementation.sca.nl_no" unpack="false" version="3.5.0.v20090620043401" download-size="1360" install-size="1360" />
	<plugin fragment="true" id="org.eclipse.stp.sca.interfacee.java.nl_no" unpack="false" version="3.5.0.v20090620043401" download-size="1358" install-size="1358" />
	<plugin fragment="true" id="org.eclipse.stp.sca.nl_no" unpack="false" version="3.5.0.v20090620043401" download-size="1348" install-size="1348" />
	<plugin fragment="true" id="org.eclipse.stp.sca.ontology.view.jena2.nl_no" unpack="false" version="3.5.0.v20090620043401" download-size="2523" install-size="2523" />
	<plugin fragment="true" id="org.eclipse.stp.sca.ontology.view.nl_no" unpack="false" version="3.5.0.v20090620043401" download-size="2347" install-size="2347" />
	<plugin fragment="true" id="org.eclipse.stp.sca.semantic.sawsdl.edit.nl_no" unpack="false" version="3.5.0.v20090620043401" download-size="1572" install-size="1572" />
	<plugin fragment="true" id="org.eclipse.stp.sca.semantic.sawsdl.properties.nl_no" unpack="false" version="3.5.0.v20090620043401" download-size="1366" install-size="1366" />
	<plugin fragment="true" id="org.eclipse.stp.sca.validation.frascati.nl_no" unpack="false" version="3.5.0.v20090620043401" download-size="1362" install-size="1362" />
	<plugin fragment="true" id="org.eclipse.stp.sca.validation.nl_no" unpack="false" version="3.5.0.v20090620043401" download-size="1356" install-size="1356" />
	<plugin fragment="true" id="org.eclipse.stp.sca.xmleditor.nl_no" unpack="false" version="3.5.0.v20090620043401" download-size="2410" install-size="2410" />
</feature>