<?xml version="1.0" encoding="UTF-8" ?>
<feature
	id="org.eclipse.babel.nls_modeling.m2m_ja"
	label="Babel Language Pack for modeling.m2m in Japanese (31.07%)"
	image="eclipse_update_120.jpg"
	provider-name="%providerName"
	version="3.5.0.v20090620043401">
	<copyright>
		%copyright
	</copyright>
	<license url="%licenseURL">
		%license
	</license>
	<description>Babel Language Pack for modeling.m2m in Japanese</description>
	<plugin fragment="true" id="org.eclipse.m2m.atl.adt.debug.nl_ja" unpack="false" version="3.5.0.v20090620043401" download-size="2407" install-size="2407" />
	<plugin fragment="true" id="org.eclipse.m2m.atl.adt.editor.nl_ja" unpack="false" version="3.5.0.v20090620043401" download-size="3813" install-size="3813" />
	<plugin fragment="true" id="org.eclipse.m2m.atl.adt.nl_ja" unpack="false" version="3.5.0.v20090620043401" download-size="2211" install-size="2211" />
	<plugin fragment="true" id="org.eclipse.m2m.atl.adt.ui.nl_ja" unpack="false" version="3.5.0.v20090620043401" download-size="2481" install-size="2481" />
	<plugin fragment="true" id="org.eclipse.m2m.atl.common.nl_ja" unpack="false" version="3.5.0.v20090620043401" download-size="1371" install-size="1371" />
	<plugin fragment="true" id="org.eclipse.m2m.atl.core.ant.nl_ja" unpack="false" version="3.5.0.v20090620043401" download-size="1372" install-size="1372" />
	<plugin fragment="true" id="org.eclipse.m2m.atl.core.emf.nl_ja" unpack="false" version="3.5.0.v20090620043401" download-size="1372" install-size="1372" />
	<plugin fragment="true" id="org.eclipse.m2m.atl.core.nl_ja" unpack="false" version="3.5.0.v20090620043401" download-size="1370" install-size="1370" />
	<plugin fragment="true" id="org.eclipse.m2m.atl.core.ui.nl_ja" unpack="false" version="3.5.0.v20090620043401" download-size="2585" install-size="2585" />
	<plugin fragment="true" id="org.eclipse.m2m.atl.core.ui.vm.nl_ja" unpack="false" version="3.5.0.v20090620043401" download-size="1373" install-size="1373" />
	<plugin fragment="true" id="org.eclipse.m2m.atl.doc.nl_ja" unpack="false" version="3.5.0.v20090620043401" download-size="1369" install-size="1369" />
	<plugin fragment="true" id="org.eclipse.m2m.atl.drivers.emf4atl.nl_ja" unpack="false" version="3.5.0.v20090620043401" download-size="1377" install-size="1377" />
	<plugin fragment="true" id="org.eclipse.m2m.atl.drivers.uml24atl.nl_ja" unpack="false" version="3.5.0.v20090620043401" download-size="1378" install-size="1378" />
	<plugin fragment="true" id="org.eclipse.m2m.atl.dsls.nl_ja" unpack="false" version="3.5.0.v20090620043401" download-size="2200" install-size="2200" />
	<plugin fragment="true" id="org.eclipse.m2m.atl.engine.emfvm.nl_ja" unpack="false" version="3.5.0.v20090620043401" download-size="1374" install-size="1374" />
	<plugin fragment="true" id="org.eclipse.m2m.atl.engine.nl_ja" unpack="false" version="3.5.0.v20090620043401" download-size="2211" install-size="2211" />
	<plugin fragment="true" id="org.eclipse.m2m.atl.engine.vm.nl_ja" unpack="false" version="3.5.0.v20090620043401" download-size="1373" install-size="1373" />
	<plugin fragment="true" id="org.eclipse.m2m.atl.examples.nl_ja" unpack="false" version="3.5.0.v20090620043401" download-size="1372" install-size="1372" />
	<plugin fragment="true" id="org.eclipse.m2m.atl.nl_ja" unpack="false" version="3.5.0.v20090620043401" download-size="1367" install-size="1367" />
	<plugin fragment="true" id="org.eclipse.m2m.atl.tests.nl_ja" unpack="false" version="3.5.0.v20090620043401" download-size="1370" install-size="1370" />
	<plugin fragment="true" id="org.eclipse.m2m.qvt.oml.common.nl_ja" unpack="false" version="3.5.0.v20090620043401" download-size="1373" install-size="1373" />
	<plugin fragment="true" id="org.eclipse.m2m.qvt.oml.common.ui.nl_ja" unpack="false" version="3.5.0.v20090620043401" download-size="5295" install-size="5295" />
	<plugin fragment="true" id="org.eclipse.m2m.qvt.oml.cst.parser.nl_ja" unpack="false" version="3.5.0.v20090620043401" download-size="1376" install-size="1376" />
	<plugin fragment="true" id="org.eclipse.m2m.qvt.oml.doc.nl_ja" unpack="false" version="3.5.0.v20090620043401" download-size="1372" install-size="1372" />
	<plugin fragment="true" id="org.eclipse.m2m.qvt.oml.ecore.imperativeocl.nl_ja" unpack="false" version="3.5.0.v20090620043401" download-size="1382" install-size="1382" />
	<plugin fragment="true" id="org.eclipse.m2m.qvt.oml.editor.ui.nl_ja" unpack="false" version="3.5.0.v20090620043401" download-size="4214" install-size="4214" />
	<plugin fragment="true" id="org.eclipse.m2m.qvt.oml.emf.util.nl_ja" unpack="false" version="3.5.0.v20090620043401" download-size="1375" install-size="1375" />
	<plugin fragment="true" id="org.eclipse.m2m.qvt.oml.emf.util.ui.nl_ja" unpack="false" version="3.5.0.v20090620043401" download-size="3119" install-size="3119" />
	<plugin fragment="true" id="org.eclipse.m2m.qvt.oml.examples.blackbox.nl_ja" unpack="false" version="3.5.0.v20090620043401" download-size="1380" install-size="1380" />
	<plugin fragment="true" id="org.eclipse.m2m.qvt.oml.examples.omg.nl_ja" unpack="false" version="3.5.0.v20090620043401" download-size="1377" install-size="1377" />
	<plugin fragment="true" id="org.eclipse.m2m.qvt.oml.nl_ja" unpack="false" version="3.5.0.v20090620043401" download-size="1369" install-size="1369" />
	<plugin fragment="true" id="org.eclipse.m2m.qvt.oml.ocl.nl_ja" unpack="false" version="3.5.0.v20090620043401" download-size="1372" install-size="1372" />
	<plugin fragment="true" id="org.eclipse.m2m.qvt.oml.project.nl_ja" unpack="false" version="3.5.0.v20090620043401" download-size="1452" install-size="1452" />
	<plugin fragment="true" id="org.eclipse.m2m.qvt.oml.runtime.nl_ja" unpack="false" version="3.5.0.v20090620043401" download-size="2882" install-size="2882" />
	<plugin fragment="true" id="org.eclipse.m2m.qvt.oml.runtime.ui.nl_ja" unpack="false" version="3.5.0.v20090620043401" download-size="5030" install-size="5030" />
	<plugin fragment="true" id="org.eclipse.m2m.qvt.oml.samples.nl_ja" unpack="false" version="3.5.0.v20090620043401" download-size="5296" install-size="5296" />
	<plugin fragment="true" id="org.eclipse.m2m.qvt.oml.trace.edit.nl_ja" unpack="false" version="3.5.0.v20090620043401" download-size="2563" install-size="2563" />
	<plugin fragment="true" id="org.eclipse.m2m.qvt.oml.ui.nl_ja" unpack="false" version="3.5.0.v20090620043401" download-size="4596" install-size="4596" />
	<plugin fragment="true" id="org.eclipse.m2m.tests.qvt.oml.nl_ja" unpack="false" version="3.5.0.v20090620043401" download-size="1373" install-size="1373" />
	<plugin fragment="true" id="org.eclipse.m2m.tests.qvt.oml.ui.nl_ja" unpack="false" version="3.5.0.v20090620043401" download-size="1374" install-size="1374" />
</feature>