<?xml version="1.0" encoding="UTF-8" ?>
<feature
	id="org.eclipse.babel.nls_dsdp.mtj_ar"
	label="Babel Language Pack for dsdp.mtj in Arabic (5.86%)"
	image="eclipse_update_120.jpg"
	provider-name="%providerName"
	version="3.5.0.v20090620043401">
	<copyright>
		%copyright
	</copyright>
	<license url="%licenseURL">
		%license
	</license>
	<description>Babel Language Pack for dsdp.mtj in Arabic</description>
	<plugin fragment="true" id="org.eclipse.mtj.core.nl_ar" unpack="false" version="3.5.0.v20090620043401" download-size="2252" install-size="2252" />
	<plugin fragment="true" id="org.eclipse.mtj.eswt.templates.nl_ar" unpack="false" version="3.5.0.v20090620043401" download-size="2186" install-size="2186" />
	<plugin fragment="true" id="org.eclipse.mtj.jmunit.nl_ar" unpack="false" version="3.5.0.v20090620043401" download-size="2278" install-size="2278" />
	<plugin fragment="true" id="org.eclipse.mtj.pulsar.ui.nl_ar" unpack="false" version="3.5.0.v20090620043401" download-size="2410" install-size="2410" />
	<plugin fragment="true" id="org.eclipse.mtj.ui.nl_ar" unpack="false" version="3.5.0.v20090620043401" download-size="5154" install-size="5154" />
</feature>