<?xml version="1.0" encoding="UTF-8" ?>
<feature
	id="org.eclipse.babel.nls_technology.mat_nl"
	label="Babel Language Pack for technology.mat in Dutch (2.91%)"
	image="eclipse_update_120.jpg"
	provider-name="%providerName"
	version="3.5.0.v20090620043401">
	<copyright>
		%copyright
	</copyright>
	<license url="%licenseURL">
		%license
	</license>
	<description>Babel Language Pack for technology.mat in Dutch</description>
	<plugin fragment="true" id="org.eclipse.mat.api.nl_nl" unpack="false" version="3.5.0.v20090620043401" download-size="2235" install-size="2235" />
	<plugin fragment="true" id="org.eclipse.mat.chart.nl_nl" unpack="false" version="3.5.0.v20090620043401" download-size="1366" install-size="1366" />
	<plugin fragment="true" id="org.eclipse.mat.chart.ui.nl_nl" unpack="false" version="3.5.0.v20090620043401" download-size="1368" install-size="1368" />
	<plugin fragment="true" id="org.eclipse.mat.hprof.nl_nl" unpack="false" version="3.5.0.v20090620043401" download-size="1366" install-size="1366" />
	<plugin fragment="true" id="org.eclipse.mat.jdt.nl_nl" unpack="false" version="3.5.0.v20090620043401" download-size="1365" install-size="1365" />
	<plugin fragment="true" id="org.eclipse.mat.parser.nl_nl" unpack="false" version="3.5.0.v20090620043401" download-size="1366" install-size="1366" />
	<plugin fragment="true" id="org.eclipse.mat.report.nl_nl" unpack="false" version="3.5.0.v20090620043401" download-size="2246" install-size="2246" />
	<plugin fragment="true" id="org.eclipse.mat.ui.nl_nl" unpack="false" version="3.5.0.v20090620043401" download-size="2776" install-size="2776" />
	<plugin fragment="true" id="org.eclipse.mat.ui.rcp.nl_nl" unpack="false" version="3.5.0.v20090620043401" download-size="1366" install-size="1366" />
</feature>