<?xml version="1.0" encoding="UTF-8" ?>
<feature
	id="org.eclipse.babel.nls_webtools.webservices_ru"
	label="Babel Language Pack for webtools.webservices in Russian (89.16%)"
	image="eclipse_update_120.jpg"
	provider-name="%providerName"
	version="3.5.0.v20090620043401">
	<copyright>
		%copyright
	</copyright>
	<license url="%licenseURL">
		%license
	</license>
	<description>Babel Language Pack for webtools.webservices in Russian</description>
	<plugin fragment="true" id="org.eclipse.jst.ws.axis.consumption.core.nl_ru" unpack="false" version="3.5.0.v20090620043401" download-size="4489" install-size="4489" />
	<plugin fragment="true" id="org.eclipse.jst.ws.axis.consumption.ui.nl_ru" unpack="false" version="3.5.0.v20090620043401" download-size="5193" install-size="5193" />
	<plugin fragment="true" id="org.eclipse.jst.ws.axis.creation.ui.nl_ru" unpack="false" version="3.5.0.v20090620043401" download-size="4380" install-size="4380" />
	<plugin fragment="true" id="org.eclipse.jst.ws.axis2.consumption.core.nl_ru" unpack="false" version="3.5.0.v20090620043401" download-size="2858" install-size="2858" />
	<plugin fragment="true" id="org.eclipse.jst.ws.axis2.consumption.ui.nl_ru" unpack="false" version="3.5.0.v20090620043401" download-size="1426" install-size="1426" />
	<plugin fragment="true" id="org.eclipse.jst.ws.axis2.core.nl_ru" unpack="false" version="3.5.0.v20090620043401" download-size="2696" install-size="2696" />
	<plugin fragment="true" id="org.eclipse.jst.ws.axis2.creation.core.nl_ru" unpack="false" version="3.5.0.v20090620043401" download-size="2826" install-size="2826" />
	<plugin fragment="true" id="org.eclipse.jst.ws.axis2.creation.ui.nl_ru" unpack="false" version="3.5.0.v20090620043401" download-size="1381" install-size="1381" />
	<plugin fragment="true" id="org.eclipse.jst.ws.axis2.ui.doc.user.nl_ru" unpack="false" version="3.5.0.v20090620043401" download-size="1377" install-size="1377" />
	<plugin fragment="true" id="org.eclipse.jst.ws.axis2.ui.nl_ru" unpack="false" version="3.5.0.v20090620043401" download-size="1376" install-size="1376" />
	<plugin fragment="true" id="org.eclipse.jst.ws.consumption.nl_ru" unpack="false" version="3.5.0.v20090620043401" download-size="5462" install-size="5462" />
	<plugin fragment="true" id="org.eclipse.jst.ws.consumption.ui.nl_ru" unpack="false" version="3.5.0.v20090620043401" download-size="12490" install-size="12490" />
	<plugin fragment="true" id="org.eclipse.jst.ws.creation.ejb.ui.nl_ru" unpack="false" version="3.5.0.v20090620043401" download-size="1557" install-size="1557" />
	<plugin fragment="true" id="org.eclipse.jst.ws.creation.ui.nl_ru" unpack="false" version="3.5.0.v20090620043401" download-size="3212" install-size="3212" />
	<plugin fragment="true" id="org.eclipse.jst.ws.nl_ru" unpack="false" version="3.5.0.v20090620043401" download-size="4265" install-size="4265" />
	<plugin fragment="true" id="org.eclipse.jst.ws.uddiregistry.nl_ru" unpack="false" version="3.5.0.v20090620043401" download-size="2954" install-size="2954" />
	<plugin fragment="true" id="org.eclipse.jst.ws.ui.nl_ru" unpack="false" version="3.5.0.v20090620043401" download-size="4101" install-size="4101" />
	<plugin fragment="true" id="org.eclipse.wst.command.env.core.nl_ru" unpack="false" version="3.5.0.v20090620043401" download-size="2796" install-size="2796" />
	<plugin fragment="true" id="org.eclipse.wst.command.env.nl_ru" unpack="false" version="3.5.0.v20090620043401" download-size="5478" install-size="5478" />
	<plugin fragment="true" id="org.eclipse.wst.command.env.ui.nl_ru" unpack="false" version="3.5.0.v20090620043401" download-size="3534" install-size="3534" />
	<plugin fragment="true" id="org.eclipse.wst.ws.explorer.nl_ru" unpack="false" version="3.5.0.v20090620043401" download-size="21062" install-size="21062" />
	<plugin fragment="true" id="org.eclipse.wst.ws.nl_ru" unpack="false" version="3.5.0.v20090620043401" download-size="2936" install-size="2936" />
	<plugin fragment="true" id="org.eclipse.wst.ws.parser.nl_ru" unpack="false" version="3.5.0.v20090620043401" download-size="3400" install-size="3400" />
	<plugin fragment="true" id="org.eclipse.wst.ws.service.policy.nl_ru" unpack="false" version="3.5.0.v20090620043401" download-size="1569" install-size="1569" />
	<plugin fragment="true" id="org.eclipse.wst.ws.service.policy.ui.nl_ru" unpack="false" version="3.5.0.v20090620043401" download-size="2948" install-size="2948" />
	<plugin fragment="true" id="org.eclipse.wst.ws.ui.nl_ru" unpack="false" version="3.5.0.v20090620043401" download-size="3355" install-size="3355" />
	<plugin fragment="true" id="org.eclipse.wst.wsdl.nl_ru" unpack="false" version="3.5.0.v20090620043401" download-size="1365" install-size="1365" />
	<plugin fragment="true" id="org.eclipse.wst.wsdl.ui.nl_ru" unpack="false" version="3.5.0.v20090620043401" download-size="6941" install-size="6941" />
	<plugin fragment="true" id="org.eclipse.wst.wsdl.validation.nl_ru" unpack="false" version="3.5.0.v20090620043401" download-size="9543" install-size="9543" />
	<plugin fragment="true" id="org.eclipse.wst.wsi.nl_ru" unpack="false" version="3.5.0.v20090620043401" download-size="6519" install-size="6519" />
	<plugin fragment="true" id="org.eclipse.wst.wsi.ui.nl_ru" unpack="false" version="3.5.0.v20090620043401" download-size="4342" install-size="4342" />
</feature>