<?xml version="1.0" encoding="UTF-8" ?>
<feature
	id="org.eclipse.babel.nls_rt.ecf_cs"
	label="Babel Language Pack for rt.ecf in Czech (13.86%)"
	image="eclipse_update_120.jpg"
	provider-name="%providerName"
	version="3.5.0.v20090620043401">
	<copyright>
		%copyright
	</copyright>
	<license url="%licenseURL">
		%license
	</license>
	<description>Babel Language Pack for rt.ecf in Czech</description>
	<plugin fragment="true" id="org.eclipse.ecf.datashare.nl_cs" unpack="false" version="3.5.0.v20090620043401" download-size="2098" install-size="2098" />
	<plugin fragment="true" id="org.eclipse.ecf.discovery.nl_cs" unpack="false" version="3.5.0.v20090620043401" download-size="1369" install-size="1369" />
	<plugin fragment="true" id="org.eclipse.ecf.discovery.ui.browser.nl_cs" unpack="false" version="3.5.0.v20090620043401" download-size="1376" install-size="1376" />
	<plugin fragment="true" id="org.eclipse.ecf.discovery.ui.edit.nl_cs" unpack="false" version="3.5.0.v20090620043401" download-size="1559" install-size="1559" />
	<plugin fragment="true" id="org.eclipse.ecf.discovery.ui.model.nl_cs" unpack="false" version="3.5.0.v20090620043401" download-size="1374" install-size="1374" />
	<plugin fragment="true" id="org.eclipse.ecf.discovery.ui.nl_cs" unpack="false" version="3.5.0.v20090620043401" download-size="1370" install-size="1370" />
	<plugin fragment="true" id="org.eclipse.ecf.doc.nl_cs" unpack="false" version="3.5.0.v20090620043401" download-size="1364" install-size="1364" />
	<plugin fragment="true" id="org.eclipse.ecf.docshare.nl_cs" unpack="false" version="3.5.0.v20090620043401" download-size="2281" install-size="2281" />
	<plugin fragment="true" id="org.eclipse.ecf.example.clients.nl_cs" unpack="false" version="3.5.0.v20090620043401" download-size="1373" install-size="1373" />
	<plugin fragment="true" id="org.eclipse.ecf.example.collab.editor.nl_cs" unpack="false" version="3.5.0.v20090620043401" download-size="1376" install-size="1376" />
	<plugin fragment="true" id="org.eclipse.ecf.example.collab.nl_cs" unpack="false" version="3.5.0.v20090620043401" download-size="3514" install-size="3514" />
	<plugin fragment="true" id="org.eclipse.ecf.examples.remoteservices.common.nl_cs" unpack="false" version="3.5.0.v20090620043401" download-size="1382" install-size="1382" />
	<plugin fragment="true" id="org.eclipse.ecf.examples.remoteservices.server.nl_cs" unpack="false" version="3.5.0.v20090620043401" download-size="1381" install-size="1381" />
	<plugin fragment="true" id="org.eclipse.ecf.examples.updatesite.client.nl_cs" unpack="false" version="3.5.0.v20090620043401" download-size="1378" install-size="1378" />
	<plugin fragment="true" id="org.eclipse.ecf.examples.updatesite.server.nl_cs" unpack="false" version="3.5.0.v20090620043401" download-size="1378" install-size="1378" />
	<plugin fragment="true" id="org.eclipse.ecf.filetransfer.nl_cs" unpack="false" version="3.5.0.v20090620043401" download-size="1369" install-size="1369" />
	<plugin fragment="true" id="org.eclipse.ecf.filetransfer.ui.nl_cs" unpack="false" version="3.5.0.v20090620043401" download-size="2599" install-size="2599" />
	<plugin fragment="true" id="org.eclipse.ecf.identity.nl_cs" unpack="false" version="3.5.0.v20090620043401" download-size="1368" install-size="1368" />
	<plugin fragment="true" id="org.eclipse.ecf.nl_cs" unpack="false" version="3.5.0.v20090620043401" download-size="1550" install-size="1550" />
	<plugin fragment="true" id="org.eclipse.ecf.osgi.services.discovery.nl_cs" unpack="false" version="3.5.0.v20090620043401" download-size="1378" install-size="1378" />
	<plugin fragment="true" id="org.eclipse.ecf.osgi.services.distribution.nl_cs" unpack="false" version="3.5.0.v20090620043401" download-size="1379" install-size="1379" />
	<plugin fragment="true" id="org.eclipse.ecf.osgi.services.nl_cs" unpack="false" version="3.5.0.v20090620043401" download-size="1354" install-size="1354" />
	<plugin fragment="true" id="org.eclipse.ecf.presence.bot.nl_cs" unpack="false" version="3.5.0.v20090620043401" download-size="1370" install-size="1370" />
	<plugin fragment="true" id="org.eclipse.ecf.presence.collab.ui.nl_cs" unpack="false" version="3.5.0.v20090620043401" download-size="2637" install-size="2637" />
	<plugin fragment="true" id="org.eclipse.ecf.presence.nl_cs" unpack="false" version="3.5.0.v20090620043401" download-size="1367" install-size="1367" />
	<plugin fragment="true" id="org.eclipse.ecf.presence.ui.nl_cs" unpack="false" version="3.5.0.v20090620043401" download-size="2942" install-size="2942" />
	<plugin fragment="true" id="org.eclipse.ecf.protocol.bittorrent.nl_cs" unpack="false" version="3.5.0.v20090620043401" download-size="1373" install-size="1373" />
	<plugin fragment="true" id="org.eclipse.ecf.protocol.msn.nl_cs" unpack="false" version="3.5.0.v20090620043401" download-size="1370" install-size="1370" />
	<plugin fragment="true" id="org.eclipse.ecf.provider.bittorrent.nl_cs" unpack="false" version="3.5.0.v20090620043401" download-size="1374" install-size="1374" />
	<plugin fragment="true" id="org.eclipse.ecf.provider.bittorrent.ui.nl_cs" unpack="false" version="3.5.0.v20090620043401" download-size="2630" install-size="2630" />
	<plugin fragment="true" id="org.eclipse.ecf.provider.datashare.nio.nl_cs" unpack="false" version="3.5.0.v20090620043401" download-size="1377" install-size="1377" />
	<plugin fragment="true" id="org.eclipse.ecf.provider.datashare.nl_cs" unpack="false" version="3.5.0.v20090620043401" download-size="1374" install-size="1374" />
	<plugin fragment="true" id="org.eclipse.ecf.provider.discovery.nl_cs" unpack="false" version="3.5.0.v20090620043401" download-size="1375" install-size="1375" />
	<plugin fragment="true" id="org.eclipse.ecf.provider.filetransfer.efs.nl_cs" unpack="false" version="3.5.0.v20090620043401" download-size="1378" install-size="1378" />
	<plugin fragment="true" id="org.eclipse.ecf.provider.filetransfer.httpclient.nl_cs" unpack="false" version="3.5.0.v20090620043401" download-size="2676" install-size="2676" />
	<plugin fragment="true" id="org.eclipse.ecf.provider.filetransfer.nl_cs" unpack="false" version="3.5.0.v20090620043401" download-size="2511" install-size="2511" />
	<plugin fragment="true" id="org.eclipse.ecf.provider.filetransfer.scp.nl_cs" unpack="false" version="3.5.0.v20090620043401" download-size="1378" install-size="1378" />
	<plugin fragment="true" id="org.eclipse.ecf.provider.irc.nl_cs" unpack="false" version="3.5.0.v20090620043401" download-size="2424" install-size="2424" />
	<plugin fragment="true" id="org.eclipse.ecf.provider.irc.ui.nl_cs" unpack="false" version="3.5.0.v20090620043401" download-size="2370" install-size="2370" />
	<plugin fragment="true" id="org.eclipse.ecf.provider.jmdns.nl_cs" unpack="false" version="3.5.0.v20090620043401" download-size="1372" install-size="1372" />
	<plugin fragment="true" id="org.eclipse.ecf.provider.jslp.nl_cs" unpack="false" version="3.5.0.v20090620043401" download-size="1371" install-size="1371" />
	<plugin fragment="true" id="org.eclipse.ecf.provider.msn.nl_cs" unpack="false" version="3.5.0.v20090620043401" download-size="2394" install-size="2394" />
	<plugin fragment="true" id="org.eclipse.ecf.provider.msn.ui.nl_cs" unpack="false" version="3.5.0.v20090620043401" download-size="2564" install-size="2564" />
	<plugin fragment="true" id="org.eclipse.ecf.provider.nl_cs" unpack="false" version="3.5.0.v20090620043401" download-size="2840" install-size="2840" />
	<plugin fragment="true" id="org.eclipse.ecf.provider.remoteservice.nl_cs" unpack="false" version="3.5.0.v20090620043401" download-size="1376" install-size="1376" />
	<plugin fragment="true" id="org.eclipse.ecf.provider.ui.nl_cs" unpack="false" version="3.5.0.v20090620043401" download-size="1370" install-size="1370" />
	<plugin fragment="true" id="org.eclipse.ecf.provider.xmpp.nl_cs" unpack="false" version="3.5.0.v20090620043401" download-size="1372" install-size="1372" />
	<plugin fragment="true" id="org.eclipse.ecf.provider.xmpp.ui.nl_cs" unpack="false" version="3.5.0.v20090620043401" download-size="2690" install-size="2690" />
	<plugin fragment="true" id="org.eclipse.ecf.remoteservice.nl_cs" unpack="false" version="3.5.0.v20090620043401" download-size="1371" install-size="1371" />
	<plugin fragment="true" id="org.eclipse.ecf.remoteservice.ui.nl_cs" unpack="false" version="3.5.0.v20090620043401" download-size="2460" install-size="2460" />
	<plugin fragment="true" id="org.eclipse.ecf.server.generic.nl_cs" unpack="false" version="3.5.0.v20090620043401" download-size="1371" install-size="1371" />
	<plugin fragment="true" id="org.eclipse.ecf.server.nl_cs" unpack="false" version="3.5.0.v20090620043401" download-size="1366" install-size="1366" />
	<plugin fragment="true" id="org.eclipse.ecf.sharedobject.nl_cs" unpack="false" version="3.5.0.v20090620043401" download-size="2421" install-size="2421" />
	<plugin fragment="true" id="org.eclipse.ecf.storage.nl_cs" unpack="false" version="3.5.0.v20090620043401" download-size="1367" install-size="1367" />
	<plugin fragment="true" id="org.eclipse.ecf.sync.nl_cs" unpack="false" version="3.5.0.v20090620043401" download-size="1365" install-size="1365" />
	<plugin fragment="true" id="org.eclipse.ecf.telephony.call.nl_cs" unpack="false" version="3.5.0.v20090620043401" download-size="1372" install-size="1372" />
	<plugin fragment="true" id="org.eclipse.ecf.telephony.call.ui.nl_cs" unpack="false" version="3.5.0.v20090620043401" download-size="1373" install-size="1373" />
	<plugin fragment="true" id="org.eclipse.ecf.ui.capabilities.nl_cs" unpack="false" version="3.5.0.v20090620043401" download-size="1372" install-size="1372" />
	<plugin fragment="true" id="org.eclipse.ecf.ui.nl_cs" unpack="false" version="3.5.0.v20090620043401" download-size="2413" install-size="2413" />
	<plugin fragment="true" id="org.eclipse.team.ecf.core.nl_cs" unpack="false" version="3.5.0.v20090620043401" download-size="1368" install-size="1368" />
	<plugin fragment="true" id="org.eclipse.team.ecf.ui.nl_cs" unpack="false" version="3.5.0.v20090620043401" download-size="2403" install-size="2403" />
	<plugin fragment="true" id="org.jivesoftware.smack.nl_cs" unpack="false" version="3.5.0.v20090620043401" download-size="1369" install-size="1369" />
</feature>