<?xml version="1.0" encoding="UTF-8" ?>
<feature
	id="org.eclipse.babel.nls_webtools.jeetools_en_AA"
	label="Babel Language Pack for webtools.jeetools in Pseudo Translations (100%)"
	image="eclipse_update_120.jpg"
	provider-name="%providerName"
	version="3.5.0.v20090620043401">
	<copyright>
		%copyright
	</copyright>
	<license url="%licenseURL">
		%license
	</license>
	<description>Babel Language Pack for webtools.jeetools in Pseudo Translations</description>
	<plugin fragment="true" id="org.eclipse.jem.beaninfo.nl_en_AA" unpack="false" version="3.5.0.v20090620043401" download-size="3221" install-size="3221" />
	<plugin fragment="true" id="org.eclipse.jem.beaninfo.vm.common.nl_en_AA" unpack="false" version="3.5.0.v20090620043401" download-size="1555" install-size="1555" />
	<plugin fragment="true" id="org.eclipse.jem.beaninfo.vm.nl_en_AA" unpack="false" version="3.5.0.v20090620043401" download-size="3203" install-size="3203" />
	<plugin fragment="true" id="org.eclipse.jem.nl_en_AA" unpack="false" version="3.5.0.v20090620043401" download-size="4049" install-size="4049" />
	<plugin fragment="true" id="org.eclipse.jem.proxy.nl_en_AA" unpack="false" version="3.5.0.v20090620043401" download-size="7245" install-size="7245" />
	<plugin fragment="true" id="org.eclipse.jem.tests.nl_en_AA" unpack="false" version="3.5.0.v20090620043401" download-size="1776" install-size="1776" />
	<plugin fragment="true" id="org.eclipse.jem.workbench.nl_en_AA" unpack="false" version="3.5.0.v20090620043401" download-size="2516" install-size="2516" />
	<plugin fragment="true" id="org.eclipse.jst.j2ee.core.nl_en_AA" unpack="false" version="3.5.0.v20090620043401" download-size="32935" install-size="32935" />
	<plugin fragment="true" id="org.eclipse.jst.j2ee.doc.user.nl_en_AA" unpack="false" version="3.5.0.v20090620043401" download-size="1435" install-size="1435" />
	<plugin fragment="true" id="org.eclipse.jst.j2ee.infopop.nl_en_AA" unpack="false" version="3.5.0.v20090620043401" download-size="1430" install-size="1430" />
	<plugin fragment="true" id="org.eclipse.jst.j2ee.jca.nl_en_AA" unpack="false" version="3.5.0.v20090620043401" download-size="2712" install-size="2712" />
	<plugin fragment="true" id="org.eclipse.jst.j2ee.jca.ui.nl_en_AA" unpack="false" version="3.5.0.v20090620043401" download-size="2137" install-size="2137" />
	<plugin fragment="true" id="org.eclipse.jst.j2ee.navigator.ui.nl_en_AA" unpack="false" version="3.5.0.v20090620043401" download-size="3624" install-size="3624" />
	<plugin fragment="true" id="org.eclipse.jst.j2ee.nl_en_AA" unpack="false" version="3.5.0.v20090620043401" download-size="31028" install-size="31028" />
	<plugin fragment="true" id="org.eclipse.jst.j2ee.ui.nl_en_AA" unpack="false" version="3.5.0.v20090620043401" download-size="19521" install-size="19521" />
	<plugin fragment="true" id="org.eclipse.jst.j2ee.web.nl_en_AA" unpack="false" version="3.5.0.v20090620043401" download-size="21567" install-size="21567" />
	<plugin fragment="true" id="org.eclipse.jst.j2ee.webservice.nl_en_AA" unpack="false" version="3.5.0.v20090620043401" download-size="2813" install-size="2813" />
	<plugin fragment="true" id="org.eclipse.jst.j2ee.webservice.ui.nl_en_AA" unpack="false" version="3.5.0.v20090620043401" download-size="2553" install-size="2553" />
	<plugin fragment="true" id="org.eclipse.jst.j2ee.xdoclet.runtime.nl_en_AA" unpack="false" version="3.5.0.v20090620043401" download-size="2444" install-size="2444" />
	<plugin fragment="true" id="org.eclipse.jst.jee.nl_en_AA" unpack="false" version="3.5.0.v20090620043401" download-size="1509" install-size="1509" />
	<plugin fragment="true" id="org.eclipse.jst.jee.ui.nl_en_AA" unpack="false" version="3.5.0.v20090620043401" download-size="4672" install-size="4672" />
	<plugin fragment="true" id="org.eclipse.jst.jee.web.nl_en_AA" unpack="false" version="3.5.0.v20090620043401" download-size="2447" install-size="2447" />
	<plugin fragment="true" id="org.eclipse.jst.servlet.ui.infopop.nl_en_AA" unpack="false" version="3.5.0.v20090620043401" download-size="1432" install-size="1432" />
	<plugin fragment="true" id="org.eclipse.jst.servlet.ui.nl_en_AA" unpack="false" version="3.5.0.v20090620043401" download-size="6658" install-size="6658" />
	<plugin fragment="true" id="org.eclipse.wst.web.ui.infopop.nl_en_AA" unpack="false" version="3.5.0.v20090620043401" download-size="1434" install-size="1434" />
</feature>