<?xml version="1.0" encoding="UTF-8" ?>
<feature
	id="org.eclipse.babel.nls_birt_sv"
	label="Babel Language Pack for birt in Swedish (70.31%)"
	image="eclipse_update_120.jpg"
	provider-name="%providerName"
	version="3.5.0.v20090620043401">
	<copyright>
		%copyright
	</copyright>
	<license url="%licenseURL">
		%license
	</license>
	<description>Babel Language Pack for birt in Swedish</description>
	<plugin fragment="true" id="org.eclipse.birt.chart.cshelp.nl_sv" unpack="false" version="3.5.0.v20090620043401" download-size="1502" install-size="1502" />
	<plugin fragment="true" id="org.eclipse.birt.chart.device.extension.nl_sv" unpack="false" version="3.5.0.v20090620043401" download-size="3572" install-size="3572" />
	<plugin fragment="true" id="org.eclipse.birt.chart.device.svg.nl_sv" unpack="false" version="3.5.0.v20090620043401" download-size="2912" install-size="2912" />
	<plugin fragment="true" id="org.eclipse.birt.chart.device.swt.nl_sv" unpack="false" version="3.5.0.v20090620043401" download-size="2941" install-size="2941" />
	<plugin fragment="true" id="org.eclipse.birt.chart.doc.isv.nl_sv" unpack="false" version="3.5.0.v20090620043401" download-size="1497" install-size="1497" />
	<plugin fragment="true" id="org.eclipse.birt.chart.engine.extension.nl_sv" unpack="false" version="3.5.0.v20090620043401" download-size="4385" install-size="4385" />
	<plugin fragment="true" id="org.eclipse.birt.chart.engine.nl_sv" unpack="false" version="3.5.0.v20090620043401" download-size="8380" install-size="8380" />
	<plugin fragment="true" id="org.eclipse.birt.chart.examples.nl_sv" unpack="false" version="3.5.0.v20090620043401" download-size="2489" install-size="2489" />
	<plugin fragment="true" id="org.eclipse.birt.chart.integration.wtp.ui.nl_sv" unpack="false" version="3.5.0.v20090620043401" download-size="2772" install-size="2772" />
	<plugin fragment="true" id="org.eclipse.birt.chart.reportitem.nl_sv" unpack="false" version="3.5.0.v20090620043401" download-size="3480" install-size="3480" />
	<plugin fragment="true" id="org.eclipse.birt.chart.reportitem.ui.nl_sv" unpack="false" version="3.5.0.v20090620043401" download-size="3962" install-size="3962" />
	<plugin fragment="true" id="org.eclipse.birt.chart.runtime.nl_sv" unpack="false" version="3.5.0.v20090620043401" download-size="1492" install-size="1492" />
	<plugin fragment="true" id="org.eclipse.birt.chart.ui.extension.nl_sv" unpack="false" version="3.5.0.v20090620043401" download-size="13115" install-size="13115" />
	<plugin fragment="true" id="org.eclipse.birt.chart.ui.nl_sv" unpack="false" version="3.5.0.v20090620043401" download-size="3733" install-size="3733" />
	<plugin fragment="true" id="org.eclipse.birt.core.nl_sv" unpack="false" version="3.5.0.v20090620043401" download-size="2125" install-size="2125" />
	<plugin fragment="true" id="org.eclipse.birt.core.script.function.nl_sv" unpack="false" version="3.5.0.v20090620043401" download-size="1435" install-size="1435" />
	<plugin fragment="true" id="org.eclipse.birt.core.ui.nl_sv" unpack="false" version="3.5.0.v20090620043401" download-size="2598" install-size="2598" />
	<plugin fragment="true" id="org.eclipse.birt.cshelp.nl_sv" unpack="false" version="3.5.0.v20090620043401" download-size="1492" install-size="1492" />
	<plugin fragment="true" id="org.eclipse.birt.data.aggregation.nl_sv" unpack="false" version="3.5.0.v20090620043401" download-size="2313" install-size="2313" />
	<plugin fragment="true" id="org.eclipse.birt.data.nl_sv" unpack="false" version="3.5.0.v20090620043401" download-size="7148" install-size="7148" />
	<plugin fragment="true" id="org.eclipse.birt.data.tests.nl_sv" unpack="false" version="3.5.0.v20090620043401" download-size="1385" install-size="1385" />
	<plugin fragment="true" id="org.eclipse.birt.doc.isv.nl_sv" unpack="false" version="3.5.0.v20090620043401" download-size="1489" install-size="1489" />
	<plugin fragment="true" id="org.eclipse.birt.doc.nl_sv" unpack="false" version="3.5.0.v20090620043401" download-size="1480" install-size="1480" />
	<plugin fragment="true" id="org.eclipse.birt.example.nl_sv" unpack="false" version="3.5.0.v20090620043401" download-size="1480" install-size="1480" />
	<plugin fragment="true" id="org.eclipse.birt.integration.wtp.ui.nl_sv" unpack="false" version="3.5.0.v20090620043401" download-size="2733" install-size="2733" />
	<plugin fragment="true" id="org.eclipse.birt.nl_sv" unpack="false" version="3.5.0.v20090620043401" download-size="1401" install-size="1401" />
	<plugin fragment="true" id="org.eclipse.birt.report.data.adapter.nl_sv" unpack="false" version="3.5.0.v20090620043401" download-size="2601" install-size="2601" />
	<plugin fragment="true" id="org.eclipse.birt.report.data.oda.jdbc.dbprofile.nl_sv" unpack="false" version="3.5.0.v20090620043401" download-size="1514" install-size="1514" />
	<plugin fragment="true" id="org.eclipse.birt.report.data.oda.jdbc.dbprofile.ui.nl_sv" unpack="false" version="3.5.0.v20090620043401" download-size="1409" install-size="1409" />
	<plugin fragment="true" id="org.eclipse.birt.report.data.oda.jdbc.nl_sv" unpack="false" version="3.5.0.v20090620043401" download-size="4263" install-size="4263" />
	<plugin fragment="true" id="org.eclipse.birt.report.data.oda.jdbc.ui.nl_sv" unpack="false" version="3.5.0.v20090620043401" download-size="5161" install-size="5161" />
	<plugin fragment="true" id="org.eclipse.birt.report.data.oda.sampledb.nl_sv" unpack="false" version="3.5.0.v20090620043401" download-size="1605" install-size="1605" />
	<plugin fragment="true" id="org.eclipse.birt.report.data.oda.sampledb.ui.nl_sv" unpack="false" version="3.5.0.v20090620043401" download-size="3375" install-size="3375" />
	<plugin fragment="true" id="org.eclipse.birt.report.data.oda.xml.nl_sv" unpack="false" version="3.5.0.v20090620043401" download-size="3017" install-size="3017" />
	<plugin fragment="true" id="org.eclipse.birt.report.data.oda.xml.ui.nl_sv" unpack="false" version="3.5.0.v20090620043401" download-size="1735" install-size="1735" />
	<plugin fragment="true" id="org.eclipse.birt.report.debug.core.nl_sv" unpack="false" version="3.5.0.v20090620043401" download-size="1505" install-size="1505" />
	<plugin fragment="true" id="org.eclipse.birt.report.debug.ui.nl_sv" unpack="false" version="3.5.0.v20090620043401" download-size="2752" install-size="2752" />
	<plugin fragment="true" id="org.eclipse.birt.report.designer.core.nl_sv" unpack="false" version="3.5.0.v20090620043401" download-size="32335" install-size="32335" />
	<plugin fragment="true" id="org.eclipse.birt.report.designer.nl_sv" unpack="false" version="3.5.0.v20090620043401" download-size="1492" install-size="1492" />
	<plugin fragment="true" id="org.eclipse.birt.report.designer.tests.nl_sv" unpack="false" version="3.5.0.v20090620043401" download-size="2625" install-size="2625" />
	<plugin fragment="true" id="org.eclipse.birt.report.designer.ui.cubebuilder.nl_sv" unpack="false" version="3.5.0.v20090620043401" download-size="3177" install-size="3177" />
	<plugin fragment="true" id="org.eclipse.birt.report.designer.ui.editor.script.nl_sv" unpack="false" version="3.5.0.v20090620043401" download-size="1408" install-size="1408" />
	<plugin fragment="true" id="org.eclipse.birt.report.designer.ui.editor.xml.wtp.nl_sv" unpack="false" version="3.5.0.v20090620043401" download-size="1771" install-size="1771" />
	<plugin fragment="true" id="org.eclipse.birt.report.designer.ui.editors.nl_sv" unpack="false" version="3.5.0.v20090620043401" download-size="1395" install-size="1395" />
	<plugin fragment="true" id="org.eclipse.birt.report.designer.ui.editors.schematic.nl_sv" unpack="false" version="3.5.0.v20090620043401" download-size="1520" install-size="1520" />
	<plugin fragment="true" id="org.eclipse.birt.report.designer.ui.ide.nl_sv" unpack="false" version="3.5.0.v20090620043401" download-size="1651" install-size="1651" />
	<plugin fragment="true" id="org.eclipse.birt.report.designer.ui.lib.explorer.nl_sv" unpack="false" version="3.5.0.v20090620043401" download-size="1397" install-size="1397" />
	<plugin fragment="true" id="org.eclipse.birt.report.designer.ui.lib.nl_sv" unpack="false" version="3.5.0.v20090620043401" download-size="1581" install-size="1581" />
	<plugin fragment="true" id="org.eclipse.birt.report.designer.ui.nl_sv" unpack="false" version="3.5.0.v20090620043401" download-size="1809" install-size="1809" />
	<plugin fragment="true" id="org.eclipse.birt.report.designer.ui.preview.nl_sv" unpack="false" version="3.5.0.v20090620043401" download-size="1472" install-size="1472" />
	<plugin fragment="true" id="org.eclipse.birt.report.designer.ui.preview.web.nl_sv" unpack="false" version="3.5.0.v20090620043401" download-size="1500" install-size="1500" />
	<plugin fragment="true" id="org.eclipse.birt.report.designer.ui.rcp.nl_sv" unpack="false" version="3.5.0.v20090620043401" download-size="3046" install-size="3046" />
	<plugin fragment="true" id="org.eclipse.birt.report.designer.ui.samples.ide.nl_sv" unpack="false" version="3.5.0.v20090620043401" download-size="3038" install-size="3038" />
	<plugin fragment="true" id="org.eclipse.birt.report.designer.ui.views.nl_sv" unpack="false" version="3.5.0.v20090620043401" download-size="1402" install-size="1402" />
	<plugin fragment="true" id="org.eclipse.birt.report.engine.emitter.config.html.nl_sv" unpack="false" version="3.5.0.v20090620043401" download-size="2787" install-size="2787" />
	<plugin fragment="true" id="org.eclipse.birt.report.engine.emitter.config.pdf.nl_sv" unpack="false" version="3.5.0.v20090620043401" download-size="2743" install-size="2743" />
	<plugin fragment="true" id="org.eclipse.birt.report.engine.nl_sv" unpack="false" version="3.5.0.v20090620043401" download-size="3098" install-size="3098" />
	<plugin fragment="true" id="org.eclipse.birt.report.item.crosstab.core.nl_sv" unpack="false" version="3.5.0.v20090620043401" download-size="3085" install-size="3085" />
	<plugin fragment="true" id="org.eclipse.birt.report.item.crosstab.ui.nl_sv" unpack="false" version="3.5.0.v20090620043401" download-size="4102" install-size="4102" />
	<plugin fragment="true" id="org.eclipse.birt.report.model.nl_sv" unpack="false" version="3.5.0.v20090620043401" download-size="33444" install-size="33444" />
	<plugin fragment="true" id="org.eclipse.birt.report.model.tests.nl_sv" unpack="false" version="3.5.0.v20090620043401" download-size="2314" install-size="2314" />
	<plugin fragment="true" id="org.eclipse.birt.report.runtime.nl_sv" unpack="false" version="3.5.0.v20090620043401" download-size="1491" install-size="1491" />
	<plugin fragment="true" id="org.eclipse.birt.report.viewer.nl_sv" unpack="false" version="3.5.0.v20090620043401" download-size="3478" install-size="3478" />
	<plugin fragment="true" id="org.eclipse.birt.resources.nl_sv" unpack="false" version="3.5.0.v20090620043401" download-size="1421" install-size="1421" />
	<plugin fragment="true" id="org.eclipse.birt.sdk.nl_sv" unpack="false" version="3.5.0.v20090620043401" download-size="1497" install-size="1497" />
	<plugin fragment="true" id="org.eclipse.birt.tests.data.nl_sv" unpack="false" version="3.5.0.v20090620043401" download-size="1385" install-size="1385" />
</feature>