<?xml version="1.0" encoding="UTF-8" ?>
<feature
	id="org.eclipse.babel.nls_tools.pdt_ja"
	label="Babel Language Pack for tools.pdt in Japanese (85.37%)"
	image="eclipse_update_120.jpg"
	provider-name="%providerName"
	version="3.5.0.v20090620043401">
	<copyright>
		%copyright
	</copyright>
	<license url="%licenseURL">
		%license
	</license>
	<description>Babel Language Pack for tools.pdt in Japanese</description>
	<plugin fragment="true" id="org.eclipse.dltk.core.tests.nl_ja" unpack="false" version="3.5.0.v20090620043401" download-size="1371" install-size="1371" />
	<plugin fragment="true" id="org.eclipse.php.core.nl_ja" unpack="false" version="3.5.0.v20090620043401" download-size="3682" install-size="3682" />
	<plugin fragment="true" id="org.eclipse.php.core.parser.nl_ja" unpack="false" version="3.5.0.v20090620043401" download-size="1371" install-size="1371" />
	<plugin fragment="true" id="org.eclipse.php.debug.core.nl_ja" unpack="false" version="3.5.0.v20090620043401" download-size="3522" install-size="3522" />
	<plugin fragment="true" id="org.eclipse.php.debug.ui.nl_ja" unpack="false" version="3.5.0.v20090620043401" download-size="5276" install-size="5276" />
	<plugin fragment="true" id="org.eclipse.php.nl_ja" unpack="false" version="3.5.0.v20090620043401" download-size="1481" install-size="1481" />
	<plugin fragment="true" id="org.eclipse.php.server.core.nl_ja" unpack="false" version="3.5.0.v20090620043401" download-size="2368" install-size="2368" />
	<plugin fragment="true" id="org.eclipse.php.server.ui.nl_ja" unpack="false" version="3.5.0.v20090620043401" download-size="2949" install-size="2949" />
	<plugin fragment="true" id="org.eclipse.php.test.nl_ja" unpack="false" version="3.5.0.v20090620043401" download-size="1367" install-size="1367" />
	<plugin fragment="true" id="org.eclipse.php.ui.nl_ja" unpack="false" version="3.5.0.v20090620043401" download-size="57769" install-size="57769" />
	<plugin fragment="true" id="org.eclipse.test.nl_ja" unpack="false" version="3.5.0.v20090620043401" download-size="1363" install-size="1363" />
</feature>