<?xml version="1.0" encoding="UTF-8" ?>
<feature
	id="org.eclipse.babel.nls_modeling.emf_pt"
	label="Babel Language Pack for modeling.emf in Portuguese (68.8%)"
	image="eclipse_update_120.jpg"
	provider-name="%providerName"
	version="3.5.0.v20090620043401">
	<copyright>
		%copyright
	</copyright>
	<license url="%licenseURL">
		%license
	</license>
	<description>Babel Language Pack for modeling.emf in Portuguese</description>
	<plugin fragment="true" id="library.ecore.nl_pt" unpack="false" version="3.5.0.v20090620043401" download-size="1369" install-size="1369" />
	<plugin fragment="true" id="library.java.nl_pt" unpack="false" version="3.5.0.v20090620043401" download-size="1369" install-size="1369" />
	<plugin fragment="true" id="library.rose.nl_pt" unpack="false" version="3.5.0.v20090620043401" download-size="1368" install-size="1368" />
	<plugin fragment="true" id="library.xsd.nl_pt" unpack="false" version="3.5.0.v20090620043401" download-size="1368" install-size="1368" />
	<plugin fragment="true" id="library.xsds.nl_pt" unpack="false" version="3.5.0.v20090620043401" download-size="1369" install-size="1369" />
	<plugin fragment="true" id="org.eclipse.emf.activities.nl_pt" unpack="false" version="3.5.0.v20090620043401" download-size="1413" install-size="1413" />
	<plugin fragment="true" id="org.eclipse.emf.ant.nl_pt" unpack="false" version="3.5.0.v20090620043401" download-size="1391" install-size="1391" />
	<plugin fragment="true" id="org.eclipse.emf.cdo.common.nl_pt" unpack="false" version="3.5.0.v20090620043401" download-size="1371" install-size="1371" />
	<plugin fragment="true" id="org.eclipse.emf.cdo.defs.nl_pt" unpack="false" version="3.5.0.v20090620043401" download-size="1370" install-size="1370" />
	<plugin fragment="true" id="org.eclipse.emf.cdo.doc.nl_pt" unpack="false" version="3.5.0.v20090620043401" download-size="1370" install-size="1370" />
	<plugin fragment="true" id="org.eclipse.emf.cdo.edit.nl_pt" unpack="false" version="3.5.0.v20090620043401" download-size="3560" install-size="3560" />
	<plugin fragment="true" id="org.eclipse.emf.cdo.examples.nl_pt" unpack="false" version="3.5.0.v20090620043401" download-size="1373" install-size="1373" />
	<plugin fragment="true" id="org.eclipse.emf.cdo.examples.spring.nl_pt" unpack="false" version="3.5.0.v20090620043401" download-size="1377" install-size="1377" />
	<plugin fragment="true" id="org.eclipse.emf.cdo.migrator.nl_pt" unpack="false" version="3.5.0.v20090620043401" download-size="2607" install-size="2607" />
	<plugin fragment="true" id="org.eclipse.emf.cdo.nl_pt" unpack="false" version="3.5.0.v20090620043401" download-size="2901" install-size="2901" />
	<plugin fragment="true" id="org.eclipse.emf.cdo.server.db.nl_pt" unpack="false" version="3.5.0.v20090620043401" download-size="1373" install-size="1373" />
	<plugin fragment="true" id="org.eclipse.emf.cdo.server.hibernate.id.nl_pt" unpack="false" version="3.5.0.v20090620043401" download-size="1380" install-size="1380" />
	<plugin fragment="true" id="org.eclipse.emf.cdo.server.hibernate.nl_pt" unpack="false" version="3.5.0.v20090620043401" download-size="1684" install-size="1684" />
	<plugin fragment="true" id="org.eclipse.emf.cdo.server.hibernate.teneo.nl_pt" unpack="false" version="3.5.0.v20090620043401" download-size="1383" install-size="1383" />
	<plugin fragment="true" id="org.eclipse.emf.cdo.server.nl_pt" unpack="false" version="3.5.0.v20090620043401" download-size="1372" install-size="1372" />
	<plugin fragment="true" id="org.eclipse.emf.cdo.tests.db.nl_pt" unpack="false" version="3.5.0.v20090620043401" download-size="1373" install-size="1373" />
	<plugin fragment="true" id="org.eclipse.emf.cdo.tests.hibernate.client.nl_pt" unpack="false" version="3.5.0.v20090620043401" download-size="1381" install-size="1381" />
	<plugin fragment="true" id="org.eclipse.emf.cdo.tests.hibernate.nl_pt" unpack="false" version="3.5.0.v20090620043401" download-size="1919" install-size="1919" />
	<plugin fragment="true" id="org.eclipse.emf.cdo.tests.mango.edit.nl_pt" unpack="false" version="3.5.0.v20090620043401" download-size="1661" install-size="1661" />
	<plugin fragment="true" id="org.eclipse.emf.cdo.tests.mango.nl_pt" unpack="false" version="3.5.0.v20090620043401" download-size="1374" install-size="1374" />
	<plugin fragment="true" id="org.eclipse.emf.cdo.tests.model1.edit.nl_pt" unpack="false" version="3.5.0.v20090620043401" download-size="1743" install-size="1743" />
	<plugin fragment="true" id="org.eclipse.emf.cdo.tests.model1.nl_pt" unpack="false" version="3.5.0.v20090620043401" download-size="1375" install-size="1375" />
	<plugin fragment="true" id="org.eclipse.emf.cdo.tests.model2.edit.nl_pt" unpack="false" version="3.5.0.v20090620043401" download-size="1659" install-size="1659" />
	<plugin fragment="true" id="org.eclipse.emf.cdo.tests.model2.nl_pt" unpack="false" version="3.5.0.v20090620043401" download-size="1375" install-size="1375" />
	<plugin fragment="true" id="org.eclipse.emf.cdo.tests.model3.edit.nl_pt" unpack="false" version="3.5.0.v20090620043401" download-size="1607" install-size="1607" />
	<plugin fragment="true" id="org.eclipse.emf.cdo.tests.model3.nl_pt" unpack="false" version="3.5.0.v20090620043401" download-size="1375" install-size="1375" />
	<plugin fragment="true" id="org.eclipse.emf.cdo.tests.model4.nl_pt" unpack="false" version="3.5.0.v20090620043401" download-size="1375" install-size="1375" />
	<plugin fragment="true" id="org.eclipse.emf.cdo.tests.model4interfaces.nl_pt" unpack="false" version="3.5.0.v20090620043401" download-size="1381" install-size="1381" />
	<plugin fragment="true" id="org.eclipse.emf.cdo.tests.model5.nl_pt" unpack="false" version="3.5.0.v20090620043401" download-size="1375" install-size="1375" />
	<plugin fragment="true" id="org.eclipse.emf.cdo.tests.nl_pt" unpack="false" version="3.5.0.v20090620043401" download-size="1371" install-size="1371" />
	<plugin fragment="true" id="org.eclipse.emf.cdo.ui.capabilities.nl_pt" unpack="false" version="3.5.0.v20090620043401" download-size="1376" install-size="1376" />
	<plugin fragment="true" id="org.eclipse.emf.cdo.ui.defs.nl_pt" unpack="false" version="3.5.0.v20090620043401" download-size="1372" install-size="1372" />
	<plugin fragment="true" id="org.eclipse.emf.cdo.ui.nl_pt" unpack="false" version="3.5.0.v20090620043401" download-size="4316" install-size="4316" />
	<plugin fragment="true" id="org.eclipse.emf.cheatsheets.nl_pt" unpack="false" version="3.5.0.v20090620043401" download-size="1372" install-size="1372" />
	<plugin fragment="true" id="org.eclipse.emf.codegen.ecore.nl_pt" unpack="false" version="3.5.0.v20090620043401" download-size="3017" install-size="3017" />
	<plugin fragment="true" id="org.eclipse.emf.codegen.ecore.ui.nl_pt" unpack="false" version="3.5.0.v20090620043401" download-size="6679" install-size="6679" />
	<plugin fragment="true" id="org.eclipse.emf.codegen.nl_pt" unpack="false" version="3.5.0.v20090620043401" download-size="2539" install-size="2539" />
	<plugin fragment="true" id="org.eclipse.emf.codegen.ui.nl_pt" unpack="false" version="3.5.0.v20090620043401" download-size="2029" install-size="2029" />
	<plugin fragment="true" id="org.eclipse.emf.common.nl_pt" unpack="false" version="3.5.0.v20090620043401" download-size="1993" install-size="1993" />
	<plugin fragment="true" id="org.eclipse.emf.common.ui.nl_pt" unpack="false" version="3.5.0.v20090620043401" download-size="2409" install-size="2409" />
	<plugin fragment="true" id="org.eclipse.emf.converter.nl_pt" unpack="false" version="3.5.0.v20090620043401" download-size="2328" install-size="2328" />
	<plugin fragment="true" id="org.eclipse.emf.databinding.edit.nl_pt" unpack="false" version="3.5.0.v20090620043401" download-size="1374" install-size="1374" />
	<plugin fragment="true" id="org.eclipse.emf.databinding.nl_pt" unpack="false" version="3.5.0.v20090620043401" download-size="1370" install-size="1370" />
	<plugin fragment="true" id="org.eclipse.emf.doc.nl_pt" unpack="false" version="3.5.0.v20090620043401" download-size="1645" install-size="1645" />
	<plugin fragment="true" id="org.eclipse.emf.ecore.change.edit.nl_pt" unpack="false" version="3.5.0.v20090620043401" download-size="1895" install-size="1895" />
	<plugin fragment="true" id="org.eclipse.emf.ecore.change.nl_pt" unpack="false" version="3.5.0.v20090620043401" download-size="1412" install-size="1412" />
	<plugin fragment="true" id="org.eclipse.emf.ecore.edit.nl_pt" unpack="false" version="3.5.0.v20090620043401" download-size="2829" install-size="2829" />
	<plugin fragment="true" id="org.eclipse.emf.ecore.editor.nl_pt" unpack="false" version="3.5.0.v20090620043401" download-size="2524" install-size="2524" />
	<plugin fragment="true" id="org.eclipse.emf.ecore.nl_pt" unpack="false" version="3.5.0.v20090620043401" download-size="2912" install-size="2912" />
	<plugin fragment="true" id="org.eclipse.emf.ecore.xmi.nl_pt" unpack="false" version="3.5.0.v20090620043401" download-size="1388" install-size="1388" />
	<plugin fragment="true" id="org.eclipse.emf.edit.nl_pt" unpack="false" version="3.5.0.v20090620043401" download-size="2468" install-size="2468" />
	<plugin fragment="true" id="org.eclipse.emf.edit.ui.nl_pt" unpack="false" version="3.5.0.v20090620043401" download-size="2472" install-size="2472" />
	<plugin fragment="true" id="org.eclipse.emf.example.installer.nl_pt" unpack="false" version="3.5.0.v20090620043401" download-size="1428" install-size="1428" />
	<plugin fragment="true" id="org.eclipse.emf.examples.databinding.project.core.model.nl_pt" unpack="false" version="3.5.0.v20090620043401" download-size="1398" install-size="1398" />
	<plugin fragment="true" id="org.eclipse.emf.examples.generator.validator.nl_pt" unpack="false" version="3.5.0.v20090620043401" download-size="1382" install-size="1382" />
	<plugin fragment="true" id="org.eclipse.emf.examples.jet.article2.nl_pt" unpack="false" version="3.5.0.v20090620043401" download-size="1559" install-size="1559" />
	<plugin fragment="true" id="org.eclipse.emf.examples.nl_pt" unpack="false" version="3.5.0.v20090620043401" download-size="1371" install-size="1371" />
	<plugin fragment="true" id="org.eclipse.emf.exporter.html.nl_pt" unpack="false" version="3.5.0.v20090620043401" download-size="1435" install-size="1435" />
	<plugin fragment="true" id="org.eclipse.emf.exporter.nl_pt" unpack="false" version="3.5.0.v20090620043401" download-size="1398" install-size="1398" />
	<plugin fragment="true" id="org.eclipse.emf.importer.ecore.nl_pt" unpack="false" version="3.5.0.v20090620043401" download-size="1677" install-size="1677" />
	<plugin fragment="true" id="org.eclipse.emf.importer.java.nl_pt" unpack="false" version="3.5.0.v20090620043401" download-size="1831" install-size="1831" />
	<plugin fragment="true" id="org.eclipse.emf.importer.nl_pt" unpack="false" version="3.5.0.v20090620043401" download-size="2278" install-size="2278" />
	<plugin fragment="true" id="org.eclipse.emf.importer.rose.nl_pt" unpack="false" version="3.5.0.v20090620043401" download-size="3140" install-size="3140" />
	<plugin fragment="true" id="org.eclipse.emf.java.edit.nl_pt" unpack="false" version="3.5.0.v20090620043401" download-size="2069" install-size="2069" />
	<plugin fragment="true" id="org.eclipse.emf.java.editor.nl_pt" unpack="false" version="3.5.0.v20090620043401" download-size="1963" install-size="1963" />
	<plugin fragment="true" id="org.eclipse.emf.java.nl_pt" unpack="false" version="3.5.0.v20090620043401" download-size="1368" install-size="1368" />
	<plugin fragment="true" id="org.eclipse.emf.mapping.ecore.editor.nl_pt" unpack="false" version="3.5.0.v20090620043401" download-size="1376" install-size="1376" />
	<plugin fragment="true" id="org.eclipse.emf.mapping.ecore.nl_pt" unpack="false" version="3.5.0.v20090620043401" download-size="1372" install-size="1372" />
	<plugin fragment="true" id="org.eclipse.emf.mapping.ecore2ecore.editor.nl_pt" unpack="false" version="3.5.0.v20090620043401" download-size="2418" install-size="2418" />
	<plugin fragment="true" id="org.eclipse.emf.mapping.ecore2ecore.nl_pt" unpack="false" version="3.5.0.v20090620043401" download-size="1518" install-size="1518" />
	<plugin fragment="true" id="org.eclipse.emf.mapping.ecore2xml.nl_pt" unpack="false" version="3.5.0.v20090620043401" download-size="1413" install-size="1413" />
	<plugin fragment="true" id="org.eclipse.emf.mapping.ecore2xml.ui.nl_pt" unpack="false" version="3.5.0.v20090620043401" download-size="2481" install-size="2481" />
	<plugin fragment="true" id="org.eclipse.emf.mapping.nl_pt" unpack="false" version="3.5.0.v20090620043401" download-size="2539" install-size="2539" />
	<plugin fragment="true" id="org.eclipse.emf.mapping.ui.nl_pt" unpack="false" version="3.5.0.v20090620043401" download-size="2318" install-size="2318" />
	<plugin fragment="true" id="org.eclipse.emf.mapping.xsd2ecore.editor.nl_pt" unpack="false" version="3.5.0.v20090620043401" download-size="2019" install-size="2019" />
	<plugin fragment="true" id="org.eclipse.emf.mapping.xsd2ecore.nl_pt" unpack="false" version="3.5.0.v20090620043401" download-size="1521" install-size="1521" />
	<plugin fragment="true" id="org.eclipse.emf.nl_pt" unpack="false" version="3.5.0.v20090620043401" download-size="1364" install-size="1364" />
	<plugin fragment="true" id="org.eclipse.emf.query.doc.nl_pt" unpack="false" version="3.5.0.v20090620043401" download-size="1692" install-size="1692" />
	<plugin fragment="true" id="org.eclipse.emf.query.examples.nl_pt" unpack="false" version="3.5.0.v20090620043401" download-size="1692" install-size="1692" />
	<plugin fragment="true" id="org.eclipse.emf.query.examples.ocl.nl_pt" unpack="false" version="3.5.0.v20090620043401" download-size="1382" install-size="1382" />
	<plugin fragment="true" id="org.eclipse.emf.query.examples.statements.nl_pt" unpack="false" version="3.5.0.v20090620043401" download-size="1385" install-size="1385" />
	<plugin fragment="true" id="org.eclipse.emf.query.nl_pt" unpack="false" version="3.5.0.v20090620043401" download-size="2691" install-size="2691" />
	<plugin fragment="true" id="org.eclipse.emf.query.ocl.nl_pt" unpack="false" version="3.5.0.v20090620043401" download-size="1688" install-size="1688" />
	<plugin fragment="true" id="org.eclipse.emf.query.ocl.tests.nl_pt" unpack="false" version="3.5.0.v20090620043401" download-size="1380" install-size="1380" />
	<plugin fragment="true" id="org.eclipse.emf.query.tests.nl_pt" unpack="false" version="3.5.0.v20090620043401" download-size="1377" install-size="1377" />
	<plugin fragment="true" id="org.eclipse.emf.test.build.nl_pt" unpack="false" version="3.5.0.v20090620043401" download-size="1371" install-size="1371" />
	<plugin fragment="true" id="org.eclipse.emf.test.common.nl_pt" unpack="false" version="3.5.0.v20090620043401" download-size="1775" install-size="1775" />
	<plugin fragment="true" id="org.eclipse.emf.test.core.nl_pt" unpack="false" version="3.5.0.v20090620043401" download-size="1370" install-size="1370" />
	<plugin fragment="true" id="org.eclipse.emf.test.edit.nl_pt" unpack="false" version="3.5.0.v20090620043401" download-size="2269" install-size="2269" />
	<plugin fragment="true" id="org.eclipse.emf.test.examples.nl_pt" unpack="false" version="3.5.0.v20090620043401" download-size="1373" install-size="1373" />
	<plugin fragment="true" id="org.eclipse.emf.test.tools.nl_pt" unpack="false" version="3.5.0.v20090620043401" download-size="1370" install-size="1370" />
	<plugin fragment="true" id="org.eclipse.emf.test.xml.nl_pt" unpack="false" version="3.5.0.v20090620043401" download-size="1370" install-size="1370" />
	<plugin fragment="true" id="org.eclipse.emf.tests.nl_pt" unpack="false" version="3.5.0.v20090620043401" download-size="1368" install-size="1368" />
	<plugin fragment="true" id="org.eclipse.emf.transaction.doc.nl_pt" unpack="false" version="3.5.0.v20090620043401" download-size="1717" install-size="1717" />
	<plugin fragment="true" id="org.eclipse.emf.transaction.examples.nl_pt" unpack="false" version="3.5.0.v20090620043401" download-size="1699" install-size="1699" />
	<plugin fragment="true" id="org.eclipse.emf.transaction.nl_pt" unpack="false" version="3.5.0.v20090620043401" download-size="3426" install-size="3426" />
	<plugin fragment="true" id="org.eclipse.emf.transaction.tests.nl_pt" unpack="false" version="3.5.0.v20090620043401" download-size="1380" install-size="1380" />
	<plugin fragment="true" id="org.eclipse.emf.transaction.ui.nl_pt" unpack="false" version="3.5.0.v20090620043401" download-size="2678" install-size="2678" />
	<plugin fragment="true" id="org.eclipse.emf.validation.doc.nl_pt" unpack="false" version="3.5.0.v20090620043401" download-size="1698" install-size="1698" />
	<plugin fragment="true" id="org.eclipse.emf.validation.examples.adapter.nl_pt" unpack="false" version="3.5.0.v20090620043401" download-size="1386" install-size="1386" />
	<plugin fragment="true" id="org.eclipse.emf.validation.examples.general.nl_pt" unpack="false" version="3.5.0.v20090620043401" download-size="3013" install-size="3013" />
	<plugin fragment="true" id="org.eclipse.emf.validation.examples.nl_pt" unpack="false" version="3.5.0.v20090620043401" download-size="1439" install-size="1439" />
	<plugin fragment="true" id="org.eclipse.emf.validation.examples.ocl.nl_pt" unpack="false" version="3.5.0.v20090620043401" download-size="1385" install-size="1385" />
	<plugin fragment="true" id="org.eclipse.emf.validation.nl_pt" unpack="false" version="3.5.0.v20090620043401" download-size="4820" install-size="4820" />
	<plugin fragment="true" id="org.eclipse.emf.validation.ocl.nl_pt" unpack="false" version="3.5.0.v20090620043401" download-size="1712" install-size="1712" />
	<plugin fragment="true" id="org.eclipse.emf.validation.tests.nl_pt" unpack="false" version="3.5.0.v20090620043401" download-size="1380" install-size="1380" />
	<plugin fragment="true" id="org.eclipse.emf.validation.ui.ide.nl_pt" unpack="false" version="3.5.0.v20090620043401" download-size="2865" install-size="2865" />
	<plugin fragment="true" id="org.eclipse.emf.validation.ui.nl_pt" unpack="false" version="3.5.0.v20090620043401" download-size="3436" install-size="3436" />
	<plugin fragment="true" id="org.eclipse.emf.workspace.doc.nl_pt" unpack="false" version="3.5.0.v20090620043401" download-size="1726" install-size="1726" />
	<plugin fragment="true" id="org.eclipse.emf.workspace.examples.library.editor.nl_pt" unpack="false" version="3.5.0.v20090620043401" download-size="2033" install-size="2033" />
	<plugin fragment="true" id="org.eclipse.emf.workspace.examples.nl_pt" unpack="false" version="3.5.0.v20090620043401" download-size="1382" install-size="1382" />
	<plugin fragment="true" id="org.eclipse.emf.workspace.nl_pt" unpack="false" version="3.5.0.v20090620043401" download-size="3266" install-size="3266" />
	<plugin fragment="true" id="org.eclipse.emf.workspace.tests.nl_pt" unpack="false" version="3.5.0.v20090620043401" download-size="1380" install-size="1380" />
	<plugin fragment="true" id="org.eclipse.emf.workspace.ui.nl_pt" unpack="false" version="3.5.0.v20090620043401" download-size="1439" install-size="1439" />
	<plugin fragment="true" id="org.eclipse.net4j.buddies.chat.nl_pt" unpack="false" version="3.5.0.v20090620043401" download-size="1375" install-size="1375" />
	<plugin fragment="true" id="org.eclipse.net4j.buddies.chat.ui.nl_pt" unpack="false" version="3.5.0.v20090620043401" download-size="1376" install-size="1376" />
	<plugin fragment="true" id="org.eclipse.net4j.buddies.common.nl_pt" unpack="false" version="3.5.0.v20090620043401" download-size="1375" install-size="1375" />
	<plugin fragment="true" id="org.eclipse.net4j.buddies.nl_pt" unpack="false" version="3.5.0.v20090620043401" download-size="1371" install-size="1371" />
	<plugin fragment="true" id="org.eclipse.net4j.buddies.server.nl_pt" unpack="false" version="3.5.0.v20090620043401" download-size="1376" install-size="1376" />
	<plugin fragment="true" id="org.eclipse.net4j.buddies.ui.nl_pt" unpack="false" version="3.5.0.v20090620043401" download-size="2680" install-size="2680" />
	<plugin fragment="true" id="org.eclipse.net4j.db.derby.nl_pt" unpack="false" version="3.5.0.v20090620043401" download-size="1372" install-size="1372" />
	<plugin fragment="true" id="org.eclipse.net4j.db.hsqldb.nl_pt" unpack="false" version="3.5.0.v20090620043401" download-size="1374" install-size="1374" />
	<plugin fragment="true" id="org.eclipse.net4j.db.mysql.nl_pt" unpack="false" version="3.5.0.v20090620043401" download-size="1373" install-size="1373" />
	<plugin fragment="true" id="org.eclipse.net4j.db.nl_pt" unpack="false" version="3.5.0.v20090620043401" download-size="1368" install-size="1368" />
	<plugin fragment="true" id="org.eclipse.net4j.db.postgresql.nl_pt" unpack="false" version="3.5.0.v20090620043401" download-size="1375" install-size="1375" />
	<plugin fragment="true" id="org.eclipse.net4j.debug.nl_pt" unpack="false" version="3.5.0.v20090620043401" download-size="2455" install-size="2455" />
	<plugin fragment="true" id="org.eclipse.net4j.defs.nl_pt" unpack="false" version="3.5.0.v20090620043401" download-size="1369" install-size="1369" />
	<plugin fragment="true" id="org.eclipse.net4j.doc.nl_pt" unpack="false" version="3.5.0.v20090620043401" download-size="1369" install-size="1369" />
	<plugin fragment="true" id="org.eclipse.net4j.examples.nl_pt" unpack="false" version="3.5.0.v20090620043401" download-size="1372" install-size="1372" />
	<plugin fragment="true" id="org.eclipse.net4j.http.common.nl_pt" unpack="false" version="3.5.0.v20090620043401" download-size="1373" install-size="1373" />
	<plugin fragment="true" id="org.eclipse.net4j.http.nl_pt" unpack="false" version="3.5.0.v20090620043401" download-size="1369" install-size="1369" />
	<plugin fragment="true" id="org.eclipse.net4j.http.server.nl_pt" unpack="false" version="3.5.0.v20090620043401" download-size="1373" install-size="1373" />
	<plugin fragment="true" id="org.eclipse.net4j.http.tests.nl_pt" unpack="false" version="3.5.0.v20090620043401" download-size="1372" install-size="1372" />
	<plugin fragment="true" id="org.eclipse.net4j.jms.admin.nl_pt" unpack="false" version="3.5.0.v20090620043401" download-size="1373" install-size="1373" />
	<plugin fragment="true" id="org.eclipse.net4j.jms.api.nl_pt" unpack="false" version="3.5.0.v20090620043401" download-size="1371" install-size="1371" />
	<plugin fragment="true" id="org.eclipse.net4j.jms.nl_pt" unpack="false" version="3.5.0.v20090620043401" download-size="1369" install-size="1369" />
	<plugin fragment="true" id="org.eclipse.net4j.jms.server.jdbc.nl_pt" unpack="false" version="3.5.0.v20090620043401" download-size="1377" install-size="1377" />
	<plugin fragment="true" id="org.eclipse.net4j.jms.server.nl_pt" unpack="false" version="3.5.0.v20090620043401" download-size="1373" install-size="1373" />
	<plugin fragment="true" id="org.eclipse.net4j.jms.tests.nl_pt" unpack="false" version="3.5.0.v20090620043401" download-size="1372" install-size="1372" />
	<plugin fragment="true" id="org.eclipse.net4j.jvm.nl_pt" unpack="false" version="3.5.0.v20090620043401" download-size="1369" install-size="1369" />
	<plugin fragment="true" id="org.eclipse.net4j.nl_pt" unpack="false" version="3.5.0.v20090620043401" download-size="1366" install-size="1366" />
	<plugin fragment="true" id="org.eclipse.net4j.tcp.nl_pt" unpack="false" version="3.5.0.v20090620043401" download-size="1368" install-size="1368" />
	<plugin fragment="true" id="org.eclipse.net4j.tests.nl_pt" unpack="false" version="3.5.0.v20090620043401" download-size="1369" install-size="1369" />
	<plugin fragment="true" id="org.eclipse.net4j.ui.capabilities.nl_pt" unpack="false" version="3.5.0.v20090620043401" download-size="1376" install-size="1376" />
	<plugin fragment="true" id="org.eclipse.net4j.ui.defs.nl_pt" unpack="false" version="3.5.0.v20090620043401" download-size="1371" install-size="1371" />
	<plugin fragment="true" id="org.eclipse.net4j.ui.nl_pt" unpack="false" version="3.5.0.v20090620043401" download-size="2396" install-size="2396" />
	<plugin fragment="true" id="org.eclipse.net4j.util.defs.nl_pt" unpack="false" version="3.5.0.v20090620043401" download-size="1373" install-size="1373" />
	<plugin fragment="true" id="org.eclipse.net4j.util.nl_pt" unpack="false" version="3.5.0.v20090620043401" download-size="1369" install-size="1369" />
	<plugin fragment="true" id="org.eclipse.net4j.util.ui.nl_pt" unpack="false" version="3.5.0.v20090620043401" download-size="7831" install-size="7831" />
	<plugin fragment="true" id="org.eclipse.xsd.cheatsheets.nl_pt" unpack="false" version="3.5.0.v20090620043401" download-size="1373" install-size="1373" />
	<plugin fragment="true" id="org.eclipse.xsd.doc.nl_pt" unpack="false" version="3.5.0.v20090620043401" download-size="1673" install-size="1673" />
	<plugin fragment="true" id="org.eclipse.xsd.ecore.converter.nl_pt" unpack="false" version="3.5.0.v20090620043401" download-size="1374" install-size="1374" />
	<plugin fragment="true" id="org.eclipse.xsd.ecore.exporter.nl_pt" unpack="false" version="3.5.0.v20090620043401" download-size="1562" install-size="1562" />
	<plugin fragment="true" id="org.eclipse.xsd.ecore.importer.nl_pt" unpack="false" version="3.5.0.v20090620043401" download-size="1721" install-size="1721" />
	<plugin fragment="true" id="org.eclipse.xsd.edit.nl_pt" unpack="false" version="3.5.0.v20090620043401" download-size="5001" install-size="5001" />
	<plugin fragment="true" id="org.eclipse.xsd.editor.nl_pt" unpack="false" version="3.5.0.v20090620043401" download-size="2245" install-size="2245" />
	<plugin fragment="true" id="org.eclipse.xsd.example.installer.nl_pt" unpack="false" version="3.5.0.v20090620043401" download-size="1376" install-size="1376" />
	<plugin fragment="true" id="org.eclipse.xsd.example.nl_pt" unpack="false" version="3.5.0.v20090620043401" download-size="1370" install-size="1370" />
	<plugin fragment="true" id="org.eclipse.xsd.mapping.editor.nl_pt" unpack="false" version="3.5.0.v20090620043401" download-size="1373" install-size="1373" />
	<plugin fragment="true" id="org.eclipse.xsd.mapping.nl_pt" unpack="false" version="3.5.0.v20090620043401" download-size="1370" install-size="1370" />
	<plugin fragment="true" id="org.eclipse.xsd.nl_pt" unpack="false" version="3.5.0.v20090620043401" download-size="1530" install-size="1530" />
</feature>