<?xml version="1.0" encoding="UTF-8" ?>
<feature
	id="org.eclipse.babel.nls_webtools.ejbtools_nl"
	label="Babel Language Pack for webtools.ejbtools in Dutch (96.28%)"
	image="eclipse_update_120.jpg"
	provider-name="%providerName"
	version="3.5.0.v20090620043401">
	<copyright>
		%copyright
	</copyright>
	<license url="%licenseURL">
		%license
	</license>
	<description>Babel Language Pack for webtools.ejbtools in Dutch</description>
	<plugin fragment="true" id="org.eclipse.jst.ejb.doc.user.nl_nl" unpack="false" version="3.5.0.v20090620043401" download-size="1371" install-size="1371" />
	<plugin fragment="true" id="org.eclipse.jst.ejb.ui.infopop.nl_nl" unpack="false" version="3.5.0.v20090620043401" download-size="1372" install-size="1372" />
	<plugin fragment="true" id="org.eclipse.jst.ejb.ui.nl_nl" unpack="false" version="3.5.0.v20090620043401" download-size="3635" install-size="3635" />
	<plugin fragment="true" id="org.eclipse.jst.j2ee.ejb.annotation.model.nl_nl" unpack="false" version="3.5.0.v20090620043401" download-size="3570" install-size="3570" />
	<plugin fragment="true" id="org.eclipse.jst.j2ee.ejb.annotations.emitter.nl_nl" unpack="false" version="3.5.0.v20090620043401" download-size="1383" install-size="1383" />
	<plugin fragment="true" id="org.eclipse.jst.j2ee.ejb.annotations.ui.nl_nl" unpack="false" version="3.5.0.v20090620043401" download-size="3819" install-size="3819" />
	<plugin fragment="true" id="org.eclipse.jst.j2ee.ejb.annotations.xdoclet.nl_nl" unpack="false" version="3.5.0.v20090620043401" download-size="3517" install-size="3517" />
	<plugin fragment="true" id="org.eclipse.jst.j2ee.ejb.nl_nl" unpack="false" version="3.5.0.v20090620043401" download-size="24568" install-size="24568" />
	<plugin fragment="true" id="org.eclipse.jst.jee.ejb.nl_nl" unpack="false" version="3.5.0.v20090620043401" download-size="1370" install-size="1370" />
</feature>