<?xml version="1.0" encoding="UTF-8" ?>
<feature
	id="org.eclipse.babel.nls_webtools.webservices_ja"
	label="Babel Language Pack for webtools.webservices in Japanese (93.23%)"
	image="eclipse_update_120.jpg"
	provider-name="%providerName"
	version="3.5.0.v20090620043401">
	<copyright>
		%copyright
	</copyright>
	<license url="%licenseURL">
		%license
	</license>
	<description>Babel Language Pack for webtools.webservices in Japanese</description>
	<plugin fragment="true" id="org.eclipse.jst.ws.axis.consumption.core.nl_ja" unpack="false" version="3.5.0.v20090620043401" download-size="4469" install-size="4469" />
	<plugin fragment="true" id="org.eclipse.jst.ws.axis.consumption.ui.nl_ja" unpack="false" version="3.5.0.v20090620043401" download-size="5109" install-size="5109" />
	<plugin fragment="true" id="org.eclipse.jst.ws.axis.creation.ui.nl_ja" unpack="false" version="3.5.0.v20090620043401" download-size="4254" install-size="4254" />
	<plugin fragment="true" id="org.eclipse.jst.ws.axis2.consumption.core.nl_ja" unpack="false" version="3.5.0.v20090620043401" download-size="3326" install-size="3326" />
	<plugin fragment="true" id="org.eclipse.jst.ws.axis2.consumption.ui.nl_ja" unpack="false" version="3.5.0.v20090620043401" download-size="1546" install-size="1546" />
	<plugin fragment="true" id="org.eclipse.jst.ws.axis2.core.nl_ja" unpack="false" version="3.5.0.v20090620043401" download-size="3836" install-size="3836" />
	<plugin fragment="true" id="org.eclipse.jst.ws.axis2.creation.core.nl_ja" unpack="false" version="3.5.0.v20090620043401" download-size="3452" install-size="3452" />
	<plugin fragment="true" id="org.eclipse.jst.ws.axis2.creation.ui.nl_ja" unpack="false" version="3.5.0.v20090620043401" download-size="1465" install-size="1465" />
	<plugin fragment="true" id="org.eclipse.jst.ws.axis2.ui.doc.user.nl_ja" unpack="false" version="3.5.0.v20090620043401" download-size="1378" install-size="1378" />
	<plugin fragment="true" id="org.eclipse.jst.ws.axis2.ui.nl_ja" unpack="false" version="3.5.0.v20090620043401" download-size="1424" install-size="1424" />
	<plugin fragment="true" id="org.eclipse.jst.ws.consumption.nl_ja" unpack="false" version="3.5.0.v20090620043401" download-size="5307" install-size="5307" />
	<plugin fragment="true" id="org.eclipse.jst.ws.consumption.ui.nl_ja" unpack="false" version="3.5.0.v20090620043401" download-size="11471" install-size="11471" />
	<plugin fragment="true" id="org.eclipse.jst.ws.creation.ejb.ui.nl_ja" unpack="false" version="3.5.0.v20090620043401" download-size="1536" install-size="1536" />
	<plugin fragment="true" id="org.eclipse.jst.ws.creation.ui.nl_ja" unpack="false" version="3.5.0.v20090620043401" download-size="3138" install-size="3138" />
	<plugin fragment="true" id="org.eclipse.jst.ws.nl_ja" unpack="false" version="3.5.0.v20090620043401" download-size="4027" install-size="4027" />
	<plugin fragment="true" id="org.eclipse.jst.ws.uddiregistry.nl_ja" unpack="false" version="3.5.0.v20090620043401" download-size="2982" install-size="2982" />
	<plugin fragment="true" id="org.eclipse.jst.ws.ui.nl_ja" unpack="false" version="3.5.0.v20090620043401" download-size="3859" install-size="3859" />
	<plugin fragment="true" id="org.eclipse.wst.command.env.core.nl_ja" unpack="false" version="3.5.0.v20090620043401" download-size="2726" install-size="2726" />
	<plugin fragment="true" id="org.eclipse.wst.command.env.nl_ja" unpack="false" version="3.5.0.v20090620043401" download-size="5258" install-size="5258" />
	<plugin fragment="true" id="org.eclipse.wst.command.env.ui.nl_ja" unpack="false" version="3.5.0.v20090620043401" download-size="3482" install-size="3482" />
	<plugin fragment="true" id="org.eclipse.wst.ws.explorer.nl_ja" unpack="false" version="3.5.0.v20090620043401" download-size="19434" install-size="19434" />
	<plugin fragment="true" id="org.eclipse.wst.ws.nl_ja" unpack="false" version="3.5.0.v20090620043401" download-size="3129" install-size="3129" />
	<plugin fragment="true" id="org.eclipse.wst.ws.parser.nl_ja" unpack="false" version="3.5.0.v20090620043401" download-size="3407" install-size="3407" />
	<plugin fragment="true" id="org.eclipse.wst.ws.service.policy.nl_ja" unpack="false" version="3.5.0.v20090620043401" download-size="1552" install-size="1552" />
	<plugin fragment="true" id="org.eclipse.wst.ws.service.policy.ui.nl_ja" unpack="false" version="3.5.0.v20090620043401" download-size="3157" install-size="3157" />
	<plugin fragment="true" id="org.eclipse.wst.ws.ui.nl_ja" unpack="false" version="3.5.0.v20090620043401" download-size="3451" install-size="3451" />
	<plugin fragment="true" id="org.eclipse.wst.wsdl.nl_ja" unpack="false" version="3.5.0.v20090620043401" download-size="1366" install-size="1366" />
	<plugin fragment="true" id="org.eclipse.wst.wsdl.ui.nl_ja" unpack="false" version="3.5.0.v20090620043401" download-size="7092" install-size="7092" />
	<plugin fragment="true" id="org.eclipse.wst.wsdl.validation.nl_ja" unpack="false" version="3.5.0.v20090620043401" download-size="8798" install-size="8798" />
	<plugin fragment="true" id="org.eclipse.wst.wsi.nl_ja" unpack="false" version="3.5.0.v20090620043401" download-size="5472" install-size="5472" />
	<plugin fragment="true" id="org.eclipse.wst.wsi.ui.nl_ja" unpack="false" version="3.5.0.v20090620043401" download-size="4265" install-size="4265" />
</feature>