<?xml version="1.0" encoding="UTF-8" ?>
<feature
	id="org.eclipse.babel.nls_webtools.servertools_cs"
	label="Babel Language Pack for webtools.servertools in Czech (72%)"
	image="eclipse_update_120.jpg"
	provider-name="%providerName"
	version="3.5.0.v20090620043401">
	<copyright>
		%copyright
	</copyright>
	<license url="%licenseURL">
		%license
	</license>
	<description>Babel Language Pack for webtools.servertools in Czech</description>
	<plugin fragment="true" id="org.apache.cactus.nl_cs" unpack="false" version="3.5.0.v20090620043401" download-size="1369" install-size="1369" />
	<plugin fragment="true" id="org.eclipse.jst.server.core.nl_cs" unpack="false" version="3.5.0.v20090620043401" download-size="3327" install-size="3327" />
	<plugin fragment="true" id="org.eclipse.jst.server.generic.core.nl_cs" unpack="false" version="3.5.0.v20090620043401" download-size="3513" install-size="3513" />
	<plugin fragment="true" id="org.eclipse.jst.server.generic.jboss.nl_cs" unpack="false" version="3.5.0.v20090620043401" download-size="1751" install-size="1751" />
	<plugin fragment="true" id="org.eclipse.jst.server.generic.jonas.nl_cs" unpack="false" version="3.5.0.v20090620043401" download-size="1787" install-size="1787" />
	<plugin fragment="true" id="org.eclipse.jst.server.generic.oc4j.nl_cs" unpack="false" version="3.5.0.v20090620043401" download-size="1925" install-size="1925" />
	<plugin fragment="true" id="org.eclipse.jst.server.generic.ui.nl_cs" unpack="false" version="3.5.0.v20090620043401" download-size="3009" install-size="3009" />
	<plugin fragment="true" id="org.eclipse.jst.server.installable.nl_cs" unpack="false" version="3.5.0.v20090620043401" download-size="1427" install-size="1427" />
	<plugin fragment="true" id="org.eclipse.jst.server.preview.adapter.nl_cs" unpack="false" version="3.5.0.v20090620043401" download-size="2792" install-size="2792" />
	<plugin fragment="true" id="org.eclipse.jst.server.tomcat.core.nl_cs" unpack="false" version="3.5.0.v20090620043401" download-size="4841" install-size="4841" />
	<plugin fragment="true" id="org.eclipse.jst.server.tomcat.ui.nl_cs" unpack="false" version="3.5.0.v20090620043401" download-size="3465" install-size="3465" />
	<plugin fragment="true" id="org.eclipse.jst.server.ui.doc.user.nl_cs" unpack="false" version="3.5.0.v20090620043401" download-size="1375" install-size="1375" />
	<plugin fragment="true" id="org.eclipse.jst.server.ui.infopop.nl_cs" unpack="false" version="3.5.0.v20090620043401" download-size="1412" install-size="1412" />
	<plugin fragment="true" id="org.eclipse.jst.server.ui.nl_cs" unpack="false" version="3.5.0.v20090620043401" download-size="2864" install-size="2864" />
	<plugin fragment="true" id="org.eclipse.jst.server.websphere.core.nl_cs" unpack="false" version="3.5.0.v20090620043401" download-size="1672" install-size="1672" />
	<plugin fragment="true" id="org.eclipse.servertools.doc.isv.nl_cs" unpack="false" version="3.5.0.v20090620043401" download-size="1371" install-size="1371" />
	<plugin fragment="true" id="org.eclipse.wst.internet.monitor.core.nl_cs" unpack="false" version="3.5.0.v20090620043401" download-size="2913" install-size="2913" />
	<plugin fragment="true" id="org.eclipse.wst.internet.monitor.ui.nl_cs" unpack="false" version="3.5.0.v20090620043401" download-size="3379" install-size="3379" />
	<plugin fragment="true" id="org.eclipse.wst.server.core.nl_cs" unpack="false" version="3.5.0.v20090620043401" download-size="3779" install-size="3779" />
	<plugin fragment="true" id="org.eclipse.wst.server.discovery.nl_cs" unpack="false" version="3.5.0.v20090620043401" download-size="2625" install-size="2625" />
	<plugin fragment="true" id="org.eclipse.wst.server.http.core.nl_cs" unpack="false" version="3.5.0.v20090620043401" download-size="2722" install-size="2722" />
	<plugin fragment="true" id="org.eclipse.wst.server.http.ui.nl_cs" unpack="false" version="3.5.0.v20090620043401" download-size="2581" install-size="2581" />
	<plugin fragment="true" id="org.eclipse.wst.server.preview.adapter.nl_cs" unpack="false" version="3.5.0.v20090620043401" download-size="2960" install-size="2960" />
	<plugin fragment="true" id="org.eclipse.wst.server.preview.nl_cs" unpack="false" version="3.5.0.v20090620043401" download-size="2788" install-size="2788" />
	<plugin fragment="true" id="org.eclipse.wst.server.ui.doc.user.nl_cs" unpack="false" version="3.5.0.v20090620043401" download-size="1393" install-size="1393" />
	<plugin fragment="true" id="org.eclipse.wst.server.ui.infopop.nl_cs" unpack="false" version="3.5.0.v20090620043401" download-size="1409" install-size="1409" />
	<plugin fragment="true" id="org.eclipse.wst.server.ui.nl_cs" unpack="false" version="3.5.0.v20090620043401" download-size="7214" install-size="7214" />
</feature>