<?xml version="1.0" encoding="UTF-8" ?>
<feature
	id="org.eclipse.babel.nls_rt.equinox_pt_BR"
	label="Babel Language Pack for rt.equinox in Portuguese (Brazilian) (33.12%)"
	image="eclipse_update_120.jpg"
	provider-name="%providerName"
	version="3.5.0.v20090620043401">
	<copyright>
		%copyright
	</copyright>
	<license url="%licenseURL">
		%license
	</license>
	<description>Babel Language Pack for rt.equinox in Portuguese (Brazilian)</description>
	<plugin fragment="true" id="org.eclipse.core.resources.jmx.nl_pt_BR" unpack="false" version="3.5.0.v20090620043401" download-size="2250" install-size="2250" />
	<plugin fragment="true" id="org.eclipse.equinox.frameworkadmin.equinox.nl_pt_BR" unpack="false" version="3.5.0.v20090620043401" download-size="1400" install-size="1400" />
	<plugin fragment="true" id="org.eclipse.equinox.frameworkadmin.nl_pt_BR" unpack="false" version="3.5.0.v20090620043401" download-size="1399" install-size="1399" />
	<plugin fragment="true" id="org.eclipse.equinox.initializer.nl_pt_BR" unpack="false" version="3.5.0.v20090620043401" download-size="1401" install-size="1401" />
	<plugin fragment="true" id="org.eclipse.equinox.jmx.client.nl_pt_BR" unpack="false" version="3.5.0.v20090620043401" download-size="4692" install-size="4692" />
	<plugin fragment="true" id="org.eclipse.equinox.jmx.common.nl_pt_BR" unpack="false" version="3.5.0.v20090620043401" download-size="2300" install-size="2300" />
	<plugin fragment="true" id="org.eclipse.equinox.jmx.server.nl_pt_BR" unpack="false" version="3.5.0.v20090620043401" download-size="2968" install-size="2968" />
	<plugin fragment="true" id="org.eclipse.equinox.jmx.vm.nl_pt_BR" unpack="false" version="3.5.0.v20090620043401" download-size="2457" install-size="2457" />
	<plugin fragment="true" id="org.eclipse.equinox.p2.artifact.repository.nl_pt_BR" unpack="false" version="3.5.0.v20090620043401" download-size="2701" install-size="2701" />
	<plugin fragment="true" id="org.eclipse.equinox.p2.console.nl_pt_BR" unpack="false" version="3.5.0.v20090620043401" download-size="1392" install-size="1392" />
	<plugin fragment="true" id="org.eclipse.equinox.p2.core.nl_pt_BR" unpack="false" version="3.5.0.v20090620043401" download-size="1391" install-size="1391" />
	<plugin fragment="true" id="org.eclipse.equinox.p2.director.app.nl_pt_BR" unpack="false" version="3.5.0.v20090620043401" download-size="1399" install-size="1399" />
	<plugin fragment="true" id="org.eclipse.equinox.p2.director.nl_pt_BR" unpack="false" version="3.5.0.v20090620043401" download-size="2447" install-size="2447" />
	<plugin fragment="true" id="org.eclipse.equinox.p2.directorywatcher.nl_pt_BR" unpack="false" version="3.5.0.v20090620043401" download-size="1403" install-size="1403" />
	<plugin fragment="true" id="org.eclipse.equinox.p2.engine.nl_pt_BR" unpack="false" version="3.5.0.v20090620043401" download-size="2890" install-size="2890" />
	<plugin fragment="true" id="org.eclipse.equinox.p2.exemplarysetup.nl_pt_BR" unpack="false" version="3.5.0.v20090620043401" download-size="1398" install-size="1398" />
	<plugin fragment="true" id="org.eclipse.equinox.p2.extensionlocation.nl_pt_BR" unpack="false" version="3.5.0.v20090620043401" download-size="1402" install-size="1402" />
	<plugin fragment="true" id="org.eclipse.equinox.p2.garbagecollector.nl_pt_BR" unpack="false" version="3.5.0.v20090620043401" download-size="1403" install-size="1403" />
	<plugin fragment="true" id="org.eclipse.equinox.p2.installer.nl_pt_BR" unpack="false" version="3.5.0.v20090620043401" download-size="2800" install-size="2800" />
	<plugin fragment="true" id="org.eclipse.equinox.p2.jarprocessor.nl_pt_BR" unpack="false" version="3.5.0.v20090620043401" download-size="1400" install-size="1400" />
	<plugin fragment="true" id="org.eclipse.equinox.p2.metadata.generator.nl_pt_BR" unpack="false" version="3.5.0.v20090620043401" download-size="3801" install-size="3801" />
	<plugin fragment="true" id="org.eclipse.equinox.p2.metadata.nl_pt_BR" unpack="false" version="3.5.0.v20090620043401" download-size="1394" install-size="1394" />
	<plugin fragment="true" id="org.eclipse.equinox.p2.metadata.repository.nl_pt_BR" unpack="false" version="3.5.0.v20090620043401" download-size="2719" install-size="2719" />
	<plugin fragment="true" id="org.eclipse.equinox.p2.publisher.nl_pt_BR" unpack="false" version="3.5.0.v20090620043401" download-size="2468" install-size="2468" />
	<plugin fragment="true" id="org.eclipse.equinox.p2.reconciler.dropins.nl_pt_BR" unpack="false" version="3.5.0.v20090620043401" download-size="1403" install-size="1403" />
	<plugin fragment="true" id="org.eclipse.equinox.p2.repository.nl_pt_BR" unpack="false" version="3.5.0.v20090620043401" download-size="3027" install-size="3027" />
	<plugin fragment="true" id="org.eclipse.equinox.p2.repository.tools.nl_pt_BR" unpack="false" version="3.5.0.v20090620043401" download-size="3452" install-size="3452" />
	<plugin fragment="true" id="org.eclipse.equinox.p2.selfhosting.nl_pt_BR" unpack="false" version="3.5.0.v20090620043401" download-size="1395" install-size="1395" />
	<plugin fragment="true" id="org.eclipse.equinox.p2.tests.nl_pt_BR" unpack="false" version="3.5.0.v20090620043401" download-size="1868" install-size="1868" />
	<plugin fragment="true" id="org.eclipse.equinox.p2.tests.ui.nl_pt_BR" unpack="false" version="3.5.0.v20090620043401" download-size="1393" install-size="1393" />
	<plugin fragment="true" id="org.eclipse.equinox.p2.tools.nl_pt_BR" unpack="false" version="3.5.0.v20090620043401" download-size="1391" install-size="1391" />
	<plugin fragment="true" id="org.eclipse.equinox.p2.touchpoint.eclipse.nl_pt_BR" unpack="false" version="3.5.0.v20090620043401" download-size="1400" install-size="1400" />
	<plugin fragment="true" id="org.eclipse.equinox.p2.touchpoint.natives.nl_pt_BR" unpack="false" version="3.5.0.v20090620043401" download-size="2644" install-size="2644" />
	<plugin fragment="true" id="org.eclipse.equinox.p2.ui.admin.nl_pt_BR" unpack="false" version="3.5.0.v20090620043401" download-size="2826" install-size="2826" />
	<plugin fragment="true" id="org.eclipse.equinox.p2.ui.admin.rcp.nl_pt_BR" unpack="false" version="3.5.0.v20090620043401" download-size="2804" install-size="2804" />
	<plugin fragment="true" id="org.eclipse.equinox.p2.ui.nl_pt_BR" unpack="false" version="3.5.0.v20090620043401" download-size="3320" install-size="3320" />
	<plugin fragment="true" id="org.eclipse.equinox.p2.ui.sdk.nl_pt_BR" unpack="false" version="3.5.0.v20090620043401" download-size="2747" install-size="2747" />
	<plugin fragment="true" id="org.eclipse.equinox.p2.ui.sdk.scheduler.nl_pt_BR" unpack="false" version="3.5.0.v20090620043401" download-size="3262" install-size="3262" />
	<plugin fragment="true" id="org.eclipse.equinox.p2.updatechecker.nl_pt_BR" unpack="false" version="3.5.0.v20090620043401" download-size="1380" install-size="1380" />
	<plugin fragment="true" id="org.eclipse.equinox.p2.updatesite.nl_pt_BR" unpack="false" version="3.5.0.v20090620043401" download-size="3078" install-size="3078" />
	<plugin fragment="true" id="org.eclipse.equinox.preferences.jmx.nl_pt_BR" unpack="false" version="3.5.0.v20090620043401" download-size="2264" install-size="2264" />
	<plugin fragment="true" id="org.eclipse.equinox.simpleconfigurator.manipulator.nl_pt_BR" unpack="false" version="3.5.0.v20090620043401" download-size="1391" install-size="1391" />
	<plugin fragment="true" id="org.eclipse.equinox.simpleconfigurator.nl_pt_BR" unpack="false" version="3.5.0.v20090620043401" download-size="1408" install-size="1408" />
	<plugin fragment="true" id="org.eclipse.osgi.jmx.nl_pt_BR" unpack="false" version="3.5.0.v20090620043401" download-size="2729" install-size="2729" />
	<plugin fragment="true" id="org.eclipse.swt.jmx.nl_pt_BR" unpack="false" version="3.5.0.v20090620043401" download-size="2102" install-size="2102" />
</feature>