<?xml version="1.0" encoding="UTF-8" ?>
<feature
	id="org.eclipse.babel.nls_rt.rap_ja"
	label="Babel Language Pack for rt.rap in Japanese (89.35%)"
	image="eclipse_update_120.jpg"
	provider-name="%providerName"
	version="3.5.0.v20090620043401">
	<copyright>
		%copyright
	</copyright>
	<license url="%licenseURL">
		%license
	</license>
	<description>Babel Language Pack for rt.rap in Japanese</description>
	<plugin fragment="true" id="org.eclipse.rap.design.example.nl_ja" unpack="false" version="3.5.0.v20090620043401" download-size="1373" install-size="1373" />
	<plugin fragment="true" id="org.eclipse.rap.jface.databinding.nl_ja" unpack="false" version="3.5.0.v20090620043401" download-size="1435" install-size="1435" />
	<plugin fragment="true" id="org.eclipse.rap.jface.nl_ja" unpack="false" version="3.5.0.v20090620043401" download-size="10868" install-size="10868" />
	<plugin fragment="true" id="org.eclipse.rap.rwt.nl_ja" unpack="false" version="3.5.0.v20090620043401" download-size="3503" install-size="3503" />
	<plugin fragment="true" id="org.eclipse.rap.rwt.test.nl_ja" unpack="false" version="3.5.0.v20090620043401" download-size="3246" install-size="3246" />
	<plugin fragment="true" id="org.eclipse.rap.ui.forms.nl_ja" unpack="false" version="3.5.0.v20090620043401" download-size="2494" install-size="2494" />
	<plugin fragment="true" id="org.eclipse.rap.ui.help.nl_ja" unpack="false" version="3.5.0.v20090620043401" download-size="1368" install-size="1368" />
	<plugin fragment="true" id="org.eclipse.rap.ui.intro.nl_ja" unpack="false" version="3.5.0.v20090620043401" download-size="2567" install-size="2567" />
	<plugin fragment="true" id="org.eclipse.rap.ui.launch.nl_ja" unpack="false" version="3.5.0.v20090620043401" download-size="2616" install-size="2616" />
	<plugin fragment="true" id="org.eclipse.rap.ui.nl_ja" unpack="false" version="3.5.0.v20090620043401" download-size="5970" install-size="5970" />
	<plugin fragment="true" id="org.eclipse.rap.ui.templates.nl_ja" unpack="false" version="3.5.0.v20090620043401" download-size="2738" install-size="2738" />
	<plugin fragment="true" id="org.eclipse.rap.ui.views.nl_ja" unpack="false" version="3.5.0.v20090620043401" download-size="3283" install-size="3283" />
	<plugin fragment="true" id="org.eclipse.rap.ui.workbench.nl_ja" unpack="false" version="3.5.0.v20090620043401" download-size="31042" install-size="31042" />
</feature>