<?xml version="1.0" encoding="UTF-8" ?>
<feature
	id="org.eclipse.babel.nls_modeling.m2t_da"
	label="Babel Language Pack for modeling.m2t in Danish (9.5%)"
	image="eclipse_update_120.jpg"
	provider-name="%providerName"
	version="3.5.0.v20090620043401">
	<copyright>
		%copyright
	</copyright>
	<license url="%licenseURL">
		%license
	</license>
	<description>Babel Language Pack for modeling.m2t in Danish</description>
	<plugin fragment="true" id="org.eclipse.acceleo.common.nl_da" unpack="false" version="3.5.0.v20090620043401" download-size="1382" install-size="1382" />
	<plugin fragment="true" id="org.eclipse.acceleo.engine.nl_da" unpack="false" version="3.5.0.v20090620043401" download-size="1382" install-size="1382" />
	<plugin fragment="true" id="org.eclipse.acceleo.ide.ui.nl_da" unpack="false" version="3.5.0.v20090620043401" download-size="2708" install-size="2708" />
	<plugin fragment="true" id="org.eclipse.acceleo.model.nl_da" unpack="false" version="3.5.0.v20090620043401" download-size="1381" install-size="1381" />
	<plugin fragment="true" id="org.eclipse.acceleo.parser.nl_da" unpack="false" version="3.5.0.v20090620043401" download-size="2339" install-size="2339" />
</feature>