<?xml version="1.0" encoding="UTF-8" ?>
<feature
	id="org.eclipse.babel.nls_eclipse_zh_TW"
	label="Babel Language Pack for eclipse in Chinese (Traditional) (92.11%)"
	image="eclipse_update_120.jpg"
	provider-name="%providerName"
	version="3.5.0.v20090620043401">
	<copyright>
		%copyright
	</copyright>
	<license url="%licenseURL">
		%license
	</license>
	<description>Babel Language Pack for eclipse in Chinese (Traditional)</description>
	<plugin fragment="true" id="org.eclipse.ant.core.nl_zh_TW" unpack="false" version="3.5.0.v20090620043401" download-size="4859" install-size="4859" />
	<plugin fragment="true" id="org.eclipse.ant.tests.core.nl_zh_TW" unpack="false" version="3.5.0.v20090620043401" download-size="1677" install-size="1677" />
	<plugin fragment="true" id="org.eclipse.ant.tests.ui.nl_zh_TW" unpack="false" version="3.5.0.v20090620043401" download-size="1435" install-size="1435" />
	<plugin fragment="true" id="org.eclipse.ant.ui.nl_zh_TW" unpack="false" version="3.5.0.v20090620043401" download-size="25996" install-size="25996" />
	<plugin fragment="true" id="org.eclipse.compare.core.nl_zh_TW" unpack="false" version="3.5.0.v20090620043401" download-size="2440" install-size="2440" />
	<plugin fragment="true" id="org.eclipse.compare.examples.nl_zh_TW" unpack="false" version="3.5.0.v20090620043401" download-size="2419" install-size="2419" />
	<plugin fragment="true" id="org.eclipse.compare.examples.xml.nl_zh_TW" unpack="false" version="3.5.0.v20090620043401" download-size="2610" install-size="2610" />
	<plugin fragment="true" id="org.eclipse.compare.nl_zh_TW" unpack="false" version="3.5.0.v20090620043401" download-size="14742" install-size="14742" />
	<plugin fragment="true" id="org.eclipse.compare.tests.nl_zh_TW" unpack="false" version="3.5.0.v20090620043401" download-size="1658" install-size="1658" />
	<plugin fragment="true" id="org.eclipse.compare.win32.nl_zh_TW" unpack="false" version="3.5.0.v20090620043401" download-size="2594" install-size="2594" />
	<plugin fragment="true" id="org.eclipse.core.boot.nl_zh_TW" unpack="false" version="3.5.0.v20090620043401" download-size="1417" install-size="1417" />
	<plugin fragment="true" id="org.eclipse.core.commands.nl_zh_TW" unpack="false" version="3.5.0.v20090620043401" download-size="1410" install-size="1410" />
	<plugin fragment="true" id="org.eclipse.core.contenttype.nl_zh_TW" unpack="false" version="3.5.0.v20090620043401" download-size="2703" install-size="2703" />
	<plugin fragment="true" id="org.eclipse.core.databinding.beans.nl_zh_TW" unpack="false" version="3.5.0.v20090620043401" download-size="1444" install-size="1444" />
	<plugin fragment="true" id="org.eclipse.core.databinding.nl_zh_TW" unpack="false" version="3.5.0.v20090620043401" download-size="2747" install-size="2747" />
	<plugin fragment="true" id="org.eclipse.core.databinding.observable.nl_zh_TW" unpack="false" version="3.5.0.v20090620043401" download-size="1401" install-size="1401" />
	<plugin fragment="true" id="org.eclipse.core.databinding.property.nl_zh_TW" unpack="false" version="3.5.0.v20090620043401" download-size="1438" install-size="1438" />
	<plugin fragment="true" id="org.eclipse.core.expressions.nl_zh_TW" unpack="false" version="3.5.0.v20090620043401" download-size="3063" install-size="3063" />
	<plugin fragment="true" id="org.eclipse.core.expressions.tests.nl_zh_TW" unpack="false" version="3.5.0.v20090620043401" download-size="1462" install-size="1462" />
	<plugin fragment="true" id="org.eclipse.core.filebuffers.nl_zh_TW" unpack="false" version="3.5.0.v20090620043401" download-size="4246" install-size="4246" />
	<plugin fragment="true" id="org.eclipse.core.filebuffers.tests.nl_zh_TW" unpack="false" version="3.5.0.v20090620043401" download-size="1457" install-size="1457" />
	<plugin fragment="true" id="org.eclipse.core.filesystem.nl_zh_TW" unpack="false" version="3.5.0.v20090620043401" download-size="3017" install-size="3017" />
	<plugin fragment="true" id="org.eclipse.core.jobs.nl_zh_TW" unpack="false" version="3.5.0.v20090620043401" download-size="2453" install-size="2453" />
	<plugin fragment="true" id="org.eclipse.core.net.linux.x86.nl_zh_TW" unpack="false" version="3.5.0.v20090620043401" download-size="1440" install-size="1440" />
	<plugin fragment="true" id="org.eclipse.core.net.nl_zh_TW" unpack="false" version="3.5.0.v20090620043401" download-size="2286" install-size="2286" />
	<plugin fragment="true" id="org.eclipse.core.net.win32.x86.nl_zh_TW" unpack="false" version="3.5.0.v20090620043401" download-size="1441" install-size="1441" />
	<plugin fragment="true" id="org.eclipse.core.resources.nl_zh_TW" unpack="false" version="3.5.0.v20090620043401" download-size="9401" install-size="9401" />
	<plugin fragment="true" id="org.eclipse.core.runtime.compatibility.auth.nl_zh_TW" unpack="false" version="3.5.0.v20090620043401" download-size="2762" install-size="2762" />
	<plugin fragment="true" id="org.eclipse.core.runtime.compatibility.nl_zh_TW" unpack="false" version="3.5.0.v20090620043401" download-size="2528" install-size="2528" />
	<plugin fragment="true" id="org.eclipse.core.runtime.nl_zh_TW" unpack="false" version="3.5.0.v20090620043401" download-size="3953" install-size="3953" />
	<plugin fragment="true" id="org.eclipse.core.variables.nl_zh_TW" unpack="false" version="3.5.0.v20090620043401" download-size="2594" install-size="2594" />
	<plugin fragment="true" id="org.eclipse.cvs.nl_zh_TW" unpack="false" version="3.5.0.v20090620043401" download-size="1417" install-size="1417" />
	<plugin fragment="true" id="org.eclipse.debug.core.nl_zh_TW" unpack="false" version="3.5.0.v20090620043401" download-size="7233" install-size="7233" />
	<plugin fragment="true" id="org.eclipse.debug.examples.ui.nl_zh_TW" unpack="false" version="3.5.0.v20090620043401" download-size="2416" install-size="2416" />
	<plugin fragment="true" id="org.eclipse.debug.ui.nl_zh_TW" unpack="false" version="3.5.0.v20090620043401" download-size="35252" install-size="35252" />
	<plugin fragment="true" id="org.eclipse.equinox.app.nl_zh_TW" unpack="false" version="3.5.0.v20090620043401" download-size="2388" install-size="2388" />
	<plugin fragment="true" id="org.eclipse.equinox.cm.nl_zh_TW" unpack="false" version="3.5.0.v20090620043401" download-size="1418" install-size="1418" />
	<plugin fragment="true" id="org.eclipse.equinox.common.nl_zh_TW" unpack="false" version="3.5.0.v20090620043401" download-size="3267" install-size="3267" />
	<plugin fragment="true" id="org.eclipse.equinox.concurrent.nl_zh_TW" unpack="false" version="3.5.0.v20090620043401" download-size="1393" install-size="1393" />
	<plugin fragment="true" id="org.eclipse.equinox.device.nl_zh_TW" unpack="false" version="3.5.0.v20090620043401" download-size="3206" install-size="3206" />
	<plugin fragment="true" id="org.eclipse.equinox.ds.nl_zh_TW" unpack="false" version="3.5.0.v20090620043401" download-size="1387" install-size="1387" />
	<plugin fragment="true" id="org.eclipse.equinox.event.nl_zh_TW" unpack="false" version="3.5.0.v20090620043401" download-size="3058" install-size="3058" />
	<plugin fragment="true" id="org.eclipse.equinox.http.jetty5.nl_zh_TW" unpack="false" version="3.5.0.v20090620043401" download-size="1483" install-size="1483" />
	<plugin fragment="true" id="org.eclipse.equinox.http.jetty6.nl_zh_TW" unpack="false" version="3.5.0.v20090620043401" download-size="1483" install-size="1483" />
	<plugin fragment="true" id="org.eclipse.equinox.http.nl_zh_TW" unpack="false" version="3.5.0.v20090620043401" download-size="4254" install-size="4254" />
	<plugin fragment="true" id="org.eclipse.equinox.http.registry.nl_zh_TW" unpack="false" version="3.5.0.v20090620043401" download-size="1475" install-size="1475" />
	<plugin fragment="true" id="org.eclipse.equinox.http.servlet.nl_zh_TW" unpack="false" version="3.5.0.v20090620043401" download-size="1426" install-size="1426" />
	<plugin fragment="true" id="org.eclipse.equinox.http.servletbridge.nl_zh_TW" unpack="false" version="3.5.0.v20090620043401" download-size="1438" install-size="1438" />
	<plugin fragment="true" id="org.eclipse.equinox.io.nl_zh_TW" unpack="false" version="3.5.0.v20090620043401" download-size="1387" install-size="1387" />
	<plugin fragment="true" id="org.eclipse.equinox.ip.nl_zh_TW" unpack="false" version="3.5.0.v20090620043401" download-size="1387" install-size="1387" />
	<plugin fragment="true" id="org.eclipse.equinox.jsp.jasper.nl_zh_TW" unpack="false" version="3.5.0.v20090620043401" download-size="1393" install-size="1393" />
	<plugin fragment="true" id="org.eclipse.equinox.jsp.jasper.registry.nl_zh_TW" unpack="false" version="3.5.0.v20090620043401" download-size="1401" install-size="1401" />
	<plugin fragment="true" id="org.eclipse.equinox.launcher.carbon.macosx.nl_zh_TW" unpack="false" version="3.5.0.v20090620043401" download-size="1488" install-size="1488" />
	<plugin fragment="true" id="org.eclipse.equinox.launcher.cocoa.macosx.nl_zh_TW" unpack="false" version="3.5.0.v20090620043401" download-size="1429" install-size="1429" />
	<plugin fragment="true" id="org.eclipse.equinox.launcher.gtk.linux.ppc.nl_zh_TW" unpack="false" version="3.5.0.v20090620043401" download-size="1487" install-size="1487" />
	<plugin fragment="true" id="org.eclipse.equinox.launcher.gtk.linux.s390.nl_zh_TW" unpack="false" version="3.5.0.v20090620043401" download-size="1489" install-size="1489" />
	<plugin fragment="true" id="org.eclipse.equinox.launcher.gtk.linux.s390x.nl_zh_TW" unpack="false" version="3.5.0.v20090620043401" download-size="1494" install-size="1494" />
	<plugin fragment="true" id="org.eclipse.equinox.launcher.gtk.linux.x86.nl_zh_TW" unpack="false" version="3.5.0.v20090620043401" download-size="1491" install-size="1491" />
	<plugin fragment="true" id="org.eclipse.equinox.launcher.gtk.solaris.sparc.nl_zh_TW" unpack="false" version="3.5.0.v20090620043401" download-size="1446" install-size="1446" />
	<plugin fragment="true" id="org.eclipse.equinox.launcher.gtk.solaris.x86.nl_zh_TW" unpack="false" version="3.5.0.v20090620043401" download-size="1497" install-size="1497" />
	<plugin fragment="true" id="org.eclipse.equinox.launcher.motif.aix.ppc.nl_zh_TW" unpack="false" version="3.5.0.v20090620043401" download-size="1435" install-size="1435" />
	<plugin fragment="true" id="org.eclipse.equinox.launcher.motif.linux.x86.nl_zh_TW" unpack="false" version="3.5.0.v20090620043401" download-size="1440" install-size="1440" />
	<plugin fragment="true" id="org.eclipse.equinox.launcher.motif.solaris.sparc.nl_zh_TW" unpack="false" version="3.5.0.v20090620043401" download-size="1511" install-size="1511" />
	<plugin fragment="true" id="org.eclipse.equinox.launcher.nl_zh_TW" unpack="false" version="3.5.0.v20090620043401" download-size="1432" install-size="1432" />
	<plugin fragment="true" id="org.eclipse.equinox.launcher.win32.win32.ia64.nl_zh_TW" unpack="false" version="3.5.0.v20090620043401" download-size="1496" install-size="1496" />
	<plugin fragment="true" id="org.eclipse.equinox.launcher.win32.win32.x86.nl_zh_TW" unpack="false" version="3.5.0.v20090620043401" download-size="1492" install-size="1492" />
	<plugin fragment="true" id="org.eclipse.equinox.launcher.wpf.win32.x86.nl_zh_TW" unpack="false" version="3.5.0.v20090620043401" download-size="1497" install-size="1497" />
	<plugin fragment="true" id="org.eclipse.equinox.log.nl_zh_TW" unpack="false" version="3.5.0.v20090620043401" download-size="1388" install-size="1388" />
	<plugin fragment="true" id="org.eclipse.equinox.metatype.nl_zh_TW" unpack="false" version="3.5.0.v20090620043401" download-size="2883" install-size="2883" />
	<plugin fragment="true" id="org.eclipse.equinox.preferences.nl_zh_TW" unpack="false" version="3.5.0.v20090620043401" download-size="3151" install-size="3151" />
	<plugin fragment="true" id="org.eclipse.equinox.registry.nl_zh_TW" unpack="false" version="3.5.0.v20090620043401" download-size="3659" install-size="3659" />
	<plugin fragment="true" id="org.eclipse.equinox.security.nl_zh_TW" unpack="false" version="3.5.0.v20090620043401" download-size="4826" install-size="4826" />
	<plugin fragment="true" id="org.eclipse.equinox.security.ui.nl_zh_TW" unpack="false" version="3.5.0.v20090620043401" download-size="7950" install-size="7950" />
	<plugin fragment="true" id="org.eclipse.equinox.servletbridge.nl_zh_TW" unpack="false" version="3.5.0.v20090620043401" download-size="1394" install-size="1394" />
	<plugin fragment="true" id="org.eclipse.equinox.transforms.xslt.nl_zh_TW" unpack="false" version="3.5.0.v20090620043401" download-size="1439" install-size="1439" />
	<plugin fragment="true" id="org.eclipse.equinox.useradmin.nl_zh_TW" unpack="false" version="3.5.0.v20090620043401" download-size="3329" install-size="3329" />
	<plugin fragment="true" id="org.eclipse.equinox.util.nl_zh_TW" unpack="false" version="3.5.0.v20090620043401" download-size="1388" install-size="1388" />
	<plugin fragment="true" id="org.eclipse.equinox.wireadmin.nl_zh_TW" unpack="false" version="3.5.0.v20090620043401" download-size="1391" install-size="1391" />
	<plugin fragment="true" id="org.eclipse.help.appserver.nl_zh_TW" unpack="false" version="3.5.0.v20090620043401" download-size="2682" install-size="2682" />
	<plugin fragment="true" id="org.eclipse.help.base.nl_zh_TW" unpack="false" version="3.5.0.v20090620043401" download-size="4252" install-size="4252" />
	<plugin fragment="true" id="org.eclipse.help.nl_zh_TW" unpack="false" version="3.5.0.v20090620043401" download-size="1545" install-size="1545" />
	<plugin fragment="true" id="org.eclipse.help.ui.nl_zh_TW" unpack="false" version="3.5.0.v20090620043401" download-size="5788" install-size="5788" />
	<plugin fragment="true" id="org.eclipse.help.webapp.nl_zh_TW" unpack="false" version="3.5.0.v20090620043401" download-size="4894" install-size="4894" />
	<plugin fragment="true" id="org.eclipse.jdt.apt.core.nl_zh_TW" unpack="false" version="3.5.0.v20090620043401" download-size="3936" install-size="3936" />
	<plugin fragment="true" id="org.eclipse.jdt.apt.pluggable.core.nl_zh_TW" unpack="false" version="3.5.0.v20090620043401" download-size="1484" install-size="1484" />
	<plugin fragment="true" id="org.eclipse.jdt.apt.pluggable.tests.nl_zh_TW" unpack="false" version="3.5.0.v20090620043401" download-size="1437" install-size="1437" />
	<plugin fragment="true" id="org.eclipse.jdt.apt.tests.nl_zh_TW" unpack="false" version="3.5.0.v20090620043401" download-size="1431" install-size="1431" />
	<plugin fragment="true" id="org.eclipse.jdt.apt.ui.nl_zh_TW" unpack="false" version="3.5.0.v20090620043401" download-size="4749" install-size="4749" />
	<plugin fragment="true" id="org.eclipse.jdt.compiler.apt.tests.nl_zh_TW" unpack="false" version="3.5.0.v20090620043401" download-size="1436" install-size="1436" />
	<plugin fragment="true" id="org.eclipse.jdt.compiler.tool.tests.nl_zh_TW" unpack="false" version="3.5.0.v20090620043401" download-size="1441" install-size="1441" />
	<plugin fragment="true" id="org.eclipse.jdt.core.manipulation.nl_zh_TW" unpack="false" version="3.5.0.v20090620043401" download-size="4290" install-size="4290" />
	<plugin fragment="true" id="org.eclipse.jdt.core.nl_zh_TW" unpack="false" version="3.5.0.v20090620043401" download-size="30894" install-size="30894" />
	<plugin fragment="true" id="org.eclipse.jdt.core.tests.builder.nl_zh_TW" unpack="false" version="3.5.0.v20090620043401" download-size="1433" install-size="1433" />
	<plugin fragment="true" id="org.eclipse.jdt.core.tests.compiler.nl_zh_TW" unpack="false" version="3.5.0.v20090620043401" download-size="1434" install-size="1434" />
	<plugin fragment="true" id="org.eclipse.jdt.core.tests.model.nl_zh_TW" unpack="false" version="3.5.0.v20090620043401" download-size="13645" install-size="13645" />
	<plugin fragment="true" id="org.eclipse.jdt.core.tests.performance.nl_zh_TW" unpack="false" version="3.5.0.v20090620043401" download-size="1441" install-size="1441" />
	<plugin fragment="true" id="org.eclipse.jdt.debug.nl_zh_TW" unpack="false" version="3.5.0.v20090620043401" download-size="22941" install-size="22941" />
	<plugin fragment="true" id="org.eclipse.jdt.debug.tests.nl_zh_TW" unpack="false" version="3.5.0.v20090620043401" download-size="1441" install-size="1441" />
	<plugin fragment="true" id="org.eclipse.jdt.debug.ui.nl_zh_TW" unpack="false" version="3.5.0.v20090620043401" download-size="32235" install-size="32235" />
	<plugin fragment="true" id="org.eclipse.jdt.doc.isv.nl_zh_TW" unpack="false" version="3.5.0.v20090620043401" download-size="1787" install-size="1787" />
	<plugin fragment="true" id="org.eclipse.jdt.doc.user.nl_zh_TW" unpack="false" version="3.5.0.v20090620043401" download-size="1770" install-size="1770" />
	<plugin fragment="true" id="org.eclipse.jdt.junit.nl_zh_TW" unpack="false" version="3.5.0.v20090620043401" download-size="11028" install-size="11028" />
	<plugin fragment="true" id="org.eclipse.jdt.junit.runtime.nl_zh_TW" unpack="false" version="3.5.0.v20090620043401" download-size="3002" install-size="3002" />
	<plugin fragment="true" id="org.eclipse.jdt.junit4.runtime.nl_zh_TW" unpack="false" version="3.5.0.v20090620043401" download-size="1460" install-size="1460" />
	<plugin fragment="true" id="org.eclipse.jdt.launching.macosx.nl_zh_TW" unpack="false" version="3.5.0.v20090620043401" download-size="2599" install-size="2599" />
	<plugin fragment="true" id="org.eclipse.jdt.launching.nl_zh_TW" unpack="false" version="3.5.0.v20090620043401" download-size="7361" install-size="7361" />
	<plugin fragment="true" id="org.eclipse.jdt.launching.ui.macosx.nl_zh_TW" unpack="false" version="3.5.0.v20090620043401" download-size="3240" install-size="3240" />
	<plugin fragment="true" id="org.eclipse.jdt.nl_zh_TW" unpack="false" version="3.5.0.v20090620043401" download-size="1607" install-size="1607" />
	<plugin fragment="true" id="org.eclipse.jdt.text.tests.nl_zh_TW" unpack="false" version="3.5.0.v20090620043401" download-size="1445" install-size="1445" />
	<plugin fragment="true" id="org.eclipse.jdt.ui.examples.projects.nl_zh_TW" unpack="false" version="3.5.0.v20090620043401" download-size="2853" install-size="2853" />
	<plugin fragment="true" id="org.eclipse.jdt.ui.nl_zh_TW" unpack="false" version="3.5.0.v20090620043401" download-size="183781" install-size="183781" />
	<plugin fragment="true" id="org.eclipse.jdt.ui.tests.nl_zh_TW" unpack="false" version="3.5.0.v20090620043401" download-size="1610" install-size="1610" />
	<plugin fragment="true" id="org.eclipse.jdt.ui.tests.refactoring.nl_zh_TW" unpack="false" version="3.5.0.v20090620043401" download-size="1446" install-size="1446" />
	<plugin fragment="true" id="org.eclipse.jface.databinding.nl_zh_TW" unpack="false" version="3.5.0.v20090620043401" download-size="1453" install-size="1453" />
	<plugin fragment="true" id="org.eclipse.jface.examples.databinding.nl_zh_TW" unpack="false" version="3.5.0.v20090620043401" download-size="1446" install-size="1446" />
	<plugin fragment="true" id="org.eclipse.jface.nl_zh_TW" unpack="false" version="3.5.0.v20090620043401" download-size="10093" install-size="10093" />
	<plugin fragment="true" id="org.eclipse.jface.tests.databinding.conformance.nl_zh_TW" unpack="false" version="3.5.0.v20090620043401" download-size="1460" install-size="1460" />
	<plugin fragment="true" id="org.eclipse.jface.tests.databinding.nl_zh_TW" unpack="false" version="3.5.0.v20090620043401" download-size="1441" install-size="1441" />
	<plugin fragment="true" id="org.eclipse.jface.text.nl_zh_TW" unpack="false" version="3.5.0.v20090620043401" download-size="12362" install-size="12362" />
	<plugin fragment="true" id="org.eclipse.jface.text.tests.nl_zh_TW" unpack="false" version="3.5.0.v20090620043401" download-size="1447" install-size="1447" />
	<plugin fragment="true" id="org.eclipse.jsch.core.nl_zh_TW" unpack="false" version="3.5.0.v20090620043401" download-size="2556" install-size="2556" />
	<plugin fragment="true" id="org.eclipse.jsch.ui.nl_zh_TW" unpack="false" version="3.5.0.v20090620043401" download-size="4047" install-size="4047" />
	<plugin fragment="true" id="org.eclipse.ltk.core.refactoring.nl_zh_TW" unpack="false" version="3.5.0.v20090620043401" download-size="5926" install-size="5926" />
	<plugin fragment="true" id="org.eclipse.ltk.core.refactoring.tests.nl_zh_TW" unpack="false" version="3.5.0.v20090620043401" download-size="1527" install-size="1527" />
	<plugin fragment="true" id="org.eclipse.ltk.ui.refactoring.nl_zh_TW" unpack="false" version="3.5.0.v20090620043401" download-size="8690" install-size="8690" />
	<plugin fragment="true" id="org.eclipse.ltk.ui.refactoring.tests.nl_zh_TW" unpack="false" version="3.5.0.v20090620043401" download-size="1447" install-size="1447" />
	<plugin fragment="true" id="org.eclipse.osgi.nl_zh_TW" unpack="false" version="3.5.0.v20090620043401" download-size="13124" install-size="13124" />
	<plugin fragment="true" id="org.eclipse.osgi.services.nl_zh_TW" unpack="false" version="3.5.0.v20090620043401" download-size="1615" install-size="1615" />
	<plugin fragment="true" id="org.eclipse.osgi.util.nl_zh_TW" unpack="false" version="3.5.0.v20090620043401" download-size="1613" install-size="1613" />
	<plugin fragment="true" id="org.eclipse.pde.api.tools.nl_zh_TW" unpack="false" version="3.5.0.v20090620043401" download-size="11030" install-size="11030" />
	<plugin fragment="true" id="org.eclipse.pde.api.tools.ui.nl_zh_TW" unpack="false" version="3.5.0.v20090620043401" download-size="10070" install-size="10070" />
	<plugin fragment="true" id="org.eclipse.pde.build.nl_zh_TW" unpack="false" version="3.5.0.v20090620043401" download-size="5682" install-size="5682" />
	<plugin fragment="true" id="org.eclipse.pde.build.tests.nl_zh_TW" unpack="false" version="3.5.0.v20090620043401" download-size="1392" install-size="1392" />
	<plugin fragment="true" id="org.eclipse.pde.core.nl_zh_TW" unpack="false" version="3.5.0.v20090620043401" download-size="8836" install-size="8836" />
	<plugin fragment="true" id="org.eclipse.pde.doc.user.nl_zh_TW" unpack="false" version="3.5.0.v20090620043401" download-size="1760" install-size="1760" />
	<plugin fragment="true" id="org.eclipse.pde.ds.core.nl_zh_TW" unpack="false" version="3.5.0.v20090620043401" download-size="2406" install-size="2406" />
	<plugin fragment="true" id="org.eclipse.pde.ds.tests.nl_zh_TW" unpack="false" version="3.5.0.v20090620043401" download-size="1387" install-size="1387" />
	<plugin fragment="true" id="org.eclipse.pde.ds.ui.nl_zh_TW" unpack="false" version="3.5.0.v20090620043401" download-size="2964" install-size="2964" />
	<plugin fragment="true" id="org.eclipse.pde.junit.runtime.nl_zh_TW" unpack="false" version="3.5.0.v20090620043401" download-size="1441" install-size="1441" />
	<plugin fragment="true" id="org.eclipse.pde.nl_zh_TW" unpack="false" version="3.5.0.v20090620043401" download-size="1413" install-size="1413" />
	<plugin fragment="true" id="org.eclipse.pde.runtime.nl_zh_TW" unpack="false" version="3.5.0.v20090620043401" download-size="3593" install-size="3593" />
	<plugin fragment="true" id="org.eclipse.pde.tools.versioning.nl_zh_TW" unpack="false" version="3.5.0.v20090620043401" download-size="5009" install-size="5009" />
	<plugin fragment="true" id="org.eclipse.pde.ua.core.nl_zh_TW" unpack="false" version="3.5.0.v20090620043401" download-size="1387" install-size="1387" />
	<plugin fragment="true" id="org.eclipse.pde.ua.ui.nl_zh_TW" unpack="false" version="3.5.0.v20090620043401" download-size="16152" install-size="16152" />
	<plugin fragment="true" id="org.eclipse.pde.ui.nl_zh_TW" unpack="false" version="3.5.0.v20090620043401" download-size="42686" install-size="42686" />
	<plugin fragment="true" id="org.eclipse.pde.ui.templates.nl_zh_TW" unpack="false" version="3.5.0.v20090620043401" download-size="9727" install-size="9727" />
	<plugin fragment="true" id="org.eclipse.platform.doc.isv.nl_zh_TW" unpack="false" version="3.5.0.v20090620043401" download-size="1456" install-size="1456" />
	<plugin fragment="true" id="org.eclipse.platform.doc.user.nl_zh_TW" unpack="false" version="3.5.0.v20090620043401" download-size="1415" install-size="1415" />
	<plugin fragment="true" id="org.eclipse.platform.nl_zh_TW" unpack="false" version="3.5.0.v20090620043401" download-size="2646" install-size="2646" />
	<plugin fragment="true" id="org.eclipse.rcp.nl_zh_TW" unpack="false" version="3.5.0.v20090620043401" download-size="1704" install-size="1704" />
	<plugin fragment="true" id="org.eclipse.releng.tools.nl_zh_TW" unpack="false" version="3.5.0.v20090620043401" download-size="4133" install-size="4133" />
	<plugin fragment="true" id="org.eclipse.sdk.examples.nl_zh_TW" unpack="false" version="3.5.0.v20090620043401" download-size="1731" install-size="1731" />
	<plugin fragment="true" id="org.eclipse.sdk.nl_zh_TW" unpack="false" version="3.5.0.v20090620043401" download-size="2818" install-size="2818" />
	<plugin fragment="true" id="org.eclipse.sdk.tests.nl_zh_TW" unpack="false" version="3.5.0.v20090620043401" download-size="1725" install-size="1725" />
	<plugin fragment="true" id="org.eclipse.search.nl_zh_TW" unpack="false" version="3.5.0.v20090620043401" download-size="8893" install-size="8893" />
	<plugin fragment="true" id="org.eclipse.search.tests.nl_zh_TW" unpack="false" version="3.5.0.v20090620043401" download-size="1388" install-size="1388" />
	<plugin fragment="true" id="org.eclipse.swt.examples.browser.demos.nl_zh_TW" unpack="false" version="3.5.0.v20090620043401" download-size="2077" install-size="2077" />
	<plugin fragment="true" id="org.eclipse.swt.examples.browser.nl_zh_TW" unpack="false" version="3.5.0.v20090620043401" download-size="1804" install-size="1804" />
	<plugin fragment="true" id="org.eclipse.swt.examples.controls.nl_zh_TW" unpack="false" version="3.5.0.v20090620043401" download-size="1794" install-size="1794" />
	<plugin fragment="true" id="org.eclipse.swt.examples.launcher.nl_zh_TW" unpack="false" version="3.5.0.v20090620043401" download-size="2222" install-size="2222" />
	<plugin fragment="true" id="org.eclipse.swt.examples.layouts.nl_zh_TW" unpack="false" version="3.5.0.v20090620043401" download-size="1812" install-size="1812" />
	<plugin fragment="true" id="org.eclipse.swt.examples.nl_zh_TW" unpack="false" version="3.5.0.v20090620043401" download-size="18489" install-size="18489" />
	<plugin fragment="true" id="org.eclipse.swt.examples.ole.win32.nl_zh_TW" unpack="false" version="3.5.0.v20090620043401" download-size="2328" install-size="2328" />
	<plugin fragment="true" id="org.eclipse.swt.examples.paint.nl_zh_TW" unpack="false" version="3.5.0.v20090620043401" download-size="1922" install-size="1922" />
	<plugin fragment="true" id="org.eclipse.swt.nl_zh_TW" unpack="false" version="3.5.0.v20090620043401" download-size="3056" install-size="3056" />
	<plugin fragment="true" id="org.eclipse.swt.tests.nl_zh_TW" unpack="false" version="3.5.0.v20090620043401" download-size="1407" install-size="1407" />
	<plugin fragment="true" id="org.eclipse.swt.tools.nl_zh_TW" unpack="false" version="3.5.0.v20090620043401" download-size="1411" install-size="1411" />
	<plugin fragment="true" id="org.eclipse.team.core.nl_zh_TW" unpack="false" version="3.5.0.v20090620043401" download-size="4598" install-size="4598" />
	<plugin fragment="true" id="org.eclipse.team.cvs.core.nl_zh_TW" unpack="false" version="3.5.0.v20090620043401" download-size="8590" install-size="8590" />
	<plugin fragment="true" id="org.eclipse.team.cvs.ssh.nl_zh_TW" unpack="false" version="3.5.0.v20090620043401" download-size="3262" install-size="3262" />
	<plugin fragment="true" id="org.eclipse.team.cvs.ssh2.nl_zh_TW" unpack="false" version="3.5.0.v20090620043401" download-size="3720" install-size="3720" />
	<plugin fragment="true" id="org.eclipse.team.cvs.ui.nl_zh_TW" unpack="false" version="3.5.0.v20090620043401" download-size="28224" install-size="28224" />
	<plugin fragment="true" id="org.eclipse.team.examples.filesystem.nl_zh_TW" unpack="false" version="3.5.0.v20090620043401" download-size="3383" install-size="3383" />
	<plugin fragment="true" id="org.eclipse.team.tests.cvs.core.nl_zh_TW" unpack="false" version="3.5.0.v20090620043401" download-size="1448" install-size="1448" />
	<plugin fragment="true" id="org.eclipse.team.ui.nl_zh_TW" unpack="false" version="3.5.0.v20090620043401" download-size="13774" install-size="13774" />
	<plugin fragment="true" id="org.eclipse.text.nl_zh_TW" unpack="false" version="3.5.0.v20090620043401" download-size="4447" install-size="4447" />
	<plugin fragment="true" id="org.eclipse.text.tests.nl_zh_TW" unpack="false" version="3.5.0.v20090620043401" download-size="1437" install-size="1437" />
	<plugin fragment="true" id="org.eclipse.ui.browser.nl_zh_TW" unpack="false" version="3.5.0.v20090620043401" download-size="3859" install-size="3859" />
	<plugin fragment="true" id="org.eclipse.ui.cheatsheets.nl_zh_TW" unpack="false" version="3.5.0.v20090620043401" download-size="5957" install-size="5957" />
	<plugin fragment="true" id="org.eclipse.ui.console.nl_zh_TW" unpack="false" version="3.5.0.v20090620043401" download-size="3572" install-size="3572" />
	<plugin fragment="true" id="org.eclipse.ui.editors.nl_zh_TW" unpack="false" version="3.5.0.v20090620043401" download-size="14479" install-size="14479" />
	<plugin fragment="true" id="org.eclipse.ui.editors.tests.nl_zh_TW" unpack="false" version="3.5.0.v20090620043401" download-size="1446" install-size="1446" />
	<plugin fragment="true" id="org.eclipse.ui.examples.contributions.nl_zh_TW" unpack="false" version="3.5.0.v20090620043401" download-size="3494" install-size="3494" />
	<plugin fragment="true" id="org.eclipse.ui.examples.fieldassist.nl_zh_TW" unpack="false" version="3.5.0.v20090620043401" download-size="3819" install-size="3819" />
	<plugin fragment="true" id="org.eclipse.ui.examples.javaeditor.nl_zh_TW" unpack="false" version="3.5.0.v20090620043401" download-size="3988" install-size="3988" />
	<plugin fragment="true" id="org.eclipse.ui.examples.multipageeditor.nl_zh_TW" unpack="false" version="3.5.0.v20090620043401" download-size="2529" install-size="2529" />
	<plugin fragment="true" id="org.eclipse.ui.examples.propertysheet.nl_zh_TW" unpack="false" version="3.5.0.v20090620043401" download-size="3317" install-size="3317" />
	<plugin fragment="true" id="org.eclipse.ui.examples.readmetool.nl_zh_TW" unpack="false" version="3.5.0.v20090620043401" download-size="4630" install-size="4630" />
	<plugin fragment="true" id="org.eclipse.ui.examples.undo.nl_zh_TW" unpack="false" version="3.5.0.v20090620043401" download-size="2941" install-size="2941" />
	<plugin fragment="true" id="org.eclipse.ui.examples.views.properties.tabbed.article.nl_zh_TW" unpack="false" version="3.5.0.v20090620043401" download-size="1534" install-size="1534" />
	<plugin fragment="true" id="org.eclipse.ui.externaltools.nl_zh_TW" unpack="false" version="3.5.0.v20090620043401" download-size="9386" install-size="9386" />
	<plugin fragment="true" id="org.eclipse.ui.forms.nl_zh_TW" unpack="false" version="3.5.0.v20090620043401" download-size="2482" install-size="2482" />
	<plugin fragment="true" id="org.eclipse.ui.ide.application.nl_zh_TW" unpack="false" version="3.5.0.v20090620043401" download-size="1660" install-size="1660" />
	<plugin fragment="true" id="org.eclipse.ui.ide.nl_zh_TW" unpack="false" version="3.5.0.v20090620043401" download-size="34085" install-size="34085" />
	<plugin fragment="true" id="org.eclipse.ui.intro.nl_zh_TW" unpack="false" version="3.5.0.v20090620043401" download-size="3813" install-size="3813" />
	<plugin fragment="true" id="org.eclipse.ui.intro.universal.nl_zh_TW" unpack="false" version="3.5.0.v20090620043401" download-size="6087" install-size="6087" />
	<plugin fragment="true" id="org.eclipse.ui.navigator.nl_zh_TW" unpack="false" version="3.5.0.v20090620043401" download-size="4194" install-size="4194" />
	<plugin fragment="true" id="org.eclipse.ui.navigator.resources.nl_zh_TW" unpack="false" version="3.5.0.v20090620043401" download-size="3650" install-size="3650" />
	<plugin fragment="true" id="org.eclipse.ui.net.nl_zh_TW" unpack="false" version="3.5.0.v20090620043401" download-size="2646" install-size="2646" />
	<plugin fragment="true" id="org.eclipse.ui.nl_zh_TW" unpack="false" version="3.5.0.v20090620043401" download-size="5234" install-size="5234" />
	<plugin fragment="true" id="org.eclipse.ui.presentations.r21.nl_zh_TW" unpack="false" version="3.5.0.v20090620043401" download-size="2617" install-size="2617" />
	<plugin fragment="true" id="org.eclipse.ui.tests.navigator.nl_zh_TW" unpack="false" version="3.5.0.v20090620043401" download-size="1521" install-size="1521" />
	<plugin fragment="true" id="org.eclipse.ui.tests.views.properties.tabbed.nl_zh_TW" unpack="false" version="3.5.0.v20090620043401" download-size="1551" install-size="1551" />
	<plugin fragment="true" id="org.eclipse.ui.views.log.nl_zh_TW" unpack="false" version="3.5.0.v20090620043401" download-size="3923" install-size="3923" />
	<plugin fragment="true" id="org.eclipse.ui.views.nl_zh_TW" unpack="false" version="3.5.0.v20090620043401" download-size="3280" install-size="3280" />
	<plugin fragment="true" id="org.eclipse.ui.views.properties.tabbed.nl_zh_TW" unpack="false" version="3.5.0.v20090620043401" download-size="3212" install-size="3212" />
	<plugin fragment="true" id="org.eclipse.ui.workbench.nl_zh_TW" unpack="false" version="3.5.0.v20090620043401" download-size="29451" install-size="29451" />
	<plugin fragment="true" id="org.eclipse.ui.workbench.texteditor.nl_zh_TW" unpack="false" version="3.5.0.v20090620043401" download-size="14321" install-size="14321" />
	<plugin fragment="true" id="org.eclipse.ui.workbench.texteditor.tests.nl_zh_TW" unpack="false" version="3.5.0.v20090620043401" download-size="1476" install-size="1476" />
	<plugin fragment="true" id="org.eclipse.update.configurator.nl_zh_TW" unpack="false" version="3.5.0.v20090620043401" download-size="3579" install-size="3579" />
	<plugin fragment="true" id="org.eclipse.update.core.nl_zh_TW" unpack="false" version="3.5.0.v20090620043401" download-size="8860" install-size="8860" />
	<plugin fragment="true" id="org.eclipse.update.scheduler.nl_zh_TW" unpack="false" version="3.5.0.v20090620043401" download-size="2951" install-size="2951" />
	<plugin fragment="true" id="org.eclipse.update.tests.core.nl_zh_TW" unpack="false" version="3.5.0.v20090620043401" download-size="1700" install-size="1700" />
	<plugin fragment="true" id="org.eclipse.update.ui.nl_zh_TW" unpack="false" version="3.5.0.v20090620043401" download-size="9613" install-size="9613" />
	<plugin fragment="true" id="org.junit4.nl_zh_TW" unpack="false" version="3.5.0.v20090620043401" download-size="1428" install-size="1428" />
	<plugin fragment="true" id="security.a.frag.a.nl_zh_TW" unpack="false" version="3.5.0.v20090620043401" download-size="1414" install-size="1414" />
	<plugin fragment="true" id="security.a.nl_zh_TW" unpack="false" version="3.5.0.v20090620043401" download-size="1397" install-size="1397" />
</feature>