<?xml version="1.0" encoding="UTF-8" ?>
<feature
	id="org.eclipse.babel.nls_stp.bpmn_ko"
	label="Babel Language Pack for stp.bpmn in Korean (19.13%)"
	image="eclipse_update_120.jpg"
	provider-name="%providerName"
	version="3.5.0.v20090620043401">
	<copyright>
		%copyright
	</copyright>
	<license url="%licenseURL">
		%license
	</license>
	<description>Babel Language Pack for stp.bpmn in Korean</description>
	<plugin fragment="true" id="org.eclipse.stp.bpmn.diagram.nl_ko" unpack="false" version="3.5.0.v20090620043401" download-size="2819" install-size="2819" />
	<plugin fragment="true" id="org.eclipse.stp.bpmn.edit.nl_ko" unpack="false" version="3.5.0.v20090620043401" download-size="2348" install-size="2348" />
	<plugin fragment="true" id="org.eclipse.stp.bpmn.nl_ko" unpack="false" version="3.5.0.v20090620043401" download-size="2248" install-size="2248" />
	<plugin fragment="true" id="org.eclipse.stp.bpmn.validation.nl_ko" unpack="false" version="3.5.0.v20090620043401" download-size="2322" install-size="2322" />
</feature>