<?xml version="1.0" encoding="UTF-8" ?>
<feature
	id="org.eclipse.babel.nls_technology.subversive_it"
	label="Babel Language Pack for technology.subversive in Italian (18.02%)"
	image="eclipse_update_120.jpg"
	provider-name="%providerName"
	version="3.5.0.v20090620043401">
	<copyright>
		%copyright
	</copyright>
	<license url="%licenseURL">
		%license
	</license>
	<description>Babel Language Pack for technology.subversive in Italian</description>
	<plugin fragment="true" id="org.eclipse.team.svn.core.nl_it" unpack="false" version="3.5.0.v20090620043401" download-size="2740" install-size="2740" />
	<plugin fragment="true" id="org.eclipse.team.svn.mylyn.nl_it" unpack="false" version="3.5.0.v20090620043401" download-size="1369" install-size="1369" />
	<plugin fragment="true" id="org.eclipse.team.svn.ui.nl_it" unpack="false" version="3.5.0.v20090620043401" download-size="6974" install-size="6974" />
</feature>