<?xml version="1.0" encoding="UTF-8" ?>
<feature
	id="org.eclipse.babel.nls_technology.dltk_zh"
	label="Babel Language Pack for technology.dltk in Chinese (Simplified) (59.36%)"
	image="eclipse_update_120.jpg"
	provider-name="%providerName"
	version="3.5.0.v20090620043401">
	<copyright>
		%copyright
	</copyright>
	<license url="%licenseURL">
		%license
	</license>
	<description>Babel Language Pack for technology.dltk in Chinese (Simplified)</description>
	<plugin fragment="true" id="org.eclipse.dltk.console.nl_zh" unpack="false" version="3.5.0.v20090620043401" download-size="1433" install-size="1433" />
	<plugin fragment="true" id="org.eclipse.dltk.console.ui.nl_zh" unpack="false" version="3.5.0.v20090620043401" download-size="3326" install-size="3326" />
	<plugin fragment="true" id="org.eclipse.dltk.core.doc.isv.nl_zh" unpack="false" version="3.5.0.v20090620043401" download-size="1383" install-size="1383" />
	<plugin fragment="true" id="org.eclipse.dltk.core.nl_zh" unpack="false" version="3.5.0.v20090620043401" download-size="8008" install-size="8008" />
	<plugin fragment="true" id="org.eclipse.dltk.debug.nl_zh" unpack="false" version="3.5.0.v20090620043401" download-size="3309" install-size="3309" />
	<plugin fragment="true" id="org.eclipse.dltk.debug.ui.nl_zh" unpack="false" version="3.5.0.v20090620043401" download-size="10582" install-size="10582" />
	<plugin fragment="true" id="org.eclipse.dltk.formatter.nl_zh" unpack="false" version="3.5.0.v20090620043401" download-size="2352" install-size="2352" />
	<plugin fragment="true" id="org.eclipse.dltk.itcl.core.nl_zh" unpack="false" version="3.5.0.v20090620043401" download-size="1380" install-size="1380" />
	<plugin fragment="true" id="org.eclipse.dltk.itcl.nl_zh" unpack="false" version="3.5.0.v20090620043401" download-size="1377" install-size="1377" />
	<plugin fragment="true" id="org.eclipse.dltk.itcl.ui.nl_zh" unpack="false" version="3.5.0.v20090620043401" download-size="1379" install-size="1379" />
	<plugin fragment="true" id="org.eclipse.dltk.javascript.core.dom.support.nl_zh" unpack="false" version="3.5.0.v20090620043401" download-size="1396" install-size="1396" />
	<plugin fragment="true" id="org.eclipse.dltk.javascript.core.nl_zh" unpack="false" version="3.5.0.v20090620043401" download-size="1385" install-size="1385" />
	<plugin fragment="true" id="org.eclipse.dltk.javascript.debug.nl_zh" unpack="false" version="3.5.0.v20090620043401" download-size="1386" install-size="1386" />
	<plugin fragment="true" id="org.eclipse.dltk.javascript.debug.ui.nl_zh" unpack="false" version="3.5.0.v20090620043401" download-size="3402" install-size="3402" />
	<plugin fragment="true" id="org.eclipse.dltk.javascript.formatter.nl_zh" unpack="false" version="3.5.0.v20090620043401" download-size="3134" install-size="3134" />
	<plugin fragment="true" id="org.eclipse.dltk.javascript.jsjdtdebugger.nl_zh" unpack="false" version="3.5.0.v20090620043401" download-size="1394" install-size="1394" />
	<plugin fragment="true" id="org.eclipse.dltk.javascript.launching.nl_zh" unpack="false" version="3.5.0.v20090620043401" download-size="1389" install-size="1389" />
	<plugin fragment="true" id="org.eclipse.dltk.javascript.rhino.dbgp.nl_zh" unpack="false" version="3.5.0.v20090620043401" download-size="1390" install-size="1390" />
	<plugin fragment="true" id="org.eclipse.dltk.javascript.rhino.nl_zh" unpack="false" version="3.5.0.v20090620043401" download-size="1385" install-size="1385" />
	<plugin fragment="true" id="org.eclipse.dltk.javascript.ui.nl_zh" unpack="false" version="3.5.0.v20090620043401" download-size="4345" install-size="4345" />
	<plugin fragment="true" id="org.eclipse.dltk.launching.nl_zh" unpack="false" version="3.5.0.v20090620043401" download-size="3058" install-size="3058" />
	<plugin fragment="true" id="org.eclipse.dltk.mylyn.nl_zh" unpack="false" version="3.5.0.v20090620043401" download-size="3269" install-size="3269" />
	<plugin fragment="true" id="org.eclipse.dltk.nl_zh" unpack="false" version="3.5.0.v20090620043401" download-size="1373" install-size="1373" />
	<plugin fragment="true" id="org.eclipse.dltk.python.activestatedebugger.nl_zh" unpack="false" version="3.5.0.v20090620043401" download-size="1396" install-size="1396" />
	<plugin fragment="true" id="org.eclipse.dltk.python.core.nl_zh" unpack="false" version="3.5.0.v20090620043401" download-size="1382" install-size="1382" />
	<plugin fragment="true" id="org.eclipse.dltk.python.debug.nl_zh" unpack="false" version="3.5.0.v20090620043401" download-size="1383" install-size="1383" />
	<plugin fragment="true" id="org.eclipse.dltk.python.debug.ui.nl_zh" unpack="false" version="3.5.0.v20090620043401" download-size="3169" install-size="3169" />
	<plugin fragment="true" id="org.eclipse.dltk.python.launching.nl_zh" unpack="false" version="3.5.0.v20090620043401" download-size="1385" install-size="1385" />
	<plugin fragment="true" id="org.eclipse.dltk.python.ui.nl_zh" unpack="false" version="3.5.0.v20090620043401" download-size="2828" install-size="2828" />
	<plugin fragment="true" id="org.eclipse.dltk.rse.core.nl_zh" unpack="false" version="3.5.0.v20090620043401" download-size="1380" install-size="1380" />
	<plugin fragment="true" id="org.eclipse.dltk.rse.nl_zh" unpack="false" version="3.5.0.v20090620043401" download-size="1376" install-size="1376" />
	<plugin fragment="true" id="org.eclipse.dltk.rse.ui.nl_zh" unpack="false" version="3.5.0.v20090620043401" download-size="1378" install-size="1378" />
	<plugin fragment="true" id="org.eclipse.dltk.ruby.abstractdebugger.nl_zh" unpack="false" version="3.5.0.v20090620043401" download-size="1392" install-size="1392" />
	<plugin fragment="true" id="org.eclipse.dltk.ruby.activestatedebugger.nl_zh" unpack="false" version="3.5.0.v20090620043401" download-size="1395" install-size="1395" />
	<plugin fragment="true" id="org.eclipse.dltk.ruby.basicdebugger.nl_zh" unpack="false" version="3.5.0.v20090620043401" download-size="1385" install-size="1385" />
	<plugin fragment="true" id="org.eclipse.dltk.ruby.core.nl_zh" unpack="false" version="3.5.0.v20090620043401" download-size="1947" install-size="1947" />
	<plugin fragment="true" id="org.eclipse.dltk.ruby.debug.nl_zh" unpack="false" version="3.5.0.v20090620043401" download-size="1381" install-size="1381" />
	<plugin fragment="true" id="org.eclipse.dltk.ruby.debug.ui.nl_zh" unpack="false" version="3.5.0.v20090620043401" download-size="3165" install-size="3165" />
	<plugin fragment="true" id="org.eclipse.dltk.ruby.fastdebugger.nl_zh" unpack="false" version="3.5.0.v20090620043401" download-size="1386" install-size="1386" />
	<plugin fragment="true" id="org.eclipse.dltk.ruby.formatter.nl_zh" unpack="false" version="3.5.0.v20090620043401" download-size="2557" install-size="2557" />
	<plugin fragment="true" id="org.eclipse.dltk.ruby.launching.nl_zh" unpack="false" version="3.5.0.v20090620043401" download-size="1385" install-size="1385" />
	<plugin fragment="true" id="org.eclipse.dltk.ruby.nl_zh" unpack="false" version="3.5.0.v20090620043401" download-size="1378" install-size="1378" />
	<plugin fragment="true" id="org.eclipse.dltk.ruby.testing.nl_zh" unpack="false" version="3.5.0.v20090620043401" download-size="2419" install-size="2419" />
	<plugin fragment="true" id="org.eclipse.dltk.ruby.ui.nl_zh" unpack="false" version="3.5.0.v20090620043401" download-size="7743" install-size="7743" />
	<plugin fragment="true" id="org.eclipse.dltk.tcl.activestatedebugger.nl_zh" unpack="false" version="3.5.0.v20090620043401" download-size="2767" install-size="2767" />
	<plugin fragment="true" id="org.eclipse.dltk.tcl.core.nl_zh" unpack="false" version="3.5.0.v20090620043401" download-size="1399" install-size="1399" />
	<plugin fragment="true" id="org.eclipse.dltk.tcl.debug.nl_zh" unpack="false" version="3.5.0.v20090620043401" download-size="1381" install-size="1381" />
	<plugin fragment="true" id="org.eclipse.dltk.tcl.debug.ui.nl_zh" unpack="false" version="3.5.0.v20090620043401" download-size="3658" install-size="3658" />
	<plugin fragment="true" id="org.eclipse.dltk.tcl.doc.user.nl_zh" unpack="false" version="3.5.0.v20090620043401" download-size="1746" install-size="1746" />
	<plugin fragment="true" id="org.eclipse.dltk.tcl.launching.nl_zh" unpack="false" version="3.5.0.v20090620043401" download-size="1384" install-size="1384" />
	<plugin fragment="true" id="org.eclipse.dltk.tcl.nl_zh" unpack="false" version="3.5.0.v20090620043401" download-size="1376" install-size="1376" />
	<plugin fragment="true" id="org.eclipse.dltk.tcl.parser.nl_zh" unpack="false" version="3.5.0.v20090620043401" download-size="2999" install-size="2999" />
	<plugin fragment="true" id="org.eclipse.dltk.tcl.tclchecker.nl_zh" unpack="false" version="3.5.0.v20090620043401" download-size="4430" install-size="4430" />
	<plugin fragment="true" id="org.eclipse.dltk.tcl.tcllib.nl_zh" unpack="false" version="3.5.0.v20090620043401" download-size="1382" install-size="1382" />
	<plugin fragment="true" id="org.eclipse.dltk.tcl.testing.nl_zh" unpack="false" version="3.5.0.v20090620043401" download-size="1381" install-size="1381" />
	<plugin fragment="true" id="org.eclipse.dltk.tcl.testing.tcltest.nl_zh" unpack="false" version="3.5.0.v20090620043401" download-size="1386" install-size="1386" />
	<plugin fragment="true" id="org.eclipse.dltk.tcl.ui.nl_zh" unpack="false" version="3.5.0.v20090620043401" download-size="4459" install-size="4459" />
	<plugin fragment="true" id="org.eclipse.dltk.tcl.validators.nl_zh" unpack="false" version="3.5.0.v20090620043401" download-size="1388" install-size="1388" />
	<plugin fragment="true" id="org.eclipse.dltk.testing.nl_zh" unpack="false" version="3.5.0.v20090620043401" download-size="10197" install-size="10197" />
	<plugin fragment="true" id="org.eclipse.dltk.ui.nl_zh" unpack="false" version="3.5.0.v20090620043401" download-size="80992" install-size="80992" />
	<plugin fragment="true" id="org.eclipse.dltk.validators.core.nl_zh" unpack="false" version="3.5.0.v20090620043401" download-size="2961" install-size="2961" />
	<plugin fragment="true" id="org.eclipse.dltk.validators.externalchecker.nl_zh" unpack="false" version="3.5.0.v20090620043401" download-size="3458" install-size="3458" />
	<plugin fragment="true" id="org.eclipse.dltk.validators.ui.nl_zh" unpack="false" version="3.5.0.v20090620043401" download-size="3389" install-size="3389" />
	<plugin fragment="true" id="org.eclipse.dltk.xotcl.core.nl_zh" unpack="false" version="3.5.0.v20090620043401" download-size="1382" install-size="1382" />
	<plugin fragment="true" id="org.eclipse.dltk.xotcl.nl_zh" unpack="false" version="3.5.0.v20090620043401" download-size="1378" install-size="1378" />
	<plugin fragment="true" id="org.eclipse.dltk.xotcl.testing.xounit.nl_zh" unpack="false" version="3.5.0.v20090620043401" download-size="1389" install-size="1389" />
	<plugin fragment="true" id="org.eclipse.dltk.xotcl.ui.nl_zh" unpack="false" version="3.5.0.v20090620043401" download-size="1381" install-size="1381" />
</feature>