<?xml version="1.0" encoding="UTF-8" ?>
<feature
	id="org.eclipse.babel.nls_modeling.m2m_fr"
	label="Babel Language Pack for modeling.m2m in French (47.3%)"
	image="eclipse_update_120.jpg"
	provider-name="%providerName"
	version="3.5.0.v20090620043401">
	<copyright>
		%copyright
	</copyright>
	<license url="%licenseURL">
		%license
	</license>
	<description>Babel Language Pack for modeling.m2m in French</description>
	<plugin fragment="true" id="org.eclipse.m2m.atl.adt.debug.nl_fr" unpack="false" version="3.5.0.v20090620043401" download-size="2404" install-size="2404" />
	<plugin fragment="true" id="org.eclipse.m2m.atl.adt.editor.nl_fr" unpack="false" version="3.5.0.v20090620043401" download-size="3577" install-size="3577" />
	<plugin fragment="true" id="org.eclipse.m2m.atl.adt.nl_fr" unpack="false" version="3.5.0.v20090620043401" download-size="2210" install-size="2210" />
	<plugin fragment="true" id="org.eclipse.m2m.atl.adt.ui.nl_fr" unpack="false" version="3.5.0.v20090620043401" download-size="2444" install-size="2444" />
	<plugin fragment="true" id="org.eclipse.m2m.atl.common.nl_fr" unpack="false" version="3.5.0.v20090620043401" download-size="1369" install-size="1369" />
	<plugin fragment="true" id="org.eclipse.m2m.atl.core.ant.nl_fr" unpack="false" version="3.5.0.v20090620043401" download-size="1370" install-size="1370" />
	<plugin fragment="true" id="org.eclipse.m2m.atl.core.emf.nl_fr" unpack="false" version="3.5.0.v20090620043401" download-size="1370" install-size="1370" />
	<plugin fragment="true" id="org.eclipse.m2m.atl.core.nl_fr" unpack="false" version="3.5.0.v20090620043401" download-size="1367" install-size="1367" />
	<plugin fragment="true" id="org.eclipse.m2m.atl.core.ui.nl_fr" unpack="false" version="3.5.0.v20090620043401" download-size="2500" install-size="2500" />
	<plugin fragment="true" id="org.eclipse.m2m.atl.core.ui.vm.nl_fr" unpack="false" version="3.5.0.v20090620043401" download-size="1371" install-size="1371" />
	<plugin fragment="true" id="org.eclipse.m2m.atl.doc.nl_fr" unpack="false" version="3.5.0.v20090620043401" download-size="1609" install-size="1609" />
	<plugin fragment="true" id="org.eclipse.m2m.atl.drivers.emf4atl.nl_fr" unpack="false" version="3.5.0.v20090620043401" download-size="1375" install-size="1375" />
	<plugin fragment="true" id="org.eclipse.m2m.atl.drivers.uml24atl.nl_fr" unpack="false" version="3.5.0.v20090620043401" download-size="1376" install-size="1376" />
	<plugin fragment="true" id="org.eclipse.m2m.atl.dsls.nl_fr" unpack="false" version="3.5.0.v20090620043401" download-size="1368" install-size="1368" />
	<plugin fragment="true" id="org.eclipse.m2m.atl.engine.emfvm.nl_fr" unpack="false" version="3.5.0.v20090620043401" download-size="1372" install-size="1372" />
	<plugin fragment="true" id="org.eclipse.m2m.atl.engine.nl_fr" unpack="false" version="3.5.0.v20090620043401" download-size="2203" install-size="2203" />
	<plugin fragment="true" id="org.eclipse.m2m.atl.engine.vm.nl_fr" unpack="false" version="3.5.0.v20090620043401" download-size="1370" install-size="1370" />
	<plugin fragment="true" id="org.eclipse.m2m.atl.examples.nl_fr" unpack="false" version="3.5.0.v20090620043401" download-size="1370" install-size="1370" />
	<plugin fragment="true" id="org.eclipse.m2m.atl.nl_fr" unpack="false" version="3.5.0.v20090620043401" download-size="1364" install-size="1364" />
	<plugin fragment="true" id="org.eclipse.m2m.atl.tests.nl_fr" unpack="false" version="3.5.0.v20090620043401" download-size="1368" install-size="1368" />
	<plugin fragment="true" id="org.eclipse.m2m.qvt.oml.common.nl_fr" unpack="false" version="3.5.0.v20090620043401" download-size="3125" install-size="3125" />
	<plugin fragment="true" id="org.eclipse.m2m.qvt.oml.common.ui.nl_fr" unpack="false" version="3.5.0.v20090620043401" download-size="6168" install-size="6168" />
	<plugin fragment="true" id="org.eclipse.m2m.qvt.oml.cst.parser.nl_fr" unpack="false" version="3.5.0.v20090620043401" download-size="1401" install-size="1401" />
	<plugin fragment="true" id="org.eclipse.m2m.qvt.oml.doc.nl_fr" unpack="false" version="3.5.0.v20090620043401" download-size="1802" install-size="1802" />
	<plugin fragment="true" id="org.eclipse.m2m.qvt.oml.ecore.imperativeocl.nl_fr" unpack="false" version="3.5.0.v20090620043401" download-size="1379" install-size="1379" />
	<plugin fragment="true" id="org.eclipse.m2m.qvt.oml.editor.ui.nl_fr" unpack="false" version="3.5.0.v20090620043401" download-size="5871" install-size="5871" />
	<plugin fragment="true" id="org.eclipse.m2m.qvt.oml.emf.util.nl_fr" unpack="false" version="3.5.0.v20090620043401" download-size="3440" install-size="3440" />
	<plugin fragment="true" id="org.eclipse.m2m.qvt.oml.emf.util.ui.nl_fr" unpack="false" version="3.5.0.v20090620043401" download-size="4445" install-size="4445" />
	<plugin fragment="true" id="org.eclipse.m2m.qvt.oml.examples.blackbox.nl_fr" unpack="false" version="3.5.0.v20090620043401" download-size="1379" install-size="1379" />
	<plugin fragment="true" id="org.eclipse.m2m.qvt.oml.examples.omg.nl_fr" unpack="false" version="3.5.0.v20090620043401" download-size="1418" install-size="1418" />
	<plugin fragment="true" id="org.eclipse.m2m.qvt.oml.nl_fr" unpack="false" version="3.5.0.v20090620043401" download-size="4660" install-size="4660" />
	<plugin fragment="true" id="org.eclipse.m2m.qvt.oml.ocl.nl_fr" unpack="false" version="3.5.0.v20090620043401" download-size="2902" install-size="2902" />
	<plugin fragment="true" id="org.eclipse.m2m.qvt.oml.project.nl_fr" unpack="false" version="3.5.0.v20090620043401" download-size="1420" install-size="1420" />
	<plugin fragment="true" id="org.eclipse.m2m.qvt.oml.runtime.nl_fr" unpack="false" version="3.5.0.v20090620043401" download-size="6557" install-size="6557" />
	<plugin fragment="true" id="org.eclipse.m2m.qvt.oml.runtime.ui.nl_fr" unpack="false" version="3.5.0.v20090620043401" download-size="6730" install-size="6730" />
	<plugin fragment="true" id="org.eclipse.m2m.qvt.oml.samples.nl_fr" unpack="false" version="3.5.0.v20090620043401" download-size="5836" install-size="5836" />
	<plugin fragment="true" id="org.eclipse.m2m.qvt.oml.trace.edit.nl_fr" unpack="false" version="3.5.0.v20090620043401" download-size="2275" install-size="2275" />
	<plugin fragment="true" id="org.eclipse.m2m.qvt.oml.ui.nl_fr" unpack="false" version="3.5.0.v20090620043401" download-size="5162" install-size="5162" />
	<plugin fragment="true" id="org.eclipse.m2m.tests.qvt.oml.nl_fr" unpack="false" version="3.5.0.v20090620043401" download-size="1409" install-size="1409" />
	<plugin fragment="true" id="org.eclipse.m2m.tests.qvt.oml.ui.nl_fr" unpack="false" version="3.5.0.v20090620043401" download-size="1420" install-size="1420" />
</feature>