<?xml version="1.0" encoding="UTF-8" ?>
<feature
	id="org.eclipse.babel.nls_eclipse_iw"
	label="Babel Language Pack for eclipse in Hebrew (71.4%)"
	image="eclipse_update_120.jpg"
	provider-name="%providerName"
	version="3.5.0.v20090620043401">
	<copyright>
		%copyright
	</copyright>
	<license url="%licenseURL">
		%license
	</license>
	<description>Babel Language Pack for eclipse in Hebrew</description>
	<plugin fragment="true" id="org.eclipse.ant.core.nl_iw" unpack="false" version="3.5.0.v20090620043401" download-size="2361" install-size="2361" />
	<plugin fragment="true" id="org.eclipse.ant.tests.core.nl_iw" unpack="false" version="3.5.0.v20090620043401" download-size="1876" install-size="1876" />
	<plugin fragment="true" id="org.eclipse.ant.tests.ui.nl_iw" unpack="false" version="3.5.0.v20090620043401" download-size="1418" install-size="1418" />
	<plugin fragment="true" id="org.eclipse.ant.ui.nl_iw" unpack="false" version="3.5.0.v20090620043401" download-size="12303" install-size="12303" />
	<plugin fragment="true" id="org.eclipse.compare.core.nl_iw" unpack="false" version="3.5.0.v20090620043401" download-size="2394" install-size="2394" />
	<plugin fragment="true" id="org.eclipse.compare.examples.nl_iw" unpack="false" version="3.5.0.v20090620043401" download-size="1370" install-size="1370" />
	<plugin fragment="true" id="org.eclipse.compare.examples.xml.nl_iw" unpack="false" version="3.5.0.v20090620043401" download-size="2547" install-size="2547" />
	<plugin fragment="true" id="org.eclipse.compare.nl_iw" unpack="false" version="3.5.0.v20090620043401" download-size="13059" install-size="13059" />
	<plugin fragment="true" id="org.eclipse.compare.tests.nl_iw" unpack="false" version="3.5.0.v20090620043401" download-size="1601" install-size="1601" />
	<plugin fragment="true" id="org.eclipse.compare.win32.nl_iw" unpack="false" version="3.5.0.v20090620043401" download-size="2577" install-size="2577" />
	<plugin fragment="true" id="org.eclipse.core.boot.nl_iw" unpack="false" version="3.5.0.v20090620043401" download-size="1377" install-size="1377" />
	<plugin fragment="true" id="org.eclipse.core.commands.nl_iw" unpack="false" version="3.5.0.v20090620043401" download-size="1380" install-size="1380" />
	<plugin fragment="true" id="org.eclipse.core.contenttype.nl_iw" unpack="false" version="3.5.0.v20090620043401" download-size="2573" install-size="2573" />
	<plugin fragment="true" id="org.eclipse.core.databinding.beans.nl_iw" unpack="false" version="3.5.0.v20090620043401" download-size="1374" install-size="1374" />
	<plugin fragment="true" id="org.eclipse.core.databinding.nl_iw" unpack="false" version="3.5.0.v20090620043401" download-size="2244" install-size="2244" />
	<plugin fragment="true" id="org.eclipse.core.databinding.observable.nl_iw" unpack="false" version="3.5.0.v20090620043401" download-size="1378" install-size="1378" />
	<plugin fragment="true" id="org.eclipse.core.databinding.property.nl_iw" unpack="false" version="3.5.0.v20090620043401" download-size="1376" install-size="1376" />
	<plugin fragment="true" id="org.eclipse.core.expressions.nl_iw" unpack="false" version="3.5.0.v20090620043401" download-size="2737" install-size="2737" />
	<plugin fragment="true" id="org.eclipse.core.expressions.tests.nl_iw" unpack="false" version="3.5.0.v20090620043401" download-size="1373" install-size="1373" />
	<plugin fragment="true" id="org.eclipse.core.filebuffers.nl_iw" unpack="false" version="3.5.0.v20090620043401" download-size="4086" install-size="4086" />
	<plugin fragment="true" id="org.eclipse.core.filebuffers.tests.nl_iw" unpack="false" version="3.5.0.v20090620043401" download-size="1378" install-size="1378" />
	<plugin fragment="true" id="org.eclipse.core.filesystem.nl_iw" unpack="false" version="3.5.0.v20090620043401" download-size="3077" install-size="3077" />
	<plugin fragment="true" id="org.eclipse.core.jobs.nl_iw" unpack="false" version="3.5.0.v20090620043401" download-size="2407" install-size="2407" />
	<plugin fragment="true" id="org.eclipse.core.net.linux.x86.nl_iw" unpack="false" version="3.5.0.v20090620043401" download-size="1376" install-size="1376" />
	<plugin fragment="true" id="org.eclipse.core.net.nl_iw" unpack="false" version="3.5.0.v20090620043401" download-size="1369" install-size="1369" />
	<plugin fragment="true" id="org.eclipse.core.net.win32.x86.nl_iw" unpack="false" version="3.5.0.v20090620043401" download-size="1376" install-size="1376" />
	<plugin fragment="true" id="org.eclipse.core.resources.nl_iw" unpack="false" version="3.5.0.v20090620043401" download-size="8892" install-size="8892" />
	<plugin fragment="true" id="org.eclipse.core.runtime.compatibility.auth.nl_iw" unpack="false" version="3.5.0.v20090620043401" download-size="2479" install-size="2479" />
	<plugin fragment="true" id="org.eclipse.core.runtime.compatibility.nl_iw" unpack="false" version="3.5.0.v20090620043401" download-size="2492" install-size="2492" />
	<plugin fragment="true" id="org.eclipse.core.runtime.nl_iw" unpack="false" version="3.5.0.v20090620043401" download-size="3547" install-size="3547" />
	<plugin fragment="true" id="org.eclipse.core.variables.nl_iw" unpack="false" version="3.5.0.v20090620043401" download-size="2590" install-size="2590" />
	<plugin fragment="true" id="org.eclipse.cvs.nl_iw" unpack="false" version="3.5.0.v20090620043401" download-size="1361" install-size="1361" />
	<plugin fragment="true" id="org.eclipse.debug.core.nl_iw" unpack="false" version="3.5.0.v20090620043401" download-size="6533" install-size="6533" />
	<plugin fragment="true" id="org.eclipse.debug.examples.ui.nl_iw" unpack="false" version="3.5.0.v20090620043401" download-size="2366" install-size="2366" />
	<plugin fragment="true" id="org.eclipse.debug.ui.nl_iw" unpack="false" version="3.5.0.v20090620043401" download-size="31453" install-size="31453" />
	<plugin fragment="true" id="org.eclipse.equinox.app.nl_iw" unpack="false" version="3.5.0.v20090620043401" download-size="2312" install-size="2312" />
	<plugin fragment="true" id="org.eclipse.equinox.cm.nl_iw" unpack="false" version="3.5.0.v20090620043401" download-size="1367" install-size="1367" />
	<plugin fragment="true" id="org.eclipse.equinox.common.nl_iw" unpack="false" version="3.5.0.v20090620043401" download-size="3023" install-size="3023" />
	<plugin fragment="true" id="org.eclipse.equinox.concurrent.nl_iw" unpack="false" version="3.5.0.v20090620043401" download-size="1372" install-size="1372" />
	<plugin fragment="true" id="org.eclipse.equinox.device.nl_iw" unpack="false" version="3.5.0.v20090620043401" download-size="1369" install-size="1369" />
	<plugin fragment="true" id="org.eclipse.equinox.ds.nl_iw" unpack="false" version="3.5.0.v20090620043401" download-size="1367" install-size="1367" />
	<plugin fragment="true" id="org.eclipse.equinox.event.nl_iw" unpack="false" version="3.5.0.v20090620043401" download-size="1368" install-size="1368" />
	<plugin fragment="true" id="org.eclipse.equinox.http.jetty5.nl_iw" unpack="false" version="3.5.0.v20090620043401" download-size="1373" install-size="1373" />
	<plugin fragment="true" id="org.eclipse.equinox.http.jetty6.nl_iw" unpack="false" version="3.5.0.v20090620043401" download-size="1373" install-size="1373" />
	<plugin fragment="true" id="org.eclipse.equinox.http.nl_iw" unpack="false" version="3.5.0.v20090620043401" download-size="1593" install-size="1593" />
	<plugin fragment="true" id="org.eclipse.equinox.http.registry.nl_iw" unpack="false" version="3.5.0.v20090620043401" download-size="1373" install-size="1373" />
	<plugin fragment="true" id="org.eclipse.equinox.http.servlet.nl_iw" unpack="false" version="3.5.0.v20090620043401" download-size="1374" install-size="1374" />
	<plugin fragment="true" id="org.eclipse.equinox.http.servletbridge.nl_iw" unpack="false" version="3.5.0.v20090620043401" download-size="1378" install-size="1378" />
	<plugin fragment="true" id="org.eclipse.equinox.io.nl_iw" unpack="false" version="3.5.0.v20090620043401" download-size="1366" install-size="1366" />
	<plugin fragment="true" id="org.eclipse.equinox.ip.nl_iw" unpack="false" version="3.5.0.v20090620043401" download-size="1366" install-size="1366" />
	<plugin fragment="true" id="org.eclipse.equinox.jsp.jasper.nl_iw" unpack="false" version="3.5.0.v20090620043401" download-size="1372" install-size="1372" />
	<plugin fragment="true" id="org.eclipse.equinox.jsp.jasper.registry.nl_iw" unpack="false" version="3.5.0.v20090620043401" download-size="1377" install-size="1377" />
	<plugin fragment="true" id="org.eclipse.equinox.launcher.carbon.macosx.nl_iw" unpack="false" version="3.5.0.v20090620043401" download-size="1411" install-size="1411" />
	<plugin fragment="true" id="org.eclipse.equinox.launcher.cocoa.macosx.nl_iw" unpack="false" version="3.5.0.v20090620043401" download-size="1408" install-size="1408" />
	<plugin fragment="true" id="org.eclipse.equinox.launcher.gtk.linux.ppc.nl_iw" unpack="false" version="3.5.0.v20090620043401" download-size="1411" install-size="1411" />
	<plugin fragment="true" id="org.eclipse.equinox.launcher.gtk.linux.s390.nl_iw" unpack="false" version="3.5.0.v20090620043401" download-size="1414" install-size="1414" />
	<plugin fragment="true" id="org.eclipse.equinox.launcher.gtk.linux.s390x.nl_iw" unpack="false" version="3.5.0.v20090620043401" download-size="1417" install-size="1417" />
	<plugin fragment="true" id="org.eclipse.equinox.launcher.gtk.linux.x86.nl_iw" unpack="false" version="3.5.0.v20090620043401" download-size="1411" install-size="1411" />
	<plugin fragment="true" id="org.eclipse.equinox.launcher.gtk.solaris.sparc.nl_iw" unpack="false" version="3.5.0.v20090620043401" download-size="1422" install-size="1422" />
	<plugin fragment="true" id="org.eclipse.equinox.launcher.gtk.solaris.x86.nl_iw" unpack="false" version="3.5.0.v20090620043401" download-size="1417" install-size="1417" />
	<plugin fragment="true" id="org.eclipse.equinox.launcher.motif.aix.ppc.nl_iw" unpack="false" version="3.5.0.v20090620043401" download-size="1411" install-size="1411" />
	<plugin fragment="true" id="org.eclipse.equinox.launcher.motif.linux.x86.nl_iw" unpack="false" version="3.5.0.v20090620043401" download-size="1416" install-size="1416" />
	<plugin fragment="true" id="org.eclipse.equinox.launcher.motif.solaris.sparc.nl_iw" unpack="false" version="3.5.0.v20090620043401" download-size="1428" install-size="1428" />
	<plugin fragment="true" id="org.eclipse.equinox.launcher.nl_iw" unpack="false" version="3.5.0.v20090620043401" download-size="1375" install-size="1375" />
	<plugin fragment="true" id="org.eclipse.equinox.launcher.win32.win32.ia64.nl_iw" unpack="false" version="3.5.0.v20090620043401" download-size="1417" install-size="1417" />
	<plugin fragment="true" id="org.eclipse.equinox.launcher.win32.win32.x86.nl_iw" unpack="false" version="3.5.0.v20090620043401" download-size="1414" install-size="1414" />
	<plugin fragment="true" id="org.eclipse.equinox.launcher.wpf.win32.x86.nl_iw" unpack="false" version="3.5.0.v20090620043401" download-size="1412" install-size="1412" />
	<plugin fragment="true" id="org.eclipse.equinox.log.nl_iw" unpack="false" version="3.5.0.v20090620043401" download-size="1367" install-size="1367" />
	<plugin fragment="true" id="org.eclipse.equinox.metatype.nl_iw" unpack="false" version="3.5.0.v20090620043401" download-size="1371" install-size="1371" />
	<plugin fragment="true" id="org.eclipse.equinox.preferences.nl_iw" unpack="false" version="3.5.0.v20090620043401" download-size="2910" install-size="2910" />
	<plugin fragment="true" id="org.eclipse.equinox.registry.nl_iw" unpack="false" version="3.5.0.v20090620043401" download-size="3233" install-size="3233" />
	<plugin fragment="true" id="org.eclipse.equinox.security.nl_iw" unpack="false" version="3.5.0.v20090620043401" download-size="2623" install-size="2623" />
	<plugin fragment="true" id="org.eclipse.equinox.security.ui.nl_iw" unpack="false" version="3.5.0.v20090620043401" download-size="3566" install-size="3566" />
	<plugin fragment="true" id="org.eclipse.equinox.servletbridge.nl_iw" unpack="false" version="3.5.0.v20090620043401" download-size="1374" install-size="1374" />
	<plugin fragment="true" id="org.eclipse.equinox.transforms.xslt.nl_iw" unpack="false" version="3.5.0.v20090620043401" download-size="1374" install-size="1374" />
	<plugin fragment="true" id="org.eclipse.equinox.useradmin.nl_iw" unpack="false" version="3.5.0.v20090620043401" download-size="2273" install-size="2273" />
	<plugin fragment="true" id="org.eclipse.equinox.util.nl_iw" unpack="false" version="3.5.0.v20090620043401" download-size="1367" install-size="1367" />
	<plugin fragment="true" id="org.eclipse.equinox.wireadmin.nl_iw" unpack="false" version="3.5.0.v20090620043401" download-size="1372" install-size="1372" />
	<plugin fragment="true" id="org.eclipse.help.appserver.nl_iw" unpack="false" version="3.5.0.v20090620043401" download-size="2630" install-size="2630" />
	<plugin fragment="true" id="org.eclipse.help.base.nl_iw" unpack="false" version="3.5.0.v20090620043401" download-size="4278" install-size="4278" />
	<plugin fragment="true" id="org.eclipse.help.nl_iw" unpack="false" version="3.5.0.v20090620043401" download-size="1469" install-size="1469" />
	<plugin fragment="true" id="org.eclipse.help.ui.nl_iw" unpack="false" version="3.5.0.v20090620043401" download-size="5461" install-size="5461" />
	<plugin fragment="true" id="org.eclipse.help.webapp.nl_iw" unpack="false" version="3.5.0.v20090620043401" download-size="4685" install-size="4685" />
	<plugin fragment="true" id="org.eclipse.jdt.apt.core.nl_iw" unpack="false" version="3.5.0.v20090620043401" download-size="3684" install-size="3684" />
	<plugin fragment="true" id="org.eclipse.jdt.apt.pluggable.core.nl_iw" unpack="false" version="3.5.0.v20090620043401" download-size="1373" install-size="1373" />
	<plugin fragment="true" id="org.eclipse.jdt.apt.pluggable.tests.nl_iw" unpack="false" version="3.5.0.v20090620043401" download-size="1374" install-size="1374" />
	<plugin fragment="true" id="org.eclipse.jdt.apt.tests.nl_iw" unpack="false" version="3.5.0.v20090620043401" download-size="1368" install-size="1368" />
	<plugin fragment="true" id="org.eclipse.jdt.apt.ui.nl_iw" unpack="false" version="3.5.0.v20090620043401" download-size="4290" install-size="4290" />
	<plugin fragment="true" id="org.eclipse.jdt.compiler.apt.tests.nl_iw" unpack="false" version="3.5.0.v20090620043401" download-size="1373" install-size="1373" />
	<plugin fragment="true" id="org.eclipse.jdt.compiler.tool.tests.nl_iw" unpack="false" version="3.5.0.v20090620043401" download-size="1374" install-size="1374" />
	<plugin fragment="true" id="org.eclipse.jdt.core.manipulation.nl_iw" unpack="false" version="3.5.0.v20090620043401" download-size="3284" install-size="3284" />
	<plugin fragment="true" id="org.eclipse.jdt.core.nl_iw" unpack="false" version="3.5.0.v20090620043401" download-size="26135" install-size="26135" />
	<plugin fragment="true" id="org.eclipse.jdt.core.tests.builder.nl_iw" unpack="false" version="3.5.0.v20090620043401" download-size="1374" install-size="1374" />
	<plugin fragment="true" id="org.eclipse.jdt.core.tests.compiler.nl_iw" unpack="false" version="3.5.0.v20090620043401" download-size="1374" install-size="1374" />
	<plugin fragment="true" id="org.eclipse.jdt.core.tests.model.nl_iw" unpack="false" version="3.5.0.v20090620043401" download-size="11265" install-size="11265" />
	<plugin fragment="true" id="org.eclipse.jdt.core.tests.performance.nl_iw" unpack="false" version="3.5.0.v20090620043401" download-size="1376" install-size="1376" />
	<plugin fragment="true" id="org.eclipse.jdt.debug.nl_iw" unpack="false" version="3.5.0.v20090620043401" download-size="18846" install-size="18846" />
	<plugin fragment="true" id="org.eclipse.jdt.debug.tests.nl_iw" unpack="false" version="3.5.0.v20090620043401" download-size="1370" install-size="1370" />
	<plugin fragment="true" id="org.eclipse.jdt.debug.ui.nl_iw" unpack="false" version="3.5.0.v20090620043401" download-size="25187" install-size="25187" />
	<plugin fragment="true" id="org.eclipse.jdt.doc.isv.nl_iw" unpack="false" version="3.5.0.v20090620043401" download-size="1367" install-size="1367" />
	<plugin fragment="true" id="org.eclipse.jdt.doc.user.nl_iw" unpack="false" version="3.5.0.v20090620043401" download-size="1729" install-size="1729" />
	<plugin fragment="true" id="org.eclipse.jdt.junit.nl_iw" unpack="false" version="3.5.0.v20090620043401" download-size="7552" install-size="7552" />
	<plugin fragment="true" id="org.eclipse.jdt.junit.runtime.nl_iw" unpack="false" version="3.5.0.v20090620043401" download-size="2746" install-size="2746" />
	<plugin fragment="true" id="org.eclipse.jdt.junit4.runtime.nl_iw" unpack="false" version="3.5.0.v20090620043401" download-size="1412" install-size="1412" />
	<plugin fragment="true" id="org.eclipse.jdt.launching.macosx.nl_iw" unpack="false" version="3.5.0.v20090620043401" download-size="1374" install-size="1374" />
	<plugin fragment="true" id="org.eclipse.jdt.launching.nl_iw" unpack="false" version="3.5.0.v20090620043401" download-size="5812" install-size="5812" />
	<plugin fragment="true" id="org.eclipse.jdt.launching.ui.macosx.nl_iw" unpack="false" version="3.5.0.v20090620043401" download-size="2544" install-size="2544" />
	<plugin fragment="true" id="org.eclipse.jdt.nl_iw" unpack="false" version="3.5.0.v20090620043401" download-size="1402" install-size="1402" />
	<plugin fragment="true" id="org.eclipse.jdt.text.tests.nl_iw" unpack="false" version="3.5.0.v20090620043401" download-size="1373" install-size="1373" />
	<plugin fragment="true" id="org.eclipse.jdt.ui.examples.projects.nl_iw" unpack="false" version="3.5.0.v20090620043401" download-size="2581" install-size="2581" />
	<plugin fragment="true" id="org.eclipse.jdt.ui.nl_iw" unpack="false" version="3.5.0.v20090620043401" download-size="138333" install-size="138333" />
	<plugin fragment="true" id="org.eclipse.jdt.ui.tests.nl_iw" unpack="false" version="3.5.0.v20090620043401" download-size="1372" install-size="1372" />
	<plugin fragment="true" id="org.eclipse.jdt.ui.tests.refactoring.nl_iw" unpack="false" version="3.5.0.v20090620043401" download-size="1381" install-size="1381" />
	<plugin fragment="true" id="org.eclipse.jface.databinding.nl_iw" unpack="false" version="3.5.0.v20090620043401" download-size="1394" install-size="1394" />
	<plugin fragment="true" id="org.eclipse.jface.examples.databinding.nl_iw" unpack="false" version="3.5.0.v20090620043401" download-size="1378" install-size="1378" />
	<plugin fragment="true" id="org.eclipse.jface.nl_iw" unpack="false" version="3.5.0.v20090620043401" download-size="9816" install-size="9816" />
	<plugin fragment="true" id="org.eclipse.jface.tests.databinding.conformance.nl_iw" unpack="false" version="3.5.0.v20090620043401" download-size="1383" install-size="1383" />
	<plugin fragment="true" id="org.eclipse.jface.tests.databinding.nl_iw" unpack="false" version="3.5.0.v20090620043401" download-size="1375" install-size="1375" />
	<plugin fragment="true" id="org.eclipse.jface.text.nl_iw" unpack="false" version="3.5.0.v20090620043401" download-size="10587" install-size="10587" />
	<plugin fragment="true" id="org.eclipse.jface.text.tests.nl_iw" unpack="false" version="3.5.0.v20090620043401" download-size="1375" install-size="1375" />
	<plugin fragment="true" id="org.eclipse.jsch.core.nl_iw" unpack="false" version="3.5.0.v20090620043401" download-size="2335" install-size="2335" />
	<plugin fragment="true" id="org.eclipse.jsch.ui.nl_iw" unpack="false" version="3.5.0.v20090620043401" download-size="3934" install-size="3934" />
	<plugin fragment="true" id="org.eclipse.ltk.core.refactoring.nl_iw" unpack="false" version="3.5.0.v20090620043401" download-size="4266" install-size="4266" />
	<plugin fragment="true" id="org.eclipse.ltk.core.refactoring.tests.nl_iw" unpack="false" version="3.5.0.v20090620043401" download-size="1376" install-size="1376" />
	<plugin fragment="true" id="org.eclipse.ltk.ui.refactoring.nl_iw" unpack="false" version="3.5.0.v20090620043401" download-size="7447" install-size="7447" />
	<plugin fragment="true" id="org.eclipse.ltk.ui.refactoring.tests.nl_iw" unpack="false" version="3.5.0.v20090620043401" download-size="1376" install-size="1376" />
	<plugin fragment="true" id="org.eclipse.osgi.nl_iw" unpack="false" version="3.5.0.v20090620043401" download-size="6303" install-size="6303" />
	<plugin fragment="true" id="org.eclipse.osgi.services.nl_iw" unpack="false" version="3.5.0.v20090620043401" download-size="1586" install-size="1586" />
	<plugin fragment="true" id="org.eclipse.osgi.util.nl_iw" unpack="false" version="3.5.0.v20090620043401" download-size="1582" install-size="1582" />
	<plugin fragment="true" id="org.eclipse.pde.api.tools.nl_iw" unpack="false" version="3.5.0.v20090620043401" download-size="3140" install-size="3140" />
	<plugin fragment="true" id="org.eclipse.pde.api.tools.ui.nl_iw" unpack="false" version="3.5.0.v20090620043401" download-size="5233" install-size="5233" />
	<plugin fragment="true" id="org.eclipse.pde.build.nl_iw" unpack="false" version="3.5.0.v20090620043401" download-size="4739" install-size="4739" />
	<plugin fragment="true" id="org.eclipse.pde.build.tests.nl_iw" unpack="false" version="3.5.0.v20090620043401" download-size="1371" install-size="1371" />
	<plugin fragment="true" id="org.eclipse.pde.core.nl_iw" unpack="false" version="3.5.0.v20090620043401" download-size="2632" install-size="2632" />
	<plugin fragment="true" id="org.eclipse.pde.doc.user.nl_iw" unpack="false" version="3.5.0.v20090620043401" download-size="1399" install-size="1399" />
	<plugin fragment="true" id="org.eclipse.pde.ds.core.nl_iw" unpack="false" version="3.5.0.v20090620043401" download-size="1350" install-size="1350" />
	<plugin fragment="true" id="org.eclipse.pde.ds.tests.nl_iw" unpack="false" version="3.5.0.v20090620043401" download-size="1367" install-size="1367" />
	<plugin fragment="true" id="org.eclipse.pde.ds.ui.nl_iw" unpack="false" version="3.5.0.v20090620043401" download-size="2867" install-size="2867" />
	<plugin fragment="true" id="org.eclipse.pde.junit.runtime.nl_iw" unpack="false" version="3.5.0.v20090620043401" download-size="1371" install-size="1371" />
	<plugin fragment="true" id="org.eclipse.pde.nl_iw" unpack="false" version="3.5.0.v20090620043401" download-size="1391" install-size="1391" />
	<plugin fragment="true" id="org.eclipse.pde.runtime.nl_iw" unpack="false" version="3.5.0.v20090620043401" download-size="2568" install-size="2568" />
	<plugin fragment="true" id="org.eclipse.pde.tools.versioning.nl_iw" unpack="false" version="3.5.0.v20090620043401" download-size="1380" install-size="1380" />
	<plugin fragment="true" id="org.eclipse.pde.ua.core.nl_iw" unpack="false" version="3.5.0.v20090620043401" download-size="1367" install-size="1367" />
	<plugin fragment="true" id="org.eclipse.pde.ua.ui.nl_iw" unpack="false" version="3.5.0.v20090620043401" download-size="10745" install-size="10745" />
	<plugin fragment="true" id="org.eclipse.pde.ui.nl_iw" unpack="false" version="3.5.0.v20090620043401" download-size="29529" install-size="29529" />
	<plugin fragment="true" id="org.eclipse.pde.ui.templates.nl_iw" unpack="false" version="3.5.0.v20090620043401" download-size="2708" install-size="2708" />
	<plugin fragment="true" id="org.eclipse.platform.doc.isv.nl_iw" unpack="false" version="3.5.0.v20090620043401" download-size="1371" install-size="1371" />
	<plugin fragment="true" id="org.eclipse.platform.doc.user.nl_iw" unpack="false" version="3.5.0.v20090620043401" download-size="1423" install-size="1423" />
	<plugin fragment="true" id="org.eclipse.platform.nl_iw" unpack="false" version="3.5.0.v20090620043401" download-size="2382" install-size="2382" />
	<plugin fragment="true" id="org.eclipse.rcp.nl_iw" unpack="false" version="3.5.0.v20090620043401" download-size="1753" install-size="1753" />
	<plugin fragment="true" id="org.eclipse.releng.tools.nl_iw" unpack="false" version="3.5.0.v20090620043401" download-size="2229" install-size="2229" />
	<plugin fragment="true" id="org.eclipse.sdk.examples.nl_iw" unpack="false" version="3.5.0.v20090620043401" download-size="1368" install-size="1368" />
	<plugin fragment="true" id="org.eclipse.sdk.nl_iw" unpack="false" version="3.5.0.v20090620043401" download-size="2845" install-size="2845" />
	<plugin fragment="true" id="org.eclipse.sdk.tests.nl_iw" unpack="false" version="3.5.0.v20090620043401" download-size="1366" install-size="1366" />
	<plugin fragment="true" id="org.eclipse.search.nl_iw" unpack="false" version="3.5.0.v20090620043401" download-size="8329" install-size="8329" />
	<plugin fragment="true" id="org.eclipse.search.tests.nl_iw" unpack="false" version="3.5.0.v20090620043401" download-size="1367" install-size="1367" />
	<plugin fragment="true" id="org.eclipse.swt.examples.browser.demos.nl_iw" unpack="false" version="3.5.0.v20090620043401" download-size="1376" install-size="1376" />
	<plugin fragment="true" id="org.eclipse.swt.examples.browser.nl_iw" unpack="false" version="3.5.0.v20090620043401" download-size="1434" install-size="1434" />
	<plugin fragment="true" id="org.eclipse.swt.examples.controls.nl_iw" unpack="false" version="3.5.0.v20090620043401" download-size="1372" install-size="1372" />
	<plugin fragment="true" id="org.eclipse.swt.examples.launcher.nl_iw" unpack="false" version="3.5.0.v20090620043401" download-size="1469" install-size="1469" />
	<plugin fragment="true" id="org.eclipse.swt.examples.layouts.nl_iw" unpack="false" version="3.5.0.v20090620043401" download-size="1372" install-size="1372" />
	<plugin fragment="true" id="org.eclipse.swt.examples.nl_iw" unpack="false" version="3.5.0.v20090620043401" download-size="5922" install-size="5922" />
	<plugin fragment="true" id="org.eclipse.swt.examples.ole.win32.nl_iw" unpack="false" version="3.5.0.v20090620043401" download-size="1495" install-size="1495" />
	<plugin fragment="true" id="org.eclipse.swt.examples.paint.nl_iw" unpack="false" version="3.5.0.v20090620043401" download-size="1371" install-size="1371" />
	<plugin fragment="true" id="org.eclipse.swt.nl_iw" unpack="false" version="3.5.0.v20090620043401" download-size="2282" install-size="2282" />
	<plugin fragment="true" id="org.eclipse.swt.tests.nl_iw" unpack="false" version="3.5.0.v20090620043401" download-size="1378" install-size="1378" />
	<plugin fragment="true" id="org.eclipse.swt.tools.nl_iw" unpack="false" version="3.5.0.v20090620043401" download-size="1365" install-size="1365" />
	<plugin fragment="true" id="org.eclipse.team.core.nl_iw" unpack="false" version="3.5.0.v20090620043401" download-size="4602" install-size="4602" />
	<plugin fragment="true" id="org.eclipse.team.cvs.core.nl_iw" unpack="false" version="3.5.0.v20090620043401" download-size="8919" install-size="8919" />
	<plugin fragment="true" id="org.eclipse.team.cvs.ssh.nl_iw" unpack="false" version="3.5.0.v20090620043401" download-size="3061" install-size="3061" />
	<plugin fragment="true" id="org.eclipse.team.cvs.ssh2.nl_iw" unpack="false" version="3.5.0.v20090620043401" download-size="3663" install-size="3663" />
	<plugin fragment="true" id="org.eclipse.team.cvs.ui.nl_iw" unpack="false" version="3.5.0.v20090620043401" download-size="29776" install-size="29776" />
	<plugin fragment="true" id="org.eclipse.team.examples.filesystem.nl_iw" unpack="false" version="3.5.0.v20090620043401" download-size="2356" install-size="2356" />
	<plugin fragment="true" id="org.eclipse.team.tests.cvs.core.nl_iw" unpack="false" version="3.5.0.v20090620043401" download-size="1427" install-size="1427" />
	<plugin fragment="true" id="org.eclipse.team.ui.nl_iw" unpack="false" version="3.5.0.v20090620043401" download-size="13274" install-size="13274" />
	<plugin fragment="true" id="org.eclipse.text.nl_iw" unpack="false" version="3.5.0.v20090620043401" download-size="3788" install-size="3788" />
	<plugin fragment="true" id="org.eclipse.text.tests.nl_iw" unpack="false" version="3.5.0.v20090620043401" download-size="1371" install-size="1371" />
	<plugin fragment="true" id="org.eclipse.ui.browser.nl_iw" unpack="false" version="3.5.0.v20090620043401" download-size="3885" install-size="3885" />
	<plugin fragment="true" id="org.eclipse.ui.cheatsheets.nl_iw" unpack="false" version="3.5.0.v20090620043401" download-size="6021" install-size="6021" />
	<plugin fragment="true" id="org.eclipse.ui.console.nl_iw" unpack="false" version="3.5.0.v20090620043401" download-size="3473" install-size="3473" />
	<plugin fragment="true" id="org.eclipse.ui.editors.nl_iw" unpack="false" version="3.5.0.v20090620043401" download-size="13018" install-size="13018" />
	<plugin fragment="true" id="org.eclipse.ui.editors.tests.nl_iw" unpack="false" version="3.5.0.v20090620043401" download-size="1375" install-size="1375" />
	<plugin fragment="true" id="org.eclipse.ui.examples.contributions.nl_iw" unpack="false" version="3.5.0.v20090620043401" download-size="1542" install-size="1542" />
	<plugin fragment="true" id="org.eclipse.ui.examples.fieldassist.nl_iw" unpack="false" version="3.5.0.v20090620043401" download-size="2286" install-size="2286" />
	<plugin fragment="true" id="org.eclipse.ui.examples.javaeditor.nl_iw" unpack="false" version="3.5.0.v20090620043401" download-size="2367" install-size="2367" />
	<plugin fragment="true" id="org.eclipse.ui.examples.multipageeditor.nl_iw" unpack="false" version="3.5.0.v20090620043401" download-size="2315" install-size="2315" />
	<plugin fragment="true" id="org.eclipse.ui.examples.propertysheet.nl_iw" unpack="false" version="3.5.0.v20090620043401" download-size="2268" install-size="2268" />
	<plugin fragment="true" id="org.eclipse.ui.examples.readmetool.nl_iw" unpack="false" version="3.5.0.v20090620043401" download-size="2341" install-size="2341" />
	<plugin fragment="true" id="org.eclipse.ui.examples.undo.nl_iw" unpack="false" version="3.5.0.v20090620043401" download-size="2204" install-size="2204" />
	<plugin fragment="true" id="org.eclipse.ui.examples.views.properties.tabbed.article.nl_iw" unpack="false" version="3.5.0.v20090620043401" download-size="1442" install-size="1442" />
	<plugin fragment="true" id="org.eclipse.ui.externaltools.nl_iw" unpack="false" version="3.5.0.v20090620043401" download-size="9352" install-size="9352" />
	<plugin fragment="true" id="org.eclipse.ui.forms.nl_iw" unpack="false" version="3.5.0.v20090620043401" download-size="2292" install-size="2292" />
	<plugin fragment="true" id="org.eclipse.ui.ide.application.nl_iw" unpack="false" version="3.5.0.v20090620043401" download-size="1513" install-size="1513" />
	<plugin fragment="true" id="org.eclipse.ui.ide.nl_iw" unpack="false" version="3.5.0.v20090620043401" download-size="31956" install-size="31956" />
	<plugin fragment="true" id="org.eclipse.ui.intro.nl_iw" unpack="false" version="3.5.0.v20090620043401" download-size="3823" install-size="3823" />
	<plugin fragment="true" id="org.eclipse.ui.intro.universal.nl_iw" unpack="false" version="3.5.0.v20090620043401" download-size="6042" install-size="6042" />
	<plugin fragment="true" id="org.eclipse.ui.navigator.nl_iw" unpack="false" version="3.5.0.v20090620043401" download-size="3938" install-size="3938" />
	<plugin fragment="true" id="org.eclipse.ui.navigator.resources.nl_iw" unpack="false" version="3.5.0.v20090620043401" download-size="3574" install-size="3574" />
	<plugin fragment="true" id="org.eclipse.ui.net.nl_iw" unpack="false" version="3.5.0.v20090620043401" download-size="2421" install-size="2421" />
	<plugin fragment="true" id="org.eclipse.ui.nl_iw" unpack="false" version="3.5.0.v20090620043401" download-size="5302" install-size="5302" />
	<plugin fragment="true" id="org.eclipse.ui.presentations.r21.nl_iw" unpack="false" version="3.5.0.v20090620043401" download-size="2574" install-size="2574" />
	<plugin fragment="true" id="org.eclipse.ui.tests.views.properties.tabbed.nl_iw" unpack="false" version="3.5.0.v20090620043401" download-size="1411" install-size="1411" />
	<plugin fragment="true" id="org.eclipse.ui.views.log.nl_iw" unpack="false" version="3.5.0.v20090620043401" download-size="2754" install-size="2754" />
	<plugin fragment="true" id="org.eclipse.ui.views.nl_iw" unpack="false" version="3.5.0.v20090620043401" download-size="3245" install-size="3245" />
	<plugin fragment="true" id="org.eclipse.ui.views.properties.tabbed.nl_iw" unpack="false" version="3.5.0.v20090620043401" download-size="3094" install-size="3094" />
	<plugin fragment="true" id="org.eclipse.ui.workbench.nl_iw" unpack="false" version="3.5.0.v20090620043401" download-size="28024" install-size="28024" />
	<plugin fragment="true" id="org.eclipse.ui.workbench.texteditor.nl_iw" unpack="false" version="3.5.0.v20090620043401" download-size="12431" install-size="12431" />
	<plugin fragment="true" id="org.eclipse.ui.workbench.texteditor.tests.nl_iw" unpack="false" version="3.5.0.v20090620043401" download-size="1383" install-size="1383" />
	<plugin fragment="true" id="org.eclipse.update.configurator.nl_iw" unpack="false" version="3.5.0.v20090620043401" download-size="3588" install-size="3588" />
	<plugin fragment="true" id="org.eclipse.update.core.nl_iw" unpack="false" version="3.5.0.v20090620043401" download-size="7784" install-size="7784" />
	<plugin fragment="true" id="org.eclipse.update.scheduler.nl_iw" unpack="false" version="3.5.0.v20090620043401" download-size="2951" install-size="2951" />
	<plugin fragment="true" id="org.eclipse.update.tests.core.nl_iw" unpack="false" version="3.5.0.v20090620043401" download-size="1370" install-size="1370" />
	<plugin fragment="true" id="org.eclipse.update.ui.nl_iw" unpack="false" version="3.5.0.v20090620043401" download-size="10250" install-size="10250" />
	<plugin fragment="true" id="org.junit4.nl_iw" unpack="false" version="3.5.0.v20090620043401" download-size="1359" install-size="1359" />
	<plugin fragment="true" id="security.a.nl_iw" unpack="false" version="3.5.0.v20090620043401" download-size="1367" install-size="1367" />
</feature>