<?xml version="1.0" encoding="UTF-8" ?>
<feature
	id="org.eclipse.babel.nls_stp.bpmn_zh"
	label="Babel Language Pack for stp.bpmn in Chinese (Simplified) (19.27%)"
	image="eclipse_update_120.jpg"
	provider-name="%providerName"
	version="3.5.0.v20090620043401">
	<copyright>
		%copyright
	</copyright>
	<license url="%licenseURL">
		%license
	</license>
	<description>Babel Language Pack for stp.bpmn in Chinese (Simplified)</description>
	<plugin fragment="true" id="org.eclipse.stp.bpmn.diagram.nl_zh" unpack="false" version="3.5.0.v20090620043401" download-size="2776" install-size="2776" />
	<plugin fragment="true" id="org.eclipse.stp.bpmn.edit.nl_zh" unpack="false" version="3.5.0.v20090620043401" download-size="2338" install-size="2338" />
	<plugin fragment="true" id="org.eclipse.stp.bpmn.nl_zh" unpack="false" version="3.5.0.v20090620043401" download-size="2278" install-size="2278" />
	<plugin fragment="true" id="org.eclipse.stp.bpmn.validation.nl_zh" unpack="false" version="3.5.0.v20090620043401" download-size="2326" install-size="2326" />
</feature>