<?xml version="1.0" encoding="UTF-8" ?>
<feature
	id="org.eclipse.babel.nls_rt.rap_pl"
	label="Babel Language Pack for rt.rap in Polish (81.45%)"
	image="eclipse_update_120.jpg"
	provider-name="%providerName"
	version="3.5.0.v20090620043401">
	<copyright>
		%copyright
	</copyright>
	<license url="%licenseURL">
		%license
	</license>
	<description>Babel Language Pack for rt.rap in Polish</description>
	<plugin fragment="true" id="org.eclipse.rap.design.example.nl_pl" unpack="false" version="3.5.0.v20090620043401" download-size="1372" install-size="1372" />
	<plugin fragment="true" id="org.eclipse.rap.jface.databinding.nl_pl" unpack="false" version="3.5.0.v20090620043401" download-size="1418" install-size="1418" />
	<plugin fragment="true" id="org.eclipse.rap.jface.nl_pl" unpack="false" version="3.5.0.v20090620043401" download-size="10182" install-size="10182" />
	<plugin fragment="true" id="org.eclipse.rap.rwt.nl_pl" unpack="false" version="3.5.0.v20090620043401" download-size="3077" install-size="3077" />
	<plugin fragment="true" id="org.eclipse.rap.rwt.test.nl_pl" unpack="false" version="3.5.0.v20090620043401" download-size="1373" install-size="1373" />
	<plugin fragment="true" id="org.eclipse.rap.ui.forms.nl_pl" unpack="false" version="3.5.0.v20090620043401" download-size="2286" install-size="2286" />
	<plugin fragment="true" id="org.eclipse.rap.ui.help.nl_pl" unpack="false" version="3.5.0.v20090620043401" download-size="1367" install-size="1367" />
	<plugin fragment="true" id="org.eclipse.rap.ui.intro.nl_pl" unpack="false" version="3.5.0.v20090620043401" download-size="2553" install-size="2553" />
	<plugin fragment="true" id="org.eclipse.rap.ui.launch.nl_pl" unpack="false" version="3.5.0.v20090620043401" download-size="2506" install-size="2506" />
	<plugin fragment="true" id="org.eclipse.rap.ui.nl_pl" unpack="false" version="3.5.0.v20090620043401" download-size="5202" install-size="5202" />
	<plugin fragment="true" id="org.eclipse.rap.ui.templates.nl_pl" unpack="false" version="3.5.0.v20090620043401" download-size="2613" install-size="2613" />
	<plugin fragment="true" id="org.eclipse.rap.ui.views.nl_pl" unpack="false" version="3.5.0.v20090620043401" download-size="3209" install-size="3209" />
	<plugin fragment="true" id="org.eclipse.rap.ui.workbench.nl_pl" unpack="false" version="3.5.0.v20090620043401" download-size="26116" install-size="26116" />
</feature>