<?xml version="1.0" encoding="UTF-8" ?>
<feature
	id="org.eclipse.babel.nls_birt_ko"
	label="Babel Language Pack for birt in Korean (87.93%)"
	image="eclipse_update_120.jpg"
	provider-name="%providerName"
	version="3.5.0.v20090620043401">
	<copyright>
		%copyright
	</copyright>
	<license url="%licenseURL">
		%license
	</license>
	<description>Babel Language Pack for birt in Korean</description>
	<plugin fragment="true" id="com.lowagie.itext.nl_ko" unpack="false" version="3.5.0.v20090620043401" download-size="1522" install-size="1522" />
	<plugin fragment="true" id="org.apache.derby.core.nl_ko" unpack="false" version="3.5.0.v20090620043401" download-size="1523" install-size="1523" />
	<plugin fragment="true" id="org.eclipse.birt.chart.cshelp.nl_ko" unpack="false" version="3.5.0.v20090620043401" download-size="1765" install-size="1765" />
	<plugin fragment="true" id="org.eclipse.birt.chart.device.extension.nl_ko" unpack="false" version="3.5.0.v20090620043401" download-size="3828" install-size="3828" />
	<plugin fragment="true" id="org.eclipse.birt.chart.device.svg.nl_ko" unpack="false" version="3.5.0.v20090620043401" download-size="2953" install-size="2953" />
	<plugin fragment="true" id="org.eclipse.birt.chart.device.swt.nl_ko" unpack="false" version="3.5.0.v20090620043401" download-size="3114" install-size="3114" />
	<plugin fragment="true" id="org.eclipse.birt.chart.doc.isv.nl_ko" unpack="false" version="3.5.0.v20090620043401" download-size="1534" install-size="1534" />
	<plugin fragment="true" id="org.eclipse.birt.chart.engine.extension.nl_ko" unpack="false" version="3.5.0.v20090620043401" download-size="5418" install-size="5418" />
	<plugin fragment="true" id="org.eclipse.birt.chart.engine.nl_ko" unpack="false" version="3.5.0.v20090620043401" download-size="9651" install-size="9651" />
	<plugin fragment="true" id="org.eclipse.birt.chart.examples.nl_ko" unpack="false" version="3.5.0.v20090620043401" download-size="6076" install-size="6076" />
	<plugin fragment="true" id="org.eclipse.birt.chart.integration.wtp.ui.nl_ko" unpack="false" version="3.5.0.v20090620043401" download-size="4612" install-size="4612" />
	<plugin fragment="true" id="org.eclipse.birt.chart.reportitem.nl_ko" unpack="false" version="3.5.0.v20090620043401" download-size="3908" install-size="3908" />
	<plugin fragment="true" id="org.eclipse.birt.chart.reportitem.ui.nl_ko" unpack="false" version="3.5.0.v20090620043401" download-size="4753" install-size="4753" />
	<plugin fragment="true" id="org.eclipse.birt.chart.runtime.nl_ko" unpack="false" version="3.5.0.v20090620043401" download-size="1533" install-size="1533" />
	<plugin fragment="true" id="org.eclipse.birt.chart.ui.extension.nl_ko" unpack="false" version="3.5.0.v20090620043401" download-size="16414" install-size="16414" />
	<plugin fragment="true" id="org.eclipse.birt.chart.ui.nl_ko" unpack="false" version="3.5.0.v20090620043401" download-size="4250" install-size="4250" />
	<plugin fragment="true" id="org.eclipse.birt.core.nl_ko" unpack="false" version="3.5.0.v20090620043401" download-size="2262" install-size="2262" />
	<plugin fragment="true" id="org.eclipse.birt.core.script.function.nl_ko" unpack="false" version="3.5.0.v20090620043401" download-size="1456" install-size="1456" />
	<plugin fragment="true" id="org.eclipse.birt.core.ui.nl_ko" unpack="false" version="3.5.0.v20090620043401" download-size="2971" install-size="2971" />
	<plugin fragment="true" id="org.eclipse.birt.cshelp.nl_ko" unpack="false" version="3.5.0.v20090620043401" download-size="1538" install-size="1538" />
	<plugin fragment="true" id="org.eclipse.birt.data.aggregation.nl_ko" unpack="false" version="3.5.0.v20090620043401" download-size="3853" install-size="3853" />
	<plugin fragment="true" id="org.eclipse.birt.data.nl_ko" unpack="false" version="3.5.0.v20090620043401" download-size="10511" install-size="10511" />
	<plugin fragment="true" id="org.eclipse.birt.data.tests.nl_ko" unpack="false" version="3.5.0.v20090620043401" download-size="1383" install-size="1383" />
	<plugin fragment="true" id="org.eclipse.birt.doc.isv.nl_ko" unpack="false" version="3.5.0.v20090620043401" download-size="1529" install-size="1529" />
	<plugin fragment="true" id="org.eclipse.birt.doc.nl_ko" unpack="false" version="3.5.0.v20090620043401" download-size="1522" install-size="1522" />
	<plugin fragment="true" id="org.eclipse.birt.example.nl_ko" unpack="false" version="3.5.0.v20090620043401" download-size="1522" install-size="1522" />
	<plugin fragment="true" id="org.eclipse.birt.integration.wtp.ui.nl_ko" unpack="false" version="3.5.0.v20090620043401" download-size="4624" install-size="4624" />
	<plugin fragment="true" id="org.eclipse.birt.nl_ko" unpack="false" version="3.5.0.v20090620043401" download-size="1411" install-size="1411" />
	<plugin fragment="true" id="org.eclipse.birt.report.data.adapter.nl_ko" unpack="false" version="3.5.0.v20090620043401" download-size="3030" install-size="3030" />
	<plugin fragment="true" id="org.eclipse.birt.report.data.oda.jdbc.dbprofile.nl_ko" unpack="false" version="3.5.0.v20090620043401" download-size="2014" install-size="2014" />
	<plugin fragment="true" id="org.eclipse.birt.report.data.oda.jdbc.dbprofile.sampledb.nl_ko" unpack="false" version="3.5.0.v20090620043401" download-size="3414" install-size="3414" />
	<plugin fragment="true" id="org.eclipse.birt.report.data.oda.jdbc.dbprofile.ui.nl_ko" unpack="false" version="3.5.0.v20090620043401" download-size="1700" install-size="1700" />
	<plugin fragment="true" id="org.eclipse.birt.report.data.oda.jdbc.nl_ko" unpack="false" version="3.5.0.v20090620043401" download-size="4820" install-size="4820" />
	<plugin fragment="true" id="org.eclipse.birt.report.data.oda.jdbc.ui.nl_ko" unpack="false" version="3.5.0.v20090620043401" download-size="5794" install-size="5794" />
	<plugin fragment="true" id="org.eclipse.birt.report.data.oda.sampledb.nl_ko" unpack="false" version="3.5.0.v20090620043401" download-size="1678" install-size="1678" />
	<plugin fragment="true" id="org.eclipse.birt.report.data.oda.sampledb.ui.nl_ko" unpack="false" version="3.5.0.v20090620043401" download-size="3491" install-size="3491" />
	<plugin fragment="true" id="org.eclipse.birt.report.data.oda.xml.nl_ko" unpack="false" version="3.5.0.v20090620043401" download-size="3234" install-size="3234" />
	<plugin fragment="true" id="org.eclipse.birt.report.data.oda.xml.ui.nl_ko" unpack="false" version="3.5.0.v20090620043401" download-size="1778" install-size="1778" />
	<plugin fragment="true" id="org.eclipse.birt.report.debug.core.nl_ko" unpack="false" version="3.5.0.v20090620043401" download-size="1549" install-size="1549" />
	<plugin fragment="true" id="org.eclipse.birt.report.debug.ui.nl_ko" unpack="false" version="3.5.0.v20090620043401" download-size="3372" install-size="3372" />
	<plugin fragment="true" id="org.eclipse.birt.report.designer.core.nl_ko" unpack="false" version="3.5.0.v20090620043401" download-size="42634" install-size="42634" />
	<plugin fragment="true" id="org.eclipse.birt.report.designer.nl_ko" unpack="false" version="3.5.0.v20090620043401" download-size="1544" install-size="1544" />
	<plugin fragment="true" id="org.eclipse.birt.report.designer.tests.nl_ko" unpack="false" version="3.5.0.v20090620043401" download-size="2671" install-size="2671" />
	<plugin fragment="true" id="org.eclipse.birt.report.designer.ui.cubebuilder.nl_ko" unpack="false" version="3.5.0.v20090620043401" download-size="4537" install-size="4537" />
	<plugin fragment="true" id="org.eclipse.birt.report.designer.ui.editor.script.nl_ko" unpack="false" version="3.5.0.v20090620043401" download-size="1443" install-size="1443" />
	<plugin fragment="true" id="org.eclipse.birt.report.designer.ui.editor.xml.wtp.nl_ko" unpack="false" version="3.5.0.v20090620043401" download-size="1835" install-size="1835" />
	<plugin fragment="true" id="org.eclipse.birt.report.designer.ui.editors.nl_ko" unpack="false" version="3.5.0.v20090620043401" download-size="1462" install-size="1462" />
	<plugin fragment="true" id="org.eclipse.birt.report.designer.ui.editors.schematic.nl_ko" unpack="false" version="3.5.0.v20090620043401" download-size="1566" install-size="1566" />
	<plugin fragment="true" id="org.eclipse.birt.report.designer.ui.ide.nl_ko" unpack="false" version="3.5.0.v20090620043401" download-size="1851" install-size="1851" />
	<plugin fragment="true" id="org.eclipse.birt.report.designer.ui.lib.explorer.nl_ko" unpack="false" version="3.5.0.v20090620043401" download-size="1410" install-size="1410" />
	<plugin fragment="true" id="org.eclipse.birt.report.designer.ui.lib.nl_ko" unpack="false" version="3.5.0.v20090620043401" download-size="1686" install-size="1686" />
	<plugin fragment="true" id="org.eclipse.birt.report.designer.ui.nl_ko" unpack="false" version="3.5.0.v20090620043401" download-size="1921" install-size="1921" />
	<plugin fragment="true" id="org.eclipse.birt.report.designer.ui.preview.nl_ko" unpack="false" version="3.5.0.v20090620043401" download-size="1538" install-size="1538" />
	<plugin fragment="true" id="org.eclipse.birt.report.designer.ui.preview.web.nl_ko" unpack="false" version="3.5.0.v20090620043401" download-size="1566" install-size="1566" />
	<plugin fragment="true" id="org.eclipse.birt.report.designer.ui.rcp.nl_ko" unpack="false" version="3.5.0.v20090620043401" download-size="3445" install-size="3445" />
	<plugin fragment="true" id="org.eclipse.birt.report.designer.ui.samples.ide.nl_ko" unpack="false" version="3.5.0.v20090620043401" download-size="3368" install-size="3368" />
	<plugin fragment="true" id="org.eclipse.birt.report.designer.ui.samplesview.nl_ko" unpack="false" version="3.5.0.v20090620043401" download-size="7173" install-size="7173" />
	<plugin fragment="true" id="org.eclipse.birt.report.designer.ui.views.nl_ko" unpack="false" version="3.5.0.v20090620043401" download-size="1477" install-size="1477" />
	<plugin fragment="true" id="org.eclipse.birt.report.engine.dataextraction.csv.nl_ko" unpack="false" version="3.5.0.v20090620043401" download-size="1390" install-size="1390" />
	<plugin fragment="true" id="org.eclipse.birt.report.engine.emitter.config.html.nl_ko" unpack="false" version="3.5.0.v20090620043401" download-size="2861" install-size="2861" />
	<plugin fragment="true" id="org.eclipse.birt.report.engine.emitter.config.pdf.nl_ko" unpack="false" version="3.5.0.v20090620043401" download-size="2741" install-size="2741" />
	<plugin fragment="true" id="org.eclipse.birt.report.engine.nl_ko" unpack="false" version="3.5.0.v20090620043401" download-size="4505" install-size="4505" />
	<plugin fragment="true" id="org.eclipse.birt.report.item.crosstab.core.nl_ko" unpack="false" version="3.5.0.v20090620043401" download-size="5038" install-size="5038" />
	<plugin fragment="true" id="org.eclipse.birt.report.item.crosstab.ui.nl_ko" unpack="false" version="3.5.0.v20090620043401" download-size="6146" install-size="6146" />
	<plugin fragment="true" id="org.eclipse.birt.report.model.nl_ko" unpack="false" version="3.5.0.v20090620043401" download-size="39936" install-size="39936" />
	<plugin fragment="true" id="org.eclipse.birt.report.model.tests.nl_ko" unpack="false" version="3.5.0.v20090620043401" download-size="2640" install-size="2640" />
	<plugin fragment="true" id="org.eclipse.birt.report.runtime.nl_ko" unpack="false" version="3.5.0.v20090620043401" download-size="1539" install-size="1539" />
	<plugin fragment="true" id="org.eclipse.birt.report.viewer.nl_ko" unpack="false" version="3.5.0.v20090620043401" download-size="6568" install-size="6568" />
	<plugin fragment="true" id="org.eclipse.birt.resources.nl_ko" unpack="false" version="3.5.0.v20090620043401" download-size="1553" install-size="1553" />
	<plugin fragment="true" id="org.eclipse.birt.sdk.nl_ko" unpack="false" version="3.5.0.v20090620043401" download-size="1542" install-size="1542" />
	<plugin fragment="true" id="org.eclipse.birt.tests.data.nl_ko" unpack="false" version="3.5.0.v20090620043401" download-size="1383" install-size="1383" />
</feature>