<?xml version="1.0" encoding="UTF-8" ?>
<feature
	id="org.eclipse.babel.nls_webtools.jeetools_mn"
	label="Babel Language Pack for webtools.jeetools in Mongolian (1.13%)"
	image="eclipse_update_120.jpg"
	provider-name="%providerName"
	version="3.5.0.v20090620043401">
	<copyright>
		%copyright
	</copyright>
	<license url="%licenseURL">
		%license
	</license>
	<description>Babel Language Pack for webtools.jeetools in Mongolian</description>
	<plugin fragment="true" id="org.eclipse.jem.beaninfo.nl_mn" unpack="false" version="3.5.0.v20090620043401" download-size="1369" install-size="1369" />
	<plugin fragment="true" id="org.eclipse.jem.beaninfo.vm.common.nl_mn" unpack="false" version="3.5.0.v20090620043401" download-size="1379" install-size="1379" />
	<plugin fragment="true" id="org.eclipse.jem.beaninfo.vm.nl_mn" unpack="false" version="3.5.0.v20090620043401" download-size="1375" install-size="1375" />
	<plugin fragment="true" id="org.eclipse.jem.nl_mn" unpack="false" version="3.5.0.v20090620043401" download-size="1363" install-size="1363" />
	<plugin fragment="true" id="org.eclipse.jem.proxy.nl_mn" unpack="false" version="3.5.0.v20090620043401" download-size="1367" install-size="1367" />
	<plugin fragment="true" id="org.eclipse.jem.tests.nl_mn" unpack="false" version="3.5.0.v20090620043401" download-size="1367" install-size="1367" />
	<plugin fragment="true" id="org.eclipse.jem.workbench.nl_mn" unpack="false" version="3.5.0.v20090620043401" download-size="1370" install-size="1370" />
	<plugin fragment="true" id="org.eclipse.jst.j2ee.core.nl_mn" unpack="false" version="3.5.0.v20090620043401" download-size="1648" install-size="1648" />
	<plugin fragment="true" id="org.eclipse.jst.j2ee.doc.user.nl_mn" unpack="false" version="3.5.0.v20090620043401" download-size="1373" install-size="1373" />
	<plugin fragment="true" id="org.eclipse.jst.j2ee.infopop.nl_mn" unpack="false" version="3.5.0.v20090620043401" download-size="1372" install-size="1372" />
	<plugin fragment="true" id="org.eclipse.jst.j2ee.jca.nl_mn" unpack="false" version="3.5.0.v20090620043401" download-size="1370" install-size="1370" />
	<plugin fragment="true" id="org.eclipse.jst.j2ee.jca.ui.nl_mn" unpack="false" version="3.5.0.v20090620043401" download-size="1369" install-size="1369" />
	<plugin fragment="true" id="org.eclipse.jst.j2ee.navigator.ui.nl_mn" unpack="false" version="3.5.0.v20090620043401" download-size="1379" install-size="1379" />
	<plugin fragment="true" id="org.eclipse.jst.j2ee.nl_mn" unpack="false" version="3.5.0.v20090620043401" download-size="2172" install-size="2172" />
	<plugin fragment="true" id="org.eclipse.jst.j2ee.ui.nl_mn" unpack="false" version="3.5.0.v20090620043401" download-size="3726" install-size="3726" />
	<plugin fragment="true" id="org.eclipse.jst.j2ee.web.nl_mn" unpack="false" version="3.5.0.v20090620043401" download-size="1513" install-size="1513" />
	<plugin fragment="true" id="org.eclipse.jst.j2ee.webservice.nl_mn" unpack="false" version="3.5.0.v20090620043401" download-size="1447" install-size="1447" />
	<plugin fragment="true" id="org.eclipse.jst.j2ee.webservice.ui.nl_mn" unpack="false" version="3.5.0.v20090620043401" download-size="1376" install-size="1376" />
	<plugin fragment="true" id="org.eclipse.jst.j2ee.xdoclet.runtime.nl_mn" unpack="false" version="3.5.0.v20090620043401" download-size="1381" install-size="1381" />
	<plugin fragment="true" id="org.eclipse.jst.jee.nl_mn" unpack="false" version="3.5.0.v20090620043401" download-size="1370" install-size="1370" />
	<plugin fragment="true" id="org.eclipse.jst.jee.ui.nl_mn" unpack="false" version="3.5.0.v20090620043401" download-size="1351" install-size="1351" />
	<plugin fragment="true" id="org.eclipse.jst.jee.web.nl_mn" unpack="false" version="3.5.0.v20090620043401" download-size="1373" install-size="1373" />
	<plugin fragment="true" id="org.eclipse.jst.servlet.ui.infopop.nl_mn" unpack="false" version="3.5.0.v20090620043401" download-size="1375" install-size="1375" />
	<plugin fragment="true" id="org.eclipse.jst.servlet.ui.nl_mn" unpack="false" version="3.5.0.v20090620043401" download-size="1587" install-size="1587" />
	<plugin fragment="true" id="org.eclipse.wst.web.ui.infopop.nl_mn" unpack="false" version="3.5.0.v20090620043401" download-size="1374" install-size="1374" />
</feature>