<?xml version="1.0" encoding="UTF-8" ?>
<feature
	id="org.eclipse.babel.nls_webtools.ejbtools_pt_BR"
	label="Babel Language Pack for webtools.ejbtools in Portuguese (Brazilian) (96.28%)"
	image="eclipse_update_120.jpg"
	provider-name="%providerName"
	version="3.5.0.v20090620043401">
	<copyright>
		%copyright
	</copyright>
	<license url="%licenseURL">
		%license
	</license>
	<description>Babel Language Pack for webtools.ejbtools in Portuguese (Brazilian)</description>
	<plugin fragment="true" id="org.eclipse.jst.ejb.doc.user.nl_pt_BR" unpack="false" version="3.5.0.v20090620043401" download-size="1394" install-size="1394" />
	<plugin fragment="true" id="org.eclipse.jst.ejb.ui.infopop.nl_pt_BR" unpack="false" version="3.5.0.v20090620043401" download-size="1393" install-size="1393" />
	<plugin fragment="true" id="org.eclipse.jst.ejb.ui.nl_pt_BR" unpack="false" version="3.5.0.v20090620043401" download-size="3863" install-size="3863" />
	<plugin fragment="true" id="org.eclipse.jst.j2ee.ejb.annotation.model.nl_pt_BR" unpack="false" version="3.5.0.v20090620043401" download-size="3654" install-size="3654" />
	<plugin fragment="true" id="org.eclipse.jst.j2ee.ejb.annotations.emitter.nl_pt_BR" unpack="false" version="3.5.0.v20090620043401" download-size="1402" install-size="1402" />
	<plugin fragment="true" id="org.eclipse.jst.j2ee.ejb.annotations.ui.nl_pt_BR" unpack="false" version="3.5.0.v20090620043401" download-size="3939" install-size="3939" />
	<plugin fragment="true" id="org.eclipse.jst.j2ee.ejb.annotations.xdoclet.nl_pt_BR" unpack="false" version="3.5.0.v20090620043401" download-size="3586" install-size="3586" />
	<plugin fragment="true" id="org.eclipse.jst.j2ee.ejb.nl_pt_BR" unpack="false" version="3.5.0.v20090620043401" download-size="24855" install-size="24855" />
	<plugin fragment="true" id="org.eclipse.jst.jee.ejb.nl_pt_BR" unpack="false" version="3.5.0.v20090620043401" download-size="1392" install-size="1392" />
</feature>