<?xml version="1.0" encoding="UTF-8" ?>
<feature
	id="org.eclipse.babel.nls_webtools.servertools_da"
	label="Babel Language Pack for webtools.servertools in Danish (71.91%)"
	image="eclipse_update_120.jpg"
	provider-name="%providerName"
	version="3.5.0.v20090620043401">
	<copyright>
		%copyright
	</copyright>
	<license url="%licenseURL">
		%license
	</license>
	<description>Babel Language Pack for webtools.servertools in Danish</description>
	<plugin fragment="true" id="org.apache.cactus.nl_da" unpack="false" version="3.5.0.v20090620043401" download-size="1369" install-size="1369" />
	<plugin fragment="true" id="org.eclipse.jst.server.core.nl_da" unpack="false" version="3.5.0.v20090620043401" download-size="3199" install-size="3199" />
	<plugin fragment="true" id="org.eclipse.jst.server.generic.core.nl_da" unpack="false" version="3.5.0.v20090620043401" download-size="3407" install-size="3407" />
	<plugin fragment="true" id="org.eclipse.jst.server.generic.jboss.nl_da" unpack="false" version="3.5.0.v20090620043401" download-size="1724" install-size="1724" />
	<plugin fragment="true" id="org.eclipse.jst.server.generic.jonas.nl_da" unpack="false" version="3.5.0.v20090620043401" download-size="1764" install-size="1764" />
	<plugin fragment="true" id="org.eclipse.jst.server.generic.oc4j.nl_da" unpack="false" version="3.5.0.v20090620043401" download-size="1858" install-size="1858" />
	<plugin fragment="true" id="org.eclipse.jst.server.generic.ui.nl_da" unpack="false" version="3.5.0.v20090620043401" download-size="2922" install-size="2922" />
	<plugin fragment="true" id="org.eclipse.jst.server.installable.nl_da" unpack="false" version="3.5.0.v20090620043401" download-size="1436" install-size="1436" />
	<plugin fragment="true" id="org.eclipse.jst.server.preview.adapter.nl_da" unpack="false" version="3.5.0.v20090620043401" download-size="2747" install-size="2747" />
	<plugin fragment="true" id="org.eclipse.jst.server.tomcat.core.nl_da" unpack="false" version="3.5.0.v20090620043401" download-size="4653" install-size="4653" />
	<plugin fragment="true" id="org.eclipse.jst.server.tomcat.ui.nl_da" unpack="false" version="3.5.0.v20090620043401" download-size="3408" install-size="3408" />
	<plugin fragment="true" id="org.eclipse.jst.server.ui.doc.user.nl_da" unpack="false" version="3.5.0.v20090620043401" download-size="1375" install-size="1375" />
	<plugin fragment="true" id="org.eclipse.jst.server.ui.infopop.nl_da" unpack="false" version="3.5.0.v20090620043401" download-size="1431" install-size="1431" />
	<plugin fragment="true" id="org.eclipse.jst.server.ui.nl_da" unpack="false" version="3.5.0.v20090620043401" download-size="2765" install-size="2765" />
	<plugin fragment="true" id="org.eclipse.jst.server.websphere.core.nl_da" unpack="false" version="3.5.0.v20090620043401" download-size="1654" install-size="1654" />
	<plugin fragment="true" id="org.eclipse.servertools.doc.isv.nl_da" unpack="false" version="3.5.0.v20090620043401" download-size="1371" install-size="1371" />
	<plugin fragment="true" id="org.eclipse.wst.internet.monitor.core.nl_da" unpack="false" version="3.5.0.v20090620043401" download-size="2878" install-size="2878" />
	<plugin fragment="true" id="org.eclipse.wst.internet.monitor.ui.nl_da" unpack="false" version="3.5.0.v20090620043401" download-size="3301" install-size="3301" />
	<plugin fragment="true" id="org.eclipse.wst.server.core.nl_da" unpack="false" version="3.5.0.v20090620043401" download-size="3664" install-size="3664" />
	<plugin fragment="true" id="org.eclipse.wst.server.discovery.nl_da" unpack="false" version="3.5.0.v20090620043401" download-size="2618" install-size="2618" />
	<plugin fragment="true" id="org.eclipse.wst.server.http.core.nl_da" unpack="false" version="3.5.0.v20090620043401" download-size="2683" install-size="2683" />
	<plugin fragment="true" id="org.eclipse.wst.server.http.ui.nl_da" unpack="false" version="3.5.0.v20090620043401" download-size="2542" install-size="2542" />
	<plugin fragment="true" id="org.eclipse.wst.server.preview.adapter.nl_da" unpack="false" version="3.5.0.v20090620043401" download-size="2921" install-size="2921" />
	<plugin fragment="true" id="org.eclipse.wst.server.preview.nl_da" unpack="false" version="3.5.0.v20090620043401" download-size="2743" install-size="2743" />
	<plugin fragment="true" id="org.eclipse.wst.server.ui.doc.user.nl_da" unpack="false" version="3.5.0.v20090620043401" download-size="1393" install-size="1393" />
	<plugin fragment="true" id="org.eclipse.wst.server.ui.infopop.nl_da" unpack="false" version="3.5.0.v20090620043401" download-size="1427" install-size="1427" />
	<plugin fragment="true" id="org.eclipse.wst.server.ui.nl_da" unpack="false" version="3.5.0.v20090620043401" download-size="6726" install-size="6726" />
</feature>