<?xml version="1.0" encoding="UTF-8" ?>
<feature
	id="org.eclipse.babel.nls_stp.bpmn_iw"
	label="Babel Language Pack for stp.bpmn in Hebrew (17.56%)"
	image="eclipse_update_120.jpg"
	provider-name="%providerName"
	version="3.5.0.v20090620043401">
	<copyright>
		%copyright
	</copyright>
	<license url="%licenseURL">
		%license
	</license>
	<description>Babel Language Pack for stp.bpmn in Hebrew</description>
	<plugin fragment="true" id="org.eclipse.stp.bpmn.diagram.nl_iw" unpack="false" version="3.5.0.v20090620043401" download-size="2684" install-size="2684" />
	<plugin fragment="true" id="org.eclipse.stp.bpmn.edit.nl_iw" unpack="false" version="3.5.0.v20090620043401" download-size="2296" install-size="2296" />
	<plugin fragment="true" id="org.eclipse.stp.bpmn.nl_iw" unpack="false" version="3.5.0.v20090620043401" download-size="2153" install-size="2153" />
	<plugin fragment="true" id="org.eclipse.stp.bpmn.validation.nl_iw" unpack="false" version="3.5.0.v20090620043401" download-size="2271" install-size="2271" />
</feature>