<?xml version="1.0" encoding="UTF-8" ?>
<feature
	id="org.eclipse.babel.nls_modeling.emft_iw"
	label="Babel Language Pack for modeling.emft in Hebrew (25.53%)"
	image="eclipse_update_120.jpg"
	provider-name="%providerName"
	version="3.5.0.v20090620043401">
	<copyright>
		%copyright
	</copyright>
	<license url="%licenseURL">
		%license
	</license>
	<description>Babel Language Pack for modeling.emft in Hebrew</description>
	<plugin fragment="true" id="org.eclipse.emf.compare.diff.edit.nl_iw" unpack="false" version="3.5.0.v20090620043401" download-size="1781" install-size="1781" />
	<plugin fragment="true" id="org.eclipse.emf.compare.diff.nl_iw" unpack="false" version="3.5.0.v20090620043401" download-size="1370" install-size="1370" />
	<plugin fragment="true" id="org.eclipse.emf.compare.epatch.nl_iw" unpack="false" version="3.5.0.v20090620043401" download-size="1373" install-size="1373" />
	<plugin fragment="true" id="org.eclipse.emf.compare.match.nl_iw" unpack="false" version="3.5.0.v20090620043401" download-size="1686" install-size="1686" />
	<plugin fragment="true" id="org.eclipse.emf.compare.nl_iw" unpack="false" version="3.5.0.v20090620043401" download-size="1367" install-size="1367" />
	<plugin fragment="true" id="org.eclipse.emf.compare.tests.nl_iw" unpack="false" version="3.5.0.v20090620043401" download-size="1371" install-size="1371" />
	<plugin fragment="true" id="org.eclipse.emf.compare.ui.nl_iw" unpack="false" version="3.5.0.v20090620043401" download-size="3789" install-size="3789" />
	<plugin fragment="true" id="org.eclipse.emf.mwe.activities.nl_iw" unpack="false" version="3.5.0.v20090620043401" download-size="1371" install-size="1371" />
	<plugin fragment="true" id="org.eclipse.emf.mwe.core.nl_iw" unpack="false" version="3.5.0.v20090620043401" download-size="1599" install-size="1599" />
	<plugin fragment="true" id="org.eclipse.emf.mwe.doc.nl_iw" unpack="false" version="3.5.0.v20090620043401" download-size="1621" install-size="1621" />
	<plugin fragment="true" id="org.eclipse.emf.mwe.examples.nl_iw" unpack="false" version="3.5.0.v20090620043401" download-size="1371" install-size="1371" />
	<plugin fragment="true" id="org.eclipse.emf.mwe.tests.nl_iw" unpack="false" version="3.5.0.v20090620043401" download-size="1577" install-size="1577" />
	<plugin fragment="true" id="org.eclipse.emf.mwe.ui.editor.nl_iw" unpack="false" version="3.5.0.v20090620043401" download-size="2557" install-size="2557" />
	<plugin fragment="true" id="org.eclipse.emf.mwe.ui.nl_iw" unpack="false" version="3.5.0.v20090620043401" download-size="2451" install-size="2451" />
	<plugin fragment="true" id="org.eclipse.emf.mwe.ui.simpleEditor.nl_iw" unpack="false" version="3.5.0.v20090620043401" download-size="1374" install-size="1374" />
	<plugin fragment="true" id="org.eclipse.emf.mwe.utils.nl_iw" unpack="false" version="3.5.0.v20090620043401" download-size="1368" install-size="1368" />
</feature>