<?xml version="1.0" encoding="UTF-8" ?>
<feature
	id="org.eclipse.babel.nls_webtools.sourceediting_fi"
	label="Babel Language Pack for webtools.sourceediting in Finnish (73.36%)"
	image="eclipse_update_120.jpg"
	provider-name="%providerName"
	version="3.5.0.v20090620043401">
	<copyright>
		%copyright
	</copyright>
	<license url="%licenseURL">
		%license
	</license>
	<description>Babel Language Pack for webtools.sourceediting in Finnish</description>
	<plugin fragment="true" id="org.eclipse.jst.jsp.core.nl_fi" unpack="false" version="3.5.0.v20090620043401" download-size="3087" install-size="3087" />
	<plugin fragment="true" id="org.eclipse.jst.jsp.ui.infopop.nl_fi" unpack="false" version="3.5.0.v20090620043401" download-size="1411" install-size="1411" />
	<plugin fragment="true" id="org.eclipse.jst.jsp.ui.nl_fi" unpack="false" version="3.5.0.v20090620043401" download-size="6020" install-size="6020" />
	<plugin fragment="true" id="org.eclipse.jst.standard.schemas.nl_fi" unpack="false" version="3.5.0.v20090620043401" download-size="1377" install-size="1377" />
	<plugin fragment="true" id="org.eclipse.wst.css.core.nl_fi" unpack="false" version="3.5.0.v20090620043401" download-size="3438" install-size="3438" />
	<plugin fragment="true" id="org.eclipse.wst.css.ui.nl_fi" unpack="false" version="3.5.0.v20090620043401" download-size="4974" install-size="4974" />
	<plugin fragment="true" id="org.eclipse.wst.doc.user.nl_fi" unpack="false" version="3.5.0.v20090620043401" download-size="1418" install-size="1418" />
	<plugin fragment="true" id="org.eclipse.wst.dtd.core.nl_fi" unpack="false" version="3.5.0.v20090620043401" download-size="4425" install-size="4425" />
	<plugin fragment="true" id="org.eclipse.wst.dtd.ui.infopop.nl_fi" unpack="false" version="3.5.0.v20090620043401" download-size="1404" install-size="1404" />
	<plugin fragment="true" id="org.eclipse.wst.dtd.ui.nl_fi" unpack="false" version="3.5.0.v20090620043401" download-size="4974" install-size="4974" />
	<plugin fragment="true" id="org.eclipse.wst.dtdeditor.doc.user.nl_fi" unpack="false" version="3.5.0.v20090620043401" download-size="1407" install-size="1407" />
	<plugin fragment="true" id="org.eclipse.wst.html.core.nl_fi" unpack="false" version="3.5.0.v20090620043401" download-size="5155" install-size="5155" />
	<plugin fragment="true" id="org.eclipse.wst.html.ui.infopop.nl_fi" unpack="false" version="3.5.0.v20090620043401" download-size="1410" install-size="1410" />
	<plugin fragment="true" id="org.eclipse.wst.html.ui.nl_fi" unpack="false" version="3.5.0.v20090620043401" download-size="6037" install-size="6037" />
	<plugin fragment="true" id="org.eclipse.wst.javascript.core.nl_fi" unpack="false" version="3.5.0.v20090620043401" download-size="2664" install-size="2664" />
	<plugin fragment="true" id="org.eclipse.wst.javascript.ui.infopop.nl_fi" unpack="false" version="3.5.0.v20090620043401" download-size="1403" install-size="1403" />
	<plugin fragment="true" id="org.eclipse.wst.javascript.ui.nl_fi" unpack="false" version="3.5.0.v20090620043401" download-size="5538" install-size="5538" />
	<plugin fragment="true" id="org.eclipse.wst.jsdt.core.nl_fi" unpack="false" version="3.5.0.v20090620043401" download-size="19822" install-size="19822" />
	<plugin fragment="true" id="org.eclipse.wst.jsdt.doc.nl_fi" unpack="false" version="3.5.0.v20090620043401" download-size="1369" install-size="1369" />
	<plugin fragment="true" id="org.eclipse.wst.jsdt.manipulation.nl_fi" unpack="false" version="3.5.0.v20090620043401" download-size="3350" install-size="3350" />
	<plugin fragment="true" id="org.eclipse.wst.jsdt.support.firefox.nl_fi" unpack="false" version="3.5.0.v20090620043401" download-size="1375" install-size="1375" />
	<plugin fragment="true" id="org.eclipse.wst.jsdt.support.ie.nl_fi" unpack="false" version="3.5.0.v20090620043401" download-size="1375" install-size="1375" />
	<plugin fragment="true" id="org.eclipse.wst.jsdt.ui.nl_fi" unpack="false" version="3.5.0.v20090620043401" download-size="115509" install-size="115509" />
	<plugin fragment="true" id="org.eclipse.wst.jsdt.web.core.nl_fi" unpack="false" version="3.5.0.v20090620043401" download-size="2635" install-size="2635" />
	<plugin fragment="true" id="org.eclipse.wst.jsdt.web.support.jsp.nl_fi" unpack="false" version="3.5.0.v20090620043401" download-size="1378" install-size="1378" />
	<plugin fragment="true" id="org.eclipse.wst.jsdt.web.ui.nl_fi" unpack="false" version="3.5.0.v20090620043401" download-size="4972" install-size="4972" />
	<plugin fragment="true" id="org.eclipse.wst.sse.core.nl_fi" unpack="false" version="3.5.0.v20090620043401" download-size="4191" install-size="4191" />
	<plugin fragment="true" id="org.eclipse.wst.sse.doc.user.nl_fi" unpack="false" version="3.5.0.v20090620043401" download-size="1419" install-size="1419" />
	<plugin fragment="true" id="org.eclipse.wst.sse.ui.infopop.nl_fi" unpack="false" version="3.5.0.v20090620043401" download-size="1395" install-size="1395" />
	<plugin fragment="true" id="org.eclipse.wst.sse.ui.nl_fi" unpack="false" version="3.5.0.v20090620043401" download-size="8237" install-size="8237" />
	<plugin fragment="true" id="org.eclipse.wst.standard.schemas.nl_fi" unpack="false" version="3.5.0.v20090620043401" download-size="1377" install-size="1377" />
	<plugin fragment="true" id="org.eclipse.wst.web.nl_fi" unpack="false" version="3.5.0.v20090620043401" download-size="2056" install-size="2056" />
	<plugin fragment="true" id="org.eclipse.wst.web.ui.nl_fi" unpack="false" version="3.5.0.v20090620043401" download-size="1414" install-size="1414" />
	<plugin fragment="true" id="org.eclipse.wst.webtools.doc.user.nl_fi" unpack="false" version="3.5.0.v20090620043401" download-size="1408" install-size="1408" />
	<plugin fragment="true" id="org.eclipse.wst.xml.core.nl_fi" unpack="false" version="3.5.0.v20090620043401" download-size="3681" install-size="3681" />
	<plugin fragment="true" id="org.eclipse.wst.xml.ui.infopop.nl_fi" unpack="false" version="3.5.0.v20090620043401" download-size="1394" install-size="1394" />
	<plugin fragment="true" id="org.eclipse.wst.xml.ui.nl_fi" unpack="false" version="3.5.0.v20090620043401" download-size="13508" install-size="13508" />
	<plugin fragment="true" id="org.eclipse.wst.xml.xpath.core.nl_fi" unpack="false" version="3.5.0.v20090620043401" download-size="1373" install-size="1373" />
	<plugin fragment="true" id="org.eclipse.wst.xml.xpath.ui.nl_fi" unpack="false" version="3.5.0.v20090620043401" download-size="3080" install-size="3080" />
	<plugin fragment="true" id="org.eclipse.wst.xml.xpath2.processor.nl_fi" unpack="false" version="3.5.0.v20090620043401" download-size="1376" install-size="1376" />
	<plugin fragment="true" id="org.eclipse.wst.xmleditor.doc.user.nl_fi" unpack="false" version="3.5.0.v20090620043401" download-size="1399" install-size="1399" />
	<plugin fragment="true" id="org.eclipse.wst.xsd.core.nl_fi" unpack="false" version="3.5.0.v20090620043401" download-size="1498" install-size="1498" />
	<plugin fragment="true" id="org.eclipse.wst.xsd.ui.nl_fi" unpack="false" version="3.5.0.v20090620043401" download-size="18887" install-size="18887" />
	<plugin fragment="true" id="org.eclipse.wst.xsdeditor.doc.user.nl_fi" unpack="false" version="3.5.0.v20090620043401" download-size="1410" install-size="1410" />
	<plugin fragment="true" id="org.eclipse.wst.xsl.core.nl_fi" unpack="false" version="3.5.0.v20090620043401" download-size="1385" install-size="1385" />
	<plugin fragment="true" id="org.eclipse.wst.xsl.debug.ui.nl_fi" unpack="false" version="3.5.0.v20090620043401" download-size="4131" install-size="4131" />
	<plugin fragment="true" id="org.eclipse.wst.xsl.doc.nl_fi" unpack="false" version="3.5.0.v20090620043401" download-size="1367" install-size="1367" />
	<plugin fragment="true" id="org.eclipse.wst.xsl.jaxp.debug.nl_fi" unpack="false" version="3.5.0.v20090620043401" download-size="3033" install-size="3033" />
	<plugin fragment="true" id="org.eclipse.wst.xsl.jaxp.debug.ui.nl_fi" unpack="false" version="3.5.0.v20090620043401" download-size="4071" install-size="4071" />
	<plugin fragment="true" id="org.eclipse.wst.xsl.jaxp.launching.nl_fi" unpack="false" version="3.5.0.v20090620043401" download-size="2929" install-size="2929" />
	<plugin fragment="true" id="org.eclipse.wst.xsl.launching.nl_fi" unpack="false" version="3.5.0.v20090620043401" download-size="1408" install-size="1408" />
	<plugin fragment="true" id="org.eclipse.wst.xsl.launching.tests.nl_fi" unpack="false" version="3.5.0.v20090620043401" download-size="1380" install-size="1380" />
	<plugin fragment="true" id="org.eclipse.wst.xsl.nl_fi" unpack="false" version="3.5.0.v20090620043401" download-size="1369" install-size="1369" />
	<plugin fragment="true" id="org.eclipse.wst.xsl.saxon.nl_fi" unpack="false" version="3.5.0.v20090620043401" download-size="1763" install-size="1763" />
	<plugin fragment="true" id="org.eclipse.wst.xsl.sdk.documentation.nl_fi" unpack="false" version="3.5.0.v20090620043401" download-size="1377" install-size="1377" />
	<plugin fragment="true" id="org.eclipse.wst.xsl.tests.nl_fi" unpack="false" version="3.5.0.v20090620043401" download-size="1372" install-size="1372" />
	<plugin fragment="true" id="org.eclipse.wst.xsl.ui.nl_fi" unpack="false" version="3.5.0.v20090620043401" download-size="2632" install-size="2632" />
	<plugin fragment="true" id="org.eclipse.wst.xsl.xalan.nl_fi" unpack="false" version="3.5.0.v20090620043401" download-size="1695" install-size="1695" />
</feature>