<?xml version="1.0" encoding="UTF-8" ?>
<feature
	id="org.eclipse.babel.nls_tools.orbit_nl"
	label="Babel Language Pack for tools.orbit in Dutch (4.62%)"
	image="eclipse_update_120.jpg"
	provider-name="%providerName"
	version="3.5.0.v20090620043401">
	<copyright>
		%copyright
	</copyright>
	<license url="%licenseURL">
		%license
	</license>
	<description>Babel Language Pack for tools.orbit in Dutch</description>
	<plugin fragment="true" id="com.sun.syndication.nl_nl" unpack="false" version="3.5.0.v20090620043401" download-size="1365" install-size="1365" />
	<plugin fragment="true" id="com.sun.xml.bind.nl_nl" unpack="false" version="3.5.0.v20090620043401" download-size="1366" install-size="1366" />
	<plugin fragment="true" id="commonj.sdo.nl_nl" unpack="false" version="3.5.0.v20090620043401" download-size="1359" install-size="1359" />
	<plugin fragment="true" id="edu.emory.mathcs.backport.nl_nl" unpack="false" version="3.5.0.v20090620043401" download-size="1371" install-size="1371" />
	<plugin fragment="true" id="javax.activation.nl_nl" unpack="false" version="3.5.0.v20090620043401" download-size="1366" install-size="1366" />
	<plugin fragment="true" id="javax.jws.nl_nl" unpack="false" version="3.5.0.v20090620043401" download-size="1362" install-size="1362" />
	<plugin fragment="true" id="javax.mail.glassfish.nl_nl" unpack="false" version="3.5.0.v20090620043401" download-size="1372" install-size="1372" />
	<plugin fragment="true" id="javax.mail.nl_nl" unpack="false" version="3.5.0.v20090620043401" download-size="1363" install-size="1363" />
	<plugin fragment="true" id="javax.management.nl_nl" unpack="false" version="3.5.0.v20090620043401" download-size="1368" install-size="1368" />
	<plugin fragment="true" id="javax.management.remote.nl_nl" unpack="false" version="3.5.0.v20090620043401" download-size="1373" install-size="1373" />
	<plugin fragment="true" id="javax.persistence.nl_nl" unpack="false" version="3.5.0.v20090620043401" download-size="1366" install-size="1366" />
	<plugin fragment="true" id="javax.servlet.jsp.nl_nl" unpack="false" version="3.5.0.v20090620043401" download-size="1367" install-size="1367" />
	<plugin fragment="true" id="javax.servlet.nl_nl" unpack="false" version="3.5.0.v20090620043401" download-size="3009" install-size="3009" />
	<plugin fragment="true" id="javax.wsdl.nl_nl" unpack="false" version="3.5.0.v20090620043401" download-size="1363" install-size="1363" />
	<plugin fragment="true" id="javax.xml.bind.nl_nl" unpack="false" version="3.5.0.v20090620043401" download-size="1366" install-size="1366" />
	<plugin fragment="true" id="javax.xml.nl_nl" unpack="false" version="3.5.0.v20090620043401" download-size="1362" install-size="1362" />
	<plugin fragment="true" id="javax.xml.rpc.nl_nl" unpack="false" version="3.5.0.v20090620043401" download-size="1365" install-size="1365" />
	<plugin fragment="true" id="javax.xml.soap.nl_nl" unpack="false" version="3.5.0.v20090620043401" download-size="1366" install-size="1366" />
	<plugin fragment="true" id="net.sourceforge.lpg.lpgjavaruntime.nl_nl" unpack="false" version="3.5.0.v20090620043401" download-size="1375" install-size="1375" />
	<plugin fragment="true" id="net.sourceforge.mx4j.nl_nl" unpack="false" version="3.5.0.v20090620043401" download-size="1371" install-size="1371" />
	<plugin fragment="true" id="net.sourceforge.mx4j.remote.nl_nl" unpack="false" version="3.5.0.v20090620043401" download-size="1375" install-size="1375" />
	<plugin fragment="true" id="org.antlr.runtime.nl_nl" unpack="false" version="3.5.0.v20090620043401" download-size="1363" install-size="1363" />
	<plugin fragment="true" id="org.apache.axis.nl_nl" unpack="false" version="3.5.0.v20090620043401" download-size="2643" install-size="2643" />
	<plugin fragment="true" id="org.apache.batik.bridge.nl_nl" unpack="false" version="3.5.0.v20090620043401" download-size="1369" install-size="1369" />
	<plugin fragment="true" id="org.apache.batik.css.nl_nl" unpack="false" version="3.5.0.v20090620043401" download-size="1366" install-size="1366" />
	<plugin fragment="true" id="org.apache.batik.dom.nl_nl" unpack="false" version="3.5.0.v20090620043401" download-size="1367" install-size="1367" />
	<plugin fragment="true" id="org.apache.batik.dom.svg.nl_nl" unpack="false" version="3.5.0.v20090620043401" download-size="1370" install-size="1370" />
	<plugin fragment="true" id="org.apache.batik.ext.awt.nl_nl" unpack="false" version="3.5.0.v20090620043401" download-size="2780" install-size="2780" />
	<plugin fragment="true" id="org.apache.batik.extension.nl_nl" unpack="false" version="3.5.0.v20090620043401" download-size="1370" install-size="1370" />
	<plugin fragment="true" id="org.apache.batik.parser.nl_nl" unpack="false" version="3.5.0.v20090620043401" download-size="1369" install-size="1369" />
	<plugin fragment="true" id="org.apache.batik.pdf.nl_nl" unpack="false" version="3.5.0.v20090620043401" download-size="1368" install-size="1368" />
	<plugin fragment="true" id="org.apache.batik.svggen.nl_nl" unpack="false" version="3.5.0.v20090620043401" download-size="1369" install-size="1369" />
	<plugin fragment="true" id="org.apache.batik.swing.nl_nl" unpack="false" version="3.5.0.v20090620043401" download-size="1369" install-size="1369" />
	<plugin fragment="true" id="org.apache.batik.transcoder.nl_nl" unpack="false" version="3.5.0.v20090620043401" download-size="1371" install-size="1371" />
	<plugin fragment="true" id="org.apache.batik.util.gui.nl_nl" unpack="false" version="3.5.0.v20090620043401" download-size="7358" install-size="7358" />
	<plugin fragment="true" id="org.apache.batik.util.nl_nl" unpack="false" version="3.5.0.v20090620043401" download-size="1367" install-size="1367" />
	<plugin fragment="true" id="org.apache.batik.xml.nl_nl" unpack="false" version="3.5.0.v20090620043401" download-size="1367" install-size="1367" />
	<plugin fragment="true" id="org.apache.bcel.nl_nl" unpack="false" version="3.5.0.v20090620043401" download-size="1362" install-size="1362" />
	<plugin fragment="true" id="org.apache.bsf.nl_nl" unpack="false" version="3.5.0.v20090620043401" download-size="1361" install-size="1361" />
	<plugin fragment="true" id="org.apache.commons.beanutils.nl_nl" unpack="false" version="3.5.0.v20090620043401" download-size="1372" install-size="1372" />
	<plugin fragment="true" id="org.apache.commons.collections.nl_nl" unpack="false" version="3.5.0.v20090620043401" download-size="1372" install-size="1372" />
	<plugin fragment="true" id="org.apache.commons.discovery.nl_nl" unpack="false" version="3.5.0.v20090620043401" download-size="1376" install-size="1376" />
	<plugin fragment="true" id="org.apache.commons.el.nl_nl" unpack="false" version="3.5.0.v20090620043401" download-size="1368" install-size="1368" />
	<plugin fragment="true" id="org.apache.commons.lang.nl_nl" unpack="false" version="3.5.0.v20090620043401" download-size="1368" install-size="1368" />
	<plugin fragment="true" id="org.apache.commons.logging.nl_nl" unpack="false" version="3.5.0.v20090620043401" download-size="1372" install-size="1372" />
	<plugin fragment="true" id="org.apache.commons.net.nl_nl" unpack="false" version="3.5.0.v20090620043401" download-size="1367" install-size="1367" />
	<plugin fragment="true" id="org.apache.derby.nl_nl" unpack="false" version="3.5.0.v20090620043401" download-size="19036" install-size="19036" />
	<plugin fragment="true" id="org.apache.httpcomponents.httpcore.nio.nl_nl" unpack="false" version="3.5.0.v20090620043401" download-size="1375" install-size="1375" />
	<plugin fragment="true" id="org.apache.httpcomponents.httpcore.nl_nl" unpack="false" version="3.5.0.v20090620043401" download-size="1373" install-size="1373" />
	<plugin fragment="true" id="org.apache.jasper.nl_nl" unpack="false" version="3.5.0.v20090620043401" download-size="12424" install-size="12424" />
	<plugin fragment="true" id="org.apache.log4j.nl_nl" unpack="false" version="3.5.0.v20090620043401" download-size="1368" install-size="1368" />
	<plugin fragment="true" id="org.apache.oro.nl_nl" unpack="false" version="3.5.0.v20090620043401" download-size="1361" install-size="1361" />
	<plugin fragment="true" id="org.apache.solr.client.solrj.embedded.nl_nl" unpack="false" version="3.5.0.v20090620043401" download-size="1376" install-size="1376" />
	<plugin fragment="true" id="org.apache.solr.client.solrj.nl_nl" unpack="false" version="3.5.0.v20090620043401" download-size="1370" install-size="1370" />
	<plugin fragment="true" id="org.apache.velocity.nl_nl" unpack="false" version="3.5.0.v20090620043401" download-size="1370" install-size="1370" />
	<plugin fragment="true" id="org.apache.ws.commons.schema.nl_nl" unpack="false" version="3.5.0.v20090620043401" download-size="1376" install-size="1376" />
	<plugin fragment="true" id="org.apache.wsil4j.nl_nl" unpack="false" version="3.5.0.v20090620043401" download-size="1369" install-size="1369" />
	<plugin fragment="true" id="org.apache.xalan.nl_nl" unpack="false" version="3.5.0.v20090620043401" download-size="2604" install-size="2604" />
	<plugin fragment="true" id="org.apache.xerces.nl_nl" unpack="false" version="3.5.0.v20090620043401" download-size="2354" install-size="2354" />
	<plugin fragment="true" id="org.apache.xml.resolver.nl_nl" unpack="false" version="3.5.0.v20090620043401" download-size="1373" install-size="1373" />
	<plugin fragment="true" id="org.apache.xml.security.nl_nl" unpack="false" version="3.5.0.v20090620043401" download-size="1858" install-size="1858" />
	<plugin fragment="true" id="org.apache.xml.serializer.nl_nl" unpack="false" version="3.5.0.v20090620043401" download-size="2407" install-size="2407" />
	<plugin fragment="true" id="org.eclipse.orbit.nl_nl" unpack="false" version="3.5.0.v20090620043401" download-size="1361" install-size="1361" />
	<plugin fragment="true" id="org.hamcrest.core.nl_nl" unpack="false" version="3.5.0.v20090620043401" download-size="1364" install-size="1364" />
	<plugin fragment="true" id="org.hamcrest.generator.nl_nl" unpack="false" version="3.5.0.v20090620043401" download-size="1367" install-size="1367" />
	<plugin fragment="true" id="org.hamcrest.integration.nl_nl" unpack="false" version="3.5.0.v20090620043401" download-size="1368" install-size="1368" />
	<plugin fragment="true" id="org.hamcrest.library.nl_nl" unpack="false" version="3.5.0.v20090620043401" download-size="1366" install-size="1366" />
	<plugin fragment="true" id="org.hamcrest.nl_nl" unpack="false" version="3.5.0.v20090620043401" download-size="1360" install-size="1360" />
	<plugin fragment="true" id="org.hamcrest.text.nl_nl" unpack="false" version="3.5.0.v20090620043401" download-size="1364" install-size="1364" />
	<plugin fragment="true" id="org.jdom.nl_nl" unpack="false" version="3.5.0.v20090620043401" download-size="1357" install-size="1357" />
	<plugin fragment="true" id="org.mortbay.jetty.nl_nl" unpack="false" version="3.5.0.v20090620043401" download-size="2662" install-size="2662" />
	<plugin fragment="true" id="org.mortbay.jetty.server.nl_nl" unpack="false" version="3.5.0.v20090620043401" download-size="1837" install-size="1837" />
	<plugin fragment="true" id="org.mortbay.jetty.util.nl_nl" unpack="false" version="3.5.0.v20090620043401" download-size="1369" install-size="1369" />
	<plugin fragment="true" id="org.mozilla.javascript.nl_nl" unpack="false" version="3.5.0.v20090620043401" download-size="1373" install-size="1373" />
	<plugin fragment="true" id="org.objectweb.asm.nl_nl" unpack="false" version="3.5.0.v20090620043401" download-size="4659" install-size="4659" />
	<plugin fragment="true" id="org.opensaml.nl_nl" unpack="false" version="3.5.0.v20090620043401" download-size="1393" install-size="1393" />
	<plugin fragment="true" id="org.slf4j.api.nl_nl" unpack="false" version="3.5.0.v20090620043401" download-size="1365" install-size="1365" />
	<plugin fragment="true" id="org.uddi4j.nl_nl" unpack="false" version="3.5.0.v20090620043401" download-size="1363" install-size="1363" />
	<plugin fragment="true" id="org.w3c.css.sac.nl_nl" unpack="false" version="3.5.0.v20090620043401" download-size="1361" install-size="1361" />
	<plugin fragment="true" id="org.w3c.dom.events.nl_nl" unpack="false" version="3.5.0.v20090620043401" download-size="1364" install-size="1364" />
	<plugin fragment="true" id="org.w3c.dom.smil.nl_nl" unpack="false" version="3.5.0.v20090620043401" download-size="1362" install-size="1362" />
	<plugin fragment="true" id="org.w3c.dom.svg.nl_nl" unpack="false" version="3.5.0.v20090620043401" download-size="1362" install-size="1362" />
</feature>