<?xml version="1.0" encoding="UTF-8" ?>
<feature
	id="org.eclipse.babel.nls_tools.mylyn_hi"
	label="Babel Language Pack for tools.mylyn in Hindi (0.44%)"
	image="eclipse_update_120.jpg"
	provider-name="%providerName"
	version="3.5.0.v20090620043401">
	<copyright>
		%copyright
	</copyright>
	<license url="%licenseURL">
		%license
	</license>
	<description>Babel Language Pack for tools.mylyn in Hindi</description>
	<plugin fragment="true" id="org.eclipse.mylyn.bugzilla.core.nl_hi" unpack="false" version="3.5.0.v20090620043401" download-size="1355" install-size="1355" />
	<plugin fragment="true" id="org.eclipse.mylyn.bugzilla.ide.nl_hi" unpack="false" version="3.5.0.v20090620043401" download-size="1355" install-size="1355" />
	<plugin fragment="true" id="org.eclipse.mylyn.bugzilla.ui.nl_hi" unpack="false" version="3.5.0.v20090620043401" download-size="1354" install-size="1354" />
	<plugin fragment="true" id="org.eclipse.mylyn.commons.core.nl_hi" unpack="false" version="3.5.0.v20090620043401" download-size="1353" install-size="1353" />
	<plugin fragment="true" id="org.eclipse.mylyn.commons.net.nl_hi" unpack="false" version="3.5.0.v20090620043401" download-size="1352" install-size="1352" />
	<plugin fragment="true" id="org.eclipse.mylyn.commons.soap.nl_hi" unpack="false" version="3.5.0.v20090620043401" download-size="1353" install-size="1353" />
	<plugin fragment="true" id="org.eclipse.mylyn.commons.ui.nl_hi" unpack="false" version="3.5.0.v20090620043401" download-size="1352" install-size="1352" />
	<plugin fragment="true" id="org.eclipse.mylyn.compatibility.nl_hi" unpack="false" version="3.5.0.v20090620043401" download-size="1355" install-size="1355" />
	<plugin fragment="true" id="org.eclipse.mylyn.context.core.nl_hi" unpack="false" version="3.5.0.v20090620043401" download-size="1353" install-size="1353" />
	<plugin fragment="true" id="org.eclipse.mylyn.context.ui.nl_hi" unpack="false" version="3.5.0.v20090620043401" download-size="1352" install-size="1352" />
	<plugin fragment="true" id="org.eclipse.mylyn.discovery.core.nl_hi" unpack="false" version="3.5.0.v20090620043401" download-size="1373" install-size="1373" />
	<plugin fragment="true" id="org.eclipse.mylyn.discovery.ui.nl_hi" unpack="false" version="3.5.0.v20090620043401" download-size="1354" install-size="1354" />
	<plugin fragment="true" id="org.eclipse.mylyn.help.ui.nl_hi" unpack="false" version="3.5.0.v20090620043401" download-size="1350" install-size="1350" />
	<plugin fragment="true" id="org.eclipse.mylyn.ide.ant.nl_hi" unpack="false" version="3.5.0.v20090620043401" download-size="1350" install-size="1350" />
	<plugin fragment="true" id="org.eclipse.mylyn.ide.capabilities.nl_hi" unpack="false" version="3.5.0.v20090620043401" download-size="1373" install-size="1373" />
	<plugin fragment="true" id="org.eclipse.mylyn.ide.ui.nl_hi" unpack="false" version="3.5.0.v20090620043401" download-size="1349" install-size="1349" />
	<plugin fragment="true" id="org.eclipse.mylyn.java.tasks.nl_hi" unpack="false" version="3.5.0.v20090620043401" download-size="1353" install-size="1353" />
	<plugin fragment="true" id="org.eclipse.mylyn.java.ui.nl_hi" unpack="false" version="3.5.0.v20090620043401" download-size="1351" install-size="1351" />
	<plugin fragment="true" id="org.eclipse.mylyn.jira.core.nl_hi" unpack="false" version="3.5.0.v20090620043401" download-size="1352" install-size="1352" />
	<plugin fragment="true" id="org.eclipse.mylyn.jira.ui.nl_hi" unpack="false" version="3.5.0.v20090620043401" download-size="1350" install-size="1350" />
	<plugin fragment="true" id="org.eclipse.mylyn.monitor.core.nl_hi" unpack="false" version="3.5.0.v20090620043401" download-size="1353" install-size="1353" />
	<plugin fragment="true" id="org.eclipse.mylyn.monitor.ui.nl_hi" unpack="false" version="3.5.0.v20090620043401" download-size="1351" install-size="1351" />
	<plugin fragment="true" id="org.eclipse.mylyn.nl_hi" unpack="false" version="3.5.0.v20090620043401" download-size="1345" install-size="1345" />
	<plugin fragment="true" id="org.eclipse.mylyn.pde.ui.nl_hi" unpack="false" version="3.5.0.v20090620043401" download-size="1350" install-size="1350" />
	<plugin fragment="true" id="org.eclipse.mylyn.resources.ui.nl_hi" unpack="false" version="3.5.0.v20090620043401" download-size="1353" install-size="1353" />
	<plugin fragment="true" id="org.eclipse.mylyn.tasks.bugs.nl_hi" unpack="false" version="3.5.0.v20090620043401" download-size="1353" install-size="1353" />
	<plugin fragment="true" id="org.eclipse.mylyn.tasks.core.nl_hi" unpack="false" version="3.5.0.v20090620043401" download-size="1352" install-size="1352" />
	<plugin fragment="true" id="org.eclipse.mylyn.tasks.ui.nl_hi" unpack="false" version="3.5.0.v20090620043401" download-size="3666" install-size="3666" />
	<plugin fragment="true" id="org.eclipse.mylyn.team.cvs.nl_hi" unpack="false" version="3.5.0.v20090620043401" download-size="1351" install-size="1351" />
	<plugin fragment="true" id="org.eclipse.mylyn.team.ui.nl_hi" unpack="false" version="3.5.0.v20090620043401" download-size="1350" install-size="1350" />
	<plugin fragment="true" id="org.eclipse.mylyn.trac.core.nl_hi" unpack="false" version="3.5.0.v20090620043401" download-size="1352" install-size="1352" />
	<plugin fragment="true" id="org.eclipse.mylyn.trac.ui.nl_hi" unpack="false" version="3.5.0.v20090620043401" download-size="1350" install-size="1350" />
	<plugin fragment="true" id="org.eclipse.mylyn.wikitext.confluence.core.nl_hi" unpack="false" version="3.5.0.v20090620043401" download-size="1361" install-size="1361" />
	<plugin fragment="true" id="org.eclipse.mylyn.wikitext.confluence.ui.nl_hi" unpack="false" version="3.5.0.v20090620043401" download-size="1360" install-size="1360" />
	<plugin fragment="true" id="org.eclipse.mylyn.wikitext.core.nl_hi" unpack="false" version="3.5.0.v20090620043401" download-size="1354" install-size="1354" />
	<plugin fragment="true" id="org.eclipse.mylyn.wikitext.help.sdk.nl_hi" unpack="false" version="3.5.0.v20090620043401" download-size="1378" install-size="1378" />
	<plugin fragment="true" id="org.eclipse.mylyn.wikitext.help.ui.nl_hi" unpack="false" version="3.5.0.v20090620043401" download-size="1377" install-size="1377" />
	<plugin fragment="true" id="org.eclipse.mylyn.wikitext.mediawiki.core.nl_hi" unpack="false" version="3.5.0.v20090620043401" download-size="1382" install-size="1382" />
	<plugin fragment="true" id="org.eclipse.mylyn.wikitext.mediawiki.ui.nl_hi" unpack="false" version="3.5.0.v20090620043401" download-size="1381" install-size="1381" />
	<plugin fragment="true" id="org.eclipse.mylyn.wikitext.tasks.ui.nl_hi" unpack="false" version="3.5.0.v20090620043401" download-size="1356" install-size="1356" />
	<plugin fragment="true" id="org.eclipse.mylyn.wikitext.tests.nl_hi" unpack="false" version="3.5.0.v20090620043401" download-size="1355" install-size="1355" />
	<plugin fragment="true" id="org.eclipse.mylyn.wikitext.textile.core.nl_hi" unpack="false" version="3.5.0.v20090620043401" download-size="1358" install-size="1358" />
	<plugin fragment="true" id="org.eclipse.mylyn.wikitext.textile.ui.nl_hi" unpack="false" version="3.5.0.v20090620043401" download-size="1357" install-size="1357" />
	<plugin fragment="true" id="org.eclipse.mylyn.wikitext.tracwiki.core.nl_hi" unpack="false" version="3.5.0.v20090620043401" download-size="1360" install-size="1360" />
	<plugin fragment="true" id="org.eclipse.mylyn.wikitext.tracwiki.ui.nl_hi" unpack="false" version="3.5.0.v20090620043401" download-size="1359" install-size="1359" />
	<plugin fragment="true" id="org.eclipse.mylyn.wikitext.twiki.core.nl_hi" unpack="false" version="3.5.0.v20090620043401" download-size="1358" install-size="1358" />
	<plugin fragment="true" id="org.eclipse.mylyn.wikitext.twiki.ui.nl_hi" unpack="false" version="3.5.0.v20090620043401" download-size="1356" install-size="1356" />
	<plugin fragment="true" id="org.eclipse.mylyn.wikitext.ui.nl_hi" unpack="false" version="3.5.0.v20090620043401" download-size="1353" install-size="1353" />
	<plugin fragment="true" id="org.eclipse.mylyn.xplanner.core.nl_hi" unpack="false" version="3.5.0.v20090620043401" download-size="1354" install-size="1354" />
	<plugin fragment="true" id="org.eclipse.mylyn.xplanner.ui.nl_hi" unpack="false" version="3.5.0.v20090620043401" download-size="1353" install-size="1353" />
</feature>