<?xml version="1.0" encoding="UTF-8" ?>
<feature
	id="org.eclipse.babel.nls_modeling.emft_ja"
	label="Babel Language Pack for modeling.emft in Japanese (35.53%)"
	image="eclipse_update_120.jpg"
	provider-name="%providerName"
	version="3.5.0.v20090620043401">
	<copyright>
		%copyright
	</copyright>
	<license url="%licenseURL">
		%license
	</license>
	<description>Babel Language Pack for modeling.emft in Japanese</description>
	<plugin fragment="true" id="org.eclipse.emf.compare.diff.edit.nl_ja" unpack="false" version="3.5.0.v20090620043401" download-size="2016" install-size="2016" />
	<plugin fragment="true" id="org.eclipse.emf.compare.diff.nl_ja" unpack="false" version="3.5.0.v20090620043401" download-size="1431" install-size="1431" />
	<plugin fragment="true" id="org.eclipse.emf.compare.epatch.nl_ja" unpack="false" version="3.5.0.v20090620043401" download-size="1374" install-size="1374" />
	<plugin fragment="true" id="org.eclipse.emf.compare.match.nl_ja" unpack="false" version="3.5.0.v20090620043401" download-size="1804" install-size="1804" />
	<plugin fragment="true" id="org.eclipse.emf.compare.nl_ja" unpack="false" version="3.5.0.v20090620043401" download-size="1644" install-size="1644" />
	<plugin fragment="true" id="org.eclipse.emf.compare.tests.nl_ja" unpack="false" version="3.5.0.v20090620043401" download-size="1373" install-size="1373" />
	<plugin fragment="true" id="org.eclipse.emf.compare.ui.nl_ja" unpack="false" version="3.5.0.v20090620043401" download-size="4505" install-size="4505" />
	<plugin fragment="true" id="org.eclipse.emf.mwe.activities.nl_ja" unpack="false" version="3.5.0.v20090620043401" download-size="1373" install-size="1373" />
	<plugin fragment="true" id="org.eclipse.emf.mwe.core.nl_ja" unpack="false" version="3.5.0.v20090620043401" download-size="1598" install-size="1598" />
	<plugin fragment="true" id="org.eclipse.emf.mwe.doc.nl_ja" unpack="false" version="3.5.0.v20090620043401" download-size="1625" install-size="1625" />
	<plugin fragment="true" id="org.eclipse.emf.mwe.examples.nl_ja" unpack="false" version="3.5.0.v20090620043401" download-size="1373" install-size="1373" />
	<plugin fragment="true" id="org.eclipse.emf.mwe.tests.nl_ja" unpack="false" version="3.5.0.v20090620043401" download-size="1581" install-size="1581" />
	<plugin fragment="true" id="org.eclipse.emf.mwe.ui.editor.nl_ja" unpack="false" version="3.5.0.v20090620043401" download-size="2647" install-size="2647" />
	<plugin fragment="true" id="org.eclipse.emf.mwe.ui.nl_ja" unpack="false" version="3.5.0.v20090620043401" download-size="2520" install-size="2520" />
	<plugin fragment="true" id="org.eclipse.emf.mwe.ui.simpleEditor.nl_ja" unpack="false" version="3.5.0.v20090620043401" download-size="1376" install-size="1376" />
	<plugin fragment="true" id="org.eclipse.emf.mwe.utils.nl_ja" unpack="false" version="3.5.0.v20090620043401" download-size="1370" install-size="1370" />
</feature>