<?xml version="1.0" encoding="UTF-8" ?>
<feature
	id="org.eclipse.babel.nls_birt_de"
	label="Babel Language Pack for birt in German (88.17%)"
	image="eclipse_update_120.jpg"
	provider-name="%providerName"
	version="3.5.0.v20090620043401">
	<copyright>
		%copyright
	</copyright>
	<license url="%licenseURL">
		%license
	</license>
	<description>Babel Language Pack for birt in German</description>
	<plugin fragment="true" id="com.lowagie.itext.nl_de" unpack="false" version="3.5.0.v20090620043401" download-size="1484" install-size="1484" />
	<plugin fragment="true" id="org.apache.derby.core.nl_de" unpack="false" version="3.5.0.v20090620043401" download-size="1488" install-size="1488" />
	<plugin fragment="true" id="org.eclipse.birt.chart.cshelp.nl_de" unpack="false" version="3.5.0.v20090620043401" download-size="1749" install-size="1749" />
	<plugin fragment="true" id="org.eclipse.birt.chart.device.extension.nl_de" unpack="false" version="3.5.0.v20090620043401" download-size="3650" install-size="3650" />
	<plugin fragment="true" id="org.eclipse.birt.chart.device.svg.nl_de" unpack="false" version="3.5.0.v20090620043401" download-size="2914" install-size="2914" />
	<plugin fragment="true" id="org.eclipse.birt.chart.device.swt.nl_de" unpack="false" version="3.5.0.v20090620043401" download-size="2930" install-size="2930" />
	<plugin fragment="true" id="org.eclipse.birt.chart.doc.isv.nl_de" unpack="false" version="3.5.0.v20090620043401" download-size="1517" install-size="1517" />
	<plugin fragment="true" id="org.eclipse.birt.chart.engine.extension.nl_de" unpack="false" version="3.5.0.v20090620043401" download-size="5134" install-size="5134" />
	<plugin fragment="true" id="org.eclipse.birt.chart.engine.nl_de" unpack="false" version="3.5.0.v20090620043401" download-size="9091" install-size="9091" />
	<plugin fragment="true" id="org.eclipse.birt.chart.examples.nl_de" unpack="false" version="3.5.0.v20090620043401" download-size="5933" install-size="5933" />
	<plugin fragment="true" id="org.eclipse.birt.chart.integration.wtp.ui.nl_de" unpack="false" version="3.5.0.v20090620043401" download-size="4399" install-size="4399" />
	<plugin fragment="true" id="org.eclipse.birt.chart.reportitem.nl_de" unpack="false" version="3.5.0.v20090620043401" download-size="3747" install-size="3747" />
	<plugin fragment="true" id="org.eclipse.birt.chart.reportitem.ui.nl_de" unpack="false" version="3.5.0.v20090620043401" download-size="4481" install-size="4481" />
	<plugin fragment="true" id="org.eclipse.birt.chart.runtime.nl_de" unpack="false" version="3.5.0.v20090620043401" download-size="1511" install-size="1511" />
	<plugin fragment="true" id="org.eclipse.birt.chart.ui.extension.nl_de" unpack="false" version="3.5.0.v20090620043401" download-size="15403" install-size="15403" />
	<plugin fragment="true" id="org.eclipse.birt.chart.ui.nl_de" unpack="false" version="3.5.0.v20090620043401" download-size="4052" install-size="4052" />
	<plugin fragment="true" id="org.eclipse.birt.core.nl_de" unpack="false" version="3.5.0.v20090620043401" download-size="2201" install-size="2201" />
	<plugin fragment="true" id="org.eclipse.birt.core.script.function.nl_de" unpack="false" version="3.5.0.v20090620043401" download-size="1437" install-size="1437" />
	<plugin fragment="true" id="org.eclipse.birt.core.ui.nl_de" unpack="false" version="3.5.0.v20090620043401" download-size="2867" install-size="2867" />
	<plugin fragment="true" id="org.eclipse.birt.cshelp.nl_de" unpack="false" version="3.5.0.v20090620043401" download-size="1704" install-size="1704" />
	<plugin fragment="true" id="org.eclipse.birt.data.aggregation.nl_de" unpack="false" version="3.5.0.v20090620043401" download-size="3713" install-size="3713" />
	<plugin fragment="true" id="org.eclipse.birt.data.nl_de" unpack="false" version="3.5.0.v20090620043401" download-size="10137" install-size="10137" />
	<plugin fragment="true" id="org.eclipse.birt.data.tests.nl_de" unpack="false" version="3.5.0.v20090620043401" download-size="1383" install-size="1383" />
	<plugin fragment="true" id="org.eclipse.birt.doc.isv.nl_de" unpack="false" version="3.5.0.v20090620043401" download-size="1509" install-size="1509" />
	<plugin fragment="true" id="org.eclipse.birt.doc.nl_de" unpack="false" version="3.5.0.v20090620043401" download-size="1502" install-size="1502" />
	<plugin fragment="true" id="org.eclipse.birt.example.nl_de" unpack="false" version="3.5.0.v20090620043401" download-size="1502" install-size="1502" />
	<plugin fragment="true" id="org.eclipse.birt.integration.wtp.ui.nl_de" unpack="false" version="3.5.0.v20090620043401" download-size="4394" install-size="4394" />
	<plugin fragment="true" id="org.eclipse.birt.nl_de" unpack="false" version="3.5.0.v20090620043401" download-size="1746" install-size="1746" />
	<plugin fragment="true" id="org.eclipse.birt.report.data.adapter.nl_de" unpack="false" version="3.5.0.v20090620043401" download-size="2932" install-size="2932" />
	<plugin fragment="true" id="org.eclipse.birt.report.data.oda.jdbc.dbprofile.nl_de" unpack="false" version="3.5.0.v20090620043401" download-size="1941" install-size="1941" />
	<plugin fragment="true" id="org.eclipse.birt.report.data.oda.jdbc.dbprofile.sampledb.nl_de" unpack="false" version="3.5.0.v20090620043401" download-size="3340" install-size="3340" />
	<plugin fragment="true" id="org.eclipse.birt.report.data.oda.jdbc.dbprofile.ui.nl_de" unpack="false" version="3.5.0.v20090620043401" download-size="1647" install-size="1647" />
	<plugin fragment="true" id="org.eclipse.birt.report.data.oda.jdbc.nl_de" unpack="false" version="3.5.0.v20090620043401" download-size="4575" install-size="4575" />
	<plugin fragment="true" id="org.eclipse.birt.report.data.oda.jdbc.ui.nl_de" unpack="false" version="3.5.0.v20090620043401" download-size="5493" install-size="5493" />
	<plugin fragment="true" id="org.eclipse.birt.report.data.oda.sampledb.nl_de" unpack="false" version="3.5.0.v20090620043401" download-size="1645" install-size="1645" />
	<plugin fragment="true" id="org.eclipse.birt.report.data.oda.sampledb.ui.nl_de" unpack="false" version="3.5.0.v20090620043401" download-size="3399" install-size="3399" />
	<plugin fragment="true" id="org.eclipse.birt.report.data.oda.xml.nl_de" unpack="false" version="3.5.0.v20090620043401" download-size="3083" install-size="3083" />
	<plugin fragment="true" id="org.eclipse.birt.report.data.oda.xml.ui.nl_de" unpack="false" version="3.5.0.v20090620043401" download-size="1715" install-size="1715" />
	<plugin fragment="true" id="org.eclipse.birt.report.debug.core.nl_de" unpack="false" version="3.5.0.v20090620043401" download-size="1522" install-size="1522" />
	<plugin fragment="true" id="org.eclipse.birt.report.debug.ui.nl_de" unpack="false" version="3.5.0.v20090620043401" download-size="3255" install-size="3255" />
	<plugin fragment="true" id="org.eclipse.birt.report.designer.core.nl_de" unpack="false" version="3.5.0.v20090620043401" download-size="39934" install-size="39934" />
	<plugin fragment="true" id="org.eclipse.birt.report.designer.nl_de" unpack="false" version="3.5.0.v20090620043401" download-size="1509" install-size="1509" />
	<plugin fragment="true" id="org.eclipse.birt.report.designer.tests.nl_de" unpack="false" version="3.5.0.v20090620043401" download-size="2646" install-size="2646" />
	<plugin fragment="true" id="org.eclipse.birt.report.designer.ui.cubebuilder.nl_de" unpack="false" version="3.5.0.v20090620043401" download-size="4401" install-size="4401" />
	<plugin fragment="true" id="org.eclipse.birt.report.designer.ui.editor.script.nl_de" unpack="false" version="3.5.0.v20090620043401" download-size="1409" install-size="1409" />
	<plugin fragment="true" id="org.eclipse.birt.report.designer.ui.editor.xml.wtp.nl_de" unpack="false" version="3.5.0.v20090620043401" download-size="1784" install-size="1784" />
	<plugin fragment="true" id="org.eclipse.birt.report.designer.ui.editors.nl_de" unpack="false" version="3.5.0.v20090620043401" download-size="1424" install-size="1424" />
	<plugin fragment="true" id="org.eclipse.birt.report.designer.ui.editors.schematic.nl_de" unpack="false" version="3.5.0.v20090620043401" download-size="1500" install-size="1500" />
	<plugin fragment="true" id="org.eclipse.birt.report.designer.ui.ide.nl_de" unpack="false" version="3.5.0.v20090620043401" download-size="1750" install-size="1750" />
	<plugin fragment="true" id="org.eclipse.birt.report.designer.ui.lib.explorer.nl_de" unpack="false" version="3.5.0.v20090620043401" download-size="1393" install-size="1393" />
	<plugin fragment="true" id="org.eclipse.birt.report.designer.ui.lib.nl_de" unpack="false" version="3.5.0.v20090620043401" download-size="1585" install-size="1585" />
	<plugin fragment="true" id="org.eclipse.birt.report.designer.ui.nl_de" unpack="false" version="3.5.0.v20090620043401" download-size="1841" install-size="1841" />
	<plugin fragment="true" id="org.eclipse.birt.report.designer.ui.preview.nl_de" unpack="false" version="3.5.0.v20090620043401" download-size="1494" install-size="1494" />
	<plugin fragment="true" id="org.eclipse.birt.report.designer.ui.preview.web.nl_de" unpack="false" version="3.5.0.v20090620043401" download-size="1535" install-size="1535" />
	<plugin fragment="true" id="org.eclipse.birt.report.designer.ui.rcp.nl_de" unpack="false" version="3.5.0.v20090620043401" download-size="3271" install-size="3271" />
	<plugin fragment="true" id="org.eclipse.birt.report.designer.ui.samples.ide.nl_de" unpack="false" version="3.5.0.v20090620043401" download-size="3252" install-size="3252" />
	<plugin fragment="true" id="org.eclipse.birt.report.designer.ui.samplesview.nl_de" unpack="false" version="3.5.0.v20090620043401" download-size="7335" install-size="7335" />
	<plugin fragment="true" id="org.eclipse.birt.report.designer.ui.views.nl_de" unpack="false" version="3.5.0.v20090620043401" download-size="1435" install-size="1435" />
	<plugin fragment="true" id="org.eclipse.birt.report.engine.dataextraction.csv.nl_de" unpack="false" version="3.5.0.v20090620043401" download-size="1391" install-size="1391" />
	<plugin fragment="true" id="org.eclipse.birt.report.engine.emitter.config.html.nl_de" unpack="false" version="3.5.0.v20090620043401" download-size="2819" install-size="2819" />
	<plugin fragment="true" id="org.eclipse.birt.report.engine.emitter.config.pdf.nl_de" unpack="false" version="3.5.0.v20090620043401" download-size="2742" install-size="2742" />
	<plugin fragment="true" id="org.eclipse.birt.report.engine.emitter.config.postscript.nl_de" unpack="false" version="3.5.0.v20090620043401" download-size="2799" install-size="2799" />
	<plugin fragment="true" id="org.eclipse.birt.report.engine.nl_de" unpack="false" version="3.5.0.v20090620043401" download-size="4273" install-size="4273" />
	<plugin fragment="true" id="org.eclipse.birt.report.item.crosstab.core.nl_de" unpack="false" version="3.5.0.v20090620043401" download-size="4913" install-size="4913" />
	<plugin fragment="true" id="org.eclipse.birt.report.item.crosstab.ui.nl_de" unpack="false" version="3.5.0.v20090620043401" download-size="5861" install-size="5861" />
	<plugin fragment="true" id="org.eclipse.birt.report.model.adapter.oda.nl_de" unpack="false" version="3.5.0.v20090620043401" download-size="1393" install-size="1393" />
	<plugin fragment="true" id="org.eclipse.birt.report.model.nl_de" unpack="false" version="3.5.0.v20090620043401" download-size="38582" install-size="38582" />
	<plugin fragment="true" id="org.eclipse.birt.report.model.tests.nl_de" unpack="false" version="3.5.0.v20090620043401" download-size="2626" install-size="2626" />
	<plugin fragment="true" id="org.eclipse.birt.report.runtime.nl_de" unpack="false" version="3.5.0.v20090620043401" download-size="1505" install-size="1505" />
	<plugin fragment="true" id="org.eclipse.birt.report.viewer.nl_de" unpack="false" version="3.5.0.v20090620043401" download-size="6342" install-size="6342" />
	<plugin fragment="true" id="org.eclipse.birt.resources.nl_de" unpack="false" version="3.5.0.v20090620043401" download-size="1532" install-size="1532" />
	<plugin fragment="true" id="org.eclipse.birt.sdk.nl_de" unpack="false" version="3.5.0.v20090620043401" download-size="1514" install-size="1514" />
	<plugin fragment="true" id="org.eclipse.birt.tests.data.nl_de" unpack="false" version="3.5.0.v20090620043401" download-size="1383" install-size="1383" />
	<plugin fragment="true" id="org.mozilla.rhino.nl_de" unpack="false" version="3.5.0.v20090620043401" download-size="1486" install-size="1486" />
	<plugin fragment="true" id="org.w3c.sac.nl_de" unpack="false" version="3.5.0.v20090620043401" download-size="1463" install-size="1463" />
</feature>