<?xml version="1.0" encoding="UTF-8" ?>
<feature
	id="org.eclipse.babel.nls_modeling.emft_pt"
	label="Babel Language Pack for modeling.emft in Portuguese (26.84%)"
	image="eclipse_update_120.jpg"
	provider-name="%providerName"
	version="3.5.0.v20090620043401">
	<copyright>
		%copyright
	</copyright>
	<license url="%licenseURL">
		%license
	</license>
	<description>Babel Language Pack for modeling.emft in Portuguese</description>
	<plugin fragment="true" id="org.eclipse.emf.compare.diff.edit.nl_pt" unpack="false" version="3.5.0.v20090620043401" download-size="1846" install-size="1846" />
	<plugin fragment="true" id="org.eclipse.emf.compare.diff.nl_pt" unpack="false" version="3.5.0.v20090620043401" download-size="1373" install-size="1373" />
	<plugin fragment="true" id="org.eclipse.emf.compare.epatch.nl_pt" unpack="false" version="3.5.0.v20090620043401" download-size="1374" install-size="1374" />
	<plugin fragment="true" id="org.eclipse.emf.compare.match.nl_pt" unpack="false" version="3.5.0.v20090620043401" download-size="1692" install-size="1692" />
	<plugin fragment="true" id="org.eclipse.emf.compare.nl_pt" unpack="false" version="3.5.0.v20090620043401" download-size="1370" install-size="1370" />
	<plugin fragment="true" id="org.eclipse.emf.compare.tests.nl_pt" unpack="false" version="3.5.0.v20090620043401" download-size="1373" install-size="1373" />
	<plugin fragment="true" id="org.eclipse.emf.compare.ui.nl_pt" unpack="false" version="3.5.0.v20090620043401" download-size="3689" install-size="3689" />
	<plugin fragment="true" id="org.eclipse.emf.mwe.activities.nl_pt" unpack="false" version="3.5.0.v20090620043401" download-size="1374" install-size="1374" />
	<plugin fragment="true" id="org.eclipse.emf.mwe.core.nl_pt" unpack="false" version="3.5.0.v20090620043401" download-size="1590" install-size="1590" />
	<plugin fragment="true" id="org.eclipse.emf.mwe.doc.nl_pt" unpack="false" version="3.5.0.v20090620043401" download-size="1624" install-size="1624" />
	<plugin fragment="true" id="org.eclipse.emf.mwe.examples.nl_pt" unpack="false" version="3.5.0.v20090620043401" download-size="1373" install-size="1373" />
	<plugin fragment="true" id="org.eclipse.emf.mwe.tests.nl_pt" unpack="false" version="3.5.0.v20090620043401" download-size="1580" install-size="1580" />
	<plugin fragment="true" id="org.eclipse.emf.mwe.ui.editor.nl_pt" unpack="false" version="3.5.0.v20090620043401" download-size="2575" install-size="2575" />
	<plugin fragment="true" id="org.eclipse.emf.mwe.ui.nl_pt" unpack="false" version="3.5.0.v20090620043401" download-size="2427" install-size="2427" />
	<plugin fragment="true" id="org.eclipse.emf.mwe.ui.simpleEditor.nl_pt" unpack="false" version="3.5.0.v20090620043401" download-size="1377" install-size="1377" />
	<plugin fragment="true" id="org.eclipse.emf.mwe.utils.nl_pt" unpack="false" version="3.5.0.v20090620043401" download-size="1371" install-size="1371" />
</feature>