<?xml version="1.0" encoding="UTF-8" ?>
<feature
	id="org.eclipse.babel.nls_webtools.common_ru"
	label="Babel Language Pack for webtools.common in Russian (47.21%)"
	image="eclipse_update_120.jpg"
	provider-name="%providerName"
	version="3.5.0.v20090620043401">
	<copyright>
		%copyright
	</copyright>
	<license url="%licenseURL">
		%license
	</license>
	<description>Babel Language Pack for webtools.common in Russian</description>
	<plugin fragment="true" id="org.eclipse.jem.util.nl_ru" unpack="false" version="3.5.0.v20090620043401" download-size="1944" install-size="1944" />
	<plugin fragment="true" id="org.eclipse.jst.common.annotations.controller.nl_ru" unpack="false" version="3.5.0.v20090620043401" download-size="2191" install-size="2191" />
	<plugin fragment="true" id="org.eclipse.jst.common.annotations.core.nl_ru" unpack="false" version="3.5.0.v20090620043401" download-size="1928" install-size="1928" />
	<plugin fragment="true" id="org.eclipse.jst.common.annotations.ui.nl_ru" unpack="false" version="3.5.0.v20090620043401" download-size="1819" install-size="1819" />
	<plugin fragment="true" id="org.eclipse.jst.common.fproj.enablement.jdt.sdk.nl_ru" unpack="false" version="3.5.0.v20090620043401" download-size="1382" install-size="1382" />
	<plugin fragment="true" id="org.eclipse.jst.common.frameworks.nl_ru" unpack="false" version="3.5.0.v20090620043401" download-size="1426" install-size="1426" />
	<plugin fragment="true" id="org.eclipse.jst.common.project.facet.core.nl_ru" unpack="false" version="3.5.0.v20090620043401" download-size="3281" install-size="3281" />
	<plugin fragment="true" id="org.eclipse.jst.common.project.facet.ui.nl_ru" unpack="false" version="3.5.0.v20090620043401" download-size="5278" install-size="5278" />
	<plugin fragment="true" id="org.eclipse.wst.common.api.doc.nl_ru" unpack="false" version="3.5.0.v20090620043401" download-size="1372" install-size="1372" />
	<plugin fragment="true" id="org.eclipse.wst.common.core.nl_ru" unpack="false" version="3.5.0.v20090620043401" download-size="2703" install-size="2703" />
	<plugin fragment="true" id="org.eclipse.wst.common.emf.nl_ru" unpack="false" version="3.5.0.v20090620043401" download-size="2178" install-size="2178" />
	<plugin fragment="true" id="org.eclipse.wst.common.emfworkbench.integration.nl_ru" unpack="false" version="3.5.0.v20090620043401" download-size="3225" install-size="3225" />
	<plugin fragment="true" id="org.eclipse.wst.common.environment.nl_ru" unpack="false" version="3.5.0.v20090620043401" download-size="3292" install-size="3292" />
	<plugin fragment="true" id="org.eclipse.wst.common.fproj.sdk.nl_ru" unpack="false" version="3.5.0.v20090620043401" download-size="1374" install-size="1374" />
	<plugin fragment="true" id="org.eclipse.wst.common.frameworks.nl_ru" unpack="false" version="3.5.0.v20090620043401" download-size="3260" install-size="3260" />
	<plugin fragment="true" id="org.eclipse.wst.common.frameworks.ui.nl_ru" unpack="false" version="3.5.0.v20090620043401" download-size="4647" install-size="4647" />
	<plugin fragment="true" id="org.eclipse.wst.common.infopop.nl_ru" unpack="false" version="3.5.0.v20090620043401" download-size="1418" install-size="1418" />
	<plugin fragment="true" id="org.eclipse.wst.common.modulecore.nl_ru" unpack="false" version="3.5.0.v20090620043401" download-size="2367" install-size="2367" />
	<plugin fragment="true" id="org.eclipse.wst.common.project.facet.core.nl_ru" unpack="false" version="3.5.0.v20090620043401" download-size="9724" install-size="9724" />
	<plugin fragment="true" id="org.eclipse.wst.common.project.facet.doc.api.nl_ru" unpack="false" version="3.5.0.v20090620043401" download-size="1379" install-size="1379" />
	<plugin fragment="true" id="org.eclipse.wst.common.project.facet.ui.nl_ru" unpack="false" version="3.5.0.v20090620043401" download-size="8441" install-size="8441" />
	<plugin fragment="true" id="org.eclipse.wst.common.snippets.nl_ru" unpack="false" version="3.5.0.v20090620043401" download-size="3709" install-size="3709" />
	<plugin fragment="true" id="org.eclipse.wst.common.ui.nl_ru" unpack="false" version="3.5.0.v20090620043401" download-size="5610" install-size="5610" />
	<plugin fragment="true" id="org.eclipse.wst.common.ui.properties.nl_ru" unpack="false" version="3.5.0.v20090620043401" download-size="3511" install-size="3511" />
	<plugin fragment="true" id="org.eclipse.wst.common.uriresolver.nl_ru" unpack="false" version="3.5.0.v20090620043401" download-size="1469" install-size="1469" />
	<plugin fragment="true" id="org.eclipse.wst.internet.cache.nl_ru" unpack="false" version="3.5.0.v20090620043401" download-size="3383" install-size="3383" />
	<plugin fragment="true" id="org.eclipse.wst.validation.doc.isv.nl_ru" unpack="false" version="3.5.0.v20090620043401" download-size="1378" install-size="1378" />
	<plugin fragment="true" id="org.eclipse.wst.validation.infopop.nl_ru" unpack="false" version="3.5.0.v20090620043401" download-size="1450" install-size="1450" />
	<plugin fragment="true" id="org.eclipse.wst.validation.nl_ru" unpack="false" version="3.5.0.v20090620043401" download-size="5467" install-size="5467" />
	<plugin fragment="true" id="org.eclipse.wst.validation.ui.nl_ru" unpack="false" version="3.5.0.v20090620043401" download-size="4044" install-size="4044" />
</feature>