<?xml version="1.0" encoding="UTF-8" ?>
<feature
	id="org.eclipse.babel.nls_tptp.platform_el"
	label="Babel Language Pack for tptp.platform in Greek (17.33%)"
	image="eclipse_update_120.jpg"
	provider-name="%providerName"
	version="3.5.0.v20090620043401">
	<copyright>
		%copyright
	</copyright>
	<license url="%licenseURL">
		%license
	</license>
	<description>Babel Language Pack for tptp.platform in Greek</description>
	<plugin fragment="true" id="org.eclipse.hyades.analysis.engine.nl_el" unpack="false" version="3.5.0.v20090620043401" download-size="1372" install-size="1372" />
	<plugin fragment="true" id="org.eclipse.hyades.logging.adapter.nl_el" unpack="false" version="3.5.0.v20090620043401" download-size="3092" install-size="3092" />
	<plugin fragment="true" id="org.eclipse.hyades.logging.adapter.ui.nl_el" unpack="false" version="3.5.0.v20090620043401" download-size="5088" install-size="5088" />
	<plugin fragment="true" id="org.eclipse.hyades.logging.parsers.nl_el" unpack="false" version="3.5.0.v20090620043401" download-size="2479" install-size="2479" />
	<plugin fragment="true" id="org.eclipse.hyades.probekit.ui.nl_el" unpack="false" version="3.5.0.v20090620043401" download-size="4438" install-size="4438" />
	<plugin fragment="true" id="org.eclipse.hyades.resources.database.nl_el" unpack="false" version="3.5.0.v20090620043401" download-size="1376" install-size="1376" />
	<plugin fragment="true" id="org.eclipse.hyades.sdb.nl_el" unpack="false" version="3.5.0.v20090620043401" download-size="7305" install-size="7305" />
	<plugin fragment="true" id="org.eclipse.hyades.statistical.ui.nl_el" unpack="false" version="3.5.0.v20090620043401" download-size="1377" install-size="1377" />
	<plugin fragment="true" id="org.eclipse.hyades.test.core.nl_el" unpack="false" version="3.5.0.v20090620043401" download-size="3364" install-size="3364" />
	<plugin fragment="true" id="org.eclipse.hyades.test.tools.ui.nl_el" unpack="false" version="3.5.0.v20090620043401" download-size="3690" install-size="3690" />
	<plugin fragment="true" id="org.eclipse.hyades.test.ui.extensions.nl_el" unpack="false" version="3.5.0.v20090620043401" download-size="2731" install-size="2731" />
	<plugin fragment="true" id="org.eclipse.hyades.test.ui.nl_el" unpack="false" version="3.5.0.v20090620043401" download-size="10149" install-size="10149" />
	<plugin fragment="true" id="org.eclipse.hyades.trace.ui.nl_el" unpack="false" version="3.5.0.v20090620043401" download-size="6350" install-size="6350" />
	<plugin fragment="true" id="org.eclipse.hyades.trace.views.nl_el" unpack="false" version="3.5.0.v20090620043401" download-size="2818" install-size="2818" />
	<plugin fragment="true" id="org.eclipse.hyades.ui.nl_el" unpack="false" version="3.5.0.v20090620043401" download-size="1412" install-size="1412" />
	<plugin fragment="true" id="org.eclipse.tptp.lta.gla.ui.epi.nl_el" unpack="false" version="3.5.0.v20090620043401" download-size="1371" install-size="1371" />
	<plugin fragment="true" id="org.eclipse.tptp.lta.log.epi.nl_el" unpack="false" version="3.5.0.v20090620043401" download-size="1553" install-size="1553" />
	<plugin fragment="true" id="org.eclipse.tptp.lta.runtime.nl_el" unpack="false" version="3.5.0.v20090620043401" download-size="1370" install-size="1370" />
	<plugin fragment="true" id="org.eclipse.tptp.lta.sdb.epi.nl_el" unpack="false" version="3.5.0.v20090620043401" download-size="1372" install-size="1372" />
	<plugin fragment="true" id="org.eclipse.tptp.lta.symptom.epi.nl_el" unpack="false" version="3.5.0.v20090620043401" download-size="1375" install-size="1375" />
	<plugin fragment="true" id="org.eclipse.tptp.monitoring.la.core.nl_el" unpack="false" version="3.5.0.v20090620043401" download-size="1373" install-size="1373" />
	<plugin fragment="true" id="org.eclipse.tptp.monitoring.logui.nl_el" unpack="false" version="3.5.0.v20090620043401" download-size="2919" install-size="2919" />
	<plugin fragment="true" id="org.eclipse.tptp.monitoring.lta.doc.isv.nl_el" unpack="false" version="3.5.0.v20090620043401" download-size="1376" install-size="1376" />
	<plugin fragment="true" id="org.eclipse.tptp.monitoring.lta.doc.user.nl_el" unpack="false" version="3.5.0.v20090620043401" download-size="1376" install-size="1376" />
	<plugin fragment="true" id="org.eclipse.tptp.monitoring.lta.examples.isv.nl_el" unpack="false" version="3.5.0.v20090620043401" download-size="3184" install-size="3184" />
	<plugin fragment="true" id="org.eclipse.tptp.monitoring.lta.examples.nl_el" unpack="false" version="3.5.0.v20090620043401" download-size="2765" install-size="2765" />
	<plugin fragment="true" id="org.eclipse.tptp.monitoring.managedagent.jmx.nl_el" unpack="false" version="3.5.0.v20090620043401" download-size="2695" install-size="2695" />
	<plugin fragment="true" id="org.eclipse.tptp.monitoring.managedagent.ui.nl_el" unpack="false" version="3.5.0.v20090620043401" download-size="5132" install-size="5132" />
	<plugin fragment="true" id="org.eclipse.tptp.monitoring.profile.server.nl_el" unpack="false" version="3.5.0.v20090620043401" download-size="1380" install-size="1380" />
	<plugin fragment="true" id="org.eclipse.tptp.monitoring.report.birt.nl_el" unpack="false" version="3.5.0.v20090620043401" download-size="2639" install-size="2639" />
	<plugin fragment="true" id="org.eclipse.tptp.monitoring.symptom.doc.user.nl_el" unpack="false" version="3.5.0.v20090620043401" download-size="1379" install-size="1379" />
	<plugin fragment="true" id="org.eclipse.tptp.monitoring.symptom.editor.nl_el" unpack="false" version="3.5.0.v20090620043401" download-size="1377" install-size="1377" />
	<plugin fragment="true" id="org.eclipse.tptp.platform.agentcontroller.nl_el" unpack="false" version="3.5.0.v20090620043401" download-size="2697" install-size="2697" />
	<plugin fragment="true" id="org.eclipse.tptp.platform.analysis.codereview.cpp.nl_el" unpack="false" version="3.5.0.v20090620043401" download-size="1383" install-size="1383" />
	<plugin fragment="true" id="org.eclipse.tptp.platform.analysis.codereview.cpp.rules.nl_el" unpack="false" version="3.5.0.v20090620043401" download-size="1543" install-size="1543" />
	<plugin fragment="true" id="org.eclipse.tptp.platform.analysis.codereview.java.nl_el" unpack="false" version="3.5.0.v20090620043401" download-size="1442" install-size="1442" />
	<plugin fragment="true" id="org.eclipse.tptp.platform.analysis.codereview.java.rules.nl_el" unpack="false" version="3.5.0.v20090620043401" download-size="1711" install-size="1711" />
	<plugin fragment="true" id="org.eclipse.tptp.platform.analysis.core.nl_el" unpack="false" version="3.5.0.v20090620043401" download-size="2614" install-size="2614" />
	<plugin fragment="true" id="org.eclipse.tptp.platform.analysis.core.ui.nl_el" unpack="false" version="3.5.0.v20090620043401" download-size="3115" install-size="3115" />
	<plugin fragment="true" id="org.eclipse.tptp.platform.common.nl_el" unpack="false" version="3.5.0.v20090620043401" download-size="2371" install-size="2371" />
	<plugin fragment="true" id="org.eclipse.tptp.platform.common.ui.nl_el" unpack="false" version="3.5.0.v20090620043401" download-size="5414" install-size="5414" />
	<plugin fragment="true" id="org.eclipse.tptp.platform.common.ui.trace.nl_el" unpack="false" version="3.5.0.v20090620043401" download-size="3146" install-size="3146" />
	<plugin fragment="true" id="org.eclipse.tptp.platform.examples.isv.nl_el" unpack="false" version="3.5.0.v20090620043401" download-size="2698" install-size="2698" />
	<plugin fragment="true" id="org.eclipse.tptp.platform.examples.nl_el" unpack="false" version="3.5.0.v20090620043401" download-size="1421" install-size="1421" />
	<plugin fragment="true" id="org.eclipse.tptp.platform.iac.administrator.nl_el" unpack="false" version="3.5.0.v20090620043401" download-size="3387" install-size="3387" />
	<plugin fragment="true" id="org.eclipse.tptp.platform.instrumentation.ui.nl_el" unpack="false" version="3.5.0.v20090620043401" download-size="3507" install-size="3507" />
	<plugin fragment="true" id="org.eclipse.tptp.platform.integration.pde.nl_el" unpack="false" version="3.5.0.v20090620043401" download-size="2865" install-size="2865" />
	<plugin fragment="true" id="org.eclipse.tptp.platform.la.core.nl_el" unpack="false" version="3.5.0.v20090620043401" download-size="2672" install-size="2672" />
	<plugin fragment="true" id="org.eclipse.tptp.platform.llc.core.nl_el" unpack="false" version="3.5.0.v20090620043401" download-size="1372" install-size="1372" />
	<plugin fragment="true" id="org.eclipse.tptp.platform.llc.doc.user.nl_el" unpack="false" version="3.5.0.v20090620043401" download-size="1376" install-size="1376" />
	<plugin fragment="true" id="org.eclipse.tptp.platform.llc.launch.nl_el" unpack="false" version="3.5.0.v20090620043401" download-size="2895" install-size="2895" />
	<plugin fragment="true" id="org.eclipse.tptp.platform.llc.ui.nl_el" unpack="false" version="3.5.0.v20090620043401" download-size="1372" install-size="1372" />
	<plugin fragment="true" id="org.eclipse.tptp.platform.log.doc.user.nl_el" unpack="false" version="3.5.0.v20090620043401" download-size="1375" install-size="1375" />
	<plugin fragment="true" id="org.eclipse.tptp.platform.log.views.nl_el" unpack="false" version="3.5.0.v20090620043401" download-size="4161" install-size="4161" />
	<plugin fragment="true" id="org.eclipse.tptp.platform.lta.common.nl_el" unpack="false" version="3.5.0.v20090620043401" download-size="2428" install-size="2428" />
	<plugin fragment="true" id="org.eclipse.tptp.platform.models.lta.nl_el" unpack="false" version="3.5.0.v20090620043401" download-size="1373" install-size="1373" />
	<plugin fragment="true" id="org.eclipse.tptp.platform.models.nl_el" unpack="false" version="3.5.0.v20090620043401" download-size="3325" install-size="3325" />
	<plugin fragment="true" id="org.eclipse.tptp.platform.probekit.launch.nl_el" unpack="false" version="3.5.0.v20090620043401" download-size="3956" install-size="3956" />
	<plugin fragment="true" id="org.eclipse.tptp.platform.report.birt.nl_el" unpack="false" version="3.5.0.v20090620043401" download-size="1415" install-size="1415" />
	<plugin fragment="true" id="org.eclipse.tptp.platform.report.birt.ui.nl_el" unpack="false" version="3.5.0.v20090620043401" download-size="2542" install-size="2542" />
	<plugin fragment="true" id="org.eclipse.tptp.platform.report.core.nl_el" unpack="false" version="3.5.0.v20090620043401" download-size="1523" install-size="1523" />
	<plugin fragment="true" id="org.eclipse.tptp.platform.report.ui.nl_el" unpack="false" version="3.5.0.v20090620043401" download-size="1522" install-size="1522" />
	<plugin fragment="true" id="org.eclipse.tptp.test.auto.gui.nl_el" unpack="false" version="3.5.0.v20090620043401" download-size="2989" install-size="2989" />
	<plugin fragment="true" id="org.eclipse.tptp.test.auto.nl_el" unpack="false" version="3.5.0.v20090620043401" download-size="1368" install-size="1368" />
	<plugin fragment="true" id="org.eclipse.tptp.test.recorders.url.nl_el" unpack="false" version="3.5.0.v20090620043401" download-size="4805" install-size="4805" />
	<plugin fragment="true" id="org.eclipse.tptp.test.report.birt.nl_el" unpack="false" version="3.5.0.v20090620043401" download-size="3466" install-size="3466" />
	<plugin fragment="true" id="org.eclipse.tptp.test.samples.nl_el" unpack="false" version="3.5.0.v20090620043401" download-size="2968" install-size="2968" />
	<plugin fragment="true" id="org.eclipse.tptp.test.tools.junit.plugin.nl_el" unpack="false" version="3.5.0.v20090620043401" download-size="3325" install-size="3325" />
	<plugin fragment="true" id="org.eclipse.tptp.test.tools.manual.doc.user.nl_el" unpack="false" version="3.5.0.v20090620043401" download-size="1377" install-size="1377" />
	<plugin fragment="true" id="org.eclipse.tptp.test.tools.manual.nl_el" unpack="false" version="3.5.0.v20090620043401" download-size="4234" install-size="4234" />
	<plugin fragment="true" id="org.eclipse.tptp.trace.arm.nl_el" unpack="false" version="3.5.0.v20090620043401" download-size="1419" install-size="1419" />
	<plugin fragment="true" id="org.eclipse.tptp.trace.arm.ui.nl_el" unpack="false" version="3.5.0.v20090620043401" download-size="2525" install-size="2525" />
	<plugin fragment="true" id="org.eclipse.tptp.trace.jvmti.client.nl_el" unpack="false" version="3.5.0.v20090620043401" download-size="2886" install-size="2886" />
	<plugin fragment="true" id="org.eclipse.tptp.trace.memory.nl_el" unpack="false" version="3.5.0.v20090620043401" download-size="1373" install-size="1373" />
	<plugin fragment="true" id="org.eclipse.tptp.trace.report.birt.nl_el" unpack="false" version="3.5.0.v20090620043401" download-size="2533" install-size="2533" />
</feature>