<?xml version="1.0" encoding="UTF-8" ?>
<feature
	id="org.eclipse.babel.nls_dsdp.tm_zh_TW"
	label="Babel Language Pack for dsdp.tm in Chinese (Traditional) (21.9%)"
	image="eclipse_update_120.jpg"
	provider-name="%providerName"
	version="3.5.0.v20090620043401">
	<copyright>
		%copyright
	</copyright>
	<license url="%licenseURL">
		%license
	</license>
	<description>Babel Language Pack for dsdp.tm in Chinese (Traditional)</description>
	<plugin fragment="true" id="org.eclipse.dstore.core.nl_zh_TW" unpack="false" version="3.5.0.v20090620043401" download-size="1387" install-size="1387" />
	<plugin fragment="true" id="org.eclipse.dstore.doc.isv.nl_zh_TW" unpack="false" version="3.5.0.v20090620043401" download-size="1389" install-size="1389" />
	<plugin fragment="true" id="org.eclipse.dstore.extra.nl_zh_TW" unpack="false" version="3.5.0.v20090620043401" download-size="1388" install-size="1388" />
	<plugin fragment="true" id="org.eclipse.rse.connectorservice.dstore.nl_zh_TW" unpack="false" version="3.5.0.v20090620043401" download-size="1398" install-size="1398" />
	<plugin fragment="true" id="org.eclipse.rse.connectorservice.local.nl_zh_TW" unpack="false" version="3.5.0.v20090620043401" download-size="1397" install-size="1397" />
	<plugin fragment="true" id="org.eclipse.rse.connectorservice.ssh.nl_zh_TW" unpack="false" version="3.5.0.v20090620043401" download-size="2781" install-size="2781" />
	<plugin fragment="true" id="org.eclipse.rse.connectorservice.telnet.nl_zh_TW" unpack="false" version="3.5.0.v20090620043401" download-size="1401" install-size="1401" />
	<plugin fragment="true" id="org.eclipse.rse.core.nl_zh_TW" unpack="false" version="3.5.0.v20090620043401" download-size="2456" install-size="2456" />
	<plugin fragment="true" id="org.eclipse.rse.discovery.nl_zh_TW" unpack="false" version="3.5.0.v20090620043401" download-size="2245" install-size="2245" />
	<plugin fragment="true" id="org.eclipse.rse.doc.isv.nl_zh_TW" unpack="false" version="3.5.0.v20090620043401" download-size="1387" install-size="1387" />
	<plugin fragment="true" id="org.eclipse.rse.doc.user.nl_zh_TW" unpack="false" version="3.5.0.v20090620043401" download-size="1388" install-size="1388" />
	<plugin fragment="true" id="org.eclipse.rse.dstore.security.nl_zh_TW" unpack="false" version="3.5.0.v20090620043401" download-size="2633" install-size="2633" />
	<plugin fragment="true" id="org.eclipse.rse.efs.nl_zh_TW" unpack="false" version="3.5.0.v20090620043401" download-size="1384" install-size="1384" />
	<plugin fragment="true" id="org.eclipse.rse.efs.ui.nl_zh_TW" unpack="false" version="3.5.0.v20090620043401" download-size="1387" install-size="1387" />
	<plugin fragment="true" id="org.eclipse.rse.examples.daytime.nl_zh_TW" unpack="false" version="3.5.0.v20090620043401" download-size="1393" install-size="1393" />
	<plugin fragment="true" id="org.eclipse.rse.examples.tutorial.nl_zh_TW" unpack="false" version="3.5.0.v20090620043401" download-size="1717" install-size="1717" />
	<plugin fragment="true" id="org.eclipse.rse.files.ui.nl_zh_TW" unpack="false" version="3.5.0.v20090620043401" download-size="3406" install-size="3406" />
	<plugin fragment="true" id="org.eclipse.rse.importexport.nl_zh_TW" unpack="false" version="3.5.0.v20090620043401" download-size="4657" install-size="4657" />
	<plugin fragment="true" id="org.eclipse.rse.nl_zh_TW" unpack="false" version="3.5.0.v20090620043401" download-size="1381" install-size="1381" />
	<plugin fragment="true" id="org.eclipse.rse.processes.ui.nl_zh_TW" unpack="false" version="3.5.0.v20090620043401" download-size="3137" install-size="3137" />
	<plugin fragment="true" id="org.eclipse.rse.remotecdt.nl_zh_TW" unpack="false" version="3.5.0.v20090620043401" download-size="2342" install-size="2342" />
	<plugin fragment="true" id="org.eclipse.rse.sdk.nl_zh_TW" unpack="false" version="3.5.0.v20090620043401" download-size="1385" install-size="1385" />
	<plugin fragment="true" id="org.eclipse.rse.services.dstore.nl_zh_TW" unpack="false" version="3.5.0.v20090620043401" download-size="1614" install-size="1614" />
	<plugin fragment="true" id="org.eclipse.rse.services.files.ftp.nl_zh_TW" unpack="false" version="3.5.0.v20090620043401" download-size="2636" install-size="2636" />
	<plugin fragment="true" id="org.eclipse.rse.services.local.nl_zh_TW" unpack="false" version="3.5.0.v20090620043401" download-size="1391" install-size="1391" />
	<plugin fragment="true" id="org.eclipse.rse.services.nl_zh_TW" unpack="false" version="3.5.0.v20090620043401" download-size="3111" install-size="3111" />
	<plugin fragment="true" id="org.eclipse.rse.services.ssh.nl_zh_TW" unpack="false" version="3.5.0.v20090620043401" download-size="1390" install-size="1390" />
	<plugin fragment="true" id="org.eclipse.rse.services.telnet.nl_zh_TW" unpack="false" version="3.5.0.v20090620043401" download-size="1391" install-size="1391" />
	<plugin fragment="true" id="org.eclipse.rse.shells.ui.nl_zh_TW" unpack="false" version="3.5.0.v20090620043401" download-size="2666" install-size="2666" />
	<plugin fragment="true" id="org.eclipse.rse.subsystems.files.core.nl_zh_TW" unpack="false" version="3.5.0.v20090620043401" download-size="2926" install-size="2926" />
	<plugin fragment="true" id="org.eclipse.rse.subsystems.files.dstore.nl_zh_TW" unpack="false" version="3.5.0.v20090620043401" download-size="1416" install-size="1416" />
	<plugin fragment="true" id="org.eclipse.rse.subsystems.files.ftp.nl_zh_TW" unpack="false" version="3.5.0.v20090620043401" download-size="1431" install-size="1431" />
	<plugin fragment="true" id="org.eclipse.rse.subsystems.files.local.nl_zh_TW" unpack="false" version="3.5.0.v20090620043401" download-size="1397" install-size="1397" />
	<plugin fragment="true" id="org.eclipse.rse.subsystems.files.ssh.nl_zh_TW" unpack="false" version="3.5.0.v20090620043401" download-size="1395" install-size="1395" />
	<plugin fragment="true" id="org.eclipse.rse.subsystems.processes.core.nl_zh_TW" unpack="false" version="3.5.0.v20090620043401" download-size="1399" install-size="1399" />
	<plugin fragment="true" id="org.eclipse.rse.subsystems.processes.dstore.nl_zh_TW" unpack="false" version="3.5.0.v20090620043401" download-size="1402" install-size="1402" />
	<plugin fragment="true" id="org.eclipse.rse.subsystems.processes.local.nl_zh_TW" unpack="false" version="3.5.0.v20090620043401" download-size="1403" install-size="1403" />
	<plugin fragment="true" id="org.eclipse.rse.subsystems.processes.shell.linux.nl_zh_TW" unpack="false" version="3.5.0.v20090620043401" download-size="1406" install-size="1406" />
	<plugin fragment="true" id="org.eclipse.rse.subsystems.shells.core.nl_zh_TW" unpack="false" version="3.5.0.v20090620043401" download-size="1396" install-size="1396" />
	<plugin fragment="true" id="org.eclipse.rse.subsystems.shells.dstore.nl_zh_TW" unpack="false" version="3.5.0.v20090620043401" download-size="1402" install-size="1402" />
	<plugin fragment="true" id="org.eclipse.rse.subsystems.shells.local.nl_zh_TW" unpack="false" version="3.5.0.v20090620043401" download-size="1398" install-size="1398" />
	<plugin fragment="true" id="org.eclipse.rse.subsystems.shells.ssh.nl_zh_TW" unpack="false" version="3.5.0.v20090620043401" download-size="1396" install-size="1396" />
	<plugin fragment="true" id="org.eclipse.rse.subsystems.shells.telnet.nl_zh_TW" unpack="false" version="3.5.0.v20090620043401" download-size="1399" install-size="1399" />
	<plugin fragment="true" id="org.eclipse.rse.subsystems.terminals.core.nl_zh_TW" unpack="false" version="3.5.0.v20090620043401" download-size="1401" install-size="1401" />
	<plugin fragment="true" id="org.eclipse.rse.subsystems.terminals.ssh.nl_zh_TW" unpack="false" version="3.5.0.v20090620043401" download-size="1400" install-size="1400" />
	<plugin fragment="true" id="org.eclipse.rse.subsystems.wince.nl_zh_TW" unpack="false" version="3.5.0.v20090620043401" download-size="1411" install-size="1411" />
	<plugin fragment="true" id="org.eclipse.rse.terminals.ui.nl_zh_TW" unpack="false" version="3.5.0.v20090620043401" download-size="1418" install-size="1418" />
	<plugin fragment="true" id="org.eclipse.rse.tests.framework.nl_zh_TW" unpack="false" version="3.5.0.v20090620043401" download-size="1468" install-size="1468" />
	<plugin fragment="true" id="org.eclipse.rse.tests.nl_zh_TW" unpack="false" version="3.5.0.v20090620043401" download-size="2446" install-size="2446" />
	<plugin fragment="true" id="org.eclipse.rse.ui.nl_zh_TW" unpack="false" version="3.5.0.v20090620043401" download-size="5965" install-size="5965" />
	<plugin fragment="true" id="org.eclipse.rse.useractions.nl_zh_TW" unpack="false" version="3.5.0.v20090620043401" download-size="3549" install-size="3549" />
	<plugin fragment="true" id="org.eclipse.tm.discovery.doc.isv.nl_zh_TW" unpack="false" version="3.5.0.v20090620043401" download-size="1394" install-size="1394" />
	<plugin fragment="true" id="org.eclipse.tm.discovery.engine.nl_zh_TW" unpack="false" version="3.5.0.v20090620043401" download-size="1391" install-size="1391" />
	<plugin fragment="true" id="org.eclipse.tm.discovery.model.edit.nl_zh_TW" unpack="false" version="3.5.0.v20090620043401" download-size="1395" install-size="1395" />
	<plugin fragment="true" id="org.eclipse.tm.discovery.model.nl_zh_TW" unpack="false" version="3.5.0.v20090620043401" download-size="1392" install-size="1392" />
	<plugin fragment="true" id="org.eclipse.tm.discovery.protocol.dnssd.nl_zh_TW" unpack="false" version="3.5.0.v20090620043401" download-size="1402" install-size="1402" />
	<plugin fragment="true" id="org.eclipse.tm.discovery.transport.udp.nl_zh_TW" unpack="false" version="3.5.0.v20090620043401" download-size="1400" install-size="1400" />
	<plugin fragment="true" id="org.eclipse.tm.discovery.view.nl_zh_TW" unpack="false" version="3.5.0.v20090620043401" download-size="2561" install-size="2561" />
	<plugin fragment="true" id="org.eclipse.tm.discovery.wizard.nl_zh_TW" unpack="false" version="3.5.0.v20090620043401" download-size="2623" install-size="2623" />
	<plugin fragment="true" id="org.eclipse.tm.rapi.examples.nl_zh_TW" unpack="false" version="3.5.0.v20090620043401" download-size="1391" install-size="1391" />
	<plugin fragment="true" id="org.eclipse.tm.rapi.nl_zh_TW" unpack="false" version="3.5.0.v20090620043401" download-size="1385" install-size="1385" />
	<plugin fragment="true" id="org.eclipse.tm.rapi.tests.nl_zh_TW" unpack="false" version="3.5.0.v20090620043401" download-size="1389" install-size="1389" />
	<plugin fragment="true" id="org.eclipse.tm.terminal.nl_zh_TW" unpack="false" version="3.5.0.v20090620043401" download-size="2657" install-size="2657" />
	<plugin fragment="true" id="org.eclipse.tm.terminal.serial.nl_zh_TW" unpack="false" version="3.5.0.v20090620043401" download-size="2418" install-size="2418" />
	<plugin fragment="true" id="org.eclipse.tm.terminal.ssh.nl_zh_TW" unpack="false" version="3.5.0.v20090620043401" download-size="2889" install-size="2889" />
	<plugin fragment="true" id="org.eclipse.tm.terminal.telnet.nl_zh_TW" unpack="false" version="3.5.0.v20090620043401" download-size="2429" install-size="2429" />
	<plugin fragment="true" id="org.eclipse.tm.terminal.test.nl_zh_TW" unpack="false" version="3.5.0.v20090620043401" download-size="1390" install-size="1390" />
	<plugin fragment="true" id="org.eclipse.tm.terminal.view.nl_zh_TW" unpack="false" version="3.5.0.v20090620043401" download-size="2953" install-size="2953" />
	<plugin fragment="true" id="test.data.nl_zh_TW" unpack="false" version="3.5.0.v20090620043401" download-size="2841" install-size="2841" />
</feature>