<?xml version="1.0" encoding="UTF-8" ?>
<feature
	id="org.eclipse.babel.nls_stp.sca_pt"
	label="Babel Language Pack for stp.sca in Portuguese (21.19%)"
	image="eclipse_update_120.jpg"
	provider-name="%providerName"
	version="3.5.0.v20090620043401">
	<copyright>
		%copyright
	</copyright>
	<license url="%licenseURL">
		%license
	</license>
	<description>Babel Language Pack for stp.sca in Portuguese</description>
	<plugin fragment="true" id="org.eclipse.stp.sca.common.jdt.nl_pt" unpack="false" version="3.5.0.v20090620043401" download-size="2339" install-size="2339" />
	<plugin fragment="true" id="org.eclipse.stp.sca.common.nl_pt" unpack="false" version="3.5.0.v20090620043401" download-size="1354" install-size="1354" />
	<plugin fragment="true" id="org.eclipse.stp.sca.diagram.extension.generator.ui.nl_pt" unpack="false" version="3.5.0.v20090620043401" download-size="2867" install-size="2867" />
	<plugin fragment="true" id="org.eclipse.stp.sca.diagram.extension.nl_pt" unpack="false" version="3.5.0.v20090620043401" download-size="1411" install-size="1411" />
	<plugin fragment="true" id="org.eclipse.stp.sca.diagram.frascati.nl_pt" unpack="false" version="3.5.0.v20090620043401" download-size="1377" install-size="1377" />
	<plugin fragment="true" id="org.eclipse.stp.sca.diagram.jdt.nl_pt" unpack="false" version="3.5.0.v20090620043401" download-size="1357" install-size="1357" />
	<plugin fragment="true" id="org.eclipse.stp.sca.diagram.nl_pt" unpack="false" version="3.5.0.v20090620043401" download-size="2294" install-size="2294" />
	<plugin fragment="true" id="org.eclipse.stp.sca.diagram.tuscany.nl_pt" unpack="false" version="3.5.0.v20090620043401" download-size="1359" install-size="1359" />
	<plugin fragment="true" id="org.eclipse.stp.sca.domainmodel.frascati.edit.nl_pt" unpack="false" version="3.5.0.v20090620043401" download-size="1668" install-size="1668" />
	<plugin fragment="true" id="org.eclipse.stp.sca.domainmodel.frascati.editor.nl_pt" unpack="false" version="3.5.0.v20090620043401" download-size="1436" install-size="1436" />
	<plugin fragment="true" id="org.eclipse.stp.sca.domainmodel.tuscany.edit.nl_pt" unpack="false" version="3.5.0.v20090620043401" download-size="1778" install-size="1778" />
	<plugin fragment="true" id="org.eclipse.stp.sca.domainmodel.tuscany.editor.nl_pt" unpack="false" version="3.5.0.v20090620043401" download-size="1435" install-size="1435" />
	<plugin fragment="true" id="org.eclipse.stp.sca.edit.nl_pt" unpack="false" version="3.5.0.v20090620043401" download-size="3552" install-size="3552" />
	<plugin fragment="true" id="org.eclipse.stp.sca.editor.nl_pt" unpack="false" version="3.5.0.v20090620043401" download-size="2896" install-size="2896" />
	<plugin fragment="true" id="org.eclipse.stp.sca.formeditor.nl_pt" unpack="false" version="3.5.0.v20090620043401" download-size="2346" install-size="2346" />
	<plugin fragment="true" id="org.eclipse.stp.sca.implementation.java.nl_pt" unpack="false" version="3.5.0.v20090620043401" download-size="1362" install-size="1362" />
	<plugin fragment="true" id="org.eclipse.stp.sca.implementation.sca.nl_pt" unpack="false" version="3.5.0.v20090620043401" download-size="1360" install-size="1360" />
	<plugin fragment="true" id="org.eclipse.stp.sca.interfacee.java.nl_pt" unpack="false" version="3.5.0.v20090620043401" download-size="1360" install-size="1360" />
	<plugin fragment="true" id="org.eclipse.stp.sca.nl_pt" unpack="false" version="3.5.0.v20090620043401" download-size="1350" install-size="1350" />
	<plugin fragment="true" id="org.eclipse.stp.sca.ontology.view.jena2.nl_pt" unpack="false" version="3.5.0.v20090620043401" download-size="2525" install-size="2525" />
	<plugin fragment="true" id="org.eclipse.stp.sca.ontology.view.nl_pt" unpack="false" version="3.5.0.v20090620043401" download-size="2350" install-size="2350" />
	<plugin fragment="true" id="org.eclipse.stp.sca.semantic.sawsdl.edit.nl_pt" unpack="false" version="3.5.0.v20090620043401" download-size="1614" install-size="1614" />
	<plugin fragment="true" id="org.eclipse.stp.sca.semantic.sawsdl.properties.nl_pt" unpack="false" version="3.5.0.v20090620043401" download-size="1367" install-size="1367" />
	<plugin fragment="true" id="org.eclipse.stp.sca.validation.frascati.nl_pt" unpack="false" version="3.5.0.v20090620043401" download-size="1362" install-size="1362" />
	<plugin fragment="true" id="org.eclipse.stp.sca.validation.nl_pt" unpack="false" version="3.5.0.v20090620043401" download-size="1357" install-size="1357" />
	<plugin fragment="true" id="org.eclipse.stp.sca.xmleditor.nl_pt" unpack="false" version="3.5.0.v20090620043401" download-size="2432" install-size="2432" />
</feature>