<?xml version="1.0" encoding="UTF-8" ?>
<feature
	id="org.eclipse.babel.nls_stp.bpmn_fr"
	label="Babel Language Pack for stp.bpmn in French (36.17%)"
	image="eclipse_update_120.jpg"
	provider-name="%providerName"
	version="3.5.0.v20090620043401">
	<copyright>
		%copyright
	</copyright>
	<license url="%licenseURL">
		%license
	</license>
	<description>Babel Language Pack for stp.bpmn in French</description>
	<plugin fragment="true" id="org.eclipse.stp.bpmn.diagram.nl_fr" unpack="false" version="3.5.0.v20090620043401" download-size="3451" install-size="3451" />
	<plugin fragment="true" id="org.eclipse.stp.bpmn.edit.nl_fr" unpack="false" version="3.5.0.v20090620043401" download-size="2514" install-size="2514" />
	<plugin fragment="true" id="org.eclipse.stp.bpmn.nl_fr" unpack="false" version="3.5.0.v20090620043401" download-size="2799" install-size="2799" />
	<plugin fragment="true" id="org.eclipse.stp.bpmn.validation.nl_fr" unpack="false" version="3.5.0.v20090620043401" download-size="2544" install-size="2544" />
</feature>