<?xml version="1.0" encoding="UTF-8" ?>
<feature
	id="org.eclipse.babel.nls_webtools.ejbtools_fr"
	label="Babel Language Pack for webtools.ejbtools in French (98.62%)"
	image="eclipse_update_120.jpg"
	provider-name="%providerName"
	version="3.5.0.v20090620043401">
	<copyright>
		%copyright
	</copyright>
	<license url="%licenseURL">
		%license
	</license>
	<description>Babel Language Pack for webtools.ejbtools in French</description>
	<plugin fragment="true" id="org.eclipse.jst.ejb.doc.user.nl_fr" unpack="false" version="3.5.0.v20090620043401" download-size="1375" install-size="1375" />
	<plugin fragment="true" id="org.eclipse.jst.ejb.ui.infopop.nl_fr" unpack="false" version="3.5.0.v20090620043401" download-size="1390" install-size="1390" />
	<plugin fragment="true" id="org.eclipse.jst.ejb.ui.nl_fr" unpack="false" version="3.5.0.v20090620043401" download-size="4158" install-size="4158" />
	<plugin fragment="true" id="org.eclipse.jst.j2ee.ejb.annotation.model.nl_fr" unpack="false" version="3.5.0.v20090620043401" download-size="3755" install-size="3755" />
	<plugin fragment="true" id="org.eclipse.jst.j2ee.ejb.annotations.emitter.nl_fr" unpack="false" version="3.5.0.v20090620043401" download-size="1406" install-size="1406" />
	<plugin fragment="true" id="org.eclipse.jst.j2ee.ejb.annotations.ui.nl_fr" unpack="false" version="3.5.0.v20090620043401" download-size="3872" install-size="3872" />
	<plugin fragment="true" id="org.eclipse.jst.j2ee.ejb.annotations.xdoclet.nl_fr" unpack="false" version="3.5.0.v20090620043401" download-size="3663" install-size="3663" />
	<plugin fragment="true" id="org.eclipse.jst.j2ee.ejb.nl_fr" unpack="false" version="3.5.0.v20090620043401" download-size="25900" install-size="25900" />
	<plugin fragment="true" id="org.eclipse.jst.jee.ejb.nl_fr" unpack="false" version="3.5.0.v20090620043401" download-size="1371" install-size="1371" />
</feature>