<?xml version="1.0" encoding="UTF-8" ?>
<feature
	id="org.eclipse.babel.nls_stp.bpmn_sv"
	label="Babel Language Pack for stp.bpmn in Swedish (19%)"
	image="eclipse_update_120.jpg"
	provider-name="%providerName"
	version="3.5.0.v20090620043401">
	<copyright>
		%copyright
	</copyright>
	<license url="%licenseURL">
		%license
	</license>
	<description>Babel Language Pack for stp.bpmn in Swedish</description>
	<plugin fragment="true" id="org.eclipse.stp.bpmn.diagram.nl_sv" unpack="false" version="3.5.0.v20090620043401" download-size="2692" install-size="2692" />
	<plugin fragment="true" id="org.eclipse.stp.bpmn.edit.nl_sv" unpack="false" version="3.5.0.v20090620043401" download-size="2278" install-size="2278" />
	<plugin fragment="true" id="org.eclipse.stp.bpmn.nl_sv" unpack="false" version="3.5.0.v20090620043401" download-size="2218" install-size="2218" />
	<plugin fragment="true" id="org.eclipse.stp.bpmn.validation.nl_sv" unpack="false" version="3.5.0.v20090620043401" download-size="2308" install-size="2308" />
</feature>