<?xml version="1.0" encoding="UTF-8" ?>
<feature
	id="org.eclipse.babel.nls_tools.gef_de"
	label="Babel Language Pack for tools.gef in German (69.02%)"
	image="eclipse_update_120.jpg"
	provider-name="%providerName"
	version="3.5.0.v20090620043401">
	<copyright>
		%copyright
	</copyright>
	<license url="%licenseURL">
		%license
	</license>
	<description>Babel Language Pack for tools.gef in German</description>
	<plugin fragment="true" id="org.eclipse.draw2d.doc.isv.nl_de" unpack="false" version="3.5.0.v20090620043401" download-size="1396" install-size="1396" />
	<plugin fragment="true" id="org.eclipse.draw2d.nl_de" unpack="false" version="3.5.0.v20090620043401" download-size="1747" install-size="1747" />
	<plugin fragment="true" id="org.eclipse.draw2d.test.nl_de" unpack="false" version="3.5.0.v20090620043401" download-size="1409" install-size="1409" />
	<plugin fragment="true" id="org.eclipse.gef.doc.isv.nl_de" unpack="false" version="3.5.0.v20090620043401" download-size="1484" install-size="1484" />
	<plugin fragment="true" id="org.eclipse.gef.examples.flow.nl_de" unpack="false" version="3.5.0.v20090620043401" download-size="1415" install-size="1415" />
	<plugin fragment="true" id="org.eclipse.gef.examples.logic.nl_de" unpack="false" version="3.5.0.v20090620043401" download-size="2859" install-size="2859" />
	<plugin fragment="true" id="org.eclipse.gef.examples.shapes.nl_de" unpack="false" version="3.5.0.v20090620043401" download-size="1417" install-size="1417" />
	<plugin fragment="true" id="org.eclipse.gef.examples.text.nl_de" unpack="false" version="3.5.0.v20090620043401" download-size="1415" install-size="1415" />
	<plugin fragment="true" id="org.eclipse.gef.examples.ui.pde.nl_de" unpack="false" version="3.5.0.v20090620043401" download-size="1405" install-size="1405" />
	<plugin fragment="true" id="org.eclipse.gef.nl_de" unpack="false" version="3.5.0.v20090620043401" download-size="4945" install-size="4945" />
	<plugin fragment="true" id="org.eclipse.gef.test.nl_de" unpack="false" version="3.5.0.v20090620043401" download-size="1403" install-size="1403" />
	<plugin fragment="true" id="org.eclipse.zest.core.nl_de" unpack="false" version="3.5.0.v20090620043401" download-size="2307" install-size="2307" />
	<plugin fragment="true" id="org.eclipse.zest.layouts.nl_de" unpack="false" version="3.5.0.v20090620043401" download-size="1408" install-size="1408" />
</feature>