<?xml version="1.0" encoding="UTF-8" ?>
<feature
	id="org.eclipse.babel.nls_eclipse_fi"
	label="Babel Language Pack for eclipse in Finnish (74.8%)"
	image="eclipse_update_120.jpg"
	provider-name="%providerName"
	version="3.5.0.v20090620043401">
	<copyright>
		%copyright
	</copyright>
	<license url="%licenseURL">
		%license
	</license>
	<description>Babel Language Pack for eclipse in Finnish</description>
	<plugin fragment="true" id="org.eclipse.ant.core.nl_fi" unpack="false" version="3.5.0.v20090620043401" download-size="4596" install-size="4596" />
	<plugin fragment="true" id="org.eclipse.ant.tests.core.nl_fi" unpack="false" version="3.5.0.v20090620043401" download-size="1368" install-size="1368" />
	<plugin fragment="true" id="org.eclipse.ant.tests.ui.nl_fi" unpack="false" version="3.5.0.v20090620043401" download-size="1367" install-size="1367" />
	<plugin fragment="true" id="org.eclipse.ant.ui.nl_fi" unpack="false" version="3.5.0.v20090620043401" download-size="24706" install-size="24706" />
	<plugin fragment="true" id="org.eclipse.compare.core.nl_fi" unpack="false" version="3.5.0.v20090620043401" download-size="2366" install-size="2366" />
	<plugin fragment="true" id="org.eclipse.compare.examples.nl_fi" unpack="false" version="3.5.0.v20090620043401" download-size="1371" install-size="1371" />
	<plugin fragment="true" id="org.eclipse.compare.examples.xml.nl_fi" unpack="false" version="3.5.0.v20090620043401" download-size="2528" install-size="2528" />
	<plugin fragment="true" id="org.eclipse.compare.nl_fi" unpack="false" version="3.5.0.v20090620043401" download-size="12228" install-size="12228" />
	<plugin fragment="true" id="org.eclipse.compare.tests.nl_fi" unpack="false" version="3.5.0.v20090620043401" download-size="1601" install-size="1601" />
	<plugin fragment="true" id="org.eclipse.compare.win32.nl_fi" unpack="false" version="3.5.0.v20090620043401" download-size="2549" install-size="2549" />
	<plugin fragment="true" id="org.eclipse.core.boot.nl_fi" unpack="false" version="3.5.0.v20090620043401" download-size="1394" install-size="1394" />
	<plugin fragment="true" id="org.eclipse.core.commands.nl_fi" unpack="false" version="3.5.0.v20090620043401" download-size="1382" install-size="1382" />
	<plugin fragment="true" id="org.eclipse.core.contenttype.nl_fi" unpack="false" version="3.5.0.v20090620043401" download-size="2680" install-size="2680" />
	<plugin fragment="true" id="org.eclipse.core.databinding.beans.nl_fi" unpack="false" version="3.5.0.v20090620043401" download-size="1374" install-size="1374" />
	<plugin fragment="true" id="org.eclipse.core.databinding.nl_fi" unpack="false" version="3.5.0.v20090620043401" download-size="2250" install-size="2250" />
	<plugin fragment="true" id="org.eclipse.core.databinding.observable.nl_fi" unpack="false" version="3.5.0.v20090620043401" download-size="1378" install-size="1378" />
	<plugin fragment="true" id="org.eclipse.core.databinding.property.nl_fi" unpack="false" version="3.5.0.v20090620043401" download-size="1376" install-size="1376" />
	<plugin fragment="true" id="org.eclipse.core.expressions.nl_fi" unpack="false" version="3.5.0.v20090620043401" download-size="2846" install-size="2846" />
	<plugin fragment="true" id="org.eclipse.core.expressions.tests.nl_fi" unpack="false" version="3.5.0.v20090620043401" download-size="1373" install-size="1373" />
	<plugin fragment="true" id="org.eclipse.core.filebuffers.nl_fi" unpack="false" version="3.5.0.v20090620043401" download-size="4026" install-size="4026" />
	<plugin fragment="true" id="org.eclipse.core.filebuffers.tests.nl_fi" unpack="false" version="3.5.0.v20090620043401" download-size="1379" install-size="1379" />
	<plugin fragment="true" id="org.eclipse.core.filesystem.nl_fi" unpack="false" version="3.5.0.v20090620043401" download-size="2946" install-size="2946" />
	<plugin fragment="true" id="org.eclipse.core.jobs.nl_fi" unpack="false" version="3.5.0.v20090620043401" download-size="2389" install-size="2389" />
	<plugin fragment="true" id="org.eclipse.core.net.linux.x86.nl_fi" unpack="false" version="3.5.0.v20090620043401" download-size="1376" install-size="1376" />
	<plugin fragment="true" id="org.eclipse.core.net.nl_fi" unpack="false" version="3.5.0.v20090620043401" download-size="1369" install-size="1369" />
	<plugin fragment="true" id="org.eclipse.core.net.win32.x86.nl_fi" unpack="false" version="3.5.0.v20090620043401" download-size="1376" install-size="1376" />
	<plugin fragment="true" id="org.eclipse.core.resources.nl_fi" unpack="false" version="3.5.0.v20090620043401" download-size="8043" install-size="8043" />
	<plugin fragment="true" id="org.eclipse.core.runtime.compatibility.auth.nl_fi" unpack="false" version="3.5.0.v20090620043401" download-size="2482" install-size="2482" />
	<plugin fragment="true" id="org.eclipse.core.runtime.compatibility.nl_fi" unpack="false" version="3.5.0.v20090620043401" download-size="2462" install-size="2462" />
	<plugin fragment="true" id="org.eclipse.core.runtime.nl_fi" unpack="false" version="3.5.0.v20090620043401" download-size="3762" install-size="3762" />
	<plugin fragment="true" id="org.eclipse.core.variables.nl_fi" unpack="false" version="3.5.0.v20090620043401" download-size="2543" install-size="2543" />
	<plugin fragment="true" id="org.eclipse.cvs.nl_fi" unpack="false" version="3.5.0.v20090620043401" download-size="1361" install-size="1361" />
	<plugin fragment="true" id="org.eclipse.debug.core.nl_fi" unpack="false" version="3.5.0.v20090620043401" download-size="6394" install-size="6394" />
	<plugin fragment="true" id="org.eclipse.debug.examples.ui.nl_fi" unpack="false" version="3.5.0.v20090620043401" download-size="2390" install-size="2390" />
	<plugin fragment="true" id="org.eclipse.debug.ui.nl_fi" unpack="false" version="3.5.0.v20090620043401" download-size="28947" install-size="28947" />
	<plugin fragment="true" id="org.eclipse.equinox.app.nl_fi" unpack="false" version="3.5.0.v20090620043401" download-size="2347" install-size="2347" />
	<plugin fragment="true" id="org.eclipse.equinox.cm.nl_fi" unpack="false" version="3.5.0.v20090620043401" download-size="1366" install-size="1366" />
	<plugin fragment="true" id="org.eclipse.equinox.common.nl_fi" unpack="false" version="3.5.0.v20090620043401" download-size="3153" install-size="3153" />
	<plugin fragment="true" id="org.eclipse.equinox.concurrent.nl_fi" unpack="false" version="3.5.0.v20090620043401" download-size="1372" install-size="1372" />
	<plugin fragment="true" id="org.eclipse.equinox.device.nl_fi" unpack="false" version="3.5.0.v20090620043401" download-size="3082" install-size="3082" />
	<plugin fragment="true" id="org.eclipse.equinox.ds.nl_fi" unpack="false" version="3.5.0.v20090620043401" download-size="1366" install-size="1366" />
	<plugin fragment="true" id="org.eclipse.equinox.event.nl_fi" unpack="false" version="3.5.0.v20090620043401" download-size="2346" install-size="2346" />
	<plugin fragment="true" id="org.eclipse.equinox.http.jetty5.nl_fi" unpack="false" version="3.5.0.v20090620043401" download-size="1373" install-size="1373" />
	<plugin fragment="true" id="org.eclipse.equinox.http.jetty6.nl_fi" unpack="false" version="3.5.0.v20090620043401" download-size="1373" install-size="1373" />
	<plugin fragment="true" id="org.eclipse.equinox.http.nl_fi" unpack="false" version="3.5.0.v20090620043401" download-size="3714" install-size="3714" />
	<plugin fragment="true" id="org.eclipse.equinox.http.registry.nl_fi" unpack="false" version="3.5.0.v20090620043401" download-size="1373" install-size="1373" />
	<plugin fragment="true" id="org.eclipse.equinox.http.servlet.nl_fi" unpack="false" version="3.5.0.v20090620043401" download-size="1374" install-size="1374" />
	<plugin fragment="true" id="org.eclipse.equinox.http.servletbridge.nl_fi" unpack="false" version="3.5.0.v20090620043401" download-size="1378" install-size="1378" />
	<plugin fragment="true" id="org.eclipse.equinox.io.nl_fi" unpack="false" version="3.5.0.v20090620043401" download-size="1366" install-size="1366" />
	<plugin fragment="true" id="org.eclipse.equinox.ip.nl_fi" unpack="false" version="3.5.0.v20090620043401" download-size="1366" install-size="1366" />
	<plugin fragment="true" id="org.eclipse.equinox.jsp.jasper.nl_fi" unpack="false" version="3.5.0.v20090620043401" download-size="1372" install-size="1372" />
	<plugin fragment="true" id="org.eclipse.equinox.jsp.jasper.registry.nl_fi" unpack="false" version="3.5.0.v20090620043401" download-size="1377" install-size="1377" />
	<plugin fragment="true" id="org.eclipse.equinox.launcher.carbon.macosx.nl_fi" unpack="false" version="3.5.0.v20090620043401" download-size="1411" install-size="1411" />
	<plugin fragment="true" id="org.eclipse.equinox.launcher.cocoa.macosx.nl_fi" unpack="false" version="3.5.0.v20090620043401" download-size="1408" install-size="1408" />
	<plugin fragment="true" id="org.eclipse.equinox.launcher.gtk.linux.ppc.nl_fi" unpack="false" version="3.5.0.v20090620043401" download-size="1411" install-size="1411" />
	<plugin fragment="true" id="org.eclipse.equinox.launcher.gtk.linux.s390.nl_fi" unpack="false" version="3.5.0.v20090620043401" download-size="1414" install-size="1414" />
	<plugin fragment="true" id="org.eclipse.equinox.launcher.gtk.linux.s390x.nl_fi" unpack="false" version="3.5.0.v20090620043401" download-size="1416" install-size="1416" />
	<plugin fragment="true" id="org.eclipse.equinox.launcher.gtk.linux.x86.nl_fi" unpack="false" version="3.5.0.v20090620043401" download-size="1411" install-size="1411" />
	<plugin fragment="true" id="org.eclipse.equinox.launcher.gtk.solaris.sparc.nl_fi" unpack="false" version="3.5.0.v20090620043401" download-size="1424" install-size="1424" />
	<plugin fragment="true" id="org.eclipse.equinox.launcher.gtk.solaris.x86.nl_fi" unpack="false" version="3.5.0.v20090620043401" download-size="1417" install-size="1417" />
	<plugin fragment="true" id="org.eclipse.equinox.launcher.motif.aix.ppc.nl_fi" unpack="false" version="3.5.0.v20090620043401" download-size="1411" install-size="1411" />
	<plugin fragment="true" id="org.eclipse.equinox.launcher.motif.linux.x86.nl_fi" unpack="false" version="3.5.0.v20090620043401" download-size="1416" install-size="1416" />
	<plugin fragment="true" id="org.eclipse.equinox.launcher.motif.solaris.sparc.nl_fi" unpack="false" version="3.5.0.v20090620043401" download-size="1429" install-size="1429" />
	<plugin fragment="true" id="org.eclipse.equinox.launcher.nl_fi" unpack="false" version="3.5.0.v20090620043401" download-size="1375" install-size="1375" />
	<plugin fragment="true" id="org.eclipse.equinox.launcher.win32.win32.ia64.nl_fi" unpack="false" version="3.5.0.v20090620043401" download-size="1417" install-size="1417" />
	<plugin fragment="true" id="org.eclipse.equinox.launcher.win32.win32.x86.nl_fi" unpack="false" version="3.5.0.v20090620043401" download-size="1414" install-size="1414" />
	<plugin fragment="true" id="org.eclipse.equinox.launcher.wpf.win32.x86.nl_fi" unpack="false" version="3.5.0.v20090620043401" download-size="1412" install-size="1412" />
	<plugin fragment="true" id="org.eclipse.equinox.log.nl_fi" unpack="false" version="3.5.0.v20090620043401" download-size="1367" install-size="1367" />
	<plugin fragment="true" id="org.eclipse.equinox.metatype.nl_fi" unpack="false" version="3.5.0.v20090620043401" download-size="2803" install-size="2803" />
	<plugin fragment="true" id="org.eclipse.equinox.preferences.nl_fi" unpack="false" version="3.5.0.v20090620043401" download-size="3074" install-size="3074" />
	<plugin fragment="true" id="org.eclipse.equinox.registry.nl_fi" unpack="false" version="3.5.0.v20090620043401" download-size="3514" install-size="3514" />
	<plugin fragment="true" id="org.eclipse.equinox.security.nl_fi" unpack="false" version="3.5.0.v20090620043401" download-size="2623" install-size="2623" />
	<plugin fragment="true" id="org.eclipse.equinox.security.ui.nl_fi" unpack="false" version="3.5.0.v20090620043401" download-size="3535" install-size="3535" />
	<plugin fragment="true" id="org.eclipse.equinox.servletbridge.nl_fi" unpack="false" version="3.5.0.v20090620043401" download-size="1374" install-size="1374" />
	<plugin fragment="true" id="org.eclipse.equinox.transforms.xslt.nl_fi" unpack="false" version="3.5.0.v20090620043401" download-size="1374" install-size="1374" />
	<plugin fragment="true" id="org.eclipse.equinox.useradmin.nl_fi" unpack="false" version="3.5.0.v20090620043401" download-size="3210" install-size="3210" />
	<plugin fragment="true" id="org.eclipse.equinox.util.nl_fi" unpack="false" version="3.5.0.v20090620043401" download-size="1367" install-size="1367" />
	<plugin fragment="true" id="org.eclipse.equinox.wireadmin.nl_fi" unpack="false" version="3.5.0.v20090620043401" download-size="1372" install-size="1372" />
	<plugin fragment="true" id="org.eclipse.help.appserver.nl_fi" unpack="false" version="3.5.0.v20090620043401" download-size="2549" install-size="2549" />
	<plugin fragment="true" id="org.eclipse.help.base.nl_fi" unpack="false" version="3.5.0.v20090620043401" download-size="3720" install-size="3720" />
	<plugin fragment="true" id="org.eclipse.help.nl_fi" unpack="false" version="3.5.0.v20090620043401" download-size="1514" install-size="1514" />
	<plugin fragment="true" id="org.eclipse.help.ui.nl_fi" unpack="false" version="3.5.0.v20090620043401" download-size="5060" install-size="5060" />
	<plugin fragment="true" id="org.eclipse.help.webapp.nl_fi" unpack="false" version="3.5.0.v20090620043401" download-size="4364" install-size="4364" />
	<plugin fragment="true" id="org.eclipse.jdt.apt.core.nl_fi" unpack="false" version="3.5.0.v20090620043401" download-size="3814" install-size="3814" />
	<plugin fragment="true" id="org.eclipse.jdt.apt.pluggable.core.nl_fi" unpack="false" version="3.5.0.v20090620043401" download-size="1374" install-size="1374" />
	<plugin fragment="true" id="org.eclipse.jdt.apt.pluggable.tests.nl_fi" unpack="false" version="3.5.0.v20090620043401" download-size="1375" install-size="1375" />
	<plugin fragment="true" id="org.eclipse.jdt.apt.tests.nl_fi" unpack="false" version="3.5.0.v20090620043401" download-size="1368" install-size="1368" />
	<plugin fragment="true" id="org.eclipse.jdt.apt.ui.nl_fi" unpack="false" version="3.5.0.v20090620043401" download-size="4521" install-size="4521" />
	<plugin fragment="true" id="org.eclipse.jdt.compiler.apt.tests.nl_fi" unpack="false" version="3.5.0.v20090620043401" download-size="1373" install-size="1373" />
	<plugin fragment="true" id="org.eclipse.jdt.compiler.tool.tests.nl_fi" unpack="false" version="3.5.0.v20090620043401" download-size="1374" install-size="1374" />
	<plugin fragment="true" id="org.eclipse.jdt.core.manipulation.nl_fi" unpack="false" version="3.5.0.v20090620043401" download-size="3265" install-size="3265" />
	<plugin fragment="true" id="org.eclipse.jdt.core.nl_fi" unpack="false" version="3.5.0.v20090620043401" download-size="29166" install-size="29166" />
	<plugin fragment="true" id="org.eclipse.jdt.core.tests.builder.nl_fi" unpack="false" version="3.5.0.v20090620043401" download-size="1374" install-size="1374" />
	<plugin fragment="true" id="org.eclipse.jdt.core.tests.compiler.nl_fi" unpack="false" version="3.5.0.v20090620043401" download-size="1375" install-size="1375" />
	<plugin fragment="true" id="org.eclipse.jdt.core.tests.model.nl_fi" unpack="false" version="3.5.0.v20090620043401" download-size="12111" install-size="12111" />
	<plugin fragment="true" id="org.eclipse.jdt.core.tests.performance.nl_fi" unpack="false" version="3.5.0.v20090620043401" download-size="1376" install-size="1376" />
	<plugin fragment="true" id="org.eclipse.jdt.debug.nl_fi" unpack="false" version="3.5.0.v20090620043401" download-size="21095" install-size="21095" />
	<plugin fragment="true" id="org.eclipse.jdt.debug.tests.nl_fi" unpack="false" version="3.5.0.v20090620043401" download-size="1370" install-size="1370" />
	<plugin fragment="true" id="org.eclipse.jdt.debug.ui.nl_fi" unpack="false" version="3.5.0.v20090620043401" download-size="27068" install-size="27068" />
	<plugin fragment="true" id="org.eclipse.jdt.doc.isv.nl_fi" unpack="false" version="3.5.0.v20090620043401" download-size="1790" install-size="1790" />
	<plugin fragment="true" id="org.eclipse.jdt.doc.user.nl_fi" unpack="false" version="3.5.0.v20090620043401" download-size="1774" install-size="1774" />
	<plugin fragment="true" id="org.eclipse.jdt.junit.nl_fi" unpack="false" version="3.5.0.v20090620043401" download-size="8673" install-size="8673" />
	<plugin fragment="true" id="org.eclipse.jdt.junit.runtime.nl_fi" unpack="false" version="3.5.0.v20090620043401" download-size="2903" install-size="2903" />
	<plugin fragment="true" id="org.eclipse.jdt.junit4.runtime.nl_fi" unpack="false" version="3.5.0.v20090620043401" download-size="1420" install-size="1420" />
	<plugin fragment="true" id="org.eclipse.jdt.launching.macosx.nl_fi" unpack="false" version="3.5.0.v20090620043401" download-size="1375" install-size="1375" />
	<plugin fragment="true" id="org.eclipse.jdt.launching.nl_fi" unpack="false" version="3.5.0.v20090620043401" download-size="6482" install-size="6482" />
	<plugin fragment="true" id="org.eclipse.jdt.launching.ui.macosx.nl_fi" unpack="false" version="3.5.0.v20090620043401" download-size="2577" install-size="2577" />
	<plugin fragment="true" id="org.eclipse.jdt.nl_fi" unpack="false" version="3.5.0.v20090620043401" download-size="1387" install-size="1387" />
	<plugin fragment="true" id="org.eclipse.jdt.text.tests.nl_fi" unpack="false" version="3.5.0.v20090620043401" download-size="1373" install-size="1373" />
	<plugin fragment="true" id="org.eclipse.jdt.ui.examples.projects.nl_fi" unpack="false" version="3.5.0.v20090620043401" download-size="2684" install-size="2684" />
	<plugin fragment="true" id="org.eclipse.jdt.ui.nl_fi" unpack="false" version="3.5.0.v20090620043401" download-size="153087" install-size="153087" />
	<plugin fragment="true" id="org.eclipse.jdt.ui.tests.nl_fi" unpack="false" version="3.5.0.v20090620043401" download-size="1372" install-size="1372" />
	<plugin fragment="true" id="org.eclipse.jdt.ui.tests.refactoring.nl_fi" unpack="false" version="3.5.0.v20090620043401" download-size="1380" install-size="1380" />
	<plugin fragment="true" id="org.eclipse.jface.databinding.nl_fi" unpack="false" version="3.5.0.v20090620043401" download-size="1393" install-size="1393" />
	<plugin fragment="true" id="org.eclipse.jface.examples.databinding.nl_fi" unpack="false" version="3.5.0.v20090620043401" download-size="1378" install-size="1378" />
	<plugin fragment="true" id="org.eclipse.jface.nl_fi" unpack="false" version="3.5.0.v20090620043401" download-size="9627" install-size="9627" />
	<plugin fragment="true" id="org.eclipse.jface.tests.databinding.conformance.nl_fi" unpack="false" version="3.5.0.v20090620043401" download-size="1383" install-size="1383" />
	<plugin fragment="true" id="org.eclipse.jface.tests.databinding.nl_fi" unpack="false" version="3.5.0.v20090620043401" download-size="1375" install-size="1375" />
	<plugin fragment="true" id="org.eclipse.jface.text.nl_fi" unpack="false" version="3.5.0.v20090620043401" download-size="10833" install-size="10833" />
	<plugin fragment="true" id="org.eclipse.jface.text.tests.nl_fi" unpack="false" version="3.5.0.v20090620043401" download-size="1375" install-size="1375" />
	<plugin fragment="true" id="org.eclipse.jsch.core.nl_fi" unpack="false" version="3.5.0.v20090620043401" download-size="2310" install-size="2310" />
	<plugin fragment="true" id="org.eclipse.jsch.ui.nl_fi" unpack="false" version="3.5.0.v20090620043401" download-size="3825" install-size="3825" />
	<plugin fragment="true" id="org.eclipse.ltk.core.refactoring.nl_fi" unpack="false" version="3.5.0.v20090620043401" download-size="4603" install-size="4603" />
	<plugin fragment="true" id="org.eclipse.ltk.core.refactoring.tests.nl_fi" unpack="false" version="3.5.0.v20090620043401" download-size="1377" install-size="1377" />
	<plugin fragment="true" id="org.eclipse.ltk.ui.refactoring.nl_fi" unpack="false" version="3.5.0.v20090620043401" download-size="7891" install-size="7891" />
	<plugin fragment="true" id="org.eclipse.ltk.ui.refactoring.tests.nl_fi" unpack="false" version="3.5.0.v20090620043401" download-size="1375" install-size="1375" />
	<plugin fragment="true" id="org.eclipse.osgi.nl_fi" unpack="false" version="3.5.0.v20090620043401" download-size="6593" install-size="6593" />
	<plugin fragment="true" id="org.eclipse.osgi.services.nl_fi" unpack="false" version="3.5.0.v20090620043401" download-size="1556" install-size="1556" />
	<plugin fragment="true" id="org.eclipse.osgi.util.nl_fi" unpack="false" version="3.5.0.v20090620043401" download-size="1561" install-size="1561" />
	<plugin fragment="true" id="org.eclipse.pde.api.tools.nl_fi" unpack="false" version="3.5.0.v20090620043401" download-size="3185" install-size="3185" />
	<plugin fragment="true" id="org.eclipse.pde.api.tools.ui.nl_fi" unpack="false" version="3.5.0.v20090620043401" download-size="5233" install-size="5233" />
	<plugin fragment="true" id="org.eclipse.pde.build.nl_fi" unpack="false" version="3.5.0.v20090620043401" download-size="5042" install-size="5042" />
	<plugin fragment="true" id="org.eclipse.pde.build.tests.nl_fi" unpack="false" version="3.5.0.v20090620043401" download-size="1372" install-size="1372" />
	<plugin fragment="true" id="org.eclipse.pde.core.nl_fi" unpack="false" version="3.5.0.v20090620043401" download-size="7463" install-size="7463" />
	<plugin fragment="true" id="org.eclipse.pde.doc.user.nl_fi" unpack="false" version="3.5.0.v20090620043401" download-size="1761" install-size="1761" />
	<plugin fragment="true" id="org.eclipse.pde.ds.core.nl_fi" unpack="false" version="3.5.0.v20090620043401" download-size="2381" install-size="2381" />
	<plugin fragment="true" id="org.eclipse.pde.ds.tests.nl_fi" unpack="false" version="3.5.0.v20090620043401" download-size="1367" install-size="1367" />
	<plugin fragment="true" id="org.eclipse.pde.ds.ui.nl_fi" unpack="false" version="3.5.0.v20090620043401" download-size="2872" install-size="2872" />
	<plugin fragment="true" id="org.eclipse.pde.junit.runtime.nl_fi" unpack="false" version="3.5.0.v20090620043401" download-size="1421" install-size="1421" />
	<plugin fragment="true" id="org.eclipse.pde.nl_fi" unpack="false" version="3.5.0.v20090620043401" download-size="1379" install-size="1379" />
	<plugin fragment="true" id="org.eclipse.pde.runtime.nl_fi" unpack="false" version="3.5.0.v20090620043401" download-size="2734" install-size="2734" />
	<plugin fragment="true" id="org.eclipse.pde.tools.versioning.nl_fi" unpack="false" version="3.5.0.v20090620043401" download-size="1380" install-size="1380" />
	<plugin fragment="true" id="org.eclipse.pde.ua.core.nl_fi" unpack="false" version="3.5.0.v20090620043401" download-size="1367" install-size="1367" />
	<plugin fragment="true" id="org.eclipse.pde.ua.ui.nl_fi" unpack="false" version="3.5.0.v20090620043401" download-size="10805" install-size="10805" />
	<plugin fragment="true" id="org.eclipse.pde.ui.nl_fi" unpack="false" version="3.5.0.v20090620043401" download-size="33949" install-size="33949" />
	<plugin fragment="true" id="org.eclipse.pde.ui.templates.nl_fi" unpack="false" version="3.5.0.v20090620043401" download-size="2670" install-size="2670" />
	<plugin fragment="true" id="org.eclipse.platform.doc.isv.nl_fi" unpack="false" version="3.5.0.v20090620043401" download-size="1420" install-size="1420" />
	<plugin fragment="true" id="org.eclipse.platform.doc.user.nl_fi" unpack="false" version="3.5.0.v20090620043401" download-size="1400" install-size="1400" />
	<plugin fragment="true" id="org.eclipse.platform.nl_fi" unpack="false" version="3.5.0.v20090620043401" download-size="2330" install-size="2330" />
	<plugin fragment="true" id="org.eclipse.rcp.nl_fi" unpack="false" version="3.5.0.v20090620043401" download-size="1710" install-size="1710" />
	<plugin fragment="true" id="org.eclipse.releng.tools.nl_fi" unpack="false" version="3.5.0.v20090620043401" download-size="2210" install-size="2210" />
	<plugin fragment="true" id="org.eclipse.sdk.examples.nl_fi" unpack="false" version="3.5.0.v20090620043401" download-size="1368" install-size="1368" />
	<plugin fragment="true" id="org.eclipse.sdk.nl_fi" unpack="false" version="3.5.0.v20090620043401" download-size="2757" install-size="2757" />
	<plugin fragment="true" id="org.eclipse.sdk.tests.nl_fi" unpack="false" version="3.5.0.v20090620043401" download-size="1366" install-size="1366" />
	<plugin fragment="true" id="org.eclipse.search.nl_fi" unpack="false" version="3.5.0.v20090620043401" download-size="7629" install-size="7629" />
	<plugin fragment="true" id="org.eclipse.search.tests.nl_fi" unpack="false" version="3.5.0.v20090620043401" download-size="1367" install-size="1367" />
	<plugin fragment="true" id="org.eclipse.swt.examples.browser.demos.nl_fi" unpack="false" version="3.5.0.v20090620043401" download-size="1377" install-size="1377" />
	<plugin fragment="true" id="org.eclipse.swt.examples.browser.nl_fi" unpack="false" version="3.5.0.v20090620043401" download-size="1408" install-size="1408" />
	<plugin fragment="true" id="org.eclipse.swt.examples.controls.nl_fi" unpack="false" version="3.5.0.v20090620043401" download-size="1373" install-size="1373" />
	<plugin fragment="true" id="org.eclipse.swt.examples.launcher.nl_fi" unpack="false" version="3.5.0.v20090620043401" download-size="1453" install-size="1453" />
	<plugin fragment="true" id="org.eclipse.swt.examples.layouts.nl_fi" unpack="false" version="3.5.0.v20090620043401" download-size="1373" install-size="1373" />
	<plugin fragment="true" id="org.eclipse.swt.examples.nl_fi" unpack="false" version="3.5.0.v20090620043401" download-size="6363" install-size="6363" />
	<plugin fragment="true" id="org.eclipse.swt.examples.ole.win32.nl_fi" unpack="false" version="3.5.0.v20090620043401" download-size="1473" install-size="1473" />
	<plugin fragment="true" id="org.eclipse.swt.examples.paint.nl_fi" unpack="false" version="3.5.0.v20090620043401" download-size="1372" install-size="1372" />
	<plugin fragment="true" id="org.eclipse.swt.nl_fi" unpack="false" version="3.5.0.v20090620043401" download-size="2315" install-size="2315" />
	<plugin fragment="true" id="org.eclipse.swt.tests.nl_fi" unpack="false" version="3.5.0.v20090620043401" download-size="1377" install-size="1377" />
	<plugin fragment="true" id="org.eclipse.swt.tools.nl_fi" unpack="false" version="3.5.0.v20090620043401" download-size="1366" install-size="1366" />
	<plugin fragment="true" id="org.eclipse.team.core.nl_fi" unpack="false" version="3.5.0.v20090620043401" download-size="4438" install-size="4438" />
	<plugin fragment="true" id="org.eclipse.team.cvs.core.nl_fi" unpack="false" version="3.5.0.v20090620043401" download-size="8124" install-size="8124" />
	<plugin fragment="true" id="org.eclipse.team.cvs.ssh.nl_fi" unpack="false" version="3.5.0.v20090620043401" download-size="3150" install-size="3150" />
	<plugin fragment="true" id="org.eclipse.team.cvs.ssh2.nl_fi" unpack="false" version="3.5.0.v20090620043401" download-size="3557" install-size="3557" />
	<plugin fragment="true" id="org.eclipse.team.cvs.ui.nl_fi" unpack="false" version="3.5.0.v20090620043401" download-size="25560" install-size="25560" />
	<plugin fragment="true" id="org.eclipse.team.examples.filesystem.nl_fi" unpack="false" version="3.5.0.v20090620043401" download-size="2318" install-size="2318" />
	<plugin fragment="true" id="org.eclipse.team.tests.cvs.core.nl_fi" unpack="false" version="3.5.0.v20090620043401" download-size="1428" install-size="1428" />
	<plugin fragment="true" id="org.eclipse.team.ui.nl_fi" unpack="false" version="3.5.0.v20090620043401" download-size="12076" install-size="12076" />
	<plugin fragment="true" id="org.eclipse.text.nl_fi" unpack="false" version="3.5.0.v20090620043401" download-size="3812" install-size="3812" />
	<plugin fragment="true" id="org.eclipse.text.tests.nl_fi" unpack="false" version="3.5.0.v20090620043401" download-size="1370" install-size="1370" />
	<plugin fragment="true" id="org.eclipse.ui.browser.nl_fi" unpack="false" version="3.5.0.v20090620043401" download-size="3684" install-size="3684" />
	<plugin fragment="true" id="org.eclipse.ui.cheatsheets.nl_fi" unpack="false" version="3.5.0.v20090620043401" download-size="5503" install-size="5503" />
	<plugin fragment="true" id="org.eclipse.ui.console.nl_fi" unpack="false" version="3.5.0.v20090620043401" download-size="3358" install-size="3358" />
	<plugin fragment="true" id="org.eclipse.ui.editors.nl_fi" unpack="false" version="3.5.0.v20090620043401" download-size="12103" install-size="12103" />
	<plugin fragment="true" id="org.eclipse.ui.editors.tests.nl_fi" unpack="false" version="3.5.0.v20090620043401" download-size="1374" install-size="1374" />
	<plugin fragment="true" id="org.eclipse.ui.examples.contributions.nl_fi" unpack="false" version="3.5.0.v20090620043401" download-size="1559" install-size="1559" />
	<plugin fragment="true" id="org.eclipse.ui.examples.fieldassist.nl_fi" unpack="false" version="3.5.0.v20090620043401" download-size="2290" install-size="2290" />
	<plugin fragment="true" id="org.eclipse.ui.examples.javaeditor.nl_fi" unpack="false" version="3.5.0.v20090620043401" download-size="2414" install-size="2414" />
	<plugin fragment="true" id="org.eclipse.ui.examples.multipageeditor.nl_fi" unpack="false" version="3.5.0.v20090620043401" download-size="2336" install-size="2336" />
	<plugin fragment="true" id="org.eclipse.ui.examples.propertysheet.nl_fi" unpack="false" version="3.5.0.v20090620043401" download-size="2419" install-size="2419" />
	<plugin fragment="true" id="org.eclipse.ui.examples.readmetool.nl_fi" unpack="false" version="3.5.0.v20090620043401" download-size="2331" install-size="2331" />
	<plugin fragment="true" id="org.eclipse.ui.examples.undo.nl_fi" unpack="false" version="3.5.0.v20090620043401" download-size="2216" install-size="2216" />
	<plugin fragment="true" id="org.eclipse.ui.examples.views.properties.tabbed.article.nl_fi" unpack="false" version="3.5.0.v20090620043401" download-size="1470" install-size="1470" />
	<plugin fragment="true" id="org.eclipse.ui.externaltools.nl_fi" unpack="false" version="3.5.0.v20090620043401" download-size="8756" install-size="8756" />
	<plugin fragment="true" id="org.eclipse.ui.forms.nl_fi" unpack="false" version="3.5.0.v20090620043401" download-size="2276" install-size="2276" />
	<plugin fragment="true" id="org.eclipse.ui.ide.application.nl_fi" unpack="false" version="3.5.0.v20090620043401" download-size="1486" install-size="1486" />
	<plugin fragment="true" id="org.eclipse.ui.ide.nl_fi" unpack="false" version="3.5.0.v20090620043401" download-size="28624" install-size="28624" />
	<plugin fragment="true" id="org.eclipse.ui.intro.nl_fi" unpack="false" version="3.5.0.v20090620043401" download-size="3647" install-size="3647" />
	<plugin fragment="true" id="org.eclipse.ui.intro.universal.nl_fi" unpack="false" version="3.5.0.v20090620043401" download-size="5852" install-size="5852" />
	<plugin fragment="true" id="org.eclipse.ui.navigator.nl_fi" unpack="false" version="3.5.0.v20090620043401" download-size="3863" install-size="3863" />
	<plugin fragment="true" id="org.eclipse.ui.navigator.resources.nl_fi" unpack="false" version="3.5.0.v20090620043401" download-size="3474" install-size="3474" />
	<plugin fragment="true" id="org.eclipse.ui.net.nl_fi" unpack="false" version="3.5.0.v20090620043401" download-size="2404" install-size="2404" />
	<plugin fragment="true" id="org.eclipse.ui.nl_fi" unpack="false" version="3.5.0.v20090620043401" download-size="5132" install-size="5132" />
	<plugin fragment="true" id="org.eclipse.ui.presentations.r21.nl_fi" unpack="false" version="3.5.0.v20090620043401" download-size="2542" install-size="2542" />
	<plugin fragment="true" id="org.eclipse.ui.tests.views.properties.tabbed.nl_fi" unpack="false" version="3.5.0.v20090620043401" download-size="1428" install-size="1428" />
	<plugin fragment="true" id="org.eclipse.ui.views.log.nl_fi" unpack="false" version="3.5.0.v20090620043401" download-size="2744" install-size="2744" />
	<plugin fragment="true" id="org.eclipse.ui.views.nl_fi" unpack="false" version="3.5.0.v20090620043401" download-size="3194" install-size="3194" />
	<plugin fragment="true" id="org.eclipse.ui.views.properties.tabbed.nl_fi" unpack="false" version="3.5.0.v20090620043401" download-size="3095" install-size="3095" />
	<plugin fragment="true" id="org.eclipse.ui.workbench.nl_fi" unpack="false" version="3.5.0.v20090620043401" download-size="25692" install-size="25692" />
	<plugin fragment="true" id="org.eclipse.ui.workbench.texteditor.nl_fi" unpack="false" version="3.5.0.v20090620043401" download-size="11504" install-size="11504" />
	<plugin fragment="true" id="org.eclipse.ui.workbench.texteditor.tests.nl_fi" unpack="false" version="3.5.0.v20090620043401" download-size="1384" install-size="1384" />
	<plugin fragment="true" id="org.eclipse.update.configurator.nl_fi" unpack="false" version="3.5.0.v20090620043401" download-size="3462" install-size="3462" />
	<plugin fragment="true" id="org.eclipse.update.core.nl_fi" unpack="false" version="3.5.0.v20090620043401" download-size="8606" install-size="8606" />
	<plugin fragment="true" id="org.eclipse.update.scheduler.nl_fi" unpack="false" version="3.5.0.v20090620043401" download-size="2896" install-size="2896" />
	<plugin fragment="true" id="org.eclipse.update.tests.core.nl_fi" unpack="false" version="3.5.0.v20090620043401" download-size="1371" install-size="1371" />
	<plugin fragment="true" id="org.eclipse.update.ui.nl_fi" unpack="false" version="3.5.0.v20090620043401" download-size="9320" install-size="9320" />
	<plugin fragment="true" id="org.junit4.nl_fi" unpack="false" version="3.5.0.v20090620043401" download-size="1359" install-size="1359" />
	<plugin fragment="true" id="security.a.nl_fi" unpack="false" version="3.5.0.v20090620043401" download-size="1366" install-size="1366" />
</feature>