<?xml version="1.0" encoding="UTF-8" ?>
<feature
	id="org.eclipse.babel.nls_technology.subversive_nl"
	label="Babel Language Pack for technology.subversive in Dutch (18.19%)"
	image="eclipse_update_120.jpg"
	provider-name="%providerName"
	version="3.5.0.v20090620043401">
	<copyright>
		%copyright
	</copyright>
	<license url="%licenseURL">
		%license
	</license>
	<description>Babel Language Pack for technology.subversive in Dutch</description>
	<plugin fragment="true" id="org.eclipse.team.svn.core.nl_nl" unpack="false" version="3.5.0.v20090620043401" download-size="2762" install-size="2762" />
	<plugin fragment="true" id="org.eclipse.team.svn.mylyn.nl_nl" unpack="false" version="3.5.0.v20090620043401" download-size="1368" install-size="1368" />
	<plugin fragment="true" id="org.eclipse.team.svn.ui.nl_nl" unpack="false" version="3.5.0.v20090620043401" download-size="6997" install-size="6997" />
</feature>