<?xml version="1.0" encoding="UTF-8" ?>
<feature
	id="org.eclipse.babel.nls_datatools_mn"
	label="Babel Language Pack for datatools in Mongolian (3.34%)"
	image="eclipse_update_120.jpg"
	provider-name="%providerName"
	version="3.5.0.v20090620043401">
	<copyright>
		%copyright
	</copyright>
	<license url="%licenseURL">
		%license
	</license>
	<description>Babel Language Pack for datatools in Mongolian</description>
	<plugin fragment="true" id="org.eclipse.datatools.connectivity.apache.derby.dbdefinition.nl_mn" unpack="false" version="3.5.0.v20090620043401" download-size="1378" install-size="1378" />
	<plugin fragment="true" id="org.eclipse.datatools.connectivity.apache.derby.nl_mn" unpack="false" version="3.5.0.v20090620043401" download-size="1418" install-size="1418" />
	<plugin fragment="true" id="org.eclipse.datatools.connectivity.apache.derby.ui.nl_mn" unpack="false" version="3.5.0.v20090620043401" download-size="3398" install-size="3398" />
	<plugin fragment="true" id="org.eclipse.datatools.connectivity.db.generic.nl_mn" unpack="false" version="3.5.0.v20090620043401" download-size="1405" install-size="1405" />
	<plugin fragment="true" id="org.eclipse.datatools.connectivity.db.generic.ui.nl_mn" unpack="false" version="3.5.0.v20090620043401" download-size="1367" install-size="1367" />
	<plugin fragment="true" id="org.eclipse.datatools.connectivity.dbdefinition.genericJDBC.nl_mn" unpack="false" version="3.5.0.v20090620043401" download-size="1378" install-size="1378" />
	<plugin fragment="true" id="org.eclipse.datatools.connectivity.nl_mn" unpack="false" version="3.5.0.v20090620043401" download-size="2414" install-size="2414" />
	<plugin fragment="true" id="org.eclipse.datatools.connectivity.oda.design.nl_mn" unpack="false" version="3.5.0.v20090620043401" download-size="1364" install-size="1364" />
	<plugin fragment="true" id="org.eclipse.datatools.connectivity.oda.design.ui.nl_mn" unpack="false" version="3.5.0.v20090620043401" download-size="2904" install-size="2904" />
	<plugin fragment="true" id="org.eclipse.datatools.connectivity.oda.flatfile.ui.nl_mn" unpack="false" version="3.5.0.v20090620043401" download-size="2653" install-size="2653" />
	<plugin fragment="true" id="org.eclipse.datatools.connectivity.sqm.core.nl_mn" unpack="false" version="3.5.0.v20090620043401" download-size="1363" install-size="1363" />
	<plugin fragment="true" id="org.eclipse.datatools.connectivity.sqm.core.ui.nl_mn" unpack="false" version="3.5.0.v20090620043401" download-size="1409" install-size="1409" />
	<plugin fragment="true" id="org.eclipse.datatools.connectivity.sqm.server.ui.nl_mn" unpack="false" version="3.5.0.v20090620043401" download-size="3148" install-size="3148" />
	<plugin fragment="true" id="org.eclipse.datatools.connectivity.ui.dse.nl_mn" unpack="false" version="3.5.0.v20090620043401" download-size="2550" install-size="2550" />
	<plugin fragment="true" id="org.eclipse.datatools.connectivity.ui.nl_mn" unpack="false" version="3.5.0.v20090620043401" download-size="2583" install-size="2583" />
	<plugin fragment="true" id="org.eclipse.datatools.connectivity.ui.templates.nl_mn" unpack="false" version="3.5.0.v20090620043401" download-size="2566" install-size="2566" />
	<plugin fragment="true" id="org.eclipse.datatools.enablement.finfo.nl_mn" unpack="false" version="3.5.0.v20090620043401" download-size="1377" install-size="1377" />
	<plugin fragment="true" id="org.eclipse.datatools.enablement.hsqldb.dbdefinition.nl_mn" unpack="false" version="3.5.0.v20090620043401" download-size="1388" install-size="1388" />
	<plugin fragment="true" id="org.eclipse.datatools.enablement.hsqldb.nl_mn" unpack="false" version="3.5.0.v20090620043401" download-size="1430" install-size="1430" />
	<plugin fragment="true" id="org.eclipse.datatools.enablement.hsqldb.ui.nl_mn" unpack="false" version="3.5.0.v20090620043401" download-size="1433" install-size="1433" />
	<plugin fragment="true" id="org.eclipse.datatools.enablement.ibm.db2.iseries.dbdefinition.nl_mn" unpack="false" version="3.5.0.v20090620043401" download-size="1394" install-size="1394" />
	<plugin fragment="true" id="org.eclipse.datatools.enablement.ibm.db2.iseries.nl_mn" unpack="false" version="3.5.0.v20090620043401" download-size="1422" install-size="1422" />
	<plugin fragment="true" id="org.eclipse.datatools.enablement.ibm.db2.iseries.ui.nl_mn" unpack="false" version="3.5.0.v20090620043401" download-size="3307" install-size="3307" />
	<plugin fragment="true" id="org.eclipse.datatools.enablement.ibm.db2.luw.dbdefinition.nl_mn" unpack="false" version="3.5.0.v20090620043401" download-size="1390" install-size="1390" />
	<plugin fragment="true" id="org.eclipse.datatools.enablement.ibm.db2.luw.nl_mn" unpack="false" version="3.5.0.v20090620043401" download-size="1419" install-size="1419" />
	<plugin fragment="true" id="org.eclipse.datatools.enablement.ibm.db2.luw.ui.nl_mn" unpack="false" version="3.5.0.v20090620043401" download-size="3266" install-size="3266" />
	<plugin fragment="true" id="org.eclipse.datatools.enablement.ibm.db2.zseries.dbdefinition.nl_mn" unpack="false" version="3.5.0.v20090620043401" download-size="1395" install-size="1395" />
	<plugin fragment="true" id="org.eclipse.datatools.enablement.ibm.db2.zseries.nl_mn" unpack="false" version="3.5.0.v20090620043401" download-size="1422" install-size="1422" />
	<plugin fragment="true" id="org.eclipse.datatools.enablement.ibm.db2.zseries.ui.nl_mn" unpack="false" version="3.5.0.v20090620043401" download-size="3308" install-size="3308" />
	<plugin fragment="true" id="org.eclipse.datatools.enablement.ibm.informix.dbdefinition.nl_mn" unpack="false" version="3.5.0.v20090620043401" download-size="1392" install-size="1392" />
	<plugin fragment="true" id="org.eclipse.datatools.enablement.ibm.informix.nl_mn" unpack="false" version="3.5.0.v20090620043401" download-size="1419" install-size="1419" />
	<plugin fragment="true" id="org.eclipse.datatools.enablement.ibm.informix.ui.nl_mn" unpack="false" version="3.5.0.v20090620043401" download-size="3118" install-size="3118" />
	<plugin fragment="true" id="org.eclipse.datatools.enablement.ibm.ui.nl_mn" unpack="false" version="3.5.0.v20090620043401" download-size="1377" install-size="1377" />
	<plugin fragment="true" id="org.eclipse.datatools.enablement.ingres.dbdefinition.nl_mn" unpack="false" version="3.5.0.v20090620043401" download-size="1388" install-size="1388" />
	<plugin fragment="true" id="org.eclipse.datatools.enablement.ingres.nl_mn" unpack="false" version="3.5.0.v20090620043401" download-size="1380" install-size="1380" />
	<plugin fragment="true" id="org.eclipse.datatools.enablement.ingres.ui.nl_mn" unpack="false" version="3.5.0.v20090620043401" download-size="2908" install-size="2908" />
	<plugin fragment="true" id="org.eclipse.datatools.enablement.jdt.classpath.nl_mn" unpack="false" version="3.5.0.v20090620043401" download-size="1388" install-size="1388" />
	<plugin fragment="true" id="org.eclipse.datatools.enablement.msft.sqlserver.dbdefinition.nl_mn" unpack="false" version="3.5.0.v20090620043401" download-size="1394" install-size="1394" />
	<plugin fragment="true" id="org.eclipse.datatools.enablement.msft.sqlserver.nl_mn" unpack="false" version="3.5.0.v20090620043401" download-size="1421" install-size="1421" />
	<plugin fragment="true" id="org.eclipse.datatools.enablement.msft.sqlserver.ui.nl_mn" unpack="false" version="3.5.0.v20090620043401" download-size="3403" install-size="3403" />
	<plugin fragment="true" id="org.eclipse.datatools.enablement.mysql.dbdefinition.nl_mn" unpack="false" version="3.5.0.v20090620043401" download-size="1385" install-size="1385" />
	<plugin fragment="true" id="org.eclipse.datatools.enablement.mysql.nl_mn" unpack="false" version="3.5.0.v20090620043401" download-size="1415" install-size="1415" />
	<plugin fragment="true" id="org.eclipse.datatools.enablement.mysql.ui.nl_mn" unpack="false" version="3.5.0.v20090620043401" download-size="1379" install-size="1379" />
	<plugin fragment="true" id="org.eclipse.datatools.enablement.oda.ws.ui.nl_mn" unpack="false" version="3.5.0.v20090620043401" download-size="2588" install-size="2588" />
	<plugin fragment="true" id="org.eclipse.datatools.enablement.oda.xml.ui.nl_mn" unpack="false" version="3.5.0.v20090620043401" download-size="2831" install-size="2831" />
	<plugin fragment="true" id="org.eclipse.datatools.enablement.oracle.dbdefinition.nl_mn" unpack="false" version="3.5.0.v20090620043401" download-size="1385" install-size="1385" />
	<plugin fragment="true" id="org.eclipse.datatools.enablement.oracle.nl_mn" unpack="false" version="3.5.0.v20090620043401" download-size="1415" install-size="1415" />
	<plugin fragment="true" id="org.eclipse.datatools.enablement.oracle.ui.nl_mn" unpack="false" version="3.5.0.v20090620043401" download-size="2902" install-size="2902" />
	<plugin fragment="true" id="org.eclipse.datatools.enablement.postgresql.dbdefinition.nl_mn" unpack="false" version="3.5.0.v20090620043401" download-size="1388" install-size="1388" />
	<plugin fragment="true" id="org.eclipse.datatools.enablement.postgresql.nl_mn" unpack="false" version="3.5.0.v20090620043401" download-size="1431" install-size="1431" />
	<plugin fragment="true" id="org.eclipse.datatools.enablement.postgresql.ui.nl_mn" unpack="false" version="3.5.0.v20090620043401" download-size="1382" install-size="1382" />
	<plugin fragment="true" id="org.eclipse.datatools.enablement.sap.maxdb.dbdefinition.nl_mn" unpack="false" version="3.5.0.v20090620043401" download-size="1373" install-size="1373" />
	<plugin fragment="true" id="org.eclipse.datatools.enablement.sap.maxdb.nl_mn" unpack="false" version="3.5.0.v20090620043401" download-size="1413" install-size="1413" />
	<plugin fragment="true" id="org.eclipse.datatools.enablement.sap.maxdb.ui.nl_mn" unpack="false" version="3.5.0.v20090620043401" download-size="1382" install-size="1382" />
	<plugin fragment="true" id="org.eclipse.datatools.enablement.sqlite.dbdefinition.nl_mn" unpack="false" version="3.5.0.v20090620043401" download-size="1386" install-size="1386" />
	<plugin fragment="true" id="org.eclipse.datatools.enablement.sqlite.nl_mn" unpack="false" version="3.5.0.v20090620043401" download-size="1429" install-size="1429" />
	<plugin fragment="true" id="org.eclipse.datatools.enablement.sqlite.ui.nl_mn" unpack="false" version="3.5.0.v20090620043401" download-size="1432" install-size="1432" />
	<plugin fragment="true" id="org.eclipse.datatools.enablement.sybase.asa.dbdefinition.nl_mn" unpack="false" version="3.5.0.v20090620043401" download-size="1387" install-size="1387" />
	<plugin fragment="true" id="org.eclipse.datatools.enablement.sybase.asa.models.nl_mn" unpack="false" version="3.5.0.v20090620043401" download-size="1384" install-size="1384" />
	<plugin fragment="true" id="org.eclipse.datatools.enablement.sybase.asa.nl_mn" unpack="false" version="3.5.0.v20090620043401" download-size="2548" install-size="2548" />
	<plugin fragment="true" id="org.eclipse.datatools.enablement.sybase.asa.schemaobjecteditor.examples.nl_mn" unpack="false" version="3.5.0.v20090620043401" download-size="9206" install-size="9206" />
	<plugin fragment="true" id="org.eclipse.datatools.enablement.sybase.asa.ui.nl_mn" unpack="false" version="3.5.0.v20090620043401" download-size="1386" install-size="1386" />
	<plugin fragment="true" id="org.eclipse.datatools.enablement.sybase.ase.dbdefinition.nl_mn" unpack="false" version="3.5.0.v20090620043401" download-size="1388" install-size="1388" />
	<plugin fragment="true" id="org.eclipse.datatools.enablement.sybase.ase.models.nl_mn" unpack="false" version="3.5.0.v20090620043401" download-size="1384" install-size="1384" />
	<plugin fragment="true" id="org.eclipse.datatools.enablement.sybase.ase.nl_mn" unpack="false" version="3.5.0.v20090620043401" download-size="2363" install-size="2363" />
	<plugin fragment="true" id="org.eclipse.datatools.enablement.sybase.ase.ui.nl_mn" unpack="false" version="3.5.0.v20090620043401" download-size="1381" install-size="1381" />
	<plugin fragment="true" id="org.eclipse.datatools.enablement.sybase.models.nl_mn" unpack="false" version="3.5.0.v20090620043401" download-size="1382" install-size="1382" />
	<plugin fragment="true" id="org.eclipse.datatools.enablement.sybase.nl_mn" unpack="false" version="3.5.0.v20090620043401" download-size="2321" install-size="2321" />
	<plugin fragment="true" id="org.eclipse.datatools.enablement.sybase.ui.nl_mn" unpack="false" version="3.5.0.v20090620043401" download-size="2500" install-size="2500" />
	<plugin fragment="true" id="org.eclipse.datatools.help.nl_mn" unpack="false" version="3.5.0.v20090620043401" download-size="1353" install-size="1353" />
	<plugin fragment="true" id="org.eclipse.datatools.modelbase.dbdefinition.nl_mn" unpack="false" version="3.5.0.v20090620043401" download-size="1381" install-size="1381" />
	<plugin fragment="true" id="org.eclipse.datatools.modelbase.derby.nl_mn" unpack="false" version="3.5.0.v20090620043401" download-size="1377" install-size="1377" />
	<plugin fragment="true" id="org.eclipse.datatools.modelbase.sql.edit.nl_mn" unpack="false" version="3.5.0.v20090620043401" download-size="1466" install-size="1466" />
	<plugin fragment="true" id="org.eclipse.datatools.modelbase.sql.nl_mn" unpack="false" version="3.5.0.v20090620043401" download-size="1376" install-size="1376" />
	<plugin fragment="true" id="org.eclipse.datatools.modelbase.sql.query.edit.nl_mn" unpack="false" version="3.5.0.v20090620043401" download-size="1384" install-size="1384" />
	<plugin fragment="true" id="org.eclipse.datatools.modelbase.sql.query.nl_mn" unpack="false" version="3.5.0.v20090620043401" download-size="1380" install-size="1380" />
	<plugin fragment="true" id="org.eclipse.datatools.modelbase.sql.xml.query.nl_mn" unpack="false" version="3.5.0.v20090620043401" download-size="1383" install-size="1383" />
	<plugin fragment="true" id="org.eclipse.datatools.sqltools.common.ui.nl_mn" unpack="false" version="3.5.0.v20090620043401" download-size="3832" install-size="3832" />
	<plugin fragment="true" id="org.eclipse.datatools.sqltools.data.core.nl_mn" unpack="false" version="3.5.0.v20090620043401" download-size="1379" install-size="1379" />
	<plugin fragment="true" id="org.eclipse.datatools.sqltools.data.ui.nl_mn" unpack="false" version="3.5.0.v20090620043401" download-size="1378" install-size="1378" />
	<plugin fragment="true" id="org.eclipse.datatools.sqltools.db.derby.nl_mn" unpack="false" version="3.5.0.v20090620043401" download-size="1383" install-size="1383" />
	<plugin fragment="true" id="org.eclipse.datatools.sqltools.db.derby.ui.nl_mn" unpack="false" version="3.5.0.v20090620043401" download-size="1385" install-size="1385" />
	<plugin fragment="true" id="org.eclipse.datatools.sqltools.db.generic.nl_mn" unpack="false" version="3.5.0.v20090620043401" download-size="1384" install-size="1384" />
	<plugin fragment="true" id="org.eclipse.datatools.sqltools.db.generic.ui.nl_mn" unpack="false" version="3.5.0.v20090620043401" download-size="1386" install-size="1386" />
	<plugin fragment="true" id="org.eclipse.datatools.sqltools.ddlgen.ui.nl_mn" unpack="false" version="3.5.0.v20090620043401" download-size="1377" install-size="1377" />
	<plugin fragment="true" id="org.eclipse.datatools.sqltools.debugger.core.nl_mn" unpack="false" version="3.5.0.v20090620043401" download-size="3484" install-size="3484" />
	<plugin fragment="true" id="org.eclipse.datatools.sqltools.debugger.core.ui.nl_mn" unpack="false" version="3.5.0.v20090620043401" download-size="2685" install-size="2685" />
	<plugin fragment="true" id="org.eclipse.datatools.sqltools.editor.core.nl_mn" unpack="false" version="3.5.0.v20090620043401" download-size="1384" install-size="1384" />
	<plugin fragment="true" id="org.eclipse.datatools.sqltools.editor.core.ui.nl_mn" unpack="false" version="3.5.0.v20090620043401" download-size="1386" install-size="1386" />
	<plugin fragment="true" id="org.eclipse.datatools.sqltools.parsers.sql.lexer.nl_mn" unpack="false" version="3.5.0.v20090620043401" download-size="1383" install-size="1383" />
	<plugin fragment="true" id="org.eclipse.datatools.sqltools.parsers.sql.nl_mn" unpack="false" version="3.5.0.v20090620043401" download-size="1378" install-size="1378" />
	<plugin fragment="true" id="org.eclipse.datatools.sqltools.parsers.sql.query.nl_mn" unpack="false" version="3.5.0.v20090620043401" download-size="1384" install-size="1384" />
	<plugin fragment="true" id="org.eclipse.datatools.sqltools.parsers.sql.xml.query.nl_mn" unpack="false" version="3.5.0.v20090620043401" download-size="1386" install-size="1386" />
	<plugin fragment="true" id="org.eclipse.datatools.sqltools.plan.nl_mn" unpack="false" version="3.5.0.v20090620043401" download-size="2877" install-size="2877" />
	<plugin fragment="true" id="org.eclipse.datatools.sqltools.result.nl_mn" unpack="false" version="3.5.0.v20090620043401" download-size="2616" install-size="2616" />
	<plugin fragment="true" id="org.eclipse.datatools.sqltools.result.ui.nl_mn" unpack="false" version="3.5.0.v20090620043401" download-size="2594" install-size="2594" />
	<plugin fragment="true" id="org.eclipse.datatools.sqltools.routineeditor.nl_mn" unpack="false" version="3.5.0.v20090620043401" download-size="4586" install-size="4586" />
	<plugin fragment="true" id="org.eclipse.datatools.sqltools.routineeditor.ui.nl_mn" unpack="false" version="3.5.0.v20090620043401" download-size="4065" install-size="4065" />
	<plugin fragment="true" id="org.eclipse.datatools.sqltools.schemaobjecteditor.nl_mn" unpack="false" version="3.5.0.v20090620043401" download-size="1389" install-size="1389" />
	<plugin fragment="true" id="org.eclipse.datatools.sqltools.schemaobjecteditor.ui.nl_mn" unpack="false" version="3.5.0.v20090620043401" download-size="5260" install-size="5260" />
	<plugin fragment="true" id="org.eclipse.datatools.sqltools.schemaobjecteditor.ui.pages.nl_mn" unpack="false" version="3.5.0.v20090620043401" download-size="1389" install-size="1389" />
	<plugin fragment="true" id="org.eclipse.datatools.sqltools.sql.nl_mn" unpack="false" version="3.5.0.v20090620043401" download-size="2641" install-size="2641" />
	<plugin fragment="true" id="org.eclipse.datatools.sqltools.sql.ui.nl_mn" unpack="false" version="3.5.0.v20090620043401" download-size="1373" install-size="1373" />
	<plugin fragment="true" id="org.eclipse.datatools.sqltools.sqlbuilder.nl_mn" unpack="false" version="3.5.0.v20090620043401" download-size="2348" install-size="2348" />
	<plugin fragment="true" id="org.eclipse.datatools.sqltools.sqleditor.nl_mn" unpack="false" version="3.5.0.v20090620043401" download-size="5011" install-size="5011" />
	<plugin fragment="true" id="org.eclipse.datatools.sqltools.sqlscrapbook.nl_mn" unpack="false" version="3.5.0.v20090620043401" download-size="2706" install-size="2706" />
	<plugin fragment="true" id="org.eclipse.datatools.sqltools.tabledataeditor.nl_mn" unpack="false" version="3.5.0.v20090620043401" download-size="1381" install-size="1381" />
</feature>