<?xml version="1.0" encoding="UTF-8" ?>
<feature
	id="org.eclipse.babel.nls_tools.mylyn_es"
	label="Babel Language Pack for tools.mylyn in Spanish (16.97%)"
	image="eclipse_update_120.jpg"
	provider-name="%providerName"
	version="3.5.0.v20090620043401">
	<copyright>
		%copyright
	</copyright>
	<license url="%licenseURL">
		%license
	</license>
	<description>Babel Language Pack for tools.mylyn in Spanish</description>
	<plugin fragment="true" id="org.eclipse.mylyn.bugzilla.core.nl_es" unpack="false" version="3.5.0.v20090620043401" download-size="2565" install-size="2565" />
	<plugin fragment="true" id="org.eclipse.mylyn.bugzilla.ide.nl_es" unpack="false" version="3.5.0.v20090620043401" download-size="1356" install-size="1356" />
	<plugin fragment="true" id="org.eclipse.mylyn.bugzilla.ui.nl_es" unpack="false" version="3.5.0.v20090620043401" download-size="3701" install-size="3701" />
	<plugin fragment="true" id="org.eclipse.mylyn.commons.core.nl_es" unpack="false" version="3.5.0.v20090620043401" download-size="1354" install-size="1354" />
	<plugin fragment="true" id="org.eclipse.mylyn.commons.net.nl_es" unpack="false" version="3.5.0.v20090620043401" download-size="2550" install-size="2550" />
	<plugin fragment="true" id="org.eclipse.mylyn.commons.soap.nl_es" unpack="false" version="3.5.0.v20090620043401" download-size="1354" install-size="1354" />
	<plugin fragment="true" id="org.eclipse.mylyn.commons.ui.nl_es" unpack="false" version="3.5.0.v20090620043401" download-size="2598" install-size="2598" />
	<plugin fragment="true" id="org.eclipse.mylyn.compatibility.nl_es" unpack="false" version="3.5.0.v20090620043401" download-size="1355" install-size="1355" />
	<plugin fragment="true" id="org.eclipse.mylyn.context.core.nl_es" unpack="false" version="3.5.0.v20090620043401" download-size="1355" install-size="1355" />
	<plugin fragment="true" id="org.eclipse.mylyn.context.ui.nl_es" unpack="false" version="3.5.0.v20090620043401" download-size="4544" install-size="4544" />
	<plugin fragment="true" id="org.eclipse.mylyn.discovery.core.nl_es" unpack="false" version="3.5.0.v20090620043401" download-size="2643" install-size="2643" />
	<plugin fragment="true" id="org.eclipse.mylyn.discovery.ui.nl_es" unpack="false" version="3.5.0.v20090620043401" download-size="2675" install-size="2675" />
	<plugin fragment="true" id="org.eclipse.mylyn.help.ui.nl_es" unpack="false" version="3.5.0.v20090620043401" download-size="1373" install-size="1373" />
	<plugin fragment="true" id="org.eclipse.mylyn.ide.ant.nl_es" unpack="false" version="3.5.0.v20090620043401" download-size="1351" install-size="1351" />
	<plugin fragment="true" id="org.eclipse.mylyn.ide.capabilities.nl_es" unpack="false" version="3.5.0.v20090620043401" download-size="1375" install-size="1375" />
	<plugin fragment="true" id="org.eclipse.mylyn.ide.ui.nl_es" unpack="false" version="3.5.0.v20090620043401" download-size="1351" install-size="1351" />
	<plugin fragment="true" id="org.eclipse.mylyn.java.tasks.nl_es" unpack="false" version="3.5.0.v20090620043401" download-size="2407" install-size="2407" />
	<plugin fragment="true" id="org.eclipse.mylyn.java.ui.nl_es" unpack="false" version="3.5.0.v20090620043401" download-size="1419" install-size="1419" />
	<plugin fragment="true" id="org.eclipse.mylyn.jira.core.nl_es" unpack="false" version="3.5.0.v20090620043401" download-size="3018" install-size="3018" />
	<plugin fragment="true" id="org.eclipse.mylyn.jira.ui.nl_es" unpack="false" version="3.5.0.v20090620043401" download-size="3555" install-size="3555" />
	<plugin fragment="true" id="org.eclipse.mylyn.monitor.core.nl_es" unpack="false" version="3.5.0.v20090620043401" download-size="2644" install-size="2644" />
	<plugin fragment="true" id="org.eclipse.mylyn.monitor.ui.nl_es" unpack="false" version="3.5.0.v20090620043401" download-size="1353" install-size="1353" />
	<plugin fragment="true" id="org.eclipse.mylyn.nl_es" unpack="false" version="3.5.0.v20090620043401" download-size="1346" install-size="1346" />
	<plugin fragment="true" id="org.eclipse.mylyn.pde.ui.nl_es" unpack="false" version="3.5.0.v20090620043401" download-size="1350" install-size="1350" />
	<plugin fragment="true" id="org.eclipse.mylyn.resources.ui.nl_es" unpack="false" version="3.5.0.v20090620043401" download-size="2659" install-size="2659" />
	<plugin fragment="true" id="org.eclipse.mylyn.tasks.bugs.nl_es" unpack="false" version="3.5.0.v20090620043401" download-size="3368" install-size="3368" />
	<plugin fragment="true" id="org.eclipse.mylyn.tasks.core.nl_es" unpack="false" version="3.5.0.v20090620043401" download-size="3496" install-size="3496" />
	<plugin fragment="true" id="org.eclipse.mylyn.tasks.ui.nl_es" unpack="false" version="3.5.0.v20090620043401" download-size="11699" install-size="11699" />
	<plugin fragment="true" id="org.eclipse.mylyn.team.cvs.nl_es" unpack="false" version="3.5.0.v20090620043401" download-size="1352" install-size="1352" />
	<plugin fragment="true" id="org.eclipse.mylyn.team.ui.nl_es" unpack="false" version="3.5.0.v20090620043401" download-size="3618" install-size="3618" />
	<plugin fragment="true" id="org.eclipse.mylyn.trac.core.nl_es" unpack="false" version="3.5.0.v20090620043401" download-size="2990" install-size="2990" />
	<plugin fragment="true" id="org.eclipse.mylyn.trac.ui.nl_es" unpack="false" version="3.5.0.v20090620043401" download-size="3139" install-size="3139" />
	<plugin fragment="true" id="org.eclipse.mylyn.wikitext.confluence.core.nl_es" unpack="false" version="3.5.0.v20090620043401" download-size="1363" install-size="1363" />
	<plugin fragment="true" id="org.eclipse.mylyn.wikitext.confluence.ui.nl_es" unpack="false" version="3.5.0.v20090620043401" download-size="1403" install-size="1403" />
	<plugin fragment="true" id="org.eclipse.mylyn.wikitext.core.nl_es" unpack="false" version="3.5.0.v20090620043401" download-size="4408" install-size="4408" />
	<plugin fragment="true" id="org.eclipse.mylyn.wikitext.help.sdk.nl_es" unpack="false" version="3.5.0.v20090620043401" download-size="1379" install-size="1379" />
	<plugin fragment="true" id="org.eclipse.mylyn.wikitext.help.ui.nl_es" unpack="false" version="3.5.0.v20090620043401" download-size="1378" install-size="1378" />
	<plugin fragment="true" id="org.eclipse.mylyn.wikitext.mediawiki.core.nl_es" unpack="false" version="3.5.0.v20090620043401" download-size="1386" install-size="1386" />
	<plugin fragment="true" id="org.eclipse.mylyn.wikitext.mediawiki.ui.nl_es" unpack="false" version="3.5.0.v20090620043401" download-size="1431" install-size="1431" />
	<plugin fragment="true" id="org.eclipse.mylyn.wikitext.tasks.ui.nl_es" unpack="false" version="3.5.0.v20090620043401" download-size="2824" install-size="2824" />
	<plugin fragment="true" id="org.eclipse.mylyn.wikitext.tests.nl_es" unpack="false" version="3.5.0.v20090620043401" download-size="1356" install-size="1356" />
	<plugin fragment="true" id="org.eclipse.mylyn.wikitext.textile.core.nl_es" unpack="false" version="3.5.0.v20090620043401" download-size="1360" install-size="1360" />
	<plugin fragment="true" id="org.eclipse.mylyn.wikitext.textile.ui.nl_es" unpack="false" version="3.5.0.v20090620043401" download-size="1425" install-size="1425" />
	<plugin fragment="true" id="org.eclipse.mylyn.wikitext.tracwiki.core.nl_es" unpack="false" version="3.5.0.v20090620043401" download-size="1362" install-size="1362" />
	<plugin fragment="true" id="org.eclipse.mylyn.wikitext.tracwiki.ui.nl_es" unpack="false" version="3.5.0.v20090620043401" download-size="1386" install-size="1386" />
	<plugin fragment="true" id="org.eclipse.mylyn.wikitext.twiki.core.nl_es" unpack="false" version="3.5.0.v20090620043401" download-size="1360" install-size="1360" />
	<plugin fragment="true" id="org.eclipse.mylyn.wikitext.twiki.ui.nl_es" unpack="false" version="3.5.0.v20090620043401" download-size="1408" install-size="1408" />
	<plugin fragment="true" id="org.eclipse.mylyn.wikitext.ui.nl_es" unpack="false" version="3.5.0.v20090620043401" download-size="7168" install-size="7168" />
	<plugin fragment="true" id="org.eclipse.mylyn.xplanner.core.nl_es" unpack="false" version="3.5.0.v20090620043401" download-size="2411" install-size="2411" />
	<plugin fragment="true" id="org.eclipse.mylyn.xplanner.ui.nl_es" unpack="false" version="3.5.0.v20090620043401" download-size="3687" install-size="3687" />
</feature>