<?xml version="1.0" encoding="UTF-8" ?>
<feature
	id="org.eclipse.babel.nls_webtools.jsf_mn"
	label="Babel Language Pack for webtools.jsf in Mongolian (1.09%)"
	image="eclipse_update_120.jpg"
	provider-name="%providerName"
	version="3.5.0.v20090620043401">
	<copyright>
		%copyright
	</copyright>
	<license url="%licenseURL">
		%license
	</license>
	<description>Babel Language Pack for webtools.jsf in Mongolian</description>
	<plugin fragment="true" id="org.eclipse.jst.jsf.apache.trinidad.tagsupport.nl_mn" unpack="false" version="3.5.0.v20090620043401" download-size="1383" install-size="1383" />
	<plugin fragment="true" id="org.eclipse.jst.jsf.common.nl_mn" unpack="false" version="3.5.0.v20090620043401" download-size="1368" install-size="1368" />
	<plugin fragment="true" id="org.eclipse.jst.jsf.common.runtime.nl_mn" unpack="false" version="3.5.0.v20090620043401" download-size="1378" install-size="1378" />
	<plugin fragment="true" id="org.eclipse.jst.jsf.common.ui.nl_mn" unpack="false" version="3.5.0.v20090620043401" download-size="2397" install-size="2397" />
	<plugin fragment="true" id="org.eclipse.jst.jsf.core.nl_mn" unpack="false" version="3.5.0.v20090620043401" download-size="1369" install-size="1369" />
	<plugin fragment="true" id="org.eclipse.jst.jsf.facesconfig.nl_mn" unpack="false" version="3.5.0.v20090620043401" download-size="1426" install-size="1426" />
	<plugin fragment="true" id="org.eclipse.jst.jsf.facesconfig.ui.nl_mn" unpack="false" version="3.5.0.v20090620043401" download-size="3391" install-size="3391" />
	<plugin fragment="true" id="org.eclipse.jst.jsf.standard.tagsupport.nl_mn" unpack="false" version="3.5.0.v20090620043401" download-size="1608" install-size="1608" />
	<plugin fragment="true" id="org.eclipse.jst.jsf.ui.nl_mn" unpack="false" version="3.5.0.v20090620043401" download-size="3062" install-size="3062" />
	<plugin fragment="true" id="org.eclipse.jst.pagedesigner.jsf.ui.nl_mn" unpack="false" version="3.5.0.v20090620043401" download-size="2608" install-size="2608" />
	<plugin fragment="true" id="org.eclipse.jst.pagedesigner.jsp.core.nl_mn" unpack="false" version="3.5.0.v20090620043401" download-size="1377" install-size="1377" />
	<plugin fragment="true" id="org.eclipse.jst.pagedesigner.nl_mn" unpack="false" version="3.5.0.v20090620043401" download-size="2795" install-size="2795" />
</feature>