<?xml version="1.0" encoding="UTF-8" ?>
<feature
	id="org.eclipse.babel.nls_dsdp.tm_pt"
	label="Babel Language Pack for dsdp.tm in Portuguese (20.84%)"
	image="eclipse_update_120.jpg"
	provider-name="%providerName"
	version="3.5.0.v20090620043401">
	<copyright>
		%copyright
	</copyright>
	<license url="%licenseURL">
		%license
	</license>
	<description>Babel Language Pack for dsdp.tm in Portuguese</description>
	<plugin fragment="true" id="org.eclipse.dstore.core.nl_pt" unpack="false" version="3.5.0.v20090620043401" download-size="1369" install-size="1369" />
	<plugin fragment="true" id="org.eclipse.dstore.doc.isv.nl_pt" unpack="false" version="3.5.0.v20090620043401" download-size="1369" install-size="1369" />
	<plugin fragment="true" id="org.eclipse.dstore.extra.nl_pt" unpack="false" version="3.5.0.v20090620043401" download-size="1370" install-size="1370" />
	<plugin fragment="true" id="org.eclipse.rse.connectorservice.dstore.nl_pt" unpack="false" version="3.5.0.v20090620043401" download-size="1379" install-size="1379" />
	<plugin fragment="true" id="org.eclipse.rse.connectorservice.local.nl_pt" unpack="false" version="3.5.0.v20090620043401" download-size="1378" install-size="1378" />
	<plugin fragment="true" id="org.eclipse.rse.connectorservice.ssh.nl_pt" unpack="false" version="3.5.0.v20090620043401" download-size="2720" install-size="2720" />
	<plugin fragment="true" id="org.eclipse.rse.connectorservice.telnet.nl_pt" unpack="false" version="3.5.0.v20090620043401" download-size="1378" install-size="1378" />
	<plugin fragment="true" id="org.eclipse.rse.core.nl_pt" unpack="false" version="3.5.0.v20090620043401" download-size="2390" install-size="2390" />
	<plugin fragment="true" id="org.eclipse.rse.discovery.nl_pt" unpack="false" version="3.5.0.v20090620043401" download-size="2216" install-size="2216" />
	<plugin fragment="true" id="org.eclipse.rse.doc.isv.nl_pt" unpack="false" version="3.5.0.v20090620043401" download-size="1370" install-size="1370" />
	<plugin fragment="true" id="org.eclipse.rse.doc.user.nl_pt" unpack="false" version="3.5.0.v20090620043401" download-size="1370" install-size="1370" />
	<plugin fragment="true" id="org.eclipse.rse.dstore.security.nl_pt" unpack="false" version="3.5.0.v20090620043401" download-size="2571" install-size="2571" />
	<plugin fragment="true" id="org.eclipse.rse.efs.nl_pt" unpack="false" version="3.5.0.v20090620043401" download-size="1367" install-size="1367" />
	<plugin fragment="true" id="org.eclipse.rse.efs.ui.nl_pt" unpack="false" version="3.5.0.v20090620043401" download-size="1369" install-size="1369" />
	<plugin fragment="true" id="org.eclipse.rse.examples.daytime.nl_pt" unpack="false" version="3.5.0.v20090620043401" download-size="1375" install-size="1375" />
	<plugin fragment="true" id="org.eclipse.rse.examples.tutorial.nl_pt" unpack="false" version="3.5.0.v20090620043401" download-size="1670" install-size="1670" />
	<plugin fragment="true" id="org.eclipse.rse.files.ui.nl_pt" unpack="false" version="3.5.0.v20090620043401" download-size="3232" install-size="3232" />
	<plugin fragment="true" id="org.eclipse.rse.importexport.nl_pt" unpack="false" version="3.5.0.v20090620043401" download-size="3932" install-size="3932" />
	<plugin fragment="true" id="org.eclipse.rse.nl_pt" unpack="false" version="3.5.0.v20090620043401" download-size="1364" install-size="1364" />
	<plugin fragment="true" id="org.eclipse.rse.processes.ui.nl_pt" unpack="false" version="3.5.0.v20090620043401" download-size="3082" install-size="3082" />
	<plugin fragment="true" id="org.eclipse.rse.remotecdt.nl_pt" unpack="false" version="3.5.0.v20090620043401" download-size="2313" install-size="2313" />
	<plugin fragment="true" id="org.eclipse.rse.sdk.nl_pt" unpack="false" version="3.5.0.v20090620043401" download-size="1367" install-size="1367" />
	<plugin fragment="true" id="org.eclipse.rse.services.dstore.nl_pt" unpack="false" version="3.5.0.v20090620043401" download-size="1590" install-size="1590" />
	<plugin fragment="true" id="org.eclipse.rse.services.files.ftp.nl_pt" unpack="false" version="3.5.0.v20090620043401" download-size="2602" install-size="2602" />
	<plugin fragment="true" id="org.eclipse.rse.services.local.nl_pt" unpack="false" version="3.5.0.v20090620043401" download-size="1374" install-size="1374" />
	<plugin fragment="true" id="org.eclipse.rse.services.nl_pt" unpack="false" version="3.5.0.v20090620043401" download-size="3066" install-size="3066" />
	<plugin fragment="true" id="org.eclipse.rse.services.ssh.nl_pt" unpack="false" version="3.5.0.v20090620043401" download-size="1372" install-size="1372" />
	<plugin fragment="true" id="org.eclipse.rse.services.telnet.nl_pt" unpack="false" version="3.5.0.v20090620043401" download-size="1374" install-size="1374" />
	<plugin fragment="true" id="org.eclipse.rse.shells.ui.nl_pt" unpack="false" version="3.5.0.v20090620043401" download-size="2613" install-size="2613" />
	<plugin fragment="true" id="org.eclipse.rse.subsystems.files.core.nl_pt" unpack="false" version="3.5.0.v20090620043401" download-size="2864" install-size="2864" />
	<plugin fragment="true" id="org.eclipse.rse.subsystems.files.dstore.nl_pt" unpack="false" version="3.5.0.v20090620043401" download-size="1391" install-size="1391" />
	<plugin fragment="true" id="org.eclipse.rse.subsystems.files.ftp.nl_pt" unpack="false" version="3.5.0.v20090620043401" download-size="1405" install-size="1405" />
	<plugin fragment="true" id="org.eclipse.rse.subsystems.files.local.nl_pt" unpack="false" version="3.5.0.v20090620043401" download-size="1379" install-size="1379" />
	<plugin fragment="true" id="org.eclipse.rse.subsystems.files.ssh.nl_pt" unpack="false" version="3.5.0.v20090620043401" download-size="1377" install-size="1377" />
	<plugin fragment="true" id="org.eclipse.rse.subsystems.processes.core.nl_pt" unpack="false" version="3.5.0.v20090620043401" download-size="1380" install-size="1380" />
	<plugin fragment="true" id="org.eclipse.rse.subsystems.processes.dstore.nl_pt" unpack="false" version="3.5.0.v20090620043401" download-size="1380" install-size="1380" />
	<plugin fragment="true" id="org.eclipse.rse.subsystems.processes.local.nl_pt" unpack="false" version="3.5.0.v20090620043401" download-size="1380" install-size="1380" />
	<plugin fragment="true" id="org.eclipse.rse.subsystems.processes.shell.linux.nl_pt" unpack="false" version="3.5.0.v20090620043401" download-size="1386" install-size="1386" />
	<plugin fragment="true" id="org.eclipse.rse.subsystems.shells.core.nl_pt" unpack="false" version="3.5.0.v20090620043401" download-size="1378" install-size="1378" />
	<plugin fragment="true" id="org.eclipse.rse.subsystems.shells.dstore.nl_pt" unpack="false" version="3.5.0.v20090620043401" download-size="1380" install-size="1380" />
	<plugin fragment="true" id="org.eclipse.rse.subsystems.shells.local.nl_pt" unpack="false" version="3.5.0.v20090620043401" download-size="1380" install-size="1380" />
	<plugin fragment="true" id="org.eclipse.rse.subsystems.shells.ssh.nl_pt" unpack="false" version="3.5.0.v20090620043401" download-size="1378" install-size="1378" />
	<plugin fragment="true" id="org.eclipse.rse.subsystems.shells.telnet.nl_pt" unpack="false" version="3.5.0.v20090620043401" download-size="1380" install-size="1380" />
	<plugin fragment="true" id="org.eclipse.rse.subsystems.terminals.core.nl_pt" unpack="false" version="3.5.0.v20090620043401" download-size="1380" install-size="1380" />
	<plugin fragment="true" id="org.eclipse.rse.subsystems.terminals.ssh.nl_pt" unpack="false" version="3.5.0.v20090620043401" download-size="1380" install-size="1380" />
	<plugin fragment="true" id="org.eclipse.rse.subsystems.wince.nl_pt" unpack="false" version="3.5.0.v20090620043401" download-size="1393" install-size="1393" />
	<plugin fragment="true" id="org.eclipse.rse.terminals.ui.nl_pt" unpack="false" version="3.5.0.v20090620043401" download-size="1397" install-size="1397" />
	<plugin fragment="true" id="org.eclipse.rse.tests.framework.nl_pt" unpack="false" version="3.5.0.v20090620043401" download-size="1434" install-size="1434" />
	<plugin fragment="true" id="org.eclipse.rse.tests.nl_pt" unpack="false" version="3.5.0.v20090620043401" download-size="2415" install-size="2415" />
	<plugin fragment="true" id="org.eclipse.rse.ui.nl_pt" unpack="false" version="3.5.0.v20090620043401" download-size="5691" install-size="5691" />
	<plugin fragment="true" id="org.eclipse.rse.useractions.nl_pt" unpack="false" version="3.5.0.v20090620043401" download-size="3409" install-size="3409" />
	<plugin fragment="true" id="org.eclipse.tm.discovery.doc.isv.nl_pt" unpack="false" version="3.5.0.v20090620043401" download-size="1375" install-size="1375" />
	<plugin fragment="true" id="org.eclipse.tm.discovery.engine.nl_pt" unpack="false" version="3.5.0.v20090620043401" download-size="1374" install-size="1374" />
	<plugin fragment="true" id="org.eclipse.tm.discovery.model.edit.nl_pt" unpack="false" version="3.5.0.v20090620043401" download-size="1377" install-size="1377" />
	<plugin fragment="true" id="org.eclipse.tm.discovery.model.nl_pt" unpack="false" version="3.5.0.v20090620043401" download-size="1374" install-size="1374" />
	<plugin fragment="true" id="org.eclipse.tm.discovery.protocol.dnssd.nl_pt" unpack="false" version="3.5.0.v20090620043401" download-size="1379" install-size="1379" />
	<plugin fragment="true" id="org.eclipse.tm.discovery.transport.udp.nl_pt" unpack="false" version="3.5.0.v20090620043401" download-size="1379" install-size="1379" />
	<plugin fragment="true" id="org.eclipse.tm.discovery.view.nl_pt" unpack="false" version="3.5.0.v20090620043401" download-size="2501" install-size="2501" />
	<plugin fragment="true" id="org.eclipse.tm.discovery.wizard.nl_pt" unpack="false" version="3.5.0.v20090620043401" download-size="2553" install-size="2553" />
	<plugin fragment="true" id="org.eclipse.tm.rapi.examples.nl_pt" unpack="false" version="3.5.0.v20090620043401" download-size="1372" install-size="1372" />
	<plugin fragment="true" id="org.eclipse.tm.rapi.nl_pt" unpack="false" version="3.5.0.v20090620043401" download-size="1366" install-size="1366" />
	<plugin fragment="true" id="org.eclipse.tm.rapi.tests.nl_pt" unpack="false" version="3.5.0.v20090620043401" download-size="1370" install-size="1370" />
	<plugin fragment="true" id="org.eclipse.tm.terminal.nl_pt" unpack="false" version="3.5.0.v20090620043401" download-size="2617" install-size="2617" />
	<plugin fragment="true" id="org.eclipse.tm.terminal.serial.nl_pt" unpack="false" version="3.5.0.v20090620043401" download-size="2389" install-size="2389" />
	<plugin fragment="true" id="org.eclipse.tm.terminal.ssh.nl_pt" unpack="false" version="3.5.0.v20090620043401" download-size="2817" install-size="2817" />
	<plugin fragment="true" id="org.eclipse.tm.terminal.telnet.nl_pt" unpack="false" version="3.5.0.v20090620043401" download-size="2405" install-size="2405" />
	<plugin fragment="true" id="org.eclipse.tm.terminal.test.nl_pt" unpack="false" version="3.5.0.v20090620043401" download-size="1371" install-size="1371" />
	<plugin fragment="true" id="org.eclipse.tm.terminal.view.nl_pt" unpack="false" version="3.5.0.v20090620043401" download-size="2924" install-size="2924" />
	<plugin fragment="true" id="test.data.nl_pt" unpack="false" version="3.5.0.v20090620043401" download-size="2778" install-size="2778" />
</feature>