<?xml version="1.0" encoding="UTF-8" ?>
<feature
	id="org.eclipse.babel.nls_webtools.servertools_sv"
	label="Babel Language Pack for webtools.servertools in Swedish (71.91%)"
	image="eclipse_update_120.jpg"
	provider-name="%providerName"
	version="3.5.0.v20090620043401">
	<copyright>
		%copyright
	</copyright>
	<license url="%licenseURL">
		%license
	</license>
	<description>Babel Language Pack for webtools.servertools in Swedish</description>
	<plugin fragment="true" id="org.apache.cactus.nl_sv" unpack="false" version="3.5.0.v20090620043401" download-size="1370" install-size="1370" />
	<plugin fragment="true" id="org.eclipse.jst.server.core.nl_sv" unpack="false" version="3.5.0.v20090620043401" download-size="3263" install-size="3263" />
	<plugin fragment="true" id="org.eclipse.jst.server.generic.core.nl_sv" unpack="false" version="3.5.0.v20090620043401" download-size="3402" install-size="3402" />
	<plugin fragment="true" id="org.eclipse.jst.server.generic.jboss.nl_sv" unpack="false" version="3.5.0.v20090620043401" download-size="1732" install-size="1732" />
	<plugin fragment="true" id="org.eclipse.jst.server.generic.jonas.nl_sv" unpack="false" version="3.5.0.v20090620043401" download-size="1774" install-size="1774" />
	<plugin fragment="true" id="org.eclipse.jst.server.generic.oc4j.nl_sv" unpack="false" version="3.5.0.v20090620043401" download-size="1868" install-size="1868" />
	<plugin fragment="true" id="org.eclipse.jst.server.generic.ui.nl_sv" unpack="false" version="3.5.0.v20090620043401" download-size="2945" install-size="2945" />
	<plugin fragment="true" id="org.eclipse.jst.server.installable.nl_sv" unpack="false" version="3.5.0.v20090620043401" download-size="1412" install-size="1412" />
	<plugin fragment="true" id="org.eclipse.jst.server.preview.adapter.nl_sv" unpack="false" version="3.5.0.v20090620043401" download-size="2763" install-size="2763" />
	<plugin fragment="true" id="org.eclipse.jst.server.tomcat.core.nl_sv" unpack="false" version="3.5.0.v20090620043401" download-size="4721" install-size="4721" />
	<plugin fragment="true" id="org.eclipse.jst.server.tomcat.ui.nl_sv" unpack="false" version="3.5.0.v20090620043401" download-size="3406" install-size="3406" />
	<plugin fragment="true" id="org.eclipse.jst.server.ui.doc.user.nl_sv" unpack="false" version="3.5.0.v20090620043401" download-size="1376" install-size="1376" />
	<plugin fragment="true" id="org.eclipse.jst.server.ui.infopop.nl_sv" unpack="false" version="3.5.0.v20090620043401" download-size="1440" install-size="1440" />
	<plugin fragment="true" id="org.eclipse.jst.server.ui.nl_sv" unpack="false" version="3.5.0.v20090620043401" download-size="2770" install-size="2770" />
	<plugin fragment="true" id="org.eclipse.jst.server.websphere.core.nl_sv" unpack="false" version="3.5.0.v20090620043401" download-size="1680" install-size="1680" />
	<plugin fragment="true" id="org.eclipse.servertools.doc.isv.nl_sv" unpack="false" version="3.5.0.v20090620043401" download-size="1372" install-size="1372" />
	<plugin fragment="true" id="org.eclipse.wst.internet.monitor.core.nl_sv" unpack="false" version="3.5.0.v20090620043401" download-size="2886" install-size="2886" />
	<plugin fragment="true" id="org.eclipse.wst.internet.monitor.ui.nl_sv" unpack="false" version="3.5.0.v20090620043401" download-size="3294" install-size="3294" />
	<plugin fragment="true" id="org.eclipse.wst.server.core.nl_sv" unpack="false" version="3.5.0.v20090620043401" download-size="3686" install-size="3686" />
	<plugin fragment="true" id="org.eclipse.wst.server.discovery.nl_sv" unpack="false" version="3.5.0.v20090620043401" download-size="2613" install-size="2613" />
	<plugin fragment="true" id="org.eclipse.wst.server.http.core.nl_sv" unpack="false" version="3.5.0.v20090620043401" download-size="2692" install-size="2692" />
	<plugin fragment="true" id="org.eclipse.wst.server.http.ui.nl_sv" unpack="false" version="3.5.0.v20090620043401" download-size="2547" install-size="2547" />
	<plugin fragment="true" id="org.eclipse.wst.server.preview.adapter.nl_sv" unpack="false" version="3.5.0.v20090620043401" download-size="2930" install-size="2930" />
	<plugin fragment="true" id="org.eclipse.wst.server.preview.nl_sv" unpack="false" version="3.5.0.v20090620043401" download-size="2768" install-size="2768" />
	<plugin fragment="true" id="org.eclipse.wst.server.ui.doc.user.nl_sv" unpack="false" version="3.5.0.v20090620043401" download-size="1393" install-size="1393" />
	<plugin fragment="true" id="org.eclipse.wst.server.ui.infopop.nl_sv" unpack="false" version="3.5.0.v20090620043401" download-size="1410" install-size="1410" />
	<plugin fragment="true" id="org.eclipse.wst.server.ui.nl_sv" unpack="false" version="3.5.0.v20090620043401" download-size="6828" install-size="6828" />
</feature>