<?xml version="1.0" encoding="UTF-8" ?>
<feature
	id="org.eclipse.babel.nls_modeling.emf_es"
	label="Babel Language Pack for modeling.emf in Spanish (69.58%)"
	image="eclipse_update_120.jpg"
	provider-name="%providerName"
	version="3.5.0.v20090620043401">
	<copyright>
		%copyright
	</copyright>
	<license url="%licenseURL">
		%license
	</license>
	<description>Babel Language Pack for modeling.emf in Spanish</description>
	<plugin fragment="true" id="library.ecore.nl_es" unpack="false" version="3.5.0.v20090620043401" download-size="1366" install-size="1366" />
	<plugin fragment="true" id="library.java.nl_es" unpack="false" version="3.5.0.v20090620043401" download-size="1366" install-size="1366" />
	<plugin fragment="true" id="library.rose.nl_es" unpack="false" version="3.5.0.v20090620043401" download-size="1366" install-size="1366" />
	<plugin fragment="true" id="library.xsd.nl_es" unpack="false" version="3.5.0.v20090620043401" download-size="1365" install-size="1365" />
	<plugin fragment="true" id="library.xsds.nl_es" unpack="false" version="3.5.0.v20090620043401" download-size="1365" install-size="1365" />
	<plugin fragment="true" id="org.eclipse.emf.activities.nl_es" unpack="false" version="3.5.0.v20090620043401" download-size="1413" install-size="1413" />
	<plugin fragment="true" id="org.eclipse.emf.ant.nl_es" unpack="false" version="3.5.0.v20090620043401" download-size="1387" install-size="1387" />
	<plugin fragment="true" id="org.eclipse.emf.cdo.common.nl_es" unpack="false" version="3.5.0.v20090620043401" download-size="3651" install-size="3651" />
	<plugin fragment="true" id="org.eclipse.emf.cdo.defs.nl_es" unpack="false" version="3.5.0.v20090620043401" download-size="1367" install-size="1367" />
	<plugin fragment="true" id="org.eclipse.emf.cdo.doc.nl_es" unpack="false" version="3.5.0.v20090620043401" download-size="1367" install-size="1367" />
	<plugin fragment="true" id="org.eclipse.emf.cdo.edit.nl_es" unpack="false" version="3.5.0.v20090620043401" download-size="3587" install-size="3587" />
	<plugin fragment="true" id="org.eclipse.emf.cdo.examples.nl_es" unpack="false" version="3.5.0.v20090620043401" download-size="1370" install-size="1370" />
	<plugin fragment="true" id="org.eclipse.emf.cdo.examples.spring.nl_es" unpack="false" version="3.5.0.v20090620043401" download-size="1374" install-size="1374" />
	<plugin fragment="true" id="org.eclipse.emf.cdo.migrator.nl_es" unpack="false" version="3.5.0.v20090620043401" download-size="2640" install-size="2640" />
	<plugin fragment="true" id="org.eclipse.emf.cdo.nl_es" unpack="false" version="3.5.0.v20090620043401" download-size="2914" install-size="2914" />
	<plugin fragment="true" id="org.eclipse.emf.cdo.server.db.nl_es" unpack="false" version="3.5.0.v20090620043401" download-size="1371" install-size="1371" />
	<plugin fragment="true" id="org.eclipse.emf.cdo.server.hibernate.id.nl_es" unpack="false" version="3.5.0.v20090620043401" download-size="1377" install-size="1377" />
	<plugin fragment="true" id="org.eclipse.emf.cdo.server.hibernate.nl_es" unpack="false" version="3.5.0.v20090620043401" download-size="1708" install-size="1708" />
	<plugin fragment="true" id="org.eclipse.emf.cdo.server.hibernate.teneo.nl_es" unpack="false" version="3.5.0.v20090620043401" download-size="1377" install-size="1377" />
	<plugin fragment="true" id="org.eclipse.emf.cdo.server.nl_es" unpack="false" version="3.5.0.v20090620043401" download-size="1369" install-size="1369" />
	<plugin fragment="true" id="org.eclipse.emf.cdo.tests.db.nl_es" unpack="false" version="3.5.0.v20090620043401" download-size="1370" install-size="1370" />
	<plugin fragment="true" id="org.eclipse.emf.cdo.tests.hibernate.client.nl_es" unpack="false" version="3.5.0.v20090620043401" download-size="1378" install-size="1378" />
	<plugin fragment="true" id="org.eclipse.emf.cdo.tests.hibernate.nl_es" unpack="false" version="3.5.0.v20090620043401" download-size="1947" install-size="1947" />
	<plugin fragment="true" id="org.eclipse.emf.cdo.tests.mango.edit.nl_es" unpack="false" version="3.5.0.v20090620043401" download-size="1648" install-size="1648" />
	<plugin fragment="true" id="org.eclipse.emf.cdo.tests.mango.nl_es" unpack="false" version="3.5.0.v20090620043401" download-size="1372" install-size="1372" />
	<plugin fragment="true" id="org.eclipse.emf.cdo.tests.model1.edit.nl_es" unpack="false" version="3.5.0.v20090620043401" download-size="1765" install-size="1765" />
	<plugin fragment="true" id="org.eclipse.emf.cdo.tests.model1.nl_es" unpack="false" version="3.5.0.v20090620043401" download-size="1372" install-size="1372" />
	<plugin fragment="true" id="org.eclipse.emf.cdo.tests.model2.edit.nl_es" unpack="false" version="3.5.0.v20090620043401" download-size="1642" install-size="1642" />
	<plugin fragment="true" id="org.eclipse.emf.cdo.tests.model2.nl_es" unpack="false" version="3.5.0.v20090620043401" download-size="1372" install-size="1372" />
	<plugin fragment="true" id="org.eclipse.emf.cdo.tests.model3.edit.nl_es" unpack="false" version="3.5.0.v20090620043401" download-size="1590" install-size="1590" />
	<plugin fragment="true" id="org.eclipse.emf.cdo.tests.model3.nl_es" unpack="false" version="3.5.0.v20090620043401" download-size="1372" install-size="1372" />
	<plugin fragment="true" id="org.eclipse.emf.cdo.tests.model4.nl_es" unpack="false" version="3.5.0.v20090620043401" download-size="1372" install-size="1372" />
	<plugin fragment="true" id="org.eclipse.emf.cdo.tests.model4interfaces.nl_es" unpack="false" version="3.5.0.v20090620043401" download-size="1378" install-size="1378" />
	<plugin fragment="true" id="org.eclipse.emf.cdo.tests.model5.nl_es" unpack="false" version="3.5.0.v20090620043401" download-size="1372" install-size="1372" />
	<plugin fragment="true" id="org.eclipse.emf.cdo.tests.nl_es" unpack="false" version="3.5.0.v20090620043401" download-size="1368" install-size="1368" />
	<plugin fragment="true" id="org.eclipse.emf.cdo.ui.capabilities.nl_es" unpack="false" version="3.5.0.v20090620043401" download-size="1374" install-size="1374" />
	<plugin fragment="true" id="org.eclipse.emf.cdo.ui.defs.nl_es" unpack="false" version="3.5.0.v20090620043401" download-size="1370" install-size="1370" />
	<plugin fragment="true" id="org.eclipse.emf.cdo.ui.nl_es" unpack="false" version="3.5.0.v20090620043401" download-size="4372" install-size="4372" />
	<plugin fragment="true" id="org.eclipse.emf.cheatsheets.nl_es" unpack="false" version="3.5.0.v20090620043401" download-size="1369" install-size="1369" />
	<plugin fragment="true" id="org.eclipse.emf.codegen.ecore.nl_es" unpack="false" version="3.5.0.v20090620043401" download-size="3002" install-size="3002" />
	<plugin fragment="true" id="org.eclipse.emf.codegen.ecore.ui.nl_es" unpack="false" version="3.5.0.v20090620043401" download-size="6620" install-size="6620" />
	<plugin fragment="true" id="org.eclipse.emf.codegen.nl_es" unpack="false" version="3.5.0.v20090620043401" download-size="2530" install-size="2530" />
	<plugin fragment="true" id="org.eclipse.emf.codegen.ui.nl_es" unpack="false" version="3.5.0.v20090620043401" download-size="2025" install-size="2025" />
	<plugin fragment="true" id="org.eclipse.emf.common.nl_es" unpack="false" version="3.5.0.v20090620043401" download-size="1979" install-size="1979" />
	<plugin fragment="true" id="org.eclipse.emf.common.ui.nl_es" unpack="false" version="3.5.0.v20090620043401" download-size="2405" install-size="2405" />
	<plugin fragment="true" id="org.eclipse.emf.converter.nl_es" unpack="false" version="3.5.0.v20090620043401" download-size="2292" install-size="2292" />
	<plugin fragment="true" id="org.eclipse.emf.databinding.edit.nl_es" unpack="false" version="3.5.0.v20090620043401" download-size="1372" install-size="1372" />
	<plugin fragment="true" id="org.eclipse.emf.databinding.nl_es" unpack="false" version="3.5.0.v20090620043401" download-size="1370" install-size="1370" />
	<plugin fragment="true" id="org.eclipse.emf.doc.nl_es" unpack="false" version="3.5.0.v20090620043401" download-size="1672" install-size="1672" />
	<plugin fragment="true" id="org.eclipse.emf.ecore.change.edit.nl_es" unpack="false" version="3.5.0.v20090620043401" download-size="1882" install-size="1882" />
	<plugin fragment="true" id="org.eclipse.emf.ecore.change.nl_es" unpack="false" version="3.5.0.v20090620043401" download-size="1396" install-size="1396" />
	<plugin fragment="true" id="org.eclipse.emf.ecore.edit.nl_es" unpack="false" version="3.5.0.v20090620043401" download-size="2743" install-size="2743" />
	<plugin fragment="true" id="org.eclipse.emf.ecore.editor.nl_es" unpack="false" version="3.5.0.v20090620043401" download-size="2536" install-size="2536" />
	<plugin fragment="true" id="org.eclipse.emf.ecore.nl_es" unpack="false" version="3.5.0.v20090620043401" download-size="2925" install-size="2925" />
	<plugin fragment="true" id="org.eclipse.emf.ecore.xmi.nl_es" unpack="false" version="3.5.0.v20090620043401" download-size="1386" install-size="1386" />
	<plugin fragment="true" id="org.eclipse.emf.edit.nl_es" unpack="false" version="3.5.0.v20090620043401" download-size="2448" install-size="2448" />
	<plugin fragment="true" id="org.eclipse.emf.edit.ui.nl_es" unpack="false" version="3.5.0.v20090620043401" download-size="2484" install-size="2484" />
	<plugin fragment="true" id="org.eclipse.emf.example.installer.nl_es" unpack="false" version="3.5.0.v20090620043401" download-size="1424" install-size="1424" />
	<plugin fragment="true" id="org.eclipse.emf.examples.databinding.project.core.model.nl_es" unpack="false" version="3.5.0.v20090620043401" download-size="1393" install-size="1393" />
	<plugin fragment="true" id="org.eclipse.emf.examples.generator.validator.nl_es" unpack="false" version="3.5.0.v20090620043401" download-size="1380" install-size="1380" />
	<plugin fragment="true" id="org.eclipse.emf.examples.jet.article2.nl_es" unpack="false" version="3.5.0.v20090620043401" download-size="1573" install-size="1573" />
	<plugin fragment="true" id="org.eclipse.emf.examples.nl_es" unpack="false" version="3.5.0.v20090620043401" download-size="1367" install-size="1367" />
	<plugin fragment="true" id="org.eclipse.emf.exporter.html.nl_es" unpack="false" version="3.5.0.v20090620043401" download-size="1431" install-size="1431" />
	<plugin fragment="true" id="org.eclipse.emf.exporter.nl_es" unpack="false" version="3.5.0.v20090620043401" download-size="1396" install-size="1396" />
	<plugin fragment="true" id="org.eclipse.emf.importer.ecore.nl_es" unpack="false" version="3.5.0.v20090620043401" download-size="1710" install-size="1710" />
	<plugin fragment="true" id="org.eclipse.emf.importer.java.nl_es" unpack="false" version="3.5.0.v20090620043401" download-size="1803" install-size="1803" />
	<plugin fragment="true" id="org.eclipse.emf.importer.nl_es" unpack="false" version="3.5.0.v20090620043401" download-size="2293" install-size="2293" />
	<plugin fragment="true" id="org.eclipse.emf.importer.rose.nl_es" unpack="false" version="3.5.0.v20090620043401" download-size="3101" install-size="3101" />
	<plugin fragment="true" id="org.eclipse.emf.java.edit.nl_es" unpack="false" version="3.5.0.v20090620043401" download-size="2028" install-size="2028" />
	<plugin fragment="true" id="org.eclipse.emf.java.editor.nl_es" unpack="false" version="3.5.0.v20090620043401" download-size="1964" install-size="1964" />
	<plugin fragment="true" id="org.eclipse.emf.java.nl_es" unpack="false" version="3.5.0.v20090620043401" download-size="1365" install-size="1365" />
	<plugin fragment="true" id="org.eclipse.emf.mapping.ecore.editor.nl_es" unpack="false" version="3.5.0.v20090620043401" download-size="1374" install-size="1374" />
	<plugin fragment="true" id="org.eclipse.emf.mapping.ecore.nl_es" unpack="false" version="3.5.0.v20090620043401" download-size="1370" install-size="1370" />
	<plugin fragment="true" id="org.eclipse.emf.mapping.ecore2ecore.editor.nl_es" unpack="false" version="3.5.0.v20090620043401" download-size="2415" install-size="2415" />
	<plugin fragment="true" id="org.eclipse.emf.mapping.ecore2ecore.nl_es" unpack="false" version="3.5.0.v20090620043401" download-size="1512" install-size="1512" />
	<plugin fragment="true" id="org.eclipse.emf.mapping.ecore2xml.nl_es" unpack="false" version="3.5.0.v20090620043401" download-size="1407" install-size="1407" />
	<plugin fragment="true" id="org.eclipse.emf.mapping.ecore2xml.ui.nl_es" unpack="false" version="3.5.0.v20090620043401" download-size="2486" install-size="2486" />
	<plugin fragment="true" id="org.eclipse.emf.mapping.nl_es" unpack="false" version="3.5.0.v20090620043401" download-size="2522" install-size="2522" />
	<plugin fragment="true" id="org.eclipse.emf.mapping.ui.nl_es" unpack="false" version="3.5.0.v20090620043401" download-size="2278" install-size="2278" />
	<plugin fragment="true" id="org.eclipse.emf.mapping.xsd2ecore.editor.nl_es" unpack="false" version="3.5.0.v20090620043401" download-size="2036" install-size="2036" />
	<plugin fragment="true" id="org.eclipse.emf.mapping.xsd2ecore.nl_es" unpack="false" version="3.5.0.v20090620043401" download-size="1516" install-size="1516" />
	<plugin fragment="true" id="org.eclipse.emf.nl_es" unpack="false" version="3.5.0.v20090620043401" download-size="1361" install-size="1361" />
	<plugin fragment="true" id="org.eclipse.emf.query.doc.nl_es" unpack="false" version="3.5.0.v20090620043401" download-size="1714" install-size="1714" />
	<plugin fragment="true" id="org.eclipse.emf.query.examples.nl_es" unpack="false" version="3.5.0.v20090620043401" download-size="1704" install-size="1704" />
	<plugin fragment="true" id="org.eclipse.emf.query.examples.ocl.nl_es" unpack="false" version="3.5.0.v20090620043401" download-size="1379" install-size="1379" />
	<plugin fragment="true" id="org.eclipse.emf.query.examples.statements.nl_es" unpack="false" version="3.5.0.v20090620043401" download-size="1382" install-size="1382" />
	<plugin fragment="true" id="org.eclipse.emf.query.nl_es" unpack="false" version="3.5.0.v20090620043401" download-size="2678" install-size="2678" />
	<plugin fragment="true" id="org.eclipse.emf.query.ocl.nl_es" unpack="false" version="3.5.0.v20090620043401" download-size="1694" install-size="1694" />
	<plugin fragment="true" id="org.eclipse.emf.query.ocl.tests.nl_es" unpack="false" version="3.5.0.v20090620043401" download-size="1377" install-size="1377" />
	<plugin fragment="true" id="org.eclipse.emf.query.tests.nl_es" unpack="false" version="3.5.0.v20090620043401" download-size="1374" install-size="1374" />
	<plugin fragment="true" id="org.eclipse.emf.test.build.nl_es" unpack="false" version="3.5.0.v20090620043401" download-size="1369" install-size="1369" />
	<plugin fragment="true" id="org.eclipse.emf.test.common.nl_es" unpack="false" version="3.5.0.v20090620043401" download-size="1774" install-size="1774" />
	<plugin fragment="true" id="org.eclipse.emf.test.core.nl_es" unpack="false" version="3.5.0.v20090620043401" download-size="1367" install-size="1367" />
	<plugin fragment="true" id="org.eclipse.emf.test.edit.nl_es" unpack="false" version="3.5.0.v20090620043401" download-size="2252" install-size="2252" />
	<plugin fragment="true" id="org.eclipse.emf.test.examples.nl_es" unpack="false" version="3.5.0.v20090620043401" download-size="1370" install-size="1370" />
	<plugin fragment="true" id="org.eclipse.emf.test.tools.nl_es" unpack="false" version="3.5.0.v20090620043401" download-size="1368" install-size="1368" />
	<plugin fragment="true" id="org.eclipse.emf.test.xml.nl_es" unpack="false" version="3.5.0.v20090620043401" download-size="1367" install-size="1367" />
	<plugin fragment="true" id="org.eclipse.emf.tests.nl_es" unpack="false" version="3.5.0.v20090620043401" download-size="1365" install-size="1365" />
	<plugin fragment="true" id="org.eclipse.emf.transaction.doc.nl_es" unpack="false" version="3.5.0.v20090620043401" download-size="1723" install-size="1723" />
	<plugin fragment="true" id="org.eclipse.emf.transaction.examples.nl_es" unpack="false" version="3.5.0.v20090620043401" download-size="1719" install-size="1719" />
	<plugin fragment="true" id="org.eclipse.emf.transaction.nl_es" unpack="false" version="3.5.0.v20090620043401" download-size="3427" install-size="3427" />
	<plugin fragment="true" id="org.eclipse.emf.transaction.tests.nl_es" unpack="false" version="3.5.0.v20090620043401" download-size="1377" install-size="1377" />
	<plugin fragment="true" id="org.eclipse.emf.transaction.ui.nl_es" unpack="false" version="3.5.0.v20090620043401" download-size="2679" install-size="2679" />
	<plugin fragment="true" id="org.eclipse.emf.validation.doc.nl_es" unpack="false" version="3.5.0.v20090620043401" download-size="1717" install-size="1717" />
	<plugin fragment="true" id="org.eclipse.emf.validation.examples.adapter.nl_es" unpack="false" version="3.5.0.v20090620043401" download-size="1383" install-size="1383" />
	<plugin fragment="true" id="org.eclipse.emf.validation.examples.general.nl_es" unpack="false" version="3.5.0.v20090620043401" download-size="3022" install-size="3022" />
	<plugin fragment="true" id="org.eclipse.emf.validation.examples.nl_es" unpack="false" version="3.5.0.v20090620043401" download-size="1447" install-size="1447" />
	<plugin fragment="true" id="org.eclipse.emf.validation.examples.ocl.nl_es" unpack="false" version="3.5.0.v20090620043401" download-size="1382" install-size="1382" />
	<plugin fragment="true" id="org.eclipse.emf.validation.nl_es" unpack="false" version="3.5.0.v20090620043401" download-size="4831" install-size="4831" />
	<plugin fragment="true" id="org.eclipse.emf.validation.ocl.nl_es" unpack="false" version="3.5.0.v20090620043401" download-size="1711" install-size="1711" />
	<plugin fragment="true" id="org.eclipse.emf.validation.tests.nl_es" unpack="false" version="3.5.0.v20090620043401" download-size="1377" install-size="1377" />
	<plugin fragment="true" id="org.eclipse.emf.validation.ui.ide.nl_es" unpack="false" version="3.5.0.v20090620043401" download-size="2870" install-size="2870" />
	<plugin fragment="true" id="org.eclipse.emf.validation.ui.nl_es" unpack="false" version="3.5.0.v20090620043401" download-size="3426" install-size="3426" />
	<plugin fragment="true" id="org.eclipse.emf.workspace.doc.nl_es" unpack="false" version="3.5.0.v20090620043401" download-size="1743" install-size="1743" />
	<plugin fragment="true" id="org.eclipse.emf.workspace.examples.library.editor.nl_es" unpack="false" version="3.5.0.v20090620043401" download-size="2011" install-size="2011" />
	<plugin fragment="true" id="org.eclipse.emf.workspace.examples.nl_es" unpack="false" version="3.5.0.v20090620043401" download-size="1381" install-size="1381" />
	<plugin fragment="true" id="org.eclipse.emf.workspace.nl_es" unpack="false" version="3.5.0.v20090620043401" download-size="3255" install-size="3255" />
	<plugin fragment="true" id="org.eclipse.emf.workspace.tests.nl_es" unpack="false" version="3.5.0.v20090620043401" download-size="1377" install-size="1377" />
	<plugin fragment="true" id="org.eclipse.emf.workspace.ui.nl_es" unpack="false" version="3.5.0.v20090620043401" download-size="1444" install-size="1444" />
	<plugin fragment="true" id="org.eclipse.net4j.buddies.chat.nl_es" unpack="false" version="3.5.0.v20090620043401" download-size="1372" install-size="1372" />
	<plugin fragment="true" id="org.eclipse.net4j.buddies.chat.ui.nl_es" unpack="false" version="3.5.0.v20090620043401" download-size="1373" install-size="1373" />
	<plugin fragment="true" id="org.eclipse.net4j.buddies.common.nl_es" unpack="false" version="3.5.0.v20090620043401" download-size="1372" install-size="1372" />
	<plugin fragment="true" id="org.eclipse.net4j.buddies.nl_es" unpack="false" version="3.5.0.v20090620043401" download-size="1368" install-size="1368" />
	<plugin fragment="true" id="org.eclipse.net4j.buddies.server.nl_es" unpack="false" version="3.5.0.v20090620043401" download-size="1373" install-size="1373" />
	<plugin fragment="true" id="org.eclipse.net4j.buddies.ui.nl_es" unpack="false" version="3.5.0.v20090620043401" download-size="2690" install-size="2690" />
	<plugin fragment="true" id="org.eclipse.net4j.db.derby.nl_es" unpack="false" version="3.5.0.v20090620043401" download-size="1369" install-size="1369" />
	<plugin fragment="true" id="org.eclipse.net4j.db.hsqldb.nl_es" unpack="false" version="3.5.0.v20090620043401" download-size="1370" install-size="1370" />
	<plugin fragment="true" id="org.eclipse.net4j.db.mysql.nl_es" unpack="false" version="3.5.0.v20090620043401" download-size="1370" install-size="1370" />
	<plugin fragment="true" id="org.eclipse.net4j.db.nl_es" unpack="false" version="3.5.0.v20090620043401" download-size="1365" install-size="1365" />
	<plugin fragment="true" id="org.eclipse.net4j.db.postgresql.nl_es" unpack="false" version="3.5.0.v20090620043401" download-size="1372" install-size="1372" />
	<plugin fragment="true" id="org.eclipse.net4j.debug.nl_es" unpack="false" version="3.5.0.v20090620043401" download-size="2461" install-size="2461" />
	<plugin fragment="true" id="org.eclipse.net4j.defs.nl_es" unpack="false" version="3.5.0.v20090620043401" download-size="1366" install-size="1366" />
	<plugin fragment="true" id="org.eclipse.net4j.doc.nl_es" unpack="false" version="3.5.0.v20090620043401" download-size="1366" install-size="1366" />
	<plugin fragment="true" id="org.eclipse.net4j.examples.nl_es" unpack="false" version="3.5.0.v20090620043401" download-size="1369" install-size="1369" />
	<plugin fragment="true" id="org.eclipse.net4j.http.common.nl_es" unpack="false" version="3.5.0.v20090620043401" download-size="1371" install-size="1371" />
	<plugin fragment="true" id="org.eclipse.net4j.http.nl_es" unpack="false" version="3.5.0.v20090620043401" download-size="1366" install-size="1366" />
	<plugin fragment="true" id="org.eclipse.net4j.http.server.nl_es" unpack="false" version="3.5.0.v20090620043401" download-size="1370" install-size="1370" />
	<plugin fragment="true" id="org.eclipse.net4j.http.tests.nl_es" unpack="false" version="3.5.0.v20090620043401" download-size="1370" install-size="1370" />
	<plugin fragment="true" id="org.eclipse.net4j.jms.admin.nl_es" unpack="false" version="3.5.0.v20090620043401" download-size="1370" install-size="1370" />
	<plugin fragment="true" id="org.eclipse.net4j.jms.api.nl_es" unpack="false" version="3.5.0.v20090620043401" download-size="1368" install-size="1368" />
	<plugin fragment="true" id="org.eclipse.net4j.jms.nl_es" unpack="false" version="3.5.0.v20090620043401" download-size="1366" install-size="1366" />
	<plugin fragment="true" id="org.eclipse.net4j.jms.server.jdbc.nl_es" unpack="false" version="3.5.0.v20090620043401" download-size="1373" install-size="1373" />
	<plugin fragment="true" id="org.eclipse.net4j.jms.server.nl_es" unpack="false" version="3.5.0.v20090620043401" download-size="1370" install-size="1370" />
	<plugin fragment="true" id="org.eclipse.net4j.jms.tests.nl_es" unpack="false" version="3.5.0.v20090620043401" download-size="1369" install-size="1369" />
	<plugin fragment="true" id="org.eclipse.net4j.jvm.nl_es" unpack="false" version="3.5.0.v20090620043401" download-size="1366" install-size="1366" />
	<plugin fragment="true" id="org.eclipse.net4j.nl_es" unpack="false" version="3.5.0.v20090620043401" download-size="1363" install-size="1363" />
	<plugin fragment="true" id="org.eclipse.net4j.tcp.nl_es" unpack="false" version="3.5.0.v20090620043401" download-size="1365" install-size="1365" />
	<plugin fragment="true" id="org.eclipse.net4j.tests.nl_es" unpack="false" version="3.5.0.v20090620043401" download-size="1366" install-size="1366" />
	<plugin fragment="true" id="org.eclipse.net4j.ui.capabilities.nl_es" unpack="false" version="3.5.0.v20090620043401" download-size="1373" install-size="1373" />
	<plugin fragment="true" id="org.eclipse.net4j.ui.defs.nl_es" unpack="false" version="3.5.0.v20090620043401" download-size="1368" install-size="1368" />
	<plugin fragment="true" id="org.eclipse.net4j.ui.nl_es" unpack="false" version="3.5.0.v20090620043401" download-size="2394" install-size="2394" />
	<plugin fragment="true" id="org.eclipse.net4j.util.defs.nl_es" unpack="false" version="3.5.0.v20090620043401" download-size="1370" install-size="1370" />
	<plugin fragment="true" id="org.eclipse.net4j.util.nl_es" unpack="false" version="3.5.0.v20090620043401" download-size="1366" install-size="1366" />
	<plugin fragment="true" id="org.eclipse.net4j.util.ui.nl_es" unpack="false" version="3.5.0.v20090620043401" download-size="7901" install-size="7901" />
	<plugin fragment="true" id="org.eclipse.xsd.cheatsheets.nl_es" unpack="false" version="3.5.0.v20090620043401" download-size="1370" install-size="1370" />
	<plugin fragment="true" id="org.eclipse.xsd.doc.nl_es" unpack="false" version="3.5.0.v20090620043401" download-size="1690" install-size="1690" />
	<plugin fragment="true" id="org.eclipse.xsd.ecore.converter.nl_es" unpack="false" version="3.5.0.v20090620043401" download-size="1372" install-size="1372" />
	<plugin fragment="true" id="org.eclipse.xsd.ecore.exporter.nl_es" unpack="false" version="3.5.0.v20090620043401" download-size="1554" install-size="1554" />
	<plugin fragment="true" id="org.eclipse.xsd.ecore.importer.nl_es" unpack="false" version="3.5.0.v20090620043401" download-size="1724" install-size="1724" />
	<plugin fragment="true" id="org.eclipse.xsd.edit.nl_es" unpack="false" version="3.5.0.v20090620043401" download-size="4864" install-size="4864" />
	<plugin fragment="true" id="org.eclipse.xsd.editor.nl_es" unpack="false" version="3.5.0.v20090620043401" download-size="2247" install-size="2247" />
	<plugin fragment="true" id="org.eclipse.xsd.example.installer.nl_es" unpack="false" version="3.5.0.v20090620043401" download-size="1372" install-size="1372" />
	<plugin fragment="true" id="org.eclipse.xsd.example.nl_es" unpack="false" version="3.5.0.v20090620043401" download-size="1367" install-size="1367" />
	<plugin fragment="true" id="org.eclipse.xsd.mapping.editor.nl_es" unpack="false" version="3.5.0.v20090620043401" download-size="1372" install-size="1372" />
	<plugin fragment="true" id="org.eclipse.xsd.mapping.nl_es" unpack="false" version="3.5.0.v20090620043401" download-size="1367" install-size="1367" />
	<plugin fragment="true" id="org.eclipse.xsd.nl_es" unpack="false" version="3.5.0.v20090620043401" download-size="1519" install-size="1519" />
</feature>