<?xml version="1.0" encoding="UTF-8" ?>
<feature
	id="org.eclipse.babel.nls_webtools.sourceediting_es"
	label="Babel Language Pack for webtools.sourceediting in Spanish (77.1%)"
	image="eclipse_update_120.jpg"
	provider-name="%providerName"
	version="3.5.0.v20090620043401">
	<copyright>
		%copyright
	</copyright>
	<license url="%licenseURL">
		%license
	</license>
	<description>Babel Language Pack for webtools.sourceediting in Spanish</description>
	<plugin fragment="true" id="org.eclipse.jst.jsp.core.nl_es" unpack="false" version="3.5.0.v20090620043401" download-size="3057" install-size="3057" />
	<plugin fragment="true" id="org.eclipse.jst.jsp.ui.infopop.nl_es" unpack="false" version="3.5.0.v20090620043401" download-size="1410" install-size="1410" />
	<plugin fragment="true" id="org.eclipse.jst.jsp.ui.nl_es" unpack="false" version="3.5.0.v20090620043401" download-size="6305" install-size="6305" />
	<plugin fragment="true" id="org.eclipse.jst.standard.schemas.nl_es" unpack="false" version="3.5.0.v20090620043401" download-size="1376" install-size="1376" />
	<plugin fragment="true" id="org.eclipse.wst.css.core.nl_es" unpack="false" version="3.5.0.v20090620043401" download-size="3389" install-size="3389" />
	<plugin fragment="true" id="org.eclipse.wst.css.ui.nl_es" unpack="false" version="3.5.0.v20090620043401" download-size="4887" install-size="4887" />
	<plugin fragment="true" id="org.eclipse.wst.doc.user.nl_es" unpack="false" version="3.5.0.v20090620043401" download-size="1416" install-size="1416" />
	<plugin fragment="true" id="org.eclipse.wst.dtd.core.nl_es" unpack="false" version="3.5.0.v20090620043401" download-size="4451" install-size="4451" />
	<plugin fragment="true" id="org.eclipse.wst.dtd.ui.infopop.nl_es" unpack="false" version="3.5.0.v20090620043401" download-size="1407" install-size="1407" />
	<plugin fragment="true" id="org.eclipse.wst.dtd.ui.nl_es" unpack="false" version="3.5.0.v20090620043401" download-size="4991" install-size="4991" />
	<plugin fragment="true" id="org.eclipse.wst.dtdeditor.doc.user.nl_es" unpack="false" version="3.5.0.v20090620043401" download-size="1374" install-size="1374" />
	<plugin fragment="true" id="org.eclipse.wst.html.core.nl_es" unpack="false" version="3.5.0.v20090620043401" download-size="5376" install-size="5376" />
	<plugin fragment="true" id="org.eclipse.wst.html.ui.infopop.nl_es" unpack="false" version="3.5.0.v20090620043401" download-size="1407" install-size="1407" />
	<plugin fragment="true" id="org.eclipse.wst.html.ui.nl_es" unpack="false" version="3.5.0.v20090620043401" download-size="6021" install-size="6021" />
	<plugin fragment="true" id="org.eclipse.wst.javascript.core.nl_es" unpack="false" version="3.5.0.v20090620043401" download-size="2678" install-size="2678" />
	<plugin fragment="true" id="org.eclipse.wst.javascript.ui.infopop.nl_es" unpack="false" version="3.5.0.v20090620043401" download-size="1407" install-size="1407" />
	<plugin fragment="true" id="org.eclipse.wst.javascript.ui.nl_es" unpack="false" version="3.5.0.v20090620043401" download-size="5559" install-size="5559" />
	<plugin fragment="true" id="org.eclipse.wst.jsdt.core.nl_es" unpack="false" version="3.5.0.v20090620043401" download-size="20220" install-size="20220" />
	<plugin fragment="true" id="org.eclipse.wst.jsdt.doc.nl_es" unpack="false" version="3.5.0.v20090620043401" download-size="1369" install-size="1369" />
	<plugin fragment="true" id="org.eclipse.wst.jsdt.manipulation.nl_es" unpack="false" version="3.5.0.v20090620043401" download-size="3794" install-size="3794" />
	<plugin fragment="true" id="org.eclipse.wst.jsdt.support.firefox.nl_es" unpack="false" version="3.5.0.v20090620043401" download-size="1376" install-size="1376" />
	<plugin fragment="true" id="org.eclipse.wst.jsdt.support.ie.nl_es" unpack="false" version="3.5.0.v20090620043401" download-size="1375" install-size="1375" />
	<plugin fragment="true" id="org.eclipse.wst.jsdt.ui.nl_es" unpack="false" version="3.5.0.v20090620043401" download-size="123159" install-size="123159" />
	<plugin fragment="true" id="org.eclipse.wst.jsdt.web.core.nl_es" unpack="false" version="3.5.0.v20090620043401" download-size="2642" install-size="2642" />
	<plugin fragment="true" id="org.eclipse.wst.jsdt.web.support.jsp.nl_es" unpack="false" version="3.5.0.v20090620043401" download-size="1378" install-size="1378" />
	<plugin fragment="true" id="org.eclipse.wst.jsdt.web.ui.nl_es" unpack="false" version="3.5.0.v20090620043401" download-size="4945" install-size="4945" />
	<plugin fragment="true" id="org.eclipse.wst.sse.core.nl_es" unpack="false" version="3.5.0.v20090620043401" download-size="4189" install-size="4189" />
	<plugin fragment="true" id="org.eclipse.wst.sse.doc.user.nl_es" unpack="false" version="3.5.0.v20090620043401" download-size="1374" install-size="1374" />
	<plugin fragment="true" id="org.eclipse.wst.sse.ui.infopop.nl_es" unpack="false" version="3.5.0.v20090620043401" download-size="1399" install-size="1399" />
	<plugin fragment="true" id="org.eclipse.wst.sse.ui.nl_es" unpack="false" version="3.5.0.v20090620043401" download-size="8235" install-size="8235" />
	<plugin fragment="true" id="org.eclipse.wst.standard.schemas.nl_es" unpack="false" version="3.5.0.v20090620043401" download-size="1376" install-size="1376" />
	<plugin fragment="true" id="org.eclipse.wst.web.nl_es" unpack="false" version="3.5.0.v20090620043401" download-size="2026" install-size="2026" />
	<plugin fragment="true" id="org.eclipse.wst.web.ui.nl_es" unpack="false" version="3.5.0.v20090620043401" download-size="1433" install-size="1433" />
	<plugin fragment="true" id="org.eclipse.wst.webtools.doc.user.nl_es" unpack="false" version="3.5.0.v20090620043401" download-size="1373" install-size="1373" />
	<plugin fragment="true" id="org.eclipse.wst.xml.core.nl_es" unpack="false" version="3.5.0.v20090620043401" download-size="3716" install-size="3716" />
	<plugin fragment="true" id="org.eclipse.wst.xml.ui.infopop.nl_es" unpack="false" version="3.5.0.v20090620043401" download-size="1398" install-size="1398" />
	<plugin fragment="true" id="org.eclipse.wst.xml.ui.nl_es" unpack="false" version="3.5.0.v20090620043401" download-size="13737" install-size="13737" />
	<plugin fragment="true" id="org.eclipse.wst.xml.xpath.core.nl_es" unpack="false" version="3.5.0.v20090620043401" download-size="1372" install-size="1372" />
	<plugin fragment="true" id="org.eclipse.wst.xml.xpath.ui.nl_es" unpack="false" version="3.5.0.v20090620043401" download-size="3091" install-size="3091" />
	<plugin fragment="true" id="org.eclipse.wst.xml.xpath2.processor.nl_es" unpack="false" version="3.5.0.v20090620043401" download-size="1375" install-size="1375" />
	<plugin fragment="true" id="org.eclipse.wst.xmleditor.doc.user.nl_es" unpack="false" version="3.5.0.v20090620043401" download-size="1375" install-size="1375" />
	<plugin fragment="true" id="org.eclipse.wst.xsd.core.nl_es" unpack="false" version="3.5.0.v20090620043401" download-size="1491" install-size="1491" />
	<plugin fragment="true" id="org.eclipse.wst.xsd.ui.nl_es" unpack="false" version="3.5.0.v20090620043401" download-size="18734" install-size="18734" />
	<plugin fragment="true" id="org.eclipse.wst.xsdeditor.doc.user.nl_es" unpack="false" version="3.5.0.v20090620043401" download-size="1405" install-size="1405" />
	<plugin fragment="true" id="org.eclipse.wst.xsl.core.nl_es" unpack="false" version="3.5.0.v20090620043401" download-size="1385" install-size="1385" />
	<plugin fragment="true" id="org.eclipse.wst.xsl.debug.ui.nl_es" unpack="false" version="3.5.0.v20090620043401" download-size="4127" install-size="4127" />
	<plugin fragment="true" id="org.eclipse.wst.xsl.doc.nl_es" unpack="false" version="3.5.0.v20090620043401" download-size="1367" install-size="1367" />
	<plugin fragment="true" id="org.eclipse.wst.xsl.jaxp.debug.nl_es" unpack="false" version="3.5.0.v20090620043401" download-size="3036" install-size="3036" />
	<plugin fragment="true" id="org.eclipse.wst.xsl.jaxp.debug.ui.nl_es" unpack="false" version="3.5.0.v20090620043401" download-size="4098" install-size="4098" />
	<plugin fragment="true" id="org.eclipse.wst.xsl.jaxp.launching.nl_es" unpack="false" version="3.5.0.v20090620043401" download-size="3186" install-size="3186" />
	<plugin fragment="true" id="org.eclipse.wst.xsl.launching.nl_es" unpack="false" version="3.5.0.v20090620043401" download-size="1403" install-size="1403" />
	<plugin fragment="true" id="org.eclipse.wst.xsl.launching.tests.nl_es" unpack="false" version="3.5.0.v20090620043401" download-size="1379" install-size="1379" />
	<plugin fragment="true" id="org.eclipse.wst.xsl.nl_es" unpack="false" version="3.5.0.v20090620043401" download-size="1369" install-size="1369" />
	<plugin fragment="true" id="org.eclipse.wst.xsl.saxon.nl_es" unpack="false" version="3.5.0.v20090620043401" download-size="1758" install-size="1758" />
	<plugin fragment="true" id="org.eclipse.wst.xsl.sdk.documentation.nl_es" unpack="false" version="3.5.0.v20090620043401" download-size="1376" install-size="1376" />
	<plugin fragment="true" id="org.eclipse.wst.xsl.tests.nl_es" unpack="false" version="3.5.0.v20090620043401" download-size="1372" install-size="1372" />
	<plugin fragment="true" id="org.eclipse.wst.xsl.ui.nl_es" unpack="false" version="3.5.0.v20090620043401" download-size="2656" install-size="2656" />
	<plugin fragment="true" id="org.eclipse.wst.xsl.xalan.nl_es" unpack="false" version="3.5.0.v20090620043401" download-size="1683" install-size="1683" />
</feature>