<?xml version="1.0" encoding="UTF-8" ?>
<feature
	id="org.eclipse.babel.nls_tptp.platform_zh_TW"
	label="Babel Language Pack for tptp.platform in Chinese (Traditional) (18.01%)"
	image="eclipse_update_120.jpg"
	provider-name="%providerName"
	version="3.5.0.v20090620043401">
	<copyright>
		%copyright
	</copyright>
	<license url="%licenseURL">
		%license
	</license>
	<description>Babel Language Pack for tptp.platform in Chinese (Traditional)</description>
	<plugin fragment="true" id="org.eclipse.hyades.analysis.engine.nl_zh_TW" unpack="false" version="3.5.0.v20090620043401" download-size="1393" install-size="1393" />
	<plugin fragment="true" id="org.eclipse.hyades.logging.adapter.nl_zh_TW" unpack="false" version="3.5.0.v20090620043401" download-size="3118" install-size="3118" />
	<plugin fragment="true" id="org.eclipse.hyades.logging.adapter.ui.nl_zh_TW" unpack="false" version="3.5.0.v20090620043401" download-size="4731" install-size="4731" />
	<plugin fragment="true" id="org.eclipse.hyades.logging.parsers.nl_zh_TW" unpack="false" version="3.5.0.v20090620043401" download-size="2499" install-size="2499" />
	<plugin fragment="true" id="org.eclipse.hyades.probekit.ui.nl_zh_TW" unpack="false" version="3.5.0.v20090620043401" download-size="4093" install-size="4093" />
	<plugin fragment="true" id="org.eclipse.hyades.resources.database.nl_zh_TW" unpack="false" version="3.5.0.v20090620043401" download-size="1396" install-size="1396" />
	<plugin fragment="true" id="org.eclipse.hyades.sdb.nl_zh_TW" unpack="false" version="3.5.0.v20090620043401" download-size="7908" install-size="7908" />
	<plugin fragment="true" id="org.eclipse.hyades.statistical.ui.nl_zh_TW" unpack="false" version="3.5.0.v20090620043401" download-size="1400" install-size="1400" />
	<plugin fragment="true" id="org.eclipse.hyades.test.core.nl_zh_TW" unpack="false" version="3.5.0.v20090620043401" download-size="3328" install-size="3328" />
	<plugin fragment="true" id="org.eclipse.hyades.test.tools.ui.nl_zh_TW" unpack="false" version="3.5.0.v20090620043401" download-size="3659" install-size="3659" />
	<plugin fragment="true" id="org.eclipse.hyades.test.ui.extensions.nl_zh_TW" unpack="false" version="3.5.0.v20090620043401" download-size="2699" install-size="2699" />
	<plugin fragment="true" id="org.eclipse.hyades.test.ui.nl_zh_TW" unpack="false" version="3.5.0.v20090620043401" download-size="9753" install-size="9753" />
	<plugin fragment="true" id="org.eclipse.hyades.trace.ui.nl_zh_TW" unpack="false" version="3.5.0.v20090620043401" download-size="6139" install-size="6139" />
	<plugin fragment="true" id="org.eclipse.hyades.trace.views.nl_zh_TW" unpack="false" version="3.5.0.v20090620043401" download-size="2741" install-size="2741" />
	<plugin fragment="true" id="org.eclipse.hyades.ui.nl_zh_TW" unpack="false" version="3.5.0.v20090620043401" download-size="1418" install-size="1418" />
	<plugin fragment="true" id="org.eclipse.tptp.lta.gla.ui.epi.nl_zh_TW" unpack="false" version="3.5.0.v20090620043401" download-size="1391" install-size="1391" />
	<plugin fragment="true" id="org.eclipse.tptp.lta.log.epi.nl_zh_TW" unpack="false" version="3.5.0.v20090620043401" download-size="1505" install-size="1505" />
	<plugin fragment="true" id="org.eclipse.tptp.lta.runtime.nl_zh_TW" unpack="false" version="3.5.0.v20090620043401" download-size="1391" install-size="1391" />
	<plugin fragment="true" id="org.eclipse.tptp.lta.sdb.epi.nl_zh_TW" unpack="false" version="3.5.0.v20090620043401" download-size="1393" install-size="1393" />
	<plugin fragment="true" id="org.eclipse.tptp.lta.symptom.epi.nl_zh_TW" unpack="false" version="3.5.0.v20090620043401" download-size="1396" install-size="1396" />
	<plugin fragment="true" id="org.eclipse.tptp.monitoring.la.core.nl_zh_TW" unpack="false" version="3.5.0.v20090620043401" download-size="1398" install-size="1398" />
	<plugin fragment="true" id="org.eclipse.tptp.monitoring.logui.nl_zh_TW" unpack="false" version="3.5.0.v20090620043401" download-size="2885" install-size="2885" />
	<plugin fragment="true" id="org.eclipse.tptp.monitoring.lta.doc.isv.nl_zh_TW" unpack="false" version="3.5.0.v20090620043401" download-size="1402" install-size="1402" />
	<plugin fragment="true" id="org.eclipse.tptp.monitoring.lta.doc.user.nl_zh_TW" unpack="false" version="3.5.0.v20090620043401" download-size="1402" install-size="1402" />
	<plugin fragment="true" id="org.eclipse.tptp.monitoring.lta.examples.isv.nl_zh_TW" unpack="false" version="3.5.0.v20090620043401" download-size="3009" install-size="3009" />
	<plugin fragment="true" id="org.eclipse.tptp.monitoring.lta.examples.nl_zh_TW" unpack="false" version="3.5.0.v20090620043401" download-size="2747" install-size="2747" />
	<plugin fragment="true" id="org.eclipse.tptp.monitoring.managedagent.jmx.nl_zh_TW" unpack="false" version="3.5.0.v20090620043401" download-size="2717" install-size="2717" />
	<plugin fragment="true" id="org.eclipse.tptp.monitoring.managedagent.ui.nl_zh_TW" unpack="false" version="3.5.0.v20090620043401" download-size="5073" install-size="5073" />
	<plugin fragment="true" id="org.eclipse.tptp.monitoring.profile.server.nl_zh_TW" unpack="false" version="3.5.0.v20090620043401" download-size="1405" install-size="1405" />
	<plugin fragment="true" id="org.eclipse.tptp.monitoring.report.birt.nl_zh_TW" unpack="false" version="3.5.0.v20090620043401" download-size="2650" install-size="2650" />
	<plugin fragment="true" id="org.eclipse.tptp.monitoring.symptom.doc.user.nl_zh_TW" unpack="false" version="3.5.0.v20090620043401" download-size="1404" install-size="1404" />
	<plugin fragment="true" id="org.eclipse.tptp.monitoring.symptom.editor.nl_zh_TW" unpack="false" version="3.5.0.v20090620043401" download-size="1403" install-size="1403" />
	<plugin fragment="true" id="org.eclipse.tptp.platform.agentcontroller.nl_zh_TW" unpack="false" version="3.5.0.v20090620043401" download-size="2647" install-size="2647" />
	<plugin fragment="true" id="org.eclipse.tptp.platform.analysis.codereview.cpp.nl_zh_TW" unpack="false" version="3.5.0.v20090620043401" download-size="1408" install-size="1408" />
	<plugin fragment="true" id="org.eclipse.tptp.platform.analysis.codereview.cpp.rules.nl_zh_TW" unpack="false" version="3.5.0.v20090620043401" download-size="1540" install-size="1540" />
	<plugin fragment="true" id="org.eclipse.tptp.platform.analysis.codereview.java.nl_zh_TW" unpack="false" version="3.5.0.v20090620043401" download-size="1456" install-size="1456" />
	<plugin fragment="true" id="org.eclipse.tptp.platform.analysis.codereview.java.rules.nl_zh_TW" unpack="false" version="3.5.0.v20090620043401" download-size="1648" install-size="1648" />
	<plugin fragment="true" id="org.eclipse.tptp.platform.analysis.core.nl_zh_TW" unpack="false" version="3.5.0.v20090620043401" download-size="2588" install-size="2588" />
	<plugin fragment="true" id="org.eclipse.tptp.platform.analysis.core.ui.nl_zh_TW" unpack="false" version="3.5.0.v20090620043401" download-size="3036" install-size="3036" />
	<plugin fragment="true" id="org.eclipse.tptp.platform.common.nl_zh_TW" unpack="false" version="3.5.0.v20090620043401" download-size="2408" install-size="2408" />
	<plugin fragment="true" id="org.eclipse.tptp.platform.common.ui.nl_zh_TW" unpack="false" version="3.5.0.v20090620043401" download-size="4992" install-size="4992" />
	<plugin fragment="true" id="org.eclipse.tptp.platform.common.ui.trace.nl_zh_TW" unpack="false" version="3.5.0.v20090620043401" download-size="3145" install-size="3145" />
	<plugin fragment="true" id="org.eclipse.tptp.platform.examples.isv.nl_zh_TW" unpack="false" version="3.5.0.v20090620043401" download-size="2654" install-size="2654" />
	<plugin fragment="true" id="org.eclipse.tptp.platform.examples.nl_zh_TW" unpack="false" version="3.5.0.v20090620043401" download-size="1426" install-size="1426" />
	<plugin fragment="true" id="org.eclipse.tptp.platform.iac.administrator.nl_zh_TW" unpack="false" version="3.5.0.v20090620043401" download-size="3370" install-size="3370" />
	<plugin fragment="true" id="org.eclipse.tptp.platform.instrumentation.ui.nl_zh_TW" unpack="false" version="3.5.0.v20090620043401" download-size="3301" install-size="3301" />
	<plugin fragment="true" id="org.eclipse.tptp.platform.integration.pde.nl_zh_TW" unpack="false" version="3.5.0.v20090620043401" download-size="2832" install-size="2832" />
	<plugin fragment="true" id="org.eclipse.tptp.platform.la.core.nl_zh_TW" unpack="false" version="3.5.0.v20090620043401" download-size="2667" install-size="2667" />
	<plugin fragment="true" id="org.eclipse.tptp.platform.llc.core.nl_zh_TW" unpack="false" version="3.5.0.v20090620043401" download-size="1397" install-size="1397" />
	<plugin fragment="true" id="org.eclipse.tptp.platform.llc.doc.user.nl_zh_TW" unpack="false" version="3.5.0.v20090620043401" download-size="1401" install-size="1401" />
	<plugin fragment="true" id="org.eclipse.tptp.platform.llc.launch.nl_zh_TW" unpack="false" version="3.5.0.v20090620043401" download-size="2901" install-size="2901" />
	<plugin fragment="true" id="org.eclipse.tptp.platform.llc.ui.nl_zh_TW" unpack="false" version="3.5.0.v20090620043401" download-size="1393" install-size="1393" />
	<plugin fragment="true" id="org.eclipse.tptp.platform.log.doc.user.nl_zh_TW" unpack="false" version="3.5.0.v20090620043401" download-size="1399" install-size="1399" />
	<plugin fragment="true" id="org.eclipse.tptp.platform.log.views.nl_zh_TW" unpack="false" version="3.5.0.v20090620043401" download-size="4035" install-size="4035" />
	<plugin fragment="true" id="org.eclipse.tptp.platform.lta.common.nl_zh_TW" unpack="false" version="3.5.0.v20090620043401" download-size="2458" install-size="2458" />
	<plugin fragment="true" id="org.eclipse.tptp.platform.models.lta.nl_zh_TW" unpack="false" version="3.5.0.v20090620043401" download-size="1397" install-size="1397" />
	<plugin fragment="true" id="org.eclipse.tptp.platform.models.nl_zh_TW" unpack="false" version="3.5.0.v20090620043401" download-size="3216" install-size="3216" />
	<plugin fragment="true" id="org.eclipse.tptp.platform.probekit.launch.nl_zh_TW" unpack="false" version="3.5.0.v20090620043401" download-size="3763" install-size="3763" />
	<plugin fragment="true" id="org.eclipse.tptp.platform.report.birt.nl_zh_TW" unpack="false" version="3.5.0.v20090620043401" download-size="1414" install-size="1414" />
	<plugin fragment="true" id="org.eclipse.tptp.platform.report.birt.ui.nl_zh_TW" unpack="false" version="3.5.0.v20090620043401" download-size="2555" install-size="2555" />
	<plugin fragment="true" id="org.eclipse.tptp.platform.report.core.nl_zh_TW" unpack="false" version="3.5.0.v20090620043401" download-size="1490" install-size="1490" />
	<plugin fragment="true" id="org.eclipse.tptp.platform.report.ui.nl_zh_TW" unpack="false" version="3.5.0.v20090620043401" download-size="1504" install-size="1504" />
	<plugin fragment="true" id="org.eclipse.tptp.test.auto.gui.nl_zh_TW" unpack="false" version="3.5.0.v20090620043401" download-size="2972" install-size="2972" />
	<plugin fragment="true" id="org.eclipse.tptp.test.auto.nl_zh_TW" unpack="false" version="3.5.0.v20090620043401" download-size="1389" install-size="1389" />
	<plugin fragment="true" id="org.eclipse.tptp.test.recorders.url.nl_zh_TW" unpack="false" version="3.5.0.v20090620043401" download-size="4818" install-size="4818" />
	<plugin fragment="true" id="org.eclipse.tptp.test.report.birt.nl_zh_TW" unpack="false" version="3.5.0.v20090620043401" download-size="3444" install-size="3444" />
	<plugin fragment="true" id="org.eclipse.tptp.test.samples.nl_zh_TW" unpack="false" version="3.5.0.v20090620043401" download-size="2895" install-size="2895" />
	<plugin fragment="true" id="org.eclipse.tptp.test.tools.junit.plugin.nl_zh_TW" unpack="false" version="3.5.0.v20090620043401" download-size="3269" install-size="3269" />
	<plugin fragment="true" id="org.eclipse.tptp.test.tools.manual.doc.user.nl_zh_TW" unpack="false" version="3.5.0.v20090620043401" download-size="1402" install-size="1402" />
	<plugin fragment="true" id="org.eclipse.tptp.test.tools.manual.nl_zh_TW" unpack="false" version="3.5.0.v20090620043401" download-size="4212" install-size="4212" />
	<plugin fragment="true" id="org.eclipse.tptp.trace.arm.nl_zh_TW" unpack="false" version="3.5.0.v20090620043401" download-size="1418" install-size="1418" />
	<plugin fragment="true" id="org.eclipse.tptp.trace.arm.ui.nl_zh_TW" unpack="false" version="3.5.0.v20090620043401" download-size="2538" install-size="2538" />
	<plugin fragment="true" id="org.eclipse.tptp.trace.jvmti.client.nl_zh_TW" unpack="false" version="3.5.0.v20090620043401" download-size="2843" install-size="2843" />
	<plugin fragment="true" id="org.eclipse.tptp.trace.memory.nl_zh_TW" unpack="false" version="3.5.0.v20090620043401" download-size="1398" install-size="1398" />
	<plugin fragment="true" id="org.eclipse.tptp.trace.report.birt.nl_zh_TW" unpack="false" version="3.5.0.v20090620043401" download-size="2530" install-size="2530" />
</feature>