<?xml version="1.0" encoding="UTF-8" ?>
<feature
	id="org.eclipse.babel.nls_tptp.platform_hi"
	label="Babel Language Pack for tptp.platform in Hindi (1.21%)"
	image="eclipse_update_120.jpg"
	provider-name="%providerName"
	version="3.5.0.v20090620043401">
	<copyright>
		%copyright
	</copyright>
	<license url="%licenseURL">
		%license
	</license>
	<description>Babel Language Pack for tptp.platform in Hindi</description>
	<plugin fragment="true" id="org.eclipse.hyades.analysis.engine.nl_hi" unpack="false" version="3.5.0.v20090620043401" download-size="1372" install-size="1372" />
	<plugin fragment="true" id="org.eclipse.hyades.logging.adapter.nl_hi" unpack="false" version="3.5.0.v20090620043401" download-size="2622" install-size="2622" />
	<plugin fragment="true" id="org.eclipse.hyades.logging.adapter.ui.nl_hi" unpack="false" version="3.5.0.v20090620043401" download-size="1392" install-size="1392" />
	<plugin fragment="true" id="org.eclipse.hyades.logging.parsers.nl_hi" unpack="false" version="3.5.0.v20090620043401" download-size="1373" install-size="1373" />
	<plugin fragment="true" id="org.eclipse.hyades.probekit.ui.nl_hi" unpack="false" version="3.5.0.v20090620043401" download-size="2637" install-size="2637" />
	<plugin fragment="true" id="org.eclipse.hyades.resources.database.nl_hi" unpack="false" version="3.5.0.v20090620043401" download-size="1376" install-size="1376" />
	<plugin fragment="true" id="org.eclipse.hyades.sdb.nl_hi" unpack="false" version="3.5.0.v20090620043401" download-size="3288" install-size="3288" />
	<plugin fragment="true" id="org.eclipse.hyades.statistical.ui.nl_hi" unpack="false" version="3.5.0.v20090620043401" download-size="1376" install-size="1376" />
	<plugin fragment="true" id="org.eclipse.hyades.test.tools.ui.nl_hi" unpack="false" version="3.5.0.v20090620043401" download-size="2532" install-size="2532" />
	<plugin fragment="true" id="org.eclipse.hyades.test.ui.nl_hi" unpack="false" version="3.5.0.v20090620043401" download-size="2984" install-size="2984" />
	<plugin fragment="true" id="org.eclipse.hyades.trace.ui.nl_hi" unpack="false" version="3.5.0.v20090620043401" download-size="2428" install-size="2428" />
	<plugin fragment="true" id="org.eclipse.hyades.trace.views.nl_hi" unpack="false" version="3.5.0.v20090620043401" download-size="2166" install-size="2166" />
	<plugin fragment="true" id="org.eclipse.tptp.lta.gla.ui.epi.nl_hi" unpack="false" version="3.5.0.v20090620043401" download-size="1370" install-size="1370" />
	<plugin fragment="true" id="org.eclipse.tptp.lta.log.epi.nl_hi" unpack="false" version="3.5.0.v20090620043401" download-size="1411" install-size="1411" />
	<plugin fragment="true" id="org.eclipse.tptp.lta.runtime.nl_hi" unpack="false" version="3.5.0.v20090620043401" download-size="1370" install-size="1370" />
	<plugin fragment="true" id="org.eclipse.tptp.lta.sdb.epi.nl_hi" unpack="false" version="3.5.0.v20090620043401" download-size="1372" install-size="1372" />
	<plugin fragment="true" id="org.eclipse.tptp.lta.symptom.epi.nl_hi" unpack="false" version="3.5.0.v20090620043401" download-size="1374" install-size="1374" />
	<plugin fragment="true" id="org.eclipse.tptp.monitoring.la.core.nl_hi" unpack="false" version="3.5.0.v20090620043401" download-size="1373" install-size="1373" />
	<plugin fragment="true" id="org.eclipse.tptp.monitoring.logui.nl_hi" unpack="false" version="3.5.0.v20090620043401" download-size="2436" install-size="2436" />
	<plugin fragment="true" id="org.eclipse.tptp.monitoring.lta.doc.isv.nl_hi" unpack="false" version="3.5.0.v20090620043401" download-size="1376" install-size="1376" />
	<plugin fragment="true" id="org.eclipse.tptp.monitoring.lta.doc.user.nl_hi" unpack="false" version="3.5.0.v20090620043401" download-size="1376" install-size="1376" />
	<plugin fragment="true" id="org.eclipse.tptp.monitoring.lta.examples.isv.nl_hi" unpack="false" version="3.5.0.v20090620043401" download-size="1386" install-size="1386" />
	<plugin fragment="true" id="org.eclipse.tptp.monitoring.lta.examples.nl_hi" unpack="false" version="3.5.0.v20090620043401" download-size="2654" install-size="2654" />
	<plugin fragment="true" id="org.eclipse.tptp.monitoring.profile.server.nl_hi" unpack="false" version="3.5.0.v20090620043401" download-size="1379" install-size="1379" />
	<plugin fragment="true" id="org.eclipse.tptp.monitoring.symptom.doc.user.nl_hi" unpack="false" version="3.5.0.v20090620043401" download-size="1379" install-size="1379" />
	<plugin fragment="true" id="org.eclipse.tptp.monitoring.symptom.editor.nl_hi" unpack="false" version="3.5.0.v20090620043401" download-size="1377" install-size="1377" />
	<plugin fragment="true" id="org.eclipse.tptp.platform.analysis.codereview.cpp.nl_hi" unpack="false" version="3.5.0.v20090620043401" download-size="1383" install-size="1383" />
	<plugin fragment="true" id="org.eclipse.tptp.platform.analysis.codereview.cpp.rules.nl_hi" unpack="false" version="3.5.0.v20090620043401" download-size="1390" install-size="1390" />
	<plugin fragment="true" id="org.eclipse.tptp.platform.analysis.core.ui.nl_hi" unpack="false" version="3.5.0.v20090620043401" download-size="2392" install-size="2392" />
	<plugin fragment="true" id="org.eclipse.tptp.platform.common.ui.nl_hi" unpack="false" version="3.5.0.v20090620043401" download-size="3821" install-size="3821" />
	<plugin fragment="true" id="org.eclipse.tptp.platform.common.ui.trace.nl_hi" unpack="false" version="3.5.0.v20090620043401" download-size="2194" install-size="2194" />
	<plugin fragment="true" id="org.eclipse.tptp.platform.instrumentation.ui.nl_hi" unpack="false" version="3.5.0.v20090620043401" download-size="2651" install-size="2651" />
	<plugin fragment="true" id="org.eclipse.tptp.platform.la.core.nl_hi" unpack="false" version="3.5.0.v20090620043401" download-size="1371" install-size="1371" />
	<plugin fragment="true" id="org.eclipse.tptp.platform.llc.core.nl_hi" unpack="false" version="3.5.0.v20090620043401" download-size="1372" install-size="1372" />
	<plugin fragment="true" id="org.eclipse.tptp.platform.llc.doc.user.nl_hi" unpack="false" version="3.5.0.v20090620043401" download-size="1376" install-size="1376" />
	<plugin fragment="true" id="org.eclipse.tptp.platform.llc.launch.nl_hi" unpack="false" version="3.5.0.v20090620043401" download-size="1374" install-size="1374" />
	<plugin fragment="true" id="org.eclipse.tptp.platform.llc.ui.nl_hi" unpack="false" version="3.5.0.v20090620043401" download-size="1372" install-size="1372" />
	<plugin fragment="true" id="org.eclipse.tptp.platform.log.doc.user.nl_hi" unpack="false" version="3.5.0.v20090620043401" download-size="1375" install-size="1375" />
	<plugin fragment="true" id="org.eclipse.tptp.platform.log.views.nl_hi" unpack="false" version="3.5.0.v20090620043401" download-size="2651" install-size="2651" />
	<plugin fragment="true" id="org.eclipse.tptp.platform.lta.common.nl_hi" unpack="false" version="3.5.0.v20090620043401" download-size="2418" install-size="2418" />
	<plugin fragment="true" id="org.eclipse.tptp.platform.models.lta.nl_hi" unpack="false" version="3.5.0.v20090620043401" download-size="1373" install-size="1373" />
	<plugin fragment="true" id="org.eclipse.tptp.platform.probekit.launch.nl_hi" unpack="false" version="3.5.0.v20090620043401" download-size="2644" install-size="2644" />
	<plugin fragment="true" id="org.eclipse.tptp.test.auto.gui.nl_hi" unpack="false" version="3.5.0.v20090620043401" download-size="1370" install-size="1370" />
	<plugin fragment="true" id="org.eclipse.tptp.test.auto.nl_hi" unpack="false" version="3.5.0.v20090620043401" download-size="1367" install-size="1367" />
	<plugin fragment="true" id="org.eclipse.tptp.test.tools.manual.doc.user.nl_hi" unpack="false" version="3.5.0.v20090620043401" download-size="1377" install-size="1377" />
	<plugin fragment="true" id="org.eclipse.tptp.test.tools.manual.nl_hi" unpack="false" version="3.5.0.v20090620043401" download-size="1371" install-size="1371" />
	<plugin fragment="true" id="org.eclipse.tptp.trace.memory.nl_hi" unpack="false" version="3.5.0.v20090620043401" download-size="1373" install-size="1373" />
</feature>