<?xml version="1.0" encoding="UTF-8" ?>
<feature
	id="org.eclipse.babel.nls_stp.sca_en_AA"
	label="Babel Language Pack for stp.sca in Pseudo Translations (100%)"
	image="eclipse_update_120.jpg"
	provider-name="%providerName"
	version="3.5.0.v20090620043401">
	<copyright>
		%copyright
	</copyright>
	<license url="%licenseURL">
		%license
	</license>
	<description>Babel Language Pack for stp.sca in Pseudo Translations</description>
	<plugin fragment="true" id="org.eclipse.stp.sca.common.jdt.nl_en_AA" unpack="false" version="3.5.0.v20090620043401" download-size="3662" install-size="3662" />
	<plugin fragment="true" id="org.eclipse.stp.sca.common.nl_en_AA" unpack="false" version="3.5.0.v20090620043401" download-size="2661" install-size="2661" />
	<plugin fragment="true" id="org.eclipse.stp.sca.diagram.extension.generator.ui.nl_en_AA" unpack="false" version="3.5.0.v20090620043401" download-size="3743" install-size="3743" />
	<plugin fragment="true" id="org.eclipse.stp.sca.diagram.extension.nl_en_AA" unpack="false" version="3.5.0.v20090620043401" download-size="3201" install-size="3201" />
	<plugin fragment="true" id="org.eclipse.stp.sca.diagram.frascati.nl_en_AA" unpack="false" version="3.5.0.v20090620043401" download-size="1439" install-size="1439" />
	<plugin fragment="true" id="org.eclipse.stp.sca.diagram.jdt.nl_en_AA" unpack="false" version="3.5.0.v20090620043401" download-size="2553" install-size="2553" />
	<plugin fragment="true" id="org.eclipse.stp.sca.diagram.nl_en_AA" unpack="false" version="3.5.0.v20090620043401" download-size="11594" install-size="11594" />
	<plugin fragment="true" id="org.eclipse.stp.sca.diagram.tuscany.nl_en_AA" unpack="false" version="3.5.0.v20090620043401" download-size="1374" install-size="1374" />
	<plugin fragment="true" id="org.eclipse.stp.sca.domainmodel.frascati.edit.nl_en_AA" unpack="false" version="3.5.0.v20090620043401" download-size="3087" install-size="3087" />
	<plugin fragment="true" id="org.eclipse.stp.sca.domainmodel.frascati.editor.nl_en_AA" unpack="false" version="3.5.0.v20090620043401" download-size="2146" install-size="2146" />
	<plugin fragment="true" id="org.eclipse.stp.sca.domainmodel.frascati.nl_en_AA" unpack="false" version="3.5.0.v20090620043401" download-size="2687" install-size="2687" />
	<plugin fragment="true" id="org.eclipse.stp.sca.domainmodel.tuscany.edit.nl_en_AA" unpack="false" version="3.5.0.v20090620043401" download-size="3632" install-size="3632" />
	<plugin fragment="true" id="org.eclipse.stp.sca.domainmodel.tuscany.editor.nl_en_AA" unpack="false" version="3.5.0.v20090620043401" download-size="2139" install-size="2139" />
	<plugin fragment="true" id="org.eclipse.stp.sca.domainmodel.tuscany.nl_en_AA" unpack="false" version="3.5.0.v20090620043401" download-size="2741" install-size="2741" />
	<plugin fragment="true" id="org.eclipse.stp.sca.edit.nl_en_AA" unpack="false" version="3.5.0.v20090620043401" download-size="8412" install-size="8412" />
	<plugin fragment="true" id="org.eclipse.stp.sca.editor.nl_en_AA" unpack="false" version="3.5.0.v20090620043401" download-size="3257" install-size="3257" />
	<plugin fragment="true" id="org.eclipse.stp.sca.formeditor.nl_en_AA" unpack="false" version="3.5.0.v20090620043401" download-size="5134" install-size="5134" />
	<plugin fragment="true" id="org.eclipse.stp.sca.implementation.java.nl_en_AA" unpack="false" version="3.5.0.v20090620043401" download-size="1424" install-size="1424" />
	<plugin fragment="true" id="org.eclipse.stp.sca.implementation.sca.nl_en_AA" unpack="false" version="3.5.0.v20090620043401" download-size="1420" install-size="1420" />
	<plugin fragment="true" id="org.eclipse.stp.sca.interfacee.java.nl_en_AA" unpack="false" version="3.5.0.v20090620043401" download-size="1418" install-size="1418" />
	<plugin fragment="true" id="org.eclipse.stp.sca.nl_en_AA" unpack="false" version="3.5.0.v20090620043401" download-size="5262" install-size="5262" />
	<plugin fragment="true" id="org.eclipse.stp.sca.ontology.view.jena2.nl_en_AA" unpack="false" version="3.5.0.v20090620043401" download-size="2685" install-size="2685" />
	<plugin fragment="true" id="org.eclipse.stp.sca.ontology.view.nl_en_AA" unpack="false" version="3.5.0.v20090620043401" download-size="3137" install-size="3137" />
	<plugin fragment="true" id="org.eclipse.stp.sca.semantic.sawsdl.edit.nl_en_AA" unpack="false" version="3.5.0.v20090620043401" download-size="1812" install-size="1812" />
	<plugin fragment="true" id="org.eclipse.stp.sca.semantic.sawsdl.nl_en_AA" unpack="false" version="3.5.0.v20090620043401" download-size="1719" install-size="1719" />
	<plugin fragment="true" id="org.eclipse.stp.sca.semantic.sawsdl.properties.nl_en_AA" unpack="false" version="3.5.0.v20090620043401" download-size="1432" install-size="1432" />
	<plugin fragment="true" id="org.eclipse.stp.sca.validation.frascati.nl_en_AA" unpack="false" version="3.5.0.v20090620043401" download-size="2476" install-size="2476" />
	<plugin fragment="true" id="org.eclipse.stp.sca.validation.nl_en_AA" unpack="false" version="3.5.0.v20090620043401" download-size="1371" install-size="1371" />
	<plugin fragment="true" id="org.eclipse.stp.sca.xmleditor.nl_en_AA" unpack="false" version="3.5.0.v20090620043401" download-size="3531" install-size="3531" />
</feature>