<?xml version="1.0" encoding="UTF-8" ?>
<feature
	id="org.eclipse.babel.nls_technology.actf_ro"
	label="Babel Language Pack for technology.actf in Romanian (1.52%)"
	image="eclipse_update_120.jpg"
	provider-name="%providerName"
	version="3.5.0.v20090620043401">
	<copyright>
		%copyright
	</copyright>
	<license url="%licenseURL">
		%license
	</license>
	<description>Babel Language Pack for technology.actf in Romanian</description>
	<plugin fragment="true" id="org.eclipse.actf.core.nl_ro" unpack="false" version="3.5.0.v20090620043401" download-size="1366" install-size="1366" />
	<plugin fragment="true" id="org.eclipse.actf.model.flash.proxy.nl_ro" unpack="false" version="3.5.0.v20090620043401" download-size="1387" install-size="1387" />
	<plugin fragment="true" id="org.eclipse.actf.model.ui.nl_ro" unpack="false" version="3.5.0.v20090620043401" download-size="1416" install-size="1416" />
	<plugin fragment="true" id="org.eclipse.actf.ui.nl_ro" unpack="false" version="3.5.0.v20090620043401" download-size="1651" install-size="1651" />
	<plugin fragment="true" id="org.eclipse.actf.visualization.doc.isv.nl_ro" unpack="false" version="3.5.0.v20090620043401" download-size="1378" install-size="1378" />
	<plugin fragment="true" id="org.eclipse.actf.visualization.engines.blind.html.nl_ro" unpack="false" version="3.5.0.v20090620043401" download-size="1394" install-size="1394" />
	<plugin fragment="true" id="org.eclipse.actf.visualization.eval.nl_ro" unpack="false" version="3.5.0.v20090620043401" download-size="1717" install-size="1717" />
	<plugin fragment="true" id="org.eclipse.actf.visualization.gui.nl_ro" unpack="false" version="3.5.0.v20090620043401" download-size="1412" install-size="1412" />
	<plugin fragment="true" id="org.eclipse.actf.visualization.ui.report.nl_ro" unpack="false" version="3.5.0.v20090620043401" download-size="1393" install-size="1393" />
</feature>