<?xml version="1.0" encoding="UTF-8" ?>
<feature
	id="org.eclipse.babel.nls_eclipse_it"
	label="Babel Language Pack for eclipse in Italian (76.91%)"
	image="eclipse_update_120.jpg"
	provider-name="%providerName"
	version="3.5.0.v20090620043401">
	<copyright>
		%copyright
	</copyright>
	<license url="%licenseURL">
		%license
	</license>
	<description>Babel Language Pack for eclipse in Italian</description>
	<plugin fragment="true" id="org.eclipse.ant.core.nl_it" unpack="false" version="3.5.0.v20090620043401" download-size="4636" install-size="4636" />
	<plugin fragment="true" id="org.eclipse.ant.tests.core.nl_it" unpack="false" version="3.5.0.v20090620043401" download-size="1831" install-size="1831" />
	<plugin fragment="true" id="org.eclipse.ant.tests.ui.nl_it" unpack="false" version="3.5.0.v20090620043401" download-size="1606" install-size="1606" />
	<plugin fragment="true" id="org.eclipse.ant.ui.nl_it" unpack="false" version="3.5.0.v20090620043401" download-size="24577" install-size="24577" />
	<plugin fragment="true" id="org.eclipse.compare.core.nl_it" unpack="false" version="3.5.0.v20090620043401" download-size="2364" install-size="2364" />
	<plugin fragment="true" id="org.eclipse.compare.examples.nl_it" unpack="false" version="3.5.0.v20090620043401" download-size="2360" install-size="2360" />
	<plugin fragment="true" id="org.eclipse.compare.examples.xml.nl_it" unpack="false" version="3.5.0.v20090620043401" download-size="2918" install-size="2918" />
	<plugin fragment="true" id="org.eclipse.compare.nl_it" unpack="false" version="3.5.0.v20090620043401" download-size="13045" install-size="13045" />
	<plugin fragment="true" id="org.eclipse.compare.tests.nl_it" unpack="false" version="3.5.0.v20090620043401" download-size="1600" install-size="1600" />
	<plugin fragment="true" id="org.eclipse.compare.win32.nl_it" unpack="false" version="3.5.0.v20090620043401" download-size="2550" install-size="2550" />
	<plugin fragment="true" id="org.eclipse.core.boot.nl_it" unpack="false" version="3.5.0.v20090620043401" download-size="1377" install-size="1377" />
	<plugin fragment="true" id="org.eclipse.core.commands.nl_it" unpack="false" version="3.5.0.v20090620043401" download-size="1379" install-size="1379" />
	<plugin fragment="true" id="org.eclipse.core.contenttype.nl_it" unpack="false" version="3.5.0.v20090620043401" download-size="2629" install-size="2629" />
	<plugin fragment="true" id="org.eclipse.core.databinding.beans.nl_it" unpack="false" version="3.5.0.v20090620043401" download-size="1374" install-size="1374" />
	<plugin fragment="true" id="org.eclipse.core.databinding.nl_it" unpack="false" version="3.5.0.v20090620043401" download-size="2247" install-size="2247" />
	<plugin fragment="true" id="org.eclipse.core.databinding.observable.nl_it" unpack="false" version="3.5.0.v20090620043401" download-size="1377" install-size="1377" />
	<plugin fragment="true" id="org.eclipse.core.databinding.property.nl_it" unpack="false" version="3.5.0.v20090620043401" download-size="1376" install-size="1376" />
	<plugin fragment="true" id="org.eclipse.core.expressions.nl_it" unpack="false" version="3.5.0.v20090620043401" download-size="2985" install-size="2985" />
	<plugin fragment="true" id="org.eclipse.core.expressions.tests.nl_it" unpack="false" version="3.5.0.v20090620043401" download-size="1373" install-size="1373" />
	<plugin fragment="true" id="org.eclipse.core.filebuffers.nl_it" unpack="false" version="3.5.0.v20090620043401" download-size="4010" install-size="4010" />
	<plugin fragment="true" id="org.eclipse.core.filebuffers.tests.nl_it" unpack="false" version="3.5.0.v20090620043401" download-size="1378" install-size="1378" />
	<plugin fragment="true" id="org.eclipse.core.filesystem.nl_it" unpack="false" version="3.5.0.v20090620043401" download-size="2936" install-size="2936" />
	<plugin fragment="true" id="org.eclipse.core.jobs.nl_it" unpack="false" version="3.5.0.v20090620043401" download-size="2377" install-size="2377" />
	<plugin fragment="true" id="org.eclipse.core.net.linux.x86.nl_it" unpack="false" version="3.5.0.v20090620043401" download-size="1376" install-size="1376" />
	<plugin fragment="true" id="org.eclipse.core.net.nl_it" unpack="false" version="3.5.0.v20090620043401" download-size="2245" install-size="2245" />
	<plugin fragment="true" id="org.eclipse.core.net.win32.x86.nl_it" unpack="false" version="3.5.0.v20090620043401" download-size="1377" install-size="1377" />
	<plugin fragment="true" id="org.eclipse.core.resources.nl_it" unpack="false" version="3.5.0.v20090620043401" download-size="8010" install-size="8010" />
	<plugin fragment="true" id="org.eclipse.core.runtime.compatibility.auth.nl_it" unpack="false" version="3.5.0.v20090620043401" download-size="2685" install-size="2685" />
	<plugin fragment="true" id="org.eclipse.core.runtime.compatibility.nl_it" unpack="false" version="3.5.0.v20090620043401" download-size="2436" install-size="2436" />
	<plugin fragment="true" id="org.eclipse.core.runtime.nl_it" unpack="false" version="3.5.0.v20090620043401" download-size="3710" install-size="3710" />
	<plugin fragment="true" id="org.eclipse.core.variables.nl_it" unpack="false" version="3.5.0.v20090620043401" download-size="2524" install-size="2524" />
	<plugin fragment="true" id="org.eclipse.cvs.nl_it" unpack="false" version="3.5.0.v20090620043401" download-size="1361" install-size="1361" />
	<plugin fragment="true" id="org.eclipse.debug.core.nl_it" unpack="false" version="3.5.0.v20090620043401" download-size="6350" install-size="6350" />
	<plugin fragment="true" id="org.eclipse.debug.examples.ui.nl_it" unpack="false" version="3.5.0.v20090620043401" download-size="2371" install-size="2371" />
	<plugin fragment="true" id="org.eclipse.debug.ui.nl_it" unpack="false" version="3.5.0.v20090620043401" download-size="30362" install-size="30362" />
	<plugin fragment="true" id="org.eclipse.equinox.app.nl_it" unpack="false" version="3.5.0.v20090620043401" download-size="2331" install-size="2331" />
	<plugin fragment="true" id="org.eclipse.equinox.cm.nl_it" unpack="false" version="3.5.0.v20090620043401" download-size="1367" install-size="1367" />
	<plugin fragment="true" id="org.eclipse.equinox.common.nl_it" unpack="false" version="3.5.0.v20090620043401" download-size="3138" install-size="3138" />
	<plugin fragment="true" id="org.eclipse.equinox.concurrent.nl_it" unpack="false" version="3.5.0.v20090620043401" download-size="1373" install-size="1373" />
	<plugin fragment="true" id="org.eclipse.equinox.device.nl_it" unpack="false" version="3.5.0.v20090620043401" download-size="3090" install-size="3090" />
	<plugin fragment="true" id="org.eclipse.equinox.ds.nl_it" unpack="false" version="3.5.0.v20090620043401" download-size="1367" install-size="1367" />
	<plugin fragment="true" id="org.eclipse.equinox.event.nl_it" unpack="false" version="3.5.0.v20090620043401" download-size="2351" install-size="2351" />
	<plugin fragment="true" id="org.eclipse.equinox.http.jetty5.nl_it" unpack="false" version="3.5.0.v20090620043401" download-size="1373" install-size="1373" />
	<plugin fragment="true" id="org.eclipse.equinox.http.jetty6.nl_it" unpack="false" version="3.5.0.v20090620043401" download-size="1373" install-size="1373" />
	<plugin fragment="true" id="org.eclipse.equinox.http.nl_it" unpack="false" version="3.5.0.v20090620043401" download-size="3748" install-size="3748" />
	<plugin fragment="true" id="org.eclipse.equinox.http.registry.nl_it" unpack="false" version="3.5.0.v20090620043401" download-size="1373" install-size="1373" />
	<plugin fragment="true" id="org.eclipse.equinox.http.servlet.nl_it" unpack="false" version="3.5.0.v20090620043401" download-size="1373" install-size="1373" />
	<plugin fragment="true" id="org.eclipse.equinox.http.servletbridge.nl_it" unpack="false" version="3.5.0.v20090620043401" download-size="1378" install-size="1378" />
	<plugin fragment="true" id="org.eclipse.equinox.io.nl_it" unpack="false" version="3.5.0.v20090620043401" download-size="1366" install-size="1366" />
	<plugin fragment="true" id="org.eclipse.equinox.ip.nl_it" unpack="false" version="3.5.0.v20090620043401" download-size="1366" install-size="1366" />
	<plugin fragment="true" id="org.eclipse.equinox.jsp.jasper.nl_it" unpack="false" version="3.5.0.v20090620043401" download-size="1373" install-size="1373" />
	<plugin fragment="true" id="org.eclipse.equinox.jsp.jasper.registry.nl_it" unpack="false" version="3.5.0.v20090620043401" download-size="1377" install-size="1377" />
	<plugin fragment="true" id="org.eclipse.equinox.launcher.carbon.macosx.nl_it" unpack="false" version="3.5.0.v20090620043401" download-size="1411" install-size="1411" />
	<plugin fragment="true" id="org.eclipse.equinox.launcher.cocoa.macosx.nl_it" unpack="false" version="3.5.0.v20090620043401" download-size="1408" install-size="1408" />
	<plugin fragment="true" id="org.eclipse.equinox.launcher.gtk.linux.ppc.nl_it" unpack="false" version="3.5.0.v20090620043401" download-size="1411" install-size="1411" />
	<plugin fragment="true" id="org.eclipse.equinox.launcher.gtk.linux.s390.nl_it" unpack="false" version="3.5.0.v20090620043401" download-size="1414" install-size="1414" />
	<plugin fragment="true" id="org.eclipse.equinox.launcher.gtk.linux.s390x.nl_it" unpack="false" version="3.5.0.v20090620043401" download-size="1417" install-size="1417" />
	<plugin fragment="true" id="org.eclipse.equinox.launcher.gtk.linux.x86.nl_it" unpack="false" version="3.5.0.v20090620043401" download-size="1412" install-size="1412" />
	<plugin fragment="true" id="org.eclipse.equinox.launcher.gtk.solaris.sparc.nl_it" unpack="false" version="3.5.0.v20090620043401" download-size="1426" install-size="1426" />
	<plugin fragment="true" id="org.eclipse.equinox.launcher.gtk.solaris.x86.nl_it" unpack="false" version="3.5.0.v20090620043401" download-size="1416" install-size="1416" />
	<plugin fragment="true" id="org.eclipse.equinox.launcher.motif.aix.ppc.nl_it" unpack="false" version="3.5.0.v20090620043401" download-size="1410" install-size="1410" />
	<plugin fragment="true" id="org.eclipse.equinox.launcher.motif.linux.x86.nl_it" unpack="false" version="3.5.0.v20090620043401" download-size="1416" install-size="1416" />
	<plugin fragment="true" id="org.eclipse.equinox.launcher.motif.solaris.sparc.nl_it" unpack="false" version="3.5.0.v20090620043401" download-size="1431" install-size="1431" />
	<plugin fragment="true" id="org.eclipse.equinox.launcher.nl_it" unpack="false" version="3.5.0.v20090620043401" download-size="1375" install-size="1375" />
	<plugin fragment="true" id="org.eclipse.equinox.launcher.win32.win32.ia64.nl_it" unpack="false" version="3.5.0.v20090620043401" download-size="1417" install-size="1417" />
	<plugin fragment="true" id="org.eclipse.equinox.launcher.win32.win32.x86.nl_it" unpack="false" version="3.5.0.v20090620043401" download-size="1415" install-size="1415" />
	<plugin fragment="true" id="org.eclipse.equinox.launcher.wpf.win32.x86.nl_it" unpack="false" version="3.5.0.v20090620043401" download-size="1413" install-size="1413" />
	<plugin fragment="true" id="org.eclipse.equinox.log.nl_it" unpack="false" version="3.5.0.v20090620043401" download-size="1367" install-size="1367" />
	<plugin fragment="true" id="org.eclipse.equinox.metatype.nl_it" unpack="false" version="3.5.0.v20090620043401" download-size="2781" install-size="2781" />
	<plugin fragment="true" id="org.eclipse.equinox.preferences.nl_it" unpack="false" version="3.5.0.v20090620043401" download-size="3014" install-size="3014" />
	<plugin fragment="true" id="org.eclipse.equinox.registry.nl_it" unpack="false" version="3.5.0.v20090620043401" download-size="3512" install-size="3512" />
	<plugin fragment="true" id="org.eclipse.equinox.security.nl_it" unpack="false" version="3.5.0.v20090620043401" download-size="2631" install-size="2631" />
	<plugin fragment="true" id="org.eclipse.equinox.security.ui.nl_it" unpack="false" version="3.5.0.v20090620043401" download-size="3549" install-size="3549" />
	<plugin fragment="true" id="org.eclipse.equinox.servletbridge.nl_it" unpack="false" version="3.5.0.v20090620043401" download-size="1374" install-size="1374" />
	<plugin fragment="true" id="org.eclipse.equinox.transforms.xslt.nl_it" unpack="false" version="3.5.0.v20090620043401" download-size="1374" install-size="1374" />
	<plugin fragment="true" id="org.eclipse.equinox.useradmin.nl_it" unpack="false" version="3.5.0.v20090620043401" download-size="3190" install-size="3190" />
	<plugin fragment="true" id="org.eclipse.equinox.util.nl_it" unpack="false" version="3.5.0.v20090620043401" download-size="1368" install-size="1368" />
	<plugin fragment="true" id="org.eclipse.equinox.wireadmin.nl_it" unpack="false" version="3.5.0.v20090620043401" download-size="1372" install-size="1372" />
	<plugin fragment="true" id="org.eclipse.help.appserver.nl_it" unpack="false" version="3.5.0.v20090620043401" download-size="2554" install-size="2554" />
	<plugin fragment="true" id="org.eclipse.help.base.nl_it" unpack="false" version="3.5.0.v20090620043401" download-size="3732" install-size="3732" />
	<plugin fragment="true" id="org.eclipse.help.nl_it" unpack="false" version="3.5.0.v20090620043401" download-size="1503" install-size="1503" />
	<plugin fragment="true" id="org.eclipse.help.ui.nl_it" unpack="false" version="3.5.0.v20090620043401" download-size="5514" install-size="5514" />
	<plugin fragment="true" id="org.eclipse.help.webapp.nl_it" unpack="false" version="3.5.0.v20090620043401" download-size="4721" install-size="4721" />
	<plugin fragment="true" id="org.eclipse.jdt.apt.core.nl_it" unpack="false" version="3.5.0.v20090620043401" download-size="3769" install-size="3769" />
	<plugin fragment="true" id="org.eclipse.jdt.apt.pluggable.core.nl_it" unpack="false" version="3.5.0.v20090620043401" download-size="1373" install-size="1373" />
	<plugin fragment="true" id="org.eclipse.jdt.apt.pluggable.tests.nl_it" unpack="false" version="3.5.0.v20090620043401" download-size="1374" install-size="1374" />
	<plugin fragment="true" id="org.eclipse.jdt.apt.tests.nl_it" unpack="false" version="3.5.0.v20090620043401" download-size="1368" install-size="1368" />
	<plugin fragment="true" id="org.eclipse.jdt.apt.ui.nl_it" unpack="false" version="3.5.0.v20090620043401" download-size="4500" install-size="4500" />
	<plugin fragment="true" id="org.eclipse.jdt.compiler.apt.tests.nl_it" unpack="false" version="3.5.0.v20090620043401" download-size="1373" install-size="1373" />
	<plugin fragment="true" id="org.eclipse.jdt.compiler.tool.tests.nl_it" unpack="false" version="3.5.0.v20090620043401" download-size="1374" install-size="1374" />
	<plugin fragment="true" id="org.eclipse.jdt.core.manipulation.nl_it" unpack="false" version="3.5.0.v20090620043401" download-size="3266" install-size="3266" />
	<plugin fragment="true" id="org.eclipse.jdt.core.nl_it" unpack="false" version="3.5.0.v20090620043401" download-size="28581" install-size="28581" />
	<plugin fragment="true" id="org.eclipse.jdt.core.tests.builder.nl_it" unpack="false" version="3.5.0.v20090620043401" download-size="1374" install-size="1374" />
	<plugin fragment="true" id="org.eclipse.jdt.core.tests.compiler.nl_it" unpack="false" version="3.5.0.v20090620043401" download-size="1374" install-size="1374" />
	<plugin fragment="true" id="org.eclipse.jdt.core.tests.model.nl_it" unpack="false" version="3.5.0.v20090620043401" download-size="11924" install-size="11924" />
	<plugin fragment="true" id="org.eclipse.jdt.core.tests.performance.nl_it" unpack="false" version="3.5.0.v20090620043401" download-size="1376" install-size="1376" />
	<plugin fragment="true" id="org.eclipse.jdt.debug.nl_it" unpack="false" version="3.5.0.v20090620043401" download-size="20587" install-size="20587" />
	<plugin fragment="true" id="org.eclipse.jdt.debug.tests.nl_it" unpack="false" version="3.5.0.v20090620043401" download-size="1370" install-size="1370" />
	<plugin fragment="true" id="org.eclipse.jdt.debug.ui.nl_it" unpack="false" version="3.5.0.v20090620043401" download-size="27305" install-size="27305" />
	<plugin fragment="true" id="org.eclipse.jdt.doc.isv.nl_it" unpack="false" version="3.5.0.v20090620043401" download-size="1756" install-size="1756" />
	<plugin fragment="true" id="org.eclipse.jdt.doc.user.nl_it" unpack="false" version="3.5.0.v20090620043401" download-size="1746" install-size="1746" />
	<plugin fragment="true" id="org.eclipse.jdt.junit.nl_it" unpack="false" version="3.5.0.v20090620043401" download-size="8717" install-size="8717" />
	<plugin fragment="true" id="org.eclipse.jdt.junit.runtime.nl_it" unpack="false" version="3.5.0.v20090620043401" download-size="2859" install-size="2859" />
	<plugin fragment="true" id="org.eclipse.jdt.junit4.runtime.nl_it" unpack="false" version="3.5.0.v20090620043401" download-size="1422" install-size="1422" />
	<plugin fragment="true" id="org.eclipse.jdt.launching.macosx.nl_it" unpack="false" version="3.5.0.v20090620043401" download-size="1374" install-size="1374" />
	<plugin fragment="true" id="org.eclipse.jdt.launching.nl_it" unpack="false" version="3.5.0.v20090620043401" download-size="6612" install-size="6612" />
	<plugin fragment="true" id="org.eclipse.jdt.launching.ui.macosx.nl_it" unpack="false" version="3.5.0.v20090620043401" download-size="2589" install-size="2589" />
	<plugin fragment="true" id="org.eclipse.jdt.nl_it" unpack="false" version="3.5.0.v20090620043401" download-size="1388" install-size="1388" />
	<plugin fragment="true" id="org.eclipse.jdt.text.tests.nl_it" unpack="false" version="3.5.0.v20090620043401" download-size="1373" install-size="1373" />
	<plugin fragment="true" id="org.eclipse.jdt.ui.examples.projects.nl_it" unpack="false" version="3.5.0.v20090620043401" download-size="2670" install-size="2670" />
	<plugin fragment="true" id="org.eclipse.jdt.ui.nl_it" unpack="false" version="3.5.0.v20090620043401" download-size="150725" install-size="150725" />
	<plugin fragment="true" id="org.eclipse.jdt.ui.tests.nl_it" unpack="false" version="3.5.0.v20090620043401" download-size="1372" install-size="1372" />
	<plugin fragment="true" id="org.eclipse.jdt.ui.tests.refactoring.nl_it" unpack="false" version="3.5.0.v20090620043401" download-size="1380" install-size="1380" />
	<plugin fragment="true" id="org.eclipse.jface.databinding.nl_it" unpack="false" version="3.5.0.v20090620043401" download-size="1398" install-size="1398" />
	<plugin fragment="true" id="org.eclipse.jface.examples.databinding.nl_it" unpack="false" version="3.5.0.v20090620043401" download-size="1378" install-size="1378" />
	<plugin fragment="true" id="org.eclipse.jface.nl_it" unpack="false" version="3.5.0.v20090620043401" download-size="10388" install-size="10388" />
	<plugin fragment="true" id="org.eclipse.jface.tests.databinding.conformance.nl_it" unpack="false" version="3.5.0.v20090620043401" download-size="1382" install-size="1382" />
	<plugin fragment="true" id="org.eclipse.jface.tests.databinding.nl_it" unpack="false" version="3.5.0.v20090620043401" download-size="1375" install-size="1375" />
	<plugin fragment="true" id="org.eclipse.jface.text.nl_it" unpack="false" version="3.5.0.v20090620043401" download-size="10594" install-size="10594" />
	<plugin fragment="true" id="org.eclipse.jface.text.tests.nl_it" unpack="false" version="3.5.0.v20090620043401" download-size="1375" install-size="1375" />
	<plugin fragment="true" id="org.eclipse.jsch.core.nl_it" unpack="false" version="3.5.0.v20090620043401" download-size="2314" install-size="2314" />
	<plugin fragment="true" id="org.eclipse.jsch.ui.nl_it" unpack="false" version="3.5.0.v20090620043401" download-size="3683" install-size="3683" />
	<plugin fragment="true" id="org.eclipse.ltk.core.refactoring.nl_it" unpack="false" version="3.5.0.v20090620043401" download-size="4618" install-size="4618" />
	<plugin fragment="true" id="org.eclipse.ltk.core.refactoring.tests.nl_it" unpack="false" version="3.5.0.v20090620043401" download-size="1376" install-size="1376" />
	<plugin fragment="true" id="org.eclipse.ltk.ui.refactoring.nl_it" unpack="false" version="3.5.0.v20090620043401" download-size="7940" install-size="7940" />
	<plugin fragment="true" id="org.eclipse.ltk.ui.refactoring.tests.nl_it" unpack="false" version="3.5.0.v20090620043401" download-size="1375" install-size="1375" />
	<plugin fragment="true" id="org.eclipse.osgi.nl_it" unpack="false" version="3.5.0.v20090620043401" download-size="9011" install-size="9011" />
	<plugin fragment="true" id="org.eclipse.osgi.services.nl_it" unpack="false" version="3.5.0.v20090620043401" download-size="1540" install-size="1540" />
	<plugin fragment="true" id="org.eclipse.osgi.util.nl_it" unpack="false" version="3.5.0.v20090620043401" download-size="1537" install-size="1537" />
	<plugin fragment="true" id="org.eclipse.pde.api.tools.nl_it" unpack="false" version="3.5.0.v20090620043401" download-size="3154" install-size="3154" />
	<plugin fragment="true" id="org.eclipse.pde.api.tools.ui.nl_it" unpack="false" version="3.5.0.v20090620043401" download-size="5223" install-size="5223" />
	<plugin fragment="true" id="org.eclipse.pde.build.nl_it" unpack="false" version="3.5.0.v20090620043401" download-size="5035" install-size="5035" />
	<plugin fragment="true" id="org.eclipse.pde.build.tests.nl_it" unpack="false" version="3.5.0.v20090620043401" download-size="1371" install-size="1371" />
	<plugin fragment="true" id="org.eclipse.pde.core.nl_it" unpack="false" version="3.5.0.v20090620043401" download-size="7249" install-size="7249" />
	<plugin fragment="true" id="org.eclipse.pde.doc.user.nl_it" unpack="false" version="3.5.0.v20090620043401" download-size="1756" install-size="1756" />
	<plugin fragment="true" id="org.eclipse.pde.ds.core.nl_it" unpack="false" version="3.5.0.v20090620043401" download-size="2360" install-size="2360" />
	<plugin fragment="true" id="org.eclipse.pde.ds.tests.nl_it" unpack="false" version="3.5.0.v20090620043401" download-size="1367" install-size="1367" />
	<plugin fragment="true" id="org.eclipse.pde.ds.ui.nl_it" unpack="false" version="3.5.0.v20090620043401" download-size="2866" install-size="2866" />
	<plugin fragment="true" id="org.eclipse.pde.junit.runtime.nl_it" unpack="false" version="3.5.0.v20090620043401" download-size="1399" install-size="1399" />
	<plugin fragment="true" id="org.eclipse.pde.nl_it" unpack="false" version="3.5.0.v20090620043401" download-size="1373" install-size="1373" />
	<plugin fragment="true" id="org.eclipse.pde.runtime.nl_it" unpack="false" version="3.5.0.v20090620043401" download-size="2677" install-size="2677" />
	<plugin fragment="true" id="org.eclipse.pde.tools.versioning.nl_it" unpack="false" version="3.5.0.v20090620043401" download-size="1380" install-size="1380" />
	<plugin fragment="true" id="org.eclipse.pde.ua.core.nl_it" unpack="false" version="3.5.0.v20090620043401" download-size="1366" install-size="1366" />
	<plugin fragment="true" id="org.eclipse.pde.ua.ui.nl_it" unpack="false" version="3.5.0.v20090620043401" download-size="10676" install-size="10676" />
	<plugin fragment="true" id="org.eclipse.pde.ui.nl_it" unpack="false" version="3.5.0.v20090620043401" download-size="33444" install-size="33444" />
	<plugin fragment="true" id="org.eclipse.pde.ui.templates.nl_it" unpack="false" version="3.5.0.v20090620043401" download-size="2644" install-size="2644" />
	<plugin fragment="true" id="org.eclipse.platform.doc.isv.nl_it" unpack="false" version="3.5.0.v20090620043401" download-size="1414" install-size="1414" />
	<plugin fragment="true" id="org.eclipse.platform.doc.user.nl_it" unpack="false" version="3.5.0.v20090620043401" download-size="1391" install-size="1391" />
	<plugin fragment="true" id="org.eclipse.platform.nl_it" unpack="false" version="3.5.0.v20090620043401" download-size="2359" install-size="2359" />
	<plugin fragment="true" id="org.eclipse.rcp.nl_it" unpack="false" version="3.5.0.v20090620043401" download-size="1686" install-size="1686" />
	<plugin fragment="true" id="org.eclipse.releng.tools.nl_it" unpack="false" version="3.5.0.v20090620043401" download-size="2213" install-size="2213" />
	<plugin fragment="true" id="org.eclipse.sdk.examples.nl_it" unpack="false" version="3.5.0.v20090620043401" download-size="1368" install-size="1368" />
	<plugin fragment="true" id="org.eclipse.sdk.nl_it" unpack="false" version="3.5.0.v20090620043401" download-size="2658" install-size="2658" />
	<plugin fragment="true" id="org.eclipse.sdk.tests.nl_it" unpack="false" version="3.5.0.v20090620043401" download-size="1366" install-size="1366" />
	<plugin fragment="true" id="org.eclipse.search.nl_it" unpack="false" version="3.5.0.v20090620043401" download-size="7750" install-size="7750" />
	<plugin fragment="true" id="org.eclipse.search.tests.nl_it" unpack="false" version="3.5.0.v20090620043401" download-size="1367" install-size="1367" />
	<plugin fragment="true" id="org.eclipse.swt.examples.browser.demos.nl_it" unpack="false" version="3.5.0.v20090620043401" download-size="1376" install-size="1376" />
	<plugin fragment="true" id="org.eclipse.swt.examples.browser.nl_it" unpack="false" version="3.5.0.v20090620043401" download-size="1407" install-size="1407" />
	<plugin fragment="true" id="org.eclipse.swt.examples.controls.nl_it" unpack="false" version="3.5.0.v20090620043401" download-size="1373" install-size="1373" />
	<plugin fragment="true" id="org.eclipse.swt.examples.launcher.nl_it" unpack="false" version="3.5.0.v20090620043401" download-size="1461" install-size="1461" />
	<plugin fragment="true" id="org.eclipse.swt.examples.layouts.nl_it" unpack="false" version="3.5.0.v20090620043401" download-size="1373" install-size="1373" />
	<plugin fragment="true" id="org.eclipse.swt.examples.nl_it" unpack="false" version="3.5.0.v20090620043401" download-size="5740" install-size="5740" />
	<plugin fragment="true" id="org.eclipse.swt.examples.ole.win32.nl_it" unpack="false" version="3.5.0.v20090620043401" download-size="1461" install-size="1461" />
	<plugin fragment="true" id="org.eclipse.swt.examples.paint.nl_it" unpack="false" version="3.5.0.v20090620043401" download-size="1372" install-size="1372" />
	<plugin fragment="true" id="org.eclipse.swt.nl_it" unpack="false" version="3.5.0.v20090620043401" download-size="2794" install-size="2794" />
	<plugin fragment="true" id="org.eclipse.swt.tests.nl_it" unpack="false" version="3.5.0.v20090620043401" download-size="1381" install-size="1381" />
	<plugin fragment="true" id="org.eclipse.swt.tools.nl_it" unpack="false" version="3.5.0.v20090620043401" download-size="1365" install-size="1365" />
	<plugin fragment="true" id="org.eclipse.team.core.nl_it" unpack="false" version="3.5.0.v20090620043401" download-size="4350" install-size="4350" />
	<plugin fragment="true" id="org.eclipse.team.cvs.core.nl_it" unpack="false" version="3.5.0.v20090620043401" download-size="7961" install-size="7961" />
	<plugin fragment="true" id="org.eclipse.team.cvs.ssh.nl_it" unpack="false" version="3.5.0.v20090620043401" download-size="3105" install-size="3105" />
	<plugin fragment="true" id="org.eclipse.team.cvs.ssh2.nl_it" unpack="false" version="3.5.0.v20090620043401" download-size="3479" install-size="3479" />
	<plugin fragment="true" id="org.eclipse.team.cvs.ui.nl_it" unpack="false" version="3.5.0.v20090620043401" download-size="24895" install-size="24895" />
	<plugin fragment="true" id="org.eclipse.team.examples.filesystem.nl_it" unpack="false" version="3.5.0.v20090620043401" download-size="2749" install-size="2749" />
	<plugin fragment="true" id="org.eclipse.team.tests.cvs.core.nl_it" unpack="false" version="3.5.0.v20090620043401" download-size="1428" install-size="1428" />
	<plugin fragment="true" id="org.eclipse.team.ui.nl_it" unpack="false" version="3.5.0.v20090620043401" download-size="11864" install-size="11864" />
	<plugin fragment="true" id="org.eclipse.text.nl_it" unpack="false" version="3.5.0.v20090620043401" download-size="3846" install-size="3846" />
	<plugin fragment="true" id="org.eclipse.text.tests.nl_it" unpack="false" version="3.5.0.v20090620043401" download-size="1371" install-size="1371" />
	<plugin fragment="true" id="org.eclipse.ui.browser.nl_it" unpack="false" version="3.5.0.v20090620043401" download-size="3602" install-size="3602" />
	<plugin fragment="true" id="org.eclipse.ui.cheatsheets.nl_it" unpack="false" version="3.5.0.v20090620043401" download-size="5808" install-size="5808" />
	<plugin fragment="true" id="org.eclipse.ui.console.nl_it" unpack="false" version="3.5.0.v20090620043401" download-size="3399" install-size="3399" />
	<plugin fragment="true" id="org.eclipse.ui.editors.nl_it" unpack="false" version="3.5.0.v20090620043401" download-size="13223" install-size="13223" />
	<plugin fragment="true" id="org.eclipse.ui.editors.tests.nl_it" unpack="false" version="3.5.0.v20090620043401" download-size="1374" install-size="1374" />
	<plugin fragment="true" id="org.eclipse.ui.examples.contributions.nl_it" unpack="false" version="3.5.0.v20090620043401" download-size="1519" install-size="1519" />
	<plugin fragment="true" id="org.eclipse.ui.examples.fieldassist.nl_it" unpack="false" version="3.5.0.v20090620043401" download-size="2275" install-size="2275" />
	<plugin fragment="true" id="org.eclipse.ui.examples.javaeditor.nl_it" unpack="false" version="3.5.0.v20090620043401" download-size="2447" install-size="2447" />
	<plugin fragment="true" id="org.eclipse.ui.examples.multipageeditor.nl_it" unpack="false" version="3.5.0.v20090620043401" download-size="2325" install-size="2325" />
	<plugin fragment="true" id="org.eclipse.ui.examples.propertysheet.nl_it" unpack="false" version="3.5.0.v20090620043401" download-size="2360" install-size="2360" />
	<plugin fragment="true" id="org.eclipse.ui.examples.readmetool.nl_it" unpack="false" version="3.5.0.v20090620043401" download-size="2312" install-size="2312" />
	<plugin fragment="true" id="org.eclipse.ui.examples.undo.nl_it" unpack="false" version="3.5.0.v20090620043401" download-size="2215" install-size="2215" />
	<plugin fragment="true" id="org.eclipse.ui.examples.views.properties.tabbed.article.nl_it" unpack="false" version="3.5.0.v20090620043401" download-size="1457" install-size="1457" />
	<plugin fragment="true" id="org.eclipse.ui.externaltools.nl_it" unpack="false" version="3.5.0.v20090620043401" download-size="8967" install-size="8967" />
	<plugin fragment="true" id="org.eclipse.ui.forms.nl_it" unpack="false" version="3.5.0.v20090620043401" download-size="2397" install-size="2397" />
	<plugin fragment="true" id="org.eclipse.ui.ide.application.nl_it" unpack="false" version="3.5.0.v20090620043401" download-size="1512" install-size="1512" />
	<plugin fragment="true" id="org.eclipse.ui.ide.nl_it" unpack="false" version="3.5.0.v20090620043401" download-size="30531" install-size="30531" />
	<plugin fragment="true" id="org.eclipse.ui.intro.nl_it" unpack="false" version="3.5.0.v20090620043401" download-size="3680" install-size="3680" />
	<plugin fragment="true" id="org.eclipse.ui.intro.universal.nl_it" unpack="false" version="3.5.0.v20090620043401" download-size="5821" install-size="5821" />
	<plugin fragment="true" id="org.eclipse.ui.navigator.nl_it" unpack="false" version="3.5.0.v20090620043401" download-size="3875" install-size="3875" />
	<plugin fragment="true" id="org.eclipse.ui.navigator.resources.nl_it" unpack="false" version="3.5.0.v20090620043401" download-size="3451" install-size="3451" />
	<plugin fragment="true" id="org.eclipse.ui.net.nl_it" unpack="false" version="3.5.0.v20090620043401" download-size="2506" install-size="2506" />
	<plugin fragment="true" id="org.eclipse.ui.nl_it" unpack="false" version="3.5.0.v20090620043401" download-size="5095" install-size="5095" />
	<plugin fragment="true" id="org.eclipse.ui.presentations.r21.nl_it" unpack="false" version="3.5.0.v20090620043401" download-size="2527" install-size="2527" />
	<plugin fragment="true" id="org.eclipse.ui.tests.views.properties.tabbed.nl_it" unpack="false" version="3.5.0.v20090620043401" download-size="1421" install-size="1421" />
	<plugin fragment="true" id="org.eclipse.ui.views.log.nl_it" unpack="false" version="3.5.0.v20090620043401" download-size="2860" install-size="2860" />
	<plugin fragment="true" id="org.eclipse.ui.views.nl_it" unpack="false" version="3.5.0.v20090620043401" download-size="3147" install-size="3147" />
	<plugin fragment="true" id="org.eclipse.ui.views.properties.tabbed.nl_it" unpack="false" version="3.5.0.v20090620043401" download-size="3064" install-size="3064" />
	<plugin fragment="true" id="org.eclipse.ui.workbench.nl_it" unpack="false" version="3.5.0.v20090620043401" download-size="26431" install-size="26431" />
	<plugin fragment="true" id="org.eclipse.ui.workbench.texteditor.nl_it" unpack="false" version="3.5.0.v20090620043401" download-size="13057" install-size="13057" />
	<plugin fragment="true" id="org.eclipse.ui.workbench.texteditor.tests.nl_it" unpack="false" version="3.5.0.v20090620043401" download-size="1384" install-size="1384" />
	<plugin fragment="true" id="org.eclipse.update.configurator.nl_it" unpack="false" version="3.5.0.v20090620043401" download-size="3369" install-size="3369" />
	<plugin fragment="true" id="org.eclipse.update.core.nl_it" unpack="false" version="3.5.0.v20090620043401" download-size="8272" install-size="8272" />
	<plugin fragment="true" id="org.eclipse.update.scheduler.nl_it" unpack="false" version="3.5.0.v20090620043401" download-size="2858" install-size="2858" />
	<plugin fragment="true" id="org.eclipse.update.tests.core.nl_it" unpack="false" version="3.5.0.v20090620043401" download-size="1370" install-size="1370" />
	<plugin fragment="true" id="org.eclipse.update.ui.nl_it" unpack="false" version="3.5.0.v20090620043401" download-size="8998" install-size="8998" />
	<plugin fragment="true" id="org.junit4.nl_it" unpack="false" version="3.5.0.v20090620043401" download-size="1395" install-size="1395" />
	<plugin fragment="true" id="security.a.nl_it" unpack="false" version="3.5.0.v20090620043401" download-size="1378" install-size="1378" />
</feature>