<?xml version="1.0" encoding="UTF-8" ?>
<feature
	id="org.eclipse.babel.nls_webtools.webservices_pl"
	label="Babel Language Pack for webtools.webservices in Polish (89.08%)"
	image="eclipse_update_120.jpg"
	provider-name="%providerName"
	version="3.5.0.v20090620043401">
	<copyright>
		%copyright
	</copyright>
	<license url="%licenseURL">
		%license
	</license>
	<description>Babel Language Pack for webtools.webservices in Polish</description>
	<plugin fragment="true" id="org.eclipse.jst.ws.axis.consumption.core.nl_pl" unpack="false" version="3.5.0.v20090620043401" download-size="4323" install-size="4323" />
	<plugin fragment="true" id="org.eclipse.jst.ws.axis.consumption.ui.nl_pl" unpack="false" version="3.5.0.v20090620043401" download-size="4853" install-size="4853" />
	<plugin fragment="true" id="org.eclipse.jst.ws.axis.creation.ui.nl_pl" unpack="false" version="3.5.0.v20090620043401" download-size="4153" install-size="4153" />
	<plugin fragment="true" id="org.eclipse.jst.ws.axis2.consumption.core.nl_pl" unpack="false" version="3.5.0.v20090620043401" download-size="2819" install-size="2819" />
	<plugin fragment="true" id="org.eclipse.jst.ws.axis2.consumption.ui.nl_pl" unpack="false" version="3.5.0.v20090620043401" download-size="1426" install-size="1426" />
	<plugin fragment="true" id="org.eclipse.jst.ws.axis2.core.nl_pl" unpack="false" version="3.5.0.v20090620043401" download-size="2694" install-size="2694" />
	<plugin fragment="true" id="org.eclipse.jst.ws.axis2.creation.core.nl_pl" unpack="false" version="3.5.0.v20090620043401" download-size="2787" install-size="2787" />
	<plugin fragment="true" id="org.eclipse.jst.ws.axis2.creation.ui.nl_pl" unpack="false" version="3.5.0.v20090620043401" download-size="1382" install-size="1382" />
	<plugin fragment="true" id="org.eclipse.jst.ws.axis2.ui.doc.user.nl_pl" unpack="false" version="3.5.0.v20090620043401" download-size="1378" install-size="1378" />
	<plugin fragment="true" id="org.eclipse.jst.ws.axis2.ui.nl_pl" unpack="false" version="3.5.0.v20090620043401" download-size="1376" install-size="1376" />
	<plugin fragment="true" id="org.eclipse.jst.ws.consumption.nl_pl" unpack="false" version="3.5.0.v20090620043401" download-size="5016" install-size="5016" />
	<plugin fragment="true" id="org.eclipse.jst.ws.consumption.ui.nl_pl" unpack="false" version="3.5.0.v20090620043401" download-size="10729" install-size="10729" />
	<plugin fragment="true" id="org.eclipse.jst.ws.creation.ejb.ui.nl_pl" unpack="false" version="3.5.0.v20090620043401" download-size="1522" install-size="1522" />
	<plugin fragment="true" id="org.eclipse.jst.ws.creation.ui.nl_pl" unpack="false" version="3.5.0.v20090620043401" download-size="3052" install-size="3052" />
	<plugin fragment="true" id="org.eclipse.jst.ws.nl_pl" unpack="false" version="3.5.0.v20090620043401" download-size="3839" install-size="3839" />
	<plugin fragment="true" id="org.eclipse.jst.ws.uddiregistry.nl_pl" unpack="false" version="3.5.0.v20090620043401" download-size="2825" install-size="2825" />
	<plugin fragment="true" id="org.eclipse.jst.ws.ui.nl_pl" unpack="false" version="3.5.0.v20090620043401" download-size="3715" install-size="3715" />
	<plugin fragment="true" id="org.eclipse.wst.command.env.core.nl_pl" unpack="false" version="3.5.0.v20090620043401" download-size="2720" install-size="2720" />
	<plugin fragment="true" id="org.eclipse.wst.command.env.nl_pl" unpack="false" version="3.5.0.v20090620043401" download-size="5116" install-size="5116" />
	<plugin fragment="true" id="org.eclipse.wst.command.env.ui.nl_pl" unpack="false" version="3.5.0.v20090620043401" download-size="3380" install-size="3380" />
	<plugin fragment="true" id="org.eclipse.wst.ws.explorer.nl_pl" unpack="false" version="3.5.0.v20090620043401" download-size="18129" install-size="18129" />
	<plugin fragment="true" id="org.eclipse.wst.ws.nl_pl" unpack="false" version="3.5.0.v20090620043401" download-size="2755" install-size="2755" />
	<plugin fragment="true" id="org.eclipse.wst.ws.parser.nl_pl" unpack="false" version="3.5.0.v20090620043401" download-size="3321" install-size="3321" />
	<plugin fragment="true" id="org.eclipse.wst.ws.service.policy.nl_pl" unpack="false" version="3.5.0.v20090620043401" download-size="1508" install-size="1508" />
	<plugin fragment="true" id="org.eclipse.wst.ws.service.policy.ui.nl_pl" unpack="false" version="3.5.0.v20090620043401" download-size="2896" install-size="2896" />
	<plugin fragment="true" id="org.eclipse.wst.ws.ui.nl_pl" unpack="false" version="3.5.0.v20090620043401" download-size="3212" install-size="3212" />
	<plugin fragment="true" id="org.eclipse.wst.wsdl.nl_pl" unpack="false" version="3.5.0.v20090620043401" download-size="1365" install-size="1365" />
	<plugin fragment="true" id="org.eclipse.wst.wsdl.ui.nl_pl" unpack="false" version="3.5.0.v20090620043401" download-size="6395" install-size="6395" />
	<plugin fragment="true" id="org.eclipse.wst.wsdl.validation.nl_pl" unpack="false" version="3.5.0.v20090620043401" download-size="8306" install-size="8306" />
	<plugin fragment="true" id="org.eclipse.wst.wsi.nl_pl" unpack="false" version="3.5.0.v20090620043401" download-size="6010" install-size="6010" />
	<plugin fragment="true" id="org.eclipse.wst.wsi.ui.nl_pl" unpack="false" version="3.5.0.v20090620043401" download-size="4068" install-size="4068" />
</feature>