<?xml version="1.0" encoding="UTF-8" ?>
<feature
	id="org.eclipse.babel.nls_rt.rap_it"
	label="Babel Language Pack for rt.rap in Italian (86.82%)"
	image="eclipse_update_120.jpg"
	provider-name="%providerName"
	version="3.5.0.v20090620043401">
	<copyright>
		%copyright
	</copyright>
	<license url="%licenseURL">
		%license
	</license>
	<description>Babel Language Pack for rt.rap in Italian</description>
	<plugin fragment="true" id="org.eclipse.rap.design.example.nl_it" unpack="false" version="3.5.0.v20090620043401" download-size="1372" install-size="1372" />
	<plugin fragment="true" id="org.eclipse.rap.jface.databinding.nl_it" unpack="false" version="3.5.0.v20090620043401" download-size="1400" install-size="1400" />
	<plugin fragment="true" id="org.eclipse.rap.jface.nl_it" unpack="false" version="3.5.0.v20090620043401" download-size="10841" install-size="10841" />
	<plugin fragment="true" id="org.eclipse.rap.rwt.nl_it" unpack="false" version="3.5.0.v20090620043401" download-size="3286" install-size="3286" />
	<plugin fragment="true" id="org.eclipse.rap.rwt.test.nl_it" unpack="false" version="3.5.0.v20090620043401" download-size="1372" install-size="1372" />
	<plugin fragment="true" id="org.eclipse.rap.ui.forms.nl_it" unpack="false" version="3.5.0.v20090620043401" download-size="2405" install-size="2405" />
	<plugin fragment="true" id="org.eclipse.rap.ui.help.nl_it" unpack="false" version="3.5.0.v20090620043401" download-size="1367" install-size="1367" />
	<plugin fragment="true" id="org.eclipse.rap.ui.intro.nl_it" unpack="false" version="3.5.0.v20090620043401" download-size="2536" install-size="2536" />
	<plugin fragment="true" id="org.eclipse.rap.ui.launch.nl_it" unpack="false" version="3.5.0.v20090620043401" download-size="2480" install-size="2480" />
	<plugin fragment="true" id="org.eclipse.rap.ui.nl_it" unpack="false" version="3.5.0.v20090620043401" download-size="5088" install-size="5088" />
	<plugin fragment="true" id="org.eclipse.rap.ui.templates.nl_it" unpack="false" version="3.5.0.v20090620043401" download-size="2595" install-size="2595" />
	<plugin fragment="true" id="org.eclipse.rap.ui.views.nl_it" unpack="false" version="3.5.0.v20090620043401" download-size="3146" install-size="3146" />
	<plugin fragment="true" id="org.eclipse.rap.ui.workbench.nl_it" unpack="false" version="3.5.0.v20090620043401" download-size="25970" install-size="25970" />
</feature>