<?xml version="1.0" encoding="UTF-8" ?>
<feature
	id="org.eclipse.babel.nls_webtools.dali_ja"
	label="Babel Language Pack for webtools.dali in Japanese (46.93%)"
	image="eclipse_update_120.jpg"
	provider-name="%providerName"
	version="3.5.0.v20090620043401">
	<copyright>
		%copyright
	</copyright>
	<license url="%licenseURL">
		%license
	</license>
	<description>Babel Language Pack for webtools.dali in Japanese</description>
	<plugin fragment="true" id="org.eclipse.jpt.branding.nl_ja" unpack="false" version="3.5.0.v20090620043401" download-size="1369" install-size="1369" />
	<plugin fragment="true" id="org.eclipse.jpt.core.nl_ja" unpack="false" version="3.5.0.v20090620043401" download-size="3800" install-size="3800" />
	<plugin fragment="true" id="org.eclipse.jpt.db.nl_ja" unpack="false" version="3.5.0.v20090620043401" download-size="1418" install-size="1418" />
	<plugin fragment="true" id="org.eclipse.jpt.db.ui.nl_ja" unpack="false" version="3.5.0.v20090620043401" download-size="1423" install-size="1423" />
	<plugin fragment="true" id="org.eclipse.jpt.doc.isv.nl_ja" unpack="false" version="3.5.0.v20090620043401" download-size="1372" install-size="1372" />
	<plugin fragment="true" id="org.eclipse.jpt.doc.user.nl_ja" unpack="false" version="3.5.0.v20090620043401" download-size="1507" install-size="1507" />
	<plugin fragment="true" id="org.eclipse.jpt.eclipselink.branding.nl_ja" unpack="false" version="3.5.0.v20090620043401" download-size="1373" install-size="1373" />
	<plugin fragment="true" id="org.eclipse.jpt.eclipselink.core.ddlgen.nl_ja" unpack="false" version="3.5.0.v20090620043401" download-size="1375" install-size="1375" />
	<plugin fragment="true" id="org.eclipse.jpt.eclipselink.core.nl_ja" unpack="false" version="3.5.0.v20090620043401" download-size="1371" install-size="1371" />
	<plugin fragment="true" id="org.eclipse.jpt.eclipselink.ui.nl_ja" unpack="false" version="3.5.0.v20090620043401" download-size="3676" install-size="3676" />
	<plugin fragment="true" id="org.eclipse.jpt.gen.nl_ja" unpack="false" version="3.5.0.v20090620043401" download-size="1681" install-size="1681" />
	<plugin fragment="true" id="org.eclipse.jpt.ui.nl_ja" unpack="false" version="3.5.0.v20090620043401" download-size="8058" install-size="8058" />
	<plugin fragment="true" id="org.eclipse.jpt.utility.nl_ja" unpack="false" version="3.5.0.v20090620043401" download-size="1425" install-size="1425" />
</feature>