<?xml version="1.0" encoding="UTF-8" ?>
<feature
	id="org.eclipse.babel.nls_modeling.emf_zh_TW"
	label="Babel Language Pack for modeling.emf in Chinese (Traditional) (68.91%)"
	image="eclipse_update_120.jpg"
	provider-name="%providerName"
	version="3.5.0.v20090620043401">
	<copyright>
		%copyright
	</copyright>
	<license url="%licenseURL">
		%license
	</license>
	<description>Babel Language Pack for modeling.emf in Chinese (Traditional)</description>
	<plugin fragment="true" id="library.ecore.nl_zh_TW" unpack="false" version="3.5.0.v20090620043401" download-size="1388" install-size="1388" />
	<plugin fragment="true" id="library.java.nl_zh_TW" unpack="false" version="3.5.0.v20090620043401" download-size="1388" install-size="1388" />
	<plugin fragment="true" id="library.rose.nl_zh_TW" unpack="false" version="3.5.0.v20090620043401" download-size="1387" install-size="1387" />
	<plugin fragment="true" id="library.xsd.nl_zh_TW" unpack="false" version="3.5.0.v20090620043401" download-size="1387" install-size="1387" />
	<plugin fragment="true" id="library.xsds.nl_zh_TW" unpack="false" version="3.5.0.v20090620043401" download-size="1388" install-size="1388" />
	<plugin fragment="true" id="org.eclipse.emf.activities.nl_zh_TW" unpack="false" version="3.5.0.v20090620043401" download-size="1425" install-size="1425" />
	<plugin fragment="true" id="org.eclipse.emf.ant.nl_zh_TW" unpack="false" version="3.5.0.v20090620043401" download-size="1412" install-size="1412" />
	<plugin fragment="true" id="org.eclipse.emf.cdo.common.nl_zh_TW" unpack="false" version="3.5.0.v20090620043401" download-size="1390" install-size="1390" />
	<plugin fragment="true" id="org.eclipse.emf.cdo.defs.nl_zh_TW" unpack="false" version="3.5.0.v20090620043401" download-size="1388" install-size="1388" />
	<plugin fragment="true" id="org.eclipse.emf.cdo.doc.nl_zh_TW" unpack="false" version="3.5.0.v20090620043401" download-size="1388" install-size="1388" />
	<plugin fragment="true" id="org.eclipse.emf.cdo.edit.nl_zh_TW" unpack="false" version="3.5.0.v20090620043401" download-size="3693" install-size="3693" />
	<plugin fragment="true" id="org.eclipse.emf.cdo.examples.nl_zh_TW" unpack="false" version="3.5.0.v20090620043401" download-size="1391" install-size="1391" />
	<plugin fragment="true" id="org.eclipse.emf.cdo.examples.spring.nl_zh_TW" unpack="false" version="3.5.0.v20090620043401" download-size="1395" install-size="1395" />
	<plugin fragment="true" id="org.eclipse.emf.cdo.migrator.nl_zh_TW" unpack="false" version="3.5.0.v20090620043401" download-size="2701" install-size="2701" />
	<plugin fragment="true" id="org.eclipse.emf.cdo.nl_zh_TW" unpack="false" version="3.5.0.v20090620043401" download-size="2927" install-size="2927" />
	<plugin fragment="true" id="org.eclipse.emf.cdo.server.db.nl_zh_TW" unpack="false" version="3.5.0.v20090620043401" download-size="1391" install-size="1391" />
	<plugin fragment="true" id="org.eclipse.emf.cdo.server.hibernate.id.nl_zh_TW" unpack="false" version="3.5.0.v20090620043401" download-size="1401" install-size="1401" />
	<plugin fragment="true" id="org.eclipse.emf.cdo.server.hibernate.nl_zh_TW" unpack="false" version="3.5.0.v20090620043401" download-size="1725" install-size="1725" />
	<plugin fragment="true" id="org.eclipse.emf.cdo.server.hibernate.teneo.nl_zh_TW" unpack="false" version="3.5.0.v20090620043401" download-size="1402" install-size="1402" />
	<plugin fragment="true" id="org.eclipse.emf.cdo.server.nl_zh_TW" unpack="false" version="3.5.0.v20090620043401" download-size="1389" install-size="1389" />
	<plugin fragment="true" id="org.eclipse.emf.cdo.tests.db.nl_zh_TW" unpack="false" version="3.5.0.v20090620043401" download-size="1390" install-size="1390" />
	<plugin fragment="true" id="org.eclipse.emf.cdo.tests.hibernate.client.nl_zh_TW" unpack="false" version="3.5.0.v20090620043401" download-size="1400" install-size="1400" />
	<plugin fragment="true" id="org.eclipse.emf.cdo.tests.hibernate.nl_zh_TW" unpack="false" version="3.5.0.v20090620043401" download-size="1964" install-size="1964" />
	<plugin fragment="true" id="org.eclipse.emf.cdo.tests.mango.edit.nl_zh_TW" unpack="false" version="3.5.0.v20090620043401" download-size="1710" install-size="1710" />
	<plugin fragment="true" id="org.eclipse.emf.cdo.tests.mango.nl_zh_TW" unpack="false" version="3.5.0.v20090620043401" download-size="1393" install-size="1393" />
	<plugin fragment="true" id="org.eclipse.emf.cdo.tests.model1.edit.nl_zh_TW" unpack="false" version="3.5.0.v20090620043401" download-size="1833" install-size="1833" />
	<plugin fragment="true" id="org.eclipse.emf.cdo.tests.model1.nl_zh_TW" unpack="false" version="3.5.0.v20090620043401" download-size="1393" install-size="1393" />
	<plugin fragment="true" id="org.eclipse.emf.cdo.tests.model2.edit.nl_zh_TW" unpack="false" version="3.5.0.v20090620043401" download-size="1704" install-size="1704" />
	<plugin fragment="true" id="org.eclipse.emf.cdo.tests.model2.nl_zh_TW" unpack="false" version="3.5.0.v20090620043401" download-size="1393" install-size="1393" />
	<plugin fragment="true" id="org.eclipse.emf.cdo.tests.model3.edit.nl_zh_TW" unpack="false" version="3.5.0.v20090620043401" download-size="1655" install-size="1655" />
	<plugin fragment="true" id="org.eclipse.emf.cdo.tests.model3.nl_zh_TW" unpack="false" version="3.5.0.v20090620043401" download-size="1393" install-size="1393" />
	<plugin fragment="true" id="org.eclipse.emf.cdo.tests.model4.nl_zh_TW" unpack="false" version="3.5.0.v20090620043401" download-size="1393" install-size="1393" />
	<plugin fragment="true" id="org.eclipse.emf.cdo.tests.model4interfaces.nl_zh_TW" unpack="false" version="3.5.0.v20090620043401" download-size="1402" install-size="1402" />
	<plugin fragment="true" id="org.eclipse.emf.cdo.tests.model5.nl_zh_TW" unpack="false" version="3.5.0.v20090620043401" download-size="1393" install-size="1393" />
	<plugin fragment="true" id="org.eclipse.emf.cdo.tests.nl_zh_TW" unpack="false" version="3.5.0.v20090620043401" download-size="1388" install-size="1388" />
	<plugin fragment="true" id="org.eclipse.emf.cdo.ui.capabilities.nl_zh_TW" unpack="false" version="3.5.0.v20090620043401" download-size="1396" install-size="1396" />
	<plugin fragment="true" id="org.eclipse.emf.cdo.ui.defs.nl_zh_TW" unpack="false" version="3.5.0.v20090620043401" download-size="1389" install-size="1389" />
	<plugin fragment="true" id="org.eclipse.emf.cdo.ui.nl_zh_TW" unpack="false" version="3.5.0.v20090620043401" download-size="4586" install-size="4586" />
	<plugin fragment="true" id="org.eclipse.emf.cheatsheets.nl_zh_TW" unpack="false" version="3.5.0.v20090620043401" download-size="1389" install-size="1389" />
	<plugin fragment="true" id="org.eclipse.emf.codegen.ecore.nl_zh_TW" unpack="false" version="3.5.0.v20090620043401" download-size="3214" install-size="3214" />
	<plugin fragment="true" id="org.eclipse.emf.codegen.ecore.ui.nl_zh_TW" unpack="false" version="3.5.0.v20090620043401" download-size="6827" install-size="6827" />
	<plugin fragment="true" id="org.eclipse.emf.codegen.nl_zh_TW" unpack="false" version="3.5.0.v20090620043401" download-size="2706" install-size="2706" />
	<plugin fragment="true" id="org.eclipse.emf.codegen.ui.nl_zh_TW" unpack="false" version="3.5.0.v20090620043401" download-size="2115" install-size="2115" />
	<plugin fragment="true" id="org.eclipse.emf.common.nl_zh_TW" unpack="false" version="3.5.0.v20090620043401" download-size="2059" install-size="2059" />
	<plugin fragment="true" id="org.eclipse.emf.common.ui.nl_zh_TW" unpack="false" version="3.5.0.v20090620043401" download-size="2565" install-size="2565" />
	<plugin fragment="true" id="org.eclipse.emf.converter.nl_zh_TW" unpack="false" version="3.5.0.v20090620043401" download-size="2414" install-size="2414" />
	<plugin fragment="true" id="org.eclipse.emf.databinding.edit.nl_zh_TW" unpack="false" version="3.5.0.v20090620043401" download-size="1393" install-size="1393" />
	<plugin fragment="true" id="org.eclipse.emf.databinding.nl_zh_TW" unpack="false" version="3.5.0.v20090620043401" download-size="1391" install-size="1391" />
	<plugin fragment="true" id="org.eclipse.emf.doc.nl_zh_TW" unpack="false" version="3.5.0.v20090620043401" download-size="1705" install-size="1705" />
	<plugin fragment="true" id="org.eclipse.emf.ecore.change.edit.nl_zh_TW" unpack="false" version="3.5.0.v20090620043401" download-size="1923" install-size="1923" />
	<plugin fragment="true" id="org.eclipse.emf.ecore.change.nl_zh_TW" unpack="false" version="3.5.0.v20090620043401" download-size="1430" install-size="1430" />
	<plugin fragment="true" id="org.eclipse.emf.ecore.edit.nl_zh_TW" unpack="false" version="3.5.0.v20090620043401" download-size="2971" install-size="2971" />
	<plugin fragment="true" id="org.eclipse.emf.ecore.editor.nl_zh_TW" unpack="false" version="3.5.0.v20090620043401" download-size="2675" install-size="2675" />
	<plugin fragment="true" id="org.eclipse.emf.ecore.nl_zh_TW" unpack="false" version="3.5.0.v20090620043401" download-size="3040" install-size="3040" />
	<plugin fragment="true" id="org.eclipse.emf.ecore.xmi.nl_zh_TW" unpack="false" version="3.5.0.v20090620043401" download-size="1406" install-size="1406" />
	<plugin fragment="true" id="org.eclipse.emf.edit.nl_zh_TW" unpack="false" version="3.5.0.v20090620043401" download-size="2565" install-size="2565" />
	<plugin fragment="true" id="org.eclipse.emf.edit.ui.nl_zh_TW" unpack="false" version="3.5.0.v20090620043401" download-size="2600" install-size="2600" />
	<plugin fragment="true" id="org.eclipse.emf.example.installer.nl_zh_TW" unpack="false" version="3.5.0.v20090620043401" download-size="1440" install-size="1440" />
	<plugin fragment="true" id="org.eclipse.emf.examples.databinding.project.core.model.nl_zh_TW" unpack="false" version="3.5.0.v20090620043401" download-size="1417" install-size="1417" />
	<plugin fragment="true" id="org.eclipse.emf.examples.generator.validator.nl_zh_TW" unpack="false" version="3.5.0.v20090620043401" download-size="1402" install-size="1402" />
	<plugin fragment="true" id="org.eclipse.emf.examples.jet.article2.nl_zh_TW" unpack="false" version="3.5.0.v20090620043401" download-size="1630" install-size="1630" />
	<plugin fragment="true" id="org.eclipse.emf.examples.library.edit.nl_zh_TW" unpack="false" version="3.5.0.v20090620043401" download-size="1884" install-size="1884" />
	<plugin fragment="true" id="org.eclipse.emf.examples.library.editor.nl_zh_TW" unpack="false" version="3.5.0.v20090620043401" download-size="2139" install-size="2139" />
	<plugin fragment="true" id="org.eclipse.emf.examples.library.nl_zh_TW" unpack="false" version="3.5.0.v20090620043401" download-size="1394" install-size="1394" />
	<plugin fragment="true" id="org.eclipse.emf.examples.nl_zh_TW" unpack="false" version="3.5.0.v20090620043401" download-size="1388" install-size="1388" />
	<plugin fragment="true" id="org.eclipse.emf.exporter.html.nl_zh_TW" unpack="false" version="3.5.0.v20090620043401" download-size="1456" install-size="1456" />
	<plugin fragment="true" id="org.eclipse.emf.exporter.nl_zh_TW" unpack="false" version="3.5.0.v20090620043401" download-size="1425" install-size="1425" />
	<plugin fragment="true" id="org.eclipse.emf.importer.ecore.nl_zh_TW" unpack="false" version="3.5.0.v20090620043401" download-size="1754" install-size="1754" />
	<plugin fragment="true" id="org.eclipse.emf.importer.java.nl_zh_TW" unpack="false" version="3.5.0.v20090620043401" download-size="1913" install-size="1913" />
	<plugin fragment="true" id="org.eclipse.emf.importer.nl_zh_TW" unpack="false" version="3.5.0.v20090620043401" download-size="2365" install-size="2365" />
	<plugin fragment="true" id="org.eclipse.emf.importer.rose.nl_zh_TW" unpack="false" version="3.5.0.v20090620043401" download-size="3285" install-size="3285" />
	<plugin fragment="true" id="org.eclipse.emf.java.edit.nl_zh_TW" unpack="false" version="3.5.0.v20090620043401" download-size="2141" install-size="2141" />
	<plugin fragment="true" id="org.eclipse.emf.java.editor.nl_zh_TW" unpack="false" version="3.5.0.v20090620043401" download-size="2077" install-size="2077" />
	<plugin fragment="true" id="org.eclipse.emf.java.nl_zh_TW" unpack="false" version="3.5.0.v20090620043401" download-size="1386" install-size="1386" />
	<plugin fragment="true" id="org.eclipse.emf.mapping.ecore.editor.nl_zh_TW" unpack="false" version="3.5.0.v20090620043401" download-size="1394" install-size="1394" />
	<plugin fragment="true" id="org.eclipse.emf.mapping.ecore.nl_zh_TW" unpack="false" version="3.5.0.v20090620043401" download-size="1391" install-size="1391" />
	<plugin fragment="true" id="org.eclipse.emf.mapping.ecore2ecore.editor.nl_zh_TW" unpack="false" version="3.5.0.v20090620043401" download-size="2526" install-size="2526" />
	<plugin fragment="true" id="org.eclipse.emf.mapping.ecore2ecore.nl_zh_TW" unpack="false" version="3.5.0.v20090620043401" download-size="1537" install-size="1537" />
	<plugin fragment="true" id="org.eclipse.emf.mapping.ecore2xml.nl_zh_TW" unpack="false" version="3.5.0.v20090620043401" download-size="1431" install-size="1431" />
	<plugin fragment="true" id="org.eclipse.emf.mapping.ecore2xml.ui.nl_zh_TW" unpack="false" version="3.5.0.v20090620043401" download-size="2621" install-size="2621" />
	<plugin fragment="true" id="org.eclipse.emf.mapping.nl_zh_TW" unpack="false" version="3.5.0.v20090620043401" download-size="2602" install-size="2602" />
	<plugin fragment="true" id="org.eclipse.emf.mapping.ui.nl_zh_TW" unpack="false" version="3.5.0.v20090620043401" download-size="2393" install-size="2393" />
	<plugin fragment="true" id="org.eclipse.emf.mapping.xsd2ecore.editor.nl_zh_TW" unpack="false" version="3.5.0.v20090620043401" download-size="2126" install-size="2126" />
	<plugin fragment="true" id="org.eclipse.emf.mapping.xsd2ecore.nl_zh_TW" unpack="false" version="3.5.0.v20090620043401" download-size="1545" install-size="1545" />
	<plugin fragment="true" id="org.eclipse.emf.nl_zh_TW" unpack="false" version="3.5.0.v20090620043401" download-size="1382" install-size="1382" />
	<plugin fragment="true" id="org.eclipse.emf.query.doc.nl_zh_TW" unpack="false" version="3.5.0.v20090620043401" download-size="1707" install-size="1707" />
	<plugin fragment="true" id="org.eclipse.emf.query.examples.nl_zh_TW" unpack="false" version="3.5.0.v20090620043401" download-size="1716" install-size="1716" />
	<plugin fragment="true" id="org.eclipse.emf.query.examples.ocl.nl_zh_TW" unpack="false" version="3.5.0.v20090620043401" download-size="1400" install-size="1400" />
	<plugin fragment="true" id="org.eclipse.emf.query.examples.statements.nl_zh_TW" unpack="false" version="3.5.0.v20090620043401" download-size="1407" install-size="1407" />
	<plugin fragment="true" id="org.eclipse.emf.query.nl_zh_TW" unpack="false" version="3.5.0.v20090620043401" download-size="2744" install-size="2744" />
	<plugin fragment="true" id="org.eclipse.emf.query.ocl.nl_zh_TW" unpack="false" version="3.5.0.v20090620043401" download-size="1704" install-size="1704" />
	<plugin fragment="true" id="org.eclipse.emf.query.ocl.tests.nl_zh_TW" unpack="false" version="3.5.0.v20090620043401" download-size="1398" install-size="1398" />
	<plugin fragment="true" id="org.eclipse.emf.query.tests.nl_zh_TW" unpack="false" version="3.5.0.v20090620043401" download-size="1395" install-size="1395" />
	<plugin fragment="true" id="org.eclipse.emf.test.build.nl_zh_TW" unpack="false" version="3.5.0.v20090620043401" download-size="1389" install-size="1389" />
	<plugin fragment="true" id="org.eclipse.emf.test.common.nl_zh_TW" unpack="false" version="3.5.0.v20090620043401" download-size="1829" install-size="1829" />
	<plugin fragment="true" id="org.eclipse.emf.test.core.nl_zh_TW" unpack="false" version="3.5.0.v20090620043401" download-size="1388" install-size="1388" />
	<plugin fragment="true" id="org.eclipse.emf.test.edit.nl_zh_TW" unpack="false" version="3.5.0.v20090620043401" download-size="2380" install-size="2380" />
	<plugin fragment="true" id="org.eclipse.emf.test.examples.nl_zh_TW" unpack="false" version="3.5.0.v20090620043401" download-size="1391" install-size="1391" />
	<plugin fragment="true" id="org.eclipse.emf.test.tools.nl_zh_TW" unpack="false" version="3.5.0.v20090620043401" download-size="1389" install-size="1389" />
	<plugin fragment="true" id="org.eclipse.emf.test.xml.nl_zh_TW" unpack="false" version="3.5.0.v20090620043401" download-size="1388" install-size="1388" />
	<plugin fragment="true" id="org.eclipse.emf.tests.nl_zh_TW" unpack="false" version="3.5.0.v20090620043401" download-size="1386" install-size="1386" />
	<plugin fragment="true" id="org.eclipse.emf.transaction.doc.nl_zh_TW" unpack="false" version="3.5.0.v20090620043401" download-size="1714" install-size="1714" />
	<plugin fragment="true" id="org.eclipse.emf.transaction.examples.nl_zh_TW" unpack="false" version="3.5.0.v20090620043401" download-size="1719" install-size="1719" />
	<plugin fragment="true" id="org.eclipse.emf.transaction.nl_zh_TW" unpack="false" version="3.5.0.v20090620043401" download-size="3480" install-size="3480" />
	<plugin fragment="true" id="org.eclipse.emf.transaction.tests.nl_zh_TW" unpack="false" version="3.5.0.v20090620043401" download-size="1399" install-size="1399" />
	<plugin fragment="true" id="org.eclipse.emf.transaction.ui.nl_zh_TW" unpack="false" version="3.5.0.v20090620043401" download-size="2702" install-size="2702" />
	<plugin fragment="true" id="org.eclipse.emf.validation.doc.nl_zh_TW" unpack="false" version="3.5.0.v20090620043401" download-size="1715" install-size="1715" />
	<plugin fragment="true" id="org.eclipse.emf.validation.examples.adapter.nl_zh_TW" unpack="false" version="3.5.0.v20090620043401" download-size="1404" install-size="1404" />
	<plugin fragment="true" id="org.eclipse.emf.validation.examples.general.nl_zh_TW" unpack="false" version="3.5.0.v20090620043401" download-size="3066" install-size="3066" />
	<plugin fragment="true" id="org.eclipse.emf.validation.examples.nl_zh_TW" unpack="false" version="3.5.0.v20090620043401" download-size="1459" install-size="1459" />
	<plugin fragment="true" id="org.eclipse.emf.validation.examples.ocl.nl_zh_TW" unpack="false" version="3.5.0.v20090620043401" download-size="1404" install-size="1404" />
	<plugin fragment="true" id="org.eclipse.emf.validation.nl_zh_TW" unpack="false" version="3.5.0.v20090620043401" download-size="5029" install-size="5029" />
	<plugin fragment="true" id="org.eclipse.emf.validation.ocl.nl_zh_TW" unpack="false" version="3.5.0.v20090620043401" download-size="1725" install-size="1725" />
	<plugin fragment="true" id="org.eclipse.emf.validation.tests.nl_zh_TW" unpack="false" version="3.5.0.v20090620043401" download-size="1398" install-size="1398" />
	<plugin fragment="true" id="org.eclipse.emf.validation.ui.ide.nl_zh_TW" unpack="false" version="3.5.0.v20090620043401" download-size="2886" install-size="2886" />
	<plugin fragment="true" id="org.eclipse.emf.validation.ui.nl_zh_TW" unpack="false" version="3.5.0.v20090620043401" download-size="3564" install-size="3564" />
	<plugin fragment="true" id="org.eclipse.emf.workspace.doc.nl_zh_TW" unpack="false" version="3.5.0.v20090620043401" download-size="1732" install-size="1732" />
	<plugin fragment="true" id="org.eclipse.emf.workspace.examples.library.editor.nl_zh_TW" unpack="false" version="3.5.0.v20090620043401" download-size="2149" install-size="2149" />
	<plugin fragment="true" id="org.eclipse.emf.workspace.examples.nl_zh_TW" unpack="false" version="3.5.0.v20090620043401" download-size="1401" install-size="1401" />
	<plugin fragment="true" id="org.eclipse.emf.workspace.nl_zh_TW" unpack="false" version="3.5.0.v20090620043401" download-size="3292" install-size="3292" />
	<plugin fragment="true" id="org.eclipse.emf.workspace.tests.nl_zh_TW" unpack="false" version="3.5.0.v20090620043401" download-size="1398" install-size="1398" />
	<plugin fragment="true" id="org.eclipse.emf.workspace.ui.nl_zh_TW" unpack="false" version="3.5.0.v20090620043401" download-size="1454" install-size="1454" />
	<plugin fragment="true" id="org.eclipse.net4j.buddies.chat.nl_zh_TW" unpack="false" version="3.5.0.v20090620043401" download-size="1392" install-size="1392" />
	<plugin fragment="true" id="org.eclipse.net4j.buddies.chat.ui.nl_zh_TW" unpack="false" version="3.5.0.v20090620043401" download-size="1397" install-size="1397" />
	<plugin fragment="true" id="org.eclipse.net4j.buddies.common.nl_zh_TW" unpack="false" version="3.5.0.v20090620043401" download-size="1393" install-size="1393" />
	<plugin fragment="true" id="org.eclipse.net4j.buddies.nl_zh_TW" unpack="false" version="3.5.0.v20090620043401" download-size="1389" install-size="1389" />
	<plugin fragment="true" id="org.eclipse.net4j.buddies.server.nl_zh_TW" unpack="false" version="3.5.0.v20090620043401" download-size="1393" install-size="1393" />
	<plugin fragment="true" id="org.eclipse.net4j.buddies.ui.nl_zh_TW" unpack="false" version="3.5.0.v20090620043401" download-size="2719" install-size="2719" />
	<plugin fragment="true" id="org.eclipse.net4j.db.derby.nl_zh_TW" unpack="false" version="3.5.0.v20090620043401" download-size="1390" install-size="1390" />
	<plugin fragment="true" id="org.eclipse.net4j.db.hsqldb.nl_zh_TW" unpack="false" version="3.5.0.v20090620043401" download-size="1390" install-size="1390" />
	<plugin fragment="true" id="org.eclipse.net4j.db.mysql.nl_zh_TW" unpack="false" version="3.5.0.v20090620043401" download-size="1391" install-size="1391" />
	<plugin fragment="true" id="org.eclipse.net4j.db.nl_zh_TW" unpack="false" version="3.5.0.v20090620043401" download-size="1385" install-size="1385" />
	<plugin fragment="true" id="org.eclipse.net4j.db.postgresql.nl_zh_TW" unpack="false" version="3.5.0.v20090620043401" download-size="1392" install-size="1392" />
	<plugin fragment="true" id="org.eclipse.net4j.debug.nl_zh_TW" unpack="false" version="3.5.0.v20090620043401" download-size="2504" install-size="2504" />
	<plugin fragment="true" id="org.eclipse.net4j.defs.nl_zh_TW" unpack="false" version="3.5.0.v20090620043401" download-size="1387" install-size="1387" />
	<plugin fragment="true" id="org.eclipse.net4j.doc.nl_zh_TW" unpack="false" version="3.5.0.v20090620043401" download-size="1386" install-size="1386" />
	<plugin fragment="true" id="org.eclipse.net4j.examples.nl_zh_TW" unpack="false" version="3.5.0.v20090620043401" download-size="1389" install-size="1389" />
	<plugin fragment="true" id="org.eclipse.net4j.http.common.nl_zh_TW" unpack="false" version="3.5.0.v20090620043401" download-size="1393" install-size="1393" />
	<plugin fragment="true" id="org.eclipse.net4j.http.nl_zh_TW" unpack="false" version="3.5.0.v20090620043401" download-size="1386" install-size="1386" />
	<plugin fragment="true" id="org.eclipse.net4j.http.server.nl_zh_TW" unpack="false" version="3.5.0.v20090620043401" download-size="1391" install-size="1391" />
	<plugin fragment="true" id="org.eclipse.net4j.http.tests.nl_zh_TW" unpack="false" version="3.5.0.v20090620043401" download-size="1391" install-size="1391" />
	<plugin fragment="true" id="org.eclipse.net4j.jms.admin.nl_zh_TW" unpack="false" version="3.5.0.v20090620043401" download-size="1390" install-size="1390" />
	<plugin fragment="true" id="org.eclipse.net4j.jms.api.nl_zh_TW" unpack="false" version="3.5.0.v20090620043401" download-size="1389" install-size="1389" />
	<plugin fragment="true" id="org.eclipse.net4j.jms.nl_zh_TW" unpack="false" version="3.5.0.v20090620043401" download-size="1386" install-size="1386" />
	<plugin fragment="true" id="org.eclipse.net4j.jms.server.jdbc.nl_zh_TW" unpack="false" version="3.5.0.v20090620043401" download-size="1394" install-size="1394" />
	<plugin fragment="true" id="org.eclipse.net4j.jms.server.nl_zh_TW" unpack="false" version="3.5.0.v20090620043401" download-size="1390" install-size="1390" />
	<plugin fragment="true" id="org.eclipse.net4j.jms.tests.nl_zh_TW" unpack="false" version="3.5.0.v20090620043401" download-size="1390" install-size="1390" />
	<plugin fragment="true" id="org.eclipse.net4j.jvm.nl_zh_TW" unpack="false" version="3.5.0.v20090620043401" download-size="1386" install-size="1386" />
	<plugin fragment="true" id="org.eclipse.net4j.nl_zh_TW" unpack="false" version="3.5.0.v20090620043401" download-size="1384" install-size="1384" />
	<plugin fragment="true" id="org.eclipse.net4j.tcp.nl_zh_TW" unpack="false" version="3.5.0.v20090620043401" download-size="1386" install-size="1386" />
	<plugin fragment="true" id="org.eclipse.net4j.tests.nl_zh_TW" unpack="false" version="3.5.0.v20090620043401" download-size="1387" install-size="1387" />
	<plugin fragment="true" id="org.eclipse.net4j.ui.capabilities.nl_zh_TW" unpack="false" version="3.5.0.v20090620043401" download-size="1395" install-size="1395" />
	<plugin fragment="true" id="org.eclipse.net4j.ui.defs.nl_zh_TW" unpack="false" version="3.5.0.v20090620043401" download-size="1389" install-size="1389" />
	<plugin fragment="true" id="org.eclipse.net4j.ui.nl_zh_TW" unpack="false" version="3.5.0.v20090620043401" download-size="2424" install-size="2424" />
	<plugin fragment="true" id="org.eclipse.net4j.util.defs.nl_zh_TW" unpack="false" version="3.5.0.v20090620043401" download-size="1390" install-size="1390" />
	<plugin fragment="true" id="org.eclipse.net4j.util.nl_zh_TW" unpack="false" version="3.5.0.v20090620043401" download-size="1386" install-size="1386" />
	<plugin fragment="true" id="org.eclipse.net4j.util.ui.nl_zh_TW" unpack="false" version="3.5.0.v20090620043401" download-size="8281" install-size="8281" />
	<plugin fragment="true" id="org.eclipse.xsd.cheatsheets.nl_zh_TW" unpack="false" version="3.5.0.v20090620043401" download-size="1390" install-size="1390" />
	<plugin fragment="true" id="org.eclipse.xsd.doc.nl_zh_TW" unpack="false" version="3.5.0.v20090620043401" download-size="1716" install-size="1716" />
	<plugin fragment="true" id="org.eclipse.xsd.ecore.converter.nl_zh_TW" unpack="false" version="3.5.0.v20090620043401" download-size="1393" install-size="1393" />
	<plugin fragment="true" id="org.eclipse.xsd.ecore.exporter.nl_zh_TW" unpack="false" version="3.5.0.v20090620043401" download-size="1597" install-size="1597" />
	<plugin fragment="true" id="org.eclipse.xsd.ecore.importer.nl_zh_TW" unpack="false" version="3.5.0.v20090620043401" download-size="1798" install-size="1798" />
	<plugin fragment="true" id="org.eclipse.xsd.edit.nl_zh_TW" unpack="false" version="3.5.0.v20090620043401" download-size="4893" install-size="4893" />
	<plugin fragment="true" id="org.eclipse.xsd.editor.nl_zh_TW" unpack="false" version="3.5.0.v20090620043401" download-size="2365" install-size="2365" />
	<plugin fragment="true" id="org.eclipse.xsd.example.installer.nl_zh_TW" unpack="false" version="3.5.0.v20090620043401" download-size="1393" install-size="1393" />
	<plugin fragment="true" id="org.eclipse.xsd.example.nl_zh_TW" unpack="false" version="3.5.0.v20090620043401" download-size="1388" install-size="1388" />
	<plugin fragment="true" id="org.eclipse.xsd.mapping.editor.nl_zh_TW" unpack="false" version="3.5.0.v20090620043401" download-size="1391" install-size="1391" />
	<plugin fragment="true" id="org.eclipse.xsd.mapping.nl_zh_TW" unpack="false" version="3.5.0.v20090620043401" download-size="1388" install-size="1388" />
	<plugin fragment="true" id="org.eclipse.xsd.nl_zh_TW" unpack="false" version="3.5.0.v20090620043401" download-size="1573" install-size="1573" />
</feature>