<?xml version="1.0" encoding="UTF-8" ?>
<feature
	id="org.eclipse.babel.nls_webtools.webservices_zh_TW"
	label="Babel Language Pack for webtools.webservices in Chinese (Traditional) (89.24%)"
	image="eclipse_update_120.jpg"
	provider-name="%providerName"
	version="3.5.0.v20090620043401">
	<copyright>
		%copyright
	</copyright>
	<license url="%licenseURL">
		%license
	</license>
	<description>Babel Language Pack for webtools.webservices in Chinese (Traditional)</description>
	<plugin fragment="true" id="org.eclipse.jst.ws.axis.consumption.core.nl_zh_TW" unpack="false" version="3.5.0.v20090620043401" download-size="4409" install-size="4409" />
	<plugin fragment="true" id="org.eclipse.jst.ws.axis.consumption.ui.nl_zh_TW" unpack="false" version="3.5.0.v20090620043401" download-size="4810" install-size="4810" />
	<plugin fragment="true" id="org.eclipse.jst.ws.axis.creation.ui.nl_zh_TW" unpack="false" version="3.5.0.v20090620043401" download-size="4116" install-size="4116" />
	<plugin fragment="true" id="org.eclipse.jst.ws.axis2.consumption.core.nl_zh_TW" unpack="false" version="3.5.0.v20090620043401" download-size="2855" install-size="2855" />
	<plugin fragment="true" id="org.eclipse.jst.ws.axis2.consumption.ui.nl_zh_TW" unpack="false" version="3.5.0.v20090620043401" download-size="1451" install-size="1451" />
	<plugin fragment="true" id="org.eclipse.jst.ws.axis2.core.nl_zh_TW" unpack="false" version="3.5.0.v20090620043401" download-size="2717" install-size="2717" />
	<plugin fragment="true" id="org.eclipse.jst.ws.axis2.creation.core.nl_zh_TW" unpack="false" version="3.5.0.v20090620043401" download-size="2846" install-size="2846" />
	<plugin fragment="true" id="org.eclipse.jst.ws.axis2.creation.ui.nl_zh_TW" unpack="false" version="3.5.0.v20090620043401" download-size="1405" install-size="1405" />
	<plugin fragment="true" id="org.eclipse.jst.ws.axis2.ui.doc.user.nl_zh_TW" unpack="false" version="3.5.0.v20090620043401" download-size="1400" install-size="1400" />
	<plugin fragment="true" id="org.eclipse.jst.ws.axis2.ui.nl_zh_TW" unpack="false" version="3.5.0.v20090620043401" download-size="1395" install-size="1395" />
	<plugin fragment="true" id="org.eclipse.jst.ws.consumption.nl_zh_TW" unpack="false" version="3.5.0.v20090620043401" download-size="4973" install-size="4973" />
	<plugin fragment="true" id="org.eclipse.jst.ws.consumption.ui.nl_zh_TW" unpack="false" version="3.5.0.v20090620043401" download-size="10536" install-size="10536" />
	<plugin fragment="true" id="org.eclipse.jst.ws.creation.ejb.ui.nl_zh_TW" unpack="false" version="3.5.0.v20090620043401" download-size="1539" install-size="1539" />
	<plugin fragment="true" id="org.eclipse.jst.ws.creation.ui.nl_zh_TW" unpack="false" version="3.5.0.v20090620043401" download-size="3074" install-size="3074" />
	<plugin fragment="true" id="org.eclipse.jst.ws.nl_zh_TW" unpack="false" version="3.5.0.v20090620043401" download-size="3681" install-size="3681" />
	<plugin fragment="true" id="org.eclipse.jst.ws.uddiregistry.nl_zh_TW" unpack="false" version="3.5.0.v20090620043401" download-size="2878" install-size="2878" />
	<plugin fragment="true" id="org.eclipse.jst.ws.ui.nl_zh_TW" unpack="false" version="3.5.0.v20090620043401" download-size="3741" install-size="3741" />
	<plugin fragment="true" id="org.eclipse.wst.command.env.core.nl_zh_TW" unpack="false" version="3.5.0.v20090620043401" download-size="2777" install-size="2777" />
	<plugin fragment="true" id="org.eclipse.wst.command.env.nl_zh_TW" unpack="false" version="3.5.0.v20090620043401" download-size="5051" install-size="5051" />
	<plugin fragment="true" id="org.eclipse.wst.command.env.ui.nl_zh_TW" unpack="false" version="3.5.0.v20090620043401" download-size="3393" install-size="3393" />
	<plugin fragment="true" id="org.eclipse.wst.ws.explorer.nl_zh_TW" unpack="false" version="3.5.0.v20090620043401" download-size="17797" install-size="17797" />
	<plugin fragment="true" id="org.eclipse.wst.ws.nl_zh_TW" unpack="false" version="3.5.0.v20090620043401" download-size="2855" install-size="2855" />
	<plugin fragment="true" id="org.eclipse.wst.ws.parser.nl_zh_TW" unpack="false" version="3.5.0.v20090620043401" download-size="3345" install-size="3345" />
	<plugin fragment="true" id="org.eclipse.wst.ws.service.policy.nl_zh_TW" unpack="false" version="3.5.0.v20090620043401" download-size="1539" install-size="1539" />
	<plugin fragment="true" id="org.eclipse.wst.ws.service.policy.ui.nl_zh_TW" unpack="false" version="3.5.0.v20090620043401" download-size="2941" install-size="2941" />
	<plugin fragment="true" id="org.eclipse.wst.ws.ui.nl_zh_TW" unpack="false" version="3.5.0.v20090620043401" download-size="3210" install-size="3210" />
	<plugin fragment="true" id="org.eclipse.wst.wsdl.nl_zh_TW" unpack="false" version="3.5.0.v20090620043401" download-size="1385" install-size="1385" />
	<plugin fragment="true" id="org.eclipse.wst.wsdl.ui.nl_zh_TW" unpack="false" version="3.5.0.v20090620043401" download-size="6419" install-size="6419" />
	<plugin fragment="true" id="org.eclipse.wst.wsdl.validation.nl_zh_TW" unpack="false" version="3.5.0.v20090620043401" download-size="8196" install-size="8196" />
	<plugin fragment="true" id="org.eclipse.wst.wsi.nl_zh_TW" unpack="false" version="3.5.0.v20090620043401" download-size="6040" install-size="6040" />
	<plugin fragment="true" id="org.eclipse.wst.wsi.ui.nl_zh_TW" unpack="false" version="3.5.0.v20090620043401" download-size="4076" install-size="4076" />
</feature>