<?xml version="1.0" encoding="UTF-8" ?>
<feature
	id="org.eclipse.babel.nls_tptp.platform_bg"
	label="Babel Language Pack for tptp.platform in Bulgarian (0.44%)"
	image="eclipse_update_120.jpg"
	provider-name="%providerName"
	version="3.5.0.v20090620043401">
	<copyright>
		%copyright
	</copyright>
	<license url="%licenseURL">
		%license
	</license>
	<description>Babel Language Pack for tptp.platform in Bulgarian</description>
	<plugin fragment="true" id="org.eclipse.hyades.analysis.engine.nl_bg" unpack="false" version="3.5.0.v20090620043401" download-size="1375" install-size="1375" />
	<plugin fragment="true" id="org.eclipse.hyades.logging.adapter.nl_bg" unpack="false" version="3.5.0.v20090620043401" download-size="1376" install-size="1376" />
	<plugin fragment="true" id="org.eclipse.hyades.logging.adapter.ui.nl_bg" unpack="false" version="3.5.0.v20090620043401" download-size="1378" install-size="1378" />
	<plugin fragment="true" id="org.eclipse.hyades.logging.parsers.nl_bg" unpack="false" version="3.5.0.v20090620043401" download-size="1376" install-size="1376" />
	<plugin fragment="true" id="org.eclipse.hyades.resources.database.nl_bg" unpack="false" version="3.5.0.v20090620043401" download-size="1378" install-size="1378" />
	<plugin fragment="true" id="org.eclipse.hyades.sdb.nl_bg" unpack="false" version="3.5.0.v20090620043401" download-size="1372" install-size="1372" />
	<plugin fragment="true" id="org.eclipse.hyades.statistical.ui.nl_bg" unpack="false" version="3.5.0.v20090620043401" download-size="1380" install-size="1380" />
	<plugin fragment="true" id="org.eclipse.tptp.lta.gla.ui.epi.nl_bg" unpack="false" version="3.5.0.v20090620043401" download-size="1372" install-size="1372" />
	<plugin fragment="true" id="org.eclipse.tptp.lta.log.epi.nl_bg" unpack="false" version="3.5.0.v20090620043401" download-size="1375" install-size="1375" />
	<plugin fragment="true" id="org.eclipse.tptp.lta.runtime.nl_bg" unpack="false" version="3.5.0.v20090620043401" download-size="1372" install-size="1372" />
	<plugin fragment="true" id="org.eclipse.tptp.lta.sdb.epi.nl_bg" unpack="false" version="3.5.0.v20090620043401" download-size="1374" install-size="1374" />
	<plugin fragment="true" id="org.eclipse.tptp.lta.symptom.epi.nl_bg" unpack="false" version="3.5.0.v20090620043401" download-size="1376" install-size="1376" />
	<plugin fragment="true" id="org.eclipse.tptp.monitoring.la.core.nl_bg" unpack="false" version="3.5.0.v20090620043401" download-size="1375" install-size="1375" />
	<plugin fragment="true" id="org.eclipse.tptp.monitoring.logui.nl_bg" unpack="false" version="3.5.0.v20090620043401" download-size="1377" install-size="1377" />
	<plugin fragment="true" id="org.eclipse.tptp.monitoring.lta.doc.isv.nl_bg" unpack="false" version="3.5.0.v20090620043401" download-size="1379" install-size="1379" />
	<plugin fragment="true" id="org.eclipse.tptp.monitoring.lta.doc.user.nl_bg" unpack="false" version="3.5.0.v20090620043401" download-size="1381" install-size="1381" />
	<plugin fragment="true" id="org.eclipse.tptp.monitoring.lta.examples.isv.nl_bg" unpack="false" version="3.5.0.v20090620043401" download-size="1389" install-size="1389" />
	<plugin fragment="true" id="org.eclipse.tptp.monitoring.lta.examples.nl_bg" unpack="false" version="3.5.0.v20090620043401" download-size="1382" install-size="1382" />
	<plugin fragment="true" id="org.eclipse.tptp.monitoring.profile.server.nl_bg" unpack="false" version="3.5.0.v20090620043401" download-size="1382" install-size="1382" />
	<plugin fragment="true" id="org.eclipse.tptp.monitoring.symptom.doc.user.nl_bg" unpack="false" version="3.5.0.v20090620043401" download-size="1383" install-size="1383" />
	<plugin fragment="true" id="org.eclipse.tptp.monitoring.symptom.editor.nl_bg" unpack="false" version="3.5.0.v20090620043401" download-size="1379" install-size="1379" />
	<plugin fragment="true" id="org.eclipse.tptp.platform.analysis.codereview.cpp.nl_bg" unpack="false" version="3.5.0.v20090620043401" download-size="1385" install-size="1385" />
	<plugin fragment="true" id="org.eclipse.tptp.platform.analysis.codereview.cpp.rules.nl_bg" unpack="false" version="3.5.0.v20090620043401" download-size="1392" install-size="1392" />
	<plugin fragment="true" id="org.eclipse.tptp.platform.la.core.nl_bg" unpack="false" version="3.5.0.v20090620043401" download-size="1374" install-size="1374" />
	<plugin fragment="true" id="org.eclipse.tptp.platform.llc.core.nl_bg" unpack="false" version="3.5.0.v20090620043401" download-size="1374" install-size="1374" />
	<plugin fragment="true" id="org.eclipse.tptp.platform.llc.doc.user.nl_bg" unpack="false" version="3.5.0.v20090620043401" download-size="1381" install-size="1381" />
	<plugin fragment="true" id="org.eclipse.tptp.platform.llc.launch.nl_bg" unpack="false" version="3.5.0.v20090620043401" download-size="1376" install-size="1376" />
	<plugin fragment="true" id="org.eclipse.tptp.platform.llc.ui.nl_bg" unpack="false" version="3.5.0.v20090620043401" download-size="1374" install-size="1374" />
	<plugin fragment="true" id="org.eclipse.tptp.platform.log.doc.user.nl_bg" unpack="false" version="3.5.0.v20090620043401" download-size="1376" install-size="1376" />
	<plugin fragment="true" id="org.eclipse.tptp.platform.log.views.nl_bg" unpack="false" version="3.5.0.v20090620043401" download-size="1379" install-size="1379" />
	<plugin fragment="true" id="org.eclipse.tptp.platform.lta.common.nl_bg" unpack="false" version="3.5.0.v20090620043401" download-size="1376" install-size="1376" />
	<plugin fragment="true" id="org.eclipse.tptp.platform.models.lta.nl_bg" unpack="false" version="3.5.0.v20090620043401" download-size="1375" install-size="1375" />
	<plugin fragment="true" id="org.eclipse.tptp.test.auto.gui.nl_bg" unpack="false" version="3.5.0.v20090620043401" download-size="1372" install-size="1372" />
	<plugin fragment="true" id="org.eclipse.tptp.test.auto.nl_bg" unpack="false" version="3.5.0.v20090620043401" download-size="1370" install-size="1370" />
	<plugin fragment="true" id="org.eclipse.tptp.test.tools.manual.doc.user.nl_bg" unpack="false" version="3.5.0.v20090620043401" download-size="1379" install-size="1379" />
	<plugin fragment="true" id="org.eclipse.tptp.test.tools.manual.nl_bg" unpack="false" version="3.5.0.v20090620043401" download-size="1373" install-size="1373" />
	<plugin fragment="true" id="org.eclipse.tptp.trace.memory.nl_bg" unpack="false" version="3.5.0.v20090620043401" download-size="1375" install-size="1375" />
</feature>