<?xml version="1.0" encoding="UTF-8" ?>
<feature
	id="org.eclipse.babel.nls_datatools_en_AA"
	label="Babel Language Pack for datatools in Pseudo Translations (100%)"
	image="eclipse_update_120.jpg"
	provider-name="%providerName"
	version="3.5.0.v20090620043401">
	<copyright>
		%copyright
	</copyright>
	<license url="%licenseURL">
		%license
	</license>
	<description>Babel Language Pack for datatools in Pseudo Translations</description>
	<plugin fragment="true" id="org.eclipse.datatools.connectivity.apache.derby.dbdefinition.nl_en_AA" unpack="false" version="3.5.0.v20090620043401" download-size="1522" install-size="1522" />
	<plugin fragment="true" id="org.eclipse.datatools.connectivity.apache.derby.nl_en_AA" unpack="false" version="3.5.0.v20090620043401" download-size="1916" install-size="1916" />
	<plugin fragment="true" id="org.eclipse.datatools.connectivity.apache.derby.ui.nl_en_AA" unpack="false" version="3.5.0.v20090620043401" download-size="5338" install-size="5338" />
	<plugin fragment="true" id="org.eclipse.datatools.connectivity.console.profile.nl_en_AA" unpack="false" version="3.5.0.v20090620043401" download-size="4048" install-size="4048" />
	<plugin fragment="true" id="org.eclipse.datatools.connectivity.db.generic.nl_en_AA" unpack="false" version="3.5.0.v20090620043401" download-size="3374" install-size="3374" />
	<plugin fragment="true" id="org.eclipse.datatools.connectivity.db.generic.ui.nl_en_AA" unpack="false" version="3.5.0.v20090620043401" download-size="1534" install-size="1534" />
	<plugin fragment="true" id="org.eclipse.datatools.connectivity.dbdefinition.genericJDBC.nl_en_AA" unpack="false" version="3.5.0.v20090620043401" download-size="1501" install-size="1501" />
	<plugin fragment="true" id="org.eclipse.datatools.connectivity.nl_en_AA" unpack="false" version="3.5.0.v20090620043401" download-size="6790" install-size="6790" />
	<plugin fragment="true" id="org.eclipse.datatools.connectivity.oda.consumer.nl_en_AA" unpack="false" version="3.5.0.v20090620043401" download-size="3121" install-size="3121" />
	<plugin fragment="true" id="org.eclipse.datatools.connectivity.oda.design.nl_en_AA" unpack="false" version="3.5.0.v20090620043401" download-size="2793" install-size="2793" />
	<plugin fragment="true" id="org.eclipse.datatools.connectivity.oda.design.ui.nl_en_AA" unpack="false" version="3.5.0.v20090620043401" download-size="4878" install-size="4878" />
	<plugin fragment="true" id="org.eclipse.datatools.connectivity.oda.flatfile.nl_en_AA" unpack="false" version="3.5.0.v20090620043401" download-size="3969" install-size="3969" />
	<plugin fragment="true" id="org.eclipse.datatools.connectivity.oda.flatfile.ui.nl_en_AA" unpack="false" version="3.5.0.v20090620043401" download-size="4340" install-size="4340" />
	<plugin fragment="true" id="org.eclipse.datatools.connectivity.oda.nl_en_AA" unpack="false" version="3.5.0.v20090620043401" download-size="4771" install-size="4771" />
	<plugin fragment="true" id="org.eclipse.datatools.connectivity.oda.profile.nl_en_AA" unpack="false" version="3.5.0.v20090620043401" download-size="2750" install-size="2750" />
	<plugin fragment="true" id="org.eclipse.datatools.connectivity.oda.template.ui.nl_en_AA" unpack="false" version="3.5.0.v20090620043401" download-size="3437" install-size="3437" />
	<plugin fragment="true" id="org.eclipse.datatools.connectivity.sqm.core.nl_en_AA" unpack="false" version="3.5.0.v20090620043401" download-size="5328" install-size="5328" />
	<plugin fragment="true" id="org.eclipse.datatools.connectivity.sqm.core.ui.nl_en_AA" unpack="false" version="3.5.0.v20090620043401" download-size="7855" install-size="7855" />
	<plugin fragment="true" id="org.eclipse.datatools.connectivity.sqm.server.ui.nl_en_AA" unpack="false" version="3.5.0.v20090620043401" download-size="5214" install-size="5214" />
	<plugin fragment="true" id="org.eclipse.datatools.connectivity.ui.dse.nl_en_AA" unpack="false" version="3.5.0.v20090620043401" download-size="4268" install-size="4268" />
	<plugin fragment="true" id="org.eclipse.datatools.connectivity.ui.nl_en_AA" unpack="false" version="3.5.0.v20090620043401" download-size="7604" install-size="7604" />
	<plugin fragment="true" id="org.eclipse.datatools.connectivity.ui.templates.nl_en_AA" unpack="false" version="3.5.0.v20090620043401" download-size="4077" install-size="4077" />
	<plugin fragment="true" id="org.eclipse.datatools.enablement.finfo.nl_en_AA" unpack="false" version="3.5.0.v20090620043401" download-size="1779" install-size="1779" />
	<plugin fragment="true" id="org.eclipse.datatools.enablement.hsqldb.dbdefinition.nl_en_AA" unpack="false" version="3.5.0.v20090620043401" download-size="1541" install-size="1541" />
	<plugin fragment="true" id="org.eclipse.datatools.enablement.hsqldb.nl_en_AA" unpack="false" version="3.5.0.v20090620043401" download-size="1730" install-size="1730" />
	<plugin fragment="true" id="org.eclipse.datatools.enablement.hsqldb.ui.nl_en_AA" unpack="false" version="3.5.0.v20090620043401" download-size="3332" install-size="3332" />
	<plugin fragment="true" id="org.eclipse.datatools.enablement.ibm.db2.iseries.dbdefinition.nl_en_AA" unpack="false" version="3.5.0.v20090620043401" download-size="1575" install-size="1575" />
	<plugin fragment="true" id="org.eclipse.datatools.enablement.ibm.db2.iseries.nl_en_AA" unpack="false" version="3.5.0.v20090620043401" download-size="1739" install-size="1739" />
	<plugin fragment="true" id="org.eclipse.datatools.enablement.ibm.db2.iseries.ui.nl_en_AA" unpack="false" version="3.5.0.v20090620043401" download-size="3829" install-size="3829" />
	<plugin fragment="true" id="org.eclipse.datatools.enablement.ibm.db2.luw.dbdefinition.nl_en_AA" unpack="false" version="3.5.0.v20090620043401" download-size="1605" install-size="1605" />
	<plugin fragment="true" id="org.eclipse.datatools.enablement.ibm.db2.luw.nl_en_AA" unpack="false" version="3.5.0.v20090620043401" download-size="1720" install-size="1720" />
	<plugin fragment="true" id="org.eclipse.datatools.enablement.ibm.db2.luw.ui.nl_en_AA" unpack="false" version="3.5.0.v20090620043401" download-size="3855" install-size="3855" />
	<plugin fragment="true" id="org.eclipse.datatools.enablement.ibm.db2.zseries.dbdefinition.nl_en_AA" unpack="false" version="3.5.0.v20090620043401" download-size="1693" install-size="1693" />
	<plugin fragment="true" id="org.eclipse.datatools.enablement.ibm.db2.zseries.nl_en_AA" unpack="false" version="3.5.0.v20090620043401" download-size="1758" install-size="1758" />
	<plugin fragment="true" id="org.eclipse.datatools.enablement.ibm.db2.zseries.ui.nl_en_AA" unpack="false" version="3.5.0.v20090620043401" download-size="3869" install-size="3869" />
	<plugin fragment="true" id="org.eclipse.datatools.enablement.ibm.informix.dbdefinition.nl_en_AA" unpack="false" version="3.5.0.v20090620043401" download-size="1578" install-size="1578" />
	<plugin fragment="true" id="org.eclipse.datatools.enablement.ibm.informix.nl_en_AA" unpack="false" version="3.5.0.v20090620043401" download-size="1771" install-size="1771" />
	<plugin fragment="true" id="org.eclipse.datatools.enablement.ibm.informix.ui.nl_en_AA" unpack="false" version="3.5.0.v20090620043401" download-size="3628" install-size="3628" />
	<plugin fragment="true" id="org.eclipse.datatools.enablement.ibm.ui.nl_en_AA" unpack="false" version="3.5.0.v20090620043401" download-size="3453" install-size="3453" />
	<plugin fragment="true" id="org.eclipse.datatools.enablement.ingres.dbdefinition.nl_en_AA" unpack="false" version="3.5.0.v20090620043401" download-size="1516" install-size="1516" />
	<plugin fragment="true" id="org.eclipse.datatools.enablement.ingres.nl_en_AA" unpack="false" version="3.5.0.v20090620043401" download-size="1734" install-size="1734" />
	<plugin fragment="true" id="org.eclipse.datatools.enablement.ingres.ui.nl_en_AA" unpack="false" version="3.5.0.v20090620043401" download-size="3885" install-size="3885" />
	<plugin fragment="true" id="org.eclipse.datatools.enablement.jdt.classpath.nl_en_AA" unpack="false" version="3.5.0.v20090620043401" download-size="3258" install-size="3258" />
	<plugin fragment="true" id="org.eclipse.datatools.enablement.msft.sqlserver.dbdefinition.nl_en_AA" unpack="false" version="3.5.0.v20090620043401" download-size="1557" install-size="1557" />
	<plugin fragment="true" id="org.eclipse.datatools.enablement.msft.sqlserver.nl_en_AA" unpack="false" version="3.5.0.v20090620043401" download-size="1774" install-size="1774" />
	<plugin fragment="true" id="org.eclipse.datatools.enablement.msft.sqlserver.ui.nl_en_AA" unpack="false" version="3.5.0.v20090620043401" download-size="3968" install-size="3968" />
	<plugin fragment="true" id="org.eclipse.datatools.enablement.mysql.dbdefinition.nl_en_AA" unpack="false" version="3.5.0.v20090620043401" download-size="1543" install-size="1543" />
	<plugin fragment="true" id="org.eclipse.datatools.enablement.mysql.nl_en_AA" unpack="false" version="3.5.0.v20090620043401" download-size="1719" install-size="1719" />
	<plugin fragment="true" id="org.eclipse.datatools.enablement.mysql.ui.nl_en_AA" unpack="false" version="3.5.0.v20090620043401" download-size="1530" install-size="1530" />
	<plugin fragment="true" id="org.eclipse.datatools.enablement.oda.ws.nl_en_AA" unpack="false" version="3.5.0.v20090620043401" download-size="2987" install-size="2987" />
	<plugin fragment="true" id="org.eclipse.datatools.enablement.oda.ws.ui.nl_en_AA" unpack="false" version="3.5.0.v20090620043401" download-size="4396" install-size="4396" />
	<plugin fragment="true" id="org.eclipse.datatools.enablement.oda.xml.nl_en_AA" unpack="false" version="3.5.0.v20090620043401" download-size="3705" install-size="3705" />
	<plugin fragment="true" id="org.eclipse.datatools.enablement.oda.xml.ui.nl_en_AA" unpack="false" version="3.5.0.v20090620043401" download-size="5835" install-size="5835" />
	<plugin fragment="true" id="org.eclipse.datatools.enablement.oracle.dbdefinition.nl_en_AA" unpack="false" version="3.5.0.v20090620043401" download-size="1533" install-size="1533" />
	<plugin fragment="true" id="org.eclipse.datatools.enablement.oracle.nl_en_AA" unpack="false" version="3.5.0.v20090620043401" download-size="1759" install-size="1759" />
	<plugin fragment="true" id="org.eclipse.datatools.enablement.oracle.ui.nl_en_AA" unpack="false" version="3.5.0.v20090620043401" download-size="3430" install-size="3430" />
	<plugin fragment="true" id="org.eclipse.datatools.enablement.postgresql.dbdefinition.nl_en_AA" unpack="false" version="3.5.0.v20090620043401" download-size="1464" install-size="1464" />
	<plugin fragment="true" id="org.eclipse.datatools.enablement.postgresql.nl_en_AA" unpack="false" version="3.5.0.v20090620043401" download-size="1711" install-size="1711" />
	<plugin fragment="true" id="org.eclipse.datatools.enablement.postgresql.ui.nl_en_AA" unpack="false" version="3.5.0.v20090620043401" download-size="1581" install-size="1581" />
	<plugin fragment="true" id="org.eclipse.datatools.enablement.sap.maxdb.dbdefinition.nl_en_AA" unpack="false" version="3.5.0.v20090620043401" download-size="1510" install-size="1510" />
	<plugin fragment="true" id="org.eclipse.datatools.enablement.sap.maxdb.nl_en_AA" unpack="false" version="3.5.0.v20090620043401" download-size="2737" install-size="2737" />
	<plugin fragment="true" id="org.eclipse.datatools.enablement.sap.maxdb.ui.nl_en_AA" unpack="false" version="3.5.0.v20090620043401" download-size="1535" install-size="1535" />
	<plugin fragment="true" id="org.eclipse.datatools.enablement.sqlite.dbdefinition.nl_en_AA" unpack="false" version="3.5.0.v20090620043401" download-size="1541" install-size="1541" />
	<plugin fragment="true" id="org.eclipse.datatools.enablement.sqlite.nl_en_AA" unpack="false" version="3.5.0.v20090620043401" download-size="2641" install-size="2641" />
	<plugin fragment="true" id="org.eclipse.datatools.enablement.sqlite.ui.nl_en_AA" unpack="false" version="3.5.0.v20090620043401" download-size="3124" install-size="3124" />
	<plugin fragment="true" id="org.eclipse.datatools.enablement.sybase.asa.dbdefinition.nl_en_AA" unpack="false" version="3.5.0.v20090620043401" download-size="1540" install-size="1540" />
	<plugin fragment="true" id="org.eclipse.datatools.enablement.sybase.asa.models.nl_en_AA" unpack="false" version="3.5.0.v20090620043401" download-size="1457" install-size="1457" />
	<plugin fragment="true" id="org.eclipse.datatools.enablement.sybase.asa.nl_en_AA" unpack="false" version="3.5.0.v20090620043401" download-size="4851" install-size="4851" />
	<plugin fragment="true" id="org.eclipse.datatools.enablement.sybase.asa.schemaobjecteditor.examples.nl_en_AA" unpack="false" version="3.5.0.v20090620043401" download-size="35829" install-size="35829" />
	<plugin fragment="true" id="org.eclipse.datatools.enablement.sybase.asa.ui.nl_en_AA" unpack="false" version="3.5.0.v20090620043401" download-size="1781" install-size="1781" />
	<plugin fragment="true" id="org.eclipse.datatools.enablement.sybase.ase.dbdefinition.nl_en_AA" unpack="false" version="3.5.0.v20090620043401" download-size="1540" install-size="1540" />
	<plugin fragment="true" id="org.eclipse.datatools.enablement.sybase.ase.models.nl_en_AA" unpack="false" version="3.5.0.v20090620043401" download-size="1460" install-size="1460" />
	<plugin fragment="true" id="org.eclipse.datatools.enablement.sybase.ase.nl_en_AA" unpack="false" version="3.5.0.v20090620043401" download-size="3096" install-size="3096" />
	<plugin fragment="true" id="org.eclipse.datatools.enablement.sybase.ase.ui.nl_en_AA" unpack="false" version="3.5.0.v20090620043401" download-size="1882" install-size="1882" />
	<plugin fragment="true" id="org.eclipse.datatools.enablement.sybase.models.nl_en_AA" unpack="false" version="3.5.0.v20090620043401" download-size="1455" install-size="1455" />
	<plugin fragment="true" id="org.eclipse.datatools.enablement.sybase.nl_en_AA" unpack="false" version="3.5.0.v20090620043401" download-size="4583" install-size="4583" />
	<plugin fragment="true" id="org.eclipse.datatools.enablement.sybase.ui.nl_en_AA" unpack="false" version="3.5.0.v20090620043401" download-size="4865" install-size="4865" />
	<plugin fragment="true" id="org.eclipse.datatools.help.nl_en_AA" unpack="false" version="3.5.0.v20090620043401" download-size="1420" install-size="1420" />
	<plugin fragment="true" id="org.eclipse.datatools.modelbase.dbdefinition.nl_en_AA" unpack="false" version="3.5.0.v20090620043401" download-size="1449" install-size="1449" />
	<plugin fragment="true" id="org.eclipse.datatools.modelbase.derby.nl_en_AA" unpack="false" version="3.5.0.v20090620043401" download-size="1447" install-size="1447" />
	<plugin fragment="true" id="org.eclipse.datatools.modelbase.sql.edit.nl_en_AA" unpack="false" version="3.5.0.v20090620043401" download-size="6803" install-size="6803" />
	<plugin fragment="true" id="org.eclipse.datatools.modelbase.sql.nl_en_AA" unpack="false" version="3.5.0.v20090620043401" download-size="1786" install-size="1786" />
	<plugin fragment="true" id="org.eclipse.datatools.modelbase.sql.query.edit.nl_en_AA" unpack="false" version="3.5.0.v20090620043401" download-size="4074" install-size="4074" />
	<plugin fragment="true" id="org.eclipse.datatools.modelbase.sql.query.nl_en_AA" unpack="false" version="3.5.0.v20090620043401" download-size="1477" install-size="1477" />
	<plugin fragment="true" id="org.eclipse.datatools.modelbase.sql.xml.query.nl_en_AA" unpack="false" version="3.5.0.v20090620043401" download-size="1483" install-size="1483" />
	<plugin fragment="true" id="org.eclipse.datatools.oda.cshelp.nl_en_AA" unpack="false" version="3.5.0.v20090620043401" download-size="1734" install-size="1734" />
	<plugin fragment="true" id="org.eclipse.datatools.sqltools.common.ui.nl_en_AA" unpack="false" version="3.5.0.v20090620043401" download-size="7431" install-size="7431" />
	<plugin fragment="true" id="org.eclipse.datatools.sqltools.data.core.nl_en_AA" unpack="false" version="3.5.0.v20090620043401" download-size="5236" install-size="5236" />
	<plugin fragment="true" id="org.eclipse.datatools.sqltools.data.ui.nl_en_AA" unpack="false" version="3.5.0.v20090620043401" download-size="5592" install-size="5592" />
	<plugin fragment="true" id="org.eclipse.datatools.sqltools.db.derby.nl_en_AA" unpack="false" version="3.5.0.v20090620043401" download-size="2929" install-size="2929" />
	<plugin fragment="true" id="org.eclipse.datatools.sqltools.db.derby.ui.nl_en_AA" unpack="false" version="3.5.0.v20090620043401" download-size="1462" install-size="1462" />
	<plugin fragment="true" id="org.eclipse.datatools.sqltools.db.generic.nl_en_AA" unpack="false" version="3.5.0.v20090620043401" download-size="2928" install-size="2928" />
	<plugin fragment="true" id="org.eclipse.datatools.sqltools.db.generic.ui.nl_en_AA" unpack="false" version="3.5.0.v20090620043401" download-size="1514" install-size="1514" />
	<plugin fragment="true" id="org.eclipse.datatools.sqltools.ddlgen.ui.nl_en_AA" unpack="false" version="3.5.0.v20090620043401" download-size="4776" install-size="4776" />
	<plugin fragment="true" id="org.eclipse.datatools.sqltools.debugger.core.nl_en_AA" unpack="false" version="3.5.0.v20090620043401" download-size="6989" install-size="6989" />
	<plugin fragment="true" id="org.eclipse.datatools.sqltools.debugger.core.ui.nl_en_AA" unpack="false" version="3.5.0.v20090620043401" download-size="5001" install-size="5001" />
	<plugin fragment="true" id="org.eclipse.datatools.sqltools.editor.core.nl_en_AA" unpack="false" version="3.5.0.v20090620043401" download-size="8473" install-size="8473" />
	<plugin fragment="true" id="org.eclipse.datatools.sqltools.editor.core.ui.nl_en_AA" unpack="false" version="3.5.0.v20090620043401" download-size="2798" install-size="2798" />
	<plugin fragment="true" id="org.eclipse.datatools.sqltools.parsers.sql.lexer.nl_en_AA" unpack="false" version="3.5.0.v20090620043401" download-size="1483" install-size="1483" />
	<plugin fragment="true" id="org.eclipse.datatools.sqltools.parsers.sql.nl_en_AA" unpack="false" version="3.5.0.v20090620043401" download-size="3528" install-size="3528" />
	<plugin fragment="true" id="org.eclipse.datatools.sqltools.parsers.sql.query.nl_en_AA" unpack="false" version="3.5.0.v20090620043401" download-size="5654" install-size="5654" />
	<plugin fragment="true" id="org.eclipse.datatools.sqltools.parsers.sql.xml.query.nl_en_AA" unpack="false" version="3.5.0.v20090620043401" download-size="1485" install-size="1485" />
	<plugin fragment="true" id="org.eclipse.datatools.sqltools.plan.nl_en_AA" unpack="false" version="3.5.0.v20090620043401" download-size="7006" install-size="7006" />
	<plugin fragment="true" id="org.eclipse.datatools.sqltools.result.nl_en_AA" unpack="false" version="3.5.0.v20090620043401" download-size="9011" install-size="9011" />
	<plugin fragment="true" id="org.eclipse.datatools.sqltools.result.ui.nl_en_AA" unpack="false" version="3.5.0.v20090620043401" download-size="8010" install-size="8010" />
	<plugin fragment="true" id="org.eclipse.datatools.sqltools.routineeditor.nl_en_AA" unpack="false" version="3.5.0.v20090620043401" download-size="9634" install-size="9634" />
	<plugin fragment="true" id="org.eclipse.datatools.sqltools.routineeditor.ui.nl_en_AA" unpack="false" version="3.5.0.v20090620043401" download-size="7933" install-size="7933" />
	<plugin fragment="true" id="org.eclipse.datatools.sqltools.schemaobjecteditor.nl_en_AA" unpack="false" version="3.5.0.v20090620043401" download-size="1460" install-size="1460" />
	<plugin fragment="true" id="org.eclipse.datatools.sqltools.schemaobjecteditor.ui.nl_en_AA" unpack="false" version="3.5.0.v20090620043401" download-size="9899" install-size="9899" />
	<plugin fragment="true" id="org.eclipse.datatools.sqltools.schemaobjecteditor.ui.pages.nl_en_AA" unpack="false" version="3.5.0.v20090620043401" download-size="4952" install-size="4952" />
	<plugin fragment="true" id="org.eclipse.datatools.sqltools.sql.nl_en_AA" unpack="false" version="3.5.0.v20090620043401" download-size="4441" install-size="4441" />
	<plugin fragment="true" id="org.eclipse.datatools.sqltools.sql.ui.nl_en_AA" unpack="false" version="3.5.0.v20090620043401" download-size="1447" install-size="1447" />
	<plugin fragment="true" id="org.eclipse.datatools.sqltools.sqlbuilder.nl_en_AA" unpack="false" version="3.5.0.v20090620043401" download-size="10903" install-size="10903" />
	<plugin fragment="true" id="org.eclipse.datatools.sqltools.sqleditor.nl_en_AA" unpack="false" version="3.5.0.v20090620043401" download-size="14153" install-size="14153" />
	<plugin fragment="true" id="org.eclipse.datatools.sqltools.sqlscrapbook.nl_en_AA" unpack="false" version="3.5.0.v20090620043401" download-size="7760" install-size="7760" />
	<plugin fragment="true" id="org.eclipse.datatools.sqltools.tabledataeditor.nl_en_AA" unpack="false" version="3.5.0.v20090620043401" download-size="3315" install-size="3315" />
</feature>