<?xml version="1.0" encoding="UTF-8" ?>
<feature
	id="org.eclipse.babel.nls_rt.ecf_fi"
	label="Babel Language Pack for rt.ecf in Finnish (13.86%)"
	image="eclipse_update_120.jpg"
	provider-name="%providerName"
	version="3.5.0.v20090620043401">
	<copyright>
		%copyright
	</copyright>
	<license url="%licenseURL">
		%license
	</license>
	<description>Babel Language Pack for rt.ecf in Finnish</description>
	<plugin fragment="true" id="org.eclipse.ecf.datashare.nl_fi" unpack="false" version="3.5.0.v20090620043401" download-size="2080" install-size="2080" />
	<plugin fragment="true" id="org.eclipse.ecf.discovery.nl_fi" unpack="false" version="3.5.0.v20090620043401" download-size="1368" install-size="1368" />
	<plugin fragment="true" id="org.eclipse.ecf.discovery.ui.browser.nl_fi" unpack="false" version="3.5.0.v20090620043401" download-size="1376" install-size="1376" />
	<plugin fragment="true" id="org.eclipse.ecf.discovery.ui.edit.nl_fi" unpack="false" version="3.5.0.v20090620043401" download-size="1566" install-size="1566" />
	<plugin fragment="true" id="org.eclipse.ecf.discovery.ui.model.nl_fi" unpack="false" version="3.5.0.v20090620043401" download-size="1374" install-size="1374" />
	<plugin fragment="true" id="org.eclipse.ecf.discovery.ui.nl_fi" unpack="false" version="3.5.0.v20090620043401" download-size="1370" install-size="1370" />
	<plugin fragment="true" id="org.eclipse.ecf.doc.nl_fi" unpack="false" version="3.5.0.v20090620043401" download-size="1364" install-size="1364" />
	<plugin fragment="true" id="org.eclipse.ecf.docshare.nl_fi" unpack="false" version="3.5.0.v20090620043401" download-size="2290" install-size="2290" />
	<plugin fragment="true" id="org.eclipse.ecf.example.clients.nl_fi" unpack="false" version="3.5.0.v20090620043401" download-size="1373" install-size="1373" />
	<plugin fragment="true" id="org.eclipse.ecf.example.collab.editor.nl_fi" unpack="false" version="3.5.0.v20090620043401" download-size="1376" install-size="1376" />
	<plugin fragment="true" id="org.eclipse.ecf.example.collab.nl_fi" unpack="false" version="3.5.0.v20090620043401" download-size="3519" install-size="3519" />
	<plugin fragment="true" id="org.eclipse.ecf.examples.remoteservices.common.nl_fi" unpack="false" version="3.5.0.v20090620043401" download-size="1382" install-size="1382" />
	<plugin fragment="true" id="org.eclipse.ecf.examples.remoteservices.server.nl_fi" unpack="false" version="3.5.0.v20090620043401" download-size="1381" install-size="1381" />
	<plugin fragment="true" id="org.eclipse.ecf.examples.updatesite.client.nl_fi" unpack="false" version="3.5.0.v20090620043401" download-size="1379" install-size="1379" />
	<plugin fragment="true" id="org.eclipse.ecf.examples.updatesite.server.nl_fi" unpack="false" version="3.5.0.v20090620043401" download-size="1379" install-size="1379" />
	<plugin fragment="true" id="org.eclipse.ecf.filetransfer.nl_fi" unpack="false" version="3.5.0.v20090620043401" download-size="1369" install-size="1369" />
	<plugin fragment="true" id="org.eclipse.ecf.filetransfer.ui.nl_fi" unpack="false" version="3.5.0.v20090620043401" download-size="2595" install-size="2595" />
	<plugin fragment="true" id="org.eclipse.ecf.identity.nl_fi" unpack="false" version="3.5.0.v20090620043401" download-size="1367" install-size="1367" />
	<plugin fragment="true" id="org.eclipse.ecf.nl_fi" unpack="false" version="3.5.0.v20090620043401" download-size="1550" install-size="1550" />
	<plugin fragment="true" id="org.eclipse.ecf.osgi.services.discovery.nl_fi" unpack="false" version="3.5.0.v20090620043401" download-size="1377" install-size="1377" />
	<plugin fragment="true" id="org.eclipse.ecf.osgi.services.distribution.nl_fi" unpack="false" version="3.5.0.v20090620043401" download-size="1379" install-size="1379" />
	<plugin fragment="true" id="org.eclipse.ecf.osgi.services.nl_fi" unpack="false" version="3.5.0.v20090620043401" download-size="1354" install-size="1354" />
	<plugin fragment="true" id="org.eclipse.ecf.presence.bot.nl_fi" unpack="false" version="3.5.0.v20090620043401" download-size="1370" install-size="1370" />
	<plugin fragment="true" id="org.eclipse.ecf.presence.collab.ui.nl_fi" unpack="false" version="3.5.0.v20090620043401" download-size="2637" install-size="2637" />
	<plugin fragment="true" id="org.eclipse.ecf.presence.nl_fi" unpack="false" version="3.5.0.v20090620043401" download-size="1367" install-size="1367" />
	<plugin fragment="true" id="org.eclipse.ecf.presence.ui.nl_fi" unpack="false" version="3.5.0.v20090620043401" download-size="2938" install-size="2938" />
	<plugin fragment="true" id="org.eclipse.ecf.protocol.bittorrent.nl_fi" unpack="false" version="3.5.0.v20090620043401" download-size="1374" install-size="1374" />
	<plugin fragment="true" id="org.eclipse.ecf.protocol.msn.nl_fi" unpack="false" version="3.5.0.v20090620043401" download-size="1370" install-size="1370" />
	<plugin fragment="true" id="org.eclipse.ecf.provider.bittorrent.nl_fi" unpack="false" version="3.5.0.v20090620043401" download-size="1374" install-size="1374" />
	<plugin fragment="true" id="org.eclipse.ecf.provider.bittorrent.ui.nl_fi" unpack="false" version="3.5.0.v20090620043401" download-size="2621" install-size="2621" />
	<plugin fragment="true" id="org.eclipse.ecf.provider.datashare.nio.nl_fi" unpack="false" version="3.5.0.v20090620043401" download-size="1376" install-size="1376" />
	<plugin fragment="true" id="org.eclipse.ecf.provider.datashare.nl_fi" unpack="false" version="3.5.0.v20090620043401" download-size="1374" install-size="1374" />
	<plugin fragment="true" id="org.eclipse.ecf.provider.discovery.nl_fi" unpack="false" version="3.5.0.v20090620043401" download-size="1375" install-size="1375" />
	<plugin fragment="true" id="org.eclipse.ecf.provider.filetransfer.efs.nl_fi" unpack="false" version="3.5.0.v20090620043401" download-size="1378" install-size="1378" />
	<plugin fragment="true" id="org.eclipse.ecf.provider.filetransfer.httpclient.nl_fi" unpack="false" version="3.5.0.v20090620043401" download-size="2682" install-size="2682" />
	<plugin fragment="true" id="org.eclipse.ecf.provider.filetransfer.nl_fi" unpack="false" version="3.5.0.v20090620043401" download-size="2508" install-size="2508" />
	<plugin fragment="true" id="org.eclipse.ecf.provider.filetransfer.scp.nl_fi" unpack="false" version="3.5.0.v20090620043401" download-size="1378" install-size="1378" />
	<plugin fragment="true" id="org.eclipse.ecf.provider.irc.nl_fi" unpack="false" version="3.5.0.v20090620043401" download-size="2424" install-size="2424" />
	<plugin fragment="true" id="org.eclipse.ecf.provider.irc.ui.nl_fi" unpack="false" version="3.5.0.v20090620043401" download-size="2371" install-size="2371" />
	<plugin fragment="true" id="org.eclipse.ecf.provider.jmdns.nl_fi" unpack="false" version="3.5.0.v20090620043401" download-size="1372" install-size="1372" />
	<plugin fragment="true" id="org.eclipse.ecf.provider.jslp.nl_fi" unpack="false" version="3.5.0.v20090620043401" download-size="1371" install-size="1371" />
	<plugin fragment="true" id="org.eclipse.ecf.provider.msn.nl_fi" unpack="false" version="3.5.0.v20090620043401" download-size="2385" install-size="2385" />
	<plugin fragment="true" id="org.eclipse.ecf.provider.msn.ui.nl_fi" unpack="false" version="3.5.0.v20090620043401" download-size="2564" install-size="2564" />
	<plugin fragment="true" id="org.eclipse.ecf.provider.nl_fi" unpack="false" version="3.5.0.v20090620043401" download-size="2828" install-size="2828" />
	<plugin fragment="true" id="org.eclipse.ecf.provider.remoteservice.nl_fi" unpack="false" version="3.5.0.v20090620043401" download-size="1376" install-size="1376" />
	<plugin fragment="true" id="org.eclipse.ecf.provider.ui.nl_fi" unpack="false" version="3.5.0.v20090620043401" download-size="1370" install-size="1370" />
	<plugin fragment="true" id="org.eclipse.ecf.provider.xmpp.nl_fi" unpack="false" version="3.5.0.v20090620043401" download-size="1371" install-size="1371" />
	<plugin fragment="true" id="org.eclipse.ecf.provider.xmpp.ui.nl_fi" unpack="false" version="3.5.0.v20090620043401" download-size="2684" install-size="2684" />
	<plugin fragment="true" id="org.eclipse.ecf.remoteservice.nl_fi" unpack="false" version="3.5.0.v20090620043401" download-size="1371" install-size="1371" />
	<plugin fragment="true" id="org.eclipse.ecf.remoteservice.ui.nl_fi" unpack="false" version="3.5.0.v20090620043401" download-size="2458" install-size="2458" />
	<plugin fragment="true" id="org.eclipse.ecf.server.generic.nl_fi" unpack="false" version="3.5.0.v20090620043401" download-size="1371" install-size="1371" />
	<plugin fragment="true" id="org.eclipse.ecf.server.nl_fi" unpack="false" version="3.5.0.v20090620043401" download-size="1366" install-size="1366" />
	<plugin fragment="true" id="org.eclipse.ecf.sharedobject.nl_fi" unpack="false" version="3.5.0.v20090620043401" download-size="2421" install-size="2421" />
	<plugin fragment="true" id="org.eclipse.ecf.storage.nl_fi" unpack="false" version="3.5.0.v20090620043401" download-size="1366" install-size="1366" />
	<plugin fragment="true" id="org.eclipse.ecf.sync.nl_fi" unpack="false" version="3.5.0.v20090620043401" download-size="1365" install-size="1365" />
	<plugin fragment="true" id="org.eclipse.ecf.telephony.call.nl_fi" unpack="false" version="3.5.0.v20090620043401" download-size="1372" install-size="1372" />
	<plugin fragment="true" id="org.eclipse.ecf.telephony.call.ui.nl_fi" unpack="false" version="3.5.0.v20090620043401" download-size="1373" install-size="1373" />
	<plugin fragment="true" id="org.eclipse.ecf.ui.capabilities.nl_fi" unpack="false" version="3.5.0.v20090620043401" download-size="1372" install-size="1372" />
	<plugin fragment="true" id="org.eclipse.ecf.ui.nl_fi" unpack="false" version="3.5.0.v20090620043401" download-size="2418" install-size="2418" />
	<plugin fragment="true" id="org.eclipse.team.ecf.core.nl_fi" unpack="false" version="3.5.0.v20090620043401" download-size="1369" install-size="1369" />
	<plugin fragment="true" id="org.eclipse.team.ecf.ui.nl_fi" unpack="false" version="3.5.0.v20090620043401" download-size="2408" install-size="2408" />
	<plugin fragment="true" id="org.jivesoftware.smack.nl_fi" unpack="false" version="3.5.0.v20090620043401" download-size="1370" install-size="1370" />
</feature>