<?xml version="1.0" encoding="UTF-8" ?>
<feature
	id="org.eclipse.babel.nls_tools.pdt_cs"
	label="Babel Language Pack for tools.pdt in Czech (67.63%)"
	image="eclipse_update_120.jpg"
	provider-name="%providerName"
	version="3.5.0.v20090620043401">
	<copyright>
		%copyright
	</copyright>
	<license url="%licenseURL">
		%license
	</license>
	<description>Babel Language Pack for tools.pdt in Czech</description>
	<plugin fragment="true" id="org.eclipse.dltk.core.tests.nl_cs" unpack="false" version="3.5.0.v20090620043401" download-size="1370" install-size="1370" />
	<plugin fragment="true" id="org.eclipse.php.core.nl_cs" unpack="false" version="3.5.0.v20090620043401" download-size="3007" install-size="3007" />
	<plugin fragment="true" id="org.eclipse.php.core.parser.nl_cs" unpack="false" version="3.5.0.v20090620043401" download-size="1370" install-size="1370" />
	<plugin fragment="true" id="org.eclipse.php.debug.core.nl_cs" unpack="false" version="3.5.0.v20090620043401" download-size="2646" install-size="2646" />
	<plugin fragment="true" id="org.eclipse.php.debug.ui.nl_cs" unpack="false" version="3.5.0.v20090620043401" download-size="3490" install-size="3490" />
	<plugin fragment="true" id="org.eclipse.php.nl_cs" unpack="false" version="3.5.0.v20090620043401" download-size="1476" install-size="1476" />
	<plugin fragment="true" id="org.eclipse.php.server.core.nl_cs" unpack="false" version="3.5.0.v20090620043401" download-size="2366" install-size="2366" />
	<plugin fragment="true" id="org.eclipse.php.server.ui.nl_cs" unpack="false" version="3.5.0.v20090620043401" download-size="2823" install-size="2823" />
	<plugin fragment="true" id="org.eclipse.php.test.nl_cs" unpack="false" version="3.5.0.v20090620043401" download-size="1394" install-size="1394" />
	<plugin fragment="true" id="org.eclipse.php.ui.nl_cs" unpack="false" version="3.5.0.v20090620043401" download-size="43798" install-size="43798" />
</feature>