<?xml version="1.0" encoding="UTF-8" ?>
<feature
	id="org.eclipse.babel.nls_webtools.jsf_nl"
	label="Babel Language Pack for webtools.jsf in Dutch (30.49%)"
	image="eclipse_update_120.jpg"
	provider-name="%providerName"
	version="3.5.0.v20090620043401">
	<copyright>
		%copyright
	</copyright>
	<license url="%licenseURL">
		%license
	</license>
	<description>Babel Language Pack for webtools.jsf in Dutch</description>
	<plugin fragment="true" id="org.eclipse.jst.jsf.apache.trinidad.tagsupport.nl_nl" unpack="false" version="3.5.0.v20090620043401" download-size="3123" install-size="3123" />
	<plugin fragment="true" id="org.eclipse.jst.jsf.common.nl_nl" unpack="false" version="3.5.0.v20090620043401" download-size="2743" install-size="2743" />
	<plugin fragment="true" id="org.eclipse.jst.jsf.common.runtime.nl_nl" unpack="false" version="3.5.0.v20090620043401" download-size="1376" install-size="1376" />
	<plugin fragment="true" id="org.eclipse.jst.jsf.common.ui.nl_nl" unpack="false" version="3.5.0.v20090620043401" download-size="4814" install-size="4814" />
	<plugin fragment="true" id="org.eclipse.jst.jsf.core.nl_nl" unpack="false" version="3.5.0.v20090620043401" download-size="6433" install-size="6433" />
	<plugin fragment="true" id="org.eclipse.jst.jsf.facesconfig.nl_nl" unpack="false" version="3.5.0.v20090620043401" download-size="5252" install-size="5252" />
	<plugin fragment="true" id="org.eclipse.jst.jsf.facesconfig.ui.nl_nl" unpack="false" version="3.5.0.v20090620043401" download-size="6917" install-size="6917" />
	<plugin fragment="true" id="org.eclipse.jst.jsf.standard.tagsupport.nl_nl" unpack="false" version="3.5.0.v20090620043401" download-size="2725" install-size="2725" />
	<plugin fragment="true" id="org.eclipse.jst.jsf.ui.nl_nl" unpack="false" version="3.5.0.v20090620043401" download-size="4315" install-size="4315" />
	<plugin fragment="true" id="org.eclipse.jst.pagedesigner.jsf.ui.nl_nl" unpack="false" version="3.5.0.v20090620043401" download-size="4901" install-size="4901" />
	<plugin fragment="true" id="org.eclipse.jst.pagedesigner.jsp.core.nl_nl" unpack="false" version="3.5.0.v20090620043401" download-size="1375" install-size="1375" />
	<plugin fragment="true" id="org.eclipse.jst.pagedesigner.nl_nl" unpack="false" version="3.5.0.v20090620043401" download-size="10242" install-size="10242" />
</feature>