<?xml version="1.0" encoding="UTF-8" ?>
<feature
	id="org.eclipse.babel.nls_stp.bpmn_fi"
	label="Babel Language Pack for stp.bpmn in Finnish (19%)"
	image="eclipse_update_120.jpg"
	provider-name="%providerName"
	version="3.5.0.v20090620043401">
	<copyright>
		%copyright
	</copyright>
	<license url="%licenseURL">
		%license
	</license>
	<description>Babel Language Pack for stp.bpmn in Finnish</description>
	<plugin fragment="true" id="org.eclipse.stp.bpmn.diagram.nl_fi" unpack="false" version="3.5.0.v20090620043401" download-size="2698" install-size="2698" />
	<plugin fragment="true" id="org.eclipse.stp.bpmn.edit.nl_fi" unpack="false" version="3.5.0.v20090620043401" download-size="2298" install-size="2298" />
	<plugin fragment="true" id="org.eclipse.stp.bpmn.nl_fi" unpack="false" version="3.5.0.v20090620043401" download-size="2215" install-size="2215" />
	<plugin fragment="true" id="org.eclipse.stp.bpmn.validation.nl_fi" unpack="false" version="3.5.0.v20090620043401" download-size="2307" install-size="2307" />
</feature>