<?xml version="1.0" encoding="UTF-8" ?>
<feature
	id="org.eclipse.babel.nls_datatools_sv"
	label="Babel Language Pack for datatools in Swedish (22.92%)"
	image="eclipse_update_120.jpg"
	provider-name="%providerName"
	version="3.5.0.v20090620043401">
	<copyright>
		%copyright
	</copyright>
	<license url="%licenseURL">
		%license
	</license>
	<description>Babel Language Pack for datatools in Swedish</description>
	<plugin fragment="true" id="org.eclipse.datatools.connectivity.apache.derby.dbdefinition.nl_sv" unpack="false" version="3.5.0.v20090620043401" download-size="1378" install-size="1378" />
	<plugin fragment="true" id="org.eclipse.datatools.connectivity.apache.derby.nl_sv" unpack="false" version="3.5.0.v20090620043401" download-size="1442" install-size="1442" />
	<plugin fragment="true" id="org.eclipse.datatools.connectivity.apache.derby.ui.nl_sv" unpack="false" version="3.5.0.v20090620043401" download-size="3591" install-size="3591" />
	<plugin fragment="true" id="org.eclipse.datatools.connectivity.console.profile.nl_sv" unpack="false" version="3.5.0.v20090620043401" download-size="2572" install-size="2572" />
	<plugin fragment="true" id="org.eclipse.datatools.connectivity.db.generic.nl_sv" unpack="false" version="3.5.0.v20090620043401" download-size="2637" install-size="2637" />
	<plugin fragment="true" id="org.eclipse.datatools.connectivity.db.generic.ui.nl_sv" unpack="false" version="3.5.0.v20090620043401" download-size="1370" install-size="1370" />
	<plugin fragment="true" id="org.eclipse.datatools.connectivity.dbdefinition.genericJDBC.nl_sv" unpack="false" version="3.5.0.v20090620043401" download-size="1399" install-size="1399" />
	<plugin fragment="true" id="org.eclipse.datatools.connectivity.nl_sv" unpack="false" version="3.5.0.v20090620043401" download-size="3194" install-size="3194" />
	<plugin fragment="true" id="org.eclipse.datatools.connectivity.oda.consumer.nl_sv" unpack="false" version="3.5.0.v20090620043401" download-size="2845" install-size="2845" />
	<plugin fragment="true" id="org.eclipse.datatools.connectivity.oda.design.nl_sv" unpack="false" version="3.5.0.v20090620043401" download-size="1367" install-size="1367" />
	<plugin fragment="true" id="org.eclipse.datatools.connectivity.oda.design.ui.nl_sv" unpack="false" version="3.5.0.v20090620043401" download-size="2950" install-size="2950" />
	<plugin fragment="true" id="org.eclipse.datatools.connectivity.oda.flatfile.nl_sv" unpack="false" version="3.5.0.v20090620043401" download-size="2780" install-size="2780" />
	<plugin fragment="true" id="org.eclipse.datatools.connectivity.oda.flatfile.ui.nl_sv" unpack="false" version="3.5.0.v20090620043401" download-size="3073" install-size="3073" />
	<plugin fragment="true" id="org.eclipse.datatools.connectivity.oda.template.ui.nl_sv" unpack="false" version="3.5.0.v20090620043401" download-size="2965" install-size="2965" />
	<plugin fragment="true" id="org.eclipse.datatools.connectivity.sqm.core.nl_sv" unpack="false" version="3.5.0.v20090620043401" download-size="3077" install-size="3077" />
	<plugin fragment="true" id="org.eclipse.datatools.connectivity.sqm.core.ui.nl_sv" unpack="false" version="3.5.0.v20090620043401" download-size="4080" install-size="4080" />
	<plugin fragment="true" id="org.eclipse.datatools.connectivity.sqm.server.ui.nl_sv" unpack="false" version="3.5.0.v20090620043401" download-size="3552" install-size="3552" />
	<plugin fragment="true" id="org.eclipse.datatools.connectivity.ui.dse.nl_sv" unpack="false" version="3.5.0.v20090620043401" download-size="2905" install-size="2905" />
	<plugin fragment="true" id="org.eclipse.datatools.connectivity.ui.nl_sv" unpack="false" version="3.5.0.v20090620043401" download-size="3527" install-size="3527" />
	<plugin fragment="true" id="org.eclipse.datatools.connectivity.ui.templates.nl_sv" unpack="false" version="3.5.0.v20090620043401" download-size="2754" install-size="2754" />
	<plugin fragment="true" id="org.eclipse.datatools.enablement.finfo.nl_sv" unpack="false" version="3.5.0.v20090620043401" download-size="1376" install-size="1376" />
	<plugin fragment="true" id="org.eclipse.datatools.enablement.hsqldb.dbdefinition.nl_sv" unpack="false" version="3.5.0.v20090620043401" download-size="1386" install-size="1386" />
	<plugin fragment="true" id="org.eclipse.datatools.enablement.hsqldb.nl_sv" unpack="false" version="3.5.0.v20090620043401" download-size="1433" install-size="1433" />
	<plugin fragment="true" id="org.eclipse.datatools.enablement.hsqldb.ui.nl_sv" unpack="false" version="3.5.0.v20090620043401" download-size="2706" install-size="2706" />
	<plugin fragment="true" id="org.eclipse.datatools.enablement.ibm.db2.iseries.dbdefinition.nl_sv" unpack="false" version="3.5.0.v20090620043401" download-size="1394" install-size="1394" />
	<plugin fragment="true" id="org.eclipse.datatools.enablement.ibm.db2.iseries.nl_sv" unpack="false" version="3.5.0.v20090620043401" download-size="1434" install-size="1434" />
	<plugin fragment="true" id="org.eclipse.datatools.enablement.ibm.db2.iseries.ui.nl_sv" unpack="false" version="3.5.0.v20090620043401" download-size="3383" install-size="3383" />
	<plugin fragment="true" id="org.eclipse.datatools.enablement.ibm.db2.luw.dbdefinition.nl_sv" unpack="false" version="3.5.0.v20090620043401" download-size="1389" install-size="1389" />
	<plugin fragment="true" id="org.eclipse.datatools.enablement.ibm.db2.luw.nl_sv" unpack="false" version="3.5.0.v20090620043401" download-size="1431" install-size="1431" />
	<plugin fragment="true" id="org.eclipse.datatools.enablement.ibm.db2.luw.ui.nl_sv" unpack="false" version="3.5.0.v20090620043401" download-size="3341" install-size="3341" />
	<plugin fragment="true" id="org.eclipse.datatools.enablement.ibm.db2.zseries.dbdefinition.nl_sv" unpack="false" version="3.5.0.v20090620043401" download-size="1396" install-size="1396" />
	<plugin fragment="true" id="org.eclipse.datatools.enablement.ibm.db2.zseries.nl_sv" unpack="false" version="3.5.0.v20090620043401" download-size="1435" install-size="1435" />
	<plugin fragment="true" id="org.eclipse.datatools.enablement.ibm.db2.zseries.ui.nl_sv" unpack="false" version="3.5.0.v20090620043401" download-size="3395" install-size="3395" />
	<plugin fragment="true" id="org.eclipse.datatools.enablement.ibm.informix.dbdefinition.nl_sv" unpack="false" version="3.5.0.v20090620043401" download-size="1408" install-size="1408" />
	<plugin fragment="true" id="org.eclipse.datatools.enablement.ibm.informix.nl_sv" unpack="false" version="3.5.0.v20090620043401" download-size="1432" install-size="1432" />
	<plugin fragment="true" id="org.eclipse.datatools.enablement.ibm.informix.ui.nl_sv" unpack="false" version="3.5.0.v20090620043401" download-size="3210" install-size="3210" />
	<plugin fragment="true" id="org.eclipse.datatools.enablement.ibm.ui.nl_sv" unpack="false" version="3.5.0.v20090620043401" download-size="2962" install-size="2962" />
	<plugin fragment="true" id="org.eclipse.datatools.enablement.ingres.dbdefinition.nl_sv" unpack="false" version="3.5.0.v20090620043401" download-size="1388" install-size="1388" />
	<plugin fragment="true" id="org.eclipse.datatools.enablement.ingres.nl_sv" unpack="false" version="3.5.0.v20090620043401" download-size="1438" install-size="1438" />
	<plugin fragment="true" id="org.eclipse.datatools.enablement.ingres.ui.nl_sv" unpack="false" version="3.5.0.v20090620043401" download-size="2878" install-size="2878" />
	<plugin fragment="true" id="org.eclipse.datatools.enablement.jdt.classpath.nl_sv" unpack="false" version="3.5.0.v20090620043401" download-size="1387" install-size="1387" />
	<plugin fragment="true" id="org.eclipse.datatools.enablement.msft.sqlserver.dbdefinition.nl_sv" unpack="false" version="3.5.0.v20090620043401" download-size="1394" install-size="1394" />
	<plugin fragment="true" id="org.eclipse.datatools.enablement.msft.sqlserver.nl_sv" unpack="false" version="3.5.0.v20090620043401" download-size="1432" install-size="1432" />
	<plugin fragment="true" id="org.eclipse.datatools.enablement.msft.sqlserver.ui.nl_sv" unpack="false" version="3.5.0.v20090620043401" download-size="3479" install-size="3479" />
	<plugin fragment="true" id="org.eclipse.datatools.enablement.mysql.dbdefinition.nl_sv" unpack="false" version="3.5.0.v20090620043401" download-size="1406" install-size="1406" />
	<plugin fragment="true" id="org.eclipse.datatools.enablement.mysql.nl_sv" unpack="false" version="3.5.0.v20090620043401" download-size="1454" install-size="1454" />
	<plugin fragment="true" id="org.eclipse.datatools.enablement.mysql.ui.nl_sv" unpack="false" version="3.5.0.v20090620043401" download-size="1379" install-size="1379" />
	<plugin fragment="true" id="org.eclipse.datatools.enablement.oda.ws.ui.nl_sv" unpack="false" version="3.5.0.v20090620043401" download-size="2962" install-size="2962" />
	<plugin fragment="true" id="org.eclipse.datatools.enablement.oda.xml.nl_sv" unpack="false" version="3.5.0.v20090620043401" download-size="2994" install-size="2994" />
	<plugin fragment="true" id="org.eclipse.datatools.enablement.oda.xml.ui.nl_sv" unpack="false" version="3.5.0.v20090620043401" download-size="3416" install-size="3416" />
	<plugin fragment="true" id="org.eclipse.datatools.enablement.oracle.dbdefinition.nl_sv" unpack="false" version="3.5.0.v20090620043401" download-size="1439" install-size="1439" />
	<plugin fragment="true" id="org.eclipse.datatools.enablement.oracle.nl_sv" unpack="false" version="3.5.0.v20090620043401" download-size="1510" install-size="1510" />
	<plugin fragment="true" id="org.eclipse.datatools.enablement.oracle.ui.nl_sv" unpack="false" version="3.5.0.v20090620043401" download-size="3044" install-size="3044" />
	<plugin fragment="true" id="org.eclipse.datatools.enablement.postgresql.dbdefinition.nl_sv" unpack="false" version="3.5.0.v20090620043401" download-size="1392" install-size="1392" />
	<plugin fragment="true" id="org.eclipse.datatools.enablement.postgresql.nl_sv" unpack="false" version="3.5.0.v20090620043401" download-size="1452" install-size="1452" />
	<plugin fragment="true" id="org.eclipse.datatools.enablement.postgresql.ui.nl_sv" unpack="false" version="3.5.0.v20090620043401" download-size="1382" install-size="1382" />
	<plugin fragment="true" id="org.eclipse.datatools.enablement.sap.maxdb.dbdefinition.nl_sv" unpack="false" version="3.5.0.v20090620043401" download-size="1374" install-size="1374" />
	<plugin fragment="true" id="org.eclipse.datatools.enablement.sap.maxdb.nl_sv" unpack="false" version="3.5.0.v20090620043401" download-size="1429" install-size="1429" />
	<plugin fragment="true" id="org.eclipse.datatools.enablement.sap.maxdb.ui.nl_sv" unpack="false" version="3.5.0.v20090620043401" download-size="1382" install-size="1382" />
	<plugin fragment="true" id="org.eclipse.datatools.enablement.sqlite.dbdefinition.nl_sv" unpack="false" version="3.5.0.v20090620043401" download-size="1389" install-size="1389" />
	<plugin fragment="true" id="org.eclipse.datatools.enablement.sqlite.nl_sv" unpack="false" version="3.5.0.v20090620043401" download-size="1433" install-size="1433" />
	<plugin fragment="true" id="org.eclipse.datatools.enablement.sqlite.ui.nl_sv" unpack="false" version="3.5.0.v20090620043401" download-size="2666" install-size="2666" />
	<plugin fragment="true" id="org.eclipse.datatools.enablement.sybase.asa.dbdefinition.nl_sv" unpack="false" version="3.5.0.v20090620043401" download-size="1391" install-size="1391" />
	<plugin fragment="true" id="org.eclipse.datatools.enablement.sybase.asa.models.nl_sv" unpack="false" version="3.5.0.v20090620043401" download-size="1384" install-size="1384" />
	<plugin fragment="true" id="org.eclipse.datatools.enablement.sybase.asa.nl_sv" unpack="false" version="3.5.0.v20090620043401" download-size="2878" install-size="2878" />
	<plugin fragment="true" id="org.eclipse.datatools.enablement.sybase.asa.schemaobjecteditor.examples.nl_sv" unpack="false" version="3.5.0.v20090620043401" download-size="15721" install-size="15721" />
	<plugin fragment="true" id="org.eclipse.datatools.enablement.sybase.asa.ui.nl_sv" unpack="false" version="3.5.0.v20090620043401" download-size="1423" install-size="1423" />
	<plugin fragment="true" id="org.eclipse.datatools.enablement.sybase.ase.dbdefinition.nl_sv" unpack="false" version="3.5.0.v20090620043401" download-size="1388" install-size="1388" />
	<plugin fragment="true" id="org.eclipse.datatools.enablement.sybase.ase.models.nl_sv" unpack="false" version="3.5.0.v20090620043401" download-size="1384" install-size="1384" />
	<plugin fragment="true" id="org.eclipse.datatools.enablement.sybase.ase.nl_sv" unpack="false" version="3.5.0.v20090620043401" download-size="2469" install-size="2469" />
	<plugin fragment="true" id="org.eclipse.datatools.enablement.sybase.ase.ui.nl_sv" unpack="false" version="3.5.0.v20090620043401" download-size="1432" install-size="1432" />
	<plugin fragment="true" id="org.eclipse.datatools.enablement.sybase.models.nl_sv" unpack="false" version="3.5.0.v20090620043401" download-size="1382" install-size="1382" />
	<plugin fragment="true" id="org.eclipse.datatools.enablement.sybase.nl_sv" unpack="false" version="3.5.0.v20090620043401" download-size="2909" install-size="2909" />
	<plugin fragment="true" id="org.eclipse.datatools.enablement.sybase.ui.nl_sv" unpack="false" version="3.5.0.v20090620043401" download-size="2866" install-size="2866" />
	<plugin fragment="true" id="org.eclipse.datatools.help.nl_sv" unpack="false" version="3.5.0.v20090620043401" download-size="1353" install-size="1353" />
	<plugin fragment="true" id="org.eclipse.datatools.modelbase.dbdefinition.nl_sv" unpack="false" version="3.5.0.v20090620043401" download-size="1381" install-size="1381" />
	<plugin fragment="true" id="org.eclipse.datatools.modelbase.derby.nl_sv" unpack="false" version="3.5.0.v20090620043401" download-size="1377" install-size="1377" />
	<plugin fragment="true" id="org.eclipse.datatools.modelbase.sql.edit.nl_sv" unpack="false" version="3.5.0.v20090620043401" download-size="2617" install-size="2617" />
	<plugin fragment="true" id="org.eclipse.datatools.modelbase.sql.nl_sv" unpack="false" version="3.5.0.v20090620043401" download-size="1376" install-size="1376" />
	<plugin fragment="true" id="org.eclipse.datatools.modelbase.sql.query.edit.nl_sv" unpack="false" version="3.5.0.v20090620043401" download-size="1735" install-size="1735" />
	<plugin fragment="true" id="org.eclipse.datatools.modelbase.sql.query.nl_sv" unpack="false" version="3.5.0.v20090620043401" download-size="1380" install-size="1380" />
	<plugin fragment="true" id="org.eclipse.datatools.modelbase.sql.xml.query.nl_sv" unpack="false" version="3.5.0.v20090620043401" download-size="1383" install-size="1383" />
	<plugin fragment="true" id="org.eclipse.datatools.sqltools.common.ui.nl_sv" unpack="false" version="3.5.0.v20090620043401" download-size="5512" install-size="5512" />
	<plugin fragment="true" id="org.eclipse.datatools.sqltools.data.core.nl_sv" unpack="false" version="3.5.0.v20090620043401" download-size="2844" install-size="2844" />
	<plugin fragment="true" id="org.eclipse.datatools.sqltools.data.ui.nl_sv" unpack="false" version="3.5.0.v20090620043401" download-size="3444" install-size="3444" />
	<plugin fragment="true" id="org.eclipse.datatools.sqltools.db.derby.nl_sv" unpack="false" version="3.5.0.v20090620043401" download-size="2620" install-size="2620" />
	<plugin fragment="true" id="org.eclipse.datatools.sqltools.db.derby.ui.nl_sv" unpack="false" version="3.5.0.v20090620043401" download-size="1385" install-size="1385" />
	<plugin fragment="true" id="org.eclipse.datatools.sqltools.db.generic.nl_sv" unpack="false" version="3.5.0.v20090620043401" download-size="2633" install-size="2633" />
	<plugin fragment="true" id="org.eclipse.datatools.sqltools.db.generic.ui.nl_sv" unpack="false" version="3.5.0.v20090620043401" download-size="1386" install-size="1386" />
	<plugin fragment="true" id="org.eclipse.datatools.sqltools.ddlgen.ui.nl_sv" unpack="false" version="3.5.0.v20090620043401" download-size="3242" install-size="3242" />
	<plugin fragment="true" id="org.eclipse.datatools.sqltools.debugger.core.nl_sv" unpack="false" version="3.5.0.v20090620043401" download-size="4462" install-size="4462" />
	<plugin fragment="true" id="org.eclipse.datatools.sqltools.debugger.core.ui.nl_sv" unpack="false" version="3.5.0.v20090620043401" download-size="3718" install-size="3718" />
	<plugin fragment="true" id="org.eclipse.datatools.sqltools.editor.core.nl_sv" unpack="false" version="3.5.0.v20090620043401" download-size="2478" install-size="2478" />
	<plugin fragment="true" id="org.eclipse.datatools.sqltools.editor.core.ui.nl_sv" unpack="false" version="3.5.0.v20090620043401" download-size="1386" install-size="1386" />
	<plugin fragment="true" id="org.eclipse.datatools.sqltools.parsers.sql.lexer.nl_sv" unpack="false" version="3.5.0.v20090620043401" download-size="1383" install-size="1383" />
	<plugin fragment="true" id="org.eclipse.datatools.sqltools.parsers.sql.nl_sv" unpack="false" version="3.5.0.v20090620043401" download-size="1378" install-size="1378" />
	<plugin fragment="true" id="org.eclipse.datatools.sqltools.parsers.sql.query.nl_sv" unpack="false" version="3.5.0.v20090620043401" download-size="2687" install-size="2687" />
	<plugin fragment="true" id="org.eclipse.datatools.sqltools.parsers.sql.xml.query.nl_sv" unpack="false" version="3.5.0.v20090620043401" download-size="1386" install-size="1386" />
	<plugin fragment="true" id="org.eclipse.datatools.sqltools.plan.nl_sv" unpack="false" version="3.5.0.v20090620043401" download-size="4148" install-size="4148" />
	<plugin fragment="true" id="org.eclipse.datatools.sqltools.result.nl_sv" unpack="false" version="3.5.0.v20090620043401" download-size="4021" install-size="4021" />
	<plugin fragment="true" id="org.eclipse.datatools.sqltools.result.ui.nl_sv" unpack="false" version="3.5.0.v20090620043401" download-size="3646" install-size="3646" />
	<plugin fragment="true" id="org.eclipse.datatools.sqltools.routineeditor.nl_sv" unpack="false" version="3.5.0.v20090620043401" download-size="5639" install-size="5639" />
	<plugin fragment="true" id="org.eclipse.datatools.sqltools.routineeditor.ui.nl_sv" unpack="false" version="3.5.0.v20090620043401" download-size="4974" install-size="4974" />
	<plugin fragment="true" id="org.eclipse.datatools.sqltools.schemaobjecteditor.nl_sv" unpack="false" version="3.5.0.v20090620043401" download-size="1388" install-size="1388" />
	<plugin fragment="true" id="org.eclipse.datatools.sqltools.schemaobjecteditor.ui.nl_sv" unpack="false" version="3.5.0.v20090620043401" download-size="5780" install-size="5780" />
	<plugin fragment="true" id="org.eclipse.datatools.sqltools.schemaobjecteditor.ui.pages.nl_sv" unpack="false" version="3.5.0.v20090620043401" download-size="3599" install-size="3599" />
	<plugin fragment="true" id="org.eclipse.datatools.sqltools.sql.nl_sv" unpack="false" version="3.5.0.v20090620043401" download-size="2629" install-size="2629" />
	<plugin fragment="true" id="org.eclipse.datatools.sqltools.sql.ui.nl_sv" unpack="false" version="3.5.0.v20090620043401" download-size="1373" install-size="1373" />
	<plugin fragment="true" id="org.eclipse.datatools.sqltools.sqlbuilder.nl_sv" unpack="false" version="3.5.0.v20090620043401" download-size="3503" install-size="3503" />
	<plugin fragment="true" id="org.eclipse.datatools.sqltools.sqleditor.nl_sv" unpack="false" version="3.5.0.v20090620043401" download-size="8331" install-size="8331" />
	<plugin fragment="true" id="org.eclipse.datatools.sqltools.sqlscrapbook.nl_sv" unpack="false" version="3.5.0.v20090620043401" download-size="4768" install-size="4768" />
	<plugin fragment="true" id="org.eclipse.datatools.sqltools.tabledataeditor.nl_sv" unpack="false" version="3.5.0.v20090620043401" download-size="1380" install-size="1380" />
</feature>