<?xml version="1.0" encoding="UTF-8" ?>
<feature
	id="org.eclipse.babel.nls_tools.orbit_en_AA"
	label="Babel Language Pack for tools.orbit in Pseudo Translations (100%)"
	image="eclipse_update_120.jpg"
	provider-name="%providerName"
	version="3.5.0.v20090620043401">
	<copyright>
		%copyright
	</copyright>
	<license url="%licenseURL">
		%license
	</license>
	<description>Babel Language Pack for tools.orbit in Pseudo Translations</description>
	<plugin fragment="true" id="com.jcraft.jsch.nl_en_AA" unpack="false" version="3.5.0.v20090620043401" download-size="1422" install-size="1422" />
	<plugin fragment="true" id="com.sun.syndication.nl_en_AA" unpack="false" version="3.5.0.v20090620043401" download-size="3046" install-size="3046" />
	<plugin fragment="true" id="com.sun.xml.bind.nl_en_AA" unpack="false" version="3.5.0.v20090620043401" download-size="1737" install-size="1737" />
	<plugin fragment="true" id="commonj.sdo.nl_en_AA" unpack="false" version="3.5.0.v20090620043401" download-size="1424" install-size="1424" />
	<plugin fragment="true" id="edu.emory.mathcs.backport.nl_en_AA" unpack="false" version="3.5.0.v20090620043401" download-size="1444" install-size="1444" />
	<plugin fragment="true" id="javax.activation.nl_en_AA" unpack="false" version="3.5.0.v20090620043401" download-size="1437" install-size="1437" />
	<plugin fragment="true" id="javax.jws.nl_en_AA" unpack="false" version="3.5.0.v20090620043401" download-size="1421" install-size="1421" />
	<plugin fragment="true" id="javax.mail.glassfish.nl_en_AA" unpack="false" version="3.5.0.v20090620043401" download-size="1442" install-size="1442" />
	<plugin fragment="true" id="javax.mail.nl_en_AA" unpack="false" version="3.5.0.v20090620043401" download-size="1423" install-size="1423" />
	<plugin fragment="true" id="javax.management.nl_en_AA" unpack="false" version="3.5.0.v20090620043401" download-size="1436" install-size="1436" />
	<plugin fragment="true" id="javax.management.remote.nl_en_AA" unpack="false" version="3.5.0.v20090620043401" download-size="1446" install-size="1446" />
	<plugin fragment="true" id="javax.persistence.nl_en_AA" unpack="false" version="3.5.0.v20090620043401" download-size="1438" install-size="1438" />
	<plugin fragment="true" id="javax.servlet.jsp.nl_en_AA" unpack="false" version="3.5.0.v20090620043401" download-size="1438" install-size="1438" />
	<plugin fragment="true" id="javax.servlet.nl_en_AA" unpack="false" version="3.5.0.v20090620043401" download-size="7154" install-size="7154" />
	<plugin fragment="true" id="javax.wsdl.nl_en_AA" unpack="false" version="3.5.0.v20090620043401" download-size="1416" install-size="1416" />
	<plugin fragment="true" id="javax.xml.bind.nl_en_AA" unpack="false" version="3.5.0.v20090620043401" download-size="1809" install-size="1809" />
	<plugin fragment="true" id="javax.xml.nl_en_AA" unpack="false" version="3.5.0.v20090620043401" download-size="1417" install-size="1417" />
	<plugin fragment="true" id="javax.xml.rpc.nl_en_AA" unpack="false" version="3.5.0.v20090620043401" download-size="1420" install-size="1420" />
	<plugin fragment="true" id="javax.xml.soap.nl_en_AA" unpack="false" version="3.5.0.v20090620043401" download-size="1417" install-size="1417" />
	<plugin fragment="true" id="javax.xml.ws.nl_en_AA" unpack="false" version="3.5.0.v20090620043401" download-size="1428" install-size="1428" />
	<plugin fragment="true" id="net.sourceforge.lpg.lpgjavaruntime.nl_en_AA" unpack="false" version="3.5.0.v20090620043401" download-size="1441" install-size="1441" />
	<plugin fragment="true" id="net.sourceforge.mx4j.nl_en_AA" unpack="false" version="3.5.0.v20090620043401" download-size="1421" install-size="1421" />
	<plugin fragment="true" id="net.sourceforge.mx4j.remote.nl_en_AA" unpack="false" version="3.5.0.v20090620043401" download-size="1434" install-size="1434" />
	<plugin fragment="true" id="org.antlr.runtime.nl_en_AA" unpack="false" version="3.5.0.v20090620043401" download-size="1425" install-size="1425" />
	<plugin fragment="true" id="org.apache.axis.nl_en_AA" unpack="false" version="3.5.0.v20090620043401" download-size="61153" install-size="61153" />
	<plugin fragment="true" id="org.apache.batik.bridge.nl_en_AA" unpack="false" version="3.5.0.v20090620043401" download-size="5630" install-size="5630" />
	<plugin fragment="true" id="org.apache.batik.css.nl_en_AA" unpack="false" version="3.5.0.v20090620043401" download-size="5594" install-size="5594" />
	<plugin fragment="true" id="org.apache.batik.dom.nl_en_AA" unpack="false" version="3.5.0.v20090620043401" download-size="4744" install-size="4744" />
	<plugin fragment="true" id="org.apache.batik.dom.svg.nl_en_AA" unpack="false" version="3.5.0.v20090620043401" download-size="4262" install-size="4262" />
	<plugin fragment="true" id="org.apache.batik.ext.awt.nl_en_AA" unpack="false" version="3.5.0.v20090620043401" download-size="4135" install-size="4135" />
	<plugin fragment="true" id="org.apache.batik.extension.nl_en_AA" unpack="false" version="3.5.0.v20090620043401" download-size="1440" install-size="1440" />
	<plugin fragment="true" id="org.apache.batik.parser.nl_en_AA" unpack="false" version="3.5.0.v20090620043401" download-size="4013" install-size="4013" />
	<plugin fragment="true" id="org.apache.batik.pdf.nl_en_AA" unpack="false" version="3.5.0.v20090620043401" download-size="1426" install-size="1426" />
	<plugin fragment="true" id="org.apache.batik.svggen.nl_en_AA" unpack="false" version="3.5.0.v20090620043401" download-size="4093" install-size="4093" />
	<plugin fragment="true" id="org.apache.batik.swing.nl_en_AA" unpack="false" version="3.5.0.v20090620043401" download-size="3328" install-size="3328" />
	<plugin fragment="true" id="org.apache.batik.transcoder.nl_en_AA" unpack="false" version="3.5.0.v20090620043401" download-size="3086" install-size="3086" />
	<plugin fragment="true" id="org.apache.batik.util.gui.nl_en_AA" unpack="false" version="3.5.0.v20090620043401" download-size="17154" install-size="17154" />
	<plugin fragment="true" id="org.apache.batik.util.nl_en_AA" unpack="false" version="3.5.0.v20090620043401" download-size="4235" install-size="4235" />
	<plugin fragment="true" id="org.apache.batik.xml.nl_en_AA" unpack="false" version="3.5.0.v20090620043401" download-size="3160" install-size="3160" />
	<plugin fragment="true" id="org.apache.bcel.nl_en_AA" unpack="false" version="3.5.0.v20090620043401" download-size="1418" install-size="1418" />
	<plugin fragment="true" id="org.apache.bsf.nl_en_AA" unpack="false" version="3.5.0.v20090620043401" download-size="3163" install-size="3163" />
	<plugin fragment="true" id="org.apache.commons.beanutils.nl_en_AA" unpack="false" version="3.5.0.v20090620043401" download-size="1437" install-size="1437" />
	<plugin fragment="true" id="org.apache.commons.collections.nl_en_AA" unpack="false" version="3.5.0.v20090620043401" download-size="1432" install-size="1432" />
	<plugin fragment="true" id="org.apache.commons.discovery.nl_en_AA" unpack="false" version="3.5.0.v20090620043401" download-size="1436" install-size="1436" />
	<plugin fragment="true" id="org.apache.commons.el.nl_en_AA" unpack="false" version="3.5.0.v20090620043401" download-size="8847" install-size="8847" />
	<plugin fragment="true" id="org.apache.commons.lang.nl_en_AA" unpack="false" version="3.5.0.v20090620043401" download-size="1433" install-size="1433" />
	<plugin fragment="true" id="org.apache.commons.logging.nl_en_AA" unpack="false" version="3.5.0.v20090620043401" download-size="1445" install-size="1445" />
	<plugin fragment="true" id="org.apache.commons.net.nl_en_AA" unpack="false" version="3.5.0.v20090620043401" download-size="1435" install-size="1435" />
	<plugin fragment="true" id="org.apache.derby.nl_en_AA" unpack="false" version="3.5.0.v20090620043401" download-size="763576" install-size="763576" />
	<plugin fragment="true" id="org.apache.httpcomponents.httpcore.nio.nl_en_AA" unpack="false" version="3.5.0.v20090620043401" download-size="1725" install-size="1725" />
	<plugin fragment="true" id="org.apache.httpcomponents.httpcore.nl_en_AA" unpack="false" version="3.5.0.v20090620043401" download-size="1712" install-size="1712" />
	<plugin fragment="true" id="org.apache.jasper.nl_en_AA" unpack="false" version="3.5.0.v20090620043401" download-size="67823" install-size="67823" />
	<plugin fragment="true" id="org.apache.log4j.nl_en_AA" unpack="false" version="3.5.0.v20090620043401" download-size="1726" install-size="1726" />
	<plugin fragment="true" id="org.apache.oro.nl_en_AA" unpack="false" version="3.5.0.v20090620043401" download-size="1432" install-size="1432" />
	<plugin fragment="true" id="org.apache.solr.client.solrj.embedded.nl_en_AA" unpack="false" version="3.5.0.v20090620043401" download-size="1452" install-size="1452" />
	<plugin fragment="true" id="org.apache.solr.client.solrj.nl_en_AA" unpack="false" version="3.5.0.v20090620043401" download-size="1437" install-size="1437" />
	<plugin fragment="true" id="org.apache.velocity.nl_en_AA" unpack="false" version="3.5.0.v20090620043401" download-size="2898" install-size="2898" />
	<plugin fragment="true" id="org.apache.ws.commons.schema.nl_en_AA" unpack="false" version="3.5.0.v20090620043401" download-size="1448" install-size="1448" />
	<plugin fragment="true" id="org.apache.ws.commons.util.nl_en_AA" unpack="false" version="3.5.0.v20090620043401" download-size="1419" install-size="1419" />
	<plugin fragment="true" id="org.apache.wsil4j.nl_en_AA" unpack="false" version="3.5.0.v20090620043401" download-size="1421" install-size="1421" />
	<plugin fragment="true" id="org.apache.xalan.nl_en_AA" unpack="false" version="3.5.0.v20090620043401" download-size="5245" install-size="5245" />
	<plugin fragment="true" id="org.apache.xerces.nl_en_AA" unpack="false" version="3.5.0.v20090620043401" download-size="28112" install-size="28112" />
	<plugin fragment="true" id="org.apache.xml.resolver.nl_en_AA" unpack="false" version="3.5.0.v20090620043401" download-size="3636" install-size="3636" />
	<plugin fragment="true" id="org.apache.xml.security.nl_en_AA" unpack="false" version="3.5.0.v20090620043401" download-size="9917" install-size="9917" />
	<plugin fragment="true" id="org.apache.xml.serializer.nl_en_AA" unpack="false" version="3.5.0.v20090620043401" download-size="4949" install-size="4949" />
	<plugin fragment="true" id="org.eclipse.orbit.nl_en_AA" unpack="false" version="3.5.0.v20090620043401" download-size="1418" install-size="1418" />
	<plugin fragment="true" id="org.hamcrest.core.nl_en_AA" unpack="false" version="3.5.0.v20090620043401" download-size="1437" install-size="1437" />
	<plugin fragment="true" id="org.hamcrest.generator.nl_en_AA" unpack="false" version="3.5.0.v20090620043401" download-size="1431" install-size="1431" />
	<plugin fragment="true" id="org.hamcrest.integration.nl_en_AA" unpack="false" version="3.5.0.v20090620043401" download-size="1441" install-size="1441" />
	<plugin fragment="true" id="org.hamcrest.library.nl_en_AA" unpack="false" version="3.5.0.v20090620043401" download-size="1444" install-size="1444" />
	<plugin fragment="true" id="org.hamcrest.nl_en_AA" unpack="false" version="3.5.0.v20090620043401" download-size="1425" install-size="1425" />
	<plugin fragment="true" id="org.hamcrest.text.nl_en_AA" unpack="false" version="3.5.0.v20090620043401" download-size="1438" install-size="1438" />
	<plugin fragment="true" id="org.jdom.nl_en_AA" unpack="false" version="3.5.0.v20090620043401" download-size="1413" install-size="1413" />
	<plugin fragment="true" id="org.mortbay.jetty.nl_en_AA" unpack="false" version="3.5.0.v20090620043401" download-size="14909" install-size="14909" />
	<plugin fragment="true" id="org.mortbay.jetty.server.nl_en_AA" unpack="false" version="3.5.0.v20090620043401" download-size="3743" install-size="3743" />
	<plugin fragment="true" id="org.mortbay.jetty.util.nl_en_AA" unpack="false" version="3.5.0.v20090620043401" download-size="1427" install-size="1427" />
	<plugin fragment="true" id="org.mozilla.javascript.nl_en_AA" unpack="false" version="3.5.0.v20090620043401" download-size="9165" install-size="9165" />
	<plugin fragment="true" id="org.objectweb.asm.nl_en_AA" unpack="false" version="3.5.0.v20090620043401" download-size="7319" install-size="7319" />
	<plugin fragment="true" id="org.opensaml.nl_en_AA" unpack="false" version="3.5.0.v20090620043401" download-size="1606" install-size="1606" />
	<plugin fragment="true" id="org.slf4j.api.nl_en_AA" unpack="false" version="3.5.0.v20090620043401" download-size="1425" install-size="1425" />
	<plugin fragment="true" id="org.uddi4j.nl_en_AA" unpack="false" version="3.5.0.v20090620043401" download-size="1415" install-size="1415" />
	<plugin fragment="true" id="org.w3c.css.sac.nl_en_AA" unpack="false" version="3.5.0.v20090620043401" download-size="1426" install-size="1426" />
	<plugin fragment="true" id="org.w3c.dom.events.nl_en_AA" unpack="false" version="3.5.0.v20090620043401" download-size="1441" install-size="1441" />
	<plugin fragment="true" id="org.w3c.dom.smil.nl_en_AA" unpack="false" version="3.5.0.v20090620043401" download-size="1430" install-size="1430" />
	<plugin fragment="true" id="org.w3c.dom.svg.nl_en_AA" unpack="false" version="3.5.0.v20090620043401" download-size="1428" install-size="1428" />
</feature>