<?xml version="1.0" encoding="UTF-8" ?>
<feature
	id="org.eclipse.babel.nls_stp.sca_zh"
	label="Babel Language Pack for stp.sca in Chinese (Simplified) (22.35%)"
	image="eclipse_update_120.jpg"
	provider-name="%providerName"
	version="3.5.0.v20090620043401">
	<copyright>
		%copyright
	</copyright>
	<license url="%licenseURL">
		%license
	</license>
	<description>Babel Language Pack for stp.sca in Chinese (Simplified)</description>
	<plugin fragment="true" id="org.eclipse.stp.sca.common.jdt.nl_zh" unpack="false" version="3.5.0.v20090620043401" download-size="2340" install-size="2340" />
	<plugin fragment="true" id="org.eclipse.stp.sca.common.nl_zh" unpack="false" version="3.5.0.v20090620043401" download-size="1362" install-size="1362" />
	<plugin fragment="true" id="org.eclipse.stp.sca.diagram.extension.generator.ui.nl_zh" unpack="false" version="3.5.0.v20090620043401" download-size="2900" install-size="2900" />
	<plugin fragment="true" id="org.eclipse.stp.sca.diagram.extension.nl_zh" unpack="false" version="3.5.0.v20090620043401" download-size="1496" install-size="1496" />
	<plugin fragment="true" id="org.eclipse.stp.sca.diagram.frascati.nl_zh" unpack="false" version="3.5.0.v20090620043401" download-size="1386" install-size="1386" />
	<plugin fragment="true" id="org.eclipse.stp.sca.diagram.jdt.nl_zh" unpack="false" version="3.5.0.v20090620043401" download-size="1366" install-size="1366" />
	<plugin fragment="true" id="org.eclipse.stp.sca.diagram.nl_zh" unpack="false" version="3.5.0.v20090620043401" download-size="2470" install-size="2470" />
	<plugin fragment="true" id="org.eclipse.stp.sca.diagram.tuscany.nl_zh" unpack="false" version="3.5.0.v20090620043401" download-size="1368" install-size="1368" />
	<plugin fragment="true" id="org.eclipse.stp.sca.domainmodel.frascati.edit.nl_zh" unpack="false" version="3.5.0.v20090620043401" download-size="1694" install-size="1694" />
	<plugin fragment="true" id="org.eclipse.stp.sca.domainmodel.frascati.editor.nl_zh" unpack="false" version="3.5.0.v20090620043401" download-size="1453" install-size="1453" />
	<plugin fragment="true" id="org.eclipse.stp.sca.domainmodel.tuscany.edit.nl_zh" unpack="false" version="3.5.0.v20090620043401" download-size="1818" install-size="1818" />
	<plugin fragment="true" id="org.eclipse.stp.sca.domainmodel.tuscany.editor.nl_zh" unpack="false" version="3.5.0.v20090620043401" download-size="1453" install-size="1453" />
	<plugin fragment="true" id="org.eclipse.stp.sca.edit.nl_zh" unpack="false" version="3.5.0.v20090620043401" download-size="3746" install-size="3746" />
	<plugin fragment="true" id="org.eclipse.stp.sca.editor.nl_zh" unpack="false" version="3.5.0.v20090620043401" download-size="3001" install-size="3001" />
	<plugin fragment="true" id="org.eclipse.stp.sca.formeditor.nl_zh" unpack="false" version="3.5.0.v20090620043401" download-size="2373" install-size="2373" />
	<plugin fragment="true" id="org.eclipse.stp.sca.implementation.java.nl_zh" unpack="false" version="3.5.0.v20090620043401" download-size="1371" install-size="1371" />
	<plugin fragment="true" id="org.eclipse.stp.sca.implementation.sca.nl_zh" unpack="false" version="3.5.0.v20090620043401" download-size="1369" install-size="1369" />
	<plugin fragment="true" id="org.eclipse.stp.sca.interfacee.java.nl_zh" unpack="false" version="3.5.0.v20090620043401" download-size="1368" install-size="1368" />
	<plugin fragment="true" id="org.eclipse.stp.sca.nl_zh" unpack="false" version="3.5.0.v20090620043401" download-size="1359" install-size="1359" />
	<plugin fragment="true" id="org.eclipse.stp.sca.ontology.view.jena2.nl_zh" unpack="false" version="3.5.0.v20090620043401" download-size="2544" install-size="2544" />
	<plugin fragment="true" id="org.eclipse.stp.sca.ontology.view.nl_zh" unpack="false" version="3.5.0.v20090620043401" download-size="2367" install-size="2367" />
	<plugin fragment="true" id="org.eclipse.stp.sca.semantic.sawsdl.edit.nl_zh" unpack="false" version="3.5.0.v20090620043401" download-size="1639" install-size="1639" />
	<plugin fragment="true" id="org.eclipse.stp.sca.semantic.sawsdl.properties.nl_zh" unpack="false" version="3.5.0.v20090620043401" download-size="1378" install-size="1378" />
	<plugin fragment="true" id="org.eclipse.stp.sca.validation.frascati.nl_zh" unpack="false" version="3.5.0.v20090620043401" download-size="1372" install-size="1372" />
	<plugin fragment="true" id="org.eclipse.stp.sca.validation.nl_zh" unpack="false" version="3.5.0.v20090620043401" download-size="1366" install-size="1366" />
	<plugin fragment="true" id="org.eclipse.stp.sca.xmleditor.nl_zh" unpack="false" version="3.5.0.v20090620043401" download-size="2475" install-size="2475" />
</feature>