<?xml version="1.0" encoding="UTF-8" ?>
<feature
	id="org.eclipse.babel.nls_webtools.jsf_no"
	label="Babel Language Pack for webtools.jsf in Norwegian (29.98%)"
	image="eclipse_update_120.jpg"
	provider-name="%providerName"
	version="3.5.0.v20090620043401">
	<copyright>
		%copyright
	</copyright>
	<license url="%licenseURL">
		%license
	</license>
	<description>Babel Language Pack for webtools.jsf in Norwegian</description>
	<plugin fragment="true" id="org.eclipse.jst.jsf.apache.trinidad.tagsupport.nl_no" unpack="false" version="3.5.0.v20090620043401" download-size="3053" install-size="3053" />
	<plugin fragment="true" id="org.eclipse.jst.jsf.common.nl_no" unpack="false" version="3.5.0.v20090620043401" download-size="2748" install-size="2748" />
	<plugin fragment="true" id="org.eclipse.jst.jsf.common.runtime.nl_no" unpack="false" version="3.5.0.v20090620043401" download-size="1378" install-size="1378" />
	<plugin fragment="true" id="org.eclipse.jst.jsf.common.ui.nl_no" unpack="false" version="3.5.0.v20090620043401" download-size="4779" install-size="4779" />
	<plugin fragment="true" id="org.eclipse.jst.jsf.core.nl_no" unpack="false" version="3.5.0.v20090620043401" download-size="6423" install-size="6423" />
	<plugin fragment="true" id="org.eclipse.jst.jsf.facesconfig.nl_no" unpack="false" version="3.5.0.v20090620043401" download-size="5122" install-size="5122" />
	<plugin fragment="true" id="org.eclipse.jst.jsf.facesconfig.ui.nl_no" unpack="false" version="3.5.0.v20090620043401" download-size="6898" install-size="6898" />
	<plugin fragment="true" id="org.eclipse.jst.jsf.standard.tagsupport.nl_no" unpack="false" version="3.5.0.v20090620043401" download-size="2693" install-size="2693" />
	<plugin fragment="true" id="org.eclipse.jst.jsf.ui.nl_no" unpack="false" version="3.5.0.v20090620043401" download-size="4338" install-size="4338" />
	<plugin fragment="true" id="org.eclipse.jst.pagedesigner.jsf.ui.nl_no" unpack="false" version="3.5.0.v20090620043401" download-size="4909" install-size="4909" />
	<plugin fragment="true" id="org.eclipse.jst.pagedesigner.jsp.core.nl_no" unpack="false" version="3.5.0.v20090620043401" download-size="1377" install-size="1377" />
	<plugin fragment="true" id="org.eclipse.jst.pagedesigner.nl_no" unpack="false" version="3.5.0.v20090620043401" download-size="10228" install-size="10228" />
</feature>