<?xml version="1.0" encoding="UTF-8" ?>
<feature
	id="org.eclipse.babel.nls_tools.pdt_fr"
	label="Babel Language Pack for tools.pdt in French (84.83%)"
	image="eclipse_update_120.jpg"
	provider-name="%providerName"
	version="3.5.0.v20090620043401">
	<copyright>
		%copyright
	</copyright>
	<license url="%licenseURL">
		%license
	</license>
	<description>Babel Language Pack for tools.pdt in French</description>
	<plugin fragment="true" id="org.eclipse.dltk.core.tests.nl_fr" unpack="false" version="3.5.0.v20090620043401" download-size="1370" install-size="1370" />
	<plugin fragment="true" id="org.eclipse.php.core.nl_fr" unpack="false" version="3.5.0.v20090620043401" download-size="3367" install-size="3367" />
	<plugin fragment="true" id="org.eclipse.php.core.parser.nl_fr" unpack="false" version="3.5.0.v20090620043401" download-size="1370" install-size="1370" />
	<plugin fragment="true" id="org.eclipse.php.debug.core.nl_fr" unpack="false" version="3.5.0.v20090620043401" download-size="3499" install-size="3499" />
	<plugin fragment="true" id="org.eclipse.php.debug.ui.nl_fr" unpack="false" version="3.5.0.v20090620043401" download-size="4771" install-size="4771" />
	<plugin fragment="true" id="org.eclipse.php.nl_fr" unpack="false" version="3.5.0.v20090620043401" download-size="1469" install-size="1469" />
	<plugin fragment="true" id="org.eclipse.php.server.core.nl_fr" unpack="false" version="3.5.0.v20090620043401" download-size="2345" install-size="2345" />
	<plugin fragment="true" id="org.eclipse.php.server.ui.nl_fr" unpack="false" version="3.5.0.v20090620043401" download-size="2833" install-size="2833" />
	<plugin fragment="true" id="org.eclipse.php.test.nl_fr" unpack="false" version="3.5.0.v20090620043401" download-size="1387" install-size="1387" />
	<plugin fragment="true" id="org.eclipse.php.ui.nl_fr" unpack="false" version="3.5.0.v20090620043401" download-size="51232" install-size="51232" />
	<plugin fragment="true" id="org.eclipse.test.nl_fr" unpack="false" version="3.5.0.v20090620043401" download-size="1393" install-size="1393" />
</feature>