<?xml version="1.0" encoding="UTF-8" ?>
<feature
	id="org.eclipse.babel.nls_modeling.emf_fr"
	label="Babel Language Pack for modeling.emf in French (79.79%)"
	image="eclipse_update_120.jpg"
	provider-name="%providerName"
	version="3.5.0.v20090620043401">
	<copyright>
		%copyright
	</copyright>
	<license url="%licenseURL">
		%license
	</license>
	<description>Babel Language Pack for modeling.emf in French</description>
	<plugin fragment="true" id="library.ecore.nl_fr" unpack="false" version="3.5.0.v20090620043401" download-size="1396" install-size="1396" />
	<plugin fragment="true" id="library.java.nl_fr" unpack="false" version="3.5.0.v20090620043401" download-size="1396" install-size="1396" />
	<plugin fragment="true" id="library.rose.nl_fr" unpack="false" version="3.5.0.v20090620043401" download-size="1396" install-size="1396" />
	<plugin fragment="true" id="library.xsd.nl_fr" unpack="false" version="3.5.0.v20090620043401" download-size="1395" install-size="1395" />
	<plugin fragment="true" id="library.xsds.nl_fr" unpack="false" version="3.5.0.v20090620043401" download-size="1396" install-size="1396" />
	<plugin fragment="true" id="org.eclipse.emf.activities.nl_fr" unpack="false" version="3.5.0.v20090620043401" download-size="1516" install-size="1516" />
	<plugin fragment="true" id="org.eclipse.emf.ant.nl_fr" unpack="false" version="3.5.0.v20090620043401" download-size="1390" install-size="1390" />
	<plugin fragment="true" id="org.eclipse.emf.cdo.common.nl_fr" unpack="false" version="3.5.0.v20090620043401" download-size="1368" install-size="1368" />
	<plugin fragment="true" id="org.eclipse.emf.cdo.defs.nl_fr" unpack="false" version="3.5.0.v20090620043401" download-size="1367" install-size="1367" />
	<plugin fragment="true" id="org.eclipse.emf.cdo.doc.nl_fr" unpack="false" version="3.5.0.v20090620043401" download-size="1366" install-size="1366" />
	<plugin fragment="true" id="org.eclipse.emf.cdo.edit.nl_fr" unpack="false" version="3.5.0.v20090620043401" download-size="3592" install-size="3592" />
	<plugin fragment="true" id="org.eclipse.emf.cdo.examples.nl_fr" unpack="false" version="3.5.0.v20090620043401" download-size="1370" install-size="1370" />
	<plugin fragment="true" id="org.eclipse.emf.cdo.examples.spring.nl_fr" unpack="false" version="3.5.0.v20090620043401" download-size="1374" install-size="1374" />
	<plugin fragment="true" id="org.eclipse.emf.cdo.migrator.nl_fr" unpack="false" version="3.5.0.v20090620043401" download-size="2634" install-size="2634" />
	<plugin fragment="true" id="org.eclipse.emf.cdo.nl_fr" unpack="false" version="3.5.0.v20090620043401" download-size="2914" install-size="2914" />
	<plugin fragment="true" id="org.eclipse.emf.cdo.server.db.nl_fr" unpack="false" version="3.5.0.v20090620043401" download-size="1371" install-size="1371" />
	<plugin fragment="true" id="org.eclipse.emf.cdo.server.hibernate.id.nl_fr" unpack="false" version="3.5.0.v20090620043401" download-size="1376" install-size="1376" />
	<plugin fragment="true" id="org.eclipse.emf.cdo.server.hibernate.nl_fr" unpack="false" version="3.5.0.v20090620043401" download-size="1748" install-size="1748" />
	<plugin fragment="true" id="org.eclipse.emf.cdo.server.hibernate.teneo.nl_fr" unpack="false" version="3.5.0.v20090620043401" download-size="1377" install-size="1377" />
	<plugin fragment="true" id="org.eclipse.emf.cdo.server.nl_fr" unpack="false" version="3.5.0.v20090620043401" download-size="1368" install-size="1368" />
	<plugin fragment="true" id="org.eclipse.emf.cdo.tests.db.nl_fr" unpack="false" version="3.5.0.v20090620043401" download-size="1370" install-size="1370" />
	<plugin fragment="true" id="org.eclipse.emf.cdo.tests.hibernate.client.nl_fr" unpack="false" version="3.5.0.v20090620043401" download-size="1378" install-size="1378" />
	<plugin fragment="true" id="org.eclipse.emf.cdo.tests.hibernate.nl_fr" unpack="false" version="3.5.0.v20090620043401" download-size="1985" install-size="1985" />
	<plugin fragment="true" id="org.eclipse.emf.cdo.tests.mango.edit.nl_fr" unpack="false" version="3.5.0.v20090620043401" download-size="1651" install-size="1651" />
	<plugin fragment="true" id="org.eclipse.emf.cdo.tests.mango.nl_fr" unpack="false" version="3.5.0.v20090620043401" download-size="1371" install-size="1371" />
	<plugin fragment="true" id="org.eclipse.emf.cdo.tests.model1.edit.nl_fr" unpack="false" version="3.5.0.v20090620043401" download-size="1793" install-size="1793" />
	<plugin fragment="true" id="org.eclipse.emf.cdo.tests.model1.nl_fr" unpack="false" version="3.5.0.v20090620043401" download-size="1373" install-size="1373" />
	<plugin fragment="true" id="org.eclipse.emf.cdo.tests.model2.edit.nl_fr" unpack="false" version="3.5.0.v20090620043401" download-size="1646" install-size="1646" />
	<plugin fragment="true" id="org.eclipse.emf.cdo.tests.model2.nl_fr" unpack="false" version="3.5.0.v20090620043401" download-size="1373" install-size="1373" />
	<plugin fragment="true" id="org.eclipse.emf.cdo.tests.model3.edit.nl_fr" unpack="false" version="3.5.0.v20090620043401" download-size="1598" install-size="1598" />
	<plugin fragment="true" id="org.eclipse.emf.cdo.tests.model3.nl_fr" unpack="false" version="3.5.0.v20090620043401" download-size="1372" install-size="1372" />
	<plugin fragment="true" id="org.eclipse.emf.cdo.tests.model4.nl_fr" unpack="false" version="3.5.0.v20090620043401" download-size="1372" install-size="1372" />
	<plugin fragment="true" id="org.eclipse.emf.cdo.tests.model4interfaces.nl_fr" unpack="false" version="3.5.0.v20090620043401" download-size="1378" install-size="1378" />
	<plugin fragment="true" id="org.eclipse.emf.cdo.tests.model5.nl_fr" unpack="false" version="3.5.0.v20090620043401" download-size="1372" install-size="1372" />
	<plugin fragment="true" id="org.eclipse.emf.cdo.tests.nl_fr" unpack="false" version="3.5.0.v20090620043401" download-size="1367" install-size="1367" />
	<plugin fragment="true" id="org.eclipse.emf.cdo.ui.capabilities.nl_fr" unpack="false" version="3.5.0.v20090620043401" download-size="1374" install-size="1374" />
	<plugin fragment="true" id="org.eclipse.emf.cdo.ui.defs.nl_fr" unpack="false" version="3.5.0.v20090620043401" download-size="1369" install-size="1369" />
	<plugin fragment="true" id="org.eclipse.emf.cdo.ui.nl_fr" unpack="false" version="3.5.0.v20090620043401" download-size="4458" install-size="4458" />
	<plugin fragment="true" id="org.eclipse.emf.cheatsheets.nl_fr" unpack="false" version="3.5.0.v20090620043401" download-size="1777" install-size="1777" />
	<plugin fragment="true" id="org.eclipse.emf.codegen.ecore.nl_fr" unpack="false" version="3.5.0.v20090620043401" download-size="3154" install-size="3154" />
	<plugin fragment="true" id="org.eclipse.emf.codegen.ecore.ui.nl_fr" unpack="false" version="3.5.0.v20090620043401" download-size="7138" install-size="7138" />
	<plugin fragment="true" id="org.eclipse.emf.codegen.nl_fr" unpack="false" version="3.5.0.v20090620043401" download-size="2656" install-size="2656" />
	<plugin fragment="true" id="org.eclipse.emf.codegen.ui.nl_fr" unpack="false" version="3.5.0.v20090620043401" download-size="2075" install-size="2075" />
	<plugin fragment="true" id="org.eclipse.emf.common.nl_fr" unpack="false" version="3.5.0.v20090620043401" download-size="1999" install-size="1999" />
	<plugin fragment="true" id="org.eclipse.emf.common.ui.nl_fr" unpack="false" version="3.5.0.v20090620043401" download-size="2569" install-size="2569" />
	<plugin fragment="true" id="org.eclipse.emf.converter.nl_fr" unpack="false" version="3.5.0.v20090620043401" download-size="2381" install-size="2381" />
	<plugin fragment="true" id="org.eclipse.emf.databinding.edit.nl_fr" unpack="false" version="3.5.0.v20090620043401" download-size="1373" install-size="1373" />
	<plugin fragment="true" id="org.eclipse.emf.databinding.nl_fr" unpack="false" version="3.5.0.v20090620043401" download-size="1370" install-size="1370" />
	<plugin fragment="true" id="org.eclipse.emf.doc.nl_fr" unpack="false" version="3.5.0.v20090620043401" download-size="1637" install-size="1637" />
	<plugin fragment="true" id="org.eclipse.emf.ecore.change.edit.nl_fr" unpack="false" version="3.5.0.v20090620043401" download-size="1892" install-size="1892" />
	<plugin fragment="true" id="org.eclipse.emf.ecore.change.nl_fr" unpack="false" version="3.5.0.v20090620043401" download-size="1406" install-size="1406" />
	<plugin fragment="true" id="org.eclipse.emf.ecore.edit.nl_fr" unpack="false" version="3.5.0.v20090620043401" download-size="3190" install-size="3190" />
	<plugin fragment="true" id="org.eclipse.emf.ecore.editor.nl_fr" unpack="false" version="3.5.0.v20090620043401" download-size="2631" install-size="2631" />
	<plugin fragment="true" id="org.eclipse.emf.ecore.nl_fr" unpack="false" version="3.5.0.v20090620043401" download-size="3632" install-size="3632" />
	<plugin fragment="true" id="org.eclipse.emf.ecore.xmi.nl_fr" unpack="false" version="3.5.0.v20090620043401" download-size="1419" install-size="1419" />
	<plugin fragment="true" id="org.eclipse.emf.edit.nl_fr" unpack="false" version="3.5.0.v20090620043401" download-size="2501" install-size="2501" />
	<plugin fragment="true" id="org.eclipse.emf.edit.ui.nl_fr" unpack="false" version="3.5.0.v20090620043401" download-size="2581" install-size="2581" />
	<plugin fragment="true" id="org.eclipse.emf.example.installer.nl_fr" unpack="false" version="3.5.0.v20090620043401" download-size="1414" install-size="1414" />
	<plugin fragment="true" id="org.eclipse.emf.examples.databinding.project.core.model.nl_fr" unpack="false" version="3.5.0.v20090620043401" download-size="1395" install-size="1395" />
	<plugin fragment="true" id="org.eclipse.emf.examples.generator.validator.nl_fr" unpack="false" version="3.5.0.v20090620043401" download-size="1458" install-size="1458" />
	<plugin fragment="true" id="org.eclipse.emf.examples.jet.article2.nl_fr" unpack="false" version="3.5.0.v20090620043401" download-size="1812" install-size="1812" />
	<plugin fragment="true" id="org.eclipse.emf.examples.nl_fr" unpack="false" version="3.5.0.v20090620043401" download-size="1599" install-size="1599" />
	<plugin fragment="true" id="org.eclipse.emf.exporter.html.nl_fr" unpack="false" version="3.5.0.v20090620043401" download-size="1522" install-size="1522" />
	<plugin fragment="true" id="org.eclipse.emf.exporter.nl_fr" unpack="false" version="3.5.0.v20090620043401" download-size="2111" install-size="2111" />
	<plugin fragment="true" id="org.eclipse.emf.importer.ecore.nl_fr" unpack="false" version="3.5.0.v20090620043401" download-size="1687" install-size="1687" />
	<plugin fragment="true" id="org.eclipse.emf.importer.java.nl_fr" unpack="false" version="3.5.0.v20090620043401" download-size="1858" install-size="1858" />
	<plugin fragment="true" id="org.eclipse.emf.importer.nl_fr" unpack="false" version="3.5.0.v20090620043401" download-size="2361" install-size="2361" />
	<plugin fragment="true" id="org.eclipse.emf.importer.rose.nl_fr" unpack="false" version="3.5.0.v20090620043401" download-size="3199" install-size="3199" />
	<plugin fragment="true" id="org.eclipse.emf.java.edit.nl_fr" unpack="false" version="3.5.0.v20090620043401" download-size="2502" install-size="2502" />
	<plugin fragment="true" id="org.eclipse.emf.java.editor.nl_fr" unpack="false" version="3.5.0.v20090620043401" download-size="2105" install-size="2105" />
	<plugin fragment="true" id="org.eclipse.emf.java.nl_fr" unpack="false" version="3.5.0.v20090620043401" download-size="1365" install-size="1365" />
	<plugin fragment="true" id="org.eclipse.emf.mapping.ecore.editor.nl_fr" unpack="false" version="3.5.0.v20090620043401" download-size="1374" install-size="1374" />
	<plugin fragment="true" id="org.eclipse.emf.mapping.ecore.nl_fr" unpack="false" version="3.5.0.v20090620043401" download-size="1369" install-size="1369" />
	<plugin fragment="true" id="org.eclipse.emf.mapping.ecore2ecore.editor.nl_fr" unpack="false" version="3.5.0.v20090620043401" download-size="2434" install-size="2434" />
	<plugin fragment="true" id="org.eclipse.emf.mapping.ecore2ecore.nl_fr" unpack="false" version="3.5.0.v20090620043401" download-size="1508" install-size="1508" />
	<plugin fragment="true" id="org.eclipse.emf.mapping.ecore2xml.nl_fr" unpack="false" version="3.5.0.v20090620043401" download-size="1430" install-size="1430" />
	<plugin fragment="true" id="org.eclipse.emf.mapping.ecore2xml.ui.nl_fr" unpack="false" version="3.5.0.v20090620043401" download-size="2526" install-size="2526" />
	<plugin fragment="true" id="org.eclipse.emf.mapping.nl_fr" unpack="false" version="3.5.0.v20090620043401" download-size="2494" install-size="2494" />
	<plugin fragment="true" id="org.eclipse.emf.mapping.ui.nl_fr" unpack="false" version="3.5.0.v20090620043401" download-size="2291" install-size="2291" />
	<plugin fragment="true" id="org.eclipse.emf.mapping.xsd2ecore.editor.nl_fr" unpack="false" version="3.5.0.v20090620043401" download-size="2037" install-size="2037" />
	<plugin fragment="true" id="org.eclipse.emf.mapping.xsd2ecore.nl_fr" unpack="false" version="3.5.0.v20090620043401" download-size="1532" install-size="1532" />
	<plugin fragment="true" id="org.eclipse.emf.nl_fr" unpack="false" version="3.5.0.v20090620043401" download-size="1578" install-size="1578" />
	<plugin fragment="true" id="org.eclipse.emf.query.doc.nl_fr" unpack="false" version="3.5.0.v20090620043401" download-size="1689" install-size="1689" />
	<plugin fragment="true" id="org.eclipse.emf.query.examples.nl_fr" unpack="false" version="3.5.0.v20090620043401" download-size="1700" install-size="1700" />
	<plugin fragment="true" id="org.eclipse.emf.query.examples.ocl.nl_fr" unpack="false" version="3.5.0.v20090620043401" download-size="2931" install-size="2931" />
	<plugin fragment="true" id="org.eclipse.emf.query.examples.statements.nl_fr" unpack="false" version="3.5.0.v20090620043401" download-size="3101" install-size="3101" />
	<plugin fragment="true" id="org.eclipse.emf.query.nl_fr" unpack="false" version="3.5.0.v20090620043401" download-size="2687" install-size="2687" />
	<plugin fragment="true" id="org.eclipse.emf.query.ocl.nl_fr" unpack="false" version="3.5.0.v20090620043401" download-size="1687" install-size="1687" />
	<plugin fragment="true" id="org.eclipse.emf.query.ocl.tests.nl_fr" unpack="false" version="3.5.0.v20090620043401" download-size="1377" install-size="1377" />
	<plugin fragment="true" id="org.eclipse.emf.query.tests.nl_fr" unpack="false" version="3.5.0.v20090620043401" download-size="1374" install-size="1374" />
	<plugin fragment="true" id="org.eclipse.emf.test.build.nl_fr" unpack="false" version="3.5.0.v20090620043401" download-size="1414" install-size="1414" />
	<plugin fragment="true" id="org.eclipse.emf.test.common.nl_fr" unpack="false" version="3.5.0.v20090620043401" download-size="1760" install-size="1760" />
	<plugin fragment="true" id="org.eclipse.emf.test.core.nl_fr" unpack="false" version="3.5.0.v20090620043401" download-size="1411" install-size="1411" />
	<plugin fragment="true" id="org.eclipse.emf.test.edit.nl_fr" unpack="false" version="3.5.0.v20090620043401" download-size="2274" install-size="2274" />
	<plugin fragment="true" id="org.eclipse.emf.test.examples.nl_fr" unpack="false" version="3.5.0.v20090620043401" download-size="1420" install-size="1420" />
	<plugin fragment="true" id="org.eclipse.emf.test.tools.nl_fr" unpack="false" version="3.5.0.v20090620043401" download-size="1411" install-size="1411" />
	<plugin fragment="true" id="org.eclipse.emf.test.xml.nl_fr" unpack="false" version="3.5.0.v20090620043401" download-size="1418" install-size="1418" />
	<plugin fragment="true" id="org.eclipse.emf.tests.nl_fr" unpack="false" version="3.5.0.v20090620043401" download-size="1626" install-size="1626" />
	<plugin fragment="true" id="org.eclipse.emf.transaction.doc.nl_fr" unpack="false" version="3.5.0.v20090620043401" download-size="1689" install-size="1689" />
	<plugin fragment="true" id="org.eclipse.emf.transaction.examples.nl_fr" unpack="false" version="3.5.0.v20090620043401" download-size="1687" install-size="1687" />
	<plugin fragment="true" id="org.eclipse.emf.transaction.nl_fr" unpack="false" version="3.5.0.v20090620043401" download-size="3410" install-size="3410" />
	<plugin fragment="true" id="org.eclipse.emf.transaction.tests.nl_fr" unpack="false" version="3.5.0.v20090620043401" download-size="1650" install-size="1650" />
	<plugin fragment="true" id="org.eclipse.emf.transaction.ui.nl_fr" unpack="false" version="3.5.0.v20090620043401" download-size="2701" install-size="2701" />
	<plugin fragment="true" id="org.eclipse.emf.validation.doc.nl_fr" unpack="false" version="3.5.0.v20090620043401" download-size="1684" install-size="1684" />
	<plugin fragment="true" id="org.eclipse.emf.validation.examples.adapter.nl_fr" unpack="false" version="3.5.0.v20090620043401" download-size="1383" install-size="1383" />
	<plugin fragment="true" id="org.eclipse.emf.validation.examples.general.nl_fr" unpack="false" version="3.5.0.v20090620043401" download-size="3054" install-size="3054" />
	<plugin fragment="true" id="org.eclipse.emf.validation.examples.nl_fr" unpack="false" version="3.5.0.v20090620043401" download-size="1442" install-size="1442" />
	<plugin fragment="true" id="org.eclipse.emf.validation.examples.ocl.nl_fr" unpack="false" version="3.5.0.v20090620043401" download-size="1382" install-size="1382" />
	<plugin fragment="true" id="org.eclipse.emf.validation.nl_fr" unpack="false" version="3.5.0.v20090620043401" download-size="4891" install-size="4891" />
	<plugin fragment="true" id="org.eclipse.emf.validation.ocl.nl_fr" unpack="false" version="3.5.0.v20090620043401" download-size="1699" install-size="1699" />
	<plugin fragment="true" id="org.eclipse.emf.validation.tests.nl_fr" unpack="false" version="3.5.0.v20090620043401" download-size="1377" install-size="1377" />
	<plugin fragment="true" id="org.eclipse.emf.validation.ui.ide.nl_fr" unpack="false" version="3.5.0.v20090620043401" download-size="2864" install-size="2864" />
	<plugin fragment="true" id="org.eclipse.emf.validation.ui.nl_fr" unpack="false" version="3.5.0.v20090620043401" download-size="3493" install-size="3493" />
	<plugin fragment="true" id="org.eclipse.emf.workspace.doc.nl_fr" unpack="false" version="3.5.0.v20090620043401" download-size="1721" install-size="1721" />
	<plugin fragment="true" id="org.eclipse.emf.workspace.examples.library.editor.nl_fr" unpack="false" version="3.5.0.v20090620043401" download-size="3545" install-size="3545" />
	<plugin fragment="true" id="org.eclipse.emf.workspace.examples.nl_fr" unpack="false" version="3.5.0.v20090620043401" download-size="1380" install-size="1380" />
	<plugin fragment="true" id="org.eclipse.emf.workspace.nl_fr" unpack="false" version="3.5.0.v20090620043401" download-size="3199" install-size="3199" />
	<plugin fragment="true" id="org.eclipse.emf.workspace.tests.nl_fr" unpack="false" version="3.5.0.v20090620043401" download-size="1377" install-size="1377" />
	<plugin fragment="true" id="org.eclipse.emf.workspace.ui.nl_fr" unpack="false" version="3.5.0.v20090620043401" download-size="1434" install-size="1434" />
	<plugin fragment="true" id="org.eclipse.net4j.buddies.chat.nl_fr" unpack="false" version="3.5.0.v20090620043401" download-size="1372" install-size="1372" />
	<plugin fragment="true" id="org.eclipse.net4j.buddies.chat.ui.nl_fr" unpack="false" version="3.5.0.v20090620043401" download-size="2785" install-size="2785" />
	<plugin fragment="true" id="org.eclipse.net4j.buddies.common.nl_fr" unpack="false" version="3.5.0.v20090620043401" download-size="1372" install-size="1372" />
	<plugin fragment="true" id="org.eclipse.net4j.buddies.nl_fr" unpack="false" version="3.5.0.v20090620043401" download-size="1368" install-size="1368" />
	<plugin fragment="true" id="org.eclipse.net4j.buddies.server.nl_fr" unpack="false" version="3.5.0.v20090620043401" download-size="1372" install-size="1372" />
	<plugin fragment="true" id="org.eclipse.net4j.buddies.ui.nl_fr" unpack="false" version="3.5.0.v20090620043401" download-size="2684" install-size="2684" />
	<plugin fragment="true" id="org.eclipse.net4j.db.derby.nl_fr" unpack="false" version="3.5.0.v20090620043401" download-size="1369" install-size="1369" />
	<plugin fragment="true" id="org.eclipse.net4j.db.hsqldb.nl_fr" unpack="false" version="3.5.0.v20090620043401" download-size="1370" install-size="1370" />
	<plugin fragment="true" id="org.eclipse.net4j.db.mysql.nl_fr" unpack="false" version="3.5.0.v20090620043401" download-size="1370" install-size="1370" />
	<plugin fragment="true" id="org.eclipse.net4j.db.nl_fr" unpack="false" version="3.5.0.v20090620043401" download-size="1365" install-size="1365" />
	<plugin fragment="true" id="org.eclipse.net4j.db.postgresql.nl_fr" unpack="false" version="3.5.0.v20090620043401" download-size="1373" install-size="1373" />
	<plugin fragment="true" id="org.eclipse.net4j.debug.nl_fr" unpack="false" version="3.5.0.v20090620043401" download-size="2467" install-size="2467" />
	<plugin fragment="true" id="org.eclipse.net4j.defs.nl_fr" unpack="false" version="3.5.0.v20090620043401" download-size="1366" install-size="1366" />
	<plugin fragment="true" id="org.eclipse.net4j.doc.nl_fr" unpack="false" version="3.5.0.v20090620043401" download-size="1365" install-size="1365" />
	<plugin fragment="true" id="org.eclipse.net4j.examples.nl_fr" unpack="false" version="3.5.0.v20090620043401" download-size="1369" install-size="1369" />
	<plugin fragment="true" id="org.eclipse.net4j.http.common.nl_fr" unpack="false" version="3.5.0.v20090620043401" download-size="1370" install-size="1370" />
	<plugin fragment="true" id="org.eclipse.net4j.http.nl_fr" unpack="false" version="3.5.0.v20090620043401" download-size="1366" install-size="1366" />
	<plugin fragment="true" id="org.eclipse.net4j.http.server.nl_fr" unpack="false" version="3.5.0.v20090620043401" download-size="1370" install-size="1370" />
	<plugin fragment="true" id="org.eclipse.net4j.http.tests.nl_fr" unpack="false" version="3.5.0.v20090620043401" download-size="1369" install-size="1369" />
	<plugin fragment="true" id="org.eclipse.net4j.jms.admin.nl_fr" unpack="false" version="3.5.0.v20090620043401" download-size="1370" install-size="1370" />
	<plugin fragment="true" id="org.eclipse.net4j.jms.api.nl_fr" unpack="false" version="3.5.0.v20090620043401" download-size="1368" install-size="1368" />
	<plugin fragment="true" id="org.eclipse.net4j.jms.nl_fr" unpack="false" version="3.5.0.v20090620043401" download-size="1365" install-size="1365" />
	<plugin fragment="true" id="org.eclipse.net4j.jms.server.jdbc.nl_fr" unpack="false" version="3.5.0.v20090620043401" download-size="1373" install-size="1373" />
	<plugin fragment="true" id="org.eclipse.net4j.jms.server.nl_fr" unpack="false" version="3.5.0.v20090620043401" download-size="1370" install-size="1370" />
	<plugin fragment="true" id="org.eclipse.net4j.jms.tests.nl_fr" unpack="false" version="3.5.0.v20090620043401" download-size="1369" install-size="1369" />
	<plugin fragment="true" id="org.eclipse.net4j.jvm.nl_fr" unpack="false" version="3.5.0.v20090620043401" download-size="1366" install-size="1366" />
	<plugin fragment="true" id="org.eclipse.net4j.nl_fr" unpack="false" version="3.5.0.v20090620043401" download-size="1363" install-size="1363" />
	<plugin fragment="true" id="org.eclipse.net4j.tcp.nl_fr" unpack="false" version="3.5.0.v20090620043401" download-size="1365" install-size="1365" />
	<plugin fragment="true" id="org.eclipse.net4j.tests.nl_fr" unpack="false" version="3.5.0.v20090620043401" download-size="1366" install-size="1366" />
	<plugin fragment="true" id="org.eclipse.net4j.ui.capabilities.nl_fr" unpack="false" version="3.5.0.v20090620043401" download-size="1373" install-size="1373" />
	<plugin fragment="true" id="org.eclipse.net4j.ui.defs.nl_fr" unpack="false" version="3.5.0.v20090620043401" download-size="1368" install-size="1368" />
	<plugin fragment="true" id="org.eclipse.net4j.ui.nl_fr" unpack="false" version="3.5.0.v20090620043401" download-size="2394" install-size="2394" />
	<plugin fragment="true" id="org.eclipse.net4j.util.defs.nl_fr" unpack="false" version="3.5.0.v20090620043401" download-size="1369" install-size="1369" />
	<plugin fragment="true" id="org.eclipse.net4j.util.nl_fr" unpack="false" version="3.5.0.v20090620043401" download-size="1366" install-size="1366" />
	<plugin fragment="true" id="org.eclipse.net4j.util.ui.nl_fr" unpack="false" version="3.5.0.v20090620043401" download-size="8226" install-size="8226" />
	<plugin fragment="true" id="org.eclipse.xsd.cheatsheets.nl_fr" unpack="false" version="3.5.0.v20090620043401" download-size="1500" install-size="1500" />
	<plugin fragment="true" id="org.eclipse.xsd.doc.nl_fr" unpack="false" version="3.5.0.v20090620043401" download-size="1650" install-size="1650" />
	<plugin fragment="true" id="org.eclipse.xsd.ecore.converter.nl_fr" unpack="false" version="3.5.0.v20090620043401" download-size="1620" install-size="1620" />
	<plugin fragment="true" id="org.eclipse.xsd.ecore.exporter.nl_fr" unpack="false" version="3.5.0.v20090620043401" download-size="1555" install-size="1555" />
	<plugin fragment="true" id="org.eclipse.xsd.ecore.importer.nl_fr" unpack="false" version="3.5.0.v20090620043401" download-size="1751" install-size="1751" />
	<plugin fragment="true" id="org.eclipse.xsd.edit.nl_fr" unpack="false" version="3.5.0.v20090620043401" download-size="4804" install-size="4804" />
	<plugin fragment="true" id="org.eclipse.xsd.editor.nl_fr" unpack="false" version="3.5.0.v20090620043401" download-size="2279" install-size="2279" />
	<plugin fragment="true" id="org.eclipse.xsd.example.installer.nl_fr" unpack="false" version="3.5.0.v20090620043401" download-size="1546" install-size="1546" />
	<plugin fragment="true" id="org.eclipse.xsd.example.nl_fr" unpack="false" version="3.5.0.v20090620043401" download-size="1599" install-size="1599" />
	<plugin fragment="true" id="org.eclipse.xsd.mapping.editor.nl_fr" unpack="false" version="3.5.0.v20090620043401" download-size="1616" install-size="1616" />
	<plugin fragment="true" id="org.eclipse.xsd.mapping.nl_fr" unpack="false" version="3.5.0.v20090620043401" download-size="1601" install-size="1601" />
	<plugin fragment="true" id="org.eclipse.xsd.nl_fr" unpack="false" version="3.5.0.v20090620043401" download-size="2295" install-size="2295" />
</feature>