<?xml version="1.0" encoding="UTF-8" ?>
<feature
	id="org.eclipse.babel.nls_rt.rap_el"
	label="Babel Language Pack for rt.rap in Greek (79.74%)"
	image="eclipse_update_120.jpg"
	provider-name="%providerName"
	version="3.5.0.v20090620043401">
	<copyright>
		%copyright
	</copyright>
	<license url="%licenseURL">
		%license
	</license>
	<description>Babel Language Pack for rt.rap in Greek</description>
	<plugin fragment="true" id="org.eclipse.rap.design.example.nl_el" unpack="false" version="3.5.0.v20090620043401" download-size="1372" install-size="1372" />
	<plugin fragment="true" id="org.eclipse.rap.jface.databinding.nl_el" unpack="false" version="3.5.0.v20090620043401" download-size="1427" install-size="1427" />
	<plugin fragment="true" id="org.eclipse.rap.jface.nl_el" unpack="false" version="3.5.0.v20090620043401" download-size="10940" install-size="10940" />
	<plugin fragment="true" id="org.eclipse.rap.rwt.nl_el" unpack="false" version="3.5.0.v20090620043401" download-size="2972" install-size="2972" />
	<plugin fragment="true" id="org.eclipse.rap.rwt.test.nl_el" unpack="false" version="3.5.0.v20090620043401" download-size="1371" install-size="1371" />
	<plugin fragment="true" id="org.eclipse.rap.ui.forms.nl_el" unpack="false" version="3.5.0.v20090620043401" download-size="2349" install-size="2349" />
	<plugin fragment="true" id="org.eclipse.rap.ui.help.nl_el" unpack="false" version="3.5.0.v20090620043401" download-size="1366" install-size="1366" />
	<plugin fragment="true" id="org.eclipse.rap.ui.intro.nl_el" unpack="false" version="3.5.0.v20090620043401" download-size="2561" install-size="2561" />
	<plugin fragment="true" id="org.eclipse.rap.ui.launch.nl_el" unpack="false" version="3.5.0.v20090620043401" download-size="2593" install-size="2593" />
	<plugin fragment="true" id="org.eclipse.rap.ui.nl_el" unpack="false" version="3.5.0.v20090620043401" download-size="6666" install-size="6666" />
	<plugin fragment="true" id="org.eclipse.rap.ui.templates.nl_el" unpack="false" version="3.5.0.v20090620043401" download-size="2655" install-size="2655" />
	<plugin fragment="true" id="org.eclipse.rap.ui.views.nl_el" unpack="false" version="3.5.0.v20090620043401" download-size="3377" install-size="3377" />
	<plugin fragment="true" id="org.eclipse.rap.ui.workbench.nl_el" unpack="false" version="3.5.0.v20090620043401" download-size="33329" install-size="33329" />
</feature>