<?xml version="1.0" encoding="UTF-8" ?>
<feature
	id="org.eclipse.babel.nls_webtools.jsf_ko"
	label="Babel Language Pack for webtools.jsf in Korean (31.04%)"
	image="eclipse_update_120.jpg"
	provider-name="%providerName"
	version="3.5.0.v20090620043401">
	<copyright>
		%copyright
	</copyright>
	<license url="%licenseURL">
		%license
	</license>
	<description>Babel Language Pack for webtools.jsf in Korean</description>
	<plugin fragment="true" id="org.eclipse.jst.jsf.apache.trinidad.tagsupport.nl_ko" unpack="false" version="3.5.0.v20090620043401" download-size="3176" install-size="3176" />
	<plugin fragment="true" id="org.eclipse.jst.jsf.common.nl_ko" unpack="false" version="3.5.0.v20090620043401" download-size="2797" install-size="2797" />
	<plugin fragment="true" id="org.eclipse.jst.jsf.common.runtime.nl_ko" unpack="false" version="3.5.0.v20090620043401" download-size="1377" install-size="1377" />
	<plugin fragment="true" id="org.eclipse.jst.jsf.common.ui.nl_ko" unpack="false" version="3.5.0.v20090620043401" download-size="5105" install-size="5105" />
	<plugin fragment="true" id="org.eclipse.jst.jsf.core.nl_ko" unpack="false" version="3.5.0.v20090620043401" download-size="6519" install-size="6519" />
	<plugin fragment="true" id="org.eclipse.jst.jsf.facesconfig.nl_ko" unpack="false" version="3.5.0.v20090620043401" download-size="5375" install-size="5375" />
	<plugin fragment="true" id="org.eclipse.jst.jsf.facesconfig.ui.nl_ko" unpack="false" version="3.5.0.v20090620043401" download-size="7403" install-size="7403" />
	<plugin fragment="true" id="org.eclipse.jst.jsf.standard.tagsupport.nl_ko" unpack="false" version="3.5.0.v20090620043401" download-size="2925" install-size="2925" />
	<plugin fragment="true" id="org.eclipse.jst.jsf.ui.nl_ko" unpack="false" version="3.5.0.v20090620043401" download-size="4598" install-size="4598" />
	<plugin fragment="true" id="org.eclipse.jst.pagedesigner.jsf.ui.nl_ko" unpack="false" version="3.5.0.v20090620043401" download-size="5126" install-size="5126" />
	<plugin fragment="true" id="org.eclipse.jst.pagedesigner.jsp.core.nl_ko" unpack="false" version="3.5.0.v20090620043401" download-size="1375" install-size="1375" />
	<plugin fragment="true" id="org.eclipse.jst.pagedesigner.nl_ko" unpack="false" version="3.5.0.v20090620043401" download-size="10839" install-size="10839" />
</feature>