<?xml version="1.0" encoding="UTF-8" ?>
<feature
	id="org.eclipse.babel.nls_tptp.platform_ru"
	label="Babel Language Pack for tptp.platform in Russian (17.41%)"
	image="eclipse_update_120.jpg"
	provider-name="%providerName"
	version="3.5.0.v20090620043401">
	<copyright>
		%copyright
	</copyright>
	<license url="%licenseURL">
		%license
	</license>
	<description>Babel Language Pack for tptp.platform in Russian</description>
	<plugin fragment="true" id="org.eclipse.hyades.analysis.engine.nl_ru" unpack="false" version="3.5.0.v20090620043401" download-size="1373" install-size="1373" />
	<plugin fragment="true" id="org.eclipse.hyades.logging.adapter.nl_ru" unpack="false" version="3.5.0.v20090620043401" download-size="3119" install-size="3119" />
	<plugin fragment="true" id="org.eclipse.hyades.logging.adapter.ui.nl_ru" unpack="false" version="3.5.0.v20090620043401" download-size="4964" install-size="4964" />
	<plugin fragment="true" id="org.eclipse.hyades.logging.parsers.nl_ru" unpack="false" version="3.5.0.v20090620043401" download-size="2507" install-size="2507" />
	<plugin fragment="true" id="org.eclipse.hyades.probekit.ui.nl_ru" unpack="false" version="3.5.0.v20090620043401" download-size="4303" install-size="4303" />
	<plugin fragment="true" id="org.eclipse.hyades.resources.database.nl_ru" unpack="false" version="3.5.0.v20090620043401" download-size="1377" install-size="1377" />
	<plugin fragment="true" id="org.eclipse.hyades.sdb.nl_ru" unpack="false" version="3.5.0.v20090620043401" download-size="7008" install-size="7008" />
	<plugin fragment="true" id="org.eclipse.hyades.statistical.ui.nl_ru" unpack="false" version="3.5.0.v20090620043401" download-size="1378" install-size="1378" />
	<plugin fragment="true" id="org.eclipse.hyades.test.core.nl_ru" unpack="false" version="3.5.0.v20090620043401" download-size="3353" install-size="3353" />
	<plugin fragment="true" id="org.eclipse.hyades.test.tools.ui.nl_ru" unpack="false" version="3.5.0.v20090620043401" download-size="3699" install-size="3699" />
	<plugin fragment="true" id="org.eclipse.hyades.test.ui.extensions.nl_ru" unpack="false" version="3.5.0.v20090620043401" download-size="2719" install-size="2719" />
	<plugin fragment="true" id="org.eclipse.hyades.test.ui.nl_ru" unpack="false" version="3.5.0.v20090620043401" download-size="9899" install-size="9899" />
	<plugin fragment="true" id="org.eclipse.hyades.trace.ui.nl_ru" unpack="false" version="3.5.0.v20090620043401" download-size="6279" install-size="6279" />
	<plugin fragment="true" id="org.eclipse.hyades.trace.views.nl_ru" unpack="false" version="3.5.0.v20090620043401" download-size="2772" install-size="2772" />
	<plugin fragment="true" id="org.eclipse.hyades.ui.nl_ru" unpack="false" version="3.5.0.v20090620043401" download-size="1412" install-size="1412" />
	<plugin fragment="true" id="org.eclipse.tptp.lta.gla.ui.epi.nl_ru" unpack="false" version="3.5.0.v20090620043401" download-size="1371" install-size="1371" />
	<plugin fragment="true" id="org.eclipse.tptp.lta.log.epi.nl_ru" unpack="false" version="3.5.0.v20090620043401" download-size="1465" install-size="1465" />
	<plugin fragment="true" id="org.eclipse.tptp.lta.runtime.nl_ru" unpack="false" version="3.5.0.v20090620043401" download-size="1371" install-size="1371" />
	<plugin fragment="true" id="org.eclipse.tptp.lta.sdb.epi.nl_ru" unpack="false" version="3.5.0.v20090620043401" download-size="1373" install-size="1373" />
	<plugin fragment="true" id="org.eclipse.tptp.lta.symptom.epi.nl_ru" unpack="false" version="3.5.0.v20090620043401" download-size="1375" install-size="1375" />
	<plugin fragment="true" id="org.eclipse.tptp.monitoring.la.core.nl_ru" unpack="false" version="3.5.0.v20090620043401" download-size="1373" install-size="1373" />
	<plugin fragment="true" id="org.eclipse.tptp.monitoring.logui.nl_ru" unpack="false" version="3.5.0.v20090620043401" download-size="2864" install-size="2864" />
	<plugin fragment="true" id="org.eclipse.tptp.monitoring.lta.doc.isv.nl_ru" unpack="false" version="3.5.0.v20090620043401" download-size="1377" install-size="1377" />
	<plugin fragment="true" id="org.eclipse.tptp.monitoring.lta.doc.user.nl_ru" unpack="false" version="3.5.0.v20090620043401" download-size="1377" install-size="1377" />
	<plugin fragment="true" id="org.eclipse.tptp.monitoring.lta.examples.isv.nl_ru" unpack="false" version="3.5.0.v20090620043401" download-size="3170" install-size="3170" />
	<plugin fragment="true" id="org.eclipse.tptp.monitoring.lta.examples.nl_ru" unpack="false" version="3.5.0.v20090620043401" download-size="2744" install-size="2744" />
	<plugin fragment="true" id="org.eclipse.tptp.monitoring.managedagent.jmx.nl_ru" unpack="false" version="3.5.0.v20090620043401" download-size="2696" install-size="2696" />
	<plugin fragment="true" id="org.eclipse.tptp.monitoring.managedagent.ui.nl_ru" unpack="false" version="3.5.0.v20090620043401" download-size="5145" install-size="5145" />
	<plugin fragment="true" id="org.eclipse.tptp.monitoring.profile.server.nl_ru" unpack="false" version="3.5.0.v20090620043401" download-size="1381" install-size="1381" />
	<plugin fragment="true" id="org.eclipse.tptp.monitoring.report.birt.nl_ru" unpack="false" version="3.5.0.v20090620043401" download-size="2656" install-size="2656" />
	<plugin fragment="true" id="org.eclipse.tptp.monitoring.symptom.doc.user.nl_ru" unpack="false" version="3.5.0.v20090620043401" download-size="1383" install-size="1383" />
	<plugin fragment="true" id="org.eclipse.tptp.monitoring.symptom.editor.nl_ru" unpack="false" version="3.5.0.v20090620043401" download-size="1378" install-size="1378" />
	<plugin fragment="true" id="org.eclipse.tptp.platform.agentcontroller.nl_ru" unpack="false" version="3.5.0.v20090620043401" download-size="2682" install-size="2682" />
	<plugin fragment="true" id="org.eclipse.tptp.platform.analysis.codereview.cpp.nl_ru" unpack="false" version="3.5.0.v20090620043401" download-size="1387" install-size="1387" />
	<plugin fragment="true" id="org.eclipse.tptp.platform.analysis.codereview.cpp.rules.nl_ru" unpack="false" version="3.5.0.v20090620043401" download-size="1541" install-size="1541" />
	<plugin fragment="true" id="org.eclipse.tptp.platform.analysis.codereview.java.nl_ru" unpack="false" version="3.5.0.v20090620043401" download-size="1437" install-size="1437" />
	<plugin fragment="true" id="org.eclipse.tptp.platform.analysis.codereview.java.rules.nl_ru" unpack="false" version="3.5.0.v20090620043401" download-size="1654" install-size="1654" />
	<plugin fragment="true" id="org.eclipse.tptp.platform.analysis.core.nl_ru" unpack="false" version="3.5.0.v20090620043401" download-size="2592" install-size="2592" />
	<plugin fragment="true" id="org.eclipse.tptp.platform.analysis.core.ui.nl_ru" unpack="false" version="3.5.0.v20090620043401" download-size="3109" install-size="3109" />
	<plugin fragment="true" id="org.eclipse.tptp.platform.common.nl_ru" unpack="false" version="3.5.0.v20090620043401" download-size="2354" install-size="2354" />
	<plugin fragment="true" id="org.eclipse.tptp.platform.common.ui.nl_ru" unpack="false" version="3.5.0.v20090620043401" download-size="5281" install-size="5281" />
	<plugin fragment="true" id="org.eclipse.tptp.platform.common.ui.trace.nl_ru" unpack="false" version="3.5.0.v20090620043401" download-size="3147" install-size="3147" />
	<plugin fragment="true" id="org.eclipse.tptp.platform.examples.isv.nl_ru" unpack="false" version="3.5.0.v20090620043401" download-size="2664" install-size="2664" />
	<plugin fragment="true" id="org.eclipse.tptp.platform.examples.nl_ru" unpack="false" version="3.5.0.v20090620043401" download-size="1418" install-size="1418" />
	<plugin fragment="true" id="org.eclipse.tptp.platform.iac.administrator.nl_ru" unpack="false" version="3.5.0.v20090620043401" download-size="3363" install-size="3363" />
	<plugin fragment="true" id="org.eclipse.tptp.platform.instrumentation.ui.nl_ru" unpack="false" version="3.5.0.v20090620043401" download-size="3420" install-size="3420" />
	<plugin fragment="true" id="org.eclipse.tptp.platform.integration.pde.nl_ru" unpack="false" version="3.5.0.v20090620043401" download-size="2805" install-size="2805" />
	<plugin fragment="true" id="org.eclipse.tptp.platform.la.core.nl_ru" unpack="false" version="3.5.0.v20090620043401" download-size="2670" install-size="2670" />
	<plugin fragment="true" id="org.eclipse.tptp.platform.llc.core.nl_ru" unpack="false" version="3.5.0.v20090620043401" download-size="1373" install-size="1373" />
	<plugin fragment="true" id="org.eclipse.tptp.platform.llc.doc.user.nl_ru" unpack="false" version="3.5.0.v20090620043401" download-size="1377" install-size="1377" />
	<plugin fragment="true" id="org.eclipse.tptp.platform.llc.launch.nl_ru" unpack="false" version="3.5.0.v20090620043401" download-size="2872" install-size="2872" />
	<plugin fragment="true" id="org.eclipse.tptp.platform.llc.ui.nl_ru" unpack="false" version="3.5.0.v20090620043401" download-size="1372" install-size="1372" />
	<plugin fragment="true" id="org.eclipse.tptp.platform.log.doc.user.nl_ru" unpack="false" version="3.5.0.v20090620043401" download-size="1376" install-size="1376" />
	<plugin fragment="true" id="org.eclipse.tptp.platform.log.views.nl_ru" unpack="false" version="3.5.0.v20090620043401" download-size="4082" install-size="4082" />
	<plugin fragment="true" id="org.eclipse.tptp.platform.lta.common.nl_ru" unpack="false" version="3.5.0.v20090620043401" download-size="2495" install-size="2495" />
	<plugin fragment="true" id="org.eclipse.tptp.platform.models.lta.nl_ru" unpack="false" version="3.5.0.v20090620043401" download-size="1375" install-size="1375" />
	<plugin fragment="true" id="org.eclipse.tptp.platform.models.nl_ru" unpack="false" version="3.5.0.v20090620043401" download-size="3257" install-size="3257" />
	<plugin fragment="true" id="org.eclipse.tptp.platform.probekit.launch.nl_ru" unpack="false" version="3.5.0.v20090620043401" download-size="3864" install-size="3864" />
	<plugin fragment="true" id="org.eclipse.tptp.platform.report.birt.nl_ru" unpack="false" version="3.5.0.v20090620043401" download-size="1408" install-size="1408" />
	<plugin fragment="true" id="org.eclipse.tptp.platform.report.birt.ui.nl_ru" unpack="false" version="3.5.0.v20090620043401" download-size="2537" install-size="2537" />
	<plugin fragment="true" id="org.eclipse.tptp.platform.report.core.nl_ru" unpack="false" version="3.5.0.v20090620043401" download-size="1518" install-size="1518" />
	<plugin fragment="true" id="org.eclipse.tptp.platform.report.ui.nl_ru" unpack="false" version="3.5.0.v20090620043401" download-size="1495" install-size="1495" />
	<plugin fragment="true" id="org.eclipse.tptp.test.auto.gui.nl_ru" unpack="false" version="3.5.0.v20090620043401" download-size="2992" install-size="2992" />
	<plugin fragment="true" id="org.eclipse.tptp.test.auto.nl_ru" unpack="false" version="3.5.0.v20090620043401" download-size="1368" install-size="1368" />
	<plugin fragment="true" id="org.eclipse.tptp.test.recorders.url.nl_ru" unpack="false" version="3.5.0.v20090620043401" download-size="4814" install-size="4814" />
	<plugin fragment="true" id="org.eclipse.tptp.test.report.birt.nl_ru" unpack="false" version="3.5.0.v20090620043401" download-size="3443" install-size="3443" />
	<plugin fragment="true" id="org.eclipse.tptp.test.samples.nl_ru" unpack="false" version="3.5.0.v20090620043401" download-size="2939" install-size="2939" />
	<plugin fragment="true" id="org.eclipse.tptp.test.tools.junit.plugin.nl_ru" unpack="false" version="3.5.0.v20090620043401" download-size="3303" install-size="3303" />
	<plugin fragment="true" id="org.eclipse.tptp.test.tools.manual.doc.user.nl_ru" unpack="false" version="3.5.0.v20090620043401" download-size="1378" install-size="1378" />
	<plugin fragment="true" id="org.eclipse.tptp.test.tools.manual.nl_ru" unpack="false" version="3.5.0.v20090620043401" download-size="4210" install-size="4210" />
	<plugin fragment="true" id="org.eclipse.tptp.trace.arm.nl_ru" unpack="false" version="3.5.0.v20090620043401" download-size="1419" install-size="1419" />
	<plugin fragment="true" id="org.eclipse.tptp.trace.arm.ui.nl_ru" unpack="false" version="3.5.0.v20090620043401" download-size="2536" install-size="2536" />
	<plugin fragment="true" id="org.eclipse.tptp.trace.jvmti.client.nl_ru" unpack="false" version="3.5.0.v20090620043401" download-size="2823" install-size="2823" />
	<plugin fragment="true" id="org.eclipse.tptp.trace.memory.nl_ru" unpack="false" version="3.5.0.v20090620043401" download-size="1374" install-size="1374" />
	<plugin fragment="true" id="org.eclipse.tptp.trace.report.birt.nl_ru" unpack="false" version="3.5.0.v20090620043401" download-size="2517" install-size="2517" />
</feature>