<?xml version="1.0" encoding="UTF-8" ?>
<feature
	id="org.eclipse.babel.nls_webtools.common_fi"
	label="Babel Language Pack for webtools.common in Finnish (47.21%)"
	image="eclipse_update_120.jpg"
	provider-name="%providerName"
	version="3.5.0.v20090620043401">
	<copyright>
		%copyright
	</copyright>
	<license url="%licenseURL">
		%license
	</license>
	<description>Babel Language Pack for webtools.common in Finnish</description>
	<plugin fragment="true" id="org.eclipse.jem.util.nl_fi" unpack="false" version="3.5.0.v20090620043401" download-size="1875" install-size="1875" />
	<plugin fragment="true" id="org.eclipse.jst.common.annotations.controller.nl_fi" unpack="false" version="3.5.0.v20090620043401" download-size="2044" install-size="2044" />
	<plugin fragment="true" id="org.eclipse.jst.common.annotations.core.nl_fi" unpack="false" version="3.5.0.v20090620043401" download-size="1798" install-size="1798" />
	<plugin fragment="true" id="org.eclipse.jst.common.annotations.ui.nl_fi" unpack="false" version="3.5.0.v20090620043401" download-size="1753" install-size="1753" />
	<plugin fragment="true" id="org.eclipse.jst.common.fproj.enablement.jdt.sdk.nl_fi" unpack="false" version="3.5.0.v20090620043401" download-size="1383" install-size="1383" />
	<plugin fragment="true" id="org.eclipse.jst.common.frameworks.nl_fi" unpack="false" version="3.5.0.v20090620043401" download-size="1400" install-size="1400" />
	<plugin fragment="true" id="org.eclipse.jst.common.project.facet.core.nl_fi" unpack="false" version="3.5.0.v20090620043401" download-size="3253" install-size="3253" />
	<plugin fragment="true" id="org.eclipse.jst.common.project.facet.ui.nl_fi" unpack="false" version="3.5.0.v20090620043401" download-size="5095" install-size="5095" />
	<plugin fragment="true" id="org.eclipse.wst.common.api.doc.nl_fi" unpack="false" version="3.5.0.v20090620043401" download-size="1372" install-size="1372" />
	<plugin fragment="true" id="org.eclipse.wst.common.core.nl_fi" unpack="false" version="3.5.0.v20090620043401" download-size="2637" install-size="2637" />
	<plugin fragment="true" id="org.eclipse.wst.common.emf.nl_fi" unpack="false" version="3.5.0.v20090620043401" download-size="2059" install-size="2059" />
	<plugin fragment="true" id="org.eclipse.wst.common.emfworkbench.integration.nl_fi" unpack="false" version="3.5.0.v20090620043401" download-size="2764" install-size="2764" />
	<plugin fragment="true" id="org.eclipse.wst.common.environment.nl_fi" unpack="false" version="3.5.0.v20090620043401" download-size="3128" install-size="3128" />
	<plugin fragment="true" id="org.eclipse.wst.common.fproj.sdk.nl_fi" unpack="false" version="3.5.0.v20090620043401" download-size="1373" install-size="1373" />
	<plugin fragment="true" id="org.eclipse.wst.common.frameworks.nl_fi" unpack="false" version="3.5.0.v20090620043401" download-size="2742" install-size="2742" />
	<plugin fragment="true" id="org.eclipse.wst.common.frameworks.ui.nl_fi" unpack="false" version="3.5.0.v20090620043401" download-size="4249" install-size="4249" />
	<plugin fragment="true" id="org.eclipse.wst.common.infopop.nl_fi" unpack="false" version="3.5.0.v20090620043401" download-size="1408" install-size="1408" />
	<plugin fragment="true" id="org.eclipse.wst.common.modulecore.nl_fi" unpack="false" version="3.5.0.v20090620043401" download-size="2193" install-size="2193" />
	<plugin fragment="true" id="org.eclipse.wst.common.project.facet.core.nl_fi" unpack="false" version="3.5.0.v20090620043401" download-size="8838" install-size="8838" />
	<plugin fragment="true" id="org.eclipse.wst.common.project.facet.doc.api.nl_fi" unpack="false" version="3.5.0.v20090620043401" download-size="1382" install-size="1382" />
	<plugin fragment="true" id="org.eclipse.wst.common.project.facet.ui.nl_fi" unpack="false" version="3.5.0.v20090620043401" download-size="7612" install-size="7612" />
	<plugin fragment="true" id="org.eclipse.wst.common.snippets.nl_fi" unpack="false" version="3.5.0.v20090620043401" download-size="3314" install-size="3314" />
	<plugin fragment="true" id="org.eclipse.wst.common.ui.nl_fi" unpack="false" version="3.5.0.v20090620043401" download-size="5063" install-size="5063" />
	<plugin fragment="true" id="org.eclipse.wst.common.ui.properties.nl_fi" unpack="false" version="3.5.0.v20090620043401" download-size="3380" install-size="3380" />
	<plugin fragment="true" id="org.eclipse.wst.common.uriresolver.nl_fi" unpack="false" version="3.5.0.v20090620043401" download-size="1438" install-size="1438" />
	<plugin fragment="true" id="org.eclipse.wst.internet.cache.nl_fi" unpack="false" version="3.5.0.v20090620043401" download-size="3172" install-size="3172" />
	<plugin fragment="true" id="org.eclipse.wst.validation.doc.isv.nl_fi" unpack="false" version="3.5.0.v20090620043401" download-size="1377" install-size="1377" />
	<plugin fragment="true" id="org.eclipse.wst.validation.infopop.nl_fi" unpack="false" version="3.5.0.v20090620043401" download-size="1416" install-size="1416" />
	<plugin fragment="true" id="org.eclipse.wst.validation.nl_fi" unpack="false" version="3.5.0.v20090620043401" download-size="4666" install-size="4666" />
	<plugin fragment="true" id="org.eclipse.wst.validation.ui.nl_fi" unpack="false" version="3.5.0.v20090620043401" download-size="3681" install-size="3681" />
</feature>