<?xml version="1.0" encoding="UTF-8" ?>
<feature
	id="org.eclipse.babel.nls_dsdp.mtj_de"
	label="Babel Language Pack for dsdp.mtj in German (6.21%)"
	image="eclipse_update_120.jpg"
	provider-name="%providerName"
	version="3.5.0.v20090620043401">
	<copyright>
		%copyright
	</copyright>
	<license url="%licenseURL">
		%license
	</license>
	<description>Babel Language Pack for dsdp.mtj in German</description>
	<plugin fragment="true" id="org.eclipse.mtj.core.nl_de" unpack="false" version="3.5.0.v20090620043401" download-size="2228" install-size="2228" />
	<plugin fragment="true" id="org.eclipse.mtj.eswt.templates.nl_de" unpack="false" version="3.5.0.v20090620043401" download-size="2170" install-size="2170" />
	<plugin fragment="true" id="org.eclipse.mtj.jmunit.nl_de" unpack="false" version="3.5.0.v20090620043401" download-size="2268" install-size="2268" />
	<plugin fragment="true" id="org.eclipse.mtj.pulsar.ui.nl_de" unpack="false" version="3.5.0.v20090620043401" download-size="2375" install-size="2375" />
	<plugin fragment="true" id="org.eclipse.mtj.ui.nl_de" unpack="false" version="3.5.0.v20090620043401" download-size="5021" install-size="5021" />
</feature>