<?xml version="1.0" encoding="UTF-8" ?>
<feature
	id="org.eclipse.babel.nls_eclipse_cs"
	label="Babel Language Pack for eclipse in Czech (74.9%)"
	image="eclipse_update_120.jpg"
	provider-name="%providerName"
	version="3.5.0.v20090620043401">
	<copyright>
		%copyright
	</copyright>
	<license url="%licenseURL">
		%license
	</license>
	<description>Babel Language Pack for eclipse in Czech</description>
	<plugin fragment="true" id="org.eclipse.ant.core.nl_cs" unpack="false" version="3.5.0.v20090620043401" download-size="4715" install-size="4715" />
	<plugin fragment="true" id="org.eclipse.ant.tests.core.nl_cs" unpack="false" version="3.5.0.v20090620043401" download-size="1368" install-size="1368" />
	<plugin fragment="true" id="org.eclipse.ant.tests.ui.nl_cs" unpack="false" version="3.5.0.v20090620043401" download-size="1367" install-size="1367" />
	<plugin fragment="true" id="org.eclipse.ant.ui.nl_cs" unpack="false" version="3.5.0.v20090620043401" download-size="25598" install-size="25598" />
	<plugin fragment="true" id="org.eclipse.compare.core.nl_cs" unpack="false" version="3.5.0.v20090620043401" download-size="2362" install-size="2362" />
	<plugin fragment="true" id="org.eclipse.compare.examples.nl_cs" unpack="false" version="3.5.0.v20090620043401" download-size="1370" install-size="1370" />
	<plugin fragment="true" id="org.eclipse.compare.examples.xml.nl_cs" unpack="false" version="3.5.0.v20090620043401" download-size="2544" install-size="2544" />
	<plugin fragment="true" id="org.eclipse.compare.nl_cs" unpack="false" version="3.5.0.v20090620043401" download-size="12517" install-size="12517" />
	<plugin fragment="true" id="org.eclipse.compare.tests.nl_cs" unpack="false" version="3.5.0.v20090620043401" download-size="1601" install-size="1601" />
	<plugin fragment="true" id="org.eclipse.compare.win32.nl_cs" unpack="false" version="3.5.0.v20090620043401" download-size="2564" install-size="2564" />
	<plugin fragment="true" id="org.eclipse.core.boot.nl_cs" unpack="false" version="3.5.0.v20090620043401" download-size="1377" install-size="1377" />
	<plugin fragment="true" id="org.eclipse.core.commands.nl_cs" unpack="false" version="3.5.0.v20090620043401" download-size="1393" install-size="1393" />
	<plugin fragment="true" id="org.eclipse.core.contenttype.nl_cs" unpack="false" version="3.5.0.v20090620043401" download-size="2630" install-size="2630" />
	<plugin fragment="true" id="org.eclipse.core.databinding.beans.nl_cs" unpack="false" version="3.5.0.v20090620043401" download-size="1374" install-size="1374" />
	<plugin fragment="true" id="org.eclipse.core.databinding.nl_cs" unpack="false" version="3.5.0.v20090620043401" download-size="2262" install-size="2262" />
	<plugin fragment="true" id="org.eclipse.core.databinding.observable.nl_cs" unpack="false" version="3.5.0.v20090620043401" download-size="1378" install-size="1378" />
	<plugin fragment="true" id="org.eclipse.core.databinding.property.nl_cs" unpack="false" version="3.5.0.v20090620043401" download-size="1376" install-size="1376" />
	<plugin fragment="true" id="org.eclipse.core.expressions.nl_cs" unpack="false" version="3.5.0.v20090620043401" download-size="2841" install-size="2841" />
	<plugin fragment="true" id="org.eclipse.core.expressions.tests.nl_cs" unpack="false" version="3.5.0.v20090620043401" download-size="1372" install-size="1372" />
	<plugin fragment="true" id="org.eclipse.core.filebuffers.nl_cs" unpack="false" version="3.5.0.v20090620043401" download-size="4087" install-size="4087" />
	<plugin fragment="true" id="org.eclipse.core.filebuffers.tests.nl_cs" unpack="false" version="3.5.0.v20090620043401" download-size="1378" install-size="1378" />
	<plugin fragment="true" id="org.eclipse.core.filesystem.nl_cs" unpack="false" version="3.5.0.v20090620043401" download-size="2989" install-size="2989" />
	<plugin fragment="true" id="org.eclipse.core.jobs.nl_cs" unpack="false" version="3.5.0.v20090620043401" download-size="2390" install-size="2390" />
	<plugin fragment="true" id="org.eclipse.core.net.linux.x86.nl_cs" unpack="false" version="3.5.0.v20090620043401" download-size="1376" install-size="1376" />
	<plugin fragment="true" id="org.eclipse.core.net.nl_cs" unpack="false" version="3.5.0.v20090620043401" download-size="1418" install-size="1418" />
	<plugin fragment="true" id="org.eclipse.core.net.win32.x86.nl_cs" unpack="false" version="3.5.0.v20090620043401" download-size="1376" install-size="1376" />
	<plugin fragment="true" id="org.eclipse.core.resources.nl_cs" unpack="false" version="3.5.0.v20090620043401" download-size="8396" install-size="8396" />
	<plugin fragment="true" id="org.eclipse.core.runtime.compatibility.auth.nl_cs" unpack="false" version="3.5.0.v20090620043401" download-size="2485" install-size="2485" />
	<plugin fragment="true" id="org.eclipse.core.runtime.compatibility.nl_cs" unpack="false" version="3.5.0.v20090620043401" download-size="2465" install-size="2465" />
	<plugin fragment="true" id="org.eclipse.core.runtime.nl_cs" unpack="false" version="3.5.0.v20090620043401" download-size="3831" install-size="3831" />
	<plugin fragment="true" id="org.eclipse.core.variables.nl_cs" unpack="false" version="3.5.0.v20090620043401" download-size="2564" install-size="2564" />
	<plugin fragment="true" id="org.eclipse.cvs.nl_cs" unpack="false" version="3.5.0.v20090620043401" download-size="1361" install-size="1361" />
	<plugin fragment="true" id="org.eclipse.debug.core.nl_cs" unpack="false" version="3.5.0.v20090620043401" download-size="6516" install-size="6516" />
	<plugin fragment="true" id="org.eclipse.debug.examples.ui.nl_cs" unpack="false" version="3.5.0.v20090620043401" download-size="2377" install-size="2377" />
	<plugin fragment="true" id="org.eclipse.debug.ui.nl_cs" unpack="false" version="3.5.0.v20090620043401" download-size="30061" install-size="30061" />
	<plugin fragment="true" id="org.eclipse.equinox.app.nl_cs" unpack="false" version="3.5.0.v20090620043401" download-size="2342" install-size="2342" />
	<plugin fragment="true" id="org.eclipse.equinox.cm.nl_cs" unpack="false" version="3.5.0.v20090620043401" download-size="1367" install-size="1367" />
	<plugin fragment="true" id="org.eclipse.equinox.common.nl_cs" unpack="false" version="3.5.0.v20090620043401" download-size="3168" install-size="3168" />
	<plugin fragment="true" id="org.eclipse.equinox.concurrent.nl_cs" unpack="false" version="3.5.0.v20090620043401" download-size="1372" install-size="1372" />
	<plugin fragment="true" id="org.eclipse.equinox.device.nl_cs" unpack="false" version="3.5.0.v20090620043401" download-size="3075" install-size="3075" />
	<plugin fragment="true" id="org.eclipse.equinox.ds.nl_cs" unpack="false" version="3.5.0.v20090620043401" download-size="1366" install-size="1366" />
	<plugin fragment="true" id="org.eclipse.equinox.event.nl_cs" unpack="false" version="3.5.0.v20090620043401" download-size="2319" install-size="2319" />
	<plugin fragment="true" id="org.eclipse.equinox.http.jetty5.nl_cs" unpack="false" version="3.5.0.v20090620043401" download-size="1373" install-size="1373" />
	<plugin fragment="true" id="org.eclipse.equinox.http.jetty6.nl_cs" unpack="false" version="3.5.0.v20090620043401" download-size="1373" install-size="1373" />
	<plugin fragment="true" id="org.eclipse.equinox.http.nl_cs" unpack="false" version="3.5.0.v20090620043401" download-size="3788" install-size="3788" />
	<plugin fragment="true" id="org.eclipse.equinox.http.registry.nl_cs" unpack="false" version="3.5.0.v20090620043401" download-size="1373" install-size="1373" />
	<plugin fragment="true" id="org.eclipse.equinox.http.servlet.nl_cs" unpack="false" version="3.5.0.v20090620043401" download-size="1374" install-size="1374" />
	<plugin fragment="true" id="org.eclipse.equinox.http.servletbridge.nl_cs" unpack="false" version="3.5.0.v20090620043401" download-size="1378" install-size="1378" />
	<plugin fragment="true" id="org.eclipse.equinox.io.nl_cs" unpack="false" version="3.5.0.v20090620043401" download-size="1366" install-size="1366" />
	<plugin fragment="true" id="org.eclipse.equinox.ip.nl_cs" unpack="false" version="3.5.0.v20090620043401" download-size="1367" install-size="1367" />
	<plugin fragment="true" id="org.eclipse.equinox.jsp.jasper.nl_cs" unpack="false" version="3.5.0.v20090620043401" download-size="1372" install-size="1372" />
	<plugin fragment="true" id="org.eclipse.equinox.jsp.jasper.registry.nl_cs" unpack="false" version="3.5.0.v20090620043401" download-size="1377" install-size="1377" />
	<plugin fragment="true" id="org.eclipse.equinox.launcher.carbon.macosx.nl_cs" unpack="false" version="3.5.0.v20090620043401" download-size="1411" install-size="1411" />
	<plugin fragment="true" id="org.eclipse.equinox.launcher.cocoa.macosx.nl_cs" unpack="false" version="3.5.0.v20090620043401" download-size="1408" install-size="1408" />
	<plugin fragment="true" id="org.eclipse.equinox.launcher.gtk.linux.ppc.nl_cs" unpack="false" version="3.5.0.v20090620043401" download-size="1411" install-size="1411" />
	<plugin fragment="true" id="org.eclipse.equinox.launcher.gtk.linux.s390.nl_cs" unpack="false" version="3.5.0.v20090620043401" download-size="1414" install-size="1414" />
	<plugin fragment="true" id="org.eclipse.equinox.launcher.gtk.linux.s390x.nl_cs" unpack="false" version="3.5.0.v20090620043401" download-size="1416" install-size="1416" />
	<plugin fragment="true" id="org.eclipse.equinox.launcher.gtk.linux.x86.nl_cs" unpack="false" version="3.5.0.v20090620043401" download-size="1411" install-size="1411" />
	<plugin fragment="true" id="org.eclipse.equinox.launcher.gtk.solaris.sparc.nl_cs" unpack="false" version="3.5.0.v20090620043401" download-size="1426" install-size="1426" />
	<plugin fragment="true" id="org.eclipse.equinox.launcher.gtk.solaris.x86.nl_cs" unpack="false" version="3.5.0.v20090620043401" download-size="1416" install-size="1416" />
	<plugin fragment="true" id="org.eclipse.equinox.launcher.motif.aix.ppc.nl_cs" unpack="false" version="3.5.0.v20090620043401" download-size="1411" install-size="1411" />
	<plugin fragment="true" id="org.eclipse.equinox.launcher.motif.linux.x86.nl_cs" unpack="false" version="3.5.0.v20090620043401" download-size="1416" install-size="1416" />
	<plugin fragment="true" id="org.eclipse.equinox.launcher.motif.solaris.sparc.nl_cs" unpack="false" version="3.5.0.v20090620043401" download-size="1430" install-size="1430" />
	<plugin fragment="true" id="org.eclipse.equinox.launcher.nl_cs" unpack="false" version="3.5.0.v20090620043401" download-size="1374" install-size="1374" />
	<plugin fragment="true" id="org.eclipse.equinox.launcher.win32.win32.ia64.nl_cs" unpack="false" version="3.5.0.v20090620043401" download-size="1417" install-size="1417" />
	<plugin fragment="true" id="org.eclipse.equinox.launcher.win32.win32.x86.nl_cs" unpack="false" version="3.5.0.v20090620043401" download-size="1414" install-size="1414" />
	<plugin fragment="true" id="org.eclipse.equinox.launcher.wpf.win32.x86.nl_cs" unpack="false" version="3.5.0.v20090620043401" download-size="1412" install-size="1412" />
	<plugin fragment="true" id="org.eclipse.equinox.log.nl_cs" unpack="false" version="3.5.0.v20090620043401" download-size="1367" install-size="1367" />
	<plugin fragment="true" id="org.eclipse.equinox.metatype.nl_cs" unpack="false" version="3.5.0.v20090620043401" download-size="2769" install-size="2769" />
	<plugin fragment="true" id="org.eclipse.equinox.preferences.nl_cs" unpack="false" version="3.5.0.v20090620043401" download-size="3074" install-size="3074" />
	<plugin fragment="true" id="org.eclipse.equinox.registry.nl_cs" unpack="false" version="3.5.0.v20090620043401" download-size="3505" install-size="3505" />
	<plugin fragment="true" id="org.eclipse.equinox.security.nl_cs" unpack="false" version="3.5.0.v20090620043401" download-size="2631" install-size="2631" />
	<plugin fragment="true" id="org.eclipse.equinox.security.ui.nl_cs" unpack="false" version="3.5.0.v20090620043401" download-size="3582" install-size="3582" />
	<plugin fragment="true" id="org.eclipse.equinox.servletbridge.nl_cs" unpack="false" version="3.5.0.v20090620043401" download-size="1374" install-size="1374" />
	<plugin fragment="true" id="org.eclipse.equinox.transforms.xslt.nl_cs" unpack="false" version="3.5.0.v20090620043401" download-size="1374" install-size="1374" />
	<plugin fragment="true" id="org.eclipse.equinox.useradmin.nl_cs" unpack="false" version="3.5.0.v20090620043401" download-size="3138" install-size="3138" />
	<plugin fragment="true" id="org.eclipse.equinox.util.nl_cs" unpack="false" version="3.5.0.v20090620043401" download-size="1368" install-size="1368" />
	<plugin fragment="true" id="org.eclipse.equinox.wireadmin.nl_cs" unpack="false" version="3.5.0.v20090620043401" download-size="1372" install-size="1372" />
	<plugin fragment="true" id="org.eclipse.help.appserver.nl_cs" unpack="false" version="3.5.0.v20090620043401" download-size="2602" install-size="2602" />
	<plugin fragment="true" id="org.eclipse.help.base.nl_cs" unpack="false" version="3.5.0.v20090620043401" download-size="3864" install-size="3864" />
	<plugin fragment="true" id="org.eclipse.help.nl_cs" unpack="false" version="3.5.0.v20090620043401" download-size="1511" install-size="1511" />
	<plugin fragment="true" id="org.eclipse.help.ui.nl_cs" unpack="false" version="3.5.0.v20090620043401" download-size="5302" install-size="5302" />
	<plugin fragment="true" id="org.eclipse.help.webapp.nl_cs" unpack="false" version="3.5.0.v20090620043401" download-size="4511" install-size="4511" />
	<plugin fragment="true" id="org.eclipse.jdt.apt.core.nl_cs" unpack="false" version="3.5.0.v20090620043401" download-size="3893" install-size="3893" />
	<plugin fragment="true" id="org.eclipse.jdt.apt.pluggable.core.nl_cs" unpack="false" version="3.5.0.v20090620043401" download-size="1374" install-size="1374" />
	<plugin fragment="true" id="org.eclipse.jdt.apt.pluggable.tests.nl_cs" unpack="false" version="3.5.0.v20090620043401" download-size="1374" install-size="1374" />
	<plugin fragment="true" id="org.eclipse.jdt.apt.tests.nl_cs" unpack="false" version="3.5.0.v20090620043401" download-size="1368" install-size="1368" />
	<plugin fragment="true" id="org.eclipse.jdt.apt.ui.nl_cs" unpack="false" version="3.5.0.v20090620043401" download-size="4621" install-size="4621" />
	<plugin fragment="true" id="org.eclipse.jdt.compiler.apt.tests.nl_cs" unpack="false" version="3.5.0.v20090620043401" download-size="1373" install-size="1373" />
	<plugin fragment="true" id="org.eclipse.jdt.compiler.tool.tests.nl_cs" unpack="false" version="3.5.0.v20090620043401" download-size="1374" install-size="1374" />
	<plugin fragment="true" id="org.eclipse.jdt.core.manipulation.nl_cs" unpack="false" version="3.5.0.v20090620043401" download-size="3259" install-size="3259" />
	<plugin fragment="true" id="org.eclipse.jdt.core.nl_cs" unpack="false" version="3.5.0.v20090620043401" download-size="30365" install-size="30365" />
	<plugin fragment="true" id="org.eclipse.jdt.core.tests.builder.nl_cs" unpack="false" version="3.5.0.v20090620043401" download-size="1374" install-size="1374" />
	<plugin fragment="true" id="org.eclipse.jdt.core.tests.compiler.nl_cs" unpack="false" version="3.5.0.v20090620043401" download-size="1375" install-size="1375" />
	<plugin fragment="true" id="org.eclipse.jdt.core.tests.model.nl_cs" unpack="false" version="3.5.0.v20090620043401" download-size="12470" install-size="12470" />
	<plugin fragment="true" id="org.eclipse.jdt.core.tests.performance.nl_cs" unpack="false" version="3.5.0.v20090620043401" download-size="1376" install-size="1376" />
	<plugin fragment="true" id="org.eclipse.jdt.debug.nl_cs" unpack="false" version="3.5.0.v20090620043401" download-size="21459" install-size="21459" />
	<plugin fragment="true" id="org.eclipse.jdt.debug.tests.nl_cs" unpack="false" version="3.5.0.v20090620043401" download-size="1370" install-size="1370" />
	<plugin fragment="true" id="org.eclipse.jdt.debug.ui.nl_cs" unpack="false" version="3.5.0.v20090620043401" download-size="27988" install-size="27988" />
	<plugin fragment="true" id="org.eclipse.jdt.doc.isv.nl_cs" unpack="false" version="3.5.0.v20090620043401" download-size="1784" install-size="1784" />
	<plugin fragment="true" id="org.eclipse.jdt.doc.user.nl_cs" unpack="false" version="3.5.0.v20090620043401" download-size="1764" install-size="1764" />
	<plugin fragment="true" id="org.eclipse.jdt.junit.nl_cs" unpack="false" version="3.5.0.v20090620043401" download-size="9036" install-size="9036" />
	<plugin fragment="true" id="org.eclipse.jdt.junit.runtime.nl_cs" unpack="false" version="3.5.0.v20090620043401" download-size="2931" install-size="2931" />
	<plugin fragment="true" id="org.eclipse.jdt.junit4.runtime.nl_cs" unpack="false" version="3.5.0.v20090620043401" download-size="1412" install-size="1412" />
	<plugin fragment="true" id="org.eclipse.jdt.launching.macosx.nl_cs" unpack="false" version="3.5.0.v20090620043401" download-size="1374" install-size="1374" />
	<plugin fragment="true" id="org.eclipse.jdt.launching.nl_cs" unpack="false" version="3.5.0.v20090620043401" download-size="6652" install-size="6652" />
	<plugin fragment="true" id="org.eclipse.jdt.launching.ui.macosx.nl_cs" unpack="false" version="3.5.0.v20090620043401" download-size="2598" install-size="2598" />
	<plugin fragment="true" id="org.eclipse.jdt.nl_cs" unpack="false" version="3.5.0.v20090620043401" download-size="1398" install-size="1398" />
	<plugin fragment="true" id="org.eclipse.jdt.text.tests.nl_cs" unpack="false" version="3.5.0.v20090620043401" download-size="1373" install-size="1373" />
	<plugin fragment="true" id="org.eclipse.jdt.ui.examples.projects.nl_cs" unpack="false" version="3.5.0.v20090620043401" download-size="2713" install-size="2713" />
	<plugin fragment="true" id="org.eclipse.jdt.ui.nl_cs" unpack="false" version="3.5.0.v20090620043401" download-size="159797" install-size="159797" />
	<plugin fragment="true" id="org.eclipse.jdt.ui.tests.nl_cs" unpack="false" version="3.5.0.v20090620043401" download-size="1372" install-size="1372" />
	<plugin fragment="true" id="org.eclipse.jdt.ui.tests.refactoring.nl_cs" unpack="false" version="3.5.0.v20090620043401" download-size="1380" install-size="1380" />
	<plugin fragment="true" id="org.eclipse.jface.databinding.nl_cs" unpack="false" version="3.5.0.v20090620043401" download-size="1394" install-size="1394" />
	<plugin fragment="true" id="org.eclipse.jface.examples.databinding.nl_cs" unpack="false" version="3.5.0.v20090620043401" download-size="1378" install-size="1378" />
	<plugin fragment="true" id="org.eclipse.jface.nl_cs" unpack="false" version="3.5.0.v20090620043401" download-size="9749" install-size="9749" />
	<plugin fragment="true" id="org.eclipse.jface.tests.databinding.conformance.nl_cs" unpack="false" version="3.5.0.v20090620043401" download-size="1383" install-size="1383" />
	<plugin fragment="true" id="org.eclipse.jface.tests.databinding.nl_cs" unpack="false" version="3.5.0.v20090620043401" download-size="1375" install-size="1375" />
	<plugin fragment="true" id="org.eclipse.jface.text.nl_cs" unpack="false" version="3.5.0.v20090620043401" download-size="11186" install-size="11186" />
	<plugin fragment="true" id="org.eclipse.jface.text.tests.nl_cs" unpack="false" version="3.5.0.v20090620043401" download-size="1375" install-size="1375" />
	<plugin fragment="true" id="org.eclipse.jsch.core.nl_cs" unpack="false" version="3.5.0.v20090620043401" download-size="2335" install-size="2335" />
	<plugin fragment="true" id="org.eclipse.jsch.ui.nl_cs" unpack="false" version="3.5.0.v20090620043401" download-size="3870" install-size="3870" />
	<plugin fragment="true" id="org.eclipse.ltk.core.refactoring.nl_cs" unpack="false" version="3.5.0.v20090620043401" download-size="4782" install-size="4782" />
	<plugin fragment="true" id="org.eclipse.ltk.core.refactoring.tests.nl_cs" unpack="false" version="3.5.0.v20090620043401" download-size="1376" install-size="1376" />
	<plugin fragment="true" id="org.eclipse.ltk.ui.refactoring.nl_cs" unpack="false" version="3.5.0.v20090620043401" download-size="8461" install-size="8461" />
	<plugin fragment="true" id="org.eclipse.ltk.ui.refactoring.tests.nl_cs" unpack="false" version="3.5.0.v20090620043401" download-size="1375" install-size="1375" />
	<plugin fragment="true" id="org.eclipse.osgi.nl_cs" unpack="false" version="3.5.0.v20090620043401" download-size="6731" install-size="6731" />
	<plugin fragment="true" id="org.eclipse.osgi.services.nl_cs" unpack="false" version="3.5.0.v20090620043401" download-size="1572" install-size="1572" />
	<plugin fragment="true" id="org.eclipse.osgi.util.nl_cs" unpack="false" version="3.5.0.v20090620043401" download-size="1568" install-size="1568" />
	<plugin fragment="true" id="org.eclipse.pde.api.tools.nl_cs" unpack="false" version="3.5.0.v20090620043401" download-size="3177" install-size="3177" />
	<plugin fragment="true" id="org.eclipse.pde.api.tools.ui.nl_cs" unpack="false" version="3.5.0.v20090620043401" download-size="5297" install-size="5297" />
	<plugin fragment="true" id="org.eclipse.pde.build.nl_cs" unpack="false" version="3.5.0.v20090620043401" download-size="5187" install-size="5187" />
	<plugin fragment="true" id="org.eclipse.pde.build.tests.nl_cs" unpack="false" version="3.5.0.v20090620043401" download-size="1372" install-size="1372" />
	<plugin fragment="true" id="org.eclipse.pde.core.nl_cs" unpack="false" version="3.5.0.v20090620043401" download-size="7698" install-size="7698" />
	<plugin fragment="true" id="org.eclipse.pde.doc.user.nl_cs" unpack="false" version="3.5.0.v20090620043401" download-size="1778" install-size="1778" />
	<plugin fragment="true" id="org.eclipse.pde.ds.core.nl_cs" unpack="false" version="3.5.0.v20090620043401" download-size="2383" install-size="2383" />
	<plugin fragment="true" id="org.eclipse.pde.ds.tests.nl_cs" unpack="false" version="3.5.0.v20090620043401" download-size="1367" install-size="1367" />
	<plugin fragment="true" id="org.eclipse.pde.ds.ui.nl_cs" unpack="false" version="3.5.0.v20090620043401" download-size="2889" install-size="2889" />
	<plugin fragment="true" id="org.eclipse.pde.junit.runtime.nl_cs" unpack="false" version="3.5.0.v20090620043401" download-size="1400" install-size="1400" />
	<plugin fragment="true" id="org.eclipse.pde.nl_cs" unpack="false" version="3.5.0.v20090620043401" download-size="1383" install-size="1383" />
	<plugin fragment="true" id="org.eclipse.pde.runtime.nl_cs" unpack="false" version="3.5.0.v20090620043401" download-size="2760" install-size="2760" />
	<plugin fragment="true" id="org.eclipse.pde.tools.versioning.nl_cs" unpack="false" version="3.5.0.v20090620043401" download-size="1380" install-size="1380" />
	<plugin fragment="true" id="org.eclipse.pde.ua.core.nl_cs" unpack="false" version="3.5.0.v20090620043401" download-size="1367" install-size="1367" />
	<plugin fragment="true" id="org.eclipse.pde.ua.ui.nl_cs" unpack="false" version="3.5.0.v20090620043401" download-size="10892" install-size="10892" />
	<plugin fragment="true" id="org.eclipse.pde.ui.nl_cs" unpack="false" version="3.5.0.v20090620043401" download-size="36229" install-size="36229" />
	<plugin fragment="true" id="org.eclipse.pde.ui.templates.nl_cs" unpack="false" version="3.5.0.v20090620043401" download-size="2682" install-size="2682" />
	<plugin fragment="true" id="org.eclipse.platform.doc.isv.nl_cs" unpack="false" version="3.5.0.v20090620043401" download-size="1421" install-size="1421" />
	<plugin fragment="true" id="org.eclipse.platform.doc.user.nl_cs" unpack="false" version="3.5.0.v20090620043401" download-size="1423" install-size="1423" />
	<plugin fragment="true" id="org.eclipse.platform.nl_cs" unpack="false" version="3.5.0.v20090620043401" download-size="2389" install-size="2389" />
	<plugin fragment="true" id="org.eclipse.rcp.nl_cs" unpack="false" version="3.5.0.v20090620043401" download-size="1718" install-size="1718" />
	<plugin fragment="true" id="org.eclipse.releng.tools.nl_cs" unpack="false" version="3.5.0.v20090620043401" download-size="2224" install-size="2224" />
	<plugin fragment="true" id="org.eclipse.sdk.examples.nl_cs" unpack="false" version="3.5.0.v20090620043401" download-size="1368" install-size="1368" />
	<plugin fragment="true" id="org.eclipse.sdk.nl_cs" unpack="false" version="3.5.0.v20090620043401" download-size="2825" install-size="2825" />
	<plugin fragment="true" id="org.eclipse.sdk.tests.nl_cs" unpack="false" version="3.5.0.v20090620043401" download-size="1365" install-size="1365" />
	<plugin fragment="true" id="org.eclipse.search.nl_cs" unpack="false" version="3.5.0.v20090620043401" download-size="7935" install-size="7935" />
	<plugin fragment="true" id="org.eclipse.search.tests.nl_cs" unpack="false" version="3.5.0.v20090620043401" download-size="1367" install-size="1367" />
	<plugin fragment="true" id="org.eclipse.swt.examples.browser.demos.nl_cs" unpack="false" version="3.5.0.v20090620043401" download-size="1376" install-size="1376" />
	<plugin fragment="true" id="org.eclipse.swt.examples.browser.nl_cs" unpack="false" version="3.5.0.v20090620043401" download-size="1430" install-size="1430" />
	<plugin fragment="true" id="org.eclipse.swt.examples.controls.nl_cs" unpack="false" version="3.5.0.v20090620043401" download-size="1373" install-size="1373" />
	<plugin fragment="true" id="org.eclipse.swt.examples.launcher.nl_cs" unpack="false" version="3.5.0.v20090620043401" download-size="1468" install-size="1468" />
	<plugin fragment="true" id="org.eclipse.swt.examples.layouts.nl_cs" unpack="false" version="3.5.0.v20090620043401" download-size="1373" install-size="1373" />
	<plugin fragment="true" id="org.eclipse.swt.examples.nl_cs" unpack="false" version="3.5.0.v20090620043401" download-size="6504" install-size="6504" />
	<plugin fragment="true" id="org.eclipse.swt.examples.ole.win32.nl_cs" unpack="false" version="3.5.0.v20090620043401" download-size="1468" install-size="1468" />
	<plugin fragment="true" id="org.eclipse.swt.examples.paint.nl_cs" unpack="false" version="3.5.0.v20090620043401" download-size="1372" install-size="1372" />
	<plugin fragment="true" id="org.eclipse.swt.nl_cs" unpack="false" version="3.5.0.v20090620043401" download-size="2401" install-size="2401" />
	<plugin fragment="true" id="org.eclipse.swt.tests.nl_cs" unpack="false" version="3.5.0.v20090620043401" download-size="1376" install-size="1376" />
	<plugin fragment="true" id="org.eclipse.swt.tools.nl_cs" unpack="false" version="3.5.0.v20090620043401" download-size="1365" install-size="1365" />
	<plugin fragment="true" id="org.eclipse.team.core.nl_cs" unpack="false" version="3.5.0.v20090620043401" download-size="4564" install-size="4564" />
	<plugin fragment="true" id="org.eclipse.team.cvs.core.nl_cs" unpack="false" version="3.5.0.v20090620043401" download-size="8600" install-size="8600" />
	<plugin fragment="true" id="org.eclipse.team.cvs.ssh.nl_cs" unpack="false" version="3.5.0.v20090620043401" download-size="3180" install-size="3180" />
	<plugin fragment="true" id="org.eclipse.team.cvs.ssh2.nl_cs" unpack="false" version="3.5.0.v20090620043401" download-size="3607" install-size="3607" />
	<plugin fragment="true" id="org.eclipse.team.cvs.ui.nl_cs" unpack="false" version="3.5.0.v20090620043401" download-size="26966" install-size="26966" />
	<plugin fragment="true" id="org.eclipse.team.examples.filesystem.nl_cs" unpack="false" version="3.5.0.v20090620043401" download-size="2346" install-size="2346" />
	<plugin fragment="true" id="org.eclipse.team.tests.cvs.core.nl_cs" unpack="false" version="3.5.0.v20090620043401" download-size="1427" install-size="1427" />
	<plugin fragment="true" id="org.eclipse.team.ui.nl_cs" unpack="false" version="3.5.0.v20090620043401" download-size="12545" install-size="12545" />
	<plugin fragment="true" id="org.eclipse.text.nl_cs" unpack="false" version="3.5.0.v20090620043401" download-size="3859" install-size="3859" />
	<plugin fragment="true" id="org.eclipse.text.tests.nl_cs" unpack="false" version="3.5.0.v20090620043401" download-size="1370" install-size="1370" />
	<plugin fragment="true" id="org.eclipse.ui.browser.nl_cs" unpack="false" version="3.5.0.v20090620043401" download-size="3834" install-size="3834" />
	<plugin fragment="true" id="org.eclipse.ui.cheatsheets.nl_cs" unpack="false" version="3.5.0.v20090620043401" download-size="5797" install-size="5797" />
	<plugin fragment="true" id="org.eclipse.ui.console.nl_cs" unpack="false" version="3.5.0.v20090620043401" download-size="3420" install-size="3420" />
	<plugin fragment="true" id="org.eclipse.ui.editors.nl_cs" unpack="false" version="3.5.0.v20090620043401" download-size="12626" install-size="12626" />
	<plugin fragment="true" id="org.eclipse.ui.editors.tests.nl_cs" unpack="false" version="3.5.0.v20090620043401" download-size="1375" install-size="1375" />
	<plugin fragment="true" id="org.eclipse.ui.examples.contributions.nl_cs" unpack="false" version="3.5.0.v20090620043401" download-size="1568" install-size="1568" />
	<plugin fragment="true" id="org.eclipse.ui.examples.fieldassist.nl_cs" unpack="false" version="3.5.0.v20090620043401" download-size="2296" install-size="2296" />
	<plugin fragment="true" id="org.eclipse.ui.examples.javaeditor.nl_cs" unpack="false" version="3.5.0.v20090620043401" download-size="2401" install-size="2401" />
	<plugin fragment="true" id="org.eclipse.ui.examples.multipageeditor.nl_cs" unpack="false" version="3.5.0.v20090620043401" download-size="2336" install-size="2336" />
	<plugin fragment="true" id="org.eclipse.ui.examples.propertysheet.nl_cs" unpack="false" version="3.5.0.v20090620043401" download-size="2425" install-size="2425" />
	<plugin fragment="true" id="org.eclipse.ui.examples.readmetool.nl_cs" unpack="false" version="3.5.0.v20090620043401" download-size="2338" install-size="2338" />
	<plugin fragment="true" id="org.eclipse.ui.examples.undo.nl_cs" unpack="false" version="3.5.0.v20090620043401" download-size="2213" install-size="2213" />
	<plugin fragment="true" id="org.eclipse.ui.examples.views.properties.tabbed.article.nl_cs" unpack="false" version="3.5.0.v20090620043401" download-size="1462" install-size="1462" />
	<plugin fragment="true" id="org.eclipse.ui.externaltools.nl_cs" unpack="false" version="3.5.0.v20090620043401" download-size="9114" install-size="9114" />
	<plugin fragment="true" id="org.eclipse.ui.forms.nl_cs" unpack="false" version="3.5.0.v20090620043401" download-size="2432" install-size="2432" />
	<plugin fragment="true" id="org.eclipse.ui.ide.application.nl_cs" unpack="false" version="3.5.0.v20090620043401" download-size="1487" install-size="1487" />
	<plugin fragment="true" id="org.eclipse.ui.ide.nl_cs" unpack="false" version="3.5.0.v20090620043401" download-size="29915" install-size="29915" />
	<plugin fragment="true" id="org.eclipse.ui.intro.nl_cs" unpack="false" version="3.5.0.v20090620043401" download-size="3760" install-size="3760" />
	<plugin fragment="true" id="org.eclipse.ui.intro.universal.nl_cs" unpack="false" version="3.5.0.v20090620043401" download-size="5885" install-size="5885" />
	<plugin fragment="true" id="org.eclipse.ui.navigator.nl_cs" unpack="false" version="3.5.0.v20090620043401" download-size="3939" install-size="3939" />
	<plugin fragment="true" id="org.eclipse.ui.navigator.resources.nl_cs" unpack="false" version="3.5.0.v20090620043401" download-size="3534" install-size="3534" />
	<plugin fragment="true" id="org.eclipse.ui.net.nl_cs" unpack="false" version="3.5.0.v20090620043401" download-size="2394" install-size="2394" />
	<plugin fragment="true" id="org.eclipse.ui.nl_cs" unpack="false" version="3.5.0.v20090620043401" download-size="5161" install-size="5161" />
	<plugin fragment="true" id="org.eclipse.ui.presentations.r21.nl_cs" unpack="false" version="3.5.0.v20090620043401" download-size="2542" install-size="2542" />
	<plugin fragment="true" id="org.eclipse.ui.tests.views.properties.tabbed.nl_cs" unpack="false" version="3.5.0.v20090620043401" download-size="1413" install-size="1413" />
	<plugin fragment="true" id="org.eclipse.ui.views.log.nl_cs" unpack="false" version="3.5.0.v20090620043401" download-size="2765" install-size="2765" />
	<plugin fragment="true" id="org.eclipse.ui.views.nl_cs" unpack="false" version="3.5.0.v20090620043401" download-size="3179" install-size="3179" />
	<plugin fragment="true" id="org.eclipse.ui.views.properties.tabbed.nl_cs" unpack="false" version="3.5.0.v20090620043401" download-size="3090" install-size="3090" />
	<plugin fragment="true" id="org.eclipse.ui.workbench.nl_cs" unpack="false" version="3.5.0.v20090620043401" download-size="26763" install-size="26763" />
	<plugin fragment="true" id="org.eclipse.ui.workbench.texteditor.nl_cs" unpack="false" version="3.5.0.v20090620043401" download-size="11925" install-size="11925" />
	<plugin fragment="true" id="org.eclipse.ui.workbench.texteditor.tests.nl_cs" unpack="false" version="3.5.0.v20090620043401" download-size="1384" install-size="1384" />
	<plugin fragment="true" id="org.eclipse.update.configurator.nl_cs" unpack="false" version="3.5.0.v20090620043401" download-size="3446" install-size="3446" />
	<plugin fragment="true" id="org.eclipse.update.core.nl_cs" unpack="false" version="3.5.0.v20090620043401" download-size="8841" install-size="8841" />
	<plugin fragment="true" id="org.eclipse.update.scheduler.nl_cs" unpack="false" version="3.5.0.v20090620043401" download-size="2921" install-size="2921" />
	<plugin fragment="true" id="org.eclipse.update.tests.core.nl_cs" unpack="false" version="3.5.0.v20090620043401" download-size="1370" install-size="1370" />
	<plugin fragment="true" id="org.eclipse.update.ui.nl_cs" unpack="false" version="3.5.0.v20090620043401" download-size="9546" install-size="9546" />
	<plugin fragment="true" id="org.junit4.nl_cs" unpack="false" version="3.5.0.v20090620043401" download-size="1360" install-size="1360" />
	<plugin fragment="true" id="security.a.nl_cs" unpack="false" version="3.5.0.v20090620043401" download-size="1376" install-size="1376" />
</feature>