<?xml version="1.0" encoding="UTF-8" ?>
<feature
	id="org.eclipse.babel.nls_modeling.emft_ar"
	label="Babel Language Pack for modeling.emft in Arabic (26.84%)"
	image="eclipse_update_120.jpg"
	provider-name="%providerName"
	version="3.5.0.v20090620043401">
	<copyright>
		%copyright
	</copyright>
	<license url="%licenseURL">
		%license
	</license>
	<description>Babel Language Pack for modeling.emft in Arabic</description>
	<plugin fragment="true" id="org.eclipse.emf.compare.diff.edit.nl_ar" unpack="false" version="3.5.0.v20090620043401" download-size="1930" install-size="1930" />
	<plugin fragment="true" id="org.eclipse.emf.compare.diff.nl_ar" unpack="false" version="3.5.0.v20090620043401" download-size="1370" install-size="1370" />
	<plugin fragment="true" id="org.eclipse.emf.compare.epatch.nl_ar" unpack="false" version="3.5.0.v20090620043401" download-size="1372" install-size="1372" />
	<plugin fragment="true" id="org.eclipse.emf.compare.match.nl_ar" unpack="false" version="3.5.0.v20090620043401" download-size="1768" install-size="1768" />
	<plugin fragment="true" id="org.eclipse.emf.compare.nl_ar" unpack="false" version="3.5.0.v20090620043401" download-size="1367" install-size="1367" />
	<plugin fragment="true" id="org.eclipse.emf.compare.tests.nl_ar" unpack="false" version="3.5.0.v20090620043401" download-size="1371" install-size="1371" />
	<plugin fragment="true" id="org.eclipse.emf.compare.ui.nl_ar" unpack="false" version="3.5.0.v20090620043401" download-size="3856" install-size="3856" />
	<plugin fragment="true" id="org.eclipse.emf.mwe.activities.nl_ar" unpack="false" version="3.5.0.v20090620043401" download-size="1372" install-size="1372" />
	<plugin fragment="true" id="org.eclipse.emf.mwe.core.nl_ar" unpack="false" version="3.5.0.v20090620043401" download-size="1590" install-size="1590" />
	<plugin fragment="true" id="org.eclipse.emf.mwe.doc.nl_ar" unpack="false" version="3.5.0.v20090620043401" download-size="1638" install-size="1638" />
	<plugin fragment="true" id="org.eclipse.emf.mwe.examples.nl_ar" unpack="false" version="3.5.0.v20090620043401" download-size="1372" install-size="1372" />
	<plugin fragment="true" id="org.eclipse.emf.mwe.tests.nl_ar" unpack="false" version="3.5.0.v20090620043401" download-size="1592" install-size="1592" />
	<plugin fragment="true" id="org.eclipse.emf.mwe.ui.editor.nl_ar" unpack="false" version="3.5.0.v20090620043401" download-size="2599" install-size="2599" />
	<plugin fragment="true" id="org.eclipse.emf.mwe.ui.nl_ar" unpack="false" version="3.5.0.v20090620043401" download-size="2505" install-size="2505" />
	<plugin fragment="true" id="org.eclipse.emf.mwe.ui.simpleEditor.nl_ar" unpack="false" version="3.5.0.v20090620043401" download-size="1374" install-size="1374" />
	<plugin fragment="true" id="org.eclipse.emf.mwe.utils.nl_ar" unpack="false" version="3.5.0.v20090620043401" download-size="1368" install-size="1368" />
</feature>