<?xml version="1.0" encoding="UTF-8" ?>
<feature
	id="org.eclipse.babel.nls_webtools.webservices_el"
	label="Babel Language Pack for webtools.webservices in Greek (89.12%)"
	image="eclipse_update_120.jpg"
	provider-name="%providerName"
	version="3.5.0.v20090620043401">
	<copyright>
		%copyright
	</copyright>
	<license url="%licenseURL">
		%license
	</license>
	<description>Babel Language Pack for webtools.webservices in Greek</description>
	<plugin fragment="true" id="org.eclipse.jst.ws.axis.consumption.core.nl_el" unpack="false" version="3.5.0.v20090620043401" download-size="4598" install-size="4598" />
	<plugin fragment="true" id="org.eclipse.jst.ws.axis.consumption.ui.nl_el" unpack="false" version="3.5.0.v20090620043401" download-size="5522" install-size="5522" />
	<plugin fragment="true" id="org.eclipse.jst.ws.axis.creation.ui.nl_el" unpack="false" version="3.5.0.v20090620043401" download-size="4641" install-size="4641" />
	<plugin fragment="true" id="org.eclipse.jst.ws.axis2.consumption.core.nl_el" unpack="false" version="3.5.0.v20090620043401" download-size="2865" install-size="2865" />
	<plugin fragment="true" id="org.eclipse.jst.ws.axis2.consumption.ui.nl_el" unpack="false" version="3.5.0.v20090620043401" download-size="1474" install-size="1474" />
	<plugin fragment="true" id="org.eclipse.jst.ws.axis2.core.nl_el" unpack="false" version="3.5.0.v20090620043401" download-size="2706" install-size="2706" />
	<plugin fragment="true" id="org.eclipse.jst.ws.axis2.creation.core.nl_el" unpack="false" version="3.5.0.v20090620043401" download-size="2832" install-size="2832" />
	<plugin fragment="true" id="org.eclipse.jst.ws.axis2.creation.ui.nl_el" unpack="false" version="3.5.0.v20090620043401" download-size="1380" install-size="1380" />
	<plugin fragment="true" id="org.eclipse.jst.ws.axis2.ui.doc.user.nl_el" unpack="false" version="3.5.0.v20090620043401" download-size="1376" install-size="1376" />
	<plugin fragment="true" id="org.eclipse.jst.ws.axis2.ui.nl_el" unpack="false" version="3.5.0.v20090620043401" download-size="1375" install-size="1375" />
	<plugin fragment="true" id="org.eclipse.jst.ws.consumption.nl_el" unpack="false" version="3.5.0.v20090620043401" download-size="5887" install-size="5887" />
	<plugin fragment="true" id="org.eclipse.jst.ws.consumption.ui.nl_el" unpack="false" version="3.5.0.v20090620043401" download-size="13812" install-size="13812" />
	<plugin fragment="true" id="org.eclipse.jst.ws.creation.ejb.ui.nl_el" unpack="false" version="3.5.0.v20090620043401" download-size="1598" install-size="1598" />
	<plugin fragment="true" id="org.eclipse.jst.ws.creation.ui.nl_el" unpack="false" version="3.5.0.v20090620043401" download-size="3230" install-size="3230" />
	<plugin fragment="true" id="org.eclipse.jst.ws.nl_el" unpack="false" version="3.5.0.v20090620043401" download-size="4524" install-size="4524" />
	<plugin fragment="true" id="org.eclipse.jst.ws.uddiregistry.nl_el" unpack="false" version="3.5.0.v20090620043401" download-size="3020" install-size="3020" />
	<plugin fragment="true" id="org.eclipse.jst.ws.ui.nl_el" unpack="false" version="3.5.0.v20090620043401" download-size="4212" install-size="4212" />
	<plugin fragment="true" id="org.eclipse.wst.command.env.core.nl_el" unpack="false" version="3.5.0.v20090620043401" download-size="2802" install-size="2802" />
	<plugin fragment="true" id="org.eclipse.wst.command.env.nl_el" unpack="false" version="3.5.0.v20090620043401" download-size="5645" install-size="5645" />
	<plugin fragment="true" id="org.eclipse.wst.command.env.ui.nl_el" unpack="false" version="3.5.0.v20090620043401" download-size="3794" install-size="3794" />
	<plugin fragment="true" id="org.eclipse.wst.ws.explorer.nl_el" unpack="false" version="3.5.0.v20090620043401" download-size="22827" install-size="22827" />
	<plugin fragment="true" id="org.eclipse.wst.ws.nl_el" unpack="false" version="3.5.0.v20090620043401" download-size="3130" install-size="3130" />
	<plugin fragment="true" id="org.eclipse.wst.ws.parser.nl_el" unpack="false" version="3.5.0.v20090620043401" download-size="3481" install-size="3481" />
	<plugin fragment="true" id="org.eclipse.wst.ws.service.policy.nl_el" unpack="false" version="3.5.0.v20090620043401" download-size="1558" install-size="1558" />
	<plugin fragment="true" id="org.eclipse.wst.ws.service.policy.ui.nl_el" unpack="false" version="3.5.0.v20090620043401" download-size="2964" install-size="2964" />
	<plugin fragment="true" id="org.eclipse.wst.ws.ui.nl_el" unpack="false" version="3.5.0.v20090620043401" download-size="3519" install-size="3519" />
	<plugin fragment="true" id="org.eclipse.wst.wsdl.nl_el" unpack="false" version="3.5.0.v20090620043401" download-size="1364" install-size="1364" />
	<plugin fragment="true" id="org.eclipse.wst.wsdl.ui.nl_el" unpack="false" version="3.5.0.v20090620043401" download-size="7398" install-size="7398" />
	<plugin fragment="true" id="org.eclipse.wst.wsdl.validation.nl_el" unpack="false" version="3.5.0.v20090620043401" download-size="9978" install-size="9978" />
	<plugin fragment="true" id="org.eclipse.wst.wsi.nl_el" unpack="false" version="3.5.0.v20090620043401" download-size="6670" install-size="6670" />
	<plugin fragment="true" id="org.eclipse.wst.wsi.ui.nl_el" unpack="false" version="3.5.0.v20090620043401" download-size="4539" install-size="4539" />
</feature>