<?xml version="1.0" encoding="UTF-8" ?>
<feature
	id="org.eclipse.babel.nls_rt.equinox_zh_TW"
	label="Babel Language Pack for rt.equinox in Chinese (Traditional) (34.53%)"
	image="eclipse_update_120.jpg"
	provider-name="%providerName"
	version="3.5.0.v20090620043401">
	<copyright>
		%copyright
	</copyright>
	<license url="%licenseURL">
		%license
	</license>
	<description>Babel Language Pack for rt.equinox in Chinese (Traditional)</description>
	<plugin fragment="true" id="org.eclipse.core.resources.jmx.nl_zh_TW" unpack="false" version="3.5.0.v20090620043401" download-size="2195" install-size="2195" />
	<plugin fragment="true" id="org.eclipse.equinox.frameworkadmin.equinox.nl_zh_TW" unpack="false" version="3.5.0.v20090620043401" download-size="1401" install-size="1401" />
	<plugin fragment="true" id="org.eclipse.equinox.frameworkadmin.nl_zh_TW" unpack="false" version="3.5.0.v20090620043401" download-size="1395" install-size="1395" />
	<plugin fragment="true" id="org.eclipse.equinox.initializer.nl_zh_TW" unpack="false" version="3.5.0.v20090620043401" download-size="1414" install-size="1414" />
	<plugin fragment="true" id="org.eclipse.equinox.jmx.client.nl_zh_TW" unpack="false" version="3.5.0.v20090620043401" download-size="4794" install-size="4794" />
	<plugin fragment="true" id="org.eclipse.equinox.jmx.common.nl_zh_TW" unpack="false" version="3.5.0.v20090620043401" download-size="2339" install-size="2339" />
	<plugin fragment="true" id="org.eclipse.equinox.jmx.server.nl_zh_TW" unpack="false" version="3.5.0.v20090620043401" download-size="3067" install-size="3067" />
	<plugin fragment="true" id="org.eclipse.equinox.jmx.vm.nl_zh_TW" unpack="false" version="3.5.0.v20090620043401" download-size="2696" install-size="2696" />
	<plugin fragment="true" id="org.eclipse.equinox.p2.artifact.repository.nl_zh_TW" unpack="false" version="3.5.0.v20090620043401" download-size="2673" install-size="2673" />
	<plugin fragment="true" id="org.eclipse.equinox.p2.console.nl_zh_TW" unpack="false" version="3.5.0.v20090620043401" download-size="1392" install-size="1392" />
	<plugin fragment="true" id="org.eclipse.equinox.p2.core.nl_zh_TW" unpack="false" version="3.5.0.v20090620043401" download-size="1390" install-size="1390" />
	<plugin fragment="true" id="org.eclipse.equinox.p2.director.app.nl_zh_TW" unpack="false" version="3.5.0.v20090620043401" download-size="1398" install-size="1398" />
	<plugin fragment="true" id="org.eclipse.equinox.p2.director.nl_zh_TW" unpack="false" version="3.5.0.v20090620043401" download-size="2456" install-size="2456" />
	<plugin fragment="true" id="org.eclipse.equinox.p2.directorywatcher.nl_zh_TW" unpack="false" version="3.5.0.v20090620043401" download-size="1402" install-size="1402" />
	<plugin fragment="true" id="org.eclipse.equinox.p2.engine.nl_zh_TW" unpack="false" version="3.5.0.v20090620043401" download-size="2914" install-size="2914" />
	<plugin fragment="true" id="org.eclipse.equinox.p2.exemplarysetup.nl_zh_TW" unpack="false" version="3.5.0.v20090620043401" download-size="1397" install-size="1397" />
	<plugin fragment="true" id="org.eclipse.equinox.p2.extensionlocation.nl_zh_TW" unpack="false" version="3.5.0.v20090620043401" download-size="1400" install-size="1400" />
	<plugin fragment="true" id="org.eclipse.equinox.p2.garbagecollector.nl_zh_TW" unpack="false" version="3.5.0.v20090620043401" download-size="1400" install-size="1400" />
	<plugin fragment="true" id="org.eclipse.equinox.p2.installer.nl_zh_TW" unpack="false" version="3.5.0.v20090620043401" download-size="2836" install-size="2836" />
	<plugin fragment="true" id="org.eclipse.equinox.p2.jarprocessor.nl_zh_TW" unpack="false" version="3.5.0.v20090620043401" download-size="1397" install-size="1397" />
	<plugin fragment="true" id="org.eclipse.equinox.p2.metadata.generator.nl_zh_TW" unpack="false" version="3.5.0.v20090620043401" download-size="3885" install-size="3885" />
	<plugin fragment="true" id="org.eclipse.equinox.p2.metadata.nl_zh_TW" unpack="false" version="3.5.0.v20090620043401" download-size="1393" install-size="1393" />
	<plugin fragment="true" id="org.eclipse.equinox.p2.metadata.repository.nl_zh_TW" unpack="false" version="3.5.0.v20090620043401" download-size="2668" install-size="2668" />
	<plugin fragment="true" id="org.eclipse.equinox.p2.publisher.nl_zh_TW" unpack="false" version="3.5.0.v20090620043401" download-size="2493" install-size="2493" />
	<plugin fragment="true" id="org.eclipse.equinox.p2.reconciler.dropins.nl_zh_TW" unpack="false" version="3.5.0.v20090620043401" download-size="1402" install-size="1402" />
	<plugin fragment="true" id="org.eclipse.equinox.p2.repository.nl_zh_TW" unpack="false" version="3.5.0.v20090620043401" download-size="3005" install-size="3005" />
	<plugin fragment="true" id="org.eclipse.equinox.p2.repository.tools.nl_zh_TW" unpack="false" version="3.5.0.v20090620043401" download-size="3483" install-size="3483" />
	<plugin fragment="true" id="org.eclipse.equinox.p2.selfhosting.nl_zh_TW" unpack="false" version="3.5.0.v20090620043401" download-size="1396" install-size="1396" />
	<plugin fragment="true" id="org.eclipse.equinox.p2.tests.nl_zh_TW" unpack="false" version="3.5.0.v20090620043401" download-size="1863" install-size="1863" />
	<plugin fragment="true" id="org.eclipse.equinox.p2.tests.ui.nl_zh_TW" unpack="false" version="3.5.0.v20090620043401" download-size="1393" install-size="1393" />
	<plugin fragment="true" id="org.eclipse.equinox.p2.tools.nl_zh_TW" unpack="false" version="3.5.0.v20090620043401" download-size="1391" install-size="1391" />
	<plugin fragment="true" id="org.eclipse.equinox.p2.touchpoint.eclipse.nl_zh_TW" unpack="false" version="3.5.0.v20090620043401" download-size="1400" install-size="1400" />
	<plugin fragment="true" id="org.eclipse.equinox.p2.touchpoint.natives.nl_zh_TW" unpack="false" version="3.5.0.v20090620043401" download-size="1403" install-size="1403" />
	<plugin fragment="true" id="org.eclipse.equinox.p2.ui.admin.nl_zh_TW" unpack="false" version="3.5.0.v20090620043401" download-size="2883" install-size="2883" />
	<plugin fragment="true" id="org.eclipse.equinox.p2.ui.admin.rcp.nl_zh_TW" unpack="false" version="3.5.0.v20090620043401" download-size="2825" install-size="2825" />
	<plugin fragment="true" id="org.eclipse.equinox.p2.ui.nl_zh_TW" unpack="false" version="3.5.0.v20090620043401" download-size="3534" install-size="3534" />
	<plugin fragment="true" id="org.eclipse.equinox.p2.ui.sdk.nl_zh_TW" unpack="false" version="3.5.0.v20090620043401" download-size="2737" install-size="2737" />
	<plugin fragment="true" id="org.eclipse.equinox.p2.ui.sdk.scheduler.nl_zh_TW" unpack="false" version="3.5.0.v20090620043401" download-size="3283" install-size="3283" />
	<plugin fragment="true" id="org.eclipse.equinox.p2.updatechecker.nl_zh_TW" unpack="false" version="3.5.0.v20090620043401" download-size="1379" install-size="1379" />
	<plugin fragment="true" id="org.eclipse.equinox.p2.updatesite.nl_zh_TW" unpack="false" version="3.5.0.v20090620043401" download-size="3075" install-size="3075" />
	<plugin fragment="true" id="org.eclipse.equinox.preferences.jmx.nl_zh_TW" unpack="false" version="3.5.0.v20090620043401" download-size="2460" install-size="2460" />
	<plugin fragment="true" id="org.eclipse.equinox.simpleconfigurator.manipulator.nl_zh_TW" unpack="false" version="3.5.0.v20090620043401" download-size="1392" install-size="1392" />
	<plugin fragment="true" id="org.eclipse.equinox.simpleconfigurator.nl_zh_TW" unpack="false" version="3.5.0.v20090620043401" download-size="1384" install-size="1384" />
	<plugin fragment="true" id="org.eclipse.osgi.jmx.nl_zh_TW" unpack="false" version="3.5.0.v20090620043401" download-size="3002" install-size="3002" />
	<plugin fragment="true" id="org.eclipse.swt.jmx.nl_zh_TW" unpack="false" version="3.5.0.v20090620043401" download-size="2161" install-size="2161" />
</feature>