<?xml version="1.0" encoding="UTF-8" ?>
<feature
	id="org.eclipse.babel.nls_rt.ecf_nl"
	label="Babel Language Pack for rt.ecf in Dutch (13.86%)"
	image="eclipse_update_120.jpg"
	provider-name="%providerName"
	version="3.5.0.v20090620043401">
	<copyright>
		%copyright
	</copyright>
	<license url="%licenseURL">
		%license
	</license>
	<description>Babel Language Pack for rt.ecf in Dutch</description>
	<plugin fragment="true" id="org.eclipse.ecf.datashare.nl_nl" unpack="false" version="3.5.0.v20090620043401" download-size="2081" install-size="2081" />
	<plugin fragment="true" id="org.eclipse.ecf.discovery.nl_nl" unpack="false" version="3.5.0.v20090620043401" download-size="1368" install-size="1368" />
	<plugin fragment="true" id="org.eclipse.ecf.discovery.ui.browser.nl_nl" unpack="false" version="3.5.0.v20090620043401" download-size="1376" install-size="1376" />
	<plugin fragment="true" id="org.eclipse.ecf.discovery.ui.edit.nl_nl" unpack="false" version="3.5.0.v20090620043401" download-size="1542" install-size="1542" />
	<plugin fragment="true" id="org.eclipse.ecf.discovery.ui.model.nl_nl" unpack="false" version="3.5.0.v20090620043401" download-size="1373" install-size="1373" />
	<plugin fragment="true" id="org.eclipse.ecf.discovery.ui.nl_nl" unpack="false" version="3.5.0.v20090620043401" download-size="1370" install-size="1370" />
	<plugin fragment="true" id="org.eclipse.ecf.doc.nl_nl" unpack="false" version="3.5.0.v20090620043401" download-size="1364" install-size="1364" />
	<plugin fragment="true" id="org.eclipse.ecf.docshare.nl_nl" unpack="false" version="3.5.0.v20090620043401" download-size="2274" install-size="2274" />
	<plugin fragment="true" id="org.eclipse.ecf.example.clients.nl_nl" unpack="false" version="3.5.0.v20090620043401" download-size="1372" install-size="1372" />
	<plugin fragment="true" id="org.eclipse.ecf.example.collab.editor.nl_nl" unpack="false" version="3.5.0.v20090620043401" download-size="1375" install-size="1375" />
	<plugin fragment="true" id="org.eclipse.ecf.example.collab.nl_nl" unpack="false" version="3.5.0.v20090620043401" download-size="3497" install-size="3497" />
	<plugin fragment="true" id="org.eclipse.ecf.examples.remoteservices.common.nl_nl" unpack="false" version="3.5.0.v20090620043401" download-size="1381" install-size="1381" />
	<plugin fragment="true" id="org.eclipse.ecf.examples.remoteservices.server.nl_nl" unpack="false" version="3.5.0.v20090620043401" download-size="1381" install-size="1381" />
	<plugin fragment="true" id="org.eclipse.ecf.examples.updatesite.client.nl_nl" unpack="false" version="3.5.0.v20090620043401" download-size="1378" install-size="1378" />
	<plugin fragment="true" id="org.eclipse.ecf.examples.updatesite.server.nl_nl" unpack="false" version="3.5.0.v20090620043401" download-size="1378" install-size="1378" />
	<plugin fragment="true" id="org.eclipse.ecf.filetransfer.nl_nl" unpack="false" version="3.5.0.v20090620043401" download-size="1368" install-size="1368" />
	<plugin fragment="true" id="org.eclipse.ecf.filetransfer.ui.nl_nl" unpack="false" version="3.5.0.v20090620043401" download-size="2583" install-size="2583" />
	<plugin fragment="true" id="org.eclipse.ecf.identity.nl_nl" unpack="false" version="3.5.0.v20090620043401" download-size="1367" install-size="1367" />
	<plugin fragment="true" id="org.eclipse.ecf.nl_nl" unpack="false" version="3.5.0.v20090620043401" download-size="1549" install-size="1549" />
	<plugin fragment="true" id="org.eclipse.ecf.osgi.services.discovery.nl_nl" unpack="false" version="3.5.0.v20090620043401" download-size="1377" install-size="1377" />
	<plugin fragment="true" id="org.eclipse.ecf.osgi.services.distribution.nl_nl" unpack="false" version="3.5.0.v20090620043401" download-size="1378" install-size="1378" />
	<plugin fragment="true" id="org.eclipse.ecf.osgi.services.nl_nl" unpack="false" version="3.5.0.v20090620043401" download-size="1353" install-size="1353" />
	<plugin fragment="true" id="org.eclipse.ecf.presence.bot.nl_nl" unpack="false" version="3.5.0.v20090620043401" download-size="1369" install-size="1369" />
	<plugin fragment="true" id="org.eclipse.ecf.presence.collab.ui.nl_nl" unpack="false" version="3.5.0.v20090620043401" download-size="2632" install-size="2632" />
	<plugin fragment="true" id="org.eclipse.ecf.presence.nl_nl" unpack="false" version="3.5.0.v20090620043401" download-size="1367" install-size="1367" />
	<plugin fragment="true" id="org.eclipse.ecf.presence.ui.nl_nl" unpack="false" version="3.5.0.v20090620043401" download-size="2913" install-size="2913" />
	<plugin fragment="true" id="org.eclipse.ecf.protocol.bittorrent.nl_nl" unpack="false" version="3.5.0.v20090620043401" download-size="1373" install-size="1373" />
	<plugin fragment="true" id="org.eclipse.ecf.protocol.msn.nl_nl" unpack="false" version="3.5.0.v20090620043401" download-size="1369" install-size="1369" />
	<plugin fragment="true" id="org.eclipse.ecf.provider.bittorrent.nl_nl" unpack="false" version="3.5.0.v20090620043401" download-size="1373" install-size="1373" />
	<plugin fragment="true" id="org.eclipse.ecf.provider.bittorrent.ui.nl_nl" unpack="false" version="3.5.0.v20090620043401" download-size="2622" install-size="2622" />
	<plugin fragment="true" id="org.eclipse.ecf.provider.datashare.nio.nl_nl" unpack="false" version="3.5.0.v20090620043401" download-size="1376" install-size="1376" />
	<plugin fragment="true" id="org.eclipse.ecf.provider.datashare.nl_nl" unpack="false" version="3.5.0.v20090620043401" download-size="1373" install-size="1373" />
	<plugin fragment="true" id="org.eclipse.ecf.provider.discovery.nl_nl" unpack="false" version="3.5.0.v20090620043401" download-size="1374" install-size="1374" />
	<plugin fragment="true" id="org.eclipse.ecf.provider.filetransfer.efs.nl_nl" unpack="false" version="3.5.0.v20090620043401" download-size="1378" install-size="1378" />
	<plugin fragment="true" id="org.eclipse.ecf.provider.filetransfer.httpclient.nl_nl" unpack="false" version="3.5.0.v20090620043401" download-size="2671" install-size="2671" />
	<plugin fragment="true" id="org.eclipse.ecf.provider.filetransfer.nl_nl" unpack="false" version="3.5.0.v20090620043401" download-size="2500" install-size="2500" />
	<plugin fragment="true" id="org.eclipse.ecf.provider.filetransfer.scp.nl_nl" unpack="false" version="3.5.0.v20090620043401" download-size="1378" install-size="1378" />
	<plugin fragment="true" id="org.eclipse.ecf.provider.irc.nl_nl" unpack="false" version="3.5.0.v20090620043401" download-size="2409" install-size="2409" />
	<plugin fragment="true" id="org.eclipse.ecf.provider.irc.ui.nl_nl" unpack="false" version="3.5.0.v20090620043401" download-size="2373" install-size="2373" />
	<plugin fragment="true" id="org.eclipse.ecf.provider.jmdns.nl_nl" unpack="false" version="3.5.0.v20090620043401" download-size="1372" install-size="1372" />
	<plugin fragment="true" id="org.eclipse.ecf.provider.jslp.nl_nl" unpack="false" version="3.5.0.v20090620043401" download-size="1371" install-size="1371" />
	<plugin fragment="true" id="org.eclipse.ecf.provider.msn.nl_nl" unpack="false" version="3.5.0.v20090620043401" download-size="2389" install-size="2389" />
	<plugin fragment="true" id="org.eclipse.ecf.provider.msn.ui.nl_nl" unpack="false" version="3.5.0.v20090620043401" download-size="2566" install-size="2566" />
	<plugin fragment="true" id="org.eclipse.ecf.provider.nl_nl" unpack="false" version="3.5.0.v20090620043401" download-size="2816" install-size="2816" />
	<plugin fragment="true" id="org.eclipse.ecf.provider.remoteservice.nl_nl" unpack="false" version="3.5.0.v20090620043401" download-size="1375" install-size="1375" />
	<plugin fragment="true" id="org.eclipse.ecf.provider.ui.nl_nl" unpack="false" version="3.5.0.v20090620043401" download-size="1369" install-size="1369" />
	<plugin fragment="true" id="org.eclipse.ecf.provider.xmpp.nl_nl" unpack="false" version="3.5.0.v20090620043401" download-size="1371" install-size="1371" />
	<plugin fragment="true" id="org.eclipse.ecf.provider.xmpp.ui.nl_nl" unpack="false" version="3.5.0.v20090620043401" download-size="2680" install-size="2680" />
	<plugin fragment="true" id="org.eclipse.ecf.remoteservice.nl_nl" unpack="false" version="3.5.0.v20090620043401" download-size="1370" install-size="1370" />
	<plugin fragment="true" id="org.eclipse.ecf.remoteservice.ui.nl_nl" unpack="false" version="3.5.0.v20090620043401" download-size="2459" install-size="2459" />
	<plugin fragment="true" id="org.eclipse.ecf.server.generic.nl_nl" unpack="false" version="3.5.0.v20090620043401" download-size="1370" install-size="1370" />
	<plugin fragment="true" id="org.eclipse.ecf.server.nl_nl" unpack="false" version="3.5.0.v20090620043401" download-size="1365" install-size="1365" />
	<plugin fragment="true" id="org.eclipse.ecf.sharedobject.nl_nl" unpack="false" version="3.5.0.v20090620043401" download-size="2421" install-size="2421" />
	<plugin fragment="true" id="org.eclipse.ecf.storage.nl_nl" unpack="false" version="3.5.0.v20090620043401" download-size="1366" install-size="1366" />
	<plugin fragment="true" id="org.eclipse.ecf.sync.nl_nl" unpack="false" version="3.5.0.v20090620043401" download-size="1364" install-size="1364" />
	<plugin fragment="true" id="org.eclipse.ecf.telephony.call.nl_nl" unpack="false" version="3.5.0.v20090620043401" download-size="1371" install-size="1371" />
	<plugin fragment="true" id="org.eclipse.ecf.telephony.call.ui.nl_nl" unpack="false" version="3.5.0.v20090620043401" download-size="1372" install-size="1372" />
	<plugin fragment="true" id="org.eclipse.ecf.ui.capabilities.nl_nl" unpack="false" version="3.5.0.v20090620043401" download-size="1372" install-size="1372" />
	<plugin fragment="true" id="org.eclipse.ecf.ui.nl_nl" unpack="false" version="3.5.0.v20090620043401" download-size="2384" install-size="2384" />
	<plugin fragment="true" id="org.eclipse.team.ecf.core.nl_nl" unpack="false" version="3.5.0.v20090620043401" download-size="1368" install-size="1368" />
	<plugin fragment="true" id="org.eclipse.team.ecf.ui.nl_nl" unpack="false" version="3.5.0.v20090620043401" download-size="2406" install-size="2406" />
	<plugin fragment="true" id="org.jivesoftware.smack.nl_nl" unpack="false" version="3.5.0.v20090620043401" download-size="1369" install-size="1369" />
</feature>