<?xml version="1.0" encoding="UTF-8" ?>
<feature
	id="org.eclipse.babel.nls_modeling.m2m_de"
	label="Babel Language Pack for modeling.m2m in German (23.99%)"
	image="eclipse_update_120.jpg"
	provider-name="%providerName"
	version="3.5.0.v20090620043401">
	<copyright>
		%copyright
	</copyright>
	<license url="%licenseURL">
		%license
	</license>
	<description>Babel Language Pack for modeling.m2m in German</description>
	<plugin fragment="true" id="org.eclipse.m2m.atl.adt.debug.nl_de" unpack="false" version="3.5.0.v20090620043401" download-size="2389" install-size="2389" />
	<plugin fragment="true" id="org.eclipse.m2m.atl.adt.editor.nl_de" unpack="false" version="3.5.0.v20090620043401" download-size="3603" install-size="3603" />
	<plugin fragment="true" id="org.eclipse.m2m.atl.adt.nl_de" unpack="false" version="3.5.0.v20090620043401" download-size="2193" install-size="2193" />
	<plugin fragment="true" id="org.eclipse.m2m.atl.adt.ui.nl_de" unpack="false" version="3.5.0.v20090620043401" download-size="2445" install-size="2445" />
	<plugin fragment="true" id="org.eclipse.m2m.atl.common.nl_de" unpack="false" version="3.5.0.v20090620043401" download-size="1368" install-size="1368" />
	<plugin fragment="true" id="org.eclipse.m2m.atl.core.ant.nl_de" unpack="false" version="3.5.0.v20090620043401" download-size="1370" install-size="1370" />
	<plugin fragment="true" id="org.eclipse.m2m.atl.core.emf.nl_de" unpack="false" version="3.5.0.v20090620043401" download-size="1370" install-size="1370" />
	<plugin fragment="true" id="org.eclipse.m2m.atl.core.nl_de" unpack="false" version="3.5.0.v20090620043401" download-size="1367" install-size="1367" />
	<plugin fragment="true" id="org.eclipse.m2m.atl.core.ui.nl_de" unpack="false" version="3.5.0.v20090620043401" download-size="2498" install-size="2498" />
	<plugin fragment="true" id="org.eclipse.m2m.atl.core.ui.vm.nl_de" unpack="false" version="3.5.0.v20090620043401" download-size="1371" install-size="1371" />
	<plugin fragment="true" id="org.eclipse.m2m.atl.doc.nl_de" unpack="false" version="3.5.0.v20090620043401" download-size="1367" install-size="1367" />
	<plugin fragment="true" id="org.eclipse.m2m.atl.drivers.emf4atl.nl_de" unpack="false" version="3.5.0.v20090620043401" download-size="1375" install-size="1375" />
	<plugin fragment="true" id="org.eclipse.m2m.atl.drivers.uml24atl.nl_de" unpack="false" version="3.5.0.v20090620043401" download-size="1375" install-size="1375" />
	<plugin fragment="true" id="org.eclipse.m2m.atl.dsls.nl_de" unpack="false" version="3.5.0.v20090620043401" download-size="1367" install-size="1367" />
	<plugin fragment="true" id="org.eclipse.m2m.atl.engine.emfvm.nl_de" unpack="false" version="3.5.0.v20090620043401" download-size="1372" install-size="1372" />
	<plugin fragment="true" id="org.eclipse.m2m.atl.engine.nl_de" unpack="false" version="3.5.0.v20090620043401" download-size="2203" install-size="2203" />
	<plugin fragment="true" id="org.eclipse.m2m.atl.engine.vm.nl_de" unpack="false" version="3.5.0.v20090620043401" download-size="1371" install-size="1371" />
	<plugin fragment="true" id="org.eclipse.m2m.atl.examples.nl_de" unpack="false" version="3.5.0.v20090620043401" download-size="1370" install-size="1370" />
	<plugin fragment="true" id="org.eclipse.m2m.atl.nl_de" unpack="false" version="3.5.0.v20090620043401" download-size="1364" install-size="1364" />
	<plugin fragment="true" id="org.eclipse.m2m.atl.tests.nl_de" unpack="false" version="3.5.0.v20090620043401" download-size="1368" install-size="1368" />
	<plugin fragment="true" id="org.eclipse.m2m.qvt.oml.common.nl_de" unpack="false" version="3.5.0.v20090620043401" download-size="1371" install-size="1371" />
	<plugin fragment="true" id="org.eclipse.m2m.qvt.oml.common.ui.nl_de" unpack="false" version="3.5.0.v20090620043401" download-size="3851" install-size="3851" />
	<plugin fragment="true" id="org.eclipse.m2m.qvt.oml.cst.parser.nl_de" unpack="false" version="3.5.0.v20090620043401" download-size="1373" install-size="1373" />
	<plugin fragment="true" id="org.eclipse.m2m.qvt.oml.doc.nl_de" unpack="false" version="3.5.0.v20090620043401" download-size="1370" install-size="1370" />
	<plugin fragment="true" id="org.eclipse.m2m.qvt.oml.ecore.imperativeocl.nl_de" unpack="false" version="3.5.0.v20090620043401" download-size="1380" install-size="1380" />
	<plugin fragment="true" id="org.eclipse.m2m.qvt.oml.editor.ui.nl_de" unpack="false" version="3.5.0.v20090620043401" download-size="3334" install-size="3334" />
	<plugin fragment="true" id="org.eclipse.m2m.qvt.oml.emf.util.nl_de" unpack="false" version="3.5.0.v20090620043401" download-size="1372" install-size="1372" />
	<plugin fragment="true" id="org.eclipse.m2m.qvt.oml.emf.util.ui.nl_de" unpack="false" version="3.5.0.v20090620043401" download-size="1374" install-size="1374" />
	<plugin fragment="true" id="org.eclipse.m2m.qvt.oml.examples.blackbox.nl_de" unpack="false" version="3.5.0.v20090620043401" download-size="1379" install-size="1379" />
	<plugin fragment="true" id="org.eclipse.m2m.qvt.oml.examples.omg.nl_de" unpack="false" version="3.5.0.v20090620043401" download-size="1376" install-size="1376" />
	<plugin fragment="true" id="org.eclipse.m2m.qvt.oml.nl_de" unpack="false" version="3.5.0.v20090620043401" download-size="1367" install-size="1367" />
	<plugin fragment="true" id="org.eclipse.m2m.qvt.oml.ocl.nl_de" unpack="false" version="3.5.0.v20090620043401" download-size="1370" install-size="1370" />
	<plugin fragment="true" id="org.eclipse.m2m.qvt.oml.project.nl_de" unpack="false" version="3.5.0.v20090620043401" download-size="1373" install-size="1373" />
	<plugin fragment="true" id="org.eclipse.m2m.qvt.oml.runtime.nl_de" unpack="false" version="3.5.0.v20090620043401" download-size="2731" install-size="2731" />
	<plugin fragment="true" id="org.eclipse.m2m.qvt.oml.runtime.ui.nl_de" unpack="false" version="3.5.0.v20090620043401" download-size="4073" install-size="4073" />
	<plugin fragment="true" id="org.eclipse.m2m.qvt.oml.samples.nl_de" unpack="false" version="3.5.0.v20090620043401" download-size="4359" install-size="4359" />
	<plugin fragment="true" id="org.eclipse.m2m.qvt.oml.trace.edit.nl_de" unpack="false" version="3.5.0.v20090620043401" download-size="2320" install-size="2320" />
	<plugin fragment="true" id="org.eclipse.m2m.qvt.oml.ui.nl_de" unpack="false" version="3.5.0.v20090620043401" download-size="3604" install-size="3604" />
	<plugin fragment="true" id="org.eclipse.m2m.tests.qvt.oml.nl_de" unpack="false" version="3.5.0.v20090620043401" download-size="1371" install-size="1371" />
	<plugin fragment="true" id="org.eclipse.m2m.tests.qvt.oml.ui.nl_de" unpack="false" version="3.5.0.v20090620043401" download-size="1372" install-size="1372" />
</feature>