<?xml version="1.0" encoding="UTF-8" ?>
<feature
	id="org.eclipse.babel.nls_dsdp.mtj_no"
	label="Babel Language Pack for dsdp.mtj in Norwegian (5.86%)"
	image="eclipse_update_120.jpg"
	provider-name="%providerName"
	version="3.5.0.v20090620043401">
	<copyright>
		%copyright
	</copyright>
	<license url="%licenseURL">
		%license
	</license>
	<description>Babel Language Pack for dsdp.mtj in Norwegian</description>
	<plugin fragment="true" id="org.eclipse.mtj.core.nl_no" unpack="false" version="3.5.0.v20090620043401" download-size="2165" install-size="2165" />
	<plugin fragment="true" id="org.eclipse.mtj.eswt.templates.nl_no" unpack="false" version="3.5.0.v20090620043401" download-size="2170" install-size="2170" />
	<plugin fragment="true" id="org.eclipse.mtj.jmunit.nl_no" unpack="false" version="3.5.0.v20090620043401" download-size="2252" install-size="2252" />
	<plugin fragment="true" id="org.eclipse.mtj.pulsar.ui.nl_no" unpack="false" version="3.5.0.v20090620043401" download-size="2373" install-size="2373" />
	<plugin fragment="true" id="org.eclipse.mtj.ui.nl_no" unpack="false" version="3.5.0.v20090620043401" download-size="4978" install-size="4978" />
</feature>