<?xml version="1.0" encoding="UTF-8" ?>
<feature
	id="org.eclipse.babel.nls_webtools.ejbtools_el"
	label="Babel Language Pack for webtools.ejbtools in Greek (96.28%)"
	image="eclipse_update_120.jpg"
	provider-name="%providerName"
	version="3.5.0.v20090620043401">
	<copyright>
		%copyright
	</copyright>
	<license url="%licenseURL">
		%license
	</license>
	<description>Babel Language Pack for webtools.ejbtools in Greek</description>
	<plugin fragment="true" id="org.eclipse.jst.ejb.doc.user.nl_el" unpack="false" version="3.5.0.v20090620043401" download-size="1392" install-size="1392" />
	<plugin fragment="true" id="org.eclipse.jst.ejb.ui.infopop.nl_el" unpack="false" version="3.5.0.v20090620043401" download-size="1372" install-size="1372" />
	<plugin fragment="true" id="org.eclipse.jst.ejb.ui.nl_el" unpack="false" version="3.5.0.v20090620043401" download-size="4686" install-size="4686" />
	<plugin fragment="true" id="org.eclipse.jst.j2ee.ejb.annotation.model.nl_el" unpack="false" version="3.5.0.v20090620043401" download-size="4308" install-size="4308" />
	<plugin fragment="true" id="org.eclipse.jst.j2ee.ejb.annotations.emitter.nl_el" unpack="false" version="3.5.0.v20090620043401" download-size="1382" install-size="1382" />
	<plugin fragment="true" id="org.eclipse.jst.j2ee.ejb.annotations.ui.nl_el" unpack="false" version="3.5.0.v20090620043401" download-size="4130" install-size="4130" />
	<plugin fragment="true" id="org.eclipse.jst.j2ee.ejb.annotations.xdoclet.nl_el" unpack="false" version="3.5.0.v20090620043401" download-size="3923" install-size="3923" />
	<plugin fragment="true" id="org.eclipse.jst.j2ee.ejb.nl_el" unpack="false" version="3.5.0.v20090620043401" download-size="32378" install-size="32378" />
	<plugin fragment="true" id="org.eclipse.jst.jee.ejb.nl_el" unpack="false" version="3.5.0.v20090620043401" download-size="1370" install-size="1370" />
</feature>