<?xml version="1.0" encoding="UTF-8" ?>
<feature
	id="org.eclipse.babel.nls_datatools_es"
	label="Babel Language Pack for datatools in Spanish (86.42%)"
	image="eclipse_update_120.jpg"
	provider-name="%providerName"
	version="3.5.0.v20090620043401">
	<copyright>
		%copyright
	</copyright>
	<license url="%licenseURL">
		%license
	</license>
	<description>Babel Language Pack for datatools in Spanish</description>
	<plugin fragment="true" id="org.eclipse.datatools.connectivity.apache.derby.dbdefinition.nl_es" unpack="false" version="3.5.0.v20090620043401" download-size="1499" install-size="1499" />
	<plugin fragment="true" id="org.eclipse.datatools.connectivity.apache.derby.nl_es" unpack="false" version="3.5.0.v20090620043401" download-size="1872" install-size="1872" />
	<plugin fragment="true" id="org.eclipse.datatools.connectivity.apache.derby.ui.nl_es" unpack="false" version="3.5.0.v20090620043401" download-size="5253" install-size="5253" />
	<plugin fragment="true" id="org.eclipse.datatools.connectivity.console.profile.nl_es" unpack="false" version="3.5.0.v20090620043401" download-size="4032" install-size="4032" />
	<plugin fragment="true" id="org.eclipse.datatools.connectivity.db.generic.nl_es" unpack="false" version="3.5.0.v20090620043401" download-size="3373" install-size="3373" />
	<plugin fragment="true" id="org.eclipse.datatools.connectivity.db.generic.ui.nl_es" unpack="false" version="3.5.0.v20090620043401" download-size="1535" install-size="1535" />
	<plugin fragment="true" id="org.eclipse.datatools.connectivity.dbdefinition.genericJDBC.nl_es" unpack="false" version="3.5.0.v20090620043401" download-size="1498" install-size="1498" />
	<plugin fragment="true" id="org.eclipse.datatools.connectivity.nl_es" unpack="false" version="3.5.0.v20090620043401" download-size="6409" install-size="6409" />
	<plugin fragment="true" id="org.eclipse.datatools.connectivity.oda.consumer.nl_es" unpack="false" version="3.5.0.v20090620043401" download-size="3143" install-size="3143" />
	<plugin fragment="true" id="org.eclipse.datatools.connectivity.oda.design.nl_es" unpack="false" version="3.5.0.v20090620043401" download-size="2778" install-size="2778" />
	<plugin fragment="true" id="org.eclipse.datatools.connectivity.oda.design.ui.nl_es" unpack="false" version="3.5.0.v20090620043401" download-size="4862" install-size="4862" />
	<plugin fragment="true" id="org.eclipse.datatools.connectivity.oda.flatfile.nl_es" unpack="false" version="3.5.0.v20090620043401" download-size="3952" install-size="3952" />
	<plugin fragment="true" id="org.eclipse.datatools.connectivity.oda.flatfile.ui.nl_es" unpack="false" version="3.5.0.v20090620043401" download-size="4333" install-size="4333" />
	<plugin fragment="true" id="org.eclipse.datatools.connectivity.oda.nl_es" unpack="false" version="3.5.0.v20090620043401" download-size="3926" install-size="3926" />
	<plugin fragment="true" id="org.eclipse.datatools.connectivity.oda.profile.nl_es" unpack="false" version="3.5.0.v20090620043401" download-size="2720" install-size="2720" />
	<plugin fragment="true" id="org.eclipse.datatools.connectivity.oda.template.ui.nl_es" unpack="false" version="3.5.0.v20090620043401" download-size="3426" install-size="3426" />
	<plugin fragment="true" id="org.eclipse.datatools.connectivity.sqm.core.nl_es" unpack="false" version="3.5.0.v20090620043401" download-size="5170" install-size="5170" />
	<plugin fragment="true" id="org.eclipse.datatools.connectivity.sqm.core.ui.nl_es" unpack="false" version="3.5.0.v20090620043401" download-size="7474" install-size="7474" />
	<plugin fragment="true" id="org.eclipse.datatools.connectivity.sqm.server.ui.nl_es" unpack="false" version="3.5.0.v20090620043401" download-size="5049" install-size="5049" />
	<plugin fragment="true" id="org.eclipse.datatools.connectivity.ui.dse.nl_es" unpack="false" version="3.5.0.v20090620043401" download-size="4200" install-size="4200" />
	<plugin fragment="true" id="org.eclipse.datatools.connectivity.ui.nl_es" unpack="false" version="3.5.0.v20090620043401" download-size="7373" install-size="7373" />
	<plugin fragment="true" id="org.eclipse.datatools.connectivity.ui.templates.nl_es" unpack="false" version="3.5.0.v20090620043401" download-size="3663" install-size="3663" />
	<plugin fragment="true" id="org.eclipse.datatools.enablement.finfo.nl_es" unpack="false" version="3.5.0.v20090620043401" download-size="1431" install-size="1431" />
	<plugin fragment="true" id="org.eclipse.datatools.enablement.hsqldb.dbdefinition.nl_es" unpack="false" version="3.5.0.v20090620043401" download-size="1505" install-size="1505" />
	<plugin fragment="true" id="org.eclipse.datatools.enablement.hsqldb.nl_es" unpack="false" version="3.5.0.v20090620043401" download-size="1720" install-size="1720" />
	<plugin fragment="true" id="org.eclipse.datatools.enablement.hsqldb.ui.nl_es" unpack="false" version="3.5.0.v20090620043401" download-size="3273" install-size="3273" />
	<plugin fragment="true" id="org.eclipse.datatools.enablement.ibm.db2.iseries.dbdefinition.nl_es" unpack="false" version="3.5.0.v20090620043401" download-size="1524" install-size="1524" />
	<plugin fragment="true" id="org.eclipse.datatools.enablement.ibm.db2.iseries.nl_es" unpack="false" version="3.5.0.v20090620043401" download-size="1737" install-size="1737" />
	<plugin fragment="true" id="org.eclipse.datatools.enablement.ibm.db2.iseries.ui.nl_es" unpack="false" version="3.5.0.v20090620043401" download-size="3784" install-size="3784" />
	<plugin fragment="true" id="org.eclipse.datatools.enablement.ibm.db2.luw.dbdefinition.nl_es" unpack="false" version="3.5.0.v20090620043401" download-size="1552" install-size="1552" />
	<plugin fragment="true" id="org.eclipse.datatools.enablement.ibm.db2.luw.nl_es" unpack="false" version="3.5.0.v20090620043401" download-size="1713" install-size="1713" />
	<plugin fragment="true" id="org.eclipse.datatools.enablement.ibm.db2.luw.ui.nl_es" unpack="false" version="3.5.0.v20090620043401" download-size="3805" install-size="3805" />
	<plugin fragment="true" id="org.eclipse.datatools.enablement.ibm.db2.zseries.dbdefinition.nl_es" unpack="false" version="3.5.0.v20090620043401" download-size="1631" install-size="1631" />
	<plugin fragment="true" id="org.eclipse.datatools.enablement.ibm.db2.zseries.nl_es" unpack="false" version="3.5.0.v20090620043401" download-size="1754" install-size="1754" />
	<plugin fragment="true" id="org.eclipse.datatools.enablement.ibm.db2.zseries.ui.nl_es" unpack="false" version="3.5.0.v20090620043401" download-size="3824" install-size="3824" />
	<plugin fragment="true" id="org.eclipse.datatools.enablement.ibm.informix.dbdefinition.nl_es" unpack="false" version="3.5.0.v20090620043401" download-size="1522" install-size="1522" />
	<plugin fragment="true" id="org.eclipse.datatools.enablement.ibm.informix.nl_es" unpack="false" version="3.5.0.v20090620043401" download-size="1737" install-size="1737" />
	<plugin fragment="true" id="org.eclipse.datatools.enablement.ibm.informix.ui.nl_es" unpack="false" version="3.5.0.v20090620043401" download-size="3561" install-size="3561" />
	<plugin fragment="true" id="org.eclipse.datatools.enablement.ibm.ui.nl_es" unpack="false" version="3.5.0.v20090620043401" download-size="3393" install-size="3393" />
	<plugin fragment="true" id="org.eclipse.datatools.enablement.ingres.dbdefinition.nl_es" unpack="false" version="3.5.0.v20090620043401" download-size="1387" install-size="1387" />
	<plugin fragment="true" id="org.eclipse.datatools.enablement.ingres.nl_es" unpack="false" version="3.5.0.v20090620043401" download-size="1525" install-size="1525" />
	<plugin fragment="true" id="org.eclipse.datatools.enablement.ingres.ui.nl_es" unpack="false" version="3.5.0.v20090620043401" download-size="2902" install-size="2902" />
	<plugin fragment="true" id="org.eclipse.datatools.enablement.jdt.classpath.nl_es" unpack="false" version="3.5.0.v20090620043401" download-size="2900" install-size="2900" />
	<plugin fragment="true" id="org.eclipse.datatools.enablement.msft.sqlserver.dbdefinition.nl_es" unpack="false" version="3.5.0.v20090620043401" download-size="1505" install-size="1505" />
	<plugin fragment="true" id="org.eclipse.datatools.enablement.msft.sqlserver.nl_es" unpack="false" version="3.5.0.v20090620043401" download-size="1727" install-size="1727" />
	<plugin fragment="true" id="org.eclipse.datatools.enablement.msft.sqlserver.ui.nl_es" unpack="false" version="3.5.0.v20090620043401" download-size="3918" install-size="3918" />
	<plugin fragment="true" id="org.eclipse.datatools.enablement.mysql.dbdefinition.nl_es" unpack="false" version="3.5.0.v20090620043401" download-size="1483" install-size="1483" />
	<plugin fragment="true" id="org.eclipse.datatools.enablement.mysql.nl_es" unpack="false" version="3.5.0.v20090620043401" download-size="1693" install-size="1693" />
	<plugin fragment="true" id="org.eclipse.datatools.enablement.mysql.ui.nl_es" unpack="false" version="3.5.0.v20090620043401" download-size="1499" install-size="1499" />
	<plugin fragment="true" id="org.eclipse.datatools.enablement.oda.ws.nl_es" unpack="false" version="3.5.0.v20090620043401" download-size="2943" install-size="2943" />
	<plugin fragment="true" id="org.eclipse.datatools.enablement.oda.ws.ui.nl_es" unpack="false" version="3.5.0.v20090620043401" download-size="4158" install-size="4158" />
	<plugin fragment="true" id="org.eclipse.datatools.enablement.oda.xml.nl_es" unpack="false" version="3.5.0.v20090620043401" download-size="3333" install-size="3333" />
	<plugin fragment="true" id="org.eclipse.datatools.enablement.oda.xml.ui.nl_es" unpack="false" version="3.5.0.v20090620043401" download-size="5141" install-size="5141" />
	<plugin fragment="true" id="org.eclipse.datatools.enablement.oracle.dbdefinition.nl_es" unpack="false" version="3.5.0.v20090620043401" download-size="1483" install-size="1483" />
	<plugin fragment="true" id="org.eclipse.datatools.enablement.oracle.nl_es" unpack="false" version="3.5.0.v20090620043401" download-size="1733" install-size="1733" />
	<plugin fragment="true" id="org.eclipse.datatools.enablement.oracle.ui.nl_es" unpack="false" version="3.5.0.v20090620043401" download-size="3381" install-size="3381" />
	<plugin fragment="true" id="org.eclipse.datatools.enablement.postgresql.dbdefinition.nl_es" unpack="false" version="3.5.0.v20090620043401" download-size="1391" install-size="1391" />
	<plugin fragment="true" id="org.eclipse.datatools.enablement.postgresql.nl_es" unpack="false" version="3.5.0.v20090620043401" download-size="1653" install-size="1653" />
	<plugin fragment="true" id="org.eclipse.datatools.enablement.postgresql.ui.nl_es" unpack="false" version="3.5.0.v20090620043401" download-size="1489" install-size="1489" />
	<plugin fragment="true" id="org.eclipse.datatools.enablement.sap.maxdb.dbdefinition.nl_es" unpack="false" version="3.5.0.v20090620043401" download-size="1468" install-size="1468" />
	<plugin fragment="true" id="org.eclipse.datatools.enablement.sap.maxdb.nl_es" unpack="false" version="3.5.0.v20090620043401" download-size="2696" install-size="2696" />
	<plugin fragment="true" id="org.eclipse.datatools.enablement.sap.maxdb.ui.nl_es" unpack="false" version="3.5.0.v20090620043401" download-size="1505" install-size="1505" />
	<plugin fragment="true" id="org.eclipse.datatools.enablement.sqlite.dbdefinition.nl_es" unpack="false" version="3.5.0.v20090620043401" download-size="1386" install-size="1386" />
	<plugin fragment="true" id="org.eclipse.datatools.enablement.sqlite.nl_es" unpack="false" version="3.5.0.v20090620043401" download-size="2454" install-size="2454" />
	<plugin fragment="true" id="org.eclipse.datatools.enablement.sqlite.ui.nl_es" unpack="false" version="3.5.0.v20090620043401" download-size="2949" install-size="2949" />
	<plugin fragment="true" id="org.eclipse.datatools.enablement.sybase.asa.dbdefinition.nl_es" unpack="false" version="3.5.0.v20090620043401" download-size="1521" install-size="1521" />
	<plugin fragment="true" id="org.eclipse.datatools.enablement.sybase.asa.models.nl_es" unpack="false" version="3.5.0.v20090620043401" download-size="1409" install-size="1409" />
	<plugin fragment="true" id="org.eclipse.datatools.enablement.sybase.asa.nl_es" unpack="false" version="3.5.0.v20090620043401" download-size="4633" install-size="4633" />
	<plugin fragment="true" id="org.eclipse.datatools.enablement.sybase.asa.schemaobjecteditor.examples.nl_es" unpack="false" version="3.5.0.v20090620043401" download-size="18627" install-size="18627" />
	<plugin fragment="true" id="org.eclipse.datatools.enablement.sybase.asa.ui.nl_es" unpack="false" version="3.5.0.v20090620043401" download-size="1707" install-size="1707" />
	<plugin fragment="true" id="org.eclipse.datatools.enablement.sybase.ase.dbdefinition.nl_es" unpack="false" version="3.5.0.v20090620043401" download-size="1496" install-size="1496" />
	<plugin fragment="true" id="org.eclipse.datatools.enablement.sybase.ase.models.nl_es" unpack="false" version="3.5.0.v20090620043401" download-size="1411" install-size="1411" />
	<plugin fragment="true" id="org.eclipse.datatools.enablement.sybase.ase.nl_es" unpack="false" version="3.5.0.v20090620043401" download-size="3047" install-size="3047" />
	<plugin fragment="true" id="org.eclipse.datatools.enablement.sybase.ase.ui.nl_es" unpack="false" version="3.5.0.v20090620043401" download-size="1799" install-size="1799" />
	<plugin fragment="true" id="org.eclipse.datatools.enablement.sybase.models.nl_es" unpack="false" version="3.5.0.v20090620043401" download-size="1406" install-size="1406" />
	<plugin fragment="true" id="org.eclipse.datatools.enablement.sybase.nl_es" unpack="false" version="3.5.0.v20090620043401" download-size="4093" install-size="4093" />
	<plugin fragment="true" id="org.eclipse.datatools.enablement.sybase.ui.nl_es" unpack="false" version="3.5.0.v20090620043401" download-size="4592" install-size="4592" />
	<plugin fragment="true" id="org.eclipse.datatools.help.nl_es" unpack="false" version="3.5.0.v20090620043401" download-size="1401" install-size="1401" />
	<plugin fragment="true" id="org.eclipse.datatools.modelbase.dbdefinition.nl_es" unpack="false" version="3.5.0.v20090620043401" download-size="1419" install-size="1419" />
	<plugin fragment="true" id="org.eclipse.datatools.modelbase.derby.nl_es" unpack="false" version="3.5.0.v20090620043401" download-size="1416" install-size="1416" />
	<plugin fragment="true" id="org.eclipse.datatools.modelbase.sql.edit.nl_es" unpack="false" version="3.5.0.v20090620043401" download-size="6260" install-size="6260" />
	<plugin fragment="true" id="org.eclipse.datatools.modelbase.sql.nl_es" unpack="false" version="3.5.0.v20090620043401" download-size="1424" install-size="1424" />
	<plugin fragment="true" id="org.eclipse.datatools.modelbase.sql.query.edit.nl_es" unpack="false" version="3.5.0.v20090620043401" download-size="3584" install-size="3584" />
	<plugin fragment="true" id="org.eclipse.datatools.modelbase.sql.query.nl_es" unpack="false" version="3.5.0.v20090620043401" download-size="1466" install-size="1466" />
	<plugin fragment="true" id="org.eclipse.datatools.modelbase.sql.xml.query.nl_es" unpack="false" version="3.5.0.v20090620043401" download-size="1448" install-size="1448" />
	<plugin fragment="true" id="org.eclipse.datatools.oda.cshelp.nl_es" unpack="false" version="3.5.0.v20090620043401" download-size="1538" install-size="1538" />
	<plugin fragment="true" id="org.eclipse.datatools.sqltools.common.ui.nl_es" unpack="false" version="3.5.0.v20090620043401" download-size="6676" install-size="6676" />
	<plugin fragment="true" id="org.eclipse.datatools.sqltools.data.core.nl_es" unpack="false" version="3.5.0.v20090620043401" download-size="4848" install-size="4848" />
	<plugin fragment="true" id="org.eclipse.datatools.sqltools.data.ui.nl_es" unpack="false" version="3.5.0.v20090620043401" download-size="5462" install-size="5462" />
	<plugin fragment="true" id="org.eclipse.datatools.sqltools.db.derby.nl_es" unpack="false" version="3.5.0.v20090620043401" download-size="2836" install-size="2836" />
	<plugin fragment="true" id="org.eclipse.datatools.sqltools.db.derby.ui.nl_es" unpack="false" version="3.5.0.v20090620043401" download-size="1384" install-size="1384" />
	<plugin fragment="true" id="org.eclipse.datatools.sqltools.db.generic.nl_es" unpack="false" version="3.5.0.v20090620043401" download-size="2853" install-size="2853" />
	<plugin fragment="true" id="org.eclipse.datatools.sqltools.db.generic.ui.nl_es" unpack="false" version="3.5.0.v20090620043401" download-size="1412" install-size="1412" />
	<plugin fragment="true" id="org.eclipse.datatools.sqltools.ddlgen.ui.nl_es" unpack="false" version="3.5.0.v20090620043401" download-size="4262" install-size="4262" />
	<plugin fragment="true" id="org.eclipse.datatools.sqltools.debugger.core.nl_es" unpack="false" version="3.5.0.v20090620043401" download-size="6896" install-size="6896" />
	<plugin fragment="true" id="org.eclipse.datatools.sqltools.debugger.core.ui.nl_es" unpack="false" version="3.5.0.v20090620043401" download-size="4930" install-size="4930" />
	<plugin fragment="true" id="org.eclipse.datatools.sqltools.editor.core.nl_es" unpack="false" version="3.5.0.v20090620043401" download-size="7806" install-size="7806" />
	<plugin fragment="true" id="org.eclipse.datatools.sqltools.editor.core.ui.nl_es" unpack="false" version="3.5.0.v20090620043401" download-size="2705" install-size="2705" />
	<plugin fragment="true" id="org.eclipse.datatools.sqltools.parsers.sql.lexer.nl_es" unpack="false" version="3.5.0.v20090620043401" download-size="1416" install-size="1416" />
	<plugin fragment="true" id="org.eclipse.datatools.sqltools.parsers.sql.nl_es" unpack="false" version="3.5.0.v20090620043401" download-size="3143" install-size="3143" />
	<plugin fragment="true" id="org.eclipse.datatools.sqltools.parsers.sql.query.nl_es" unpack="false" version="3.5.0.v20090620043401" download-size="5228" install-size="5228" />
	<plugin fragment="true" id="org.eclipse.datatools.sqltools.parsers.sql.xml.query.nl_es" unpack="false" version="3.5.0.v20090620043401" download-size="1385" install-size="1385" />
	<plugin fragment="true" id="org.eclipse.datatools.sqltools.plan.nl_es" unpack="false" version="3.5.0.v20090620043401" download-size="6870" install-size="6870" />
	<plugin fragment="true" id="org.eclipse.datatools.sqltools.result.nl_es" unpack="false" version="3.5.0.v20090620043401" download-size="7985" install-size="7985" />
	<plugin fragment="true" id="org.eclipse.datatools.sqltools.result.ui.nl_es" unpack="false" version="3.5.0.v20090620043401" download-size="7382" install-size="7382" />
	<plugin fragment="true" id="org.eclipse.datatools.sqltools.routineeditor.nl_es" unpack="false" version="3.5.0.v20090620043401" download-size="9452" install-size="9452" />
	<plugin fragment="true" id="org.eclipse.datatools.sqltools.routineeditor.ui.nl_es" unpack="false" version="3.5.0.v20090620043401" download-size="7779" install-size="7779" />
	<plugin fragment="true" id="org.eclipse.datatools.sqltools.schemaobjecteditor.nl_es" unpack="false" version="3.5.0.v20090620043401" download-size="1388" install-size="1388" />
	<plugin fragment="true" id="org.eclipse.datatools.sqltools.schemaobjecteditor.ui.nl_es" unpack="false" version="3.5.0.v20090620043401" download-size="6674" install-size="6674" />
	<plugin fragment="true" id="org.eclipse.datatools.sqltools.schemaobjecteditor.ui.pages.nl_es" unpack="false" version="3.5.0.v20090620043401" download-size="4265" install-size="4265" />
	<plugin fragment="true" id="org.eclipse.datatools.sqltools.sql.nl_es" unpack="false" version="3.5.0.v20090620043401" download-size="4311" install-size="4311" />
	<plugin fragment="true" id="org.eclipse.datatools.sqltools.sql.ui.nl_es" unpack="false" version="3.5.0.v20090620043401" download-size="1372" install-size="1372" />
	<plugin fragment="true" id="org.eclipse.datatools.sqltools.sqlbuilder.nl_es" unpack="false" version="3.5.0.v20090620043401" download-size="9468" install-size="9468" />
	<plugin fragment="true" id="org.eclipse.datatools.sqltools.sqleditor.nl_es" unpack="false" version="3.5.0.v20090620043401" download-size="13487" install-size="13487" />
	<plugin fragment="true" id="org.eclipse.datatools.sqltools.sqlscrapbook.nl_es" unpack="false" version="3.5.0.v20090620043401" download-size="7469" install-size="7469" />
	<plugin fragment="true" id="org.eclipse.datatools.sqltools.tabledataeditor.nl_es" unpack="false" version="3.5.0.v20090620043401" download-size="3262" install-size="3262" />
</feature>