<?xml version="1.0" encoding="UTF-8" ?>
<feature
	id="org.eclipse.babel.nls_dsdp.mtj_es"
	label="Babel Language Pack for dsdp.mtj in Spanish (6.36%)"
	image="eclipse_update_120.jpg"
	provider-name="%providerName"
	version="3.5.0.v20090620043401">
	<copyright>
		%copyright
	</copyright>
	<license url="%licenseURL">
		%license
	</license>
	<description>Babel Language Pack for dsdp.mtj in Spanish</description>
	<plugin fragment="true" id="org.eclipse.mtj.core.nl_es" unpack="false" version="3.5.0.v20090620043401" download-size="2182" install-size="2182" />
	<plugin fragment="true" id="org.eclipse.mtj.eswt.templates.nl_es" unpack="false" version="3.5.0.v20090620043401" download-size="2169" install-size="2169" />
	<plugin fragment="true" id="org.eclipse.mtj.jmunit.nl_es" unpack="false" version="3.5.0.v20090620043401" download-size="2263" install-size="2263" />
	<plugin fragment="true" id="org.eclipse.mtj.pulsar.ui.nl_es" unpack="false" version="3.5.0.v20090620043401" download-size="2372" install-size="2372" />
	<plugin fragment="true" id="org.eclipse.mtj.ui.nl_es" unpack="false" version="3.5.0.v20090620043401" download-size="5078" install-size="5078" />
</feature>