<?xml version="1.0" encoding="UTF-8" ?>
<feature
	id="org.eclipse.babel.nls_webtools.servertools_pt"
	label="Babel Language Pack for webtools.servertools in Portuguese (72%)"
	image="eclipse_update_120.jpg"
	provider-name="%providerName"
	version="3.5.0.v20090620043401">
	<copyright>
		%copyright
	</copyright>
	<license url="%licenseURL">
		%license
	</license>
	<description>Babel Language Pack for webtools.servertools in Portuguese</description>
	<plugin fragment="true" id="org.apache.cactus.nl_pt" unpack="false" version="3.5.0.v20090620043401" download-size="1371" install-size="1371" />
	<plugin fragment="true" id="org.eclipse.jst.server.core.nl_pt" unpack="false" version="3.5.0.v20090620043401" download-size="3322" install-size="3322" />
	<plugin fragment="true" id="org.eclipse.jst.server.generic.core.nl_pt" unpack="false" version="3.5.0.v20090620043401" download-size="3455" install-size="3455" />
	<plugin fragment="true" id="org.eclipse.jst.server.generic.jboss.nl_pt" unpack="false" version="3.5.0.v20090620043401" download-size="1761" install-size="1761" />
	<plugin fragment="true" id="org.eclipse.jst.server.generic.jonas.nl_pt" unpack="false" version="3.5.0.v20090620043401" download-size="1791" install-size="1791" />
	<plugin fragment="true" id="org.eclipse.jst.server.generic.oc4j.nl_pt" unpack="false" version="3.5.0.v20090620043401" download-size="1923" install-size="1923" />
	<plugin fragment="true" id="org.eclipse.jst.server.generic.ui.nl_pt" unpack="false" version="3.5.0.v20090620043401" download-size="2971" install-size="2971" />
	<plugin fragment="true" id="org.eclipse.jst.server.installable.nl_pt" unpack="false" version="3.5.0.v20090620043401" download-size="1425" install-size="1425" />
	<plugin fragment="true" id="org.eclipse.jst.server.preview.adapter.nl_pt" unpack="false" version="3.5.0.v20090620043401" download-size="2785" install-size="2785" />
	<plugin fragment="true" id="org.eclipse.jst.server.tomcat.core.nl_pt" unpack="false" version="3.5.0.v20090620043401" download-size="4731" install-size="4731" />
	<plugin fragment="true" id="org.eclipse.jst.server.tomcat.ui.nl_pt" unpack="false" version="3.5.0.v20090620043401" download-size="3446" install-size="3446" />
	<plugin fragment="true" id="org.eclipse.jst.server.ui.doc.user.nl_pt" unpack="false" version="3.5.0.v20090620043401" download-size="1377" install-size="1377" />
	<plugin fragment="true" id="org.eclipse.jst.server.ui.infopop.nl_pt" unpack="false" version="3.5.0.v20090620043401" download-size="1415" install-size="1415" />
	<plugin fragment="true" id="org.eclipse.jst.server.ui.nl_pt" unpack="false" version="3.5.0.v20090620043401" download-size="2811" install-size="2811" />
	<plugin fragment="true" id="org.eclipse.jst.server.websphere.core.nl_pt" unpack="false" version="3.5.0.v20090620043401" download-size="1672" install-size="1672" />
	<plugin fragment="true" id="org.eclipse.servertools.doc.isv.nl_pt" unpack="false" version="3.5.0.v20090620043401" download-size="1374" install-size="1374" />
	<plugin fragment="true" id="org.eclipse.wst.internet.monitor.core.nl_pt" unpack="false" version="3.5.0.v20090620043401" download-size="2886" install-size="2886" />
	<plugin fragment="true" id="org.eclipse.wst.internet.monitor.ui.nl_pt" unpack="false" version="3.5.0.v20090620043401" download-size="3308" install-size="3308" />
	<plugin fragment="true" id="org.eclipse.wst.server.core.nl_pt" unpack="false" version="3.5.0.v20090620043401" download-size="3790" install-size="3790" />
	<plugin fragment="true" id="org.eclipse.wst.server.discovery.nl_pt" unpack="false" version="3.5.0.v20090620043401" download-size="2637" install-size="2637" />
	<plugin fragment="true" id="org.eclipse.wst.server.http.core.nl_pt" unpack="false" version="3.5.0.v20090620043401" download-size="2721" install-size="2721" />
	<plugin fragment="true" id="org.eclipse.wst.server.http.ui.nl_pt" unpack="false" version="3.5.0.v20090620043401" download-size="2542" install-size="2542" />
	<plugin fragment="true" id="org.eclipse.wst.server.preview.adapter.nl_pt" unpack="false" version="3.5.0.v20090620043401" download-size="2959" install-size="2959" />
	<plugin fragment="true" id="org.eclipse.wst.server.preview.nl_pt" unpack="false" version="3.5.0.v20090620043401" download-size="2793" install-size="2793" />
	<plugin fragment="true" id="org.eclipse.wst.server.ui.doc.user.nl_pt" unpack="false" version="3.5.0.v20090620043401" download-size="1397" install-size="1397" />
	<plugin fragment="true" id="org.eclipse.wst.server.ui.infopop.nl_pt" unpack="false" version="3.5.0.v20090620043401" download-size="1412" install-size="1412" />
	<plugin fragment="true" id="org.eclipse.wst.server.ui.nl_pt" unpack="false" version="3.5.0.v20090620043401" download-size="7086" install-size="7086" />
</feature>