<?xml version="1.0" encoding="UTF-8" ?>
<feature
	id="org.eclipse.babel.nls_dsdp.tm_ro"
	label="Babel Language Pack for dsdp.tm in Romanian (6.62%)"
	image="eclipse_update_120.jpg"
	provider-name="%providerName"
	version="3.5.0.v20090620043401">
	<copyright>
		%copyright
	</copyright>
	<license url="%licenseURL">
		%license
	</license>
	<description>Babel Language Pack for dsdp.tm in Romanian</description>
	<plugin fragment="true" id="org.eclipse.dstore.core.nl_ro" unpack="false" version="3.5.0.v20090620043401" download-size="1366" install-size="1366" />
	<plugin fragment="true" id="org.eclipse.dstore.doc.isv.nl_ro" unpack="false" version="3.5.0.v20090620043401" download-size="1370" install-size="1370" />
	<plugin fragment="true" id="org.eclipse.dstore.extra.nl_ro" unpack="false" version="3.5.0.v20090620043401" download-size="1368" install-size="1368" />
	<plugin fragment="true" id="org.eclipse.rse.connectorservice.dstore.nl_ro" unpack="false" version="3.5.0.v20090620043401" download-size="1377" install-size="1377" />
	<plugin fragment="true" id="org.eclipse.rse.connectorservice.local.nl_ro" unpack="false" version="3.5.0.v20090620043401" download-size="1376" install-size="1376" />
	<plugin fragment="true" id="org.eclipse.rse.connectorservice.ssh.nl_ro" unpack="false" version="3.5.0.v20090620043401" download-size="2476" install-size="2476" />
	<plugin fragment="true" id="org.eclipse.rse.connectorservice.telnet.nl_ro" unpack="false" version="3.5.0.v20090620043401" download-size="1377" install-size="1377" />
	<plugin fragment="true" id="org.eclipse.rse.core.nl_ro" unpack="false" version="3.5.0.v20090620043401" download-size="2257" install-size="2257" />
	<plugin fragment="true" id="org.eclipse.rse.discovery.nl_ro" unpack="false" version="3.5.0.v20090620043401" download-size="1352" install-size="1352" />
	<plugin fragment="true" id="org.eclipse.rse.doc.isv.nl_ro" unpack="false" version="3.5.0.v20090620043401" download-size="1367" install-size="1367" />
	<plugin fragment="true" id="org.eclipse.rse.doc.user.nl_ro" unpack="false" version="3.5.0.v20090620043401" download-size="1368" install-size="1368" />
	<plugin fragment="true" id="org.eclipse.rse.dstore.security.nl_ro" unpack="false" version="3.5.0.v20090620043401" download-size="2451" install-size="2451" />
	<plugin fragment="true" id="org.eclipse.rse.efs.nl_ro" unpack="false" version="3.5.0.v20090620043401" download-size="1364" install-size="1364" />
	<plugin fragment="true" id="org.eclipse.rse.efs.ui.nl_ro" unpack="false" version="3.5.0.v20090620043401" download-size="1367" install-size="1367" />
	<plugin fragment="true" id="org.eclipse.rse.examples.daytime.nl_ro" unpack="false" version="3.5.0.v20090620043401" download-size="1373" install-size="1373" />
	<plugin fragment="true" id="org.eclipse.rse.examples.tutorial.nl_ro" unpack="false" version="3.5.0.v20090620043401" download-size="1373" install-size="1373" />
	<plugin fragment="true" id="org.eclipse.rse.files.ui.nl_ro" unpack="false" version="3.5.0.v20090620043401" download-size="2420" install-size="2420" />
	<plugin fragment="true" id="org.eclipse.rse.importexport.nl_ro" unpack="false" version="3.5.0.v20090620043401" download-size="2702" install-size="2702" />
	<plugin fragment="true" id="org.eclipse.rse.nl_ro" unpack="false" version="3.5.0.v20090620043401" download-size="1362" install-size="1362" />
	<plugin fragment="true" id="org.eclipse.rse.processes.ui.nl_ro" unpack="false" version="3.5.0.v20090620043401" download-size="2437" install-size="2437" />
	<plugin fragment="true" id="org.eclipse.rse.remotecdt.nl_ro" unpack="false" version="3.5.0.v20090620043401" download-size="2246" install-size="2246" />
	<plugin fragment="true" id="org.eclipse.rse.sdk.nl_ro" unpack="false" version="3.5.0.v20090620043401" download-size="1365" install-size="1365" />
	<plugin fragment="true" id="org.eclipse.rse.services.dstore.nl_ro" unpack="false" version="3.5.0.v20090620043401" download-size="1372" install-size="1372" />
	<plugin fragment="true" id="org.eclipse.rse.services.files.ftp.nl_ro" unpack="false" version="3.5.0.v20090620043401" download-size="1373" install-size="1373" />
	<plugin fragment="true" id="org.eclipse.rse.services.local.nl_ro" unpack="false" version="3.5.0.v20090620043401" download-size="1371" install-size="1371" />
	<plugin fragment="true" id="org.eclipse.rse.services.nl_ro" unpack="false" version="3.5.0.v20090620043401" download-size="1368" install-size="1368" />
	<plugin fragment="true" id="org.eclipse.rse.services.ssh.nl_ro" unpack="false" version="3.5.0.v20090620043401" download-size="1371" install-size="1371" />
	<plugin fragment="true" id="org.eclipse.rse.services.telnet.nl_ro" unpack="false" version="3.5.0.v20090620043401" download-size="1372" install-size="1372" />
	<plugin fragment="true" id="org.eclipse.rse.shells.ui.nl_ro" unpack="false" version="3.5.0.v20090620043401" download-size="2422" install-size="2422" />
	<plugin fragment="true" id="org.eclipse.rse.subsystems.files.core.nl_ro" unpack="false" version="3.5.0.v20090620043401" download-size="2677" install-size="2677" />
	<plugin fragment="true" id="org.eclipse.rse.subsystems.files.dstore.nl_ro" unpack="false" version="3.5.0.v20090620043401" download-size="1377" install-size="1377" />
	<plugin fragment="true" id="org.eclipse.rse.subsystems.files.ftp.nl_ro" unpack="false" version="3.5.0.v20090620043401" download-size="1375" install-size="1375" />
	<plugin fragment="true" id="org.eclipse.rse.subsystems.files.local.nl_ro" unpack="false" version="3.5.0.v20090620043401" download-size="1377" install-size="1377" />
	<plugin fragment="true" id="org.eclipse.rse.subsystems.files.ssh.nl_ro" unpack="false" version="3.5.0.v20090620043401" download-size="1376" install-size="1376" />
	<plugin fragment="true" id="org.eclipse.rse.subsystems.processes.core.nl_ro" unpack="false" version="3.5.0.v20090620043401" download-size="1377" install-size="1377" />
	<plugin fragment="true" id="org.eclipse.rse.subsystems.processes.dstore.nl_ro" unpack="false" version="3.5.0.v20090620043401" download-size="1379" install-size="1379" />
	<plugin fragment="true" id="org.eclipse.rse.subsystems.processes.local.nl_ro" unpack="false" version="3.5.0.v20090620043401" download-size="1378" install-size="1378" />
	<plugin fragment="true" id="org.eclipse.rse.subsystems.processes.shell.linux.nl_ro" unpack="false" version="3.5.0.v20090620043401" download-size="1383" install-size="1383" />
	<plugin fragment="true" id="org.eclipse.rse.subsystems.shells.core.nl_ro" unpack="false" version="3.5.0.v20090620043401" download-size="1377" install-size="1377" />
	<plugin fragment="true" id="org.eclipse.rse.subsystems.shells.dstore.nl_ro" unpack="false" version="3.5.0.v20090620043401" download-size="1378" install-size="1378" />
	<plugin fragment="true" id="org.eclipse.rse.subsystems.shells.local.nl_ro" unpack="false" version="3.5.0.v20090620043401" download-size="1377" install-size="1377" />
	<plugin fragment="true" id="org.eclipse.rse.subsystems.shells.ssh.nl_ro" unpack="false" version="3.5.0.v20090620043401" download-size="1377" install-size="1377" />
	<plugin fragment="true" id="org.eclipse.rse.subsystems.shells.telnet.nl_ro" unpack="false" version="3.5.0.v20090620043401" download-size="1378" install-size="1378" />
	<plugin fragment="true" id="org.eclipse.rse.subsystems.terminals.core.nl_ro" unpack="false" version="3.5.0.v20090620043401" download-size="1378" install-size="1378" />
	<plugin fragment="true" id="org.eclipse.rse.subsystems.terminals.ssh.nl_ro" unpack="false" version="3.5.0.v20090620043401" download-size="1377" install-size="1377" />
	<plugin fragment="true" id="org.eclipse.rse.subsystems.wince.nl_ro" unpack="false" version="3.5.0.v20090620043401" download-size="1392" install-size="1392" />
	<plugin fragment="true" id="org.eclipse.rse.terminals.ui.nl_ro" unpack="false" version="3.5.0.v20090620043401" download-size="1370" install-size="1370" />
	<plugin fragment="true" id="org.eclipse.rse.tests.framework.nl_ro" unpack="false" version="3.5.0.v20090620043401" download-size="1412" install-size="1412" />
	<plugin fragment="true" id="org.eclipse.rse.tests.nl_ro" unpack="false" version="3.5.0.v20090620043401" download-size="1382" install-size="1382" />
	<plugin fragment="true" id="org.eclipse.rse.ui.nl_ro" unpack="false" version="3.5.0.v20090620043401" download-size="4032" install-size="4032" />
	<plugin fragment="true" id="org.eclipse.rse.useractions.nl_ro" unpack="false" version="3.5.0.v20090620043401" download-size="2713" install-size="2713" />
	<plugin fragment="true" id="org.eclipse.tm.discovery.doc.isv.nl_ro" unpack="false" version="3.5.0.v20090620043401" download-size="1373" install-size="1373" />
	<plugin fragment="true" id="org.eclipse.tm.discovery.engine.nl_ro" unpack="false" version="3.5.0.v20090620043401" download-size="1372" install-size="1372" />
	<plugin fragment="true" id="org.eclipse.tm.discovery.model.edit.nl_ro" unpack="false" version="3.5.0.v20090620043401" download-size="1374" install-size="1374" />
	<plugin fragment="true" id="org.eclipse.tm.discovery.model.nl_ro" unpack="false" version="3.5.0.v20090620043401" download-size="1372" install-size="1372" />
	<plugin fragment="true" id="org.eclipse.tm.discovery.protocol.dnssd.nl_ro" unpack="false" version="3.5.0.v20090620043401" download-size="1377" install-size="1377" />
	<plugin fragment="true" id="org.eclipse.tm.discovery.transport.udp.nl_ro" unpack="false" version="3.5.0.v20090620043401" download-size="1377" install-size="1377" />
	<plugin fragment="true" id="org.eclipse.tm.discovery.view.nl_ro" unpack="false" version="3.5.0.v20090620043401" download-size="2429" install-size="2429" />
	<plugin fragment="true" id="org.eclipse.tm.discovery.wizard.nl_ro" unpack="false" version="3.5.0.v20090620043401" download-size="2443" install-size="2443" />
	<plugin fragment="true" id="org.eclipse.tm.rapi.examples.nl_ro" unpack="false" version="3.5.0.v20090620043401" download-size="1371" install-size="1371" />
	<plugin fragment="true" id="org.eclipse.tm.rapi.nl_ro" unpack="false" version="3.5.0.v20090620043401" download-size="1364" install-size="1364" />
	<plugin fragment="true" id="org.eclipse.tm.rapi.tests.nl_ro" unpack="false" version="3.5.0.v20090620043401" download-size="1368" install-size="1368" />
	<plugin fragment="true" id="org.eclipse.tm.terminal.nl_ro" unpack="false" version="3.5.0.v20090620043401" download-size="2606" install-size="2606" />
	<plugin fragment="true" id="org.eclipse.tm.terminal.serial.nl_ro" unpack="false" version="3.5.0.v20090620043401" download-size="2385" install-size="2385" />
	<plugin fragment="true" id="org.eclipse.tm.terminal.ssh.nl_ro" unpack="false" version="3.5.0.v20090620043401" download-size="2413" install-size="2413" />
	<plugin fragment="true" id="org.eclipse.tm.terminal.telnet.nl_ro" unpack="false" version="3.5.0.v20090620043401" download-size="2397" install-size="2397" />
	<plugin fragment="true" id="org.eclipse.tm.terminal.test.nl_ro" unpack="false" version="3.5.0.v20090620043401" download-size="1370" install-size="1370" />
	<plugin fragment="true" id="org.eclipse.tm.terminal.view.nl_ro" unpack="false" version="3.5.0.v20090620043401" download-size="2406" install-size="2406" />
</feature>