<?xml version="1.0" encoding="UTF-8" ?>
<feature
	id="org.eclipse.babel.nls_datatools_pt_BR"
	label="Babel Language Pack for datatools in Portuguese (Brazilian) (23.63%)"
	image="eclipse_update_120.jpg"
	provider-name="%providerName"
	version="3.5.0.v20090620043401">
	<copyright>
		%copyright
	</copyright>
	<license url="%licenseURL">
		%license
	</license>
	<description>Babel Language Pack for datatools in Portuguese (Brazilian)</description>
	<plugin fragment="true" id="org.eclipse.datatools.connectivity.apache.derby.dbdefinition.nl_pt_BR" unpack="false" version="3.5.0.v20090620043401" download-size="1398" install-size="1398" />
	<plugin fragment="true" id="org.eclipse.datatools.connectivity.apache.derby.nl_pt_BR" unpack="false" version="3.5.0.v20090620043401" download-size="1525" install-size="1525" />
	<plugin fragment="true" id="org.eclipse.datatools.connectivity.apache.derby.ui.nl_pt_BR" unpack="false" version="3.5.0.v20090620043401" download-size="3610" install-size="3610" />
	<plugin fragment="true" id="org.eclipse.datatools.connectivity.console.profile.nl_pt_BR" unpack="false" version="3.5.0.v20090620043401" download-size="2588" install-size="2588" />
	<plugin fragment="true" id="org.eclipse.datatools.connectivity.db.generic.nl_pt_BR" unpack="false" version="3.5.0.v20090620043401" download-size="2649" install-size="2649" />
	<plugin fragment="true" id="org.eclipse.datatools.connectivity.db.generic.ui.nl_pt_BR" unpack="false" version="3.5.0.v20090620043401" download-size="1390" install-size="1390" />
	<plugin fragment="true" id="org.eclipse.datatools.connectivity.dbdefinition.genericJDBC.nl_pt_BR" unpack="false" version="3.5.0.v20090620043401" download-size="1419" install-size="1419" />
	<plugin fragment="true" id="org.eclipse.datatools.connectivity.nl_pt_BR" unpack="false" version="3.5.0.v20090620043401" download-size="3251" install-size="3251" />
	<plugin fragment="true" id="org.eclipse.datatools.connectivity.oda.consumer.nl_pt_BR" unpack="false" version="3.5.0.v20090620043401" download-size="2899" install-size="2899" />
	<plugin fragment="true" id="org.eclipse.datatools.connectivity.oda.design.nl_pt_BR" unpack="false" version="3.5.0.v20090620043401" download-size="1388" install-size="1388" />
	<plugin fragment="true" id="org.eclipse.datatools.connectivity.oda.design.ui.nl_pt_BR" unpack="false" version="3.5.0.v20090620043401" download-size="2975" install-size="2975" />
	<plugin fragment="true" id="org.eclipse.datatools.connectivity.oda.flatfile.nl_pt_BR" unpack="false" version="3.5.0.v20090620043401" download-size="2854" install-size="2854" />
	<plugin fragment="true" id="org.eclipse.datatools.connectivity.oda.flatfile.ui.nl_pt_BR" unpack="false" version="3.5.0.v20090620043401" download-size="3117" install-size="3117" />
	<plugin fragment="true" id="org.eclipse.datatools.connectivity.oda.template.ui.nl_pt_BR" unpack="false" version="3.5.0.v20090620043401" download-size="2994" install-size="2994" />
	<plugin fragment="true" id="org.eclipse.datatools.connectivity.sqm.core.nl_pt_BR" unpack="false" version="3.5.0.v20090620043401" download-size="3106" install-size="3106" />
	<plugin fragment="true" id="org.eclipse.datatools.connectivity.sqm.core.ui.nl_pt_BR" unpack="false" version="3.5.0.v20090620043401" download-size="4222" install-size="4222" />
	<plugin fragment="true" id="org.eclipse.datatools.connectivity.sqm.server.ui.nl_pt_BR" unpack="false" version="3.5.0.v20090620043401" download-size="3578" install-size="3578" />
	<plugin fragment="true" id="org.eclipse.datatools.connectivity.ui.dse.nl_pt_BR" unpack="false" version="3.5.0.v20090620043401" download-size="2948" install-size="2948" />
	<plugin fragment="true" id="org.eclipse.datatools.connectivity.ui.nl_pt_BR" unpack="false" version="3.5.0.v20090620043401" download-size="3545" install-size="3545" />
	<plugin fragment="true" id="org.eclipse.datatools.connectivity.ui.templates.nl_pt_BR" unpack="false" version="3.5.0.v20090620043401" download-size="2800" install-size="2800" />
	<plugin fragment="true" id="org.eclipse.datatools.enablement.finfo.nl_pt_BR" unpack="false" version="3.5.0.v20090620043401" download-size="1396" install-size="1396" />
	<plugin fragment="true" id="org.eclipse.datatools.enablement.hsqldb.dbdefinition.nl_pt_BR" unpack="false" version="3.5.0.v20090620043401" download-size="1410" install-size="1410" />
	<plugin fragment="true" id="org.eclipse.datatools.enablement.hsqldb.nl_pt_BR" unpack="false" version="3.5.0.v20090620043401" download-size="1461" install-size="1461" />
	<plugin fragment="true" id="org.eclipse.datatools.enablement.hsqldb.ui.nl_pt_BR" unpack="false" version="3.5.0.v20090620043401" download-size="2720" install-size="2720" />
	<plugin fragment="true" id="org.eclipse.datatools.enablement.ibm.db2.iseries.dbdefinition.nl_pt_BR" unpack="false" version="3.5.0.v20090620043401" download-size="1414" install-size="1414" />
	<plugin fragment="true" id="org.eclipse.datatools.enablement.ibm.db2.iseries.nl_pt_BR" unpack="false" version="3.5.0.v20090620043401" download-size="1453" install-size="1453" />
	<plugin fragment="true" id="org.eclipse.datatools.enablement.ibm.db2.iseries.ui.nl_pt_BR" unpack="false" version="3.5.0.v20090620043401" download-size="3410" install-size="3410" />
	<plugin fragment="true" id="org.eclipse.datatools.enablement.ibm.db2.luw.dbdefinition.nl_pt_BR" unpack="false" version="3.5.0.v20090620043401" download-size="1412" install-size="1412" />
	<plugin fragment="true" id="org.eclipse.datatools.enablement.ibm.db2.luw.nl_pt_BR" unpack="false" version="3.5.0.v20090620043401" download-size="1452" install-size="1452" />
	<plugin fragment="true" id="org.eclipse.datatools.enablement.ibm.db2.luw.ui.nl_pt_BR" unpack="false" version="3.5.0.v20090620043401" download-size="3370" install-size="3370" />
	<plugin fragment="true" id="org.eclipse.datatools.enablement.ibm.db2.zseries.dbdefinition.nl_pt_BR" unpack="false" version="3.5.0.v20090620043401" download-size="1415" install-size="1415" />
	<plugin fragment="true" id="org.eclipse.datatools.enablement.ibm.db2.zseries.nl_pt_BR" unpack="false" version="3.5.0.v20090620043401" download-size="1454" install-size="1454" />
	<plugin fragment="true" id="org.eclipse.datatools.enablement.ibm.db2.zseries.ui.nl_pt_BR" unpack="false" version="3.5.0.v20090620043401" download-size="3427" install-size="3427" />
	<plugin fragment="true" id="org.eclipse.datatools.enablement.ibm.informix.dbdefinition.nl_pt_BR" unpack="false" version="3.5.0.v20090620043401" download-size="1428" install-size="1428" />
	<plugin fragment="true" id="org.eclipse.datatools.enablement.ibm.informix.nl_pt_BR" unpack="false" version="3.5.0.v20090620043401" download-size="1453" install-size="1453" />
	<plugin fragment="true" id="org.eclipse.datatools.enablement.ibm.informix.ui.nl_pt_BR" unpack="false" version="3.5.0.v20090620043401" download-size="3239" install-size="3239" />
	<plugin fragment="true" id="org.eclipse.datatools.enablement.ibm.ui.nl_pt_BR" unpack="false" version="3.5.0.v20090620043401" download-size="2992" install-size="2992" />
	<plugin fragment="true" id="org.eclipse.datatools.enablement.ingres.dbdefinition.nl_pt_BR" unpack="false" version="3.5.0.v20090620043401" download-size="1411" install-size="1411" />
	<plugin fragment="true" id="org.eclipse.datatools.enablement.ingres.nl_pt_BR" unpack="false" version="3.5.0.v20090620043401" download-size="1455" install-size="1455" />
	<plugin fragment="true" id="org.eclipse.datatools.enablement.ingres.ui.nl_pt_BR" unpack="false" version="3.5.0.v20090620043401" download-size="2912" install-size="2912" />
	<plugin fragment="true" id="org.eclipse.datatools.enablement.jdt.classpath.nl_pt_BR" unpack="false" version="3.5.0.v20090620043401" download-size="1412" install-size="1412" />
	<plugin fragment="true" id="org.eclipse.datatools.enablement.msft.sqlserver.dbdefinition.nl_pt_BR" unpack="false" version="3.5.0.v20090620043401" download-size="1414" install-size="1414" />
	<plugin fragment="true" id="org.eclipse.datatools.enablement.msft.sqlserver.nl_pt_BR" unpack="false" version="3.5.0.v20090620043401" download-size="1453" install-size="1453" />
	<plugin fragment="true" id="org.eclipse.datatools.enablement.msft.sqlserver.ui.nl_pt_BR" unpack="false" version="3.5.0.v20090620043401" download-size="3506" install-size="3506" />
	<plugin fragment="true" id="org.eclipse.datatools.enablement.mysql.dbdefinition.nl_pt_BR" unpack="false" version="3.5.0.v20090620043401" download-size="1430" install-size="1430" />
	<plugin fragment="true" id="org.eclipse.datatools.enablement.mysql.nl_pt_BR" unpack="false" version="3.5.0.v20090620043401" download-size="1476" install-size="1476" />
	<plugin fragment="true" id="org.eclipse.datatools.enablement.mysql.ui.nl_pt_BR" unpack="false" version="3.5.0.v20090620043401" download-size="1402" install-size="1402" />
	<plugin fragment="true" id="org.eclipse.datatools.enablement.oda.ws.nl_pt_BR" unpack="false" version="3.5.0.v20090620043401" download-size="2430" install-size="2430" />
	<plugin fragment="true" id="org.eclipse.datatools.enablement.oda.ws.ui.nl_pt_BR" unpack="false" version="3.5.0.v20090620043401" download-size="3030" install-size="3030" />
	<plugin fragment="true" id="org.eclipse.datatools.enablement.oda.xml.nl_pt_BR" unpack="false" version="3.5.0.v20090620043401" download-size="3079" install-size="3079" />
	<plugin fragment="true" id="org.eclipse.datatools.enablement.oda.xml.ui.nl_pt_BR" unpack="false" version="3.5.0.v20090620043401" download-size="3466" install-size="3466" />
	<plugin fragment="true" id="org.eclipse.datatools.enablement.oracle.dbdefinition.nl_pt_BR" unpack="false" version="3.5.0.v20090620043401" download-size="1462" install-size="1462" />
	<plugin fragment="true" id="org.eclipse.datatools.enablement.oracle.nl_pt_BR" unpack="false" version="3.5.0.v20090620043401" download-size="1537" install-size="1537" />
	<plugin fragment="true" id="org.eclipse.datatools.enablement.oracle.ui.nl_pt_BR" unpack="false" version="3.5.0.v20090620043401" download-size="3071" install-size="3071" />
	<plugin fragment="true" id="org.eclipse.datatools.enablement.postgresql.dbdefinition.nl_pt_BR" unpack="false" version="3.5.0.v20090620043401" download-size="1411" install-size="1411" />
	<plugin fragment="true" id="org.eclipse.datatools.enablement.postgresql.nl_pt_BR" unpack="false" version="3.5.0.v20090620043401" download-size="1472" install-size="1472" />
	<plugin fragment="true" id="org.eclipse.datatools.enablement.postgresql.ui.nl_pt_BR" unpack="false" version="3.5.0.v20090620043401" download-size="1406" install-size="1406" />
	<plugin fragment="true" id="org.eclipse.datatools.enablement.sap.maxdb.dbdefinition.nl_pt_BR" unpack="false" version="3.5.0.v20090620043401" download-size="1394" install-size="1394" />
	<plugin fragment="true" id="org.eclipse.datatools.enablement.sap.maxdb.nl_pt_BR" unpack="false" version="3.5.0.v20090620043401" download-size="1451" install-size="1451" />
	<plugin fragment="true" id="org.eclipse.datatools.enablement.sap.maxdb.ui.nl_pt_BR" unpack="false" version="3.5.0.v20090620043401" download-size="1406" install-size="1406" />
	<plugin fragment="true" id="org.eclipse.datatools.enablement.sqlite.dbdefinition.nl_pt_BR" unpack="false" version="3.5.0.v20090620043401" download-size="1409" install-size="1409" />
	<plugin fragment="true" id="org.eclipse.datatools.enablement.sqlite.nl_pt_BR" unpack="false" version="3.5.0.v20090620043401" download-size="2389" install-size="2389" />
	<plugin fragment="true" id="org.eclipse.datatools.enablement.sqlite.ui.nl_pt_BR" unpack="false" version="3.5.0.v20090620043401" download-size="2681" install-size="2681" />
	<plugin fragment="true" id="org.eclipse.datatools.enablement.sybase.asa.dbdefinition.nl_pt_BR" unpack="false" version="3.5.0.v20090620043401" download-size="1411" install-size="1411" />
	<plugin fragment="true" id="org.eclipse.datatools.enablement.sybase.asa.models.nl_pt_BR" unpack="false" version="3.5.0.v20090620043401" download-size="1406" install-size="1406" />
	<plugin fragment="true" id="org.eclipse.datatools.enablement.sybase.asa.nl_pt_BR" unpack="false" version="3.5.0.v20090620043401" download-size="2910" install-size="2910" />
	<plugin fragment="true" id="org.eclipse.datatools.enablement.sybase.asa.schemaobjecteditor.examples.nl_pt_BR" unpack="false" version="3.5.0.v20090620043401" download-size="15969" install-size="15969" />
	<plugin fragment="true" id="org.eclipse.datatools.enablement.sybase.asa.ui.nl_pt_BR" unpack="false" version="3.5.0.v20090620043401" download-size="1455" install-size="1455" />
	<plugin fragment="true" id="org.eclipse.datatools.enablement.sybase.ase.dbdefinition.nl_pt_BR" unpack="false" version="3.5.0.v20090620043401" download-size="1410" install-size="1410" />
	<plugin fragment="true" id="org.eclipse.datatools.enablement.sybase.ase.models.nl_pt_BR" unpack="false" version="3.5.0.v20090620043401" download-size="1406" install-size="1406" />
	<plugin fragment="true" id="org.eclipse.datatools.enablement.sybase.ase.nl_pt_BR" unpack="false" version="3.5.0.v20090620043401" download-size="2499" install-size="2499" />
	<plugin fragment="true" id="org.eclipse.datatools.enablement.sybase.ase.ui.nl_pt_BR" unpack="false" version="3.5.0.v20090620043401" download-size="1465" install-size="1465" />
	<plugin fragment="true" id="org.eclipse.datatools.enablement.sybase.models.nl_pt_BR" unpack="false" version="3.5.0.v20090620043401" download-size="1405" install-size="1405" />
	<plugin fragment="true" id="org.eclipse.datatools.enablement.sybase.nl_pt_BR" unpack="false" version="3.5.0.v20090620043401" download-size="2983" install-size="2983" />
	<plugin fragment="true" id="org.eclipse.datatools.enablement.sybase.ui.nl_pt_BR" unpack="false" version="3.5.0.v20090620043401" download-size="2909" install-size="2909" />
	<plugin fragment="true" id="org.eclipse.datatools.help.nl_pt_BR" unpack="false" version="3.5.0.v20090620043401" download-size="1373" install-size="1373" />
	<plugin fragment="true" id="org.eclipse.datatools.modelbase.dbdefinition.nl_pt_BR" unpack="false" version="3.5.0.v20090620043401" download-size="1403" install-size="1403" />
	<plugin fragment="true" id="org.eclipse.datatools.modelbase.derby.nl_pt_BR" unpack="false" version="3.5.0.v20090620043401" download-size="1397" install-size="1397" />
	<plugin fragment="true" id="org.eclipse.datatools.modelbase.sql.edit.nl_pt_BR" unpack="false" version="3.5.0.v20090620043401" download-size="2702" install-size="2702" />
	<plugin fragment="true" id="org.eclipse.datatools.modelbase.sql.nl_pt_BR" unpack="false" version="3.5.0.v20090620043401" download-size="1396" install-size="1396" />
	<plugin fragment="true" id="org.eclipse.datatools.modelbase.sql.query.edit.nl_pt_BR" unpack="false" version="3.5.0.v20090620043401" download-size="1765" install-size="1765" />
	<plugin fragment="true" id="org.eclipse.datatools.modelbase.sql.query.nl_pt_BR" unpack="false" version="3.5.0.v20090620043401" download-size="1403" install-size="1403" />
	<plugin fragment="true" id="org.eclipse.datatools.modelbase.sql.xml.query.nl_pt_BR" unpack="false" version="3.5.0.v20090620043401" download-size="1406" install-size="1406" />
	<plugin fragment="true" id="org.eclipse.datatools.sqltools.common.ui.nl_pt_BR" unpack="false" version="3.5.0.v20090620043401" download-size="5644" install-size="5644" />
	<plugin fragment="true" id="org.eclipse.datatools.sqltools.data.core.nl_pt_BR" unpack="false" version="3.5.0.v20090620043401" download-size="2878" install-size="2878" />
	<plugin fragment="true" id="org.eclipse.datatools.sqltools.data.ui.nl_pt_BR" unpack="false" version="3.5.0.v20090620043401" download-size="3475" install-size="3475" />
	<plugin fragment="true" id="org.eclipse.datatools.sqltools.db.derby.nl_pt_BR" unpack="false" version="3.5.0.v20090620043401" download-size="2650" install-size="2650" />
	<plugin fragment="true" id="org.eclipse.datatools.sqltools.db.derby.ui.nl_pt_BR" unpack="false" version="3.5.0.v20090620043401" download-size="1405" install-size="1405" />
	<plugin fragment="true" id="org.eclipse.datatools.sqltools.db.generic.nl_pt_BR" unpack="false" version="3.5.0.v20090620043401" download-size="2663" install-size="2663" />
	<plugin fragment="true" id="org.eclipse.datatools.sqltools.db.generic.ui.nl_pt_BR" unpack="false" version="3.5.0.v20090620043401" download-size="1408" install-size="1408" />
	<plugin fragment="true" id="org.eclipse.datatools.sqltools.ddlgen.ui.nl_pt_BR" unpack="false" version="3.5.0.v20090620043401" download-size="3312" install-size="3312" />
	<plugin fragment="true" id="org.eclipse.datatools.sqltools.debugger.core.nl_pt_BR" unpack="false" version="3.5.0.v20090620043401" download-size="4543" install-size="4543" />
	<plugin fragment="true" id="org.eclipse.datatools.sqltools.debugger.core.ui.nl_pt_BR" unpack="false" version="3.5.0.v20090620043401" download-size="3782" install-size="3782" />
	<plugin fragment="true" id="org.eclipse.datatools.sqltools.editor.core.nl_pt_BR" unpack="false" version="3.5.0.v20090620043401" download-size="2514" install-size="2514" />
	<plugin fragment="true" id="org.eclipse.datatools.sqltools.editor.core.ui.nl_pt_BR" unpack="false" version="3.5.0.v20090620043401" download-size="1408" install-size="1408" />
	<plugin fragment="true" id="org.eclipse.datatools.sqltools.parsers.sql.lexer.nl_pt_BR" unpack="false" version="3.5.0.v20090620043401" download-size="1406" install-size="1406" />
	<plugin fragment="true" id="org.eclipse.datatools.sqltools.parsers.sql.nl_pt_BR" unpack="false" version="3.5.0.v20090620043401" download-size="1401" install-size="1401" />
	<plugin fragment="true" id="org.eclipse.datatools.sqltools.parsers.sql.query.nl_pt_BR" unpack="false" version="3.5.0.v20090620043401" download-size="2717" install-size="2717" />
	<plugin fragment="true" id="org.eclipse.datatools.sqltools.parsers.sql.xml.query.nl_pt_BR" unpack="false" version="3.5.0.v20090620043401" download-size="1408" install-size="1408" />
	<plugin fragment="true" id="org.eclipse.datatools.sqltools.plan.nl_pt_BR" unpack="false" version="3.5.0.v20090620043401" download-size="4189" install-size="4189" />
	<plugin fragment="true" id="org.eclipse.datatools.sqltools.result.nl_pt_BR" unpack="false" version="3.5.0.v20090620043401" download-size="4048" install-size="4048" />
	<plugin fragment="true" id="org.eclipse.datatools.sqltools.result.ui.nl_pt_BR" unpack="false" version="3.5.0.v20090620043401" download-size="3670" install-size="3670" />
	<plugin fragment="true" id="org.eclipse.datatools.sqltools.routineeditor.nl_pt_BR" unpack="false" version="3.5.0.v20090620043401" download-size="5733" install-size="5733" />
	<plugin fragment="true" id="org.eclipse.datatools.sqltools.routineeditor.ui.nl_pt_BR" unpack="false" version="3.5.0.v20090620043401" download-size="5043" install-size="5043" />
	<plugin fragment="true" id="org.eclipse.datatools.sqltools.schemaobjecteditor.nl_pt_BR" unpack="false" version="3.5.0.v20090620043401" download-size="1410" install-size="1410" />
	<plugin fragment="true" id="org.eclipse.datatools.sqltools.schemaobjecteditor.ui.nl_pt_BR" unpack="false" version="3.5.0.v20090620043401" download-size="5837" install-size="5837" />
	<plugin fragment="true" id="org.eclipse.datatools.sqltools.schemaobjecteditor.ui.pages.nl_pt_BR" unpack="false" version="3.5.0.v20090620043401" download-size="3655" install-size="3655" />
	<plugin fragment="true" id="org.eclipse.datatools.sqltools.sql.nl_pt_BR" unpack="false" version="3.5.0.v20090620043401" download-size="2662" install-size="2662" />
	<plugin fragment="true" id="org.eclipse.datatools.sqltools.sql.ui.nl_pt_BR" unpack="false" version="3.5.0.v20090620043401" download-size="1393" install-size="1393" />
	<plugin fragment="true" id="org.eclipse.datatools.sqltools.sqlbuilder.nl_pt_BR" unpack="false" version="3.5.0.v20090620043401" download-size="3537" install-size="3537" />
	<plugin fragment="true" id="org.eclipse.datatools.sqltools.sqleditor.nl_pt_BR" unpack="false" version="3.5.0.v20090620043401" download-size="8422" install-size="8422" />
	<plugin fragment="true" id="org.eclipse.datatools.sqltools.sqlscrapbook.nl_pt_BR" unpack="false" version="3.5.0.v20090620043401" download-size="4865" install-size="4865" />
	<plugin fragment="true" id="org.eclipse.datatools.sqltools.tabledataeditor.nl_pt_BR" unpack="false" version="3.5.0.v20090620043401" download-size="1403" install-size="1403" />
</feature>