<?xml version="1.0" encoding="UTF-8" ?>
<feature
	id="org.eclipse.babel.nls_webtools.ejbtools_da"
	label="Babel Language Pack for webtools.ejbtools in Danish (96.28%)"
	image="eclipse_update_120.jpg"
	provider-name="%providerName"
	version="3.5.0.v20090620043401">
	<copyright>
		%copyright
	</copyright>
	<license url="%licenseURL">
		%license
	</license>
	<description>Babel Language Pack for webtools.ejbtools in Danish</description>
	<plugin fragment="true" id="org.eclipse.jst.ejb.doc.user.nl_da" unpack="false" version="3.5.0.v20090620043401" download-size="1378" install-size="1378" />
	<plugin fragment="true" id="org.eclipse.jst.ejb.ui.infopop.nl_da" unpack="false" version="3.5.0.v20090620043401" download-size="1373" install-size="1373" />
	<plugin fragment="true" id="org.eclipse.jst.ejb.ui.nl_da" unpack="false" version="3.5.0.v20090620043401" download-size="3750" install-size="3750" />
	<plugin fragment="true" id="org.eclipse.jst.j2ee.ejb.annotation.model.nl_da" unpack="false" version="3.5.0.v20090620043401" download-size="3601" install-size="3601" />
	<plugin fragment="true" id="org.eclipse.jst.j2ee.ejb.annotations.emitter.nl_da" unpack="false" version="3.5.0.v20090620043401" download-size="1383" install-size="1383" />
	<plugin fragment="true" id="org.eclipse.jst.j2ee.ejb.annotations.ui.nl_da" unpack="false" version="3.5.0.v20090620043401" download-size="3856" install-size="3856" />
	<plugin fragment="true" id="org.eclipse.jst.j2ee.ejb.annotations.xdoclet.nl_da" unpack="false" version="3.5.0.v20090620043401" download-size="3522" install-size="3522" />
	<plugin fragment="true" id="org.eclipse.jst.j2ee.ejb.nl_da" unpack="false" version="3.5.0.v20090620043401" download-size="24423" install-size="24423" />
	<plugin fragment="true" id="org.eclipse.jst.jee.ejb.nl_da" unpack="false" version="3.5.0.v20090620043401" download-size="1371" install-size="1371" />
</feature>