<?xml version="1.0" encoding="UTF-8" ?>
<feature
	id="org.eclipse.babel.nls_tools.orbit_hu"
	label="Babel Language Pack for tools.orbit in Hungarian (4.6%)"
	image="eclipse_update_120.jpg"
	provider-name="%providerName"
	version="3.5.0.v20090620043401">
	<copyright>
		%copyright
	</copyright>
	<license url="%licenseURL">
		%license
	</license>
	<description>Babel Language Pack for tools.orbit in Hungarian</description>
	<plugin fragment="true" id="com.sun.syndication.nl_hu" unpack="false" version="3.5.0.v20090620043401" download-size="1368" install-size="1368" />
	<plugin fragment="true" id="com.sun.xml.bind.nl_hu" unpack="false" version="3.5.0.v20090620043401" download-size="1370" install-size="1370" />
	<plugin fragment="true" id="commonj.sdo.nl_hu" unpack="false" version="3.5.0.v20090620043401" download-size="1362" install-size="1362" />
	<plugin fragment="true" id="edu.emory.mathcs.backport.nl_hu" unpack="false" version="3.5.0.v20090620043401" download-size="1373" install-size="1373" />
	<plugin fragment="true" id="javax.activation.nl_hu" unpack="false" version="3.5.0.v20090620043401" download-size="1370" install-size="1370" />
	<plugin fragment="true" id="javax.jws.nl_hu" unpack="false" version="3.5.0.v20090620043401" download-size="1365" install-size="1365" />
	<plugin fragment="true" id="javax.mail.glassfish.nl_hu" unpack="false" version="3.5.0.v20090620043401" download-size="1374" install-size="1374" />
	<plugin fragment="true" id="javax.mail.nl_hu" unpack="false" version="3.5.0.v20090620043401" download-size="1365" install-size="1365" />
	<plugin fragment="true" id="javax.management.nl_hu" unpack="false" version="3.5.0.v20090620043401" download-size="1370" install-size="1370" />
	<plugin fragment="true" id="javax.management.remote.nl_hu" unpack="false" version="3.5.0.v20090620043401" download-size="1375" install-size="1375" />
	<plugin fragment="true" id="javax.persistence.nl_hu" unpack="false" version="3.5.0.v20090620043401" download-size="1368" install-size="1368" />
	<plugin fragment="true" id="javax.servlet.jsp.nl_hu" unpack="false" version="3.5.0.v20090620043401" download-size="1369" install-size="1369" />
	<plugin fragment="true" id="javax.servlet.nl_hu" unpack="false" version="3.5.0.v20090620043401" download-size="3021" install-size="3021" />
	<plugin fragment="true" id="javax.wsdl.nl_hu" unpack="false" version="3.5.0.v20090620043401" download-size="1365" install-size="1365" />
	<plugin fragment="true" id="javax.xml.bind.nl_hu" unpack="false" version="3.5.0.v20090620043401" download-size="1370" install-size="1370" />
	<plugin fragment="true" id="javax.xml.nl_hu" unpack="false" version="3.5.0.v20090620043401" download-size="1365" install-size="1365" />
	<plugin fragment="true" id="javax.xml.rpc.nl_hu" unpack="false" version="3.5.0.v20090620043401" download-size="1369" install-size="1369" />
	<plugin fragment="true" id="javax.xml.soap.nl_hu" unpack="false" version="3.5.0.v20090620043401" download-size="1369" install-size="1369" />
	<plugin fragment="true" id="net.sourceforge.lpg.lpgjavaruntime.nl_hu" unpack="false" version="3.5.0.v20090620043401" download-size="1377" install-size="1377" />
	<plugin fragment="true" id="net.sourceforge.mx4j.nl_hu" unpack="false" version="3.5.0.v20090620043401" download-size="1373" install-size="1373" />
	<plugin fragment="true" id="net.sourceforge.mx4j.remote.nl_hu" unpack="false" version="3.5.0.v20090620043401" download-size="1377" install-size="1377" />
	<plugin fragment="true" id="org.antlr.runtime.nl_hu" unpack="false" version="3.5.0.v20090620043401" download-size="1365" install-size="1365" />
	<plugin fragment="true" id="org.apache.axis.nl_hu" unpack="false" version="3.5.0.v20090620043401" download-size="2710" install-size="2710" />
	<plugin fragment="true" id="org.apache.batik.bridge.nl_hu" unpack="false" version="3.5.0.v20090620043401" download-size="1371" install-size="1371" />
	<plugin fragment="true" id="org.apache.batik.css.nl_hu" unpack="false" version="3.5.0.v20090620043401" download-size="1369" install-size="1369" />
	<plugin fragment="true" id="org.apache.batik.dom.nl_hu" unpack="false" version="3.5.0.v20090620043401" download-size="1369" install-size="1369" />
	<plugin fragment="true" id="org.apache.batik.dom.svg.nl_hu" unpack="false" version="3.5.0.v20090620043401" download-size="1372" install-size="1372" />
	<plugin fragment="true" id="org.apache.batik.ext.awt.nl_hu" unpack="false" version="3.5.0.v20090620043401" download-size="2799" install-size="2799" />
	<plugin fragment="true" id="org.apache.batik.extension.nl_hu" unpack="false" version="3.5.0.v20090620043401" download-size="1373" install-size="1373" />
	<plugin fragment="true" id="org.apache.batik.parser.nl_hu" unpack="false" version="3.5.0.v20090620043401" download-size="1371" install-size="1371" />
	<plugin fragment="true" id="org.apache.batik.pdf.nl_hu" unpack="false" version="3.5.0.v20090620043401" download-size="1370" install-size="1370" />
	<plugin fragment="true" id="org.apache.batik.svggen.nl_hu" unpack="false" version="3.5.0.v20090620043401" download-size="1371" install-size="1371" />
	<plugin fragment="true" id="org.apache.batik.swing.nl_hu" unpack="false" version="3.5.0.v20090620043401" download-size="1371" install-size="1371" />
	<plugin fragment="true" id="org.apache.batik.transcoder.nl_hu" unpack="false" version="3.5.0.v20090620043401" download-size="1374" install-size="1374" />
	<plugin fragment="true" id="org.apache.batik.util.gui.nl_hu" unpack="false" version="3.5.0.v20090620043401" download-size="7520" install-size="7520" />
	<plugin fragment="true" id="org.apache.batik.util.nl_hu" unpack="false" version="3.5.0.v20090620043401" download-size="1370" install-size="1370" />
	<plugin fragment="true" id="org.apache.batik.xml.nl_hu" unpack="false" version="3.5.0.v20090620043401" download-size="1369" install-size="1369" />
	<plugin fragment="true" id="org.apache.bcel.nl_hu" unpack="false" version="3.5.0.v20090620043401" download-size="1365" install-size="1365" />
	<plugin fragment="true" id="org.apache.bsf.nl_hu" unpack="false" version="3.5.0.v20090620043401" download-size="1365" install-size="1365" />
	<plugin fragment="true" id="org.apache.commons.beanutils.nl_hu" unpack="false" version="3.5.0.v20090620043401" download-size="1374" install-size="1374" />
	<plugin fragment="true" id="org.apache.commons.collections.nl_hu" unpack="false" version="3.5.0.v20090620043401" download-size="1375" install-size="1375" />
	<plugin fragment="true" id="org.apache.commons.discovery.nl_hu" unpack="false" version="3.5.0.v20090620043401" download-size="1378" install-size="1378" />
	<plugin fragment="true" id="org.apache.commons.el.nl_hu" unpack="false" version="3.5.0.v20090620043401" download-size="1370" install-size="1370" />
	<plugin fragment="true" id="org.apache.commons.lang.nl_hu" unpack="false" version="3.5.0.v20090620043401" download-size="1371" install-size="1371" />
	<plugin fragment="true" id="org.apache.commons.logging.nl_hu" unpack="false" version="3.5.0.v20090620043401" download-size="1374" install-size="1374" />
	<plugin fragment="true" id="org.apache.commons.net.nl_hu" unpack="false" version="3.5.0.v20090620043401" download-size="1370" install-size="1370" />
	<plugin fragment="true" id="org.apache.derby.nl_hu" unpack="false" version="3.5.0.v20090620043401" download-size="19234" install-size="19234" />
	<plugin fragment="true" id="org.apache.httpcomponents.httpcore.nio.nl_hu" unpack="false" version="3.5.0.v20090620043401" download-size="1378" install-size="1378" />
	<plugin fragment="true" id="org.apache.httpcomponents.httpcore.nl_hu" unpack="false" version="3.5.0.v20090620043401" download-size="1375" install-size="1375" />
	<plugin fragment="true" id="org.apache.jasper.nl_hu" unpack="false" version="3.5.0.v20090620043401" download-size="13669" install-size="13669" />
	<plugin fragment="true" id="org.apache.log4j.nl_hu" unpack="false" version="3.5.0.v20090620043401" download-size="1371" install-size="1371" />
	<plugin fragment="true" id="org.apache.oro.nl_hu" unpack="false" version="3.5.0.v20090620043401" download-size="1364" install-size="1364" />
	<plugin fragment="true" id="org.apache.solr.client.solrj.embedded.nl_hu" unpack="false" version="3.5.0.v20090620043401" download-size="1378" install-size="1378" />
	<plugin fragment="true" id="org.apache.solr.client.solrj.nl_hu" unpack="false" version="3.5.0.v20090620043401" download-size="1373" install-size="1373" />
	<plugin fragment="true" id="org.apache.velocity.nl_hu" unpack="false" version="3.5.0.v20090620043401" download-size="1372" install-size="1372" />
	<plugin fragment="true" id="org.apache.ws.commons.schema.nl_hu" unpack="false" version="3.5.0.v20090620043401" download-size="1379" install-size="1379" />
	<plugin fragment="true" id="org.apache.wsil4j.nl_hu" unpack="false" version="3.5.0.v20090620043401" download-size="1371" install-size="1371" />
	<plugin fragment="true" id="org.apache.xalan.nl_hu" unpack="false" version="3.5.0.v20090620043401" download-size="2610" install-size="2610" />
	<plugin fragment="true" id="org.apache.xerces.nl_hu" unpack="false" version="3.5.0.v20090620043401" download-size="2456" install-size="2456" />
	<plugin fragment="true" id="org.apache.xml.resolver.nl_hu" unpack="false" version="3.5.0.v20090620043401" download-size="1375" install-size="1375" />
	<plugin fragment="true" id="org.apache.xml.security.nl_hu" unpack="false" version="3.5.0.v20090620043401" download-size="1860" install-size="1860" />
	<plugin fragment="true" id="org.apache.xml.serializer.nl_hu" unpack="false" version="3.5.0.v20090620043401" download-size="2411" install-size="2411" />
	<plugin fragment="true" id="org.eclipse.orbit.nl_hu" unpack="false" version="3.5.0.v20090620043401" download-size="1363" install-size="1363" />
	<plugin fragment="true" id="org.hamcrest.core.nl_hu" unpack="false" version="3.5.0.v20090620043401" download-size="1366" install-size="1366" />
	<plugin fragment="true" id="org.hamcrest.generator.nl_hu" unpack="false" version="3.5.0.v20090620043401" download-size="1369" install-size="1369" />
	<plugin fragment="true" id="org.hamcrest.integration.nl_hu" unpack="false" version="3.5.0.v20090620043401" download-size="1371" install-size="1371" />
	<plugin fragment="true" id="org.hamcrest.library.nl_hu" unpack="false" version="3.5.0.v20090620043401" download-size="1368" install-size="1368" />
	<plugin fragment="true" id="org.hamcrest.nl_hu" unpack="false" version="3.5.0.v20090620043401" download-size="1362" install-size="1362" />
	<plugin fragment="true" id="org.hamcrest.text.nl_hu" unpack="false" version="3.5.0.v20090620043401" download-size="1366" install-size="1366" />
	<plugin fragment="true" id="org.jdom.nl_hu" unpack="false" version="3.5.0.v20090620043401" download-size="1359" install-size="1359" />
	<plugin fragment="true" id="org.mortbay.jetty.nl_hu" unpack="false" version="3.5.0.v20090620043401" download-size="2664" install-size="2664" />
	<plugin fragment="true" id="org.mortbay.jetty.server.nl_hu" unpack="false" version="3.5.0.v20090620043401" download-size="1839" install-size="1839" />
	<plugin fragment="true" id="org.mortbay.jetty.util.nl_hu" unpack="false" version="3.5.0.v20090620043401" download-size="1371" install-size="1371" />
	<plugin fragment="true" id="org.mozilla.javascript.nl_hu" unpack="false" version="3.5.0.v20090620043401" download-size="1376" install-size="1376" />
	<plugin fragment="true" id="org.objectweb.asm.nl_hu" unpack="false" version="3.5.0.v20090620043401" download-size="4667" install-size="4667" />
	<plugin fragment="true" id="org.opensaml.nl_hu" unpack="false" version="3.5.0.v20090620043401" download-size="1395" install-size="1395" />
	<plugin fragment="true" id="org.slf4j.api.nl_hu" unpack="false" version="3.5.0.v20090620043401" download-size="1368" install-size="1368" />
	<plugin fragment="true" id="org.uddi4j.nl_hu" unpack="false" version="3.5.0.v20090620043401" download-size="1365" install-size="1365" />
	<plugin fragment="true" id="org.w3c.css.sac.nl_hu" unpack="false" version="3.5.0.v20090620043401" download-size="1365" install-size="1365" />
	<plugin fragment="true" id="org.w3c.dom.events.nl_hu" unpack="false" version="3.5.0.v20090620043401" download-size="1366" install-size="1366" />
	<plugin fragment="true" id="org.w3c.dom.smil.nl_hu" unpack="false" version="3.5.0.v20090620043401" download-size="1366" install-size="1366" />
	<plugin fragment="true" id="org.w3c.dom.svg.nl_hu" unpack="false" version="3.5.0.v20090620043401" download-size="1366" install-size="1366" />
</feature>