<?xml version="1.0" encoding="UTF-8" ?>
<feature
	id="org.eclipse.babel.nls_tools.mylyn_el"
	label="Babel Language Pack for tools.mylyn in Greek (15.28%)"
	image="eclipse_update_120.jpg"
	provider-name="%providerName"
	version="3.5.0.v20090620043401">
	<copyright>
		%copyright
	</copyright>
	<license url="%licenseURL">
		%license
	</license>
	<description>Babel Language Pack for tools.mylyn in Greek</description>
	<plugin fragment="true" id="org.eclipse.mylyn.bugzilla.core.nl_el" unpack="false" version="3.5.0.v20090620043401" download-size="2665" install-size="2665" />
	<plugin fragment="true" id="org.eclipse.mylyn.bugzilla.ide.nl_el" unpack="false" version="3.5.0.v20090620043401" download-size="1355" install-size="1355" />
	<plugin fragment="true" id="org.eclipse.mylyn.bugzilla.ui.nl_el" unpack="false" version="3.5.0.v20090620043401" download-size="3820" install-size="3820" />
	<plugin fragment="true" id="org.eclipse.mylyn.commons.core.nl_el" unpack="false" version="3.5.0.v20090620043401" download-size="1353" install-size="1353" />
	<plugin fragment="true" id="org.eclipse.mylyn.commons.net.nl_el" unpack="false" version="3.5.0.v20090620043401" download-size="2639" install-size="2639" />
	<plugin fragment="true" id="org.eclipse.mylyn.commons.soap.nl_el" unpack="false" version="3.5.0.v20090620043401" download-size="1354" install-size="1354" />
	<plugin fragment="true" id="org.eclipse.mylyn.commons.ui.nl_el" unpack="false" version="3.5.0.v20090620043401" download-size="2624" install-size="2624" />
	<plugin fragment="true" id="org.eclipse.mylyn.compatibility.nl_el" unpack="false" version="3.5.0.v20090620043401" download-size="1355" install-size="1355" />
	<plugin fragment="true" id="org.eclipse.mylyn.context.core.nl_el" unpack="false" version="3.5.0.v20090620043401" download-size="1354" install-size="1354" />
	<plugin fragment="true" id="org.eclipse.mylyn.context.ui.nl_el" unpack="false" version="3.5.0.v20090620043401" download-size="4782" install-size="4782" />
	<plugin fragment="true" id="org.eclipse.mylyn.discovery.core.nl_el" unpack="false" version="3.5.0.v20090620043401" download-size="2673" install-size="2673" />
	<plugin fragment="true" id="org.eclipse.mylyn.discovery.ui.nl_el" unpack="false" version="3.5.0.v20090620043401" download-size="2720" install-size="2720" />
	<plugin fragment="true" id="org.eclipse.mylyn.help.ui.nl_el" unpack="false" version="3.5.0.v20090620043401" download-size="1397" install-size="1397" />
	<plugin fragment="true" id="org.eclipse.mylyn.ide.ant.nl_el" unpack="false" version="3.5.0.v20090620043401" download-size="1350" install-size="1350" />
	<plugin fragment="true" id="org.eclipse.mylyn.ide.capabilities.nl_el" unpack="false" version="3.5.0.v20090620043401" download-size="1374" install-size="1374" />
	<plugin fragment="true" id="org.eclipse.mylyn.ide.ui.nl_el" unpack="false" version="3.5.0.v20090620043401" download-size="1349" install-size="1349" />
	<plugin fragment="true" id="org.eclipse.mylyn.java.tasks.nl_el" unpack="false" version="3.5.0.v20090620043401" download-size="2471" install-size="2471" />
	<plugin fragment="true" id="org.eclipse.mylyn.java.ui.nl_el" unpack="false" version="3.5.0.v20090620043401" download-size="1436" install-size="1436" />
	<plugin fragment="true" id="org.eclipse.mylyn.jira.core.nl_el" unpack="false" version="3.5.0.v20090620043401" download-size="3084" install-size="3084" />
	<plugin fragment="true" id="org.eclipse.mylyn.jira.ui.nl_el" unpack="false" version="3.5.0.v20090620043401" download-size="3667" install-size="3667" />
	<plugin fragment="true" id="org.eclipse.mylyn.monitor.core.nl_el" unpack="false" version="3.5.0.v20090620043401" download-size="2647" install-size="2647" />
	<plugin fragment="true" id="org.eclipse.mylyn.monitor.ui.nl_el" unpack="false" version="3.5.0.v20090620043401" download-size="1352" install-size="1352" />
	<plugin fragment="true" id="org.eclipse.mylyn.nl_el" unpack="false" version="3.5.0.v20090620043401" download-size="1345" install-size="1345" />
	<plugin fragment="true" id="org.eclipse.mylyn.pde.ui.nl_el" unpack="false" version="3.5.0.v20090620043401" download-size="1350" install-size="1350" />
	<plugin fragment="true" id="org.eclipse.mylyn.resources.ui.nl_el" unpack="false" version="3.5.0.v20090620043401" download-size="2701" install-size="2701" />
	<plugin fragment="true" id="org.eclipse.mylyn.tasks.bugs.nl_el" unpack="false" version="3.5.0.v20090620043401" download-size="3446" install-size="3446" />
	<plugin fragment="true" id="org.eclipse.mylyn.tasks.core.nl_el" unpack="false" version="3.5.0.v20090620043401" download-size="3697" install-size="3697" />
	<plugin fragment="true" id="org.eclipse.mylyn.tasks.ui.nl_el" unpack="false" version="3.5.0.v20090620043401" download-size="13125" install-size="13125" />
	<plugin fragment="true" id="org.eclipse.mylyn.team.cvs.nl_el" unpack="false" version="3.5.0.v20090620043401" download-size="1352" install-size="1352" />
	<plugin fragment="true" id="org.eclipse.mylyn.team.ui.nl_el" unpack="false" version="3.5.0.v20090620043401" download-size="3227" install-size="3227" />
	<plugin fragment="true" id="org.eclipse.mylyn.trac.core.nl_el" unpack="false" version="3.5.0.v20090620043401" download-size="3117" install-size="3117" />
	<plugin fragment="true" id="org.eclipse.mylyn.trac.ui.nl_el" unpack="false" version="3.5.0.v20090620043401" download-size="2692" install-size="2692" />
	<plugin fragment="true" id="org.eclipse.mylyn.wikitext.confluence.core.nl_el" unpack="false" version="3.5.0.v20090620043401" download-size="1361" install-size="1361" />
	<plugin fragment="true" id="org.eclipse.mylyn.wikitext.confluence.ui.nl_el" unpack="false" version="3.5.0.v20090620043401" download-size="1401" install-size="1401" />
	<plugin fragment="true" id="org.eclipse.mylyn.wikitext.core.nl_el" unpack="false" version="3.5.0.v20090620043401" download-size="4484" install-size="4484" />
	<plugin fragment="true" id="org.eclipse.mylyn.wikitext.help.sdk.nl_el" unpack="false" version="3.5.0.v20090620043401" download-size="1378" install-size="1378" />
	<plugin fragment="true" id="org.eclipse.mylyn.wikitext.help.ui.nl_el" unpack="false" version="3.5.0.v20090620043401" download-size="1377" install-size="1377" />
	<plugin fragment="true" id="org.eclipse.mylyn.wikitext.mediawiki.core.nl_el" unpack="false" version="3.5.0.v20090620043401" download-size="1382" install-size="1382" />
	<plugin fragment="true" id="org.eclipse.mylyn.wikitext.mediawiki.ui.nl_el" unpack="false" version="3.5.0.v20090620043401" download-size="1449" install-size="1449" />
	<plugin fragment="true" id="org.eclipse.mylyn.wikitext.tasks.ui.nl_el" unpack="false" version="3.5.0.v20090620043401" download-size="2890" install-size="2890" />
	<plugin fragment="true" id="org.eclipse.mylyn.wikitext.tests.nl_el" unpack="false" version="3.5.0.v20090620043401" download-size="1355" install-size="1355" />
	<plugin fragment="true" id="org.eclipse.mylyn.wikitext.textile.core.nl_el" unpack="false" version="3.5.0.v20090620043401" download-size="1359" install-size="1359" />
	<plugin fragment="true" id="org.eclipse.mylyn.wikitext.textile.ui.nl_el" unpack="false" version="3.5.0.v20090620043401" download-size="1437" install-size="1437" />
	<plugin fragment="true" id="org.eclipse.mylyn.wikitext.tracwiki.core.nl_el" unpack="false" version="3.5.0.v20090620043401" download-size="1361" install-size="1361" />
	<plugin fragment="true" id="org.eclipse.mylyn.wikitext.tracwiki.ui.nl_el" unpack="false" version="3.5.0.v20090620043401" download-size="1400" install-size="1400" />
	<plugin fragment="true" id="org.eclipse.mylyn.wikitext.twiki.core.nl_el" unpack="false" version="3.5.0.v20090620043401" download-size="1359" install-size="1359" />
	<plugin fragment="true" id="org.eclipse.mylyn.wikitext.twiki.ui.nl_el" unpack="false" version="3.5.0.v20090620043401" download-size="1424" install-size="1424" />
	<plugin fragment="true" id="org.eclipse.mylyn.wikitext.ui.nl_el" unpack="false" version="3.5.0.v20090620043401" download-size="6348" install-size="6348" />
	<plugin fragment="true" id="org.eclipse.mylyn.xplanner.core.nl_el" unpack="false" version="3.5.0.v20090620043401" download-size="2449" install-size="2449" />
	<plugin fragment="true" id="org.eclipse.mylyn.xplanner.ui.nl_el" unpack="false" version="3.5.0.v20090620043401" download-size="3881" install-size="3881" />
</feature>