<?xml version="1.0" encoding="UTF-8" ?>
<feature
	id="org.eclipse.babel.nls_webtools.jeetools_hu"
	label="Babel Language Pack for webtools.jeetools in Hungarian (94.82%)"
	image="eclipse_update_120.jpg"
	provider-name="%providerName"
	version="3.5.0.v20090620043401">
	<copyright>
		%copyright
	</copyright>
	<license url="%licenseURL">
		%license
	</license>
	<description>Babel Language Pack for webtools.jeetools in Hungarian</description>
	<plugin fragment="true" id="org.eclipse.jem.beaninfo.nl_hu" unpack="false" version="3.5.0.v20090620043401" download-size="3230" install-size="3230" />
	<plugin fragment="true" id="org.eclipse.jem.beaninfo.vm.common.nl_hu" unpack="false" version="3.5.0.v20090620043401" download-size="1379" install-size="1379" />
	<plugin fragment="true" id="org.eclipse.jem.beaninfo.vm.nl_hu" unpack="false" version="3.5.0.v20090620043401" download-size="3115" install-size="3115" />
	<plugin fragment="true" id="org.eclipse.jem.nl_hu" unpack="false" version="3.5.0.v20090620043401" download-size="4056" install-size="4056" />
	<plugin fragment="true" id="org.eclipse.jem.proxy.nl_hu" unpack="false" version="3.5.0.v20090620043401" download-size="7521" install-size="7521" />
	<plugin fragment="true" id="org.eclipse.jem.tests.nl_hu" unpack="false" version="3.5.0.v20090620043401" download-size="1367" install-size="1367" />
	<plugin fragment="true" id="org.eclipse.jem.workbench.nl_hu" unpack="false" version="3.5.0.v20090620043401" download-size="2492" install-size="2492" />
	<plugin fragment="true" id="org.eclipse.jst.j2ee.core.nl_hu" unpack="false" version="3.5.0.v20090620043401" download-size="32032" install-size="32032" />
	<plugin fragment="true" id="org.eclipse.jst.j2ee.doc.user.nl_hu" unpack="false" version="3.5.0.v20090620043401" download-size="1417" install-size="1417" />
	<plugin fragment="true" id="org.eclipse.jst.j2ee.infopop.nl_hu" unpack="false" version="3.5.0.v20090620043401" download-size="1422" install-size="1422" />
	<plugin fragment="true" id="org.eclipse.jst.j2ee.jca.nl_hu" unpack="false" version="3.5.0.v20090620043401" download-size="2545" install-size="2545" />
	<plugin fragment="true" id="org.eclipse.jst.j2ee.jca.ui.nl_hu" unpack="false" version="3.5.0.v20090620043401" download-size="2099" install-size="2099" />
	<plugin fragment="true" id="org.eclipse.jst.j2ee.navigator.ui.nl_hu" unpack="false" version="3.5.0.v20090620043401" download-size="3608" install-size="3608" />
	<plugin fragment="true" id="org.eclipse.jst.j2ee.nl_hu" unpack="false" version="3.5.0.v20090620043401" download-size="29028" install-size="29028" />
	<plugin fragment="true" id="org.eclipse.jst.j2ee.ui.nl_hu" unpack="false" version="3.5.0.v20090620043401" download-size="16147" install-size="16147" />
	<plugin fragment="true" id="org.eclipse.jst.j2ee.web.nl_hu" unpack="false" version="3.5.0.v20090620043401" download-size="20197" install-size="20197" />
	<plugin fragment="true" id="org.eclipse.jst.j2ee.webservice.nl_hu" unpack="false" version="3.5.0.v20090620043401" download-size="2733" install-size="2733" />
	<plugin fragment="true" id="org.eclipse.jst.j2ee.webservice.ui.nl_hu" unpack="false" version="3.5.0.v20090620043401" download-size="2517" install-size="2517" />
	<plugin fragment="true" id="org.eclipse.jst.j2ee.xdoclet.runtime.nl_hu" unpack="false" version="3.5.0.v20090620043401" download-size="2394" install-size="2394" />
	<plugin fragment="true" id="org.eclipse.jst.jee.nl_hu" unpack="false" version="3.5.0.v20090620043401" download-size="1370" install-size="1370" />
	<plugin fragment="true" id="org.eclipse.jst.jee.ui.nl_hu" unpack="false" version="3.5.0.v20090620043401" download-size="2681" install-size="2681" />
	<plugin fragment="true" id="org.eclipse.jst.jee.web.nl_hu" unpack="false" version="3.5.0.v20090620043401" download-size="1373" install-size="1373" />
	<plugin fragment="true" id="org.eclipse.jst.servlet.ui.infopop.nl_hu" unpack="false" version="3.5.0.v20090620043401" download-size="1440" install-size="1440" />
	<plugin fragment="true" id="org.eclipse.jst.servlet.ui.nl_hu" unpack="false" version="3.5.0.v20090620043401" download-size="5853" install-size="5853" />
	<plugin fragment="true" id="org.eclipse.wst.web.ui.infopop.nl_hu" unpack="false" version="3.5.0.v20090620043401" download-size="1419" install-size="1419" />
</feature>