<?xml version="1.0" encoding="UTF-8" ?>
<feature
	id="org.eclipse.babel.nls_datatools_ru"
	label="Babel Language Pack for datatools in Russian (23.08%)"
	image="eclipse_update_120.jpg"
	provider-name="%providerName"
	version="3.5.0.v20090620043401">
	<copyright>
		%copyright
	</copyright>
	<license url="%licenseURL">
		%license
	</license>
	<description>Babel Language Pack for datatools in Russian</description>
	<plugin fragment="true" id="org.eclipse.datatools.connectivity.apache.derby.dbdefinition.nl_ru" unpack="false" version="3.5.0.v20090620043401" download-size="1378" install-size="1378" />
	<plugin fragment="true" id="org.eclipse.datatools.connectivity.apache.derby.nl_ru" unpack="false" version="3.5.0.v20090620043401" download-size="1469" install-size="1469" />
	<plugin fragment="true" id="org.eclipse.datatools.connectivity.apache.derby.ui.nl_ru" unpack="false" version="3.5.0.v20090620043401" download-size="3646" install-size="3646" />
	<plugin fragment="true" id="org.eclipse.datatools.connectivity.console.profile.nl_ru" unpack="false" version="3.5.0.v20090620043401" download-size="2600" install-size="2600" />
	<plugin fragment="true" id="org.eclipse.datatools.connectivity.db.generic.nl_ru" unpack="false" version="3.5.0.v20090620043401" download-size="2708" install-size="2708" />
	<plugin fragment="true" id="org.eclipse.datatools.connectivity.db.generic.ui.nl_ru" unpack="false" version="3.5.0.v20090620043401" download-size="1366" install-size="1366" />
	<plugin fragment="true" id="org.eclipse.datatools.connectivity.dbdefinition.genericJDBC.nl_ru" unpack="false" version="3.5.0.v20090620043401" download-size="1399" install-size="1399" />
	<plugin fragment="true" id="org.eclipse.datatools.connectivity.nl_ru" unpack="false" version="3.5.0.v20090620043401" download-size="3353" install-size="3353" />
	<plugin fragment="true" id="org.eclipse.datatools.connectivity.oda.consumer.nl_ru" unpack="false" version="3.5.0.v20090620043401" download-size="3054" install-size="3054" />
	<plugin fragment="true" id="org.eclipse.datatools.connectivity.oda.design.nl_ru" unpack="false" version="3.5.0.v20090620043401" download-size="1366" install-size="1366" />
	<plugin fragment="true" id="org.eclipse.datatools.connectivity.oda.design.ui.nl_ru" unpack="false" version="3.5.0.v20090620043401" download-size="3009" install-size="3009" />
	<plugin fragment="true" id="org.eclipse.datatools.connectivity.oda.flatfile.nl_ru" unpack="false" version="3.5.0.v20090620043401" download-size="2834" install-size="2834" />
	<plugin fragment="true" id="org.eclipse.datatools.connectivity.oda.flatfile.ui.nl_ru" unpack="false" version="3.5.0.v20090620043401" download-size="3190" install-size="3190" />
	<plugin fragment="true" id="org.eclipse.datatools.connectivity.oda.template.ui.nl_ru" unpack="false" version="3.5.0.v20090620043401" download-size="3024" install-size="3024" />
	<plugin fragment="true" id="org.eclipse.datatools.connectivity.sqm.core.nl_ru" unpack="false" version="3.5.0.v20090620043401" download-size="3088" install-size="3088" />
	<plugin fragment="true" id="org.eclipse.datatools.connectivity.sqm.core.ui.nl_ru" unpack="false" version="3.5.0.v20090620043401" download-size="4475" install-size="4475" />
	<plugin fragment="true" id="org.eclipse.datatools.connectivity.sqm.server.ui.nl_ru" unpack="false" version="3.5.0.v20090620043401" download-size="3724" install-size="3724" />
	<plugin fragment="true" id="org.eclipse.datatools.connectivity.ui.dse.nl_ru" unpack="false" version="3.5.0.v20090620043401" download-size="3120" install-size="3120" />
	<plugin fragment="true" id="org.eclipse.datatools.connectivity.ui.nl_ru" unpack="false" version="3.5.0.v20090620043401" download-size="3720" install-size="3720" />
	<plugin fragment="true" id="org.eclipse.datatools.connectivity.ui.templates.nl_ru" unpack="false" version="3.5.0.v20090620043401" download-size="2839" install-size="2839" />
	<plugin fragment="true" id="org.eclipse.datatools.enablement.finfo.nl_ru" unpack="false" version="3.5.0.v20090620043401" download-size="1376" install-size="1376" />
	<plugin fragment="true" id="org.eclipse.datatools.enablement.hsqldb.dbdefinition.nl_ru" unpack="false" version="3.5.0.v20090620043401" download-size="1390" install-size="1390" />
	<plugin fragment="true" id="org.eclipse.datatools.enablement.hsqldb.nl_ru" unpack="false" version="3.5.0.v20090620043401" download-size="1464" install-size="1464" />
	<plugin fragment="true" id="org.eclipse.datatools.enablement.hsqldb.ui.nl_ru" unpack="false" version="3.5.0.v20090620043401" download-size="2812" install-size="2812" />
	<plugin fragment="true" id="org.eclipse.datatools.enablement.ibm.db2.iseries.dbdefinition.nl_ru" unpack="false" version="3.5.0.v20090620043401" download-size="1395" install-size="1395" />
	<plugin fragment="true" id="org.eclipse.datatools.enablement.ibm.db2.iseries.nl_ru" unpack="false" version="3.5.0.v20090620043401" download-size="1464" install-size="1464" />
	<plugin fragment="true" id="org.eclipse.datatools.enablement.ibm.db2.iseries.ui.nl_ru" unpack="false" version="3.5.0.v20090620043401" download-size="3414" install-size="3414" />
	<plugin fragment="true" id="org.eclipse.datatools.enablement.ibm.db2.luw.dbdefinition.nl_ru" unpack="false" version="3.5.0.v20090620043401" download-size="1392" install-size="1392" />
	<plugin fragment="true" id="org.eclipse.datatools.enablement.ibm.db2.luw.nl_ru" unpack="false" version="3.5.0.v20090620043401" download-size="1462" install-size="1462" />
	<plugin fragment="true" id="org.eclipse.datatools.enablement.ibm.db2.luw.ui.nl_ru" unpack="false" version="3.5.0.v20090620043401" download-size="3374" install-size="3374" />
	<plugin fragment="true" id="org.eclipse.datatools.enablement.ibm.db2.zseries.dbdefinition.nl_ru" unpack="false" version="3.5.0.v20090620043401" download-size="1396" install-size="1396" />
	<plugin fragment="true" id="org.eclipse.datatools.enablement.ibm.db2.zseries.nl_ru" unpack="false" version="3.5.0.v20090620043401" download-size="1466" install-size="1466" />
	<plugin fragment="true" id="org.eclipse.datatools.enablement.ibm.db2.zseries.ui.nl_ru" unpack="false" version="3.5.0.v20090620043401" download-size="3446" install-size="3446" />
	<plugin fragment="true" id="org.eclipse.datatools.enablement.ibm.informix.dbdefinition.nl_ru" unpack="false" version="3.5.0.v20090620043401" download-size="1407" install-size="1407" />
	<plugin fragment="true" id="org.eclipse.datatools.enablement.ibm.informix.nl_ru" unpack="false" version="3.5.0.v20090620043401" download-size="1462" install-size="1462" />
	<plugin fragment="true" id="org.eclipse.datatools.enablement.ibm.informix.ui.nl_ru" unpack="false" version="3.5.0.v20090620043401" download-size="3247" install-size="3247" />
	<plugin fragment="true" id="org.eclipse.datatools.enablement.ibm.ui.nl_ru" unpack="false" version="3.5.0.v20090620043401" download-size="3007" install-size="3007" />
	<plugin fragment="true" id="org.eclipse.datatools.enablement.ingres.dbdefinition.nl_ru" unpack="false" version="3.5.0.v20090620043401" download-size="1387" install-size="1387" />
	<plugin fragment="true" id="org.eclipse.datatools.enablement.ingres.nl_ru" unpack="false" version="3.5.0.v20090620043401" download-size="1458" install-size="1458" />
	<plugin fragment="true" id="org.eclipse.datatools.enablement.ingres.ui.nl_ru" unpack="false" version="3.5.0.v20090620043401" download-size="2902" install-size="2902" />
	<plugin fragment="true" id="org.eclipse.datatools.enablement.jdt.classpath.nl_ru" unpack="false" version="3.5.0.v20090620043401" download-size="1390" install-size="1390" />
	<plugin fragment="true" id="org.eclipse.datatools.enablement.msft.sqlserver.dbdefinition.nl_ru" unpack="false" version="3.5.0.v20090620043401" download-size="1394" install-size="1394" />
	<plugin fragment="true" id="org.eclipse.datatools.enablement.msft.sqlserver.nl_ru" unpack="false" version="3.5.0.v20090620043401" download-size="1467" install-size="1467" />
	<plugin fragment="true" id="org.eclipse.datatools.enablement.msft.sqlserver.ui.nl_ru" unpack="false" version="3.5.0.v20090620043401" download-size="3514" install-size="3514" />
	<plugin fragment="true" id="org.eclipse.datatools.enablement.mysql.dbdefinition.nl_ru" unpack="false" version="3.5.0.v20090620043401" download-size="1407" install-size="1407" />
	<plugin fragment="true" id="org.eclipse.datatools.enablement.mysql.nl_ru" unpack="false" version="3.5.0.v20090620043401" download-size="1485" install-size="1485" />
	<plugin fragment="true" id="org.eclipse.datatools.enablement.mysql.ui.nl_ru" unpack="false" version="3.5.0.v20090620043401" download-size="1378" install-size="1378" />
	<plugin fragment="true" id="org.eclipse.datatools.enablement.oda.ws.ui.nl_ru" unpack="false" version="3.5.0.v20090620043401" download-size="3045" install-size="3045" />
	<plugin fragment="true" id="org.eclipse.datatools.enablement.oda.xml.nl_ru" unpack="false" version="3.5.0.v20090620043401" download-size="3153" install-size="3153" />
	<plugin fragment="true" id="org.eclipse.datatools.enablement.oda.xml.ui.nl_ru" unpack="false" version="3.5.0.v20090620043401" download-size="3680" install-size="3680" />
	<plugin fragment="true" id="org.eclipse.datatools.enablement.oracle.dbdefinition.nl_ru" unpack="false" version="3.5.0.v20090620043401" download-size="1439" install-size="1439" />
	<plugin fragment="true" id="org.eclipse.datatools.enablement.oracle.nl_ru" unpack="false" version="3.5.0.v20090620043401" download-size="1548" install-size="1548" />
	<plugin fragment="true" id="org.eclipse.datatools.enablement.oracle.ui.nl_ru" unpack="false" version="3.5.0.v20090620043401" download-size="3082" install-size="3082" />
	<plugin fragment="true" id="org.eclipse.datatools.enablement.postgresql.dbdefinition.nl_ru" unpack="false" version="3.5.0.v20090620043401" download-size="1392" install-size="1392" />
	<plugin fragment="true" id="org.eclipse.datatools.enablement.postgresql.nl_ru" unpack="false" version="3.5.0.v20090620043401" download-size="1480" install-size="1480" />
	<plugin fragment="true" id="org.eclipse.datatools.enablement.postgresql.ui.nl_ru" unpack="false" version="3.5.0.v20090620043401" download-size="1380" install-size="1380" />
	<plugin fragment="true" id="org.eclipse.datatools.enablement.sap.maxdb.dbdefinition.nl_ru" unpack="false" version="3.5.0.v20090620043401" download-size="1374" install-size="1374" />
	<plugin fragment="true" id="org.eclipse.datatools.enablement.sap.maxdb.nl_ru" unpack="false" version="3.5.0.v20090620043401" download-size="1456" install-size="1456" />
	<plugin fragment="true" id="org.eclipse.datatools.enablement.sap.maxdb.ui.nl_ru" unpack="false" version="3.5.0.v20090620043401" download-size="1380" install-size="1380" />
	<plugin fragment="true" id="org.eclipse.datatools.enablement.sqlite.dbdefinition.nl_ru" unpack="false" version="3.5.0.v20090620043401" download-size="1389" install-size="1389" />
	<plugin fragment="true" id="org.eclipse.datatools.enablement.sqlite.nl_ru" unpack="false" version="3.5.0.v20090620043401" download-size="1463" install-size="1463" />
	<plugin fragment="true" id="org.eclipse.datatools.enablement.sqlite.ui.nl_ru" unpack="false" version="3.5.0.v20090620043401" download-size="2758" install-size="2758" />
	<plugin fragment="true" id="org.eclipse.datatools.enablement.sybase.asa.dbdefinition.nl_ru" unpack="false" version="3.5.0.v20090620043401" download-size="1391" install-size="1391" />
	<plugin fragment="true" id="org.eclipse.datatools.enablement.sybase.asa.models.nl_ru" unpack="false" version="3.5.0.v20090620043401" download-size="1383" install-size="1383" />
	<plugin fragment="true" id="org.eclipse.datatools.enablement.sybase.asa.nl_ru" unpack="false" version="3.5.0.v20090620043401" download-size="3010" install-size="3010" />
	<plugin fragment="true" id="org.eclipse.datatools.enablement.sybase.asa.schemaobjecteditor.examples.nl_ru" unpack="false" version="3.5.0.v20090620043401" download-size="16568" install-size="16568" />
	<plugin fragment="true" id="org.eclipse.datatools.enablement.sybase.asa.ui.nl_ru" unpack="false" version="3.5.0.v20090620043401" download-size="1451" install-size="1451" />
	<plugin fragment="true" id="org.eclipse.datatools.enablement.sybase.ase.dbdefinition.nl_ru" unpack="false" version="3.5.0.v20090620043401" download-size="1391" install-size="1391" />
	<plugin fragment="true" id="org.eclipse.datatools.enablement.sybase.ase.models.nl_ru" unpack="false" version="3.5.0.v20090620043401" download-size="1384" install-size="1384" />
	<plugin fragment="true" id="org.eclipse.datatools.enablement.sybase.ase.nl_ru" unpack="false" version="3.5.0.v20090620043401" download-size="2547" install-size="2547" />
	<plugin fragment="true" id="org.eclipse.datatools.enablement.sybase.ase.ui.nl_ru" unpack="false" version="3.5.0.v20090620043401" download-size="1474" install-size="1474" />
	<plugin fragment="true" id="org.eclipse.datatools.enablement.sybase.models.nl_ru" unpack="false" version="3.5.0.v20090620043401" download-size="1381" install-size="1381" />
	<plugin fragment="true" id="org.eclipse.datatools.enablement.sybase.nl_ru" unpack="false" version="3.5.0.v20090620043401" download-size="3039" install-size="3039" />
	<plugin fragment="true" id="org.eclipse.datatools.enablement.sybase.ui.nl_ru" unpack="false" version="3.5.0.v20090620043401" download-size="3011" install-size="3011" />
	<plugin fragment="true" id="org.eclipse.datatools.help.nl_ru" unpack="false" version="3.5.0.v20090620043401" download-size="1352" install-size="1352" />
	<plugin fragment="true" id="org.eclipse.datatools.modelbase.dbdefinition.nl_ru" unpack="false" version="3.5.0.v20090620043401" download-size="1380" install-size="1380" />
	<plugin fragment="true" id="org.eclipse.datatools.modelbase.derby.nl_ru" unpack="false" version="3.5.0.v20090620043401" download-size="1377" install-size="1377" />
	<plugin fragment="true" id="org.eclipse.datatools.modelbase.sql.edit.nl_ru" unpack="false" version="3.5.0.v20090620043401" download-size="3003" install-size="3003" />
	<plugin fragment="true" id="org.eclipse.datatools.modelbase.sql.nl_ru" unpack="false" version="3.5.0.v20090620043401" download-size="1375" install-size="1375" />
	<plugin fragment="true" id="org.eclipse.datatools.modelbase.sql.query.edit.nl_ru" unpack="false" version="3.5.0.v20090620043401" download-size="1821" install-size="1821" />
	<plugin fragment="true" id="org.eclipse.datatools.modelbase.sql.query.nl_ru" unpack="false" version="3.5.0.v20090620043401" download-size="1379" install-size="1379" />
	<plugin fragment="true" id="org.eclipse.datatools.modelbase.sql.xml.query.nl_ru" unpack="false" version="3.5.0.v20090620043401" download-size="1386" install-size="1386" />
	<plugin fragment="true" id="org.eclipse.datatools.sqltools.common.ui.nl_ru" unpack="false" version="3.5.0.v20090620043401" download-size="5882" install-size="5882" />
	<plugin fragment="true" id="org.eclipse.datatools.sqltools.data.core.nl_ru" unpack="false" version="3.5.0.v20090620043401" download-size="2878" install-size="2878" />
	<plugin fragment="true" id="org.eclipse.datatools.sqltools.data.ui.nl_ru" unpack="false" version="3.5.0.v20090620043401" download-size="3583" install-size="3583" />
	<plugin fragment="true" id="org.eclipse.datatools.sqltools.db.derby.nl_ru" unpack="false" version="3.5.0.v20090620043401" download-size="2656" install-size="2656" />
	<plugin fragment="true" id="org.eclipse.datatools.sqltools.db.derby.ui.nl_ru" unpack="false" version="3.5.0.v20090620043401" download-size="1384" install-size="1384" />
	<plugin fragment="true" id="org.eclipse.datatools.sqltools.db.generic.nl_ru" unpack="false" version="3.5.0.v20090620043401" download-size="2668" install-size="2668" />
	<plugin fragment="true" id="org.eclipse.datatools.sqltools.db.generic.ui.nl_ru" unpack="false" version="3.5.0.v20090620043401" download-size="1385" install-size="1385" />
	<plugin fragment="true" id="org.eclipse.datatools.sqltools.ddlgen.ui.nl_ru" unpack="false" version="3.5.0.v20090620043401" download-size="3404" install-size="3404" />
	<plugin fragment="true" id="org.eclipse.datatools.sqltools.debugger.core.nl_ru" unpack="false" version="3.5.0.v20090620043401" download-size="4681" install-size="4681" />
	<plugin fragment="true" id="org.eclipse.datatools.sqltools.debugger.core.ui.nl_ru" unpack="false" version="3.5.0.v20090620043401" download-size="3836" install-size="3836" />
	<plugin fragment="true" id="org.eclipse.datatools.sqltools.editor.core.nl_ru" unpack="false" version="3.5.0.v20090620043401" download-size="2502" install-size="2502" />
	<plugin fragment="true" id="org.eclipse.datatools.sqltools.editor.core.ui.nl_ru" unpack="false" version="3.5.0.v20090620043401" download-size="1388" install-size="1388" />
	<plugin fragment="true" id="org.eclipse.datatools.sqltools.parsers.sql.lexer.nl_ru" unpack="false" version="3.5.0.v20090620043401" download-size="1386" install-size="1386" />
	<plugin fragment="true" id="org.eclipse.datatools.sqltools.parsers.sql.nl_ru" unpack="false" version="3.5.0.v20090620043401" download-size="1377" install-size="1377" />
	<plugin fragment="true" id="org.eclipse.datatools.sqltools.parsers.sql.query.nl_ru" unpack="false" version="3.5.0.v20090620043401" download-size="2682" install-size="2682" />
	<plugin fragment="true" id="org.eclipse.datatools.sqltools.parsers.sql.xml.query.nl_ru" unpack="false" version="3.5.0.v20090620043401" download-size="1384" install-size="1384" />
	<plugin fragment="true" id="org.eclipse.datatools.sqltools.plan.nl_ru" unpack="false" version="3.5.0.v20090620043401" download-size="4248" install-size="4248" />
	<plugin fragment="true" id="org.eclipse.datatools.sqltools.result.nl_ru" unpack="false" version="3.5.0.v20090620043401" download-size="4374" install-size="4374" />
	<plugin fragment="true" id="org.eclipse.datatools.sqltools.result.ui.nl_ru" unpack="false" version="3.5.0.v20090620043401" download-size="3982" install-size="3982" />
	<plugin fragment="true" id="org.eclipse.datatools.sqltools.routineeditor.nl_ru" unpack="false" version="3.5.0.v20090620043401" download-size="5957" install-size="5957" />
	<plugin fragment="true" id="org.eclipse.datatools.sqltools.routineeditor.ui.nl_ru" unpack="false" version="3.5.0.v20090620043401" download-size="5309" install-size="5309" />
	<plugin fragment="true" id="org.eclipse.datatools.sqltools.schemaobjecteditor.nl_ru" unpack="false" version="3.5.0.v20090620043401" download-size="1389" install-size="1389" />
	<plugin fragment="true" id="org.eclipse.datatools.sqltools.schemaobjecteditor.ui.nl_ru" unpack="false" version="3.5.0.v20090620043401" download-size="6092" install-size="6092" />
	<plugin fragment="true" id="org.eclipse.datatools.sqltools.schemaobjecteditor.ui.pages.nl_ru" unpack="false" version="3.5.0.v20090620043401" download-size="3691" install-size="3691" />
	<plugin fragment="true" id="org.eclipse.datatools.sqltools.sql.nl_ru" unpack="false" version="3.5.0.v20090620043401" download-size="2652" install-size="2652" />
	<plugin fragment="true" id="org.eclipse.datatools.sqltools.sql.ui.nl_ru" unpack="false" version="3.5.0.v20090620043401" download-size="1373" install-size="1373" />
	<plugin fragment="true" id="org.eclipse.datatools.sqltools.sqlbuilder.nl_ru" unpack="false" version="3.5.0.v20090620043401" download-size="3868" install-size="3868" />
	<plugin fragment="true" id="org.eclipse.datatools.sqltools.sqleditor.nl_ru" unpack="false" version="3.5.0.v20090620043401" download-size="9492" install-size="9492" />
	<plugin fragment="true" id="org.eclipse.datatools.sqltools.sqlscrapbook.nl_ru" unpack="false" version="3.5.0.v20090620043401" download-size="5045" install-size="5045" />
	<plugin fragment="true" id="org.eclipse.datatools.sqltools.tabledataeditor.nl_ru" unpack="false" version="3.5.0.v20090620043401" download-size="1380" install-size="1380" />
</feature>