<?xml version="1.0" encoding="UTF-8" ?>
<feature
	id="org.eclipse.babel.nls_eclipse_tr"
	label="Babel Language Pack for eclipse in Turkish (75.24%)"
	image="eclipse_update_120.jpg"
	provider-name="%providerName"
	version="3.5.0.v20090620043401">
	<copyright>
		%copyright
	</copyright>
	<license url="%licenseURL">
		%license
	</license>
	<description>Babel Language Pack for eclipse in Turkish</description>
	<plugin fragment="true" id="org.eclipse.ant.core.nl_tr" unpack="false" version="3.5.0.v20090620043401" download-size="4818" install-size="4818" />
	<plugin fragment="true" id="org.eclipse.ant.tests.core.nl_tr" unpack="false" version="3.5.0.v20090620043401" download-size="1652" install-size="1652" />
	<plugin fragment="true" id="org.eclipse.ant.tests.ui.nl_tr" unpack="false" version="3.5.0.v20090620043401" download-size="1618" install-size="1618" />
	<plugin fragment="true" id="org.eclipse.ant.ui.nl_tr" unpack="false" version="3.5.0.v20090620043401" download-size="25508" install-size="25508" />
	<plugin fragment="true" id="org.eclipse.compare.core.nl_tr" unpack="false" version="3.5.0.v20090620043401" download-size="2351" install-size="2351" />
	<plugin fragment="true" id="org.eclipse.compare.examples.nl_tr" unpack="false" version="3.5.0.v20090620043401" download-size="2366" install-size="2366" />
	<plugin fragment="true" id="org.eclipse.compare.examples.xml.nl_tr" unpack="false" version="3.5.0.v20090620043401" download-size="2686" install-size="2686" />
	<plugin fragment="true" id="org.eclipse.compare.nl_tr" unpack="false" version="3.5.0.v20090620043401" download-size="12572" install-size="12572" />
	<plugin fragment="true" id="org.eclipse.compare.tests.nl_tr" unpack="false" version="3.5.0.v20090620043401" download-size="1602" install-size="1602" />
	<plugin fragment="true" id="org.eclipse.compare.win32.nl_tr" unpack="false" version="3.5.0.v20090620043401" download-size="2549" install-size="2549" />
	<plugin fragment="true" id="org.eclipse.core.boot.nl_tr" unpack="false" version="3.5.0.v20090620043401" download-size="1401" install-size="1401" />
	<plugin fragment="true" id="org.eclipse.core.commands.nl_tr" unpack="false" version="3.5.0.v20090620043401" download-size="1383" install-size="1383" />
	<plugin fragment="true" id="org.eclipse.core.contenttype.nl_tr" unpack="false" version="3.5.0.v20090620043401" download-size="2683" install-size="2683" />
	<plugin fragment="true" id="org.eclipse.core.databinding.beans.nl_tr" unpack="false" version="3.5.0.v20090620043401" download-size="1375" install-size="1375" />
	<plugin fragment="true" id="org.eclipse.core.databinding.nl_tr" unpack="false" version="3.5.0.v20090620043401" download-size="2308" install-size="2308" />
	<plugin fragment="true" id="org.eclipse.core.databinding.observable.nl_tr" unpack="false" version="3.5.0.v20090620043401" download-size="1378" install-size="1378" />
	<plugin fragment="true" id="org.eclipse.core.databinding.property.nl_tr" unpack="false" version="3.5.0.v20090620043401" download-size="1377" install-size="1377" />
	<plugin fragment="true" id="org.eclipse.core.expressions.nl_tr" unpack="false" version="3.5.0.v20090620043401" download-size="2888" install-size="2888" />
	<plugin fragment="true" id="org.eclipse.core.expressions.tests.nl_tr" unpack="false" version="3.5.0.v20090620043401" download-size="1373" install-size="1373" />
	<plugin fragment="true" id="org.eclipse.core.filebuffers.nl_tr" unpack="false" version="3.5.0.v20090620043401" download-size="4032" install-size="4032" />
	<plugin fragment="true" id="org.eclipse.core.filebuffers.tests.nl_tr" unpack="false" version="3.5.0.v20090620043401" download-size="1379" install-size="1379" />
	<plugin fragment="true" id="org.eclipse.core.filesystem.nl_tr" unpack="false" version="3.5.0.v20090620043401" download-size="2909" install-size="2909" />
	<plugin fragment="true" id="org.eclipse.core.jobs.nl_tr" unpack="false" version="3.5.0.v20090620043401" download-size="2398" install-size="2398" />
	<plugin fragment="true" id="org.eclipse.core.net.linux.x86.nl_tr" unpack="false" version="3.5.0.v20090620043401" download-size="1406" install-size="1406" />
	<plugin fragment="true" id="org.eclipse.core.net.nl_tr" unpack="false" version="3.5.0.v20090620043401" download-size="2251" install-size="2251" />
	<plugin fragment="true" id="org.eclipse.core.net.win32.x86.nl_tr" unpack="false" version="3.5.0.v20090620043401" download-size="1408" install-size="1408" />
	<plugin fragment="true" id="org.eclipse.core.resources.nl_tr" unpack="false" version="3.5.0.v20090620043401" download-size="8200" install-size="8200" />
	<plugin fragment="true" id="org.eclipse.core.runtime.compatibility.auth.nl_tr" unpack="false" version="3.5.0.v20090620043401" download-size="2676" install-size="2676" />
	<plugin fragment="true" id="org.eclipse.core.runtime.compatibility.nl_tr" unpack="false" version="3.5.0.v20090620043401" download-size="2493" install-size="2493" />
	<plugin fragment="true" id="org.eclipse.core.runtime.nl_tr" unpack="false" version="3.5.0.v20090620043401" download-size="3905" install-size="3905" />
	<plugin fragment="true" id="org.eclipse.core.variables.nl_tr" unpack="false" version="3.5.0.v20090620043401" download-size="2558" install-size="2558" />
	<plugin fragment="true" id="org.eclipse.cvs.nl_tr" unpack="false" version="3.5.0.v20090620043401" download-size="1361" install-size="1361" />
	<plugin fragment="true" id="org.eclipse.debug.core.nl_tr" unpack="false" version="3.5.0.v20090620043401" download-size="6555" install-size="6555" />
	<plugin fragment="true" id="org.eclipse.debug.examples.ui.nl_tr" unpack="false" version="3.5.0.v20090620043401" download-size="2402" install-size="2402" />
	<plugin fragment="true" id="org.eclipse.debug.ui.nl_tr" unpack="false" version="3.5.0.v20090620043401" download-size="31426" install-size="31426" />
	<plugin fragment="true" id="org.eclipse.equinox.app.nl_tr" unpack="false" version="3.5.0.v20090620043401" download-size="2344" install-size="2344" />
	<plugin fragment="true" id="org.eclipse.equinox.cm.nl_tr" unpack="false" version="3.5.0.v20090620043401" download-size="1367" install-size="1367" />
	<plugin fragment="true" id="org.eclipse.equinox.common.nl_tr" unpack="false" version="3.5.0.v20090620043401" download-size="3173" install-size="3173" />
	<plugin fragment="true" id="org.eclipse.equinox.concurrent.nl_tr" unpack="false" version="3.5.0.v20090620043401" download-size="1373" install-size="1373" />
	<plugin fragment="true" id="org.eclipse.equinox.device.nl_tr" unpack="false" version="3.5.0.v20090620043401" download-size="3117" install-size="3117" />
	<plugin fragment="true" id="org.eclipse.equinox.ds.nl_tr" unpack="false" version="3.5.0.v20090620043401" download-size="1367" install-size="1367" />
	<plugin fragment="true" id="org.eclipse.equinox.event.nl_tr" unpack="false" version="3.5.0.v20090620043401" download-size="2360" install-size="2360" />
	<plugin fragment="true" id="org.eclipse.equinox.http.jetty5.nl_tr" unpack="false" version="3.5.0.v20090620043401" download-size="1373" install-size="1373" />
	<plugin fragment="true" id="org.eclipse.equinox.http.jetty6.nl_tr" unpack="false" version="3.5.0.v20090620043401" download-size="1373" install-size="1373" />
	<plugin fragment="true" id="org.eclipse.equinox.http.nl_tr" unpack="false" version="3.5.0.v20090620043401" download-size="3793" install-size="3793" />
	<plugin fragment="true" id="org.eclipse.equinox.http.registry.nl_tr" unpack="false" version="3.5.0.v20090620043401" download-size="1374" install-size="1374" />
	<plugin fragment="true" id="org.eclipse.equinox.http.servlet.nl_tr" unpack="false" version="3.5.0.v20090620043401" download-size="1374" install-size="1374" />
	<plugin fragment="true" id="org.eclipse.equinox.http.servletbridge.nl_tr" unpack="false" version="3.5.0.v20090620043401" download-size="1378" install-size="1378" />
	<plugin fragment="true" id="org.eclipse.equinox.io.nl_tr" unpack="false" version="3.5.0.v20090620043401" download-size="1367" install-size="1367" />
	<plugin fragment="true" id="org.eclipse.equinox.ip.nl_tr" unpack="false" version="3.5.0.v20090620043401" download-size="1367" install-size="1367" />
	<plugin fragment="true" id="org.eclipse.equinox.jsp.jasper.nl_tr" unpack="false" version="3.5.0.v20090620043401" download-size="1373" install-size="1373" />
	<plugin fragment="true" id="org.eclipse.equinox.jsp.jasper.registry.nl_tr" unpack="false" version="3.5.0.v20090620043401" download-size="1378" install-size="1378" />
	<plugin fragment="true" id="org.eclipse.equinox.launcher.carbon.macosx.nl_tr" unpack="false" version="3.5.0.v20090620043401" download-size="1411" install-size="1411" />
	<plugin fragment="true" id="org.eclipse.equinox.launcher.cocoa.macosx.nl_tr" unpack="false" version="3.5.0.v20090620043401" download-size="1408" install-size="1408" />
	<plugin fragment="true" id="org.eclipse.equinox.launcher.gtk.linux.ppc.nl_tr" unpack="false" version="3.5.0.v20090620043401" download-size="1412" install-size="1412" />
	<plugin fragment="true" id="org.eclipse.equinox.launcher.gtk.linux.s390.nl_tr" unpack="false" version="3.5.0.v20090620043401" download-size="1414" install-size="1414" />
	<plugin fragment="true" id="org.eclipse.equinox.launcher.gtk.linux.s390x.nl_tr" unpack="false" version="3.5.0.v20090620043401" download-size="1417" install-size="1417" />
	<plugin fragment="true" id="org.eclipse.equinox.launcher.gtk.linux.x86.nl_tr" unpack="false" version="3.5.0.v20090620043401" download-size="1413" install-size="1413" />
	<plugin fragment="true" id="org.eclipse.equinox.launcher.gtk.solaris.sparc.nl_tr" unpack="false" version="3.5.0.v20090620043401" download-size="1422" install-size="1422" />
	<plugin fragment="true" id="org.eclipse.equinox.launcher.gtk.solaris.x86.nl_tr" unpack="false" version="3.5.0.v20090620043401" download-size="1417" install-size="1417" />
	<plugin fragment="true" id="org.eclipse.equinox.launcher.motif.aix.ppc.nl_tr" unpack="false" version="3.5.0.v20090620043401" download-size="1415" install-size="1415" />
	<plugin fragment="true" id="org.eclipse.equinox.launcher.motif.linux.x86.nl_tr" unpack="false" version="3.5.0.v20090620043401" download-size="1417" install-size="1417" />
	<plugin fragment="true" id="org.eclipse.equinox.launcher.motif.solaris.sparc.nl_tr" unpack="false" version="3.5.0.v20090620043401" download-size="1431" install-size="1431" />
	<plugin fragment="true" id="org.eclipse.equinox.launcher.nl_tr" unpack="false" version="3.5.0.v20090620043401" download-size="1375" install-size="1375" />
	<plugin fragment="true" id="org.eclipse.equinox.launcher.win32.win32.ia64.nl_tr" unpack="false" version="3.5.0.v20090620043401" download-size="1418" install-size="1418" />
	<plugin fragment="true" id="org.eclipse.equinox.launcher.win32.win32.x86.nl_tr" unpack="false" version="3.5.0.v20090620043401" download-size="1415" install-size="1415" />
	<plugin fragment="true" id="org.eclipse.equinox.launcher.wpf.win32.x86.nl_tr" unpack="false" version="3.5.0.v20090620043401" download-size="1413" install-size="1413" />
	<plugin fragment="true" id="org.eclipse.equinox.log.nl_tr" unpack="false" version="3.5.0.v20090620043401" download-size="1368" install-size="1368" />
	<plugin fragment="true" id="org.eclipse.equinox.metatype.nl_tr" unpack="false" version="3.5.0.v20090620043401" download-size="2816" install-size="2816" />
	<plugin fragment="true" id="org.eclipse.equinox.preferences.nl_tr" unpack="false" version="3.5.0.v20090620043401" download-size="3096" install-size="3096" />
	<plugin fragment="true" id="org.eclipse.equinox.registry.nl_tr" unpack="false" version="3.5.0.v20090620043401" download-size="3523" install-size="3523" />
	<plugin fragment="true" id="org.eclipse.equinox.security.nl_tr" unpack="false" version="3.5.0.v20090620043401" download-size="2639" install-size="2639" />
	<plugin fragment="true" id="org.eclipse.equinox.security.ui.nl_tr" unpack="false" version="3.5.0.v20090620043401" download-size="3616" install-size="3616" />
	<plugin fragment="true" id="org.eclipse.equinox.servletbridge.nl_tr" unpack="false" version="3.5.0.v20090620043401" download-size="1375" install-size="1375" />
	<plugin fragment="true" id="org.eclipse.equinox.transforms.xslt.nl_tr" unpack="false" version="3.5.0.v20090620043401" download-size="1374" install-size="1374" />
	<plugin fragment="true" id="org.eclipse.equinox.useradmin.nl_tr" unpack="false" version="3.5.0.v20090620043401" download-size="3209" install-size="3209" />
	<plugin fragment="true" id="org.eclipse.equinox.util.nl_tr" unpack="false" version="3.5.0.v20090620043401" download-size="1368" install-size="1368" />
	<plugin fragment="true" id="org.eclipse.equinox.wireadmin.nl_tr" unpack="false" version="3.5.0.v20090620043401" download-size="1373" install-size="1373" />
	<plugin fragment="true" id="org.eclipse.help.appserver.nl_tr" unpack="false" version="3.5.0.v20090620043401" download-size="2572" install-size="2572" />
	<plugin fragment="true" id="org.eclipse.help.base.nl_tr" unpack="false" version="3.5.0.v20090620043401" download-size="3808" install-size="3808" />
	<plugin fragment="true" id="org.eclipse.help.nl_tr" unpack="false" version="3.5.0.v20090620043401" download-size="1520" install-size="1520" />
	<plugin fragment="true" id="org.eclipse.help.ui.nl_tr" unpack="false" version="3.5.0.v20090620043401" download-size="5193" install-size="5193" />
	<plugin fragment="true" id="org.eclipse.help.webapp.nl_tr" unpack="false" version="3.5.0.v20090620043401" download-size="4495" install-size="4495" />
	<plugin fragment="true" id="org.eclipse.jdt.apt.core.nl_tr" unpack="false" version="3.5.0.v20090620043401" download-size="3855" install-size="3855" />
	<plugin fragment="true" id="org.eclipse.jdt.apt.pluggable.core.nl_tr" unpack="false" version="3.5.0.v20090620043401" download-size="1374" install-size="1374" />
	<plugin fragment="true" id="org.eclipse.jdt.apt.pluggable.tests.nl_tr" unpack="false" version="3.5.0.v20090620043401" download-size="1375" install-size="1375" />
	<plugin fragment="true" id="org.eclipse.jdt.apt.tests.nl_tr" unpack="false" version="3.5.0.v20090620043401" download-size="1369" install-size="1369" />
	<plugin fragment="true" id="org.eclipse.jdt.apt.ui.nl_tr" unpack="false" version="3.5.0.v20090620043401" download-size="4690" install-size="4690" />
	<plugin fragment="true" id="org.eclipse.jdt.compiler.apt.tests.nl_tr" unpack="false" version="3.5.0.v20090620043401" download-size="1374" install-size="1374" />
	<plugin fragment="true" id="org.eclipse.jdt.compiler.tool.tests.nl_tr" unpack="false" version="3.5.0.v20090620043401" download-size="1374" install-size="1374" />
	<plugin fragment="true" id="org.eclipse.jdt.core.manipulation.nl_tr" unpack="false" version="3.5.0.v20090620043401" download-size="3270" install-size="3270" />
	<plugin fragment="true" id="org.eclipse.jdt.core.nl_tr" unpack="false" version="3.5.0.v20090620043401" download-size="29841" install-size="29841" />
	<plugin fragment="true" id="org.eclipse.jdt.core.tests.builder.nl_tr" unpack="false" version="3.5.0.v20090620043401" download-size="1374" install-size="1374" />
	<plugin fragment="true" id="org.eclipse.jdt.core.tests.compiler.nl_tr" unpack="false" version="3.5.0.v20090620043401" download-size="1375" install-size="1375" />
	<plugin fragment="true" id="org.eclipse.jdt.core.tests.model.nl_tr" unpack="false" version="3.5.0.v20090620043401" download-size="12471" install-size="12471" />
	<plugin fragment="true" id="org.eclipse.jdt.core.tests.performance.nl_tr" unpack="false" version="3.5.0.v20090620043401" download-size="1376" install-size="1376" />
	<plugin fragment="true" id="org.eclipse.jdt.debug.nl_tr" unpack="false" version="3.5.0.v20090620043401" download-size="21623" install-size="21623" />
	<plugin fragment="true" id="org.eclipse.jdt.debug.tests.nl_tr" unpack="false" version="3.5.0.v20090620043401" download-size="1370" install-size="1370" />
	<plugin fragment="true" id="org.eclipse.jdt.debug.ui.nl_tr" unpack="false" version="3.5.0.v20090620043401" download-size="28140" install-size="28140" />
	<plugin fragment="true" id="org.eclipse.jdt.doc.isv.nl_tr" unpack="false" version="3.5.0.v20090620043401" download-size="1781" install-size="1781" />
	<plugin fragment="true" id="org.eclipse.jdt.doc.user.nl_tr" unpack="false" version="3.5.0.v20090620043401" download-size="1774" install-size="1774" />
	<plugin fragment="true" id="org.eclipse.jdt.junit.nl_tr" unpack="false" version="3.5.0.v20090620043401" download-size="9082" install-size="9082" />
	<plugin fragment="true" id="org.eclipse.jdt.junit.runtime.nl_tr" unpack="false" version="3.5.0.v20090620043401" download-size="2934" install-size="2934" />
	<plugin fragment="true" id="org.eclipse.jdt.junit4.runtime.nl_tr" unpack="false" version="3.5.0.v20090620043401" download-size="1432" install-size="1432" />
	<plugin fragment="true" id="org.eclipse.jdt.launching.macosx.nl_tr" unpack="false" version="3.5.0.v20090620043401" download-size="1375" install-size="1375" />
	<plugin fragment="true" id="org.eclipse.jdt.launching.nl_tr" unpack="false" version="3.5.0.v20090620043401" download-size="6546" install-size="6546" />
	<plugin fragment="true" id="org.eclipse.jdt.launching.ui.macosx.nl_tr" unpack="false" version="3.5.0.v20090620043401" download-size="2626" install-size="2626" />
	<plugin fragment="true" id="org.eclipse.jdt.nl_tr" unpack="false" version="3.5.0.v20090620043401" download-size="1396" install-size="1396" />
	<plugin fragment="true" id="org.eclipse.jdt.text.tests.nl_tr" unpack="false" version="3.5.0.v20090620043401" download-size="1374" install-size="1374" />
	<plugin fragment="true" id="org.eclipse.jdt.ui.examples.projects.nl_tr" unpack="false" version="3.5.0.v20090620043401" download-size="2687" install-size="2687" />
	<plugin fragment="true" id="org.eclipse.jdt.ui.nl_tr" unpack="false" version="3.5.0.v20090620043401" download-size="159601" install-size="159601" />
	<plugin fragment="true" id="org.eclipse.jdt.ui.tests.nl_tr" unpack="false" version="3.5.0.v20090620043401" download-size="1373" install-size="1373" />
	<plugin fragment="true" id="org.eclipse.jdt.ui.tests.refactoring.nl_tr" unpack="false" version="3.5.0.v20090620043401" download-size="1381" install-size="1381" />
	<plugin fragment="true" id="org.eclipse.jface.databinding.nl_tr" unpack="false" version="3.5.0.v20090620043401" download-size="1411" install-size="1411" />
	<plugin fragment="true" id="org.eclipse.jface.examples.databinding.nl_tr" unpack="false" version="3.5.0.v20090620043401" download-size="1379" install-size="1379" />
	<plugin fragment="true" id="org.eclipse.jface.nl_tr" unpack="false" version="3.5.0.v20090620043401" download-size="9679" install-size="9679" />
	<plugin fragment="true" id="org.eclipse.jface.tests.databinding.conformance.nl_tr" unpack="false" version="3.5.0.v20090620043401" download-size="1387" install-size="1387" />
	<plugin fragment="true" id="org.eclipse.jface.tests.databinding.nl_tr" unpack="false" version="3.5.0.v20090620043401" download-size="1376" install-size="1376" />
	<plugin fragment="true" id="org.eclipse.jface.text.nl_tr" unpack="false" version="3.5.0.v20090620043401" download-size="11025" install-size="11025" />
	<plugin fragment="true" id="org.eclipse.jface.text.tests.nl_tr" unpack="false" version="3.5.0.v20090620043401" download-size="1376" install-size="1376" />
	<plugin fragment="true" id="org.eclipse.jsch.core.nl_tr" unpack="false" version="3.5.0.v20090620043401" download-size="2326" install-size="2326" />
	<plugin fragment="true" id="org.eclipse.jsch.ui.nl_tr" unpack="false" version="3.5.0.v20090620043401" download-size="3839" install-size="3839" />
	<plugin fragment="true" id="org.eclipse.ltk.core.refactoring.nl_tr" unpack="false" version="3.5.0.v20090620043401" download-size="4696" install-size="4696" />
	<plugin fragment="true" id="org.eclipse.ltk.core.refactoring.tests.nl_tr" unpack="false" version="3.5.0.v20090620043401" download-size="1377" install-size="1377" />
	<plugin fragment="true" id="org.eclipse.ltk.ui.refactoring.nl_tr" unpack="false" version="3.5.0.v20090620043401" download-size="8267" install-size="8267" />
	<plugin fragment="true" id="org.eclipse.ltk.ui.refactoring.tests.nl_tr" unpack="false" version="3.5.0.v20090620043401" download-size="1376" install-size="1376" />
	<plugin fragment="true" id="org.eclipse.osgi.nl_tr" unpack="false" version="3.5.0.v20090620043401" download-size="6658" install-size="6658" />
	<plugin fragment="true" id="org.eclipse.osgi.services.nl_tr" unpack="false" version="3.5.0.v20090620043401" download-size="1560" install-size="1560" />
	<plugin fragment="true" id="org.eclipse.osgi.util.nl_tr" unpack="false" version="3.5.0.v20090620043401" download-size="1558" install-size="1558" />
	<plugin fragment="true" id="org.eclipse.pde.api.tools.nl_tr" unpack="false" version="3.5.0.v20090620043401" download-size="3666" install-size="3666" />
	<plugin fragment="true" id="org.eclipse.pde.api.tools.ui.nl_tr" unpack="false" version="3.5.0.v20090620043401" download-size="5343" install-size="5343" />
	<plugin fragment="true" id="org.eclipse.pde.build.nl_tr" unpack="false" version="3.5.0.v20090620043401" download-size="5148" install-size="5148" />
	<plugin fragment="true" id="org.eclipse.pde.build.tests.nl_tr" unpack="false" version="3.5.0.v20090620043401" download-size="1372" install-size="1372" />
	<plugin fragment="true" id="org.eclipse.pde.core.nl_tr" unpack="false" version="3.5.0.v20090620043401" download-size="7535" install-size="7535" />
	<plugin fragment="true" id="org.eclipse.pde.doc.user.nl_tr" unpack="false" version="3.5.0.v20090620043401" download-size="1781" install-size="1781" />
	<plugin fragment="true" id="org.eclipse.pde.ds.core.nl_tr" unpack="false" version="3.5.0.v20090620043401" download-size="2374" install-size="2374" />
	<plugin fragment="true" id="org.eclipse.pde.ds.tests.nl_tr" unpack="false" version="3.5.0.v20090620043401" download-size="1368" install-size="1368" />
	<plugin fragment="true" id="org.eclipse.pde.ds.ui.nl_tr" unpack="false" version="3.5.0.v20090620043401" download-size="2890" install-size="2890" />
	<plugin fragment="true" id="org.eclipse.pde.junit.runtime.nl_tr" unpack="false" version="3.5.0.v20090620043401" download-size="1410" install-size="1410" />
	<plugin fragment="true" id="org.eclipse.pde.nl_tr" unpack="false" version="3.5.0.v20090620043401" download-size="1381" install-size="1381" />
	<plugin fragment="true" id="org.eclipse.pde.runtime.nl_tr" unpack="false" version="3.5.0.v20090620043401" download-size="2766" install-size="2766" />
	<plugin fragment="true" id="org.eclipse.pde.tools.versioning.nl_tr" unpack="false" version="3.5.0.v20090620043401" download-size="1381" install-size="1381" />
	<plugin fragment="true" id="org.eclipse.pde.ua.core.nl_tr" unpack="false" version="3.5.0.v20090620043401" download-size="1367" install-size="1367" />
	<plugin fragment="true" id="org.eclipse.pde.ua.ui.nl_tr" unpack="false" version="3.5.0.v20090620043401" download-size="10935" install-size="10935" />
	<plugin fragment="true" id="org.eclipse.pde.ui.nl_tr" unpack="false" version="3.5.0.v20090620043401" download-size="35496" install-size="35496" />
	<plugin fragment="true" id="org.eclipse.pde.ui.templates.nl_tr" unpack="false" version="3.5.0.v20090620043401" download-size="2712" install-size="2712" />
	<plugin fragment="true" id="org.eclipse.platform.doc.isv.nl_tr" unpack="false" version="3.5.0.v20090620043401" download-size="1421" install-size="1421" />
	<plugin fragment="true" id="org.eclipse.platform.doc.user.nl_tr" unpack="false" version="3.5.0.v20090620043401" download-size="1424" install-size="1424" />
	<plugin fragment="true" id="org.eclipse.platform.nl_tr" unpack="false" version="3.5.0.v20090620043401" download-size="2363" install-size="2363" />
	<plugin fragment="true" id="org.eclipse.rcp.nl_tr" unpack="false" version="3.5.0.v20090620043401" download-size="1727" install-size="1727" />
	<plugin fragment="true" id="org.eclipse.releng.tools.nl_tr" unpack="false" version="3.5.0.v20090620043401" download-size="2237" install-size="2237" />
	<plugin fragment="true" id="org.eclipse.sdk.examples.nl_tr" unpack="false" version="3.5.0.v20090620043401" download-size="1369" install-size="1369" />
	<plugin fragment="true" id="org.eclipse.sdk.nl_tr" unpack="false" version="3.5.0.v20090620043401" download-size="2750" install-size="2750" />
	<plugin fragment="true" id="org.eclipse.sdk.tests.nl_tr" unpack="false" version="3.5.0.v20090620043401" download-size="1366" install-size="1366" />
	<plugin fragment="true" id="org.eclipse.search.nl_tr" unpack="false" version="3.5.0.v20090620043401" download-size="8035" install-size="8035" />
	<plugin fragment="true" id="org.eclipse.search.tests.nl_tr" unpack="false" version="3.5.0.v20090620043401" download-size="1368" install-size="1368" />
	<plugin fragment="true" id="org.eclipse.swt.examples.browser.demos.nl_tr" unpack="false" version="3.5.0.v20090620043401" download-size="1377" install-size="1377" />
	<plugin fragment="true" id="org.eclipse.swt.examples.browser.nl_tr" unpack="false" version="3.5.0.v20090620043401" download-size="1422" install-size="1422" />
	<plugin fragment="true" id="org.eclipse.swt.examples.controls.nl_tr" unpack="false" version="3.5.0.v20090620043401" download-size="1373" install-size="1373" />
	<plugin fragment="true" id="org.eclipse.swt.examples.launcher.nl_tr" unpack="false" version="3.5.0.v20090620043401" download-size="1470" install-size="1470" />
	<plugin fragment="true" id="org.eclipse.swt.examples.layouts.nl_tr" unpack="false" version="3.5.0.v20090620043401" download-size="1373" install-size="1373" />
	<plugin fragment="true" id="org.eclipse.swt.examples.nl_tr" unpack="false" version="3.5.0.v20090620043401" download-size="6527" install-size="6527" />
	<plugin fragment="true" id="org.eclipse.swt.examples.ole.win32.nl_tr" unpack="false" version="3.5.0.v20090620043401" download-size="1472" install-size="1472" />
	<plugin fragment="true" id="org.eclipse.swt.examples.paint.nl_tr" unpack="false" version="3.5.0.v20090620043401" download-size="1373" install-size="1373" />
	<plugin fragment="true" id="org.eclipse.swt.nl_tr" unpack="false" version="3.5.0.v20090620043401" download-size="2383" install-size="2383" />
	<plugin fragment="true" id="org.eclipse.swt.tests.nl_tr" unpack="false" version="3.5.0.v20090620043401" download-size="1388" install-size="1388" />
	<plugin fragment="true" id="org.eclipse.swt.tools.nl_tr" unpack="false" version="3.5.0.v20090620043401" download-size="1381" install-size="1381" />
	<plugin fragment="true" id="org.eclipse.team.core.nl_tr" unpack="false" version="3.5.0.v20090620043401" download-size="4470" install-size="4470" />
	<plugin fragment="true" id="org.eclipse.team.cvs.core.nl_tr" unpack="false" version="3.5.0.v20090620043401" download-size="8425" install-size="8425" />
	<plugin fragment="true" id="org.eclipse.team.cvs.ssh.nl_tr" unpack="false" version="3.5.0.v20090620043401" download-size="3124" install-size="3124" />
	<plugin fragment="true" id="org.eclipse.team.cvs.ssh2.nl_tr" unpack="false" version="3.5.0.v20090620043401" download-size="3576" install-size="3576" />
	<plugin fragment="true" id="org.eclipse.team.cvs.ui.nl_tr" unpack="false" version="3.5.0.v20090620043401" download-size="26421" install-size="26421" />
	<plugin fragment="true" id="org.eclipse.team.examples.filesystem.nl_tr" unpack="false" version="3.5.0.v20090620043401" download-size="2346" install-size="2346" />
	<plugin fragment="true" id="org.eclipse.team.tests.cvs.core.nl_tr" unpack="false" version="3.5.0.v20090620043401" download-size="1439" install-size="1439" />
	<plugin fragment="true" id="org.eclipse.team.ui.nl_tr" unpack="false" version="3.5.0.v20090620043401" download-size="12559" install-size="12559" />
	<plugin fragment="true" id="org.eclipse.text.nl_tr" unpack="false" version="3.5.0.v20090620043401" download-size="3819" install-size="3819" />
	<plugin fragment="true" id="org.eclipse.text.tests.nl_tr" unpack="false" version="3.5.0.v20090620043401" download-size="1392" install-size="1392" />
	<plugin fragment="true" id="org.eclipse.ui.browser.nl_tr" unpack="false" version="3.5.0.v20090620043401" download-size="3714" install-size="3714" />
	<plugin fragment="true" id="org.eclipse.ui.cheatsheets.nl_tr" unpack="false" version="3.5.0.v20090620043401" download-size="5804" install-size="5804" />
	<plugin fragment="true" id="org.eclipse.ui.console.nl_tr" unpack="false" version="3.5.0.v20090620043401" download-size="3432" install-size="3432" />
	<plugin fragment="true" id="org.eclipse.ui.editors.nl_tr" unpack="false" version="3.5.0.v20090620043401" download-size="12746" install-size="12746" />
	<plugin fragment="true" id="org.eclipse.ui.editors.tests.nl_tr" unpack="false" version="3.5.0.v20090620043401" download-size="1375" install-size="1375" />
	<plugin fragment="true" id="org.eclipse.ui.examples.contributions.nl_tr" unpack="false" version="3.5.0.v20090620043401" download-size="1576" install-size="1576" />
	<plugin fragment="true" id="org.eclipse.ui.examples.fieldassist.nl_tr" unpack="false" version="3.5.0.v20090620043401" download-size="2294" install-size="2294" />
	<plugin fragment="true" id="org.eclipse.ui.examples.javaeditor.nl_tr" unpack="false" version="3.5.0.v20090620043401" download-size="2414" install-size="2414" />
	<plugin fragment="true" id="org.eclipse.ui.examples.multipageeditor.nl_tr" unpack="false" version="3.5.0.v20090620043401" download-size="2346" install-size="2346" />
	<plugin fragment="true" id="org.eclipse.ui.examples.propertysheet.nl_tr" unpack="false" version="3.5.0.v20090620043401" download-size="2420" install-size="2420" />
	<plugin fragment="true" id="org.eclipse.ui.examples.readmetool.nl_tr" unpack="false" version="3.5.0.v20090620043401" download-size="2326" install-size="2326" />
	<plugin fragment="true" id="org.eclipse.ui.examples.undo.nl_tr" unpack="false" version="3.5.0.v20090620043401" download-size="2214" install-size="2214" />
	<plugin fragment="true" id="org.eclipse.ui.examples.views.properties.tabbed.article.nl_tr" unpack="false" version="3.5.0.v20090620043401" download-size="1480" install-size="1480" />
	<plugin fragment="true" id="org.eclipse.ui.externaltools.nl_tr" unpack="false" version="3.5.0.v20090620043401" download-size="9031" install-size="9031" />
	<plugin fragment="true" id="org.eclipse.ui.forms.nl_tr" unpack="false" version="3.5.0.v20090620043401" download-size="2306" install-size="2306" />
	<plugin fragment="true" id="org.eclipse.ui.ide.application.nl_tr" unpack="false" version="3.5.0.v20090620043401" download-size="1501" install-size="1501" />
	<plugin fragment="true" id="org.eclipse.ui.ide.nl_tr" unpack="false" version="3.5.0.v20090620043401" download-size="29590" install-size="29590" />
	<plugin fragment="true" id="org.eclipse.ui.intro.nl_tr" unpack="false" version="3.5.0.v20090620043401" download-size="3738" install-size="3738" />
	<plugin fragment="true" id="org.eclipse.ui.intro.universal.nl_tr" unpack="false" version="3.5.0.v20090620043401" download-size="5948" install-size="5948" />
	<plugin fragment="true" id="org.eclipse.ui.navigator.nl_tr" unpack="false" version="3.5.0.v20090620043401" download-size="3939" install-size="3939" />
	<plugin fragment="true" id="org.eclipse.ui.navigator.resources.nl_tr" unpack="false" version="3.5.0.v20090620043401" download-size="3535" install-size="3535" />
	<plugin fragment="true" id="org.eclipse.ui.net.nl_tr" unpack="false" version="3.5.0.v20090620043401" download-size="2395" install-size="2395" />
	<plugin fragment="true" id="org.eclipse.ui.nl_tr" unpack="false" version="3.5.0.v20090620043401" download-size="5214" install-size="5214" />
	<plugin fragment="true" id="org.eclipse.ui.presentations.r21.nl_tr" unpack="false" version="3.5.0.v20090620043401" download-size="2549" install-size="2549" />
	<plugin fragment="true" id="org.eclipse.ui.tests.views.properties.tabbed.nl_tr" unpack="false" version="3.5.0.v20090620043401" download-size="1433" install-size="1433" />
	<plugin fragment="true" id="org.eclipse.ui.views.log.nl_tr" unpack="false" version="3.5.0.v20090620043401" download-size="2776" install-size="2776" />
	<plugin fragment="true" id="org.eclipse.ui.views.nl_tr" unpack="false" version="3.5.0.v20090620043401" download-size="3186" install-size="3186" />
	<plugin fragment="true" id="org.eclipse.ui.views.properties.tabbed.nl_tr" unpack="false" version="3.5.0.v20090620043401" download-size="3108" install-size="3108" />
	<plugin fragment="true" id="org.eclipse.ui.workbench.nl_tr" unpack="false" version="3.5.0.v20090620043401" download-size="26361" install-size="26361" />
	<plugin fragment="true" id="org.eclipse.ui.workbench.texteditor.nl_tr" unpack="false" version="3.5.0.v20090620043401" download-size="12146" install-size="12146" />
	<plugin fragment="true" id="org.eclipse.ui.workbench.texteditor.tests.nl_tr" unpack="false" version="3.5.0.v20090620043401" download-size="1384" install-size="1384" />
	<plugin fragment="true" id="org.eclipse.update.configurator.nl_tr" unpack="false" version="3.5.0.v20090620043401" download-size="3515" install-size="3515" />
	<plugin fragment="true" id="org.eclipse.update.core.nl_tr" unpack="false" version="3.5.0.v20090620043401" download-size="8699" install-size="8699" />
	<plugin fragment="true" id="org.eclipse.update.scheduler.nl_tr" unpack="false" version="3.5.0.v20090620043401" download-size="2953" install-size="2953" />
	<plugin fragment="true" id="org.eclipse.update.tests.core.nl_tr" unpack="false" version="3.5.0.v20090620043401" download-size="1616" install-size="1616" />
	<plugin fragment="true" id="org.eclipse.update.ui.nl_tr" unpack="false" version="3.5.0.v20090620043401" download-size="9598" install-size="9598" />
	<plugin fragment="true" id="org.junit4.nl_tr" unpack="false" version="3.5.0.v20090620043401" download-size="1360" install-size="1360" />
	<plugin fragment="true" id="security.a.nl_tr" unpack="false" version="3.5.0.v20090620043401" download-size="1376" install-size="1376" />
</feature>