<?xml version="1.0" encoding="UTF-8" ?>
<feature
	id="org.eclipse.babel.nls_webtools.sourceediting_it"
	label="Babel Language Pack for webtools.sourceediting in Italian (73.51%)"
	image="eclipse_update_120.jpg"
	provider-name="%providerName"
	version="3.5.0.v20090620043401">
	<copyright>
		%copyright
	</copyright>
	<license url="%licenseURL">
		%license
	</license>
	<description>Babel Language Pack for webtools.sourceediting in Italian</description>
	<plugin fragment="true" id="org.eclipse.jst.jsp.core.nl_it" unpack="false" version="3.5.0.v20090620043401" download-size="3013" install-size="3013" />
	<plugin fragment="true" id="org.eclipse.jst.jsp.ui.infopop.nl_it" unpack="false" version="3.5.0.v20090620043401" download-size="1411" install-size="1411" />
	<plugin fragment="true" id="org.eclipse.jst.jsp.ui.nl_it" unpack="false" version="3.5.0.v20090620043401" download-size="5887" install-size="5887" />
	<plugin fragment="true" id="org.eclipse.jst.standard.schemas.nl_it" unpack="false" version="3.5.0.v20090620043401" download-size="1377" install-size="1377" />
	<plugin fragment="true" id="org.eclipse.wst.css.core.nl_it" unpack="false" version="3.5.0.v20090620043401" download-size="3365" install-size="3365" />
	<plugin fragment="true" id="org.eclipse.wst.css.ui.nl_it" unpack="false" version="3.5.0.v20090620043401" download-size="4930" install-size="4930" />
	<plugin fragment="true" id="org.eclipse.wst.doc.user.nl_it" unpack="false" version="3.5.0.v20090620043401" download-size="1403" install-size="1403" />
	<plugin fragment="true" id="org.eclipse.wst.dtd.core.nl_it" unpack="false" version="3.5.0.v20090620043401" download-size="4388" install-size="4388" />
	<plugin fragment="true" id="org.eclipse.wst.dtd.ui.infopop.nl_it" unpack="false" version="3.5.0.v20090620043401" download-size="1405" install-size="1405" />
	<plugin fragment="true" id="org.eclipse.wst.dtd.ui.nl_it" unpack="false" version="3.5.0.v20090620043401" download-size="4976" install-size="4976" />
	<plugin fragment="true" id="org.eclipse.wst.dtdeditor.doc.user.nl_it" unpack="false" version="3.5.0.v20090620043401" download-size="1374" install-size="1374" />
	<plugin fragment="true" id="org.eclipse.wst.html.core.nl_it" unpack="false" version="3.5.0.v20090620043401" download-size="5245" install-size="5245" />
	<plugin fragment="true" id="org.eclipse.wst.html.ui.infopop.nl_it" unpack="false" version="3.5.0.v20090620043401" download-size="1410" install-size="1410" />
	<plugin fragment="true" id="org.eclipse.wst.html.ui.nl_it" unpack="false" version="3.5.0.v20090620043401" download-size="5949" install-size="5949" />
	<plugin fragment="true" id="org.eclipse.wst.javascript.core.nl_it" unpack="false" version="3.5.0.v20090620043401" download-size="2649" install-size="2649" />
	<plugin fragment="true" id="org.eclipse.wst.javascript.ui.infopop.nl_it" unpack="false" version="3.5.0.v20090620043401" download-size="1407" install-size="1407" />
	<plugin fragment="true" id="org.eclipse.wst.javascript.ui.nl_it" unpack="false" version="3.5.0.v20090620043401" download-size="5475" install-size="5475" />
	<plugin fragment="true" id="org.eclipse.wst.jsdt.core.nl_it" unpack="false" version="3.5.0.v20090620043401" download-size="19515" install-size="19515" />
	<plugin fragment="true" id="org.eclipse.wst.jsdt.doc.nl_it" unpack="false" version="3.5.0.v20090620043401" download-size="1369" install-size="1369" />
	<plugin fragment="true" id="org.eclipse.wst.jsdt.manipulation.nl_it" unpack="false" version="3.5.0.v20090620043401" download-size="3341" install-size="3341" />
	<plugin fragment="true" id="org.eclipse.wst.jsdt.support.firefox.nl_it" unpack="false" version="3.5.0.v20090620043401" download-size="1376" install-size="1376" />
	<plugin fragment="true" id="org.eclipse.wst.jsdt.support.ie.nl_it" unpack="false" version="3.5.0.v20090620043401" download-size="1375" install-size="1375" />
	<plugin fragment="true" id="org.eclipse.wst.jsdt.ui.nl_it" unpack="false" version="3.5.0.v20090620043401" download-size="114670" install-size="114670" />
	<plugin fragment="true" id="org.eclipse.wst.jsdt.web.core.nl_it" unpack="false" version="3.5.0.v20090620043401" download-size="2639" install-size="2639" />
	<plugin fragment="true" id="org.eclipse.wst.jsdt.web.support.jsp.nl_it" unpack="false" version="3.5.0.v20090620043401" download-size="1378" install-size="1378" />
	<plugin fragment="true" id="org.eclipse.wst.jsdt.web.ui.nl_it" unpack="false" version="3.5.0.v20090620043401" download-size="4882" install-size="4882" />
	<plugin fragment="true" id="org.eclipse.wst.sse.core.nl_it" unpack="false" version="3.5.0.v20090620043401" download-size="4142" install-size="4142" />
	<plugin fragment="true" id="org.eclipse.wst.sse.doc.user.nl_it" unpack="false" version="3.5.0.v20090620043401" download-size="1415" install-size="1415" />
	<plugin fragment="true" id="org.eclipse.wst.sse.ui.infopop.nl_it" unpack="false" version="3.5.0.v20090620043401" download-size="1397" install-size="1397" />
	<plugin fragment="true" id="org.eclipse.wst.sse.ui.nl_it" unpack="false" version="3.5.0.v20090620043401" download-size="8132" install-size="8132" />
	<plugin fragment="true" id="org.eclipse.wst.standard.schemas.nl_it" unpack="false" version="3.5.0.v20090620043401" download-size="1377" install-size="1377" />
	<plugin fragment="true" id="org.eclipse.wst.web.nl_it" unpack="false" version="3.5.0.v20090620043401" download-size="2010" install-size="2010" />
	<plugin fragment="true" id="org.eclipse.wst.web.ui.nl_it" unpack="false" version="3.5.0.v20090620043401" download-size="1421" install-size="1421" />
	<plugin fragment="true" id="org.eclipse.wst.webtools.doc.user.nl_it" unpack="false" version="3.5.0.v20090620043401" download-size="1402" install-size="1402" />
	<plugin fragment="true" id="org.eclipse.wst.xml.core.nl_it" unpack="false" version="3.5.0.v20090620043401" download-size="3685" install-size="3685" />
	<plugin fragment="true" id="org.eclipse.wst.xml.ui.infopop.nl_it" unpack="false" version="3.5.0.v20090620043401" download-size="1396" install-size="1396" />
	<plugin fragment="true" id="org.eclipse.wst.xml.ui.nl_it" unpack="false" version="3.5.0.v20090620043401" download-size="13631" install-size="13631" />
	<plugin fragment="true" id="org.eclipse.wst.xml.xpath.core.nl_it" unpack="false" version="3.5.0.v20090620043401" download-size="1373" install-size="1373" />
	<plugin fragment="true" id="org.eclipse.wst.xml.xpath.ui.nl_it" unpack="false" version="3.5.0.v20090620043401" download-size="3043" install-size="3043" />
	<plugin fragment="true" id="org.eclipse.wst.xml.xpath2.processor.nl_it" unpack="false" version="3.5.0.v20090620043401" download-size="1376" install-size="1376" />
	<plugin fragment="true" id="org.eclipse.wst.xmleditor.doc.user.nl_it" unpack="false" version="3.5.0.v20090620043401" download-size="1375" install-size="1375" />
	<plugin fragment="true" id="org.eclipse.wst.xsd.core.nl_it" unpack="false" version="3.5.0.v20090620043401" download-size="1487" install-size="1487" />
	<plugin fragment="true" id="org.eclipse.wst.xsd.ui.nl_it" unpack="false" version="3.5.0.v20090620043401" download-size="18588" install-size="18588" />
	<plugin fragment="true" id="org.eclipse.wst.xsdeditor.doc.user.nl_it" unpack="false" version="3.5.0.v20090620043401" download-size="1406" install-size="1406" />
	<plugin fragment="true" id="org.eclipse.wst.xsl.core.nl_it" unpack="false" version="3.5.0.v20090620043401" download-size="1385" install-size="1385" />
	<plugin fragment="true" id="org.eclipse.wst.xsl.debug.ui.nl_it" unpack="false" version="3.5.0.v20090620043401" download-size="4087" install-size="4087" />
	<plugin fragment="true" id="org.eclipse.wst.xsl.doc.nl_it" unpack="false" version="3.5.0.v20090620043401" download-size="1367" install-size="1367" />
	<plugin fragment="true" id="org.eclipse.wst.xsl.jaxp.debug.nl_it" unpack="false" version="3.5.0.v20090620043401" download-size="3034" install-size="3034" />
	<plugin fragment="true" id="org.eclipse.wst.xsl.jaxp.debug.ui.nl_it" unpack="false" version="3.5.0.v20090620043401" download-size="4093" install-size="4093" />
	<plugin fragment="true" id="org.eclipse.wst.xsl.jaxp.launching.nl_it" unpack="false" version="3.5.0.v20090620043401" download-size="2851" install-size="2851" />
	<plugin fragment="true" id="org.eclipse.wst.xsl.launching.nl_it" unpack="false" version="3.5.0.v20090620043401" download-size="1404" install-size="1404" />
	<plugin fragment="true" id="org.eclipse.wst.xsl.launching.tests.nl_it" unpack="false" version="3.5.0.v20090620043401" download-size="1380" install-size="1380" />
	<plugin fragment="true" id="org.eclipse.wst.xsl.nl_it" unpack="false" version="3.5.0.v20090620043401" download-size="1369" install-size="1369" />
	<plugin fragment="true" id="org.eclipse.wst.xsl.saxon.nl_it" unpack="false" version="3.5.0.v20090620043401" download-size="1372" install-size="1372" />
	<plugin fragment="true" id="org.eclipse.wst.xsl.sdk.documentation.nl_it" unpack="false" version="3.5.0.v20090620043401" download-size="1377" install-size="1377" />
	<plugin fragment="true" id="org.eclipse.wst.xsl.tests.nl_it" unpack="false" version="3.5.0.v20090620043401" download-size="1373" install-size="1373" />
	<plugin fragment="true" id="org.eclipse.wst.xsl.ui.nl_it" unpack="false" version="3.5.0.v20090620043401" download-size="2625" install-size="2625" />
	<plugin fragment="true" id="org.eclipse.wst.xsl.xalan.nl_it" unpack="false" version="3.5.0.v20090620043401" download-size="1415" install-size="1415" />
</feature>