<?xml version="1.0" encoding="UTF-8" ?>
<feature
	id="org.eclipse.babel.nls_technology.actf_iw"
	label="Babel Language Pack for technology.actf in Hebrew (6.28%)"
	image="eclipse_update_120.jpg"
	provider-name="%providerName"
	version="3.5.0.v20090620043401">
	<copyright>
		%copyright
	</copyright>
	<license url="%licenseURL">
		%license
	</license>
	<description>Babel Language Pack for technology.actf in Hebrew</description>
	<plugin fragment="true" id="org.eclipse.actf.core.nl_iw" unpack="false" version="3.5.0.v20090620043401" download-size="1603" install-size="1603" />
	<plugin fragment="true" id="org.eclipse.actf.model.flash.proxy.nl_iw" unpack="false" version="3.5.0.v20090620043401" download-size="1899" install-size="1899" />
	<plugin fragment="true" id="org.eclipse.actf.model.ui.nl_iw" unpack="false" version="3.5.0.v20090620043401" download-size="1546" install-size="1546" />
	<plugin fragment="true" id="org.eclipse.actf.ui.nl_iw" unpack="false" version="3.5.0.v20090620043401" download-size="1729" install-size="1729" />
	<plugin fragment="true" id="org.eclipse.actf.util.vocab.nl_iw" unpack="false" version="3.5.0.v20090620043401" download-size="1392" install-size="1392" />
	<plugin fragment="true" id="org.eclipse.actf.visualization.doc.isv.nl_iw" unpack="false" version="3.5.0.v20090620043401" download-size="1377" install-size="1377" />
	<plugin fragment="true" id="org.eclipse.actf.visualization.engines.blind.html.nl_iw" unpack="false" version="3.5.0.v20090620043401" download-size="1412" install-size="1412" />
	<plugin fragment="true" id="org.eclipse.actf.visualization.engines.blind.nl_iw" unpack="false" version="3.5.0.v20090620043401" download-size="1696" install-size="1696" />
	<plugin fragment="true" id="org.eclipse.actf.visualization.eval.nl_iw" unpack="false" version="3.5.0.v20090620043401" download-size="1849" install-size="1849" />
	<plugin fragment="true" id="org.eclipse.actf.visualization.gui.nl_iw" unpack="false" version="3.5.0.v20090620043401" download-size="1910" install-size="1910" />
	<plugin fragment="true" id="org.eclipse.actf.visualization.presentation.nl_iw" unpack="false" version="3.5.0.v20090620043401" download-size="1397" install-size="1397" />
	<plugin fragment="true" id="org.eclipse.actf.visualization.ui.report.nl_iw" unpack="false" version="3.5.0.v20090620043401" download-size="1458" install-size="1458" />
</feature>