<?xml version="1.0" encoding="UTF-8" ?>
<feature
	id="org.eclipse.babel.nls_tools.pdt_en_AA"
	label="Babel Language Pack for tools.pdt in Pseudo Translations (100%)"
	image="eclipse_update_120.jpg"
	provider-name="%providerName"
	version="3.5.0.v20090620043401">
	<copyright>
		%copyright
	</copyright>
	<license url="%licenseURL">
		%license
	</license>
	<description>Babel Language Pack for tools.pdt in Pseudo Translations</description>
	<plugin fragment="true" id="org.eclipse.dltk.core.tests.nl_en_AA" unpack="false" version="3.5.0.v20090620043401" download-size="1471" install-size="1471" />
	<plugin fragment="true" id="org.eclipse.php.core.nl_en_AA" unpack="false" version="3.5.0.v20090620043401" download-size="4023" install-size="4023" />
	<plugin fragment="true" id="org.eclipse.php.core.parser.nl_en_AA" unpack="false" version="3.5.0.v20090620043401" download-size="1423" install-size="1423" />
	<plugin fragment="true" id="org.eclipse.php.debug.core.nl_en_AA" unpack="false" version="3.5.0.v20090620043401" download-size="4941" install-size="4941" />
	<plugin fragment="true" id="org.eclipse.php.debug.ui.nl_en_AA" unpack="false" version="3.5.0.v20090620043401" download-size="5659" install-size="5659" />
	<plugin fragment="true" id="org.eclipse.php.nl_en_AA" unpack="false" version="3.5.0.v20090620043401" download-size="1503" install-size="1503" />
	<plugin fragment="true" id="org.eclipse.php.server.core.nl_en_AA" unpack="false" version="3.5.0.v20090620043401" download-size="2371" install-size="2371" />
	<plugin fragment="true" id="org.eclipse.php.server.ui.nl_en_AA" unpack="false" version="3.5.0.v20090620043401" download-size="3646" install-size="3646" />
	<plugin fragment="true" id="org.eclipse.php.test.nl_en_AA" unpack="false" version="3.5.0.v20090620043401" download-size="1419" install-size="1419" />
	<plugin fragment="true" id="org.eclipse.php.ui.nl_en_AA" unpack="false" version="3.5.0.v20090620043401" download-size="60743" install-size="60743" />
	<plugin fragment="true" id="org.eclipse.test.nl_en_AA" unpack="false" version="3.5.0.v20090620043401" download-size="1421" install-size="1421" />
</feature>