<?xml version="1.0" encoding="UTF-8" ?>
<feature
	id="org.eclipse.babel.nls_webtools.common_ja"
	label="Babel Language Pack for webtools.common in Japanese (53.34%)"
	image="eclipse_update_120.jpg"
	provider-name="%providerName"
	version="3.5.0.v20090620043401">
	<copyright>
		%copyright
	</copyright>
	<license url="%licenseURL">
		%license
	</license>
	<description>Babel Language Pack for webtools.common in Japanese</description>
	<plugin fragment="true" id="org.eclipse.jem.util.nl_ja" unpack="false" version="3.5.0.v20090620043401" download-size="1911" install-size="1911" />
	<plugin fragment="true" id="org.eclipse.jst.common.annotations.controller.nl_ja" unpack="false" version="3.5.0.v20090620043401" download-size="2120" install-size="2120" />
	<plugin fragment="true" id="org.eclipse.jst.common.annotations.core.nl_ja" unpack="false" version="3.5.0.v20090620043401" download-size="1850" install-size="1850" />
	<plugin fragment="true" id="org.eclipse.jst.common.annotations.ui.nl_ja" unpack="false" version="3.5.0.v20090620043401" download-size="1782" install-size="1782" />
	<plugin fragment="true" id="org.eclipse.jst.common.fproj.enablement.jdt.sdk.nl_ja" unpack="false" version="3.5.0.v20090620043401" download-size="1383" install-size="1383" />
	<plugin fragment="true" id="org.eclipse.jst.common.frameworks.nl_ja" unpack="false" version="3.5.0.v20090620043401" download-size="1413" install-size="1413" />
	<plugin fragment="true" id="org.eclipse.jst.common.project.facet.core.nl_ja" unpack="false" version="3.5.0.v20090620043401" download-size="3253" install-size="3253" />
	<plugin fragment="true" id="org.eclipse.jst.common.project.facet.ui.nl_ja" unpack="false" version="3.5.0.v20090620043401" download-size="5231" install-size="5231" />
	<plugin fragment="true" id="org.eclipse.wst.common.api.doc.nl_ja" unpack="false" version="3.5.0.v20090620043401" download-size="1372" install-size="1372" />
	<plugin fragment="true" id="org.eclipse.wst.common.core.nl_ja" unpack="false" version="3.5.0.v20090620043401" download-size="2663" install-size="2663" />
	<plugin fragment="true" id="org.eclipse.wst.common.emf.nl_ja" unpack="false" version="3.5.0.v20090620043401" download-size="2163" install-size="2163" />
	<plugin fragment="true" id="org.eclipse.wst.common.emfworkbench.integration.nl_ja" unpack="false" version="3.5.0.v20090620043401" download-size="3024" install-size="3024" />
	<plugin fragment="true" id="org.eclipse.wst.common.environment.nl_ja" unpack="false" version="3.5.0.v20090620043401" download-size="3252" install-size="3252" />
	<plugin fragment="true" id="org.eclipse.wst.common.fproj.sdk.nl_ja" unpack="false" version="3.5.0.v20090620043401" download-size="1374" install-size="1374" />
	<plugin fragment="true" id="org.eclipse.wst.common.frameworks.nl_ja" unpack="false" version="3.5.0.v20090620043401" download-size="3094" install-size="3094" />
	<plugin fragment="true" id="org.eclipse.wst.common.frameworks.ui.nl_ja" unpack="false" version="3.5.0.v20090620043401" download-size="4534" install-size="4534" />
	<plugin fragment="true" id="org.eclipse.wst.common.infopop.nl_ja" unpack="false" version="3.5.0.v20090620043401" download-size="1408" install-size="1408" />
	<plugin fragment="true" id="org.eclipse.wst.common.modulecore.nl_ja" unpack="false" version="3.5.0.v20090620043401" download-size="2358" install-size="2358" />
	<plugin fragment="true" id="org.eclipse.wst.common.project.facet.core.nl_ja" unpack="false" version="3.5.0.v20090620043401" download-size="12791" install-size="12791" />
	<plugin fragment="true" id="org.eclipse.wst.common.project.facet.doc.api.nl_ja" unpack="false" version="3.5.0.v20090620043401" download-size="1380" install-size="1380" />
	<plugin fragment="true" id="org.eclipse.wst.common.project.facet.ui.nl_ja" unpack="false" version="3.5.0.v20090620043401" download-size="8365" install-size="8365" />
	<plugin fragment="true" id="org.eclipse.wst.common.snippets.nl_ja" unpack="false" version="3.5.0.v20090620043401" download-size="3582" install-size="3582" />
	<plugin fragment="true" id="org.eclipse.wst.common.ui.nl_ja" unpack="false" version="3.5.0.v20090620043401" download-size="6048" install-size="6048" />
	<plugin fragment="true" id="org.eclipse.wst.common.ui.properties.nl_ja" unpack="false" version="3.5.0.v20090620043401" download-size="3091" install-size="3091" />
	<plugin fragment="true" id="org.eclipse.wst.common.uriresolver.nl_ja" unpack="false" version="3.5.0.v20090620043401" download-size="1469" install-size="1469" />
	<plugin fragment="true" id="org.eclipse.wst.internet.cache.nl_ja" unpack="false" version="3.5.0.v20090620043401" download-size="3300" install-size="3300" />
	<plugin fragment="true" id="org.eclipse.wst.validation.doc.isv.nl_ja" unpack="false" version="3.5.0.v20090620043401" download-size="1379" install-size="1379" />
	<plugin fragment="true" id="org.eclipse.wst.validation.infopop.nl_ja" unpack="false" version="3.5.0.v20090620043401" download-size="1428" install-size="1428" />
	<plugin fragment="true" id="org.eclipse.wst.validation.nl_ja" unpack="false" version="3.5.0.v20090620043401" download-size="5647" install-size="5647" />
	<plugin fragment="true" id="org.eclipse.wst.validation.ui.nl_ja" unpack="false" version="3.5.0.v20090620043401" download-size="4276" install-size="4276" />
</feature>