<?xml version="1.0" encoding="UTF-8" ?>
<feature
	id="org.eclipse.babel.nls_modeling.tmf_zh_TW"
	label="Babel Language Pack for modeling.tmf in Chinese (Traditional) (41.26%)"
	image="eclipse_update_120.jpg"
	provider-name="%providerName"
	version="3.5.0.v20090620043401">
	<copyright>
		%copyright
	</copyright>
	<license url="%licenseURL">
		%license
	</license>
	<description>Babel Language Pack for modeling.tmf in Chinese (Traditional)</description>
	<plugin fragment="true" id="org.antlr.runtime.nl_zh_TW" unpack="false" version="3.5.0.v20090620043401" download-size="1385" install-size="1385" />
	<plugin fragment="true" id="org.eclipse.test.nl_zh_TW" unpack="false" version="3.5.0.v20090620043401" download-size="1382" install-size="1382" />
	<plugin fragment="true" id="org.eclipse.xtext.activities.nl_zh_TW" unpack="false" version="3.5.0.v20090620043401" download-size="1391" install-size="1391" />
	<plugin fragment="true" id="org.eclipse.xtext.bootstrap.nl_zh_TW" unpack="false" version="3.5.0.v20090620043401" download-size="1390" install-size="1390" />
	<plugin fragment="true" id="org.eclipse.xtext.doc.nl_zh_TW" unpack="false" version="3.5.0.v20090620043401" download-size="1386" install-size="1386" />
	<plugin fragment="true" id="org.eclipse.xtext.example.domainmodel.nl_zh_TW" unpack="false" version="3.5.0.v20090620043401" download-size="1405" install-size="1405" />
	<plugin fragment="true" id="org.eclipse.xtext.example.ecoredsl.nl_zh_TW" unpack="false" version="3.5.0.v20090620043401" download-size="1399" install-size="1399" />
	<plugin fragment="true" id="org.eclipse.xtext.example.fowlerdsl.nl_zh_TW" unpack="false" version="3.5.0.v20090620043401" download-size="1400" install-size="1400" />
	<plugin fragment="true" id="org.eclipse.xtext.generator.nl_zh_TW" unpack="false" version="3.5.0.v20090620043401" download-size="1390" install-size="1390" />
	<plugin fragment="true" id="org.eclipse.xtext.generator.tests.nl_zh_TW" unpack="false" version="3.5.0.v20090620043401" download-size="1398" install-size="1398" />
	<plugin fragment="true" id="org.eclipse.xtext.logging.nl_zh_TW" unpack="false" version="3.5.0.v20090620043401" download-size="1390" install-size="1390" />
	<plugin fragment="true" id="org.eclipse.xtext.nl_zh_TW" unpack="false" version="3.5.0.v20090620043401" download-size="1383" install-size="1383" />
	<plugin fragment="true" id="org.eclipse.xtext.reference.nl_zh_TW" unpack="false" version="3.5.0.v20090620043401" download-size="1394" install-size="1394" />
	<plugin fragment="true" id="org.eclipse.xtext.ui.common.nl_zh_TW" unpack="false" version="3.5.0.v20090620043401" download-size="1394" install-size="1394" />
	<plugin fragment="true" id="org.eclipse.xtext.ui.common.tests.nl_zh_TW" unpack="false" version="3.5.0.v20090620043401" download-size="1398" install-size="1398" />
	<plugin fragment="true" id="org.eclipse.xtext.ui.core.nl_zh_TW" unpack="false" version="3.5.0.v20090620043401" download-size="3090" install-size="3090" />
	<plugin fragment="true" id="org.eclipse.xtext.ui.integration.tests.nl_zh_TW" unpack="false" version="3.5.0.v20090620043401" download-size="1401" install-size="1401" />
	<plugin fragment="true" id="org.eclipse.xtext.util.nl_zh_TW" unpack="false" version="3.5.0.v20090620043401" download-size="1386" install-size="1386" />
	<plugin fragment="true" id="org.eclipse.xtext.xtend.tests.nl_zh_TW" unpack="false" version="3.5.0.v20090620043401" download-size="1395" install-size="1395" />
	<plugin fragment="true" id="org.eclipse.xtext.xtext.ui.nl_zh_TW" unpack="false" version="3.5.0.v20090620043401" download-size="2080" install-size="2080" />
</feature>