<?xml version="1.0" encoding="UTF-8" ?>
<feature
	id="org.eclipse.babel.nls_technology.dltk_de"
	label="Babel Language Pack for technology.dltk in German (58.03%)"
	image="eclipse_update_120.jpg"
	provider-name="%providerName"
	version="3.5.0.v20090620043401">
	<copyright>
		%copyright
	</copyright>
	<license url="%licenseURL">
		%license
	</license>
	<description>Babel Language Pack for technology.dltk in German</description>
	<plugin fragment="true" id="org.eclipse.dltk.console.nl_de" unpack="false" version="3.5.0.v20090620043401" download-size="1368" install-size="1368" />
	<plugin fragment="true" id="org.eclipse.dltk.console.ui.nl_de" unpack="false" version="3.5.0.v20090620043401" download-size="2413" install-size="2413" />
	<plugin fragment="true" id="org.eclipse.dltk.core.doc.isv.nl_de" unpack="false" version="3.5.0.v20090620043401" download-size="1373" install-size="1373" />
	<plugin fragment="true" id="org.eclipse.dltk.core.nl_de" unpack="false" version="3.5.0.v20090620043401" download-size="5661" install-size="5661" />
	<plugin fragment="true" id="org.eclipse.dltk.debug.nl_de" unpack="false" version="3.5.0.v20090620043401" download-size="3271" install-size="3271" />
	<plugin fragment="true" id="org.eclipse.dltk.debug.ui.nl_de" unpack="false" version="3.5.0.v20090620043401" download-size="10154" install-size="10154" />
	<plugin fragment="true" id="org.eclipse.dltk.formatter.nl_de" unpack="false" version="3.5.0.v20090620043401" download-size="2308" install-size="2308" />
	<plugin fragment="true" id="org.eclipse.dltk.itcl.core.nl_de" unpack="false" version="3.5.0.v20090620043401" download-size="1370" install-size="1370" />
	<plugin fragment="true" id="org.eclipse.dltk.itcl.nl_de" unpack="false" version="3.5.0.v20090620043401" download-size="1366" install-size="1366" />
	<plugin fragment="true" id="org.eclipse.dltk.itcl.ui.nl_de" unpack="false" version="3.5.0.v20090620043401" download-size="1369" install-size="1369" />
	<plugin fragment="true" id="org.eclipse.dltk.javascript.core.dom.support.nl_de" unpack="false" version="3.5.0.v20090620043401" download-size="1380" install-size="1380" />
	<plugin fragment="true" id="org.eclipse.dltk.javascript.core.nl_de" unpack="false" version="3.5.0.v20090620043401" download-size="1374" install-size="1374" />
	<plugin fragment="true" id="org.eclipse.dltk.javascript.debug.nl_de" unpack="false" version="3.5.0.v20090620043401" download-size="1375" install-size="1375" />
	<plugin fragment="true" id="org.eclipse.dltk.javascript.debug.ui.nl_de" unpack="false" version="3.5.0.v20090620043401" download-size="3294" install-size="3294" />
	<plugin fragment="true" id="org.eclipse.dltk.javascript.formatter.nl_de" unpack="false" version="3.5.0.v20090620043401" download-size="3063" install-size="3063" />
	<plugin fragment="true" id="org.eclipse.dltk.javascript.jsjdtdebugger.nl_de" unpack="false" version="3.5.0.v20090620043401" download-size="1380" install-size="1380" />
	<plugin fragment="true" id="org.eclipse.dltk.javascript.launching.nl_de" unpack="false" version="3.5.0.v20090620043401" download-size="1378" install-size="1378" />
	<plugin fragment="true" id="org.eclipse.dltk.javascript.rhino.dbgp.nl_de" unpack="false" version="3.5.0.v20090620043401" download-size="1378" install-size="1378" />
	<plugin fragment="true" id="org.eclipse.dltk.javascript.rhino.nl_de" unpack="false" version="3.5.0.v20090620043401" download-size="1374" install-size="1374" />
	<plugin fragment="true" id="org.eclipse.dltk.javascript.ui.nl_de" unpack="false" version="3.5.0.v20090620043401" download-size="4163" install-size="4163" />
	<plugin fragment="true" id="org.eclipse.dltk.launching.nl_de" unpack="false" version="3.5.0.v20090620043401" download-size="3012" install-size="3012" />
	<plugin fragment="true" id="org.eclipse.dltk.mylyn.nl_de" unpack="false" version="3.5.0.v20090620043401" download-size="1480" install-size="1480" />
	<plugin fragment="true" id="org.eclipse.dltk.nl_de" unpack="false" version="3.5.0.v20090620043401" download-size="1362" install-size="1362" />
	<plugin fragment="true" id="org.eclipse.dltk.python.activestatedebugger.nl_de" unpack="false" version="3.5.0.v20090620043401" download-size="1381" install-size="1381" />
	<plugin fragment="true" id="org.eclipse.dltk.python.core.nl_de" unpack="false" version="3.5.0.v20090620043401" download-size="1372" install-size="1372" />
	<plugin fragment="true" id="org.eclipse.dltk.python.debug.nl_de" unpack="false" version="3.5.0.v20090620043401" download-size="1373" install-size="1373" />
	<plugin fragment="true" id="org.eclipse.dltk.python.debug.ui.nl_de" unpack="false" version="3.5.0.v20090620043401" download-size="3097" install-size="3097" />
	<plugin fragment="true" id="org.eclipse.dltk.python.launching.nl_de" unpack="false" version="3.5.0.v20090620043401" download-size="1375" install-size="1375" />
	<plugin fragment="true" id="org.eclipse.dltk.python.ui.nl_de" unpack="false" version="3.5.0.v20090620043401" download-size="2771" install-size="2771" />
	<plugin fragment="true" id="org.eclipse.dltk.rse.core.nl_de" unpack="false" version="3.5.0.v20090620043401" download-size="1369" install-size="1369" />
	<plugin fragment="true" id="org.eclipse.dltk.rse.nl_de" unpack="false" version="3.5.0.v20090620043401" download-size="1365" install-size="1365" />
	<plugin fragment="true" id="org.eclipse.dltk.rse.ui.nl_de" unpack="false" version="3.5.0.v20090620043401" download-size="1367" install-size="1367" />
	<plugin fragment="true" id="org.eclipse.dltk.ruby.abstractdebugger.nl_de" unpack="false" version="3.5.0.v20090620043401" download-size="1376" install-size="1376" />
	<plugin fragment="true" id="org.eclipse.dltk.ruby.activestatedebugger.nl_de" unpack="false" version="3.5.0.v20090620043401" download-size="1379" install-size="1379" />
	<plugin fragment="true" id="org.eclipse.dltk.ruby.basicdebugger.nl_de" unpack="false" version="3.5.0.v20090620043401" download-size="1374" install-size="1374" />
	<plugin fragment="true" id="org.eclipse.dltk.ruby.core.nl_de" unpack="false" version="3.5.0.v20090620043401" download-size="1922" install-size="1922" />
	<plugin fragment="true" id="org.eclipse.dltk.ruby.debug.nl_de" unpack="false" version="3.5.0.v20090620043401" download-size="1370" install-size="1370" />
	<plugin fragment="true" id="org.eclipse.dltk.ruby.debug.ui.nl_de" unpack="false" version="3.5.0.v20090620043401" download-size="3096" install-size="3096" />
	<plugin fragment="true" id="org.eclipse.dltk.ruby.fastdebugger.nl_de" unpack="false" version="3.5.0.v20090620043401" download-size="1375" install-size="1375" />
	<plugin fragment="true" id="org.eclipse.dltk.ruby.formatter.nl_de" unpack="false" version="3.5.0.v20090620043401" download-size="2539" install-size="2539" />
	<plugin fragment="true" id="org.eclipse.dltk.ruby.launching.nl_de" unpack="false" version="3.5.0.v20090620043401" download-size="1375" install-size="1375" />
	<plugin fragment="true" id="org.eclipse.dltk.ruby.nl_de" unpack="false" version="3.5.0.v20090620043401" download-size="1366" install-size="1366" />
	<plugin fragment="true" id="org.eclipse.dltk.ruby.testing.nl_de" unpack="false" version="3.5.0.v20090620043401" download-size="2393" install-size="2393" />
	<plugin fragment="true" id="org.eclipse.dltk.ruby.ui.nl_de" unpack="false" version="3.5.0.v20090620043401" download-size="5044" install-size="5044" />
	<plugin fragment="true" id="org.eclipse.dltk.tcl.activestatedebugger.nl_de" unpack="false" version="3.5.0.v20090620043401" download-size="2727" install-size="2727" />
	<plugin fragment="true" id="org.eclipse.dltk.tcl.core.nl_de" unpack="false" version="3.5.0.v20090620043401" download-size="1390" install-size="1390" />
	<plugin fragment="true" id="org.eclipse.dltk.tcl.debug.nl_de" unpack="false" version="3.5.0.v20090620043401" download-size="1370" install-size="1370" />
	<plugin fragment="true" id="org.eclipse.dltk.tcl.debug.ui.nl_de" unpack="false" version="3.5.0.v20090620043401" download-size="3575" install-size="3575" />
	<plugin fragment="true" id="org.eclipse.dltk.tcl.doc.user.nl_de" unpack="false" version="3.5.0.v20090620043401" download-size="1743" install-size="1743" />
	<plugin fragment="true" id="org.eclipse.dltk.tcl.launching.nl_de" unpack="false" version="3.5.0.v20090620043401" download-size="1373" install-size="1373" />
	<plugin fragment="true" id="org.eclipse.dltk.tcl.nl_de" unpack="false" version="3.5.0.v20090620043401" download-size="1365" install-size="1365" />
	<plugin fragment="true" id="org.eclipse.dltk.tcl.parser.nl_de" unpack="false" version="3.5.0.v20090620043401" download-size="2994" install-size="2994" />
	<plugin fragment="true" id="org.eclipse.dltk.tcl.tclchecker.nl_de" unpack="false" version="3.5.0.v20090620043401" download-size="4255" install-size="4255" />
	<plugin fragment="true" id="org.eclipse.dltk.tcl.tcllib.nl_de" unpack="false" version="3.5.0.v20090620043401" download-size="1371" install-size="1371" />
	<plugin fragment="true" id="org.eclipse.dltk.tcl.testing.nl_de" unpack="false" version="3.5.0.v20090620043401" download-size="1370" install-size="1370" />
	<plugin fragment="true" id="org.eclipse.dltk.tcl.testing.tcltest.nl_de" unpack="false" version="3.5.0.v20090620043401" download-size="1375" install-size="1375" />
	<plugin fragment="true" id="org.eclipse.dltk.tcl.ui.nl_de" unpack="false" version="3.5.0.v20090620043401" download-size="4336" install-size="4336" />
	<plugin fragment="true" id="org.eclipse.dltk.tcl.validators.nl_de" unpack="false" version="3.5.0.v20090620043401" download-size="1373" install-size="1373" />
	<plugin fragment="true" id="org.eclipse.dltk.testing.nl_de" unpack="false" version="3.5.0.v20090620043401" download-size="9874" install-size="9874" />
	<plugin fragment="true" id="org.eclipse.dltk.ui.nl_de" unpack="false" version="3.5.0.v20090620043401" download-size="79217" install-size="79217" />
	<plugin fragment="true" id="org.eclipse.dltk.validators.core.nl_de" unpack="false" version="3.5.0.v20090620043401" download-size="2900" install-size="2900" />
	<plugin fragment="true" id="org.eclipse.dltk.validators.externalchecker.nl_de" unpack="false" version="3.5.0.v20090620043401" download-size="3402" install-size="3402" />
	<plugin fragment="true" id="org.eclipse.dltk.validators.ui.nl_de" unpack="false" version="3.5.0.v20090620043401" download-size="3295" install-size="3295" />
	<plugin fragment="true" id="org.eclipse.dltk.xotcl.core.nl_de" unpack="false" version="3.5.0.v20090620043401" download-size="1371" install-size="1371" />
	<plugin fragment="true" id="org.eclipse.dltk.xotcl.nl_de" unpack="false" version="3.5.0.v20090620043401" download-size="1367" install-size="1367" />
	<plugin fragment="true" id="org.eclipse.dltk.xotcl.testing.xounit.nl_de" unpack="false" version="3.5.0.v20090620043401" download-size="1377" install-size="1377" />
	<plugin fragment="true" id="org.eclipse.dltk.xotcl.ui.nl_de" unpack="false" version="3.5.0.v20090620043401" download-size="1369" install-size="1369" />
</feature>