<?xml version="1.0" encoding="UTF-8" ?>
<feature
	id="org.eclipse.babel.nls_webtools.jsf_pt_BR"
	label="Babel Language Pack for webtools.jsf in Portuguese (Brazilian) (30.35%)"
	image="eclipse_update_120.jpg"
	provider-name="%providerName"
	version="3.5.0.v20090620043401">
	<copyright>
		%copyright
	</copyright>
	<license url="%licenseURL">
		%license
	</license>
	<description>Babel Language Pack for webtools.jsf in Portuguese (Brazilian)</description>
	<plugin fragment="true" id="org.eclipse.jst.jsf.apache.trinidad.tagsupport.nl_pt_BR" unpack="false" version="3.5.0.v20090620043401" download-size="3098" install-size="3098" />
	<plugin fragment="true" id="org.eclipse.jst.jsf.common.nl_pt_BR" unpack="false" version="3.5.0.v20090620043401" download-size="2799" install-size="2799" />
	<plugin fragment="true" id="org.eclipse.jst.jsf.common.runtime.nl_pt_BR" unpack="false" version="3.5.0.v20090620043401" download-size="1398" install-size="1398" />
	<plugin fragment="true" id="org.eclipse.jst.jsf.common.ui.nl_pt_BR" unpack="false" version="3.5.0.v20090620043401" download-size="4912" install-size="4912" />
	<plugin fragment="true" id="org.eclipse.jst.jsf.core.nl_pt_BR" unpack="false" version="3.5.0.v20090620043401" download-size="6510" install-size="6510" />
	<plugin fragment="true" id="org.eclipse.jst.jsf.facesconfig.nl_pt_BR" unpack="false" version="3.5.0.v20090620043401" download-size="5289" install-size="5289" />
	<plugin fragment="true" id="org.eclipse.jst.jsf.facesconfig.ui.nl_pt_BR" unpack="false" version="3.5.0.v20090620043401" download-size="7013" install-size="7013" />
	<plugin fragment="true" id="org.eclipse.jst.jsf.standard.tagsupport.nl_pt_BR" unpack="false" version="3.5.0.v20090620043401" download-size="2809" install-size="2809" />
	<plugin fragment="true" id="org.eclipse.jst.jsf.ui.nl_pt_BR" unpack="false" version="3.5.0.v20090620043401" download-size="4418" install-size="4418" />
	<plugin fragment="true" id="org.eclipse.jst.pagedesigner.jsf.ui.nl_pt_BR" unpack="false" version="3.5.0.v20090620043401" download-size="5021" install-size="5021" />
	<plugin fragment="true" id="org.eclipse.jst.pagedesigner.jsp.core.nl_pt_BR" unpack="false" version="3.5.0.v20090620043401" download-size="1396" install-size="1396" />
	<plugin fragment="true" id="org.eclipse.jst.pagedesigner.nl_pt_BR" unpack="false" version="3.5.0.v20090620043401" download-size="10380" install-size="10380" />
</feature>