<?xml version="1.0" encoding="UTF-8" ?>
<feature
	id="org.eclipse.babel.nls_webtools.servertools_pt_BR"
	label="Babel Language Pack for webtools.servertools in Portuguese (Brazilian) (72%)"
	image="eclipse_update_120.jpg"
	provider-name="%providerName"
	version="3.5.0.v20090620043401">
	<copyright>
		%copyright
	</copyright>
	<license url="%licenseURL">
		%license
	</license>
	<description>Babel Language Pack for webtools.servertools in Portuguese (Brazilian)</description>
	<plugin fragment="true" id="org.apache.cactus.nl_pt_BR" unpack="false" version="3.5.0.v20090620043401" download-size="1391" install-size="1391" />
	<plugin fragment="true" id="org.eclipse.jst.server.core.nl_pt_BR" unpack="false" version="3.5.0.v20090620043401" download-size="3316" install-size="3316" />
	<plugin fragment="true" id="org.eclipse.jst.server.generic.core.nl_pt_BR" unpack="false" version="3.5.0.v20090620043401" download-size="3446" install-size="3446" />
	<plugin fragment="true" id="org.eclipse.jst.server.generic.jboss.nl_pt_BR" unpack="false" version="3.5.0.v20090620043401" download-size="1769" install-size="1769" />
	<plugin fragment="true" id="org.eclipse.jst.server.generic.jonas.nl_pt_BR" unpack="false" version="3.5.0.v20090620043401" download-size="1801" install-size="1801" />
	<plugin fragment="true" id="org.eclipse.jst.server.generic.oc4j.nl_pt_BR" unpack="false" version="3.5.0.v20090620043401" download-size="1917" install-size="1917" />
	<plugin fragment="true" id="org.eclipse.jst.server.generic.ui.nl_pt_BR" unpack="false" version="3.5.0.v20090620043401" download-size="3001" install-size="3001" />
	<plugin fragment="true" id="org.eclipse.jst.server.installable.nl_pt_BR" unpack="false" version="3.5.0.v20090620043401" download-size="1450" install-size="1450" />
	<plugin fragment="true" id="org.eclipse.jst.server.preview.adapter.nl_pt_BR" unpack="false" version="3.5.0.v20090620043401" download-size="2813" install-size="2813" />
	<plugin fragment="true" id="org.eclipse.jst.server.tomcat.core.nl_pt_BR" unpack="false" version="3.5.0.v20090620043401" download-size="4797" install-size="4797" />
	<plugin fragment="true" id="org.eclipse.jst.server.tomcat.ui.nl_pt_BR" unpack="false" version="3.5.0.v20090620043401" download-size="3460" install-size="3460" />
	<plugin fragment="true" id="org.eclipse.jst.server.ui.doc.user.nl_pt_BR" unpack="false" version="3.5.0.v20090620043401" download-size="1395" install-size="1395" />
	<plugin fragment="true" id="org.eclipse.jst.server.ui.infopop.nl_pt_BR" unpack="false" version="3.5.0.v20090620043401" download-size="1451" install-size="1451" />
	<plugin fragment="true" id="org.eclipse.jst.server.ui.nl_pt_BR" unpack="false" version="3.5.0.v20090620043401" download-size="2835" install-size="2835" />
	<plugin fragment="true" id="org.eclipse.jst.server.websphere.core.nl_pt_BR" unpack="false" version="3.5.0.v20090620043401" download-size="1701" install-size="1701" />
	<plugin fragment="true" id="org.eclipse.servertools.doc.isv.nl_pt_BR" unpack="false" version="3.5.0.v20090620043401" download-size="1396" install-size="1396" />
	<plugin fragment="true" id="org.eclipse.wst.internet.monitor.core.nl_pt_BR" unpack="false" version="3.5.0.v20090620043401" download-size="2911" install-size="2911" />
	<plugin fragment="true" id="org.eclipse.wst.internet.monitor.ui.nl_pt_BR" unpack="false" version="3.5.0.v20090620043401" download-size="3342" install-size="3342" />
	<plugin fragment="true" id="org.eclipse.wst.server.core.nl_pt_BR" unpack="false" version="3.5.0.v20090620043401" download-size="3777" install-size="3777" />
	<plugin fragment="true" id="org.eclipse.wst.server.discovery.nl_pt_BR" unpack="false" version="3.5.0.v20090620043401" download-size="2661" install-size="2661" />
	<plugin fragment="true" id="org.eclipse.wst.server.http.core.nl_pt_BR" unpack="false" version="3.5.0.v20090620043401" download-size="2749" install-size="2749" />
	<plugin fragment="true" id="org.eclipse.wst.server.http.ui.nl_pt_BR" unpack="false" version="3.5.0.v20090620043401" download-size="2569" install-size="2569" />
	<plugin fragment="true" id="org.eclipse.wst.server.preview.adapter.nl_pt_BR" unpack="false" version="3.5.0.v20090620043401" download-size="2986" install-size="2986" />
	<plugin fragment="true" id="org.eclipse.wst.server.preview.nl_pt_BR" unpack="false" version="3.5.0.v20090620043401" download-size="2803" install-size="2803" />
	<plugin fragment="true" id="org.eclipse.wst.server.ui.doc.user.nl_pt_BR" unpack="false" version="3.5.0.v20090620043401" download-size="1415" install-size="1415" />
	<plugin fragment="true" id="org.eclipse.wst.server.ui.infopop.nl_pt_BR" unpack="false" version="3.5.0.v20090620043401" download-size="1450" install-size="1450" />
	<plugin fragment="true" id="org.eclipse.wst.server.ui.nl_pt_BR" unpack="false" version="3.5.0.v20090620043401" download-size="7011" install-size="7011" />
</feature>