<?xml version="1.0" encoding="UTF-8" ?>
<feature
	id="org.eclipse.babel.nls_webtools.ejbtools_ar"
	label="Babel Language Pack for webtools.ejbtools in Arabic (96.28%)"
	image="eclipse_update_120.jpg"
	provider-name="%providerName"
	version="3.5.0.v20090620043401">
	<copyright>
		%copyright
	</copyright>
	<license url="%licenseURL">
		%license
	</license>
	<description>Babel Language Pack for webtools.ejbtools in Arabic</description>
	<plugin fragment="true" id="org.eclipse.jst.ejb.doc.user.nl_ar" unpack="false" version="3.5.0.v20090620043401" download-size="1373" install-size="1373" />
	<plugin fragment="true" id="org.eclipse.jst.ejb.ui.infopop.nl_ar" unpack="false" version="3.5.0.v20090620043401" download-size="1373" install-size="1373" />
	<plugin fragment="true" id="org.eclipse.jst.ejb.ui.nl_ar" unpack="false" version="3.5.0.v20090620043401" download-size="4184" install-size="4184" />
	<plugin fragment="true" id="org.eclipse.jst.j2ee.ejb.annotation.model.nl_ar" unpack="false" version="3.5.0.v20090620043401" download-size="3971" install-size="3971" />
	<plugin fragment="true" id="org.eclipse.jst.j2ee.ejb.annotations.emitter.nl_ar" unpack="false" version="3.5.0.v20090620043401" download-size="1383" install-size="1383" />
	<plugin fragment="true" id="org.eclipse.jst.j2ee.ejb.annotations.ui.nl_ar" unpack="false" version="3.5.0.v20090620043401" download-size="3991" install-size="3991" />
	<plugin fragment="true" id="org.eclipse.jst.j2ee.ejb.annotations.xdoclet.nl_ar" unpack="false" version="3.5.0.v20090620043401" download-size="3682" install-size="3682" />
	<plugin fragment="true" id="org.eclipse.jst.j2ee.ejb.nl_ar" unpack="false" version="3.5.0.v20090620043401" download-size="29208" install-size="29208" />
	<plugin fragment="true" id="org.eclipse.jst.jee.ejb.nl_ar" unpack="false" version="3.5.0.v20090620043401" download-size="1371" install-size="1371" />
</feature>