<?xml version="1.0" encoding="UTF-8" ?>
<feature
	id="org.eclipse.babel.nls_webtools.servertools_zh_TW"
	label="Babel Language Pack for webtools.servertools in Chinese (Traditional) (72.09%)"
	image="eclipse_update_120.jpg"
	provider-name="%providerName"
	version="3.5.0.v20090620043401">
	<copyright>
		%copyright
	</copyright>
	<license url="%licenseURL">
		%license
	</license>
	<description>Babel Language Pack for webtools.servertools in Chinese (Traditional)</description>
	<plugin fragment="true" id="org.apache.cactus.nl_zh_TW" unpack="false" version="3.5.0.v20090620043401" download-size="1390" install-size="1390" />
	<plugin fragment="true" id="org.eclipse.jst.server.core.nl_zh_TW" unpack="false" version="3.5.0.v20090620043401" download-size="3404" install-size="3404" />
	<plugin fragment="true" id="org.eclipse.jst.server.generic.core.nl_zh_TW" unpack="false" version="3.5.0.v20090620043401" download-size="3548" install-size="3548" />
	<plugin fragment="true" id="org.eclipse.jst.server.generic.jboss.nl_zh_TW" unpack="false" version="3.5.0.v20090620043401" download-size="1822" install-size="1822" />
	<plugin fragment="true" id="org.eclipse.jst.server.generic.jonas.nl_zh_TW" unpack="false" version="3.5.0.v20090620043401" download-size="1857" install-size="1857" />
	<plugin fragment="true" id="org.eclipse.jst.server.generic.oc4j.nl_zh_TW" unpack="false" version="3.5.0.v20090620043401" download-size="1981" install-size="1981" />
	<plugin fragment="true" id="org.eclipse.jst.server.generic.ui.nl_zh_TW" unpack="false" version="3.5.0.v20090620043401" download-size="3064" install-size="3064" />
	<plugin fragment="true" id="org.eclipse.jst.server.installable.nl_zh_TW" unpack="false" version="3.5.0.v20090620043401" download-size="1464" install-size="1464" />
	<plugin fragment="true" id="org.eclipse.jst.server.preview.adapter.nl_zh_TW" unpack="false" version="3.5.0.v20090620043401" download-size="2849" install-size="2849" />
	<plugin fragment="true" id="org.eclipse.jst.server.tomcat.core.nl_zh_TW" unpack="false" version="3.5.0.v20090620043401" download-size="4919" install-size="4919" />
	<plugin fragment="true" id="org.eclipse.jst.server.tomcat.ui.nl_zh_TW" unpack="false" version="3.5.0.v20090620043401" download-size="3540" install-size="3540" />
	<plugin fragment="true" id="org.eclipse.jst.server.ui.doc.user.nl_zh_TW" unpack="false" version="3.5.0.v20090620043401" download-size="1395" install-size="1395" />
	<plugin fragment="true" id="org.eclipse.jst.server.ui.infopop.nl_zh_TW" unpack="false" version="3.5.0.v20090620043401" download-size="1466" install-size="1466" />
	<plugin fragment="true" id="org.eclipse.jst.server.ui.nl_zh_TW" unpack="false" version="3.5.0.v20090620043401" download-size="2909" install-size="2909" />
	<plugin fragment="true" id="org.eclipse.jst.server.websphere.core.nl_zh_TW" unpack="false" version="3.5.0.v20090620043401" download-size="1731" install-size="1731" />
	<plugin fragment="true" id="org.eclipse.servertools.doc.isv.nl_zh_TW" unpack="false" version="3.5.0.v20090620043401" download-size="1396" install-size="1396" />
	<plugin fragment="true" id="org.eclipse.wst.internet.monitor.core.nl_zh_TW" unpack="false" version="3.5.0.v20090620043401" download-size="2959" install-size="2959" />
	<plugin fragment="true" id="org.eclipse.wst.internet.monitor.ui.nl_zh_TW" unpack="false" version="3.5.0.v20090620043401" download-size="3495" install-size="3495" />
	<plugin fragment="true" id="org.eclipse.wst.server.core.nl_zh_TW" unpack="false" version="3.5.0.v20090620043401" download-size="3864" install-size="3864" />
	<plugin fragment="true" id="org.eclipse.wst.server.discovery.nl_zh_TW" unpack="false" version="3.5.0.v20090620043401" download-size="2685" install-size="2685" />
	<plugin fragment="true" id="org.eclipse.wst.server.http.core.nl_zh_TW" unpack="false" version="3.5.0.v20090620043401" download-size="2774" install-size="2774" />
	<plugin fragment="true" id="org.eclipse.wst.server.http.ui.nl_zh_TW" unpack="false" version="3.5.0.v20090620043401" download-size="2594" install-size="2594" />
	<plugin fragment="true" id="org.eclipse.wst.server.preview.adapter.nl_zh_TW" unpack="false" version="3.5.0.v20090620043401" download-size="3016" install-size="3016" />
	<plugin fragment="true" id="org.eclipse.wst.server.preview.nl_zh_TW" unpack="false" version="3.5.0.v20090620043401" download-size="2846" install-size="2846" />
	<plugin fragment="true" id="org.eclipse.wst.server.ui.doc.user.nl_zh_TW" unpack="false" version="3.5.0.v20090620043401" download-size="1426" install-size="1426" />
	<plugin fragment="true" id="org.eclipse.wst.server.ui.infopop.nl_zh_TW" unpack="false" version="3.5.0.v20090620043401" download-size="1462" install-size="1462" />
	<plugin fragment="true" id="org.eclipse.wst.server.ui.nl_zh_TW" unpack="false" version="3.5.0.v20090620043401" download-size="7325" install-size="7325" />
</feature>