<?xml version="1.0" encoding="UTF-8" ?>
<feature
	id="org.eclipse.babel.nls_webtools.jsf_ro"
	label="Babel Language Pack for webtools.jsf in Romanian (4.2%)"
	image="eclipse_update_120.jpg"
	provider-name="%providerName"
	version="3.5.0.v20090620043401">
	<copyright>
		%copyright
	</copyright>
	<license url="%licenseURL">
		%license
	</license>
	<description>Babel Language Pack for webtools.jsf in Romanian</description>
	<plugin fragment="true" id="org.eclipse.jst.jsf.apache.trinidad.tagsupport.nl_ro" unpack="false" version="3.5.0.v20090620043401" download-size="2565" install-size="2565" />
	<plugin fragment="true" id="org.eclipse.jst.jsf.common.nl_ro" unpack="false" version="3.5.0.v20090620043401" download-size="1370" install-size="1370" />
	<plugin fragment="true" id="org.eclipse.jst.jsf.common.runtime.nl_ro" unpack="false" version="3.5.0.v20090620043401" download-size="1378" install-size="1378" />
	<plugin fragment="true" id="org.eclipse.jst.jsf.common.ui.nl_ro" unpack="false" version="3.5.0.v20090620043401" download-size="2422" install-size="2422" />
	<plugin fragment="true" id="org.eclipse.jst.jsf.core.nl_ro" unpack="false" version="3.5.0.v20090620043401" download-size="2264" install-size="2264" />
	<plugin fragment="true" id="org.eclipse.jst.jsf.facesconfig.nl_ro" unpack="false" version="3.5.0.v20090620043401" download-size="2885" install-size="2885" />
	<plugin fragment="true" id="org.eclipse.jst.jsf.facesconfig.ui.nl_ro" unpack="false" version="3.5.0.v20090620043401" download-size="4664" install-size="4664" />
	<plugin fragment="true" id="org.eclipse.jst.jsf.standard.tagsupport.nl_ro" unpack="false" version="3.5.0.v20090620043401" download-size="2091" install-size="2091" />
	<plugin fragment="true" id="org.eclipse.jst.jsf.ui.nl_ro" unpack="false" version="3.5.0.v20090620043401" download-size="3344" install-size="3344" />
	<plugin fragment="true" id="org.eclipse.jst.pagedesigner.jsf.ui.nl_ro" unpack="false" version="3.5.0.v20090620043401" download-size="3751" install-size="3751" />
	<plugin fragment="true" id="org.eclipse.jst.pagedesigner.jsp.core.nl_ro" unpack="false" version="3.5.0.v20090620043401" download-size="1376" install-size="1376" />
	<plugin fragment="true" id="org.eclipse.jst.pagedesigner.nl_ro" unpack="false" version="3.5.0.v20090620043401" download-size="3934" install-size="3934" />
</feature>