<?xml version="1.0" encoding="UTF-8" ?>
<feature
	id="org.eclipse.babel.nls_rt.rap_cs"
	label="Babel Language Pack for rt.rap in Czech (80.88%)"
	image="eclipse_update_120.jpg"
	provider-name="%providerName"
	version="3.5.0.v20090620043401">
	<copyright>
		%copyright
	</copyright>
	<license url="%licenseURL">
		%license
	</license>
	<description>Babel Language Pack for rt.rap in Czech</description>
	<plugin fragment="true" id="org.eclipse.rap.design.example.nl_cs" unpack="false" version="3.5.0.v20090620043401" download-size="1372" install-size="1372" />
	<plugin fragment="true" id="org.eclipse.rap.jface.databinding.nl_cs" unpack="false" version="3.5.0.v20090620043401" download-size="1396" install-size="1396" />
	<plugin fragment="true" id="org.eclipse.rap.jface.nl_cs" unpack="false" version="3.5.0.v20090620043401" download-size="10229" install-size="10229" />
	<plugin fragment="true" id="org.eclipse.rap.rwt.nl_cs" unpack="false" version="3.5.0.v20090620043401" download-size="2892" install-size="2892" />
	<plugin fragment="true" id="org.eclipse.rap.rwt.test.nl_cs" unpack="false" version="3.5.0.v20090620043401" download-size="1372" install-size="1372" />
	<plugin fragment="true" id="org.eclipse.rap.ui.forms.nl_cs" unpack="false" version="3.5.0.v20090620043401" download-size="2435" install-size="2435" />
	<plugin fragment="true" id="org.eclipse.rap.ui.help.nl_cs" unpack="false" version="3.5.0.v20090620043401" download-size="1367" install-size="1367" />
	<plugin fragment="true" id="org.eclipse.rap.ui.intro.nl_cs" unpack="false" version="3.5.0.v20090620043401" download-size="2552" install-size="2552" />
	<plugin fragment="true" id="org.eclipse.rap.ui.launch.nl_cs" unpack="false" version="3.5.0.v20090620043401" download-size="2497" install-size="2497" />
	<plugin fragment="true" id="org.eclipse.rap.ui.nl_cs" unpack="false" version="3.5.0.v20090620043401" download-size="5158" install-size="5158" />
	<plugin fragment="true" id="org.eclipse.rap.ui.templates.nl_cs" unpack="false" version="3.5.0.v20090620043401" download-size="2610" install-size="2610" />
	<plugin fragment="true" id="org.eclipse.rap.ui.views.nl_cs" unpack="false" version="3.5.0.v20090620043401" download-size="3171" install-size="3171" />
	<plugin fragment="true" id="org.eclipse.rap.ui.workbench.nl_cs" unpack="false" version="3.5.0.v20090620043401" download-size="26281" install-size="26281" />
</feature>