<?xml version="1.0" encoding="UTF-8" ?>
<feature
	id="org.eclipse.babel.nls_tools.mylyn_sv"
	label="Babel Language Pack for tools.mylyn in Swedish (15.36%)"
	image="eclipse_update_120.jpg"
	provider-name="%providerName"
	version="3.5.0.v20090620043401">
	<copyright>
		%copyright
	</copyright>
	<license url="%licenseURL">
		%license
	</license>
	<description>Babel Language Pack for tools.mylyn in Swedish</description>
	<plugin fragment="true" id="org.eclipse.mylyn.bugzilla.core.nl_sv" unpack="false" version="3.5.0.v20090620043401" download-size="2534" install-size="2534" />
	<plugin fragment="true" id="org.eclipse.mylyn.bugzilla.ide.nl_sv" unpack="false" version="3.5.0.v20090620043401" download-size="1356" install-size="1356" />
	<plugin fragment="true" id="org.eclipse.mylyn.bugzilla.ui.nl_sv" unpack="false" version="3.5.0.v20090620043401" download-size="3704" install-size="3704" />
	<plugin fragment="true" id="org.eclipse.mylyn.commons.core.nl_sv" unpack="false" version="3.5.0.v20090620043401" download-size="1355" install-size="1355" />
	<plugin fragment="true" id="org.eclipse.mylyn.commons.net.nl_sv" unpack="false" version="3.5.0.v20090620043401" download-size="2546" install-size="2546" />
	<plugin fragment="true" id="org.eclipse.mylyn.commons.soap.nl_sv" unpack="false" version="3.5.0.v20090620043401" download-size="1355" install-size="1355" />
	<plugin fragment="true" id="org.eclipse.mylyn.commons.ui.nl_sv" unpack="false" version="3.5.0.v20090620043401" download-size="2551" install-size="2551" />
	<plugin fragment="true" id="org.eclipse.mylyn.compatibility.nl_sv" unpack="false" version="3.5.0.v20090620043401" download-size="1356" install-size="1356" />
	<plugin fragment="true" id="org.eclipse.mylyn.context.core.nl_sv" unpack="false" version="3.5.0.v20090620043401" download-size="1355" install-size="1355" />
	<plugin fragment="true" id="org.eclipse.mylyn.context.ui.nl_sv" unpack="false" version="3.5.0.v20090620043401" download-size="4563" install-size="4563" />
	<plugin fragment="true" id="org.eclipse.mylyn.discovery.core.nl_sv" unpack="false" version="3.5.0.v20090620043401" download-size="2649" install-size="2649" />
	<plugin fragment="true" id="org.eclipse.mylyn.discovery.ui.nl_sv" unpack="false" version="3.5.0.v20090620043401" download-size="2686" install-size="2686" />
	<plugin fragment="true" id="org.eclipse.mylyn.help.ui.nl_sv" unpack="false" version="3.5.0.v20090620043401" download-size="1386" install-size="1386" />
	<plugin fragment="true" id="org.eclipse.mylyn.ide.ant.nl_sv" unpack="false" version="3.5.0.v20090620043401" download-size="1352" install-size="1352" />
	<plugin fragment="true" id="org.eclipse.mylyn.ide.capabilities.nl_sv" unpack="false" version="3.5.0.v20090620043401" download-size="1375" install-size="1375" />
	<plugin fragment="true" id="org.eclipse.mylyn.ide.ui.nl_sv" unpack="false" version="3.5.0.v20090620043401" download-size="1351" install-size="1351" />
	<plugin fragment="true" id="org.eclipse.mylyn.java.tasks.nl_sv" unpack="false" version="3.5.0.v20090620043401" download-size="2415" install-size="2415" />
	<plugin fragment="true" id="org.eclipse.mylyn.java.ui.nl_sv" unpack="false" version="3.5.0.v20090620043401" download-size="1419" install-size="1419" />
	<plugin fragment="true" id="org.eclipse.mylyn.jira.core.nl_sv" unpack="false" version="3.5.0.v20090620043401" download-size="2971" install-size="2971" />
	<plugin fragment="true" id="org.eclipse.mylyn.jira.ui.nl_sv" unpack="false" version="3.5.0.v20090620043401" download-size="3490" install-size="3490" />
	<plugin fragment="true" id="org.eclipse.mylyn.monitor.core.nl_sv" unpack="false" version="3.5.0.v20090620043401" download-size="2626" install-size="2626" />
	<plugin fragment="true" id="org.eclipse.mylyn.monitor.ui.nl_sv" unpack="false" version="3.5.0.v20090620043401" download-size="1354" install-size="1354" />
	<plugin fragment="true" id="org.eclipse.mylyn.nl_sv" unpack="false" version="3.5.0.v20090620043401" download-size="1347" install-size="1347" />
	<plugin fragment="true" id="org.eclipse.mylyn.pde.ui.nl_sv" unpack="false" version="3.5.0.v20090620043401" download-size="1351" install-size="1351" />
	<plugin fragment="true" id="org.eclipse.mylyn.resources.ui.nl_sv" unpack="false" version="3.5.0.v20090620043401" download-size="2664" install-size="2664" />
	<plugin fragment="true" id="org.eclipse.mylyn.tasks.bugs.nl_sv" unpack="false" version="3.5.0.v20090620043401" download-size="3373" install-size="3373" />
	<plugin fragment="true" id="org.eclipse.mylyn.tasks.core.nl_sv" unpack="false" version="3.5.0.v20090620043401" download-size="3498" install-size="3498" />
	<plugin fragment="true" id="org.eclipse.mylyn.tasks.ui.nl_sv" unpack="false" version="3.5.0.v20090620043401" download-size="11598" install-size="11598" />
	<plugin fragment="true" id="org.eclipse.mylyn.team.cvs.nl_sv" unpack="false" version="3.5.0.v20090620043401" download-size="1353" install-size="1353" />
	<plugin fragment="true" id="org.eclipse.mylyn.team.ui.nl_sv" unpack="false" version="3.5.0.v20090620043401" download-size="3147" install-size="3147" />
	<plugin fragment="true" id="org.eclipse.mylyn.trac.core.nl_sv" unpack="false" version="3.5.0.v20090620043401" download-size="2967" install-size="2967" />
	<plugin fragment="true" id="org.eclipse.mylyn.trac.ui.nl_sv" unpack="false" version="3.5.0.v20090620043401" download-size="2635" install-size="2635" />
	<plugin fragment="true" id="org.eclipse.mylyn.wikitext.confluence.core.nl_sv" unpack="false" version="3.5.0.v20090620043401" download-size="1363" install-size="1363" />
	<plugin fragment="true" id="org.eclipse.mylyn.wikitext.confluence.ui.nl_sv" unpack="false" version="3.5.0.v20090620043401" download-size="1386" install-size="1386" />
	<plugin fragment="true" id="org.eclipse.mylyn.wikitext.core.nl_sv" unpack="false" version="3.5.0.v20090620043401" download-size="4407" install-size="4407" />
	<plugin fragment="true" id="org.eclipse.mylyn.wikitext.help.sdk.nl_sv" unpack="false" version="3.5.0.v20090620043401" download-size="1380" install-size="1380" />
	<plugin fragment="true" id="org.eclipse.mylyn.wikitext.help.ui.nl_sv" unpack="false" version="3.5.0.v20090620043401" download-size="1379" install-size="1379" />
	<plugin fragment="true" id="org.eclipse.mylyn.wikitext.mediawiki.core.nl_sv" unpack="false" version="3.5.0.v20090620043401" download-size="1386" install-size="1386" />
	<plugin fragment="true" id="org.eclipse.mylyn.wikitext.mediawiki.ui.nl_sv" unpack="false" version="3.5.0.v20090620043401" download-size="1425" install-size="1425" />
	<plugin fragment="true" id="org.eclipse.mylyn.wikitext.tasks.ui.nl_sv" unpack="false" version="3.5.0.v20090620043401" download-size="2843" install-size="2843" />
	<plugin fragment="true" id="org.eclipse.mylyn.wikitext.tests.nl_sv" unpack="false" version="3.5.0.v20090620043401" download-size="1357" install-size="1357" />
	<plugin fragment="true" id="org.eclipse.mylyn.wikitext.textile.core.nl_sv" unpack="false" version="3.5.0.v20090620043401" download-size="1360" install-size="1360" />
	<plugin fragment="true" id="org.eclipse.mylyn.wikitext.textile.ui.nl_sv" unpack="false" version="3.5.0.v20090620043401" download-size="1406" install-size="1406" />
	<plugin fragment="true" id="org.eclipse.mylyn.wikitext.tracwiki.core.nl_sv" unpack="false" version="3.5.0.v20090620043401" download-size="1362" install-size="1362" />
	<plugin fragment="true" id="org.eclipse.mylyn.wikitext.tracwiki.ui.nl_sv" unpack="false" version="3.5.0.v20090620043401" download-size="1385" install-size="1385" />
	<plugin fragment="true" id="org.eclipse.mylyn.wikitext.twiki.core.nl_sv" unpack="false" version="3.5.0.v20090620043401" download-size="1360" install-size="1360" />
	<plugin fragment="true" id="org.eclipse.mylyn.wikitext.twiki.ui.nl_sv" unpack="false" version="3.5.0.v20090620043401" download-size="1401" install-size="1401" />
	<plugin fragment="true" id="org.eclipse.mylyn.wikitext.ui.nl_sv" unpack="false" version="3.5.0.v20090620043401" download-size="6124" install-size="6124" />
	<plugin fragment="true" id="org.eclipse.mylyn.xplanner.core.nl_sv" unpack="false" version="3.5.0.v20090620043401" download-size="2418" install-size="2418" />
	<plugin fragment="true" id="org.eclipse.mylyn.xplanner.ui.nl_sv" unpack="false" version="3.5.0.v20090620043401" download-size="3697" install-size="3697" />
</feature>