<?xml version="1.0" encoding="UTF-8" ?>
<feature
	id="org.eclipse.babel.nls_technology.actf_uk"
	label="Babel Language Pack for technology.actf in Ukrainian (3.27%)"
	image="eclipse_update_120.jpg"
	provider-name="%providerName"
	version="3.5.0.v20090620043401">
	<copyright>
		%copyright
	</copyright>
	<license url="%licenseURL">
		%license
	</license>
	<description>Babel Language Pack for technology.actf in Ukrainian</description>
	<plugin fragment="true" id="org.eclipse.actf.core.nl_uk" unpack="false" version="3.5.0.v20090620043401" download-size="1367" install-size="1367" />
	<plugin fragment="true" id="org.eclipse.actf.model.flash.proxy.nl_uk" unpack="false" version="3.5.0.v20090620043401" download-size="1678" install-size="1678" />
	<plugin fragment="true" id="org.eclipse.actf.model.ui.nl_uk" unpack="false" version="3.5.0.v20090620043401" download-size="1523" install-size="1523" />
	<plugin fragment="true" id="org.eclipse.actf.ui.nl_uk" unpack="false" version="3.5.0.v20090620043401" download-size="1723" install-size="1723" />
	<plugin fragment="true" id="org.eclipse.actf.util.vocab.nl_uk" unpack="false" version="3.5.0.v20090620043401" download-size="1400" install-size="1400" />
	<plugin fragment="true" id="org.eclipse.actf.visualization.doc.isv.nl_uk" unpack="false" version="3.5.0.v20090620043401" download-size="1379" install-size="1379" />
	<plugin fragment="true" id="org.eclipse.actf.visualization.engines.blind.html.nl_uk" unpack="false" version="3.5.0.v20090620043401" download-size="1446" install-size="1446" />
	<plugin fragment="true" id="org.eclipse.actf.visualization.eval.nl_uk" unpack="false" version="3.5.0.v20090620043401" download-size="1870" install-size="1870" />
	<plugin fragment="true" id="org.eclipse.actf.visualization.gui.nl_uk" unpack="false" version="3.5.0.v20090620043401" download-size="1564" install-size="1564" />
	<plugin fragment="true" id="org.eclipse.actf.visualization.ui.report.nl_uk" unpack="false" version="3.5.0.v20090620043401" download-size="1467" install-size="1467" />
</feature>