<?xml version="1.0" encoding="UTF-8" ?>
<feature
	id="org.eclipse.babel.nls_dsdp.mtj_pl"
	label="Babel Language Pack for dsdp.mtj in Polish (6.43%)"
	image="eclipse_update_120.jpg"
	provider-name="%providerName"
	version="3.5.0.v20090620043401">
	<copyright>
		%copyright
	</copyright>
	<license url="%licenseURL">
		%license
	</license>
	<description>Babel Language Pack for dsdp.mtj in Polish</description>
	<plugin fragment="true" id="org.eclipse.mtj.core.nl_pl" unpack="false" version="3.5.0.v20090620043401" download-size="2190" install-size="2190" />
	<plugin fragment="true" id="org.eclipse.mtj.eswt.templates.nl_pl" unpack="false" version="3.5.0.v20090620043401" download-size="2182" install-size="2182" />
	<plugin fragment="true" id="org.eclipse.mtj.jmunit.nl_pl" unpack="false" version="3.5.0.v20090620043401" download-size="2258" install-size="2258" />
	<plugin fragment="true" id="org.eclipse.mtj.pulsar.ui.nl_pl" unpack="false" version="3.5.0.v20090620043401" download-size="2382" install-size="2382" />
	<plugin fragment="true" id="org.eclipse.mtj.ui.nl_pl" unpack="false" version="3.5.0.v20090620043401" download-size="5247" install-size="5247" />
</feature>