<?xml version="1.0" encoding="UTF-8" ?>
<feature
	id="org.eclipse.babel.nls_technology.subversive_el"
	label="Babel Language Pack for technology.subversive in Greek (18.24%)"
	image="eclipse_update_120.jpg"
	provider-name="%providerName"
	version="3.5.0.v20090620043401">
	<copyright>
		%copyright
	</copyright>
	<license url="%licenseURL">
		%license
	</license>
	<description>Babel Language Pack for technology.subversive in Greek</description>
	<plugin fragment="true" id="org.eclipse.team.svn.core.nl_el" unpack="false" version="3.5.0.v20090620043401" download-size="3056" install-size="3056" />
	<plugin fragment="true" id="org.eclipse.team.svn.mylyn.nl_el" unpack="false" version="3.5.0.v20090620043401" download-size="1368" install-size="1368" />
	<plugin fragment="true" id="org.eclipse.team.svn.ui.nl_el" unpack="false" version="3.5.0.v20090620043401" download-size="9049" install-size="9049" />
</feature>