<?xml version="1.0" encoding="UTF-8" ?>
<feature
	id="org.eclipse.babel.nls_tools.pdt_zh"
	label="Babel Language Pack for tools.pdt in Chinese (Simplified) (72.58%)"
	image="eclipse_update_120.jpg"
	provider-name="%providerName"
	version="3.5.0.v20090620043401">
	<copyright>
		%copyright
	</copyright>
	<license url="%licenseURL">
		%license
	</license>
	<description>Babel Language Pack for tools.pdt in Chinese (Simplified)</description>
	<plugin fragment="true" id="org.eclipse.dltk.core.tests.nl_zh" unpack="false" version="3.5.0.v20090620043401" download-size="1381" install-size="1381" />
	<plugin fragment="true" id="org.eclipse.php.core.nl_zh" unpack="false" version="3.5.0.v20090620043401" download-size="3197" install-size="3197" />
	<plugin fragment="true" id="org.eclipse.php.core.parser.nl_zh" unpack="false" version="3.5.0.v20090620043401" download-size="1381" install-size="1381" />
	<plugin fragment="true" id="org.eclipse.php.debug.core.nl_zh" unpack="false" version="3.5.0.v20090620043401" download-size="3104" install-size="3104" />
	<plugin fragment="true" id="org.eclipse.php.debug.ui.nl_zh" unpack="false" version="3.5.0.v20090620043401" download-size="4050" install-size="4050" />
	<plugin fragment="true" id="org.eclipse.php.nl_zh" unpack="false" version="3.5.0.v20090620043401" download-size="1373" install-size="1373" />
	<plugin fragment="true" id="org.eclipse.php.server.core.nl_zh" unpack="false" version="3.5.0.v20090620043401" download-size="2290" install-size="2290" />
	<plugin fragment="true" id="org.eclipse.php.server.ui.nl_zh" unpack="false" version="3.5.0.v20090620043401" download-size="2793" install-size="2793" />
	<plugin fragment="true" id="org.eclipse.php.test.nl_zh" unpack="false" version="3.5.0.v20090620043401" download-size="1412" install-size="1412" />
	<plugin fragment="true" id="org.eclipse.php.ui.nl_zh" unpack="false" version="3.5.0.v20090620043401" download-size="46635" install-size="46635" />
	<plugin fragment="true" id="org.eclipse.test.nl_zh" unpack="false" version="3.5.0.v20090620043401" download-size="1411" install-size="1411" />
</feature>