<?xml version="1.0" encoding="UTF-8" ?>
<feature
	id="org.eclipse.babel.nls_dsdp.mtj_tr"
	label="Babel Language Pack for dsdp.mtj in Turkish (5.86%)"
	image="eclipse_update_120.jpg"
	provider-name="%providerName"
	version="3.5.0.v20090620043401">
	<copyright>
		%copyright
	</copyright>
	<license url="%licenseURL">
		%license
	</license>
	<description>Babel Language Pack for dsdp.mtj in Turkish</description>
	<plugin fragment="true" id="org.eclipse.mtj.core.nl_tr" unpack="false" version="3.5.0.v20090620043401" download-size="2181" install-size="2181" />
	<plugin fragment="true" id="org.eclipse.mtj.eswt.templates.nl_tr" unpack="false" version="3.5.0.v20090620043401" download-size="2175" install-size="2175" />
	<plugin fragment="true" id="org.eclipse.mtj.jmunit.nl_tr" unpack="false" version="3.5.0.v20090620043401" download-size="2266" install-size="2266" />
	<plugin fragment="true" id="org.eclipse.mtj.pulsar.ui.nl_tr" unpack="false" version="3.5.0.v20090620043401" download-size="2382" install-size="2382" />
	<plugin fragment="true" id="org.eclipse.mtj.ui.nl_tr" unpack="false" version="3.5.0.v20090620043401" download-size="4995" install-size="4995" />
</feature>