<?xml version="1.0" encoding="UTF-8" ?>
<feature
	id="org.eclipse.babel.nls_webtools.common_iw"
	label="Babel Language Pack for webtools.common in Hebrew (36.11%)"
	image="eclipse_update_120.jpg"
	provider-name="%providerName"
	version="3.5.0.v20090620043401">
	<copyright>
		%copyright
	</copyright>
	<license url="%licenseURL">
		%license
	</license>
	<description>Babel Language Pack for webtools.common in Hebrew</description>
	<plugin fragment="true" id="org.eclipse.jem.util.nl_iw" unpack="false" version="3.5.0.v20090620043401" download-size="1802" install-size="1802" />
	<plugin fragment="true" id="org.eclipse.jst.common.annotations.controller.nl_iw" unpack="false" version="3.5.0.v20090620043401" download-size="1956" install-size="1956" />
	<plugin fragment="true" id="org.eclipse.jst.common.annotations.core.nl_iw" unpack="false" version="3.5.0.v20090620043401" download-size="1722" install-size="1722" />
	<plugin fragment="true" id="org.eclipse.jst.common.annotations.ui.nl_iw" unpack="false" version="3.5.0.v20090620043401" download-size="1690" install-size="1690" />
	<plugin fragment="true" id="org.eclipse.jst.common.fproj.enablement.jdt.sdk.nl_iw" unpack="false" version="3.5.0.v20090620043401" download-size="1382" install-size="1382" />
	<plugin fragment="true" id="org.eclipse.jst.common.frameworks.nl_iw" unpack="false" version="3.5.0.v20090620043401" download-size="1373" install-size="1373" />
	<plugin fragment="true" id="org.eclipse.jst.common.project.facet.core.nl_iw" unpack="false" version="3.5.0.v20090620043401" download-size="3210" install-size="3210" />
	<plugin fragment="true" id="org.eclipse.jst.common.project.facet.ui.nl_iw" unpack="false" version="3.5.0.v20090620043401" download-size="5078" install-size="5078" />
	<plugin fragment="true" id="org.eclipse.wst.common.api.doc.nl_iw" unpack="false" version="3.5.0.v20090620043401" download-size="1371" install-size="1371" />
	<plugin fragment="true" id="org.eclipse.wst.common.core.nl_iw" unpack="false" version="3.5.0.v20090620043401" download-size="2579" install-size="2579" />
	<plugin fragment="true" id="org.eclipse.wst.common.emf.nl_iw" unpack="false" version="3.5.0.v20090620043401" download-size="1973" install-size="1973" />
	<plugin fragment="true" id="org.eclipse.wst.common.emfworkbench.integration.nl_iw" unpack="false" version="3.5.0.v20090620043401" download-size="2607" install-size="2607" />
	<plugin fragment="true" id="org.eclipse.wst.common.environment.nl_iw" unpack="false" version="3.5.0.v20090620043401" download-size="3068" install-size="3068" />
	<plugin fragment="true" id="org.eclipse.wst.common.fproj.sdk.nl_iw" unpack="false" version="3.5.0.v20090620043401" download-size="1373" install-size="1373" />
	<plugin fragment="true" id="org.eclipse.wst.common.frameworks.nl_iw" unpack="false" version="3.5.0.v20090620043401" download-size="2577" install-size="2577" />
	<plugin fragment="true" id="org.eclipse.wst.common.frameworks.ui.nl_iw" unpack="false" version="3.5.0.v20090620043401" download-size="4091" install-size="4091" />
	<plugin fragment="true" id="org.eclipse.wst.common.infopop.nl_iw" unpack="false" version="3.5.0.v20090620043401" download-size="1376" install-size="1376" />
	<plugin fragment="true" id="org.eclipse.wst.common.modulecore.nl_iw" unpack="false" version="3.5.0.v20090620043401" download-size="2120" install-size="2120" />
	<plugin fragment="true" id="org.eclipse.wst.common.project.facet.core.nl_iw" unpack="false" version="3.5.0.v20090620043401" download-size="6047" install-size="6047" />
	<plugin fragment="true" id="org.eclipse.wst.common.project.facet.doc.api.nl_iw" unpack="false" version="3.5.0.v20090620043401" download-size="1379" install-size="1379" />
	<plugin fragment="true" id="org.eclipse.wst.common.project.facet.ui.nl_iw" unpack="false" version="3.5.0.v20090620043401" download-size="6624" install-size="6624" />
	<plugin fragment="true" id="org.eclipse.wst.common.snippets.nl_iw" unpack="false" version="3.5.0.v20090620043401" download-size="2700" install-size="2700" />
	<plugin fragment="true" id="org.eclipse.wst.common.ui.nl_iw" unpack="false" version="3.5.0.v20090620043401" download-size="4691" install-size="4691" />
	<plugin fragment="true" id="org.eclipse.wst.common.ui.properties.nl_iw" unpack="false" version="3.5.0.v20090620043401" download-size="2974" install-size="2974" />
	<plugin fragment="true" id="org.eclipse.wst.common.uriresolver.nl_iw" unpack="false" version="3.5.0.v20090620043401" download-size="1422" install-size="1422" />
	<plugin fragment="true" id="org.eclipse.wst.internet.cache.nl_iw" unpack="false" version="3.5.0.v20090620043401" download-size="2537" install-size="2537" />
	<plugin fragment="true" id="org.eclipse.wst.validation.doc.isv.nl_iw" unpack="false" version="3.5.0.v20090620043401" download-size="1377" install-size="1377" />
	<plugin fragment="true" id="org.eclipse.wst.validation.infopop.nl_iw" unpack="false" version="3.5.0.v20090620043401" download-size="1378" install-size="1378" />
	<plugin fragment="true" id="org.eclipse.wst.validation.nl_iw" unpack="false" version="3.5.0.v20090620043401" download-size="4414" install-size="4414" />
	<plugin fragment="true" id="org.eclipse.wst.validation.ui.nl_iw" unpack="false" version="3.5.0.v20090620043401" download-size="3337" install-size="3337" />
</feature>