<?xml version="1.0" encoding="UTF-8" ?>
<feature
	id="org.eclipse.babel.nls_tools.mylyn_zh"
	label="Babel Language Pack for tools.mylyn in Chinese (Simplified) (51.48%)"
	image="eclipse_update_120.jpg"
	provider-name="%providerName"
	version="3.5.0.v20090620043401">
	<copyright>
		%copyright
	</copyright>
	<license url="%licenseURL">
		%license
	</license>
	<description>Babel Language Pack for tools.mylyn in Chinese (Simplified)</description>
	<plugin fragment="true" id="org.eclipse.mylyn.bugzilla.core.nl_zh" unpack="false" version="3.5.0.v20090620043401" download-size="4917" install-size="4917" />
	<plugin fragment="true" id="org.eclipse.mylyn.bugzilla.ide.nl_zh" unpack="false" version="3.5.0.v20090620043401" download-size="1408" install-size="1408" />
	<plugin fragment="true" id="org.eclipse.mylyn.bugzilla.ui.nl_zh" unpack="false" version="3.5.0.v20090620043401" download-size="6640" install-size="6640" />
	<plugin fragment="true" id="org.eclipse.mylyn.commons.core.nl_zh" unpack="false" version="3.5.0.v20090620043401" download-size="2673" install-size="2673" />
	<plugin fragment="true" id="org.eclipse.mylyn.commons.net.nl_zh" unpack="false" version="3.5.0.v20090620043401" download-size="2547" install-size="2547" />
	<plugin fragment="true" id="org.eclipse.mylyn.commons.soap.nl_zh" unpack="false" version="3.5.0.v20090620043401" download-size="1365" install-size="1365" />
	<plugin fragment="true" id="org.eclipse.mylyn.commons.ui.nl_zh" unpack="false" version="3.5.0.v20090620043401" download-size="3147" install-size="3147" />
	<plugin fragment="true" id="org.eclipse.mylyn.compatibility.nl_zh" unpack="false" version="3.5.0.v20090620043401" download-size="2518" install-size="2518" />
	<plugin fragment="true" id="org.eclipse.mylyn.context.core.nl_zh" unpack="false" version="3.5.0.v20090620043401" download-size="1366" install-size="1366" />
	<plugin fragment="true" id="org.eclipse.mylyn.context.ui.nl_zh" unpack="false" version="3.5.0.v20090620043401" download-size="8028" install-size="8028" />
	<plugin fragment="true" id="org.eclipse.mylyn.discovery.core.nl_zh" unpack="false" version="3.5.0.v20090620043401" download-size="3208" install-size="3208" />
	<plugin fragment="true" id="org.eclipse.mylyn.discovery.ui.nl_zh" unpack="false" version="3.5.0.v20090620043401" download-size="3245" install-size="3245" />
	<plugin fragment="true" id="org.eclipse.mylyn.help.ui.nl_zh" unpack="false" version="3.5.0.v20090620043401" download-size="1393" install-size="1393" />
	<plugin fragment="true" id="org.eclipse.mylyn.ide.ant.nl_zh" unpack="false" version="3.5.0.v20090620043401" download-size="2431" install-size="2431" />
	<plugin fragment="true" id="org.eclipse.mylyn.ide.capabilities.nl_zh" unpack="false" version="3.5.0.v20090620043401" download-size="1441" install-size="1441" />
	<plugin fragment="true" id="org.eclipse.mylyn.ide.ui.nl_zh" unpack="false" version="3.5.0.v20090620043401" download-size="1579" install-size="1579" />
	<plugin fragment="true" id="org.eclipse.mylyn.java.tasks.nl_zh" unpack="false" version="3.5.0.v20090620043401" download-size="2580" install-size="2580" />
	<plugin fragment="true" id="org.eclipse.mylyn.java.ui.nl_zh" unpack="false" version="3.5.0.v20090620043401" download-size="4002" install-size="4002" />
	<plugin fragment="true" id="org.eclipse.mylyn.jira.core.nl_zh" unpack="false" version="3.5.0.v20090620043401" download-size="4552" install-size="4552" />
	<plugin fragment="true" id="org.eclipse.mylyn.jira.ui.nl_zh" unpack="false" version="3.5.0.v20090620043401" download-size="3827" install-size="3827" />
	<plugin fragment="true" id="org.eclipse.mylyn.monitor.core.nl_zh" unpack="false" version="3.5.0.v20090620043401" download-size="2726" install-size="2726" />
	<plugin fragment="true" id="org.eclipse.mylyn.monitor.ui.nl_zh" unpack="false" version="3.5.0.v20090620043401" download-size="2420" install-size="2420" />
	<plugin fragment="true" id="org.eclipse.mylyn.nl_zh" unpack="false" version="3.5.0.v20090620043401" download-size="1357" install-size="1357" />
	<plugin fragment="true" id="org.eclipse.mylyn.pde.ui.nl_zh" unpack="false" version="3.5.0.v20090620043401" download-size="2940" install-size="2940" />
	<plugin fragment="true" id="org.eclipse.mylyn.resources.ui.nl_zh" unpack="false" version="3.5.0.v20090620043401" download-size="3060" install-size="3060" />
	<plugin fragment="true" id="org.eclipse.mylyn.tasks.bugs.nl_zh" unpack="false" version="3.5.0.v20090620043401" download-size="3630" install-size="3630" />
	<plugin fragment="true" id="org.eclipse.mylyn.tasks.core.nl_zh" unpack="false" version="3.5.0.v20090620043401" download-size="4360" install-size="4360" />
	<plugin fragment="true" id="org.eclipse.mylyn.tasks.ui.nl_zh" unpack="false" version="3.5.0.v20090620043401" download-size="21161" install-size="21161" />
	<plugin fragment="true" id="org.eclipse.mylyn.team.cvs.nl_zh" unpack="false" version="3.5.0.v20090620043401" download-size="2446" install-size="2446" />
	<plugin fragment="true" id="org.eclipse.mylyn.team.ui.nl_zh" unpack="false" version="3.5.0.v20090620043401" download-size="4910" install-size="4910" />
	<plugin fragment="true" id="org.eclipse.mylyn.trac.core.nl_zh" unpack="false" version="3.5.0.v20090620043401" download-size="3754" install-size="3754" />
	<plugin fragment="true" id="org.eclipse.mylyn.trac.ui.nl_zh" unpack="false" version="3.5.0.v20090620043401" download-size="3843" install-size="3843" />
	<plugin fragment="true" id="org.eclipse.mylyn.wikitext.confluence.core.nl_zh" unpack="false" version="3.5.0.v20090620043401" download-size="1374" install-size="1374" />
	<plugin fragment="true" id="org.eclipse.mylyn.wikitext.confluence.ui.nl_zh" unpack="false" version="3.5.0.v20090620043401" download-size="1418" install-size="1418" />
	<plugin fragment="true" id="org.eclipse.mylyn.wikitext.core.nl_zh" unpack="false" version="3.5.0.v20090620043401" download-size="4452" install-size="4452" />
	<plugin fragment="true" id="org.eclipse.mylyn.wikitext.help.sdk.nl_zh" unpack="false" version="3.5.0.v20090620043401" download-size="1390" install-size="1390" />
	<plugin fragment="true" id="org.eclipse.mylyn.wikitext.help.ui.nl_zh" unpack="false" version="3.5.0.v20090620043401" download-size="1389" install-size="1389" />
	<plugin fragment="true" id="org.eclipse.mylyn.wikitext.mediawiki.core.nl_zh" unpack="false" version="3.5.0.v20090620043401" download-size="1394" install-size="1394" />
	<plugin fragment="true" id="org.eclipse.mylyn.wikitext.mediawiki.ui.nl_zh" unpack="false" version="3.5.0.v20090620043401" download-size="1443" install-size="1443" />
	<plugin fragment="true" id="org.eclipse.mylyn.wikitext.tasks.ui.nl_zh" unpack="false" version="3.5.0.v20090620043401" download-size="3014" install-size="3014" />
	<plugin fragment="true" id="org.eclipse.mylyn.wikitext.tests.nl_zh" unpack="false" version="3.5.0.v20090620043401" download-size="1367" install-size="1367" />
	<plugin fragment="true" id="org.eclipse.mylyn.wikitext.textile.core.nl_zh" unpack="false" version="3.5.0.v20090620043401" download-size="1370" install-size="1370" />
	<plugin fragment="true" id="org.eclipse.mylyn.wikitext.textile.ui.nl_zh" unpack="false" version="3.5.0.v20090620043401" download-size="1435" install-size="1435" />
	<plugin fragment="true" id="org.eclipse.mylyn.wikitext.tracwiki.core.nl_zh" unpack="false" version="3.5.0.v20090620043401" download-size="1372" install-size="1372" />
	<plugin fragment="true" id="org.eclipse.mylyn.wikitext.tracwiki.ui.nl_zh" unpack="false" version="3.5.0.v20090620043401" download-size="1403" install-size="1403" />
	<plugin fragment="true" id="org.eclipse.mylyn.wikitext.twiki.core.nl_zh" unpack="false" version="3.5.0.v20090620043401" download-size="1370" install-size="1370" />
	<plugin fragment="true" id="org.eclipse.mylyn.wikitext.twiki.ui.nl_zh" unpack="false" version="3.5.0.v20090620043401" download-size="1423" install-size="1423" />
	<plugin fragment="true" id="org.eclipse.mylyn.wikitext.ui.nl_zh" unpack="false" version="3.5.0.v20090620043401" download-size="7276" install-size="7276" />
	<plugin fragment="true" id="org.eclipse.mylyn.xplanner.core.nl_zh" unpack="false" version="3.5.0.v20090620043401" download-size="2446" install-size="2446" />
	<plugin fragment="true" id="org.eclipse.mylyn.xplanner.ui.nl_zh" unpack="false" version="3.5.0.v20090620043401" download-size="3814" install-size="3814" />
</feature>