<?xml version="1.0" encoding="UTF-8" ?>
<feature
	id="org.eclipse.babel.nls_rt.equinox_ar"
	label="Babel Language Pack for rt.equinox in Arabic (20.56%)"
	image="eclipse_update_120.jpg"
	provider-name="%providerName"
	version="3.5.0.v20090620043401">
	<copyright>
		%copyright
	</copyright>
	<license url="%licenseURL">
		%license
	</license>
	<description>Babel Language Pack for rt.equinox in Arabic</description>
	<plugin fragment="true" id="org.eclipse.core.resources.jmx.nl_ar" unpack="false" version="3.5.0.v20090620043401" download-size="2175" install-size="2175" />
	<plugin fragment="true" id="org.eclipse.equinox.frameworkadmin.equinox.nl_ar" unpack="false" version="3.5.0.v20090620043401" download-size="1377" install-size="1377" />
	<plugin fragment="true" id="org.eclipse.equinox.frameworkadmin.nl_ar" unpack="false" version="3.5.0.v20090620043401" download-size="1375" install-size="1375" />
	<plugin fragment="true" id="org.eclipse.equinox.initializer.nl_ar" unpack="false" version="3.5.0.v20090620043401" download-size="1413" install-size="1413" />
	<plugin fragment="true" id="org.eclipse.equinox.jmx.client.nl_ar" unpack="false" version="3.5.0.v20090620043401" download-size="3905" install-size="3905" />
	<plugin fragment="true" id="org.eclipse.equinox.jmx.vm.nl_ar" unpack="false" version="3.5.0.v20090620043401" download-size="2241" install-size="2241" />
	<plugin fragment="true" id="org.eclipse.equinox.p2.artifact.repository.nl_ar" unpack="false" version="3.5.0.v20090620043401" download-size="2643" install-size="2643" />
	<plugin fragment="true" id="org.eclipse.equinox.p2.console.nl_ar" unpack="false" version="3.5.0.v20090620043401" download-size="1372" install-size="1372" />
	<plugin fragment="true" id="org.eclipse.equinox.p2.core.nl_ar" unpack="false" version="3.5.0.v20090620043401" download-size="1370" install-size="1370" />
	<plugin fragment="true" id="org.eclipse.equinox.p2.director.app.nl_ar" unpack="false" version="3.5.0.v20090620043401" download-size="1374" install-size="1374" />
	<plugin fragment="true" id="org.eclipse.equinox.p2.director.nl_ar" unpack="false" version="3.5.0.v20090620043401" download-size="2429" install-size="2429" />
	<plugin fragment="true" id="org.eclipse.equinox.p2.directorywatcher.nl_ar" unpack="false" version="3.5.0.v20090620043401" download-size="1378" install-size="1378" />
	<plugin fragment="true" id="org.eclipse.equinox.p2.engine.nl_ar" unpack="false" version="3.5.0.v20090620043401" download-size="2876" install-size="2876" />
	<plugin fragment="true" id="org.eclipse.equinox.p2.exemplarysetup.nl_ar" unpack="false" version="3.5.0.v20090620043401" download-size="1376" install-size="1376" />
	<plugin fragment="true" id="org.eclipse.equinox.p2.extensionlocation.nl_ar" unpack="false" version="3.5.0.v20090620043401" download-size="1378" install-size="1378" />
	<plugin fragment="true" id="org.eclipse.equinox.p2.garbagecollector.nl_ar" unpack="false" version="3.5.0.v20090620043401" download-size="1377" install-size="1377" />
	<plugin fragment="true" id="org.eclipse.equinox.p2.installer.nl_ar" unpack="false" version="3.5.0.v20090620043401" download-size="2836" install-size="2836" />
	<plugin fragment="true" id="org.eclipse.equinox.p2.jarprocessor.nl_ar" unpack="false" version="3.5.0.v20090620043401" download-size="1375" install-size="1375" />
	<plugin fragment="true" id="org.eclipse.equinox.p2.metadata.generator.nl_ar" unpack="false" version="3.5.0.v20090620043401" download-size="3970" install-size="3970" />
	<plugin fragment="true" id="org.eclipse.equinox.p2.metadata.nl_ar" unpack="false" version="3.5.0.v20090620043401" download-size="1373" install-size="1373" />
	<plugin fragment="true" id="org.eclipse.equinox.p2.metadata.repository.nl_ar" unpack="false" version="3.5.0.v20090620043401" download-size="2641" install-size="2641" />
	<plugin fragment="true" id="org.eclipse.equinox.p2.publisher.nl_ar" unpack="false" version="3.5.0.v20090620043401" download-size="2474" install-size="2474" />
	<plugin fragment="true" id="org.eclipse.equinox.p2.reconciler.dropins.nl_ar" unpack="false" version="3.5.0.v20090620043401" download-size="1377" install-size="1377" />
	<plugin fragment="true" id="org.eclipse.equinox.p2.repository.nl_ar" unpack="false" version="3.5.0.v20090620043401" download-size="2970" install-size="2970" />
	<plugin fragment="true" id="org.eclipse.equinox.p2.repository.tools.nl_ar" unpack="false" version="3.5.0.v20090620043401" download-size="3545" install-size="3545" />
	<plugin fragment="true" id="org.eclipse.equinox.p2.selfhosting.nl_ar" unpack="false" version="3.5.0.v20090620043401" download-size="1375" install-size="1375" />
	<plugin fragment="true" id="org.eclipse.equinox.p2.tests.nl_ar" unpack="false" version="3.5.0.v20090620043401" download-size="1853" install-size="1853" />
	<plugin fragment="true" id="org.eclipse.equinox.p2.tests.ui.nl_ar" unpack="false" version="3.5.0.v20090620043401" download-size="1373" install-size="1373" />
	<plugin fragment="true" id="org.eclipse.equinox.p2.tools.nl_ar" unpack="false" version="3.5.0.v20090620043401" download-size="1371" install-size="1371" />
	<plugin fragment="true" id="org.eclipse.equinox.p2.touchpoint.eclipse.nl_ar" unpack="false" version="3.5.0.v20090620043401" download-size="1376" install-size="1376" />
	<plugin fragment="true" id="org.eclipse.equinox.p2.touchpoint.natives.nl_ar" unpack="false" version="3.5.0.v20090620043401" download-size="1378" install-size="1378" />
	<plugin fragment="true" id="org.eclipse.equinox.p2.ui.admin.nl_ar" unpack="false" version="3.5.0.v20090620043401" download-size="2858" install-size="2858" />
	<plugin fragment="true" id="org.eclipse.equinox.p2.ui.admin.rcp.nl_ar" unpack="false" version="3.5.0.v20090620043401" download-size="2802" install-size="2802" />
	<plugin fragment="true" id="org.eclipse.equinox.p2.ui.nl_ar" unpack="false" version="3.5.0.v20090620043401" download-size="3476" install-size="3476" />
	<plugin fragment="true" id="org.eclipse.equinox.p2.ui.sdk.nl_ar" unpack="false" version="3.5.0.v20090620043401" download-size="2747" install-size="2747" />
	<plugin fragment="true" id="org.eclipse.equinox.p2.ui.sdk.scheduler.nl_ar" unpack="false" version="3.5.0.v20090620043401" download-size="3351" install-size="3351" />
	<plugin fragment="true" id="org.eclipse.equinox.p2.updatechecker.nl_ar" unpack="false" version="3.5.0.v20090620043401" download-size="1359" install-size="1359" />
	<plugin fragment="true" id="org.eclipse.equinox.p2.updatesite.nl_ar" unpack="false" version="3.5.0.v20090620043401" download-size="3161" install-size="3161" />
	<plugin fragment="true" id="org.eclipse.equinox.preferences.jmx.nl_ar" unpack="false" version="3.5.0.v20090620043401" download-size="2259" install-size="2259" />
	<plugin fragment="true" id="org.eclipse.equinox.simpleconfigurator.manipulator.nl_ar" unpack="false" version="3.5.0.v20090620043401" download-size="1371" install-size="1371" />
	<plugin fragment="true" id="org.eclipse.equinox.simpleconfigurator.nl_ar" unpack="false" version="3.5.0.v20090620043401" download-size="1360" install-size="1360" />
	<plugin fragment="true" id="org.eclipse.osgi.jmx.nl_ar" unpack="false" version="3.5.0.v20090620043401" download-size="2387" install-size="2387" />
	<plugin fragment="true" id="org.eclipse.swt.jmx.nl_ar" unpack="false" version="3.5.0.v20090620043401" download-size="1990" install-size="1990" />
</feature>