<?xml version="1.0" encoding="UTF-8" ?>
<feature
	id="org.eclipse.babel.nls_dsdp.mtj_ko"
	label="Babel Language Pack for dsdp.mtj in Korean (5.93%)"
	image="eclipse_update_120.jpg"
	provider-name="%providerName"
	version="3.5.0.v20090620043401">
	<copyright>
		%copyright
	</copyright>
	<license url="%licenseURL">
		%license
	</license>
	<description>Babel Language Pack for dsdp.mtj in Korean</description>
	<plugin fragment="true" id="org.eclipse.mtj.core.nl_ko" unpack="false" version="3.5.0.v20090620043401" download-size="2298" install-size="2298" />
	<plugin fragment="true" id="org.eclipse.mtj.eswt.templates.nl_ko" unpack="false" version="3.5.0.v20090620043401" download-size="2183" install-size="2183" />
	<plugin fragment="true" id="org.eclipse.mtj.jmunit.nl_ko" unpack="false" version="3.5.0.v20090620043401" download-size="2288" install-size="2288" />
	<plugin fragment="true" id="org.eclipse.mtj.pulsar.ui.nl_ko" unpack="false" version="3.5.0.v20090620043401" download-size="2411" install-size="2411" />
	<plugin fragment="true" id="org.eclipse.mtj.ui.nl_ko" unpack="false" version="3.5.0.v20090620043401" download-size="5132" install-size="5132" />
</feature>