<?xml version="1.0" encoding="UTF-8" ?>
<feature
	id="org.eclipse.babel.nls_webtools.common_ro"
	label="Babel Language Pack for webtools.common in Romanian (4.62%)"
	image="eclipse_update_120.jpg"
	provider-name="%providerName"
	version="3.5.0.v20090620043401">
	<copyright>
		%copyright
	</copyright>
	<license url="%licenseURL">
		%license
	</license>
	<description>Babel Language Pack for webtools.common in Romanian</description>
	<plugin fragment="true" id="org.eclipse.jem.util.nl_ro" unpack="false" version="3.5.0.v20090620043401" download-size="1365" install-size="1365" />
	<plugin fragment="true" id="org.eclipse.jst.common.annotations.core.nl_ro" unpack="false" version="3.5.0.v20090620043401" download-size="1381" install-size="1381" />
	<plugin fragment="true" id="org.eclipse.jst.common.annotations.ui.nl_ro" unpack="false" version="3.5.0.v20090620043401" download-size="1372" install-size="1372" />
	<plugin fragment="true" id="org.eclipse.jst.common.fproj.enablement.jdt.sdk.nl_ro" unpack="false" version="3.5.0.v20090620043401" download-size="1384" install-size="1384" />
	<plugin fragment="true" id="org.eclipse.jst.common.frameworks.nl_ro" unpack="false" version="3.5.0.v20090620043401" download-size="1374" install-size="1374" />
	<plugin fragment="true" id="org.eclipse.jst.common.project.facet.core.nl_ro" unpack="false" version="3.5.0.v20090620043401" download-size="1396" install-size="1396" />
	<plugin fragment="true" id="org.eclipse.jst.common.project.facet.ui.nl_ro" unpack="false" version="3.5.0.v20090620043401" download-size="3117" install-size="3117" />
	<plugin fragment="true" id="org.eclipse.wst.common.api.doc.nl_ro" unpack="false" version="3.5.0.v20090620043401" download-size="1371" install-size="1371" />
	<plugin fragment="true" id="org.eclipse.wst.common.core.nl_ro" unpack="false" version="3.5.0.v20090620043401" download-size="1371" install-size="1371" />
	<plugin fragment="true" id="org.eclipse.wst.common.emf.nl_ro" unpack="false" version="3.5.0.v20090620043401" download-size="1371" install-size="1371" />
	<plugin fragment="true" id="org.eclipse.wst.common.emfworkbench.integration.nl_ro" unpack="false" version="3.5.0.v20090620043401" download-size="1383" install-size="1383" />
	<plugin fragment="true" id="org.eclipse.wst.common.environment.nl_ro" unpack="false" version="3.5.0.v20090620043401" download-size="2595" install-size="2595" />
	<plugin fragment="true" id="org.eclipse.wst.common.fproj.sdk.nl_ro" unpack="false" version="3.5.0.v20090620043401" download-size="1374" install-size="1374" />
	<plugin fragment="true" id="org.eclipse.wst.common.frameworks.nl_ro" unpack="false" version="3.5.0.v20090620043401" download-size="1370" install-size="1370" />
	<plugin fragment="true" id="org.eclipse.wst.common.frameworks.ui.nl_ro" unpack="false" version="3.5.0.v20090620043401" download-size="1605" install-size="1605" />
	<plugin fragment="true" id="org.eclipse.wst.common.infopop.nl_ro" unpack="false" version="3.5.0.v20090620043401" download-size="1376" install-size="1376" />
	<plugin fragment="true" id="org.eclipse.wst.common.modulecore.nl_ro" unpack="false" version="3.5.0.v20090620043401" download-size="1369" install-size="1369" />
	<plugin fragment="true" id="org.eclipse.wst.common.project.facet.core.nl_ro" unpack="false" version="3.5.0.v20090620043401" download-size="1378" install-size="1378" />
	<plugin fragment="true" id="org.eclipse.wst.common.project.facet.doc.api.nl_ro" unpack="false" version="3.5.0.v20090620043401" download-size="1380" install-size="1380" />
	<plugin fragment="true" id="org.eclipse.wst.common.project.facet.ui.nl_ro" unpack="false" version="3.5.0.v20090620043401" download-size="4446" install-size="4446" />
	<plugin fragment="true" id="org.eclipse.wst.common.snippets.nl_ro" unpack="false" version="3.5.0.v20090620043401" download-size="2455" install-size="2455" />
	<plugin fragment="true" id="org.eclipse.wst.common.ui.nl_ro" unpack="false" version="3.5.0.v20090620043401" download-size="3147" install-size="3147" />
	<plugin fragment="true" id="org.eclipse.wst.common.ui.properties.nl_ro" unpack="false" version="3.5.0.v20090620043401" download-size="1380" install-size="1380" />
	<plugin fragment="true" id="org.eclipse.wst.common.uriresolver.nl_ro" unpack="false" version="3.5.0.v20090620043401" download-size="1373" install-size="1373" />
	<plugin fragment="true" id="org.eclipse.wst.internet.cache.nl_ro" unpack="false" version="3.5.0.v20090620043401" download-size="2469" install-size="2469" />
	<plugin fragment="true" id="org.eclipse.wst.validation.doc.isv.nl_ro" unpack="false" version="3.5.0.v20090620043401" download-size="1378" install-size="1378" />
	<plugin fragment="true" id="org.eclipse.wst.validation.infopop.nl_ro" unpack="false" version="3.5.0.v20090620043401" download-size="1379" install-size="1379" />
	<plugin fragment="true" id="org.eclipse.wst.validation.nl_ro" unpack="false" version="3.5.0.v20090620043401" download-size="2261" install-size="2261" />
	<plugin fragment="true" id="org.eclipse.wst.validation.ui.nl_ro" unpack="false" version="3.5.0.v20090620043401" download-size="2428" install-size="2428" />
</feature>