<?xml version="1.0" encoding="UTF-8" ?>
<feature
	id="org.eclipse.babel.nls_datatools_ja"
	label="Babel Language Pack for datatools in Japanese (81.25%)"
	image="eclipse_update_120.jpg"
	provider-name="%providerName"
	version="3.5.0.v20090620043401">
	<copyright>
		%copyright
	</copyright>
	<license url="%licenseURL">
		%license
	</license>
	<description>Babel Language Pack for datatools in Japanese</description>
	<plugin fragment="true" id="org.eclipse.datatools.connectivity.apache.derby.dbdefinition.nl_ja" unpack="false" version="3.5.0.v20090620043401" download-size="1507" install-size="1507" />
	<plugin fragment="true" id="org.eclipse.datatools.connectivity.apache.derby.nl_ja" unpack="false" version="3.5.0.v20090620043401" download-size="1635" install-size="1635" />
	<plugin fragment="true" id="org.eclipse.datatools.connectivity.apache.derby.ui.nl_ja" unpack="false" version="3.5.0.v20090620043401" download-size="5343" install-size="5343" />
	<plugin fragment="true" id="org.eclipse.datatools.connectivity.console.profile.nl_ja" unpack="false" version="3.5.0.v20090620043401" download-size="4211" install-size="4211" />
	<plugin fragment="true" id="org.eclipse.datatools.connectivity.db.generic.nl_ja" unpack="false" version="3.5.0.v20090620043401" download-size="3412" install-size="3412" />
	<plugin fragment="true" id="org.eclipse.datatools.connectivity.db.generic.ui.nl_ja" unpack="false" version="3.5.0.v20090620043401" download-size="1567" install-size="1567" />
	<plugin fragment="true" id="org.eclipse.datatools.connectivity.dbdefinition.genericJDBC.nl_ja" unpack="false" version="3.5.0.v20090620043401" download-size="1516" install-size="1516" />
	<plugin fragment="true" id="org.eclipse.datatools.connectivity.nl_ja" unpack="false" version="3.5.0.v20090620043401" download-size="7297" install-size="7297" />
	<plugin fragment="true" id="org.eclipse.datatools.connectivity.oda.consumer.nl_ja" unpack="false" version="3.5.0.v20090620043401" download-size="3297" install-size="3297" />
	<plugin fragment="true" id="org.eclipse.datatools.connectivity.oda.design.nl_ja" unpack="false" version="3.5.0.v20090620043401" download-size="2821" install-size="2821" />
	<plugin fragment="true" id="org.eclipse.datatools.connectivity.oda.design.ui.nl_ja" unpack="false" version="3.5.0.v20090620043401" download-size="4713" install-size="4713" />
	<plugin fragment="true" id="org.eclipse.datatools.connectivity.oda.flatfile.nl_ja" unpack="false" version="3.5.0.v20090620043401" download-size="4203" install-size="4203" />
	<plugin fragment="true" id="org.eclipse.datatools.connectivity.oda.flatfile.ui.nl_ja" unpack="false" version="3.5.0.v20090620043401" download-size="4506" install-size="4506" />
	<plugin fragment="true" id="org.eclipse.datatools.connectivity.oda.nl_ja" unpack="false" version="3.5.0.v20090620043401" download-size="3733" install-size="3733" />
	<plugin fragment="true" id="org.eclipse.datatools.connectivity.oda.profile.nl_ja" unpack="false" version="3.5.0.v20090620043401" download-size="2760" install-size="2760" />
	<plugin fragment="true" id="org.eclipse.datatools.connectivity.oda.template.ui.nl_ja" unpack="false" version="3.5.0.v20090620043401" download-size="3473" install-size="3473" />
	<plugin fragment="true" id="org.eclipse.datatools.connectivity.sqm.core.nl_ja" unpack="false" version="3.5.0.v20090620043401" download-size="5414" install-size="5414" />
	<plugin fragment="true" id="org.eclipse.datatools.connectivity.sqm.core.ui.nl_ja" unpack="false" version="3.5.0.v20090620043401" download-size="8110" install-size="8110" />
	<plugin fragment="true" id="org.eclipse.datatools.connectivity.sqm.server.ui.nl_ja" unpack="false" version="3.5.0.v20090620043401" download-size="5429" install-size="5429" />
	<plugin fragment="true" id="org.eclipse.datatools.connectivity.ui.dse.nl_ja" unpack="false" version="3.5.0.v20090620043401" download-size="4596" install-size="4596" />
	<plugin fragment="true" id="org.eclipse.datatools.connectivity.ui.nl_ja" unpack="false" version="3.5.0.v20090620043401" download-size="8068" install-size="8068" />
	<plugin fragment="true" id="org.eclipse.datatools.connectivity.ui.templates.nl_ja" unpack="false" version="3.5.0.v20090620043401" download-size="3084" install-size="3084" />
	<plugin fragment="true" id="org.eclipse.datatools.enablement.finfo.nl_ja" unpack="false" version="3.5.0.v20090620043401" download-size="1436" install-size="1436" />
	<plugin fragment="true" id="org.eclipse.datatools.enablement.hsqldb.dbdefinition.nl_ja" unpack="false" version="3.5.0.v20090620043401" download-size="1511" install-size="1511" />
	<plugin fragment="true" id="org.eclipse.datatools.enablement.hsqldb.nl_ja" unpack="false" version="3.5.0.v20090620043401" download-size="1611" install-size="1611" />
	<plugin fragment="true" id="org.eclipse.datatools.enablement.hsqldb.ui.nl_ja" unpack="false" version="3.5.0.v20090620043401" download-size="3456" install-size="3456" />
	<plugin fragment="true" id="org.eclipse.datatools.enablement.ibm.db2.iseries.dbdefinition.nl_ja" unpack="false" version="3.5.0.v20090620043401" download-size="1550" install-size="1550" />
	<plugin fragment="true" id="org.eclipse.datatools.enablement.ibm.db2.iseries.nl_ja" unpack="false" version="3.5.0.v20090620043401" download-size="1613" install-size="1613" />
	<plugin fragment="true" id="org.eclipse.datatools.enablement.ibm.db2.iseries.ui.nl_ja" unpack="false" version="3.5.0.v20090620043401" download-size="3849" install-size="3849" />
	<plugin fragment="true" id="org.eclipse.datatools.enablement.ibm.db2.luw.dbdefinition.nl_ja" unpack="false" version="3.5.0.v20090620043401" download-size="1600" install-size="1600" />
	<plugin fragment="true" id="org.eclipse.datatools.enablement.ibm.db2.luw.nl_ja" unpack="false" version="3.5.0.v20090620043401" download-size="1624" install-size="1624" />
	<plugin fragment="true" id="org.eclipse.datatools.enablement.ibm.db2.luw.ui.nl_ja" unpack="false" version="3.5.0.v20090620043401" download-size="3923" install-size="3923" />
	<plugin fragment="true" id="org.eclipse.datatools.enablement.ibm.db2.zseries.dbdefinition.nl_ja" unpack="false" version="3.5.0.v20090620043401" download-size="1677" install-size="1677" />
	<plugin fragment="true" id="org.eclipse.datatools.enablement.ibm.db2.zseries.nl_ja" unpack="false" version="3.5.0.v20090620043401" download-size="1614" install-size="1614" />
	<plugin fragment="true" id="org.eclipse.datatools.enablement.ibm.db2.zseries.ui.nl_ja" unpack="false" version="3.5.0.v20090620043401" download-size="3957" install-size="3957" />
	<plugin fragment="true" id="org.eclipse.datatools.enablement.ibm.informix.dbdefinition.nl_ja" unpack="false" version="3.5.0.v20090620043401" download-size="1555" install-size="1555" />
	<plugin fragment="true" id="org.eclipse.datatools.enablement.ibm.informix.nl_ja" unpack="false" version="3.5.0.v20090620043401" download-size="1631" install-size="1631" />
	<plugin fragment="true" id="org.eclipse.datatools.enablement.ibm.informix.ui.nl_ja" unpack="false" version="3.5.0.v20090620043401" download-size="3633" install-size="3633" />
	<plugin fragment="true" id="org.eclipse.datatools.enablement.ibm.ui.nl_ja" unpack="false" version="3.5.0.v20090620043401" download-size="3501" install-size="3501" />
	<plugin fragment="true" id="org.eclipse.datatools.enablement.ingres.dbdefinition.nl_ja" unpack="false" version="3.5.0.v20090620043401" download-size="1388" install-size="1388" />
	<plugin fragment="true" id="org.eclipse.datatools.enablement.ingres.nl_ja" unpack="false" version="3.5.0.v20090620043401" download-size="1531" install-size="1531" />
	<plugin fragment="true" id="org.eclipse.datatools.enablement.ingres.ui.nl_ja" unpack="false" version="3.5.0.v20090620043401" download-size="2922" install-size="2922" />
	<plugin fragment="true" id="org.eclipse.datatools.enablement.jdt.classpath.nl_ja" unpack="false" version="3.5.0.v20090620043401" download-size="2819" install-size="2819" />
	<plugin fragment="true" id="org.eclipse.datatools.enablement.msft.sqlserver.dbdefinition.nl_ja" unpack="false" version="3.5.0.v20090620043401" download-size="1563" install-size="1563" />
	<plugin fragment="true" id="org.eclipse.datatools.enablement.msft.sqlserver.nl_ja" unpack="false" version="3.5.0.v20090620043401" download-size="1627" install-size="1627" />
	<plugin fragment="true" id="org.eclipse.datatools.enablement.msft.sqlserver.ui.nl_ja" unpack="false" version="3.5.0.v20090620043401" download-size="3999" install-size="3999" />
	<plugin fragment="true" id="org.eclipse.datatools.enablement.mysql.dbdefinition.nl_ja" unpack="false" version="3.5.0.v20090620043401" download-size="1524" install-size="1524" />
	<plugin fragment="true" id="org.eclipse.datatools.enablement.mysql.nl_ja" unpack="false" version="3.5.0.v20090620043401" download-size="1619" install-size="1619" />
	<plugin fragment="true" id="org.eclipse.datatools.enablement.mysql.ui.nl_ja" unpack="false" version="3.5.0.v20090620043401" download-size="1540" install-size="1540" />
	<plugin fragment="true" id="org.eclipse.datatools.enablement.oda.ws.nl_ja" unpack="false" version="3.5.0.v20090620043401" download-size="2719" install-size="2719" />
	<plugin fragment="true" id="org.eclipse.datatools.enablement.oda.ws.ui.nl_ja" unpack="false" version="3.5.0.v20090620043401" download-size="4497" install-size="4497" />
	<plugin fragment="true" id="org.eclipse.datatools.enablement.oda.xml.nl_ja" unpack="false" version="3.5.0.v20090620043401" download-size="3378" install-size="3378" />
	<plugin fragment="true" id="org.eclipse.datatools.enablement.oda.xml.ui.nl_ja" unpack="false" version="3.5.0.v20090620043401" download-size="5585" install-size="5585" />
	<plugin fragment="true" id="org.eclipse.datatools.enablement.oracle.dbdefinition.nl_ja" unpack="false" version="3.5.0.v20090620043401" download-size="1518" install-size="1518" />
	<plugin fragment="true" id="org.eclipse.datatools.enablement.oracle.nl_ja" unpack="false" version="3.5.0.v20090620043401" download-size="1631" install-size="1631" />
	<plugin fragment="true" id="org.eclipse.datatools.enablement.oracle.ui.nl_ja" unpack="false" version="3.5.0.v20090620043401" download-size="3453" install-size="3453" />
	<plugin fragment="true" id="org.eclipse.datatools.enablement.postgresql.dbdefinition.nl_ja" unpack="false" version="3.5.0.v20090620043401" download-size="1392" install-size="1392" />
	<plugin fragment="true" id="org.eclipse.datatools.enablement.postgresql.nl_ja" unpack="false" version="3.5.0.v20090620043401" download-size="1585" install-size="1585" />
	<plugin fragment="true" id="org.eclipse.datatools.enablement.postgresql.ui.nl_ja" unpack="false" version="3.5.0.v20090620043401" download-size="1524" install-size="1524" />
	<plugin fragment="true" id="org.eclipse.datatools.enablement.sap.maxdb.dbdefinition.nl_ja" unpack="false" version="3.5.0.v20090620043401" download-size="1469" install-size="1469" />
	<plugin fragment="true" id="org.eclipse.datatools.enablement.sap.maxdb.nl_ja" unpack="false" version="3.5.0.v20090620043401" download-size="2591" install-size="2591" />
	<plugin fragment="true" id="org.eclipse.datatools.enablement.sap.maxdb.ui.nl_ja" unpack="false" version="3.5.0.v20090620043401" download-size="1543" install-size="1543" />
	<plugin fragment="true" id="org.eclipse.datatools.enablement.sqlite.dbdefinition.nl_ja" unpack="false" version="3.5.0.v20090620043401" download-size="1387" install-size="1387" />
	<plugin fragment="true" id="org.eclipse.datatools.enablement.sqlite.nl_ja" unpack="false" version="3.5.0.v20090620043401" download-size="2476" install-size="2476" />
	<plugin fragment="true" id="org.eclipse.datatools.enablement.sqlite.ui.nl_ja" unpack="false" version="3.5.0.v20090620043401" download-size="3033" install-size="3033" />
	<plugin fragment="true" id="org.eclipse.datatools.enablement.sybase.asa.dbdefinition.nl_ja" unpack="false" version="3.5.0.v20090620043401" download-size="1391" install-size="1391" />
	<plugin fragment="true" id="org.eclipse.datatools.enablement.sybase.asa.models.nl_ja" unpack="false" version="3.5.0.v20090620043401" download-size="1419" install-size="1419" />
	<plugin fragment="true" id="org.eclipse.datatools.enablement.sybase.asa.nl_ja" unpack="false" version="3.5.0.v20090620043401" download-size="4796" install-size="4796" />
	<plugin fragment="true" id="org.eclipse.datatools.enablement.sybase.asa.schemaobjecteditor.examples.nl_ja" unpack="false" version="3.5.0.v20090620043401" download-size="19631" install-size="19631" />
	<plugin fragment="true" id="org.eclipse.datatools.enablement.sybase.asa.ui.nl_ja" unpack="false" version="3.5.0.v20090620043401" download-size="1627" install-size="1627" />
	<plugin fragment="true" id="org.eclipse.datatools.enablement.sybase.ase.dbdefinition.nl_ja" unpack="false" version="3.5.0.v20090620043401" download-size="1493" install-size="1493" />
	<plugin fragment="true" id="org.eclipse.datatools.enablement.sybase.ase.models.nl_ja" unpack="false" version="3.5.0.v20090620043401" download-size="1384" install-size="1384" />
	<plugin fragment="true" id="org.eclipse.datatools.enablement.sybase.ase.nl_ja" unpack="false" version="3.5.0.v20090620043401" download-size="2937" install-size="2937" />
	<plugin fragment="true" id="org.eclipse.datatools.enablement.sybase.ase.ui.nl_ja" unpack="false" version="3.5.0.v20090620043401" download-size="1786" install-size="1786" />
	<plugin fragment="true" id="org.eclipse.datatools.enablement.sybase.models.nl_ja" unpack="false" version="3.5.0.v20090620043401" download-size="1381" install-size="1381" />
	<plugin fragment="true" id="org.eclipse.datatools.enablement.sybase.nl_ja" unpack="false" version="3.5.0.v20090620043401" download-size="4090" install-size="4090" />
	<plugin fragment="true" id="org.eclipse.datatools.enablement.sybase.ui.nl_ja" unpack="false" version="3.5.0.v20090620043401" download-size="4857" install-size="4857" />
	<plugin fragment="true" id="org.eclipse.datatools.help.nl_ja" unpack="false" version="3.5.0.v20090620043401" download-size="1430" install-size="1430" />
	<plugin fragment="true" id="org.eclipse.datatools.modelbase.dbdefinition.nl_ja" unpack="false" version="3.5.0.v20090620043401" download-size="1452" install-size="1452" />
	<plugin fragment="true" id="org.eclipse.datatools.modelbase.derby.nl_ja" unpack="false" version="3.5.0.v20090620043401" download-size="1417" install-size="1417" />
	<plugin fragment="true" id="org.eclipse.datatools.modelbase.sql.edit.nl_ja" unpack="false" version="3.5.0.v20090620043401" download-size="6986" install-size="6986" />
	<plugin fragment="true" id="org.eclipse.datatools.modelbase.sql.nl_ja" unpack="false" version="3.5.0.v20090620043401" download-size="1376" install-size="1376" />
	<plugin fragment="true" id="org.eclipse.datatools.modelbase.sql.query.edit.nl_ja" unpack="false" version="3.5.0.v20090620043401" download-size="3773" install-size="3773" />
	<plugin fragment="true" id="org.eclipse.datatools.modelbase.sql.query.nl_ja" unpack="false" version="3.5.0.v20090620043401" download-size="1379" install-size="1379" />
	<plugin fragment="true" id="org.eclipse.datatools.modelbase.sql.xml.query.nl_ja" unpack="false" version="3.5.0.v20090620043401" download-size="1496" install-size="1496" />
	<plugin fragment="true" id="org.eclipse.datatools.sqltools.common.ui.nl_ja" unpack="false" version="3.5.0.v20090620043401" download-size="7049" install-size="7049" />
	<plugin fragment="true" id="org.eclipse.datatools.sqltools.data.core.nl_ja" unpack="false" version="3.5.0.v20090620043401" download-size="5029" install-size="5029" />
	<plugin fragment="true" id="org.eclipse.datatools.sqltools.data.ui.nl_ja" unpack="false" version="3.5.0.v20090620043401" download-size="5682" install-size="5682" />
	<plugin fragment="true" id="org.eclipse.datatools.sqltools.db.derby.nl_ja" unpack="false" version="3.5.0.v20090620043401" download-size="2911" install-size="2911" />
	<plugin fragment="true" id="org.eclipse.datatools.sqltools.db.derby.ui.nl_ja" unpack="false" version="3.5.0.v20090620043401" download-size="1385" install-size="1385" />
	<plugin fragment="true" id="org.eclipse.datatools.sqltools.db.generic.nl_ja" unpack="false" version="3.5.0.v20090620043401" download-size="2941" install-size="2941" />
	<plugin fragment="true" id="org.eclipse.datatools.sqltools.db.generic.ui.nl_ja" unpack="false" version="3.5.0.v20090620043401" download-size="1423" install-size="1423" />
	<plugin fragment="true" id="org.eclipse.datatools.sqltools.ddlgen.ui.nl_ja" unpack="false" version="3.5.0.v20090620043401" download-size="4649" install-size="4649" />
	<plugin fragment="true" id="org.eclipse.datatools.sqltools.debugger.core.nl_ja" unpack="false" version="3.5.0.v20090620043401" download-size="7053" install-size="7053" />
	<plugin fragment="true" id="org.eclipse.datatools.sqltools.debugger.core.ui.nl_ja" unpack="false" version="3.5.0.v20090620043401" download-size="4926" install-size="4926" />
	<plugin fragment="true" id="org.eclipse.datatools.sqltools.editor.core.nl_ja" unpack="false" version="3.5.0.v20090620043401" download-size="8328" install-size="8328" />
	<plugin fragment="true" id="org.eclipse.datatools.sqltools.editor.core.ui.nl_ja" unpack="false" version="3.5.0.v20090620043401" download-size="2730" install-size="2730" />
	<plugin fragment="true" id="org.eclipse.datatools.sqltools.parsers.sql.lexer.nl_ja" unpack="false" version="3.5.0.v20090620043401" download-size="1420" install-size="1420" />
	<plugin fragment="true" id="org.eclipse.datatools.sqltools.parsers.sql.nl_ja" unpack="false" version="3.5.0.v20090620043401" download-size="3318" install-size="3318" />
	<plugin fragment="true" id="org.eclipse.datatools.sqltools.parsers.sql.query.nl_ja" unpack="false" version="3.5.0.v20090620043401" download-size="5761" install-size="5761" />
	<plugin fragment="true" id="org.eclipse.datatools.sqltools.parsers.sql.xml.query.nl_ja" unpack="false" version="3.5.0.v20090620043401" download-size="1474" install-size="1474" />
	<plugin fragment="true" id="org.eclipse.datatools.sqltools.plan.nl_ja" unpack="false" version="3.5.0.v20090620043401" download-size="7279" install-size="7279" />
	<plugin fragment="true" id="org.eclipse.datatools.sqltools.result.nl_ja" unpack="false" version="3.5.0.v20090620043401" download-size="9097" install-size="9097" />
	<plugin fragment="true" id="org.eclipse.datatools.sqltools.result.ui.nl_ja" unpack="false" version="3.5.0.v20090620043401" download-size="8470" install-size="8470" />
	<plugin fragment="true" id="org.eclipse.datatools.sqltools.routineeditor.nl_ja" unpack="false" version="3.5.0.v20090620043401" download-size="9275" install-size="9275" />
	<plugin fragment="true" id="org.eclipse.datatools.sqltools.routineeditor.ui.nl_ja" unpack="false" version="3.5.0.v20090620043401" download-size="7579" install-size="7579" />
	<plugin fragment="true" id="org.eclipse.datatools.sqltools.schemaobjecteditor.nl_ja" unpack="false" version="3.5.0.v20090620043401" download-size="1389" install-size="1389" />
	<plugin fragment="true" id="org.eclipse.datatools.sqltools.schemaobjecteditor.ui.nl_ja" unpack="false" version="3.5.0.v20090620043401" download-size="6295" install-size="6295" />
	<plugin fragment="true" id="org.eclipse.datatools.sqltools.schemaobjecteditor.ui.pages.nl_ja" unpack="false" version="3.5.0.v20090620043401" download-size="4351" install-size="4351" />
	<plugin fragment="true" id="org.eclipse.datatools.sqltools.sql.nl_ja" unpack="false" version="3.5.0.v20090620043401" download-size="4575" install-size="4575" />
	<plugin fragment="true" id="org.eclipse.datatools.sqltools.sql.ui.nl_ja" unpack="false" version="3.5.0.v20090620043401" download-size="1374" install-size="1374" />
	<plugin fragment="true" id="org.eclipse.datatools.sqltools.sqlbuilder.nl_ja" unpack="false" version="3.5.0.v20090620043401" download-size="10354" install-size="10354" />
	<plugin fragment="true" id="org.eclipse.datatools.sqltools.sqleditor.nl_ja" unpack="false" version="3.5.0.v20090620043401" download-size="15341" install-size="15341" />
	<plugin fragment="true" id="org.eclipse.datatools.sqltools.sqlscrapbook.nl_ja" unpack="false" version="3.5.0.v20090620043401" download-size="7018" install-size="7018" />
	<plugin fragment="true" id="org.eclipse.datatools.sqltools.tabledataeditor.nl_ja" unpack="false" version="3.5.0.v20090620043401" download-size="3417" install-size="3417" />
</feature>