<?xml version="1.0" encoding="UTF-8" ?>
<feature
	id="org.eclipse.babel.nls_tools.gef_cs"
	label="Babel Language Pack for tools.gef in Czech (60.61%)"
	image="eclipse_update_120.jpg"
	provider-name="%providerName"
	version="3.5.0.v20090620043401">
	<copyright>
		%copyright
	</copyright>
	<license url="%licenseURL">
		%license
	</license>
	<description>Babel Language Pack for tools.gef in Czech</description>
	<plugin fragment="true" id="org.eclipse.draw2d.doc.isv.nl_cs" unpack="false" version="3.5.0.v20090620043401" download-size="1395" install-size="1395" />
	<plugin fragment="true" id="org.eclipse.draw2d.nl_cs" unpack="false" version="3.5.0.v20090620043401" download-size="1718" install-size="1718" />
	<plugin fragment="true" id="org.eclipse.draw2d.test.nl_cs" unpack="false" version="3.5.0.v20090620043401" download-size="1372" install-size="1372" />
	<plugin fragment="true" id="org.eclipse.gef.doc.isv.nl_cs" unpack="false" version="3.5.0.v20090620043401" download-size="1502" install-size="1502" />
	<plugin fragment="true" id="org.eclipse.gef.examples.flow.nl_cs" unpack="false" version="3.5.0.v20090620043401" download-size="1377" install-size="1377" />
	<plugin fragment="true" id="org.eclipse.gef.examples.logic.nl_cs" unpack="false" version="3.5.0.v20090620043401" download-size="2744" install-size="2744" />
	<plugin fragment="true" id="org.eclipse.gef.examples.shapes.nl_cs" unpack="false" version="3.5.0.v20090620043401" download-size="1377" install-size="1377" />
	<plugin fragment="true" id="org.eclipse.gef.examples.text.nl_cs" unpack="false" version="3.5.0.v20090620043401" download-size="1376" install-size="1376" />
	<plugin fragment="true" id="org.eclipse.gef.examples.ui.pde.nl_cs" unpack="false" version="3.5.0.v20090620043401" download-size="1377" install-size="1377" />
	<plugin fragment="true" id="org.eclipse.gef.nl_cs" unpack="false" version="3.5.0.v20090620043401" download-size="4950" install-size="4950" />
	<plugin fragment="true" id="org.eclipse.gef.test.nl_cs" unpack="false" version="3.5.0.v20090620043401" download-size="1370" install-size="1370" />
	<plugin fragment="true" id="org.eclipse.zest.core.nl_cs" unpack="false" version="3.5.0.v20090620043401" download-size="2208" install-size="2208" />
	<plugin fragment="true" id="org.eclipse.zest.layouts.nl_cs" unpack="false" version="3.5.0.v20090620043401" download-size="1373" install-size="1373" />
</feature>