<?xml version="1.0" encoding="UTF-8" ?>
<feature
	id="org.eclipse.babel.nls_stp.bpmn_mn"
	label="Babel Language Pack for stp.bpmn in Mongolian (3.41%)"
	image="eclipse_update_120.jpg"
	provider-name="%providerName"
	version="3.5.0.v20090620043401">
	<copyright>
		%copyright
	</copyright>
	<license url="%licenseURL">
		%license
	</license>
	<description>Babel Language Pack for stp.bpmn in Mongolian</description>
	<plugin fragment="true" id="org.eclipse.stp.bpmn.diagram.nl_mn" unpack="false" version="3.5.0.v20090620043401" download-size="2262" install-size="2262" />
	<plugin fragment="true" id="org.eclipse.stp.bpmn.edit.nl_mn" unpack="false" version="3.5.0.v20090620043401" download-size="1606" install-size="1606" />
	<plugin fragment="true" id="org.eclipse.stp.bpmn.nl_mn" unpack="false" version="3.5.0.v20090620043401" download-size="1349" install-size="1349" />
	<plugin fragment="true" id="org.eclipse.stp.bpmn.validation.nl_mn" unpack="false" version="3.5.0.v20090620043401" download-size="1373" install-size="1373" />
</feature>