<?xml version="1.0" encoding="UTF-8" ?>
<feature
	id="org.eclipse.babel.nls_rt.ecf_no"
	label="Babel Language Pack for rt.ecf in Norwegian (14.02%)"
	image="eclipse_update_120.jpg"
	provider-name="%providerName"
	version="3.5.0.v20090620043401">
	<copyright>
		%copyright
	</copyright>
	<license url="%licenseURL">
		%license
	</license>
	<description>Babel Language Pack for rt.ecf in Norwegian</description>
	<plugin fragment="true" id="org.eclipse.ecf.datashare.nl_no" unpack="false" version="3.5.0.v20090620043401" download-size="2090" install-size="2090" />
	<plugin fragment="true" id="org.eclipse.ecf.discovery.nl_no" unpack="false" version="3.5.0.v20090620043401" download-size="1370" install-size="1370" />
	<plugin fragment="true" id="org.eclipse.ecf.discovery.ui.browser.nl_no" unpack="false" version="3.5.0.v20090620043401" download-size="1377" install-size="1377" />
	<plugin fragment="true" id="org.eclipse.ecf.discovery.ui.edit.nl_no" unpack="false" version="3.5.0.v20090620043401" download-size="1543" install-size="1543" />
	<plugin fragment="true" id="org.eclipse.ecf.discovery.ui.model.nl_no" unpack="false" version="3.5.0.v20090620043401" download-size="1375" install-size="1375" />
	<plugin fragment="true" id="org.eclipse.ecf.discovery.ui.nl_no" unpack="false" version="3.5.0.v20090620043401" download-size="1372" install-size="1372" />
	<plugin fragment="true" id="org.eclipse.ecf.doc.nl_no" unpack="false" version="3.5.0.v20090620043401" download-size="1365" install-size="1365" />
	<plugin fragment="true" id="org.eclipse.ecf.docshare.nl_no" unpack="false" version="3.5.0.v20090620043401" download-size="2276" install-size="2276" />
	<plugin fragment="true" id="org.eclipse.ecf.example.clients.nl_no" unpack="false" version="3.5.0.v20090620043401" download-size="1374" install-size="1374" />
	<plugin fragment="true" id="org.eclipse.ecf.example.collab.editor.nl_no" unpack="false" version="3.5.0.v20090620043401" download-size="1378" install-size="1378" />
	<plugin fragment="true" id="org.eclipse.ecf.example.collab.nl_no" unpack="false" version="3.5.0.v20090620043401" download-size="3493" install-size="3493" />
	<plugin fragment="true" id="org.eclipse.ecf.examples.remoteservices.common.nl_no" unpack="false" version="3.5.0.v20090620043401" download-size="1382" install-size="1382" />
	<plugin fragment="true" id="org.eclipse.ecf.examples.remoteservices.server.nl_no" unpack="false" version="3.5.0.v20090620043401" download-size="1382" install-size="1382" />
	<plugin fragment="true" id="org.eclipse.ecf.examples.updatesite.client.nl_no" unpack="false" version="3.5.0.v20090620043401" download-size="1380" install-size="1380" />
	<plugin fragment="true" id="org.eclipse.ecf.examples.updatesite.server.nl_no" unpack="false" version="3.5.0.v20090620043401" download-size="1380" install-size="1380" />
	<plugin fragment="true" id="org.eclipse.ecf.filetransfer.nl_no" unpack="false" version="3.5.0.v20090620043401" download-size="1369" install-size="1369" />
	<plugin fragment="true" id="org.eclipse.ecf.filetransfer.ui.nl_no" unpack="false" version="3.5.0.v20090620043401" download-size="2595" install-size="2595" />
	<plugin fragment="true" id="org.eclipse.ecf.identity.nl_no" unpack="false" version="3.5.0.v20090620043401" download-size="1369" install-size="1369" />
	<plugin fragment="true" id="org.eclipse.ecf.nl_no" unpack="false" version="3.5.0.v20090620043401" download-size="1552" install-size="1552" />
	<plugin fragment="true" id="org.eclipse.ecf.osgi.services.discovery.nl_no" unpack="false" version="3.5.0.v20090620043401" download-size="1382" install-size="1382" />
	<plugin fragment="true" id="org.eclipse.ecf.osgi.services.distribution.nl_no" unpack="false" version="3.5.0.v20090620043401" download-size="1383" install-size="1383" />
	<plugin fragment="true" id="org.eclipse.ecf.osgi.services.nl_no" unpack="false" version="3.5.0.v20090620043401" download-size="1355" install-size="1355" />
	<plugin fragment="true" id="org.eclipse.ecf.presence.bot.nl_no" unpack="false" version="3.5.0.v20090620043401" download-size="1371" install-size="1371" />
	<plugin fragment="true" id="org.eclipse.ecf.presence.collab.ui.nl_no" unpack="false" version="3.5.0.v20090620043401" download-size="2631" install-size="2631" />
	<plugin fragment="true" id="org.eclipse.ecf.presence.nl_no" unpack="false" version="3.5.0.v20090620043401" download-size="1368" install-size="1368" />
	<plugin fragment="true" id="org.eclipse.ecf.presence.ui.nl_no" unpack="false" version="3.5.0.v20090620043401" download-size="2910" install-size="2910" />
	<plugin fragment="true" id="org.eclipse.ecf.protocol.bittorrent.nl_no" unpack="false" version="3.5.0.v20090620043401" download-size="1374" install-size="1374" />
	<plugin fragment="true" id="org.eclipse.ecf.protocol.msn.nl_no" unpack="false" version="3.5.0.v20090620043401" download-size="1369" install-size="1369" />
	<plugin fragment="true" id="org.eclipse.ecf.provider.bittorrent.nl_no" unpack="false" version="3.5.0.v20090620043401" download-size="1375" install-size="1375" />
	<plugin fragment="true" id="org.eclipse.ecf.provider.bittorrent.ui.nl_no" unpack="false" version="3.5.0.v20090620043401" download-size="2626" install-size="2626" />
	<plugin fragment="true" id="org.eclipse.ecf.provider.datashare.nio.nl_no" unpack="false" version="3.5.0.v20090620043401" download-size="1377" install-size="1377" />
	<plugin fragment="true" id="org.eclipse.ecf.provider.datashare.nl_no" unpack="false" version="3.5.0.v20090620043401" download-size="1375" install-size="1375" />
	<plugin fragment="true" id="org.eclipse.ecf.provider.discovery.nl_no" unpack="false" version="3.5.0.v20090620043401" download-size="1376" install-size="1376" />
	<plugin fragment="true" id="org.eclipse.ecf.provider.filetransfer.efs.nl_no" unpack="false" version="3.5.0.v20090620043401" download-size="1379" install-size="1379" />
	<plugin fragment="true" id="org.eclipse.ecf.provider.filetransfer.httpclient.nl_no" unpack="false" version="3.5.0.v20090620043401" download-size="2668" install-size="2668" />
	<plugin fragment="true" id="org.eclipse.ecf.provider.filetransfer.nl_no" unpack="false" version="3.5.0.v20090620043401" download-size="2496" install-size="2496" />
	<plugin fragment="true" id="org.eclipse.ecf.provider.filetransfer.scp.nl_no" unpack="false" version="3.5.0.v20090620043401" download-size="1379" install-size="1379" />
	<plugin fragment="true" id="org.eclipse.ecf.provider.irc.nl_no" unpack="false" version="3.5.0.v20090620043401" download-size="2409" install-size="2409" />
	<plugin fragment="true" id="org.eclipse.ecf.provider.irc.ui.nl_no" unpack="false" version="3.5.0.v20090620043401" download-size="2371" install-size="2371" />
	<plugin fragment="true" id="org.eclipse.ecf.provider.jmdns.nl_no" unpack="false" version="3.5.0.v20090620043401" download-size="1373" install-size="1373" />
	<plugin fragment="true" id="org.eclipse.ecf.provider.jslp.nl_no" unpack="false" version="3.5.0.v20090620043401" download-size="1372" install-size="1372" />
	<plugin fragment="true" id="org.eclipse.ecf.provider.msn.nl_no" unpack="false" version="3.5.0.v20090620043401" download-size="2389" install-size="2389" />
	<plugin fragment="true" id="org.eclipse.ecf.provider.msn.ui.nl_no" unpack="false" version="3.5.0.v20090620043401" download-size="2564" install-size="2564" />
	<plugin fragment="true" id="org.eclipse.ecf.provider.nl_no" unpack="false" version="3.5.0.v20090620043401" download-size="2826" install-size="2826" />
	<plugin fragment="true" id="org.eclipse.ecf.provider.remoteservice.nl_no" unpack="false" version="3.5.0.v20090620043401" download-size="1377" install-size="1377" />
	<plugin fragment="true" id="org.eclipse.ecf.provider.ui.nl_no" unpack="false" version="3.5.0.v20090620043401" download-size="1371" install-size="1371" />
	<plugin fragment="true" id="org.eclipse.ecf.provider.xmpp.nl_no" unpack="false" version="3.5.0.v20090620043401" download-size="1372" install-size="1372" />
	<plugin fragment="true" id="org.eclipse.ecf.provider.xmpp.ui.nl_no" unpack="false" version="3.5.0.v20090620043401" download-size="2681" install-size="2681" />
	<plugin fragment="true" id="org.eclipse.ecf.remoteservice.nl_no" unpack="false" version="3.5.0.v20090620043401" download-size="1372" install-size="1372" />
	<plugin fragment="true" id="org.eclipse.ecf.remoteservice.ui.nl_no" unpack="false" version="3.5.0.v20090620043401" download-size="2483" install-size="2483" />
	<plugin fragment="true" id="org.eclipse.ecf.server.generic.nl_no" unpack="false" version="3.5.0.v20090620043401" download-size="1372" install-size="1372" />
	<plugin fragment="true" id="org.eclipse.ecf.server.nl_no" unpack="false" version="3.5.0.v20090620043401" download-size="1367" install-size="1367" />
	<plugin fragment="true" id="org.eclipse.ecf.sharedobject.nl_no" unpack="false" version="3.5.0.v20090620043401" download-size="2422" install-size="2422" />
	<plugin fragment="true" id="org.eclipse.ecf.storage.nl_no" unpack="false" version="3.5.0.v20090620043401" download-size="1368" install-size="1368" />
	<plugin fragment="true" id="org.eclipse.ecf.sync.nl_no" unpack="false" version="3.5.0.v20090620043401" download-size="1366" install-size="1366" />
	<plugin fragment="true" id="org.eclipse.ecf.telephony.call.nl_no" unpack="false" version="3.5.0.v20090620043401" download-size="1373" install-size="1373" />
	<plugin fragment="true" id="org.eclipse.ecf.telephony.call.ui.nl_no" unpack="false" version="3.5.0.v20090620043401" download-size="1374" install-size="1374" />
	<plugin fragment="true" id="org.eclipse.ecf.ui.capabilities.nl_no" unpack="false" version="3.5.0.v20090620043401" download-size="1373" install-size="1373" />
	<plugin fragment="true" id="org.eclipse.ecf.ui.nl_no" unpack="false" version="3.5.0.v20090620043401" download-size="2392" install-size="2392" />
	<plugin fragment="true" id="org.eclipse.team.ecf.core.nl_no" unpack="false" version="3.5.0.v20090620043401" download-size="1369" install-size="1369" />
	<plugin fragment="true" id="org.eclipse.team.ecf.ui.nl_no" unpack="false" version="3.5.0.v20090620043401" download-size="2407" install-size="2407" />
	<plugin fragment="true" id="org.jivesoftware.smack.nl_no" unpack="false" version="3.5.0.v20090620043401" download-size="1371" install-size="1371" />
</feature>