<?xml version="1.0" encoding="UTF-8" ?>
<feature
	id="org.eclipse.babel.nls_technology.actf_ja"
	label="Babel Language Pack for technology.actf in Japanese (51.54%)"
	image="eclipse_update_120.jpg"
	provider-name="%providerName"
	version="3.5.0.v20090620043401">
	<copyright>
		%copyright
	</copyright>
	<license url="%licenseURL">
		%license
	</license>
	<description>Babel Language Pack for technology.actf in Japanese</description>
	<plugin fragment="true" id="org.eclipse.actf.ai.tts.sapi.nl_ja" unpack="false" version="3.5.0.v20090620043401" download-size="1759" install-size="1759" />
	<plugin fragment="true" id="org.eclipse.actf.ai.voice.nl_ja" unpack="false" version="3.5.0.v20090620043401" download-size="1688" install-size="1688" />
	<plugin fragment="true" id="org.eclipse.actf.core.nl_ja" unpack="false" version="3.5.0.v20090620043401" download-size="1662" install-size="1662" />
	<plugin fragment="true" id="org.eclipse.actf.examples.adesigner.eval.html.nl_ja" unpack="false" version="3.5.0.v20090620043401" download-size="8674" install-size="8674" />
	<plugin fragment="true" id="org.eclipse.actf.examples.adesigner.eval.odf.nl_ja" unpack="false" version="3.5.0.v20090620043401" download-size="2796" install-size="2796" />
	<plugin fragment="true" id="org.eclipse.actf.model.flash.nl_ja" unpack="false" version="3.5.0.v20090620043401" download-size="1736" install-size="1736" />
	<plugin fragment="true" id="org.eclipse.actf.model.flash.proxy.nl_ja" unpack="false" version="3.5.0.v20090620043401" download-size="2653" install-size="2653" />
	<plugin fragment="true" id="org.eclipse.actf.model.ui.editors.ie.nl_ja" unpack="false" version="3.5.0.v20090620043401" download-size="1431" install-size="1431" />
	<plugin fragment="true" id="org.eclipse.actf.model.ui.editors.ooo.nl_ja" unpack="false" version="3.5.0.v20090620043401" download-size="1412" install-size="1412" />
	<plugin fragment="true" id="org.eclipse.actf.model.ui.nl_ja" unpack="false" version="3.5.0.v20090620043401" download-size="2113" install-size="2113" />
	<plugin fragment="true" id="org.eclipse.actf.ui.nl_ja" unpack="false" version="3.5.0.v20090620043401" download-size="2087" install-size="2087" />
	<plugin fragment="true" id="org.eclipse.actf.util.vocab.nl_ja" unpack="false" version="3.5.0.v20090620043401" download-size="1639" install-size="1639" />
	<plugin fragment="true" id="org.eclipse.actf.visualization.blind.nl_ja" unpack="false" version="3.5.0.v20090620043401" download-size="2954" install-size="2954" />
	<plugin fragment="true" id="org.eclipse.actf.visualization.doc.isv.nl_ja" unpack="false" version="3.5.0.v20090620043401" download-size="7359" install-size="7359" />
	<plugin fragment="true" id="org.eclipse.actf.visualization.engines.blind.html.nl_ja" unpack="false" version="3.5.0.v20090620043401" download-size="1534" install-size="1534" />
	<plugin fragment="true" id="org.eclipse.actf.visualization.engines.blind.nl_ja" unpack="false" version="3.5.0.v20090620043401" download-size="4123" install-size="4123" />
	<plugin fragment="true" id="org.eclipse.actf.visualization.engines.lowvision.nl_ja" unpack="false" version="3.5.0.v20090620043401" download-size="2363" install-size="2363" />
	<plugin fragment="true" id="org.eclipse.actf.visualization.eval.nl_ja" unpack="false" version="3.5.0.v20090620043401" download-size="4711" install-size="4711" />
	<plugin fragment="true" id="org.eclipse.actf.visualization.gui.nl_ja" unpack="false" version="3.5.0.v20090620043401" download-size="4440" install-size="4440" />
	<plugin fragment="true" id="org.eclipse.actf.visualization.lowvision.nl_ja" unpack="false" version="3.5.0.v20090620043401" download-size="2959" install-size="2959" />
	<plugin fragment="true" id="org.eclipse.actf.visualization.presentation.nl_ja" unpack="false" version="3.5.0.v20090620043401" download-size="1961" install-size="1961" />
	<plugin fragment="true" id="org.eclipse.actf.visualization.ui.pdt.nl_ja" unpack="false" version="3.5.0.v20090620043401" download-size="1484" install-size="1484" />
	<plugin fragment="true" id="org.eclipse.actf.visualization.ui.report.nl_ja" unpack="false" version="3.5.0.v20090620043401" download-size="2110" install-size="2110" />
</feature>