<?xml version="1.0" encoding="UTF-8" ?>
<feature
	id="org.eclipse.babel.nls_tptp.platform_en_AA"
	label="Babel Language Pack for tptp.platform in Pseudo Translations (100%)"
	image="eclipse_update_120.jpg"
	provider-name="%providerName"
	version="3.5.0.v20090620043401">
	<copyright>
		%copyright
	</copyright>
	<license url="%licenseURL">
		%license
	</license>
	<description>Babel Language Pack for tptp.platform in Pseudo Translations</description>
	<plugin fragment="true" id="cbe.import.nl_en_AA" unpack="false" version="3.5.0.v20090620043401" download-size="2216" install-size="2216" />
	<plugin fragment="true" id="org.eclipse.hyades.analysis.engine.compatibility.nl_en_AA" unpack="false" version="3.5.0.v20090620043401" download-size="1470" install-size="1470" />
	<plugin fragment="true" id="org.eclipse.hyades.analysis.engine.nl_en_AA" unpack="false" version="3.5.0.v20090620043401" download-size="1427" install-size="1427" />
	<plugin fragment="true" id="org.eclipse.hyades.execution.correlation.nl_en_AA" unpack="false" version="3.5.0.v20090620043401" download-size="1453" install-size="1453" />
	<plugin fragment="true" id="org.eclipse.hyades.execution.nl_en_AA" unpack="false" version="3.5.0.v20090620043401" download-size="15660" install-size="15660" />
	<plugin fragment="true" id="org.eclipse.hyades.execution.trace.nl_en_AA" unpack="false" version="3.5.0.v20090620043401" download-size="1444" install-size="1444" />
	<plugin fragment="true" id="org.eclipse.hyades.logging.adapter.compatibility.nl_en_AA" unpack="false" version="3.5.0.v20090620043401" download-size="1485" install-size="1485" />
	<plugin fragment="true" id="org.eclipse.hyades.logging.adapter.nl_en_AA" unpack="false" version="3.5.0.v20090620043401" download-size="9068" install-size="9068" />
	<plugin fragment="true" id="org.eclipse.hyades.logging.adapter.ui.compatibility.nl_en_AA" unpack="false" version="3.5.0.v20090620043401" download-size="1469" install-size="1469" />
	<plugin fragment="true" id="org.eclipse.hyades.logging.adapter.ui.nl_en_AA" unpack="false" version="3.5.0.v20090620043401" download-size="11140" install-size="11140" />
	<plugin fragment="true" id="org.eclipse.hyades.logging.core.nl_en_AA" unpack="false" version="3.5.0.v20090620043401" download-size="1469" install-size="1469" />
	<plugin fragment="true" id="org.eclipse.hyades.logging.core.sample.nl_en_AA" unpack="false" version="3.5.0.v20090620043401" download-size="1480" install-size="1480" />
	<plugin fragment="true" id="org.eclipse.hyades.logging.parsers.compatibility.nl_en_AA" unpack="false" version="3.5.0.v20090620043401" download-size="1478" install-size="1478" />
	<plugin fragment="true" id="org.eclipse.hyades.logging.parsers.nl_en_AA" unpack="false" version="3.5.0.v20090620043401" download-size="4453" install-size="4453" />
	<plugin fragment="true" id="org.eclipse.hyades.perfmon.agents.nl_en_AA" unpack="false" version="3.5.0.v20090620043401" download-size="1446" install-size="1446" />
	<plugin fragment="true" id="org.eclipse.hyades.perfmon.nl_en_AA" unpack="false" version="3.5.0.v20090620043401" download-size="1446" install-size="1446" />
	<plugin fragment="true" id="org.eclipse.hyades.probekit.doc.user.nl_en_AA" unpack="false" version="3.5.0.v20090620043401" download-size="1803" install-size="1803" />
	<plugin fragment="true" id="org.eclipse.hyades.probekit.nl_en_AA" unpack="false" version="3.5.0.v20090620043401" download-size="3550" install-size="3550" />
	<plugin fragment="true" id="org.eclipse.hyades.probekit.ui.nl_en_AA" unpack="false" version="3.5.0.v20090620043401" download-size="9241" install-size="9241" />
	<plugin fragment="true" id="org.eclipse.hyades.resources.database.compatibility.nl_en_AA" unpack="false" version="3.5.0.v20090620043401" download-size="1479" install-size="1479" />
	<plugin fragment="true" id="org.eclipse.hyades.resources.database.nl_en_AA" unpack="false" version="3.5.0.v20090620043401" download-size="3112" install-size="3112" />
	<plugin fragment="true" id="org.eclipse.hyades.sdb.compatibility.nl_en_AA" unpack="false" version="3.5.0.v20090620043401" download-size="1454" install-size="1454" />
	<plugin fragment="true" id="org.eclipse.hyades.sdb.nl_en_AA" unpack="false" version="3.5.0.v20090620043401" download-size="19882" install-size="19882" />
	<plugin fragment="true" id="org.eclipse.hyades.statistical.ui.nl_en_AA" unpack="false" version="3.5.0.v20090620043401" download-size="1438" install-size="1438" />
	<plugin fragment="true" id="org.eclipse.hyades.test.core.nl_en_AA" unpack="false" version="3.5.0.v20090620043401" download-size="8408" install-size="8408" />
	<plugin fragment="true" id="org.eclipse.hyades.test.doc.user.nl_en_AA" unpack="false" version="3.5.0.v20090620043401" download-size="1814" install-size="1814" />
	<plugin fragment="true" id="org.eclipse.hyades.test.tools.core.nl_en_AA" unpack="false" version="3.5.0.v20090620043401" download-size="6908" install-size="6908" />
	<plugin fragment="true" id="org.eclipse.hyades.test.tools.ui.nl_en_AA" unpack="false" version="3.5.0.v20090620043401" download-size="7305" install-size="7305" />
	<plugin fragment="true" id="org.eclipse.hyades.test.ui.extensions.nl_en_AA" unpack="false" version="3.5.0.v20090620043401" download-size="3240" install-size="3240" />
	<plugin fragment="true" id="org.eclipse.hyades.test.ui.nl_en_AA" unpack="false" version="3.5.0.v20090620043401" download-size="23855" install-size="23855" />
	<plugin fragment="true" id="org.eclipse.hyades.trace.sample.nl_en_AA" unpack="false" version="3.5.0.v20090620043401" download-size="2206" install-size="2206" />
	<plugin fragment="true" id="org.eclipse.hyades.trace.ui.nl_en_AA" unpack="false" version="3.5.0.v20090620043401" download-size="14853" install-size="14853" />
	<plugin fragment="true" id="org.eclipse.hyades.trace.views.nl_en_AA" unpack="false" version="3.5.0.v20090620043401" download-size="6462" install-size="6462" />
	<plugin fragment="true" id="org.eclipse.hyades.ui.nl_en_AA" unpack="false" version="3.5.0.v20090620043401" download-size="1946" install-size="1946" />
	<plugin fragment="true" id="org.eclipse.tptp.examples.nl_en_AA" unpack="false" version="3.5.0.v20090620043401" download-size="1769" install-size="1769" />
	<plugin fragment="true" id="org.eclipse.tptp.lta.gla.ui.epi.nl_en_AA" unpack="false" version="3.5.0.v20090620043401" download-size="1643" install-size="1643" />
	<plugin fragment="true" id="org.eclipse.tptp.lta.log.epi.nl_en_AA" unpack="false" version="3.5.0.v20090620043401" download-size="2190" install-size="2190" />
	<plugin fragment="true" id="org.eclipse.tptp.lta.runtime.nl_en_AA" unpack="false" version="3.5.0.v20090620043401" download-size="1826" install-size="1826" />
	<plugin fragment="true" id="org.eclipse.tptp.lta.sdb.epi.nl_en_AA" unpack="false" version="3.5.0.v20090620043401" download-size="2040" install-size="2040" />
	<plugin fragment="true" id="org.eclipse.tptp.lta.symptom.epi.nl_en_AA" unpack="false" version="3.5.0.v20090620043401" download-size="1540" install-size="1540" />
	<plugin fragment="true" id="org.eclipse.tptp.monitoring.doc.isv.nl_en_AA" unpack="false" version="3.5.0.v20090620043401" download-size="1813" install-size="1813" />
	<plugin fragment="true" id="org.eclipse.tptp.monitoring.doc.user.nl_en_AA" unpack="false" version="3.5.0.v20090620043401" download-size="1812" install-size="1812" />
	<plugin fragment="true" id="org.eclipse.tptp.monitoring.examples.isv.nl_en_AA" unpack="false" version="3.5.0.v20090620043401" download-size="1826" install-size="1826" />
	<plugin fragment="true" id="org.eclipse.tptp.monitoring.examples.nl_en_AA" unpack="false" version="3.5.0.v20090620043401" download-size="1816" install-size="1816" />
	<plugin fragment="true" id="org.eclipse.tptp.monitoring.instrumentation.doc.user.nl_en_AA" unpack="false" version="3.5.0.v20090620043401" download-size="1463" install-size="1463" />
	<plugin fragment="true" id="org.eclipse.tptp.monitoring.instrumentation.nl_en_AA" unpack="false" version="3.5.0.v20090620043401" download-size="1801" install-size="1801" />
	<plugin fragment="true" id="org.eclipse.tptp.monitoring.instrumentation.ui.nl_en_AA" unpack="false" version="3.5.0.v20090620043401" download-size="4400" install-size="4400" />
	<plugin fragment="true" id="org.eclipse.tptp.monitoring.la.core.compatibility.nl_en_AA" unpack="false" version="3.5.0.v20090620043401" download-size="1472" install-size="1472" />
	<plugin fragment="true" id="org.eclipse.tptp.monitoring.la.core.nl_en_AA" unpack="false" version="3.5.0.v20090620043401" download-size="1818" install-size="1818" />
	<plugin fragment="true" id="org.eclipse.tptp.monitoring.logui.compatibility.nl_en_AA" unpack="false" version="3.5.0.v20090620043401" download-size="1473" install-size="1473" />
	<plugin fragment="true" id="org.eclipse.tptp.monitoring.logui.nl_en_AA" unpack="false" version="3.5.0.v20090620043401" download-size="8201" install-size="8201" />
	<plugin fragment="true" id="org.eclipse.tptp.monitoring.lta.doc.isv.nl_en_AA" unpack="false" version="3.5.0.v20090620043401" download-size="1834" install-size="1834" />
	<plugin fragment="true" id="org.eclipse.tptp.monitoring.lta.doc.user.nl_en_AA" unpack="false" version="3.5.0.v20090620043401" download-size="1464" install-size="1464" />
	<plugin fragment="true" id="org.eclipse.tptp.monitoring.lta.examples.isv.nl_en_AA" unpack="false" version="3.5.0.v20090620043401" download-size="4061" install-size="4061" />
	<plugin fragment="true" id="org.eclipse.tptp.monitoring.lta.examples.nl_en_AA" unpack="false" version="3.5.0.v20090620043401" download-size="3622" install-size="3622" />
	<plugin fragment="true" id="org.eclipse.tptp.monitoring.managedagent.doc.user.nl_en_AA" unpack="false" version="3.5.0.v20090620043401" download-size="1460" install-size="1460" />
	<plugin fragment="true" id="org.eclipse.tptp.monitoring.managedagent.jmx.nl_en_AA" unpack="false" version="3.5.0.v20090620043401" download-size="3682" install-size="3682" />
	<plugin fragment="true" id="org.eclipse.tptp.monitoring.managedagent.nl_en_AA" unpack="false" version="3.5.0.v20090620043401" download-size="5046" install-size="5046" />
	<plugin fragment="true" id="org.eclipse.tptp.monitoring.managedagent.ui.nl_en_AA" unpack="false" version="3.5.0.v20090620043401" download-size="9941" install-size="9941" />
	<plugin fragment="true" id="org.eclipse.tptp.monitoring.nl_en_AA" unpack="false" version="3.5.0.v20090620043401" download-size="1821" install-size="1821" />
	<plugin fragment="true" id="org.eclipse.tptp.monitoring.notifications.nl_en_AA" unpack="false" version="3.5.0.v20090620043401" download-size="2677" install-size="2677" />
	<plugin fragment="true" id="org.eclipse.tptp.monitoring.profile.server.compatibility.nl_en_AA" unpack="false" version="3.5.0.v20090620043401" download-size="1489" install-size="1489" />
	<plugin fragment="true" id="org.eclipse.tptp.monitoring.profile.server.nl_en_AA" unpack="false" version="3.5.0.v20090620043401" download-size="1845" install-size="1845" />
	<plugin fragment="true" id="org.eclipse.tptp.monitoring.report.birt.doc.user.nl_en_AA" unpack="false" version="3.5.0.v20090620043401" download-size="1496" install-size="1496" />
	<plugin fragment="true" id="org.eclipse.tptp.monitoring.report.birt.nl_en_AA" unpack="false" version="3.5.0.v20090620043401" download-size="3770" install-size="3770" />
	<plugin fragment="true" id="org.eclipse.tptp.monitoring.report.birt.ui.nl_en_AA" unpack="false" version="3.5.0.v20090620043401" download-size="1483" install-size="1483" />
	<plugin fragment="true" id="org.eclipse.tptp.monitoring.symptom.doc.user.compatibility.nl_en_AA" unpack="false" version="3.5.0.v20090620043401" download-size="1490" install-size="1490" />
	<plugin fragment="true" id="org.eclipse.tptp.monitoring.symptom.doc.user.nl_en_AA" unpack="false" version="3.5.0.v20090620043401" download-size="1461" install-size="1461" />
	<plugin fragment="true" id="org.eclipse.tptp.monitoring.symptom.editor.compatibility.nl_en_AA" unpack="false" version="3.5.0.v20090620043401" download-size="1471" install-size="1471" />
	<plugin fragment="true" id="org.eclipse.tptp.monitoring.symptom.editor.nl_en_AA" unpack="false" version="3.5.0.v20090620043401" download-size="1440" install-size="1440" />
	<plugin fragment="true" id="org.eclipse.tptp.platform.agentcontroller.doc.isv.nl_en_AA" unpack="false" version="3.5.0.v20090620043401" download-size="1459" install-size="1459" />
	<plugin fragment="true" id="org.eclipse.tptp.platform.agentcontroller.doc.user.nl_en_AA" unpack="false" version="3.5.0.v20090620043401" download-size="1458" install-size="1458" />
	<plugin fragment="true" id="org.eclipse.tptp.platform.agentcontroller.nl_en_AA" unpack="false" version="3.5.0.v20090620043401" download-size="5761" install-size="5761" />
	<plugin fragment="true" id="org.eclipse.tptp.platform.analysis.codereview.cpp.nl_en_AA" unpack="false" version="3.5.0.v20090620043401" download-size="2859" install-size="2859" />
	<plugin fragment="true" id="org.eclipse.tptp.platform.analysis.codereview.cpp.rules.nl_en_AA" unpack="false" version="3.5.0.v20090620043401" download-size="3121" install-size="3121" />
	<plugin fragment="true" id="org.eclipse.tptp.platform.analysis.codereview.java.nl_en_AA" unpack="false" version="3.5.0.v20090620043401" download-size="3760" install-size="3760" />
	<plugin fragment="true" id="org.eclipse.tptp.platform.analysis.codereview.java.rules.nl_en_AA" unpack="false" version="3.5.0.v20090620043401" download-size="6098" install-size="6098" />
	<plugin fragment="true" id="org.eclipse.tptp.platform.analysis.core.nl_en_AA" unpack="false" version="3.5.0.v20090620043401" download-size="3300" install-size="3300" />
	<plugin fragment="true" id="org.eclipse.tptp.platform.analysis.core.ui.doc.nl_en_AA" unpack="false" version="3.5.0.v20090620043401" download-size="1463" install-size="1463" />
	<plugin fragment="true" id="org.eclipse.tptp.platform.analysis.core.ui.nl_en_AA" unpack="false" version="3.5.0.v20090620043401" download-size="4905" install-size="4905" />
	<plugin fragment="true" id="org.eclipse.tptp.platform.analysis.engine.nl_en_AA" unpack="false" version="3.5.0.v20090620043401" download-size="1835" install-size="1835" />
	<plugin fragment="true" id="org.eclipse.tptp.platform.analysis.nl_en_AA" unpack="false" version="3.5.0.v20090620043401" download-size="1866" install-size="1866" />
	<plugin fragment="true" id="org.eclipse.tptp.platform.collection.framework.nl_en_AA" unpack="false" version="3.5.0.v20090620043401" download-size="1454" install-size="1454" />
	<plugin fragment="true" id="org.eclipse.tptp.platform.common.nl_en_AA" unpack="false" version="3.5.0.v20090620043401" download-size="4535" install-size="4535" />
	<plugin fragment="true" id="org.eclipse.tptp.platform.common.ui.nl_en_AA" unpack="false" version="3.5.0.v20090620043401" download-size="13950" install-size="13950" />
	<plugin fragment="true" id="org.eclipse.tptp.platform.common.ui.trace.nl_en_AA" unpack="false" version="3.5.0.v20090620043401" download-size="4845" install-size="4845" />
	<plugin fragment="true" id="org.eclipse.tptp.platform.core.nl_en_AA" unpack="false" version="3.5.0.v20090620043401" download-size="1760" install-size="1760" />
	<plugin fragment="true" id="org.eclipse.tptp.platform.doc.isv.nl_en_AA" unpack="false" version="3.5.0.v20090620043401" download-size="1800" install-size="1800" />
	<plugin fragment="true" id="org.eclipse.tptp.platform.doc.user.nl_en_AA" unpack="false" version="3.5.0.v20090620043401" download-size="1798" install-size="1798" />
	<plugin fragment="true" id="org.eclipse.tptp.platform.examples.isv.nl_en_AA" unpack="false" version="3.5.0.v20090620043401" download-size="4176" install-size="4176" />
	<plugin fragment="true" id="org.eclipse.tptp.platform.examples.nl_en_AA" unpack="false" version="3.5.0.v20090620043401" download-size="2587" install-size="2587" />
	<plugin fragment="true" id="org.eclipse.tptp.platform.execution.nl_en_AA" unpack="false" version="3.5.0.v20090620043401" download-size="1451" install-size="1451" />
	<plugin fragment="true" id="org.eclipse.tptp.platform.iac.administrator.nl_en_AA" unpack="false" version="3.5.0.v20090620043401" download-size="5152" install-size="5152" />
	<plugin fragment="true" id="org.eclipse.tptp.platform.instrumentation.annotation.nl_en_AA" unpack="false" version="3.5.0.v20090620043401" download-size="1458" install-size="1458" />
	<plugin fragment="true" id="org.eclipse.tptp.platform.instrumentation.ui.nl_en_AA" unpack="false" version="3.5.0.v20090620043401" download-size="5208" install-size="5208" />
	<plugin fragment="true" id="org.eclipse.tptp.platform.integration.pde.nl_en_AA" unpack="false" version="3.5.0.v20090620043401" download-size="3228" install-size="3228" />
	<plugin fragment="true" id="org.eclipse.tptp.platform.jvmti.client.nl_en_AA" unpack="false" version="3.5.0.v20090620043401" download-size="4472" install-size="4472" />
	<plugin fragment="true" id="org.eclipse.tptp.platform.jvmti.runtime.nl_en_AA" unpack="false" version="3.5.0.v20090620043401" download-size="1442" install-size="1442" />
	<plugin fragment="true" id="org.eclipse.tptp.platform.la.core.compatibility.nl_en_AA" unpack="false" version="3.5.0.v20090620043401" download-size="1462" install-size="1462" />
	<plugin fragment="true" id="org.eclipse.tptp.platform.la.core.nl_en_AA" unpack="false" version="3.5.0.v20090620043401" download-size="4123" install-size="4123" />
	<plugin fragment="true" id="org.eclipse.tptp.platform.llc.core.nl_en_AA" unpack="false" version="3.5.0.v20090620043401" download-size="1762" install-size="1762" />
	<plugin fragment="true" id="org.eclipse.tptp.platform.llc.doc.user.nl_en_AA" unpack="false" version="3.5.0.v20090620043401" download-size="1447" install-size="1447" />
	<plugin fragment="true" id="org.eclipse.tptp.platform.llc.launch.nl_en_AA" unpack="false" version="3.5.0.v20090620043401" download-size="3926" install-size="3926" />
	<plugin fragment="true" id="org.eclipse.tptp.platform.llc.ui.nl_en_AA" unpack="false" version="3.5.0.v20090620043401" download-size="1431" install-size="1431" />
	<plugin fragment="true" id="org.eclipse.tptp.platform.log.doc.user.compatibility.nl_en_AA" unpack="false" version="3.5.0.v20090620043401" download-size="1474" install-size="1474" />
	<plugin fragment="true" id="org.eclipse.tptp.platform.log.doc.user.nl_en_AA" unpack="false" version="3.5.0.v20090620043401" download-size="1446" install-size="1446" />
	<plugin fragment="true" id="org.eclipse.tptp.platform.log.views.compatibility.nl_en_AA" unpack="false" version="3.5.0.v20090620043401" download-size="1471" install-size="1471" />
	<plugin fragment="true" id="org.eclipse.tptp.platform.log.views.nl_en_AA" unpack="false" version="3.5.0.v20090620043401" download-size="8905" install-size="8905" />
	<plugin fragment="true" id="org.eclipse.tptp.platform.logging.events.nl_en_AA" unpack="false" version="3.5.0.v20090620043401" download-size="4128" install-size="4128" />
	<plugin fragment="true" id="org.eclipse.tptp.platform.lta.common.nl_en_AA" unpack="false" version="3.5.0.v20090620043401" download-size="4482" install-size="4482" />
	<plugin fragment="true" id="org.eclipse.tptp.platform.lta.nl_en_AA" unpack="false" version="3.5.0.v20090620043401" download-size="1864" install-size="1864" />
	<plugin fragment="true" id="org.eclipse.tptp.platform.models.hierarchy.nl_en_AA" unpack="false" version="3.5.0.v20090620043401" download-size="1565" install-size="1565" />
	<plugin fragment="true" id="org.eclipse.tptp.platform.models.lta.nl_en_AA" unpack="false" version="3.5.0.v20090620043401" download-size="1433" install-size="1433" />
	<plugin fragment="true" id="org.eclipse.tptp.platform.models.nl_en_AA" unpack="false" version="3.5.0.v20090620043401" download-size="4827" install-size="4827" />
	<plugin fragment="true" id="org.eclipse.tptp.platform.probekit.launch.nl_en_AA" unpack="false" version="3.5.0.v20090620043401" download-size="5659" install-size="5659" />
	<plugin fragment="true" id="org.eclipse.tptp.platform.probekit.nl_en_AA" unpack="false" version="3.5.0.v20090620043401" download-size="1867" install-size="1867" />
	<plugin fragment="true" id="org.eclipse.tptp.platform.profile.server.core.nl_en_AA" unpack="false" version="3.5.0.v20090620043401" download-size="3013" install-size="3013" />
	<plugin fragment="true" id="org.eclipse.tptp.platform.profile.server.doc.user.nl_en_AA" unpack="false" version="3.5.0.v20090620043401" download-size="1468" install-size="1468" />
	<plugin fragment="true" id="org.eclipse.tptp.platform.profile.server.nl_en_AA" unpack="false" version="3.5.0.v20090620043401" download-size="1811" install-size="1811" />
	<plugin fragment="true" id="org.eclipse.tptp.platform.profile.server.wst.nl_en_AA" unpack="false" version="3.5.0.v20090620043401" download-size="2970" install-size="2970" />
	<plugin fragment="true" id="org.eclipse.tptp.platform.report.birt.nl_en_AA" unpack="false" version="3.5.0.v20090620043401" download-size="1898" install-size="1898" />
	<plugin fragment="true" id="org.eclipse.tptp.platform.report.birt.ui.nl_en_AA" unpack="false" version="3.5.0.v20090620043401" download-size="3039" install-size="3039" />
	<plugin fragment="true" id="org.eclipse.tptp.platform.report.core.nl_en_AA" unpack="false" version="3.5.0.v20090620043401" download-size="3870" install-size="3870" />
	<plugin fragment="true" id="org.eclipse.tptp.platform.report.nl_en_AA" unpack="false" version="3.5.0.v20090620043401" download-size="1861" install-size="1861" />
	<plugin fragment="true" id="org.eclipse.tptp.platform.report.ui.nl_en_AA" unpack="false" version="3.5.0.v20090620043401" download-size="1904" install-size="1904" />
	<plugin fragment="true" id="org.eclipse.tptp.platform.samples.nl_en_AA" unpack="false" version="3.5.0.v20090620043401" download-size="1808" install-size="1808" />
	<plugin fragment="true" id="org.eclipse.tptp.platform.statistical.report.birt.doc.user.nl_en_AA" unpack="false" version="3.5.0.v20090620043401" download-size="1506" install-size="1506" />
	<plugin fragment="true" id="org.eclipse.tptp.platform.statistical.report.birt.nl_en_AA" unpack="false" version="3.5.0.v20090620043401" download-size="4017" install-size="4017" />
	<plugin fragment="true" id="org.eclipse.tptp.platform.statistical.report.birt.ui.nl_en_AA" unpack="false" version="3.5.0.v20090620043401" download-size="1495" install-size="1495" />
	<plugin fragment="true" id="org.eclipse.tptp.platform.statistical.ui.nl_en_AA" unpack="false" version="3.5.0.v20090620043401" download-size="1834" install-size="1834" />
	<plugin fragment="true" id="org.eclipse.tptp.platform.trace.nl_en_AA" unpack="false" version="3.5.0.v20090620043401" download-size="1824" install-size="1824" />
	<plugin fragment="true" id="org.eclipse.tptp.platform.welcome.nl_en_AA" unpack="false" version="3.5.0.v20090620043401" download-size="1438" install-size="1438" />
	<plugin fragment="true" id="org.eclipse.tptp.test.auto.gui.nl_en_AA" unpack="false" version="3.5.0.v20090620043401" download-size="7302" install-size="7302" />
	<plugin fragment="true" id="org.eclipse.tptp.test.auto.nl_en_AA" unpack="false" version="3.5.0.v20090620043401" download-size="1815" install-size="1815" />
	<plugin fragment="true" id="org.eclipse.tptp.test.doc.isv.nl_en_AA" unpack="false" version="3.5.0.v20090620043401" download-size="1810" install-size="1810" />
	<plugin fragment="true" id="org.eclipse.tptp.test.nl_en_AA" unpack="false" version="3.5.0.v20090620043401" download-size="1789" install-size="1789" />
	<plugin fragment="true" id="org.eclipse.tptp.test.recorders.url.doc.user.nl_en_AA" unpack="false" version="3.5.0.v20090620043401" download-size="1459" install-size="1459" />
	<plugin fragment="true" id="org.eclipse.tptp.test.recorders.url.nl_en_AA" unpack="false" version="3.5.0.v20090620043401" download-size="7527" install-size="7527" />
	<plugin fragment="true" id="org.eclipse.tptp.test.report.birt.doc.user.nl_en_AA" unpack="false" version="3.5.0.v20090620043401" download-size="1491" install-size="1491" />
	<plugin fragment="true" id="org.eclipse.tptp.test.report.birt.nl_en_AA" unpack="false" version="3.5.0.v20090620043401" download-size="5124" install-size="5124" />
	<plugin fragment="true" id="org.eclipse.tptp.test.report.birt.ui.nl_en_AA" unpack="false" version="3.5.0.v20090620043401" download-size="1475" install-size="1475" />
	<plugin fragment="true" id="org.eclipse.tptp.test.samples.nl_en_AA" unpack="false" version="3.5.0.v20090620043401" download-size="4624" install-size="4624" />
	<plugin fragment="true" id="org.eclipse.tptp.test.tools.api.nl_en_AA" unpack="false" version="3.5.0.v20090620043401" download-size="3577" install-size="3577" />
	<plugin fragment="true" id="org.eclipse.tptp.test.tools.junit.plugin.doc.user.nl_en_AA" unpack="false" version="3.5.0.v20090620043401" download-size="1467" install-size="1467" />
	<plugin fragment="true" id="org.eclipse.tptp.test.tools.junit.plugin.nl_en_AA" unpack="false" version="3.5.0.v20090620043401" download-size="6231" install-size="6231" />
	<plugin fragment="true" id="org.eclipse.tptp.test.tools.manual.doc.user.nl_en_AA" unpack="false" version="3.5.0.v20090620043401" download-size="1453" install-size="1453" />
	<plugin fragment="true" id="org.eclipse.tptp.test.tools.manual.nl_en_AA" unpack="false" version="3.5.0.v20090620043401" download-size="6734" install-size="6734" />
	<plugin fragment="true" id="org.eclipse.tptp.test.tools.nl_en_AA" unpack="false" version="3.5.0.v20090620043401" download-size="1784" install-size="1784" />
	<plugin fragment="true" id="org.eclipse.tptp.trace.arm.doc.user.nl_en_AA" unpack="false" version="3.5.0.v20090620043401" download-size="1445" install-size="1445" />
	<plugin fragment="true" id="org.eclipse.tptp.trace.arm.nl_en_AA" unpack="false" version="3.5.0.v20090620043401" download-size="6227" install-size="6227" />
	<plugin fragment="true" id="org.eclipse.tptp.trace.arm.ui.nl_en_AA" unpack="false" version="3.5.0.v20090620043401" download-size="3900" install-size="3900" />
	<plugin fragment="true" id="org.eclipse.tptp.trace.doc.isv.nl_en_AA" unpack="false" version="3.5.0.v20090620043401" download-size="1549" install-size="1549" />
	<plugin fragment="true" id="org.eclipse.tptp.trace.examples.isv.nl_en_AA" unpack="false" version="3.5.0.v20090620043401" download-size="2053" install-size="2053" />
	<plugin fragment="true" id="org.eclipse.tptp.trace.jvmti.client.nl_en_AA" unpack="false" version="3.5.0.v20090620043401" download-size="5453" install-size="5453" />
	<plugin fragment="true" id="org.eclipse.tptp.trace.memory.nl_en_AA" unpack="false" version="3.5.0.v20090620043401" download-size="1897" install-size="1897" />
	<plugin fragment="true" id="org.eclipse.tptp.trace.nl_en_AA" unpack="false" version="3.5.0.v20090620043401" download-size="1820" install-size="1820" />
	<plugin fragment="true" id="org.eclipse.tptp.trace.report.birt.doc.user.nl_en_AA" unpack="false" version="3.5.0.v20090620043401" download-size="1492" install-size="1492" />
	<plugin fragment="true" id="org.eclipse.tptp.trace.report.birt.nl_en_AA" unpack="false" version="3.5.0.v20090620043401" download-size="3803" install-size="3803" />
	<plugin fragment="true" id="org.eclipse.tptp.trace.report.birt.ui.nl_en_AA" unpack="false" version="3.5.0.v20090620043401" download-size="1478" install-size="1478" />
	<plugin fragment="true" id="org.mx4j.jmx.nl_en_AA" unpack="false" version="3.5.0.v20090620043401" download-size="1748" install-size="1748" />
	<plugin fragment="true" id="org.opengroup.arm.nl_en_AA" unpack="false" version="3.5.0.v20090620043401" download-size="1430" install-size="1430" />
</feature>