<?xml version="1.0" encoding="UTF-8" ?>
<feature
	id="org.eclipse.babel.nls_webtools.sourceediting_en_AA"
	label="Babel Language Pack for webtools.sourceediting in Pseudo Translations (100%)"
	image="eclipse_update_120.jpg"
	provider-name="%providerName"
	version="3.5.0.v20090620043401">
	<copyright>
		%copyright
	</copyright>
	<license url="%licenseURL">
		%license
	</license>
	<description>Babel Language Pack for webtools.sourceediting in Pseudo Translations</description>
	<plugin fragment="true" id="org.eclipse.jst.jsp.core.nl_en_AA" unpack="false" version="3.5.0.v20090620043401" download-size="3741" install-size="3741" />
	<plugin fragment="true" id="org.eclipse.jst.jsp.ui.infopop.nl_en_AA" unpack="false" version="3.5.0.v20090620043401" download-size="1441" install-size="1441" />
	<plugin fragment="true" id="org.eclipse.jst.jsp.ui.nl_en_AA" unpack="false" version="3.5.0.v20090620043401" download-size="8390" install-size="8390" />
	<plugin fragment="true" id="org.eclipse.jst.standard.schemas.nl_en_AA" unpack="false" version="3.5.0.v20090620043401" download-size="1443" install-size="1443" />
	<plugin fragment="true" id="org.eclipse.wst.css.core.nl_en_AA" unpack="false" version="3.5.0.v20090620043401" download-size="3468" install-size="3468" />
	<plugin fragment="true" id="org.eclipse.wst.css.ui.nl_en_AA" unpack="false" version="3.5.0.v20090620043401" download-size="5510" install-size="5510" />
	<plugin fragment="true" id="org.eclipse.wst.doc.user.nl_en_AA" unpack="false" version="3.5.0.v20090620043401" download-size="1433" install-size="1433" />
	<plugin fragment="true" id="org.eclipse.wst.dtd.core.nl_en_AA" unpack="false" version="3.5.0.v20090620043401" download-size="4641" install-size="4641" />
	<plugin fragment="true" id="org.eclipse.wst.dtd.ui.infopop.nl_en_AA" unpack="false" version="3.5.0.v20090620043401" download-size="1442" install-size="1442" />
	<plugin fragment="true" id="org.eclipse.wst.dtd.ui.nl_en_AA" unpack="false" version="3.5.0.v20090620043401" download-size="5727" install-size="5727" />
	<plugin fragment="true" id="org.eclipse.wst.dtdeditor.doc.user.nl_en_AA" unpack="false" version="3.5.0.v20090620043401" download-size="1446" install-size="1446" />
	<plugin fragment="true" id="org.eclipse.wst.html.core.nl_en_AA" unpack="false" version="3.5.0.v20090620043401" download-size="5483" install-size="5483" />
	<plugin fragment="true" id="org.eclipse.wst.html.ui.infopop.nl_en_AA" unpack="false" version="3.5.0.v20090620043401" download-size="1445" install-size="1445" />
	<plugin fragment="true" id="org.eclipse.wst.html.ui.nl_en_AA" unpack="false" version="3.5.0.v20090620043401" download-size="7973" install-size="7973" />
	<plugin fragment="true" id="org.eclipse.wst.javascript.core.nl_en_AA" unpack="false" version="3.5.0.v20090620043401" download-size="2723" install-size="2723" />
	<plugin fragment="true" id="org.eclipse.wst.javascript.ui.infopop.nl_en_AA" unpack="false" version="3.5.0.v20090620043401" download-size="1446" install-size="1446" />
	<plugin fragment="true" id="org.eclipse.wst.javascript.ui.nl_en_AA" unpack="false" version="3.5.0.v20090620043401" download-size="5884" install-size="5884" />
	<plugin fragment="true" id="org.eclipse.wst.jsdt.core.nl_en_AA" unpack="false" version="3.5.0.v20090620043401" download-size="28858" install-size="28858" />
	<plugin fragment="true" id="org.eclipse.wst.jsdt.doc.nl_en_AA" unpack="false" version="3.5.0.v20090620043401" download-size="2024" install-size="2024" />
	<plugin fragment="true" id="org.eclipse.wst.jsdt.manipulation.nl_en_AA" unpack="false" version="3.5.0.v20090620043401" download-size="4188" install-size="4188" />
	<plugin fragment="true" id="org.eclipse.wst.jsdt.support.firefox.nl_en_AA" unpack="false" version="3.5.0.v20090620043401" download-size="2829" install-size="2829" />
	<plugin fragment="true" id="org.eclipse.wst.jsdt.support.ie.nl_en_AA" unpack="false" version="3.5.0.v20090620043401" download-size="2805" install-size="2805" />
	<plugin fragment="true" id="org.eclipse.wst.jsdt.ui.nl_en_AA" unpack="false" version="3.5.0.v20090620043401" download-size="161072" install-size="161072" />
	<plugin fragment="true" id="org.eclipse.wst.jsdt.web.core.nl_en_AA" unpack="false" version="3.5.0.v20090620043401" download-size="5049" install-size="5049" />
	<plugin fragment="true" id="org.eclipse.wst.jsdt.web.support.jsp.nl_en_AA" unpack="false" version="3.5.0.v20090620043401" download-size="1450" install-size="1450" />
	<plugin fragment="true" id="org.eclipse.wst.jsdt.web.ui.nl_en_AA" unpack="false" version="3.5.0.v20090620043401" download-size="7209" install-size="7209" />
	<plugin fragment="true" id="org.eclipse.wst.sse.core.nl_en_AA" unpack="false" version="3.5.0.v20090620043401" download-size="4402" install-size="4402" />
	<plugin fragment="true" id="org.eclipse.wst.sse.doc.user.nl_en_AA" unpack="false" version="3.5.0.v20090620043401" download-size="1450" install-size="1450" />
	<plugin fragment="true" id="org.eclipse.wst.sse.ui.infopop.nl_en_AA" unpack="false" version="3.5.0.v20090620043401" download-size="1432" install-size="1432" />
	<plugin fragment="true" id="org.eclipse.wst.sse.ui.nl_en_AA" unpack="false" version="3.5.0.v20090620043401" download-size="9385" install-size="9385" />
	<plugin fragment="true" id="org.eclipse.wst.standard.schemas.nl_en_AA" unpack="false" version="3.5.0.v20090620043401" download-size="1554" install-size="1554" />
	<plugin fragment="true" id="org.eclipse.wst.web.nl_en_AA" unpack="false" version="3.5.0.v20090620043401" download-size="2091" install-size="2091" />
	<plugin fragment="true" id="org.eclipse.wst.web.ui.nl_en_AA" unpack="false" version="3.5.0.v20090620043401" download-size="3552" install-size="3552" />
	<plugin fragment="true" id="org.eclipse.wst.webtools.doc.user.nl_en_AA" unpack="false" version="3.5.0.v20090620043401" download-size="1437" install-size="1437" />
	<plugin fragment="true" id="org.eclipse.wst.xml.core.nl_en_AA" unpack="false" version="3.5.0.v20090620043401" download-size="3924" install-size="3924" />
	<plugin fragment="true" id="org.eclipse.wst.xml.ui.infopop.nl_en_AA" unpack="false" version="3.5.0.v20090620043401" download-size="1434" install-size="1434" />
	<plugin fragment="true" id="org.eclipse.wst.xml.ui.nl_en_AA" unpack="false" version="3.5.0.v20090620043401" download-size="17176" install-size="17176" />
	<plugin fragment="true" id="org.eclipse.wst.xml.xpath.core.nl_en_AA" unpack="false" version="3.5.0.v20090620043401" download-size="1433" install-size="1433" />
	<plugin fragment="true" id="org.eclipse.wst.xml.xpath.core.tests.nl_en_AA" unpack="false" version="3.5.0.v20090620043401" download-size="1440" install-size="1440" />
	<plugin fragment="true" id="org.eclipse.wst.xml.xpath.ui.nl_en_AA" unpack="false" version="3.5.0.v20090620043401" download-size="4384" install-size="4384" />
	<plugin fragment="true" id="org.eclipse.wst.xml.xpath2.processor.nl_en_AA" unpack="false" version="3.5.0.v20090620043401" download-size="1463" install-size="1463" />
	<plugin fragment="true" id="org.eclipse.wst.xmleditor.doc.user.nl_en_AA" unpack="false" version="3.5.0.v20090620043401" download-size="1437" install-size="1437" />
	<plugin fragment="true" id="org.eclipse.wst.xsd.core.nl_en_AA" unpack="false" version="3.5.0.v20090620043401" download-size="1534" install-size="1534" />
	<plugin fragment="true" id="org.eclipse.wst.xsd.ui.nl_en_AA" unpack="false" version="3.5.0.v20090620043401" download-size="21788" install-size="21788" />
	<plugin fragment="true" id="org.eclipse.wst.xsdeditor.doc.user.nl_en_AA" unpack="false" version="3.5.0.v20090620043401" download-size="1446" install-size="1446" />
	<plugin fragment="true" id="org.eclipse.wst.xsl.core.nl_en_AA" unpack="false" version="3.5.0.v20090620043401" download-size="4141" install-size="4141" />
	<plugin fragment="true" id="org.eclipse.wst.xsl.core.tests.nl_en_AA" unpack="false" version="3.5.0.v20090620043401" download-size="1424" install-size="1424" />
	<plugin fragment="true" id="org.eclipse.wst.xsl.debug.ui.nl_en_AA" unpack="false" version="3.5.0.v20090620043401" download-size="6075" install-size="6075" />
	<plugin fragment="true" id="org.eclipse.wst.xsl.doc.nl_en_AA" unpack="false" version="3.5.0.v20090620043401" download-size="1444" install-size="1444" />
	<plugin fragment="true" id="org.eclipse.wst.xsl.jaxp.debug.nl_en_AA" unpack="false" version="3.5.0.v20090620043401" download-size="3965" install-size="3965" />
	<plugin fragment="true" id="org.eclipse.wst.xsl.jaxp.debug.ui.nl_en_AA" unpack="false" version="3.5.0.v20090620043401" download-size="4948" install-size="4948" />
	<plugin fragment="true" id="org.eclipse.wst.xsl.jaxp.launching.nl_en_AA" unpack="false" version="3.5.0.v20090620043401" download-size="5930" install-size="5930" />
	<plugin fragment="true" id="org.eclipse.wst.xsl.launching.nl_en_AA" unpack="false" version="3.5.0.v20090620043401" download-size="2666" install-size="2666" />
	<plugin fragment="true" id="org.eclipse.wst.xsl.launching.tests.nl_en_AA" unpack="false" version="3.5.0.v20090620043401" download-size="1447" install-size="1447" />
	<plugin fragment="true" id="org.eclipse.wst.xsl.nl_en_AA" unpack="false" version="3.5.0.v20090620043401" download-size="1847" install-size="1847" />
	<plugin fragment="true" id="org.eclipse.wst.xsl.saxon.nl_en_AA" unpack="false" version="3.5.0.v20090620043401" download-size="5228" install-size="5228" />
	<plugin fragment="true" id="org.eclipse.wst.xsl.sdk.documentation.nl_en_AA" unpack="false" version="3.5.0.v20090620043401" download-size="1445" install-size="1445" />
	<plugin fragment="true" id="org.eclipse.wst.xsl.tests.nl_en_AA" unpack="false" version="3.5.0.v20090620043401" download-size="1432" install-size="1432" />
	<plugin fragment="true" id="org.eclipse.wst.xsl.ui.nl_en_AA" unpack="false" version="3.5.0.v20090620043401" download-size="4064" install-size="4064" />
	<plugin fragment="true" id="org.eclipse.wst.xsl.ui.tests.nl_en_AA" unpack="false" version="3.5.0.v20090620043401" download-size="1416" install-size="1416" />
	<plugin fragment="true" id="org.eclipse.wst.xsl.xalan.nl_en_AA" unpack="false" version="3.5.0.v20090620043401" download-size="3178" install-size="3178" />
</feature>