<?xml version="1.0" encoding="UTF-8" ?>
<feature
	id="org.eclipse.babel.nls_technology.actf_tr"
	label="Babel Language Pack for technology.actf in Turkish (6.71%)"
	image="eclipse_update_120.jpg"
	provider-name="%providerName"
	version="3.5.0.v20090620043401">
	<copyright>
		%copyright
	</copyright>
	<license url="%licenseURL">
		%license
	</license>
	<description>Babel Language Pack for technology.actf in Turkish</description>
	<plugin fragment="true" id="org.eclipse.actf.core.nl_tr" unpack="false" version="3.5.0.v20090620043401" download-size="1615" install-size="1615" />
	<plugin fragment="true" id="org.eclipse.actf.model.flash.proxy.nl_tr" unpack="false" version="3.5.0.v20090620043401" download-size="1885" install-size="1885" />
	<plugin fragment="true" id="org.eclipse.actf.model.ui.nl_tr" unpack="false" version="3.5.0.v20090620043401" download-size="1506" install-size="1506" />
	<plugin fragment="true" id="org.eclipse.actf.ui.nl_tr" unpack="false" version="3.5.0.v20090620043401" download-size="1720" install-size="1720" />
	<plugin fragment="true" id="org.eclipse.actf.util.vocab.nl_tr" unpack="false" version="3.5.0.v20090620043401" download-size="1384" install-size="1384" />
	<plugin fragment="true" id="org.eclipse.actf.visualization.doc.isv.nl_tr" unpack="false" version="3.5.0.v20090620043401" download-size="1378" install-size="1378" />
	<plugin fragment="true" id="org.eclipse.actf.visualization.engines.blind.html.nl_tr" unpack="false" version="3.5.0.v20090620043401" download-size="1415" install-size="1415" />
	<plugin fragment="true" id="org.eclipse.actf.visualization.engines.blind.nl_tr" unpack="false" version="3.5.0.v20090620043401" download-size="1711" install-size="1711" />
	<plugin fragment="true" id="org.eclipse.actf.visualization.eval.nl_tr" unpack="false" version="3.5.0.v20090620043401" download-size="1903" install-size="1903" />
	<plugin fragment="true" id="org.eclipse.actf.visualization.gui.nl_tr" unpack="false" version="3.5.0.v20090620043401" download-size="1892" install-size="1892" />
	<plugin fragment="true" id="org.eclipse.actf.visualization.presentation.nl_tr" unpack="false" version="3.5.0.v20090620043401" download-size="1384" install-size="1384" />
	<plugin fragment="true" id="org.eclipse.actf.visualization.ui.report.nl_tr" unpack="false" version="3.5.0.v20090620043401" download-size="1459" install-size="1459" />
</feature>