<?xml version="1.0" encoding="UTF-8" ?>
<feature
	id="org.eclipse.babel.nls_modeling.emf_pt_BR"
	label="Babel Language Pack for modeling.emf in Portuguese (Brazilian) (68.83%)"
	image="eclipse_update_120.jpg"
	provider-name="%providerName"
	version="3.5.0.v20090620043401">
	<copyright>
		%copyright
	</copyright>
	<license url="%licenseURL">
		%license
	</license>
	<description>Babel Language Pack for modeling.emf in Portuguese (Brazilian)</description>
	<plugin fragment="true" id="library.ecore.nl_pt_BR" unpack="false" version="3.5.0.v20090620043401" download-size="1389" install-size="1389" />
	<plugin fragment="true" id="library.java.nl_pt_BR" unpack="false" version="3.5.0.v20090620043401" download-size="1389" install-size="1389" />
	<plugin fragment="true" id="library.rose.nl_pt_BR" unpack="false" version="3.5.0.v20090620043401" download-size="1385" install-size="1385" />
	<plugin fragment="true" id="library.xsd.nl_pt_BR" unpack="false" version="3.5.0.v20090620043401" download-size="1388" install-size="1388" />
	<plugin fragment="true" id="library.xsds.nl_pt_BR" unpack="false" version="3.5.0.v20090620043401" download-size="1388" install-size="1388" />
	<plugin fragment="true" id="org.eclipse.emf.activities.nl_pt_BR" unpack="false" version="3.5.0.v20090620043401" download-size="1426" install-size="1426" />
	<plugin fragment="true" id="org.eclipse.emf.ant.nl_pt_BR" unpack="false" version="3.5.0.v20090620043401" download-size="1409" install-size="1409" />
	<plugin fragment="true" id="org.eclipse.emf.cdo.common.nl_pt_BR" unpack="false" version="3.5.0.v20090620043401" download-size="1390" install-size="1390" />
	<plugin fragment="true" id="org.eclipse.emf.cdo.defs.nl_pt_BR" unpack="false" version="3.5.0.v20090620043401" download-size="1389" install-size="1389" />
	<plugin fragment="true" id="org.eclipse.emf.cdo.doc.nl_pt_BR" unpack="false" version="3.5.0.v20090620043401" download-size="1388" install-size="1388" />
	<plugin fragment="true" id="org.eclipse.emf.cdo.edit.nl_pt_BR" unpack="false" version="3.5.0.v20090620043401" download-size="3599" install-size="3599" />
	<plugin fragment="true" id="org.eclipse.emf.cdo.examples.nl_pt_BR" unpack="false" version="3.5.0.v20090620043401" download-size="1391" install-size="1391" />
	<plugin fragment="true" id="org.eclipse.emf.cdo.examples.spring.nl_pt_BR" unpack="false" version="3.5.0.v20090620043401" download-size="1395" install-size="1395" />
	<plugin fragment="true" id="org.eclipse.emf.cdo.migrator.nl_pt_BR" unpack="false" version="3.5.0.v20090620043401" download-size="2639" install-size="2639" />
	<plugin fragment="true" id="org.eclipse.emf.cdo.nl_pt_BR" unpack="false" version="3.5.0.v20090620043401" download-size="2931" install-size="2931" />
	<plugin fragment="true" id="org.eclipse.emf.cdo.server.db.nl_pt_BR" unpack="false" version="3.5.0.v20090620043401" download-size="1392" install-size="1392" />
	<plugin fragment="true" id="org.eclipse.emf.cdo.server.hibernate.id.nl_pt_BR" unpack="false" version="3.5.0.v20090620043401" download-size="1398" install-size="1398" />
	<plugin fragment="true" id="org.eclipse.emf.cdo.server.hibernate.nl_pt_BR" unpack="false" version="3.5.0.v20090620043401" download-size="1721" install-size="1721" />
	<plugin fragment="true" id="org.eclipse.emf.cdo.server.hibernate.teneo.nl_pt_BR" unpack="false" version="3.5.0.v20090620043401" download-size="1403" install-size="1403" />
	<plugin fragment="true" id="org.eclipse.emf.cdo.server.nl_pt_BR" unpack="false" version="3.5.0.v20090620043401" download-size="1390" install-size="1390" />
	<plugin fragment="true" id="org.eclipse.emf.cdo.tests.db.nl_pt_BR" unpack="false" version="3.5.0.v20090620043401" download-size="1391" install-size="1391" />
	<plugin fragment="true" id="org.eclipse.emf.cdo.tests.hibernate.client.nl_pt_BR" unpack="false" version="3.5.0.v20090620043401" download-size="1400" install-size="1400" />
	<plugin fragment="true" id="org.eclipse.emf.cdo.tests.hibernate.nl_pt_BR" unpack="false" version="3.5.0.v20090620043401" download-size="1954" install-size="1954" />
	<plugin fragment="true" id="org.eclipse.emf.cdo.tests.mango.edit.nl_pt_BR" unpack="false" version="3.5.0.v20090620043401" download-size="1659" install-size="1659" />
	<plugin fragment="true" id="org.eclipse.emf.cdo.tests.mango.nl_pt_BR" unpack="false" version="3.5.0.v20090620043401" download-size="1392" install-size="1392" />
	<plugin fragment="true" id="org.eclipse.emf.cdo.tests.model1.edit.nl_pt_BR" unpack="false" version="3.5.0.v20090620043401" download-size="1740" install-size="1740" />
	<plugin fragment="true" id="org.eclipse.emf.cdo.tests.model1.nl_pt_BR" unpack="false" version="3.5.0.v20090620043401" download-size="1394" install-size="1394" />
	<plugin fragment="true" id="org.eclipse.emf.cdo.tests.model2.edit.nl_pt_BR" unpack="false" version="3.5.0.v20090620043401" download-size="1658" install-size="1658" />
	<plugin fragment="true" id="org.eclipse.emf.cdo.tests.model2.nl_pt_BR" unpack="false" version="3.5.0.v20090620043401" download-size="1394" install-size="1394" />
	<plugin fragment="true" id="org.eclipse.emf.cdo.tests.model3.edit.nl_pt_BR" unpack="false" version="3.5.0.v20090620043401" download-size="1603" install-size="1603" />
	<plugin fragment="true" id="org.eclipse.emf.cdo.tests.model3.nl_pt_BR" unpack="false" version="3.5.0.v20090620043401" download-size="1394" install-size="1394" />
	<plugin fragment="true" id="org.eclipse.emf.cdo.tests.model4.nl_pt_BR" unpack="false" version="3.5.0.v20090620043401" download-size="1394" install-size="1394" />
	<plugin fragment="true" id="org.eclipse.emf.cdo.tests.model4interfaces.nl_pt_BR" unpack="false" version="3.5.0.v20090620043401" download-size="1400" install-size="1400" />
	<plugin fragment="true" id="org.eclipse.emf.cdo.tests.model5.nl_pt_BR" unpack="false" version="3.5.0.v20090620043401" download-size="1394" install-size="1394" />
	<plugin fragment="true" id="org.eclipse.emf.cdo.tests.nl_pt_BR" unpack="false" version="3.5.0.v20090620043401" download-size="1389" install-size="1389" />
	<plugin fragment="true" id="org.eclipse.emf.cdo.ui.capabilities.nl_pt_BR" unpack="false" version="3.5.0.v20090620043401" download-size="1395" install-size="1395" />
	<plugin fragment="true" id="org.eclipse.emf.cdo.ui.defs.nl_pt_BR" unpack="false" version="3.5.0.v20090620043401" download-size="1391" install-size="1391" />
	<plugin fragment="true" id="org.eclipse.emf.cdo.ui.nl_pt_BR" unpack="false" version="3.5.0.v20090620043401" download-size="4359" install-size="4359" />
	<plugin fragment="true" id="org.eclipse.emf.cheatsheets.nl_pt_BR" unpack="false" version="3.5.0.v20090620043401" download-size="1391" install-size="1391" />
	<plugin fragment="true" id="org.eclipse.emf.codegen.ecore.nl_pt_BR" unpack="false" version="3.5.0.v20090620043401" download-size="3053" install-size="3053" />
	<plugin fragment="true" id="org.eclipse.emf.codegen.ecore.ui.nl_pt_BR" unpack="false" version="3.5.0.v20090620043401" download-size="6783" install-size="6783" />
	<plugin fragment="true" id="org.eclipse.emf.codegen.nl_pt_BR" unpack="false" version="3.5.0.v20090620043401" download-size="2545" install-size="2545" />
	<plugin fragment="true" id="org.eclipse.emf.codegen.ui.nl_pt_BR" unpack="false" version="3.5.0.v20090620043401" download-size="2074" install-size="2074" />
	<plugin fragment="true" id="org.eclipse.emf.common.nl_pt_BR" unpack="false" version="3.5.0.v20090620043401" download-size="2006" install-size="2006" />
	<plugin fragment="true" id="org.eclipse.emf.common.ui.nl_pt_BR" unpack="false" version="3.5.0.v20090620043401" download-size="2459" install-size="2459" />
	<plugin fragment="true" id="org.eclipse.emf.converter.nl_pt_BR" unpack="false" version="3.5.0.v20090620043401" download-size="2365" install-size="2365" />
	<plugin fragment="true" id="org.eclipse.emf.databinding.edit.nl_pt_BR" unpack="false" version="3.5.0.v20090620043401" download-size="1393" install-size="1393" />
	<plugin fragment="true" id="org.eclipse.emf.databinding.nl_pt_BR" unpack="false" version="3.5.0.v20090620043401" download-size="1391" install-size="1391" />
	<plugin fragment="true" id="org.eclipse.emf.doc.nl_pt_BR" unpack="false" version="3.5.0.v20090620043401" download-size="1688" install-size="1688" />
	<plugin fragment="true" id="org.eclipse.emf.ecore.change.edit.nl_pt_BR" unpack="false" version="3.5.0.v20090620043401" download-size="1904" install-size="1904" />
	<plugin fragment="true" id="org.eclipse.emf.ecore.change.nl_pt_BR" unpack="false" version="3.5.0.v20090620043401" download-size="1433" install-size="1433" />
	<plugin fragment="true" id="org.eclipse.emf.ecore.edit.nl_pt_BR" unpack="false" version="3.5.0.v20090620043401" download-size="2897" install-size="2897" />
	<plugin fragment="true" id="org.eclipse.emf.ecore.editor.nl_pt_BR" unpack="false" version="3.5.0.v20090620043401" download-size="2537" install-size="2537" />
	<plugin fragment="true" id="org.eclipse.emf.ecore.nl_pt_BR" unpack="false" version="3.5.0.v20090620043401" download-size="2940" install-size="2940" />
	<plugin fragment="true" id="org.eclipse.emf.ecore.xmi.nl_pt_BR" unpack="false" version="3.5.0.v20090620043401" download-size="1406" install-size="1406" />
	<plugin fragment="true" id="org.eclipse.emf.edit.nl_pt_BR" unpack="false" version="3.5.0.v20090620043401" download-size="2516" install-size="2516" />
	<plugin fragment="true" id="org.eclipse.emf.edit.ui.nl_pt_BR" unpack="false" version="3.5.0.v20090620043401" download-size="2487" install-size="2487" />
	<plugin fragment="true" id="org.eclipse.emf.example.installer.nl_pt_BR" unpack="false" version="3.5.0.v20090620043401" download-size="1437" install-size="1437" />
	<plugin fragment="true" id="org.eclipse.emf.examples.databinding.project.core.model.nl_pt_BR" unpack="false" version="3.5.0.v20090620043401" download-size="1417" install-size="1417" />
	<plugin fragment="true" id="org.eclipse.emf.examples.generator.validator.nl_pt_BR" unpack="false" version="3.5.0.v20090620043401" download-size="1403" install-size="1403" />
	<plugin fragment="true" id="org.eclipse.emf.examples.jet.article2.nl_pt_BR" unpack="false" version="3.5.0.v20090620043401" download-size="1571" install-size="1571" />
	<plugin fragment="true" id="org.eclipse.emf.examples.nl_pt_BR" unpack="false" version="3.5.0.v20090620043401" download-size="1388" install-size="1388" />
	<plugin fragment="true" id="org.eclipse.emf.exporter.html.nl_pt_BR" unpack="false" version="3.5.0.v20090620043401" download-size="1457" install-size="1457" />
	<plugin fragment="true" id="org.eclipse.emf.exporter.nl_pt_BR" unpack="false" version="3.5.0.v20090620043401" download-size="1416" install-size="1416" />
	<plugin fragment="true" id="org.eclipse.emf.importer.ecore.nl_pt_BR" unpack="false" version="3.5.0.v20090620043401" download-size="1700" install-size="1700" />
	<plugin fragment="true" id="org.eclipse.emf.importer.java.nl_pt_BR" unpack="false" version="3.5.0.v20090620043401" download-size="1835" install-size="1835" />
	<plugin fragment="true" id="org.eclipse.emf.importer.nl_pt_BR" unpack="false" version="3.5.0.v20090620043401" download-size="2320" install-size="2320" />
	<plugin fragment="true" id="org.eclipse.emf.importer.rose.nl_pt_BR" unpack="false" version="3.5.0.v20090620043401" download-size="3149" install-size="3149" />
	<plugin fragment="true" id="org.eclipse.emf.java.edit.nl_pt_BR" unpack="false" version="3.5.0.v20090620043401" download-size="2061" install-size="2061" />
	<plugin fragment="true" id="org.eclipse.emf.java.editor.nl_pt_BR" unpack="false" version="3.5.0.v20090620043401" download-size="1953" install-size="1953" />
	<plugin fragment="true" id="org.eclipse.emf.java.nl_pt_BR" unpack="false" version="3.5.0.v20090620043401" download-size="1386" install-size="1386" />
	<plugin fragment="true" id="org.eclipse.emf.mapping.ecore.editor.nl_pt_BR" unpack="false" version="3.5.0.v20090620043401" download-size="1394" install-size="1394" />
	<plugin fragment="true" id="org.eclipse.emf.mapping.ecore.nl_pt_BR" unpack="false" version="3.5.0.v20090620043401" download-size="1391" install-size="1391" />
	<plugin fragment="true" id="org.eclipse.emf.mapping.ecore2ecore.editor.nl_pt_BR" unpack="false" version="3.5.0.v20090620043401" download-size="2422" install-size="2422" />
	<plugin fragment="true" id="org.eclipse.emf.mapping.ecore2ecore.nl_pt_BR" unpack="false" version="3.5.0.v20090620043401" download-size="1520" install-size="1520" />
	<plugin fragment="true" id="org.eclipse.emf.mapping.ecore2xml.nl_pt_BR" unpack="false" version="3.5.0.v20090620043401" download-size="1420" install-size="1420" />
	<plugin fragment="true" id="org.eclipse.emf.mapping.ecore2xml.ui.nl_pt_BR" unpack="false" version="3.5.0.v20090620043401" download-size="2493" install-size="2493" />
	<plugin fragment="true" id="org.eclipse.emf.mapping.nl_pt_BR" unpack="false" version="3.5.0.v20090620043401" download-size="2537" install-size="2537" />
	<plugin fragment="true" id="org.eclipse.emf.mapping.ui.nl_pt_BR" unpack="false" version="3.5.0.v20090620043401" download-size="2339" install-size="2339" />
	<plugin fragment="true" id="org.eclipse.emf.mapping.xsd2ecore.editor.nl_pt_BR" unpack="false" version="3.5.0.v20090620043401" download-size="2035" install-size="2035" />
	<plugin fragment="true" id="org.eclipse.emf.mapping.xsd2ecore.nl_pt_BR" unpack="false" version="3.5.0.v20090620043401" download-size="1523" install-size="1523" />
	<plugin fragment="true" id="org.eclipse.emf.nl_pt_BR" unpack="false" version="3.5.0.v20090620043401" download-size="1383" install-size="1383" />
	<plugin fragment="true" id="org.eclipse.emf.query.doc.nl_pt_BR" unpack="false" version="3.5.0.v20090620043401" download-size="1717" install-size="1717" />
	<plugin fragment="true" id="org.eclipse.emf.query.examples.nl_pt_BR" unpack="false" version="3.5.0.v20090620043401" download-size="1698" install-size="1698" />
	<plugin fragment="true" id="org.eclipse.emf.query.examples.ocl.nl_pt_BR" unpack="false" version="3.5.0.v20090620043401" download-size="3309" install-size="3309" />
	<plugin fragment="true" id="org.eclipse.emf.query.examples.statements.nl_pt_BR" unpack="false" version="3.5.0.v20090620043401" download-size="3101" install-size="3101" />
	<plugin fragment="true" id="org.eclipse.emf.query.nl_pt_BR" unpack="false" version="3.5.0.v20090620043401" download-size="2693" install-size="2693" />
	<plugin fragment="true" id="org.eclipse.emf.query.ocl.nl_pt_BR" unpack="false" version="3.5.0.v20090620043401" download-size="1690" install-size="1690" />
	<plugin fragment="true" id="org.eclipse.emf.query.ocl.tests.nl_pt_BR" unpack="false" version="3.5.0.v20090620043401" download-size="1398" install-size="1398" />
	<plugin fragment="true" id="org.eclipse.emf.query.tests.nl_pt_BR" unpack="false" version="3.5.0.v20090620043401" download-size="1396" install-size="1396" />
	<plugin fragment="true" id="org.eclipse.emf.test.build.nl_pt_BR" unpack="false" version="3.5.0.v20090620043401" download-size="1390" install-size="1390" />
	<plugin fragment="true" id="org.eclipse.emf.test.common.nl_pt_BR" unpack="false" version="3.5.0.v20090620043401" download-size="1765" install-size="1765" />
	<plugin fragment="true" id="org.eclipse.emf.test.core.nl_pt_BR" unpack="false" version="3.5.0.v20090620043401" download-size="1389" install-size="1389" />
	<plugin fragment="true" id="org.eclipse.emf.test.edit.nl_pt_BR" unpack="false" version="3.5.0.v20090620043401" download-size="2253" install-size="2253" />
	<plugin fragment="true" id="org.eclipse.emf.test.examples.nl_pt_BR" unpack="false" version="3.5.0.v20090620043401" download-size="1391" install-size="1391" />
	<plugin fragment="true" id="org.eclipse.emf.test.tools.nl_pt_BR" unpack="false" version="3.5.0.v20090620043401" download-size="1389" install-size="1389" />
	<plugin fragment="true" id="org.eclipse.emf.test.xml.nl_pt_BR" unpack="false" version="3.5.0.v20090620043401" download-size="1389" install-size="1389" />
	<plugin fragment="true" id="org.eclipse.emf.tests.nl_pt_BR" unpack="false" version="3.5.0.v20090620043401" download-size="1386" install-size="1386" />
	<plugin fragment="true" id="org.eclipse.emf.transaction.doc.nl_pt_BR" unpack="false" version="3.5.0.v20090620043401" download-size="1723" install-size="1723" />
	<plugin fragment="true" id="org.eclipse.emf.transaction.examples.nl_pt_BR" unpack="false" version="3.5.0.v20090620043401" download-size="1723" install-size="1723" />
	<plugin fragment="true" id="org.eclipse.emf.transaction.nl_pt_BR" unpack="false" version="3.5.0.v20090620043401" download-size="3447" install-size="3447" />
	<plugin fragment="true" id="org.eclipse.emf.transaction.tests.nl_pt_BR" unpack="false" version="3.5.0.v20090620043401" download-size="1399" install-size="1399" />
	<plugin fragment="true" id="org.eclipse.emf.transaction.ui.nl_pt_BR" unpack="false" version="3.5.0.v20090620043401" download-size="2706" install-size="2706" />
	<plugin fragment="true" id="org.eclipse.emf.validation.doc.nl_pt_BR" unpack="false" version="3.5.0.v20090620043401" download-size="1722" install-size="1722" />
	<plugin fragment="true" id="org.eclipse.emf.validation.examples.adapter.nl_pt_BR" unpack="false" version="3.5.0.v20090620043401" download-size="1409" install-size="1409" />
	<plugin fragment="true" id="org.eclipse.emf.validation.examples.general.nl_pt_BR" unpack="false" version="3.5.0.v20090620043401" download-size="3118" install-size="3118" />
	<plugin fragment="true" id="org.eclipse.emf.validation.examples.nl_pt_BR" unpack="false" version="3.5.0.v20090620043401" download-size="1457" install-size="1457" />
	<plugin fragment="true" id="org.eclipse.emf.validation.examples.ocl.nl_pt_BR" unpack="false" version="3.5.0.v20090620043401" download-size="1403" install-size="1403" />
	<plugin fragment="true" id="org.eclipse.emf.validation.nl_pt_BR" unpack="false" version="3.5.0.v20090620043401" download-size="4775" install-size="4775" />
	<plugin fragment="true" id="org.eclipse.emf.validation.ocl.nl_pt_BR" unpack="false" version="3.5.0.v20090620043401" download-size="1736" install-size="1736" />
	<plugin fragment="true" id="org.eclipse.emf.validation.tests.nl_pt_BR" unpack="false" version="3.5.0.v20090620043401" download-size="1399" install-size="1399" />
	<plugin fragment="true" id="org.eclipse.emf.validation.ui.ide.nl_pt_BR" unpack="false" version="3.5.0.v20090620043401" download-size="2890" install-size="2890" />
	<plugin fragment="true" id="org.eclipse.emf.validation.ui.nl_pt_BR" unpack="false" version="3.5.0.v20090620043401" download-size="3434" install-size="3434" />
	<plugin fragment="true" id="org.eclipse.emf.workspace.doc.nl_pt_BR" unpack="false" version="3.5.0.v20090620043401" download-size="1753" install-size="1753" />
	<plugin fragment="true" id="org.eclipse.emf.workspace.examples.library.editor.nl_pt_BR" unpack="false" version="3.5.0.v20090620043401" download-size="2034" install-size="2034" />
	<plugin fragment="true" id="org.eclipse.emf.workspace.examples.nl_pt_BR" unpack="false" version="3.5.0.v20090620043401" download-size="1401" install-size="1401" />
	<plugin fragment="true" id="org.eclipse.emf.workspace.nl_pt_BR" unpack="false" version="3.5.0.v20090620043401" download-size="3280" install-size="3280" />
	<plugin fragment="true" id="org.eclipse.emf.workspace.tests.nl_pt_BR" unpack="false" version="3.5.0.v20090620043401" download-size="1398" install-size="1398" />
	<plugin fragment="true" id="org.eclipse.emf.workspace.ui.nl_pt_BR" unpack="false" version="3.5.0.v20090620043401" download-size="1450" install-size="1450" />
	<plugin fragment="true" id="org.eclipse.net4j.buddies.chat.nl_pt_BR" unpack="false" version="3.5.0.v20090620043401" download-size="1393" install-size="1393" />
	<plugin fragment="true" id="org.eclipse.net4j.buddies.chat.ui.nl_pt_BR" unpack="false" version="3.5.0.v20090620043401" download-size="1398" install-size="1398" />
	<plugin fragment="true" id="org.eclipse.net4j.buddies.common.nl_pt_BR" unpack="false" version="3.5.0.v20090620043401" download-size="1394" install-size="1394" />
	<plugin fragment="true" id="org.eclipse.net4j.buddies.nl_pt_BR" unpack="false" version="3.5.0.v20090620043401" download-size="1389" install-size="1389" />
	<plugin fragment="true" id="org.eclipse.net4j.buddies.server.nl_pt_BR" unpack="false" version="3.5.0.v20090620043401" download-size="1394" install-size="1394" />
	<plugin fragment="true" id="org.eclipse.net4j.buddies.ui.nl_pt_BR" unpack="false" version="3.5.0.v20090620043401" download-size="2693" install-size="2693" />
	<plugin fragment="true" id="org.eclipse.net4j.db.derby.nl_pt_BR" unpack="false" version="3.5.0.v20090620043401" download-size="1390" install-size="1390" />
	<plugin fragment="true" id="org.eclipse.net4j.db.hsqldb.nl_pt_BR" unpack="false" version="3.5.0.v20090620043401" download-size="1392" install-size="1392" />
	<plugin fragment="true" id="org.eclipse.net4j.db.mysql.nl_pt_BR" unpack="false" version="3.5.0.v20090620043401" download-size="1391" install-size="1391" />
	<plugin fragment="true" id="org.eclipse.net4j.db.nl_pt_BR" unpack="false" version="3.5.0.v20090620043401" download-size="1386" install-size="1386" />
	<plugin fragment="true" id="org.eclipse.net4j.db.postgresql.nl_pt_BR" unpack="false" version="3.5.0.v20090620043401" download-size="1393" install-size="1393" />
	<plugin fragment="true" id="org.eclipse.net4j.debug.nl_pt_BR" unpack="false" version="3.5.0.v20090620043401" download-size="2478" install-size="2478" />
	<plugin fragment="true" id="org.eclipse.net4j.defs.nl_pt_BR" unpack="false" version="3.5.0.v20090620043401" download-size="1387" install-size="1387" />
	<plugin fragment="true" id="org.eclipse.net4j.doc.nl_pt_BR" unpack="false" version="3.5.0.v20090620043401" download-size="1387" install-size="1387" />
	<plugin fragment="true" id="org.eclipse.net4j.examples.nl_pt_BR" unpack="false" version="3.5.0.v20090620043401" download-size="1390" install-size="1390" />
	<plugin fragment="true" id="org.eclipse.net4j.http.common.nl_pt_BR" unpack="false" version="3.5.0.v20090620043401" download-size="1396" install-size="1396" />
	<plugin fragment="true" id="org.eclipse.net4j.http.nl_pt_BR" unpack="false" version="3.5.0.v20090620043401" download-size="1387" install-size="1387" />
	<plugin fragment="true" id="org.eclipse.net4j.http.server.nl_pt_BR" unpack="false" version="3.5.0.v20090620043401" download-size="1395" install-size="1395" />
	<plugin fragment="true" id="org.eclipse.net4j.http.tests.nl_pt_BR" unpack="false" version="3.5.0.v20090620043401" download-size="1391" install-size="1391" />
	<plugin fragment="true" id="org.eclipse.net4j.jms.admin.nl_pt_BR" unpack="false" version="3.5.0.v20090620043401" download-size="1391" install-size="1391" />
	<plugin fragment="true" id="org.eclipse.net4j.jms.api.nl_pt_BR" unpack="false" version="3.5.0.v20090620043401" download-size="1389" install-size="1389" />
	<plugin fragment="true" id="org.eclipse.net4j.jms.nl_pt_BR" unpack="false" version="3.5.0.v20090620043401" download-size="1387" install-size="1387" />
	<plugin fragment="true" id="org.eclipse.net4j.jms.server.jdbc.nl_pt_BR" unpack="false" version="3.5.0.v20090620043401" download-size="1395" install-size="1395" />
	<plugin fragment="true" id="org.eclipse.net4j.jms.server.nl_pt_BR" unpack="false" version="3.5.0.v20090620043401" download-size="1391" install-size="1391" />
	<plugin fragment="true" id="org.eclipse.net4j.jms.tests.nl_pt_BR" unpack="false" version="3.5.0.v20090620043401" download-size="1391" install-size="1391" />
	<plugin fragment="true" id="org.eclipse.net4j.jvm.nl_pt_BR" unpack="false" version="3.5.0.v20090620043401" download-size="1387" install-size="1387" />
	<plugin fragment="true" id="org.eclipse.net4j.nl_pt_BR" unpack="false" version="3.5.0.v20090620043401" download-size="1384" install-size="1384" />
	<plugin fragment="true" id="org.eclipse.net4j.tcp.nl_pt_BR" unpack="false" version="3.5.0.v20090620043401" download-size="1386" install-size="1386" />
	<plugin fragment="true" id="org.eclipse.net4j.tests.nl_pt_BR" unpack="false" version="3.5.0.v20090620043401" download-size="1388" install-size="1388" />
	<plugin fragment="true" id="org.eclipse.net4j.ui.capabilities.nl_pt_BR" unpack="false" version="3.5.0.v20090620043401" download-size="1398" install-size="1398" />
	<plugin fragment="true" id="org.eclipse.net4j.ui.defs.nl_pt_BR" unpack="false" version="3.5.0.v20090620043401" download-size="1389" install-size="1389" />
	<plugin fragment="true" id="org.eclipse.net4j.ui.nl_pt_BR" unpack="false" version="3.5.0.v20090620043401" download-size="2420" install-size="2420" />
	<plugin fragment="true" id="org.eclipse.net4j.util.defs.nl_pt_BR" unpack="false" version="3.5.0.v20090620043401" download-size="1391" install-size="1391" />
	<plugin fragment="true" id="org.eclipse.net4j.util.nl_pt_BR" unpack="false" version="3.5.0.v20090620043401" download-size="1387" install-size="1387" />
	<plugin fragment="true" id="org.eclipse.net4j.util.ui.nl_pt_BR" unpack="false" version="3.5.0.v20090620043401" download-size="7797" install-size="7797" />
	<plugin fragment="true" id="org.eclipse.xsd.cheatsheets.nl_pt_BR" unpack="false" version="3.5.0.v20090620043401" download-size="1391" install-size="1391" />
	<plugin fragment="true" id="org.eclipse.xsd.doc.nl_pt_BR" unpack="false" version="3.5.0.v20090620043401" download-size="1697" install-size="1697" />
	<plugin fragment="true" id="org.eclipse.xsd.ecore.converter.nl_pt_BR" unpack="false" version="3.5.0.v20090620043401" download-size="1393" install-size="1393" />
	<plugin fragment="true" id="org.eclipse.xsd.ecore.exporter.nl_pt_BR" unpack="false" version="3.5.0.v20090620043401" download-size="1575" install-size="1575" />
	<plugin fragment="true" id="org.eclipse.xsd.ecore.importer.nl_pt_BR" unpack="false" version="3.5.0.v20090620043401" download-size="1731" install-size="1731" />
	<plugin fragment="true" id="org.eclipse.xsd.edit.nl_pt_BR" unpack="false" version="3.5.0.v20090620043401" download-size="5012" install-size="5012" />
	<plugin fragment="true" id="org.eclipse.xsd.editor.nl_pt_BR" unpack="false" version="3.5.0.v20090620043401" download-size="2244" install-size="2244" />
	<plugin fragment="true" id="org.eclipse.xsd.example.installer.nl_pt_BR" unpack="false" version="3.5.0.v20090620043401" download-size="1394" install-size="1394" />
	<plugin fragment="true" id="org.eclipse.xsd.example.nl_pt_BR" unpack="false" version="3.5.0.v20090620043401" download-size="1388" install-size="1388" />
	<plugin fragment="true" id="org.eclipse.xsd.mapping.editor.nl_pt_BR" unpack="false" version="3.5.0.v20090620043401" download-size="1392" install-size="1392" />
	<plugin fragment="true" id="org.eclipse.xsd.mapping.nl_pt_BR" unpack="false" version="3.5.0.v20090620043401" download-size="1388" install-size="1388" />
	<plugin fragment="true" id="org.eclipse.xsd.nl_pt_BR" unpack="false" version="3.5.0.v20090620043401" download-size="1542" install-size="1542" />
</feature>