<?xml version="1.0" encoding="UTF-8" ?>
<feature
	id="org.eclipse.babel.nls_tptp.platform_fi"
	label="Babel Language Pack for tptp.platform in Finnish (17.13%)"
	image="eclipse_update_120.jpg"
	provider-name="%providerName"
	version="3.5.0.v20090620043401">
	<copyright>
		%copyright
	</copyright>
	<license url="%licenseURL">
		%license
	</license>
	<description>Babel Language Pack for tptp.platform in Finnish</description>
	<plugin fragment="true" id="org.eclipse.hyades.analysis.engine.nl_fi" unpack="false" version="3.5.0.v20090620043401" download-size="1373" install-size="1373" />
	<plugin fragment="true" id="org.eclipse.hyades.logging.adapter.nl_fi" unpack="false" version="3.5.0.v20090620043401" download-size="3073" install-size="3073" />
	<plugin fragment="true" id="org.eclipse.hyades.logging.adapter.ui.nl_fi" unpack="false" version="3.5.0.v20090620043401" download-size="4555" install-size="4555" />
	<plugin fragment="true" id="org.eclipse.hyades.logging.parsers.nl_fi" unpack="false" version="3.5.0.v20090620043401" download-size="2454" install-size="2454" />
	<plugin fragment="true" id="org.eclipse.hyades.probekit.ui.nl_fi" unpack="false" version="3.5.0.v20090620043401" download-size="3944" install-size="3944" />
	<plugin fragment="true" id="org.eclipse.hyades.resources.database.nl_fi" unpack="false" version="3.5.0.v20090620043401" download-size="1377" install-size="1377" />
	<plugin fragment="true" id="org.eclipse.hyades.sdb.nl_fi" unpack="false" version="3.5.0.v20090620043401" download-size="6317" install-size="6317" />
	<plugin fragment="true" id="org.eclipse.hyades.statistical.ui.nl_fi" unpack="false" version="3.5.0.v20090620043401" download-size="1378" install-size="1378" />
	<plugin fragment="true" id="org.eclipse.hyades.test.core.nl_fi" unpack="false" version="3.5.0.v20090620043401" download-size="3236" install-size="3236" />
	<plugin fragment="true" id="org.eclipse.hyades.test.tools.ui.nl_fi" unpack="false" version="3.5.0.v20090620043401" download-size="3529" install-size="3529" />
	<plugin fragment="true" id="org.eclipse.hyades.test.ui.extensions.nl_fi" unpack="false" version="3.5.0.v20090620043401" download-size="2663" install-size="2663" />
	<plugin fragment="true" id="org.eclipse.hyades.test.ui.nl_fi" unpack="false" version="3.5.0.v20090620043401" download-size="9043" install-size="9043" />
	<plugin fragment="true" id="org.eclipse.hyades.trace.ui.nl_fi" unpack="false" version="3.5.0.v20090620043401" download-size="5905" install-size="5905" />
	<plugin fragment="true" id="org.eclipse.hyades.trace.views.nl_fi" unpack="false" version="3.5.0.v20090620043401" download-size="2640" install-size="2640" />
	<plugin fragment="true" id="org.eclipse.hyades.ui.nl_fi" unpack="false" version="3.5.0.v20090620043401" download-size="1381" install-size="1381" />
	<plugin fragment="true" id="org.eclipse.tptp.lta.gla.ui.epi.nl_fi" unpack="false" version="3.5.0.v20090620043401" download-size="1371" install-size="1371" />
	<plugin fragment="true" id="org.eclipse.tptp.lta.log.epi.nl_fi" unpack="false" version="3.5.0.v20090620043401" download-size="1425" install-size="1425" />
	<plugin fragment="true" id="org.eclipse.tptp.lta.runtime.nl_fi" unpack="false" version="3.5.0.v20090620043401" download-size="1371" install-size="1371" />
	<plugin fragment="true" id="org.eclipse.tptp.lta.sdb.epi.nl_fi" unpack="false" version="3.5.0.v20090620043401" download-size="1373" install-size="1373" />
	<plugin fragment="true" id="org.eclipse.tptp.lta.symptom.epi.nl_fi" unpack="false" version="3.5.0.v20090620043401" download-size="1375" install-size="1375" />
	<plugin fragment="true" id="org.eclipse.tptp.monitoring.la.core.nl_fi" unpack="false" version="3.5.0.v20090620043401" download-size="1374" install-size="1374" />
	<plugin fragment="true" id="org.eclipse.tptp.monitoring.logui.nl_fi" unpack="false" version="3.5.0.v20090620043401" download-size="2730" install-size="2730" />
	<plugin fragment="true" id="org.eclipse.tptp.monitoring.lta.doc.isv.nl_fi" unpack="false" version="3.5.0.v20090620043401" download-size="1377" install-size="1377" />
	<plugin fragment="true" id="org.eclipse.tptp.monitoring.lta.doc.user.nl_fi" unpack="false" version="3.5.0.v20090620043401" download-size="1377" install-size="1377" />
	<plugin fragment="true" id="org.eclipse.tptp.monitoring.lta.examples.isv.nl_fi" unpack="false" version="3.5.0.v20090620043401" download-size="2886" install-size="2886" />
	<plugin fragment="true" id="org.eclipse.tptp.monitoring.lta.examples.nl_fi" unpack="false" version="3.5.0.v20090620043401" download-size="2681" install-size="2681" />
	<plugin fragment="true" id="org.eclipse.tptp.monitoring.managedagent.jmx.nl_fi" unpack="false" version="3.5.0.v20090620043401" download-size="2653" install-size="2653" />
	<plugin fragment="true" id="org.eclipse.tptp.monitoring.managedagent.ui.nl_fi" unpack="false" version="3.5.0.v20090620043401" download-size="4921" install-size="4921" />
	<plugin fragment="true" id="org.eclipse.tptp.monitoring.profile.server.nl_fi" unpack="false" version="3.5.0.v20090620043401" download-size="1380" install-size="1380" />
	<plugin fragment="true" id="org.eclipse.tptp.monitoring.report.birt.nl_fi" unpack="false" version="3.5.0.v20090620043401" download-size="2584" install-size="2584" />
	<plugin fragment="true" id="org.eclipse.tptp.monitoring.symptom.doc.user.nl_fi" unpack="false" version="3.5.0.v20090620043401" download-size="1380" install-size="1380" />
	<plugin fragment="true" id="org.eclipse.tptp.monitoring.symptom.editor.nl_fi" unpack="false" version="3.5.0.v20090620043401" download-size="1378" install-size="1378" />
	<plugin fragment="true" id="org.eclipse.tptp.platform.agentcontroller.nl_fi" unpack="false" version="3.5.0.v20090620043401" download-size="2587" install-size="2587" />
	<plugin fragment="true" id="org.eclipse.tptp.platform.analysis.codereview.cpp.nl_fi" unpack="false" version="3.5.0.v20090620043401" download-size="1384" install-size="1384" />
	<plugin fragment="true" id="org.eclipse.tptp.platform.analysis.codereview.cpp.rules.nl_fi" unpack="false" version="3.5.0.v20090620043401" download-size="1484" install-size="1484" />
	<plugin fragment="true" id="org.eclipse.tptp.platform.analysis.codereview.java.nl_fi" unpack="false" version="3.5.0.v20090620043401" download-size="1422" install-size="1422" />
	<plugin fragment="true" id="org.eclipse.tptp.platform.analysis.codereview.java.rules.nl_fi" unpack="false" version="3.5.0.v20090620043401" download-size="1569" install-size="1569" />
	<plugin fragment="true" id="org.eclipse.tptp.platform.analysis.core.nl_fi" unpack="false" version="3.5.0.v20090620043401" download-size="2508" install-size="2508" />
	<plugin fragment="true" id="org.eclipse.tptp.platform.analysis.core.ui.nl_fi" unpack="false" version="3.5.0.v20090620043401" download-size="2948" install-size="2948" />
	<plugin fragment="true" id="org.eclipse.tptp.platform.common.nl_fi" unpack="false" version="3.5.0.v20090620043401" download-size="2304" install-size="2304" />
	<plugin fragment="true" id="org.eclipse.tptp.platform.common.ui.nl_fi" unpack="false" version="3.5.0.v20090620043401" download-size="4779" install-size="4779" />
	<plugin fragment="true" id="org.eclipse.tptp.platform.common.ui.trace.nl_fi" unpack="false" version="3.5.0.v20090620043401" download-size="3100" install-size="3100" />
	<plugin fragment="true" id="org.eclipse.tptp.platform.examples.isv.nl_fi" unpack="false" version="3.5.0.v20090620043401" download-size="2592" install-size="2592" />
	<plugin fragment="true" id="org.eclipse.tptp.platform.examples.nl_fi" unpack="false" version="3.5.0.v20090620043401" download-size="1401" install-size="1401" />
	<plugin fragment="true" id="org.eclipse.tptp.platform.iac.administrator.nl_fi" unpack="false" version="3.5.0.v20090620043401" download-size="3315" install-size="3315" />
	<plugin fragment="true" id="org.eclipse.tptp.platform.instrumentation.ui.nl_fi" unpack="false" version="3.5.0.v20090620043401" download-size="3166" install-size="3166" />
	<plugin fragment="true" id="org.eclipse.tptp.platform.integration.pde.nl_fi" unpack="false" version="3.5.0.v20090620043401" download-size="2742" install-size="2742" />
	<plugin fragment="true" id="org.eclipse.tptp.platform.la.core.nl_fi" unpack="false" version="3.5.0.v20090620043401" download-size="2645" install-size="2645" />
	<plugin fragment="true" id="org.eclipse.tptp.platform.llc.core.nl_fi" unpack="false" version="3.5.0.v20090620043401" download-size="1373" install-size="1373" />
	<plugin fragment="true" id="org.eclipse.tptp.platform.llc.doc.user.nl_fi" unpack="false" version="3.5.0.v20090620043401" download-size="1377" install-size="1377" />
	<plugin fragment="true" id="org.eclipse.tptp.platform.llc.launch.nl_fi" unpack="false" version="3.5.0.v20090620043401" download-size="2836" install-size="2836" />
	<plugin fragment="true" id="org.eclipse.tptp.platform.llc.ui.nl_fi" unpack="false" version="3.5.0.v20090620043401" download-size="1373" install-size="1373" />
	<plugin fragment="true" id="org.eclipse.tptp.platform.log.doc.user.nl_fi" unpack="false" version="3.5.0.v20090620043401" download-size="1376" install-size="1376" />
	<plugin fragment="true" id="org.eclipse.tptp.platform.log.views.nl_fi" unpack="false" version="3.5.0.v20090620043401" download-size="3816" install-size="3816" />
	<plugin fragment="true" id="org.eclipse.tptp.platform.lta.common.nl_fi" unpack="false" version="3.5.0.v20090620043401" download-size="2425" install-size="2425" />
	<plugin fragment="true" id="org.eclipse.tptp.platform.models.lta.nl_fi" unpack="false" version="3.5.0.v20090620043401" download-size="1374" install-size="1374" />
	<plugin fragment="true" id="org.eclipse.tptp.platform.models.nl_fi" unpack="false" version="3.5.0.v20090620043401" download-size="3138" install-size="3138" />
	<plugin fragment="true" id="org.eclipse.tptp.platform.probekit.launch.nl_fi" unpack="false" version="3.5.0.v20090620043401" download-size="3596" install-size="3596" />
	<plugin fragment="true" id="org.eclipse.tptp.platform.report.birt.nl_fi" unpack="false" version="3.5.0.v20090620043401" download-size="1381" install-size="1381" />
	<plugin fragment="true" id="org.eclipse.tptp.platform.report.birt.ui.nl_fi" unpack="false" version="3.5.0.v20090620043401" download-size="2526" install-size="2526" />
	<plugin fragment="true" id="org.eclipse.tptp.platform.report.core.nl_fi" unpack="false" version="3.5.0.v20090620043401" download-size="1451" install-size="1451" />
	<plugin fragment="true" id="org.eclipse.tptp.platform.report.ui.nl_fi" unpack="false" version="3.5.0.v20090620043401" download-size="1468" install-size="1468" />
	<plugin fragment="true" id="org.eclipse.tptp.test.auto.gui.nl_fi" unpack="false" version="3.5.0.v20090620043401" download-size="2842" install-size="2842" />
	<plugin fragment="true" id="org.eclipse.tptp.test.auto.nl_fi" unpack="false" version="3.5.0.v20090620043401" download-size="1369" install-size="1369" />
	<plugin fragment="true" id="org.eclipse.tptp.test.recorders.url.nl_fi" unpack="false" version="3.5.0.v20090620043401" download-size="4732" install-size="4732" />
	<plugin fragment="true" id="org.eclipse.tptp.test.report.birt.nl_fi" unpack="false" version="3.5.0.v20090620043401" download-size="3397" install-size="3397" />
	<plugin fragment="true" id="org.eclipse.tptp.test.samples.nl_fi" unpack="false" version="3.5.0.v20090620043401" download-size="2836" install-size="2836" />
	<plugin fragment="true" id="org.eclipse.tptp.test.tools.junit.plugin.nl_fi" unpack="false" version="3.5.0.v20090620043401" download-size="3202" install-size="3202" />
	<plugin fragment="true" id="org.eclipse.tptp.test.tools.manual.doc.user.nl_fi" unpack="false" version="3.5.0.v20090620043401" download-size="1378" install-size="1378" />
	<plugin fragment="true" id="org.eclipse.tptp.test.tools.manual.nl_fi" unpack="false" version="3.5.0.v20090620043401" download-size="4086" install-size="4086" />
	<plugin fragment="true" id="org.eclipse.tptp.trace.arm.nl_fi" unpack="false" version="3.5.0.v20090620043401" download-size="1398" install-size="1398" />
	<plugin fragment="true" id="org.eclipse.tptp.trace.arm.ui.nl_fi" unpack="false" version="3.5.0.v20090620043401" download-size="2498" install-size="2498" />
	<plugin fragment="true" id="org.eclipse.tptp.trace.jvmti.client.nl_fi" unpack="false" version="3.5.0.v20090620043401" download-size="2741" install-size="2741" />
	<plugin fragment="true" id="org.eclipse.tptp.trace.memory.nl_fi" unpack="false" version="3.5.0.v20090620043401" download-size="1374" install-size="1374" />
	<plugin fragment="true" id="org.eclipse.tptp.trace.report.birt.nl_fi" unpack="false" version="3.5.0.v20090620043401" download-size="2502" install-size="2502" />
</feature>