<?xml version="1.0" encoding="UTF-8" ?>
<feature
	id="org.eclipse.babel.nls_technology.mat_sv"
	label="Babel Language Pack for technology.mat in Swedish (2.91%)"
	image="eclipse_update_120.jpg"
	provider-name="%providerName"
	version="3.5.0.v20090620043401">
	<copyright>
		%copyright
	</copyright>
	<license url="%licenseURL">
		%license
	</license>
	<description>Babel Language Pack for technology.mat in Swedish</description>
	<plugin fragment="true" id="org.eclipse.mat.api.nl_sv" unpack="false" version="3.5.0.v20090620043401" download-size="2236" install-size="2236" />
	<plugin fragment="true" id="org.eclipse.mat.chart.nl_sv" unpack="false" version="3.5.0.v20090620043401" download-size="1368" install-size="1368" />
	<plugin fragment="true" id="org.eclipse.mat.chart.ui.nl_sv" unpack="false" version="3.5.0.v20090620043401" download-size="1369" install-size="1369" />
	<plugin fragment="true" id="org.eclipse.mat.hprof.nl_sv" unpack="false" version="3.5.0.v20090620043401" download-size="1368" install-size="1368" />
	<plugin fragment="true" id="org.eclipse.mat.jdt.nl_sv" unpack="false" version="3.5.0.v20090620043401" download-size="1366" install-size="1366" />
	<plugin fragment="true" id="org.eclipse.mat.parser.nl_sv" unpack="false" version="3.5.0.v20090620043401" download-size="1368" install-size="1368" />
	<plugin fragment="true" id="org.eclipse.mat.report.nl_sv" unpack="false" version="3.5.0.v20090620043401" download-size="2255" install-size="2255" />
	<plugin fragment="true" id="org.eclipse.mat.ui.nl_sv" unpack="false" version="3.5.0.v20090620043401" download-size="2782" install-size="2782" />
	<plugin fragment="true" id="org.eclipse.mat.ui.rcp.nl_sv" unpack="false" version="3.5.0.v20090620043401" download-size="1368" install-size="1368" />
</feature>