<?xml version="1.0" encoding="UTF-8" ?>
<feature
	id="org.eclipse.babel.nls_dsdp.mtj_cs"
	label="Babel Language Pack for dsdp.mtj in Czech (5.86%)"
	image="eclipse_update_120.jpg"
	provider-name="%providerName"
	version="3.5.0.v20090620043401">
	<copyright>
		%copyright
	</copyright>
	<license url="%licenseURL">
		%license
	</license>
	<description>Babel Language Pack for dsdp.mtj in Czech</description>
	<plugin fragment="true" id="org.eclipse.mtj.core.nl_cs" unpack="false" version="3.5.0.v20090620043401" download-size="2215" install-size="2215" />
	<plugin fragment="true" id="org.eclipse.mtj.eswt.templates.nl_cs" unpack="false" version="3.5.0.v20090620043401" download-size="2176" install-size="2176" />
	<plugin fragment="true" id="org.eclipse.mtj.jmunit.nl_cs" unpack="false" version="3.5.0.v20090620043401" download-size="2264" install-size="2264" />
	<plugin fragment="true" id="org.eclipse.mtj.pulsar.ui.nl_cs" unpack="false" version="3.5.0.v20090620043401" download-size="2377" install-size="2377" />
	<plugin fragment="true" id="org.eclipse.mtj.ui.nl_cs" unpack="false" version="3.5.0.v20090620043401" download-size="5014" install-size="5014" />
</feature>