<?xml version="1.0" encoding="UTF-8" ?>
<feature
	id="org.eclipse.babel.nls_dsdp.mtj_uk"
	label="Babel Language Pack for dsdp.mtj in Ukrainian (3.57%)"
	image="eclipse_update_120.jpg"
	provider-name="%providerName"
	version="3.5.0.v20090620043401">
	<copyright>
		%copyright
	</copyright>
	<license url="%licenseURL">
		%license
	</license>
	<description>Babel Language Pack for dsdp.mtj in Ukrainian</description>
	<plugin fragment="true" id="org.eclipse.mtj.core.nl_uk" unpack="false" version="3.5.0.v20090620043401" download-size="2030" install-size="2030" />
	<plugin fragment="true" id="org.eclipse.mtj.jmunit.nl_uk" unpack="false" version="3.5.0.v20090620043401" download-size="2292" install-size="2292" />
	<plugin fragment="true" id="org.eclipse.mtj.pulsar.ui.nl_uk" unpack="false" version="3.5.0.v20090620043401" download-size="2404" install-size="2404" />
	<plugin fragment="true" id="org.eclipse.mtj.ui.nl_uk" unpack="false" version="3.5.0.v20090620043401" download-size="4883" install-size="4883" />
</feature>