<?xml version="1.0" encoding="UTF-8" ?>
<feature
	id="org.eclipse.babel.nls_modeling.m2m_nl"
	label="Babel Language Pack for modeling.m2m in Dutch (22.26%)"
	image="eclipse_update_120.jpg"
	provider-name="%providerName"
	version="3.5.0.v20090620043401">
	<copyright>
		%copyright
	</copyright>
	<license url="%licenseURL">
		%license
	</license>
	<description>Babel Language Pack for modeling.m2m in Dutch</description>
	<plugin fragment="true" id="org.eclipse.m2m.atl.adt.debug.nl_nl" unpack="false" version="3.5.0.v20090620043401" download-size="2385" install-size="2385" />
	<plugin fragment="true" id="org.eclipse.m2m.atl.adt.editor.nl_nl" unpack="false" version="3.5.0.v20090620043401" download-size="3533" install-size="3533" />
	<plugin fragment="true" id="org.eclipse.m2m.atl.adt.nl_nl" unpack="false" version="3.5.0.v20090620043401" download-size="2189" install-size="2189" />
	<plugin fragment="true" id="org.eclipse.m2m.atl.adt.ui.nl_nl" unpack="false" version="3.5.0.v20090620043401" download-size="2432" install-size="2432" />
	<plugin fragment="true" id="org.eclipse.m2m.atl.common.nl_nl" unpack="false" version="3.5.0.v20090620043401" download-size="1368" install-size="1368" />
	<plugin fragment="true" id="org.eclipse.m2m.atl.core.ant.nl_nl" unpack="false" version="3.5.0.v20090620043401" download-size="1369" install-size="1369" />
	<plugin fragment="true" id="org.eclipse.m2m.atl.core.emf.nl_nl" unpack="false" version="3.5.0.v20090620043401" download-size="1370" install-size="1370" />
	<plugin fragment="true" id="org.eclipse.m2m.atl.core.nl_nl" unpack="false" version="3.5.0.v20090620043401" download-size="1367" install-size="1367" />
	<plugin fragment="true" id="org.eclipse.m2m.atl.core.ui.nl_nl" unpack="false" version="3.5.0.v20090620043401" download-size="2444" install-size="2444" />
	<plugin fragment="true" id="org.eclipse.m2m.atl.core.ui.vm.nl_nl" unpack="false" version="3.5.0.v20090620043401" download-size="1371" install-size="1371" />
	<plugin fragment="true" id="org.eclipse.m2m.atl.doc.nl_nl" unpack="false" version="3.5.0.v20090620043401" download-size="1366" install-size="1366" />
	<plugin fragment="true" id="org.eclipse.m2m.atl.drivers.emf4atl.nl_nl" unpack="false" version="3.5.0.v20090620043401" download-size="1375" install-size="1375" />
	<plugin fragment="true" id="org.eclipse.m2m.atl.drivers.uml24atl.nl_nl" unpack="false" version="3.5.0.v20090620043401" download-size="1375" install-size="1375" />
	<plugin fragment="true" id="org.eclipse.m2m.atl.dsls.nl_nl" unpack="false" version="3.5.0.v20090620043401" download-size="1367" install-size="1367" />
	<plugin fragment="true" id="org.eclipse.m2m.atl.engine.emfvm.nl_nl" unpack="false" version="3.5.0.v20090620043401" download-size="1372" install-size="1372" />
	<plugin fragment="true" id="org.eclipse.m2m.atl.engine.nl_nl" unpack="false" version="3.5.0.v20090620043401" download-size="2202" install-size="2202" />
	<plugin fragment="true" id="org.eclipse.m2m.atl.engine.vm.nl_nl" unpack="false" version="3.5.0.v20090620043401" download-size="1370" install-size="1370" />
	<plugin fragment="true" id="org.eclipse.m2m.atl.examples.nl_nl" unpack="false" version="3.5.0.v20090620043401" download-size="1370" install-size="1370" />
	<plugin fragment="true" id="org.eclipse.m2m.atl.nl_nl" unpack="false" version="3.5.0.v20090620043401" download-size="1364" install-size="1364" />
	<plugin fragment="true" id="org.eclipse.m2m.atl.tests.nl_nl" unpack="false" version="3.5.0.v20090620043401" download-size="1367" install-size="1367" />
	<plugin fragment="true" id="org.eclipse.m2m.qvt.oml.common.nl_nl" unpack="false" version="3.5.0.v20090620043401" download-size="1371" install-size="1371" />
	<plugin fragment="true" id="org.eclipse.m2m.qvt.oml.common.ui.nl_nl" unpack="false" version="3.5.0.v20090620043401" download-size="3833" install-size="3833" />
	<plugin fragment="true" id="org.eclipse.m2m.qvt.oml.cst.parser.nl_nl" unpack="false" version="3.5.0.v20090620043401" download-size="1373" install-size="1373" />
	<plugin fragment="true" id="org.eclipse.m2m.qvt.oml.doc.nl_nl" unpack="false" version="3.5.0.v20090620043401" download-size="1369" install-size="1369" />
	<plugin fragment="true" id="org.eclipse.m2m.qvt.oml.ecore.imperativeocl.nl_nl" unpack="false" version="3.5.0.v20090620043401" download-size="1379" install-size="1379" />
	<plugin fragment="true" id="org.eclipse.m2m.qvt.oml.editor.ui.nl_nl" unpack="false" version="3.5.0.v20090620043401" download-size="3269" install-size="3269" />
	<plugin fragment="true" id="org.eclipse.m2m.qvt.oml.emf.util.nl_nl" unpack="false" version="3.5.0.v20090620043401" download-size="1373" install-size="1373" />
	<plugin fragment="true" id="org.eclipse.m2m.qvt.oml.emf.util.ui.nl_nl" unpack="false" version="3.5.0.v20090620043401" download-size="1374" install-size="1374" />
	<plugin fragment="true" id="org.eclipse.m2m.qvt.oml.examples.blackbox.nl_nl" unpack="false" version="3.5.0.v20090620043401" download-size="1379" install-size="1379" />
	<plugin fragment="true" id="org.eclipse.m2m.qvt.oml.examples.omg.nl_nl" unpack="false" version="3.5.0.v20090620043401" download-size="1375" install-size="1375" />
	<plugin fragment="true" id="org.eclipse.m2m.qvt.oml.nl_nl" unpack="false" version="3.5.0.v20090620043401" download-size="1366" install-size="1366" />
	<plugin fragment="true" id="org.eclipse.m2m.qvt.oml.ocl.nl_nl" unpack="false" version="3.5.0.v20090620043401" download-size="1369" install-size="1369" />
	<plugin fragment="true" id="org.eclipse.m2m.qvt.oml.project.nl_nl" unpack="false" version="3.5.0.v20090620043401" download-size="1372" install-size="1372" />
	<plugin fragment="true" id="org.eclipse.m2m.qvt.oml.runtime.nl_nl" unpack="false" version="3.5.0.v20090620043401" download-size="2729" install-size="2729" />
	<plugin fragment="true" id="org.eclipse.m2m.qvt.oml.runtime.ui.nl_nl" unpack="false" version="3.5.0.v20090620043401" download-size="4061" install-size="4061" />
	<plugin fragment="true" id="org.eclipse.m2m.qvt.oml.samples.nl_nl" unpack="false" version="3.5.0.v20090620043401" download-size="4102" install-size="4102" />
	<plugin fragment="true" id="org.eclipse.m2m.qvt.oml.trace.edit.nl_nl" unpack="false" version="3.5.0.v20090620043401" download-size="2209" install-size="2209" />
	<plugin fragment="true" id="org.eclipse.m2m.qvt.oml.ui.nl_nl" unpack="false" version="3.5.0.v20090620043401" download-size="3569" install-size="3569" />
	<plugin fragment="true" id="org.eclipse.m2m.tests.qvt.oml.nl_nl" unpack="false" version="3.5.0.v20090620043401" download-size="1396" install-size="1396" />
	<plugin fragment="true" id="org.eclipse.m2m.tests.qvt.oml.ui.nl_nl" unpack="false" version="3.5.0.v20090620043401" download-size="1372" install-size="1372" />
</feature>