<?xml version="1.0" encoding="UTF-8" ?>
<feature
	id="org.eclipse.babel.nls_modeling.tmf_ja"
	label="Babel Language Pack for modeling.tmf in Japanese (47.55%)"
	image="eclipse_update_120.jpg"
	provider-name="%providerName"
	version="3.5.0.v20090620043401">
	<copyright>
		%copyright
	</copyright>
	<license url="%licenseURL">
		%license
	</license>
	<description>Babel Language Pack for modeling.tmf in Japanese</description>
	<plugin fragment="true" id="org.eclipse.xtext.activities.nl_ja" unpack="false" version="3.5.0.v20090620043401" download-size="1372" install-size="1372" />
	<plugin fragment="true" id="org.eclipse.xtext.bootstrap.nl_ja" unpack="false" version="3.5.0.v20090620043401" download-size="1372" install-size="1372" />
	<plugin fragment="true" id="org.eclipse.xtext.doc.nl_ja" unpack="false" version="3.5.0.v20090620043401" download-size="1367" install-size="1367" />
	<plugin fragment="true" id="org.eclipse.xtext.example.domainmodel.nl_ja" unpack="false" version="3.5.0.v20090620043401" download-size="1381" install-size="1381" />
	<plugin fragment="true" id="org.eclipse.xtext.example.ecoredsl.nl_ja" unpack="false" version="3.5.0.v20090620043401" download-size="1380" install-size="1380" />
	<plugin fragment="true" id="org.eclipse.xtext.example.fowlerdsl.nl_ja" unpack="false" version="3.5.0.v20090620043401" download-size="1381" install-size="1381" />
	<plugin fragment="true" id="org.eclipse.xtext.generator.nl_ja" unpack="false" version="3.5.0.v20090620043401" download-size="1635" install-size="1635" />
	<plugin fragment="true" id="org.eclipse.xtext.generator.tests.nl_ja" unpack="false" version="3.5.0.v20090620043401" download-size="1643" install-size="1643" />
	<plugin fragment="true" id="org.eclipse.xtext.logging.nl_ja" unpack="false" version="3.5.0.v20090620043401" download-size="1371" install-size="1371" />
	<plugin fragment="true" id="org.eclipse.xtext.nl_ja" unpack="false" version="3.5.0.v20090620043401" download-size="1629" install-size="1629" />
	<plugin fragment="true" id="org.eclipse.xtext.reference.nl_ja" unpack="false" version="3.5.0.v20090620043401" download-size="1375" install-size="1375" />
	<plugin fragment="true" id="org.eclipse.xtext.ui.common.nl_ja" unpack="false" version="3.5.0.v20090620043401" download-size="1372" install-size="1372" />
	<plugin fragment="true" id="org.eclipse.xtext.ui.common.tests.nl_ja" unpack="false" version="3.5.0.v20090620043401" download-size="1379" install-size="1379" />
	<plugin fragment="true" id="org.eclipse.xtext.ui.core.nl_ja" unpack="false" version="3.5.0.v20090620043401" download-size="3156" install-size="3156" />
	<plugin fragment="true" id="org.eclipse.xtext.ui.integration.tests.nl_ja" unpack="false" version="3.5.0.v20090620043401" download-size="1382" install-size="1382" />
	<plugin fragment="true" id="org.eclipse.xtext.util.nl_ja" unpack="false" version="3.5.0.v20090620043401" download-size="1368" install-size="1368" />
	<plugin fragment="true" id="org.eclipse.xtext.xtend.tests.nl_ja" unpack="false" version="3.5.0.v20090620043401" download-size="1376" install-size="1376" />
	<plugin fragment="true" id="org.eclipse.xtext.xtext.ui.nl_ja" unpack="false" version="3.5.0.v20090620043401" download-size="2087" install-size="2087" />
</feature>