<?xml version="1.0" encoding="UTF-8" ?>
<feature
	id="org.eclipse.babel.nls_webtools.dali_de"
	label="Babel Language Pack for webtools.dali in German (24.46%)"
	image="eclipse_update_120.jpg"
	provider-name="%providerName"
	version="3.5.0.v20090620043401">
	<copyright>
		%copyright
	</copyright>
	<license url="%licenseURL">
		%license
	</license>
	<description>Babel Language Pack for webtools.dali in German</description>
	<plugin fragment="true" id="org.eclipse.jpt.branding.nl_de" unpack="false" version="3.5.0.v20090620043401" download-size="1368" install-size="1368" />
	<plugin fragment="true" id="org.eclipse.jpt.core.nl_de" unpack="false" version="3.5.0.v20090620043401" download-size="1635" install-size="1635" />
	<plugin fragment="true" id="org.eclipse.jpt.db.nl_de" unpack="false" version="3.5.0.v20090620043401" download-size="1364" install-size="1364" />
	<plugin fragment="true" id="org.eclipse.jpt.db.ui.nl_de" unpack="false" version="3.5.0.v20090620043401" download-size="1366" install-size="1366" />
	<plugin fragment="true" id="org.eclipse.jpt.doc.isv.nl_de" unpack="false" version="3.5.0.v20090620043401" download-size="1371" install-size="1371" />
	<plugin fragment="true" id="org.eclipse.jpt.doc.user.nl_de" unpack="false" version="3.5.0.v20090620043401" download-size="1368" install-size="1368" />
	<plugin fragment="true" id="org.eclipse.jpt.eclipselink.branding.nl_de" unpack="false" version="3.5.0.v20090620043401" download-size="1372" install-size="1372" />
	<plugin fragment="true" id="org.eclipse.jpt.eclipselink.core.ddlgen.nl_de" unpack="false" version="3.5.0.v20090620043401" download-size="1374" install-size="1374" />
	<plugin fragment="true" id="org.eclipse.jpt.eclipselink.core.nl_de" unpack="false" version="3.5.0.v20090620043401" download-size="1370" install-size="1370" />
	<plugin fragment="true" id="org.eclipse.jpt.eclipselink.ui.nl_de" unpack="false" version="3.5.0.v20090620043401" download-size="3088" install-size="3088" />
	<plugin fragment="true" id="org.eclipse.jpt.gen.nl_de" unpack="false" version="3.5.0.v20090620043401" download-size="1364" install-size="1364" />
	<plugin fragment="true" id="org.eclipse.jpt.ui.nl_de" unpack="false" version="3.5.0.v20090620043401" download-size="5217" install-size="5217" />
	<plugin fragment="true" id="org.eclipse.jpt.utility.nl_de" unpack="false" version="3.5.0.v20090620043401" download-size="1367" install-size="1367" />
</feature>