<?xml version="1.0" encoding="UTF-8" ?>
<feature
	id="org.eclipse.babel.nls_webtools.jeetools_ro"
	label="Babel Language Pack for webtools.jeetools in Romanian (2.29%)"
	image="eclipse_update_120.jpg"
	provider-name="%providerName"
	version="3.5.0.v20090620043401">
	<copyright>
		%copyright
	</copyright>
	<license url="%licenseURL">
		%license
	</license>
	<description>Babel Language Pack for webtools.jeetools in Romanian</description>
	<plugin fragment="true" id="org.eclipse.jem.beaninfo.nl_ro" unpack="false" version="3.5.0.v20090620043401" download-size="1369" install-size="1369" />
	<plugin fragment="true" id="org.eclipse.jem.beaninfo.vm.common.nl_ro" unpack="false" version="3.5.0.v20090620043401" download-size="1379" install-size="1379" />
	<plugin fragment="true" id="org.eclipse.jem.beaninfo.vm.nl_ro" unpack="false" version="3.5.0.v20090620043401" download-size="1375" install-size="1375" />
	<plugin fragment="true" id="org.eclipse.jem.nl_ro" unpack="false" version="3.5.0.v20090620043401" download-size="1362" install-size="1362" />
	<plugin fragment="true" id="org.eclipse.jem.proxy.nl_ro" unpack="false" version="3.5.0.v20090620043401" download-size="1367" install-size="1367" />
	<plugin fragment="true" id="org.eclipse.jem.tests.nl_ro" unpack="false" version="3.5.0.v20090620043401" download-size="1366" install-size="1366" />
	<plugin fragment="true" id="org.eclipse.jem.workbench.nl_ro" unpack="false" version="3.5.0.v20090620043401" download-size="2236" install-size="2236" />
	<plugin fragment="true" id="org.eclipse.jst.j2ee.core.nl_ro" unpack="false" version="3.5.0.v20090620043401" download-size="1854" install-size="1854" />
	<plugin fragment="true" id="org.eclipse.jst.j2ee.doc.user.nl_ro" unpack="false" version="3.5.0.v20090620043401" download-size="1373" install-size="1373" />
	<plugin fragment="true" id="org.eclipse.jst.j2ee.infopop.nl_ro" unpack="false" version="3.5.0.v20090620043401" download-size="1372" install-size="1372" />
	<plugin fragment="true" id="org.eclipse.jst.j2ee.jca.nl_ro" unpack="false" version="3.5.0.v20090620043401" download-size="1369" install-size="1369" />
	<plugin fragment="true" id="org.eclipse.jst.j2ee.jca.ui.nl_ro" unpack="false" version="3.5.0.v20090620043401" download-size="1371" install-size="1371" />
	<plugin fragment="true" id="org.eclipse.jst.j2ee.navigator.ui.nl_ro" unpack="false" version="3.5.0.v20090620043401" download-size="1379" install-size="1379" />
	<plugin fragment="true" id="org.eclipse.jst.j2ee.nl_ro" unpack="false" version="3.5.0.v20090620043401" download-size="2273" install-size="2273" />
	<plugin fragment="true" id="org.eclipse.jst.j2ee.ui.nl_ro" unpack="false" version="3.5.0.v20090620043401" download-size="4211" install-size="4211" />
	<plugin fragment="true" id="org.eclipse.jst.j2ee.web.nl_ro" unpack="false" version="3.5.0.v20090620043401" download-size="1574" install-size="1574" />
	<plugin fragment="true" id="org.eclipse.jst.j2ee.webservice.nl_ro" unpack="false" version="3.5.0.v20090620043401" download-size="1465" install-size="1465" />
	<plugin fragment="true" id="org.eclipse.jst.j2ee.webservice.ui.nl_ro" unpack="false" version="3.5.0.v20090620043401" download-size="1617" install-size="1617" />
	<plugin fragment="true" id="org.eclipse.jst.j2ee.xdoclet.runtime.nl_ro" unpack="false" version="3.5.0.v20090620043401" download-size="1380" install-size="1380" />
	<plugin fragment="true" id="org.eclipse.jst.jee.nl_ro" unpack="false" version="3.5.0.v20090620043401" download-size="1369" install-size="1369" />
	<plugin fragment="true" id="org.eclipse.jst.jee.ui.nl_ro" unpack="false" version="3.5.0.v20090620043401" download-size="1350" install-size="1350" />
	<plugin fragment="true" id="org.eclipse.jst.jee.web.nl_ro" unpack="false" version="3.5.0.v20090620043401" download-size="1372" install-size="1372" />
	<plugin fragment="true" id="org.eclipse.jst.servlet.ui.infopop.nl_ro" unpack="false" version="3.5.0.v20090620043401" download-size="1375" install-size="1375" />
	<plugin fragment="true" id="org.eclipse.jst.servlet.ui.nl_ro" unpack="false" version="3.5.0.v20090620043401" download-size="1653" install-size="1653" />
	<plugin fragment="true" id="org.eclipse.wst.web.ui.infopop.nl_ro" unpack="false" version="3.5.0.v20090620043401" download-size="1373" install-size="1373" />
</feature>