<?xml version="1.0" encoding="UTF-8" ?>
<feature
	id="org.eclipse.babel.nls_rt.rap_fr"
	label="Babel Language Pack for rt.rap in French (90.49%)"
	image="eclipse_update_120.jpg"
	provider-name="%providerName"
	version="3.5.0.v20090620043401">
	<copyright>
		%copyright
	</copyright>
	<license url="%licenseURL">
		%license
	</license>
	<description>Babel Language Pack for rt.rap in French</description>
	<plugin fragment="true" id="org.eclipse.rap.design.example.nl_fr" unpack="false" version="3.5.0.v20090620043401" download-size="1372" install-size="1372" />
	<plugin fragment="true" id="org.eclipse.rap.jface.databinding.nl_fr" unpack="false" version="3.5.0.v20090620043401" download-size="1418" install-size="1418" />
	<plugin fragment="true" id="org.eclipse.rap.jface.nl_fr" unpack="false" version="3.5.0.v20090620043401" download-size="10988" install-size="10988" />
	<plugin fragment="true" id="org.eclipse.rap.rwt.nl_fr" unpack="false" version="3.5.0.v20090620043401" download-size="3322" install-size="3322" />
	<plugin fragment="true" id="org.eclipse.rap.rwt.test.nl_fr" unpack="false" version="3.5.0.v20090620043401" download-size="3246" install-size="3246" />
	<plugin fragment="true" id="org.eclipse.rap.ui.forms.nl_fr" unpack="false" version="3.5.0.v20090620043401" download-size="2425" install-size="2425" />
	<plugin fragment="true" id="org.eclipse.rap.ui.help.nl_fr" unpack="false" version="3.5.0.v20090620043401" download-size="1366" install-size="1366" />
	<plugin fragment="true" id="org.eclipse.rap.ui.intro.nl_fr" unpack="false" version="3.5.0.v20090620043401" download-size="2541" install-size="2541" />
	<plugin fragment="true" id="org.eclipse.rap.ui.launch.nl_fr" unpack="false" version="3.5.0.v20090620043401" download-size="2516" install-size="2516" />
	<plugin fragment="true" id="org.eclipse.rap.ui.nl_fr" unpack="false" version="3.5.0.v20090620043401" download-size="5549" install-size="5549" />
	<plugin fragment="true" id="org.eclipse.rap.ui.templates.nl_fr" unpack="false" version="3.5.0.v20090620043401" download-size="2687" install-size="2687" />
	<plugin fragment="true" id="org.eclipse.rap.ui.views.nl_fr" unpack="false" version="3.5.0.v20090620043401" download-size="3193" install-size="3193" />
	<plugin fragment="true" id="org.eclipse.rap.ui.workbench.nl_fr" unpack="false" version="3.5.0.v20090620043401" download-size="27491" install-size="27491" />
</feature>