<?xml version="1.0" encoding="UTF-8" ?>
<feature
	id="org.eclipse.babel.nls_tools.mylyn_ja"
	label="Babel Language Pack for tools.mylyn in Japanese (97.45%)"
	image="eclipse_update_120.jpg"
	provider-name="%providerName"
	version="3.5.0.v20090620043401">
	<copyright>
		%copyright
	</copyright>
	<license url="%licenseURL">
		%license
	</license>
	<description>Babel Language Pack for tools.mylyn in Japanese</description>
	<plugin fragment="true" id="org.eclipse.mylyn.bugzilla.core.nl_ja" unpack="false" version="3.5.0.v20090620043401" download-size="5503" install-size="5503" />
	<plugin fragment="true" id="org.eclipse.mylyn.bugzilla.ide.nl_ja" unpack="false" version="3.5.0.v20090620043401" download-size="1392" install-size="1392" />
	<plugin fragment="true" id="org.eclipse.mylyn.bugzilla.ui.nl_ja" unpack="false" version="3.5.0.v20090620043401" download-size="7523" install-size="7523" />
	<plugin fragment="true" id="org.eclipse.mylyn.commons.core.nl_ja" unpack="false" version="3.5.0.v20090620043401" download-size="2665" install-size="2665" />
	<plugin fragment="true" id="org.eclipse.mylyn.commons.net.nl_ja" unpack="false" version="3.5.0.v20090620043401" download-size="2626" install-size="2626" />
	<plugin fragment="true" id="org.eclipse.mylyn.commons.soap.nl_ja" unpack="false" version="3.5.0.v20090620043401" download-size="1355" install-size="1355" />
	<plugin fragment="true" id="org.eclipse.mylyn.commons.ui.nl_ja" unpack="false" version="3.5.0.v20090620043401" download-size="3777" install-size="3777" />
	<plugin fragment="true" id="org.eclipse.mylyn.compatibility.nl_ja" unpack="false" version="3.5.0.v20090620043401" download-size="2559" install-size="2559" />
	<plugin fragment="true" id="org.eclipse.mylyn.context.core.nl_ja" unpack="false" version="3.5.0.v20090620043401" download-size="1355" install-size="1355" />
	<plugin fragment="true" id="org.eclipse.mylyn.context.ui.nl_ja" unpack="false" version="3.5.0.v20090620043401" download-size="9429" install-size="9429" />
	<plugin fragment="true" id="org.eclipse.mylyn.discovery.core.nl_ja" unpack="false" version="3.5.0.v20090620043401" download-size="3691" install-size="3691" />
	<plugin fragment="true" id="org.eclipse.mylyn.discovery.ui.nl_ja" unpack="false" version="3.5.0.v20090620043401" download-size="3829" install-size="3829" />
	<plugin fragment="true" id="org.eclipse.mylyn.help.ui.nl_ja" unpack="false" version="3.5.0.v20090620043401" download-size="3537" install-size="3537" />
	<plugin fragment="true" id="org.eclipse.mylyn.ide.ant.nl_ja" unpack="false" version="3.5.0.v20090620043401" download-size="2490" install-size="2490" />
	<plugin fragment="true" id="org.eclipse.mylyn.ide.capabilities.nl_ja" unpack="false" version="3.5.0.v20090620043401" download-size="1514" install-size="1514" />
	<plugin fragment="true" id="org.eclipse.mylyn.ide.ui.nl_ja" unpack="false" version="3.5.0.v20090620043401" download-size="1586" install-size="1586" />
	<plugin fragment="true" id="org.eclipse.mylyn.java.tasks.nl_ja" unpack="false" version="3.5.0.v20090620043401" download-size="2744" install-size="2744" />
	<plugin fragment="true" id="org.eclipse.mylyn.java.ui.nl_ja" unpack="false" version="3.5.0.v20090620043401" download-size="5358" install-size="5358" />
	<plugin fragment="true" id="org.eclipse.mylyn.jira.core.nl_ja" unpack="false" version="3.5.0.v20090620043401" download-size="5289" install-size="5289" />
	<plugin fragment="true" id="org.eclipse.mylyn.jira.ui.nl_ja" unpack="false" version="3.5.0.v20090620043401" download-size="6623" install-size="6623" />
	<plugin fragment="true" id="org.eclipse.mylyn.monitor.core.nl_ja" unpack="false" version="3.5.0.v20090620043401" download-size="3034" install-size="3034" />
	<plugin fragment="true" id="org.eclipse.mylyn.monitor.ui.nl_ja" unpack="false" version="3.5.0.v20090620043401" download-size="2426" install-size="2426" />
	<plugin fragment="true" id="org.eclipse.mylyn.nl_ja" unpack="false" version="3.5.0.v20090620043401" download-size="1347" install-size="1347" />
	<plugin fragment="true" id="org.eclipse.mylyn.pde.ui.nl_ja" unpack="false" version="3.5.0.v20090620043401" download-size="3364" install-size="3364" />
	<plugin fragment="true" id="org.eclipse.mylyn.resources.ui.nl_ja" unpack="false" version="3.5.0.v20090620043401" download-size="3725" install-size="3725" />
	<plugin fragment="true" id="org.eclipse.mylyn.tasks.bugs.nl_ja" unpack="false" version="3.5.0.v20090620043401" download-size="4592" install-size="4592" />
	<plugin fragment="true" id="org.eclipse.mylyn.tasks.core.nl_ja" unpack="false" version="3.5.0.v20090620043401" download-size="4495" install-size="4495" />
	<plugin fragment="true" id="org.eclipse.mylyn.tasks.ui.nl_ja" unpack="false" version="3.5.0.v20090620043401" download-size="30495" install-size="30495" />
	<plugin fragment="true" id="org.eclipse.mylyn.team.cvs.nl_ja" unpack="false" version="3.5.0.v20090620043401" download-size="2442" install-size="2442" />
	<plugin fragment="true" id="org.eclipse.mylyn.team.ui.nl_ja" unpack="false" version="3.5.0.v20090620043401" download-size="6325" install-size="6325" />
	<plugin fragment="true" id="org.eclipse.mylyn.trac.core.nl_ja" unpack="false" version="3.5.0.v20090620043401" download-size="4557" install-size="4557" />
	<plugin fragment="true" id="org.eclipse.mylyn.trac.ui.nl_ja" unpack="false" version="3.5.0.v20090620043401" download-size="4657" install-size="4657" />
	<plugin fragment="true" id="org.eclipse.mylyn.wikitext.confluence.core.nl_ja" unpack="false" version="3.5.0.v20090620043401" download-size="1424" install-size="1424" />
	<plugin fragment="true" id="org.eclipse.mylyn.wikitext.confluence.ui.nl_ja" unpack="false" version="3.5.0.v20090620043401" download-size="1866" install-size="1866" />
	<plugin fragment="true" id="org.eclipse.mylyn.wikitext.core.nl_ja" unpack="false" version="3.5.0.v20090620043401" download-size="8072" install-size="8072" />
	<plugin fragment="true" id="org.eclipse.mylyn.wikitext.help.sdk.nl_ja" unpack="false" version="3.5.0.v20090620043401" download-size="1409" install-size="1409" />
	<plugin fragment="true" id="org.eclipse.mylyn.wikitext.help.ui.nl_ja" unpack="false" version="3.5.0.v20090620043401" download-size="1412" install-size="1412" />
	<plugin fragment="true" id="org.eclipse.mylyn.wikitext.mediawiki.core.nl_ja" unpack="false" version="3.5.0.v20090620043401" download-size="3041" install-size="3041" />
	<plugin fragment="true" id="org.eclipse.mylyn.wikitext.mediawiki.ui.nl_ja" unpack="false" version="3.5.0.v20090620043401" download-size="1613" install-size="1613" />
	<plugin fragment="true" id="org.eclipse.mylyn.wikitext.tasks.ui.nl_ja" unpack="false" version="3.5.0.v20090620043401" download-size="4214" install-size="4214" />
	<plugin fragment="true" id="org.eclipse.mylyn.wikitext.tests.nl_ja" unpack="false" version="3.5.0.v20090620043401" download-size="1357" install-size="1357" />
	<plugin fragment="true" id="org.eclipse.mylyn.wikitext.textile.core.nl_ja" unpack="false" version="3.5.0.v20090620043401" download-size="2984" install-size="2984" />
	<plugin fragment="true" id="org.eclipse.mylyn.wikitext.textile.ui.nl_ja" unpack="false" version="3.5.0.v20090620043401" download-size="1883" install-size="1883" />
	<plugin fragment="true" id="org.eclipse.mylyn.wikitext.tracwiki.core.nl_ja" unpack="false" version="3.5.0.v20090620043401" download-size="1439" install-size="1439" />
	<plugin fragment="true" id="org.eclipse.mylyn.wikitext.tracwiki.ui.nl_ja" unpack="false" version="3.5.0.v20090620043401" download-size="1749" install-size="1749" />
	<plugin fragment="true" id="org.eclipse.mylyn.wikitext.twiki.core.nl_ja" unpack="false" version="3.5.0.v20090620043401" download-size="2934" install-size="2934" />
	<plugin fragment="true" id="org.eclipse.mylyn.wikitext.twiki.ui.nl_ja" unpack="false" version="3.5.0.v20090620043401" download-size="1656" install-size="1656" />
	<plugin fragment="true" id="org.eclipse.mylyn.wikitext.ui.nl_ja" unpack="false" version="3.5.0.v20090620043401" download-size="14702" install-size="14702" />
	<plugin fragment="true" id="org.eclipse.mylyn.xplanner.core.nl_ja" unpack="false" version="3.5.0.v20090620043401" download-size="2790" install-size="2790" />
	<plugin fragment="true" id="org.eclipse.mylyn.xplanner.tests.nl_ja" unpack="false" version="3.5.0.v20090620043401" download-size="1379" install-size="1379" />
	<plugin fragment="true" id="org.eclipse.mylyn.xplanner.ui.nl_ja" unpack="false" version="3.5.0.v20090620043401" download-size="6463" install-size="6463" />
</feature>