<?xml version="1.0" encoding="UTF-8" ?>
<feature
	id="org.eclipse.babel.nls_tools.gef_sv"
	label="Babel Language Pack for tools.gef in Swedish (60.61%)"
	image="eclipse_update_120.jpg"
	provider-name="%providerName"
	version="3.5.0.v20090620043401">
	<copyright>
		%copyright
	</copyright>
	<license url="%licenseURL">
		%license
	</license>
	<description>Babel Language Pack for tools.gef in Swedish</description>
	<plugin fragment="true" id="org.eclipse.draw2d.doc.isv.nl_sv" unpack="false" version="3.5.0.v20090620043401" download-size="1397" install-size="1397" />
	<plugin fragment="true" id="org.eclipse.draw2d.nl_sv" unpack="false" version="3.5.0.v20090620043401" download-size="1682" install-size="1682" />
	<plugin fragment="true" id="org.eclipse.draw2d.test.nl_sv" unpack="false" version="3.5.0.v20090620043401" download-size="1373" install-size="1373" />
	<plugin fragment="true" id="org.eclipse.gef.doc.isv.nl_sv" unpack="false" version="3.5.0.v20090620043401" download-size="1510" install-size="1510" />
	<plugin fragment="true" id="org.eclipse.gef.examples.flow.nl_sv" unpack="false" version="3.5.0.v20090620043401" download-size="1377" install-size="1377" />
	<plugin fragment="true" id="org.eclipse.gef.examples.logic.nl_sv" unpack="false" version="3.5.0.v20090620043401" download-size="2717" install-size="2717" />
	<plugin fragment="true" id="org.eclipse.gef.examples.shapes.nl_sv" unpack="false" version="3.5.0.v20090620043401" download-size="1377" install-size="1377" />
	<plugin fragment="true" id="org.eclipse.gef.examples.text.nl_sv" unpack="false" version="3.5.0.v20090620043401" download-size="1377" install-size="1377" />
	<plugin fragment="true" id="org.eclipse.gef.examples.ui.pde.nl_sv" unpack="false" version="3.5.0.v20090620043401" download-size="1377" install-size="1377" />
	<plugin fragment="true" id="org.eclipse.gef.nl_sv" unpack="false" version="3.5.0.v20090620043401" download-size="4759" install-size="4759" />
	<plugin fragment="true" id="org.eclipse.gef.test.nl_sv" unpack="false" version="3.5.0.v20090620043401" download-size="1370" install-size="1370" />
	<plugin fragment="true" id="org.eclipse.zest.core.nl_sv" unpack="false" version="3.5.0.v20090620043401" download-size="2205" install-size="2205" />
	<plugin fragment="true" id="org.eclipse.zest.layouts.nl_sv" unpack="false" version="3.5.0.v20090620043401" download-size="1374" install-size="1374" />
</feature>