<?xml version="1.0" encoding="UTF-8" ?>
<feature
	id="org.eclipse.babel.nls_eclipse_sv"
	label="Babel Language Pack for eclipse in Swedish (75.21%)"
	image="eclipse_update_120.jpg"
	provider-name="%providerName"
	version="3.5.0.v20090620043401">
	<copyright>
		%copyright
	</copyright>
	<license url="%licenseURL">
		%license
	</license>
	<description>Babel Language Pack for eclipse in Swedish</description>
	<plugin fragment="true" id="org.eclipse.ant.core.nl_sv" unpack="false" version="3.5.0.v20090620043401" download-size="4528" install-size="4528" />
	<plugin fragment="true" id="org.eclipse.ant.tests.core.nl_sv" unpack="false" version="3.5.0.v20090620043401" download-size="1369" install-size="1369" />
	<plugin fragment="true" id="org.eclipse.ant.tests.ui.nl_sv" unpack="false" version="3.5.0.v20090620043401" download-size="1368" install-size="1368" />
	<plugin fragment="true" id="org.eclipse.ant.ui.nl_sv" unpack="false" version="3.5.0.v20090620043401" download-size="24211" install-size="24211" />
	<plugin fragment="true" id="org.eclipse.compare.core.nl_sv" unpack="false" version="3.5.0.v20090620043401" download-size="2343" install-size="2343" />
	<plugin fragment="true" id="org.eclipse.compare.examples.nl_sv" unpack="false" version="3.5.0.v20090620043401" download-size="1371" install-size="1371" />
	<plugin fragment="true" id="org.eclipse.compare.examples.xml.nl_sv" unpack="false" version="3.5.0.v20090620043401" download-size="2543" install-size="2543" />
	<plugin fragment="true" id="org.eclipse.compare.nl_sv" unpack="false" version="3.5.0.v20090620043401" download-size="12112" install-size="12112" />
	<plugin fragment="true" id="org.eclipse.compare.tests.nl_sv" unpack="false" version="3.5.0.v20090620043401" download-size="1602" install-size="1602" />
	<plugin fragment="true" id="org.eclipse.compare.win32.nl_sv" unpack="false" version="3.5.0.v20090620043401" download-size="2552" install-size="2552" />
	<plugin fragment="true" id="org.eclipse.core.boot.nl_sv" unpack="false" version="3.5.0.v20090620043401" download-size="1392" install-size="1392" />
	<plugin fragment="true" id="org.eclipse.core.commands.nl_sv" unpack="false" version="3.5.0.v20090620043401" download-size="1385" install-size="1385" />
	<plugin fragment="true" id="org.eclipse.core.contenttype.nl_sv" unpack="false" version="3.5.0.v20090620043401" download-size="2602" install-size="2602" />
	<plugin fragment="true" id="org.eclipse.core.databinding.beans.nl_sv" unpack="false" version="3.5.0.v20090620043401" download-size="1375" install-size="1375" />
	<plugin fragment="true" id="org.eclipse.core.databinding.nl_sv" unpack="false" version="3.5.0.v20090620043401" download-size="2630" install-size="2630" />
	<plugin fragment="true" id="org.eclipse.core.databinding.observable.nl_sv" unpack="false" version="3.5.0.v20090620043401" download-size="1378" install-size="1378" />
	<plugin fragment="true" id="org.eclipse.core.databinding.property.nl_sv" unpack="false" version="3.5.0.v20090620043401" download-size="1377" install-size="1377" />
	<plugin fragment="true" id="org.eclipse.core.expressions.nl_sv" unpack="false" version="3.5.0.v20090620043401" download-size="2941" install-size="2941" />
	<plugin fragment="true" id="org.eclipse.core.expressions.tests.nl_sv" unpack="false" version="3.5.0.v20090620043401" download-size="1373" install-size="1373" />
	<plugin fragment="true" id="org.eclipse.core.filebuffers.nl_sv" unpack="false" version="3.5.0.v20090620043401" download-size="4058" install-size="4058" />
	<plugin fragment="true" id="org.eclipse.core.filebuffers.tests.nl_sv" unpack="false" version="3.5.0.v20090620043401" download-size="1380" install-size="1380" />
	<plugin fragment="true" id="org.eclipse.core.filesystem.nl_sv" unpack="false" version="3.5.0.v20090620043401" download-size="2908" install-size="2908" />
	<plugin fragment="true" id="org.eclipse.core.jobs.nl_sv" unpack="false" version="3.5.0.v20090620043401" download-size="2370" install-size="2370" />
	<plugin fragment="true" id="org.eclipse.core.net.linux.x86.nl_sv" unpack="false" version="3.5.0.v20090620043401" download-size="1376" install-size="1376" />
	<plugin fragment="true" id="org.eclipse.core.net.nl_sv" unpack="false" version="3.5.0.v20090620043401" download-size="1370" install-size="1370" />
	<plugin fragment="true" id="org.eclipse.core.net.win32.x86.nl_sv" unpack="false" version="3.5.0.v20090620043401" download-size="1377" install-size="1377" />
	<plugin fragment="true" id="org.eclipse.core.resources.nl_sv" unpack="false" version="3.5.0.v20090620043401" download-size="7940" install-size="7940" />
	<plugin fragment="true" id="org.eclipse.core.runtime.compatibility.auth.nl_sv" unpack="false" version="3.5.0.v20090620043401" download-size="2490" install-size="2490" />
	<plugin fragment="true" id="org.eclipse.core.runtime.compatibility.nl_sv" unpack="false" version="3.5.0.v20090620043401" download-size="2452" install-size="2452" />
	<plugin fragment="true" id="org.eclipse.core.runtime.nl_sv" unpack="false" version="3.5.0.v20090620043401" download-size="3800" install-size="3800" />
	<plugin fragment="true" id="org.eclipse.core.variables.nl_sv" unpack="false" version="3.5.0.v20090620043401" download-size="2541" install-size="2541" />
	<plugin fragment="true" id="org.eclipse.cvs.nl_sv" unpack="false" version="3.5.0.v20090620043401" download-size="1361" install-size="1361" />
	<plugin fragment="true" id="org.eclipse.debug.core.nl_sv" unpack="false" version="3.5.0.v20090620043401" download-size="6287" install-size="6287" />
	<plugin fragment="true" id="org.eclipse.debug.examples.ui.nl_sv" unpack="false" version="3.5.0.v20090620043401" download-size="2380" install-size="2380" />
	<plugin fragment="true" id="org.eclipse.debug.ui.nl_sv" unpack="false" version="3.5.0.v20090620043401" download-size="28627" install-size="28627" />
	<plugin fragment="true" id="org.eclipse.equinox.app.nl_sv" unpack="false" version="3.5.0.v20090620043401" download-size="2344" install-size="2344" />
	<plugin fragment="true" id="org.eclipse.equinox.cm.nl_sv" unpack="false" version="3.5.0.v20090620043401" download-size="1367" install-size="1367" />
	<plugin fragment="true" id="org.eclipse.equinox.common.nl_sv" unpack="false" version="3.5.0.v20090620043401" download-size="3172" install-size="3172" />
	<plugin fragment="true" id="org.eclipse.equinox.concurrent.nl_sv" unpack="false" version="3.5.0.v20090620043401" download-size="1373" install-size="1373" />
	<plugin fragment="true" id="org.eclipse.equinox.device.nl_sv" unpack="false" version="3.5.0.v20090620043401" download-size="3007" install-size="3007" />
	<plugin fragment="true" id="org.eclipse.equinox.ds.nl_sv" unpack="false" version="3.5.0.v20090620043401" download-size="1367" install-size="1367" />
	<plugin fragment="true" id="org.eclipse.equinox.event.nl_sv" unpack="false" version="3.5.0.v20090620043401" download-size="2351" install-size="2351" />
	<plugin fragment="true" id="org.eclipse.equinox.http.jetty5.nl_sv" unpack="false" version="3.5.0.v20090620043401" download-size="1373" install-size="1373" />
	<plugin fragment="true" id="org.eclipse.equinox.http.jetty6.nl_sv" unpack="false" version="3.5.0.v20090620043401" download-size="1373" install-size="1373" />
	<plugin fragment="true" id="org.eclipse.equinox.http.nl_sv" unpack="false" version="3.5.0.v20090620043401" download-size="3707" install-size="3707" />
	<plugin fragment="true" id="org.eclipse.equinox.http.registry.nl_sv" unpack="false" version="3.5.0.v20090620043401" download-size="1374" install-size="1374" />
	<plugin fragment="true" id="org.eclipse.equinox.http.servlet.nl_sv" unpack="false" version="3.5.0.v20090620043401" download-size="1375" install-size="1375" />
	<plugin fragment="true" id="org.eclipse.equinox.http.servletbridge.nl_sv" unpack="false" version="3.5.0.v20090620043401" download-size="1379" install-size="1379" />
	<plugin fragment="true" id="org.eclipse.equinox.io.nl_sv" unpack="false" version="3.5.0.v20090620043401" download-size="1367" install-size="1367" />
	<plugin fragment="true" id="org.eclipse.equinox.ip.nl_sv" unpack="false" version="3.5.0.v20090620043401" download-size="1367" install-size="1367" />
	<plugin fragment="true" id="org.eclipse.equinox.jsp.jasper.nl_sv" unpack="false" version="3.5.0.v20090620043401" download-size="1373" install-size="1373" />
	<plugin fragment="true" id="org.eclipse.equinox.jsp.jasper.registry.nl_sv" unpack="false" version="3.5.0.v20090620043401" download-size="1378" install-size="1378" />
	<plugin fragment="true" id="org.eclipse.equinox.launcher.carbon.macosx.nl_sv" unpack="false" version="3.5.0.v20090620043401" download-size="1412" install-size="1412" />
	<plugin fragment="true" id="org.eclipse.equinox.launcher.cocoa.macosx.nl_sv" unpack="false" version="3.5.0.v20090620043401" download-size="1409" install-size="1409" />
	<plugin fragment="true" id="org.eclipse.equinox.launcher.gtk.linux.ppc.nl_sv" unpack="false" version="3.5.0.v20090620043401" download-size="1412" install-size="1412" />
	<plugin fragment="true" id="org.eclipse.equinox.launcher.gtk.linux.s390.nl_sv" unpack="false" version="3.5.0.v20090620043401" download-size="1415" install-size="1415" />
	<plugin fragment="true" id="org.eclipse.equinox.launcher.gtk.linux.s390x.nl_sv" unpack="false" version="3.5.0.v20090620043401" download-size="1417" install-size="1417" />
	<plugin fragment="true" id="org.eclipse.equinox.launcher.gtk.linux.x86.nl_sv" unpack="false" version="3.5.0.v20090620043401" download-size="1412" install-size="1412" />
	<plugin fragment="true" id="org.eclipse.equinox.launcher.gtk.solaris.sparc.nl_sv" unpack="false" version="3.5.0.v20090620043401" download-size="1426" install-size="1426" />
	<plugin fragment="true" id="org.eclipse.equinox.launcher.gtk.solaris.x86.nl_sv" unpack="false" version="3.5.0.v20090620043401" download-size="1418" install-size="1418" />
	<plugin fragment="true" id="org.eclipse.equinox.launcher.motif.aix.ppc.nl_sv" unpack="false" version="3.5.0.v20090620043401" download-size="1411" install-size="1411" />
	<plugin fragment="true" id="org.eclipse.equinox.launcher.motif.linux.x86.nl_sv" unpack="false" version="3.5.0.v20090620043401" download-size="1417" install-size="1417" />
	<plugin fragment="true" id="org.eclipse.equinox.launcher.motif.solaris.sparc.nl_sv" unpack="false" version="3.5.0.v20090620043401" download-size="1432" install-size="1432" />
	<plugin fragment="true" id="org.eclipse.equinox.launcher.nl_sv" unpack="false" version="3.5.0.v20090620043401" download-size="1375" install-size="1375" />
	<plugin fragment="true" id="org.eclipse.equinox.launcher.win32.win32.ia64.nl_sv" unpack="false" version="3.5.0.v20090620043401" download-size="1418" install-size="1418" />
	<plugin fragment="true" id="org.eclipse.equinox.launcher.win32.win32.x86.nl_sv" unpack="false" version="3.5.0.v20090620043401" download-size="1415" install-size="1415" />
	<plugin fragment="true" id="org.eclipse.equinox.launcher.wpf.win32.x86.nl_sv" unpack="false" version="3.5.0.v20090620043401" download-size="1413" install-size="1413" />
	<plugin fragment="true" id="org.eclipse.equinox.log.nl_sv" unpack="false" version="3.5.0.v20090620043401" download-size="1368" install-size="1368" />
	<plugin fragment="true" id="org.eclipse.equinox.metatype.nl_sv" unpack="false" version="3.5.0.v20090620043401" download-size="2752" install-size="2752" />
	<plugin fragment="true" id="org.eclipse.equinox.preferences.nl_sv" unpack="false" version="3.5.0.v20090620043401" download-size="3076" install-size="3076" />
	<plugin fragment="true" id="org.eclipse.equinox.registry.nl_sv" unpack="false" version="3.5.0.v20090620043401" download-size="3407" install-size="3407" />
	<plugin fragment="true" id="org.eclipse.equinox.security.nl_sv" unpack="false" version="3.5.0.v20090620043401" download-size="2634" install-size="2634" />
	<plugin fragment="true" id="org.eclipse.equinox.security.ui.nl_sv" unpack="false" version="3.5.0.v20090620043401" download-size="3563" install-size="3563" />
	<plugin fragment="true" id="org.eclipse.equinox.servletbridge.nl_sv" unpack="false" version="3.5.0.v20090620043401" download-size="1375" install-size="1375" />
	<plugin fragment="true" id="org.eclipse.equinox.transforms.xslt.nl_sv" unpack="false" version="3.5.0.v20090620043401" download-size="1375" install-size="1375" />
	<plugin fragment="true" id="org.eclipse.equinox.useradmin.nl_sv" unpack="false" version="3.5.0.v20090620043401" download-size="3144" install-size="3144" />
	<plugin fragment="true" id="org.eclipse.equinox.util.nl_sv" unpack="false" version="3.5.0.v20090620043401" download-size="1368" install-size="1368" />
	<plugin fragment="true" id="org.eclipse.equinox.wireadmin.nl_sv" unpack="false" version="3.5.0.v20090620043401" download-size="1372" install-size="1372" />
	<plugin fragment="true" id="org.eclipse.help.appserver.nl_sv" unpack="false" version="3.5.0.v20090620043401" download-size="2583" install-size="2583" />
	<plugin fragment="true" id="org.eclipse.help.base.nl_sv" unpack="false" version="3.5.0.v20090620043401" download-size="3691" install-size="3691" />
	<plugin fragment="true" id="org.eclipse.help.nl_sv" unpack="false" version="3.5.0.v20090620043401" download-size="1514" install-size="1514" />
	<plugin fragment="true" id="org.eclipse.help.ui.nl_sv" unpack="false" version="3.5.0.v20090620043401" download-size="4979" install-size="4979" />
	<plugin fragment="true" id="org.eclipse.help.webapp.nl_sv" unpack="false" version="3.5.0.v20090620043401" download-size="4280" install-size="4280" />
	<plugin fragment="true" id="org.eclipse.jdt.apt.core.nl_sv" unpack="false" version="3.5.0.v20090620043401" download-size="3771" install-size="3771" />
	<plugin fragment="true" id="org.eclipse.jdt.apt.pluggable.core.nl_sv" unpack="false" version="3.5.0.v20090620043401" download-size="1374" install-size="1374" />
	<plugin fragment="true" id="org.eclipse.jdt.apt.pluggable.tests.nl_sv" unpack="false" version="3.5.0.v20090620043401" download-size="1375" install-size="1375" />
	<plugin fragment="true" id="org.eclipse.jdt.apt.tests.nl_sv" unpack="false" version="3.5.0.v20090620043401" download-size="1369" install-size="1369" />
	<plugin fragment="true" id="org.eclipse.jdt.apt.ui.nl_sv" unpack="false" version="3.5.0.v20090620043401" download-size="4491" install-size="4491" />
	<plugin fragment="true" id="org.eclipse.jdt.compiler.apt.tests.nl_sv" unpack="false" version="3.5.0.v20090620043401" download-size="1374" install-size="1374" />
	<plugin fragment="true" id="org.eclipse.jdt.compiler.tool.tests.nl_sv" unpack="false" version="3.5.0.v20090620043401" download-size="1375" install-size="1375" />
	<plugin fragment="true" id="org.eclipse.jdt.core.manipulation.nl_sv" unpack="false" version="3.5.0.v20090620043401" download-size="3263" install-size="3263" />
	<plugin fragment="true" id="org.eclipse.jdt.core.nl_sv" unpack="false" version="3.5.0.v20090620043401" download-size="29100" install-size="29100" />
	<plugin fragment="true" id="org.eclipse.jdt.core.tests.builder.nl_sv" unpack="false" version="3.5.0.v20090620043401" download-size="1374" install-size="1374" />
	<plugin fragment="true" id="org.eclipse.jdt.core.tests.compiler.nl_sv" unpack="false" version="3.5.0.v20090620043401" download-size="1375" install-size="1375" />
	<plugin fragment="true" id="org.eclipse.jdt.core.tests.model.nl_sv" unpack="false" version="3.5.0.v20090620043401" download-size="11979" install-size="11979" />
	<plugin fragment="true" id="org.eclipse.jdt.core.tests.performance.nl_sv" unpack="false" version="3.5.0.v20090620043401" download-size="1377" install-size="1377" />
	<plugin fragment="true" id="org.eclipse.jdt.debug.nl_sv" unpack="false" version="3.5.0.v20090620043401" download-size="21190" install-size="21190" />
	<plugin fragment="true" id="org.eclipse.jdt.debug.tests.nl_sv" unpack="false" version="3.5.0.v20090620043401" download-size="1370" install-size="1370" />
	<plugin fragment="true" id="org.eclipse.jdt.debug.ui.nl_sv" unpack="false" version="3.5.0.v20090620043401" download-size="26583" install-size="26583" />
	<plugin fragment="true" id="org.eclipse.jdt.doc.isv.nl_sv" unpack="false" version="3.5.0.v20090620043401" download-size="1757" install-size="1757" />
	<plugin fragment="true" id="org.eclipse.jdt.doc.user.nl_sv" unpack="false" version="3.5.0.v20090620043401" download-size="1754" install-size="1754" />
	<plugin fragment="true" id="org.eclipse.jdt.junit.nl_sv" unpack="false" version="3.5.0.v20090620043401" download-size="8571" install-size="8571" />
	<plugin fragment="true" id="org.eclipse.jdt.junit.runtime.nl_sv" unpack="false" version="3.5.0.v20090620043401" download-size="2888" install-size="2888" />
	<plugin fragment="true" id="org.eclipse.jdt.junit4.runtime.nl_sv" unpack="false" version="3.5.0.v20090620043401" download-size="1412" install-size="1412" />
	<plugin fragment="true" id="org.eclipse.jdt.launching.macosx.nl_sv" unpack="false" version="3.5.0.v20090620043401" download-size="1375" install-size="1375" />
	<plugin fragment="true" id="org.eclipse.jdt.launching.nl_sv" unpack="false" version="3.5.0.v20090620043401" download-size="6416" install-size="6416" />
	<plugin fragment="true" id="org.eclipse.jdt.launching.ui.macosx.nl_sv" unpack="false" version="3.5.0.v20090620043401" download-size="2573" install-size="2573" />
	<plugin fragment="true" id="org.eclipse.jdt.nl_sv" unpack="false" version="3.5.0.v20090620043401" download-size="1390" install-size="1390" />
	<plugin fragment="true" id="org.eclipse.jdt.text.tests.nl_sv" unpack="false" version="3.5.0.v20090620043401" download-size="1374" install-size="1374" />
	<plugin fragment="true" id="org.eclipse.jdt.ui.examples.projects.nl_sv" unpack="false" version="3.5.0.v20090620043401" download-size="2666" install-size="2666" />
	<plugin fragment="true" id="org.eclipse.jdt.ui.nl_sv" unpack="false" version="3.5.0.v20090620043401" download-size="149936" install-size="149936" />
	<plugin fragment="true" id="org.eclipse.jdt.ui.tests.nl_sv" unpack="false" version="3.5.0.v20090620043401" download-size="1373" install-size="1373" />
	<plugin fragment="true" id="org.eclipse.jdt.ui.tests.refactoring.nl_sv" unpack="false" version="3.5.0.v20090620043401" download-size="1381" install-size="1381" />
	<plugin fragment="true" id="org.eclipse.jface.databinding.nl_sv" unpack="false" version="3.5.0.v20090620043401" download-size="1395" install-size="1395" />
	<plugin fragment="true" id="org.eclipse.jface.examples.databinding.nl_sv" unpack="false" version="3.5.0.v20090620043401" download-size="1378" install-size="1378" />
	<plugin fragment="true" id="org.eclipse.jface.nl_sv" unpack="false" version="3.5.0.v20090620043401" download-size="9567" install-size="9567" />
	<plugin fragment="true" id="org.eclipse.jface.tests.databinding.conformance.nl_sv" unpack="false" version="3.5.0.v20090620043401" download-size="1384" install-size="1384" />
	<plugin fragment="true" id="org.eclipse.jface.tests.databinding.nl_sv" unpack="false" version="3.5.0.v20090620043401" download-size="1376" install-size="1376" />
	<plugin fragment="true" id="org.eclipse.jface.text.nl_sv" unpack="false" version="3.5.0.v20090620043401" download-size="10695" install-size="10695" />
	<plugin fragment="true" id="org.eclipse.jface.text.tests.nl_sv" unpack="false" version="3.5.0.v20090620043401" download-size="1376" install-size="1376" />
	<plugin fragment="true" id="org.eclipse.jsch.core.nl_sv" unpack="false" version="3.5.0.v20090620043401" download-size="2311" install-size="2311" />
	<plugin fragment="true" id="org.eclipse.jsch.ui.nl_sv" unpack="false" version="3.5.0.v20090620043401" download-size="3719" install-size="3719" />
	<plugin fragment="true" id="org.eclipse.ltk.core.refactoring.nl_sv" unpack="false" version="3.5.0.v20090620043401" download-size="4518" install-size="4518" />
	<plugin fragment="true" id="org.eclipse.ltk.core.refactoring.tests.nl_sv" unpack="false" version="3.5.0.v20090620043401" download-size="1377" install-size="1377" />
	<plugin fragment="true" id="org.eclipse.ltk.ui.refactoring.nl_sv" unpack="false" version="3.5.0.v20090620043401" download-size="7965" install-size="7965" />
	<plugin fragment="true" id="org.eclipse.ltk.ui.refactoring.tests.nl_sv" unpack="false" version="3.5.0.v20090620043401" download-size="1376" install-size="1376" />
	<plugin fragment="true" id="org.eclipse.osgi.nl_sv" unpack="false" version="3.5.0.v20090620043401" download-size="7601" install-size="7601" />
	<plugin fragment="true" id="org.eclipse.osgi.services.nl_sv" unpack="false" version="3.5.0.v20090620043401" download-size="1542" install-size="1542" />
	<plugin fragment="true" id="org.eclipse.osgi.util.nl_sv" unpack="false" version="3.5.0.v20090620043401" download-size="1540" install-size="1540" />
	<plugin fragment="true" id="org.eclipse.pde.api.tools.nl_sv" unpack="false" version="3.5.0.v20090620043401" download-size="3162" install-size="3162" />
	<plugin fragment="true" id="org.eclipse.pde.api.tools.ui.nl_sv" unpack="false" version="3.5.0.v20090620043401" download-size="5237" install-size="5237" />
	<plugin fragment="true" id="org.eclipse.pde.build.nl_sv" unpack="false" version="3.5.0.v20090620043401" download-size="5092" install-size="5092" />
	<plugin fragment="true" id="org.eclipse.pde.build.tests.nl_sv" unpack="false" version="3.5.0.v20090620043401" download-size="1391" install-size="1391" />
	<plugin fragment="true" id="org.eclipse.pde.core.nl_sv" unpack="false" version="3.5.0.v20090620043401" download-size="7323" install-size="7323" />
	<plugin fragment="true" id="org.eclipse.pde.doc.user.nl_sv" unpack="false" version="3.5.0.v20090620043401" download-size="1764" install-size="1764" />
	<plugin fragment="true" id="org.eclipse.pde.ds.core.nl_sv" unpack="false" version="3.5.0.v20090620043401" download-size="2355" install-size="2355" />
	<plugin fragment="true" id="org.eclipse.pde.ds.tests.nl_sv" unpack="false" version="3.5.0.v20090620043401" download-size="1368" install-size="1368" />
	<plugin fragment="true" id="org.eclipse.pde.ds.ui.nl_sv" unpack="false" version="3.5.0.v20090620043401" download-size="2883" install-size="2883" />
	<plugin fragment="true" id="org.eclipse.pde.junit.runtime.nl_sv" unpack="false" version="3.5.0.v20090620043401" download-size="1413" install-size="1413" />
	<plugin fragment="true" id="org.eclipse.pde.nl_sv" unpack="false" version="3.5.0.v20090620043401" download-size="1381" install-size="1381" />
	<plugin fragment="true" id="org.eclipse.pde.runtime.nl_sv" unpack="false" version="3.5.0.v20090620043401" download-size="2710" install-size="2710" />
	<plugin fragment="true" id="org.eclipse.pde.tools.versioning.nl_sv" unpack="false" version="3.5.0.v20090620043401" download-size="1381" install-size="1381" />
	<plugin fragment="true" id="org.eclipse.pde.ua.core.nl_sv" unpack="false" version="3.5.0.v20090620043401" download-size="1368" install-size="1368" />
	<plugin fragment="true" id="org.eclipse.pde.ua.ui.nl_sv" unpack="false" version="3.5.0.v20090620043401" download-size="10895" install-size="10895" />
	<plugin fragment="true" id="org.eclipse.pde.ui.nl_sv" unpack="false" version="3.5.0.v20090620043401" download-size="33305" install-size="33305" />
	<plugin fragment="true" id="org.eclipse.pde.ui.templates.nl_sv" unpack="false" version="3.5.0.v20090620043401" download-size="2673" install-size="2673" />
	<plugin fragment="true" id="org.eclipse.platform.doc.isv.nl_sv" unpack="false" version="3.5.0.v20090620043401" download-size="1427" install-size="1427" />
	<plugin fragment="true" id="org.eclipse.platform.doc.user.nl_sv" unpack="false" version="3.5.0.v20090620043401" download-size="1424" install-size="1424" />
	<plugin fragment="true" id="org.eclipse.platform.nl_sv" unpack="false" version="3.5.0.v20090620043401" download-size="2342" install-size="2342" />
	<plugin fragment="true" id="org.eclipse.rcp.nl_sv" unpack="false" version="3.5.0.v20090620043401" download-size="1696" install-size="1696" />
	<plugin fragment="true" id="org.eclipse.releng.tools.nl_sv" unpack="false" version="3.5.0.v20090620043401" download-size="2216" install-size="2216" />
	<plugin fragment="true" id="org.eclipse.sdk.examples.nl_sv" unpack="false" version="3.5.0.v20090620043401" download-size="1368" install-size="1368" />
	<plugin fragment="true" id="org.eclipse.sdk.nl_sv" unpack="false" version="3.5.0.v20090620043401" download-size="2633" install-size="2633" />
	<plugin fragment="true" id="org.eclipse.sdk.tests.nl_sv" unpack="false" version="3.5.0.v20090620043401" download-size="1366" install-size="1366" />
	<plugin fragment="true" id="org.eclipse.search.nl_sv" unpack="false" version="3.5.0.v20090620043401" download-size="7613" install-size="7613" />
	<plugin fragment="true" id="org.eclipse.search.tests.nl_sv" unpack="false" version="3.5.0.v20090620043401" download-size="1368" install-size="1368" />
	<plugin fragment="true" id="org.eclipse.swt.examples.browser.demos.nl_sv" unpack="false" version="3.5.0.v20090620043401" download-size="1377" install-size="1377" />
	<plugin fragment="true" id="org.eclipse.swt.examples.browser.nl_sv" unpack="false" version="3.5.0.v20090620043401" download-size="1414" install-size="1414" />
	<plugin fragment="true" id="org.eclipse.swt.examples.controls.nl_sv" unpack="false" version="3.5.0.v20090620043401" download-size="1373" install-size="1373" />
	<plugin fragment="true" id="org.eclipse.swt.examples.launcher.nl_sv" unpack="false" version="3.5.0.v20090620043401" download-size="1461" install-size="1461" />
	<plugin fragment="true" id="org.eclipse.swt.examples.layouts.nl_sv" unpack="false" version="3.5.0.v20090620043401" download-size="1373" install-size="1373" />
	<plugin fragment="true" id="org.eclipse.swt.examples.nl_sv" unpack="false" version="3.5.0.v20090620043401" download-size="6239" install-size="6239" />
	<plugin fragment="true" id="org.eclipse.swt.examples.ole.win32.nl_sv" unpack="false" version="3.5.0.v20090620043401" download-size="1474" install-size="1474" />
	<plugin fragment="true" id="org.eclipse.swt.examples.paint.nl_sv" unpack="false" version="3.5.0.v20090620043401" download-size="1372" install-size="1372" />
	<plugin fragment="true" id="org.eclipse.swt.nl_sv" unpack="false" version="3.5.0.v20090620043401" download-size="2312" install-size="2312" />
	<plugin fragment="true" id="org.eclipse.swt.tests.nl_sv" unpack="false" version="3.5.0.v20090620043401" download-size="1380" install-size="1380" />
	<plugin fragment="true" id="org.eclipse.swt.tools.nl_sv" unpack="false" version="3.5.0.v20090620043401" download-size="1366" install-size="1366" />
	<plugin fragment="true" id="org.eclipse.team.core.nl_sv" unpack="false" version="3.5.0.v20090620043401" download-size="4367" install-size="4367" />
	<plugin fragment="true" id="org.eclipse.team.cvs.core.nl_sv" unpack="false" version="3.5.0.v20090620043401" download-size="7930" install-size="7930" />
	<plugin fragment="true" id="org.eclipse.team.cvs.ssh.nl_sv" unpack="false" version="3.5.0.v20090620043401" download-size="3129" install-size="3129" />
	<plugin fragment="true" id="org.eclipse.team.cvs.ssh2.nl_sv" unpack="false" version="3.5.0.v20090620043401" download-size="3509" install-size="3509" />
	<plugin fragment="true" id="org.eclipse.team.cvs.ui.nl_sv" unpack="false" version="3.5.0.v20090620043401" download-size="24891" install-size="24891" />
	<plugin fragment="true" id="org.eclipse.team.examples.filesystem.nl_sv" unpack="false" version="3.5.0.v20090620043401" download-size="2341" install-size="2341" />
	<plugin fragment="true" id="org.eclipse.team.tests.cvs.core.nl_sv" unpack="false" version="3.5.0.v20090620043401" download-size="1430" install-size="1430" />
	<plugin fragment="true" id="org.eclipse.team.ui.nl_sv" unpack="false" version="3.5.0.v20090620043401" download-size="12021" install-size="12021" />
	<plugin fragment="true" id="org.eclipse.text.nl_sv" unpack="false" version="3.5.0.v20090620043401" download-size="3783" install-size="3783" />
	<plugin fragment="true" id="org.eclipse.text.tests.nl_sv" unpack="false" version="3.5.0.v20090620043401" download-size="1371" install-size="1371" />
	<plugin fragment="true" id="org.eclipse.ui.browser.nl_sv" unpack="false" version="3.5.0.v20090620043401" download-size="3643" install-size="3643" />
	<plugin fragment="true" id="org.eclipse.ui.cheatsheets.nl_sv" unpack="false" version="3.5.0.v20090620043401" download-size="5586" install-size="5586" />
	<plugin fragment="true" id="org.eclipse.ui.console.nl_sv" unpack="false" version="3.5.0.v20090620043401" download-size="3389" install-size="3389" />
	<plugin fragment="true" id="org.eclipse.ui.editors.nl_sv" unpack="false" version="3.5.0.v20090620043401" download-size="12121" install-size="12121" />
	<plugin fragment="true" id="org.eclipse.ui.editors.tests.nl_sv" unpack="false" version="3.5.0.v20090620043401" download-size="1376" install-size="1376" />
	<plugin fragment="true" id="org.eclipse.ui.examples.contributions.nl_sv" unpack="false" version="3.5.0.v20090620043401" download-size="1562" install-size="1562" />
	<plugin fragment="true" id="org.eclipse.ui.examples.fieldassist.nl_sv" unpack="false" version="3.5.0.v20090620043401" download-size="2289" install-size="2289" />
	<plugin fragment="true" id="org.eclipse.ui.examples.javaeditor.nl_sv" unpack="false" version="3.5.0.v20090620043401" download-size="3112" install-size="3112" />
	<plugin fragment="true" id="org.eclipse.ui.examples.multipageeditor.nl_sv" unpack="false" version="3.5.0.v20090620043401" download-size="2377" install-size="2377" />
	<plugin fragment="true" id="org.eclipse.ui.examples.propertysheet.nl_sv" unpack="false" version="3.5.0.v20090620043401" download-size="2375" install-size="2375" />
	<plugin fragment="true" id="org.eclipse.ui.examples.readmetool.nl_sv" unpack="false" version="3.5.0.v20090620043401" download-size="2325" install-size="2325" />
	<plugin fragment="true" id="org.eclipse.ui.examples.undo.nl_sv" unpack="false" version="3.5.0.v20090620043401" download-size="2220" install-size="2220" />
	<plugin fragment="true" id="org.eclipse.ui.examples.views.properties.tabbed.article.nl_sv" unpack="false" version="3.5.0.v20090620043401" download-size="1445" install-size="1445" />
	<plugin fragment="true" id="org.eclipse.ui.externaltools.nl_sv" unpack="false" version="3.5.0.v20090620043401" download-size="8724" install-size="8724" />
	<plugin fragment="true" id="org.eclipse.ui.forms.nl_sv" unpack="false" version="3.5.0.v20090620043401" download-size="2280" install-size="2280" />
	<plugin fragment="true" id="org.eclipse.ui.ide.application.nl_sv" unpack="false" version="3.5.0.v20090620043401" download-size="1491" install-size="1491" />
	<plugin fragment="true" id="org.eclipse.ui.ide.nl_sv" unpack="false" version="3.5.0.v20090620043401" download-size="28222" install-size="28222" />
	<plugin fragment="true" id="org.eclipse.ui.intro.nl_sv" unpack="false" version="3.5.0.v20090620043401" download-size="3631" install-size="3631" />
	<plugin fragment="true" id="org.eclipse.ui.intro.universal.nl_sv" unpack="false" version="3.5.0.v20090620043401" download-size="5832" install-size="5832" />
	<plugin fragment="true" id="org.eclipse.ui.navigator.nl_sv" unpack="false" version="3.5.0.v20090620043401" download-size="3825" install-size="3825" />
	<plugin fragment="true" id="org.eclipse.ui.navigator.resources.nl_sv" unpack="false" version="3.5.0.v20090620043401" download-size="3468" install-size="3468" />
	<plugin fragment="true" id="org.eclipse.ui.net.nl_sv" unpack="false" version="3.5.0.v20090620043401" download-size="2391" install-size="2391" />
	<plugin fragment="true" id="org.eclipse.ui.nl_sv" unpack="false" version="3.5.0.v20090620043401" download-size="4941" install-size="4941" />
	<plugin fragment="true" id="org.eclipse.ui.presentations.r21.nl_sv" unpack="false" version="3.5.0.v20090620043401" download-size="2529" install-size="2529" />
	<plugin fragment="true" id="org.eclipse.ui.tests.views.properties.tabbed.nl_sv" unpack="false" version="3.5.0.v20090620043401" download-size="1412" install-size="1412" />
	<plugin fragment="true" id="org.eclipse.ui.views.log.nl_sv" unpack="false" version="3.5.0.v20090620043401" download-size="2755" install-size="2755" />
	<plugin fragment="true" id="org.eclipse.ui.views.nl_sv" unpack="false" version="3.5.0.v20090620043401" download-size="3164" install-size="3164" />
	<plugin fragment="true" id="org.eclipse.ui.views.properties.tabbed.nl_sv" unpack="false" version="3.5.0.v20090620043401" download-size="3073" install-size="3073" />
	<plugin fragment="true" id="org.eclipse.ui.workbench.nl_sv" unpack="false" version="3.5.0.v20090620043401" download-size="25424" install-size="25424" />
	<plugin fragment="true" id="org.eclipse.ui.workbench.texteditor.nl_sv" unpack="false" version="3.5.0.v20090620043401" download-size="11389" install-size="11389" />
	<plugin fragment="true" id="org.eclipse.ui.workbench.texteditor.tests.nl_sv" unpack="false" version="3.5.0.v20090620043401" download-size="1384" install-size="1384" />
	<plugin fragment="true" id="org.eclipse.update.configurator.nl_sv" unpack="false" version="3.5.0.v20090620043401" download-size="3441" install-size="3441" />
	<plugin fragment="true" id="org.eclipse.update.core.nl_sv" unpack="false" version="3.5.0.v20090620043401" download-size="8283" install-size="8283" />
	<plugin fragment="true" id="org.eclipse.update.scheduler.nl_sv" unpack="false" version="3.5.0.v20090620043401" download-size="2881" install-size="2881" />
	<plugin fragment="true" id="org.eclipse.update.tests.core.nl_sv" unpack="false" version="3.5.0.v20090620043401" download-size="1616" install-size="1616" />
	<plugin fragment="true" id="org.eclipse.update.ui.nl_sv" unpack="false" version="3.5.0.v20090620043401" download-size="9081" install-size="9081" />
	<plugin fragment="true" id="org.junit4.nl_sv" unpack="false" version="3.5.0.v20090620043401" download-size="1360" install-size="1360" />
	<plugin fragment="true" id="security.a.nl_sv" unpack="false" version="3.5.0.v20090620043401" download-size="1368" install-size="1368" />
</feature>