<?xml version="1.0" encoding="UTF-8" ?>
<feature
	id="org.eclipse.babel.nls_modeling.emft_no"
	label="Babel Language Pack for modeling.emft in Norwegian (26.84%)"
	image="eclipse_update_120.jpg"
	provider-name="%providerName"
	version="3.5.0.v20090620043401">
	<copyright>
		%copyright
	</copyright>
	<license url="%licenseURL">
		%license
	</license>
	<description>Babel Language Pack for modeling.emft in Norwegian</description>
	<plugin fragment="true" id="org.eclipse.emf.compare.diff.edit.nl_no" unpack="false" version="3.5.0.v20090620043401" download-size="1799" install-size="1799" />
	<plugin fragment="true" id="org.eclipse.emf.compare.diff.nl_no" unpack="false" version="3.5.0.v20090620043401" download-size="1371" install-size="1371" />
	<plugin fragment="true" id="org.eclipse.emf.compare.epatch.nl_no" unpack="false" version="3.5.0.v20090620043401" download-size="1373" install-size="1373" />
	<plugin fragment="true" id="org.eclipse.emf.compare.match.nl_no" unpack="false" version="3.5.0.v20090620043401" download-size="1658" install-size="1658" />
	<plugin fragment="true" id="org.eclipse.emf.compare.nl_no" unpack="false" version="3.5.0.v20090620043401" download-size="1368" install-size="1368" />
	<plugin fragment="true" id="org.eclipse.emf.compare.tests.nl_no" unpack="false" version="3.5.0.v20090620043401" download-size="1372" install-size="1372" />
	<plugin fragment="true" id="org.eclipse.emf.compare.ui.nl_no" unpack="false" version="3.5.0.v20090620043401" download-size="3614" install-size="3614" />
	<plugin fragment="true" id="org.eclipse.emf.mwe.activities.nl_no" unpack="false" version="3.5.0.v20090620043401" download-size="1373" install-size="1373" />
	<plugin fragment="true" id="org.eclipse.emf.mwe.core.nl_no" unpack="false" version="3.5.0.v20090620043401" download-size="1590" install-size="1590" />
	<plugin fragment="true" id="org.eclipse.emf.mwe.doc.nl_no" unpack="false" version="3.5.0.v20090620043401" download-size="1622" install-size="1622" />
	<plugin fragment="true" id="org.eclipse.emf.mwe.examples.nl_no" unpack="false" version="3.5.0.v20090620043401" download-size="1372" install-size="1372" />
	<plugin fragment="true" id="org.eclipse.emf.mwe.tests.nl_no" unpack="false" version="3.5.0.v20090620043401" download-size="1578" install-size="1578" />
	<plugin fragment="true" id="org.eclipse.emf.mwe.ui.editor.nl_no" unpack="false" version="3.5.0.v20090620043401" download-size="2559" install-size="2559" />
	<plugin fragment="true" id="org.eclipse.emf.mwe.ui.nl_no" unpack="false" version="3.5.0.v20090620043401" download-size="2426" install-size="2426" />
	<plugin fragment="true" id="org.eclipse.emf.mwe.ui.simpleEditor.nl_no" unpack="false" version="3.5.0.v20090620043401" download-size="1375" install-size="1375" />
	<plugin fragment="true" id="org.eclipse.emf.mwe.utils.nl_no" unpack="false" version="3.5.0.v20090620043401" download-size="1369" install-size="1369" />
</feature>