<?xml version="1.0" encoding="UTF-8" ?>
<feature
	id="org.eclipse.babel.nls_tools.pdt_ru"
	label="Babel Language Pack for tools.pdt in Russian (62.68%)"
	image="eclipse_update_120.jpg"
	provider-name="%providerName"
	version="3.5.0.v20090620043401">
	<copyright>
		%copyright
	</copyright>
	<license url="%licenseURL">
		%license
	</license>
	<description>Babel Language Pack for tools.pdt in Russian</description>
	<plugin fragment="true" id="org.eclipse.dltk.core.tests.nl_ru" unpack="false" version="3.5.0.v20090620043401" download-size="1371" install-size="1371" />
	<plugin fragment="true" id="org.eclipse.php.core.nl_ru" unpack="false" version="3.5.0.v20090620043401" download-size="3044" install-size="3044" />
	<plugin fragment="true" id="org.eclipse.php.core.parser.nl_ru" unpack="false" version="3.5.0.v20090620043401" download-size="1370" install-size="1370" />
	<plugin fragment="true" id="org.eclipse.php.debug.core.nl_ru" unpack="false" version="3.5.0.v20090620043401" download-size="2431" install-size="2431" />
	<plugin fragment="true" id="org.eclipse.php.debug.ui.nl_ru" unpack="false" version="3.5.0.v20090620043401" download-size="3684" install-size="3684" />
	<plugin fragment="true" id="org.eclipse.php.nl_ru" unpack="false" version="3.5.0.v20090620043401" download-size="1362" install-size="1362" />
	<plugin fragment="true" id="org.eclipse.php.server.core.nl_ru" unpack="false" version="3.5.0.v20090620043401" download-size="2301" install-size="2301" />
	<plugin fragment="true" id="org.eclipse.php.server.ui.nl_ru" unpack="false" version="3.5.0.v20090620043401" download-size="2292" install-size="2292" />
	<plugin fragment="true" id="org.eclipse.php.test.nl_ru" unpack="false" version="3.5.0.v20090620043401" download-size="1366" install-size="1366" />
	<plugin fragment="true" id="org.eclipse.php.ui.nl_ru" unpack="false" version="3.5.0.v20090620043401" download-size="51879" install-size="51879" />
	<plugin fragment="true" id="org.eclipse.test.nl_ru" unpack="false" version="3.5.0.v20090620043401" download-size="1362" install-size="1362" />
</feature>