<?xml version="1.0" encoding="UTF-8" ?>
<feature
	id="org.eclipse.babel.nls_rt.equinox_iw"
	label="Babel Language Pack for rt.equinox in Hebrew (19.58%)"
	image="eclipse_update_120.jpg"
	provider-name="%providerName"
	version="3.5.0.v20090620043401">
	<copyright>
		%copyright
	</copyright>
	<license url="%licenseURL">
		%license
	</license>
	<description>Babel Language Pack for rt.equinox in Hebrew</description>
	<plugin fragment="true" id="org.eclipse.core.resources.jmx.nl_iw" unpack="false" version="3.5.0.v20090620043401" download-size="2175" install-size="2175" />
	<plugin fragment="true" id="org.eclipse.equinox.frameworkadmin.equinox.nl_iw" unpack="false" version="3.5.0.v20090620043401" download-size="1377" install-size="1377" />
	<plugin fragment="true" id="org.eclipse.equinox.frameworkadmin.nl_iw" unpack="false" version="3.5.0.v20090620043401" download-size="1375" install-size="1375" />
	<plugin fragment="true" id="org.eclipse.equinox.initializer.nl_iw" unpack="false" version="3.5.0.v20090620043401" download-size="1375" install-size="1375" />
	<plugin fragment="true" id="org.eclipse.equinox.jmx.client.nl_iw" unpack="false" version="3.5.0.v20090620043401" download-size="3841" install-size="3841" />
	<plugin fragment="true" id="org.eclipse.equinox.jmx.vm.nl_iw" unpack="false" version="3.5.0.v20090620043401" download-size="2207" install-size="2207" />
	<plugin fragment="true" id="org.eclipse.equinox.p2.artifact.repository.nl_iw" unpack="false" version="3.5.0.v20090620043401" download-size="2624" install-size="2624" />
	<plugin fragment="true" id="org.eclipse.equinox.p2.console.nl_iw" unpack="false" version="3.5.0.v20090620043401" download-size="1372" install-size="1372" />
	<plugin fragment="true" id="org.eclipse.equinox.p2.core.nl_iw" unpack="false" version="3.5.0.v20090620043401" download-size="1370" install-size="1370" />
	<plugin fragment="true" id="org.eclipse.equinox.p2.director.app.nl_iw" unpack="false" version="3.5.0.v20090620043401" download-size="1375" install-size="1375" />
	<plugin fragment="true" id="org.eclipse.equinox.p2.director.nl_iw" unpack="false" version="3.5.0.v20090620043401" download-size="2426" install-size="2426" />
	<plugin fragment="true" id="org.eclipse.equinox.p2.directorywatcher.nl_iw" unpack="false" version="3.5.0.v20090620043401" download-size="1378" install-size="1378" />
	<plugin fragment="true" id="org.eclipse.equinox.p2.engine.nl_iw" unpack="false" version="3.5.0.v20090620043401" download-size="1371" install-size="1371" />
	<plugin fragment="true" id="org.eclipse.equinox.p2.exemplarysetup.nl_iw" unpack="false" version="3.5.0.v20090620043401" download-size="1376" install-size="1376" />
	<plugin fragment="true" id="org.eclipse.equinox.p2.extensionlocation.nl_iw" unpack="false" version="3.5.0.v20090620043401" download-size="1378" install-size="1378" />
	<plugin fragment="true" id="org.eclipse.equinox.p2.garbagecollector.nl_iw" unpack="false" version="3.5.0.v20090620043401" download-size="1378" install-size="1378" />
	<plugin fragment="true" id="org.eclipse.equinox.p2.installer.nl_iw" unpack="false" version="3.5.0.v20090620043401" download-size="2773" install-size="2773" />
	<plugin fragment="true" id="org.eclipse.equinox.p2.jarprocessor.nl_iw" unpack="false" version="3.5.0.v20090620043401" download-size="1375" install-size="1375" />
	<plugin fragment="true" id="org.eclipse.equinox.p2.metadata.generator.nl_iw" unpack="false" version="3.5.0.v20090620043401" download-size="3668" install-size="3668" />
	<plugin fragment="true" id="org.eclipse.equinox.p2.metadata.nl_iw" unpack="false" version="3.5.0.v20090620043401" download-size="1373" install-size="1373" />
	<plugin fragment="true" id="org.eclipse.equinox.p2.metadata.repository.nl_iw" unpack="false" version="3.5.0.v20090620043401" download-size="2644" install-size="2644" />
	<plugin fragment="true" id="org.eclipse.equinox.p2.publisher.nl_iw" unpack="false" version="3.5.0.v20090620043401" download-size="2445" install-size="2445" />
	<plugin fragment="true" id="org.eclipse.equinox.p2.reconciler.dropins.nl_iw" unpack="false" version="3.5.0.v20090620043401" download-size="1377" install-size="1377" />
	<plugin fragment="true" id="org.eclipse.equinox.p2.repository.nl_iw" unpack="false" version="3.5.0.v20090620043401" download-size="2927" install-size="2927" />
	<plugin fragment="true" id="org.eclipse.equinox.p2.repository.tools.nl_iw" unpack="false" version="3.5.0.v20090620043401" download-size="3354" install-size="3354" />
	<plugin fragment="true" id="org.eclipse.equinox.p2.selfhosting.nl_iw" unpack="false" version="3.5.0.v20090620043401" download-size="1375" install-size="1375" />
	<plugin fragment="true" id="org.eclipse.equinox.p2.tests.nl_iw" unpack="false" version="3.5.0.v20090620043401" download-size="1830" install-size="1830" />
	<plugin fragment="true" id="org.eclipse.equinox.p2.tests.ui.nl_iw" unpack="false" version="3.5.0.v20090620043401" download-size="1372" install-size="1372" />
	<plugin fragment="true" id="org.eclipse.equinox.p2.tools.nl_iw" unpack="false" version="3.5.0.v20090620043401" download-size="1370" install-size="1370" />
	<plugin fragment="true" id="org.eclipse.equinox.p2.touchpoint.eclipse.nl_iw" unpack="false" version="3.5.0.v20090620043401" download-size="1375" install-size="1375" />
	<plugin fragment="true" id="org.eclipse.equinox.p2.touchpoint.natives.nl_iw" unpack="false" version="3.5.0.v20090620043401" download-size="1378" install-size="1378" />
	<plugin fragment="true" id="org.eclipse.equinox.p2.ui.admin.nl_iw" unpack="false" version="3.5.0.v20090620043401" download-size="2798" install-size="2798" />
	<plugin fragment="true" id="org.eclipse.equinox.p2.ui.admin.rcp.nl_iw" unpack="false" version="3.5.0.v20090620043401" download-size="2797" install-size="2797" />
	<plugin fragment="true" id="org.eclipse.equinox.p2.ui.nl_iw" unpack="false" version="3.5.0.v20090620043401" download-size="3330" install-size="3330" />
	<plugin fragment="true" id="org.eclipse.equinox.p2.ui.sdk.nl_iw" unpack="false" version="3.5.0.v20090620043401" download-size="2697" install-size="2697" />
	<plugin fragment="true" id="org.eclipse.equinox.p2.ui.sdk.scheduler.nl_iw" unpack="false" version="3.5.0.v20090620043401" download-size="3232" install-size="3232" />
	<plugin fragment="true" id="org.eclipse.equinox.p2.updatechecker.nl_iw" unpack="false" version="3.5.0.v20090620043401" download-size="1359" install-size="1359" />
	<plugin fragment="true" id="org.eclipse.equinox.p2.updatesite.nl_iw" unpack="false" version="3.5.0.v20090620043401" download-size="2886" install-size="2886" />
	<plugin fragment="true" id="org.eclipse.equinox.preferences.jmx.nl_iw" unpack="false" version="3.5.0.v20090620043401" download-size="2253" install-size="2253" />
	<plugin fragment="true" id="org.eclipse.equinox.simpleconfigurator.manipulator.nl_iw" unpack="false" version="3.5.0.v20090620043401" download-size="1370" install-size="1370" />
	<plugin fragment="true" id="org.eclipse.equinox.simpleconfigurator.nl_iw" unpack="false" version="3.5.0.v20090620043401" download-size="1360" install-size="1360" />
	<plugin fragment="true" id="org.eclipse.osgi.jmx.nl_iw" unpack="false" version="3.5.0.v20090620043401" download-size="2334" install-size="2334" />
</feature>