<?xml version="1.0" encoding="UTF-8" ?>
<feature
	id="org.eclipse.babel.nls_tools.pdt_ro"
	label="Babel Language Pack for tools.pdt in Romanian (3.01%)"
	image="eclipse_update_120.jpg"
	provider-name="%providerName"
	version="3.5.0.v20090620043401">
	<copyright>
		%copyright
	</copyright>
	<license url="%licenseURL">
		%license
	</license>
	<description>Babel Language Pack for tools.pdt in Romanian</description>
	<plugin fragment="true" id="org.eclipse.dltk.core.tests.nl_ro" unpack="false" version="3.5.0.v20090620043401" download-size="1371" install-size="1371" />
	<plugin fragment="true" id="org.eclipse.php.core.parser.nl_ro" unpack="false" version="3.5.0.v20090620043401" download-size="1370" install-size="1370" />
	<plugin fragment="true" id="org.eclipse.php.debug.core.nl_ro" unpack="false" version="3.5.0.v20090620043401" download-size="2181" install-size="2181" />
	<plugin fragment="true" id="org.eclipse.php.debug.ui.nl_ro" unpack="false" version="3.5.0.v20090620043401" download-size="2308" install-size="2308" />
	<plugin fragment="true" id="org.eclipse.php.nl_ro" unpack="false" version="3.5.0.v20090620043401" download-size="1363" install-size="1363" />
	<plugin fragment="true" id="org.eclipse.php.server.ui.nl_ro" unpack="false" version="3.5.0.v20090620043401" download-size="2060" install-size="2060" />
	<plugin fragment="true" id="org.eclipse.php.test.nl_ro" unpack="false" version="3.5.0.v20090620043401" download-size="1366" install-size="1366" />
	<plugin fragment="true" id="org.eclipse.php.ui.nl_ro" unpack="false" version="3.5.0.v20090620043401" download-size="5299" install-size="5299" />
</feature>