<?xml version="1.0" encoding="UTF-8" ?>
<feature
	id="org.eclipse.babel.nls_tools.mylyn_pt"
	label="Babel Language Pack for tools.mylyn in Portuguese (15.58%)"
	image="eclipse_update_120.jpg"
	provider-name="%providerName"
	version="3.5.0.v20090620043401">
	<copyright>
		%copyright
	</copyright>
	<license url="%licenseURL">
		%license
	</license>
	<description>Babel Language Pack for tools.mylyn in Portuguese</description>
	<plugin fragment="true" id="org.eclipse.mylyn.bugzilla.core.nl_pt" unpack="false" version="3.5.0.v20090620043401" download-size="2542" install-size="2542" />
	<plugin fragment="true" id="org.eclipse.mylyn.bugzilla.ide.nl_pt" unpack="false" version="3.5.0.v20090620043401" download-size="1358" install-size="1358" />
	<plugin fragment="true" id="org.eclipse.mylyn.bugzilla.ui.nl_pt" unpack="false" version="3.5.0.v20090620043401" download-size="3711" install-size="3711" />
	<plugin fragment="true" id="org.eclipse.mylyn.commons.core.nl_pt" unpack="false" version="3.5.0.v20090620043401" download-size="1356" install-size="1356" />
	<plugin fragment="true" id="org.eclipse.mylyn.commons.net.nl_pt" unpack="false" version="3.5.0.v20090620043401" download-size="2552" install-size="2552" />
	<plugin fragment="true" id="org.eclipse.mylyn.commons.soap.nl_pt" unpack="false" version="3.5.0.v20090620043401" download-size="1357" install-size="1357" />
	<plugin fragment="true" id="org.eclipse.mylyn.commons.ui.nl_pt" unpack="false" version="3.5.0.v20090620043401" download-size="2560" install-size="2560" />
	<plugin fragment="true" id="org.eclipse.mylyn.compatibility.nl_pt" unpack="false" version="3.5.0.v20090620043401" download-size="1358" install-size="1358" />
	<plugin fragment="true" id="org.eclipse.mylyn.context.core.nl_pt" unpack="false" version="3.5.0.v20090620043401" download-size="1357" install-size="1357" />
	<plugin fragment="true" id="org.eclipse.mylyn.context.ui.nl_pt" unpack="false" version="3.5.0.v20090620043401" download-size="4561" install-size="4561" />
	<plugin fragment="true" id="org.eclipse.mylyn.discovery.core.nl_pt" unpack="false" version="3.5.0.v20090620043401" download-size="2643" install-size="2643" />
	<plugin fragment="true" id="org.eclipse.mylyn.discovery.ui.nl_pt" unpack="false" version="3.5.0.v20090620043401" download-size="2702" install-size="2702" />
	<plugin fragment="true" id="org.eclipse.mylyn.help.ui.nl_pt" unpack="false" version="3.5.0.v20090620043401" download-size="1377" install-size="1377" />
	<plugin fragment="true" id="org.eclipse.mylyn.ide.ant.nl_pt" unpack="false" version="3.5.0.v20090620043401" download-size="1354" install-size="1354" />
	<plugin fragment="true" id="org.eclipse.mylyn.ide.capabilities.nl_pt" unpack="false" version="3.5.0.v20090620043401" download-size="1377" install-size="1377" />
	<plugin fragment="true" id="org.eclipse.mylyn.ide.ui.nl_pt" unpack="false" version="3.5.0.v20090620043401" download-size="1353" install-size="1353" />
	<plugin fragment="true" id="org.eclipse.mylyn.java.tasks.nl_pt" unpack="false" version="3.5.0.v20090620043401" download-size="2412" install-size="2412" />
	<plugin fragment="true" id="org.eclipse.mylyn.java.ui.nl_pt" unpack="false" version="3.5.0.v20090620043401" download-size="1416" install-size="1416" />
	<plugin fragment="true" id="org.eclipse.mylyn.jira.core.nl_pt" unpack="false" version="3.5.0.v20090620043401" download-size="2977" install-size="2977" />
	<plugin fragment="true" id="org.eclipse.mylyn.jira.ui.nl_pt" unpack="false" version="3.5.0.v20090620043401" download-size="3548" install-size="3548" />
	<plugin fragment="true" id="org.eclipse.mylyn.monitor.core.nl_pt" unpack="false" version="3.5.0.v20090620043401" download-size="2625" install-size="2625" />
	<plugin fragment="true" id="org.eclipse.mylyn.monitor.ui.nl_pt" unpack="false" version="3.5.0.v20090620043401" download-size="1355" install-size="1355" />
	<plugin fragment="true" id="org.eclipse.mylyn.nl_pt" unpack="false" version="3.5.0.v20090620043401" download-size="1349" install-size="1349" />
	<plugin fragment="true" id="org.eclipse.mylyn.pde.ui.nl_pt" unpack="false" version="3.5.0.v20090620043401" download-size="1353" install-size="1353" />
	<plugin fragment="true" id="org.eclipse.mylyn.resources.ui.nl_pt" unpack="false" version="3.5.0.v20090620043401" download-size="2657" install-size="2657" />
	<plugin fragment="true" id="org.eclipse.mylyn.tasks.bugs.nl_pt" unpack="false" version="3.5.0.v20090620043401" download-size="3370" install-size="3370" />
	<plugin fragment="true" id="org.eclipse.mylyn.tasks.core.nl_pt" unpack="false" version="3.5.0.v20090620043401" download-size="3501" install-size="3501" />
	<plugin fragment="true" id="org.eclipse.mylyn.tasks.ui.nl_pt" unpack="false" version="3.5.0.v20090620043401" download-size="11659" install-size="11659" />
	<plugin fragment="true" id="org.eclipse.mylyn.team.cvs.nl_pt" unpack="false" version="3.5.0.v20090620043401" download-size="1355" install-size="1355" />
	<plugin fragment="true" id="org.eclipse.mylyn.team.ui.nl_pt" unpack="false" version="3.5.0.v20090620043401" download-size="3110" install-size="3110" />
	<plugin fragment="true" id="org.eclipse.mylyn.trac.core.nl_pt" unpack="false" version="3.5.0.v20090620043401" download-size="2984" install-size="2984" />
	<plugin fragment="true" id="org.eclipse.mylyn.trac.ui.nl_pt" unpack="false" version="3.5.0.v20090620043401" download-size="2627" install-size="2627" />
	<plugin fragment="true" id="org.eclipse.mylyn.wikitext.confluence.core.nl_pt" unpack="false" version="3.5.0.v20090620043401" download-size="1365" install-size="1365" />
	<plugin fragment="true" id="org.eclipse.mylyn.wikitext.confluence.ui.nl_pt" unpack="false" version="3.5.0.v20090620043401" download-size="1389" install-size="1389" />
	<plugin fragment="true" id="org.eclipse.mylyn.wikitext.core.nl_pt" unpack="false" version="3.5.0.v20090620043401" download-size="4402" install-size="4402" />
	<plugin fragment="true" id="org.eclipse.mylyn.wikitext.help.sdk.nl_pt" unpack="false" version="3.5.0.v20090620043401" download-size="1383" install-size="1383" />
	<plugin fragment="true" id="org.eclipse.mylyn.wikitext.help.ui.nl_pt" unpack="false" version="3.5.0.v20090620043401" download-size="1382" install-size="1382" />
	<plugin fragment="true" id="org.eclipse.mylyn.wikitext.mediawiki.core.nl_pt" unpack="false" version="3.5.0.v20090620043401" download-size="1385" install-size="1385" />
	<plugin fragment="true" id="org.eclipse.mylyn.wikitext.mediawiki.ui.nl_pt" unpack="false" version="3.5.0.v20090620043401" download-size="1438" install-size="1438" />
	<plugin fragment="true" id="org.eclipse.mylyn.wikitext.tasks.ui.nl_pt" unpack="false" version="3.5.0.v20090620043401" download-size="2848" install-size="2848" />
	<plugin fragment="true" id="org.eclipse.mylyn.wikitext.tests.nl_pt" unpack="false" version="3.5.0.v20090620043401" download-size="1359" install-size="1359" />
	<plugin fragment="true" id="org.eclipse.mylyn.wikitext.textile.core.nl_pt" unpack="false" version="3.5.0.v20090620043401" download-size="1363" install-size="1363" />
	<plugin fragment="true" id="org.eclipse.mylyn.wikitext.textile.ui.nl_pt" unpack="false" version="3.5.0.v20090620043401" download-size="1413" install-size="1413" />
	<plugin fragment="true" id="org.eclipse.mylyn.wikitext.tracwiki.core.nl_pt" unpack="false" version="3.5.0.v20090620043401" download-size="1364" install-size="1364" />
	<plugin fragment="true" id="org.eclipse.mylyn.wikitext.tracwiki.ui.nl_pt" unpack="false" version="3.5.0.v20090620043401" download-size="1387" install-size="1387" />
	<plugin fragment="true" id="org.eclipse.mylyn.wikitext.twiki.core.nl_pt" unpack="false" version="3.5.0.v20090620043401" download-size="1362" install-size="1362" />
	<plugin fragment="true" id="org.eclipse.mylyn.wikitext.twiki.ui.nl_pt" unpack="false" version="3.5.0.v20090620043401" download-size="1413" install-size="1413" />
	<plugin fragment="true" id="org.eclipse.mylyn.wikitext.ui.nl_pt" unpack="false" version="3.5.0.v20090620043401" download-size="6639" install-size="6639" />
	<plugin fragment="true" id="org.eclipse.mylyn.xplanner.core.nl_pt" unpack="false" version="3.5.0.v20090620043401" download-size="2415" install-size="2415" />
	<plugin fragment="true" id="org.eclipse.mylyn.xplanner.ui.nl_pt" unpack="false" version="3.5.0.v20090620043401" download-size="3672" install-size="3672" />
</feature>