<?xml version="1.0" encoding="UTF-8" ?>
<feature
	id="org.eclipse.babel.nls_webtools.common_tr"
	label="Babel Language Pack for webtools.common in Turkish (47.28%)"
	image="eclipse_update_120.jpg"
	provider-name="%providerName"
	version="3.5.0.v20090620043401">
	<copyright>
		%copyright
	</copyright>
	<license url="%licenseURL">
		%license
	</license>
	<description>Babel Language Pack for webtools.common in Turkish</description>
	<plugin fragment="true" id="org.eclipse.jem.util.nl_tr" unpack="false" version="3.5.0.v20090620043401" download-size="1874" install-size="1874" />
	<plugin fragment="true" id="org.eclipse.jst.common.annotations.controller.nl_tr" unpack="false" version="3.5.0.v20090620043401" download-size="2035" install-size="2035" />
	<plugin fragment="true" id="org.eclipse.jst.common.annotations.core.nl_tr" unpack="false" version="3.5.0.v20090620043401" download-size="1819" install-size="1819" />
	<plugin fragment="true" id="org.eclipse.jst.common.annotations.ui.nl_tr" unpack="false" version="3.5.0.v20090620043401" download-size="1760" install-size="1760" />
	<plugin fragment="true" id="org.eclipse.jst.common.fproj.enablement.jdt.sdk.nl_tr" unpack="false" version="3.5.0.v20090620043401" download-size="1382" install-size="1382" />
	<plugin fragment="true" id="org.eclipse.jst.common.frameworks.nl_tr" unpack="false" version="3.5.0.v20090620043401" download-size="1408" install-size="1408" />
	<plugin fragment="true" id="org.eclipse.jst.common.project.facet.core.nl_tr" unpack="false" version="3.5.0.v20090620043401" download-size="3251" install-size="3251" />
	<plugin fragment="true" id="org.eclipse.jst.common.project.facet.ui.nl_tr" unpack="false" version="3.5.0.v20090620043401" download-size="5158" install-size="5158" />
	<plugin fragment="true" id="org.eclipse.wst.common.api.doc.nl_tr" unpack="false" version="3.5.0.v20090620043401" download-size="1373" install-size="1373" />
	<plugin fragment="true" id="org.eclipse.wst.common.core.nl_tr" unpack="false" version="3.5.0.v20090620043401" download-size="2635" install-size="2635" />
	<plugin fragment="true" id="org.eclipse.wst.common.emf.nl_tr" unpack="false" version="3.5.0.v20090620043401" download-size="2136" install-size="2136" />
	<plugin fragment="true" id="org.eclipse.wst.common.emfworkbench.integration.nl_tr" unpack="false" version="3.5.0.v20090620043401" download-size="2889" install-size="2889" />
	<plugin fragment="true" id="org.eclipse.wst.common.environment.nl_tr" unpack="false" version="3.5.0.v20090620043401" download-size="3151" install-size="3151" />
	<plugin fragment="true" id="org.eclipse.wst.common.fproj.sdk.nl_tr" unpack="false" version="3.5.0.v20090620043401" download-size="1374" install-size="1374" />
	<plugin fragment="true" id="org.eclipse.wst.common.frameworks.nl_tr" unpack="false" version="3.5.0.v20090620043401" download-size="2840" install-size="2840" />
	<plugin fragment="true" id="org.eclipse.wst.common.frameworks.ui.nl_tr" unpack="false" version="3.5.0.v20090620043401" download-size="4262" install-size="4262" />
	<plugin fragment="true" id="org.eclipse.wst.common.infopop.nl_tr" unpack="false" version="3.5.0.v20090620043401" download-size="1400" install-size="1400" />
	<plugin fragment="true" id="org.eclipse.wst.common.modulecore.nl_tr" unpack="false" version="3.5.0.v20090620043401" download-size="2234" install-size="2234" />
	<plugin fragment="true" id="org.eclipse.wst.common.project.facet.core.nl_tr" unpack="false" version="3.5.0.v20090620043401" download-size="9033" install-size="9033" />
	<plugin fragment="true" id="org.eclipse.wst.common.project.facet.doc.api.nl_tr" unpack="false" version="3.5.0.v20090620043401" download-size="1384" install-size="1384" />
	<plugin fragment="true" id="org.eclipse.wst.common.project.facet.ui.nl_tr" unpack="false" version="3.5.0.v20090620043401" download-size="7863" install-size="7863" />
	<plugin fragment="true" id="org.eclipse.wst.common.snippets.nl_tr" unpack="false" version="3.5.0.v20090620043401" download-size="3449" install-size="3449" />
	<plugin fragment="true" id="org.eclipse.wst.common.ui.nl_tr" unpack="false" version="3.5.0.v20090620043401" download-size="5159" install-size="5159" />
	<plugin fragment="true" id="org.eclipse.wst.common.ui.properties.nl_tr" unpack="false" version="3.5.0.v20090620043401" download-size="3390" install-size="3390" />
	<plugin fragment="true" id="org.eclipse.wst.common.uriresolver.nl_tr" unpack="false" version="3.5.0.v20090620043401" download-size="1451" install-size="1451" />
	<plugin fragment="true" id="org.eclipse.wst.internet.cache.nl_tr" unpack="false" version="3.5.0.v20090620043401" download-size="3190" install-size="3190" />
	<plugin fragment="true" id="org.eclipse.wst.validation.doc.isv.nl_tr" unpack="false" version="3.5.0.v20090620043401" download-size="1378" install-size="1378" />
	<plugin fragment="true" id="org.eclipse.wst.validation.infopop.nl_tr" unpack="false" version="3.5.0.v20090620043401" download-size="1428" install-size="1428" />
	<plugin fragment="true" id="org.eclipse.wst.validation.nl_tr" unpack="false" version="3.5.0.v20090620043401" download-size="4806" install-size="4806" />
	<plugin fragment="true" id="org.eclipse.wst.validation.ui.nl_tr" unpack="false" version="3.5.0.v20090620043401" download-size="3830" install-size="3830" />
</feature>