<?xml version="1.0" encoding="UTF-8" ?>
<feature
	id="org.eclipse.babel.nls_modeling.mdt_pt"
	label="Babel Language Pack for modeling.mdt in Portuguese (24.33%)"
	image="eclipse_update_120.jpg"
	provider-name="%providerName"
	version="3.5.0.v20090620043401">
	<copyright>
		%copyright
	</copyright>
	<license url="%licenseURL">
		%license
	</license>
	<description>Babel Language Pack for modeling.mdt in Portuguese</description>
	<plugin fragment="true" id="org.eclipse.emf.examples.library.edit.nl_pt" unpack="false" version="3.5.0.v20090620043401" download-size="1784" install-size="1784" />
	<plugin fragment="true" id="org.eclipse.emf.examples.library.editor.nl_pt" unpack="false" version="3.5.0.v20090620043401" download-size="2025" install-size="2025" />
	<plugin fragment="true" id="org.eclipse.emf.examples.library.nl_pt" unpack="false" version="3.5.0.v20090620043401" download-size="1375" install-size="1375" />
	<plugin fragment="true" id="org.eclipse.emf.ocl.doc.nl_pt" unpack="false" version="3.5.0.v20090620043401" download-size="1371" install-size="1371" />
	<plugin fragment="true" id="org.eclipse.emf.ocl.examples.interpreter.nl_pt" unpack="false" version="3.5.0.v20090620043401" download-size="2849" install-size="2849" />
	<plugin fragment="true" id="org.eclipse.emf.ocl.examples.nl_pt" unpack="false" version="3.5.0.v20090620043401" download-size="1378" install-size="1378" />
	<plugin fragment="true" id="org.eclipse.emf.ocl.nl_pt" unpack="false" version="3.5.0.v20090620043401" download-size="1372" install-size="1372" />
	<plugin fragment="true" id="org.eclipse.emf.ocl.tests.nl_pt" unpack="false" version="3.5.0.v20090620043401" download-size="1375" install-size="1375" />
	<plugin fragment="true" id="org.eclipse.ocl.doc.nl_pt" unpack="false" version="3.5.0.v20090620043401" download-size="1367" install-size="1367" />
	<plugin fragment="true" id="org.eclipse.ocl.ecore.nl_pt" unpack="false" version="3.5.0.v20090620043401" download-size="1372" install-size="1372" />
	<plugin fragment="true" id="org.eclipse.ocl.ecore.tests.nl_pt" unpack="false" version="3.5.0.v20090620043401" download-size="1373" install-size="1373" />
	<plugin fragment="true" id="org.eclipse.ocl.nl_pt" unpack="false" version="3.5.0.v20090620043401" download-size="2497" install-size="2497" />
	<plugin fragment="true" id="org.eclipse.ocl.uml.nl_pt" unpack="false" version="3.5.0.v20090620043401" download-size="1371" install-size="1371" />
	<plugin fragment="true" id="org.eclipse.ocl.uml.tests.nl_pt" unpack="false" version="3.5.0.v20090620043401" download-size="1374" install-size="1374" />
	<plugin fragment="true" id="org.eclipse.uml2.codegen.ecore.nl_pt" unpack="false" version="3.5.0.v20090620043401" download-size="1373" install-size="1373" />
	<plugin fragment="true" id="org.eclipse.uml2.codegen.ecore.ui.nl_pt" unpack="false" version="3.5.0.v20090620043401" download-size="1547" install-size="1547" />
	<plugin fragment="true" id="org.eclipse.uml2.common.edit.nl_pt" unpack="false" version="3.5.0.v20090620043401" download-size="1372" install-size="1372" />
	<plugin fragment="true" id="org.eclipse.uml2.common.nl_pt" unpack="false" version="3.5.0.v20090620043401" download-size="1369" install-size="1369" />
	<plugin fragment="true" id="org.eclipse.uml2.diagram.activity.nl_pt" unpack="false" version="3.5.0.v20090620043401" download-size="2155" install-size="2155" />
	<plugin fragment="true" id="org.eclipse.uml2.diagram.clazz.nl_pt" unpack="false" version="3.5.0.v20090620043401" download-size="3380" install-size="3380" />
	<plugin fragment="true" id="org.eclipse.uml2.diagram.clazz.tests.nl_pt" unpack="false" version="3.5.0.v20090620043401" download-size="1379" install-size="1379" />
	<plugin fragment="true" id="org.eclipse.uml2.diagram.codegen.edit.nl_pt" unpack="false" version="3.5.0.v20090620043401" download-size="1737" install-size="1737" />
	<plugin fragment="true" id="org.eclipse.uml2.diagram.codegen.nl_pt" unpack="false" version="3.5.0.v20090620043401" download-size="1375" install-size="1375" />
	<plugin fragment="true" id="org.eclipse.uml2.diagram.common.nl_pt" unpack="false" version="3.5.0.v20090620043401" download-size="2022" install-size="2022" />
	<plugin fragment="true" id="org.eclipse.uml2.diagram.common.notation.nl_pt" unpack="false" version="3.5.0.v20090620043401" download-size="1379" install-size="1379" />
	<plugin fragment="true" id="org.eclipse.uml2.diagram.common.tests.nl_pt" unpack="false" version="3.5.0.v20090620043401" download-size="1378" install-size="1378" />
	<plugin fragment="true" id="org.eclipse.uml2.diagram.component.nl_pt" unpack="false" version="3.5.0.v20090620043401" download-size="2600" install-size="2600" />
	<plugin fragment="true" id="org.eclipse.uml2.diagram.csd.nl_pt" unpack="false" version="3.5.0.v20090620043401" download-size="2617" install-size="2617" />
	<plugin fragment="true" id="org.eclipse.uml2.diagram.def.nl_pt" unpack="false" version="3.5.0.v20090620043401" download-size="1373" install-size="1373" />
	<plugin fragment="true" id="org.eclipse.uml2.diagram.deploy.nl_pt" unpack="false" version="3.5.0.v20090620043401" download-size="2378" install-size="2378" />
	<plugin fragment="true" id="org.eclipse.uml2.diagram.examples.activity.nl_pt" unpack="false" version="3.5.0.v20090620043401" download-size="1381" install-size="1381" />
	<plugin fragment="true" id="org.eclipse.uml2.diagram.examples.clazz.nl_pt" unpack="false" version="3.5.0.v20090620043401" download-size="1381" install-size="1381" />
	<plugin fragment="true" id="org.eclipse.uml2.diagram.examples.profile.nl_pt" unpack="false" version="3.5.0.v20090620043401" download-size="1381" install-size="1381" />
	<plugin fragment="true" id="org.eclipse.uml2.diagram.examples.statemachine.nl_pt" unpack="false" version="3.5.0.v20090620043401" download-size="1385" install-size="1385" />
	<plugin fragment="true" id="org.eclipse.uml2.diagram.nl_pt" unpack="false" version="3.5.0.v20090620043401" download-size="1370" install-size="1370" />
	<plugin fragment="true" id="org.eclipse.uml2.diagram.parser.nl_pt" unpack="false" version="3.5.0.v20090620043401" download-size="1374" install-size="1374" />
	<plugin fragment="true" id="org.eclipse.uml2.diagram.profile.nl_pt" unpack="false" version="3.5.0.v20090620043401" download-size="2672" install-size="2672" />
	<plugin fragment="true" id="org.eclipse.uml2.diagram.profile.tests.nl_pt" unpack="false" version="3.5.0.v20090620043401" download-size="1379" install-size="1379" />
	<plugin fragment="true" id="org.eclipse.uml2.diagram.sequence.model.nl_pt" unpack="false" version="3.5.0.v20090620043401" download-size="1380" install-size="1380" />
	<plugin fragment="true" id="org.eclipse.uml2.diagram.sequence.nl_pt" unpack="false" version="3.5.0.v20090620043401" download-size="1994" install-size="1994" />
	<plugin fragment="true" id="org.eclipse.uml2.diagram.sequence.tests.nl_pt" unpack="false" version="3.5.0.v20090620043401" download-size="1379" install-size="1379" />
	<plugin fragment="true" id="org.eclipse.uml2.diagram.statemachine.nl_pt" unpack="false" version="3.5.0.v20090620043401" download-size="2020" install-size="2020" />
	<plugin fragment="true" id="org.eclipse.uml2.diagram.statemachine.tests.nl_pt" unpack="false" version="3.5.0.v20090620043401" download-size="1382" install-size="1382" />
	<plugin fragment="true" id="org.eclipse.uml2.diagram.usecase.nl_pt" unpack="false" version="3.5.0.v20090620043401" download-size="2396" install-size="2396" />
	<plugin fragment="true" id="org.eclipse.uml2.doc.nl_pt" unpack="false" version="3.5.0.v20090620043401" download-size="1368" install-size="1368" />
	<plugin fragment="true" id="org.eclipse.uml2.examples.nl_pt" unpack="false" version="3.5.0.v20090620043401" download-size="1371" install-size="1371" />
	<plugin fragment="true" id="org.eclipse.uml2.examples.uml.ui.nl_pt" unpack="false" version="3.5.0.v20090620043401" download-size="1443" install-size="1443" />
	<plugin fragment="true" id="org.eclipse.uml2.nl_pt" unpack="false" version="3.5.0.v20090620043401" download-size="1365" install-size="1365" />
	<plugin fragment="true" id="org.eclipse.uml2.tests.nl_pt" unpack="false" version="3.5.0.v20090620043401" download-size="1369" install-size="1369" />
	<plugin fragment="true" id="org.eclipse.uml2.uml.ecore.importer.nl_pt" unpack="false" version="3.5.0.v20090620043401" download-size="1375" install-size="1375" />
	<plugin fragment="true" id="org.eclipse.uml2.uml.edit.nl_pt" unpack="false" version="3.5.0.v20090620043401" download-size="4110" install-size="4110" />
	<plugin fragment="true" id="org.eclipse.uml2.uml.editor.nl_pt" unpack="false" version="3.5.0.v20090620043401" download-size="2055" install-size="2055" />
	<plugin fragment="true" id="org.eclipse.uml2.uml.nl_pt" unpack="false" version="3.5.0.v20090620043401" download-size="1464" install-size="1464" />
	<plugin fragment="true" id="org.eclipse.uml2.uml.resources.nl_pt" unpack="false" version="3.5.0.v20090620043401" download-size="9234" install-size="9234" />
	<plugin fragment="true" id="org.eclipse.uml2.uml.tests.nl_pt" unpack="false" version="3.5.0.v20090620043401" download-size="1370" install-size="1370" />
	<plugin fragment="true" id="org.eclipse.uml2tools.doc.nl_pt" unpack="false" version="3.5.0.v20090620043401" download-size="1371" install-size="1371" />
	<plugin fragment="true" id="org.eclipse.uml2tools.nl_pt" unpack="false" version="3.5.0.v20090620043401" download-size="1368" install-size="1368" />
</feature>