<?xml version="1.0" encoding="UTF-8" ?>
<feature
	id="org.eclipse.babel.nls_rt.equinox_pt"
	label="Babel Language Pack for rt.equinox in Portuguese (30.35%)"
	image="eclipse_update_120.jpg"
	provider-name="%providerName"
	version="3.5.0.v20090620043401">
	<copyright>
		%copyright
	</copyright>
	<license url="%licenseURL">
		%license
	</license>
	<description>Babel Language Pack for rt.equinox in Portuguese</description>
	<plugin fragment="true" id="org.eclipse.core.resources.jmx.nl_pt" unpack="false" version="3.5.0.v20090620043401" download-size="2236" install-size="2236" />
	<plugin fragment="true" id="org.eclipse.equinox.frameworkadmin.equinox.nl_pt" unpack="false" version="3.5.0.v20090620043401" download-size="1380" install-size="1380" />
	<plugin fragment="true" id="org.eclipse.equinox.frameworkadmin.nl_pt" unpack="false" version="3.5.0.v20090620043401" download-size="1378" install-size="1378" />
	<plugin fragment="true" id="org.eclipse.equinox.initializer.nl_pt" unpack="false" version="3.5.0.v20090620043401" download-size="1383" install-size="1383" />
	<plugin fragment="true" id="org.eclipse.equinox.jmx.client.nl_pt" unpack="false" version="3.5.0.v20090620043401" download-size="4639" install-size="4639" />
	<plugin fragment="true" id="org.eclipse.equinox.jmx.common.nl_pt" unpack="false" version="3.5.0.v20090620043401" download-size="2284" install-size="2284" />
	<plugin fragment="true" id="org.eclipse.equinox.jmx.server.nl_pt" unpack="false" version="3.5.0.v20090620043401" download-size="2712" install-size="2712" />
	<plugin fragment="true" id="org.eclipse.equinox.jmx.vm.nl_pt" unpack="false" version="3.5.0.v20090620043401" download-size="2223" install-size="2223" />
	<plugin fragment="true" id="org.eclipse.equinox.p2.artifact.repository.nl_pt" unpack="false" version="3.5.0.v20090620043401" download-size="2621" install-size="2621" />
	<plugin fragment="true" id="org.eclipse.equinox.p2.console.nl_pt" unpack="false" version="3.5.0.v20090620043401" download-size="1374" install-size="1374" />
	<plugin fragment="true" id="org.eclipse.equinox.p2.core.nl_pt" unpack="false" version="3.5.0.v20090620043401" download-size="1372" install-size="1372" />
	<plugin fragment="true" id="org.eclipse.equinox.p2.director.app.nl_pt" unpack="false" version="3.5.0.v20090620043401" download-size="1377" install-size="1377" />
	<plugin fragment="true" id="org.eclipse.equinox.p2.director.nl_pt" unpack="false" version="3.5.0.v20090620043401" download-size="2417" install-size="2417" />
	<plugin fragment="true" id="org.eclipse.equinox.p2.directorywatcher.nl_pt" unpack="false" version="3.5.0.v20090620043401" download-size="1385" install-size="1385" />
	<plugin fragment="true" id="org.eclipse.equinox.p2.engine.nl_pt" unpack="false" version="3.5.0.v20090620043401" download-size="2853" install-size="2853" />
	<plugin fragment="true" id="org.eclipse.equinox.p2.exemplarysetup.nl_pt" unpack="false" version="3.5.0.v20090620043401" download-size="1379" install-size="1379" />
	<plugin fragment="true" id="org.eclipse.equinox.p2.extensionlocation.nl_pt" unpack="false" version="3.5.0.v20090620043401" download-size="1380" install-size="1380" />
	<plugin fragment="true" id="org.eclipse.equinox.p2.garbagecollector.nl_pt" unpack="false" version="3.5.0.v20090620043401" download-size="1380" install-size="1380" />
	<plugin fragment="true" id="org.eclipse.equinox.p2.installer.nl_pt" unpack="false" version="3.5.0.v20090620043401" download-size="2782" install-size="2782" />
	<plugin fragment="true" id="org.eclipse.equinox.p2.jarprocessor.nl_pt" unpack="false" version="3.5.0.v20090620043401" download-size="1378" install-size="1378" />
	<plugin fragment="true" id="org.eclipse.equinox.p2.metadata.generator.nl_pt" unpack="false" version="3.5.0.v20090620043401" download-size="3789" install-size="3789" />
	<plugin fragment="true" id="org.eclipse.equinox.p2.metadata.nl_pt" unpack="false" version="3.5.0.v20090620043401" download-size="1375" install-size="1375" />
	<plugin fragment="true" id="org.eclipse.equinox.p2.metadata.repository.nl_pt" unpack="false" version="3.5.0.v20090620043401" download-size="2622" install-size="2622" />
	<plugin fragment="true" id="org.eclipse.equinox.p2.publisher.nl_pt" unpack="false" version="3.5.0.v20090620043401" download-size="2444" install-size="2444" />
	<plugin fragment="true" id="org.eclipse.equinox.p2.reconciler.dropins.nl_pt" unpack="false" version="3.5.0.v20090620043401" download-size="1381" install-size="1381" />
	<plugin fragment="true" id="org.eclipse.equinox.p2.repository.nl_pt" unpack="false" version="3.5.0.v20090620043401" download-size="2926" install-size="2926" />
	<plugin fragment="true" id="org.eclipse.equinox.p2.repository.tools.nl_pt" unpack="false" version="3.5.0.v20090620043401" download-size="3453" install-size="3453" />
	<plugin fragment="true" id="org.eclipse.equinox.p2.selfhosting.nl_pt" unpack="false" version="3.5.0.v20090620043401" download-size="1377" install-size="1377" />
	<plugin fragment="true" id="org.eclipse.equinox.p2.tests.nl_pt" unpack="false" version="3.5.0.v20090620043401" download-size="1836" install-size="1836" />
	<plugin fragment="true" id="org.eclipse.equinox.p2.tests.ui.nl_pt" unpack="false" version="3.5.0.v20090620043401" download-size="1375" install-size="1375" />
	<plugin fragment="true" id="org.eclipse.equinox.p2.tools.nl_pt" unpack="false" version="3.5.0.v20090620043401" download-size="1373" install-size="1373" />
	<plugin fragment="true" id="org.eclipse.equinox.p2.touchpoint.eclipse.nl_pt" unpack="false" version="3.5.0.v20090620043401" download-size="1377" install-size="1377" />
	<plugin fragment="true" id="org.eclipse.equinox.p2.touchpoint.natives.nl_pt" unpack="false" version="3.5.0.v20090620043401" download-size="1381" install-size="1381" />
	<plugin fragment="true" id="org.eclipse.equinox.p2.ui.admin.nl_pt" unpack="false" version="3.5.0.v20090620043401" download-size="2805" install-size="2805" />
	<plugin fragment="true" id="org.eclipse.equinox.p2.ui.admin.rcp.nl_pt" unpack="false" version="3.5.0.v20090620043401" download-size="2777" install-size="2777" />
	<plugin fragment="true" id="org.eclipse.equinox.p2.ui.nl_pt" unpack="false" version="3.5.0.v20090620043401" download-size="3349" install-size="3349" />
	<plugin fragment="true" id="org.eclipse.equinox.p2.ui.sdk.nl_pt" unpack="false" version="3.5.0.v20090620043401" download-size="2716" install-size="2716" />
	<plugin fragment="true" id="org.eclipse.equinox.p2.ui.sdk.scheduler.nl_pt" unpack="false" version="3.5.0.v20090620043401" download-size="3252" install-size="3252" />
	<plugin fragment="true" id="org.eclipse.equinox.p2.updatechecker.nl_pt" unpack="false" version="3.5.0.v20090620043401" download-size="1362" install-size="1362" />
	<plugin fragment="true" id="org.eclipse.equinox.p2.updatesite.nl_pt" unpack="false" version="3.5.0.v20090620043401" download-size="3012" install-size="3012" />
	<plugin fragment="true" id="org.eclipse.equinox.preferences.jmx.nl_pt" unpack="false" version="3.5.0.v20090620043401" download-size="2395" install-size="2395" />
	<plugin fragment="true" id="org.eclipse.equinox.simpleconfigurator.manipulator.nl_pt" unpack="false" version="3.5.0.v20090620043401" download-size="1369" install-size="1369" />
	<plugin fragment="true" id="org.eclipse.equinox.simpleconfigurator.nl_pt" unpack="false" version="3.5.0.v20090620043401" download-size="1362" install-size="1362" />
	<plugin fragment="true" id="org.eclipse.osgi.jmx.nl_pt" unpack="false" version="3.5.0.v20090620043401" download-size="2889" install-size="2889" />
	<plugin fragment="true" id="org.eclipse.swt.jmx.nl_pt" unpack="false" version="3.5.0.v20090620043401" download-size="2114" install-size="2114" />
</feature>