<?xml version="1.0" encoding="UTF-8" ?>
<feature
	id="org.eclipse.babel.nls_tools.mylyn_zh_TW"
	label="Babel Language Pack for tools.mylyn in Chinese (Traditional) (16.19%)"
	image="eclipse_update_120.jpg"
	provider-name="%providerName"
	version="3.5.0.v20090620043401">
	<copyright>
		%copyright
	</copyright>
	<license url="%licenseURL">
		%license
	</license>
	<description>Babel Language Pack for tools.mylyn in Chinese (Traditional)</description>
	<plugin fragment="true" id="org.eclipse.mylyn.bugzilla.core.nl_zh_TW" unpack="false" version="3.5.0.v20090620043401" download-size="2651" install-size="2651" />
	<plugin fragment="true" id="org.eclipse.mylyn.bugzilla.ide.nl_zh_TW" unpack="false" version="3.5.0.v20090620043401" download-size="1375" install-size="1375" />
	<plugin fragment="true" id="org.eclipse.mylyn.bugzilla.ui.nl_zh_TW" unpack="false" version="3.5.0.v20090620043401" download-size="3803" install-size="3803" />
	<plugin fragment="true" id="org.eclipse.mylyn.commons.core.nl_zh_TW" unpack="false" version="3.5.0.v20090620043401" download-size="1374" install-size="1374" />
	<plugin fragment="true" id="org.eclipse.mylyn.commons.net.nl_zh_TW" unpack="false" version="3.5.0.v20090620043401" download-size="2597" install-size="2597" />
	<plugin fragment="true" id="org.eclipse.mylyn.commons.soap.nl_zh_TW" unpack="false" version="3.5.0.v20090620043401" download-size="1375" install-size="1375" />
	<plugin fragment="true" id="org.eclipse.mylyn.commons.ui.nl_zh_TW" unpack="false" version="3.5.0.v20090620043401" download-size="2653" install-size="2653" />
	<plugin fragment="true" id="org.eclipse.mylyn.compatibility.nl_zh_TW" unpack="false" version="3.5.0.v20090620043401" download-size="1376" install-size="1376" />
	<plugin fragment="true" id="org.eclipse.mylyn.context.core.nl_zh_TW" unpack="false" version="3.5.0.v20090620043401" download-size="1375" install-size="1375" />
	<plugin fragment="true" id="org.eclipse.mylyn.context.ui.nl_zh_TW" unpack="false" version="3.5.0.v20090620043401" download-size="4702" install-size="4702" />
	<plugin fragment="true" id="org.eclipse.mylyn.discovery.core.nl_zh_TW" unpack="false" version="3.5.0.v20090620043401" download-size="2690" install-size="2690" />
	<plugin fragment="true" id="org.eclipse.mylyn.discovery.ui.nl_zh_TW" unpack="false" version="3.5.0.v20090620043401" download-size="2729" install-size="2729" />
	<plugin fragment="true" id="org.eclipse.mylyn.help.ui.nl_zh_TW" unpack="false" version="3.5.0.v20090620043401" download-size="1404" install-size="1404" />
	<plugin fragment="true" id="org.eclipse.mylyn.ide.ant.nl_zh_TW" unpack="false" version="3.5.0.v20090620043401" download-size="1371" install-size="1371" />
	<plugin fragment="true" id="org.eclipse.mylyn.ide.capabilities.nl_zh_TW" unpack="false" version="3.5.0.v20090620043401" download-size="1396" install-size="1396" />
	<plugin fragment="true" id="org.eclipse.mylyn.ide.ui.nl_zh_TW" unpack="false" version="3.5.0.v20090620043401" download-size="1372" install-size="1372" />
	<plugin fragment="true" id="org.eclipse.mylyn.java.tasks.nl_zh_TW" unpack="false" version="3.5.0.v20090620043401" download-size="2458" install-size="2458" />
	<plugin fragment="true" id="org.eclipse.mylyn.java.ui.nl_zh_TW" unpack="false" version="3.5.0.v20090620043401" download-size="1443" install-size="1443" />
	<plugin fragment="true" id="org.eclipse.mylyn.jira.core.nl_zh_TW" unpack="false" version="3.5.0.v20090620043401" download-size="3067" install-size="3067" />
	<plugin fragment="true" id="org.eclipse.mylyn.jira.ui.nl_zh_TW" unpack="false" version="3.5.0.v20090620043401" download-size="3655" install-size="3655" />
	<plugin fragment="true" id="org.eclipse.mylyn.monitor.core.nl_zh_TW" unpack="false" version="3.5.0.v20090620043401" download-size="2664" install-size="2664" />
	<plugin fragment="true" id="org.eclipse.mylyn.monitor.ui.nl_zh_TW" unpack="false" version="3.5.0.v20090620043401" download-size="1373" install-size="1373" />
	<plugin fragment="true" id="org.eclipse.mylyn.nl_zh_TW" unpack="false" version="3.5.0.v20090620043401" download-size="1366" install-size="1366" />
	<plugin fragment="true" id="org.eclipse.mylyn.pde.ui.nl_zh_TW" unpack="false" version="3.5.0.v20090620043401" download-size="1371" install-size="1371" />
	<plugin fragment="true" id="org.eclipse.mylyn.resources.ui.nl_zh_TW" unpack="false" version="3.5.0.v20090620043401" download-size="2700" install-size="2700" />
	<plugin fragment="true" id="org.eclipse.mylyn.tasks.bugs.nl_zh_TW" unpack="false" version="3.5.0.v20090620043401" download-size="3444" install-size="3444" />
	<plugin fragment="true" id="org.eclipse.mylyn.tasks.core.nl_zh_TW" unpack="false" version="3.5.0.v20090620043401" download-size="3591" install-size="3591" />
	<plugin fragment="true" id="org.eclipse.mylyn.tasks.ui.nl_zh_TW" unpack="false" version="3.5.0.v20090620043401" download-size="12318" install-size="12318" />
	<plugin fragment="true" id="org.eclipse.mylyn.team.cvs.nl_zh_TW" unpack="false" version="3.5.0.v20090620043401" download-size="1372" install-size="1372" />
	<plugin fragment="true" id="org.eclipse.mylyn.team.ui.nl_zh_TW" unpack="false" version="3.5.0.v20090620043401" download-size="3720" install-size="3720" />
	<plugin fragment="true" id="org.eclipse.mylyn.trac.core.nl_zh_TW" unpack="false" version="3.5.0.v20090620043401" download-size="3098" install-size="3098" />
	<plugin fragment="true" id="org.eclipse.mylyn.trac.ui.nl_zh_TW" unpack="false" version="3.5.0.v20090620043401" download-size="2680" install-size="2680" />
	<plugin fragment="true" id="org.eclipse.mylyn.wikitext.confluence.core.nl_zh_TW" unpack="false" version="3.5.0.v20090620043401" download-size="1385" install-size="1385" />
	<plugin fragment="true" id="org.eclipse.mylyn.wikitext.confluence.ui.nl_zh_TW" unpack="false" version="3.5.0.v20090620043401" download-size="1432" install-size="1432" />
	<plugin fragment="true" id="org.eclipse.mylyn.wikitext.core.nl_zh_TW" unpack="false" version="3.5.0.v20090620043401" download-size="4482" install-size="4482" />
	<plugin fragment="true" id="org.eclipse.mylyn.wikitext.help.sdk.nl_zh_TW" unpack="false" version="3.5.0.v20090620043401" download-size="1402" install-size="1402" />
	<plugin fragment="true" id="org.eclipse.mylyn.wikitext.help.ui.nl_zh_TW" unpack="false" version="3.5.0.v20090620043401" download-size="1402" install-size="1402" />
	<plugin fragment="true" id="org.eclipse.mylyn.wikitext.mediawiki.core.nl_zh_TW" unpack="false" version="3.5.0.v20090620043401" download-size="1408" install-size="1408" />
	<plugin fragment="true" id="org.eclipse.mylyn.wikitext.mediawiki.ui.nl_zh_TW" unpack="false" version="3.5.0.v20090620043401" download-size="1458" install-size="1458" />
	<plugin fragment="true" id="org.eclipse.mylyn.wikitext.tasks.ui.nl_zh_TW" unpack="false" version="3.5.0.v20090620043401" download-size="2872" install-size="2872" />
	<plugin fragment="true" id="org.eclipse.mylyn.wikitext.tests.nl_zh_TW" unpack="false" version="3.5.0.v20090620043401" download-size="1380" install-size="1380" />
	<plugin fragment="true" id="org.eclipse.mylyn.wikitext.textile.core.nl_zh_TW" unpack="false" version="3.5.0.v20090620043401" download-size="1384" install-size="1384" />
	<plugin fragment="true" id="org.eclipse.mylyn.wikitext.textile.ui.nl_zh_TW" unpack="false" version="3.5.0.v20090620043401" download-size="1451" install-size="1451" />
	<plugin fragment="true" id="org.eclipse.mylyn.wikitext.tracwiki.core.nl_zh_TW" unpack="false" version="3.5.0.v20090620043401" download-size="1387" install-size="1387" />
	<plugin fragment="true" id="org.eclipse.mylyn.wikitext.tracwiki.ui.nl_zh_TW" unpack="false" version="3.5.0.v20090620043401" download-size="1416" install-size="1416" />
	<plugin fragment="true" id="org.eclipse.mylyn.wikitext.twiki.core.nl_zh_TW" unpack="false" version="3.5.0.v20090620043401" download-size="1383" install-size="1383" />
	<plugin fragment="true" id="org.eclipse.mylyn.wikitext.twiki.ui.nl_zh_TW" unpack="false" version="3.5.0.v20090620043401" download-size="1430" install-size="1430" />
	<plugin fragment="true" id="org.eclipse.mylyn.wikitext.ui.nl_zh_TW" unpack="false" version="3.5.0.v20090620043401" download-size="7348" install-size="7348" />
	<plugin fragment="true" id="org.eclipse.mylyn.xplanner.core.nl_zh_TW" unpack="false" version="3.5.0.v20090620043401" download-size="2461" install-size="2461" />
	<plugin fragment="true" id="org.eclipse.mylyn.xplanner.ui.nl_zh_TW" unpack="false" version="3.5.0.v20090620043401" download-size="3794" install-size="3794" />
</feature>