<?xml version="1.0" encoding="UTF-8" ?>
<feature
	id="org.eclipse.babel.nls_technology.actf_nl"
	label="Babel Language Pack for technology.actf in Dutch (6.85%)"
	image="eclipse_update_120.jpg"
	provider-name="%providerName"
	version="3.5.0.v20090620043401">
	<copyright>
		%copyright
	</copyright>
	<license url="%licenseURL">
		%license
	</license>
	<description>Babel Language Pack for technology.actf in Dutch</description>
	<plugin fragment="true" id="org.eclipse.actf.core.nl_nl" unpack="false" version="3.5.0.v20090620043401" download-size="1603" install-size="1603" />
	<plugin fragment="true" id="org.eclipse.actf.model.flash.proxy.nl_nl" unpack="false" version="3.5.0.v20090620043401" download-size="1881" install-size="1881" />
	<plugin fragment="true" id="org.eclipse.actf.model.ui.nl_nl" unpack="false" version="3.5.0.v20090620043401" download-size="1510" install-size="1510" />
	<plugin fragment="true" id="org.eclipse.actf.ui.nl_nl" unpack="false" version="3.5.0.v20090620043401" download-size="1703" install-size="1703" />
	<plugin fragment="true" id="org.eclipse.actf.util.vocab.nl_nl" unpack="false" version="3.5.0.v20090620043401" download-size="1382" install-size="1382" />
	<plugin fragment="true" id="org.eclipse.actf.visualization.doc.isv.nl_nl" unpack="false" version="3.5.0.v20090620043401" download-size="1377" install-size="1377" />
	<plugin fragment="true" id="org.eclipse.actf.visualization.engines.blind.html.nl_nl" unpack="false" version="3.5.0.v20090620043401" download-size="1414" install-size="1414" />
	<plugin fragment="true" id="org.eclipse.actf.visualization.engines.blind.nl_nl" unpack="false" version="3.5.0.v20090620043401" download-size="1683" install-size="1683" />
	<plugin fragment="true" id="org.eclipse.actf.visualization.eval.nl_nl" unpack="false" version="3.5.0.v20090620043401" download-size="1882" install-size="1882" />
	<plugin fragment="true" id="org.eclipse.actf.visualization.gui.nl_nl" unpack="false" version="3.5.0.v20090620043401" download-size="1864" install-size="1864" />
	<plugin fragment="true" id="org.eclipse.actf.visualization.presentation.nl_nl" unpack="false" version="3.5.0.v20090620043401" download-size="1385" install-size="1385" />
	<plugin fragment="true" id="org.eclipse.actf.visualization.ui.report.nl_nl" unpack="false" version="3.5.0.v20090620043401" download-size="1453" install-size="1453" />
</feature>