<?xml version="1.0" encoding="UTF-8" ?>
<feature
	id="org.eclipse.babel.nls_tools.mylyn_tr"
	label="Babel Language Pack for tools.mylyn in Turkish (15.23%)"
	image="eclipse_update_120.jpg"
	provider-name="%providerName"
	version="3.5.0.v20090620043401">
	<copyright>
		%copyright
	</copyright>
	<license url="%licenseURL">
		%license
	</license>
	<description>Babel Language Pack for tools.mylyn in Turkish</description>
	<plugin fragment="true" id="org.eclipse.mylyn.bugzilla.core.nl_tr" unpack="false" version="3.5.0.v20090620043401" download-size="2553" install-size="2553" />
	<plugin fragment="true" id="org.eclipse.mylyn.bugzilla.ide.nl_tr" unpack="false" version="3.5.0.v20090620043401" download-size="1357" install-size="1357" />
	<plugin fragment="true" id="org.eclipse.mylyn.bugzilla.ui.nl_tr" unpack="false" version="3.5.0.v20090620043401" download-size="3733" install-size="3733" />
	<plugin fragment="true" id="org.eclipse.mylyn.commons.core.nl_tr" unpack="false" version="3.5.0.v20090620043401" download-size="1355" install-size="1355" />
	<plugin fragment="true" id="org.eclipse.mylyn.commons.net.nl_tr" unpack="false" version="3.5.0.v20090620043401" download-size="2542" install-size="2542" />
	<plugin fragment="true" id="org.eclipse.mylyn.commons.soap.nl_tr" unpack="false" version="3.5.0.v20090620043401" download-size="1355" install-size="1355" />
	<plugin fragment="true" id="org.eclipse.mylyn.commons.ui.nl_tr" unpack="false" version="3.5.0.v20090620043401" download-size="2548" install-size="2548" />
	<plugin fragment="true" id="org.eclipse.mylyn.compatibility.nl_tr" unpack="false" version="3.5.0.v20090620043401" download-size="1356" install-size="1356" />
	<plugin fragment="true" id="org.eclipse.mylyn.context.core.nl_tr" unpack="false" version="3.5.0.v20090620043401" download-size="1355" install-size="1355" />
	<plugin fragment="true" id="org.eclipse.mylyn.context.ui.nl_tr" unpack="false" version="3.5.0.v20090620043401" download-size="4607" install-size="4607" />
	<plugin fragment="true" id="org.eclipse.mylyn.discovery.core.nl_tr" unpack="false" version="3.5.0.v20090620043401" download-size="2640" install-size="2640" />
	<plugin fragment="true" id="org.eclipse.mylyn.discovery.ui.nl_tr" unpack="false" version="3.5.0.v20090620043401" download-size="2691" install-size="2691" />
	<plugin fragment="true" id="org.eclipse.mylyn.help.ui.nl_tr" unpack="false" version="3.5.0.v20090620043401" download-size="1384" install-size="1384" />
	<plugin fragment="true" id="org.eclipse.mylyn.ide.ant.nl_tr" unpack="false" version="3.5.0.v20090620043401" download-size="1352" install-size="1352" />
	<plugin fragment="true" id="org.eclipse.mylyn.ide.capabilities.nl_tr" unpack="false" version="3.5.0.v20090620043401" download-size="1375" install-size="1375" />
	<plugin fragment="true" id="org.eclipse.mylyn.ide.ui.nl_tr" unpack="false" version="3.5.0.v20090620043401" download-size="1351" install-size="1351" />
	<plugin fragment="true" id="org.eclipse.mylyn.java.tasks.nl_tr" unpack="false" version="3.5.0.v20090620043401" download-size="2417" install-size="2417" />
	<plugin fragment="true" id="org.eclipse.mylyn.java.ui.nl_tr" unpack="false" version="3.5.0.v20090620043401" download-size="1422" install-size="1422" />
	<plugin fragment="true" id="org.eclipse.mylyn.jira.core.nl_tr" unpack="false" version="3.5.0.v20090620043401" download-size="2983" install-size="2983" />
	<plugin fragment="true" id="org.eclipse.mylyn.jira.ui.nl_tr" unpack="false" version="3.5.0.v20090620043401" download-size="3525" install-size="3525" />
	<plugin fragment="true" id="org.eclipse.mylyn.monitor.core.nl_tr" unpack="false" version="3.5.0.v20090620043401" download-size="2633" install-size="2633" />
	<plugin fragment="true" id="org.eclipse.mylyn.monitor.ui.nl_tr" unpack="false" version="3.5.0.v20090620043401" download-size="1354" install-size="1354" />
	<plugin fragment="true" id="org.eclipse.mylyn.nl_tr" unpack="false" version="3.5.0.v20090620043401" download-size="1347" install-size="1347" />
	<plugin fragment="true" id="org.eclipse.mylyn.pde.ui.nl_tr" unpack="false" version="3.5.0.v20090620043401" download-size="1351" install-size="1351" />
	<plugin fragment="true" id="org.eclipse.mylyn.resources.ui.nl_tr" unpack="false" version="3.5.0.v20090620043401" download-size="2663" install-size="2663" />
	<plugin fragment="true" id="org.eclipse.mylyn.tasks.bugs.nl_tr" unpack="false" version="3.5.0.v20090620043401" download-size="3385" install-size="3385" />
	<plugin fragment="true" id="org.eclipse.mylyn.tasks.core.nl_tr" unpack="false" version="3.5.0.v20090620043401" download-size="3527" install-size="3527" />
	<plugin fragment="true" id="org.eclipse.mylyn.tasks.ui.nl_tr" unpack="false" version="3.5.0.v20090620043401" download-size="11841" install-size="11841" />
	<plugin fragment="true" id="org.eclipse.mylyn.team.cvs.nl_tr" unpack="false" version="3.5.0.v20090620043401" download-size="1353" install-size="1353" />
	<plugin fragment="true" id="org.eclipse.mylyn.team.ui.nl_tr" unpack="false" version="3.5.0.v20090620043401" download-size="3103" install-size="3103" />
	<plugin fragment="true" id="org.eclipse.mylyn.trac.core.nl_tr" unpack="false" version="3.5.0.v20090620043401" download-size="3004" install-size="3004" />
	<plugin fragment="true" id="org.eclipse.mylyn.trac.ui.nl_tr" unpack="false" version="3.5.0.v20090620043401" download-size="2649" install-size="2649" />
	<plugin fragment="true" id="org.eclipse.mylyn.wikitext.confluence.core.nl_tr" unpack="false" version="3.5.0.v20090620043401" download-size="1363" install-size="1363" />
	<plugin fragment="true" id="org.eclipse.mylyn.wikitext.confluence.ui.nl_tr" unpack="false" version="3.5.0.v20090620043401" download-size="1393" install-size="1393" />
	<plugin fragment="true" id="org.eclipse.mylyn.wikitext.core.nl_tr" unpack="false" version="3.5.0.v20090620043401" download-size="4412" install-size="4412" />
	<plugin fragment="true" id="org.eclipse.mylyn.wikitext.help.sdk.nl_tr" unpack="false" version="3.5.0.v20090620043401" download-size="1379" install-size="1379" />
	<plugin fragment="true" id="org.eclipse.mylyn.wikitext.help.ui.nl_tr" unpack="false" version="3.5.0.v20090620043401" download-size="1379" install-size="1379" />
	<plugin fragment="true" id="org.eclipse.mylyn.wikitext.mediawiki.core.nl_tr" unpack="false" version="3.5.0.v20090620043401" download-size="1383" install-size="1383" />
	<plugin fragment="true" id="org.eclipse.mylyn.wikitext.mediawiki.ui.nl_tr" unpack="false" version="3.5.0.v20090620043401" download-size="1435" install-size="1435" />
	<plugin fragment="true" id="org.eclipse.mylyn.wikitext.tasks.ui.nl_tr" unpack="false" version="3.5.0.v20090620043401" download-size="2862" install-size="2862" />
	<plugin fragment="true" id="org.eclipse.mylyn.wikitext.tests.nl_tr" unpack="false" version="3.5.0.v20090620043401" download-size="1357" install-size="1357" />
	<plugin fragment="true" id="org.eclipse.mylyn.wikitext.textile.core.nl_tr" unpack="false" version="3.5.0.v20090620043401" download-size="1360" install-size="1360" />
	<plugin fragment="true" id="org.eclipse.mylyn.wikitext.textile.ui.nl_tr" unpack="false" version="3.5.0.v20090620043401" download-size="1419" install-size="1419" />
	<plugin fragment="true" id="org.eclipse.mylyn.wikitext.tracwiki.core.nl_tr" unpack="false" version="3.5.0.v20090620043401" download-size="1362" install-size="1362" />
	<plugin fragment="true" id="org.eclipse.mylyn.wikitext.tracwiki.ui.nl_tr" unpack="false" version="3.5.0.v20090620043401" download-size="1392" install-size="1392" />
	<plugin fragment="true" id="org.eclipse.mylyn.wikitext.twiki.core.nl_tr" unpack="false" version="3.5.0.v20090620043401" download-size="1361" install-size="1361" />
	<plugin fragment="true" id="org.eclipse.mylyn.wikitext.twiki.ui.nl_tr" unpack="false" version="3.5.0.v20090620043401" download-size="1413" install-size="1413" />
	<plugin fragment="true" id="org.eclipse.mylyn.wikitext.ui.nl_tr" unpack="false" version="3.5.0.v20090620043401" download-size="6154" install-size="6154" />
	<plugin fragment="true" id="org.eclipse.mylyn.xplanner.core.nl_tr" unpack="false" version="3.5.0.v20090620043401" download-size="2413" install-size="2413" />
	<plugin fragment="true" id="org.eclipse.mylyn.xplanner.ui.nl_tr" unpack="false" version="3.5.0.v20090620043401" download-size="3707" install-size="3707" />
</feature>