<?xml version="1.0" encoding="UTF-8" ?>
<feature
	id="org.eclipse.babel.nls_dsdp.tm_ru"
	label="Babel Language Pack for dsdp.tm in Russian (21.66%)"
	image="eclipse_update_120.jpg"
	provider-name="%providerName"
	version="3.5.0.v20090620043401">
	<copyright>
		%copyright
	</copyright>
	<license url="%licenseURL">
		%license
	</license>
	<description>Babel Language Pack for dsdp.tm in Russian</description>
	<plugin fragment="true" id="org.eclipse.dstore.core.nl_ru" unpack="false" version="3.5.0.v20090620043401" download-size="1366" install-size="1366" />
	<plugin fragment="true" id="org.eclipse.dstore.doc.isv.nl_ru" unpack="false" version="3.5.0.v20090620043401" download-size="1369" install-size="1369" />
	<plugin fragment="true" id="org.eclipse.dstore.extra.nl_ru" unpack="false" version="3.5.0.v20090620043401" download-size="1368" install-size="1368" />
	<plugin fragment="true" id="org.eclipse.rse.connectorservice.dstore.nl_ru" unpack="false" version="3.5.0.v20090620043401" download-size="1377" install-size="1377" />
	<plugin fragment="true" id="org.eclipse.rse.connectorservice.local.nl_ru" unpack="false" version="3.5.0.v20090620043401" download-size="1376" install-size="1376" />
	<plugin fragment="true" id="org.eclipse.rse.connectorservice.ssh.nl_ru" unpack="false" version="3.5.0.v20090620043401" download-size="2840" install-size="2840" />
	<plugin fragment="true" id="org.eclipse.rse.connectorservice.telnet.nl_ru" unpack="false" version="3.5.0.v20090620043401" download-size="1377" install-size="1377" />
	<plugin fragment="true" id="org.eclipse.rse.core.nl_ru" unpack="false" version="3.5.0.v20090620043401" download-size="2484" install-size="2484" />
	<plugin fragment="true" id="org.eclipse.rse.discovery.nl_ru" unpack="false" version="3.5.0.v20090620043401" download-size="2213" install-size="2213" />
	<plugin fragment="true" id="org.eclipse.rse.doc.isv.nl_ru" unpack="false" version="3.5.0.v20090620043401" download-size="1367" install-size="1367" />
	<plugin fragment="true" id="org.eclipse.rse.doc.user.nl_ru" unpack="false" version="3.5.0.v20090620043401" download-size="1367" install-size="1367" />
	<plugin fragment="true" id="org.eclipse.rse.dstore.security.nl_ru" unpack="false" version="3.5.0.v20090620043401" download-size="2622" install-size="2622" />
	<plugin fragment="true" id="org.eclipse.rse.efs.nl_ru" unpack="false" version="3.5.0.v20090620043401" download-size="1364" install-size="1364" />
	<plugin fragment="true" id="org.eclipse.rse.efs.ui.nl_ru" unpack="false" version="3.5.0.v20090620043401" download-size="1366" install-size="1366" />
	<plugin fragment="true" id="org.eclipse.rse.examples.daytime.nl_ru" unpack="false" version="3.5.0.v20090620043401" download-size="1373" install-size="1373" />
	<plugin fragment="true" id="org.eclipse.rse.examples.tutorial.nl_ru" unpack="false" version="3.5.0.v20090620043401" download-size="1704" install-size="1704" />
	<plugin fragment="true" id="org.eclipse.rse.files.ui.nl_ru" unpack="false" version="3.5.0.v20090620043401" download-size="3563" install-size="3563" />
	<plugin fragment="true" id="org.eclipse.rse.importexport.nl_ru" unpack="false" version="3.5.0.v20090620043401" download-size="4189" install-size="4189" />
	<plugin fragment="true" id="org.eclipse.rse.nl_ru" unpack="false" version="3.5.0.v20090620043401" download-size="1361" install-size="1361" />
	<plugin fragment="true" id="org.eclipse.rse.processes.ui.nl_ru" unpack="false" version="3.5.0.v20090620043401" download-size="3153" install-size="3153" />
	<plugin fragment="true" id="org.eclipse.rse.remotecdt.nl_ru" unpack="false" version="3.5.0.v20090620043401" download-size="2364" install-size="2364" />
	<plugin fragment="true" id="org.eclipse.rse.sdk.nl_ru" unpack="false" version="3.5.0.v20090620043401" download-size="1365" install-size="1365" />
	<plugin fragment="true" id="org.eclipse.rse.services.dstore.nl_ru" unpack="false" version="3.5.0.v20090620043401" download-size="1599" install-size="1599" />
	<plugin fragment="true" id="org.eclipse.rse.services.files.ftp.nl_ru" unpack="false" version="3.5.0.v20090620043401" download-size="2617" install-size="2617" />
	<plugin fragment="true" id="org.eclipse.rse.services.local.nl_ru" unpack="false" version="3.5.0.v20090620043401" download-size="1372" install-size="1372" />
	<plugin fragment="true" id="org.eclipse.rse.services.nl_ru" unpack="false" version="3.5.0.v20090620043401" download-size="3108" install-size="3108" />
	<plugin fragment="true" id="org.eclipse.rse.services.ssh.nl_ru" unpack="false" version="3.5.0.v20090620043401" download-size="1370" install-size="1370" />
	<plugin fragment="true" id="org.eclipse.rse.services.telnet.nl_ru" unpack="false" version="3.5.0.v20090620043401" download-size="1371" install-size="1371" />
	<plugin fragment="true" id="org.eclipse.rse.shells.ui.nl_ru" unpack="false" version="3.5.0.v20090620043401" download-size="2706" install-size="2706" />
	<plugin fragment="true" id="org.eclipse.rse.subsystems.files.core.nl_ru" unpack="false" version="3.5.0.v20090620043401" download-size="2921" install-size="2921" />
	<plugin fragment="true" id="org.eclipse.rse.subsystems.files.dstore.nl_ru" unpack="false" version="3.5.0.v20090620043401" download-size="1403" install-size="1403" />
	<plugin fragment="true" id="org.eclipse.rse.subsystems.files.ftp.nl_ru" unpack="false" version="3.5.0.v20090620043401" download-size="1416" install-size="1416" />
	<plugin fragment="true" id="org.eclipse.rse.subsystems.files.local.nl_ru" unpack="false" version="3.5.0.v20090620043401" download-size="1377" install-size="1377" />
	<plugin fragment="true" id="org.eclipse.rse.subsystems.files.ssh.nl_ru" unpack="false" version="3.5.0.v20090620043401" download-size="1375" install-size="1375" />
	<plugin fragment="true" id="org.eclipse.rse.subsystems.processes.core.nl_ru" unpack="false" version="3.5.0.v20090620043401" download-size="1377" install-size="1377" />
	<plugin fragment="true" id="org.eclipse.rse.subsystems.processes.dstore.nl_ru" unpack="false" version="3.5.0.v20090620043401" download-size="1378" install-size="1378" />
	<plugin fragment="true" id="org.eclipse.rse.subsystems.processes.local.nl_ru" unpack="false" version="3.5.0.v20090620043401" download-size="1378" install-size="1378" />
	<plugin fragment="true" id="org.eclipse.rse.subsystems.processes.shell.linux.nl_ru" unpack="false" version="3.5.0.v20090620043401" download-size="1383" install-size="1383" />
	<plugin fragment="true" id="org.eclipse.rse.subsystems.shells.core.nl_ru" unpack="false" version="3.5.0.v20090620043401" download-size="1376" install-size="1376" />
	<plugin fragment="true" id="org.eclipse.rse.subsystems.shells.dstore.nl_ru" unpack="false" version="3.5.0.v20090620043401" download-size="1378" install-size="1378" />
	<plugin fragment="true" id="org.eclipse.rse.subsystems.shells.local.nl_ru" unpack="false" version="3.5.0.v20090620043401" download-size="1377" install-size="1377" />
	<plugin fragment="true" id="org.eclipse.rse.subsystems.shells.ssh.nl_ru" unpack="false" version="3.5.0.v20090620043401" download-size="1376" install-size="1376" />
	<plugin fragment="true" id="org.eclipse.rse.subsystems.shells.telnet.nl_ru" unpack="false" version="3.5.0.v20090620043401" download-size="1377" install-size="1377" />
	<plugin fragment="true" id="org.eclipse.rse.subsystems.terminals.core.nl_ru" unpack="false" version="3.5.0.v20090620043401" download-size="1377" install-size="1377" />
	<plugin fragment="true" id="org.eclipse.rse.subsystems.terminals.ssh.nl_ru" unpack="false" version="3.5.0.v20090620043401" download-size="1378" install-size="1378" />
	<plugin fragment="true" id="org.eclipse.rse.subsystems.wince.nl_ru" unpack="false" version="3.5.0.v20090620043401" download-size="1391" install-size="1391" />
	<plugin fragment="true" id="org.eclipse.rse.terminals.ui.nl_ru" unpack="false" version="3.5.0.v20090620043401" download-size="1409" install-size="1409" />
	<plugin fragment="true" id="org.eclipse.rse.tests.framework.nl_ru" unpack="false" version="3.5.0.v20090620043401" download-size="1467" install-size="1467" />
	<plugin fragment="true" id="org.eclipse.rse.tests.nl_ru" unpack="false" version="3.5.0.v20090620043401" download-size="2442" install-size="2442" />
	<plugin fragment="true" id="org.eclipse.rse.ui.nl_ru" unpack="false" version="3.5.0.v20090620043401" download-size="6382" install-size="6382" />
	<plugin fragment="true" id="org.eclipse.rse.useractions.nl_ru" unpack="false" version="3.5.0.v20090620043401" download-size="3654" install-size="3654" />
	<plugin fragment="true" id="org.eclipse.tm.discovery.doc.isv.nl_ru" unpack="false" version="3.5.0.v20090620043401" download-size="1373" install-size="1373" />
	<plugin fragment="true" id="org.eclipse.tm.discovery.engine.nl_ru" unpack="false" version="3.5.0.v20090620043401" download-size="1372" install-size="1372" />
	<plugin fragment="true" id="org.eclipse.tm.discovery.model.edit.nl_ru" unpack="false" version="3.5.0.v20090620043401" download-size="1374" install-size="1374" />
	<plugin fragment="true" id="org.eclipse.tm.discovery.model.nl_ru" unpack="false" version="3.5.0.v20090620043401" download-size="1372" install-size="1372" />
	<plugin fragment="true" id="org.eclipse.tm.discovery.protocol.dnssd.nl_ru" unpack="false" version="3.5.0.v20090620043401" download-size="1377" install-size="1377" />
	<plugin fragment="true" id="org.eclipse.tm.discovery.transport.udp.nl_ru" unpack="false" version="3.5.0.v20090620043401" download-size="1377" install-size="1377" />
	<plugin fragment="true" id="org.eclipse.tm.discovery.view.nl_ru" unpack="false" version="3.5.0.v20090620043401" download-size="2558" install-size="2558" />
	<plugin fragment="true" id="org.eclipse.tm.discovery.wizard.nl_ru" unpack="false" version="3.5.0.v20090620043401" download-size="2610" install-size="2610" />
	<plugin fragment="true" id="org.eclipse.tm.rapi.examples.nl_ru" unpack="false" version="3.5.0.v20090620043401" download-size="1370" install-size="1370" />
	<plugin fragment="true" id="org.eclipse.tm.rapi.nl_ru" unpack="false" version="3.5.0.v20090620043401" download-size="1364" install-size="1364" />
	<plugin fragment="true" id="org.eclipse.tm.rapi.tests.nl_ru" unpack="false" version="3.5.0.v20090620043401" download-size="1368" install-size="1368" />
	<plugin fragment="true" id="org.eclipse.tm.terminal.nl_ru" unpack="false" version="3.5.0.v20090620043401" download-size="2663" install-size="2663" />
	<plugin fragment="true" id="org.eclipse.tm.terminal.serial.nl_ru" unpack="false" version="3.5.0.v20090620043401" download-size="2553" install-size="2553" />
	<plugin fragment="true" id="org.eclipse.tm.terminal.ssh.nl_ru" unpack="false" version="3.5.0.v20090620043401" download-size="3018" install-size="3018" />
	<plugin fragment="true" id="org.eclipse.tm.terminal.telnet.nl_ru" unpack="false" version="3.5.0.v20090620043401" download-size="2410" install-size="2410" />
	<plugin fragment="true" id="org.eclipse.tm.terminal.test.nl_ru" unpack="false" version="3.5.0.v20090620043401" download-size="1370" install-size="1370" />
	<plugin fragment="true" id="org.eclipse.tm.terminal.view.nl_ru" unpack="false" version="3.5.0.v20090620043401" download-size="3255" install-size="3255" />
	<plugin fragment="true" id="test.data.nl_ru" unpack="false" version="3.5.0.v20090620043401" download-size="2908" install-size="2908" />
</feature>