<?xml version="1.0" encoding="UTF-8" ?>
<feature
	id="org.eclipse.babel.nls_webtools.sourceediting_iw"
	label="Babel Language Pack for webtools.sourceediting in Hebrew (65.27%)"
	image="eclipse_update_120.jpg"
	provider-name="%providerName"
	version="3.5.0.v20090620043401">
	<copyright>
		%copyright
	</copyright>
	<license url="%licenseURL">
		%license
	</license>
	<description>Babel Language Pack for webtools.sourceediting in Hebrew</description>
	<plugin fragment="true" id="org.eclipse.jst.jsp.core.nl_iw" unpack="false" version="3.5.0.v20090620043401" download-size="2544" install-size="2544" />
	<plugin fragment="true" id="org.eclipse.jst.jsp.ui.infopop.nl_iw" unpack="false" version="3.5.0.v20090620043401" download-size="1399" install-size="1399" />
	<plugin fragment="true" id="org.eclipse.jst.jsp.ui.nl_iw" unpack="false" version="3.5.0.v20090620043401" download-size="4161" install-size="4161" />
	<plugin fragment="true" id="org.eclipse.jst.standard.schemas.nl_iw" unpack="false" version="3.5.0.v20090620043401" download-size="1377" install-size="1377" />
	<plugin fragment="true" id="org.eclipse.wst.css.core.nl_iw" unpack="false" version="3.5.0.v20090620043401" download-size="1669" install-size="1669" />
	<plugin fragment="true" id="org.eclipse.wst.css.ui.nl_iw" unpack="false" version="3.5.0.v20090620043401" download-size="3408" install-size="3408" />
	<plugin fragment="true" id="org.eclipse.wst.doc.user.nl_iw" unpack="false" version="3.5.0.v20090620043401" download-size="1367" install-size="1367" />
	<plugin fragment="true" id="org.eclipse.wst.dtd.core.nl_iw" unpack="false" version="3.5.0.v20090620043401" download-size="3123" install-size="3123" />
	<plugin fragment="true" id="org.eclipse.wst.dtd.ui.infopop.nl_iw" unpack="false" version="3.5.0.v20090620043401" download-size="1395" install-size="1395" />
	<plugin fragment="true" id="org.eclipse.wst.dtd.ui.nl_iw" unpack="false" version="3.5.0.v20090620043401" download-size="4216" install-size="4216" />
	<plugin fragment="true" id="org.eclipse.wst.dtdeditor.doc.user.nl_iw" unpack="false" version="3.5.0.v20090620043401" download-size="1373" install-size="1373" />
	<plugin fragment="true" id="org.eclipse.wst.html.core.nl_iw" unpack="false" version="3.5.0.v20090620043401" download-size="1368" install-size="1368" />
	<plugin fragment="true" id="org.eclipse.wst.html.ui.infopop.nl_iw" unpack="false" version="3.5.0.v20090620043401" download-size="1377" install-size="1377" />
	<plugin fragment="true" id="org.eclipse.wst.html.ui.nl_iw" unpack="false" version="3.5.0.v20090620043401" download-size="5272" install-size="5272" />
	<plugin fragment="true" id="org.eclipse.wst.javascript.core.nl_iw" unpack="false" version="3.5.0.v20090620043401" download-size="2452" install-size="2452" />
	<plugin fragment="true" id="org.eclipse.wst.javascript.ui.infopop.nl_iw" unpack="false" version="3.5.0.v20090620043401" download-size="1381" install-size="1381" />
	<plugin fragment="true" id="org.eclipse.wst.javascript.ui.nl_iw" unpack="false" version="3.5.0.v20090620043401" download-size="4071" install-size="4071" />
	<plugin fragment="true" id="org.eclipse.wst.jsdt.core.nl_iw" unpack="false" version="3.5.0.v20090620043401" download-size="17954" install-size="17954" />
	<plugin fragment="true" id="org.eclipse.wst.jsdt.doc.nl_iw" unpack="false" version="3.5.0.v20090620043401" download-size="1368" install-size="1368" />
	<plugin fragment="true" id="org.eclipse.wst.jsdt.manipulation.nl_iw" unpack="false" version="3.5.0.v20090620043401" download-size="3382" install-size="3382" />
	<plugin fragment="true" id="org.eclipse.wst.jsdt.support.firefox.nl_iw" unpack="false" version="3.5.0.v20090620043401" download-size="1375" install-size="1375" />
	<plugin fragment="true" id="org.eclipse.wst.jsdt.support.ie.nl_iw" unpack="false" version="3.5.0.v20090620043401" download-size="1375" install-size="1375" />
	<plugin fragment="true" id="org.eclipse.wst.jsdt.ui.nl_iw" unpack="false" version="3.5.0.v20090620043401" download-size="105874" install-size="105874" />
	<plugin fragment="true" id="org.eclipse.wst.jsdt.web.core.nl_iw" unpack="false" version="3.5.0.v20090620043401" download-size="2589" install-size="2589" />
	<plugin fragment="true" id="org.eclipse.wst.jsdt.web.support.jsp.nl_iw" unpack="false" version="3.5.0.v20090620043401" download-size="1377" install-size="1377" />
	<plugin fragment="true" id="org.eclipse.wst.jsdt.web.ui.nl_iw" unpack="false" version="3.5.0.v20090620043401" download-size="4298" install-size="4298" />
	<plugin fragment="true" id="org.eclipse.wst.sse.core.nl_iw" unpack="false" version="3.5.0.v20090620043401" download-size="2632" install-size="2632" />
	<plugin fragment="true" id="org.eclipse.wst.sse.doc.user.nl_iw" unpack="false" version="3.5.0.v20090620043401" download-size="1374" install-size="1374" />
	<plugin fragment="true" id="org.eclipse.wst.sse.ui.infopop.nl_iw" unpack="false" version="3.5.0.v20090620043401" download-size="1375" install-size="1375" />
	<plugin fragment="true" id="org.eclipse.wst.sse.ui.nl_iw" unpack="false" version="3.5.0.v20090620043401" download-size="7598" install-size="7598" />
	<plugin fragment="true" id="org.eclipse.wst.standard.schemas.nl_iw" unpack="false" version="3.5.0.v20090620043401" download-size="1376" install-size="1376" />
	<plugin fragment="true" id="org.eclipse.wst.web.nl_iw" unpack="false" version="3.5.0.v20090620043401" download-size="1900" install-size="1900" />
	<plugin fragment="true" id="org.eclipse.wst.web.ui.nl_iw" unpack="false" version="3.5.0.v20090620043401" download-size="1411" install-size="1411" />
	<plugin fragment="true" id="org.eclipse.wst.webtools.doc.user.nl_iw" unpack="false" version="3.5.0.v20090620043401" download-size="1372" install-size="1372" />
	<plugin fragment="true" id="org.eclipse.wst.xml.core.nl_iw" unpack="false" version="3.5.0.v20090620043401" download-size="2405" install-size="2405" />
	<plugin fragment="true" id="org.eclipse.wst.xml.ui.infopop.nl_iw" unpack="false" version="3.5.0.v20090620043401" download-size="1391" install-size="1391" />
	<plugin fragment="true" id="org.eclipse.wst.xml.ui.nl_iw" unpack="false" version="3.5.0.v20090620043401" download-size="10403" install-size="10403" />
	<plugin fragment="true" id="org.eclipse.wst.xml.xpath.core.nl_iw" unpack="false" version="3.5.0.v20090620043401" download-size="1372" install-size="1372" />
	<plugin fragment="true" id="org.eclipse.wst.xml.xpath.ui.nl_iw" unpack="false" version="3.5.0.v20090620043401" download-size="3074" install-size="3074" />
	<plugin fragment="true" id="org.eclipse.wst.xml.xpath2.processor.nl_iw" unpack="false" version="3.5.0.v20090620043401" download-size="1376" install-size="1376" />
	<plugin fragment="true" id="org.eclipse.wst.xmleditor.doc.user.nl_iw" unpack="false" version="3.5.0.v20090620043401" download-size="1374" install-size="1374" />
	<plugin fragment="true" id="org.eclipse.wst.xsd.core.nl_iw" unpack="false" version="3.5.0.v20090620043401" download-size="1414" install-size="1414" />
	<plugin fragment="true" id="org.eclipse.wst.xsd.ui.nl_iw" unpack="false" version="3.5.0.v20090620043401" download-size="16183" install-size="16183" />
	<plugin fragment="true" id="org.eclipse.wst.xsdeditor.doc.user.nl_iw" unpack="false" version="3.5.0.v20090620043401" download-size="1400" install-size="1400" />
	<plugin fragment="true" id="org.eclipse.wst.xsl.core.nl_iw" unpack="false" version="3.5.0.v20090620043401" download-size="1384" install-size="1384" />
	<plugin fragment="true" id="org.eclipse.wst.xsl.debug.ui.nl_iw" unpack="false" version="3.5.0.v20090620043401" download-size="4043" install-size="4043" />
	<plugin fragment="true" id="org.eclipse.wst.xsl.doc.nl_iw" unpack="false" version="3.5.0.v20090620043401" download-size="1366" install-size="1366" />
	<plugin fragment="true" id="org.eclipse.wst.xsl.jaxp.debug.nl_iw" unpack="false" version="3.5.0.v20090620043401" download-size="3026" install-size="3026" />
	<plugin fragment="true" id="org.eclipse.wst.xsl.jaxp.debug.ui.nl_iw" unpack="false" version="3.5.0.v20090620043401" download-size="4056" install-size="4056" />
	<plugin fragment="true" id="org.eclipse.wst.xsl.jaxp.launching.nl_iw" unpack="false" version="3.5.0.v20090620043401" download-size="2897" install-size="2897" />
	<plugin fragment="true" id="org.eclipse.wst.xsl.launching.nl_iw" unpack="false" version="3.5.0.v20090620043401" download-size="1376" install-size="1376" />
	<plugin fragment="true" id="org.eclipse.wst.xsl.launching.tests.nl_iw" unpack="false" version="3.5.0.v20090620043401" download-size="1379" install-size="1379" />
	<plugin fragment="true" id="org.eclipse.wst.xsl.nl_iw" unpack="false" version="3.5.0.v20090620043401" download-size="1368" install-size="1368" />
	<plugin fragment="true" id="org.eclipse.wst.xsl.saxon.nl_iw" unpack="false" version="3.5.0.v20090620043401" download-size="1372" install-size="1372" />
	<plugin fragment="true" id="org.eclipse.wst.xsl.sdk.documentation.nl_iw" unpack="false" version="3.5.0.v20090620043401" download-size="1376" install-size="1376" />
	<plugin fragment="true" id="org.eclipse.wst.xsl.tests.nl_iw" unpack="false" version="3.5.0.v20090620043401" download-size="1372" install-size="1372" />
	<plugin fragment="true" id="org.eclipse.wst.xsl.ui.nl_iw" unpack="false" version="3.5.0.v20090620043401" download-size="2530" install-size="2530" />
	<plugin fragment="true" id="org.eclipse.wst.xsl.xalan.nl_iw" unpack="false" version="3.5.0.v20090620043401" download-size="1406" install-size="1406" />
</feature>