<?xml version="1.0" encoding="UTF-8" ?>
<feature
	id="org.eclipse.babel.nls_webtools.common_it"
	label="Babel Language Pack for webtools.common in Italian (46.99%)"
	image="eclipse_update_120.jpg"
	provider-name="%providerName"
	version="3.5.0.v20090620043401">
	<copyright>
		%copyright
	</copyright>
	<license url="%licenseURL">
		%license
	</license>
	<description>Babel Language Pack for webtools.common in Italian</description>
	<plugin fragment="true" id="org.eclipse.jem.util.nl_it" unpack="false" version="3.5.0.v20090620043401" download-size="1842" install-size="1842" />
	<plugin fragment="true" id="org.eclipse.jst.common.annotations.controller.nl_it" unpack="false" version="3.5.0.v20090620043401" download-size="2013" install-size="2013" />
	<plugin fragment="true" id="org.eclipse.jst.common.annotations.core.nl_it" unpack="false" version="3.5.0.v20090620043401" download-size="1791" install-size="1791" />
	<plugin fragment="true" id="org.eclipse.jst.common.annotations.ui.nl_it" unpack="false" version="3.5.0.v20090620043401" download-size="1733" install-size="1733" />
	<plugin fragment="true" id="org.eclipse.jst.common.fproj.enablement.jdt.sdk.nl_it" unpack="false" version="3.5.0.v20090620043401" download-size="1382" install-size="1382" />
	<plugin fragment="true" id="org.eclipse.jst.common.frameworks.nl_it" unpack="false" version="3.5.0.v20090620043401" download-size="1396" install-size="1396" />
	<plugin fragment="true" id="org.eclipse.jst.common.project.facet.core.nl_it" unpack="false" version="3.5.0.v20090620043401" download-size="3220" install-size="3220" />
	<plugin fragment="true" id="org.eclipse.jst.common.project.facet.ui.nl_it" unpack="false" version="3.5.0.v20090620043401" download-size="5088" install-size="5088" />
	<plugin fragment="true" id="org.eclipse.wst.common.api.doc.nl_it" unpack="false" version="3.5.0.v20090620043401" download-size="1964" install-size="1964" />
	<plugin fragment="true" id="org.eclipse.wst.common.core.nl_it" unpack="false" version="3.5.0.v20090620043401" download-size="2627" install-size="2627" />
	<plugin fragment="true" id="org.eclipse.wst.common.emf.nl_it" unpack="false" version="3.5.0.v20090620043401" download-size="2052" install-size="2052" />
	<plugin fragment="true" id="org.eclipse.wst.common.emfworkbench.integration.nl_it" unpack="false" version="3.5.0.v20090620043401" download-size="2738" install-size="2738" />
	<plugin fragment="true" id="org.eclipse.wst.common.environment.nl_it" unpack="false" version="3.5.0.v20090620043401" download-size="3113" install-size="3113" />
	<plugin fragment="true" id="org.eclipse.wst.common.fproj.sdk.nl_it" unpack="false" version="3.5.0.v20090620043401" download-size="1373" install-size="1373" />
	<plugin fragment="true" id="org.eclipse.wst.common.frameworks.nl_it" unpack="false" version="3.5.0.v20090620043401" download-size="2770" install-size="2770" />
	<plugin fragment="true" id="org.eclipse.wst.common.frameworks.ui.nl_it" unpack="false" version="3.5.0.v20090620043401" download-size="4235" install-size="4235" />
	<plugin fragment="true" id="org.eclipse.wst.common.infopop.nl_it" unpack="false" version="3.5.0.v20090620043401" download-size="1400" install-size="1400" />
	<plugin fragment="true" id="org.eclipse.wst.common.modulecore.nl_it" unpack="false" version="3.5.0.v20090620043401" download-size="2176" install-size="2176" />
	<plugin fragment="true" id="org.eclipse.wst.common.project.facet.core.nl_it" unpack="false" version="3.5.0.v20090620043401" download-size="8822" install-size="8822" />
	<plugin fragment="true" id="org.eclipse.wst.common.project.facet.doc.api.nl_it" unpack="false" version="3.5.0.v20090620043401" download-size="1379" install-size="1379" />
	<plugin fragment="true" id="org.eclipse.wst.common.project.facet.ui.nl_it" unpack="false" version="3.5.0.v20090620043401" download-size="7548" install-size="7548" />
	<plugin fragment="true" id="org.eclipse.wst.common.snippets.nl_it" unpack="false" version="3.5.0.v20090620043401" download-size="3357" install-size="3357" />
	<plugin fragment="true" id="org.eclipse.wst.common.ui.nl_it" unpack="false" version="3.5.0.v20090620043401" download-size="4902" install-size="4902" />
	<plugin fragment="true" id="org.eclipse.wst.common.ui.properties.nl_it" unpack="false" version="3.5.0.v20090620043401" download-size="3322" install-size="3322" />
	<plugin fragment="true" id="org.eclipse.wst.common.uriresolver.nl_it" unpack="false" version="3.5.0.v20090620043401" download-size="1430" install-size="1430" />
	<plugin fragment="true" id="org.eclipse.wst.internet.cache.nl_it" unpack="false" version="3.5.0.v20090620043401" download-size="3084" install-size="3084" />
	<plugin fragment="true" id="org.eclipse.wst.validation.doc.isv.nl_it" unpack="false" version="3.5.0.v20090620043401" download-size="1378" install-size="1378" />
	<plugin fragment="true" id="org.eclipse.wst.validation.infopop.nl_it" unpack="false" version="3.5.0.v20090620043401" download-size="1412" install-size="1412" />
	<plugin fragment="true" id="org.eclipse.wst.validation.nl_it" unpack="false" version="3.5.0.v20090620043401" download-size="4646" install-size="4646" />
	<plugin fragment="true" id="org.eclipse.wst.validation.ui.nl_it" unpack="false" version="3.5.0.v20090620043401" download-size="3704" install-size="3704" />
</feature>