<?xml version="1.0" encoding="UTF-8" ?>
<feature
	id="org.eclipse.babel.nls_birt_cs"
	label="Babel Language Pack for birt in Czech (70.3%)"
	image="eclipse_update_120.jpg"
	provider-name="%providerName"
	version="3.5.0.v20090620043401">
	<copyright>
		%copyright
	</copyright>
	<license url="%licenseURL">
		%license
	</license>
	<description>Babel Language Pack for birt in Czech</description>
	<plugin fragment="true" id="org.eclipse.birt.chart.cshelp.nl_cs" unpack="false" version="3.5.0.v20090620043401" download-size="1527" install-size="1527" />
	<plugin fragment="true" id="org.eclipse.birt.chart.device.extension.nl_cs" unpack="false" version="3.5.0.v20090620043401" download-size="3688" install-size="3688" />
	<plugin fragment="true" id="org.eclipse.birt.chart.device.svg.nl_cs" unpack="false" version="3.5.0.v20090620043401" download-size="2927" install-size="2927" />
	<plugin fragment="true" id="org.eclipse.birt.chart.device.swt.nl_cs" unpack="false" version="3.5.0.v20090620043401" download-size="2974" install-size="2974" />
	<plugin fragment="true" id="org.eclipse.birt.chart.doc.isv.nl_cs" unpack="false" version="3.5.0.v20090620043401" download-size="1526" install-size="1526" />
	<plugin fragment="true" id="org.eclipse.birt.chart.engine.extension.nl_cs" unpack="false" version="3.5.0.v20090620043401" download-size="4274" install-size="4274" />
	<plugin fragment="true" id="org.eclipse.birt.chart.engine.nl_cs" unpack="false" version="3.5.0.v20090620043401" download-size="8976" install-size="8976" />
	<plugin fragment="true" id="org.eclipse.birt.chart.examples.nl_cs" unpack="false" version="3.5.0.v20090620043401" download-size="2521" install-size="2521" />
	<plugin fragment="true" id="org.eclipse.birt.chart.integration.wtp.ui.nl_cs" unpack="false" version="3.5.0.v20090620043401" download-size="2771" install-size="2771" />
	<plugin fragment="true" id="org.eclipse.birt.chart.reportitem.nl_cs" unpack="false" version="3.5.0.v20090620043401" download-size="3554" install-size="3554" />
	<plugin fragment="true" id="org.eclipse.birt.chart.reportitem.ui.nl_cs" unpack="false" version="3.5.0.v20090620043401" download-size="4085" install-size="4085" />
	<plugin fragment="true" id="org.eclipse.birt.chart.runtime.nl_cs" unpack="false" version="3.5.0.v20090620043401" download-size="1521" install-size="1521" />
	<plugin fragment="true" id="org.eclipse.birt.chart.ui.extension.nl_cs" unpack="false" version="3.5.0.v20090620043401" download-size="13783" install-size="13783" />
	<plugin fragment="true" id="org.eclipse.birt.chart.ui.nl_cs" unpack="false" version="3.5.0.v20090620043401" download-size="3893" install-size="3893" />
	<plugin fragment="true" id="org.eclipse.birt.core.nl_cs" unpack="false" version="3.5.0.v20090620043401" download-size="2153" install-size="2153" />
	<plugin fragment="true" id="org.eclipse.birt.core.script.function.nl_cs" unpack="false" version="3.5.0.v20090620043401" download-size="1469" install-size="1469" />
	<plugin fragment="true" id="org.eclipse.birt.core.ui.nl_cs" unpack="false" version="3.5.0.v20090620043401" download-size="2644" install-size="2644" />
	<plugin fragment="true" id="org.eclipse.birt.cshelp.nl_cs" unpack="false" version="3.5.0.v20090620043401" download-size="1520" install-size="1520" />
	<plugin fragment="true" id="org.eclipse.birt.data.aggregation.nl_cs" unpack="false" version="3.5.0.v20090620043401" download-size="2347" install-size="2347" />
	<plugin fragment="true" id="org.eclipse.birt.data.nl_cs" unpack="false" version="3.5.0.v20090620043401" download-size="7629" install-size="7629" />
	<plugin fragment="true" id="org.eclipse.birt.data.tests.nl_cs" unpack="false" version="3.5.0.v20090620043401" download-size="1384" install-size="1384" />
	<plugin fragment="true" id="org.eclipse.birt.doc.isv.nl_cs" unpack="false" version="3.5.0.v20090620043401" download-size="1517" install-size="1517" />
	<plugin fragment="true" id="org.eclipse.birt.doc.nl_cs" unpack="false" version="3.5.0.v20090620043401" download-size="1512" install-size="1512" />
	<plugin fragment="true" id="org.eclipse.birt.example.nl_cs" unpack="false" version="3.5.0.v20090620043401" download-size="1512" install-size="1512" />
	<plugin fragment="true" id="org.eclipse.birt.integration.wtp.ui.nl_cs" unpack="false" version="3.5.0.v20090620043401" download-size="2762" install-size="2762" />
	<plugin fragment="true" id="org.eclipse.birt.nl_cs" unpack="false" version="3.5.0.v20090620043401" download-size="1407" install-size="1407" />
	<plugin fragment="true" id="org.eclipse.birt.report.data.adapter.nl_cs" unpack="false" version="3.5.0.v20090620043401" download-size="2621" install-size="2621" />
	<plugin fragment="true" id="org.eclipse.birt.report.data.oda.jdbc.dbprofile.nl_cs" unpack="false" version="3.5.0.v20090620043401" download-size="1544" install-size="1544" />
	<plugin fragment="true" id="org.eclipse.birt.report.data.oda.jdbc.dbprofile.ui.nl_cs" unpack="false" version="3.5.0.v20090620043401" download-size="1412" install-size="1412" />
	<plugin fragment="true" id="org.eclipse.birt.report.data.oda.jdbc.nl_cs" unpack="false" version="3.5.0.v20090620043401" download-size="4367" install-size="4367" />
	<plugin fragment="true" id="org.eclipse.birt.report.data.oda.jdbc.ui.nl_cs" unpack="false" version="3.5.0.v20090620043401" download-size="5387" install-size="5387" />
	<plugin fragment="true" id="org.eclipse.birt.report.data.oda.sampledb.nl_cs" unpack="false" version="3.5.0.v20090620043401" download-size="1632" install-size="1632" />
	<plugin fragment="true" id="org.eclipse.birt.report.data.oda.sampledb.ui.nl_cs" unpack="false" version="3.5.0.v20090620043401" download-size="3452" install-size="3452" />
	<plugin fragment="true" id="org.eclipse.birt.report.data.oda.xml.nl_cs" unpack="false" version="3.5.0.v20090620043401" download-size="3073" install-size="3073" />
	<plugin fragment="true" id="org.eclipse.birt.report.data.oda.xml.ui.nl_cs" unpack="false" version="3.5.0.v20090620043401" download-size="1733" install-size="1733" />
	<plugin fragment="true" id="org.eclipse.birt.report.debug.core.nl_cs" unpack="false" version="3.5.0.v20090620043401" download-size="1535" install-size="1535" />
	<plugin fragment="true" id="org.eclipse.birt.report.debug.ui.nl_cs" unpack="false" version="3.5.0.v20090620043401" download-size="2775" install-size="2775" />
	<plugin fragment="true" id="org.eclipse.birt.report.designer.core.nl_cs" unpack="false" version="3.5.0.v20090620043401" download-size="34681" install-size="34681" />
	<plugin fragment="true" id="org.eclipse.birt.report.designer.nl_cs" unpack="false" version="3.5.0.v20090620043401" download-size="1519" install-size="1519" />
	<plugin fragment="true" id="org.eclipse.birt.report.designer.tests.nl_cs" unpack="false" version="3.5.0.v20090620043401" download-size="2644" install-size="2644" />
	<plugin fragment="true" id="org.eclipse.birt.report.designer.ui.cubebuilder.nl_cs" unpack="false" version="3.5.0.v20090620043401" download-size="3210" install-size="3210" />
	<plugin fragment="true" id="org.eclipse.birt.report.designer.ui.editor.script.nl_cs" unpack="false" version="3.5.0.v20090620043401" download-size="1420" install-size="1420" />
	<plugin fragment="true" id="org.eclipse.birt.report.designer.ui.editor.xml.wtp.nl_cs" unpack="false" version="3.5.0.v20090620043401" download-size="1807" install-size="1807" />
	<plugin fragment="true" id="org.eclipse.birt.report.designer.ui.editors.nl_cs" unpack="false" version="3.5.0.v20090620043401" download-size="1410" install-size="1410" />
	<plugin fragment="true" id="org.eclipse.birt.report.designer.ui.editors.schematic.nl_cs" unpack="false" version="3.5.0.v20090620043401" download-size="1537" install-size="1537" />
	<plugin fragment="true" id="org.eclipse.birt.report.designer.ui.ide.nl_cs" unpack="false" version="3.5.0.v20090620043401" download-size="1679" install-size="1679" />
	<plugin fragment="true" id="org.eclipse.birt.report.designer.ui.lib.explorer.nl_cs" unpack="false" version="3.5.0.v20090620043401" download-size="1407" install-size="1407" />
	<plugin fragment="true" id="org.eclipse.birt.report.designer.ui.lib.nl_cs" unpack="false" version="3.5.0.v20090620043401" download-size="1614" install-size="1614" />
	<plugin fragment="true" id="org.eclipse.birt.report.designer.ui.nl_cs" unpack="false" version="3.5.0.v20090620043401" download-size="1851" install-size="1851" />
	<plugin fragment="true" id="org.eclipse.birt.report.designer.ui.preview.nl_cs" unpack="false" version="3.5.0.v20090620043401" download-size="1464" install-size="1464" />
	<plugin fragment="true" id="org.eclipse.birt.report.designer.ui.preview.web.nl_cs" unpack="false" version="3.5.0.v20090620043401" download-size="1492" install-size="1492" />
	<plugin fragment="true" id="org.eclipse.birt.report.designer.ui.rcp.nl_cs" unpack="false" version="3.5.0.v20090620043401" download-size="3069" install-size="3069" />
	<plugin fragment="true" id="org.eclipse.birt.report.designer.ui.samples.ide.nl_cs" unpack="false" version="3.5.0.v20090620043401" download-size="3055" install-size="3055" />
	<plugin fragment="true" id="org.eclipse.birt.report.designer.ui.views.nl_cs" unpack="false" version="3.5.0.v20090620043401" download-size="1408" install-size="1408" />
	<plugin fragment="true" id="org.eclipse.birt.report.engine.emitter.config.html.nl_cs" unpack="false" version="3.5.0.v20090620043401" download-size="2799" install-size="2799" />
	<plugin fragment="true" id="org.eclipse.birt.report.engine.emitter.config.pdf.nl_cs" unpack="false" version="3.5.0.v20090620043401" download-size="2742" install-size="2742" />
	<plugin fragment="true" id="org.eclipse.birt.report.engine.nl_cs" unpack="false" version="3.5.0.v20090620043401" download-size="3223" install-size="3223" />
	<plugin fragment="true" id="org.eclipse.birt.report.item.crosstab.core.nl_cs" unpack="false" version="3.5.0.v20090620043401" download-size="3155" install-size="3155" />
	<plugin fragment="true" id="org.eclipse.birt.report.item.crosstab.ui.nl_cs" unpack="false" version="3.5.0.v20090620043401" download-size="4169" install-size="4169" />
	<plugin fragment="true" id="org.eclipse.birt.report.model.nl_cs" unpack="false" version="3.5.0.v20090620043401" download-size="35332" install-size="35332" />
	<plugin fragment="true" id="org.eclipse.birt.report.model.tests.nl_cs" unpack="false" version="3.5.0.v20090620043401" download-size="2313" install-size="2313" />
	<plugin fragment="true" id="org.eclipse.birt.report.runtime.nl_cs" unpack="false" version="3.5.0.v20090620043401" download-size="1517" install-size="1517" />
	<plugin fragment="true" id="org.eclipse.birt.report.viewer.nl_cs" unpack="false" version="3.5.0.v20090620043401" download-size="3558" install-size="3558" />
	<plugin fragment="true" id="org.eclipse.birt.resources.nl_cs" unpack="false" version="3.5.0.v20090620043401" download-size="1432" install-size="1432" />
	<plugin fragment="true" id="org.eclipse.birt.sdk.nl_cs" unpack="false" version="3.5.0.v20090620043401" download-size="1527" install-size="1527" />
	<plugin fragment="true" id="org.eclipse.birt.tests.data.nl_cs" unpack="false" version="3.5.0.v20090620043401" download-size="1384" install-size="1384" />
</feature>