<?xml version="1.0" encoding="UTF-8" ?>
<feature
	id="org.eclipse.babel.nls_webtools.ejbtools_zh"
	label="Babel Language Pack for webtools.ejbtools in Chinese (Simplified) (97.35%)"
	image="eclipse_update_120.jpg"
	provider-name="%providerName"
	version="3.5.0.v20090620043401">
	<copyright>
		%copyright
	</copyright>
	<license url="%licenseURL">
		%license
	</license>
	<description>Babel Language Pack for webtools.ejbtools in Chinese (Simplified)</description>
	<plugin fragment="true" id="org.eclipse.jst.ejb.doc.user.nl_zh" unpack="false" version="3.5.0.v20090620043401" download-size="1393" install-size="1393" />
	<plugin fragment="true" id="org.eclipse.jst.ejb.ui.infopop.nl_zh" unpack="false" version="3.5.0.v20090620043401" download-size="1383" install-size="1383" />
	<plugin fragment="true" id="org.eclipse.jst.ejb.ui.nl_zh" unpack="false" version="3.5.0.v20090620043401" download-size="3992" install-size="3992" />
	<plugin fragment="true" id="org.eclipse.jst.j2ee.ejb.annotation.model.nl_zh" unpack="false" version="3.5.0.v20090620043401" download-size="3687" install-size="3687" />
	<plugin fragment="true" id="org.eclipse.jst.j2ee.ejb.annotations.emitter.nl_zh" unpack="false" version="3.5.0.v20090620043401" download-size="1398" install-size="1398" />
	<plugin fragment="true" id="org.eclipse.jst.j2ee.ejb.annotations.ui.nl_zh" unpack="false" version="3.5.0.v20090620043401" download-size="3931" install-size="3931" />
	<plugin fragment="true" id="org.eclipse.jst.j2ee.ejb.annotations.xdoclet.nl_zh" unpack="false" version="3.5.0.v20090620043401" download-size="3614" install-size="3614" />
	<plugin fragment="true" id="org.eclipse.jst.j2ee.ejb.nl_zh" unpack="false" version="3.5.0.v20090620043401" download-size="26172" install-size="26172" />
	<plugin fragment="true" id="org.eclipse.jst.jee.ejb.nl_zh" unpack="false" version="3.5.0.v20090620043401" download-size="1382" install-size="1382" />
</feature>