<?xml version="1.0" encoding="UTF-8" ?>
<feature
	id="org.eclipse.babel.nls_technology.actf_en_AA"
	label="Babel Language Pack for technology.actf in Pseudo Translations (100%)"
	image="eclipse_update_120.jpg"
	provider-name="%providerName"
	version="3.5.0.v20090620043401">
	<copyright>
		%copyright
	</copyright>
	<license url="%licenseURL">
		%license
	</license>
	<description>Babel Language Pack for technology.actf in Pseudo Translations</description>
	<plugin fragment="true" id="org.eclipse.actf.ai.tts.sapi.nl_en_AA" unpack="false" version="3.5.0.v20090620043401" download-size="2448" install-size="2448" />
	<plugin fragment="true" id="org.eclipse.actf.ai.voice.nl_en_AA" unpack="false" version="3.5.0.v20090620043401" download-size="2298" install-size="2298" />
	<plugin fragment="true" id="org.eclipse.actf.core.nl_en_AA" unpack="false" version="3.5.0.v20090620043401" download-size="1829" install-size="1829" />
	<plugin fragment="true" id="org.eclipse.actf.examples.adesigner.eval.html.nl_en_AA" unpack="false" version="3.5.0.v20090620043401" download-size="14411" install-size="14411" />
	<plugin fragment="true" id="org.eclipse.actf.examples.adesigner.eval.odf.nl_en_AA" unpack="false" version="3.5.0.v20090620043401" download-size="4308" install-size="4308" />
	<plugin fragment="true" id="org.eclipse.actf.model.dom.html.nl_en_AA" unpack="false" version="3.5.0.v20090620043401" download-size="2864" install-size="2864" />
	<plugin fragment="true" id="org.eclipse.actf.model.flash.nl_en_AA" unpack="false" version="3.5.0.v20090620043401" download-size="2330" install-size="2330" />
	<plugin fragment="true" id="org.eclipse.actf.model.flash.proxy.nl_en_AA" unpack="false" version="3.5.0.v20090620043401" download-size="3779" install-size="3779" />
	<plugin fragment="true" id="org.eclipse.actf.model.ui.editors.ie.nl_en_AA" unpack="false" version="3.5.0.v20090620043401" download-size="1742" install-size="1742" />
	<plugin fragment="true" id="org.eclipse.actf.model.ui.editors.ooo.nl_en_AA" unpack="false" version="3.5.0.v20090620043401" download-size="2194" install-size="2194" />
	<plugin fragment="true" id="org.eclipse.actf.model.ui.nl_en_AA" unpack="false" version="3.5.0.v20090620043401" download-size="3031" install-size="3031" />
	<plugin fragment="true" id="org.eclipse.actf.ui.nl_en_AA" unpack="false" version="3.5.0.v20090620043401" download-size="2440" install-size="2440" />
	<plugin fragment="true" id="org.eclipse.actf.util.vocab.nl_en_AA" unpack="false" version="3.5.0.v20090620043401" download-size="2410" install-size="2410" />
	<plugin fragment="true" id="org.eclipse.actf.visualization.blind.nl_en_AA" unpack="false" version="3.5.0.v20090620043401" download-size="3876" install-size="3876" />
	<plugin fragment="true" id="org.eclipse.actf.visualization.doc.isv.nl_en_AA" unpack="false" version="3.5.0.v20090620043401" download-size="7676" install-size="7676" />
	<plugin fragment="true" id="org.eclipse.actf.visualization.engines.blind.html.nl_en_AA" unpack="false" version="3.5.0.v20090620043401" download-size="1925" install-size="1925" />
	<plugin fragment="true" id="org.eclipse.actf.visualization.engines.blind.nl_en_AA" unpack="false" version="3.5.0.v20090620043401" download-size="6627" install-size="6627" />
	<plugin fragment="true" id="org.eclipse.actf.visualization.engines.lowvision.nl_en_AA" unpack="false" version="3.5.0.v20090620043401" download-size="3460" install-size="3460" />
	<plugin fragment="true" id="org.eclipse.actf.visualization.eval.nl_en_AA" unpack="false" version="3.5.0.v20090620043401" download-size="7404" install-size="7404" />
	<plugin fragment="true" id="org.eclipse.actf.visualization.gui.nl_en_AA" unpack="false" version="3.5.0.v20090620043401" download-size="7355" install-size="7355" />
	<plugin fragment="true" id="org.eclipse.actf.visualization.lowvision.nl_en_AA" unpack="false" version="3.5.0.v20090620043401" download-size="4731" install-size="4731" />
	<plugin fragment="true" id="org.eclipse.actf.visualization.nl_en_AA" unpack="false" version="3.5.0.v20090620043401" download-size="1511" install-size="1511" />
	<plugin fragment="true" id="org.eclipse.actf.visualization.presentation.nl_en_AA" unpack="false" version="3.5.0.v20090620043401" download-size="2858" install-size="2858" />
	<plugin fragment="true" id="org.eclipse.actf.visualization.sdk.nl_en_AA" unpack="false" version="3.5.0.v20090620043401" download-size="1513" install-size="1513" />
	<plugin fragment="true" id="org.eclipse.actf.visualization.ui.pdt.nl_en_AA" unpack="false" version="3.5.0.v20090620043401" download-size="2186" install-size="2186" />
	<plugin fragment="true" id="org.eclipse.actf.visualization.ui.report.nl_en_AA" unpack="false" version="3.5.0.v20090620043401" download-size="3083" install-size="3083" />
	<plugin fragment="true" id="org.eclipse.actf.visualization.ui.wst.nl_en_AA" unpack="false" version="3.5.0.v20090620043401" download-size="1515" install-size="1515" />
</feature>