<?xml version="1.0" encoding="UTF-8" ?>
<feature
	id="org.eclipse.babel.nls_webtools.ejbtools_no"
	label="Babel Language Pack for webtools.ejbtools in Norwegian (96.28%)"
	image="eclipse_update_120.jpg"
	provider-name="%providerName"
	version="3.5.0.v20090620043401">
	<copyright>
		%copyright
	</copyright>
	<license url="%licenseURL">
		%license
	</license>
	<description>Babel Language Pack for webtools.ejbtools in Norwegian</description>
	<plugin fragment="true" id="org.eclipse.jst.ejb.doc.user.nl_no" unpack="false" version="3.5.0.v20090620043401" download-size="1380" install-size="1380" />
	<plugin fragment="true" id="org.eclipse.jst.ejb.ui.infopop.nl_no" unpack="false" version="3.5.0.v20090620043401" download-size="1373" install-size="1373" />
	<plugin fragment="true" id="org.eclipse.jst.ejb.ui.nl_no" unpack="false" version="3.5.0.v20090620043401" download-size="3707" install-size="3707" />
	<plugin fragment="true" id="org.eclipse.jst.j2ee.ejb.annotation.model.nl_no" unpack="false" version="3.5.0.v20090620043401" download-size="3545" install-size="3545" />
	<plugin fragment="true" id="org.eclipse.jst.j2ee.ejb.annotations.emitter.nl_no" unpack="false" version="3.5.0.v20090620043401" download-size="1384" install-size="1384" />
	<plugin fragment="true" id="org.eclipse.jst.j2ee.ejb.annotations.ui.nl_no" unpack="false" version="3.5.0.v20090620043401" download-size="3843" install-size="3843" />
	<plugin fragment="true" id="org.eclipse.jst.j2ee.ejb.annotations.xdoclet.nl_no" unpack="false" version="3.5.0.v20090620043401" download-size="3519" install-size="3519" />
	<plugin fragment="true" id="org.eclipse.jst.j2ee.ejb.nl_no" unpack="false" version="3.5.0.v20090620043401" download-size="24087" install-size="24087" />
	<plugin fragment="true" id="org.eclipse.jst.jee.ejb.nl_no" unpack="false" version="3.5.0.v20090620043401" download-size="1372" install-size="1372" />
</feature>