<?xml version="1.0" encoding="UTF-8" ?>
<feature
	id="org.eclipse.babel.nls_rt.rap_ru"
	label="Babel Language Pack for rt.rap in Russian (80%)"
	image="eclipse_update_120.jpg"
	provider-name="%providerName"
	version="3.5.0.v20090620043401">
	<copyright>
		%copyright
	</copyright>
	<license url="%licenseURL">
		%license
	</license>
	<description>Babel Language Pack for rt.rap in Russian</description>
	<plugin fragment="true" id="org.eclipse.rap.design.example.nl_ru" unpack="false" version="3.5.0.v20090620043401" download-size="1373" install-size="1373" />
	<plugin fragment="true" id="org.eclipse.rap.jface.databinding.nl_ru" unpack="false" version="3.5.0.v20090620043401" download-size="1421" install-size="1421" />
	<plugin fragment="true" id="org.eclipse.rap.jface.nl_ru" unpack="false" version="3.5.0.v20090620043401" download-size="10693" install-size="10693" />
	<plugin fragment="true" id="org.eclipse.rap.rwt.nl_ru" unpack="false" version="3.5.0.v20090620043401" download-size="2996" install-size="2996" />
	<plugin fragment="true" id="org.eclipse.rap.rwt.test.nl_ru" unpack="false" version="3.5.0.v20090620043401" download-size="1373" install-size="1373" />
	<plugin fragment="true" id="org.eclipse.rap.ui.forms.nl_ru" unpack="false" version="3.5.0.v20090620043401" download-size="2314" install-size="2314" />
	<plugin fragment="true" id="org.eclipse.rap.ui.help.nl_ru" unpack="false" version="3.5.0.v20090620043401" download-size="1367" install-size="1367" />
	<plugin fragment="true" id="org.eclipse.rap.ui.intro.nl_ru" unpack="false" version="3.5.0.v20090620043401" download-size="2569" install-size="2569" />
	<plugin fragment="true" id="org.eclipse.rap.ui.launch.nl_ru" unpack="false" version="3.5.0.v20090620043401" download-size="2563" install-size="2563" />
	<plugin fragment="true" id="org.eclipse.rap.ui.nl_ru" unpack="false" version="3.5.0.v20090620043401" download-size="6216" install-size="6216" />
	<plugin fragment="true" id="org.eclipse.rap.ui.templates.nl_ru" unpack="false" version="3.5.0.v20090620043401" download-size="2631" install-size="2631" />
	<plugin fragment="true" id="org.eclipse.rap.ui.views.nl_ru" unpack="false" version="3.5.0.v20090620043401" download-size="3328" install-size="3328" />
	<plugin fragment="true" id="org.eclipse.rap.ui.workbench.nl_ru" unpack="false" version="3.5.0.v20090620043401" download-size="30948" install-size="30948" />
</feature>