<?xml version="1.0" encoding="UTF-8" ?>
<feature
	id="org.eclipse.babel.nls_technology.mat_en_AA"
	label="Babel Language Pack for technology.mat in Pseudo Translations (100%)"
	image="eclipse_update_120.jpg"
	provider-name="%providerName"
	version="3.5.0.v20090620043401">
	<copyright>
		%copyright
	</copyright>
	<license url="%licenseURL">
		%license
	</license>
	<description>Babel Language Pack for technology.mat in Pseudo Translations</description>
	<plugin fragment="true" id="org.eclipse.mat.api.nl_en_AA" unpack="false" version="3.5.0.v20090620043401" download-size="17681" install-size="17681" />
	<plugin fragment="true" id="org.eclipse.mat.chart.nl_en_AA" unpack="false" version="3.5.0.v20090620043401" download-size="2358" install-size="2358" />
	<plugin fragment="true" id="org.eclipse.mat.chart.ui.nl_en_AA" unpack="false" version="3.5.0.v20090620043401" download-size="2488" install-size="2488" />
	<plugin fragment="true" id="org.eclipse.mat.dtfj.nl_en_AA" unpack="false" version="3.5.0.v20090620043401" download-size="6618" install-size="6618" />
	<plugin fragment="true" id="org.eclipse.mat.hprof.nl_en_AA" unpack="false" version="3.5.0.v20090620043401" download-size="3103" install-size="3103" />
	<plugin fragment="true" id="org.eclipse.mat.jdt.nl_en_AA" unpack="false" version="3.5.0.v20090620043401" download-size="2542" install-size="2542" />
	<plugin fragment="true" id="org.eclipse.mat.parser.nl_en_AA" unpack="false" version="3.5.0.v20090620043401" download-size="4428" install-size="4428" />
	<plugin fragment="true" id="org.eclipse.mat.report.nl_en_AA" unpack="false" version="3.5.0.v20090620043401" download-size="4717" install-size="4717" />
	<plugin fragment="true" id="org.eclipse.mat.ui.nl_en_AA" unpack="false" version="3.5.0.v20090620043401" download-size="10023" install-size="10023" />
	<plugin fragment="true" id="org.eclipse.mat.ui.rcp.nl_en_AA" unpack="false" version="3.5.0.v20090620043401" download-size="2801" install-size="2801" />
</feature>