<?xml version="1.0" encoding="UTF-8" ?>
<feature
	id="org.eclipse.babel.nls_dsdp.mtj_zh_TW"
	label="Babel Language Pack for dsdp.mtj in Chinese (Traditional) (5.93%)"
	image="eclipse_update_120.jpg"
	provider-name="%providerName"
	version="3.5.0.v20090620043401">
	<copyright>
		%copyright
	</copyright>
	<license url="%licenseURL">
		%license
	</license>
	<description>Babel Language Pack for dsdp.mtj in Chinese (Traditional)</description>
	<plugin fragment="true" id="org.eclipse.mtj.core.nl_zh_TW" unpack="false" version="3.5.0.v20090620043401" download-size="2292" install-size="2292" />
	<plugin fragment="true" id="org.eclipse.mtj.eswt.templates.nl_zh_TW" unpack="false" version="3.5.0.v20090620043401" download-size="2198" install-size="2198" />
	<plugin fragment="true" id="org.eclipse.mtj.jmunit.nl_zh_TW" unpack="false" version="3.5.0.v20090620043401" download-size="2297" install-size="2297" />
	<plugin fragment="true" id="org.eclipse.mtj.pulsar.ui.nl_zh_TW" unpack="false" version="3.5.0.v20090620043401" download-size="2430" install-size="2430" />
	<plugin fragment="true" id="org.eclipse.mtj.ui.nl_zh_TW" unpack="false" version="3.5.0.v20090620043401" download-size="5131" install-size="5131" />
</feature>