<?xml version="1.0" encoding="UTF-8" ?>
<feature
	id="org.eclipse.babel.nls_modeling.m2m_zh"
	label="Babel Language Pack for modeling.m2m in Chinese (Simplified) (23.99%)"
	image="eclipse_update_120.jpg"
	provider-name="%providerName"
	version="3.5.0.v20090620043401">
	<copyright>
		%copyright
	</copyright>
	<license url="%licenseURL">
		%license
	</license>
	<description>Babel Language Pack for modeling.m2m in Chinese (Simplified)</description>
	<plugin fragment="true" id="org.eclipse.m2m.atl.adt.debug.nl_zh" unpack="false" version="3.5.0.v20090620043401" download-size="2432" install-size="2432" />
	<plugin fragment="true" id="org.eclipse.m2m.atl.adt.editor.nl_zh" unpack="false" version="3.5.0.v20090620043401" download-size="3712" install-size="3712" />
	<plugin fragment="true" id="org.eclipse.m2m.atl.adt.nl_zh" unpack="false" version="3.5.0.v20090620043401" download-size="2215" install-size="2215" />
	<plugin fragment="true" id="org.eclipse.m2m.atl.adt.ui.nl_zh" unpack="false" version="3.5.0.v20090620043401" download-size="2456" install-size="2456" />
	<plugin fragment="true" id="org.eclipse.m2m.atl.common.nl_zh" unpack="false" version="3.5.0.v20090620043401" download-size="1379" install-size="1379" />
	<plugin fragment="true" id="org.eclipse.m2m.atl.core.ant.nl_zh" unpack="false" version="3.5.0.v20090620043401" download-size="1380" install-size="1380" />
	<plugin fragment="true" id="org.eclipse.m2m.atl.core.emf.nl_zh" unpack="false" version="3.5.0.v20090620043401" download-size="1381" install-size="1381" />
	<plugin fragment="true" id="org.eclipse.m2m.atl.core.nl_zh" unpack="false" version="3.5.0.v20090620043401" download-size="1379" install-size="1379" />
	<plugin fragment="true" id="org.eclipse.m2m.atl.core.ui.nl_zh" unpack="false" version="3.5.0.v20090620043401" download-size="2548" install-size="2548" />
	<plugin fragment="true" id="org.eclipse.m2m.atl.core.ui.vm.nl_zh" unpack="false" version="3.5.0.v20090620043401" download-size="1383" install-size="1383" />
	<plugin fragment="true" id="org.eclipse.m2m.atl.doc.nl_zh" unpack="false" version="3.5.0.v20090620043401" download-size="1378" install-size="1378" />
	<plugin fragment="true" id="org.eclipse.m2m.atl.drivers.emf4atl.nl_zh" unpack="false" version="3.5.0.v20090620043401" download-size="1386" install-size="1386" />
	<plugin fragment="true" id="org.eclipse.m2m.atl.drivers.uml24atl.nl_zh" unpack="false" version="3.5.0.v20090620043401" download-size="1387" install-size="1387" />
	<plugin fragment="true" id="org.eclipse.m2m.atl.dsls.nl_zh" unpack="false" version="3.5.0.v20090620043401" download-size="1379" install-size="1379" />
	<plugin fragment="true" id="org.eclipse.m2m.atl.engine.emfvm.nl_zh" unpack="false" version="3.5.0.v20090620043401" download-size="1384" install-size="1384" />
	<plugin fragment="true" id="org.eclipse.m2m.atl.engine.nl_zh" unpack="false" version="3.5.0.v20090620043401" download-size="2226" install-size="2226" />
	<plugin fragment="true" id="org.eclipse.m2m.atl.engine.vm.nl_zh" unpack="false" version="3.5.0.v20090620043401" download-size="1382" install-size="1382" />
	<plugin fragment="true" id="org.eclipse.m2m.atl.examples.nl_zh" unpack="false" version="3.5.0.v20090620043401" download-size="1382" install-size="1382" />
	<plugin fragment="true" id="org.eclipse.m2m.atl.nl_zh" unpack="false" version="3.5.0.v20090620043401" download-size="1376" install-size="1376" />
	<plugin fragment="true" id="org.eclipse.m2m.atl.tests.nl_zh" unpack="false" version="3.5.0.v20090620043401" download-size="1379" install-size="1379" />
	<plugin fragment="true" id="org.eclipse.m2m.qvt.oml.common.nl_zh" unpack="false" version="3.5.0.v20090620043401" download-size="1382" install-size="1382" />
	<plugin fragment="true" id="org.eclipse.m2m.qvt.oml.common.ui.nl_zh" unpack="false" version="3.5.0.v20090620043401" download-size="3927" install-size="3927" />
	<plugin fragment="true" id="org.eclipse.m2m.qvt.oml.cst.parser.nl_zh" unpack="false" version="3.5.0.v20090620043401" download-size="1384" install-size="1384" />
	<plugin fragment="true" id="org.eclipse.m2m.qvt.oml.doc.nl_zh" unpack="false" version="3.5.0.v20090620043401" download-size="1381" install-size="1381" />
	<plugin fragment="true" id="org.eclipse.m2m.qvt.oml.ecore.imperativeocl.nl_zh" unpack="false" version="3.5.0.v20090620043401" download-size="1391" install-size="1391" />
	<plugin fragment="true" id="org.eclipse.m2m.qvt.oml.editor.ui.nl_zh" unpack="false" version="3.5.0.v20090620043401" download-size="3410" install-size="3410" />
	<plugin fragment="true" id="org.eclipse.m2m.qvt.oml.emf.util.nl_zh" unpack="false" version="3.5.0.v20090620043401" download-size="1384" install-size="1384" />
	<plugin fragment="true" id="org.eclipse.m2m.qvt.oml.emf.util.ui.nl_zh" unpack="false" version="3.5.0.v20090620043401" download-size="1385" install-size="1385" />
	<plugin fragment="true" id="org.eclipse.m2m.qvt.oml.examples.blackbox.nl_zh" unpack="false" version="3.5.0.v20090620043401" download-size="1395" install-size="1395" />
	<plugin fragment="true" id="org.eclipse.m2m.qvt.oml.examples.omg.nl_zh" unpack="false" version="3.5.0.v20090620043401" download-size="1387" install-size="1387" />
	<plugin fragment="true" id="org.eclipse.m2m.qvt.oml.nl_zh" unpack="false" version="3.5.0.v20090620043401" download-size="1379" install-size="1379" />
	<plugin fragment="true" id="org.eclipse.m2m.qvt.oml.ocl.nl_zh" unpack="false" version="3.5.0.v20090620043401" download-size="1381" install-size="1381" />
	<plugin fragment="true" id="org.eclipse.m2m.qvt.oml.project.nl_zh" unpack="false" version="3.5.0.v20090620043401" download-size="1383" install-size="1383" />
	<plugin fragment="true" id="org.eclipse.m2m.qvt.oml.runtime.nl_zh" unpack="false" version="3.5.0.v20090620043401" download-size="2754" install-size="2754" />
	<plugin fragment="true" id="org.eclipse.m2m.qvt.oml.runtime.ui.nl_zh" unpack="false" version="3.5.0.v20090620043401" download-size="4120" install-size="4120" />
	<plugin fragment="true" id="org.eclipse.m2m.qvt.oml.samples.nl_zh" unpack="false" version="3.5.0.v20090620043401" download-size="4392" install-size="4392" />
	<plugin fragment="true" id="org.eclipse.m2m.qvt.oml.trace.edit.nl_zh" unpack="false" version="3.5.0.v20090620043401" download-size="2367" install-size="2367" />
	<plugin fragment="true" id="org.eclipse.m2m.qvt.oml.ui.nl_zh" unpack="false" version="3.5.0.v20090620043401" download-size="3685" install-size="3685" />
	<plugin fragment="true" id="org.eclipse.m2m.tests.qvt.oml.nl_zh" unpack="false" version="3.5.0.v20090620043401" download-size="1382" install-size="1382" />
	<plugin fragment="true" id="org.eclipse.m2m.tests.qvt.oml.ui.nl_zh" unpack="false" version="3.5.0.v20090620043401" download-size="1384" install-size="1384" />
</feature>