<?xml version="1.0" encoding="UTF-8" ?>
<feature
	id="org.eclipse.babel.nls_webtools.webservices_fr"
	label="Babel Language Pack for webtools.webservices in French (89.94%)"
	image="eclipse_update_120.jpg"
	provider-name="%providerName"
	version="3.5.0.v20090620043401">
	<copyright>
		%copyright
	</copyright>
	<license url="%licenseURL">
		%license
	</license>
	<description>Babel Language Pack for webtools.webservices in French</description>
	<plugin fragment="true" id="org.eclipse.jst.ws.axis.consumption.core.nl_fr" unpack="false" version="3.5.0.v20090620043401" download-size="4266" install-size="4266" />
	<plugin fragment="true" id="org.eclipse.jst.ws.axis.consumption.ui.nl_fr" unpack="false" version="3.5.0.v20090620043401" download-size="4759" install-size="4759" />
	<plugin fragment="true" id="org.eclipse.jst.ws.axis.creation.ui.nl_fr" unpack="false" version="3.5.0.v20090620043401" download-size="4090" install-size="4090" />
	<plugin fragment="true" id="org.eclipse.jst.ws.axis2.consumption.core.nl_fr" unpack="false" version="3.5.0.v20090620043401" download-size="2807" install-size="2807" />
	<plugin fragment="true" id="org.eclipse.jst.ws.axis2.consumption.ui.nl_fr" unpack="false" version="3.5.0.v20090620043401" download-size="1425" install-size="1425" />
	<plugin fragment="true" id="org.eclipse.jst.ws.axis2.core.nl_fr" unpack="false" version="3.5.0.v20090620043401" download-size="2686" install-size="2686" />
	<plugin fragment="true" id="org.eclipse.jst.ws.axis2.creation.core.nl_fr" unpack="false" version="3.5.0.v20090620043401" download-size="2792" install-size="2792" />
	<plugin fragment="true" id="org.eclipse.jst.ws.axis2.creation.ui.nl_fr" unpack="false" version="3.5.0.v20090620043401" download-size="1381" install-size="1381" />
	<plugin fragment="true" id="org.eclipse.jst.ws.axis2.ui.doc.user.nl_fr" unpack="false" version="3.5.0.v20090620043401" download-size="1376" install-size="1376" />
	<plugin fragment="true" id="org.eclipse.jst.ws.axis2.ui.nl_fr" unpack="false" version="3.5.0.v20090620043401" download-size="1376" install-size="1376" />
	<plugin fragment="true" id="org.eclipse.jst.ws.consumption.nl_fr" unpack="false" version="3.5.0.v20090620043401" download-size="4921" install-size="4921" />
	<plugin fragment="true" id="org.eclipse.jst.ws.consumption.ui.nl_fr" unpack="false" version="3.5.0.v20090620043401" download-size="10480" install-size="10480" />
	<plugin fragment="true" id="org.eclipse.jst.ws.creation.ejb.ui.nl_fr" unpack="false" version="3.5.0.v20090620043401" download-size="1513" install-size="1513" />
	<plugin fragment="true" id="org.eclipse.jst.ws.creation.ui.nl_fr" unpack="false" version="3.5.0.v20090620043401" download-size="3047" install-size="3047" />
	<plugin fragment="true" id="org.eclipse.jst.ws.nl_fr" unpack="false" version="3.5.0.v20090620043401" download-size="3742" install-size="3742" />
	<plugin fragment="true" id="org.eclipse.jst.ws.uddiregistry.nl_fr" unpack="false" version="3.5.0.v20090620043401" download-size="2805" install-size="2805" />
	<plugin fragment="true" id="org.eclipse.jst.ws.ui.nl_fr" unpack="false" version="3.5.0.v20090620043401" download-size="3665" install-size="3665" />
	<plugin fragment="true" id="org.eclipse.wst.command.env.core.nl_fr" unpack="false" version="3.5.0.v20090620043401" download-size="2711" install-size="2711" />
	<plugin fragment="true" id="org.eclipse.wst.command.env.nl_fr" unpack="false" version="3.5.0.v20090620043401" download-size="5330" install-size="5330" />
	<plugin fragment="true" id="org.eclipse.wst.command.env.ui.nl_fr" unpack="false" version="3.5.0.v20090620043401" download-size="3502" install-size="3502" />
	<plugin fragment="true" id="org.eclipse.wst.ws.explorer.nl_fr" unpack="false" version="3.5.0.v20090620043401" download-size="17704" install-size="17704" />
	<plugin fragment="true" id="org.eclipse.wst.ws.nl_fr" unpack="false" version="3.5.0.v20090620043401" download-size="2923" install-size="2923" />
	<plugin fragment="true" id="org.eclipse.wst.ws.parser.nl_fr" unpack="false" version="3.5.0.v20090620043401" download-size="3288" install-size="3288" />
	<plugin fragment="true" id="org.eclipse.wst.ws.service.policy.nl_fr" unpack="false" version="3.5.0.v20090620043401" download-size="1510" install-size="1510" />
	<plugin fragment="true" id="org.eclipse.wst.ws.service.policy.ui.nl_fr" unpack="false" version="3.5.0.v20090620043401" download-size="2898" install-size="2898" />
	<plugin fragment="true" id="org.eclipse.wst.ws.ui.nl_fr" unpack="false" version="3.5.0.v20090620043401" download-size="3150" install-size="3150" />
	<plugin fragment="true" id="org.eclipse.wst.wsdl.nl_fr" unpack="false" version="3.5.0.v20090620043401" download-size="1428" install-size="1428" />
	<plugin fragment="true" id="org.eclipse.wst.wsdl.ui.nl_fr" unpack="false" version="3.5.0.v20090620043401" download-size="6319" install-size="6319" />
	<plugin fragment="true" id="org.eclipse.wst.wsdl.validation.nl_fr" unpack="false" version="3.5.0.v20090620043401" download-size="8137" install-size="8137" />
	<plugin fragment="true" id="org.eclipse.wst.wsi.nl_fr" unpack="false" version="3.5.0.v20090620043401" download-size="5989" install-size="5989" />
	<plugin fragment="true" id="org.eclipse.wst.wsi.ui.nl_fr" unpack="false" version="3.5.0.v20090620043401" download-size="4010" install-size="4010" />
</feature>