<?xml version="1.0" encoding="UTF-8" ?>
<feature
	id="org.eclipse.babel.nls_stp.bpmn_ja"
	label="Babel Language Pack for stp.bpmn in Japanese (95.28%)"
	image="eclipse_update_120.jpg"
	provider-name="%providerName"
	version="3.5.0.v20090620043401">
	<copyright>
		%copyright
	</copyright>
	<license url="%licenseURL">
		%license
	</license>
	<description>Babel Language Pack for stp.bpmn in Japanese</description>
	<plugin fragment="true" id="org.eclipse.stp.bpmn.diagram.nl_ja" unpack="false" version="3.5.0.v20090620043401" download-size="9382" install-size="9382" />
	<plugin fragment="true" id="org.eclipse.stp.bpmn.edit.nl_ja" unpack="false" version="3.5.0.v20090620043401" download-size="3819" install-size="3819" />
	<plugin fragment="true" id="org.eclipse.stp.bpmn.nl_ja" unpack="false" version="3.5.0.v20090620043401" download-size="3085" install-size="3085" />
	<plugin fragment="true" id="org.eclipse.stp.bpmn.validation.nl_ja" unpack="false" version="3.5.0.v20090620043401" download-size="3732" install-size="3732" />
</feature>