<?xml version="1.0" encoding="UTF-8" ?>
<feature
	id="org.eclipse.babel.nls_dsdp.tm_de"
	label="Babel Language Pack for dsdp.tm in German (22.95%)"
	image="eclipse_update_120.jpg"
	provider-name="%providerName"
	version="3.5.0.v20090620043401">
	<copyright>
		%copyright
	</copyright>
	<license url="%licenseURL">
		%license
	</license>
	<description>Babel Language Pack for dsdp.tm in German</description>
	<plugin fragment="true" id="org.eclipse.dstore.core.nl_de" unpack="false" version="3.5.0.v20090620043401" download-size="1373" install-size="1373" />
	<plugin fragment="true" id="org.eclipse.dstore.doc.isv.nl_de" unpack="false" version="3.5.0.v20090620043401" download-size="1376" install-size="1376" />
	<plugin fragment="true" id="org.eclipse.dstore.extra.nl_de" unpack="false" version="3.5.0.v20090620043401" download-size="1374" install-size="1374" />
	<plugin fragment="true" id="org.eclipse.rse.connectorservice.dstore.nl_de" unpack="false" version="3.5.0.v20090620043401" download-size="1383" install-size="1383" />
	<plugin fragment="true" id="org.eclipse.rse.connectorservice.local.nl_de" unpack="false" version="3.5.0.v20090620043401" download-size="1383" install-size="1383" />
	<plugin fragment="true" id="org.eclipse.rse.connectorservice.ssh.nl_de" unpack="false" version="3.5.0.v20090620043401" download-size="2737" install-size="2737" />
	<plugin fragment="true" id="org.eclipse.rse.connectorservice.telnet.nl_de" unpack="false" version="3.5.0.v20090620043401" download-size="1383" install-size="1383" />
	<plugin fragment="true" id="org.eclipse.rse.core.nl_de" unpack="false" version="3.5.0.v20090620043401" download-size="2394" install-size="2394" />
	<plugin fragment="true" id="org.eclipse.rse.discovery.nl_de" unpack="false" version="3.5.0.v20090620043401" download-size="2212" install-size="2212" />
	<plugin fragment="true" id="org.eclipse.rse.doc.isv.nl_de" unpack="false" version="3.5.0.v20090620043401" download-size="1374" install-size="1374" />
	<plugin fragment="true" id="org.eclipse.rse.doc.user.nl_de" unpack="false" version="3.5.0.v20090620043401" download-size="1374" install-size="1374" />
	<plugin fragment="true" id="org.eclipse.rse.dstore.security.nl_de" unpack="false" version="3.5.0.v20090620043401" download-size="2597" install-size="2597" />
	<plugin fragment="true" id="org.eclipse.rse.efs.nl_de" unpack="false" version="3.5.0.v20090620043401" download-size="1371" install-size="1371" />
	<plugin fragment="true" id="org.eclipse.rse.efs.ui.nl_de" unpack="false" version="3.5.0.v20090620043401" download-size="1373" install-size="1373" />
	<plugin fragment="true" id="org.eclipse.rse.examples.daytime.nl_de" unpack="false" version="3.5.0.v20090620043401" download-size="1379" install-size="1379" />
	<plugin fragment="true" id="org.eclipse.rse.examples.tutorial.nl_de" unpack="false" version="3.5.0.v20090620043401" download-size="1682" install-size="1682" />
	<plugin fragment="true" id="org.eclipse.rse.files.ui.nl_de" unpack="false" version="3.5.0.v20090620043401" download-size="3338" install-size="3338" />
	<plugin fragment="true" id="org.eclipse.rse.importexport.nl_de" unpack="false" version="3.5.0.v20090620043401" download-size="4480" install-size="4480" />
	<plugin fragment="true" id="org.eclipse.rse.nl_de" unpack="false" version="3.5.0.v20090620043401" download-size="1367" install-size="1367" />
	<plugin fragment="true" id="org.eclipse.rse.processes.ui.nl_de" unpack="false" version="3.5.0.v20090620043401" download-size="3141" install-size="3141" />
	<plugin fragment="true" id="org.eclipse.rse.remotecdt.nl_de" unpack="false" version="3.5.0.v20090620043401" download-size="2304" install-size="2304" />
	<plugin fragment="true" id="org.eclipse.rse.sdk.nl_de" unpack="false" version="3.5.0.v20090620043401" download-size="1371" install-size="1371" />
	<plugin fragment="true" id="org.eclipse.rse.services.dstore.nl_de" unpack="false" version="3.5.0.v20090620043401" download-size="1595" install-size="1595" />
	<plugin fragment="true" id="org.eclipse.rse.services.files.ftp.nl_de" unpack="false" version="3.5.0.v20090620043401" download-size="2619" install-size="2619" />
	<plugin fragment="true" id="org.eclipse.rse.services.local.nl_de" unpack="false" version="3.5.0.v20090620043401" download-size="1378" install-size="1378" />
	<plugin fragment="true" id="org.eclipse.rse.services.nl_de" unpack="false" version="3.5.0.v20090620043401" download-size="3097" install-size="3097" />
	<plugin fragment="true" id="org.eclipse.rse.services.ssh.nl_de" unpack="false" version="3.5.0.v20090620043401" download-size="1377" install-size="1377" />
	<plugin fragment="true" id="org.eclipse.rse.services.telnet.nl_de" unpack="false" version="3.5.0.v20090620043401" download-size="1378" install-size="1378" />
	<plugin fragment="true" id="org.eclipse.rse.shells.ui.nl_de" unpack="false" version="3.5.0.v20090620043401" download-size="2605" install-size="2605" />
	<plugin fragment="true" id="org.eclipse.rse.subsystems.files.core.nl_de" unpack="false" version="3.5.0.v20090620043401" download-size="2910" install-size="2910" />
	<plugin fragment="true" id="org.eclipse.rse.subsystems.files.dstore.nl_de" unpack="false" version="3.5.0.v20090620043401" download-size="1395" install-size="1395" />
	<plugin fragment="true" id="org.eclipse.rse.subsystems.files.ftp.nl_de" unpack="false" version="3.5.0.v20090620043401" download-size="1408" install-size="1408" />
	<plugin fragment="true" id="org.eclipse.rse.subsystems.files.local.nl_de" unpack="false" version="3.5.0.v20090620043401" download-size="1383" install-size="1383" />
	<plugin fragment="true" id="org.eclipse.rse.subsystems.files.ssh.nl_de" unpack="false" version="3.5.0.v20090620043401" download-size="1381" install-size="1381" />
	<plugin fragment="true" id="org.eclipse.rse.subsystems.processes.core.nl_de" unpack="false" version="3.5.0.v20090620043401" download-size="1384" install-size="1384" />
	<plugin fragment="true" id="org.eclipse.rse.subsystems.processes.dstore.nl_de" unpack="false" version="3.5.0.v20090620043401" download-size="1413" install-size="1413" />
	<plugin fragment="true" id="org.eclipse.rse.subsystems.processes.local.nl_de" unpack="false" version="3.5.0.v20090620043401" download-size="1384" install-size="1384" />
	<plugin fragment="true" id="org.eclipse.rse.subsystems.processes.shell.linux.nl_de" unpack="false" version="3.5.0.v20090620043401" download-size="1390" install-size="1390" />
	<plugin fragment="true" id="org.eclipse.rse.subsystems.shells.core.nl_de" unpack="false" version="3.5.0.v20090620043401" download-size="1383" install-size="1383" />
	<plugin fragment="true" id="org.eclipse.rse.subsystems.shells.dstore.nl_de" unpack="false" version="3.5.0.v20090620043401" download-size="1384" install-size="1384" />
	<plugin fragment="true" id="org.eclipse.rse.subsystems.shells.local.nl_de" unpack="false" version="3.5.0.v20090620043401" download-size="1384" install-size="1384" />
	<plugin fragment="true" id="org.eclipse.rse.subsystems.shells.ssh.nl_de" unpack="false" version="3.5.0.v20090620043401" download-size="1383" install-size="1383" />
	<plugin fragment="true" id="org.eclipse.rse.subsystems.shells.telnet.nl_de" unpack="false" version="3.5.0.v20090620043401" download-size="1384" install-size="1384" />
	<plugin fragment="true" id="org.eclipse.rse.subsystems.terminals.core.nl_de" unpack="false" version="3.5.0.v20090620043401" download-size="1384" install-size="1384" />
	<plugin fragment="true" id="org.eclipse.rse.subsystems.terminals.ssh.nl_de" unpack="false" version="3.5.0.v20090620043401" download-size="1385" install-size="1385" />
	<plugin fragment="true" id="org.eclipse.rse.subsystems.wince.nl_de" unpack="false" version="3.5.0.v20090620043401" download-size="1401" install-size="1401" />
	<plugin fragment="true" id="org.eclipse.rse.terminals.ui.nl_de" unpack="false" version="3.5.0.v20090620043401" download-size="1393" install-size="1393" />
	<plugin fragment="true" id="org.eclipse.rse.tests.framework.nl_de" unpack="false" version="3.5.0.v20090620043401" download-size="1450" install-size="1450" />
	<plugin fragment="true" id="org.eclipse.rse.tests.nl_de" unpack="false" version="3.5.0.v20090620043401" download-size="2418" install-size="2418" />
	<plugin fragment="true" id="org.eclipse.rse.ui.nl_de" unpack="false" version="3.5.0.v20090620043401" download-size="5836" install-size="5836" />
	<plugin fragment="true" id="org.eclipse.rse.useractions.nl_de" unpack="false" version="3.5.0.v20090620043401" download-size="3521" install-size="3521" />
	<plugin fragment="true" id="org.eclipse.tm.discovery.doc.isv.nl_de" unpack="false" version="3.5.0.v20090620043401" download-size="1379" install-size="1379" />
	<plugin fragment="true" id="org.eclipse.tm.discovery.engine.nl_de" unpack="false" version="3.5.0.v20090620043401" download-size="1379" install-size="1379" />
	<plugin fragment="true" id="org.eclipse.tm.discovery.model.edit.nl_de" unpack="false" version="3.5.0.v20090620043401" download-size="1380" install-size="1380" />
	<plugin fragment="true" id="org.eclipse.tm.discovery.model.nl_de" unpack="false" version="3.5.0.v20090620043401" download-size="1378" install-size="1378" />
	<plugin fragment="true" id="org.eclipse.tm.discovery.protocol.dnssd.nl_de" unpack="false" version="3.5.0.v20090620043401" download-size="1383" install-size="1383" />
	<plugin fragment="true" id="org.eclipse.tm.discovery.transport.udp.nl_de" unpack="false" version="3.5.0.v20090620043401" download-size="1384" install-size="1384" />
	<plugin fragment="true" id="org.eclipse.tm.discovery.view.nl_de" unpack="false" version="3.5.0.v20090620043401" download-size="2520" install-size="2520" />
	<plugin fragment="true" id="org.eclipse.tm.discovery.wizard.nl_de" unpack="false" version="3.5.0.v20090620043401" download-size="2569" install-size="2569" />
	<plugin fragment="true" id="org.eclipse.tm.rapi.examples.nl_de" unpack="false" version="3.5.0.v20090620043401" download-size="1377" install-size="1377" />
	<plugin fragment="true" id="org.eclipse.tm.rapi.nl_de" unpack="false" version="3.5.0.v20090620043401" download-size="1371" install-size="1371" />
	<plugin fragment="true" id="org.eclipse.tm.rapi.tests.nl_de" unpack="false" version="3.5.0.v20090620043401" download-size="1374" install-size="1374" />
	<plugin fragment="true" id="org.eclipse.tm.terminal.nl_de" unpack="false" version="3.5.0.v20090620043401" download-size="2639" install-size="2639" />
	<plugin fragment="true" id="org.eclipse.tm.terminal.serial.nl_de" unpack="false" version="3.5.0.v20090620043401" download-size="2393" install-size="2393" />
	<plugin fragment="true" id="org.eclipse.tm.terminal.ssh.nl_de" unpack="false" version="3.5.0.v20090620043401" download-size="2847" install-size="2847" />
	<plugin fragment="true" id="org.eclipse.tm.terminal.telnet.nl_de" unpack="false" version="3.5.0.v20090620043401" download-size="2399" install-size="2399" />
	<plugin fragment="true" id="org.eclipse.tm.terminal.test.nl_de" unpack="false" version="3.5.0.v20090620043401" download-size="1374" install-size="1374" />
	<plugin fragment="true" id="org.eclipse.tm.terminal.view.nl_de" unpack="false" version="3.5.0.v20090620043401" download-size="2919" install-size="2919" />
	<plugin fragment="true" id="test.data.nl_de" unpack="false" version="3.5.0.v20090620043401" download-size="2966" install-size="2966" />
</feature>