<?xml version="1.0" encoding="UTF-8" ?>
<feature
	id="org.eclipse.babel.nls_tools.mylyn_pl"
	label="Babel Language Pack for tools.mylyn in Polish (14.85%)"
	image="eclipse_update_120.jpg"
	provider-name="%providerName"
	version="3.5.0.v20090620043401">
	<copyright>
		%copyright
	</copyright>
	<license url="%licenseURL">
		%license
	</license>
	<description>Babel Language Pack for tools.mylyn in Polish</description>
	<plugin fragment="true" id="org.eclipse.mylyn.bugzilla.core.nl_pl" unpack="false" version="3.5.0.v20090620043401" download-size="2550" install-size="2550" />
	<plugin fragment="true" id="org.eclipse.mylyn.bugzilla.ide.nl_pl" unpack="false" version="3.5.0.v20090620043401" download-size="1356" install-size="1356" />
	<plugin fragment="true" id="org.eclipse.mylyn.bugzilla.ui.nl_pl" unpack="false" version="3.5.0.v20090620043401" download-size="3692" install-size="3692" />
	<plugin fragment="true" id="org.eclipse.mylyn.commons.core.nl_pl" unpack="false" version="3.5.0.v20090620043401" download-size="1353" install-size="1353" />
	<plugin fragment="true" id="org.eclipse.mylyn.commons.net.nl_pl" unpack="false" version="3.5.0.v20090620043401" download-size="2568" install-size="2568" />
	<plugin fragment="true" id="org.eclipse.mylyn.commons.soap.nl_pl" unpack="false" version="3.5.0.v20090620043401" download-size="1354" install-size="1354" />
	<plugin fragment="true" id="org.eclipse.mylyn.commons.ui.nl_pl" unpack="false" version="3.5.0.v20090620043401" download-size="2556" install-size="2556" />
	<plugin fragment="true" id="org.eclipse.mylyn.compatibility.nl_pl" unpack="false" version="3.5.0.v20090620043401" download-size="1356" install-size="1356" />
	<plugin fragment="true" id="org.eclipse.mylyn.context.core.nl_pl" unpack="false" version="3.5.0.v20090620043401" download-size="1353" install-size="1353" />
	<plugin fragment="true" id="org.eclipse.mylyn.context.ui.nl_pl" unpack="false" version="3.5.0.v20090620043401" download-size="4574" install-size="4574" />
	<plugin fragment="true" id="org.eclipse.mylyn.discovery.core.nl_pl" unpack="false" version="3.5.0.v20090620043401" download-size="2610" install-size="2610" />
	<plugin fragment="true" id="org.eclipse.mylyn.discovery.ui.nl_pl" unpack="false" version="3.5.0.v20090620043401" download-size="2690" install-size="2690" />
	<plugin fragment="true" id="org.eclipse.mylyn.help.ui.nl_pl" unpack="false" version="3.5.0.v20090620043401" download-size="1373" install-size="1373" />
	<plugin fragment="true" id="org.eclipse.mylyn.ide.ant.nl_pl" unpack="false" version="3.5.0.v20090620043401" download-size="1351" install-size="1351" />
	<plugin fragment="true" id="org.eclipse.mylyn.ide.capabilities.nl_pl" unpack="false" version="3.5.0.v20090620043401" download-size="1375" install-size="1375" />
	<plugin fragment="true" id="org.eclipse.mylyn.ide.ui.nl_pl" unpack="false" version="3.5.0.v20090620043401" download-size="1351" install-size="1351" />
	<plugin fragment="true" id="org.eclipse.mylyn.java.tasks.nl_pl" unpack="false" version="3.5.0.v20090620043401" download-size="2418" install-size="2418" />
	<plugin fragment="true" id="org.eclipse.mylyn.java.ui.nl_pl" unpack="false" version="3.5.0.v20090620043401" download-size="1425" install-size="1425" />
	<plugin fragment="true" id="org.eclipse.mylyn.jira.core.nl_pl" unpack="false" version="3.5.0.v20090620043401" download-size="2956" install-size="2956" />
	<plugin fragment="true" id="org.eclipse.mylyn.jira.ui.nl_pl" unpack="false" version="3.5.0.v20090620043401" download-size="3531" install-size="3531" />
	<plugin fragment="true" id="org.eclipse.mylyn.monitor.core.nl_pl" unpack="false" version="3.5.0.v20090620043401" download-size="2628" install-size="2628" />
	<plugin fragment="true" id="org.eclipse.mylyn.monitor.ui.nl_pl" unpack="false" version="3.5.0.v20090620043401" download-size="1353" install-size="1353" />
	<plugin fragment="true" id="org.eclipse.mylyn.nl_pl" unpack="false" version="3.5.0.v20090620043401" download-size="1347" install-size="1347" />
	<plugin fragment="true" id="org.eclipse.mylyn.pde.ui.nl_pl" unpack="false" version="3.5.0.v20090620043401" download-size="1351" install-size="1351" />
	<plugin fragment="true" id="org.eclipse.mylyn.resources.ui.nl_pl" unpack="false" version="3.5.0.v20090620043401" download-size="2659" install-size="2659" />
	<plugin fragment="true" id="org.eclipse.mylyn.tasks.bugs.nl_pl" unpack="false" version="3.5.0.v20090620043401" download-size="3404" install-size="3404" />
	<plugin fragment="true" id="org.eclipse.mylyn.tasks.core.nl_pl" unpack="false" version="3.5.0.v20090620043401" download-size="3513" install-size="3513" />
	<plugin fragment="true" id="org.eclipse.mylyn.tasks.ui.nl_pl" unpack="false" version="3.5.0.v20090620043401" download-size="10737" install-size="10737" />
	<plugin fragment="true" id="org.eclipse.mylyn.team.cvs.nl_pl" unpack="false" version="3.5.0.v20090620043401" download-size="1352" install-size="1352" />
	<plugin fragment="true" id="org.eclipse.mylyn.team.ui.nl_pl" unpack="false" version="3.5.0.v20090620043401" download-size="3617" install-size="3617" />
	<plugin fragment="true" id="org.eclipse.mylyn.trac.core.nl_pl" unpack="false" version="3.5.0.v20090620043401" download-size="2956" install-size="2956" />
	<plugin fragment="true" id="org.eclipse.mylyn.trac.ui.nl_pl" unpack="false" version="3.5.0.v20090620043401" download-size="2633" install-size="2633" />
	<plugin fragment="true" id="org.eclipse.mylyn.wikitext.confluence.core.nl_pl" unpack="false" version="3.5.0.v20090620043401" download-size="1363" install-size="1363" />
	<plugin fragment="true" id="org.eclipse.mylyn.wikitext.confluence.ui.nl_pl" unpack="false" version="3.5.0.v20090620043401" download-size="1387" install-size="1387" />
	<plugin fragment="true" id="org.eclipse.mylyn.wikitext.core.nl_pl" unpack="false" version="3.5.0.v20090620043401" download-size="4422" install-size="4422" />
	<plugin fragment="true" id="org.eclipse.mylyn.wikitext.help.sdk.nl_pl" unpack="false" version="3.5.0.v20090620043401" download-size="1380" install-size="1380" />
	<plugin fragment="true" id="org.eclipse.mylyn.wikitext.help.ui.nl_pl" unpack="false" version="3.5.0.v20090620043401" download-size="1379" install-size="1379" />
	<plugin fragment="true" id="org.eclipse.mylyn.wikitext.mediawiki.core.nl_pl" unpack="false" version="3.5.0.v20090620043401" download-size="1383" install-size="1383" />
	<plugin fragment="true" id="org.eclipse.mylyn.wikitext.mediawiki.ui.nl_pl" unpack="false" version="3.5.0.v20090620043401" download-size="1405" install-size="1405" />
	<plugin fragment="true" id="org.eclipse.mylyn.wikitext.tasks.ui.nl_pl" unpack="false" version="3.5.0.v20090620043401" download-size="2841" install-size="2841" />
	<plugin fragment="true" id="org.eclipse.mylyn.wikitext.tests.nl_pl" unpack="false" version="3.5.0.v20090620043401" download-size="1357" install-size="1357" />
	<plugin fragment="true" id="org.eclipse.mylyn.wikitext.textile.core.nl_pl" unpack="false" version="3.5.0.v20090620043401" download-size="1360" install-size="1360" />
	<plugin fragment="true" id="org.eclipse.mylyn.wikitext.textile.ui.nl_pl" unpack="false" version="3.5.0.v20090620043401" download-size="1396" install-size="1396" />
	<plugin fragment="true" id="org.eclipse.mylyn.wikitext.tracwiki.core.nl_pl" unpack="false" version="3.5.0.v20090620043401" download-size="1362" install-size="1362" />
	<plugin fragment="true" id="org.eclipse.mylyn.wikitext.tracwiki.ui.nl_pl" unpack="false" version="3.5.0.v20090620043401" download-size="1385" install-size="1385" />
	<plugin fragment="true" id="org.eclipse.mylyn.wikitext.twiki.core.nl_pl" unpack="false" version="3.5.0.v20090620043401" download-size="1360" install-size="1360" />
	<plugin fragment="true" id="org.eclipse.mylyn.wikitext.twiki.ui.nl_pl" unpack="false" version="3.5.0.v20090620043401" download-size="1384" install-size="1384" />
	<plugin fragment="true" id="org.eclipse.mylyn.wikitext.ui.nl_pl" unpack="false" version="3.5.0.v20090620043401" download-size="6109" install-size="6109" />
	<plugin fragment="true" id="org.eclipse.mylyn.xplanner.core.nl_pl" unpack="false" version="3.5.0.v20090620043401" download-size="1355" install-size="1355" />
	<plugin fragment="true" id="org.eclipse.mylyn.xplanner.ui.nl_pl" unpack="false" version="3.5.0.v20090620043401" download-size="3706" install-size="3706" />
</feature>