<?xml version="1.0" encoding="UTF-8" ?>
<feature
	id="org.eclipse.babel.nls_birt_fi"
	label="Babel Language Pack for birt in Finnish (70.3%)"
	image="eclipse_update_120.jpg"
	provider-name="%providerName"
	version="3.5.0.v20090620043401">
	<copyright>
		%copyright
	</copyright>
	<license url="%licenseURL">
		%license
	</license>
	<description>Babel Language Pack for birt in Finnish</description>
	<plugin fragment="true" id="org.eclipse.birt.chart.cshelp.nl_fi" unpack="false" version="3.5.0.v20090620043401" download-size="1514" install-size="1514" />
	<plugin fragment="true" id="org.eclipse.birt.chart.device.extension.nl_fi" unpack="false" version="3.5.0.v20090620043401" download-size="3636" install-size="3636" />
	<plugin fragment="true" id="org.eclipse.birt.chart.device.svg.nl_fi" unpack="false" version="3.5.0.v20090620043401" download-size="2908" install-size="2908" />
	<plugin fragment="true" id="org.eclipse.birt.chart.device.swt.nl_fi" unpack="false" version="3.5.0.v20090620043401" download-size="2916" install-size="2916" />
	<plugin fragment="true" id="org.eclipse.birt.chart.doc.isv.nl_fi" unpack="false" version="3.5.0.v20090620043401" download-size="1521" install-size="1521" />
	<plugin fragment="true" id="org.eclipse.birt.chart.engine.extension.nl_fi" unpack="false" version="3.5.0.v20090620043401" download-size="4398" install-size="4398" />
	<plugin fragment="true" id="org.eclipse.birt.chart.engine.nl_fi" unpack="false" version="3.5.0.v20090620043401" download-size="8528" install-size="8528" />
	<plugin fragment="true" id="org.eclipse.birt.chart.examples.nl_fi" unpack="false" version="3.5.0.v20090620043401" download-size="2485" install-size="2485" />
	<plugin fragment="true" id="org.eclipse.birt.chart.integration.wtp.ui.nl_fi" unpack="false" version="3.5.0.v20090620043401" download-size="2768" install-size="2768" />
	<plugin fragment="true" id="org.eclipse.birt.chart.reportitem.nl_fi" unpack="false" version="3.5.0.v20090620043401" download-size="3517" install-size="3517" />
	<plugin fragment="true" id="org.eclipse.birt.chart.reportitem.ui.nl_fi" unpack="false" version="3.5.0.v20090620043401" download-size="3982" install-size="3982" />
	<plugin fragment="true" id="org.eclipse.birt.chart.runtime.nl_fi" unpack="false" version="3.5.0.v20090620043401" download-size="1511" install-size="1511" />
	<plugin fragment="true" id="org.eclipse.birt.chart.ui.extension.nl_fi" unpack="false" version="3.5.0.v20090620043401" download-size="13131" install-size="13131" />
	<plugin fragment="true" id="org.eclipse.birt.chart.ui.nl_fi" unpack="false" version="3.5.0.v20090620043401" download-size="3822" install-size="3822" />
	<plugin fragment="true" id="org.eclipse.birt.core.nl_fi" unpack="false" version="3.5.0.v20090620043401" download-size="2136" install-size="2136" />
	<plugin fragment="true" id="org.eclipse.birt.core.script.function.nl_fi" unpack="false" version="3.5.0.v20090620043401" download-size="1456" install-size="1456" />
	<plugin fragment="true" id="org.eclipse.birt.core.ui.nl_fi" unpack="false" version="3.5.0.v20090620043401" download-size="2601" install-size="2601" />
	<plugin fragment="true" id="org.eclipse.birt.cshelp.nl_fi" unpack="false" version="3.5.0.v20090620043401" download-size="1506" install-size="1506" />
	<plugin fragment="true" id="org.eclipse.birt.data.aggregation.nl_fi" unpack="false" version="3.5.0.v20090620043401" download-size="2344" install-size="2344" />
	<plugin fragment="true" id="org.eclipse.birt.data.nl_fi" unpack="false" version="3.5.0.v20090620043401" download-size="7137" install-size="7137" />
	<plugin fragment="true" id="org.eclipse.birt.data.tests.nl_fi" unpack="false" version="3.5.0.v20090620043401" download-size="1391" install-size="1391" />
	<plugin fragment="true" id="org.eclipse.birt.doc.isv.nl_fi" unpack="false" version="3.5.0.v20090620043401" download-size="1511" install-size="1511" />
	<plugin fragment="true" id="org.eclipse.birt.doc.nl_fi" unpack="false" version="3.5.0.v20090620043401" download-size="1504" install-size="1504" />
	<plugin fragment="true" id="org.eclipse.birt.example.nl_fi" unpack="false" version="3.5.0.v20090620043401" download-size="1507" install-size="1507" />
	<plugin fragment="true" id="org.eclipse.birt.integration.wtp.ui.nl_fi" unpack="false" version="3.5.0.v20090620043401" download-size="2723" install-size="2723" />
	<plugin fragment="true" id="org.eclipse.birt.nl_fi" unpack="false" version="3.5.0.v20090620043401" download-size="1405" install-size="1405" />
	<plugin fragment="true" id="org.eclipse.birt.report.data.adapter.nl_fi" unpack="false" version="3.5.0.v20090620043401" download-size="2628" install-size="2628" />
	<plugin fragment="true" id="org.eclipse.birt.report.data.oda.jdbc.dbprofile.nl_fi" unpack="false" version="3.5.0.v20090620043401" download-size="1542" install-size="1542" />
	<plugin fragment="true" id="org.eclipse.birt.report.data.oda.jdbc.dbprofile.ui.nl_fi" unpack="false" version="3.5.0.v20090620043401" download-size="1403" install-size="1403" />
	<plugin fragment="true" id="org.eclipse.birt.report.data.oda.jdbc.nl_fi" unpack="false" version="3.5.0.v20090620043401" download-size="4306" install-size="4306" />
	<plugin fragment="true" id="org.eclipse.birt.report.data.oda.jdbc.ui.nl_fi" unpack="false" version="3.5.0.v20090620043401" download-size="5266" install-size="5266" />
	<plugin fragment="true" id="org.eclipse.birt.report.data.oda.sampledb.nl_fi" unpack="false" version="3.5.0.v20090620043401" download-size="1598" install-size="1598" />
	<plugin fragment="true" id="org.eclipse.birt.report.data.oda.sampledb.ui.nl_fi" unpack="false" version="3.5.0.v20090620043401" download-size="3364" install-size="3364" />
	<plugin fragment="true" id="org.eclipse.birt.report.data.oda.xml.nl_fi" unpack="false" version="3.5.0.v20090620043401" download-size="3028" install-size="3028" />
	<plugin fragment="true" id="org.eclipse.birt.report.data.oda.xml.ui.nl_fi" unpack="false" version="3.5.0.v20090620043401" download-size="1715" install-size="1715" />
	<plugin fragment="true" id="org.eclipse.birt.report.debug.core.nl_fi" unpack="false" version="3.5.0.v20090620043401" download-size="1534" install-size="1534" />
	<plugin fragment="true" id="org.eclipse.birt.report.debug.ui.nl_fi" unpack="false" version="3.5.0.v20090620043401" download-size="2762" install-size="2762" />
	<plugin fragment="true" id="org.eclipse.birt.report.designer.core.nl_fi" unpack="false" version="3.5.0.v20090620043401" download-size="32819" install-size="32819" />
	<plugin fragment="true" id="org.eclipse.birt.report.designer.nl_fi" unpack="false" version="3.5.0.v20090620043401" download-size="1521" install-size="1521" />
	<plugin fragment="true" id="org.eclipse.birt.report.designer.tests.nl_fi" unpack="false" version="3.5.0.v20090620043401" download-size="2624" install-size="2624" />
	<plugin fragment="true" id="org.eclipse.birt.report.designer.ui.cubebuilder.nl_fi" unpack="false" version="3.5.0.v20090620043401" download-size="3215" install-size="3215" />
	<plugin fragment="true" id="org.eclipse.birt.report.designer.ui.editor.script.nl_fi" unpack="false" version="3.5.0.v20090620043401" download-size="1417" install-size="1417" />
	<plugin fragment="true" id="org.eclipse.birt.report.designer.ui.editor.xml.wtp.nl_fi" unpack="false" version="3.5.0.v20090620043401" download-size="1800" install-size="1800" />
	<plugin fragment="true" id="org.eclipse.birt.report.designer.ui.editors.nl_fi" unpack="false" version="3.5.0.v20090620043401" download-size="1402" install-size="1402" />
	<plugin fragment="true" id="org.eclipse.birt.report.designer.ui.editors.schematic.nl_fi" unpack="false" version="3.5.0.v20090620043401" download-size="1518" install-size="1518" />
	<plugin fragment="true" id="org.eclipse.birt.report.designer.ui.ide.nl_fi" unpack="false" version="3.5.0.v20090620043401" download-size="1674" install-size="1674" />
	<plugin fragment="true" id="org.eclipse.birt.report.designer.ui.lib.explorer.nl_fi" unpack="false" version="3.5.0.v20090620043401" download-size="1394" install-size="1394" />
	<plugin fragment="true" id="org.eclipse.birt.report.designer.ui.lib.nl_fi" unpack="false" version="3.5.0.v20090620043401" download-size="1594" install-size="1594" />
	<plugin fragment="true" id="org.eclipse.birt.report.designer.ui.nl_fi" unpack="false" version="3.5.0.v20090620043401" download-size="1835" install-size="1835" />
	<plugin fragment="true" id="org.eclipse.birt.report.designer.ui.preview.nl_fi" unpack="false" version="3.5.0.v20090620043401" download-size="1460" install-size="1460" />
	<plugin fragment="true" id="org.eclipse.birt.report.designer.ui.preview.web.nl_fi" unpack="false" version="3.5.0.v20090620043401" download-size="1488" install-size="1488" />
	<plugin fragment="true" id="org.eclipse.birt.report.designer.ui.rcp.nl_fi" unpack="false" version="3.5.0.v20090620043401" download-size="3063" install-size="3063" />
	<plugin fragment="true" id="org.eclipse.birt.report.designer.ui.samples.ide.nl_fi" unpack="false" version="3.5.0.v20090620043401" download-size="3011" install-size="3011" />
	<plugin fragment="true" id="org.eclipse.birt.report.designer.ui.views.nl_fi" unpack="false" version="3.5.0.v20090620043401" download-size="1403" install-size="1403" />
	<plugin fragment="true" id="org.eclipse.birt.report.engine.emitter.config.html.nl_fi" unpack="false" version="3.5.0.v20090620043401" download-size="2807" install-size="2807" />
	<plugin fragment="true" id="org.eclipse.birt.report.engine.emitter.config.pdf.nl_fi" unpack="false" version="3.5.0.v20090620043401" download-size="2742" install-size="2742" />
	<plugin fragment="true" id="org.eclipse.birt.report.engine.nl_fi" unpack="false" version="3.5.0.v20090620043401" download-size="3116" install-size="3116" />
	<plugin fragment="true" id="org.eclipse.birt.report.item.crosstab.core.nl_fi" unpack="false" version="3.5.0.v20090620043401" download-size="3114" install-size="3114" />
	<plugin fragment="true" id="org.eclipse.birt.report.item.crosstab.ui.nl_fi" unpack="false" version="3.5.0.v20090620043401" download-size="4127" install-size="4127" />
	<plugin fragment="true" id="org.eclipse.birt.report.model.nl_fi" unpack="false" version="3.5.0.v20090620043401" download-size="34102" install-size="34102" />
	<plugin fragment="true" id="org.eclipse.birt.report.model.tests.nl_fi" unpack="false" version="3.5.0.v20090620043401" download-size="2313" install-size="2313" />
	<plugin fragment="true" id="org.eclipse.birt.report.runtime.nl_fi" unpack="false" version="3.5.0.v20090620043401" download-size="1520" install-size="1520" />
	<plugin fragment="true" id="org.eclipse.birt.report.viewer.nl_fi" unpack="false" version="3.5.0.v20090620043401" download-size="3489" install-size="3489" />
	<plugin fragment="true" id="org.eclipse.birt.resources.nl_fi" unpack="false" version="3.5.0.v20090620043401" download-size="1428" install-size="1428" />
	<plugin fragment="true" id="org.eclipse.birt.sdk.nl_fi" unpack="false" version="3.5.0.v20090620043401" download-size="1525" install-size="1525" />
	<plugin fragment="true" id="org.eclipse.birt.tests.data.nl_fi" unpack="false" version="3.5.0.v20090620043401" download-size="1391" install-size="1391" />
</feature>