<?xml version="1.0" encoding="UTF-8" ?>
<feature
	id="org.eclipse.babel.nls_webtools.servertools_zh"
	label="Babel Language Pack for webtools.servertools in Chinese (Simplified) (89.98%)"
	image="eclipse_update_120.jpg"
	provider-name="%providerName"
	version="3.5.0.v20090620043401">
	<copyright>
		%copyright
	</copyright>
	<license url="%licenseURL">
		%license
	</license>
	<description>Babel Language Pack for webtools.servertools in Chinese (Simplified)</description>
	<plugin fragment="true" id="org.apache.cactus.nl_zh" unpack="false" version="3.5.0.v20090620043401" download-size="1420" install-size="1420" />
	<plugin fragment="true" id="org.eclipse.jst.server.core.nl_zh" unpack="false" version="3.5.0.v20090620043401" download-size="3555" install-size="3555" />
	<plugin fragment="true" id="org.eclipse.jst.server.generic.core.nl_zh" unpack="false" version="3.5.0.v20090620043401" download-size="3716" install-size="3716" />
	<plugin fragment="true" id="org.eclipse.jst.server.generic.jboss.nl_zh" unpack="false" version="3.5.0.v20090620043401" download-size="1854" install-size="1854" />
	<plugin fragment="true" id="org.eclipse.jst.server.generic.jonas.nl_zh" unpack="false" version="3.5.0.v20090620043401" download-size="1841" install-size="1841" />
	<plugin fragment="true" id="org.eclipse.jst.server.generic.oc4j.nl_zh" unpack="false" version="3.5.0.v20090620043401" download-size="1964" install-size="1964" />
	<plugin fragment="true" id="org.eclipse.jst.server.generic.ui.nl_zh" unpack="false" version="3.5.0.v20090620043401" download-size="3252" install-size="3252" />
	<plugin fragment="true" id="org.eclipse.jst.server.installable.nl_zh" unpack="false" version="3.5.0.v20090620043401" download-size="1451" install-size="1451" />
	<plugin fragment="true" id="org.eclipse.jst.server.preview.adapter.nl_zh" unpack="false" version="3.5.0.v20090620043401" download-size="2999" install-size="2999" />
	<plugin fragment="true" id="org.eclipse.jst.server.tomcat.core.nl_zh" unpack="false" version="3.5.0.v20090620043401" download-size="5849" install-size="5849" />
	<plugin fragment="true" id="org.eclipse.jst.server.tomcat.ui.nl_zh" unpack="false" version="3.5.0.v20090620043401" download-size="3687" install-size="3687" />
	<plugin fragment="true" id="org.eclipse.jst.server.ui.doc.user.nl_zh" unpack="false" version="3.5.0.v20090620043401" download-size="1386" install-size="1386" />
	<plugin fragment="true" id="org.eclipse.jst.server.ui.infopop.nl_zh" unpack="false" version="3.5.0.v20090620043401" download-size="1452" install-size="1452" />
	<plugin fragment="true" id="org.eclipse.jst.server.ui.nl_zh" unpack="false" version="3.5.0.v20090620043401" download-size="2893" install-size="2893" />
	<plugin fragment="true" id="org.eclipse.jst.server.websphere.core.nl_zh" unpack="false" version="3.5.0.v20090620043401" download-size="1715" install-size="1715" />
	<plugin fragment="true" id="org.eclipse.servertools.doc.isv.nl_zh" unpack="false" version="3.5.0.v20090620043401" download-size="1382" install-size="1382" />
	<plugin fragment="true" id="org.eclipse.wst.internet.monitor.core.nl_zh" unpack="false" version="3.5.0.v20090620043401" download-size="2982" install-size="2982" />
	<plugin fragment="true" id="org.eclipse.wst.internet.monitor.ui.nl_zh" unpack="false" version="3.5.0.v20090620043401" download-size="3515" install-size="3515" />
	<plugin fragment="true" id="org.eclipse.wst.server.core.nl_zh" unpack="false" version="3.5.0.v20090620043401" download-size="4014" install-size="4014" />
	<plugin fragment="true" id="org.eclipse.wst.server.discovery.nl_zh" unpack="false" version="3.5.0.v20090620043401" download-size="2744" install-size="2744" />
	<plugin fragment="true" id="org.eclipse.wst.server.http.core.nl_zh" unpack="false" version="3.5.0.v20090620043401" download-size="2980" install-size="2980" />
	<plugin fragment="true" id="org.eclipse.wst.server.http.ui.nl_zh" unpack="false" version="3.5.0.v20090620043401" download-size="2747" install-size="2747" />
	<plugin fragment="true" id="org.eclipse.wst.server.preview.adapter.nl_zh" unpack="false" version="3.5.0.v20090620043401" download-size="3203" install-size="3203" />
	<plugin fragment="true" id="org.eclipse.wst.server.preview.nl_zh" unpack="false" version="3.5.0.v20090620043401" download-size="2971" install-size="2971" />
	<plugin fragment="true" id="org.eclipse.wst.server.ui.doc.user.nl_zh" unpack="false" version="3.5.0.v20090620043401" download-size="1415" install-size="1415" />
	<plugin fragment="true" id="org.eclipse.wst.server.ui.infopop.nl_zh" unpack="false" version="3.5.0.v20090620043401" download-size="1450" install-size="1450" />
	<plugin fragment="true" id="org.eclipse.wst.server.ui.nl_zh" unpack="false" version="3.5.0.v20090620043401" download-size="8559" install-size="8559" />
</feature>