<?xml version="1.0" encoding="UTF-8" ?>
<feature
	id="org.eclipse.babel.nls_webtools.jeetools_el"
	label="Babel Language Pack for webtools.jeetools in Greek (94.79%)"
	image="eclipse_update_120.jpg"
	provider-name="%providerName"
	version="3.5.0.v20090620043401">
	<copyright>
		%copyright
	</copyright>
	<license url="%licenseURL">
		%license
	</license>
	<description>Babel Language Pack for webtools.jeetools in Greek</description>
	<plugin fragment="true" id="org.eclipse.jem.beaninfo.nl_el" unpack="false" version="3.5.0.v20090620043401" download-size="3348" install-size="3348" />
	<plugin fragment="true" id="org.eclipse.jem.beaninfo.vm.common.nl_el" unpack="false" version="3.5.0.v20090620043401" download-size="1377" install-size="1377" />
	<plugin fragment="true" id="org.eclipse.jem.beaninfo.vm.nl_el" unpack="false" version="3.5.0.v20090620043401" download-size="3332" install-size="3332" />
	<plugin fragment="true" id="org.eclipse.jem.nl_el" unpack="false" version="3.5.0.v20090620043401" download-size="4428" install-size="4428" />
	<plugin fragment="true" id="org.eclipse.jem.proxy.nl_el" unpack="false" version="3.5.0.v20090620043401" download-size="8870" install-size="8870" />
	<plugin fragment="true" id="org.eclipse.jem.tests.nl_el" unpack="false" version="3.5.0.v20090620043401" download-size="1365" install-size="1365" />
	<plugin fragment="true" id="org.eclipse.jem.workbench.nl_el" unpack="false" version="3.5.0.v20090620043401" download-size="2668" install-size="2668" />
	<plugin fragment="true" id="org.eclipse.jst.j2ee.core.nl_el" unpack="false" version="3.5.0.v20090620043401" download-size="39663" install-size="39663" />
	<plugin fragment="true" id="org.eclipse.jst.j2ee.doc.user.nl_el" unpack="false" version="3.5.0.v20090620043401" download-size="1430" install-size="1430" />
	<plugin fragment="true" id="org.eclipse.jst.j2ee.infopop.nl_el" unpack="false" version="3.5.0.v20090620043401" download-size="1461" install-size="1461" />
	<plugin fragment="true" id="org.eclipse.jst.j2ee.jca.nl_el" unpack="false" version="3.5.0.v20090620043401" download-size="2700" install-size="2700" />
	<plugin fragment="true" id="org.eclipse.jst.j2ee.jca.ui.nl_el" unpack="false" version="3.5.0.v20090620043401" download-size="2347" install-size="2347" />
	<plugin fragment="true" id="org.eclipse.jst.j2ee.navigator.ui.nl_el" unpack="false" version="3.5.0.v20090620043401" download-size="4120" install-size="4120" />
	<plugin fragment="true" id="org.eclipse.jst.j2ee.nl_el" unpack="false" version="3.5.0.v20090620043401" download-size="36757" install-size="36757" />
	<plugin fragment="true" id="org.eclipse.jst.j2ee.ui.nl_el" unpack="false" version="3.5.0.v20090620043401" download-size="20026" install-size="20026" />
	<plugin fragment="true" id="org.eclipse.jst.j2ee.web.nl_el" unpack="false" version="3.5.0.v20090620043401" download-size="26195" install-size="26195" />
	<plugin fragment="true" id="org.eclipse.jst.j2ee.webservice.nl_el" unpack="false" version="3.5.0.v20090620043401" download-size="3239" install-size="3239" />
	<plugin fragment="true" id="org.eclipse.jst.j2ee.webservice.ui.nl_el" unpack="false" version="3.5.0.v20090620043401" download-size="2956" install-size="2956" />
	<plugin fragment="true" id="org.eclipse.jst.j2ee.xdoclet.runtime.nl_el" unpack="false" version="3.5.0.v20090620043401" download-size="2748" install-size="2748" />
	<plugin fragment="true" id="org.eclipse.jst.jee.nl_el" unpack="false" version="3.5.0.v20090620043401" download-size="1367" install-size="1367" />
	<plugin fragment="true" id="org.eclipse.jst.jee.ui.nl_el" unpack="false" version="3.5.0.v20090620043401" download-size="2827" install-size="2827" />
	<plugin fragment="true" id="org.eclipse.jst.jee.web.nl_el" unpack="false" version="3.5.0.v20090620043401" download-size="1370" install-size="1370" />
	<plugin fragment="true" id="org.eclipse.jst.servlet.ui.infopop.nl_el" unpack="false" version="3.5.0.v20090620043401" download-size="1499" install-size="1499" />
	<plugin fragment="true" id="org.eclipse.jst.servlet.ui.nl_el" unpack="false" version="3.5.0.v20090620043401" download-size="6673" install-size="6673" />
	<plugin fragment="true" id="org.eclipse.wst.web.ui.infopop.nl_el" unpack="false" version="3.5.0.v20090620043401" download-size="1479" install-size="1479" />
</feature>