<?xml version="1.0" encoding="UTF-8" ?>
<feature
	id="org.eclipse.babel.nls_modeling.emft_en_AA"
	label="Babel Language Pack for modeling.emft in Pseudo Translations (100%)"
	image="eclipse_update_120.jpg"
	provider-name="%providerName"
	version="3.5.0.v20090620043401">
	<copyright>
		%copyright
	</copyright>
	<license url="%licenseURL">
		%license
	</license>
	<description>Babel Language Pack for modeling.emft in Pseudo Translations</description>
	<plugin fragment="true" id="org.eclipse.emf.compare.diff.edit.nl_en_AA" unpack="false" version="3.5.0.v20090620043401" download-size="3595" install-size="3595" />
	<plugin fragment="true" id="org.eclipse.emf.compare.diff.nl_en_AA" unpack="false" version="3.5.0.v20090620043401" download-size="2917" install-size="2917" />
	<plugin fragment="true" id="org.eclipse.emf.compare.epatch.nl_en_AA" unpack="false" version="3.5.0.v20090620043401" download-size="1435" install-size="1435" />
	<plugin fragment="true" id="org.eclipse.emf.compare.match.nl_en_AA" unpack="false" version="3.5.0.v20090620043401" download-size="3176" install-size="3176" />
	<plugin fragment="true" id="org.eclipse.emf.compare.nl_en_AA" unpack="false" version="3.5.0.v20090620043401" download-size="3001" install-size="3001" />
	<plugin fragment="true" id="org.eclipse.emf.compare.tests.nl_en_AA" unpack="false" version="3.5.0.v20090620043401" download-size="1441" install-size="1441" />
	<plugin fragment="true" id="org.eclipse.emf.compare.ui.nl_en_AA" unpack="false" version="3.5.0.v20090620043401" download-size="4968" install-size="4968" />
	<plugin fragment="true" id="org.eclipse.emf.mwe.activities.nl_en_AA" unpack="false" version="3.5.0.v20090620043401" download-size="1576" install-size="1576" />
	<plugin fragment="true" id="org.eclipse.emf.mwe.core.nl_en_AA" unpack="false" version="3.5.0.v20090620043401" download-size="2146" install-size="2146" />
	<plugin fragment="true" id="org.eclipse.emf.mwe.doc.nl_en_AA" unpack="false" version="3.5.0.v20090620043401" download-size="2817" install-size="2817" />
	<plugin fragment="true" id="org.eclipse.emf.mwe.examples.nl_en_AA" unpack="false" version="3.5.0.v20090620043401" download-size="1812" install-size="1812" />
	<plugin fragment="true" id="org.eclipse.emf.mwe.tests.nl_en_AA" unpack="false" version="3.5.0.v20090620043401" download-size="1982" install-size="1982" />
	<plugin fragment="true" id="org.eclipse.emf.mwe.ui.editor.nl_en_AA" unpack="false" version="3.5.0.v20090620043401" download-size="3249" install-size="3249" />
	<plugin fragment="true" id="org.eclipse.emf.mwe.ui.nl_en_AA" unpack="false" version="3.5.0.v20090620043401" download-size="3379" install-size="3379" />
	<plugin fragment="true" id="org.eclipse.emf.mwe.ui.simpleEditor.nl_en_AA" unpack="false" version="3.5.0.v20090620043401" download-size="1478" install-size="1478" />
	<plugin fragment="true" id="org.eclipse.emf.mwe.utils.nl_en_AA" unpack="false" version="3.5.0.v20090620043401" download-size="1445" install-size="1445" />
</feature>