<?xml version="1.0" encoding="UTF-8" ?>
<feature
	id="org.eclipse.babel.nls_stp.bpmn_cs"
	label="Babel Language Pack for stp.bpmn in Czech (19%)"
	image="eclipse_update_120.jpg"
	provider-name="%providerName"
	version="3.5.0.v20090620043401">
	<copyright>
		%copyright
	</copyright>
	<license url="%licenseURL">
		%license
	</license>
	<description>Babel Language Pack for stp.bpmn in Czech</description>
	<plugin fragment="true" id="org.eclipse.stp.bpmn.diagram.nl_cs" unpack="false" version="3.5.0.v20090620043401" download-size="2719" install-size="2719" />
	<plugin fragment="true" id="org.eclipse.stp.bpmn.edit.nl_cs" unpack="false" version="3.5.0.v20090620043401" download-size="2319" install-size="2319" />
	<plugin fragment="true" id="org.eclipse.stp.bpmn.nl_cs" unpack="false" version="3.5.0.v20090620043401" download-size="2236" install-size="2236" />
	<plugin fragment="true" id="org.eclipse.stp.bpmn.validation.nl_cs" unpack="false" version="3.5.0.v20090620043401" download-size="2319" install-size="2319" />
</feature>