<?xml version="1.0" encoding="UTF-8" ?>
<feature
	id="org.eclipse.babel.nls_modeling.m2m_es"
	label="Babel Language Pack for modeling.m2m in Spanish (24.83%)"
	image="eclipse_update_120.jpg"
	provider-name="%providerName"
	version="3.5.0.v20090620043401">
	<copyright>
		%copyright
	</copyright>
	<license url="%licenseURL">
		%license
	</license>
	<description>Babel Language Pack for modeling.m2m in Spanish</description>
	<plugin fragment="true" id="org.eclipse.m2m.atl.adt.debug.nl_es" unpack="false" version="3.5.0.v20090620043401" download-size="2397" install-size="2397" />
	<plugin fragment="true" id="org.eclipse.m2m.atl.adt.editor.nl_es" unpack="false" version="3.5.0.v20090620043401" download-size="3583" install-size="3583" />
	<plugin fragment="true" id="org.eclipse.m2m.atl.adt.nl_es" unpack="false" version="3.5.0.v20090620043401" download-size="2218" install-size="2218" />
	<plugin fragment="true" id="org.eclipse.m2m.atl.adt.ui.nl_es" unpack="false" version="3.5.0.v20090620043401" download-size="2432" install-size="2432" />
	<plugin fragment="true" id="org.eclipse.m2m.atl.common.nl_es" unpack="false" version="3.5.0.v20090620043401" download-size="1369" install-size="1369" />
	<plugin fragment="true" id="org.eclipse.m2m.atl.core.ant.nl_es" unpack="false" version="3.5.0.v20090620043401" download-size="1370" install-size="1370" />
	<plugin fragment="true" id="org.eclipse.m2m.atl.core.emf.nl_es" unpack="false" version="3.5.0.v20090620043401" download-size="1370" install-size="1370" />
	<plugin fragment="true" id="org.eclipse.m2m.atl.core.nl_es" unpack="false" version="3.5.0.v20090620043401" download-size="1367" install-size="1367" />
	<plugin fragment="true" id="org.eclipse.m2m.atl.core.ui.nl_es" unpack="false" version="3.5.0.v20090620043401" download-size="2494" install-size="2494" />
	<plugin fragment="true" id="org.eclipse.m2m.atl.core.ui.vm.nl_es" unpack="false" version="3.5.0.v20090620043401" download-size="1372" install-size="1372" />
	<plugin fragment="true" id="org.eclipse.m2m.atl.doc.nl_es" unpack="false" version="3.5.0.v20090620043401" download-size="1367" install-size="1367" />
	<plugin fragment="true" id="org.eclipse.m2m.atl.drivers.emf4atl.nl_es" unpack="false" version="3.5.0.v20090620043401" download-size="1375" install-size="1375" />
	<plugin fragment="true" id="org.eclipse.m2m.atl.drivers.uml24atl.nl_es" unpack="false" version="3.5.0.v20090620043401" download-size="1376" install-size="1376" />
	<plugin fragment="true" id="org.eclipse.m2m.atl.dsls.nl_es" unpack="false" version="3.5.0.v20090620043401" download-size="1367" install-size="1367" />
	<plugin fragment="true" id="org.eclipse.m2m.atl.engine.emfvm.nl_es" unpack="false" version="3.5.0.v20090620043401" download-size="1372" install-size="1372" />
	<plugin fragment="true" id="org.eclipse.m2m.atl.engine.nl_es" unpack="false" version="3.5.0.v20090620043401" download-size="2208" install-size="2208" />
	<plugin fragment="true" id="org.eclipse.m2m.atl.engine.vm.nl_es" unpack="false" version="3.5.0.v20090620043401" download-size="1371" install-size="1371" />
	<plugin fragment="true" id="org.eclipse.m2m.atl.examples.nl_es" unpack="false" version="3.5.0.v20090620043401" download-size="1370" install-size="1370" />
	<plugin fragment="true" id="org.eclipse.m2m.atl.nl_es" unpack="false" version="3.5.0.v20090620043401" download-size="1364" install-size="1364" />
	<plugin fragment="true" id="org.eclipse.m2m.atl.tests.nl_es" unpack="false" version="3.5.0.v20090620043401" download-size="1367" install-size="1367" />
	<plugin fragment="true" id="org.eclipse.m2m.qvt.oml.common.nl_es" unpack="false" version="3.5.0.v20090620043401" download-size="1372" install-size="1372" />
	<plugin fragment="true" id="org.eclipse.m2m.qvt.oml.common.ui.nl_es" unpack="false" version="3.5.0.v20090620043401" download-size="3856" install-size="3856" />
	<plugin fragment="true" id="org.eclipse.m2m.qvt.oml.cst.parser.nl_es" unpack="false" version="3.5.0.v20090620043401" download-size="1373" install-size="1373" />
	<plugin fragment="true" id="org.eclipse.m2m.qvt.oml.doc.nl_es" unpack="false" version="3.5.0.v20090620043401" download-size="1370" install-size="1370" />
	<plugin fragment="true" id="org.eclipse.m2m.qvt.oml.ecore.imperativeocl.nl_es" unpack="false" version="3.5.0.v20090620043401" download-size="1380" install-size="1380" />
	<plugin fragment="true" id="org.eclipse.m2m.qvt.oml.editor.ui.nl_es" unpack="false" version="3.5.0.v20090620043401" download-size="3301" install-size="3301" />
	<plugin fragment="true" id="org.eclipse.m2m.qvt.oml.emf.util.nl_es" unpack="false" version="3.5.0.v20090620043401" download-size="1373" install-size="1373" />
	<plugin fragment="true" id="org.eclipse.m2m.qvt.oml.emf.util.ui.nl_es" unpack="false" version="3.5.0.v20090620043401" download-size="1374" install-size="1374" />
	<plugin fragment="true" id="org.eclipse.m2m.qvt.oml.examples.blackbox.nl_es" unpack="false" version="3.5.0.v20090620043401" download-size="1379" install-size="1379" />
	<plugin fragment="true" id="org.eclipse.m2m.qvt.oml.examples.omg.nl_es" unpack="false" version="3.5.0.v20090620043401" download-size="1376" install-size="1376" />
	<plugin fragment="true" id="org.eclipse.m2m.qvt.oml.nl_es" unpack="false" version="3.5.0.v20090620043401" download-size="1368" install-size="1368" />
	<plugin fragment="true" id="org.eclipse.m2m.qvt.oml.ocl.nl_es" unpack="false" version="3.5.0.v20090620043401" download-size="1370" install-size="1370" />
	<plugin fragment="true" id="org.eclipse.m2m.qvt.oml.project.nl_es" unpack="false" version="3.5.0.v20090620043401" download-size="1372" install-size="1372" />
	<plugin fragment="true" id="org.eclipse.m2m.qvt.oml.runtime.nl_es" unpack="false" version="3.5.0.v20090620043401" download-size="2728" install-size="2728" />
	<plugin fragment="true" id="org.eclipse.m2m.qvt.oml.runtime.ui.nl_es" unpack="false" version="3.5.0.v20090620043401" download-size="4072" install-size="4072" />
	<plugin fragment="true" id="org.eclipse.m2m.qvt.oml.samples.nl_es" unpack="false" version="3.5.0.v20090620043401" download-size="4327" install-size="4327" />
	<plugin fragment="true" id="org.eclipse.m2m.qvt.oml.trace.edit.nl_es" unpack="false" version="3.5.0.v20090620043401" download-size="2276" install-size="2276" />
	<plugin fragment="true" id="org.eclipse.m2m.qvt.oml.ui.nl_es" unpack="false" version="3.5.0.v20090620043401" download-size="3605" install-size="3605" />
	<plugin fragment="true" id="org.eclipse.m2m.tests.qvt.oml.nl_es" unpack="false" version="3.5.0.v20090620043401" download-size="1371" install-size="1371" />
	<plugin fragment="true" id="org.eclipse.m2m.tests.qvt.oml.ui.nl_es" unpack="false" version="3.5.0.v20090620043401" download-size="1372" install-size="1372" />
</feature>