<?xml version="1.0" encoding="UTF-8" ?>
<feature
	id="org.eclipse.babel.nls_tools.pdt_nl"
	label="Babel Language Pack for tools.pdt in Dutch (62.74%)"
	image="eclipse_update_120.jpg"
	provider-name="%providerName"
	version="3.5.0.v20090620043401">
	<copyright>
		%copyright
	</copyright>
	<license url="%licenseURL">
		%license
	</license>
	<description>Babel Language Pack for tools.pdt in Dutch</description>
	<plugin fragment="true" id="org.eclipse.dltk.core.tests.nl_nl" unpack="false" version="3.5.0.v20090620043401" download-size="1369" install-size="1369" />
	<plugin fragment="true" id="org.eclipse.php.core.nl_nl" unpack="false" version="3.5.0.v20090620043401" download-size="2646" install-size="2646" />
	<plugin fragment="true" id="org.eclipse.php.core.parser.nl_nl" unpack="false" version="3.5.0.v20090620043401" download-size="1369" install-size="1369" />
	<plugin fragment="true" id="org.eclipse.php.debug.core.nl_nl" unpack="false" version="3.5.0.v20090620043401" download-size="2354" install-size="2354" />
	<plugin fragment="true" id="org.eclipse.php.debug.ui.nl_nl" unpack="false" version="3.5.0.v20090620043401" download-size="3321" install-size="3321" />
	<plugin fragment="true" id="org.eclipse.php.nl_nl" unpack="false" version="3.5.0.v20090620043401" download-size="1361" install-size="1361" />
	<plugin fragment="true" id="org.eclipse.php.server.core.nl_nl" unpack="false" version="3.5.0.v20090620043401" download-size="2263" install-size="2263" />
	<plugin fragment="true" id="org.eclipse.php.server.ui.nl_nl" unpack="false" version="3.5.0.v20090620043401" download-size="2212" install-size="2212" />
	<plugin fragment="true" id="org.eclipse.php.test.nl_nl" unpack="false" version="3.5.0.v20090620043401" download-size="1365" install-size="1365" />
	<plugin fragment="true" id="org.eclipse.php.ui.nl_nl" unpack="false" version="3.5.0.v20090620043401" download-size="39482" install-size="39482" />
	<plugin fragment="true" id="org.eclipse.test.nl_nl" unpack="false" version="3.5.0.v20090620043401" download-size="1385" install-size="1385" />
</feature>