<?xml version="1.0" encoding="UTF-8" ?>
<feature
	id="org.eclipse.babel.nls_webtools.servertools_uk"
	label="Babel Language Pack for webtools.servertools in Ukrainian (8.05%)"
	image="eclipse_update_120.jpg"
	provider-name="%providerName"
	version="3.5.0.v20090620043401">
	<copyright>
		%copyright
	</copyright>
	<license url="%licenseURL">
		%license
	</license>
	<description>Babel Language Pack for webtools.servertools in Ukrainian</description>
	<plugin fragment="true" id="org.apache.cactus.nl_uk" unpack="false" version="3.5.0.v20090620043401" download-size="1371" install-size="1371" />
	<plugin fragment="true" id="org.eclipse.jst.server.core.nl_uk" unpack="false" version="3.5.0.v20090620043401" download-size="1371" install-size="1371" />
	<plugin fragment="true" id="org.eclipse.jst.server.generic.core.nl_uk" unpack="false" version="3.5.0.v20090620043401" download-size="1375" install-size="1375" />
	<plugin fragment="true" id="org.eclipse.jst.server.generic.jboss.nl_uk" unpack="false" version="3.5.0.v20090620043401" download-size="1376" install-size="1376" />
	<plugin fragment="true" id="org.eclipse.jst.server.generic.jonas.nl_uk" unpack="false" version="3.5.0.v20090620043401" download-size="1376" install-size="1376" />
	<plugin fragment="true" id="org.eclipse.jst.server.generic.oc4j.nl_uk" unpack="false" version="3.5.0.v20090620043401" download-size="1409" install-size="1409" />
	<plugin fragment="true" id="org.eclipse.jst.server.generic.ui.nl_uk" unpack="false" version="3.5.0.v20090620043401" download-size="2646" install-size="2646" />
	<plugin fragment="true" id="org.eclipse.jst.server.installable.nl_uk" unpack="false" version="3.5.0.v20090620043401" download-size="1375" install-size="1375" />
	<plugin fragment="true" id="org.eclipse.jst.server.preview.adapter.nl_uk" unpack="false" version="3.5.0.v20090620043401" download-size="1378" install-size="1378" />
	<plugin fragment="true" id="org.eclipse.jst.server.tomcat.core.nl_uk" unpack="false" version="3.5.0.v20090620043401" download-size="1374" install-size="1374" />
	<plugin fragment="true" id="org.eclipse.jst.server.tomcat.ui.nl_uk" unpack="false" version="3.5.0.v20090620043401" download-size="2683" install-size="2683" />
	<plugin fragment="true" id="org.eclipse.jst.server.ui.doc.user.nl_uk" unpack="false" version="3.5.0.v20090620043401" download-size="1377" install-size="1377" />
	<plugin fragment="true" id="org.eclipse.jst.server.ui.infopop.nl_uk" unpack="false" version="3.5.0.v20090620043401" download-size="1374" install-size="1374" />
	<plugin fragment="true" id="org.eclipse.jst.server.ui.nl_uk" unpack="false" version="3.5.0.v20090620043401" download-size="2397" install-size="2397" />
	<plugin fragment="true" id="org.eclipse.jst.server.websphere.core.nl_uk" unpack="false" version="3.5.0.v20090620043401" download-size="1377" install-size="1377" />
	<plugin fragment="true" id="org.eclipse.servertools.doc.isv.nl_uk" unpack="false" version="3.5.0.v20090620043401" download-size="1373" install-size="1373" />
	<plugin fragment="true" id="org.eclipse.wst.internet.monitor.core.nl_uk" unpack="false" version="3.5.0.v20090620043401" download-size="1415" install-size="1415" />
	<plugin fragment="true" id="org.eclipse.wst.internet.monitor.ui.nl_uk" unpack="false" version="3.5.0.v20090620043401" download-size="2713" install-size="2713" />
	<plugin fragment="true" id="org.eclipse.wst.server.core.nl_uk" unpack="false" version="3.5.0.v20090620043401" download-size="2434" install-size="2434" />
	<plugin fragment="true" id="org.eclipse.wst.server.discovery.nl_uk" unpack="false" version="3.5.0.v20090620043401" download-size="1375" install-size="1375" />
	<plugin fragment="true" id="org.eclipse.wst.server.http.core.nl_uk" unpack="false" version="3.5.0.v20090620043401" download-size="1375" install-size="1375" />
	<plugin fragment="true" id="org.eclipse.wst.server.http.ui.nl_uk" unpack="false" version="3.5.0.v20090620043401" download-size="2559" install-size="2559" />
	<plugin fragment="true" id="org.eclipse.wst.server.preview.adapter.nl_uk" unpack="false" version="3.5.0.v20090620043401" download-size="1378" install-size="1378" />
	<plugin fragment="true" id="org.eclipse.wst.server.preview.nl_uk" unpack="false" version="3.5.0.v20090620043401" download-size="1373" install-size="1373" />
	<plugin fragment="true" id="org.eclipse.wst.server.ui.doc.user.nl_uk" unpack="false" version="3.5.0.v20090620043401" download-size="1377" install-size="1377" />
	<plugin fragment="true" id="org.eclipse.wst.server.ui.infopop.nl_uk" unpack="false" version="3.5.0.v20090620043401" download-size="1374" install-size="1374" />
	<plugin fragment="true" id="org.eclipse.wst.server.ui.nl_uk" unpack="false" version="3.5.0.v20090620043401" download-size="2993" install-size="2993" />
</feature>