<?xml version="1.0" encoding="UTF-8" ?>
<feature
	id="org.eclipse.babel.nls_webtools.jeetools_ja"
	label="Babel Language Pack for webtools.jeetools in Japanese (95.59%)"
	image="eclipse_update_120.jpg"
	provider-name="%providerName"
	version="3.5.0.v20090620043401">
	<copyright>
		%copyright
	</copyright>
	<license url="%licenseURL">
		%license
	</license>
	<description>Babel Language Pack for webtools.jeetools in Japanese</description>
	<plugin fragment="true" id="org.eclipse.jem.beaninfo.nl_ja" unpack="false" version="3.5.0.v20090620043401" download-size="3326" install-size="3326" />
	<plugin fragment="true" id="org.eclipse.jem.beaninfo.vm.common.nl_ja" unpack="false" version="3.5.0.v20090620043401" download-size="1378" install-size="1378" />
	<plugin fragment="true" id="org.eclipse.jem.beaninfo.vm.nl_ja" unpack="false" version="3.5.0.v20090620043401" download-size="1375" install-size="1375" />
	<plugin fragment="true" id="org.eclipse.jem.nl_ja" unpack="false" version="3.5.0.v20090620043401" download-size="3772" install-size="3772" />
	<plugin fragment="true" id="org.eclipse.jem.proxy.nl_ja" unpack="false" version="3.5.0.v20090620043401" download-size="8039" install-size="8039" />
	<plugin fragment="true" id="org.eclipse.jem.tests.nl_ja" unpack="false" version="3.5.0.v20090620043401" download-size="1367" install-size="1367" />
	<plugin fragment="true" id="org.eclipse.jem.workbench.nl_ja" unpack="false" version="3.5.0.v20090620043401" download-size="2559" install-size="2559" />
	<plugin fragment="true" id="org.eclipse.jst.j2ee.core.nl_ja" unpack="false" version="3.5.0.v20090620043401" download-size="35166" install-size="35166" />
	<plugin fragment="true" id="org.eclipse.jst.j2ee.doc.user.nl_ja" unpack="false" version="3.5.0.v20090620043401" download-size="1428" install-size="1428" />
	<plugin fragment="true" id="org.eclipse.jst.j2ee.infopop.nl_ja" unpack="false" version="3.5.0.v20090620043401" download-size="1408" install-size="1408" />
	<plugin fragment="true" id="org.eclipse.jst.j2ee.jca.nl_ja" unpack="false" version="3.5.0.v20090620043401" download-size="2612" install-size="2612" />
	<plugin fragment="true" id="org.eclipse.jst.j2ee.jca.ui.nl_ja" unpack="false" version="3.5.0.v20090620043401" download-size="2232" install-size="2232" />
	<plugin fragment="true" id="org.eclipse.jst.j2ee.navigator.ui.nl_ja" unpack="false" version="3.5.0.v20090620043401" download-size="3837" install-size="3837" />
	<plugin fragment="true" id="org.eclipse.jst.j2ee.nl_ja" unpack="false" version="3.5.0.v20090620043401" download-size="33318" install-size="33318" />
	<plugin fragment="true" id="org.eclipse.jst.j2ee.ui.nl_ja" unpack="false" version="3.5.0.v20090620043401" download-size="17666" install-size="17666" />
	<plugin fragment="true" id="org.eclipse.jst.j2ee.web.nl_ja" unpack="false" version="3.5.0.v20090620043401" download-size="21345" install-size="21345" />
	<plugin fragment="true" id="org.eclipse.jst.j2ee.webservice.nl_ja" unpack="false" version="3.5.0.v20090620043401" download-size="2884" install-size="2884" />
	<plugin fragment="true" id="org.eclipse.jst.j2ee.webservice.ui.nl_ja" unpack="false" version="3.5.0.v20090620043401" download-size="2625" install-size="2625" />
	<plugin fragment="true" id="org.eclipse.jst.j2ee.xdoclet.runtime.nl_ja" unpack="false" version="3.5.0.v20090620043401" download-size="2553" install-size="2553" />
	<plugin fragment="true" id="org.eclipse.jst.jee.nl_ja" unpack="false" version="3.5.0.v20090620043401" download-size="1369" install-size="1369" />
	<plugin fragment="true" id="org.eclipse.jst.jee.ui.nl_ja" unpack="false" version="3.5.0.v20090620043401" download-size="3500" install-size="3500" />
	<plugin fragment="true" id="org.eclipse.jst.jee.web.nl_ja" unpack="false" version="3.5.0.v20090620043401" download-size="1408" install-size="1408" />
	<plugin fragment="true" id="org.eclipse.jst.servlet.ui.infopop.nl_ja" unpack="false" version="3.5.0.v20090620043401" download-size="1431" install-size="1431" />
	<plugin fragment="true" id="org.eclipse.jst.servlet.ui.nl_ja" unpack="false" version="3.5.0.v20090620043401" download-size="6177" install-size="6177" />
	<plugin fragment="true" id="org.eclipse.wst.web.ui.infopop.nl_ja" unpack="false" version="3.5.0.v20090620043401" download-size="1403" install-size="1403" />
</feature>