<?xml version="1.0" encoding="UTF-8" ?>
<feature
	id="org.eclipse.babel.nls_tools.mylyn_no"
	label="Babel Language Pack for tools.mylyn in Norwegian (15.28%)"
	image="eclipse_update_120.jpg"
	provider-name="%providerName"
	version="3.5.0.v20090620043401">
	<copyright>
		%copyright
	</copyright>
	<license url="%licenseURL">
		%license
	</license>
	<description>Babel Language Pack for tools.mylyn in Norwegian</description>
	<plugin fragment="true" id="org.eclipse.mylyn.bugzilla.core.nl_no" unpack="false" version="3.5.0.v20090620043401" download-size="2525" install-size="2525" />
	<plugin fragment="true" id="org.eclipse.mylyn.bugzilla.ide.nl_no" unpack="false" version="3.5.0.v20090620043401" download-size="1356" install-size="1356" />
	<plugin fragment="true" id="org.eclipse.mylyn.bugzilla.ui.nl_no" unpack="false" version="3.5.0.v20090620043401" download-size="3697" install-size="3697" />
	<plugin fragment="true" id="org.eclipse.mylyn.commons.core.nl_no" unpack="false" version="3.5.0.v20090620043401" download-size="1355" install-size="1355" />
	<plugin fragment="true" id="org.eclipse.mylyn.commons.net.nl_no" unpack="false" version="3.5.0.v20090620043401" download-size="2531" install-size="2531" />
	<plugin fragment="true" id="org.eclipse.mylyn.commons.soap.nl_no" unpack="false" version="3.5.0.v20090620043401" download-size="1355" install-size="1355" />
	<plugin fragment="true" id="org.eclipse.mylyn.commons.ui.nl_no" unpack="false" version="3.5.0.v20090620043401" download-size="2550" install-size="2550" />
	<plugin fragment="true" id="org.eclipse.mylyn.compatibility.nl_no" unpack="false" version="3.5.0.v20090620043401" download-size="1356" install-size="1356" />
	<plugin fragment="true" id="org.eclipse.mylyn.context.core.nl_no" unpack="false" version="3.5.0.v20090620043401" download-size="1355" install-size="1355" />
	<plugin fragment="true" id="org.eclipse.mylyn.context.ui.nl_no" unpack="false" version="3.5.0.v20090620043401" download-size="4565" install-size="4565" />
	<plugin fragment="true" id="org.eclipse.mylyn.discovery.core.nl_no" unpack="false" version="3.5.0.v20090620043401" download-size="2639" install-size="2639" />
	<plugin fragment="true" id="org.eclipse.mylyn.discovery.ui.nl_no" unpack="false" version="3.5.0.v20090620043401" download-size="2677" install-size="2677" />
	<plugin fragment="true" id="org.eclipse.mylyn.help.ui.nl_no" unpack="false" version="3.5.0.v20090620043401" download-size="1377" install-size="1377" />
	<plugin fragment="true" id="org.eclipse.mylyn.ide.ant.nl_no" unpack="false" version="3.5.0.v20090620043401" download-size="1352" install-size="1352" />
	<plugin fragment="true" id="org.eclipse.mylyn.ide.capabilities.nl_no" unpack="false" version="3.5.0.v20090620043401" download-size="1375" install-size="1375" />
	<plugin fragment="true" id="org.eclipse.mylyn.ide.ui.nl_no" unpack="false" version="3.5.0.v20090620043401" download-size="1352" install-size="1352" />
	<plugin fragment="true" id="org.eclipse.mylyn.java.tasks.nl_no" unpack="false" version="3.5.0.v20090620043401" download-size="2414" install-size="2414" />
	<plugin fragment="true" id="org.eclipse.mylyn.java.ui.nl_no" unpack="false" version="3.5.0.v20090620043401" download-size="1418" install-size="1418" />
	<plugin fragment="true" id="org.eclipse.mylyn.jira.core.nl_no" unpack="false" version="3.5.0.v20090620043401" download-size="2968" install-size="2968" />
	<plugin fragment="true" id="org.eclipse.mylyn.jira.ui.nl_no" unpack="false" version="3.5.0.v20090620043401" download-size="3497" install-size="3497" />
	<plugin fragment="true" id="org.eclipse.mylyn.monitor.core.nl_no" unpack="false" version="3.5.0.v20090620043401" download-size="2617" install-size="2617" />
	<plugin fragment="true" id="org.eclipse.mylyn.monitor.ui.nl_no" unpack="false" version="3.5.0.v20090620043401" download-size="1354" install-size="1354" />
	<plugin fragment="true" id="org.eclipse.mylyn.nl_no" unpack="false" version="3.5.0.v20090620043401" download-size="1348" install-size="1348" />
	<plugin fragment="true" id="org.eclipse.mylyn.pde.ui.nl_no" unpack="false" version="3.5.0.v20090620043401" download-size="1352" install-size="1352" />
	<plugin fragment="true" id="org.eclipse.mylyn.resources.ui.nl_no" unpack="false" version="3.5.0.v20090620043401" download-size="2657" install-size="2657" />
	<plugin fragment="true" id="org.eclipse.mylyn.tasks.bugs.nl_no" unpack="false" version="3.5.0.v20090620043401" download-size="3373" install-size="3373" />
	<plugin fragment="true" id="org.eclipse.mylyn.tasks.core.nl_no" unpack="false" version="3.5.0.v20090620043401" download-size="3494" install-size="3494" />
	<plugin fragment="true" id="org.eclipse.mylyn.tasks.ui.nl_no" unpack="false" version="3.5.0.v20090620043401" download-size="11497" install-size="11497" />
	<plugin fragment="true" id="org.eclipse.mylyn.team.cvs.nl_no" unpack="false" version="3.5.0.v20090620043401" download-size="1353" install-size="1353" />
	<plugin fragment="true" id="org.eclipse.mylyn.team.ui.nl_no" unpack="false" version="3.5.0.v20090620043401" download-size="3094" install-size="3094" />
	<plugin fragment="true" id="org.eclipse.mylyn.trac.core.nl_no" unpack="false" version="3.5.0.v20090620043401" download-size="2966" install-size="2966" />
	<plugin fragment="true" id="org.eclipse.mylyn.trac.ui.nl_no" unpack="false" version="3.5.0.v20090620043401" download-size="2633" install-size="2633" />
	<plugin fragment="true" id="org.eclipse.mylyn.wikitext.confluence.core.nl_no" unpack="false" version="3.5.0.v20090620043401" download-size="1363" install-size="1363" />
	<plugin fragment="true" id="org.eclipse.mylyn.wikitext.confluence.ui.nl_no" unpack="false" version="3.5.0.v20090620043401" download-size="1387" install-size="1387" />
	<plugin fragment="true" id="org.eclipse.mylyn.wikitext.core.nl_no" unpack="false" version="3.5.0.v20090620043401" download-size="4396" install-size="4396" />
	<plugin fragment="true" id="org.eclipse.mylyn.wikitext.help.sdk.nl_no" unpack="false" version="3.5.0.v20090620043401" download-size="1380" install-size="1380" />
	<plugin fragment="true" id="org.eclipse.mylyn.wikitext.help.ui.nl_no" unpack="false" version="3.5.0.v20090620043401" download-size="1379" install-size="1379" />
	<plugin fragment="true" id="org.eclipse.mylyn.wikitext.mediawiki.core.nl_no" unpack="false" version="3.5.0.v20090620043401" download-size="1383" install-size="1383" />
	<plugin fragment="true" id="org.eclipse.mylyn.wikitext.mediawiki.ui.nl_no" unpack="false" version="3.5.0.v20090620043401" download-size="1422" install-size="1422" />
	<plugin fragment="true" id="org.eclipse.mylyn.wikitext.tasks.ui.nl_no" unpack="false" version="3.5.0.v20090620043401" download-size="2844" install-size="2844" />
	<plugin fragment="true" id="org.eclipse.mylyn.wikitext.tests.nl_no" unpack="false" version="3.5.0.v20090620043401" download-size="1357" install-size="1357" />
	<plugin fragment="true" id="org.eclipse.mylyn.wikitext.textile.core.nl_no" unpack="false" version="3.5.0.v20090620043401" download-size="1360" install-size="1360" />
	<plugin fragment="true" id="org.eclipse.mylyn.wikitext.textile.ui.nl_no" unpack="false" version="3.5.0.v20090620043401" download-size="1404" install-size="1404" />
	<plugin fragment="true" id="org.eclipse.mylyn.wikitext.tracwiki.core.nl_no" unpack="false" version="3.5.0.v20090620043401" download-size="1362" install-size="1362" />
	<plugin fragment="true" id="org.eclipse.mylyn.wikitext.tracwiki.ui.nl_no" unpack="false" version="3.5.0.v20090620043401" download-size="1385" install-size="1385" />
	<plugin fragment="true" id="org.eclipse.mylyn.wikitext.twiki.core.nl_no" unpack="false" version="3.5.0.v20090620043401" download-size="1360" install-size="1360" />
	<plugin fragment="true" id="org.eclipse.mylyn.wikitext.twiki.ui.nl_no" unpack="false" version="3.5.0.v20090620043401" download-size="1402" install-size="1402" />
	<plugin fragment="true" id="org.eclipse.mylyn.wikitext.ui.nl_no" unpack="false" version="3.5.0.v20090620043401" download-size="6613" install-size="6613" />
	<plugin fragment="true" id="org.eclipse.mylyn.xplanner.core.nl_no" unpack="false" version="3.5.0.v20090620043401" download-size="2412" install-size="2412" />
	<plugin fragment="true" id="org.eclipse.mylyn.xplanner.ui.nl_no" unpack="false" version="3.5.0.v20090620043401" download-size="3671" install-size="3671" />
</feature>