<?xml version="1.0" encoding="UTF-8" ?>
<feature
	id="org.eclipse.babel.nls_tools.mylyn_nl"
	label="Babel Language Pack for tools.mylyn in Dutch (15.89%)"
	image="eclipse_update_120.jpg"
	provider-name="%providerName"
	version="3.5.0.v20090620043401">
	<copyright>
		%copyright
	</copyright>
	<license url="%licenseURL">
		%license
	</license>
	<description>Babel Language Pack for tools.mylyn in Dutch</description>
	<plugin fragment="true" id="org.eclipse.mylyn.bugzilla.core.nl_nl" unpack="false" version="3.5.0.v20090620043401" download-size="2527" install-size="2527" />
	<plugin fragment="true" id="org.eclipse.mylyn.bugzilla.ide.nl_nl" unpack="false" version="3.5.0.v20090620043401" download-size="1355" install-size="1355" />
	<plugin fragment="true" id="org.eclipse.mylyn.bugzilla.ui.nl_nl" unpack="false" version="3.5.0.v20090620043401" download-size="3695" install-size="3695" />
	<plugin fragment="true" id="org.eclipse.mylyn.commons.core.nl_nl" unpack="false" version="3.5.0.v20090620043401" download-size="2653" install-size="2653" />
	<plugin fragment="true" id="org.eclipse.mylyn.commons.net.nl_nl" unpack="false" version="3.5.0.v20090620043401" download-size="2535" install-size="2535" />
	<plugin fragment="true" id="org.eclipse.mylyn.commons.soap.nl_nl" unpack="false" version="3.5.0.v20090620043401" download-size="1354" install-size="1354" />
	<plugin fragment="true" id="org.eclipse.mylyn.commons.ui.nl_nl" unpack="false" version="3.5.0.v20090620043401" download-size="2542" install-size="2542" />
	<plugin fragment="true" id="org.eclipse.mylyn.compatibility.nl_nl" unpack="false" version="3.5.0.v20090620043401" download-size="1355" install-size="1355" />
	<plugin fragment="true" id="org.eclipse.mylyn.context.core.nl_nl" unpack="false" version="3.5.0.v20090620043401" download-size="1354" install-size="1354" />
	<plugin fragment="true" id="org.eclipse.mylyn.context.ui.nl_nl" unpack="false" version="3.5.0.v20090620043401" download-size="4536" install-size="4536" />
	<plugin fragment="true" id="org.eclipse.mylyn.discovery.core.nl_nl" unpack="false" version="3.5.0.v20090620043401" download-size="2640" install-size="2640" />
	<plugin fragment="true" id="org.eclipse.mylyn.discovery.ui.nl_nl" unpack="false" version="3.5.0.v20090620043401" download-size="2674" install-size="2674" />
	<plugin fragment="true" id="org.eclipse.mylyn.help.ui.nl_nl" unpack="false" version="3.5.0.v20090620043401" download-size="1372" install-size="1372" />
	<plugin fragment="true" id="org.eclipse.mylyn.ide.ant.nl_nl" unpack="false" version="3.5.0.v20090620043401" download-size="1350" install-size="1350" />
	<plugin fragment="true" id="org.eclipse.mylyn.ide.capabilities.nl_nl" unpack="false" version="3.5.0.v20090620043401" download-size="1374" install-size="1374" />
	<plugin fragment="true" id="org.eclipse.mylyn.ide.ui.nl_nl" unpack="false" version="3.5.0.v20090620043401" download-size="1350" install-size="1350" />
	<plugin fragment="true" id="org.eclipse.mylyn.java.tasks.nl_nl" unpack="false" version="3.5.0.v20090620043401" download-size="2406" install-size="2406" />
	<plugin fragment="true" id="org.eclipse.mylyn.java.ui.nl_nl" unpack="false" version="3.5.0.v20090620043401" download-size="1412" install-size="1412" />
	<plugin fragment="true" id="org.eclipse.mylyn.jira.core.nl_nl" unpack="false" version="3.5.0.v20090620043401" download-size="2969" install-size="2969" />
	<plugin fragment="true" id="org.eclipse.mylyn.jira.ui.nl_nl" unpack="false" version="3.5.0.v20090620043401" download-size="3481" install-size="3481" />
	<plugin fragment="true" id="org.eclipse.mylyn.monitor.core.nl_nl" unpack="false" version="3.5.0.v20090620043401" download-size="2618" install-size="2618" />
	<plugin fragment="true" id="org.eclipse.mylyn.monitor.ui.nl_nl" unpack="false" version="3.5.0.v20090620043401" download-size="1352" install-size="1352" />
	<plugin fragment="true" id="org.eclipse.mylyn.nl_nl" unpack="false" version="3.5.0.v20090620043401" download-size="1345" install-size="1345" />
	<plugin fragment="true" id="org.eclipse.mylyn.pde.ui.nl_nl" unpack="false" version="3.5.0.v20090620043401" download-size="1350" install-size="1350" />
	<plugin fragment="true" id="org.eclipse.mylyn.resources.ui.nl_nl" unpack="false" version="3.5.0.v20090620043401" download-size="2663" install-size="2663" />
	<plugin fragment="true" id="org.eclipse.mylyn.tasks.bugs.nl_nl" unpack="false" version="3.5.0.v20090620043401" download-size="3373" install-size="3373" />
	<plugin fragment="true" id="org.eclipse.mylyn.tasks.core.nl_nl" unpack="false" version="3.5.0.v20090620043401" download-size="3493" install-size="3493" />
	<plugin fragment="true" id="org.eclipse.mylyn.tasks.ui.nl_nl" unpack="false" version="3.5.0.v20090620043401" download-size="11473" install-size="11473" />
	<plugin fragment="true" id="org.eclipse.mylyn.team.cvs.nl_nl" unpack="false" version="3.5.0.v20090620043401" download-size="1351" install-size="1351" />
	<plugin fragment="true" id="org.eclipse.mylyn.team.ui.nl_nl" unpack="false" version="3.5.0.v20090620043401" download-size="3131" install-size="3131" />
	<plugin fragment="true" id="org.eclipse.mylyn.trac.core.nl_nl" unpack="false" version="3.5.0.v20090620043401" download-size="2974" install-size="2974" />
	<plugin fragment="true" id="org.eclipse.mylyn.trac.ui.nl_nl" unpack="false" version="3.5.0.v20090620043401" download-size="2617" install-size="2617" />
	<plugin fragment="true" id="org.eclipse.mylyn.wikitext.confluence.core.nl_nl" unpack="false" version="3.5.0.v20090620043401" download-size="1362" install-size="1362" />
	<plugin fragment="true" id="org.eclipse.mylyn.wikitext.confluence.ui.nl_nl" unpack="false" version="3.5.0.v20090620043401" download-size="1384" install-size="1384" />
	<plugin fragment="true" id="org.eclipse.mylyn.wikitext.core.nl_nl" unpack="false" version="3.5.0.v20090620043401" download-size="4405" install-size="4405" />
	<plugin fragment="true" id="org.eclipse.mylyn.wikitext.help.sdk.nl_nl" unpack="false" version="3.5.0.v20090620043401" download-size="1378" install-size="1378" />
	<plugin fragment="true" id="org.eclipse.mylyn.wikitext.help.ui.nl_nl" unpack="false" version="3.5.0.v20090620043401" download-size="1377" install-size="1377" />
	<plugin fragment="true" id="org.eclipse.mylyn.wikitext.mediawiki.core.nl_nl" unpack="false" version="3.5.0.v20090620043401" download-size="1382" install-size="1382" />
	<plugin fragment="true" id="org.eclipse.mylyn.wikitext.mediawiki.ui.nl_nl" unpack="false" version="3.5.0.v20090620043401" download-size="1428" install-size="1428" />
	<plugin fragment="true" id="org.eclipse.mylyn.wikitext.tasks.ui.nl_nl" unpack="false" version="3.5.0.v20090620043401" download-size="2829" install-size="2829" />
	<plugin fragment="true" id="org.eclipse.mylyn.wikitext.tests.nl_nl" unpack="false" version="3.5.0.v20090620043401" download-size="1355" install-size="1355" />
	<plugin fragment="true" id="org.eclipse.mylyn.wikitext.textile.core.nl_nl" unpack="false" version="3.5.0.v20090620043401" download-size="1359" install-size="1359" />
	<plugin fragment="true" id="org.eclipse.mylyn.wikitext.textile.ui.nl_nl" unpack="false" version="3.5.0.v20090620043401" download-size="1402" install-size="1402" />
	<plugin fragment="true" id="org.eclipse.mylyn.wikitext.tracwiki.core.nl_nl" unpack="false" version="3.5.0.v20090620043401" download-size="1361" install-size="1361" />
	<plugin fragment="true" id="org.eclipse.mylyn.wikitext.tracwiki.ui.nl_nl" unpack="false" version="3.5.0.v20090620043401" download-size="1384" install-size="1384" />
	<plugin fragment="true" id="org.eclipse.mylyn.wikitext.twiki.core.nl_nl" unpack="false" version="3.5.0.v20090620043401" download-size="1359" install-size="1359" />
	<plugin fragment="true" id="org.eclipse.mylyn.wikitext.twiki.ui.nl_nl" unpack="false" version="3.5.0.v20090620043401" download-size="1398" install-size="1398" />
	<plugin fragment="true" id="org.eclipse.mylyn.wikitext.ui.nl_nl" unpack="false" version="3.5.0.v20090620043401" download-size="6089" install-size="6089" />
	<plugin fragment="true" id="org.eclipse.mylyn.xplanner.core.nl_nl" unpack="false" version="3.5.0.v20090620043401" download-size="2413" install-size="2413" />
	<plugin fragment="true" id="org.eclipse.mylyn.xplanner.ui.nl_nl" unpack="false" version="3.5.0.v20090620043401" download-size="3674" install-size="3674" />
</feature>