<?xml version="1.0" encoding="UTF-8" ?>
<feature
	id="org.eclipse.babel.nls_webtools.sourceediting_de"
	label="Babel Language Pack for webtools.sourceediting in German (76.85%)"
	image="eclipse_update_120.jpg"
	provider-name="%providerName"
	version="3.5.0.v20090620043401">
	<copyright>
		%copyright
	</copyright>
	<license url="%licenseURL">
		%license
	</license>
	<description>Babel Language Pack for webtools.sourceediting in German</description>
	<plugin fragment="true" id="org.eclipse.jst.jsp.core.nl_de" unpack="false" version="3.5.0.v20090620043401" download-size="3105" install-size="3105" />
	<plugin fragment="true" id="org.eclipse.jst.jsp.ui.infopop.nl_de" unpack="false" version="3.5.0.v20090620043401" download-size="1410" install-size="1410" />
	<plugin fragment="true" id="org.eclipse.jst.jsp.ui.nl_de" unpack="false" version="3.5.0.v20090620043401" download-size="6032" install-size="6032" />
	<plugin fragment="true" id="org.eclipse.jst.standard.schemas.nl_de" unpack="false" version="3.5.0.v20090620043401" download-size="1376" install-size="1376" />
	<plugin fragment="true" id="org.eclipse.wst.css.core.nl_de" unpack="false" version="3.5.0.v20090620043401" download-size="3397" install-size="3397" />
	<plugin fragment="true" id="org.eclipse.wst.css.ui.nl_de" unpack="false" version="3.5.0.v20090620043401" download-size="5068" install-size="5068" />
	<plugin fragment="true" id="org.eclipse.wst.doc.user.nl_de" unpack="false" version="3.5.0.v20090620043401" download-size="1409" install-size="1409" />
	<plugin fragment="true" id="org.eclipse.wst.dtd.core.nl_de" unpack="false" version="3.5.0.v20090620043401" download-size="4484" install-size="4484" />
	<plugin fragment="true" id="org.eclipse.wst.dtd.ui.infopop.nl_de" unpack="false" version="3.5.0.v20090620043401" download-size="1405" install-size="1405" />
	<plugin fragment="true" id="org.eclipse.wst.dtd.ui.nl_de" unpack="false" version="3.5.0.v20090620043401" download-size="5035" install-size="5035" />
	<plugin fragment="true" id="org.eclipse.wst.dtdeditor.doc.user.nl_de" unpack="false" version="3.5.0.v20090620043401" download-size="1373" install-size="1373" />
	<plugin fragment="true" id="org.eclipse.wst.html.core.nl_de" unpack="false" version="3.5.0.v20090620043401" download-size="5388" install-size="5388" />
	<plugin fragment="true" id="org.eclipse.wst.html.ui.infopop.nl_de" unpack="false" version="3.5.0.v20090620043401" download-size="1411" install-size="1411" />
	<plugin fragment="true" id="org.eclipse.wst.html.ui.nl_de" unpack="false" version="3.5.0.v20090620043401" download-size="6129" install-size="6129" />
	<plugin fragment="true" id="org.eclipse.wst.javascript.core.nl_de" unpack="false" version="3.5.0.v20090620043401" download-size="2680" install-size="2680" />
	<plugin fragment="true" id="org.eclipse.wst.javascript.ui.infopop.nl_de" unpack="false" version="3.5.0.v20090620043401" download-size="1410" install-size="1410" />
	<plugin fragment="true" id="org.eclipse.wst.javascript.ui.nl_de" unpack="false" version="3.5.0.v20090620043401" download-size="5628" install-size="5628" />
	<plugin fragment="true" id="org.eclipse.wst.jsdt.core.nl_de" unpack="false" version="3.5.0.v20090620043401" download-size="21213" install-size="21213" />
	<plugin fragment="true" id="org.eclipse.wst.jsdt.doc.nl_de" unpack="false" version="3.5.0.v20090620043401" download-size="1369" install-size="1369" />
	<plugin fragment="true" id="org.eclipse.wst.jsdt.manipulation.nl_de" unpack="false" version="3.5.0.v20090620043401" download-size="4015" install-size="4015" />
	<plugin fragment="true" id="org.eclipse.wst.jsdt.support.firefox.nl_de" unpack="false" version="3.5.0.v20090620043401" download-size="1376" install-size="1376" />
	<plugin fragment="true" id="org.eclipse.wst.jsdt.support.ie.nl_de" unpack="false" version="3.5.0.v20090620043401" download-size="1375" install-size="1375" />
	<plugin fragment="true" id="org.eclipse.wst.jsdt.ui.nl_de" unpack="false" version="3.5.0.v20090620043401" download-size="127528" install-size="127528" />
	<plugin fragment="true" id="org.eclipse.wst.jsdt.web.core.nl_de" unpack="false" version="3.5.0.v20090620043401" download-size="3108" install-size="3108" />
	<plugin fragment="true" id="org.eclipse.wst.jsdt.web.support.jsp.nl_de" unpack="false" version="3.5.0.v20090620043401" download-size="1378" install-size="1378" />
	<plugin fragment="true" id="org.eclipse.wst.jsdt.web.ui.nl_de" unpack="false" version="3.5.0.v20090620043401" download-size="4956" install-size="4956" />
	<plugin fragment="true" id="org.eclipse.wst.sse.core.nl_de" unpack="false" version="3.5.0.v20090620043401" download-size="4199" install-size="4199" />
	<plugin fragment="true" id="org.eclipse.wst.sse.doc.user.nl_de" unpack="false" version="3.5.0.v20090620043401" download-size="1374" install-size="1374" />
	<plugin fragment="true" id="org.eclipse.wst.sse.ui.infopop.nl_de" unpack="false" version="3.5.0.v20090620043401" download-size="1396" install-size="1396" />
	<plugin fragment="true" id="org.eclipse.wst.sse.ui.nl_de" unpack="false" version="3.5.0.v20090620043401" download-size="8523" install-size="8523" />
	<plugin fragment="true" id="org.eclipse.wst.standard.schemas.nl_de" unpack="false" version="3.5.0.v20090620043401" download-size="1376" install-size="1376" />
	<plugin fragment="true" id="org.eclipse.wst.web.nl_de" unpack="false" version="3.5.0.v20090620043401" download-size="2071" install-size="2071" />
	<plugin fragment="true" id="org.eclipse.wst.web.ui.nl_de" unpack="false" version="3.5.0.v20090620043401" download-size="1420" install-size="1420" />
	<plugin fragment="true" id="org.eclipse.wst.webtools.doc.user.nl_de" unpack="false" version="3.5.0.v20090620043401" download-size="1372" install-size="1372" />
	<plugin fragment="true" id="org.eclipse.wst.xml.core.nl_de" unpack="false" version="3.5.0.v20090620043401" download-size="3762" install-size="3762" />
	<plugin fragment="true" id="org.eclipse.wst.xml.ui.infopop.nl_de" unpack="false" version="3.5.0.v20090620043401" download-size="1396" install-size="1396" />
	<plugin fragment="true" id="org.eclipse.wst.xml.ui.nl_de" unpack="false" version="3.5.0.v20090620043401" download-size="14083" install-size="14083" />
	<plugin fragment="true" id="org.eclipse.wst.xml.xpath.core.nl_de" unpack="false" version="3.5.0.v20090620043401" download-size="1372" install-size="1372" />
	<plugin fragment="true" id="org.eclipse.wst.xml.xpath.ui.nl_de" unpack="false" version="3.5.0.v20090620043401" download-size="3084" install-size="3084" />
	<plugin fragment="true" id="org.eclipse.wst.xml.xpath2.processor.nl_de" unpack="false" version="3.5.0.v20090620043401" download-size="1375" install-size="1375" />
	<plugin fragment="true" id="org.eclipse.wst.xmleditor.doc.user.nl_de" unpack="false" version="3.5.0.v20090620043401" download-size="1374" install-size="1374" />
	<plugin fragment="true" id="org.eclipse.wst.xsd.core.nl_de" unpack="false" version="3.5.0.v20090620043401" download-size="1497" install-size="1497" />
	<plugin fragment="true" id="org.eclipse.wst.xsd.ui.nl_de" unpack="false" version="3.5.0.v20090620043401" download-size="19500" install-size="19500" />
	<plugin fragment="true" id="org.eclipse.wst.xsdeditor.doc.user.nl_de" unpack="false" version="3.5.0.v20090620043401" download-size="1402" install-size="1402" />
	<plugin fragment="true" id="org.eclipse.wst.xsl.core.nl_de" unpack="false" version="3.5.0.v20090620043401" download-size="1385" install-size="1385" />
	<plugin fragment="true" id="org.eclipse.wst.xsl.debug.ui.nl_de" unpack="false" version="3.5.0.v20090620043401" download-size="4095" install-size="4095" />
	<plugin fragment="true" id="org.eclipse.wst.xsl.doc.nl_de" unpack="false" version="3.5.0.v20090620043401" download-size="1367" install-size="1367" />
	<plugin fragment="true" id="org.eclipse.wst.xsl.jaxp.debug.nl_de" unpack="false" version="3.5.0.v20090620043401" download-size="3030" install-size="3030" />
	<plugin fragment="true" id="org.eclipse.wst.xsl.jaxp.debug.ui.nl_de" unpack="false" version="3.5.0.v20090620043401" download-size="4102" install-size="4102" />
	<plugin fragment="true" id="org.eclipse.wst.xsl.jaxp.launching.nl_de" unpack="false" version="3.5.0.v20090620043401" download-size="3170" install-size="3170" />
	<plugin fragment="true" id="org.eclipse.wst.xsl.launching.nl_de" unpack="false" version="3.5.0.v20090620043401" download-size="1403" install-size="1403" />
	<plugin fragment="true" id="org.eclipse.wst.xsl.launching.tests.nl_de" unpack="false" version="3.5.0.v20090620043401" download-size="1379" install-size="1379" />
	<plugin fragment="true" id="org.eclipse.wst.xsl.nl_de" unpack="false" version="3.5.0.v20090620043401" download-size="1369" install-size="1369" />
	<plugin fragment="true" id="org.eclipse.wst.xsl.saxon.nl_de" unpack="false" version="3.5.0.v20090620043401" download-size="1758" install-size="1758" />
	<plugin fragment="true" id="org.eclipse.wst.xsl.sdk.documentation.nl_de" unpack="false" version="3.5.0.v20090620043401" download-size="1376" install-size="1376" />
	<plugin fragment="true" id="org.eclipse.wst.xsl.tests.nl_de" unpack="false" version="3.5.0.v20090620043401" download-size="1392" install-size="1392" />
	<plugin fragment="true" id="org.eclipse.wst.xsl.ui.nl_de" unpack="false" version="3.5.0.v20090620043401" download-size="2651" install-size="2651" />
	<plugin fragment="true" id="org.eclipse.wst.xsl.ui.tests.nl_de" unpack="false" version="3.5.0.v20090620043401" download-size="1377" install-size="1377" />
	<plugin fragment="true" id="org.eclipse.wst.xsl.xalan.nl_de" unpack="false" version="3.5.0.v20090620043401" download-size="1686" install-size="1686" />
</feature>