<?xml version="1.0" encoding="UTF-8" ?>
<feature
	id="org.eclipse.babel.nls_technology.subversive_pl"
	label="Babel Language Pack for technology.subversive in Polish (17.93%)"
	image="eclipse_update_120.jpg"
	provider-name="%providerName"
	version="3.5.0.v20090620043401">
	<copyright>
		%copyright
	</copyright>
	<license url="%licenseURL">
		%license
	</license>
	<description>Babel Language Pack for technology.subversive in Polish</description>
	<plugin fragment="true" id="org.eclipse.team.svn.core.nl_pl" unpack="false" version="3.5.0.v20090620043401" download-size="2818" install-size="2818" />
	<plugin fragment="true" id="org.eclipse.team.svn.mylyn.nl_pl" unpack="false" version="3.5.0.v20090620043401" download-size="1369" install-size="1369" />
	<plugin fragment="true" id="org.eclipse.team.svn.ui.nl_pl" unpack="false" version="3.5.0.v20090620043401" download-size="7332" install-size="7332" />
</feature>