<?xml version="1.0" encoding="UTF-8" ?>
<feature
	id="org.eclipse.babel.nls_tools.mylyn_ru"
	label="Babel Language Pack for tools.mylyn in Russian (31.42%)"
	image="eclipse_update_120.jpg"
	provider-name="%providerName"
	version="3.5.0.v20090620043401">
	<copyright>
		%copyright
	</copyright>
	<license url="%licenseURL">
		%license
	</license>
	<description>Babel Language Pack for tools.mylyn in Russian</description>
	<plugin fragment="true" id="org.eclipse.mylyn.bugzilla.core.nl_ru" unpack="false" version="3.5.0.v20090620043401" download-size="2787" install-size="2787" />
	<plugin fragment="true" id="org.eclipse.mylyn.bugzilla.ide.nl_ru" unpack="false" version="3.5.0.v20090620043401" download-size="1356" install-size="1356" />
	<plugin fragment="true" id="org.eclipse.mylyn.bugzilla.ui.nl_ru" unpack="false" version="3.5.0.v20090620043401" download-size="3800" install-size="3800" />
	<plugin fragment="true" id="org.eclipse.mylyn.commons.core.nl_ru" unpack="false" version="3.5.0.v20090620043401" download-size="2724" install-size="2724" />
	<plugin fragment="true" id="org.eclipse.mylyn.commons.net.nl_ru" unpack="false" version="3.5.0.v20090620043401" download-size="2625" install-size="2625" />
	<plugin fragment="true" id="org.eclipse.mylyn.commons.soap.nl_ru" unpack="false" version="3.5.0.v20090620043401" download-size="1355" install-size="1355" />
	<plugin fragment="true" id="org.eclipse.mylyn.commons.ui.nl_ru" unpack="false" version="3.5.0.v20090620043401" download-size="3305" install-size="3305" />
	<plugin fragment="true" id="org.eclipse.mylyn.compatibility.nl_ru" unpack="false" version="3.5.0.v20090620043401" download-size="2638" install-size="2638" />
	<plugin fragment="true" id="org.eclipse.mylyn.context.core.nl_ru" unpack="false" version="3.5.0.v20090620043401" download-size="1355" install-size="1355" />
	<plugin fragment="true" id="org.eclipse.mylyn.context.ui.nl_ru" unpack="false" version="3.5.0.v20090620043401" download-size="10113" install-size="10113" />
	<plugin fragment="true" id="org.eclipse.mylyn.discovery.core.nl_ru" unpack="false" version="3.5.0.v20090620043401" download-size="2676" install-size="2676" />
	<plugin fragment="true" id="org.eclipse.mylyn.discovery.ui.nl_ru" unpack="false" version="3.5.0.v20090620043401" download-size="2713" install-size="2713" />
	<plugin fragment="true" id="org.eclipse.mylyn.help.ui.nl_ru" unpack="false" version="3.5.0.v20090620043401" download-size="1679" install-size="1679" />
	<plugin fragment="true" id="org.eclipse.mylyn.ide.ant.nl_ru" unpack="false" version="3.5.0.v20090620043401" download-size="2436" install-size="2436" />
	<plugin fragment="true" id="org.eclipse.mylyn.ide.capabilities.nl_ru" unpack="false" version="3.5.0.v20090620043401" download-size="1495" install-size="1495" />
	<plugin fragment="true" id="org.eclipse.mylyn.ide.ui.nl_ru" unpack="false" version="3.5.0.v20090620043401" download-size="1619" install-size="1619" />
	<plugin fragment="true" id="org.eclipse.mylyn.java.tasks.nl_ru" unpack="false" version="3.5.0.v20090620043401" download-size="2744" install-size="2744" />
	<plugin fragment="true" id="org.eclipse.mylyn.java.ui.nl_ru" unpack="false" version="3.5.0.v20090620043401" download-size="2095" install-size="2095" />
	<plugin fragment="true" id="org.eclipse.mylyn.jira.core.nl_ru" unpack="false" version="3.5.0.v20090620043401" download-size="5503" install-size="5503" />
	<plugin fragment="true" id="org.eclipse.mylyn.jira.ui.nl_ru" unpack="false" version="3.5.0.v20090620043401" download-size="5474" install-size="5474" />
	<plugin fragment="true" id="org.eclipse.mylyn.monitor.core.nl_ru" unpack="false" version="3.5.0.v20090620043401" download-size="2688" install-size="2688" />
	<plugin fragment="true" id="org.eclipse.mylyn.monitor.ui.nl_ru" unpack="false" version="3.5.0.v20090620043401" download-size="1353" install-size="1353" />
	<plugin fragment="true" id="org.eclipse.mylyn.nl_ru" unpack="false" version="3.5.0.v20090620043401" download-size="1347" install-size="1347" />
	<plugin fragment="true" id="org.eclipse.mylyn.pde.ui.nl_ru" unpack="false" version="3.5.0.v20090620043401" download-size="2564" install-size="2564" />
	<plugin fragment="true" id="org.eclipse.mylyn.resources.ui.nl_ru" unpack="false" version="3.5.0.v20090620043401" download-size="3824" install-size="3824" />
	<plugin fragment="true" id="org.eclipse.mylyn.tasks.bugs.nl_ru" unpack="false" version="3.5.0.v20090620043401" download-size="3860" install-size="3860" />
	<plugin fragment="true" id="org.eclipse.mylyn.tasks.core.nl_ru" unpack="false" version="3.5.0.v20090620043401" download-size="3609" install-size="3609" />
	<plugin fragment="true" id="org.eclipse.mylyn.tasks.ui.nl_ru" unpack="false" version="3.5.0.v20090620043401" download-size="13152" install-size="13152" />
	<plugin fragment="true" id="org.eclipse.mylyn.team.cvs.nl_ru" unpack="false" version="3.5.0.v20090620043401" download-size="1353" install-size="1353" />
	<plugin fragment="true" id="org.eclipse.mylyn.team.ui.nl_ru" unpack="false" version="3.5.0.v20090620043401" download-size="3724" install-size="3724" />
	<plugin fragment="true" id="org.eclipse.mylyn.trac.core.nl_ru" unpack="false" version="3.5.0.v20090620043401" download-size="3279" install-size="3279" />
	<plugin fragment="true" id="org.eclipse.mylyn.trac.ui.nl_ru" unpack="false" version="3.5.0.v20090620043401" download-size="2887" install-size="2887" />
	<plugin fragment="true" id="org.eclipse.mylyn.wikitext.confluence.core.nl_ru" unpack="false" version="3.5.0.v20090620043401" download-size="1363" install-size="1363" />
	<plugin fragment="true" id="org.eclipse.mylyn.wikitext.confluence.ui.nl_ru" unpack="false" version="3.5.0.v20090620043401" download-size="1429" install-size="1429" />
	<plugin fragment="true" id="org.eclipse.mylyn.wikitext.core.nl_ru" unpack="false" version="3.5.0.v20090620043401" download-size="6238" install-size="6238" />
	<plugin fragment="true" id="org.eclipse.mylyn.wikitext.help.sdk.nl_ru" unpack="false" version="3.5.0.v20090620043401" download-size="1380" install-size="1380" />
	<plugin fragment="true" id="org.eclipse.mylyn.wikitext.help.ui.nl_ru" unpack="false" version="3.5.0.v20090620043401" download-size="1379" install-size="1379" />
	<plugin fragment="true" id="org.eclipse.mylyn.wikitext.mediawiki.core.nl_ru" unpack="false" version="3.5.0.v20090620043401" download-size="1383" install-size="1383" />
	<plugin fragment="true" id="org.eclipse.mylyn.wikitext.mediawiki.ui.nl_ru" unpack="false" version="3.5.0.v20090620043401" download-size="1462" install-size="1462" />
	<plugin fragment="true" id="org.eclipse.mylyn.wikitext.tasks.ui.nl_ru" unpack="false" version="3.5.0.v20090620043401" download-size="3161" install-size="3161" />
	<plugin fragment="true" id="org.eclipse.mylyn.wikitext.tests.nl_ru" unpack="false" version="3.5.0.v20090620043401" download-size="1357" install-size="1357" />
	<plugin fragment="true" id="org.eclipse.mylyn.wikitext.textile.core.nl_ru" unpack="false" version="3.5.0.v20090620043401" download-size="1360" install-size="1360" />
	<plugin fragment="true" id="org.eclipse.mylyn.wikitext.textile.ui.nl_ru" unpack="false" version="3.5.0.v20090620043401" download-size="1458" install-size="1458" />
	<plugin fragment="true" id="org.eclipse.mylyn.wikitext.tracwiki.core.nl_ru" unpack="false" version="3.5.0.v20090620043401" download-size="1362" install-size="1362" />
	<plugin fragment="true" id="org.eclipse.mylyn.wikitext.tracwiki.ui.nl_ru" unpack="false" version="3.5.0.v20090620043401" download-size="1403" install-size="1403" />
	<plugin fragment="true" id="org.eclipse.mylyn.wikitext.twiki.core.nl_ru" unpack="false" version="3.5.0.v20090620043401" download-size="1360" install-size="1360" />
	<plugin fragment="true" id="org.eclipse.mylyn.wikitext.twiki.ui.nl_ru" unpack="false" version="3.5.0.v20090620043401" download-size="1432" install-size="1432" />
	<plugin fragment="true" id="org.eclipse.mylyn.wikitext.ui.nl_ru" unpack="false" version="3.5.0.v20090620043401" download-size="7851" install-size="7851" />
	<plugin fragment="true" id="org.eclipse.mylyn.xplanner.core.nl_ru" unpack="false" version="3.5.0.v20090620043401" download-size="2452" install-size="2452" />
	<plugin fragment="true" id="org.eclipse.mylyn.xplanner.ui.nl_ru" unpack="false" version="3.5.0.v20090620043401" download-size="3930" install-size="3930" />
</feature>