<?xml version="1.0" encoding="UTF-8" ?>
<feature
	id="org.eclipse.babel.nls_technology.actf_pl"
	label="Babel Language Pack for technology.actf in Polish (6.42%)"
	image="eclipse_update_120.jpg"
	provider-name="%providerName"
	version="3.5.0.v20090620043401">
	<copyright>
		%copyright
	</copyright>
	<license url="%licenseURL">
		%license
	</license>
	<description>Babel Language Pack for technology.actf in Polish</description>
	<plugin fragment="true" id="org.eclipse.actf.core.nl_pl" unpack="false" version="3.5.0.v20090620043401" download-size="1612" install-size="1612" />
	<plugin fragment="true" id="org.eclipse.actf.model.flash.proxy.nl_pl" unpack="false" version="3.5.0.v20090620043401" download-size="1898" install-size="1898" />
	<plugin fragment="true" id="org.eclipse.actf.model.ui.nl_pl" unpack="false" version="3.5.0.v20090620043401" download-size="1540" install-size="1540" />
	<plugin fragment="true" id="org.eclipse.actf.ui.nl_pl" unpack="false" version="3.5.0.v20090620043401" download-size="1717" install-size="1717" />
	<plugin fragment="true" id="org.eclipse.actf.util.vocab.nl_pl" unpack="false" version="3.5.0.v20090620043401" download-size="1383" install-size="1383" />
	<plugin fragment="true" id="org.eclipse.actf.visualization.doc.isv.nl_pl" unpack="false" version="3.5.0.v20090620043401" download-size="1378" install-size="1378" />
	<plugin fragment="true" id="org.eclipse.actf.visualization.engines.blind.html.nl_pl" unpack="false" version="3.5.0.v20090620043401" download-size="1423" install-size="1423" />
	<plugin fragment="true" id="org.eclipse.actf.visualization.engines.blind.nl_pl" unpack="false" version="3.5.0.v20090620043401" download-size="1704" install-size="1704" />
	<plugin fragment="true" id="org.eclipse.actf.visualization.eval.nl_pl" unpack="false" version="3.5.0.v20090620043401" download-size="1876" install-size="1876" />
	<plugin fragment="true" id="org.eclipse.actf.visualization.gui.nl_pl" unpack="false" version="3.5.0.v20090620043401" download-size="1891" install-size="1891" />
	<plugin fragment="true" id="org.eclipse.actf.visualization.presentation.nl_pl" unpack="false" version="3.5.0.v20090620043401" download-size="1390" install-size="1390" />
	<plugin fragment="true" id="org.eclipse.actf.visualization.ui.report.nl_pl" unpack="false" version="3.5.0.v20090620043401" download-size="1464" install-size="1464" />
</feature>