<?xml version="1.0" encoding="UTF-8" ?>
<feature
	id="org.eclipse.babel.nls_tools.orbit_fr"
	label="Babel Language Pack for tools.orbit in French (5.4%)"
	image="eclipse_update_120.jpg"
	provider-name="%providerName"
	version="3.5.0.v20090620043401">
	<copyright>
		%copyright
	</copyright>
	<license url="%licenseURL">
		%license
	</license>
	<description>Babel Language Pack for tools.orbit in French</description>
	<plugin fragment="true" id="com.jcraft.jsch.nl_fr" unpack="false" version="3.5.0.v20090620043401" download-size="1367" install-size="1367" />
	<plugin fragment="true" id="com.sun.syndication.nl_fr" unpack="false" version="3.5.0.v20090620043401" download-size="1369" install-size="1369" />
	<plugin fragment="true" id="com.sun.xml.bind.nl_fr" unpack="false" version="3.5.0.v20090620043401" download-size="1369" install-size="1369" />
	<plugin fragment="true" id="commonj.sdo.nl_fr" unpack="false" version="3.5.0.v20090620043401" download-size="1360" install-size="1360" />
	<plugin fragment="true" id="edu.emory.mathcs.backport.nl_fr" unpack="false" version="3.5.0.v20090620043401" download-size="1374" install-size="1374" />
	<plugin fragment="true" id="javax.activation.nl_fr" unpack="false" version="3.5.0.v20090620043401" download-size="1370" install-size="1370" />
	<plugin fragment="true" id="javax.jws.nl_fr" unpack="false" version="3.5.0.v20090620043401" download-size="1363" install-size="1363" />
	<plugin fragment="true" id="javax.mail.glassfish.nl_fr" unpack="false" version="3.5.0.v20090620043401" download-size="1374" install-size="1374" />
	<plugin fragment="true" id="javax.mail.nl_fr" unpack="false" version="3.5.0.v20090620043401" download-size="1365" install-size="1365" />
	<plugin fragment="true" id="javax.management.nl_fr" unpack="false" version="3.5.0.v20090620043401" download-size="1371" install-size="1371" />
	<plugin fragment="true" id="javax.management.remote.nl_fr" unpack="false" version="3.5.0.v20090620043401" download-size="1375" install-size="1375" />
	<plugin fragment="true" id="javax.persistence.nl_fr" unpack="false" version="3.5.0.v20090620043401" download-size="1367" install-size="1367" />
	<plugin fragment="true" id="javax.servlet.jsp.nl_fr" unpack="false" version="3.5.0.v20090620043401" download-size="1367" install-size="1367" />
	<plugin fragment="true" id="javax.servlet.nl_fr" unpack="false" version="3.5.0.v20090620043401" download-size="3017" install-size="3017" />
	<plugin fragment="true" id="javax.wsdl.nl_fr" unpack="false" version="3.5.0.v20090620043401" download-size="1365" install-size="1365" />
	<plugin fragment="true" id="javax.xml.bind.nl_fr" unpack="false" version="3.5.0.v20090620043401" download-size="1367" install-size="1367" />
	<plugin fragment="true" id="javax.xml.nl_fr" unpack="false" version="3.5.0.v20090620043401" download-size="1365" install-size="1365" />
	<plugin fragment="true" id="javax.xml.rpc.nl_fr" unpack="false" version="3.5.0.v20090620043401" download-size="1368" install-size="1368" />
	<plugin fragment="true" id="javax.xml.soap.nl_fr" unpack="false" version="3.5.0.v20090620043401" download-size="1368" install-size="1368" />
	<plugin fragment="true" id="net.sourceforge.lpg.lpgjavaruntime.nl_fr" unpack="false" version="3.5.0.v20090620043401" download-size="1375" install-size="1375" />
	<plugin fragment="true" id="net.sourceforge.mx4j.nl_fr" unpack="false" version="3.5.0.v20090620043401" download-size="1373" install-size="1373" />
	<plugin fragment="true" id="net.sourceforge.mx4j.remote.nl_fr" unpack="false" version="3.5.0.v20090620043401" download-size="1377" install-size="1377" />
	<plugin fragment="true" id="org.antlr.runtime.nl_fr" unpack="false" version="3.5.0.v20090620043401" download-size="1367" install-size="1367" />
	<plugin fragment="true" id="org.apache.axis.nl_fr" unpack="false" version="3.5.0.v20090620043401" download-size="2771" install-size="2771" />
	<plugin fragment="true" id="org.apache.batik.bridge.nl_fr" unpack="false" version="3.5.0.v20090620043401" download-size="1369" install-size="1369" />
	<plugin fragment="true" id="org.apache.batik.css.nl_fr" unpack="false" version="3.5.0.v20090620043401" download-size="1367" install-size="1367" />
	<plugin fragment="true" id="org.apache.batik.dom.nl_fr" unpack="false" version="3.5.0.v20090620043401" download-size="1367" install-size="1367" />
	<plugin fragment="true" id="org.apache.batik.dom.svg.nl_fr" unpack="false" version="3.5.0.v20090620043401" download-size="1370" install-size="1370" />
	<plugin fragment="true" id="org.apache.batik.ext.awt.nl_fr" unpack="false" version="3.5.0.v20090620043401" download-size="2815" install-size="2815" />
	<plugin fragment="true" id="org.apache.batik.extension.nl_fr" unpack="false" version="3.5.0.v20090620043401" download-size="1371" install-size="1371" />
	<plugin fragment="true" id="org.apache.batik.parser.nl_fr" unpack="false" version="3.5.0.v20090620043401" download-size="1369" install-size="1369" />
	<plugin fragment="true" id="org.apache.batik.pdf.nl_fr" unpack="false" version="3.5.0.v20090620043401" download-size="1371" install-size="1371" />
	<plugin fragment="true" id="org.apache.batik.svggen.nl_fr" unpack="false" version="3.5.0.v20090620043401" download-size="1369" install-size="1369" />
	<plugin fragment="true" id="org.apache.batik.swing.nl_fr" unpack="false" version="3.5.0.v20090620043401" download-size="1369" install-size="1369" />
	<plugin fragment="true" id="org.apache.batik.transcoder.nl_fr" unpack="false" version="3.5.0.v20090620043401" download-size="1372" install-size="1372" />
	<plugin fragment="true" id="org.apache.batik.util.gui.nl_fr" unpack="false" version="3.5.0.v20090620043401" download-size="7397" install-size="7397" />
	<plugin fragment="true" id="org.apache.batik.util.nl_fr" unpack="false" version="3.5.0.v20090620043401" download-size="1368" install-size="1368" />
	<plugin fragment="true" id="org.apache.batik.xml.nl_fr" unpack="false" version="3.5.0.v20090620043401" download-size="1367" install-size="1367" />
	<plugin fragment="true" id="org.apache.bcel.nl_fr" unpack="false" version="3.5.0.v20090620043401" download-size="1365" install-size="1365" />
	<plugin fragment="true" id="org.apache.bsf.nl_fr" unpack="false" version="3.5.0.v20090620043401" download-size="1365" install-size="1365" />
	<plugin fragment="true" id="org.apache.commons.beanutils.nl_fr" unpack="false" version="3.5.0.v20090620043401" download-size="1375" install-size="1375" />
	<plugin fragment="true" id="org.apache.commons.collections.nl_fr" unpack="false" version="3.5.0.v20090620043401" download-size="1376" install-size="1376" />
	<plugin fragment="true" id="org.apache.commons.discovery.nl_fr" unpack="false" version="3.5.0.v20090620043401" download-size="1378" install-size="1378" />
	<plugin fragment="true" id="org.apache.commons.el.nl_fr" unpack="false" version="3.5.0.v20090620043401" download-size="1368" install-size="1368" />
	<plugin fragment="true" id="org.apache.commons.lang.nl_fr" unpack="false" version="3.5.0.v20090620043401" download-size="1372" install-size="1372" />
	<plugin fragment="true" id="org.apache.commons.logging.nl_fr" unpack="false" version="3.5.0.v20090620043401" download-size="1372" install-size="1372" />
	<plugin fragment="true" id="org.apache.commons.net.nl_fr" unpack="false" version="3.5.0.v20090620043401" download-size="1368" install-size="1368" />
	<plugin fragment="true" id="org.apache.derby.nl_fr" unpack="false" version="3.5.0.v20090620043401" download-size="21350" install-size="21350" />
	<plugin fragment="true" id="org.apache.httpcomponents.httpcore.nio.nl_fr" unpack="false" version="3.5.0.v20090620043401" download-size="1587" install-size="1587" />
	<plugin fragment="true" id="org.apache.httpcomponents.httpcore.nl_fr" unpack="false" version="3.5.0.v20090620043401" download-size="1585" install-size="1585" />
	<plugin fragment="true" id="org.apache.jasper.nl_fr" unpack="false" version="3.5.0.v20090620043401" download-size="13583" install-size="13583" />
	<plugin fragment="true" id="org.apache.log4j.nl_fr" unpack="false" version="3.5.0.v20090620043401" download-size="1369" install-size="1369" />
	<plugin fragment="true" id="org.apache.oro.nl_fr" unpack="false" version="3.5.0.v20090620043401" download-size="1365" install-size="1365" />
	<plugin fragment="true" id="org.apache.solr.client.solrj.embedded.nl_fr" unpack="false" version="3.5.0.v20090620043401" download-size="1380" install-size="1380" />
	<plugin fragment="true" id="org.apache.solr.client.solrj.nl_fr" unpack="false" version="3.5.0.v20090620043401" download-size="1374" install-size="1374" />
	<plugin fragment="true" id="org.apache.velocity.nl_fr" unpack="false" version="3.5.0.v20090620043401" download-size="1370" install-size="1370" />
	<plugin fragment="true" id="org.apache.ws.commons.schema.nl_fr" unpack="false" version="3.5.0.v20090620043401" download-size="1377" install-size="1377" />
	<plugin fragment="true" id="org.apache.wsil4j.nl_fr" unpack="false" version="3.5.0.v20090620043401" download-size="1371" install-size="1371" />
	<plugin fragment="true" id="org.apache.xalan.nl_fr" unpack="false" version="3.5.0.v20090620043401" download-size="2623" install-size="2623" />
	<plugin fragment="true" id="org.apache.xerces.nl_fr" unpack="false" version="3.5.0.v20090620043401" download-size="2394" install-size="2394" />
	<plugin fragment="true" id="org.apache.xml.resolver.nl_fr" unpack="false" version="3.5.0.v20090620043401" download-size="1373" install-size="1373" />
	<plugin fragment="true" id="org.apache.xml.security.nl_fr" unpack="false" version="3.5.0.v20090620043401" download-size="1920" install-size="1920" />
	<plugin fragment="true" id="org.apache.xml.serializer.nl_fr" unpack="false" version="3.5.0.v20090620043401" download-size="2423" install-size="2423" />
	<plugin fragment="true" id="org.eclipse.orbit.nl_fr" unpack="false" version="3.5.0.v20090620043401" download-size="1364" install-size="1364" />
	<plugin fragment="true" id="org.hamcrest.core.nl_fr" unpack="false" version="3.5.0.v20090620043401" download-size="1367" install-size="1367" />
	<plugin fragment="true" id="org.hamcrest.generator.nl_fr" unpack="false" version="3.5.0.v20090620043401" download-size="1371" install-size="1371" />
	<plugin fragment="true" id="org.hamcrest.integration.nl_fr" unpack="false" version="3.5.0.v20090620043401" download-size="1372" install-size="1372" />
	<plugin fragment="true" id="org.hamcrest.library.nl_fr" unpack="false" version="3.5.0.v20090620043401" download-size="1369" install-size="1369" />
	<plugin fragment="true" id="org.hamcrest.nl_fr" unpack="false" version="3.5.0.v20090620043401" download-size="1363" install-size="1363" />
	<plugin fragment="true" id="org.hamcrest.text.nl_fr" unpack="false" version="3.5.0.v20090620043401" download-size="1367" install-size="1367" />
	<plugin fragment="true" id="org.jdom.nl_fr" unpack="false" version="3.5.0.v20090620043401" download-size="1360" install-size="1360" />
	<plugin fragment="true" id="org.mortbay.jetty.nl_fr" unpack="false" version="3.5.0.v20090620043401" download-size="2666" install-size="2666" />
	<plugin fragment="true" id="org.mortbay.jetty.server.nl_fr" unpack="false" version="3.5.0.v20090620043401" download-size="1840" install-size="1840" />
	<plugin fragment="true" id="org.mortbay.jetty.util.nl_fr" unpack="false" version="3.5.0.v20090620043401" download-size="1372" install-size="1372" />
	<plugin fragment="true" id="org.mozilla.javascript.nl_fr" unpack="false" version="3.5.0.v20090620043401" download-size="1373" install-size="1373" />
	<plugin fragment="true" id="org.objectweb.asm.nl_fr" unpack="false" version="3.5.0.v20090620043401" download-size="5564" install-size="5564" />
	<plugin fragment="true" id="org.opensaml.nl_fr" unpack="false" version="3.5.0.v20090620043401" download-size="1393" install-size="1393" />
	<plugin fragment="true" id="org.slf4j.api.nl_fr" unpack="false" version="3.5.0.v20090620043401" download-size="1365" install-size="1365" />
	<plugin fragment="true" id="org.uddi4j.nl_fr" unpack="false" version="3.5.0.v20090620043401" download-size="1366" install-size="1366" />
	<plugin fragment="true" id="org.w3c.css.sac.nl_fr" unpack="false" version="3.5.0.v20090620043401" download-size="1362" install-size="1362" />
	<plugin fragment="true" id="org.w3c.dom.events.nl_fr" unpack="false" version="3.5.0.v20090620043401" download-size="1364" install-size="1364" />
	<plugin fragment="true" id="org.w3c.dom.smil.nl_fr" unpack="false" version="3.5.0.v20090620043401" download-size="1364" install-size="1364" />
	<plugin fragment="true" id="org.w3c.dom.svg.nl_fr" unpack="false" version="3.5.0.v20090620043401" download-size="1365" install-size="1365" />
</feature>