<?xml version="1.0" encoding="UTF-8" ?>
<feature
	id="org.eclipse.babel.nls_tptp.platform_de"
	label="Babel Language Pack for tptp.platform in German (18.71%)"
	image="eclipse_update_120.jpg"
	provider-name="%providerName"
	version="3.5.0.v20090620043401">
	<copyright>
		%copyright
	</copyright>
	<license url="%licenseURL">
		%license
	</license>
	<description>Babel Language Pack for tptp.platform in German</description>
	<plugin fragment="true" id="org.eclipse.hyades.analysis.engine.nl_de" unpack="false" version="3.5.0.v20090620043401" download-size="1373" install-size="1373" />
	<plugin fragment="true" id="org.eclipse.hyades.logging.adapter.nl_de" unpack="false" version="3.5.0.v20090620043401" download-size="3129" install-size="3129" />
	<plugin fragment="true" id="org.eclipse.hyades.logging.adapter.ui.nl_de" unpack="false" version="3.5.0.v20090620043401" download-size="4656" install-size="4656" />
	<plugin fragment="true" id="org.eclipse.hyades.logging.parsers.nl_de" unpack="false" version="3.5.0.v20090620043401" download-size="2457" install-size="2457" />
	<plugin fragment="true" id="org.eclipse.hyades.probekit.ui.nl_de" unpack="false" version="3.5.0.v20090620043401" download-size="3985" install-size="3985" />
	<plugin fragment="true" id="org.eclipse.hyades.resources.database.nl_de" unpack="false" version="3.5.0.v20090620043401" download-size="1377" install-size="1377" />
	<plugin fragment="true" id="org.eclipse.hyades.sdb.nl_de" unpack="false" version="3.5.0.v20090620043401" download-size="7755" install-size="7755" />
	<plugin fragment="true" id="org.eclipse.hyades.statistical.ui.nl_de" unpack="false" version="3.5.0.v20090620043401" download-size="1378" install-size="1378" />
	<plugin fragment="true" id="org.eclipse.hyades.test.core.nl_de" unpack="false" version="3.5.0.v20090620043401" download-size="3269" install-size="3269" />
	<plugin fragment="true" id="org.eclipse.hyades.test.tools.ui.nl_de" unpack="false" version="3.5.0.v20090620043401" download-size="3558" install-size="3558" />
	<plugin fragment="true" id="org.eclipse.hyades.test.ui.extensions.nl_de" unpack="false" version="3.5.0.v20090620043401" download-size="2669" install-size="2669" />
	<plugin fragment="true" id="org.eclipse.hyades.test.ui.nl_de" unpack="false" version="3.5.0.v20090620043401" download-size="9477" install-size="9477" />
	<plugin fragment="true" id="org.eclipse.hyades.trace.ui.nl_de" unpack="false" version="3.5.0.v20090620043401" download-size="5989" install-size="5989" />
	<plugin fragment="true" id="org.eclipse.hyades.trace.views.nl_de" unpack="false" version="3.5.0.v20090620043401" download-size="2663" install-size="2663" />
	<plugin fragment="true" id="org.eclipse.hyades.ui.nl_de" unpack="false" version="3.5.0.v20090620043401" download-size="1379" install-size="1379" />
	<plugin fragment="true" id="org.eclipse.tptp.lta.gla.ui.epi.nl_de" unpack="false" version="3.5.0.v20090620043401" download-size="1371" install-size="1371" />
	<plugin fragment="true" id="org.eclipse.tptp.lta.log.epi.nl_de" unpack="false" version="3.5.0.v20090620043401" download-size="1468" install-size="1468" />
	<plugin fragment="true" id="org.eclipse.tptp.lta.runtime.nl_de" unpack="false" version="3.5.0.v20090620043401" download-size="1370" install-size="1370" />
	<plugin fragment="true" id="org.eclipse.tptp.lta.sdb.epi.nl_de" unpack="false" version="3.5.0.v20090620043401" download-size="1373" install-size="1373" />
	<plugin fragment="true" id="org.eclipse.tptp.lta.symptom.epi.nl_de" unpack="false" version="3.5.0.v20090620043401" download-size="1374" install-size="1374" />
	<plugin fragment="true" id="org.eclipse.tptp.monitoring.la.core.nl_de" unpack="false" version="3.5.0.v20090620043401" download-size="1373" install-size="1373" />
	<plugin fragment="true" id="org.eclipse.tptp.monitoring.logui.nl_de" unpack="false" version="3.5.0.v20090620043401" download-size="2792" install-size="2792" />
	<plugin fragment="true" id="org.eclipse.tptp.monitoring.lta.doc.isv.nl_de" unpack="false" version="3.5.0.v20090620043401" download-size="1377" install-size="1377" />
	<plugin fragment="true" id="org.eclipse.tptp.monitoring.lta.doc.user.nl_de" unpack="false" version="3.5.0.v20090620043401" download-size="1376" install-size="1376" />
	<plugin fragment="true" id="org.eclipse.tptp.monitoring.lta.examples.isv.nl_de" unpack="false" version="3.5.0.v20090620043401" download-size="2953" install-size="2953" />
	<plugin fragment="true" id="org.eclipse.tptp.monitoring.lta.examples.nl_de" unpack="false" version="3.5.0.v20090620043401" download-size="2712" install-size="2712" />
	<plugin fragment="true" id="org.eclipse.tptp.monitoring.managedagent.jmx.nl_de" unpack="false" version="3.5.0.v20090620043401" download-size="2668" install-size="2668" />
	<plugin fragment="true" id="org.eclipse.tptp.monitoring.managedagent.ui.nl_de" unpack="false" version="3.5.0.v20090620043401" download-size="4979" install-size="4979" />
	<plugin fragment="true" id="org.eclipse.tptp.monitoring.profile.server.nl_de" unpack="false" version="3.5.0.v20090620043401" download-size="1380" install-size="1380" />
	<plugin fragment="true" id="org.eclipse.tptp.monitoring.report.birt.nl_de" unpack="false" version="3.5.0.v20090620043401" download-size="2603" install-size="2603" />
	<plugin fragment="true" id="org.eclipse.tptp.monitoring.symptom.doc.user.nl_de" unpack="false" version="3.5.0.v20090620043401" download-size="1379" install-size="1379" />
	<plugin fragment="true" id="org.eclipse.tptp.monitoring.symptom.editor.nl_de" unpack="false" version="3.5.0.v20090620043401" download-size="1378" install-size="1378" />
	<plugin fragment="true" id="org.eclipse.tptp.platform.agentcontroller.nl_de" unpack="false" version="3.5.0.v20090620043401" download-size="2562" install-size="2562" />
	<plugin fragment="true" id="org.eclipse.tptp.platform.analysis.codereview.cpp.nl_de" unpack="false" version="3.5.0.v20090620043401" download-size="1383" install-size="1383" />
	<plugin fragment="true" id="org.eclipse.tptp.platform.analysis.codereview.cpp.rules.nl_de" unpack="false" version="3.5.0.v20090620043401" download-size="1499" install-size="1499" />
	<plugin fragment="true" id="org.eclipse.tptp.platform.analysis.codereview.java.nl_de" unpack="false" version="3.5.0.v20090620043401" download-size="1422" install-size="1422" />
	<plugin fragment="true" id="org.eclipse.tptp.platform.analysis.codereview.java.rules.nl_de" unpack="false" version="3.5.0.v20090620043401" download-size="1587" install-size="1587" />
	<plugin fragment="true" id="org.eclipse.tptp.platform.analysis.core.nl_de" unpack="false" version="3.5.0.v20090620043401" download-size="2519" install-size="2519" />
	<plugin fragment="true" id="org.eclipse.tptp.platform.analysis.core.ui.nl_de" unpack="false" version="3.5.0.v20090620043401" download-size="2969" install-size="2969" />
	<plugin fragment="true" id="org.eclipse.tptp.platform.common.nl_de" unpack="false" version="3.5.0.v20090620043401" download-size="2351" install-size="2351" />
	<plugin fragment="true" id="org.eclipse.tptp.platform.common.ui.nl_de" unpack="false" version="3.5.0.v20090620043401" download-size="4928" install-size="4928" />
	<plugin fragment="true" id="org.eclipse.tptp.platform.common.ui.trace.nl_de" unpack="false" version="3.5.0.v20090620043401" download-size="3081" install-size="3081" />
	<plugin fragment="true" id="org.eclipse.tptp.platform.examples.isv.nl_de" unpack="false" version="3.5.0.v20090620043401" download-size="2613" install-size="2613" />
	<plugin fragment="true" id="org.eclipse.tptp.platform.examples.nl_de" unpack="false" version="3.5.0.v20090620043401" download-size="1687" install-size="1687" />
	<plugin fragment="true" id="org.eclipse.tptp.platform.iac.administrator.nl_de" unpack="false" version="3.5.0.v20090620043401" download-size="3294" install-size="3294" />
	<plugin fragment="true" id="org.eclipse.tptp.platform.instrumentation.ui.nl_de" unpack="false" version="3.5.0.v20090620043401" download-size="3208" install-size="3208" />
	<plugin fragment="true" id="org.eclipse.tptp.platform.integration.pde.nl_de" unpack="false" version="3.5.0.v20090620043401" download-size="2771" install-size="2771" />
	<plugin fragment="true" id="org.eclipse.tptp.platform.la.core.nl_de" unpack="false" version="3.5.0.v20090620043401" download-size="2636" install-size="2636" />
	<plugin fragment="true" id="org.eclipse.tptp.platform.llc.core.nl_de" unpack="false" version="3.5.0.v20090620043401" download-size="1372" install-size="1372" />
	<plugin fragment="true" id="org.eclipse.tptp.platform.llc.doc.user.nl_de" unpack="false" version="3.5.0.v20090620043401" download-size="1376" install-size="1376" />
	<plugin fragment="true" id="org.eclipse.tptp.platform.llc.launch.nl_de" unpack="false" version="3.5.0.v20090620043401" download-size="2858" install-size="2858" />
	<plugin fragment="true" id="org.eclipse.tptp.platform.llc.ui.nl_de" unpack="false" version="3.5.0.v20090620043401" download-size="1372" install-size="1372" />
	<plugin fragment="true" id="org.eclipse.tptp.platform.log.doc.user.nl_de" unpack="false" version="3.5.0.v20090620043401" download-size="1375" install-size="1375" />
	<plugin fragment="true" id="org.eclipse.tptp.platform.log.views.nl_de" unpack="false" version="3.5.0.v20090620043401" download-size="3978" install-size="3978" />
	<plugin fragment="true" id="org.eclipse.tptp.platform.lta.common.nl_de" unpack="false" version="3.5.0.v20090620043401" download-size="2465" install-size="2465" />
	<plugin fragment="true" id="org.eclipse.tptp.platform.models.lta.nl_de" unpack="false" version="3.5.0.v20090620043401" download-size="1374" install-size="1374" />
	<plugin fragment="true" id="org.eclipse.tptp.platform.models.nl_de" unpack="false" version="3.5.0.v20090620043401" download-size="3145" install-size="3145" />
	<plugin fragment="true" id="org.eclipse.tptp.platform.probekit.launch.nl_de" unpack="false" version="3.5.0.v20090620043401" download-size="3693" install-size="3693" />
	<plugin fragment="true" id="org.eclipse.tptp.platform.report.birt.nl_de" unpack="false" version="3.5.0.v20090620043401" download-size="1378" install-size="1378" />
	<plugin fragment="true" id="org.eclipse.tptp.platform.report.birt.ui.nl_de" unpack="false" version="3.5.0.v20090620043401" download-size="2525" install-size="2525" />
	<plugin fragment="true" id="org.eclipse.tptp.platform.report.core.nl_de" unpack="false" version="3.5.0.v20090620043401" download-size="1452" install-size="1452" />
	<plugin fragment="true" id="org.eclipse.tptp.platform.report.ui.nl_de" unpack="false" version="3.5.0.v20090620043401" download-size="1468" install-size="1468" />
	<plugin fragment="true" id="org.eclipse.tptp.test.auto.gui.nl_de" unpack="false" version="3.5.0.v20090620043401" download-size="2890" install-size="2890" />
	<plugin fragment="true" id="org.eclipse.tptp.test.auto.nl_de" unpack="false" version="3.5.0.v20090620043401" download-size="1368" install-size="1368" />
	<plugin fragment="true" id="org.eclipse.tptp.test.recorders.url.nl_de" unpack="false" version="3.5.0.v20090620043401" download-size="4726" install-size="4726" />
	<plugin fragment="true" id="org.eclipse.tptp.test.report.birt.nl_de" unpack="false" version="3.5.0.v20090620043401" download-size="3389" install-size="3389" />
	<plugin fragment="true" id="org.eclipse.tptp.test.samples.nl_de" unpack="false" version="3.5.0.v20090620043401" download-size="2825" install-size="2825" />
	<plugin fragment="true" id="org.eclipse.tptp.test.tools.junit.plugin.nl_de" unpack="false" version="3.5.0.v20090620043401" download-size="3199" install-size="3199" />
	<plugin fragment="true" id="org.eclipse.tptp.test.tools.manual.doc.user.nl_de" unpack="false" version="3.5.0.v20090620043401" download-size="1378" install-size="1378" />
	<plugin fragment="true" id="org.eclipse.tptp.test.tools.manual.nl_de" unpack="false" version="3.5.0.v20090620043401" download-size="4122" install-size="4122" />
	<plugin fragment="true" id="org.eclipse.tptp.trace.arm.nl_de" unpack="false" version="3.5.0.v20090620043401" download-size="1396" install-size="1396" />
	<plugin fragment="true" id="org.eclipse.tptp.trace.arm.ui.nl_de" unpack="false" version="3.5.0.v20090620043401" download-size="2499" install-size="2499" />
	<plugin fragment="true" id="org.eclipse.tptp.trace.jvmti.client.nl_de" unpack="false" version="3.5.0.v20090620043401" download-size="2786" install-size="2786" />
	<plugin fragment="true" id="org.eclipse.tptp.trace.memory.nl_de" unpack="false" version="3.5.0.v20090620043401" download-size="1373" install-size="1373" />
	<plugin fragment="true" id="org.eclipse.tptp.trace.report.birt.nl_de" unpack="false" version="3.5.0.v20090620043401" download-size="2507" install-size="2507" />
</feature>