<?xml version="1.0" encoding="UTF-8" ?>
<feature
	id="org.eclipse.babel.nls_tools.pdt_fi"
	label="Babel Language Pack for tools.pdt in Finnish (62.61%)"
	image="eclipse_update_120.jpg"
	provider-name="%providerName"
	version="3.5.0.v20090620043401">
	<copyright>
		%copyright
	</copyright>
	<license url="%licenseURL">
		%license
	</license>
	<description>Babel Language Pack for tools.pdt in Finnish</description>
	<plugin fragment="true" id="org.eclipse.dltk.core.tests.nl_fi" unpack="false" version="3.5.0.v20090620043401" download-size="1371" install-size="1371" />
	<plugin fragment="true" id="org.eclipse.php.core.nl_fi" unpack="false" version="3.5.0.v20090620043401" download-size="2717" install-size="2717" />
	<plugin fragment="true" id="org.eclipse.php.core.parser.nl_fi" unpack="false" version="3.5.0.v20090620043401" download-size="1370" install-size="1370" />
	<plugin fragment="true" id="org.eclipse.php.debug.core.nl_fi" unpack="false" version="3.5.0.v20090620043401" download-size="2356" install-size="2356" />
	<plugin fragment="true" id="org.eclipse.php.debug.ui.nl_fi" unpack="false" version="3.5.0.v20090620043401" download-size="3352" install-size="3352" />
	<plugin fragment="true" id="org.eclipse.php.nl_fi" unpack="false" version="3.5.0.v20090620043401" download-size="1362" install-size="1362" />
	<plugin fragment="true" id="org.eclipse.php.server.core.nl_fi" unpack="false" version="3.5.0.v20090620043401" download-size="2272" install-size="2272" />
	<plugin fragment="true" id="org.eclipse.php.server.ui.nl_fi" unpack="false" version="3.5.0.v20090620043401" download-size="2217" install-size="2217" />
	<plugin fragment="true" id="org.eclipse.php.test.nl_fi" unpack="false" version="3.5.0.v20090620043401" download-size="1366" install-size="1366" />
	<plugin fragment="true" id="org.eclipse.php.ui.nl_fi" unpack="false" version="3.5.0.v20090620043401" download-size="40006" install-size="40006" />
	<plugin fragment="true" id="org.eclipse.test.nl_fi" unpack="false" version="3.5.0.v20090620043401" download-size="1362" install-size="1362" />
</feature>