<?xml version="1.0" encoding="UTF-8" ?>
<feature
	id="org.eclipse.babel.nls_webtools.ejbtools_tr"
	label="Babel Language Pack for webtools.ejbtools in Turkish (96.28%)"
	image="eclipse_update_120.jpg"
	provider-name="%providerName"
	version="3.5.0.v20090620043401">
	<copyright>
		%copyright
	</copyright>
	<license url="%licenseURL">
		%license
	</license>
	<description>Babel Language Pack for webtools.ejbtools in Turkish</description>
	<plugin fragment="true" id="org.eclipse.jst.ejb.doc.user.nl_tr" unpack="false" version="3.5.0.v20090620043401" download-size="1377" install-size="1377" />
	<plugin fragment="true" id="org.eclipse.jst.ejb.ui.infopop.nl_tr" unpack="false" version="3.5.0.v20090620043401" download-size="1373" install-size="1373" />
	<plugin fragment="true" id="org.eclipse.jst.ejb.ui.nl_tr" unpack="false" version="3.5.0.v20090620043401" download-size="3945" install-size="3945" />
	<plugin fragment="true" id="org.eclipse.jst.j2ee.ejb.annotation.model.nl_tr" unpack="false" version="3.5.0.v20090620043401" download-size="3733" install-size="3733" />
	<plugin fragment="true" id="org.eclipse.jst.j2ee.ejb.annotations.emitter.nl_tr" unpack="false" version="3.5.0.v20090620043401" download-size="1384" install-size="1384" />
	<plugin fragment="true" id="org.eclipse.jst.j2ee.ejb.annotations.ui.nl_tr" unpack="false" version="3.5.0.v20090620043401" download-size="3944" install-size="3944" />
	<plugin fragment="true" id="org.eclipse.jst.j2ee.ejb.annotations.xdoclet.nl_tr" unpack="false" version="3.5.0.v20090620043401" download-size="3599" install-size="3599" />
	<plugin fragment="true" id="org.eclipse.jst.j2ee.ejb.nl_tr" unpack="false" version="3.5.0.v20090620043401" download-size="25274" install-size="25274" />
	<plugin fragment="true" id="org.eclipse.jst.jee.ejb.nl_tr" unpack="false" version="3.5.0.v20090620043401" download-size="1372" install-size="1372" />
</feature>