<?xml version="1.0" encoding="UTF-8" ?>
<feature
	id="org.eclipse.babel.nls_rt.rap_pt_BR"
	label="Babel Language Pack for rt.rap in Portuguese (Brazilian) (82.02%)"
	image="eclipse_update_120.jpg"
	provider-name="%providerName"
	version="3.5.0.v20090620043401">
	<copyright>
		%copyright
	</copyright>
	<license url="%licenseURL">
		%license
	</license>
	<description>Babel Language Pack for rt.rap in Portuguese (Brazilian)</description>
	<plugin fragment="true" id="org.eclipse.rap.design.example.nl_pt_BR" unpack="false" version="3.5.0.v20090620043401" download-size="1392" install-size="1392" />
	<plugin fragment="true" id="org.eclipse.rap.jface.databinding.nl_pt_BR" unpack="false" version="3.5.0.v20090620043401" download-size="1432" install-size="1432" />
	<plugin fragment="true" id="org.eclipse.rap.jface.nl_pt_BR" unpack="false" version="3.5.0.v20090620043401" download-size="10222" install-size="10222" />
	<plugin fragment="true" id="org.eclipse.rap.rwt.nl_pt_BR" unpack="false" version="3.5.0.v20090620043401" download-size="2822" install-size="2822" />
	<plugin fragment="true" id="org.eclipse.rap.rwt.test.nl_pt_BR" unpack="false" version="3.5.0.v20090620043401" download-size="1393" install-size="1393" />
	<plugin fragment="true" id="org.eclipse.rap.ui.forms.nl_pt_BR" unpack="false" version="3.5.0.v20090620043401" download-size="2308" install-size="2308" />
	<plugin fragment="true" id="org.eclipse.rap.ui.help.nl_pt_BR" unpack="false" version="3.5.0.v20090620043401" download-size="1388" install-size="1388" />
	<plugin fragment="true" id="org.eclipse.rap.ui.intro.nl_pt_BR" unpack="false" version="3.5.0.v20090620043401" download-size="2574" install-size="2574" />
	<plugin fragment="true" id="org.eclipse.rap.ui.launch.nl_pt_BR" unpack="false" version="3.5.0.v20090620043401" download-size="2518" install-size="2518" />
	<plugin fragment="true" id="org.eclipse.rap.ui.nl_pt_BR" unpack="false" version="3.5.0.v20090620043401" download-size="5470" install-size="5470" />
	<plugin fragment="true" id="org.eclipse.rap.ui.templates.nl_pt_BR" unpack="false" version="3.5.0.v20090620043401" download-size="2718" install-size="2718" />
	<plugin fragment="true" id="org.eclipse.rap.ui.views.nl_pt_BR" unpack="false" version="3.5.0.v20090620043401" download-size="3192" install-size="3192" />
	<plugin fragment="true" id="org.eclipse.rap.ui.workbench.nl_pt_BR" unpack="false" version="3.5.0.v20090620043401" download-size="25579" install-size="25579" />
</feature>