<?xml version="1.0" encoding="UTF-8" ?>
<feature
	id="org.eclipse.babel.nls_rt.rap_hu"
	label="Babel Language Pack for rt.rap in Hungarian (83.67%)"
	image="eclipse_update_120.jpg"
	provider-name="%providerName"
	version="3.5.0.v20090620043401">
	<copyright>
		%copyright
	</copyright>
	<license url="%licenseURL">
		%license
	</license>
	<description>Babel Language Pack for rt.rap in Hungarian</description>
	<plugin fragment="true" id="org.eclipse.rap.design.example.nl_hu" unpack="false" version="3.5.0.v20090620043401" download-size="1373" install-size="1373" />
	<plugin fragment="true" id="org.eclipse.rap.jface.databinding.nl_hu" unpack="false" version="3.5.0.v20090620043401" download-size="1406" install-size="1406" />
	<plugin fragment="true" id="org.eclipse.rap.jface.nl_hu" unpack="false" version="3.5.0.v20090620043401" download-size="10143" install-size="10143" />
	<plugin fragment="true" id="org.eclipse.rap.rwt.nl_hu" unpack="false" version="3.5.0.v20090620043401" download-size="2847" install-size="2847" />
	<plugin fragment="true" id="org.eclipse.rap.rwt.test.nl_hu" unpack="false" version="3.5.0.v20090620043401" download-size="1374" install-size="1374" />
	<plugin fragment="true" id="org.eclipse.rap.ui.forms.nl_hu" unpack="false" version="3.5.0.v20090620043401" download-size="2435" install-size="2435" />
	<plugin fragment="true" id="org.eclipse.rap.ui.help.nl_hu" unpack="false" version="3.5.0.v20090620043401" download-size="1368" install-size="1368" />
	<plugin fragment="true" id="org.eclipse.rap.ui.intro.nl_hu" unpack="false" version="3.5.0.v20090620043401" download-size="2543" install-size="2543" />
	<plugin fragment="true" id="org.eclipse.rap.ui.launch.nl_hu" unpack="false" version="3.5.0.v20090620043401" download-size="2511" install-size="2511" />
	<plugin fragment="true" id="org.eclipse.rap.ui.nl_hu" unpack="false" version="3.5.0.v20090620043401" download-size="5748" install-size="5748" />
	<plugin fragment="true" id="org.eclipse.rap.ui.templates.nl_hu" unpack="false" version="3.5.0.v20090620043401" download-size="2605" install-size="2605" />
	<plugin fragment="true" id="org.eclipse.rap.ui.views.nl_hu" unpack="false" version="3.5.0.v20090620043401" download-size="3216" install-size="3216" />
	<plugin fragment="true" id="org.eclipse.rap.ui.workbench.nl_hu" unpack="false" version="3.5.0.v20090620043401" download-size="27037" install-size="27037" />
</feature>