<?xml version="1.0" encoding="UTF-8" ?>
<feature
	id="org.eclipse.babel.nls_datatools_el"
	label="Babel Language Pack for datatools in Greek (22.95%)"
	image="eclipse_update_120.jpg"
	provider-name="%providerName"
	version="3.5.0.v20090620043401">
	<copyright>
		%copyright
	</copyright>
	<license url="%licenseURL">
		%license
	</license>
	<description>Babel Language Pack for datatools in Greek</description>
	<plugin fragment="true" id="org.eclipse.datatools.connectivity.apache.derby.dbdefinition.nl_el" unpack="false" version="3.5.0.v20090620043401" download-size="1377" install-size="1377" />
	<plugin fragment="true" id="org.eclipse.datatools.connectivity.apache.derby.nl_el" unpack="false" version="3.5.0.v20090620043401" download-size="1490" install-size="1490" />
	<plugin fragment="true" id="org.eclipse.datatools.connectivity.apache.derby.ui.nl_el" unpack="false" version="3.5.0.v20090620043401" download-size="3706" install-size="3706" />
	<plugin fragment="true" id="org.eclipse.datatools.connectivity.console.profile.nl_el" unpack="false" version="3.5.0.v20090620043401" download-size="2623" install-size="2623" />
	<plugin fragment="true" id="org.eclipse.datatools.connectivity.db.generic.nl_el" unpack="false" version="3.5.0.v20090620043401" download-size="2762" install-size="2762" />
	<plugin fragment="true" id="org.eclipse.datatools.connectivity.db.generic.ui.nl_el" unpack="false" version="3.5.0.v20090620043401" download-size="1364" install-size="1364" />
	<plugin fragment="true" id="org.eclipse.datatools.connectivity.dbdefinition.genericJDBC.nl_el" unpack="false" version="3.5.0.v20090620043401" download-size="1398" install-size="1398" />
	<plugin fragment="true" id="org.eclipse.datatools.connectivity.nl_el" unpack="false" version="3.5.0.v20090620043401" download-size="3372" install-size="3372" />
	<plugin fragment="true" id="org.eclipse.datatools.connectivity.oda.consumer.nl_el" unpack="false" version="3.5.0.v20090620043401" download-size="3146" install-size="3146" />
	<plugin fragment="true" id="org.eclipse.datatools.connectivity.oda.design.nl_el" unpack="false" version="3.5.0.v20090620043401" download-size="1363" install-size="1363" />
	<plugin fragment="true" id="org.eclipse.datatools.connectivity.oda.design.ui.nl_el" unpack="false" version="3.5.0.v20090620043401" download-size="3034" install-size="3034" />
	<plugin fragment="true" id="org.eclipse.datatools.connectivity.oda.flatfile.nl_el" unpack="false" version="3.5.0.v20090620043401" download-size="2860" install-size="2860" />
	<plugin fragment="true" id="org.eclipse.datatools.connectivity.oda.flatfile.ui.nl_el" unpack="false" version="3.5.0.v20090620043401" download-size="3271" install-size="3271" />
	<plugin fragment="true" id="org.eclipse.datatools.connectivity.oda.template.ui.nl_el" unpack="false" version="3.5.0.v20090620043401" download-size="3040" install-size="3040" />
	<plugin fragment="true" id="org.eclipse.datatools.connectivity.sqm.core.nl_el" unpack="false" version="3.5.0.v20090620043401" download-size="3093" install-size="3093" />
	<plugin fragment="true" id="org.eclipse.datatools.connectivity.sqm.core.ui.nl_el" unpack="false" version="3.5.0.v20090620043401" download-size="4573" install-size="4573" />
	<plugin fragment="true" id="org.eclipse.datatools.connectivity.sqm.server.ui.nl_el" unpack="false" version="3.5.0.v20090620043401" download-size="3778" install-size="3778" />
	<plugin fragment="true" id="org.eclipse.datatools.connectivity.ui.dse.nl_el" unpack="false" version="3.5.0.v20090620043401" download-size="3068" install-size="3068" />
	<plugin fragment="true" id="org.eclipse.datatools.connectivity.ui.nl_el" unpack="false" version="3.5.0.v20090620043401" download-size="3739" install-size="3739" />
	<plugin fragment="true" id="org.eclipse.datatools.connectivity.ui.templates.nl_el" unpack="false" version="3.5.0.v20090620043401" download-size="2890" install-size="2890" />
	<plugin fragment="true" id="org.eclipse.datatools.enablement.finfo.nl_el" unpack="false" version="3.5.0.v20090620043401" download-size="1375" install-size="1375" />
	<plugin fragment="true" id="org.eclipse.datatools.enablement.hsqldb.dbdefinition.nl_el" unpack="false" version="3.5.0.v20090620043401" download-size="1388" install-size="1388" />
	<plugin fragment="true" id="org.eclipse.datatools.enablement.hsqldb.nl_el" unpack="false" version="3.5.0.v20090620043401" download-size="1464" install-size="1464" />
	<plugin fragment="true" id="org.eclipse.datatools.enablement.hsqldb.ui.nl_el" unpack="false" version="3.5.0.v20090620043401" download-size="2858" install-size="2858" />
	<plugin fragment="true" id="org.eclipse.datatools.enablement.ibm.db2.iseries.dbdefinition.nl_el" unpack="false" version="3.5.0.v20090620043401" download-size="1394" install-size="1394" />
	<plugin fragment="true" id="org.eclipse.datatools.enablement.ibm.db2.iseries.nl_el" unpack="false" version="3.5.0.v20090620043401" download-size="1482" install-size="1482" />
	<plugin fragment="true" id="org.eclipse.datatools.enablement.ibm.db2.iseries.ui.nl_el" unpack="false" version="3.5.0.v20090620043401" download-size="3460" install-size="3460" />
	<plugin fragment="true" id="org.eclipse.datatools.enablement.ibm.db2.luw.dbdefinition.nl_el" unpack="false" version="3.5.0.v20090620043401" download-size="1388" install-size="1388" />
	<plugin fragment="true" id="org.eclipse.datatools.enablement.ibm.db2.luw.nl_el" unpack="false" version="3.5.0.v20090620043401" download-size="1480" install-size="1480" />
	<plugin fragment="true" id="org.eclipse.datatools.enablement.ibm.db2.luw.ui.nl_el" unpack="false" version="3.5.0.v20090620043401" download-size="3418" install-size="3418" />
	<plugin fragment="true" id="org.eclipse.datatools.enablement.ibm.db2.zseries.dbdefinition.nl_el" unpack="false" version="3.5.0.v20090620043401" download-size="1395" install-size="1395" />
	<plugin fragment="true" id="org.eclipse.datatools.enablement.ibm.db2.zseries.nl_el" unpack="false" version="3.5.0.v20090620043401" download-size="1483" install-size="1483" />
	<plugin fragment="true" id="org.eclipse.datatools.enablement.ibm.db2.zseries.ui.nl_el" unpack="false" version="3.5.0.v20090620043401" download-size="3475" install-size="3475" />
	<plugin fragment="true" id="org.eclipse.datatools.enablement.ibm.informix.dbdefinition.nl_el" unpack="false" version="3.5.0.v20090620043401" download-size="1406" install-size="1406" />
	<plugin fragment="true" id="org.eclipse.datatools.enablement.ibm.informix.nl_el" unpack="false" version="3.5.0.v20090620043401" download-size="1481" install-size="1481" />
	<plugin fragment="true" id="org.eclipse.datatools.enablement.ibm.informix.ui.nl_el" unpack="false" version="3.5.0.v20090620043401" download-size="3294" install-size="3294" />
	<plugin fragment="true" id="org.eclipse.datatools.enablement.ibm.ui.nl_el" unpack="false" version="3.5.0.v20090620043401" download-size="3022" install-size="3022" />
	<plugin fragment="true" id="org.eclipse.datatools.enablement.ingres.dbdefinition.nl_el" unpack="false" version="3.5.0.v20090620043401" download-size="1387" install-size="1387" />
	<plugin fragment="true" id="org.eclipse.datatools.enablement.ingres.nl_el" unpack="false" version="3.5.0.v20090620043401" download-size="1476" install-size="1476" />
	<plugin fragment="true" id="org.eclipse.datatools.enablement.ingres.ui.nl_el" unpack="false" version="3.5.0.v20090620043401" download-size="2903" install-size="2903" />
	<plugin fragment="true" id="org.eclipse.datatools.enablement.jdt.classpath.nl_el" unpack="false" version="3.5.0.v20090620043401" download-size="1386" install-size="1386" />
	<plugin fragment="true" id="org.eclipse.datatools.enablement.msft.sqlserver.dbdefinition.nl_el" unpack="false" version="3.5.0.v20090620043401" download-size="1392" install-size="1392" />
	<plugin fragment="true" id="org.eclipse.datatools.enablement.msft.sqlserver.nl_el" unpack="false" version="3.5.0.v20090620043401" download-size="1483" install-size="1483" />
	<plugin fragment="true" id="org.eclipse.datatools.enablement.msft.sqlserver.ui.nl_el" unpack="false" version="3.5.0.v20090620043401" download-size="3558" install-size="3558" />
	<plugin fragment="true" id="org.eclipse.datatools.enablement.mysql.dbdefinition.nl_el" unpack="false" version="3.5.0.v20090620043401" download-size="1404" install-size="1404" />
	<plugin fragment="true" id="org.eclipse.datatools.enablement.mysql.nl_el" unpack="false" version="3.5.0.v20090620043401" download-size="1505" install-size="1505" />
	<plugin fragment="true" id="org.eclipse.datatools.enablement.mysql.ui.nl_el" unpack="false" version="3.5.0.v20090620043401" download-size="1376" install-size="1376" />
	<plugin fragment="true" id="org.eclipse.datatools.enablement.oda.ws.ui.nl_el" unpack="false" version="3.5.0.v20090620043401" download-size="3068" install-size="3068" />
	<plugin fragment="true" id="org.eclipse.datatools.enablement.oda.xml.nl_el" unpack="false" version="3.5.0.v20090620043401" download-size="3235" install-size="3235" />
	<plugin fragment="true" id="org.eclipse.datatools.enablement.oda.xml.ui.nl_el" unpack="false" version="3.5.0.v20090620043401" download-size="3812" install-size="3812" />
	<plugin fragment="true" id="org.eclipse.datatools.enablement.oracle.dbdefinition.nl_el" unpack="false" version="3.5.0.v20090620043401" download-size="1438" install-size="1438" />
	<plugin fragment="true" id="org.eclipse.datatools.enablement.oracle.nl_el" unpack="false" version="3.5.0.v20090620043401" download-size="1568" install-size="1568" />
	<plugin fragment="true" id="org.eclipse.datatools.enablement.oracle.ui.nl_el" unpack="false" version="3.5.0.v20090620043401" download-size="3126" install-size="3126" />
	<plugin fragment="true" id="org.eclipse.datatools.enablement.postgresql.dbdefinition.nl_el" unpack="false" version="3.5.0.v20090620043401" download-size="1389" install-size="1389" />
	<plugin fragment="true" id="org.eclipse.datatools.enablement.postgresql.nl_el" unpack="false" version="3.5.0.v20090620043401" download-size="1501" install-size="1501" />
	<plugin fragment="true" id="org.eclipse.datatools.enablement.postgresql.ui.nl_el" unpack="false" version="3.5.0.v20090620043401" download-size="1380" install-size="1380" />
	<plugin fragment="true" id="org.eclipse.datatools.enablement.sap.maxdb.dbdefinition.nl_el" unpack="false" version="3.5.0.v20090620043401" download-size="1369" install-size="1369" />
	<plugin fragment="true" id="org.eclipse.datatools.enablement.sap.maxdb.nl_el" unpack="false" version="3.5.0.v20090620043401" download-size="1475" install-size="1475" />
	<plugin fragment="true" id="org.eclipse.datatools.enablement.sap.maxdb.ui.nl_el" unpack="false" version="3.5.0.v20090620043401" download-size="1380" install-size="1380" />
	<plugin fragment="true" id="org.eclipse.datatools.enablement.sqlite.dbdefinition.nl_el" unpack="false" version="3.5.0.v20090620043401" download-size="1385" install-size="1385" />
	<plugin fragment="true" id="org.eclipse.datatools.enablement.sqlite.nl_el" unpack="false" version="3.5.0.v20090620043401" download-size="1463" install-size="1463" />
	<plugin fragment="true" id="org.eclipse.datatools.enablement.sqlite.ui.nl_el" unpack="false" version="3.5.0.v20090620043401" download-size="2811" install-size="2811" />
	<plugin fragment="true" id="org.eclipse.datatools.enablement.sybase.asa.dbdefinition.nl_el" unpack="false" version="3.5.0.v20090620043401" download-size="1386" install-size="1386" />
	<plugin fragment="true" id="org.eclipse.datatools.enablement.sybase.asa.models.nl_el" unpack="false" version="3.5.0.v20090620043401" download-size="1385" install-size="1385" />
	<plugin fragment="true" id="org.eclipse.datatools.enablement.sybase.asa.nl_el" unpack="false" version="3.5.0.v20090620043401" download-size="3087" install-size="3087" />
	<plugin fragment="true" id="org.eclipse.datatools.enablement.sybase.asa.schemaobjecteditor.examples.nl_el" unpack="false" version="3.5.0.v20090620043401" download-size="16743" install-size="16743" />
	<plugin fragment="true" id="org.eclipse.datatools.enablement.sybase.asa.ui.nl_el" unpack="false" version="3.5.0.v20090620043401" download-size="1476" install-size="1476" />
	<plugin fragment="true" id="org.eclipse.datatools.enablement.sybase.ase.dbdefinition.nl_el" unpack="false" version="3.5.0.v20090620043401" download-size="1387" install-size="1387" />
	<plugin fragment="true" id="org.eclipse.datatools.enablement.sybase.ase.models.nl_el" unpack="false" version="3.5.0.v20090620043401" download-size="1383" install-size="1383" />
	<plugin fragment="true" id="org.eclipse.datatools.enablement.sybase.ase.nl_el" unpack="false" version="3.5.0.v20090620043401" download-size="2606" install-size="2606" />
	<plugin fragment="true" id="org.eclipse.datatools.enablement.sybase.ase.ui.nl_el" unpack="false" version="3.5.0.v20090620043401" download-size="1489" install-size="1489" />
	<plugin fragment="true" id="org.eclipse.datatools.enablement.sybase.models.nl_el" unpack="false" version="3.5.0.v20090620043401" download-size="1380" install-size="1380" />
	<plugin fragment="true" id="org.eclipse.datatools.enablement.sybase.nl_el" unpack="false" version="3.5.0.v20090620043401" download-size="3032" install-size="3032" />
	<plugin fragment="true" id="org.eclipse.datatools.enablement.sybase.ui.nl_el" unpack="false" version="3.5.0.v20090620043401" download-size="3084" install-size="3084" />
	<plugin fragment="true" id="org.eclipse.datatools.help.nl_el" unpack="false" version="3.5.0.v20090620043401" download-size="1351" install-size="1351" />
	<plugin fragment="true" id="org.eclipse.datatools.modelbase.dbdefinition.nl_el" unpack="false" version="3.5.0.v20090620043401" download-size="1379" install-size="1379" />
	<plugin fragment="true" id="org.eclipse.datatools.modelbase.derby.nl_el" unpack="false" version="3.5.0.v20090620043401" download-size="1376" install-size="1376" />
	<plugin fragment="true" id="org.eclipse.datatools.modelbase.sql.edit.nl_el" unpack="false" version="3.5.0.v20090620043401" download-size="3025" install-size="3025" />
	<plugin fragment="true" id="org.eclipse.datatools.modelbase.sql.nl_el" unpack="false" version="3.5.0.v20090620043401" download-size="1374" install-size="1374" />
	<plugin fragment="true" id="org.eclipse.datatools.modelbase.sql.query.edit.nl_el" unpack="false" version="3.5.0.v20090620043401" download-size="1852" install-size="1852" />
	<plugin fragment="true" id="org.eclipse.datatools.modelbase.sql.query.nl_el" unpack="false" version="3.5.0.v20090620043401" download-size="1378" install-size="1378" />
	<plugin fragment="true" id="org.eclipse.datatools.modelbase.sql.xml.query.nl_el" unpack="false" version="3.5.0.v20090620043401" download-size="1381" install-size="1381" />
	<plugin fragment="true" id="org.eclipse.datatools.sqltools.common.ui.nl_el" unpack="false" version="3.5.0.v20090620043401" download-size="6001" install-size="6001" />
	<plugin fragment="true" id="org.eclipse.datatools.sqltools.data.core.nl_el" unpack="false" version="3.5.0.v20090620043401" download-size="2863" install-size="2863" />
	<plugin fragment="true" id="org.eclipse.datatools.sqltools.data.ui.nl_el" unpack="false" version="3.5.0.v20090620043401" download-size="3636" install-size="3636" />
	<plugin fragment="true" id="org.eclipse.datatools.sqltools.db.derby.nl_el" unpack="false" version="3.5.0.v20090620043401" download-size="2654" install-size="2654" />
	<plugin fragment="true" id="org.eclipse.datatools.sqltools.db.derby.ui.nl_el" unpack="false" version="3.5.0.v20090620043401" download-size="1383" install-size="1383" />
	<plugin fragment="true" id="org.eclipse.datatools.sqltools.db.generic.nl_el" unpack="false" version="3.5.0.v20090620043401" download-size="2666" install-size="2666" />
	<plugin fragment="true" id="org.eclipse.datatools.sqltools.db.generic.ui.nl_el" unpack="false" version="3.5.0.v20090620043401" download-size="1384" install-size="1384" />
	<plugin fragment="true" id="org.eclipse.datatools.sqltools.ddlgen.ui.nl_el" unpack="false" version="3.5.0.v20090620043401" download-size="3347" install-size="3347" />
	<plugin fragment="true" id="org.eclipse.datatools.sqltools.debugger.core.nl_el" unpack="false" version="3.5.0.v20090620043401" download-size="4692" install-size="4692" />
	<plugin fragment="true" id="org.eclipse.datatools.sqltools.debugger.core.ui.nl_el" unpack="false" version="3.5.0.v20090620043401" download-size="3842" install-size="3842" />
	<plugin fragment="true" id="org.eclipse.datatools.sqltools.editor.core.nl_el" unpack="false" version="3.5.0.v20090620043401" download-size="2499" install-size="2499" />
	<plugin fragment="true" id="org.eclipse.datatools.sqltools.editor.core.ui.nl_el" unpack="false" version="3.5.0.v20090620043401" download-size="1384" install-size="1384" />
	<plugin fragment="true" id="org.eclipse.datatools.sqltools.parsers.sql.lexer.nl_el" unpack="false" version="3.5.0.v20090620043401" download-size="1380" install-size="1380" />
	<plugin fragment="true" id="org.eclipse.datatools.sqltools.parsers.sql.nl_el" unpack="false" version="3.5.0.v20090620043401" download-size="1377" install-size="1377" />
	<plugin fragment="true" id="org.eclipse.datatools.sqltools.parsers.sql.query.nl_el" unpack="false" version="3.5.0.v20090620043401" download-size="2681" install-size="2681" />
	<plugin fragment="true" id="org.eclipse.datatools.sqltools.parsers.sql.xml.query.nl_el" unpack="false" version="3.5.0.v20090620043401" download-size="1384" install-size="1384" />
	<plugin fragment="true" id="org.eclipse.datatools.sqltools.plan.nl_el" unpack="false" version="3.5.0.v20090620043401" download-size="4307" install-size="4307" />
	<plugin fragment="true" id="org.eclipse.datatools.sqltools.result.nl_el" unpack="false" version="3.5.0.v20090620043401" download-size="4572" install-size="4572" />
	<plugin fragment="true" id="org.eclipse.datatools.sqltools.result.ui.nl_el" unpack="false" version="3.5.0.v20090620043401" download-size="4158" install-size="4158" />
	<plugin fragment="true" id="org.eclipse.datatools.sqltools.routineeditor.nl_el" unpack="false" version="3.5.0.v20090620043401" download-size="6024" install-size="6024" />
	<plugin fragment="true" id="org.eclipse.datatools.sqltools.routineeditor.ui.nl_el" unpack="false" version="3.5.0.v20090620043401" download-size="5401" install-size="5401" />
	<plugin fragment="true" id="org.eclipse.datatools.sqltools.schemaobjecteditor.nl_el" unpack="false" version="3.5.0.v20090620043401" download-size="1388" install-size="1388" />
	<plugin fragment="true" id="org.eclipse.datatools.sqltools.schemaobjecteditor.ui.nl_el" unpack="false" version="3.5.0.v20090620043401" download-size="6242" install-size="6242" />
	<plugin fragment="true" id="org.eclipse.datatools.sqltools.schemaobjecteditor.ui.pages.nl_el" unpack="false" version="3.5.0.v20090620043401" download-size="3709" install-size="3709" />
	<plugin fragment="true" id="org.eclipse.datatools.sqltools.sql.nl_el" unpack="false" version="3.5.0.v20090620043401" download-size="2651" install-size="2651" />
	<plugin fragment="true" id="org.eclipse.datatools.sqltools.sql.ui.nl_el" unpack="false" version="3.5.0.v20090620043401" download-size="1372" install-size="1372" />
	<plugin fragment="true" id="org.eclipse.datatools.sqltools.sqlbuilder.nl_el" unpack="false" version="3.5.0.v20090620043401" download-size="4003" install-size="4003" />
	<plugin fragment="true" id="org.eclipse.datatools.sqltools.sqleditor.nl_el" unpack="false" version="3.5.0.v20090620043401" download-size="9738" install-size="9738" />
	<plugin fragment="true" id="org.eclipse.datatools.sqltools.sqlscrapbook.nl_el" unpack="false" version="3.5.0.v20090620043401" download-size="5102" install-size="5102" />
	<plugin fragment="true" id="org.eclipse.datatools.sqltools.tabledataeditor.nl_el" unpack="false" version="3.5.0.v20090620043401" download-size="1379" install-size="1379" />
</feature>