<?xml version="1.0" encoding="UTF-8" ?>
<feature
	id="org.eclipse.babel.nls_technology.actf_zh_TW"
	label="Babel Language Pack for technology.actf in Chinese (Traditional) (7.07%)"
	image="eclipse_update_120.jpg"
	provider-name="%providerName"
	version="3.5.0.v20090620043401">
	<copyright>
		%copyright
	</copyright>
	<license url="%licenseURL">
		%license
	</license>
	<description>Babel Language Pack for technology.actf in Chinese (Traditional)</description>
	<plugin fragment="true" id="org.eclipse.actf.core.nl_zh_TW" unpack="false" version="3.5.0.v20090620043401" download-size="1630" install-size="1630" />
	<plugin fragment="true" id="org.eclipse.actf.model.flash.proxy.nl_zh_TW" unpack="false" version="3.5.0.v20090620043401" download-size="1955" install-size="1955" />
	<plugin fragment="true" id="org.eclipse.actf.model.ui.nl_zh_TW" unpack="false" version="3.5.0.v20090620043401" download-size="1588" install-size="1588" />
	<plugin fragment="true" id="org.eclipse.actf.ui.nl_zh_TW" unpack="false" version="3.5.0.v20090620043401" download-size="2036" install-size="2036" />
	<plugin fragment="true" id="org.eclipse.actf.util.vocab.nl_zh_TW" unpack="false" version="3.5.0.v20090620043401" download-size="1408" install-size="1408" />
	<plugin fragment="true" id="org.eclipse.actf.visualization.doc.isv.nl_zh_TW" unpack="false" version="3.5.0.v20090620043401" download-size="1398" install-size="1398" />
	<plugin fragment="true" id="org.eclipse.actf.visualization.engines.blind.html.nl_zh_TW" unpack="false" version="3.5.0.v20090620043401" download-size="1451" install-size="1451" />
	<plugin fragment="true" id="org.eclipse.actf.visualization.engines.blind.nl_zh_TW" unpack="false" version="3.5.0.v20090620043401" download-size="1733" install-size="1733" />
	<plugin fragment="true" id="org.eclipse.actf.visualization.eval.nl_zh_TW" unpack="false" version="3.5.0.v20090620043401" download-size="1985" install-size="1985" />
	<plugin fragment="true" id="org.eclipse.actf.visualization.gui.nl_zh_TW" unpack="false" version="3.5.0.v20090620043401" download-size="1981" install-size="1981" />
	<plugin fragment="true" id="org.eclipse.actf.visualization.presentation.nl_zh_TW" unpack="false" version="3.5.0.v20090620043401" download-size="1423" install-size="1423" />
	<plugin fragment="true" id="org.eclipse.actf.visualization.ui.report.nl_zh_TW" unpack="false" version="3.5.0.v20090620043401" download-size="1486" install-size="1486" />
</feature>