<?xml version="1.0" encoding="UTF-8" ?>
<feature
	id="org.eclipse.babel.nls_stp.sca_ar"
	label="Babel Language Pack for stp.sca in Arabic (21.02%)"
	image="eclipse_update_120.jpg"
	provider-name="%providerName"
	version="3.5.0.v20090620043401">
	<copyright>
		%copyright
	</copyright>
	<license url="%licenseURL">
		%license
	</license>
	<description>Babel Language Pack for stp.sca in Arabic</description>
	<plugin fragment="true" id="org.eclipse.stp.sca.common.jdt.nl_ar" unpack="false" version="3.5.0.v20090620043401" download-size="2342" install-size="2342" />
	<plugin fragment="true" id="org.eclipse.stp.sca.common.nl_ar" unpack="false" version="3.5.0.v20090620043401" download-size="1352" install-size="1352" />
	<plugin fragment="true" id="org.eclipse.stp.sca.diagram.extension.generator.ui.nl_ar" unpack="false" version="3.5.0.v20090620043401" download-size="2917" install-size="2917" />
	<plugin fragment="true" id="org.eclipse.stp.sca.diagram.extension.nl_ar" unpack="false" version="3.5.0.v20090620043401" download-size="1416" install-size="1416" />
	<plugin fragment="true" id="org.eclipse.stp.sca.diagram.frascati.nl_ar" unpack="false" version="3.5.0.v20090620043401" download-size="1375" install-size="1375" />
	<plugin fragment="true" id="org.eclipse.stp.sca.diagram.jdt.nl_ar" unpack="false" version="3.5.0.v20090620043401" download-size="1355" install-size="1355" />
	<plugin fragment="true" id="org.eclipse.stp.sca.diagram.nl_ar" unpack="false" version="3.5.0.v20090620043401" download-size="2421" install-size="2421" />
	<plugin fragment="true" id="org.eclipse.stp.sca.diagram.tuscany.nl_ar" unpack="false" version="3.5.0.v20090620043401" download-size="1358" install-size="1358" />
	<plugin fragment="true" id="org.eclipse.stp.sca.domainmodel.frascati.edit.nl_ar" unpack="false" version="3.5.0.v20090620043401" download-size="1752" install-size="1752" />
	<plugin fragment="true" id="org.eclipse.stp.sca.domainmodel.frascati.editor.nl_ar" unpack="false" version="3.5.0.v20090620043401" download-size="1451" install-size="1451" />
	<plugin fragment="true" id="org.eclipse.stp.sca.domainmodel.tuscany.edit.nl_ar" unpack="false" version="3.5.0.v20090620043401" download-size="1884" install-size="1884" />
	<plugin fragment="true" id="org.eclipse.stp.sca.domainmodel.tuscany.editor.nl_ar" unpack="false" version="3.5.0.v20090620043401" download-size="1448" install-size="1448" />
	<plugin fragment="true" id="org.eclipse.stp.sca.edit.nl_ar" unpack="false" version="3.5.0.v20090620043401" download-size="3868" install-size="3868" />
	<plugin fragment="true" id="org.eclipse.stp.sca.editor.nl_ar" unpack="false" version="3.5.0.v20090620043401" download-size="3069" install-size="3069" />
	<plugin fragment="true" id="org.eclipse.stp.sca.formeditor.nl_ar" unpack="false" version="3.5.0.v20090620043401" download-size="2369" install-size="2369" />
	<plugin fragment="true" id="org.eclipse.stp.sca.implementation.java.nl_ar" unpack="false" version="3.5.0.v20090620043401" download-size="1359" install-size="1359" />
	<plugin fragment="true" id="org.eclipse.stp.sca.implementation.sca.nl_ar" unpack="false" version="3.5.0.v20090620043401" download-size="1359" install-size="1359" />
	<plugin fragment="true" id="org.eclipse.stp.sca.interfacee.java.nl_ar" unpack="false" version="3.5.0.v20090620043401" download-size="1357" install-size="1357" />
	<plugin fragment="true" id="org.eclipse.stp.sca.nl_ar" unpack="false" version="3.5.0.v20090620043401" download-size="1347" install-size="1347" />
	<plugin fragment="true" id="org.eclipse.stp.sca.ontology.view.jena2.nl_ar" unpack="false" version="3.5.0.v20090620043401" download-size="2534" install-size="2534" />
	<plugin fragment="true" id="org.eclipse.stp.sca.ontology.view.nl_ar" unpack="false" version="3.5.0.v20090620043401" download-size="2358" install-size="2358" />
	<plugin fragment="true" id="org.eclipse.stp.sca.semantic.sawsdl.edit.nl_ar" unpack="false" version="3.5.0.v20090620043401" download-size="1692" install-size="1692" />
	<plugin fragment="true" id="org.eclipse.stp.sca.semantic.sawsdl.properties.nl_ar" unpack="false" version="3.5.0.v20090620043401" download-size="1363" install-size="1363" />
	<plugin fragment="true" id="org.eclipse.stp.sca.validation.frascati.nl_ar" unpack="false" version="3.5.0.v20090620043401" download-size="1361" install-size="1361" />
	<plugin fragment="true" id="org.eclipse.stp.sca.validation.nl_ar" unpack="false" version="3.5.0.v20090620043401" download-size="1355" install-size="1355" />
	<plugin fragment="true" id="org.eclipse.stp.sca.xmleditor.nl_ar" unpack="false" version="3.5.0.v20090620043401" download-size="2499" install-size="2499" />
</feature>