<?xml version="1.0" encoding="UTF-8" ?>
<feature
	id="org.eclipse.babel.nls_tools.gef_pt_BR"
	label="Babel Language Pack for tools.gef in Portuguese (Brazilian) (61.95%)"
	image="eclipse_update_120.jpg"
	provider-name="%providerName"
	version="3.5.0.v20090620043401">
	<copyright>
		%copyright
	</copyright>
	<license url="%licenseURL">
		%license
	</license>
	<description>Babel Language Pack for tools.gef in Portuguese (Brazilian)</description>
	<plugin fragment="true" id="org.eclipse.draw2d.doc.isv.nl_pt_BR" unpack="false" version="3.5.0.v20090620043401" download-size="1428" install-size="1428" />
	<plugin fragment="true" id="org.eclipse.draw2d.nl_pt_BR" unpack="false" version="3.5.0.v20090620043401" download-size="1738" install-size="1738" />
	<plugin fragment="true" id="org.eclipse.draw2d.test.nl_pt_BR" unpack="false" version="3.5.0.v20090620043401" download-size="1393" install-size="1393" />
	<plugin fragment="true" id="org.eclipse.gef.doc.isv.nl_pt_BR" unpack="false" version="3.5.0.v20090620043401" download-size="1513" install-size="1513" />
	<plugin fragment="true" id="org.eclipse.gef.examples.flow.nl_pt_BR" unpack="false" version="3.5.0.v20090620043401" download-size="1397" install-size="1397" />
	<plugin fragment="true" id="org.eclipse.gef.examples.logic.nl_pt_BR" unpack="false" version="3.5.0.v20090620043401" download-size="2732" install-size="2732" />
	<plugin fragment="true" id="org.eclipse.gef.examples.shapes.nl_pt_BR" unpack="false" version="3.5.0.v20090620043401" download-size="1398" install-size="1398" />
	<plugin fragment="true" id="org.eclipse.gef.examples.text.nl_pt_BR" unpack="false" version="3.5.0.v20090620043401" download-size="1397" install-size="1397" />
	<plugin fragment="true" id="org.eclipse.gef.examples.ui.pde.nl_pt_BR" unpack="false" version="3.5.0.v20090620043401" download-size="1397" install-size="1397" />
	<plugin fragment="true" id="org.eclipse.gef.nl_pt_BR" unpack="false" version="3.5.0.v20090620043401" download-size="4898" install-size="4898" />
	<plugin fragment="true" id="org.eclipse.gef.test.nl_pt_BR" unpack="false" version="3.5.0.v20090620043401" download-size="1390" install-size="1390" />
	<plugin fragment="true" id="org.eclipse.zest.core.nl_pt_BR" unpack="false" version="3.5.0.v20090620043401" download-size="2300" install-size="2300" />
	<plugin fragment="true" id="org.eclipse.zest.layouts.nl_pt_BR" unpack="false" version="3.5.0.v20090620043401" download-size="1393" install-size="1393" />
</feature>