<?xml version="1.0" encoding="UTF-8" ?>
<feature
	id="org.eclipse.babel.nls_rt.rap_de"
	label="Babel Language Pack for rt.rap in German (90.08%)"
	image="eclipse_update_120.jpg"
	provider-name="%providerName"
	version="3.5.0.v20090620043401">
	<copyright>
		%copyright
	</copyright>
	<license url="%licenseURL">
		%license
	</license>
	<description>Babel Language Pack for rt.rap in German</description>
	<plugin fragment="true" id="org.eclipse.rap.design.example.nl_de" unpack="false" version="3.5.0.v20090620043401" download-size="1372" install-size="1372" />
	<plugin fragment="true" id="org.eclipse.rap.jface.databinding.nl_de" unpack="false" version="3.5.0.v20090620043401" download-size="1416" install-size="1416" />
	<plugin fragment="true" id="org.eclipse.rap.jface.nl_de" unpack="false" version="3.5.0.v20090620043401" download-size="11089" install-size="11089" />
	<plugin fragment="true" id="org.eclipse.rap.rwt.nl_de" unpack="false" version="3.5.0.v20090620043401" download-size="3298" install-size="3298" />
	<plugin fragment="true" id="org.eclipse.rap.rwt.test.nl_de" unpack="false" version="3.5.0.v20090620043401" download-size="3245" install-size="3245" />
	<plugin fragment="true" id="org.eclipse.rap.ui.forms.nl_de" unpack="false" version="3.5.0.v20090620043401" download-size="2402" install-size="2402" />
	<plugin fragment="true" id="org.eclipse.rap.ui.help.nl_de" unpack="false" version="3.5.0.v20090620043401" download-size="1367" install-size="1367" />
	<plugin fragment="true" id="org.eclipse.rap.ui.intro.nl_de" unpack="false" version="3.5.0.v20090620043401" download-size="2540" install-size="2540" />
	<plugin fragment="true" id="org.eclipse.rap.ui.launch.nl_de" unpack="false" version="3.5.0.v20090620043401" download-size="2478" install-size="2478" />
	<plugin fragment="true" id="org.eclipse.rap.ui.nl_de" unpack="false" version="3.5.0.v20090620043401" download-size="5572" install-size="5572" />
	<plugin fragment="true" id="org.eclipse.rap.ui.templates.nl_de" unpack="false" version="3.5.0.v20090620043401" download-size="2676" install-size="2676" />
	<plugin fragment="true" id="org.eclipse.rap.ui.views.nl_de" unpack="false" version="3.5.0.v20090620043401" download-size="3168" install-size="3168" />
	<plugin fragment="true" id="org.eclipse.rap.ui.workbench.nl_de" unpack="false" version="3.5.0.v20090620043401" download-size="27867" install-size="27867" />
</feature>