<?xml version="1.0" encoding="UTF-8" ?>
<feature
	id="org.eclipse.babel.nls_stp.bpmn_el"
	label="Babel Language Pack for stp.bpmn in Greek (19%)"
	image="eclipse_update_120.jpg"
	provider-name="%providerName"
	version="3.5.0.v20090620043401">
	<copyright>
		%copyright
	</copyright>
	<license url="%licenseURL">
		%license
	</license>
	<description>Babel Language Pack for stp.bpmn in Greek</description>
	<plugin fragment="true" id="org.eclipse.stp.bpmn.diagram.nl_el" unpack="false" version="3.5.0.v20090620043401" download-size="2885" install-size="2885" />
	<plugin fragment="true" id="org.eclipse.stp.bpmn.edit.nl_el" unpack="false" version="3.5.0.v20090620043401" download-size="2549" install-size="2549" />
	<plugin fragment="true" id="org.eclipse.stp.bpmn.nl_el" unpack="false" version="3.5.0.v20090620043401" download-size="2306" install-size="2306" />
	<plugin fragment="true" id="org.eclipse.stp.bpmn.validation.nl_el" unpack="false" version="3.5.0.v20090620043401" download-size="2348" install-size="2348" />
</feature>