<?xml version="1.0" encoding="UTF-8" ?>
<feature
	id="org.eclipse.babel.nls_tptp.platform_da"
	label="Babel Language Pack for tptp.platform in Danish (17.14%)"
	image="eclipse_update_120.jpg"
	provider-name="%providerName"
	version="3.5.0.v20090620043401">
	<copyright>
		%copyright
	</copyright>
	<license url="%licenseURL">
		%license
	</license>
	<description>Babel Language Pack for tptp.platform in Danish</description>
	<plugin fragment="true" id="org.eclipse.hyades.analysis.engine.nl_da" unpack="false" version="3.5.0.v20090620043401" download-size="1372" install-size="1372" />
	<plugin fragment="true" id="org.eclipse.hyades.logging.adapter.nl_da" unpack="false" version="3.5.0.v20090620043401" download-size="3073" install-size="3073" />
	<plugin fragment="true" id="org.eclipse.hyades.logging.adapter.ui.nl_da" unpack="false" version="3.5.0.v20090620043401" download-size="4493" install-size="4493" />
	<plugin fragment="true" id="org.eclipse.hyades.logging.parsers.nl_da" unpack="false" version="3.5.0.v20090620043401" download-size="2452" install-size="2452" />
	<plugin fragment="true" id="org.eclipse.hyades.probekit.ui.nl_da" unpack="false" version="3.5.0.v20090620043401" download-size="3867" install-size="3867" />
	<plugin fragment="true" id="org.eclipse.hyades.resources.database.nl_da" unpack="false" version="3.5.0.v20090620043401" download-size="1376" install-size="1376" />
	<plugin fragment="true" id="org.eclipse.hyades.sdb.nl_da" unpack="false" version="3.5.0.v20090620043401" download-size="6251" install-size="6251" />
	<plugin fragment="true" id="org.eclipse.hyades.statistical.ui.nl_da" unpack="false" version="3.5.0.v20090620043401" download-size="1377" install-size="1377" />
	<plugin fragment="true" id="org.eclipse.hyades.test.core.nl_da" unpack="false" version="3.5.0.v20090620043401" download-size="3220" install-size="3220" />
	<plugin fragment="true" id="org.eclipse.hyades.test.tools.ui.nl_da" unpack="false" version="3.5.0.v20090620043401" download-size="3527" install-size="3527" />
	<plugin fragment="true" id="org.eclipse.hyades.test.ui.extensions.nl_da" unpack="false" version="3.5.0.v20090620043401" download-size="2658" install-size="2658" />
	<plugin fragment="true" id="org.eclipse.hyades.test.ui.nl_da" unpack="false" version="3.5.0.v20090620043401" download-size="8956" install-size="8956" />
	<plugin fragment="true" id="org.eclipse.hyades.trace.ui.nl_da" unpack="false" version="3.5.0.v20090620043401" download-size="5857" install-size="5857" />
	<plugin fragment="true" id="org.eclipse.hyades.trace.views.nl_da" unpack="false" version="3.5.0.v20090620043401" download-size="2611" install-size="2611" />
	<plugin fragment="true" id="org.eclipse.hyades.ui.nl_da" unpack="false" version="3.5.0.v20090620043401" download-size="1379" install-size="1379" />
	<plugin fragment="true" id="org.eclipse.tptp.lta.gla.ui.epi.nl_da" unpack="false" version="3.5.0.v20090620043401" download-size="1371" install-size="1371" />
	<plugin fragment="true" id="org.eclipse.tptp.lta.log.epi.nl_da" unpack="false" version="3.5.0.v20090620043401" download-size="1420" install-size="1420" />
	<plugin fragment="true" id="org.eclipse.tptp.lta.runtime.nl_da" unpack="false" version="3.5.0.v20090620043401" download-size="1370" install-size="1370" />
	<plugin fragment="true" id="org.eclipse.tptp.lta.sdb.epi.nl_da" unpack="false" version="3.5.0.v20090620043401" download-size="1373" install-size="1373" />
	<plugin fragment="true" id="org.eclipse.tptp.lta.symptom.epi.nl_da" unpack="false" version="3.5.0.v20090620043401" download-size="1375" install-size="1375" />
	<plugin fragment="true" id="org.eclipse.tptp.monitoring.la.core.nl_da" unpack="false" version="3.5.0.v20090620043401" download-size="1374" install-size="1374" />
	<plugin fragment="true" id="org.eclipse.tptp.monitoring.logui.nl_da" unpack="false" version="3.5.0.v20090620043401" download-size="2736" install-size="2736" />
	<plugin fragment="true" id="org.eclipse.tptp.monitoring.lta.doc.isv.nl_da" unpack="false" version="3.5.0.v20090620043401" download-size="1377" install-size="1377" />
	<plugin fragment="true" id="org.eclipse.tptp.monitoring.lta.doc.user.nl_da" unpack="false" version="3.5.0.v20090620043401" download-size="1377" install-size="1377" />
	<plugin fragment="true" id="org.eclipse.tptp.monitoring.lta.examples.isv.nl_da" unpack="false" version="3.5.0.v20090620043401" download-size="2851" install-size="2851" />
	<plugin fragment="true" id="org.eclipse.tptp.monitoring.lta.examples.nl_da" unpack="false" version="3.5.0.v20090620043401" download-size="2683" install-size="2683" />
	<plugin fragment="true" id="org.eclipse.tptp.monitoring.managedagent.jmx.nl_da" unpack="false" version="3.5.0.v20090620043401" download-size="2650" install-size="2650" />
	<plugin fragment="true" id="org.eclipse.tptp.monitoring.managedagent.ui.nl_da" unpack="false" version="3.5.0.v20090620043401" download-size="4933" install-size="4933" />
	<plugin fragment="true" id="org.eclipse.tptp.monitoring.profile.server.nl_da" unpack="false" version="3.5.0.v20090620043401" download-size="1380" install-size="1380" />
	<plugin fragment="true" id="org.eclipse.tptp.monitoring.report.birt.nl_da" unpack="false" version="3.5.0.v20090620043401" download-size="2582" install-size="2582" />
	<plugin fragment="true" id="org.eclipse.tptp.monitoring.symptom.doc.user.nl_da" unpack="false" version="3.5.0.v20090620043401" download-size="1380" install-size="1380" />
	<plugin fragment="true" id="org.eclipse.tptp.monitoring.symptom.editor.nl_da" unpack="false" version="3.5.0.v20090620043401" download-size="1378" install-size="1378" />
	<plugin fragment="true" id="org.eclipse.tptp.platform.agentcontroller.nl_da" unpack="false" version="3.5.0.v20090620043401" download-size="2556" install-size="2556" />
	<plugin fragment="true" id="org.eclipse.tptp.platform.analysis.codereview.cpp.nl_da" unpack="false" version="3.5.0.v20090620043401" download-size="1384" install-size="1384" />
	<plugin fragment="true" id="org.eclipse.tptp.platform.analysis.codereview.cpp.rules.nl_da" unpack="false" version="3.5.0.v20090620043401" download-size="1486" install-size="1486" />
	<plugin fragment="true" id="org.eclipse.tptp.platform.analysis.codereview.java.nl_da" unpack="false" version="3.5.0.v20090620043401" download-size="1429" install-size="1429" />
	<plugin fragment="true" id="org.eclipse.tptp.platform.analysis.codereview.java.rules.nl_da" unpack="false" version="3.5.0.v20090620043401" download-size="1577" install-size="1577" />
	<plugin fragment="true" id="org.eclipse.tptp.platform.analysis.core.nl_da" unpack="false" version="3.5.0.v20090620043401" download-size="2508" install-size="2508" />
	<plugin fragment="true" id="org.eclipse.tptp.platform.analysis.core.ui.nl_da" unpack="false" version="3.5.0.v20090620043401" download-size="2957" install-size="2957" />
	<plugin fragment="true" id="org.eclipse.tptp.platform.common.nl_da" unpack="false" version="3.5.0.v20090620043401" download-size="2301" install-size="2301" />
	<plugin fragment="true" id="org.eclipse.tptp.platform.common.ui.nl_da" unpack="false" version="3.5.0.v20090620043401" download-size="4743" install-size="4743" />
	<plugin fragment="true" id="org.eclipse.tptp.platform.common.ui.trace.nl_da" unpack="false" version="3.5.0.v20090620043401" download-size="3089" install-size="3089" />
	<plugin fragment="true" id="org.eclipse.tptp.platform.examples.isv.nl_da" unpack="false" version="3.5.0.v20090620043401" download-size="2610" install-size="2610" />
	<plugin fragment="true" id="org.eclipse.tptp.platform.examples.nl_da" unpack="false" version="3.5.0.v20090620043401" download-size="1401" install-size="1401" />
	<plugin fragment="true" id="org.eclipse.tptp.platform.iac.administrator.nl_da" unpack="false" version="3.5.0.v20090620043401" download-size="3289" install-size="3289" />
	<plugin fragment="true" id="org.eclipse.tptp.platform.instrumentation.ui.nl_da" unpack="false" version="3.5.0.v20090620043401" download-size="3183" install-size="3183" />
	<plugin fragment="true" id="org.eclipse.tptp.platform.integration.pde.nl_da" unpack="false" version="3.5.0.v20090620043401" download-size="2723" install-size="2723" />
	<plugin fragment="true" id="org.eclipse.tptp.platform.la.core.nl_da" unpack="false" version="3.5.0.v20090620043401" download-size="2631" install-size="2631" />
	<plugin fragment="true" id="org.eclipse.tptp.platform.llc.core.nl_da" unpack="false" version="3.5.0.v20090620043401" download-size="1373" install-size="1373" />
	<plugin fragment="true" id="org.eclipse.tptp.platform.llc.doc.user.nl_da" unpack="false" version="3.5.0.v20090620043401" download-size="1377" install-size="1377" />
	<plugin fragment="true" id="org.eclipse.tptp.platform.llc.launch.nl_da" unpack="false" version="3.5.0.v20090620043401" download-size="2835" install-size="2835" />
	<plugin fragment="true" id="org.eclipse.tptp.platform.llc.ui.nl_da" unpack="false" version="3.5.0.v20090620043401" download-size="1372" install-size="1372" />
	<plugin fragment="true" id="org.eclipse.tptp.platform.log.doc.user.nl_da" unpack="false" version="3.5.0.v20090620043401" download-size="1376" install-size="1376" />
	<plugin fragment="true" id="org.eclipse.tptp.platform.log.views.nl_da" unpack="false" version="3.5.0.v20090620043401" download-size="3804" install-size="3804" />
	<plugin fragment="true" id="org.eclipse.tptp.platform.lta.common.nl_da" unpack="false" version="3.5.0.v20090620043401" download-size="2414" install-size="2414" />
	<plugin fragment="true" id="org.eclipse.tptp.platform.models.lta.nl_da" unpack="false" version="3.5.0.v20090620043401" download-size="1374" install-size="1374" />
	<plugin fragment="true" id="org.eclipse.tptp.platform.models.nl_da" unpack="false" version="3.5.0.v20090620043401" download-size="3112" install-size="3112" />
	<plugin fragment="true" id="org.eclipse.tptp.platform.probekit.launch.nl_da" unpack="false" version="3.5.0.v20090620043401" download-size="3604" install-size="3604" />
	<plugin fragment="true" id="org.eclipse.tptp.platform.report.birt.nl_da" unpack="false" version="3.5.0.v20090620043401" download-size="1378" install-size="1378" />
	<plugin fragment="true" id="org.eclipse.tptp.platform.report.birt.ui.nl_da" unpack="false" version="3.5.0.v20090620043401" download-size="2525" install-size="2525" />
	<plugin fragment="true" id="org.eclipse.tptp.platform.report.core.nl_da" unpack="false" version="3.5.0.v20090620043401" download-size="1446" install-size="1446" />
	<plugin fragment="true" id="org.eclipse.tptp.platform.report.ui.nl_da" unpack="false" version="3.5.0.v20090620043401" download-size="1462" install-size="1462" />
	<plugin fragment="true" id="org.eclipse.tptp.test.auto.gui.nl_da" unpack="false" version="3.5.0.v20090620043401" download-size="2854" install-size="2854" />
	<plugin fragment="true" id="org.eclipse.tptp.test.auto.nl_da" unpack="false" version="3.5.0.v20090620043401" download-size="1368" install-size="1368" />
	<plugin fragment="true" id="org.eclipse.tptp.test.recorders.url.nl_da" unpack="false" version="3.5.0.v20090620043401" download-size="4722" install-size="4722" />
	<plugin fragment="true" id="org.eclipse.tptp.test.report.birt.nl_da" unpack="false" version="3.5.0.v20090620043401" download-size="3379" install-size="3379" />
	<plugin fragment="true" id="org.eclipse.tptp.test.samples.nl_da" unpack="false" version="3.5.0.v20090620043401" download-size="2821" install-size="2821" />
	<plugin fragment="true" id="org.eclipse.tptp.test.tools.junit.plugin.nl_da" unpack="false" version="3.5.0.v20090620043401" download-size="3190" install-size="3190" />
	<plugin fragment="true" id="org.eclipse.tptp.test.tools.manual.doc.user.nl_da" unpack="false" version="3.5.0.v20090620043401" download-size="1378" install-size="1378" />
	<plugin fragment="true" id="org.eclipse.tptp.test.tools.manual.nl_da" unpack="false" version="3.5.0.v20090620043401" download-size="4094" install-size="4094" />
	<plugin fragment="true" id="org.eclipse.tptp.trace.arm.nl_da" unpack="false" version="3.5.0.v20090620043401" download-size="1397" install-size="1397" />
	<plugin fragment="true" id="org.eclipse.tptp.trace.arm.ui.nl_da" unpack="false" version="3.5.0.v20090620043401" download-size="2506" install-size="2506" />
	<plugin fragment="true" id="org.eclipse.tptp.trace.jvmti.client.nl_da" unpack="false" version="3.5.0.v20090620043401" download-size="2721" install-size="2721" />
	<plugin fragment="true" id="org.eclipse.tptp.trace.memory.nl_da" unpack="false" version="3.5.0.v20090620043401" download-size="1373" install-size="1373" />
	<plugin fragment="true" id="org.eclipse.tptp.trace.report.birt.nl_da" unpack="false" version="3.5.0.v20090620043401" download-size="2499" install-size="2499" />
</feature>