<?xml version="1.0" encoding="UTF-8" ?>
<feature
	id="org.eclipse.babel.nls_datatools_de"
	label="Babel Language Pack for datatools in German (76.89%)"
	image="eclipse_update_120.jpg"
	provider-name="%providerName"
	version="3.5.0.v20090620043401">
	<copyright>
		%copyright
	</copyright>
	<license url="%licenseURL">
		%license
	</license>
	<description>Babel Language Pack for datatools in German</description>
	<plugin fragment="true" id="org.eclipse.datatools.connectivity.apache.derby.dbdefinition.nl_de" unpack="false" version="3.5.0.v20090620043401" download-size="1476" install-size="1476" />
	<plugin fragment="true" id="org.eclipse.datatools.connectivity.apache.derby.nl_de" unpack="false" version="3.5.0.v20090620043401" download-size="1647" install-size="1647" />
	<plugin fragment="true" id="org.eclipse.datatools.connectivity.apache.derby.ui.nl_de" unpack="false" version="3.5.0.v20090620043401" download-size="5147" install-size="5147" />
	<plugin fragment="true" id="org.eclipse.datatools.connectivity.console.profile.nl_de" unpack="false" version="3.5.0.v20090620043401" download-size="3987" install-size="3987" />
	<plugin fragment="true" id="org.eclipse.datatools.connectivity.db.generic.nl_de" unpack="false" version="3.5.0.v20090620043401" download-size="3225" install-size="3225" />
	<plugin fragment="true" id="org.eclipse.datatools.connectivity.db.generic.ui.nl_de" unpack="false" version="3.5.0.v20090620043401" download-size="1505" install-size="1505" />
	<plugin fragment="true" id="org.eclipse.datatools.connectivity.dbdefinition.genericJDBC.nl_de" unpack="false" version="3.5.0.v20090620043401" download-size="1464" install-size="1464" />
	<plugin fragment="true" id="org.eclipse.datatools.connectivity.nl_de" unpack="false" version="3.5.0.v20090620043401" download-size="6565" install-size="6565" />
	<plugin fragment="true" id="org.eclipse.datatools.connectivity.oda.consumer.nl_de" unpack="false" version="3.5.0.v20090620043401" download-size="3174" install-size="3174" />
	<plugin fragment="true" id="org.eclipse.datatools.connectivity.oda.design.nl_de" unpack="false" version="3.5.0.v20090620043401" download-size="2760" install-size="2760" />
	<plugin fragment="true" id="org.eclipse.datatools.connectivity.oda.design.ui.nl_de" unpack="false" version="3.5.0.v20090620043401" download-size="4412" install-size="4412" />
	<plugin fragment="true" id="org.eclipse.datatools.connectivity.oda.flatfile.nl_de" unpack="false" version="3.5.0.v20090620043401" download-size="3962" install-size="3962" />
	<plugin fragment="true" id="org.eclipse.datatools.connectivity.oda.flatfile.ui.nl_de" unpack="false" version="3.5.0.v20090620043401" download-size="4214" install-size="4214" />
	<plugin fragment="true" id="org.eclipse.datatools.connectivity.oda.nl_de" unpack="false" version="3.5.0.v20090620043401" download-size="3578" install-size="3578" />
	<plugin fragment="true" id="org.eclipse.datatools.connectivity.oda.profile.nl_de" unpack="false" version="3.5.0.v20090620043401" download-size="2700" install-size="2700" />
	<plugin fragment="true" id="org.eclipse.datatools.connectivity.oda.template.ui.nl_de" unpack="false" version="3.5.0.v20090620043401" download-size="3341" install-size="3341" />
	<plugin fragment="true" id="org.eclipse.datatools.connectivity.sqm.core.nl_de" unpack="false" version="3.5.0.v20090620043401" download-size="5178" install-size="5178" />
	<plugin fragment="true" id="org.eclipse.datatools.connectivity.sqm.core.ui.nl_de" unpack="false" version="3.5.0.v20090620043401" download-size="7582" install-size="7582" />
	<plugin fragment="true" id="org.eclipse.datatools.connectivity.sqm.server.ui.nl_de" unpack="false" version="3.5.0.v20090620043401" download-size="5087" install-size="5087" />
	<plugin fragment="true" id="org.eclipse.datatools.connectivity.ui.dse.nl_de" unpack="false" version="3.5.0.v20090620043401" download-size="4218" install-size="4218" />
	<plugin fragment="true" id="org.eclipse.datatools.connectivity.ui.nl_de" unpack="false" version="3.5.0.v20090620043401" download-size="7389" install-size="7389" />
	<plugin fragment="true" id="org.eclipse.datatools.connectivity.ui.templates.nl_de" unpack="false" version="3.5.0.v20090620043401" download-size="3378" install-size="3378" />
	<plugin fragment="true" id="org.eclipse.datatools.enablement.finfo.nl_de" unpack="false" version="3.5.0.v20090620043401" download-size="1375" install-size="1375" />
	<plugin fragment="true" id="org.eclipse.datatools.enablement.hsqldb.dbdefinition.nl_de" unpack="false" version="3.5.0.v20090620043401" download-size="1486" install-size="1486" />
	<plugin fragment="true" id="org.eclipse.datatools.enablement.hsqldb.nl_de" unpack="false" version="3.5.0.v20090620043401" download-size="1556" install-size="1556" />
	<plugin fragment="true" id="org.eclipse.datatools.enablement.hsqldb.ui.nl_de" unpack="false" version="3.5.0.v20090620043401" download-size="3266" install-size="3266" />
	<plugin fragment="true" id="org.eclipse.datatools.enablement.ibm.db2.iseries.dbdefinition.nl_de" unpack="false" version="3.5.0.v20090620043401" download-size="1518" install-size="1518" />
	<plugin fragment="true" id="org.eclipse.datatools.enablement.ibm.db2.iseries.nl_de" unpack="false" version="3.5.0.v20090620043401" download-size="1605" install-size="1605" />
	<plugin fragment="true" id="org.eclipse.datatools.enablement.ibm.db2.iseries.ui.nl_de" unpack="false" version="3.5.0.v20090620043401" download-size="3774" install-size="3774" />
	<plugin fragment="true" id="org.eclipse.datatools.enablement.ibm.db2.luw.dbdefinition.nl_de" unpack="false" version="3.5.0.v20090620043401" download-size="1551" install-size="1551" />
	<plugin fragment="true" id="org.eclipse.datatools.enablement.ibm.db2.luw.nl_de" unpack="false" version="3.5.0.v20090620043401" download-size="1612" install-size="1612" />
	<plugin fragment="true" id="org.eclipse.datatools.enablement.ibm.db2.luw.ui.nl_de" unpack="false" version="3.5.0.v20090620043401" download-size="3795" install-size="3795" />
	<plugin fragment="true" id="org.eclipse.datatools.enablement.ibm.db2.zseries.dbdefinition.nl_de" unpack="false" version="3.5.0.v20090620043401" download-size="1625" install-size="1625" />
	<plugin fragment="true" id="org.eclipse.datatools.enablement.ibm.db2.zseries.nl_de" unpack="false" version="3.5.0.v20090620043401" download-size="1611" install-size="1611" />
	<plugin fragment="true" id="org.eclipse.datatools.enablement.ibm.db2.zseries.ui.nl_de" unpack="false" version="3.5.0.v20090620043401" download-size="3834" install-size="3834" />
	<plugin fragment="true" id="org.eclipse.datatools.enablement.ibm.informix.dbdefinition.nl_de" unpack="false" version="3.5.0.v20090620043401" download-size="1521" install-size="1521" />
	<plugin fragment="true" id="org.eclipse.datatools.enablement.ibm.informix.nl_de" unpack="false" version="3.5.0.v20090620043401" download-size="1650" install-size="1650" />
	<plugin fragment="true" id="org.eclipse.datatools.enablement.ibm.informix.ui.nl_de" unpack="false" version="3.5.0.v20090620043401" download-size="3549" install-size="3549" />
	<plugin fragment="true" id="org.eclipse.datatools.enablement.ibm.ui.nl_de" unpack="false" version="3.5.0.v20090620043401" download-size="3380" install-size="3380" />
	<plugin fragment="true" id="org.eclipse.datatools.enablement.ingres.dbdefinition.nl_de" unpack="false" version="3.5.0.v20090620043401" download-size="1387" install-size="1387" />
	<plugin fragment="true" id="org.eclipse.datatools.enablement.ingres.nl_de" unpack="false" version="3.5.0.v20090620043401" download-size="1494" install-size="1494" />
	<plugin fragment="true" id="org.eclipse.datatools.enablement.ingres.ui.nl_de" unpack="false" version="3.5.0.v20090620043401" download-size="2894" install-size="2894" />
	<plugin fragment="true" id="org.eclipse.datatools.enablement.jdt.classpath.nl_de" unpack="false" version="3.5.0.v20090620043401" download-size="2797" install-size="2797" />
	<plugin fragment="true" id="org.eclipse.datatools.enablement.msft.sqlserver.dbdefinition.nl_de" unpack="false" version="3.5.0.v20090620043401" download-size="1508" install-size="1508" />
	<plugin fragment="true" id="org.eclipse.datatools.enablement.msft.sqlserver.nl_de" unpack="false" version="3.5.0.v20090620043401" download-size="1636" install-size="1636" />
	<plugin fragment="true" id="org.eclipse.datatools.enablement.msft.sqlserver.ui.nl_de" unpack="false" version="3.5.0.v20090620043401" download-size="3920" install-size="3920" />
	<plugin fragment="true" id="org.eclipse.datatools.enablement.mysql.dbdefinition.nl_de" unpack="false" version="3.5.0.v20090620043401" download-size="1482" install-size="1482" />
	<plugin fragment="true" id="org.eclipse.datatools.enablement.mysql.nl_de" unpack="false" version="3.5.0.v20090620043401" download-size="1576" install-size="1576" />
	<plugin fragment="true" id="org.eclipse.datatools.enablement.mysql.ui.nl_de" unpack="false" version="3.5.0.v20090620043401" download-size="1499" install-size="1499" />
	<plugin fragment="true" id="org.eclipse.datatools.enablement.oda.ws.nl_de" unpack="false" version="3.5.0.v20090620043401" download-size="2690" install-size="2690" />
	<plugin fragment="true" id="org.eclipse.datatools.enablement.oda.ws.ui.nl_de" unpack="false" version="3.5.0.v20090620043401" download-size="4175" install-size="4175" />
	<plugin fragment="true" id="org.eclipse.datatools.enablement.oda.xml.nl_de" unpack="false" version="3.5.0.v20090620043401" download-size="3223" install-size="3223" />
	<plugin fragment="true" id="org.eclipse.datatools.enablement.oda.xml.ui.nl_de" unpack="false" version="3.5.0.v20090620043401" download-size="5258" install-size="5258" />
	<plugin fragment="true" id="org.eclipse.datatools.enablement.oracle.dbdefinition.nl_de" unpack="false" version="3.5.0.v20090620043401" download-size="1482" install-size="1482" />
	<plugin fragment="true" id="org.eclipse.datatools.enablement.oracle.nl_de" unpack="false" version="3.5.0.v20090620043401" download-size="1639" install-size="1639" />
	<plugin fragment="true" id="org.eclipse.datatools.enablement.oracle.ui.nl_de" unpack="false" version="3.5.0.v20090620043401" download-size="3355" install-size="3355" />
	<plugin fragment="true" id="org.eclipse.datatools.enablement.postgresql.dbdefinition.nl_de" unpack="false" version="3.5.0.v20090620043401" download-size="1387" install-size="1387" />
	<plugin fragment="true" id="org.eclipse.datatools.enablement.postgresql.nl_de" unpack="false" version="3.5.0.v20090620043401" download-size="1541" install-size="1541" />
	<plugin fragment="true" id="org.eclipse.datatools.enablement.postgresql.ui.nl_de" unpack="false" version="3.5.0.v20090620043401" download-size="1496" install-size="1496" />
	<plugin fragment="true" id="org.eclipse.datatools.enablement.sap.maxdb.dbdefinition.nl_de" unpack="false" version="3.5.0.v20090620043401" download-size="1466" install-size="1466" />
	<plugin fragment="true" id="org.eclipse.datatools.enablement.sap.maxdb.nl_de" unpack="false" version="3.5.0.v20090620043401" download-size="2545" install-size="2545" />
	<plugin fragment="true" id="org.eclipse.datatools.enablement.sap.maxdb.ui.nl_de" unpack="false" version="3.5.0.v20090620043401" download-size="1503" install-size="1503" />
	<plugin fragment="true" id="org.eclipse.datatools.enablement.sqlite.dbdefinition.nl_de" unpack="false" version="3.5.0.v20090620043401" download-size="1385" install-size="1385" />
	<plugin fragment="true" id="org.eclipse.datatools.enablement.sqlite.nl_de" unpack="false" version="3.5.0.v20090620043401" download-size="2421" install-size="2421" />
	<plugin fragment="true" id="org.eclipse.datatools.enablement.sqlite.ui.nl_de" unpack="false" version="3.5.0.v20090620043401" download-size="2911" install-size="2911" />
	<plugin fragment="true" id="org.eclipse.datatools.enablement.sybase.asa.dbdefinition.nl_de" unpack="false" version="3.5.0.v20090620043401" download-size="1387" install-size="1387" />
	<plugin fragment="true" id="org.eclipse.datatools.enablement.sybase.asa.models.nl_de" unpack="false" version="3.5.0.v20090620043401" download-size="1408" install-size="1408" />
	<plugin fragment="true" id="org.eclipse.datatools.enablement.sybase.asa.nl_de" unpack="false" version="3.5.0.v20090620043401" download-size="4441" install-size="4441" />
	<plugin fragment="true" id="org.eclipse.datatools.enablement.sybase.asa.schemaobjecteditor.examples.nl_de" unpack="false" version="3.5.0.v20090620043401" download-size="18617" install-size="18617" />
	<plugin fragment="true" id="org.eclipse.datatools.enablement.sybase.asa.ui.nl_de" unpack="false" version="3.5.0.v20090620043401" download-size="1528" install-size="1528" />
	<plugin fragment="true" id="org.eclipse.datatools.enablement.sybase.ase.dbdefinition.nl_de" unpack="false" version="3.5.0.v20090620043401" download-size="1493" install-size="1493" />
	<plugin fragment="true" id="org.eclipse.datatools.enablement.sybase.ase.models.nl_de" unpack="false" version="3.5.0.v20090620043401" download-size="1383" install-size="1383" />
	<plugin fragment="true" id="org.eclipse.datatools.enablement.sybase.ase.nl_de" unpack="false" version="3.5.0.v20090620043401" download-size="2858" install-size="2858" />
	<plugin fragment="true" id="org.eclipse.datatools.enablement.sybase.ase.ui.nl_de" unpack="false" version="3.5.0.v20090620043401" download-size="1736" install-size="1736" />
	<plugin fragment="true" id="org.eclipse.datatools.enablement.sybase.models.nl_de" unpack="false" version="3.5.0.v20090620043401" download-size="1381" install-size="1381" />
	<plugin fragment="true" id="org.eclipse.datatools.enablement.sybase.nl_de" unpack="false" version="3.5.0.v20090620043401" download-size="3836" install-size="3836" />
	<plugin fragment="true" id="org.eclipse.datatools.enablement.sybase.ui.nl_de" unpack="false" version="3.5.0.v20090620043401" download-size="4523" install-size="4523" />
	<plugin fragment="true" id="org.eclipse.datatools.help.nl_de" unpack="false" version="3.5.0.v20090620043401" download-size="1395" install-size="1395" />
	<plugin fragment="true" id="org.eclipse.datatools.modelbase.dbdefinition.nl_de" unpack="false" version="3.5.0.v20090620043401" download-size="1419" install-size="1419" />
	<plugin fragment="true" id="org.eclipse.datatools.modelbase.derby.nl_de" unpack="false" version="3.5.0.v20090620043401" download-size="1416" install-size="1416" />
	<plugin fragment="true" id="org.eclipse.datatools.modelbase.sql.edit.nl_de" unpack="false" version="3.5.0.v20090620043401" download-size="6402" install-size="6402" />
	<plugin fragment="true" id="org.eclipse.datatools.modelbase.sql.nl_de" unpack="false" version="3.5.0.v20090620043401" download-size="1374" install-size="1374" />
	<plugin fragment="true" id="org.eclipse.datatools.modelbase.sql.query.edit.nl_de" unpack="false" version="3.5.0.v20090620043401" download-size="3581" install-size="3581" />
	<plugin fragment="true" id="org.eclipse.datatools.modelbase.sql.query.nl_de" unpack="false" version="3.5.0.v20090620043401" download-size="1379" install-size="1379" />
	<plugin fragment="true" id="org.eclipse.datatools.modelbase.sql.xml.query.nl_de" unpack="false" version="3.5.0.v20090620043401" download-size="1448" install-size="1448" />
	<plugin fragment="true" id="org.eclipse.datatools.sqltools.common.ui.nl_de" unpack="false" version="3.5.0.v20090620043401" download-size="6589" install-size="6589" />
	<plugin fragment="true" id="org.eclipse.datatools.sqltools.data.core.nl_de" unpack="false" version="3.5.0.v20090620043401" download-size="3758" install-size="3758" />
	<plugin fragment="true" id="org.eclipse.datatools.sqltools.data.ui.nl_de" unpack="false" version="3.5.0.v20090620043401" download-size="4598" install-size="4598" />
	<plugin fragment="true" id="org.eclipse.datatools.sqltools.db.derby.nl_de" unpack="false" version="3.5.0.v20090620043401" download-size="2867" install-size="2867" />
	<plugin fragment="true" id="org.eclipse.datatools.sqltools.db.derby.ui.nl_de" unpack="false" version="3.5.0.v20090620043401" download-size="1384" install-size="1384" />
	<plugin fragment="true" id="org.eclipse.datatools.sqltools.db.generic.nl_de" unpack="false" version="3.5.0.v20090620043401" download-size="2865" install-size="2865" />
	<plugin fragment="true" id="org.eclipse.datatools.sqltools.db.generic.ui.nl_de" unpack="false" version="3.5.0.v20090620043401" download-size="1406" install-size="1406" />
	<plugin fragment="true" id="org.eclipse.datatools.sqltools.ddlgen.ui.nl_de" unpack="false" version="3.5.0.v20090620043401" download-size="3559" install-size="3559" />
	<plugin fragment="true" id="org.eclipse.datatools.sqltools.debugger.core.nl_de" unpack="false" version="3.5.0.v20090620043401" download-size="4628" install-size="4628" />
	<plugin fragment="true" id="org.eclipse.datatools.sqltools.debugger.core.ui.nl_de" unpack="false" version="3.5.0.v20090620043401" download-size="3762" install-size="3762" />
	<plugin fragment="true" id="org.eclipse.datatools.sqltools.editor.core.nl_de" unpack="false" version="3.5.0.v20090620043401" download-size="7907" install-size="7907" />
	<plugin fragment="true" id="org.eclipse.datatools.sqltools.editor.core.ui.nl_de" unpack="false" version="3.5.0.v20090620043401" download-size="2703" install-size="2703" />
	<plugin fragment="true" id="org.eclipse.datatools.sqltools.parsers.sql.lexer.nl_de" unpack="false" version="3.5.0.v20090620043401" download-size="1416" install-size="1416" />
	<plugin fragment="true" id="org.eclipse.datatools.sqltools.parsers.sql.nl_de" unpack="false" version="3.5.0.v20090620043401" download-size="3153" install-size="3153" />
	<plugin fragment="true" id="org.eclipse.datatools.sqltools.parsers.sql.query.nl_de" unpack="false" version="3.5.0.v20090620043401" download-size="5411" install-size="5411" />
	<plugin fragment="true" id="org.eclipse.datatools.sqltools.parsers.sql.xml.query.nl_de" unpack="false" version="3.5.0.v20090620043401" download-size="1384" install-size="1384" />
	<plugin fragment="true" id="org.eclipse.datatools.sqltools.plan.nl_de" unpack="false" version="3.5.0.v20090620043401" download-size="6880" install-size="6880" />
	<plugin fragment="true" id="org.eclipse.datatools.sqltools.result.nl_de" unpack="false" version="3.5.0.v20090620043401" download-size="8109" install-size="8109" />
	<plugin fragment="true" id="org.eclipse.datatools.sqltools.result.ui.nl_de" unpack="false" version="3.5.0.v20090620043401" download-size="7511" install-size="7511" />
	<plugin fragment="true" id="org.eclipse.datatools.sqltools.routineeditor.nl_de" unpack="false" version="3.5.0.v20090620043401" download-size="6514" install-size="6514" />
	<plugin fragment="true" id="org.eclipse.datatools.sqltools.routineeditor.ui.nl_de" unpack="false" version="3.5.0.v20090620043401" download-size="5833" install-size="5833" />
	<plugin fragment="true" id="org.eclipse.datatools.sqltools.schemaobjecteditor.nl_de" unpack="false" version="3.5.0.v20090620043401" download-size="1388" install-size="1388" />
	<plugin fragment="true" id="org.eclipse.datatools.sqltools.schemaobjecteditor.ui.nl_de" unpack="false" version="3.5.0.v20090620043401" download-size="6670" install-size="6670" />
	<plugin fragment="true" id="org.eclipse.datatools.sqltools.schemaobjecteditor.ui.pages.nl_de" unpack="false" version="3.5.0.v20090620043401" download-size="4264" install-size="4264" />
	<plugin fragment="true" id="org.eclipse.datatools.sqltools.sql.nl_de" unpack="false" version="3.5.0.v20090620043401" download-size="4346" install-size="4346" />
	<plugin fragment="true" id="org.eclipse.datatools.sqltools.sql.ui.nl_de" unpack="false" version="3.5.0.v20090620043401" download-size="1372" install-size="1372" />
	<plugin fragment="true" id="org.eclipse.datatools.sqltools.sqlbuilder.nl_de" unpack="false" version="3.5.0.v20090620043401" download-size="9657" install-size="9657" />
	<plugin fragment="true" id="org.eclipse.datatools.sqltools.sqleditor.nl_de" unpack="false" version="3.5.0.v20090620043401" download-size="13852" install-size="13852" />
	<plugin fragment="true" id="org.eclipse.datatools.sqltools.sqlscrapbook.nl_de" unpack="false" version="3.5.0.v20090620043401" download-size="6635" install-size="6635" />
	<plugin fragment="true" id="org.eclipse.datatools.sqltools.tabledataeditor.nl_de" unpack="false" version="3.5.0.v20090620043401" download-size="2914" install-size="2914" />
</feature>