<?xml version="1.0" encoding="UTF-8" ?>
<feature
	id="org.eclipse.babel.nls_technology.mat_hu"
	label="Babel Language Pack for technology.mat in Hungarian (2.91%)"
	image="eclipse_update_120.jpg"
	provider-name="%providerName"
	version="3.5.0.v20090620043401">
	<copyright>
		%copyright
	</copyright>
	<license url="%licenseURL">
		%license
	</license>
	<description>Babel Language Pack for technology.mat in Hungarian</description>
	<plugin fragment="true" id="org.eclipse.mat.api.nl_hu" unpack="false" version="3.5.0.v20090620043401" download-size="2254" install-size="2254" />
	<plugin fragment="true" id="org.eclipse.mat.chart.nl_hu" unpack="false" version="3.5.0.v20090620043401" download-size="1368" install-size="1368" />
	<plugin fragment="true" id="org.eclipse.mat.chart.ui.nl_hu" unpack="false" version="3.5.0.v20090620043401" download-size="1370" install-size="1370" />
	<plugin fragment="true" id="org.eclipse.mat.hprof.nl_hu" unpack="false" version="3.5.0.v20090620043401" download-size="1369" install-size="1369" />
	<plugin fragment="true" id="org.eclipse.mat.jdt.nl_hu" unpack="false" version="3.5.0.v20090620043401" download-size="1367" install-size="1367" />
	<plugin fragment="true" id="org.eclipse.mat.parser.nl_hu" unpack="false" version="3.5.0.v20090620043401" download-size="1368" install-size="1368" />
	<plugin fragment="true" id="org.eclipse.mat.report.nl_hu" unpack="false" version="3.5.0.v20090620043401" download-size="2261" install-size="2261" />
	<plugin fragment="true" id="org.eclipse.mat.ui.nl_hu" unpack="false" version="3.5.0.v20090620043401" download-size="2829" install-size="2829" />
	<plugin fragment="true" id="org.eclipse.mat.ui.rcp.nl_hu" unpack="false" version="3.5.0.v20090620043401" download-size="1369" install-size="1369" />
</feature>