<?xml version="1.0" encoding="UTF-8" ?>
<feature
	id="org.eclipse.babel.nls_modeling.m2m_it"
	label="Babel Language Pack for modeling.m2m in Italian (21.01%)"
	image="eclipse_update_120.jpg"
	provider-name="%providerName"
	version="3.5.0.v20090620043401">
	<copyright>
		%copyright
	</copyright>
	<license url="%licenseURL">
		%license
	</license>
	<description>Babel Language Pack for modeling.m2m in Italian</description>
	<plugin fragment="true" id="org.eclipse.m2m.atl.adt.debug.nl_it" unpack="false" version="3.5.0.v20090620043401" download-size="2376" install-size="2376" />
	<plugin fragment="true" id="org.eclipse.m2m.atl.adt.editor.nl_it" unpack="false" version="3.5.0.v20090620043401" download-size="3527" install-size="3527" />
	<plugin fragment="true" id="org.eclipse.m2m.atl.adt.nl_it" unpack="false" version="3.5.0.v20090620043401" download-size="2198" install-size="2198" />
	<plugin fragment="true" id="org.eclipse.m2m.atl.adt.ui.nl_it" unpack="false" version="3.5.0.v20090620043401" download-size="2421" install-size="2421" />
	<plugin fragment="true" id="org.eclipse.m2m.atl.common.nl_it" unpack="false" version="3.5.0.v20090620043401" download-size="1369" install-size="1369" />
	<plugin fragment="true" id="org.eclipse.m2m.atl.core.ant.nl_it" unpack="false" version="3.5.0.v20090620043401" download-size="1370" install-size="1370" />
	<plugin fragment="true" id="org.eclipse.m2m.atl.core.emf.nl_it" unpack="false" version="3.5.0.v20090620043401" download-size="1370" install-size="1370" />
	<plugin fragment="true" id="org.eclipse.m2m.atl.core.nl_it" unpack="false" version="3.5.0.v20090620043401" download-size="1367" install-size="1367" />
	<plugin fragment="true" id="org.eclipse.m2m.atl.core.ui.nl_it" unpack="false" version="3.5.0.v20090620043401" download-size="2459" install-size="2459" />
	<plugin fragment="true" id="org.eclipse.m2m.atl.core.ui.vm.nl_it" unpack="false" version="3.5.0.v20090620043401" download-size="1372" install-size="1372" />
	<plugin fragment="true" id="org.eclipse.m2m.atl.doc.nl_it" unpack="false" version="3.5.0.v20090620043401" download-size="1367" install-size="1367" />
	<plugin fragment="true" id="org.eclipse.m2m.atl.drivers.emf4atl.nl_it" unpack="false" version="3.5.0.v20090620043401" download-size="1375" install-size="1375" />
	<plugin fragment="true" id="org.eclipse.m2m.atl.drivers.uml24atl.nl_it" unpack="false" version="3.5.0.v20090620043401" download-size="1376" install-size="1376" />
	<plugin fragment="true" id="org.eclipse.m2m.atl.dsls.nl_it" unpack="false" version="3.5.0.v20090620043401" download-size="1368" install-size="1368" />
	<plugin fragment="true" id="org.eclipse.m2m.atl.engine.emfvm.nl_it" unpack="false" version="3.5.0.v20090620043401" download-size="1372" install-size="1372" />
	<plugin fragment="true" id="org.eclipse.m2m.atl.engine.nl_it" unpack="false" version="3.5.0.v20090620043401" download-size="2202" install-size="2202" />
	<plugin fragment="true" id="org.eclipse.m2m.atl.engine.vm.nl_it" unpack="false" version="3.5.0.v20090620043401" download-size="1371" install-size="1371" />
	<plugin fragment="true" id="org.eclipse.m2m.atl.examples.nl_it" unpack="false" version="3.5.0.v20090620043401" download-size="1370" install-size="1370" />
	<plugin fragment="true" id="org.eclipse.m2m.atl.nl_it" unpack="false" version="3.5.0.v20090620043401" download-size="1364" install-size="1364" />
	<plugin fragment="true" id="org.eclipse.m2m.atl.tests.nl_it" unpack="false" version="3.5.0.v20090620043401" download-size="1368" install-size="1368" />
	<plugin fragment="true" id="org.eclipse.m2m.qvt.oml.common.nl_it" unpack="false" version="3.5.0.v20090620043401" download-size="1372" install-size="1372" />
	<plugin fragment="true" id="org.eclipse.m2m.qvt.oml.common.ui.nl_it" unpack="false" version="3.5.0.v20090620043401" download-size="3836" install-size="3836" />
	<plugin fragment="true" id="org.eclipse.m2m.qvt.oml.cst.parser.nl_it" unpack="false" version="3.5.0.v20090620043401" download-size="1374" install-size="1374" />
	<plugin fragment="true" id="org.eclipse.m2m.qvt.oml.doc.nl_it" unpack="false" version="3.5.0.v20090620043401" download-size="1371" install-size="1371" />
	<plugin fragment="true" id="org.eclipse.m2m.qvt.oml.ecore.imperativeocl.nl_it" unpack="false" version="3.5.0.v20090620043401" download-size="1379" install-size="1379" />
	<plugin fragment="true" id="org.eclipse.m2m.qvt.oml.editor.ui.nl_it" unpack="false" version="3.5.0.v20090620043401" download-size="3274" install-size="3274" />
	<plugin fragment="true" id="org.eclipse.m2m.qvt.oml.emf.util.nl_it" unpack="false" version="3.5.0.v20090620043401" download-size="1373" install-size="1373" />
	<plugin fragment="true" id="org.eclipse.m2m.qvt.oml.emf.util.ui.nl_it" unpack="false" version="3.5.0.v20090620043401" download-size="1374" install-size="1374" />
	<plugin fragment="true" id="org.eclipse.m2m.qvt.oml.examples.blackbox.nl_it" unpack="false" version="3.5.0.v20090620043401" download-size="1379" install-size="1379" />
	<plugin fragment="true" id="org.eclipse.m2m.qvt.oml.examples.omg.nl_it" unpack="false" version="3.5.0.v20090620043401" download-size="1376" install-size="1376" />
	<plugin fragment="true" id="org.eclipse.m2m.qvt.oml.nl_it" unpack="false" version="3.5.0.v20090620043401" download-size="1368" install-size="1368" />
	<plugin fragment="true" id="org.eclipse.m2m.qvt.oml.ocl.nl_it" unpack="false" version="3.5.0.v20090620043401" download-size="1370" install-size="1370" />
	<plugin fragment="true" id="org.eclipse.m2m.qvt.oml.project.nl_it" unpack="false" version="3.5.0.v20090620043401" download-size="1372" install-size="1372" />
	<plugin fragment="true" id="org.eclipse.m2m.qvt.oml.runtime.nl_it" unpack="false" version="3.5.0.v20090620043401" download-size="2728" install-size="2728" />
	<plugin fragment="true" id="org.eclipse.m2m.qvt.oml.runtime.ui.nl_it" unpack="false" version="3.5.0.v20090620043401" download-size="4061" install-size="4061" />
	<plugin fragment="true" id="org.eclipse.m2m.qvt.oml.samples.nl_it" unpack="false" version="3.5.0.v20090620043401" download-size="4017" install-size="4017" />
	<plugin fragment="true" id="org.eclipse.m2m.qvt.oml.trace.edit.nl_it" unpack="false" version="3.5.0.v20090620043401" download-size="2142" install-size="2142" />
	<plugin fragment="true" id="org.eclipse.m2m.qvt.oml.ui.nl_it" unpack="false" version="3.5.0.v20090620043401" download-size="3591" install-size="3591" />
	<plugin fragment="true" id="org.eclipse.m2m.tests.qvt.oml.nl_it" unpack="false" version="3.5.0.v20090620043401" download-size="1371" install-size="1371" />
	<plugin fragment="true" id="org.eclipse.m2m.tests.qvt.oml.ui.nl_it" unpack="false" version="3.5.0.v20090620043401" download-size="1372" install-size="1372" />
</feature>