<?xml version="1.0" encoding="UTF-8" ?>
<feature
	id="org.eclipse.babel.nls_webtools.webservices_iw"
	label="Babel Language Pack for webtools.webservices in Hebrew (67.73%)"
	image="eclipse_update_120.jpg"
	provider-name="%providerName"
	version="3.5.0.v20090620043401">
	<copyright>
		%copyright
	</copyright>
	<license url="%licenseURL">
		%license
	</license>
	<description>Babel Language Pack for webtools.webservices in Hebrew</description>
	<plugin fragment="true" id="org.eclipse.jst.ws.axis.consumption.core.nl_iw" unpack="false" version="3.5.0.v20090620043401" download-size="4033" install-size="4033" />
	<plugin fragment="true" id="org.eclipse.jst.ws.axis.consumption.ui.nl_iw" unpack="false" version="3.5.0.v20090620043401" download-size="3559" install-size="3559" />
	<plugin fragment="true" id="org.eclipse.jst.ws.axis.creation.ui.nl_iw" unpack="false" version="3.5.0.v20090620043401" download-size="3720" install-size="3720" />
	<plugin fragment="true" id="org.eclipse.jst.ws.axis2.consumption.core.nl_iw" unpack="false" version="3.5.0.v20090620043401" download-size="2801" install-size="2801" />
	<plugin fragment="true" id="org.eclipse.jst.ws.axis2.consumption.ui.nl_iw" unpack="false" version="3.5.0.v20090620043401" download-size="1383" install-size="1383" />
	<plugin fragment="true" id="org.eclipse.jst.ws.axis2.core.nl_iw" unpack="false" version="3.5.0.v20090620043401" download-size="2683" install-size="2683" />
	<plugin fragment="true" id="org.eclipse.jst.ws.axis2.creation.core.nl_iw" unpack="false" version="3.5.0.v20090620043401" download-size="2769" install-size="2769" />
	<plugin fragment="true" id="org.eclipse.jst.ws.axis2.creation.ui.nl_iw" unpack="false" version="3.5.0.v20090620043401" download-size="1381" install-size="1381" />
	<plugin fragment="true" id="org.eclipse.jst.ws.axis2.ui.doc.user.nl_iw" unpack="false" version="3.5.0.v20090620043401" download-size="1376" install-size="1376" />
	<plugin fragment="true" id="org.eclipse.jst.ws.axis2.ui.nl_iw" unpack="false" version="3.5.0.v20090620043401" download-size="1376" install-size="1376" />
	<plugin fragment="true" id="org.eclipse.jst.ws.consumption.nl_iw" unpack="false" version="3.5.0.v20090620043401" download-size="4538" install-size="4538" />
	<plugin fragment="true" id="org.eclipse.jst.ws.consumption.ui.nl_iw" unpack="false" version="3.5.0.v20090620043401" download-size="9127" install-size="9127" />
	<plugin fragment="true" id="org.eclipse.jst.ws.creation.ejb.ui.nl_iw" unpack="false" version="3.5.0.v20090620043401" download-size="1378" install-size="1378" />
	<plugin fragment="true" id="org.eclipse.jst.ws.creation.ui.nl_iw" unpack="false" version="3.5.0.v20090620043401" download-size="2665" install-size="2665" />
	<plugin fragment="true" id="org.eclipse.jst.ws.nl_iw" unpack="false" version="3.5.0.v20090620043401" download-size="2291" install-size="2291" />
	<plugin fragment="true" id="org.eclipse.jst.ws.uddiregistry.nl_iw" unpack="false" version="3.5.0.v20090620043401" download-size="2713" install-size="2713" />
	<plugin fragment="true" id="org.eclipse.jst.ws.ui.nl_iw" unpack="false" version="3.5.0.v20090620043401" download-size="3457" install-size="3457" />
	<plugin fragment="true" id="org.eclipse.wst.command.env.core.nl_iw" unpack="false" version="3.5.0.v20090620043401" download-size="2637" install-size="2637" />
	<plugin fragment="true" id="org.eclipse.wst.command.env.nl_iw" unpack="false" version="3.5.0.v20090620043401" download-size="3480" install-size="3480" />
	<plugin fragment="true" id="org.eclipse.wst.command.env.ui.nl_iw" unpack="false" version="3.5.0.v20090620043401" download-size="3139" install-size="3139" />
	<plugin fragment="true" id="org.eclipse.wst.ws.explorer.nl_iw" unpack="false" version="3.5.0.v20090620043401" download-size="11769" install-size="11769" />
	<plugin fragment="true" id="org.eclipse.wst.ws.nl_iw" unpack="false" version="3.5.0.v20090620043401" download-size="2740" install-size="2740" />
	<plugin fragment="true" id="org.eclipse.wst.ws.parser.nl_iw" unpack="false" version="3.5.0.v20090620043401" download-size="3201" install-size="3201" />
	<plugin fragment="true" id="org.eclipse.wst.ws.service.policy.nl_iw" unpack="false" version="3.5.0.v20090620043401" download-size="1501" install-size="1501" />
	<plugin fragment="true" id="org.eclipse.wst.ws.service.policy.ui.nl_iw" unpack="false" version="3.5.0.v20090620043401" download-size="2880" install-size="2880" />
	<plugin fragment="true" id="org.eclipse.wst.ws.ui.nl_iw" unpack="false" version="3.5.0.v20090620043401" download-size="3013" install-size="3013" />
	<plugin fragment="true" id="org.eclipse.wst.wsdl.nl_iw" unpack="false" version="3.5.0.v20090620043401" download-size="1365" install-size="1365" />
	<plugin fragment="true" id="org.eclipse.wst.wsdl.ui.nl_iw" unpack="false" version="3.5.0.v20090620043401" download-size="4414" install-size="4414" />
	<plugin fragment="true" id="org.eclipse.wst.wsdl.validation.nl_iw" unpack="false" version="3.5.0.v20090620043401" download-size="6954" install-size="6954" />
	<plugin fragment="true" id="org.eclipse.wst.wsi.nl_iw" unpack="false" version="3.5.0.v20090620043401" download-size="5683" install-size="5683" />
	<plugin fragment="true" id="org.eclipse.wst.wsi.ui.nl_iw" unpack="false" version="3.5.0.v20090620043401" download-size="3257" install-size="3257" />
</feature>