<?xml version="1.0" encoding="UTF-8" ?>
<feature
	id="org.eclipse.babel.nls_rt.ecf_hu"
	label="Babel Language Pack for rt.ecf in Hungarian (13.86%)"
	image="eclipse_update_120.jpg"
	provider-name="%providerName"
	version="3.5.0.v20090620043401">
	<copyright>
		%copyright
	</copyright>
	<license url="%licenseURL">
		%license
	</license>
	<description>Babel Language Pack for rt.ecf in Hungarian</description>
	<plugin fragment="true" id="org.eclipse.ecf.datashare.nl_hu" unpack="false" version="3.5.0.v20090620043401" download-size="2096" install-size="2096" />
	<plugin fragment="true" id="org.eclipse.ecf.discovery.nl_hu" unpack="false" version="3.5.0.v20090620043401" download-size="1370" install-size="1370" />
	<plugin fragment="true" id="org.eclipse.ecf.discovery.ui.browser.nl_hu" unpack="false" version="3.5.0.v20090620043401" download-size="1378" install-size="1378" />
	<plugin fragment="true" id="org.eclipse.ecf.discovery.ui.edit.nl_hu" unpack="false" version="3.5.0.v20090620043401" download-size="1567" install-size="1567" />
	<plugin fragment="true" id="org.eclipse.ecf.discovery.ui.model.nl_hu" unpack="false" version="3.5.0.v20090620043401" download-size="1375" install-size="1375" />
	<plugin fragment="true" id="org.eclipse.ecf.discovery.ui.nl_hu" unpack="false" version="3.5.0.v20090620043401" download-size="1372" install-size="1372" />
	<plugin fragment="true" id="org.eclipse.ecf.doc.nl_hu" unpack="false" version="3.5.0.v20090620043401" download-size="1366" install-size="1366" />
	<plugin fragment="true" id="org.eclipse.ecf.docshare.nl_hu" unpack="false" version="3.5.0.v20090620043401" download-size="2280" install-size="2280" />
	<plugin fragment="true" id="org.eclipse.ecf.example.clients.nl_hu" unpack="false" version="3.5.0.v20090620043401" download-size="1374" install-size="1374" />
	<plugin fragment="true" id="org.eclipse.ecf.example.collab.editor.nl_hu" unpack="false" version="3.5.0.v20090620043401" download-size="1378" install-size="1378" />
	<plugin fragment="true" id="org.eclipse.ecf.example.collab.nl_hu" unpack="false" version="3.5.0.v20090620043401" download-size="3548" install-size="3548" />
	<plugin fragment="true" id="org.eclipse.ecf.examples.remoteservices.common.nl_hu" unpack="false" version="3.5.0.v20090620043401" download-size="1383" install-size="1383" />
	<plugin fragment="true" id="org.eclipse.ecf.examples.remoteservices.server.nl_hu" unpack="false" version="3.5.0.v20090620043401" download-size="1383" install-size="1383" />
	<plugin fragment="true" id="org.eclipse.ecf.examples.updatesite.client.nl_hu" unpack="false" version="3.5.0.v20090620043401" download-size="1380" install-size="1380" />
	<plugin fragment="true" id="org.eclipse.ecf.examples.updatesite.server.nl_hu" unpack="false" version="3.5.0.v20090620043401" download-size="1380" install-size="1380" />
	<plugin fragment="true" id="org.eclipse.ecf.filetransfer.nl_hu" unpack="false" version="3.5.0.v20090620043401" download-size="1370" install-size="1370" />
	<plugin fragment="true" id="org.eclipse.ecf.filetransfer.ui.nl_hu" unpack="false" version="3.5.0.v20090620043401" download-size="2606" install-size="2606" />
	<plugin fragment="true" id="org.eclipse.ecf.identity.nl_hu" unpack="false" version="3.5.0.v20090620043401" download-size="1370" install-size="1370" />
	<plugin fragment="true" id="org.eclipse.ecf.nl_hu" unpack="false" version="3.5.0.v20090620043401" download-size="1552" install-size="1552" />
	<plugin fragment="true" id="org.eclipse.ecf.osgi.services.discovery.nl_hu" unpack="false" version="3.5.0.v20090620043401" download-size="1383" install-size="1383" />
	<plugin fragment="true" id="org.eclipse.ecf.osgi.services.distribution.nl_hu" unpack="false" version="3.5.0.v20090620043401" download-size="1381" install-size="1381" />
	<plugin fragment="true" id="org.eclipse.ecf.osgi.services.nl_hu" unpack="false" version="3.5.0.v20090620043401" download-size="1355" install-size="1355" />
	<plugin fragment="true" id="org.eclipse.ecf.presence.bot.nl_hu" unpack="false" version="3.5.0.v20090620043401" download-size="1372" install-size="1372" />
	<plugin fragment="true" id="org.eclipse.ecf.presence.collab.ui.nl_hu" unpack="false" version="3.5.0.v20090620043401" download-size="2637" install-size="2637" />
	<plugin fragment="true" id="org.eclipse.ecf.presence.nl_hu" unpack="false" version="3.5.0.v20090620043401" download-size="1369" install-size="1369" />
	<plugin fragment="true" id="org.eclipse.ecf.presence.ui.nl_hu" unpack="false" version="3.5.0.v20090620043401" download-size="2973" install-size="2973" />
	<plugin fragment="true" id="org.eclipse.ecf.protocol.bittorrent.nl_hu" unpack="false" version="3.5.0.v20090620043401" download-size="1376" install-size="1376" />
	<plugin fragment="true" id="org.eclipse.ecf.protocol.msn.nl_hu" unpack="false" version="3.5.0.v20090620043401" download-size="1372" install-size="1372" />
	<plugin fragment="true" id="org.eclipse.ecf.provider.bittorrent.nl_hu" unpack="false" version="3.5.0.v20090620043401" download-size="1375" install-size="1375" />
	<plugin fragment="true" id="org.eclipse.ecf.provider.bittorrent.ui.nl_hu" unpack="false" version="3.5.0.v20090620043401" download-size="2630" install-size="2630" />
	<plugin fragment="true" id="org.eclipse.ecf.provider.datashare.nio.nl_hu" unpack="false" version="3.5.0.v20090620043401" download-size="1378" install-size="1378" />
	<plugin fragment="true" id="org.eclipse.ecf.provider.datashare.nl_hu" unpack="false" version="3.5.0.v20090620043401" download-size="1375" install-size="1375" />
	<plugin fragment="true" id="org.eclipse.ecf.provider.discovery.nl_hu" unpack="false" version="3.5.0.v20090620043401" download-size="1376" install-size="1376" />
	<plugin fragment="true" id="org.eclipse.ecf.provider.filetransfer.efs.nl_hu" unpack="false" version="3.5.0.v20090620043401" download-size="1380" install-size="1380" />
	<plugin fragment="true" id="org.eclipse.ecf.provider.filetransfer.httpclient.nl_hu" unpack="false" version="3.5.0.v20090620043401" download-size="2668" install-size="2668" />
	<plugin fragment="true" id="org.eclipse.ecf.provider.filetransfer.nl_hu" unpack="false" version="3.5.0.v20090620043401" download-size="2516" install-size="2516" />
	<plugin fragment="true" id="org.eclipse.ecf.provider.filetransfer.scp.nl_hu" unpack="false" version="3.5.0.v20090620043401" download-size="1380" install-size="1380" />
	<plugin fragment="true" id="org.eclipse.ecf.provider.irc.nl_hu" unpack="false" version="3.5.0.v20090620043401" download-size="2417" install-size="2417" />
	<plugin fragment="true" id="org.eclipse.ecf.provider.irc.ui.nl_hu" unpack="false" version="3.5.0.v20090620043401" download-size="2379" install-size="2379" />
	<plugin fragment="true" id="org.eclipse.ecf.provider.jmdns.nl_hu" unpack="false" version="3.5.0.v20090620043401" download-size="1373" install-size="1373" />
	<plugin fragment="true" id="org.eclipse.ecf.provider.jslp.nl_hu" unpack="false" version="3.5.0.v20090620043401" download-size="1373" install-size="1373" />
	<plugin fragment="true" id="org.eclipse.ecf.provider.msn.nl_hu" unpack="false" version="3.5.0.v20090620043401" download-size="2395" install-size="2395" />
	<plugin fragment="true" id="org.eclipse.ecf.provider.msn.ui.nl_hu" unpack="false" version="3.5.0.v20090620043401" download-size="2573" install-size="2573" />
	<plugin fragment="true" id="org.eclipse.ecf.provider.nl_hu" unpack="false" version="3.5.0.v20090620043401" download-size="2835" install-size="2835" />
	<plugin fragment="true" id="org.eclipse.ecf.provider.remoteservice.nl_hu" unpack="false" version="3.5.0.v20090620043401" download-size="1378" install-size="1378" />
	<plugin fragment="true" id="org.eclipse.ecf.provider.ui.nl_hu" unpack="false" version="3.5.0.v20090620043401" download-size="1371" install-size="1371" />
	<plugin fragment="true" id="org.eclipse.ecf.provider.xmpp.nl_hu" unpack="false" version="3.5.0.v20090620043401" download-size="1373" install-size="1373" />
	<plugin fragment="true" id="org.eclipse.ecf.provider.xmpp.ui.nl_hu" unpack="false" version="3.5.0.v20090620043401" download-size="2689" install-size="2689" />
	<plugin fragment="true" id="org.eclipse.ecf.remoteservice.nl_hu" unpack="false" version="3.5.0.v20090620043401" download-size="1372" install-size="1372" />
	<plugin fragment="true" id="org.eclipse.ecf.remoteservice.ui.nl_hu" unpack="false" version="3.5.0.v20090620043401" download-size="2470" install-size="2470" />
	<plugin fragment="true" id="org.eclipse.ecf.server.generic.nl_hu" unpack="false" version="3.5.0.v20090620043401" download-size="1372" install-size="1372" />
	<plugin fragment="true" id="org.eclipse.ecf.server.nl_hu" unpack="false" version="3.5.0.v20090620043401" download-size="1368" install-size="1368" />
	<plugin fragment="true" id="org.eclipse.ecf.sharedobject.nl_hu" unpack="false" version="3.5.0.v20090620043401" download-size="2422" install-size="2422" />
	<plugin fragment="true" id="org.eclipse.ecf.storage.nl_hu" unpack="false" version="3.5.0.v20090620043401" download-size="1368" install-size="1368" />
	<plugin fragment="true" id="org.eclipse.ecf.sync.nl_hu" unpack="false" version="3.5.0.v20090620043401" download-size="1367" install-size="1367" />
	<plugin fragment="true" id="org.eclipse.ecf.telephony.call.nl_hu" unpack="false" version="3.5.0.v20090620043401" download-size="1373" install-size="1373" />
	<plugin fragment="true" id="org.eclipse.ecf.telephony.call.ui.nl_hu" unpack="false" version="3.5.0.v20090620043401" download-size="1375" install-size="1375" />
	<plugin fragment="true" id="org.eclipse.ecf.ui.capabilities.nl_hu" unpack="false" version="3.5.0.v20090620043401" download-size="1374" install-size="1374" />
	<plugin fragment="true" id="org.eclipse.ecf.ui.nl_hu" unpack="false" version="3.5.0.v20090620043401" download-size="2425" install-size="2425" />
	<plugin fragment="true" id="org.eclipse.team.ecf.core.nl_hu" unpack="false" version="3.5.0.v20090620043401" download-size="1370" install-size="1370" />
	<plugin fragment="true" id="org.eclipse.team.ecf.ui.nl_hu" unpack="false" version="3.5.0.v20090620043401" download-size="2427" install-size="2427" />
	<plugin fragment="true" id="org.jivesoftware.smack.nl_hu" unpack="false" version="3.5.0.v20090620043401" download-size="1371" install-size="1371" />
</feature>