<?xml version="1.0" encoding="UTF-8" ?>
<feature
	id="org.eclipse.babel.nls_webtools.common_ar"
	label="Babel Language Pack for webtools.common in Arabic (47.21%)"
	image="eclipse_update_120.jpg"
	provider-name="%providerName"
	version="3.5.0.v20090620043401">
	<copyright>
		%copyright
	</copyright>
	<license url="%licenseURL">
		%license
	</license>
	<description>Babel Language Pack for webtools.common in Arabic</description>
	<plugin fragment="true" id="org.eclipse.jem.util.nl_ar" unpack="false" version="3.5.0.v20090620043401" download-size="1929" install-size="1929" />
	<plugin fragment="true" id="org.eclipse.jst.common.annotations.controller.nl_ar" unpack="false" version="3.5.0.v20090620043401" download-size="2129" install-size="2129" />
	<plugin fragment="true" id="org.eclipse.jst.common.annotations.core.nl_ar" unpack="false" version="3.5.0.v20090620043401" download-size="1830" install-size="1830" />
	<plugin fragment="true" id="org.eclipse.jst.common.annotations.ui.nl_ar" unpack="false" version="3.5.0.v20090620043401" download-size="1784" install-size="1784" />
	<plugin fragment="true" id="org.eclipse.jst.common.fproj.enablement.jdt.sdk.nl_ar" unpack="false" version="3.5.0.v20090620043401" download-size="1382" install-size="1382" />
	<plugin fragment="true" id="org.eclipse.jst.common.frameworks.nl_ar" unpack="false" version="3.5.0.v20090620043401" download-size="1396" install-size="1396" />
	<plugin fragment="true" id="org.eclipse.jst.common.project.facet.core.nl_ar" unpack="false" version="3.5.0.v20090620043401" download-size="3268" install-size="3268" />
	<plugin fragment="true" id="org.eclipse.jst.common.project.facet.ui.nl_ar" unpack="false" version="3.5.0.v20090620043401" download-size="5205" install-size="5205" />
	<plugin fragment="true" id="org.eclipse.wst.common.api.doc.nl_ar" unpack="false" version="3.5.0.v20090620043401" download-size="1372" install-size="1372" />
	<plugin fragment="true" id="org.eclipse.wst.common.core.nl_ar" unpack="false" version="3.5.0.v20090620043401" download-size="2641" install-size="2641" />
	<plugin fragment="true" id="org.eclipse.wst.common.emf.nl_ar" unpack="false" version="3.5.0.v20090620043401" download-size="2110" install-size="2110" />
	<plugin fragment="true" id="org.eclipse.wst.common.emfworkbench.integration.nl_ar" unpack="false" version="3.5.0.v20090620043401" download-size="3075" install-size="3075" />
	<plugin fragment="true" id="org.eclipse.wst.common.environment.nl_ar" unpack="false" version="3.5.0.v20090620043401" download-size="3221" install-size="3221" />
	<plugin fragment="true" id="org.eclipse.wst.common.fproj.sdk.nl_ar" unpack="false" version="3.5.0.v20090620043401" download-size="1373" install-size="1373" />
	<plugin fragment="true" id="org.eclipse.wst.common.frameworks.nl_ar" unpack="false" version="3.5.0.v20090620043401" download-size="3086" install-size="3086" />
	<plugin fragment="true" id="org.eclipse.wst.common.frameworks.ui.nl_ar" unpack="false" version="3.5.0.v20090620043401" download-size="4515" install-size="4515" />
	<plugin fragment="true" id="org.eclipse.wst.common.infopop.nl_ar" unpack="false" version="3.5.0.v20090620043401" download-size="1399" install-size="1399" />
	<plugin fragment="true" id="org.eclipse.wst.common.modulecore.nl_ar" unpack="false" version="3.5.0.v20090620043401" download-size="2302" install-size="2302" />
	<plugin fragment="true" id="org.eclipse.wst.common.project.facet.core.nl_ar" unpack="false" version="3.5.0.v20090620043401" download-size="9590" install-size="9590" />
	<plugin fragment="true" id="org.eclipse.wst.common.project.facet.doc.api.nl_ar" unpack="false" version="3.5.0.v20090620043401" download-size="1383" install-size="1383" />
	<plugin fragment="true" id="org.eclipse.wst.common.project.facet.ui.nl_ar" unpack="false" version="3.5.0.v20090620043401" download-size="8193" install-size="8193" />
	<plugin fragment="true" id="org.eclipse.wst.common.snippets.nl_ar" unpack="false" version="3.5.0.v20090620043401" download-size="3563" install-size="3563" />
	<plugin fragment="true" id="org.eclipse.wst.common.ui.nl_ar" unpack="false" version="3.5.0.v20090620043401" download-size="5416" install-size="5416" />
	<plugin fragment="true" id="org.eclipse.wst.common.ui.properties.nl_ar" unpack="false" version="3.5.0.v20090620043401" download-size="3489" install-size="3489" />
	<plugin fragment="true" id="org.eclipse.wst.common.uriresolver.nl_ar" unpack="false" version="3.5.0.v20090620043401" download-size="1458" install-size="1458" />
	<plugin fragment="true" id="org.eclipse.wst.internet.cache.nl_ar" unpack="false" version="3.5.0.v20090620043401" download-size="3325" install-size="3325" />
	<plugin fragment="true" id="org.eclipse.wst.validation.doc.isv.nl_ar" unpack="false" version="3.5.0.v20090620043401" download-size="1378" install-size="1378" />
	<plugin fragment="true" id="org.eclipse.wst.validation.infopop.nl_ar" unpack="false" version="3.5.0.v20090620043401" download-size="1408" install-size="1408" />
	<plugin fragment="true" id="org.eclipse.wst.validation.nl_ar" unpack="false" version="3.5.0.v20090620043401" download-size="5205" install-size="5205" />
	<plugin fragment="true" id="org.eclipse.wst.validation.ui.nl_ar" unpack="false" version="3.5.0.v20090620043401" download-size="3922" install-size="3922" />
</feature>