<?xml version="1.0" encoding="UTF-8" ?>
<feature
	id="org.eclipse.babel.nls_webtools.ejbtools_ja"
	label="Babel Language Pack for webtools.ejbtools in Japanese (97.09%)"
	image="eclipse_update_120.jpg"
	provider-name="%providerName"
	version="3.5.0.v20090620043401">
	<copyright>
		%copyright
	</copyright>
	<license url="%licenseURL">
		%license
	</license>
	<description>Babel Language Pack for webtools.ejbtools in Japanese</description>
	<plugin fragment="true" id="org.eclipse.jst.ejb.doc.user.nl_ja" unpack="false" version="3.5.0.v20090620043401" download-size="1395" install-size="1395" />
	<plugin fragment="true" id="org.eclipse.jst.ejb.ui.infopop.nl_ja" unpack="false" version="3.5.0.v20090620043401" download-size="1373" install-size="1373" />
	<plugin fragment="true" id="org.eclipse.jst.ejb.ui.nl_ja" unpack="false" version="3.5.0.v20090620043401" download-size="4346" install-size="4346" />
	<plugin fragment="true" id="org.eclipse.jst.j2ee.ejb.annotation.model.nl_ja" unpack="false" version="3.5.0.v20090620043401" download-size="4040" install-size="4040" />
	<plugin fragment="true" id="org.eclipse.jst.j2ee.ejb.annotations.emitter.nl_ja" unpack="false" version="3.5.0.v20090620043401" download-size="1421" install-size="1421" />
	<plugin fragment="true" id="org.eclipse.jst.j2ee.ejb.annotations.ui.nl_ja" unpack="false" version="3.5.0.v20090620043401" download-size="4015" install-size="4015" />
	<plugin fragment="true" id="org.eclipse.jst.j2ee.ejb.annotations.xdoclet.nl_ja" unpack="false" version="3.5.0.v20090620043401" download-size="3809" install-size="3809" />
	<plugin fragment="true" id="org.eclipse.jst.j2ee.ejb.nl_ja" unpack="false" version="3.5.0.v20090620043401" download-size="28851" install-size="28851" />
	<plugin fragment="true" id="org.eclipse.jst.jee.ejb.nl_ja" unpack="false" version="3.5.0.v20090620043401" download-size="1414" install-size="1414" />
</feature>