<?xml version="1.0" encoding="UTF-8" ?>
<feature
	id="org.eclipse.babel.nls_webtools.dali_ar"
	label="Babel Language Pack for webtools.dali in Arabic (21.87%)"
	image="eclipse_update_120.jpg"
	provider-name="%providerName"
	version="3.5.0.v20090620043401">
	<copyright>
		%copyright
	</copyright>
	<license url="%licenseURL">
		%license
	</license>
	<description>Babel Language Pack for webtools.dali in Arabic</description>
	<plugin fragment="true" id="org.eclipse.jpt.branding.nl_ar" unpack="false" version="3.5.0.v20090620043401" download-size="1368" install-size="1368" />
	<plugin fragment="true" id="org.eclipse.jpt.core.nl_ar" unpack="false" version="3.5.0.v20090620043401" download-size="1682" install-size="1682" />
	<plugin fragment="true" id="org.eclipse.jpt.db.nl_ar" unpack="false" version="3.5.0.v20090620043401" download-size="1364" install-size="1364" />
	<plugin fragment="true" id="org.eclipse.jpt.db.ui.nl_ar" unpack="false" version="3.5.0.v20090620043401" download-size="1366" install-size="1366" />
	<plugin fragment="true" id="org.eclipse.jpt.doc.isv.nl_ar" unpack="false" version="3.5.0.v20090620043401" download-size="1372" install-size="1372" />
	<plugin fragment="true" id="org.eclipse.jpt.doc.user.nl_ar" unpack="false" version="3.5.0.v20090620043401" download-size="1368" install-size="1368" />
	<plugin fragment="true" id="org.eclipse.jpt.eclipselink.branding.nl_ar" unpack="false" version="3.5.0.v20090620043401" download-size="1372" install-size="1372" />
	<plugin fragment="true" id="org.eclipse.jpt.eclipselink.core.ddlgen.nl_ar" unpack="false" version="3.5.0.v20090620043401" download-size="1375" install-size="1375" />
	<plugin fragment="true" id="org.eclipse.jpt.eclipselink.core.nl_ar" unpack="false" version="3.5.0.v20090620043401" download-size="1370" install-size="1370" />
	<plugin fragment="true" id="org.eclipse.jpt.eclipselink.ui.nl_ar" unpack="false" version="3.5.0.v20090620043401" download-size="3110" install-size="3110" />
	<plugin fragment="true" id="org.eclipse.jpt.gen.nl_ar" unpack="false" version="3.5.0.v20090620043401" download-size="1364" install-size="1364" />
	<plugin fragment="true" id="org.eclipse.jpt.ui.nl_ar" unpack="false" version="3.5.0.v20090620043401" download-size="5526" install-size="5526" />
	<plugin fragment="true" id="org.eclipse.jpt.utility.nl_ar" unpack="false" version="3.5.0.v20090620043401" download-size="1367" install-size="1367" />
</feature>