<?xml version="1.0" encoding="UTF-8" ?>
<feature
	id="org.eclipse.babel.nls_webtools.ejbtools_iw"
	label="Babel Language Pack for webtools.ejbtools in Hebrew (92.45%)"
	image="eclipse_update_120.jpg"
	provider-name="%providerName"
	version="3.5.0.v20090620043401">
	<copyright>
		%copyright
	</copyright>
	<license url="%licenseURL">
		%license
	</license>
	<description>Babel Language Pack for webtools.ejbtools in Hebrew</description>
	<plugin fragment="true" id="org.eclipse.jst.ejb.doc.user.nl_iw" unpack="false" version="3.5.0.v20090620043401" download-size="1372" install-size="1372" />
	<plugin fragment="true" id="org.eclipse.jst.ejb.ui.infopop.nl_iw" unpack="false" version="3.5.0.v20090620043401" download-size="1373" install-size="1373" />
	<plugin fragment="true" id="org.eclipse.jst.ejb.ui.nl_iw" unpack="false" version="3.5.0.v20090620043401" download-size="2890" install-size="2890" />
	<plugin fragment="true" id="org.eclipse.jst.j2ee.ejb.annotation.model.nl_iw" unpack="false" version="3.5.0.v20090620043401" download-size="3497" install-size="3497" />
	<plugin fragment="true" id="org.eclipse.jst.j2ee.ejb.annotations.emitter.nl_iw" unpack="false" version="3.5.0.v20090620043401" download-size="1383" install-size="1383" />
	<plugin fragment="true" id="org.eclipse.jst.j2ee.ejb.annotations.ui.nl_iw" unpack="false" version="3.5.0.v20090620043401" download-size="1485" install-size="1485" />
	<plugin fragment="true" id="org.eclipse.jst.j2ee.ejb.annotations.xdoclet.nl_iw" unpack="false" version="3.5.0.v20090620043401" download-size="3366" install-size="3366" />
	<plugin fragment="true" id="org.eclipse.jst.j2ee.ejb.nl_iw" unpack="false" version="3.5.0.v20090620043401" download-size="23103" install-size="23103" />
	<plugin fragment="true" id="org.eclipse.jst.jee.ejb.nl_iw" unpack="false" version="3.5.0.v20090620043401" download-size="1371" install-size="1371" />
</feature>