<?xml version="1.0" encoding="UTF-8" ?>
<feature
	id="org.eclipse.babel.nls_technology.mat_ja"
	label="Babel Language Pack for technology.mat in Japanese (42.1%)"
	image="eclipse_update_120.jpg"
	provider-name="%providerName"
	version="3.5.0.v20090620043401">
	<copyright>
		%copyright
	</copyright>
	<license url="%licenseURL">
		%license
	</license>
	<description>Babel Language Pack for technology.mat in Japanese</description>
	<plugin fragment="true" id="org.eclipse.mat.api.nl_ja" unpack="false" version="3.5.0.v20090620043401" download-size="11116" install-size="11116" />
	<plugin fragment="true" id="org.eclipse.mat.chart.nl_ja" unpack="false" version="3.5.0.v20090620043401" download-size="2298" install-size="2298" />
	<plugin fragment="true" id="org.eclipse.mat.chart.ui.nl_ja" unpack="false" version="3.5.0.v20090620043401" download-size="2386" install-size="2386" />
	<plugin fragment="true" id="org.eclipse.mat.hprof.nl_ja" unpack="false" version="3.5.0.v20090620043401" download-size="2496" install-size="2496" />
	<plugin fragment="true" id="org.eclipse.mat.jdt.nl_ja" unpack="false" version="3.5.0.v20090620043401" download-size="2561" install-size="2561" />
	<plugin fragment="true" id="org.eclipse.mat.parser.nl_ja" unpack="false" version="3.5.0.v20090620043401" download-size="3127" install-size="3127" />
	<plugin fragment="true" id="org.eclipse.mat.report.nl_ja" unpack="false" version="3.5.0.v20090620043401" download-size="3139" install-size="3139" />
	<plugin fragment="true" id="org.eclipse.mat.ui.nl_ja" unpack="false" version="3.5.0.v20090620043401" download-size="8141" install-size="8141" />
	<plugin fragment="true" id="org.eclipse.mat.ui.rcp.nl_ja" unpack="false" version="3.5.0.v20090620043401" download-size="2834" install-size="2834" />
</feature>