<?xml version="1.0" encoding="UTF-8" ?>
<feature
	id="org.eclipse.babel.nls_modeling.mdt_zh"
	label="Babel Language Pack for modeling.mdt in Chinese (Simplified) (28.03%)"
	image="eclipse_update_120.jpg"
	provider-name="%providerName"
	version="3.5.0.v20090620043401">
	<copyright>
		%copyright
	</copyright>
	<license url="%licenseURL">
		%license
	</license>
	<description>Babel Language Pack for modeling.mdt in Chinese (Simplified)</description>
	<plugin fragment="true" id="org.eclipse.emf.examples.library.edit.nl_zh" unpack="false" version="3.5.0.v20090620043401" download-size="1867" install-size="1867" />
	<plugin fragment="true" id="org.eclipse.emf.examples.library.editor.nl_zh" unpack="false" version="3.5.0.v20090620043401" download-size="2088" install-size="2088" />
	<plugin fragment="true" id="org.eclipse.emf.examples.library.nl_zh" unpack="false" version="3.5.0.v20090620043401" download-size="1384" install-size="1384" />
	<plugin fragment="true" id="org.eclipse.emf.ocl.doc.nl_zh" unpack="false" version="3.5.0.v20090620043401" download-size="1379" install-size="1379" />
	<plugin fragment="true" id="org.eclipse.emf.ocl.examples.interpreter.nl_zh" unpack="false" version="3.5.0.v20090620043401" download-size="2884" install-size="2884" />
	<plugin fragment="true" id="org.eclipse.emf.ocl.examples.nl_zh" unpack="false" version="3.5.0.v20090620043401" download-size="1386" install-size="1386" />
	<plugin fragment="true" id="org.eclipse.emf.ocl.nl_zh" unpack="false" version="3.5.0.v20090620043401" download-size="1381" install-size="1381" />
	<plugin fragment="true" id="org.eclipse.emf.ocl.tests.nl_zh" unpack="false" version="3.5.0.v20090620043401" download-size="1384" install-size="1384" />
	<plugin fragment="true" id="org.eclipse.ocl.doc.nl_zh" unpack="false" version="3.5.0.v20090620043401" download-size="1375" install-size="1375" />
	<plugin fragment="true" id="org.eclipse.ocl.ecore.nl_zh" unpack="false" version="3.5.0.v20090620043401" download-size="1381" install-size="1381" />
	<plugin fragment="true" id="org.eclipse.ocl.ecore.tests.nl_zh" unpack="false" version="3.5.0.v20090620043401" download-size="1384" install-size="1384" />
	<plugin fragment="true" id="org.eclipse.ocl.nl_zh" unpack="false" version="3.5.0.v20090620043401" download-size="2570" install-size="2570" />
	<plugin fragment="true" id="org.eclipse.ocl.uml.nl_zh" unpack="false" version="3.5.0.v20090620043401" download-size="1379" install-size="1379" />
	<plugin fragment="true" id="org.eclipse.ocl.uml.tests.nl_zh" unpack="false" version="3.5.0.v20090620043401" download-size="1383" install-size="1383" />
	<plugin fragment="true" id="org.eclipse.uml2.codegen.ecore.nl_zh" unpack="false" version="3.5.0.v20090620043401" download-size="1383" install-size="1383" />
	<plugin fragment="true" id="org.eclipse.uml2.codegen.ecore.ui.nl_zh" unpack="false" version="3.5.0.v20090620043401" download-size="1541" install-size="1541" />
	<plugin fragment="true" id="org.eclipse.uml2.common.edit.nl_zh" unpack="false" version="3.5.0.v20090620043401" download-size="1380" install-size="1380" />
	<plugin fragment="true" id="org.eclipse.uml2.common.nl_zh" unpack="false" version="3.5.0.v20090620043401" download-size="1378" install-size="1378" />
	<plugin fragment="true" id="org.eclipse.uml2.diagram.activity.nl_zh" unpack="false" version="3.5.0.v20090620043401" download-size="2369" install-size="2369" />
	<plugin fragment="true" id="org.eclipse.uml2.diagram.clazz.nl_zh" unpack="false" version="3.5.0.v20090620043401" download-size="3852" install-size="3852" />
	<plugin fragment="true" id="org.eclipse.uml2.diagram.clazz.tests.nl_zh" unpack="false" version="3.5.0.v20090620043401" download-size="1386" install-size="1386" />
	<plugin fragment="true" id="org.eclipse.uml2.diagram.codegen.edit.nl_zh" unpack="false" version="3.5.0.v20090620043401" download-size="1772" install-size="1772" />
	<plugin fragment="true" id="org.eclipse.uml2.diagram.codegen.nl_zh" unpack="false" version="3.5.0.v20090620043401" download-size="1383" install-size="1383" />
	<plugin fragment="true" id="org.eclipse.uml2.diagram.common.nl_zh" unpack="false" version="3.5.0.v20090620043401" download-size="2130" install-size="2130" />
	<plugin fragment="true" id="org.eclipse.uml2.diagram.common.notation.nl_zh" unpack="false" version="3.5.0.v20090620043401" download-size="1389" install-size="1389" />
	<plugin fragment="true" id="org.eclipse.uml2.diagram.common.tests.nl_zh" unpack="false" version="3.5.0.v20090620043401" download-size="1387" install-size="1387" />
	<plugin fragment="true" id="org.eclipse.uml2.diagram.component.nl_zh" unpack="false" version="3.5.0.v20090620043401" download-size="2874" install-size="2874" />
	<plugin fragment="true" id="org.eclipse.uml2.diagram.csd.nl_zh" unpack="false" version="3.5.0.v20090620043401" download-size="2856" install-size="2856" />
	<plugin fragment="true" id="org.eclipse.uml2.diagram.def.nl_zh" unpack="false" version="3.5.0.v20090620043401" download-size="1381" install-size="1381" />
	<plugin fragment="true" id="org.eclipse.uml2.diagram.deploy.nl_zh" unpack="false" version="3.5.0.v20090620043401" download-size="2554" install-size="2554" />
	<plugin fragment="true" id="org.eclipse.uml2.diagram.examples.activity.nl_zh" unpack="false" version="3.5.0.v20090620043401" download-size="1391" install-size="1391" />
	<plugin fragment="true" id="org.eclipse.uml2.diagram.examples.clazz.nl_zh" unpack="false" version="3.5.0.v20090620043401" download-size="1390" install-size="1390" />
	<plugin fragment="true" id="org.eclipse.uml2.diagram.examples.profile.nl_zh" unpack="false" version="3.5.0.v20090620043401" download-size="1390" install-size="1390" />
	<plugin fragment="true" id="org.eclipse.uml2.diagram.examples.statemachine.nl_zh" unpack="false" version="3.5.0.v20090620043401" download-size="1393" install-size="1393" />
	<plugin fragment="true" id="org.eclipse.uml2.diagram.nl_zh" unpack="false" version="3.5.0.v20090620043401" download-size="1379" install-size="1379" />
	<plugin fragment="true" id="org.eclipse.uml2.diagram.parser.nl_zh" unpack="false" version="3.5.0.v20090620043401" download-size="1383" install-size="1383" />
	<plugin fragment="true" id="org.eclipse.uml2.diagram.profile.nl_zh" unpack="false" version="3.5.0.v20090620043401" download-size="2918" install-size="2918" />
	<plugin fragment="true" id="org.eclipse.uml2.diagram.profile.tests.nl_zh" unpack="false" version="3.5.0.v20090620043401" download-size="1388" install-size="1388" />
	<plugin fragment="true" id="org.eclipse.uml2.diagram.sequence.model.nl_zh" unpack="false" version="3.5.0.v20090620043401" download-size="1388" install-size="1388" />
	<plugin fragment="true" id="org.eclipse.uml2.diagram.sequence.nl_zh" unpack="false" version="3.5.0.v20090620043401" download-size="2091" install-size="2091" />
	<plugin fragment="true" id="org.eclipse.uml2.diagram.sequence.tests.nl_zh" unpack="false" version="3.5.0.v20090620043401" download-size="1388" install-size="1388" />
	<plugin fragment="true" id="org.eclipse.uml2.diagram.statemachine.nl_zh" unpack="false" version="3.5.0.v20090620043401" download-size="2164" install-size="2164" />
	<plugin fragment="true" id="org.eclipse.uml2.diagram.statemachine.tests.nl_zh" unpack="false" version="3.5.0.v20090620043401" download-size="1391" install-size="1391" />
	<plugin fragment="true" id="org.eclipse.uml2.diagram.usecase.nl_zh" unpack="false" version="3.5.0.v20090620043401" download-size="2633" install-size="2633" />
	<plugin fragment="true" id="org.eclipse.uml2.doc.nl_zh" unpack="false" version="3.5.0.v20090620043401" download-size="1420" install-size="1420" />
	<plugin fragment="true" id="org.eclipse.uml2.examples.nl_zh" unpack="false" version="3.5.0.v20090620043401" download-size="1380" install-size="1380" />
	<plugin fragment="true" id="org.eclipse.uml2.examples.uml.ui.nl_zh" unpack="false" version="3.5.0.v20090620043401" download-size="1469" install-size="1469" />
	<plugin fragment="true" id="org.eclipse.uml2.nl_zh" unpack="false" version="3.5.0.v20090620043401" download-size="1374" install-size="1374" />
	<plugin fragment="true" id="org.eclipse.uml2.tests.nl_zh" unpack="false" version="3.5.0.v20090620043401" download-size="1377" install-size="1377" />
	<plugin fragment="true" id="org.eclipse.uml2.uml.ecore.importer.nl_zh" unpack="false" version="3.5.0.v20090620043401" download-size="1383" install-size="1383" />
	<plugin fragment="true" id="org.eclipse.uml2.uml.edit.nl_zh" unpack="false" version="3.5.0.v20090620043401" download-size="4663" install-size="4663" />
	<plugin fragment="true" id="org.eclipse.uml2.uml.editor.nl_zh" unpack="false" version="3.5.0.v20090620043401" download-size="2162" install-size="2162" />
	<plugin fragment="true" id="org.eclipse.uml2.uml.nl_zh" unpack="false" version="3.5.0.v20090620043401" download-size="1481" install-size="1481" />
	<plugin fragment="true" id="org.eclipse.uml2.uml.resources.nl_zh" unpack="false" version="3.5.0.v20090620043401" download-size="10485" install-size="10485" />
	<plugin fragment="true" id="org.eclipse.uml2.uml.tests.nl_zh" unpack="false" version="3.5.0.v20090620043401" download-size="1379" install-size="1379" />
	<plugin fragment="true" id="org.eclipse.uml2tools.doc.nl_zh" unpack="false" version="3.5.0.v20090620043401" download-size="1379" install-size="1379" />
	<plugin fragment="true" id="org.eclipse.uml2tools.nl_zh" unpack="false" version="3.5.0.v20090620043401" download-size="1377" install-size="1377" />
</feature>