<?xml version="1.0" encoding="UTF-8" ?>
<feature
	id="org.eclipse.babel.nls_stp.bpmn_ru"
	label="Babel Language Pack for stp.bpmn in Russian (19%)"
	image="eclipse_update_120.jpg"
	provider-name="%providerName"
	version="3.5.0.v20090620043401">
	<copyright>
		%copyright
	</copyright>
	<license url="%licenseURL">
		%license
	</license>
	<description>Babel Language Pack for stp.bpmn in Russian</description>
	<plugin fragment="true" id="org.eclipse.stp.bpmn.diagram.nl_ru" unpack="false" version="3.5.0.v20090620043401" download-size="2870" install-size="2870" />
	<plugin fragment="true" id="org.eclipse.stp.bpmn.edit.nl_ru" unpack="false" version="3.5.0.v20090620043401" download-size="2544" install-size="2544" />
	<plugin fragment="true" id="org.eclipse.stp.bpmn.nl_ru" unpack="false" version="3.5.0.v20090620043401" download-size="2301" install-size="2301" />
	<plugin fragment="true" id="org.eclipse.stp.bpmn.validation.nl_ru" unpack="false" version="3.5.0.v20090620043401" download-size="2357" install-size="2357" />
</feature>