<?xml version="1.0" encoding="UTF-8" ?>
<feature
	id="org.eclipse.babel.nls_webtools.dali_uk"
	label="Babel Language Pack for webtools.dali in Ukrainian (8.21%)"
	image="eclipse_update_120.jpg"
	provider-name="%providerName"
	version="3.5.0.v20090620043401">
	<copyright>
		%copyright
	</copyright>
	<license url="%licenseURL">
		%license
	</license>
	<description>Babel Language Pack for webtools.dali in Ukrainian</description>
	<plugin fragment="true" id="org.eclipse.jpt.branding.nl_uk" unpack="false" version="3.5.0.v20090620043401" download-size="1370" install-size="1370" />
	<plugin fragment="true" id="org.eclipse.jpt.core.nl_uk" unpack="false" version="3.5.0.v20090620043401" download-size="1593" install-size="1593" />
	<plugin fragment="true" id="org.eclipse.jpt.db.nl_uk" unpack="false" version="3.5.0.v20090620043401" download-size="1366" install-size="1366" />
	<plugin fragment="true" id="org.eclipse.jpt.db.ui.nl_uk" unpack="false" version="3.5.0.v20090620043401" download-size="1368" install-size="1368" />
	<plugin fragment="true" id="org.eclipse.jpt.doc.isv.nl_uk" unpack="false" version="3.5.0.v20090620043401" download-size="1373" install-size="1373" />
	<plugin fragment="true" id="org.eclipse.jpt.doc.user.nl_uk" unpack="false" version="3.5.0.v20090620043401" download-size="1369" install-size="1369" />
	<plugin fragment="true" id="org.eclipse.jpt.eclipselink.branding.nl_uk" unpack="false" version="3.5.0.v20090620043401" download-size="1374" install-size="1374" />
	<plugin fragment="true" id="org.eclipse.jpt.eclipselink.core.ddlgen.nl_uk" unpack="false" version="3.5.0.v20090620043401" download-size="1376" install-size="1376" />
	<plugin fragment="true" id="org.eclipse.jpt.eclipselink.core.nl_uk" unpack="false" version="3.5.0.v20090620043401" download-size="1372" install-size="1372" />
	<plugin fragment="true" id="org.eclipse.jpt.eclipselink.ui.nl_uk" unpack="false" version="3.5.0.v20090620043401" download-size="2403" install-size="2403" />
	<plugin fragment="true" id="org.eclipse.jpt.gen.nl_uk" unpack="false" version="3.5.0.v20090620043401" download-size="1366" install-size="1366" />
	<plugin fragment="true" id="org.eclipse.jpt.ui.nl_uk" unpack="false" version="3.5.0.v20090620043401" download-size="3896" install-size="3896" />
	<plugin fragment="true" id="org.eclipse.jpt.utility.nl_uk" unpack="false" version="3.5.0.v20090620043401" download-size="1369" install-size="1369" />
</feature>