<?xml version="1.0" encoding="UTF-8" ?>
<feature
	id="org.eclipse.babel.nls_webtools.sourceediting_tr"
	label="Babel Language Pack for webtools.sourceediting in Turkish (73.4%)"
	image="eclipse_update_120.jpg"
	provider-name="%providerName"
	version="3.5.0.v20090620043401">
	<copyright>
		%copyright
	</copyright>
	<license url="%licenseURL">
		%license
	</license>
	<description>Babel Language Pack for webtools.sourceediting in Turkish</description>
	<plugin fragment="true" id="org.eclipse.jst.jsp.core.nl_tr" unpack="false" version="3.5.0.v20090620043401" download-size="3122" install-size="3122" />
	<plugin fragment="true" id="org.eclipse.jst.jsp.ui.infopop.nl_tr" unpack="false" version="3.5.0.v20090620043401" download-size="1424" install-size="1424" />
	<plugin fragment="true" id="org.eclipse.jst.jsp.ui.nl_tr" unpack="false" version="3.5.0.v20090620043401" download-size="6135" install-size="6135" />
	<plugin fragment="true" id="org.eclipse.jst.standard.schemas.nl_tr" unpack="false" version="3.5.0.v20090620043401" download-size="1377" install-size="1377" />
	<plugin fragment="true" id="org.eclipse.wst.css.core.nl_tr" unpack="false" version="3.5.0.v20090620043401" download-size="3450" install-size="3450" />
	<plugin fragment="true" id="org.eclipse.wst.css.ui.nl_tr" unpack="false" version="3.5.0.v20090620043401" download-size="5151" install-size="5151" />
	<plugin fragment="true" id="org.eclipse.wst.doc.user.nl_tr" unpack="false" version="3.5.0.v20090620043401" download-size="1393" install-size="1393" />
	<plugin fragment="true" id="org.eclipse.wst.dtd.core.nl_tr" unpack="false" version="3.5.0.v20090620043401" download-size="4497" install-size="4497" />
	<plugin fragment="true" id="org.eclipse.wst.dtd.ui.infopop.nl_tr" unpack="false" version="3.5.0.v20090620043401" download-size="1420" install-size="1420" />
	<plugin fragment="true" id="org.eclipse.wst.dtd.ui.nl_tr" unpack="false" version="3.5.0.v20090620043401" download-size="5110" install-size="5110" />
	<plugin fragment="true" id="org.eclipse.wst.dtdeditor.doc.user.nl_tr" unpack="false" version="3.5.0.v20090620043401" download-size="1407" install-size="1407" />
	<plugin fragment="true" id="org.eclipse.wst.html.core.nl_tr" unpack="false" version="3.5.0.v20090620043401" download-size="5441" install-size="5441" />
	<plugin fragment="true" id="org.eclipse.wst.html.ui.infopop.nl_tr" unpack="false" version="3.5.0.v20090620043401" download-size="1425" install-size="1425" />
	<plugin fragment="true" id="org.eclipse.wst.html.ui.nl_tr" unpack="false" version="3.5.0.v20090620043401" download-size="6161" install-size="6161" />
	<plugin fragment="true" id="org.eclipse.wst.javascript.core.nl_tr" unpack="false" version="3.5.0.v20090620043401" download-size="2667" install-size="2667" />
	<plugin fragment="true" id="org.eclipse.wst.javascript.ui.infopop.nl_tr" unpack="false" version="3.5.0.v20090620043401" download-size="1421" install-size="1421" />
	<plugin fragment="true" id="org.eclipse.wst.javascript.ui.nl_tr" unpack="false" version="3.5.0.v20090620043401" download-size="5599" install-size="5599" />
	<plugin fragment="true" id="org.eclipse.wst.jsdt.core.nl_tr" unpack="false" version="3.5.0.v20090620043401" download-size="20211" install-size="20211" />
	<plugin fragment="true" id="org.eclipse.wst.jsdt.doc.nl_tr" unpack="false" version="3.5.0.v20090620043401" download-size="1370" install-size="1370" />
	<plugin fragment="true" id="org.eclipse.wst.jsdt.manipulation.nl_tr" unpack="false" version="3.5.0.v20090620043401" download-size="3362" install-size="3362" />
	<plugin fragment="true" id="org.eclipse.wst.jsdt.support.firefox.nl_tr" unpack="false" version="3.5.0.v20090620043401" download-size="1376" install-size="1376" />
	<plugin fragment="true" id="org.eclipse.wst.jsdt.support.ie.nl_tr" unpack="false" version="3.5.0.v20090620043401" download-size="1376" install-size="1376" />
	<plugin fragment="true" id="org.eclipse.wst.jsdt.ui.nl_tr" unpack="false" version="3.5.0.v20090620043401" download-size="121157" install-size="121157" />
	<plugin fragment="true" id="org.eclipse.wst.jsdt.web.core.nl_tr" unpack="false" version="3.5.0.v20090620043401" download-size="2655" install-size="2655" />
	<plugin fragment="true" id="org.eclipse.wst.jsdt.web.support.jsp.nl_tr" unpack="false" version="3.5.0.v20090620043401" download-size="1379" install-size="1379" />
	<plugin fragment="true" id="org.eclipse.wst.jsdt.web.ui.nl_tr" unpack="false" version="3.5.0.v20090620043401" download-size="5031" install-size="5031" />
	<plugin fragment="true" id="org.eclipse.wst.sse.core.nl_tr" unpack="false" version="3.5.0.v20090620043401" download-size="4267" install-size="4267" />
	<plugin fragment="true" id="org.eclipse.wst.sse.doc.user.nl_tr" unpack="false" version="3.5.0.v20090620043401" download-size="1430" install-size="1430" />
	<plugin fragment="true" id="org.eclipse.wst.sse.ui.infopop.nl_tr" unpack="false" version="3.5.0.v20090620043401" download-size="1409" install-size="1409" />
	<plugin fragment="true" id="org.eclipse.wst.sse.ui.nl_tr" unpack="false" version="3.5.0.v20090620043401" download-size="8545" install-size="8545" />
	<plugin fragment="true" id="org.eclipse.wst.standard.schemas.nl_tr" unpack="false" version="3.5.0.v20090620043401" download-size="1377" install-size="1377" />
	<plugin fragment="true" id="org.eclipse.wst.web.nl_tr" unpack="false" version="3.5.0.v20090620043401" download-size="2067" install-size="2067" />
	<plugin fragment="true" id="org.eclipse.wst.web.ui.nl_tr" unpack="false" version="3.5.0.v20090620043401" download-size="1461" install-size="1461" />
	<plugin fragment="true" id="org.eclipse.wst.webtools.doc.user.nl_tr" unpack="false" version="3.5.0.v20090620043401" download-size="1407" install-size="1407" />
	<plugin fragment="true" id="org.eclipse.wst.xml.core.nl_tr" unpack="false" version="3.5.0.v20090620043401" download-size="3746" install-size="3746" />
	<plugin fragment="true" id="org.eclipse.wst.xml.ui.infopop.nl_tr" unpack="false" version="3.5.0.v20090620043401" download-size="1409" install-size="1409" />
	<plugin fragment="true" id="org.eclipse.wst.xml.ui.nl_tr" unpack="false" version="3.5.0.v20090620043401" download-size="14004" install-size="14004" />
	<plugin fragment="true" id="org.eclipse.wst.xml.xpath.core.nl_tr" unpack="false" version="3.5.0.v20090620043401" download-size="1373" install-size="1373" />
	<plugin fragment="true" id="org.eclipse.wst.xml.xpath.ui.nl_tr" unpack="false" version="3.5.0.v20090620043401" download-size="3087" install-size="3087" />
	<plugin fragment="true" id="org.eclipse.wst.xml.xpath2.processor.nl_tr" unpack="false" version="3.5.0.v20090620043401" download-size="1376" install-size="1376" />
	<plugin fragment="true" id="org.eclipse.wst.xmleditor.doc.user.nl_tr" unpack="false" version="3.5.0.v20090620043401" download-size="1403" install-size="1403" />
	<plugin fragment="true" id="org.eclipse.wst.xsd.core.nl_tr" unpack="false" version="3.5.0.v20090620043401" download-size="1517" install-size="1517" />
	<plugin fragment="true" id="org.eclipse.wst.xsd.ui.nl_tr" unpack="false" version="3.5.0.v20090620043401" download-size="19601" install-size="19601" />
	<plugin fragment="true" id="org.eclipse.wst.xsdeditor.doc.user.nl_tr" unpack="false" version="3.5.0.v20090620043401" download-size="1421" install-size="1421" />
	<plugin fragment="true" id="org.eclipse.wst.xsl.core.nl_tr" unpack="false" version="3.5.0.v20090620043401" download-size="1386" install-size="1386" />
	<plugin fragment="true" id="org.eclipse.wst.xsl.debug.ui.nl_tr" unpack="false" version="3.5.0.v20090620043401" download-size="4108" install-size="4108" />
	<plugin fragment="true" id="org.eclipse.wst.xsl.doc.nl_tr" unpack="false" version="3.5.0.v20090620043401" download-size="1367" install-size="1367" />
	<plugin fragment="true" id="org.eclipse.wst.xsl.jaxp.debug.nl_tr" unpack="false" version="3.5.0.v20090620043401" download-size="3042" install-size="3042" />
	<plugin fragment="true" id="org.eclipse.wst.xsl.jaxp.debug.ui.nl_tr" unpack="false" version="3.5.0.v20090620043401" download-size="4122" install-size="4122" />
	<plugin fragment="true" id="org.eclipse.wst.xsl.jaxp.launching.nl_tr" unpack="false" version="3.5.0.v20090620043401" download-size="2926" install-size="2926" />
	<plugin fragment="true" id="org.eclipse.wst.xsl.launching.nl_tr" unpack="false" version="3.5.0.v20090620043401" download-size="1404" install-size="1404" />
	<plugin fragment="true" id="org.eclipse.wst.xsl.launching.tests.nl_tr" unpack="false" version="3.5.0.v20090620043401" download-size="1380" install-size="1380" />
	<plugin fragment="true" id="org.eclipse.wst.xsl.nl_tr" unpack="false" version="3.5.0.v20090620043401" download-size="1370" install-size="1370" />
	<plugin fragment="true" id="org.eclipse.wst.xsl.saxon.nl_tr" unpack="false" version="3.5.0.v20090620043401" download-size="1759" install-size="1759" />
	<plugin fragment="true" id="org.eclipse.wst.xsl.sdk.documentation.nl_tr" unpack="false" version="3.5.0.v20090620043401" download-size="1378" install-size="1378" />
	<plugin fragment="true" id="org.eclipse.wst.xsl.tests.nl_tr" unpack="false" version="3.5.0.v20090620043401" download-size="1373" install-size="1373" />
	<plugin fragment="true" id="org.eclipse.wst.xsl.ui.nl_tr" unpack="false" version="3.5.0.v20090620043401" download-size="2654" install-size="2654" />
	<plugin fragment="true" id="org.eclipse.wst.xsl.xalan.nl_tr" unpack="false" version="3.5.0.v20090620043401" download-size="1672" install-size="1672" />
</feature>