<?xml version="1.0" encoding="UTF-8" ?>
<feature
	id="org.eclipse.babel.nls_tools.pdt_uk"
	label="Babel Language Pack for tools.pdt in Ukrainian (9.21%)"
	image="eclipse_update_120.jpg"
	provider-name="%providerName"
	version="3.5.0.v20090620043401">
	<copyright>
		%copyright
	</copyright>
	<license url="%licenseURL">
		%license
	</license>
	<description>Babel Language Pack for tools.pdt in Ukrainian</description>
	<plugin fragment="true" id="org.eclipse.dltk.core.tests.nl_uk" unpack="false" version="3.5.0.v20090620043401" download-size="1372" install-size="1372" />
	<plugin fragment="true" id="org.eclipse.php.core.nl_uk" unpack="false" version="3.5.0.v20090620043401" download-size="1990" install-size="1990" />
	<plugin fragment="true" id="org.eclipse.php.core.parser.nl_uk" unpack="false" version="3.5.0.v20090620043401" download-size="1372" install-size="1372" />
	<plugin fragment="true" id="org.eclipse.php.debug.core.nl_uk" unpack="false" version="3.5.0.v20090620043401" download-size="2271" install-size="2271" />
	<plugin fragment="true" id="org.eclipse.php.debug.ui.nl_uk" unpack="false" version="3.5.0.v20090620043401" download-size="2830" install-size="2830" />
	<plugin fragment="true" id="org.eclipse.php.nl_uk" unpack="false" version="3.5.0.v20090620043401" download-size="1365" install-size="1365" />
	<plugin fragment="true" id="org.eclipse.php.server.ui.nl_uk" unpack="false" version="3.5.0.v20090620043401" download-size="2167" install-size="2167" />
	<plugin fragment="true" id="org.eclipse.php.test.nl_uk" unpack="false" version="3.5.0.v20090620043401" download-size="1368" install-size="1368" />
	<plugin fragment="true" id="org.eclipse.php.ui.nl_uk" unpack="false" version="3.5.0.v20090620043401" download-size="8971" install-size="8971" />
	<plugin fragment="true" id="org.eclipse.test.nl_uk" unpack="false" version="3.5.0.v20090620043401" download-size="1363" install-size="1363" />
</feature>