<?xml version="1.0" encoding="UTF-8" ?>
<feature
	id="org.eclipse.babel.nls_webtools.servertools_iw"
	label="Babel Language Pack for webtools.servertools in Hebrew (57.51%)"
	image="eclipse_update_120.jpg"
	provider-name="%providerName"
	version="3.5.0.v20090620043401">
	<copyright>
		%copyright
	</copyright>
	<license url="%licenseURL">
		%license
	</license>
	<description>Babel Language Pack for webtools.servertools in Hebrew</description>
	<plugin fragment="true" id="org.apache.cactus.nl_iw" unpack="false" version="3.5.0.v20090620043401" download-size="1369" install-size="1369" />
	<plugin fragment="true" id="org.eclipse.jst.server.core.nl_iw" unpack="false" version="3.5.0.v20090620043401" download-size="2927" install-size="2927" />
	<plugin fragment="true" id="org.eclipse.jst.server.generic.core.nl_iw" unpack="false" version="3.5.0.v20090620043401" download-size="3253" install-size="3253" />
	<plugin fragment="true" id="org.eclipse.jst.server.generic.jboss.nl_iw" unpack="false" version="3.5.0.v20090620043401" download-size="1389" install-size="1389" />
	<plugin fragment="true" id="org.eclipse.jst.server.generic.jonas.nl_iw" unpack="false" version="3.5.0.v20090620043401" download-size="1476" install-size="1476" />
	<plugin fragment="true" id="org.eclipse.jst.server.generic.oc4j.nl_iw" unpack="false" version="3.5.0.v20090620043401" download-size="1445" install-size="1445" />
	<plugin fragment="true" id="org.eclipse.jst.server.generic.ui.nl_iw" unpack="false" version="3.5.0.v20090620043401" download-size="2839" install-size="2839" />
	<plugin fragment="true" id="org.eclipse.jst.server.installable.nl_iw" unpack="false" version="3.5.0.v20090620043401" download-size="1373" install-size="1373" />
	<plugin fragment="true" id="org.eclipse.jst.server.preview.adapter.nl_iw" unpack="false" version="3.5.0.v20090620043401" download-size="2741" install-size="2741" />
	<plugin fragment="true" id="org.eclipse.jst.server.tomcat.core.nl_iw" unpack="false" version="3.5.0.v20090620043401" download-size="3864" install-size="3864" />
	<plugin fragment="true" id="org.eclipse.jst.server.tomcat.ui.nl_iw" unpack="false" version="3.5.0.v20090620043401" download-size="3289" install-size="3289" />
	<plugin fragment="true" id="org.eclipse.jst.server.ui.doc.user.nl_iw" unpack="false" version="3.5.0.v20090620043401" download-size="1375" install-size="1375" />
	<plugin fragment="true" id="org.eclipse.jst.server.ui.infopop.nl_iw" unpack="false" version="3.5.0.v20090620043401" download-size="1372" install-size="1372" />
	<plugin fragment="true" id="org.eclipse.jst.server.ui.nl_iw" unpack="false" version="3.5.0.v20090620043401" download-size="2449" install-size="2449" />
	<plugin fragment="true" id="org.eclipse.jst.server.websphere.core.nl_iw" unpack="false" version="3.5.0.v20090620043401" download-size="1617" install-size="1617" />
	<plugin fragment="true" id="org.eclipse.servertools.doc.isv.nl_iw" unpack="false" version="3.5.0.v20090620043401" download-size="1371" install-size="1371" />
	<plugin fragment="true" id="org.eclipse.wst.internet.monitor.core.nl_iw" unpack="false" version="3.5.0.v20090620043401" download-size="2759" install-size="2759" />
	<plugin fragment="true" id="org.eclipse.wst.internet.monitor.ui.nl_iw" unpack="false" version="3.5.0.v20090620043401" download-size="3172" install-size="3172" />
	<plugin fragment="true" id="org.eclipse.wst.server.core.nl_iw" unpack="false" version="3.5.0.v20090620043401" download-size="3368" install-size="3368" />
	<plugin fragment="true" id="org.eclipse.wst.server.discovery.nl_iw" unpack="false" version="3.5.0.v20090620043401" download-size="2438" install-size="2438" />
	<plugin fragment="true" id="org.eclipse.wst.server.http.core.nl_iw" unpack="false" version="3.5.0.v20090620043401" download-size="2648" install-size="2648" />
	<plugin fragment="true" id="org.eclipse.wst.server.http.ui.nl_iw" unpack="false" version="3.5.0.v20090620043401" download-size="2521" install-size="2521" />
	<plugin fragment="true" id="org.eclipse.wst.server.preview.adapter.nl_iw" unpack="false" version="3.5.0.v20090620043401" download-size="2885" install-size="2885" />
	<plugin fragment="true" id="org.eclipse.wst.server.preview.nl_iw" unpack="false" version="3.5.0.v20090620043401" download-size="2528" install-size="2528" />
	<plugin fragment="true" id="org.eclipse.wst.server.ui.doc.user.nl_iw" unpack="false" version="3.5.0.v20090620043401" download-size="1392" install-size="1392" />
	<plugin fragment="true" id="org.eclipse.wst.server.ui.infopop.nl_iw" unpack="false" version="3.5.0.v20090620043401" download-size="1372" install-size="1372" />
	<plugin fragment="true" id="org.eclipse.wst.server.ui.nl_iw" unpack="false" version="3.5.0.v20090620043401" download-size="6381" install-size="6381" />
</feature>