<?xml version="1.0" encoding="UTF-8" ?>
<feature
	id="org.eclipse.babel.nls_tptp.platform_pt"
	label="Babel Language Pack for tptp.platform in Portuguese (17.39%)"
	image="eclipse_update_120.jpg"
	provider-name="%providerName"
	version="3.5.0.v20090620043401">
	<copyright>
		%copyright
	</copyright>
	<license url="%licenseURL">
		%license
	</license>
	<description>Babel Language Pack for tptp.platform in Portuguese</description>
	<plugin fragment="true" id="org.eclipse.hyades.analysis.engine.nl_pt" unpack="false" version="3.5.0.v20090620043401" download-size="1376" install-size="1376" />
	<plugin fragment="true" id="org.eclipse.hyades.logging.adapter.nl_pt" unpack="false" version="3.5.0.v20090620043401" download-size="3080" install-size="3080" />
	<plugin fragment="true" id="org.eclipse.hyades.logging.adapter.ui.nl_pt" unpack="false" version="3.5.0.v20090620043401" download-size="4518" install-size="4518" />
	<plugin fragment="true" id="org.eclipse.hyades.logging.parsers.nl_pt" unpack="false" version="3.5.0.v20090620043401" download-size="2457" install-size="2457" />
	<plugin fragment="true" id="org.eclipse.hyades.probekit.ui.nl_pt" unpack="false" version="3.5.0.v20090620043401" download-size="3937" install-size="3937" />
	<plugin fragment="true" id="org.eclipse.hyades.resources.database.nl_pt" unpack="false" version="3.5.0.v20090620043401" download-size="1378" install-size="1378" />
	<plugin fragment="true" id="org.eclipse.hyades.sdb.nl_pt" unpack="false" version="3.5.0.v20090620043401" download-size="6295" install-size="6295" />
	<plugin fragment="true" id="org.eclipse.hyades.statistical.ui.nl_pt" unpack="false" version="3.5.0.v20090620043401" download-size="1381" install-size="1381" />
	<plugin fragment="true" id="org.eclipse.hyades.test.core.nl_pt" unpack="false" version="3.5.0.v20090620043401" download-size="3237" install-size="3237" />
	<plugin fragment="true" id="org.eclipse.hyades.test.tools.ui.nl_pt" unpack="false" version="3.5.0.v20090620043401" download-size="3562" install-size="3562" />
	<plugin fragment="true" id="org.eclipse.hyades.test.ui.extensions.nl_pt" unpack="false" version="3.5.0.v20090620043401" download-size="2664" install-size="2664" />
	<plugin fragment="true" id="org.eclipse.hyades.test.ui.nl_pt" unpack="false" version="3.5.0.v20090620043401" download-size="9220" install-size="9220" />
	<plugin fragment="true" id="org.eclipse.hyades.trace.ui.nl_pt" unpack="false" version="3.5.0.v20090620043401" download-size="5897" install-size="5897" />
	<plugin fragment="true" id="org.eclipse.hyades.trace.views.nl_pt" unpack="false" version="3.5.0.v20090620043401" download-size="2650" install-size="2650" />
	<plugin fragment="true" id="org.eclipse.hyades.ui.nl_pt" unpack="false" version="3.5.0.v20090620043401" download-size="1382" install-size="1382" />
	<plugin fragment="true" id="org.eclipse.tptp.lta.gla.ui.epi.nl_pt" unpack="false" version="3.5.0.v20090620043401" download-size="1374" install-size="1374" />
	<plugin fragment="true" id="org.eclipse.tptp.lta.log.epi.nl_pt" unpack="false" version="3.5.0.v20090620043401" download-size="1431" install-size="1431" />
	<plugin fragment="true" id="org.eclipse.tptp.lta.runtime.nl_pt" unpack="false" version="3.5.0.v20090620043401" download-size="1372" install-size="1372" />
	<plugin fragment="true" id="org.eclipse.tptp.lta.sdb.epi.nl_pt" unpack="false" version="3.5.0.v20090620043401" download-size="1375" install-size="1375" />
	<plugin fragment="true" id="org.eclipse.tptp.lta.symptom.epi.nl_pt" unpack="false" version="3.5.0.v20090620043401" download-size="1378" install-size="1378" />
	<plugin fragment="true" id="org.eclipse.tptp.monitoring.la.core.nl_pt" unpack="false" version="3.5.0.v20090620043401" download-size="1375" install-size="1375" />
	<plugin fragment="true" id="org.eclipse.tptp.monitoring.logui.nl_pt" unpack="false" version="3.5.0.v20090620043401" download-size="2755" install-size="2755" />
	<plugin fragment="true" id="org.eclipse.tptp.monitoring.lta.doc.isv.nl_pt" unpack="false" version="3.5.0.v20090620043401" download-size="1379" install-size="1379" />
	<plugin fragment="true" id="org.eclipse.tptp.monitoring.lta.doc.user.nl_pt" unpack="false" version="3.5.0.v20090620043401" download-size="1379" install-size="1379" />
	<plugin fragment="true" id="org.eclipse.tptp.monitoring.lta.examples.isv.nl_pt" unpack="false" version="3.5.0.v20090620043401" download-size="2863" install-size="2863" />
	<plugin fragment="true" id="org.eclipse.tptp.monitoring.lta.examples.nl_pt" unpack="false" version="3.5.0.v20090620043401" download-size="2696" install-size="2696" />
	<plugin fragment="true" id="org.eclipse.tptp.monitoring.managedagent.jmx.nl_pt" unpack="false" version="3.5.0.v20090620043401" download-size="2678" install-size="2678" />
	<plugin fragment="true" id="org.eclipse.tptp.monitoring.managedagent.ui.nl_pt" unpack="false" version="3.5.0.v20090620043401" download-size="4967" install-size="4967" />
	<plugin fragment="true" id="org.eclipse.tptp.monitoring.profile.server.nl_pt" unpack="false" version="3.5.0.v20090620043401" download-size="1383" install-size="1383" />
	<plugin fragment="true" id="org.eclipse.tptp.monitoring.report.birt.nl_pt" unpack="false" version="3.5.0.v20090620043401" download-size="2591" install-size="2591" />
	<plugin fragment="true" id="org.eclipse.tptp.monitoring.symptom.doc.user.nl_pt" unpack="false" version="3.5.0.v20090620043401" download-size="1382" install-size="1382" />
	<plugin fragment="true" id="org.eclipse.tptp.monitoring.symptom.editor.nl_pt" unpack="false" version="3.5.0.v20090620043401" download-size="1379" install-size="1379" />
	<plugin fragment="true" id="org.eclipse.tptp.platform.agentcontroller.nl_pt" unpack="false" version="3.5.0.v20090620043401" download-size="2593" install-size="2593" />
	<plugin fragment="true" id="org.eclipse.tptp.platform.analysis.codereview.cpp.nl_pt" unpack="false" version="3.5.0.v20090620043401" download-size="1386" install-size="1386" />
	<plugin fragment="true" id="org.eclipse.tptp.platform.analysis.codereview.cpp.rules.nl_pt" unpack="false" version="3.5.0.v20090620043401" download-size="1501" install-size="1501" />
	<plugin fragment="true" id="org.eclipse.tptp.platform.analysis.codereview.java.nl_pt" unpack="false" version="3.5.0.v20090620043401" download-size="1424" install-size="1424" />
	<plugin fragment="true" id="org.eclipse.tptp.platform.analysis.codereview.java.rules.nl_pt" unpack="false" version="3.5.0.v20090620043401" download-size="1580" install-size="1580" />
	<plugin fragment="true" id="org.eclipse.tptp.platform.analysis.core.nl_pt" unpack="false" version="3.5.0.v20090620043401" download-size="2521" install-size="2521" />
	<plugin fragment="true" id="org.eclipse.tptp.platform.analysis.core.ui.nl_pt" unpack="false" version="3.5.0.v20090620043401" download-size="2955" install-size="2955" />
	<plugin fragment="true" id="org.eclipse.tptp.platform.common.nl_pt" unpack="false" version="3.5.0.v20090620043401" download-size="2327" install-size="2327" />
	<plugin fragment="true" id="org.eclipse.tptp.platform.common.ui.nl_pt" unpack="false" version="3.5.0.v20090620043401" download-size="4834" install-size="4834" />
	<plugin fragment="true" id="org.eclipse.tptp.platform.common.ui.trace.nl_pt" unpack="false" version="3.5.0.v20090620043401" download-size="3102" install-size="3102" />
	<plugin fragment="true" id="org.eclipse.tptp.platform.examples.isv.nl_pt" unpack="false" version="3.5.0.v20090620043401" download-size="2621" install-size="2621" />
	<plugin fragment="true" id="org.eclipse.tptp.platform.examples.nl_pt" unpack="false" version="3.5.0.v20090620043401" download-size="1405" install-size="1405" />
	<plugin fragment="true" id="org.eclipse.tptp.platform.iac.administrator.nl_pt" unpack="false" version="3.5.0.v20090620043401" download-size="3301" install-size="3301" />
	<plugin fragment="true" id="org.eclipse.tptp.platform.instrumentation.ui.nl_pt" unpack="false" version="3.5.0.v20090620043401" download-size="3198" install-size="3198" />
	<plugin fragment="true" id="org.eclipse.tptp.platform.integration.pde.nl_pt" unpack="false" version="3.5.0.v20090620043401" download-size="2739" install-size="2739" />
	<plugin fragment="true" id="org.eclipse.tptp.platform.la.core.nl_pt" unpack="false" version="3.5.0.v20090620043401" download-size="2646" install-size="2646" />
	<plugin fragment="true" id="org.eclipse.tptp.platform.llc.core.nl_pt" unpack="false" version="3.5.0.v20090620043401" download-size="1376" install-size="1376" />
	<plugin fragment="true" id="org.eclipse.tptp.platform.llc.doc.user.nl_pt" unpack="false" version="3.5.0.v20090620043401" download-size="1380" install-size="1380" />
	<plugin fragment="true" id="org.eclipse.tptp.platform.llc.launch.nl_pt" unpack="false" version="3.5.0.v20090620043401" download-size="2829" install-size="2829" />
	<plugin fragment="true" id="org.eclipse.tptp.platform.llc.ui.nl_pt" unpack="false" version="3.5.0.v20090620043401" download-size="1375" install-size="1375" />
	<plugin fragment="true" id="org.eclipse.tptp.platform.log.doc.user.nl_pt" unpack="false" version="3.5.0.v20090620043401" download-size="1378" install-size="1378" />
	<plugin fragment="true" id="org.eclipse.tptp.platform.log.views.nl_pt" unpack="false" version="3.5.0.v20090620043401" download-size="3866" install-size="3866" />
	<plugin fragment="true" id="org.eclipse.tptp.platform.lta.common.nl_pt" unpack="false" version="3.5.0.v20090620043401" download-size="2413" install-size="2413" />
	<plugin fragment="true" id="org.eclipse.tptp.platform.models.lta.nl_pt" unpack="false" version="3.5.0.v20090620043401" download-size="1377" install-size="1377" />
	<plugin fragment="true" id="org.eclipse.tptp.platform.models.nl_pt" unpack="false" version="3.5.0.v20090620043401" download-size="3152" install-size="3152" />
	<plugin fragment="true" id="org.eclipse.tptp.platform.probekit.launch.nl_pt" unpack="false" version="3.5.0.v20090620043401" download-size="3681" install-size="3681" />
	<plugin fragment="true" id="org.eclipse.tptp.platform.report.birt.nl_pt" unpack="false" version="3.5.0.v20090620043401" download-size="1389" install-size="1389" />
	<plugin fragment="true" id="org.eclipse.tptp.platform.report.birt.ui.nl_pt" unpack="false" version="3.5.0.v20090620043401" download-size="2533" install-size="2533" />
	<plugin fragment="true" id="org.eclipse.tptp.platform.report.core.nl_pt" unpack="false" version="3.5.0.v20090620043401" download-size="1465" install-size="1465" />
	<plugin fragment="true" id="org.eclipse.tptp.platform.report.ui.nl_pt" unpack="false" version="3.5.0.v20090620043401" download-size="1460" install-size="1460" />
	<plugin fragment="true" id="org.eclipse.tptp.test.auto.gui.nl_pt" unpack="false" version="3.5.0.v20090620043401" download-size="2890" install-size="2890" />
	<plugin fragment="true" id="org.eclipse.tptp.test.auto.nl_pt" unpack="false" version="3.5.0.v20090620043401" download-size="1370" install-size="1370" />
	<plugin fragment="true" id="org.eclipse.tptp.test.recorders.url.nl_pt" unpack="false" version="3.5.0.v20090620043401" download-size="4748" install-size="4748" />
	<plugin fragment="true" id="org.eclipse.tptp.test.report.birt.nl_pt" unpack="false" version="3.5.0.v20090620043401" download-size="3405" install-size="3405" />
	<plugin fragment="true" id="org.eclipse.tptp.test.samples.nl_pt" unpack="false" version="3.5.0.v20090620043401" download-size="2846" install-size="2846" />
	<plugin fragment="true" id="org.eclipse.tptp.test.tools.junit.plugin.nl_pt" unpack="false" version="3.5.0.v20090620043401" download-size="3206" install-size="3206" />
	<plugin fragment="true" id="org.eclipse.tptp.test.tools.manual.doc.user.nl_pt" unpack="false" version="3.5.0.v20090620043401" download-size="1380" install-size="1380" />
	<plugin fragment="true" id="org.eclipse.tptp.test.tools.manual.nl_pt" unpack="false" version="3.5.0.v20090620043401" download-size="4126" install-size="4126" />
	<plugin fragment="true" id="org.eclipse.tptp.trace.arm.nl_pt" unpack="false" version="3.5.0.v20090620043401" download-size="1397" install-size="1397" />
	<plugin fragment="true" id="org.eclipse.tptp.trace.arm.ui.nl_pt" unpack="false" version="3.5.0.v20090620043401" download-size="2509" install-size="2509" />
	<plugin fragment="true" id="org.eclipse.tptp.trace.jvmti.client.nl_pt" unpack="false" version="3.5.0.v20090620043401" download-size="2730" install-size="2730" />
	<plugin fragment="true" id="org.eclipse.tptp.trace.memory.nl_pt" unpack="false" version="3.5.0.v20090620043401" download-size="1376" install-size="1376" />
	<plugin fragment="true" id="org.eclipse.tptp.trace.report.birt.nl_pt" unpack="false" version="3.5.0.v20090620043401" download-size="2520" install-size="2520" />
</feature>