<?xml version="1.0" encoding="UTF-8" ?>
<feature
	id="org.eclipse.babel.nls_webtools.common_sv"
	label="Babel Language Pack for webtools.common in Swedish (47.21%)"
	image="eclipse_update_120.jpg"
	provider-name="%providerName"
	version="3.5.0.v20090620043401">
	<copyright>
		%copyright
	</copyright>
	<license url="%licenseURL">
		%license
	</license>
	<description>Babel Language Pack for webtools.common in Swedish</description>
	<plugin fragment="true" id="org.eclipse.jem.util.nl_sv" unpack="false" version="3.5.0.v20090620043401" download-size="1863" install-size="1863" />
	<plugin fragment="true" id="org.eclipse.jst.common.annotations.controller.nl_sv" unpack="false" version="3.5.0.v20090620043401" download-size="2047" install-size="2047" />
	<plugin fragment="true" id="org.eclipse.jst.common.annotations.core.nl_sv" unpack="false" version="3.5.0.v20090620043401" download-size="1806" install-size="1806" />
	<plugin fragment="true" id="org.eclipse.jst.common.annotations.ui.nl_sv" unpack="false" version="3.5.0.v20090620043401" download-size="1725" install-size="1725" />
	<plugin fragment="true" id="org.eclipse.jst.common.fproj.enablement.jdt.sdk.nl_sv" unpack="false" version="3.5.0.v20090620043401" download-size="1383" install-size="1383" />
	<plugin fragment="true" id="org.eclipse.jst.common.frameworks.nl_sv" unpack="false" version="3.5.0.v20090620043401" download-size="1396" install-size="1396" />
	<plugin fragment="true" id="org.eclipse.jst.common.project.facet.core.nl_sv" unpack="false" version="3.5.0.v20090620043401" download-size="3226" install-size="3226" />
	<plugin fragment="true" id="org.eclipse.jst.common.project.facet.ui.nl_sv" unpack="false" version="3.5.0.v20090620043401" download-size="5109" install-size="5109" />
	<plugin fragment="true" id="org.eclipse.wst.common.api.doc.nl_sv" unpack="false" version="3.5.0.v20090620043401" download-size="1372" install-size="1372" />
	<plugin fragment="true" id="org.eclipse.wst.common.core.nl_sv" unpack="false" version="3.5.0.v20090620043401" download-size="2627" install-size="2627" />
	<plugin fragment="true" id="org.eclipse.wst.common.emf.nl_sv" unpack="false" version="3.5.0.v20090620043401" download-size="2048" install-size="2048" />
	<plugin fragment="true" id="org.eclipse.wst.common.emfworkbench.integration.nl_sv" unpack="false" version="3.5.0.v20090620043401" download-size="2743" install-size="2743" />
	<plugin fragment="true" id="org.eclipse.wst.common.environment.nl_sv" unpack="false" version="3.5.0.v20090620043401" download-size="3134" install-size="3134" />
	<plugin fragment="true" id="org.eclipse.wst.common.fproj.sdk.nl_sv" unpack="false" version="3.5.0.v20090620043401" download-size="1374" install-size="1374" />
	<plugin fragment="true" id="org.eclipse.wst.common.frameworks.nl_sv" unpack="false" version="3.5.0.v20090620043401" download-size="2726" install-size="2726" />
	<plugin fragment="true" id="org.eclipse.wst.common.frameworks.ui.nl_sv" unpack="false" version="3.5.0.v20090620043401" download-size="4206" install-size="4206" />
	<plugin fragment="true" id="org.eclipse.wst.common.infopop.nl_sv" unpack="false" version="3.5.0.v20090620043401" download-size="1399" install-size="1399" />
	<plugin fragment="true" id="org.eclipse.wst.common.modulecore.nl_sv" unpack="false" version="3.5.0.v20090620043401" download-size="2227" install-size="2227" />
	<plugin fragment="true" id="org.eclipse.wst.common.project.facet.core.nl_sv" unpack="false" version="3.5.0.v20090620043401" download-size="8832" install-size="8832" />
	<plugin fragment="true" id="org.eclipse.wst.common.project.facet.doc.api.nl_sv" unpack="false" version="3.5.0.v20090620043401" download-size="1380" install-size="1380" />
	<plugin fragment="true" id="org.eclipse.wst.common.project.facet.ui.nl_sv" unpack="false" version="3.5.0.v20090620043401" download-size="7664" install-size="7664" />
	<plugin fragment="true" id="org.eclipse.wst.common.snippets.nl_sv" unpack="false" version="3.5.0.v20090620043401" download-size="3353" install-size="3353" />
	<plugin fragment="true" id="org.eclipse.wst.common.ui.nl_sv" unpack="false" version="3.5.0.v20090620043401" download-size="5011" install-size="5011" />
	<plugin fragment="true" id="org.eclipse.wst.common.ui.properties.nl_sv" unpack="false" version="3.5.0.v20090620043401" download-size="3346" install-size="3346" />
	<plugin fragment="true" id="org.eclipse.wst.common.uriresolver.nl_sv" unpack="false" version="3.5.0.v20090620043401" download-size="1443" install-size="1443" />
	<plugin fragment="true" id="org.eclipse.wst.internet.cache.nl_sv" unpack="false" version="3.5.0.v20090620043401" download-size="3092" install-size="3092" />
	<plugin fragment="true" id="org.eclipse.wst.validation.doc.isv.nl_sv" unpack="false" version="3.5.0.v20090620043401" download-size="1378" install-size="1378" />
	<plugin fragment="true" id="org.eclipse.wst.validation.infopop.nl_sv" unpack="false" version="3.5.0.v20090620043401" download-size="1408" install-size="1408" />
	<plugin fragment="true" id="org.eclipse.wst.validation.nl_sv" unpack="false" version="3.5.0.v20090620043401" download-size="4722" install-size="4722" />
	<plugin fragment="true" id="org.eclipse.wst.validation.ui.nl_sv" unpack="false" version="3.5.0.v20090620043401" download-size="3668" install-size="3668" />
</feature>