<?xml version="1.0" encoding="UTF-8" ?>
<feature
	id="org.eclipse.babel.nls_tools.pdt_pl"
	label="Babel Language Pack for tools.pdt in Polish (64.68%)"
	image="eclipse_update_120.jpg"
	provider-name="%providerName"
	version="3.5.0.v20090620043401">
	<copyright>
		%copyright
	</copyright>
	<license url="%licenseURL">
		%license
	</license>
	<description>Babel Language Pack for tools.pdt in Polish</description>
	<plugin fragment="true" id="org.eclipse.dltk.core.tests.nl_pl" unpack="false" version="3.5.0.v20090620043401" download-size="1371" install-size="1371" />
	<plugin fragment="true" id="org.eclipse.php.core.nl_pl" unpack="false" version="3.5.0.v20090620043401" download-size="2877" install-size="2877" />
	<plugin fragment="true" id="org.eclipse.php.core.parser.nl_pl" unpack="false" version="3.5.0.v20090620043401" download-size="1368" install-size="1368" />
	<plugin fragment="true" id="org.eclipse.php.debug.core.nl_pl" unpack="false" version="3.5.0.v20090620043401" download-size="3367" install-size="3367" />
	<plugin fragment="true" id="org.eclipse.php.debug.ui.nl_pl" unpack="false" version="3.5.0.v20090620043401" download-size="3718" install-size="3718" />
	<plugin fragment="true" id="org.eclipse.php.nl_pl" unpack="false" version="3.5.0.v20090620043401" download-size="1462" install-size="1462" />
	<plugin fragment="true" id="org.eclipse.php.server.core.nl_pl" unpack="false" version="3.5.0.v20090620043401" download-size="2344" install-size="2344" />
	<plugin fragment="true" id="org.eclipse.php.server.ui.nl_pl" unpack="false" version="3.5.0.v20090620043401" download-size="2506" install-size="2506" />
	<plugin fragment="true" id="org.eclipse.php.test.nl_pl" unpack="false" version="3.5.0.v20090620043401" download-size="1385" install-size="1385" />
	<plugin fragment="true" id="org.eclipse.php.ui.nl_pl" unpack="false" version="3.5.0.v20090620043401" download-size="41698" install-size="41698" />
	<plugin fragment="true" id="org.eclipse.test.nl_pl" unpack="false" version="3.5.0.v20090620043401" download-size="1362" install-size="1362" />
</feature>