<?xml version="1.0" encoding="UTF-8" ?>
<feature
	id="org.eclipse.babel.nls_tptp.platform_ja"
	label="Babel Language Pack for tptp.platform in Japanese (20.36%)"
	image="eclipse_update_120.jpg"
	provider-name="%providerName"
	version="3.5.0.v20090620043401">
	<copyright>
		%copyright
	</copyright>
	<license url="%licenseURL">
		%license
	</license>
	<description>Babel Language Pack for tptp.platform in Japanese</description>
	<plugin fragment="true" id="org.eclipse.hyades.analysis.engine.nl_ja" unpack="false" version="3.5.0.v20090620043401" download-size="1374" install-size="1374" />
	<plugin fragment="true" id="org.eclipse.hyades.logging.adapter.nl_ja" unpack="false" version="3.5.0.v20090620043401" download-size="3077" install-size="3077" />
	<plugin fragment="true" id="org.eclipse.hyades.logging.adapter.ui.nl_ja" unpack="false" version="3.5.0.v20090620043401" download-size="5215" install-size="5215" />
	<plugin fragment="true" id="org.eclipse.hyades.logging.parsers.nl_ja" unpack="false" version="3.5.0.v20090620043401" download-size="2464" install-size="2464" />
	<plugin fragment="true" id="org.eclipse.hyades.probekit.ui.nl_ja" unpack="false" version="3.5.0.v20090620043401" download-size="4418" install-size="4418" />
	<plugin fragment="true" id="org.eclipse.hyades.resources.database.nl_ja" unpack="false" version="3.5.0.v20090620043401" download-size="1377" install-size="1377" />
	<plugin fragment="true" id="org.eclipse.hyades.sdb.nl_ja" unpack="false" version="3.5.0.v20090620043401" download-size="8371" install-size="8371" />
	<plugin fragment="true" id="org.eclipse.hyades.statistical.ui.nl_ja" unpack="false" version="3.5.0.v20090620043401" download-size="1379" install-size="1379" />
	<plugin fragment="true" id="org.eclipse.hyades.test.core.nl_ja" unpack="false" version="3.5.0.v20090620043401" download-size="3327" install-size="3327" />
	<plugin fragment="true" id="org.eclipse.hyades.test.tools.ui.nl_ja" unpack="false" version="3.5.0.v20090620043401" download-size="3796" install-size="3796" />
	<plugin fragment="true" id="org.eclipse.hyades.test.ui.extensions.nl_ja" unpack="false" version="3.5.0.v20090620043401" download-size="2698" install-size="2698" />
	<plugin fragment="true" id="org.eclipse.hyades.test.ui.nl_ja" unpack="false" version="3.5.0.v20090620043401" download-size="10399" install-size="10399" />
	<plugin fragment="true" id="org.eclipse.hyades.trace.ui.nl_ja" unpack="false" version="3.5.0.v20090620043401" download-size="6250" install-size="6250" />
	<plugin fragment="true" id="org.eclipse.hyades.trace.views.nl_ja" unpack="false" version="3.5.0.v20090620043401" download-size="2743" install-size="2743" />
	<plugin fragment="true" id="org.eclipse.hyades.ui.nl_ja" unpack="false" version="3.5.0.v20090620043401" download-size="1395" install-size="1395" />
	<plugin fragment="true" id="org.eclipse.tptp.lta.gla.ui.epi.nl_ja" unpack="false" version="3.5.0.v20090620043401" download-size="1372" install-size="1372" />
	<plugin fragment="true" id="org.eclipse.tptp.lta.log.epi.nl_ja" unpack="false" version="3.5.0.v20090620043401" download-size="1506" install-size="1506" />
	<plugin fragment="true" id="org.eclipse.tptp.lta.runtime.nl_ja" unpack="false" version="3.5.0.v20090620043401" download-size="1371" install-size="1371" />
	<plugin fragment="true" id="org.eclipse.tptp.lta.sdb.epi.nl_ja" unpack="false" version="3.5.0.v20090620043401" download-size="1374" install-size="1374" />
	<plugin fragment="true" id="org.eclipse.tptp.lta.symptom.epi.nl_ja" unpack="false" version="3.5.0.v20090620043401" download-size="1376" install-size="1376" />
	<plugin fragment="true" id="org.eclipse.tptp.monitoring.instrumentation.ui.nl_ja" unpack="false" version="3.5.0.v20090620043401" download-size="2675" install-size="2675" />
	<plugin fragment="true" id="org.eclipse.tptp.monitoring.la.core.nl_ja" unpack="false" version="3.5.0.v20090620043401" download-size="1375" install-size="1375" />
	<plugin fragment="true" id="org.eclipse.tptp.monitoring.logui.nl_ja" unpack="false" version="3.5.0.v20090620043401" download-size="2875" install-size="2875" />
	<plugin fragment="true" id="org.eclipse.tptp.monitoring.lta.doc.isv.nl_ja" unpack="false" version="3.5.0.v20090620043401" download-size="1378" install-size="1378" />
	<plugin fragment="true" id="org.eclipse.tptp.monitoring.lta.doc.user.nl_ja" unpack="false" version="3.5.0.v20090620043401" download-size="1378" install-size="1378" />
	<plugin fragment="true" id="org.eclipse.tptp.monitoring.lta.examples.isv.nl_ja" unpack="false" version="3.5.0.v20090620043401" download-size="3208" install-size="3208" />
	<plugin fragment="true" id="org.eclipse.tptp.monitoring.lta.examples.nl_ja" unpack="false" version="3.5.0.v20090620043401" download-size="2767" install-size="2767" />
	<plugin fragment="true" id="org.eclipse.tptp.monitoring.managedagent.jmx.nl_ja" unpack="false" version="3.5.0.v20090620043401" download-size="2684" install-size="2684" />
	<plugin fragment="true" id="org.eclipse.tptp.monitoring.managedagent.ui.nl_ja" unpack="false" version="3.5.0.v20090620043401" download-size="5058" install-size="5058" />
	<plugin fragment="true" id="org.eclipse.tptp.monitoring.profile.server.nl_ja" unpack="false" version="3.5.0.v20090620043401" download-size="1382" install-size="1382" />
	<plugin fragment="true" id="org.eclipse.tptp.monitoring.report.birt.nl_ja" unpack="false" version="3.5.0.v20090620043401" download-size="2638" install-size="2638" />
	<plugin fragment="true" id="org.eclipse.tptp.monitoring.symptom.doc.user.nl_ja" unpack="false" version="3.5.0.v20090620043401" download-size="1381" install-size="1381" />
	<plugin fragment="true" id="org.eclipse.tptp.monitoring.symptom.editor.nl_ja" unpack="false" version="3.5.0.v20090620043401" download-size="1379" install-size="1379" />
	<plugin fragment="true" id="org.eclipse.tptp.platform.agentcontroller.nl_ja" unpack="false" version="3.5.0.v20090620043401" download-size="2719" install-size="2719" />
	<plugin fragment="true" id="org.eclipse.tptp.platform.analysis.codereview.cpp.nl_ja" unpack="false" version="3.5.0.v20090620043401" download-size="1388" install-size="1388" />
	<plugin fragment="true" id="org.eclipse.tptp.platform.analysis.codereview.cpp.rules.nl_ja" unpack="false" version="3.5.0.v20090620043401" download-size="1569" install-size="1569" />
	<plugin fragment="true" id="org.eclipse.tptp.platform.analysis.codereview.java.nl_ja" unpack="false" version="3.5.0.v20090620043401" download-size="1426" install-size="1426" />
	<plugin fragment="true" id="org.eclipse.tptp.platform.analysis.codereview.java.rules.nl_ja" unpack="false" version="3.5.0.v20090620043401" download-size="1737" install-size="1737" />
	<plugin fragment="true" id="org.eclipse.tptp.platform.analysis.core.nl_ja" unpack="false" version="3.5.0.v20090620043401" download-size="2583" install-size="2583" />
	<plugin fragment="true" id="org.eclipse.tptp.platform.analysis.core.ui.nl_ja" unpack="false" version="3.5.0.v20090620043401" download-size="3112" install-size="3112" />
	<plugin fragment="true" id="org.eclipse.tptp.platform.common.nl_ja" unpack="false" version="3.5.0.v20090620043401" download-size="2559" install-size="2559" />
	<plugin fragment="true" id="org.eclipse.tptp.platform.common.ui.nl_ja" unpack="false" version="3.5.0.v20090620043401" download-size="5300" install-size="5300" />
	<plugin fragment="true" id="org.eclipse.tptp.platform.common.ui.trace.nl_ja" unpack="false" version="3.5.0.v20090620043401" download-size="3131" install-size="3131" />
	<plugin fragment="true" id="org.eclipse.tptp.platform.examples.isv.nl_ja" unpack="false" version="3.5.0.v20090620043401" download-size="2694" install-size="2694" />
	<plugin fragment="true" id="org.eclipse.tptp.platform.examples.nl_ja" unpack="false" version="3.5.0.v20090620043401" download-size="1693" install-size="1693" />
	<plugin fragment="true" id="org.eclipse.tptp.platform.iac.administrator.nl_ja" unpack="false" version="3.5.0.v20090620043401" download-size="3374" install-size="3374" />
	<plugin fragment="true" id="org.eclipse.tptp.platform.instrumentation.ui.nl_ja" unpack="false" version="3.5.0.v20090620043401" download-size="3367" install-size="3367" />
	<plugin fragment="true" id="org.eclipse.tptp.platform.integration.pde.nl_ja" unpack="false" version="3.5.0.v20090620043401" download-size="2810" install-size="2810" />
	<plugin fragment="true" id="org.eclipse.tptp.platform.la.core.nl_ja" unpack="false" version="3.5.0.v20090620043401" download-size="2651" install-size="2651" />
	<plugin fragment="true" id="org.eclipse.tptp.platform.llc.core.nl_ja" unpack="false" version="3.5.0.v20090620043401" download-size="1374" install-size="1374" />
	<plugin fragment="true" id="org.eclipse.tptp.platform.llc.doc.user.nl_ja" unpack="false" version="3.5.0.v20090620043401" download-size="1378" install-size="1378" />
	<plugin fragment="true" id="org.eclipse.tptp.platform.llc.launch.nl_ja" unpack="false" version="3.5.0.v20090620043401" download-size="2881" install-size="2881" />
	<plugin fragment="true" id="org.eclipse.tptp.platform.llc.ui.nl_ja" unpack="false" version="3.5.0.v20090620043401" download-size="1373" install-size="1373" />
	<plugin fragment="true" id="org.eclipse.tptp.platform.log.doc.user.nl_ja" unpack="false" version="3.5.0.v20090620043401" download-size="1377" install-size="1377" />
	<plugin fragment="true" id="org.eclipse.tptp.platform.log.views.nl_ja" unpack="false" version="3.5.0.v20090620043401" download-size="4074" install-size="4074" />
	<plugin fragment="true" id="org.eclipse.tptp.platform.lta.common.nl_ja" unpack="false" version="3.5.0.v20090620043401" download-size="3673" install-size="3673" />
	<plugin fragment="true" id="org.eclipse.tptp.platform.models.lta.nl_ja" unpack="false" version="3.5.0.v20090620043401" download-size="1375" install-size="1375" />
	<plugin fragment="true" id="org.eclipse.tptp.platform.models.nl_ja" unpack="false" version="3.5.0.v20090620043401" download-size="3288" install-size="3288" />
	<plugin fragment="true" id="org.eclipse.tptp.platform.probekit.launch.nl_ja" unpack="false" version="3.5.0.v20090620043401" download-size="3825" install-size="3825" />
	<plugin fragment="true" id="org.eclipse.tptp.platform.report.birt.nl_ja" unpack="false" version="3.5.0.v20090620043401" download-size="1401" install-size="1401" />
	<plugin fragment="true" id="org.eclipse.tptp.platform.report.birt.ui.nl_ja" unpack="false" version="3.5.0.v20090620043401" download-size="2537" install-size="2537" />
	<plugin fragment="true" id="org.eclipse.tptp.platform.report.core.nl_ja" unpack="false" version="3.5.0.v20090620043401" download-size="1539" install-size="1539" />
	<plugin fragment="true" id="org.eclipse.tptp.platform.report.ui.nl_ja" unpack="false" version="3.5.0.v20090620043401" download-size="1491" install-size="1491" />
	<plugin fragment="true" id="org.eclipse.tptp.test.auto.gui.nl_ja" unpack="false" version="3.5.0.v20090620043401" download-size="3021" install-size="3021" />
	<plugin fragment="true" id="org.eclipse.tptp.test.auto.nl_ja" unpack="false" version="3.5.0.v20090620043401" download-size="1369" install-size="1369" />
	<plugin fragment="true" id="org.eclipse.tptp.test.recorders.url.nl_ja" unpack="false" version="3.5.0.v20090620043401" download-size="4835" install-size="4835" />
	<plugin fragment="true" id="org.eclipse.tptp.test.report.birt.nl_ja" unpack="false" version="3.5.0.v20090620043401" download-size="3454" install-size="3454" />
	<plugin fragment="true" id="org.eclipse.tptp.test.samples.nl_ja" unpack="false" version="3.5.0.v20090620043401" download-size="2939" install-size="2939" />
	<plugin fragment="true" id="org.eclipse.tptp.test.tools.junit.plugin.nl_ja" unpack="false" version="3.5.0.v20090620043401" download-size="3310" install-size="3310" />
	<plugin fragment="true" id="org.eclipse.tptp.test.tools.manual.doc.user.nl_ja" unpack="false" version="3.5.0.v20090620043401" download-size="1378" install-size="1378" />
	<plugin fragment="true" id="org.eclipse.tptp.test.tools.manual.nl_ja" unpack="false" version="3.5.0.v20090620043401" download-size="4233" install-size="4233" />
	<plugin fragment="true" id="org.eclipse.tptp.trace.arm.nl_ja" unpack="false" version="3.5.0.v20090620043401" download-size="1398" install-size="1398" />
	<plugin fragment="true" id="org.eclipse.tptp.trace.arm.ui.nl_ja" unpack="false" version="3.5.0.v20090620043401" download-size="2519" install-size="2519" />
	<plugin fragment="true" id="org.eclipse.tptp.trace.jvmti.client.nl_ja" unpack="false" version="3.5.0.v20090620043401" download-size="2893" install-size="2893" />
	<plugin fragment="true" id="org.eclipse.tptp.trace.memory.nl_ja" unpack="false" version="3.5.0.v20090620043401" download-size="1375" install-size="1375" />
	<plugin fragment="true" id="org.eclipse.tptp.trace.report.birt.nl_ja" unpack="false" version="3.5.0.v20090620043401" download-size="2545" install-size="2545" />
</feature>